sample,timestamp,tag_01,tag_02,tag_03,tag_04,tag_05,tag_06,tag_07,tag_08,tag_09,tag_10,tag_11,tag_12,tag_13,tag_14,tag_15,tag_16,tag_17,tag_18,tag_19,tag_20,tag_21,tag_22,tag_23,tag_24,tag_25,tag_26,tag_27,tag_28,tag_29,tag_30,tag_31,tag_32,tag_33,tag_34,tag_35,tag_36,tag_37,tag_38,tag_39,tag_40,tag_41,tag_42,tag_43,tag_44,tag_45,tag_46,tag_47,tag_48,tag_49,tag_50,tag_51,tag_52
1,2026-04-17T16:00:00,49.347,17.905,26.718,33.689,40.479,2712.5,3650.9,17.135,18.405,22.408,0.18529,0.091168,342.44,77.031,6.8861,13.728,32.311,4517.3,23.368,45.022,50.647,79.969,2.2629,1.6485,3109.6,42.476,54.485,94.662,9.4765,60.521,40.004,40.01,2641.1,63.119,23.936,46.422,0.33103,8.7445,26.758,120.4,1.0753,75.438,24.448,2.2558,53.782,4.8112,227.6,0.013915,0.82542,65.566,18.785,43.463
2,2026-04-17T16:03:00,51.775,17.841,26.731,33.689,40.543,2711.4,3671.7,17.808,18.405,22.223,0.18594,0.080112,341.8,76.961,6.8861,13.728,32.311,4490.9,23.092,50.643,50.104,79.803,2.2629,1.6485,3107.7,42.62,54.801,94.692,9.4124,61.661,38.406,39.362,2639.6,62.762,25.297,46.685,0.33635,8.7445,26.758,120.4,1.0753,75.13,24.448,2.2558,53.976,4.8112,225.56,0.028298,0.81353,65.528,18.785,44.265
3,2026-04-17T16:06:00,49.354,21.325,27.006,33.118,41.552,2712.4,3657.4,17.701,18.076,22.66,0.21468,0.080112,341.94,77.24,6.8403,13.795,31.96,4508.6,23.133,45.039,50.952,79.833,2.2503,1.7055,3108.6,42.319,54.042,94.632,9.4237,61.164,40.903,38.96,2641.9,63.02,24.686,46.22,0.3233,8.9049,26.364,120.41,1.1863,75.258,24.923,2.2474,53.976,4.7768,229.38,0.028298,0.81353,65.485,18.652,44.265
4,2026-04-17T16:09:00,50.142,21.427,27.452,33.118,40.798,2714.5,3645.8,15.357,18.076,23.098,0.21365,0.080112,341.98,77.587,6.8403,13.795,31.96,4458.3,24.106,46.863,50.043,80.045,2.2503,1.7055,3109.7,41.981,54.644,94.633,9.4373,61.214,38.228,38.376,2643.6,63.218,24.377,46.49,0.32809,8.9049,26.364,120.41,1.1863,75.212,24.923,2.2474,53.976,4.7768,224.96,0.028298,0.81353,65.454,18.652,44.265
5,2026-04-17T16:12:00,48.133,24.914,26.375,32.864,40.45,2715.9,3649.7,17.479,18.544,22.189,0.24709,0.080112,341.56,77.469,6.958,13.755,31.477,4529.4,23.205,42.213,48.537,80.176,2.2606,1.6439,3112.9,42.711,54.129,94.526,9.4426,62.556,33.795,39.287,2644.8,63.572,24.225,46.203,0.33456,8.9213,26.764,120.42,1.369,74.431,24.689,2.2508,53.976,4.7584,226.74,0.028298,0.81353,65.515,18.925,44.265
6,2026-04-17T16:15:00,51.195,24.728,26.896,32.864,41.451,2714.3,3702.0,19.148,18.544,22.182,0.24898,0.080112,341.62,77.116,6.958,13.755,31.477,4484.4,22.514,49.299,51.045,79.997,2.2606,1.6439,3112.8,42.389,54.668,94.539,9.437,62.292,41.175,39.249,2642.5,62.671,25.219,46.303,0.33486,8.9213,26.764,120.42,1.369,74.955,24.689,2.2508,53.976,4.7584,224.18,0.028298,0.81353,65.536,18.925,44.265
7,2026-04-17T16:18:00,50.735,29.664,26.963,32.795,41.191,2715.8,3628.3,19.261,18.347,22.586,0.30207,0.093973,341.79,77.121,6.8508,13.798,31.993,4474.9,22.473,48.234,49.609,79.863,2.2204,1.6591,3112.3,42.307,54.109,94.619,9.4282,60.001,36.95,38.652,2644.4,62.891,27.545,45.922,0.33045,8.9412,26.748,120.4,1.2129,75.369,24.234,2.2737,52.802,4.8967,223.33,0.014275,0.83075,65.475,18.601,43.221
8,2026-04-17T16:21:00,51.719,29.557,27.042,32.795,40.988,2716.7,3636.7,20.378,18.347,22.872,0.30316,0.093973,342.35,77.283,6.8508,13.798,31.993,4443.9,22.004,50.513,51.564,79.728,2.2204,1.6591,3112.1,42.399,54.48,94.656,9.2307,63.345,42.702,39.151,2646.3,62.746,25.979,45.562,0.32637,8.9412,26.748,120.4,1.2129,75.198,24.234,2.2737,52.802,4.8967,224.4,0.014275,0.83075,65.38,18.601,43.221
9,2026-04-17T16:24:00,48.669,25.366,26.554,32.945,40.971,2720.0,3680.0,16.785,18.525,22.817,0.25534,0.093973,342.52,77.599,6.6947,13.691,32.061,4536.2,23.496,43.453,51.368,80.132,2.2911,1.6737,3115.1,42.274,54.172,94.587,9.3622,61.629,42.125,39.553,2650.1,62.92,24.605,45.323,0.3319,8.9709,26.64,120.42,1.1498,75.684,24.681,2.2984,52.802,4.8308,224.09,0.014275,0.83075,65.391,18.689,43.221
10,2026-04-17T16:27:00,50.645,25.171,26.956,32.945,41.535,2718.1,3612.6,17.756,18.525,22.736,0.25732,0.093973,342.61,77.108,6.6947,13.691,32.061,4531.6,23.101,48.027,50.456,79.992,2.2911,1.6737,3114.5,42.335,54.228,94.507,9.3361,59.304,39.442,39.023,2647.6,64.079,24.986,45.136,0.33624,8.9709,26.64,120.42,1.1498,76.112,24.681,2.2984,52.802,4.8308,223.18,0.014275,0.83075,65.409,18.689,43.221
11,2026-04-17T16:30:00,47.437,24.76,27.267,33.013,40.571,2714.9,3708.4,20.692,18.364,22.5,0.25184,0.093973,342.19,76.774,6.9253,13.85,32.225,4525.1,21.884,40.603,50.179,79.717,2.2261,1.6493,3113.4,42.709,54.112,94.502,9.4579,61.352,38.626,37.748,2643.6,63.903,25.13,44.996,0.32229,8.7761,27.088,120.41,1.2802,74.293,24.524,2.1733,52.802,4.7659,221.8,0.014275,0.83075,65.368,18.37,43.221
12,2026-04-17T16:33:00,49.911,24.621,27.082,33.013,42.071,2713.4,3736.2,17.815,18.364,22.864,0.25325,0.11085,342.21,76.832,6.9253,13.85,32.225,4545.9,23.106,46.328,48.918,79.506,2.2261,1.6493,3108.7,42.905,53.863,94.484,9.4073,61.31,34.916,37.781,2643.2,63.425,25.57,45.152,0.32202,8.7761,27.088,120.4,1.2802,75.786,24.524,2.1733,53.301,4.7659,221.82,0.0061758,0.80687,65.211,18.37,44.778
13,2026-04-17T16:36:00,49.494,23.309,26.891,32.825,41.266,2712.4,3691.2,16.769,18.381,22.608,0.2357,0.11085,342.35,77.235,6.9511,13.716,31.99,4540.5,23.536,45.363,49.476,79.663,2.2519,1.6216,3109.0,42.438,54.75,94.616,9.3823,61.516,36.558,39.918,2642.6,62.244,23.107,45.127,0.33867,8.9829,26.817,120.39,1.25,74.934,23.957,2.2801,53.301,4.8363,221.29,0.0061758,0.80687,65.202,18.733,44.778
14,2026-04-17T16:39:00,50.75,23.249,26.759,32.825,41.776,2714.2,3661.5,19.498,18.381,22.696,0.23631,0.11085,341.93,77.268,6.9511,13.716,31.99,4540.0,22.381,48.269,49.245,79.906,2.2519,1.6216,3109.6,42.361,54.757,94.584,9.3473,61.728,35.879,39.841,2643.6,62.755,24.972,44.894,0.33931,8.9829,26.817,120.4,1.25,75.48,23.957,2.2801,53.301,4.8363,223.02,0.0061758,0.80687,65.199,18.733,44.778
15,2026-04-17T16:42:00,51.287,25.753,26.957,32.553,41.361,2713.9,3639.2,19.042,18.38,22.736,0.25793,0.11085,341.97,77.26,6.8927,13.801,32.051,4545.8,22.577,49.512,49.625,79.806,2.2512,1.6548,3109.9,42.505,53.837,94.586,9.3948,58.135,36.995,38.218,2642.9,62.86,25.16,44.802,0.32272,8.8575,26.869,120.39,1.3847,75.425,24.66,2.2331,53.301,4.8014,223.15,0.0061758,0.80687,65.233,18.744,44.778
16,2026-04-17T16:45:00,50.011,25.456,26.824,32.553,40.413,2714.7,3652.7,18.675,18.38,22.693,0.26095,0.11085,341.82,77.01,6.8927,13.801,32.051,4526.7,22.735,46.561,50.031,79.938,2.2512,1.6548,3110.4,42.169,54.065,94.669,9.3164,63.459,38.191,38.098,2643.9,62.628,24.996,44.847,0.32369,8.8575,26.869,120.4,1.3847,74.073,24.66,2.2331,53.301,4.8014,221.75,0.0061758,0.80687,65.256,18.744,44.778
17,2026-04-17T16:48:00,51.612,25.011,26.899,32.79,41.531,2713.6,3647.1,19.408,18.805,22.812,0.25726,0.099983,342.4,77.115,7.0603,13.934,32.517,4497.4,22.428,50.265,50.468,79.808,2.2431,1.6476,3109.5,42.45,54.393,94.706,9.1917,63.532,39.479,39.171,2642.6,63.199,25.755,44.341,0.33269,8.7614,26.595,120.41,1.1562,75.148,24.414,2.3112,54.173,4.7483,219.34,0.027823,0.84021,65.227,18.522,44.596
18,2026-04-17T16:51:00,50.3,25.025,26.75,32.79,40.425,2714.0,3624.1,18.517,18.805,22.384,0.25712,0.099983,342.01,77.283,7.0603,13.934,32.517,4535.5,22.796,47.228,49.507,79.893,2.2431,1.6476,3110.9,42.362,53.937,94.572,9.0924,63.866,36.649,39.394,2643.0,63.596,24.02,44.084,0.33086,8.7614,26.595,120.39,1.1562,75.627,24.414,2.3112,54.173,4.7483,218.22,0.027823,0.84021,65.198,18.522,44.596
19,2026-04-17T16:54:00,48.559,20.695,26.781,32.937,41.381,2711.6,3602.9,18.068,18.279,22.399,0.20892,0.099983,341.98,77.215,6.9121,13.971,32.116,4554.3,22.991,43.198,49.761,79.799,2.2591,1.6597,3108.2,42.264,54.28,94.785,9.3568,60.973,37.396,40.517,2640.8,62.4,27.327,43.978,0.35157,8.8565,26.753,120.4,1.3409,75.784,24.852,2.2775,54.173,4.8122,215.43,0.027823,0.84021,65.168,18.972,44.596
20,2026-04-17T16:57:00,49.698,20.719,26.731,32.937,41.071,2714.3,3594.3,17.367,18.279,22.716,0.20867,0.099983,341.68,77.555,6.9121,13.971,32.116,4594.0,23.272,45.836,48.851,80.014,2.2591,1.6597,3109.1,42.413,53.805,94.721,9.2979,60.64,34.717,41.085,2643.4,62.548,24.71,43.608,0.34692,8.8565,26.753,120.39,1.3409,75.322,24.852,2.2775,54.173,4.8122,215.62,0.027823,0.84021,65.112,18.972,44.596
21,2026-04-17T17:00:00,49.064,24.548,26.55,33.024,40.567,2713.7,3683.2,17.964,18.503,22.353,0.24463,0.099983,341.69,77.145,6.94,13.88,32.116,4480.5,23.025,44.368,50.157,80.163,2.2007,1.6928,3111.1,42.394,54.065,94.768,9.3039,63.016,38.562,42.13,2643.3,62.221,25.124,43.287,0.34801,8.8022,26.61,120.4,1.1562,75.053,24.175,2.177,54.173,4.8598,215.24,0.027823,0.84021,65.137,18.946,44.596
22,2026-04-17T17:03:00,51.022,24.27,26.923,33.024,40.63,2711.0,3672.5,19.993,18.503,22.374,0.24746,0.095487,341.22,76.871,6.94,13.88,32.116,4517.9,22.185,48.898,48.56,79.855,2.2007,1.6928,3107.8,42.459,53.617,94.695,9.1347,61.373,33.861,41.798,2639.6,62.405,24.823,43.755,0.35074,8.8022,26.61,120.42,1.1562,74.48,24.175,2.177,54.784,4.8598,215.35,0.023526,0.8439,65.128,18.946,44.93
23,2026-04-17T17:06:00,50.033,24.506,26.637,32.551,39.207,2709.6,3631.2,15.049,18.414,22.3,0.24653,0.095487,341.87,76.857,6.9433,13.908,32.197,4532.4,24.278,46.611,51.771,79.619,2.2353,1.6675,3105.6,42.325,53.477,94.741,9.4116,59.738,43.311,40.244,2637.8,62.829,25.728,43.563,0.34472,8.8316,26.56,120.38,1.0723,74.426,24.532,2.3347,54.784,4.8224,217.65,0.023526,0.8439,65.043,18.727,44.93
24,2026-04-17T17:09:00,51.269,24.484,27.036,32.551,41.706,2709.7,3656.0,16.909,18.414,22.517,0.24674,0.095487,342.07,77.091,6.9433,13.908,32.197,4560.7,23.493,49.47,50.532,79.663,2.2353,1.6675,3105.5,42.437,53.139,94.862,9.3113,61.41,39.664,40.733,2638.3,62.402,25.183,43.963,0.34072,8.8316,26.56,120.44,1.0723,74.849,24.532,2.3347,54.784,4.8224,213.35,0.023526,0.8439,64.974,18.727,44.93
25,2026-04-17T17:12:00,49.888,23.793,26.824,32.572,40.231,2712.4,3633.0,20.568,18.35,22.737,0.23891,0.095487,342.03,77.411,6.8222,13.987,32.298,4520.1,21.942,46.275,49.422,79.935,2.2427,1.6133,3107.7,42.349,54.152,94.645,9.3483,62.731,36.4,41.075,2641.5,62.713,24.001,43.703,0.34485,8.8896,26.921,120.4,1.2203,75.782,24.45,2.3034,54.784,4.849,216.43,0.023526,0.8439,64.988,18.191,44.93
26,2026-04-17T17:15:00,49.622,23.572,26.77,32.572,41.156,2712.4,3657.0,15.508,18.35,22.401,0.24116,0.095487,341.65,77.361,6.8222,13.987,32.298,4501.6,24.07,45.66,50.443,79.979,2.2427,1.6133,3108.1,42.183,54.373,94.782,9.3765,60.053,39.403,40.708,2642.0,62.3,25.664,43.892,0.34786,8.8896,26.921,120.42,1.2203,74.821,24.45,2.3034,54.784,4.849,214.42,0.023526,0.8439,65.038,18.191,44.93
27,2026-04-17T17:18:00,49.479,22.518,26.878,33.197,41.145,2713.9,3692.2,18.532,18.609,22.781,0.23108,0.089352,341.97,77.027,6.803,13.944,31.822,4585.0,22.801,45.329,49.829,80.084,2.2329,1.6324,3108.9,42.266,54.743,94.592,9.3294,60.069,37.598,42.374,2642.9,62.756,26.482,43.725,0.35298,9.0423,26.718,120.42,1.1447,74.98,24.708,2.2705,53.226,4.7771,217.57,0.019942,0.85995,65.085,19.441,42.867
28,2026-04-17T17:21:00,48.421,22.836,27.253,33.197,41.037,2709.6,3649.9,19.103,18.609,22.523,0.22785,0.089352,340.94,76.938,6.803,13.944,31.822,4577.9,22.567,42.88,49.201,79.835,2.2329,1.6324,3108.0,42.246,54.828,94.744,9.3449,60.709,35.749,42.362,2638.1,63.484,23.691,43.791,0.35309,9.0423,26.718,120.4,1.1447,74.232,24.708,2.2705,53.226,4.7771,217.45,0.019942,0.85995,65.076,19.441,42.867
29,2026-04-17T17:24:00,51.725,27.241,27.005,32.556,40.783,2707.1,3661.9,20.719,18.646,22.161,0.27767,0.089352,340.77,76.9,6.8707,13.833,32.105,4459.9,21.903,50.525,51.674,79.551,2.2427,1.6424,3104.9,42.693,53.167,94.652,9.3681,61.416,43.026,41.05,2635.1,63.51,26.114,44.06,0.3561,8.9598,26.865,120.4,1.1413,75.485,24.415,2.2999,53.226,4.8044,215.12,0.019942,0.85995,65.028,18.469,42.867
30,2026-04-17T17:27:00,49.168,27.455,27.057,32.556,41.735,2709.3,3710.4,19.684,18.646,22.519,0.2755,0.089352,341.43,77.334,6.8707,13.833,32.105,4423.1,22.328,44.609,49.596,79.804,2.2427,1.6424,3105.8,42.403,53.608,94.649,9.462,59.788,36.911,41.822,2638.3,62.676,25.924,44.041,0.34977,8.9598,26.865,120.39,1.1413,74.558,24.415,2.2999,53.226,4.8044,216.03,0.019942,0.85995,64.982,18.469,42.867
31,2026-04-17T17:30:00,51.331,24.689,26.796,32.431,40.507,2711.5,3648.7,19.6,17.881,22.235,0.25358,0.089352,341.01,77.355,6.869,13.748,31.947,4530.9,22.356,49.613,51.595,80.037,2.2325,1.6542,3109.1,42.22,54.67,94.556,9.4027,61.09,42.795,40.366,2640.9,63.186,24.666,43.919,0.33824,8.9427,26.188,120.38,1.2839,74.335,24.59,2.3242,53.226,4.7393,218.04,0.019942,0.85995,65.012,18.681,42.867
32,2026-04-17T17:33:00,52.435,24.796,26.878,32.431,41.631,2711.9,3652.8,17.959,17.881,22.188,0.2525,0.085018,340.99,77.359,6.869,13.748,31.947,4524.6,23.044,52.169,49.732,80.06,2.2325,1.6542,3109.4,42.349,54.747,94.595,9.407,59.874,37.312,40.563,2641.2,63.116,24.47,44.378,0.33662,8.9427,26.188,120.41,1.2839,74.845,24.59,2.3242,53.554,4.7393,218.41,0.018479,0.83928,65.087,18.681,44.228
33,2026-04-17T17:36:00,47.566,26.496,26.85,32.873,41.076,2713.0,3677.3,20.08,18.732,22.252,0.26915,0.085018,341.3,77.328,6.9592,13.708,32.603,4523.6,22.145,40.902,52.502,80.1,2.2371,1.6042,3109.8,42.457,54.273,94.553,9.2235,62.872,45.463,39.381,2641.1,62.72,24.564,44.752,0.32733,8.8775,26.531,120.4,1.2047,75.086,24.11,2.3116,53.554,4.7891,216.94,0.018479,0.83928,65.156,18.911,44.228
34,2026-04-17T17:39:00,50.325,26.339,26.837,32.873,41.73,2712.3,3703.1,18.482,18.732,22.204,0.27074,0.085018,341.19,77.058,6.9592,13.708,32.603,4511.5,22.829,47.286,50.631,79.965,2.2371,1.6042,3109.5,41.956,54.418,94.597,9.3554,59.875,39.958,39.221,2640.7,62.276,25.377,44.678,0.32865,8.8775,26.531,120.4,1.2047,74.336,24.11,2.3116,53.554,4.7891,220.49,0.018479,0.83928,65.2,18.911,44.228
35,2026-04-17T17:42:00,49.273,20.084,27.001,33.267,41.013,2711.8,3640.9,19.419,18.585,22.357,0.2057,0.085018,341.27,77.173,6.9969,13.871,32.523,4487.7,22.429,44.851,49.063,79.954,2.2873,1.652,3108.5,42.659,54.135,94.631,9.3676,59.869,35.343,38.641,2641.0,62.525,27.773,44.921,0.32342,8.9445,26.435,120.38,1.2403,75.045,23.957,2.3238,53.554,4.8112,220.49,0.018479,0.83928,65.185,18.466,44.228
36,2026-04-17T17:45:00,51.625,20.291,26.613,33.267,41.039,2712.4,3666.1,18.021,18.585,22.524,0.20358,0.085018,341.68,77.501,6.9969,13.871,32.523,4557.1,23.004,50.296,51.627,80.021,2.2873,1.652,3108.2,42.335,53.306,94.71,9.3405,59.014,42.887,38.693,2641.7,62.092,25.327,45.088,0.323,8.9445,26.435,120.39,1.2403,75.142,23.957,2.3238,53.554,4.8112,221.32,0.018479,0.83928,65.25,18.466,44.228
37,2026-04-17T17:48:00,50.601,20.233,26.711,32.541,41.001,2711.7,3665.9,17.59,18.548,22.256,0.21188,0.098776,341.07,77.347,6.8902,13.645,32.078,4548.2,23.185,47.926,48.734,80.114,2.2552,1.6364,3109.4,42.484,54.517,94.695,9.4671,58.02,34.376,40.901,2640.2,61.675,24.483,44.701,0.34032,8.8497,26.5,120.4,1.2374,75.783,24.416,2.3,53.226,4.7719,222.66,0.022223,0.84775,65.278,18.92,44.316
38,2026-04-17T17:51:00,51.615,20.712,27.192,32.541,40.885,2711.3,3651.6,19.722,18.548,22.104,0.207,0.098776,340.81,77.04,6.8902,13.645,32.078,4555.8,22.297,50.271,49.659,79.974,2.2552,1.6364,3108.8,42.257,54.426,94.787,9.4284,59.496,37.095,40.774,2639.3,61.92,27.009,44.747,0.34136,8.8497,26.5,120.39,1.2374,74.503,24.416,2.3,53.226,4.7719,222.35,0.022223,0.84775,65.312,18.92,44.316
39,2026-04-17T17:54:00,49.433,24.489,27.107,32.795,40.787,2712.0,3680.3,19.526,18.478,22.407,0.25232,0.098776,341.02,76.65,6.9218,13.722,32.075,4518.0,22.397,45.221,49.236,79.86,2.2724,1.6276,3108.5,42.134,53.778,94.767,9.3505,61.763,35.853,37.56,2640.0,62.305,24.323,44.919,0.31716,8.9437,26.677,120.41,1.2954,74.807,24.313,2.1873,53.226,4.899,220.67,0.022223,0.84775,65.286,18.57,44.316
40,2026-04-17T17:57:00,50.213,24.55,26.312,32.795,41.136,2709.2,3637.3,16.99,18.478,21.832,0.2517,0.098776,341.07,76.718,6.9218,13.722,32.075,4506.3,23.479,47.026,51.333,79.562,2.2724,1.6276,3107.8,42.346,53.918,94.733,9.2995,62.26,42.022,37.715,2638.2,63.044,26.361,44.898,0.31589,8.9437,26.677,120.39,1.2954,75.609,24.313,2.1873,53.226,4.899,221.2,0.022223,0.84775,65.192,18.57,44.316
41,2026-04-17T18:00:00,49.795,24.883,26.855,32.459,40.83,2713.2,3660.8,18.11,18.224,22.668,0.25109,0.098776,341.04,77.457,6.7634,13.802,31.809,4552.3,22.986,46.059,50.515,79.753,2.2773,1.6359,3108.5,42.396,54.232,94.717,9.4295,60.043,39.615,38.349,2642.1,62.34,24.923,44.664,0.32607,8.817,26.765,120.41,1.3247,74.842,24.35,2.2494,53.226,4.8031,224.16,0.022223,0.84775,65.111,19.014,44.316
42,2026-04-17T18:03:00,48.671,24.989,26.919,32.459,40.956,2716.5,3631.6,19.775,18.224,22.507,0.25002,0.10009,341.15,77.299,6.7634,13.802,31.809,4550.2,22.279,43.459,49.715,80.077,2.2773,1.6359,3112.9,42.325,54.257,94.684,9.3521,62.955,37.26,38.761,2645.0,62.842,24.561,45.16,0.3227,8.817,26.765,120.41,1.3247,74.741,24.35,2.2494,53.374,4.8031,221.44,0.021176,0.86139,65.18,19.014,43.811
43,2026-04-17T18:06:00,50.575,27.543,27.037,32.571,41.353,2717.1,3660.0,18.059,18.483,22.099,0.28073,0.10009,340.86,77.532,6.9737,13.781,32.109,4513.7,22.989,47.864,49.42,80.139,2.2512,1.6961,3115.5,42.132,53.602,94.529,9.3019,61.75,36.393,39.856,2645.8,63.78,24.11,45.107,0.33053,8.9526,27.075,120.43,1.0455,75.319,24.567,2.3165,53.374,4.7193,223.38,0.021176,0.86139,65.236,18.787,43.811
44,2026-04-17T18:09:00,50.0,27.796,26.938,32.571,41.547,2716.1,3690.9,17.814,18.483,22.133,0.27816,0.10009,340.74,77.422,6.9737,13.781,32.109,4507.6,23.09,46.533,48.612,80.068,2.2512,1.6961,3115.0,42.605,53.675,94.513,9.3924,60.61,34.016,39.594,2645.3,63.248,24.53,45.214,0.33268,8.9526,27.075,120.41,1.0455,75.139,24.567,2.3165,53.374,4.7193,223.51,0.021176,0.86139,65.302,18.787,43.811
45,2026-04-17T18:12:00,49.194,24.798,26.861,32.645,41.011,2713.8,3624.1,17.485,18.644,22.407,0.25533,0.10009,341.41,77.13,6.7874,13.777,31.99,4559.0,23.239,44.669,50.544,79.929,2.2847,1.6216,3110.9,42.196,53.598,94.55,9.3167,61.468,39.7,39.567,2643.6,62.565,25.067,45.405,0.3278,8.8879,26.49,120.39,1.2303,75.189,24.468,2.3112,53.374,4.8257,222.67,0.021176,0.86139,65.327,18.996,43.811
46,2026-04-17T18:15:00,50.307,24.884,26.533,32.645,41.017,2714.6,3640.9,18.923,18.644,22.095,0.25445,0.10009,341.29,76.942,6.7874,13.777,31.99,4535.1,22.643,47.245,51.595,79.85,2.2847,1.6216,3110.3,42.521,53.884,94.675,9.2602,60.992,42.793,39.061,2642.7,62.277,26.007,45.528,0.33194,8.8879,26.49,120.39,1.2303,74.389,24.468,2.3112,53.374,4.8257,222.65,0.021176,0.86139,65.307,18.996,43.811
47,2026-04-17T18:18:00,48.27,26.175,26.782,33.059,40.858,2713.7,3662.7,18.281,18.742,22.465,0.26723,0.10634,341.76,77.113,6.8882,13.726,31.694,4470.4,22.914,42.531,50.618,79.751,2.2739,1.6617,3109.8,42.369,54.125,94.674,9.5048,59.019,39.918,39.229,2642.5,63.538,23.699,45.706,0.32915,8.8093,26.886,120.42,1.2422,75.131,24.324,2.314,53.827,4.8125,226.29,0.011825,0.85014,65.27,18.849,44.333
48,2026-04-17T18:21:00,50.428,26.283,27.017,33.059,40.857,2711.5,3646.6,16.831,18.742,22.216,0.26613,0.10634,341.06,76.775,6.8882,13.726,31.694,4509.0,23.544,47.523,51.027,79.56,2.2739,1.6617,3109.2,42.639,53.664,94.452,9.4338,61.512,41.122,38.849,2640.1,63.815,24.624,46.044,0.33226,8.8093,26.886,120.4,1.2422,75.502,24.324,2.314,53.827,4.8125,225.78,0.011825,0.85014,65.258,18.849,44.333
49,2026-04-17T18:24:00,49.494,29.345,26.794,32.351,40.997,2715.2,3658.6,17.39,18.413,22.856,0.29951,0.10634,342.24,77.415,6.7868,13.814,32.411,4524.3,23.29,45.363,49.498,79.768,2.1922,1.662,3109.7,42.357,53.816,94.73,9.4831,61.312,36.622,38.21,2644.5,62.766,24.541,46.238,0.32553,8.7487,26.337,120.4,1.2657,74.706,24.722,2.2849,53.827,4.8123,226.85,0.011825,0.85014,65.241,18.355,44.333
50,2026-04-17T18:27:00,49.632,29.472,26.921,32.351,41.504,2716.3,3660.4,19.117,18.413,22.661,0.29822,0.10634,342.15,77.414,6.7868,13.814,32.411,4521.9,22.56,45.681,51.727,79.874,2.1922,1.662,3113.2,42.186,53.845,94.414,9.3361,61.636,43.181,38.361,2645.1,62.735,24.187,46.264,0.32429,8.7487,26.337,120.41,1.2657,75.094,24.722,2.2849,53.827,4.8123,229.75,0.011825,0.85014,65.309,18.355,44.333
51,2026-04-17T18:30:00,50.631,22.616,27.094,32.358,41.022,2716.6,3682.6,18.736,18.136,22.802,0.23194,0.10634,342.26,77.106,6.9184,13.97,32.31,4589.1,22.728,47.994,48.879,79.855,2.2613,1.6412,3112.2,42.535,54.281,94.656,9.3288,59.43,34.801,39.58,2645.7,63.283,24.796,46.786,0.33286,8.7613,26.169,120.4,1.3223,75.16,24.816,2.2461,53.827,4.7188,227.06,0.011825,0.85014,65.361,19.158,44.333
52,2026-04-17T18:33:00,48.078,22.826,26.605,32.358,41.297,2713.4,3668.9,17.602,18.136,22.383,0.22981,0.078722,342.07,77.08,6.9184,13.97,32.31,4530.5,23.212,42.085,48.843,79.684,2.2613,1.6412,3110.0,42.521,54.984,94.363,9.3746,62.049,34.695,39.737,2642.1,63.519,25.222,46.76,0.33157,8.7613,26.169,120.4,1.3223,74.878,24.816,2.2461,54.029,4.7188,227.68,0.020599,0.83918,65.38,19.158,43.995
53,2026-04-17T18:36:00,48.803,23.62,27.004,32.905,41.286,2713.7,3654.6,15.451,18.457,22.813,0.23772,0.078722,342.02,77.595,6.8209,13.642,32.042,4455.5,24.101,43.764,50.422,79.821,2.234,1.6724,3108.8,42.437,53.914,94.627,9.3067,62.473,39.342,41.396,2642.9,62.64,27.129,46.776,0.35306,8.9,26.587,120.4,1.3019,75.086,24.044,2.2793,54.029,4.7925,229.45,0.020599,0.83918,65.382,18.818,43.995
54,2026-04-17T18:39:00,50.864,23.405,27.023,32.905,41.049,2714.6,3645.0,18.017,18.457,22.668,0.23991,0.078722,341.68,77.715,6.8209,13.642,32.042,4484.2,23.004,48.535,48.878,80.103,2.234,1.6724,3110.8,42.331,53.57,94.526,9.3594,61.721,34.799,41.559,2644.1,62.805,25.553,47.062,0.35173,8.9,26.587,120.39,1.3019,75.166,24.044,2.2793,54.029,4.7925,228.11,0.020599,0.83918,65.465,18.818,43.995
55,2026-04-17T18:42:00,49.798,25.987,26.998,32.832,41.547,2714.7,3656.3,20.116,18.572,22.408,0.26571,0.078722,341.51,77.052,7.0056,13.742,32.326,4539.6,22.135,46.068,49.368,80.108,2.2398,1.6455,3112.1,42.29,53.705,94.586,9.3112,60.933,36.239,36.947,2643.7,63.477,24.502,47.01,0.31744,8.8994,26.441,120.42,1.1095,74.585,24.136,2.2509,54.029,4.77,230.52,0.020599,0.83918,65.582,18.818,43.995
56,2026-04-17T18:45:00,48.301,26.103,26.61,32.832,41.384,2713.8,3657.4,21.172,18.572,22.233,0.26453,0.078722,341.9,77.383,7.0056,13.742,32.326,4505.6,21.683,42.601,50.864,79.89,2.2398,1.6455,3110.9,42.522,54.112,94.554,9.4682,59.635,40.642,37.036,2642.5,63.457,25.441,47.34,0.3167,8.8994,26.441,120.4,1.1095,75.756,24.136,2.2509,54.029,4.77,228.67,0.020599,0.83918,65.586,18.818,43.995
57,2026-04-17T18:48:00,50.947,23.258,26.978,32.95,40.971,2712.1,3632.6,18.323,18.655,22.756,0.23867,0.0907,342.06,76.895,6.8365,13.823,32.846,4518.9,22.899,48.725,50.235,79.799,2.2723,1.6612,3108.1,42.01,53.947,94.677,9.3132,62.138,38.791,38.656,2641.8,62.234,23.494,47.206,0.3238,8.8476,26.246,120.36,1.0979,74.932,24.468,2.3051,53.663,4.7806,229.07,0.018609,0.82505,65.557,18.327,44.057
58,2026-04-17T18:51:00,49.69,23.431,26.484,32.95,40.69,2710.9,3628.5,18.287,18.655,22.232,0.23692,0.0907,342.19,77.062,6.8365,13.823,32.846,4498.9,22.915,45.817,49.53,79.649,2.2723,1.6612,3106.8,42.359,54.185,94.761,9.3224,60.757,36.716,38.445,2640.3,62.305,25.045,47.097,0.32553,8.8476,26.246,120.37,1.0979,74.17,24.468,2.3051,53.663,4.7806,230.88,0.018609,0.82505,65.535,18.327,44.057
59,2026-04-17T18:54:00,49.398,17.997,26.524,32.965,41.486,2711.9,3657.7,18.243,18.653,22.345,0.18322,0.0907,341.73,77.389,6.8243,13.908,32.373,4543.3,22.926,45.14,48.896,79.805,2.2694,1.6484,3108.4,41.757,54.892,94.694,9.3754,60.702,34.852,39.81,2641.1,63.249,26.26,47.363,0.3315,8.79,26.495,120.41,1.3627,74.109,24.323,2.298,53.663,4.8123,228.53,0.018609,0.82505,65.509,18.616,44.057
60,2026-04-17T18:57:00,51.455,18.18,27.254,32.965,41.292,2712.6,3669.8,18.153,18.653,22.65,0.18135,0.0907,341.76,77.08,6.8243,13.908,32.373,4567.4,22.969,49.902,50.748,79.895,2.2694,1.6484,3109.4,42.54,54.603,94.636,9.3179,61.243,40.303,39.689,2641.1,63.041,25.047,47.426,0.3325,8.79,26.495,120.39,1.3627,75.006,24.323,2.298,53.663,4.8123,228.39,0.018609,0.82505,65.521,18.616,44.057
61,2026-04-17T19:00:00,48.655,22.126,27.048,32.628,40.89,2711.5,3661.8,19.965,18.604,22.13,0.22397,0.0907,341.37,76.927,6.7772,13.82,32.203,4513.2,22.211,43.421,49.279,79.856,2.2622,1.6536,3109.6,42.626,54.595,94.62,9.5565,59.973,35.978,40.824,2639.7,63.335,25.713,47.25,0.3425,8.9833,26.992,120.4,1.368,75.16,24.063,2.2033,53.663,4.8053,230.92,0.018609,0.82505,65.579,18.608,44.057
62,2026-04-17T19:03:00,51.292,22.045,26.745,32.628,41.145,2711.1,3647.8,16.741,18.604,22.339,0.22479,0.1012,341.0,77.146,6.7772,13.82,32.203,4533.4,23.566,49.523,50.664,79.89,2.2622,1.6536,3108.2,42.124,54.352,94.635,9.3724,60.991,40.054,40.385,2639.6,63.577,23.315,46.964,0.3461,8.9833,26.992,120.41,1.368,74.178,24.063,2.2033,53.185,4.8053,230.58,0.012944,0.85623,65.538,18.608,44.643
63,2026-04-17T19:06:00,50.949,23.546,27.115,33.155,41.624,2710.4,3690.1,18.85,18.097,22.083,0.24047,0.1012,340.76,77.15,6.9007,13.834,32.142,4506.1,22.681,48.731,50.627,79.819,2.2442,1.6992,3108.5,42.255,54.727,94.565,9.298,61.48,39.945,39.573,2638.7,63.338,25.534,46.946,0.33386,8.9377,26.87,120.41,1.4088,74.806,24.561,2.3231,53.185,4.8606,229.58,0.012944,0.85623,65.522,18.452,44.643
64,2026-04-17T19:09:00,51.41,23.482,26.909,33.155,41.495,2710.5,3688.0,17.239,18.097,22.164,0.24112,0.1012,340.72,77.394,6.9007,13.834,32.142,4538.2,23.352,49.798,49.312,79.896,2.2442,1.6992,3108.6,42.086,54.342,94.592,9.3992,59.295,36.076,39.671,2638.9,63.373,25.412,46.857,0.33306,8.9377,26.87,120.42,1.4088,75.823,24.561,2.3231,53.185,4.8606,229.36,0.012944,0.85623,65.526,18.452,44.643
65,2026-04-17T19:12:00,49.045,24.09,26.577,32.471,41.208,2710.7,3659.5,18.088,18.503,22.176,0.24691,0.1012,340.85,77.102,6.9584,14.059,32.146,4571.7,22.997,44.323,50.382,80.066,2.2351,1.6983,3109.6,42.214,54.367,94.577,9.3239,62.856,39.225,40.093,2639.5,62.822,25.872,46.78,0.33268,8.7308,26.571,120.38,1.2326,75.039,24.213,2.2621,53.185,4.8823,228.98,0.012944,0.85623,65.575,18.826,44.643
66,2026-04-17T19:15:00,49.008,24.136,27.107,32.471,41.18,2709.4,3666.5,15.905,18.503,22.147,0.24645,0.1012,339.92,77.259,6.9584,14.059,32.146,4575.3,23.914,44.239,49.811,79.916,2.2351,1.6983,3109.7,42.651,54.323,94.684,9.3443,58.965,37.544,39.715,2637.5,62.701,25.528,46.933,0.33578,8.7308,26.571,120.4,1.2326,74.962,24.213,2.2621,53.185,4.8823,226.04,0.012944,0.85623,65.563,18.826,44.643
67,2026-04-17T19:18:00,49.854,24.269,27.094,32.951,40.517,2708.5,3651.7,19.57,18.86,22.241,0.24529,0.094594,340.26,77.071,7.0683,14.058,31.83,4524.3,22.378,46.196,50.123,79.907,2.2129,1.6143,3107.7,42.373,54.039,94.701,9.3209,61.565,38.461,42.912,2637.1,62.404,24.948,47.319,0.36039,8.7882,26.576,120.39,1.2749,74.919,24.463,2.2979,54.414,4.7682,229.55,0.031152,0.85315,65.543,18.619,44.388
68,2026-04-17T19:21:00,50.23,24.089,26.373,32.951,39.977,2709.7,3628.2,18.098,18.86,21.826,0.24712,0.094594,340.51,77.321,7.0683,14.058,31.83,4532.8,22.988,47.067,50.53,80.003,2.2129,1.6143,3106.8,42.315,53.937,94.781,9.2867,61.6,39.66,43.315,2638.9,62.808,24.488,47.609,0.35709,8.7882,26.576,120.37,1.2749,74.724,24.463,2.2979,54.414,4.7682,229.01,0.031152,0.85315,65.562,18.619,44.388
69,2026-04-17T19:24:00,51.213,27.655,27.09,33.212,41.118,2709.1,3645.5,18.979,18.681,22.078,0.27618,0.094594,340.33,76.955,6.9485,13.9,32.181,4499.7,22.632,49.341,49.184,79.899,2.2373,1.657,3106.6,42.233,54.851,94.765,9.3718,61.35,35.7,42.81,2637.5,61.424,26.288,47.604,0.36388,8.7084,26.563,120.4,1.3211,75.041,24.826,2.3042,54.414,4.799,231.74,0.031152,0.85315,65.63,18.985,44.388
70,2026-04-17T19:27:00,51.701,27.436,27.035,33.212,40.333,2709.4,3623.5,14.542,18.681,21.914,0.27841,0.094594,340.36,77.326,6.9485,13.9,32.181,4527.6,24.496,50.47,49.819,79.807,2.2373,1.657,3107.6,42.485,54.517,94.896,9.4594,61.565,37.567,43.129,2637.8,61.803,23.703,47.921,0.36127,8.7084,26.563,120.38,1.3211,74.73,24.826,2.3042,54.414,4.799,230.89,0.031152,0.85315,65.581,18.985,44.388
71,2026-04-17T19:30:00,49.839,24.013,26.993,32.55,40.52,2714.5,3620.8,18.867,18.69,22.436,0.24914,0.094594,340.26,78.008,6.7261,13.814,32.219,4502.0,22.641,46.161,50.098,80.287,2.289,1.7048,3112.1,42.423,53.921,94.676,9.5009,59.039,38.389,41.257,2643.5,62.78,24.782,47.887,0.34387,8.8017,26.675,120.42,1.1904,74.455,24.084,2.2602,54.414,4.7904,233.95,0.031152,0.85315,65.641,18.431,44.388
72,2026-04-17T19:33:00,49.238,24.314,27.258,32.55,40.169,2714.6,3649.2,16.689,18.69,22.445,0.24607,0.10089,340.67,77.593,6.7261,13.814,32.219,4470.8,23.559,44.771,50.188,80.285,2.289,1.7048,3112.8,42.088,54.294,94.713,9.3276,63.174,38.655,41.14,2643.2,62.291,24.316,48.322,0.34483,8.8017,26.675,120.39,1.1904,75.212,24.084,2.2602,53.467,4.7904,231.15,0.014375,0.82893,65.755,18.431,43.898
73,2026-04-17T19:36:00,51.56,23.85,26.717,32.741,41.252,2712.9,3675.5,19.189,18.704,21.792,0.24306,0.10089,340.11,76.906,6.7793,13.798,31.862,4570.0,22.525,50.145,49.803,80.115,2.2538,1.6622,3112.6,42.567,54.478,94.577,9.3444,59.887,37.52,39.643,2640.8,63.831,24.28,48.354,0.33861,9.0626,26.414,120.42,1.3739,75.631,24.097,2.3077,53.467,4.8168,233.13,0.014375,0.82893,65.834,18.868,43.898
74,2026-04-17T19:39:00,50.552,23.784,26.925,32.741,40.718,2710.1,3666.4,18.582,18.704,21.742,0.24374,0.10089,340.38,76.636,6.7793,13.798,31.862,4564.8,22.796,47.812,50.21,79.837,2.2538,1.6622,3109.0,42.472,54.54,94.569,9.4146,60.908,38.719,40.251,2637.8,63.988,25.015,48.549,0.33363,9.0626,26.414,120.41,1.3739,75.242,24.097,2.3077,53.467,4.8168,233.35,0.014375,0.82893,65.818,18.868,43.898
75,2026-04-17T19:42:00,50.666,27.485,26.474,32.688,41.308,2705.8,3669.6,16.833,18.639,21.756,0.27833,0.10089,340.19,76.487,7.0212,13.808,32.072,4514.1,23.558,48.075,49.836,79.436,2.253,1.6388,3106.1,42.394,54.096,94.59,9.3325,61.338,37.616,40.009,2634.2,63.588,25.176,48.521,0.33206,9.0598,26.315,120.42,1.1879,74.668,24.348,2.307,53.467,4.8193,236.14,0.014375,0.82893,65.684,18.692,43.898
76,2026-04-17T19:45:00,51.266,27.539,27.018,32.688,41.061,2708.2,3678.9,15.357,18.639,22.153,0.27778,0.10089,340.51,77.05,7.0212,13.808,32.072,4563.8,24.169,49.464,48.827,79.647,2.253,1.6388,3105.7,42.188,53.501,94.559,9.3621,60.835,34.648,39.574,2636.8,63.429,23.956,48.715,0.33562,9.0598,26.315,120.41,1.1879,75.109,24.348,2.307,53.467,4.8193,236.46,0.014375,0.82893,65.615,18.692,43.898
77,2026-04-17T19:48:00,50.53,25.63,26.792,32.513,41.576,2710.2,3615.6,19.428,18.567,22.254,0.26118,0.10584,340.43,77.43,6.9258,13.789,32.413,4498.0,22.44,47.761,50.088,79.924,2.2528,1.6083,3107.4,42.249,54.719,94.672,9.2967,62.22,38.36,40.168,2638.8,62.378,25.065,48.387,0.33263,8.8966,26.191,120.4,1.2282,75.358,24.12,2.2581,54.127,4.7974,235.76,0.0091143,0.8521,65.621,19.206,44.458
78,2026-04-17T19:51:00,50.151,25.468,26.659,32.513,40.763,2711.3,3617.2,15.237,18.567,22.316,0.26282,0.10584,340.41,77.386,6.9258,13.789,32.413,4529.9,24.198,46.883,51.553,80.116,2.2528,1.6083,3108.6,42.339,54.336,94.668,9.3048,62.237,42.669,39.818,2640.5,62.351,25.18,48.418,0.33549,8.8966,26.191,120.38,1.2282,75.218,24.12,2.2581,54.127,4.7974,234.83,0.0091143,0.8521,65.699,19.206,44.458
79,2026-04-17T19:54:00,48.579,22.467,26.649,32.747,41.67,2710.5,3621.2,19.582,18.477,21.913,0.22631,0.10584,340.68,76.917,6.7817,13.679,31.885,4484.2,22.382,43.246,50.908,80.021,2.2554,1.6779,3108.0,42.456,53.593,94.691,9.5028,60.491,40.771,39.523,2638.8,63.033,25.457,48.552,0.33338,8.851,26.656,120.4,1.3166,74.808,24.738,2.3205,54.127,4.7875,232.71,0.0091143,0.8521,65.786,18.522,44.458
80,2026-04-17T19:57:00,49.6,22.353,26.876,32.747,40.53,2708.8,3626.1,15.793,18.477,22.078,0.22747,0.10584,340.52,77.431,6.7817,13.679,31.885,4474.7,23.966,45.609,51.657,79.899,2.2554,1.6779,3106.4,42.466,53.707,94.689,9.3305,60.462,42.977,39.326,2637.3,62.948,27.66,48.217,0.335,8.851,26.656,120.38,1.3166,75.278,24.738,2.3205,54.127,4.7875,235.9,0.0091143,0.8521,65.766,18.522,44.458
81,2026-04-17T20:00:00,50.306,27.409,26.777,32.908,41.588,2711.6,3670.7,17.689,18.685,21.973,0.27886,0.10584,340.31,77.385,6.8488,13.729,31.831,4558.4,23.162,47.242,51.403,80.12,2.2314,1.6118,3111.0,42.668,54.371,94.531,9.3752,61.023,42.228,38.201,2641.3,63.473,27.008,48.285,0.319,8.9856,26.777,120.42,1.163,75.873,24.243,2.3478,54.127,4.8148,234.55,0.0091143,0.8521,65.775,18.994,44.458
82,2026-04-17T20:03:00,50.833,27.394,27.261,32.908,41.718,2712.4,3663.9,17.777,18.685,22.33,0.27902,0.10725,340.28,77.354,6.8488,13.729,31.831,4570.8,23.119,48.462,49.917,80.151,2.2314,1.6118,3112.6,42.301,54.222,94.511,9.4368,62.066,37.857,37.804,2640.9,63.589,23.628,48.951,0.32226,8.9856,26.777,120.42,1.163,74.702,24.243,2.3478,52.658,4.8148,233.22,0.017394,0.84136,65.82,18.994,43.892
83,2026-04-17T20:06:00,48.969,28.023,26.839,32.483,42.104,2710.9,3662.1,18.276,18.197,22.324,0.29001,0.10725,340.71,77.157,6.9317,13.721,32.384,4529.3,22.918,44.149,48.956,79.989,2.273,1.6683,3109.4,42.504,53.562,94.473,9.2487,60.803,35.027,38.299,2640.2,63.094,25.128,48.903,0.32777,9.0669,26.331,120.41,1.1747,75.319,24.294,2.3383,52.658,4.8123,236.06,0.017394,0.84136,65.847,18.456,43.892
84,2026-04-17T20:09:00,49.914,28.326,26.891,32.483,40.046,2710.1,3669.4,17.768,18.197,21.955,0.28692,0.10725,340.54,76.893,6.9317,13.721,32.384,4489.8,23.141,46.334,50.216,79.886,2.273,1.6683,3108.3,42.605,54.035,94.653,9.3061,61.669,38.737,39.032,2638.3,62.969,25.754,49.185,0.32175,9.0669,26.331,120.37,1.1747,75.728,24.294,2.3383,52.658,4.8123,235.23,0.017394,0.84136,65.831,18.456,43.892
85,2026-04-17T20:12:00,50.561,23.179,26.912,32.96,41.275,2708.1,3646.1,18.702,18.551,21.91,0.23387,0.10725,340.77,76.75,6.9081,13.974,31.877,4565.8,22.76,47.832,50.69,79.762,2.3232,1.6267,3105.7,42.551,54.454,94.582,9.226,61.495,40.13,38.404,2636.4,62.635,25.668,49.233,0.32401,8.9438,26.365,120.41,1.1918,75.38,24.34,2.3697,52.658,4.8019,237.03,0.017394,0.84136,65.817,19.283,43.892
86,2026-04-17T20:15:00,50.773,23.079,27.15,32.96,40.276,2707.9,3635.9,18.179,18.551,22.178,0.23489,0.10725,340.5,77.386,6.9081,13.974,31.877,4552.7,22.962,48.324,50.213,79.857,2.3232,1.6267,3107.0,42.303,54.611,94.785,9.3789,61.71,38.728,38.261,2636.8,62.811,25.662,49.338,0.32518,8.9438,26.365,120.36,1.1918,74.976,24.34,2.3697,52.658,4.8019,238.21,0.017394,0.84136,65.793,19.283,43.892
87,2026-04-17T20:18:00,51.542,27.887,27.182,32.794,41.347,2708.1,3596.1,19.663,18.968,22.319,0.28531,0.087569,340.35,77.14,7.1021,13.83,31.954,4478.6,22.346,50.102,48.782,79.926,2.2301,1.6688,3105.8,42.04,53.454,94.69,9.2897,61.812,34.517,41.815,2636.8,63.666,25.041,49.118,0.35188,8.9381,26.338,120.43,1.3191,75.126,24.502,2.307,53.236,4.7609,240.14,0.019902,0.84632,65.85,18.517,43.515
88,2026-04-17T20:21:00,49.854,28.112,26.654,32.794,39.817,2708.7,3637.4,16.96,18.968,21.965,0.28302,0.087569,340.65,77.227,7.1021,13.83,31.954,4505.9,23.476,46.196,50.479,80.044,2.2301,1.6688,3107.2,42.079,53.127,94.571,9.2825,60.222,39.511,41.518,2637.2,62.957,24.794,49.378,0.35431,8.9381,26.338,120.38,1.3191,74.895,24.502,2.307,53.236,4.7609,238.28,0.019902,0.84632,65.849,18.517,43.515
89,2026-04-17T20:24:00,50.908,27.417,27.025,32.937,41.174,2708.5,3570.9,17.634,18.593,21.914,0.28098,0.087569,340.62,77.132,6.9308,13.558,31.871,4590.8,23.202,48.635,51.755,79.852,2.2387,1.6606,3105.9,42.483,53.97,94.817,9.4119,60.459,43.265,39.877,2636.3,62.282,24.692,49.383,0.33715,8.8769,26.647,120.38,1.2758,75.714,24.288,2.3739,53.236,4.8067,239.27,0.019902,0.84632,65.892,18.716,43.515
90,2026-04-17T20:27:00,47.776,27.491,27.419,32.937,41.314,2711.2,3565.3,16.622,18.593,22.526,0.28023,0.087569,341.27,77.415,6.9308,13.558,31.871,4538.6,23.617,41.388,49.55,79.991,2.2387,1.6606,3107.5,42.299,54.594,94.709,9.2494,60.038,36.777,40.166,2639.5,62.378,23.405,49.354,0.33478,8.8769,26.647,120.41,1.2758,74.856,24.288,2.3739,53.236,4.8067,240.67,0.019902,0.84632,65.888,18.716,43.515
91,2026-04-17T20:30:00,50.123,28.732,26.891,32.725,40.767,2713.7,3645.9,17.113,18.893,22.228,0.28936,0.087569,340.94,77.284,6.7506,13.787,32.382,4537.9,23.412,46.82,49.193,80.005,2.2562,1.6977,3110.2,42.812,54.14,94.722,9.2257,61.689,35.726,36.057,2642.7,62.368,23.422,49.729,0.3072,9.1406,26.596,120.41,1.3166,75.635,24.058,2.3524,53.236,4.6914,237.49,0.019902,0.84632,65.91,19.117,43.515
92,2026-04-17T20:33:00,50.901,28.507,27.09,32.725,41.288,2715.6,3622.9,17.375,18.893,22.304,0.29164,0.095486,341.38,77.262,6.7506,13.787,32.382,4529.4,23.297,48.62,50.141,80.093,2.2562,1.6977,3113.0,42.628,54.242,94.61,9.1562,60.234,38.516,36.376,2644.6,62.764,26.295,49.682,0.30459,9.1406,26.596,120.43,1.3166,75.726,24.058,2.3524,53.073,4.6914,240.63,0.0075691,0.84715,65.954,19.117,44.216
93,2026-04-17T20:36:00,50.13,23.975,26.976,32.914,41.057,2713.3,3644.4,18.165,18.752,22.291,0.24011,0.095486,341.19,77.128,6.8107,13.653,32.429,4496.4,22.964,46.836,49.99,80.031,2.2456,1.6512,3111.0,42.466,53.631,94.542,9.2999,60.463,38.069,38.992,2642.8,64.012,25.71,49.832,0.33141,8.9929,26.317,120.42,1.3075,74.787,23.981,2.2503,53.073,4.8244,240.63,0.0075691,0.84715,66.005,18.823,44.216
94,2026-04-17T20:39:00,49.139,23.95,27.139,32.914,40.896,2711.6,3652.0,19.116,18.752,22.71,0.24036,0.095486,341.68,77.217,6.8107,13.653,32.429,4512.7,22.559,44.542,49.451,79.969,2.2456,1.6512,3108.3,42.302,53.436,94.446,9.4289,61.24,36.484,39.293,2641.1,63.881,23.746,49.841,0.32894,8.9929,26.317,120.4,1.3075,74.494,23.981,2.2503,53.073,4.8244,242.23,0.0075691,0.84715,66.005,18.823,44.216
95,2026-04-17T20:42:00,50.911,23.007,26.974,33.219,40.492,2709.3,3664.7,16.592,18.559,22.206,0.23632,0.095486,341.6,76.801,6.8098,13.925,32.134,4531.5,23.64,48.642,49.169,79.851,2.2028,1.6449,3106.2,42.243,53.898,94.67,9.3903,61.359,35.655,37.493,2636.6,63.232,24.599,50.176,0.31314,8.9337,26.734,120.37,1.1393,74.967,24.095,2.2819,53.073,4.6956,240.17,0.0075691,0.84715,66.004,19.188,44.216
96,2026-04-17T20:45:00,48.404,23.115,27.068,33.219,41.629,2707.9,3669.7,18.78,18.559,22.274,0.23523,0.095486,341.0,77.036,6.8098,13.925,32.134,4491.1,22.712,42.84,51.073,79.888,2.2028,1.6449,3105.7,41.964,54.381,94.549,9.335,60.517,41.257,37.276,2637.4,63.145,26.972,50.003,0.31492,8.9337,26.734,120.42,1.1393,75.214,24.095,2.2819,53.073,4.6956,243.82,0.0075691,0.84715,65.984,19.188,44.216
97,2026-04-17T20:48:00,50.456,25.702,27.191,32.528,40.815,2704.6,3672.8,19.031,18.883,21.936,0.26413,0.10248,340.45,76.758,6.8153,13.86,32.029,4475.5,22.625,47.588,50.653,79.678,2.2588,1.6459,3102.6,42.307,53.635,94.619,9.2903,63.035,40.023,40.868,2632.7,63.169,24.998,50.304,0.34482,8.9303,26.473,120.37,1.3706,75.022,NA,2.2052,54.36,4.8472,242.63,-0.00098395,0.8259,65.969,18.69,44.809
98,2026-04-17T20:51:00,50.182,25.734,26.987,32.528,40.853,2702.9,3703.5,16.11,18.883,21.957,0.2638,0.10248,341.36,76.78,6.8153,13.86,32.029,4508.3,23.866,46.956,47.896,79.575,2.2588,1.6459,3100.7,42.597,53.242,94.8,9.1321,61.96,31.909,40.908,2631.1,62.64,26.081,50.383,0.3445,8.9303,26.473,120.41,1.3706,73.884,24.229,2.2052,54.36,4.8472,243.69,-0.00098395,0.8259,65.912,18.69,44.809
99,2026-04-17T20:54:00,49.506,26.978,27.05,32.77,40.972,2703.9,3675.7,16.746,18.276,22.204,0.27352,0.10248,341.42,76.951,6.8359,13.882,32.252,4528.2,23.599,45.39,50.9,79.644,2.2441,1.6213,3101.2,42.021,54.199,94.593,9.4033,62.024,40.749,40.146,2632.7,63.135,24.268,50.539,0.33735,8.9268,26.765,120.42,1.4727,75.482,24.219,2.1985,54.36,4.829,243.9,-0.00098395,0.8259,65.873,18.315,44.809
100,2026-04-17T20:57:00,49.452,26.977,27.024,32.77,40.566,2707.5,3672.2,17.421,18.276,22.484,0.27354,0.10248,341.11,77.775,6.8359,13.882,32.252,4477.5,23.285,45.266,48.983,80.013,2.2441,1.6213,3104.4,41.816,54.806,94.519,9.4006,61.393,35.108,40.044,2636.7,63.194,24.715,50.684,0.33819,8.9268,26.765,120.39,1.4727,74.069,24.219,2.1985,54.36,4.829,244.2,-0.00098395,0.8259,65.93,18.315,44.809
101,2026-04-17T21:00:00,50.481,25.065,26.507,33.268,41.204,2710.6,3671.4,18.057,18.48,22.19,0.25088,0.10248,341.21,77.631,6.9125,13.82,32.311,4606.6,23.006,47.646,50.93,80.343,2.2913,1.7236,3107.8,41.934,54.228,94.452,9.3606,58.713,40.835,39.91,2639.7,63.081,24.236,50.801,0.34457,8.8619,26.925,120.38,1.2106,74.43,23.839,2.2573,54.36,4.7827,244.71,-0.00098395,0.8259,66.091,18.746,44.809
102,2026-04-17T21:03:00,48.027,24.724,26.775,33.268,41.385,2709.1,3658.2,16.895,18.48,21.949,0.25435,0.10291,340.43,77.538,6.9125,13.82,32.311,4559.9,23.485,41.968,49.375,80.426,2.2913,1.7236,3108.8,42.731,54.787,94.425,9.2299,62.125,36.26,40.558,2638.2,63.308,24.724,50.795,0.33926,8.8619,26.925,120.42,1.2106,74.743,23.839,2.2573,53.737,4.7827,240.44,0.020335,0.84423,66.222,18.746,44.625
103,2026-04-17T21:06:00,50.569,24.189,27.038,33.048,41.303,2707.2,3650.0,18.416,18.7,21.928,0.24655,0.10291,340.35,76.959,6.9475,13.846,31.978,4507.9,22.859,47.851,49.027,80.218,2.2579,1.6601,3106.3,42.393,54.393,94.531,9.2615,60.997,35.237,39.604,2635.2,62.786,26.017,50.61,0.33376,8.8519,25.869,120.38,1.1323,75.68,24.045,2.3562,53.737,4.8607,241.59,0.020335,0.84423,66.271,18.804,44.625
104,2026-04-17T21:09:00,50.59,24.265,26.959,33.048,40.817,2705.9,3626.7,19.877,18.7,22.206,0.24577,0.10291,340.77,77.108,6.9475,13.846,31.978,4521.4,22.241,47.9,50.103,80.084,2.2579,1.6601,3102.7,42.554,54.231,94.64,9.3279,60.523,38.404,39.652,2634.2,63.186,25.846,50.554,0.33337,8.8519,25.869,120.4,1.1323,75.697,24.045,2.3562,53.737,4.8607,241.36,0.020335,0.84423,66.234,18.804,44.625
105,2026-04-17T21:12:00,52.084,27.399,26.79,32.948,40.745,2704.6,3619.3,15.899,18.661,22.068,0.2791,0.10291,340.44,77.357,6.8717,13.781,32.771,4524.4,23.911,51.357,49.702,80.066,2.2877,1.6922,3102.4,42.277,54.051,94.699,9.3183,62.471,37.224,40.353,2633.8,62.961,25.896,50.342,0.33354,9.0852,26.511,120.38,1.3625,75.946,24.093,2.2982,53.737,4.8622,242.92,0.020335,0.84423,66.2,18.931,44.625
106,2026-04-17T21:15:00,51.315,27.252,26.824,32.948,41.011,2706.3,3615.1,18.681,18.661,22.052,0.2806,0.10291,340.55,77.191,6.8717,13.781,32.771,4529.7,22.737,49.577,50.702,80.226,2.2877,1.6922,3104.4,41.917,53.987,94.621,9.3269,61.832,40.167,40.07,2635.2,63.033,25.312,50.624,0.33586,9.0852,26.511,120.4,1.3625,74.943,24.093,2.2982,53.737,4.8622,238.9,0.020335,0.84423,66.213,18.931,44.625
107,2026-04-17T21:18:00,49.836,19.832,26.855,32.744,41.443,2702.5,3656.4,20.228,18.928,22.024,0.19877,0.0753,340.59,76.663,6.9834,13.955,31.906,4512.5,22.108,46.154,51.435,79.903,2.2674,1.6405,3099.7,42.127,53.866,94.663,9.3894,60.235,42.323,39.495,2630.6,62.962,25.078,50.706,0.32611,8.7628,26.668,120.41,1.3329,75.064,24.251,2.3196,52.786,4.8403,242.42,0.024578,0.83787,66.171,18.492,44.249
108,2026-04-17T21:21:00,51.411,19.747,27.181,32.744,40.324,2698.7,3672.9,18.935,18.928,22.08,0.19963,0.0753,340.68,76.49,6.9834,13.955,31.906,4514.7,22.672,49.798,49.7,79.667,2.2674,1.6405,3096.2,42.294,53.84,94.869,9.3292,61.209,37.218,39.024,2627.1,62.678,24.631,50.921,0.32996,8.7628,26.668,120.37,1.3329,75.653,24.251,2.3196,52.786,4.8403,241.5,0.024578,0.83787,66.114,18.492,44.249
109,2026-04-17T21:24:00,50.143,27.629,26.573,33.048,40.96,2698.4,3597.8,19.055,18.598,21.797,0.28379,0.0753,339.98,76.914,6.8978,13.845,32.101,4555.9,22.624,46.864,51.347,79.612,2.2705,1.66,3097.3,42.152,54.437,94.767,9.4063,59.606,42.063,41.418,2625.8,62.947,25.792,50.944,0.34905,8.8364,26.296,120.4,1.2,75.35,24.12,2.366,52.786,4.9079,242.82,0.024578,0.83787,66.027,19.139,44.249
110,2026-04-17T21:27:00,49.306,27.712,27.044,33.048,40.006,2703.4,3658.3,17.473,18.598,22.442,0.28295,0.0753,340.46,77.697,6.8978,13.845,32.101,4516.4,23.266,44.927,48.308,79.972,2.2705,1.66,3099.3,42.352,54.91,94.843,9.3829,61.063,33.122,41.812,2632.1,61.906,25.848,50.92,0.34582,8.8364,26.296,120.38,1.2,73.733,24.12,2.366,52.786,4.9079,244.63,0.024578,0.83787,66.01,19.139,44.249
111,2026-04-17T21:30:00,49.71,25.79,26.913,32.81,41.725,2706.7,3651.0,17.882,18.699,21.946,0.26858,0.0753,340.64,77.353,6.8823,13.943,32.188,4446.8,23.09,45.862,51.283,80.308,2.2466,1.7048,3103.9,42.087,54.148,94.564,9.3138,62.054,41.877,40.12,2635.3,62.729,24.439,51.001,0.33654,8.915,25.994,120.41,1.4223,75.257,23.976,2.227,52.786,4.7495,245.17,0.024578,0.83787,66.133,19.14,44.249
112,2026-04-17T21:33:00,49.139,26.087,26.782,32.81,40.42,2705.4,3620.2,17.825,18.699,22.167,0.26557,0.098927,340.2,77.275,6.8823,13.943,32.188,4458.7,23.112,44.542,50.091,80.231,2.2466,1.7048,3103.3,42.304,54.005,94.717,9.3876,59.543,38.369,40.02,2634.3,63.258,27.384,51.053,0.33737,8.915,25.994,120.4,1.4223,74.922,23.976,2.227,53.283,4.7495,244.27,0.022746,0.83131,66.212,19.14,43.361
113,2026-04-17T21:36:00,50.6,25.321,26.925,32.703,41.142,2703.8,3622.0,17.897,18.7,21.767,0.25734,0.098927,340.59,77.125,6.7503,13.714,32.348,4500.8,23.087,47.923,50.86,80.111,2.2239,1.6185,3102.2,42.36,53.437,94.577,9.1742,59.253,40.632,41.473,2632.1,63.356,23.962,51.137,0.34781,8.8609,26.441,120.41,1.2836,75.183,23.735,2.334,53.283,4.7996,244.01,0.022746,0.83131,66.225,19.13,43.361
114,2026-04-17T21:39:00,48.587,25.435,26.625,32.703,40.682,2703.4,3690.3,19.587,18.7,21.908,0.25618,0.098927,340.15,77.246,6.7503,13.714,32.348,4475.9,22.368,43.264,50.148,80.141,2.2239,1.6185,3101.4,42.193,53.735,94.689,9.2933,61.798,38.537,41.247,2631.4,62.18,23.536,51.231,0.34967,8.8609,26.441,120.41,1.2836,75.519,23.735,2.334,53.283,4.7996,243.62,0.022746,0.83131,66.237,19.13,43.361
115,2026-04-17T21:42:00,50.041,23.775,26.836,32.348,41.295,2701.6,3690.0,17.02,18.743,22.066,0.24051,0.098927,340.64,77.096,6.7672,13.885,32.204,4469.4,23.458,46.629,50.135,80.032,2.2699,1.6597,3099.7,42.45,53.777,94.586,9.4049,60.963,38.496,38.343,2630.7,63.405,26.378,51.285,0.32324,8.8329,26.065,120.4,1.2266,75.163,NA,2.2857,53.283,4.8128,243.69,0.022746,0.83131,66.239,19.131,43.361
116,2026-04-17T21:45:00,50.756,23.928,26.765,32.348,41.369,2700.1,3716.8,19.175,18.743,21.55,0.23896,0.098927,340.51,77.079,6.7672,13.885,32.204,4462.9,22.555,48.285,50.395,79.942,2.2699,1.6597,3098.9,42.154,53.855,94.623,9.2926,62.033,39.264,38.469,2627.8,62.943,25.789,51.121,0.32221,8.8329,26.065,120.38,1.2266,75.541,23.672,2.2857,53.283,4.8128,246.21,0.022746,0.83131,66.235,19.131,43.361
117,2026-04-17T21:48:00,50.444,25.207,27.035,32.874,41.486,2700.5,3690.5,16.728,18.923,21.987,0.25193,0.10782,340.52,77.259,6.8198,13.94,31.796,4526.9,23.578,47.561,50.165,80.113,2.2328,1.6556,3098.9,42.046,53.026,94.612,9.2862,62.373,38.587,40.853,2629.4,63.364,25.427,51.134,0.34008,8.903,26.207,120.42,1.2362,75.883,23.761,2.2172,54.18,4.7986,244.86,-0.0051052,0.85228,66.229,19.459,43.754
118,2026-04-17T21:51:00,49.506,24.805,26.667,32.874,41.307,2701.5,3701.4,15.933,18.923,21.925,0.25601,0.10782,340.09,77.379,6.8198,13.94,31.796,4511.1,23.9,45.392,49.255,80.316,2.2328,1.6556,3099.7,42.398,53.215,94.556,9.2561,61.767,35.907,40.665,2630.5,63.176,25.045,51.024,0.34162,8.903,26.207,120.4,1.2362,74.751,23.761,2.2172,54.18,4.7986,245.9,-0.0051052,0.85228,66.266,19.459,43.754
119,2026-04-17T21:54:00,47.807,28.951,26.396,32.774,40.982,2700.0,3664.4,20.07,18.97,21.328,0.29663,0.10782,339.75,77.152,6.8465,13.871,32.52,4440.0,22.161,41.46,50.314,80.276,2.2604,1.6814,3099.0,42.649,53.176,94.51,9.3283,60.594,39.023,41.078,2627.7,63.435,25.075,51.021,0.35133,8.9583,26.611,120.4,1.0981,74.567,23.788,2.3675,54.18,4.8123,245.71,-0.0051052,0.85228,66.335,18.934,43.754
120,2026-04-17T21:57:00,49.862,29.019,27.03,32.774,40.801,2699.0,3690.3,19.128,18.97,21.903,0.29593,0.10782,340.14,77.166,6.8465,13.871,32.52,4430.4,22.557,46.213,49.585,80.189,2.2604,1.6814,3096.6,42.032,53.291,94.572,9.336,61.678,36.878,41.677,2627.5,62.989,25.521,51.312,0.34641,8.9583,26.611,120.4,1.0981,75.005,23.788,2.3675,54.18,4.8123,242.27,-0.0051052,0.85228,66.31,18.934,43.754
121,2026-04-17T22:00:00,50.003,22.254,27.267,32.248,40.813,2695.9,3638.9,17.421,18.717,21.834,0.22529,0.10782,340.83,76.686,7.0543,14.037,32.364,4480.4,23.301,46.541,50.627,79.878,2.293,1.7028,3094.3,42.096,53.908,94.624,9.4393,62.097,39.947,40.322,2624.3,63.687,23.615,51.431,0.34333,8.9157,26.164,120.39,1.2589,74.749,24.0,2.389,54.18,4.8446,240.77,-0.0051052,0.85228,66.262,19.004,43.754
122,2026-04-17T22:03:00,50.064,22.086,26.656,32.248,40.921,2695.9,3654.9,17.88,18.717,21.866,0.227,0.08041,340.37,77.25,7.0543,14.037,32.364,4469.7,23.101,46.682,50.112,79.892,2.293,1.7028,3092.9,42.098,54.036,94.685,9.3834,60.891,38.431,40.914,2623.8,63.411,25.597,51.436,0.33848,8.9157,26.164,120.4,1.2589,74.977,NA,2.389,53.391,4.8446,246.76,0.016239,0.83401,66.198,19.004,44.23
123,2026-04-17T22:06:00,49.767,23.389,26.889,33.088,40.691,2697.0,3652.8,17.349,18.717,22.027,0.23882,0.08041,339.89,77.371,7.1065,13.815,32.057,4466.5,23.314,45.994,51.073,80.127,2.2327,1.6879,3095.2,42.248,53.871,94.738,9.2713,63.106,41.258,43.073,2625.6,61.56,23.177,51.514,0.35882,8.8873,26.352,120.39,1.1854,75.557,23.742,2.2664,53.391,4.8441,248.41,0.016239,0.83401,66.239,18.772,44.23
124,2026-04-17T22:09:00,51.632,23.478,26.817,33.088,41.12,2699.3,3633.9,17.04,18.717,21.675,0.23791,0.08041,340.09,77.4,7.1065,13.815,32.057,4441.4,23.441,50.311,49.277,80.166,2.2327,1.6879,3097.0,42.321,54.171,94.832,9.4023,63.304,35.973,43.229,2626.8,61.884,27.471,51.694,0.35753,8.8873,26.352,120.39,1.1854,73.975,23.742,2.2664,53.391,4.8441,248.87,0.016239,0.83401,66.289,18.772,44.23
125,2026-04-17T22:12:00,49.188,26.442,27.021,33.058,40.491,2705.1,3602.0,19.484,18.903,22.542,0.26666,0.08041,340.81,77.676,6.994,13.883,32.271,4475.5,22.39,44.654,51.08,80.517,2.2737,1.6317,3100.4,42.292,54.314,94.712,9.421,62.063,41.279,40.083,2634.0,61.789,24.416,51.963,0.33589,9.1144,26.269,120.39,1.461,74.568,24.159,2.2755,53.391,4.7331,248.3,0.016239,0.83401,66.356,18.389,44.23
126,2026-04-17T22:15:00,50.414,26.337,26.966,33.058,40.403,2704.9,3582.3,19.379,18.903,21.74,0.26773,0.08041,340.43,77.219,6.994,13.883,32.271,4492.4,22.445,47.492,49.005,80.268,2.2737,1.6317,3104.4,42.484,54.112,94.806,9.4036,63.232,35.172,39.759,2633.1,62.127,24.652,52.127,0.33855,9.1144,26.269,120.4,1.461,74.986,24.159,2.2755,53.391,4.7331,248.86,0.016239,0.83401,66.412,18.389,44.23
127,2026-04-17T22:18:00,49.541,24.344,27.135,32.562,41.03,2706.8,3593.4,17.931,18.567,22.185,0.24709,0.10774,341.41,76.939,6.7115,14.013,32.059,4577.1,23.067,45.471,49.973,80.088,2.2963,1.6114,3104.3,41.886,54.072,94.85,9.4918,60.624,38.021,41.127,2635.0,62.765,24.356,51.949,0.34255,8.8574,26.279,120.4,1.2654,75.271,23.773,2.3332,53.261,4.8436,248.22,0.020704,0.83533,66.407,18.929,43.432
128,2026-04-17T22:21:00,50.716,24.301,26.752,32.562,40.719,2708.7,3613.9,17.793,18.567,22.04,0.24753,0.10774,341.44,77.482,6.7115,14.013,32.059,4540.5,23.108,48.191,48.668,80.075,2.2963,1.6114,3106.2,42.75,54.51,94.754,9.4362,63.217,34.181,40.716,2637.2,62.411,23.021,51.988,0.34592,8.8574,26.279,120.4,1.2654,75.857,23.773,2.3332,53.261,4.8436,248.06,0.020704,0.83533,66.357,18.929,43.432
129,2026-04-17T22:24:00,51.497,26.351,26.749,32.778,41.085,2710.2,3665.4,17.58,18.444,22.362,0.26805,0.10774,341.44,77.524,6.7619,13.875,32.077,4510.5,23.193,49.998,50.674,80.16,2.2277,1.6529,3108.0,42.121,53.562,94.576,9.4862,61.846,40.084,42.781,2640.0,64.031,26.566,52.061,0.35909,8.8154,26.371,120.4,1.2561,75.033,24.251,2.2957,53.261,4.818,247.53,0.020704,0.83533,66.337,19.118,43.432
130,2026-04-17T22:27:00,49.142,26.315,26.761,32.778,41.443,2710.3,3700.9,18.625,18.444,22.048,0.26842,0.10774,341.25,77.4,6.7619,13.875,32.077,4514.1,22.751,44.549,48.897,80.154,2.2277,1.6529,3108.5,42.216,53.52,94.345,9.3436,61.747,34.854,42.779,2638.8,63.42,24.916,51.896,0.35911,8.8154,26.371,120.43,1.2561,75.218,24.251,2.2957,53.261,4.818,249.59,0.020704,0.83533,66.362,19.118,43.432
131,2026-04-17T22:30:00,49.333,26.454,26.74,33.1,41.891,2708.4,3650.9,16.5,18.138,21.821,0.26619,0.10774,341.61,77.183,6.6959,13.836,31.694,4469.8,23.651,44.99,51.352,80.065,2.2636,1.6567,3107.6,42.36,53.544,94.477,9.3415,60.338,42.078,40.805,2636.8,63.976,26.482,51.865,0.34649,8.7784,26.139,120.4,1.2583,74.891,24.542,2.31,53.261,4.8364,250.2,0.020704,0.83533,66.375,18.757,43.432
132,2026-04-17T22:33:00,51.153,26.1,26.775,33.1,41.688,2708.2,3708.4,18.099,18.138,22.337,0.26978,0.10773,341.92,77.206,6.6959,13.836,31.694,4477.3,22.98,49.202,51.742,79.954,2.2636,1.6567,3105.9,42.122,53.455,94.474,9.4759,61.159,43.227,41.241,2637.7,62.986,23.88,51.972,0.34291,8.7784,26.139,120.43,1.2583,74.996,24.542,2.31,53.161,4.8364,249.62,0.0035142,0.8206,66.34,18.757,43.986
133,2026-04-17T22:36:00,50.039,30.182,26.485,33.015,41.334,2708.3,3689.2,20.962,18.332,22.022,0.30858,0.10773,342.15,77.249,6.9536,13.755,31.755,4509.0,21.773,46.623,51.439,79.947,2.2437,1.6433,3106.3,42.461,53.932,94.304,9.452,61.09,42.333,40.336,2637.1,64.04,25.811,52.091,0.34211,8.8192,26.405,120.38,1.0454,74.832,23.935,2.2813,53.161,4.8857,248.74,0.0035142,0.8206,66.312,18.702,43.986
134,2026-04-17T22:39:00,49.043,30.301,26.613,33.015,41.924,2709.1,3730.3,19.227,18.332,22.302,0.30737,0.10773,342.51,77.257,6.9536,13.755,31.755,4544.2,22.506,44.319,51.055,79.943,2.2437,1.6433,3106.1,42.482,53.511,94.495,9.365,61.183,41.205,40.589,2638.3,63.332,26.294,52.116,0.34003,8.8192,26.405,120.42,1.0454,74.797,NA,2.2813,53.161,4.8857,248.9,0.0035142,0.8206,66.275,18.702,43.986
135,2026-04-17T22:42:00,49.312,30.105,27.253,33.154,41.103,2709.8,3662.6,19.073,18.242,22.621,0.30716,0.10773,343.32,77.558,6.8653,14.107,32.136,4557.5,22.559,44.942,50.321,79.962,2.275,1.6769,3106.7,42.811,53.495,94.388,9.3835,62.093,39.045,39.165,2639.3,62.292,24.273,52.157,0.33359,8.9438,26.465,120.39,1.3059,75.504,24.031,2.2285,53.161,4.7614,248.88,0.0035142,0.8206,66.313,18.468,43.986
136,2026-04-17T22:45:00,50.033,30.135,26.862,33.154,41.266,2714.4,3617.5,19.643,18.242,22.93,0.30685,0.10773,343.19,77.875,6.8653,14.107,32.136,4511.9,22.303,46.61,48.684,80.222,2.275,1.6769,3109.5,41.782,54.04,94.537,9.393,60.556,34.228,39.347,2644.6,63.068,25.709,52.166,0.3321,8.9438,26.465,120.42,1.3059,75.421,24.031,2.2285,53.161,4.7614,249.19,0.0035142,0.8206,66.33,18.468,43.986
137,2026-04-17T22:48:00,49.046,26.94,26.854,33.002,40.346,2711.1,3630.2,17.082,18.591,22.493,0.27069,0.092669,343.3,77.015,6.8422,13.871,32.32,4501.0,23.406,44.327,50.112,79.939,2.2486,1.6232,3107.6,42.402,54.778,94.506,9.4032,60.174,38.429,43.856,2640.2,63.597,26.878,52.113,0.37361,8.874,26.271,120.37,1.0333,75.274,24.265,2.2126,54.492,4.8027,245.79,0.025865,0.83077,66.357,18.311,43.857
138,2026-04-17T22:51:00,49.233,26.902,26.897,33.002,42.213,2709.9,3638.8,18.153,18.591,22.41,0.27107,0.092669,343.18,77.096,6.8422,13.871,32.32,4592.4,22.956,44.759,49.996,79.8,2.2486,1.6232,3106.6,42.501,53.684,94.477,9.3599,61.527,38.087,44.079,2638.6,63.449,25.852,51.899,0.37178,8.874,26.271,120.41,1.0333,75.047,24.265,2.2126,54.492,4.8027,246.72,0.025865,0.83077,66.313,18.311,43.857
139,2026-04-17T22:54:00,49.781,24.99,26.976,33.224,40.625,2709.6,3662.8,16.391,17.937,22.503,0.25422,0.092669,343.52,77.254,6.8018,13.909,32.515,4546.5,23.696,46.028,50.29,79.837,2.2622,1.6188,3106.4,42.717,54.685,94.626,9.3494,63.713,38.954,40.824,2639.0,63.266,24.674,51.789,0.34865,8.8689,26.221,120.37,1.298,75.107,24.105,2.2896,54.492,4.8997,246.51,0.025865,0.83077,66.259,19.003,43.857
140,2026-04-17T22:57:00,48.129,24.922,26.821,33.224,41.97,2713.0,3655.8,18.3,17.937,22.627,0.2549,0.092669,343.71,77.74,6.8018,13.909,32.515,4564.9,22.873,42.204,49.377,80.037,2.2622,1.6188,3107.2,42.398,54.465,94.413,9.3099,61.444,36.266,41.002,2642.0,63.387,23.844,51.69,0.34719,8.8689,26.221,120.41,1.298,74.234,24.105,2.2896,54.492,4.8997,246.18,0.025865,0.83077,66.239,19.003,43.857
141,2026-04-17T23:00:00,51.205,23.016,27.042,33.308,40.861,2712.1,3696.8,19.842,18.466,22.745,0.23163,0.092669,343.53,77.421,6.9982,13.731,32.775,4526.4,22.227,49.322,50.18,80.074,2.2462,1.6917,3107.6,42.789,53.247,94.631,9.3269,62.804,38.629,41.661,2641.0,63.092,25.53,51.461,0.35101,8.8459,26.789,120.38,1.2906,75.489,24.059,2.2171,54.492,4.7299,247.28,0.025865,0.83077,66.259,18.38,43.857
142,2026-04-17T23:03:00,50.377,22.817,27.185,33.308,42.08,2710.1,3694.2,16.815,18.466,22.896,0.23365,0.094668,343.36,77.215,6.9982,13.731,32.775,4501.2,23.51,47.407,49.885,79.932,2.2462,1.6917,3104.7,42.144,53.549,94.302,9.372,62.903,37.762,41.513,2638.9,63.136,24.588,51.55,0.35223,8.8459,26.789,120.43,1.2906,74.984,24.059,2.2171,55.042,4.7299,247.53,-0.011735,0.82266,66.283,18.38,44.355
143,2026-04-17T23:06:00,51.596,19.79,27.07,32.926,40.222,2708.4,3664.7,16.681,18.477,22.646,0.20473,0.094668,343.15,77.24,6.8742,13.704,32.784,4551.2,23.564,50.228,51.334,79.901,2.3069,1.6455,3103.8,42.181,54.493,94.745,9.4074,63.555,42.026,39.02,2637.0,61.903,24.269,51.565,0.33356,8.9622,26.221,120.37,1.3423,74.783,24.058,2.2777,55.042,4.8212,247.07,-0.011735,0.82266,66.273,18.952,44.355
144,2026-04-17T23:09:00,52.009,19.676,26.832,32.926,40.853,2710.5,3675.7,17.738,18.477,22.694,0.20589,0.094668,343.16,77.501,6.8742,13.704,32.784,4592.0,23.105,51.183,50.331,80.098,2.3069,1.6455,3105.6,42.206,54.004,94.543,9.453,60.441,39.073,39.067,2639.5,61.715,25.092,51.432,0.33317,8.9622,26.221,120.39,1.3423,74.698,24.058,2.2777,55.042,4.8212,248.28,-0.011735,0.82266,66.274,18.952,44.355
145,2026-04-17T23:12:00,49.276,19.368,26.887,32.955,41.348,2709.7,3660.2,17.604,18.271,22.71,0.1949,0.094668,343.21,77.163,6.8689,13.763,32.245,4468.2,23.167,44.859,49.985,80.034,2.2689,1.6146,3105.4,42.13,54.1,94.568,9.2956,61.74,38.055,38.912,2638.3,63.019,24.057,51.581,0.32717,8.879,26.483,120.41,1.2172,74.125,24.234,2.3657,55.042,4.8172,246.3,-0.011735,0.82266,66.313,18.468,44.355
146,2026-04-17T23:15:00,51.299,19.242,26.956,32.955,40.408,2708.2,3654.1,18.439,18.271,22.691,0.19618,0.094668,343.15,77.152,6.8689,13.763,32.245,4493.3,22.82,49.54,52.036,79.89,2.2689,1.6146,3103.7,42.387,53.8,94.687,9.2645,62.246,44.092,38.794,2636.9,63.124,26.387,51.576,0.32813,8.879,26.483,120.38,1.2172,74.629,24.234,2.3657,55.042,4.8172,246.08,-0.011735,0.82266,66.276,18.468,44.355
147,2026-04-17T23:18:00,48.855,23.8,26.763,33.191,40.506,2710.0,3665.3,17.071,18.184,22.661,0.24729,0.10033,342.66,77.391,6.8693,13.77,32.338,4544.0,23.386,43.885,48.712,80.042,2.2788,1.652,3105.3,42.383,54.392,94.588,9.2894,64.27,34.309,39.521,2638.7,62.986,26.337,51.426,0.33404,8.5695,26.313,120.42,1.3375,75.316,24.175,2.3206,53.775,4.8093,244.99,0.018006,0.83133,66.262,19.163,43.211
148,2026-04-17T23:21:00,50.962,24.113,27.344,33.191,40.44,2709.8,3654.6,17.484,18.184,22.886,0.2441,0.10033,342.57,77.301,6.8693,13.77,32.338,4502.1,23.217,48.761,48.579,79.925,2.2788,1.652,3104.8,42.28,54.893,94.588,9.341,61.706,33.919,39.957,2639.0,63.17,25.053,51.368,0.33047,8.5695,26.313,120.39,1.3375,74.75,24.175,2.3206,53.775,4.8093,244.28,0.018006,0.83133,66.261,19.163,43.211
149,2026-04-17T23:24:00,49.796,23.031,26.745,33.431,41.168,2710.3,3639.3,20.215,18.576,22.519,0.23506,0.10033,342.68,77.515,6.7345,13.959,32.161,4492.7,22.057,46.062,50.171,80.063,2.2854,1.7017,3105.1,42.475,53.295,94.504,9.3203,61.841,38.603,39.807,2639.9,63.443,23.907,51.219,0.33258,8.7633,26.394,120.4,1.2983,74.439,23.931,2.2586,53.775,4.7403,244.57,0.018006,0.83133,66.269,18.57,43.211
150,2026-04-17T23:27:00,49.79,23.105,26.456,33.431,41.165,2708.8,3666.4,16.083,18.576,22.285,0.23431,0.10033,342.53,77.219,6.7345,13.959,32.161,4448.8,23.806,46.048,50.83,79.969,2.2854,1.7017,3105.1,42.362,53.821,94.587,9.4484,59.36,40.542,39.313,2637.1,62.976,26.437,51.05,0.33663,8.7633,26.394,120.4,1.2983,75.162,23.931,2.2586,53.775,4.7403,245.12,0.018006,0.83133,66.263,18.57,43.211
151,2026-04-17T23:30:00,50.263,24.518,26.645,33.167,41.422,2708.6,3674.9,18.256,18.764,22.216,0.25285,0.10033,342.51,77.122,6.8821,14.017,32.38,4511.9,22.895,47.144,49.958,79.919,2.2611,1.7038,3104.1,42.441,54.505,94.562,9.366,63.279,37.978,42.584,2636.5,64.088,26.158,50.866,0.35195,8.6727,26.539,120.4,1.3415,75.554,24.284,2.2587,53.775,4.8988,245.83,0.018006,0.83133,66.23,18.475,43.211
152,2026-04-17T23:33:00,47.552,24.887,26.839,33.167,42.038,2706.2,3730.5,18.652,18.764,22.71,0.24911,0.087038,342.64,76.886,6.8821,14.017,32.38,4556.4,22.745,40.87,48.479,79.758,2.2611,1.7038,3102.7,42.457,53.972,94.591,9.388,61.877,33.624,42.342,2635.1,63.132,25.384,50.986,0.35393,8.6727,26.539,120.39,1.3415,74.77,24.284,2.2587,53.045,4.8988,245.48,0.038417,0.80647,66.161,18.475,43.665
153,2026-04-17T23:36:00,49.572,22.619,27.014,32.775,40.678,2703.9,3671.0,20.723,17.918,22.198,0.22808,0.087038,342.42,77.168,6.8075,13.864,32.078,4568.1,21.869,45.544,50.517,79.737,2.23,1.6393,3100.8,42.32,54.107,94.514,9.4361,59.454,39.623,43.179,2632.6,62.93,24.575,50.947,0.3616,8.9037,26.244,120.37,1.3107,74.491,24.475,2.2531,53.045,4.7651,245.64,0.038417,0.80647,66.131,18.323,43.665
154,2026-04-17T23:39:00,48.858,22.602,26.785,32.775,41.06,2707.2,3667.3,17.801,17.918,22.495,0.22825,0.087038,342.32,77.524,6.8075,13.864,32.078,4520.8,23.085,43.89,50.396,80.086,2.23,1.6393,3102.8,42.242,54.673,94.719,9.3928,61.208,39.267,43.207,2636.4,62.993,25.222,51.049,0.36137,8.9037,26.244,120.4,1.3107,74.435,24.475,2.2531,53.045,4.7651,244.18,0.038417,0.80647,66.135,18.323,43.665
155,2026-04-17T23:42:00,48.887,25.518,26.901,33.231,40.989,2708.4,3679.4,17.241,18.204,22.268,0.25626,0.087038,341.32,77.753,6.9501,13.714,32.388,4558.0,23.307,43.957,50.73,80.196,2.2393,1.6527,3105.7,42.383,54.665,94.383,9.3882,60.732,40.249,40.791,2637.1,63.475,27.738,51.097,0.34916,8.8398,26.227,120.4,0.95756,75.105,24.74,2.3339,53.045,4.8045,243.28,0.038417,0.80647,66.202,18.451,43.665
156,2026-04-17T23:45:00,52.264,25.487,26.703,33.231,41.504,2707.8,3696.6,18.997,18.204,22.296,0.25657,0.087038,341.83,77.286,6.9501,13.714,32.388,4569.0,22.579,51.773,49.668,80.132,2.2393,1.6527,3104.8,42.212,54.533,94.606,9.4036,62.259,37.122,41.111,2636.5,63.179,23.361,51.067,0.34653,8.8398,26.227,120.42,0.95756,74.531,24.74,2.3339,53.045,4.8045,243.23,0.038417,0.80647,66.27,18.451,43.665
157,2026-04-17T23:48:00,47.895,22.579,26.945,32.84,40.704,2706.7,3650.1,18.216,18.774,22.099,0.22525,0.086694,342.13,77.179,6.8099,13.874,32.463,4529.8,22.911,41.662,49.985,80.102,2.2666,1.6243,3104.0,42.505,54.753,94.532,9.2044,64.555,38.057,39.418,2635.0,62.732,23.45,50.384,0.32701,8.8914,26.41,120.4,1.4233,74.914,24.033,2.3767,53.305,4.8175,243.06,0.009751,0.81288,66.273,18.532,43.951
158,2026-04-17T23:51:00,49.78,22.231,26.737,32.84,40.939,2707.2,3652.2,17.555,18.774,22.445,0.22878,0.086694,341.77,77.479,6.8099,13.874,32.463,4575.4,23.179,46.026,49.021,80.132,2.2666,1.6243,3103.1,41.939,54.208,94.678,9.1996,61.553,35.218,39.265,2636.6,62.695,24.572,49.933,0.32826,8.8914,26.41,120.38,1.4233,75.286,24.033,2.3767,53.305,4.8175,244.53,0.009751,0.81288,66.224,18.532,43.951
159,2026-04-17T23:54:00,49.028,21.293,26.965,32.698,41.334,2707.0,3701.9,18.975,18.347,22.487,0.21889,0.086694,341.99,77.264,7.0022,13.828,31.52,4536.0,22.582,44.284,48.817,80.178,2.2592,1.6641,3102.7,42.263,54.53,94.551,9.2611,62.75,34.62,41.021,2636.1,63.072,25.079,50.182,0.3486,8.7614,26.562,120.4,1.2837,75.564,24.346,2.2776,53.305,4.872,238.14,0.009751,0.81288,66.211,19.006,43.951
160,2026-04-17T23:57:00,48.041,21.416,27.093,32.698,40.505,2701.7,3684.1,17.129,18.347,21.597,0.21763,0.086694,340.45,76.742,7.0022,13.828,31.52,4562.3,23.388,42.0,52.58,79.809,2.2592,1.6641,3102.7,42.584,54.215,94.621,9.2349,60.896,45.692,41.476,2628.7,63.378,26.209,49.761,0.34487,8.7614,26.562,120.39,1.2837,75.466,24.346,2.2776,53.305,4.872,239.32,0.009751,0.81288,66.164,19.006,43.951
161,2026-04-18T00:00:00,49.168,30.503,26.634,33.022,41.987,2704.6,3677.0,17.993,18.8,21.998,0.31174,0.086694,341.21,77.394,6.8074,14.095,32.045,4511.1,23.01,44.608,48.874,79.964,2.2798,1.7044,3100.5,42.618,53.664,94.76,9.3457,58.078,34.787,40.749,2633.3,61.792,26.228,49.496,0.34108,8.9441,26.19,120.44,1.2363,75.271,24.008,2.2464,53.305,4.8631,238.79,0.009751,0.81288,66.056,19.195,43.951
162,2026-04-18T00:03:00,50.819,30.801,27.067,33.022,40.208,2705.3,3637.4,16.676,18.8,22.157,0.3087,0.087417,341.21,77.175,6.8074,14.095,32.045,4497.1,23.573,48.428,51.012,79.97,2.2798,1.7044,3102.8,42.337,53.831,94.695,9.3254,60.446,41.08,40.776,2634.2,62.473,22.729,49.263,0.34086,8.9441,26.19,120.36,1.2363,74.257,24.008,2.2464,52.796,4.8631,239.24,0.02527,0.82506,66.028,19.195,43.123
163,2026-04-18T00:06:00,49.768,25.97,26.963,33.155,41.285,2705.9,3670.2,20.024,18.657,22.294,0.26465,0.087417,341.09,77.546,6.8612,13.851,32.43,4416.8,22.146,45.996,51.345,80.147,2.2118,1.6414,3102.9,42.616,54.275,94.615,9.3874,59.514,42.059,44.318,2634.7,63.594,25.772,49.175,0.37205,8.9142,26.722,120.4,1.1903,76.005,23.946,2.2376,52.796,4.7573,237.31,0.02527,0.82506,66.009,18.486,43.123
164,2026-04-18T00:09:00,48.959,26.012,26.896,33.155,40.844,2704.0,3715.0,18.089,18.657,21.756,0.26422,0.087417,340.9,77.405,6.8612,13.851,32.43,4441.2,22.964,44.124,48.969,80.144,2.2118,1.6414,3103.4,42.164,53.982,94.597,9.4678,60.977,35.066,44.231,2632.0,62.824,24.3,48.734,0.37277,8.9142,26.722,120.38,1.1903,74.76,23.946,2.2376,52.796,4.7573,239.31,0.02527,0.82506,66.02,18.486,43.123
165,2026-04-18T00:12:00,49.821,22.393,26.9,33.232,41.815,2704.9,3650.6,16.795,18.665,22.366,0.22546,0.087417,341.35,77.563,6.7486,13.807,32.278,4595.9,23.5,46.119,48.565,80.2,2.2773,1.6873,3102.7,42.103,53.861,94.616,9.4797,58.832,33.878,41.02,2634.2,63.504,25.399,48.996,0.34751,8.8962,26.88,120.43,1.2553,75.553,23.872,2.3262,52.796,4.7425,233.44,0.02527,0.82506,65.998,18.884,43.123
166,2026-04-18T00:15:00,50.251,22.258,26.858,33.232,40.166,2703.5,3661.4,18.668,18.665,22.023,0.22683,0.087417,341.22,77.093,6.7486,13.807,32.278,4582.2,22.72,47.114,47.236,80.254,2.2773,1.6873,3101.6,42.302,54.025,94.582,9.2839,62.146,29.967,41.217,2632.0,63.319,24.863,48.576,0.34589,8.8962,26.88,120.38,1.2553,75.113,23.872,2.3262,52.796,4.7425,235.21,0.02527,0.82506,66.026,18.884,43.123
167,2026-04-18T00:18:00,49.57,23.545,26.776,32.934,40.885,2702.9,3678.9,17.781,18.979,21.738,0.23969,0.091438,340.66,77.097,6.7823,13.796,32.114,4541.1,23.094,45.538,51.144,80.163,2.2762,1.6432,3102.1,42.081,53.555,94.602,9.4644,59.136,41.466,40.434,2631.5,64.079,24.211,48.504,0.34257,8.8365,26.471,120.4,1.1305,75.284,23.918,2.3359,53.326,4.8291,236.25,0.00066118,0.81597,66.006,19.082,43.448
168,2026-04-18T00:21:00,48.77,23.605,27.312,32.934,40.748,2699.6,3677.7,16.266,18.979,21.78,0.23908,0.091438,340.84,77.072,6.7823,13.796,32.114,4521.0,23.737,43.686,49.446,79.996,2.2762,1.6432,3099.0,42.537,53.796,94.549,9.3251,62.379,36.47,40.583,2628.2,64.1,25.963,48.572,0.34134,8.8365,26.471,120.42,1.1305,74.809,23.918,2.3359,53.326,4.8291,233.97,0.00066118,0.81597,65.949,19.082,43.448
169,2026-04-18T00:24:00,50.942,25.235,27.033,32.595,40.97,2700.2,3682.4,16.855,18.656,22.14,0.25421,0.091438,341.07,77.077,6.6443,13.776,31.76,4499.1,23.492,48.714,51.04,80.054,2.2422,1.6706,3097.1,42.495,53.537,94.574,9.3488,61.002,41.16,40.583,2628.8,63.833,26.123,48.417,0.33872,8.7053,25.996,120.39,1.1732,75.81,23.765,2.2993,53.326,4.896,234.22,0.00066118,0.81597,65.899,18.851,43.448
170,2026-04-18T00:27:00,51.475,25.154,26.892,32.595,41.19,2698.5,3708.5,17.668,18.656,21.471,0.25503,0.091438,340.49,77.197,6.6443,13.776,31.76,4504.5,23.148,49.948,50.441,80.109,2.2422,1.6706,3097.9,42.598,53.472,94.461,9.2436,61.146,39.397,40.327,2627.0,63.384,24.801,48.214,0.34082,8.7053,25.996,120.42,1.1732,75.714,23.765,2.2993,53.326,4.896,235.0,0.00066118,0.81597,65.905,18.851,43.448
171,2026-04-18T00:30:00,51.466,28.725,27.196,32.873,41.407,2698.7,3748.9,19.001,18.967,22.047,0.29227,0.091438,340.47,77.027,6.8202,13.948,32.22,4486.4,22.596,49.928,49.62,80.059,2.2752,1.6465,3096.9,42.483,54.225,94.513,9.3566,60.827,36.982,39.934,2627.5,64.058,25.459,48.465,0.33921,9.0096,26.157,120.4,1.372,75.376,23.471,2.2843,53.326,4.9065,230.68,0.00066118,0.81597,65.88,18.859,43.448
172,2026-04-18T00:33:00,48.883,28.805,27.064,32.873,41.412,2699.4,3737.5,18.507,18.967,21.878,0.29145,0.10947,340.45,77.311,6.8202,13.948,32.22,4517.2,22.798,43.949,51.574,80.145,2.2752,1.6465,3097.6,42.219,53.856,94.415,9.3113,61.167,42.733,39.968,2627.8,64.254,25.667,47.91,0.33893,9.0096,26.157,120.4,1.372,75.508,23.471,2.2843,53.927,4.9065,232.5,0.016664,0.82885,65.861,18.859,43.438
173,2026-04-18T00:36:00,50.776,24.531,26.75,33.155,40.921,2696.8,3665.9,18.322,18.403,21.569,0.25016,0.10947,340.11,77.351,7.0612,13.953,32.064,4489.1,22.873,48.33,49.989,80.221,2.2925,1.6199,3095.4,42.658,54.159,94.352,9.3287,61.65,38.069,42.67,2624.9,64.084,26.062,47.661,0.355,9.0631,26.11,120.41,1.2062,74.677,24.082,2.2672,53.927,4.7525,232.55,0.016664,0.82885,65.872,18.971,43.438
174,2026-04-18T00:39:00,49.69,24.357,26.915,33.155,41.58,2696.7,3707.1,16.79,18.403,21.811,0.25193,0.10947,340.05,77.43,7.0612,13.953,32.064,4505.8,23.509,45.817,50.8,80.373,2.2925,1.6199,3095.2,42.268,53.959,94.615,9.2916,59.663,40.456,43.256,2625.6,63.375,25.397,47.675,0.3502,9.0631,26.11,120.39,1.2062,75.9,24.082,2.2672,53.927,4.7525,229.61,0.016664,0.82885,65.903,18.971,43.438
175,2026-04-18T00:42:00,49.539,26.004,27.332,33.256,40.302,2696.6,3636.6,18.464,18.224,21.986,0.26632,0.10947,339.9,77.766,6.9765,13.629,31.873,4486.4,22.788,45.467,48.83,80.501,2.2696,1.6249,3095.6,42.545,53.894,94.478,9.2343,61.28,34.657,42.757,2625.1,62.42,26.652,47.326,0.35693,8.6894,25.736,120.37,1.2122,74.78,23.531,2.2665,53.927,4.8431,230.71,0.016664,0.82885,65.948,18.796,43.438
176,2026-04-18T00:45:00,50.227,26.138,26.718,33.256,41.454,2697.3,3667.2,17.799,18.224,21.641,0.26496,0.10947,339.57,77.622,6.9765,13.629,31.873,4479.5,23.06,47.06,49.612,80.625,2.2696,1.6249,3096.0,42.089,53.976,94.788,9.4333,60.26,36.959,42.64,2626.4,61.894,24.011,47.452,0.35789,8.6894,25.736,120.39,1.2122,75.25,23.531,2.2665,53.927,4.8431,226.47,0.016664,0.82885,66.005,18.796,43.438
177,2026-04-18T00:48:00,50.662,28.107,26.486,32.601,40.085,2697.8,3658.3,17.275,18.686,21.415,0.28632,0.095,339.62,77.341,6.9808,13.784,32.218,4506.0,23.285,48.067,49.989,80.533,2.2204,1.6032,3097.1,41.948,54.07,94.57,9.3099,62.562,38.068,38.172,2626.7,62.66,25.315,47.312,0.32297,8.9021,26.368,120.34,1.2986,75.703,23.734,2.4023,54.147,4.9299,228.65,0.0234,0.83289,66.01,18.953,43.792
178,2026-04-18T00:51:00,50.932,28.191,26.894,32.601,41.813,2696.4,3633.7,18.267,18.686,21.429,0.28547,0.095,339.81,76.958,6.9808,13.784,32.218,4519.6,22.885,48.69,49.781,80.19,2.2204,1.6032,3095.3,42.49,53.908,94.871,9.3257,60.652,37.456,38.89,2624.2,63.083,25.81,47.336,0.31709,8.9021,26.368,120.39,1.2986,75.415,23.734,2.4023,54.147,4.9299,227.08,0.0234,0.83289,65.968,18.953,43.792
179,2026-04-18T00:54:00,50.765,25.208,26.596,32.244,39.855,2696.5,3642.4,19.764,19.303,21.903,0.25204,0.095,340.56,76.976,6.8574,13.797,31.68,4510.3,22.259,48.305,50.885,80.193,2.257,1.6547,3092.8,42.1,53.617,94.592,9.2846,61.522,40.706,40.079,2624.5,62.805,24.104,46.962,0.34008,8.9006,25.945,120.36,1.2775,74.23,23.302,2.3914,54.147,4.9145,230.05,0.0234,0.83289,65.868,19.252,43.792
180,2026-04-18T00:57:00,50.093,24.991,26.956,32.244,40.099,2694.3,3646.9,16.973,19.303,21.8,0.25424,0.095,340.06,77.093,6.8574,13.797,31.68,4500.4,23.44,46.749,50.217,80.017,2.257,1.6547,3093.1,42.358,53.736,95.019,9.4004,59.388,38.739,40.332,2622.5,62.726,25.352,47.048,0.33801,8.9006,25.945,120.38,1.2775,74.752,23.302,2.3914,54.147,4.9145,227.9,0.0234,0.83289,65.791,19.252,43.792
181,2026-04-18T01:00:00,48.137,30.333,26.881,32.956,41.078,2697.0,3662.4,18.568,18.438,21.98,0.30898,0.095,340.52,77.177,6.784,13.916,31.742,4470.0,22.77,42.223,50.223,80.122,2.2583,1.6955,3094.6,42.416,53.31,94.48,9.2964,61.747,38.755,40.116,2625.4,63.508,26.635,46.972,0.34226,8.8547,25.855,120.38,1.2844,75.237,23.505,2.2184,54.147,4.7923,227.57,0.0234,0.83289,65.728,19.1,43.792
182,2026-04-18T01:03:00,48.204,30.155,26.756,32.956,41.062,2697.8,3662.0,15.829,18.438,21.753,0.31078,0.091403,340.24,77.485,6.784,13.916,31.742,4474.5,23.915,42.378,50.624,80.187,2.2583,1.6955,3095.5,42.427,53.256,94.801,9.3045,61.996,39.937,40.131,2625.7,63.515,24.243,46.861,0.34214,8.8547,25.855,120.42,1.2844,73.97,23.505,2.2184,54.18,4.7923,228.71,0.024244,0.83797,65.696,19.1,42.879
183,2026-04-18T01:06:00,50.233,30.426,26.589,33.0,41.336,2698.1,3710.4,17.939,18.392,21.746,0.30606,0.091403,341.08,77.584,6.8265,13.716,32.393,4465.1,23.019,47.073,50.522,80.353,2.264,1.6649,3096.5,42.148,53.675,94.357,9.2667,61.99,39.637,42.223,2627.8,63.383,25.01,46.887,0.35133,8.847,26.42,120.41,1.3776,74.419,23.815,2.1988,54.18,4.8198,227.66,0.024244,0.83797,65.737,19.052,42.879
184,2026-04-18T01:09:00,50.853,30.319,26.785,33.0,41.855,2698.4,3675.5,15.521,18.392,21.858,0.30715,0.091403,341.17,77.282,6.8265,13.716,32.393,4482.8,24.041,48.508,51.897,80.385,2.264,1.6649,3096.7,41.954,53.463,94.624,9.2849,62.475,43.684,42.137,2626.6,63.984,24.753,46.838,0.35203,8.847,26.42,120.42,1.3776,74.784,23.815,2.1988,54.18,4.8198,227.44,0.024244,0.83797,65.768,19.052,42.879
185,2026-04-18T01:12:00,49.555,24.369,26.892,32.916,41.194,2696.1,3727.9,16.517,18.795,21.975,0.24426,0.091403,340.95,77.482,6.8301,13.874,32.221,4490.2,23.613,45.504,48.931,80.335,2.2333,1.6486,3094.9,42.234,53.441,94.377,9.3125,62.238,34.953,39.422,2625.3,62.782,24.831,46.709,0.33035,8.8855,26.557,120.42,1.4226,75.369,23.508,2.2637,54.18,4.8135,228.1,0.024244,0.83797,65.801,18.683,42.879
186,2026-04-18T01:15:00,50.909,24.292,27.12,32.916,40.986,2696.0,3671.5,18.549,18.795,22.168,0.24504,0.091403,340.68,77.502,6.8301,13.874,32.221,4467.3,22.753,48.638,49.405,80.418,2.2333,1.6486,3093.1,42.537,53.714,94.695,9.4034,60.858,36.349,38.934,2624.5,63.752,24.829,46.96,0.33436,8.8855,26.557,120.4,1.4226,74.879,23.508,2.2637,54.18,4.8135,224.51,0.024244,0.83797,65.802,18.683,42.879
187,2026-04-18T01:18:00,50.399,25.873,26.941,32.397,41.835,2692.6,3702.4,17.138,18.409,21.517,0.25969,0.094102,340.43,77.069,7.0072,13.897,32.059,4520.8,23.36,47.458,48.418,80.281,2.305,1.6291,3092.5,42.745,53.964,94.368,9.2293,62.269,33.444,41.487,2620.7,63.24,25.038,46.738,0.34772,9.0404,26.139,120.42,1.2638,74.258,23.698,2.3401,53.784,4.8807,227.67,0.027246,0.85433,65.822,18.914,42.981
188,2026-04-18T01:21:00,48.196,25.557,27.096,32.397,40.82,2690.5,3698.3,17.426,18.409,21.696,0.26291,0.094102,340.62,77.234,7.0072,13.897,32.059,4512.4,23.243,42.359,49.722,80.101,2.305,1.6291,3089.3,42.398,54.064,94.763,9.2429,60.295,37.283,41.234,2617.9,63.31,27.577,46.754,0.3498,9.0404,26.139,120.39,1.2638,75.995,23.698,2.3401,53.784,4.8807,227.39,0.027246,0.85433,65.777,18.914,42.981
189,2026-04-18T01:24:00,49.516,27.131,26.64,33.306,41.297,2691.0,3676.0,14.779,18.431,21.653,0.27931,0.094102,340.47,77.302,6.9151,13.83,32.3,4488.4,24.354,45.415,50.88,80.229,2.2388,1.6625,3089.1,42.436,53.782,94.545,9.3225,60.704,40.69,41.787,2619.5,62.106,26.072,46.978,0.35115,8.8887,26.291,120.39,1.3801,74.919,23.303,2.3394,53.784,5.0083,224.78,0.027246,0.85433,65.752,18.75,42.981
190,2026-04-18T01:27:00,49.892,27.167,26.729,33.306,40.622,2692.8,3643.2,18.794,18.431,21.82,0.27894,0.094102,340.73,77.34,6.9151,13.83,32.3,4481.9,22.667,46.285,49.84,80.242,2.2388,1.6625,3090.0,42.002,53.859,94.929,9.3858,60.663,37.629,41.807,2621.0,62.672,26.339,46.734,0.35099,8.8887,26.291,120.39,1.3801,74.997,23.303,2.3394,53.784,5.0083,227.42,0.027246,0.85433,65.75,18.75,42.981
191,2026-04-18T01:30:00,49.915,24.874,26.852,32.998,41.192,2695.3,3677.6,19.988,18.509,22.2,0.25572,0.094102,340.79,77.87,6.7672,13.998,32.246,4462.5,22.141,46.338,50.986,80.496,2.1993,1.6802,3092.3,42.258,54.484,94.452,9.2628,64.263,41.001,40.694,2624.2,62.813,23.909,46.831,0.34601,8.8697,26.419,120.4,1.3085,75.798,23.533,2.3047,53.784,4.9102,226.21,0.027246,0.85433,65.729,19.016,42.981
192,2026-04-18T01:33:00,48.162,25.067,26.794,32.998,40.92,2696.0,3684.8,17.53,18.509,21.767,0.25375,0.10577,340.5,77.346,6.7672,13.998,32.246,4527.7,23.185,42.28,52.708,80.542,2.1993,1.6802,3093.7,42.099,53.703,94.692,9.2723,61.92,46.07,40.915,2624.3,62.689,26.266,47.218,0.3442,8.8697,26.419,120.4,1.3085,74.049,23.533,2.3047,53.794,4.9102,226.62,0.019804,0.86458,65.815,19.016,43.784
193,2026-04-18T01:36:00,50.274,25.222,26.728,32.76,40.94,2692.5,3687.4,19.404,18.696,21.385,0.26085,0.10577,340.16,76.942,7.0175,13.619,32.04,4508.3,22.413,47.167,49.268,80.243,2.2494,1.6949,3091.7,42.882,53.268,94.487,9.4013,59.767,35.945,42.807,2619.8,63.979,25.712,47.06,0.36666,9.2077,26.29,120.42,1.2296,75.624,24.096,2.3037,53.794,4.9413,230.37,0.019804,0.86458,65.82,18.782,43.784
194,2026-04-18T01:39:00,48.775,25.507,27.043,32.76,41.098,2691.4,3701.3,19.185,18.696,21.453,0.25795,0.10577,340.53,77.17,7.0175,13.619,32.04,4490.1,22.504,43.7,49.877,80.187,2.2494,1.6949,3091.2,42.431,53.485,94.647,9.4097,61.283,37.737,43.083,2619.4,63.739,26.317,47.482,0.3644,9.2077,26.29,120.41,1.2296,75.21,24.096,2.3037,53.794,4.9413,227.66,0.019804,0.86458,65.798,18.782,43.784
195,2026-04-18T01:42:00,50.335,27.696,27.231,33.536,42.064,2695.1,3628.4,18.343,18.672,22.204,0.27661,0.10577,340.78,77.8,6.8491,13.684,32.244,4500.7,22.835,47.309,52.336,80.43,2.2214,1.6436,3092.1,42.338,53.909,94.526,9.3101,63.249,44.975,38.269,2623.6,62.79,25.174,47.433,0.32042,8.635,26.565,120.43,1.2808,74.338,23.377,2.2986,53.794,4.8727,230.23,0.019804,0.86458,65.776,18.773,43.784
196,2026-04-18T01:45:00,48.08,27.433,26.989,33.536,40.8,2698.2,3673.6,18.035,18.672,22.064,0.27929,0.10577,341.07,77.655,6.8491,13.684,32.244,4504.6,22.959,42.091,52.248,80.677,2.2214,1.6436,3096.5,42.146,53.863,94.661,9.306,61.559,44.716,38.325,2626.9,62.011,25.664,47.761,0.31996,8.635,26.565,120.41,1.2808,74.511,23.377,2.2986,53.794,4.8727,228.49,0.019804,0.86458,65.886,18.773,43.784
197,2026-04-18T01:48:00,49.824,25.57,27.046,32.848,41.621,2698.8,3660.2,20.317,18.616,22.093,0.25959,0.099891,341.23,77.441,6.9227,13.747,32.57,4510.5,21.998,46.128,49.875,80.605,2.2811,1.6786,3096.2,42.855,53.814,94.435,9.365,63.143,37.733,38.951,2627.4,63.67,25.2,47.992,0.32712,8.9598,26.606,120.41,1.3137,75.437,23.624,2.2866,54.012,4.8491,231.21,0.012326,0.84536,65.953,18.639,43.86
198,2026-04-18T01:51:00,50.164,25.433,26.802,32.848,40.514,2697.2,3697.1,15.753,18.616,21.752,0.26098,0.099891,341.06,77.273,6.9227,13.747,32.57,4474.8,23.927,46.914,50.15,80.35,2.2811,1.6786,3095.5,42.18,54.241,94.49,9.3949,60.849,38.542,39.031,2626.1,63.036,26.341,48.25,0.32646,8.9598,26.606,120.38,1.3137,74.274,23.624,2.2866,54.012,4.8491,231.74,0.012326,0.84536,65.971,18.639,43.86
199,2026-04-18T01:54:00,51.412,22.076,26.825,32.67,41.59,2696.4,3657.8,13.926,19.06,21.95,0.22754,0.099891,341.17,77.174,7.0038,13.923,32.554,4557.9,24.701,49.802,48.212,80.23,2.2223,1.6504,3094.6,42.475,53.587,94.606,9.29,60.568,32.839,39.323,2625.0,63.062,24.852,48.554,0.3366,9.011,26.613,120.41,1.1702,73.868,23.6,2.4153,54.012,4.9029,231.74,0.012326,0.84536,65.962,19.289,43.86
200,2026-04-18T01:57:00,50.0,22.38,27.086,32.67,41.364,2697.6,3676.5,18.048,19.06,22.328,0.22445,0.099891,341.36,77.342,7.0038,13.923,32.554,4479.2,22.959,46.535,50.36,80.377,2.2223,1.6504,3094.3,42.353,54.53,94.531,9.3564,60.083,39.16,39.79,2626.4,62.74,26.162,48.907,0.33277,9.011,26.613,120.4,1.1702,73.976,23.6,2.4153,54.012,4.9029,231.22,0.012326,0.84536,65.951,19.289,43.86
201,2026-04-18T02:00:00,52.188,22.133,26.647,32.708,40.296,2696.2,3625.1,19.995,18.685,21.901,0.22235,0.099891,341.48,77.117,6.9153,13.786,32.688,4457.6,22.142,51.598,49.996,80.312,2.2656,1.6633,3093.3,42.063,53.162,94.706,9.2559,62.134,38.087,41.924,2624.9,62.837,26.132,48.861,0.35398,8.8762,26.308,120.37,1.2423,75.495,22.866,2.3445,54.012,4.8847,235.12,0.012326,0.84536,65.979,18.413,43.86
202,2026-04-18T02:03:00,49.361,21.886,27.247,32.708,40.65,2695.0,3646.4,15.704,18.685,22.238,0.22486,0.10919,341.52,77.402,6.9153,13.786,32.688,4447.0,23.945,45.055,49.025,80.246,2.2656,1.6633,3092.2,42.737,53.29,94.671,9.4919,61.641,35.229,42.108,2624.0,62.47,25.587,48.643,0.35247,8.8762,26.308,120.39,1.2423,74.883,22.866,2.3445,53.564,4.8847,235.85,0.01181,0.82692,65.99,18.413,43.889
203,2026-04-18T02:06:00,49.668,20.165,27.055,32.577,40.678,2697.5,3642.8,17.281,18.739,21.985,0.2074,0.10919,341.25,77.612,6.832,13.773,32.516,4534.0,23.27,45.765,49.695,80.407,2.2885,1.6579,3096.5,42.591,54.386,94.685,9.3054,62.412,37.201,40.25,2625.6,63.236,25.423,48.637,0.33808,8.8352,26.406,120.4,1.0442,74.791,NA,2.2879,53.564,4.955,237.08,0.01181,0.82692,66.0,19.032,43.889
204,2026-04-18T02:09:00,50.838,20.481,26.661,32.577,40.824,2697.3,3639.4,19.001,18.739,21.747,0.20419,0.10919,341.16,77.209,6.832,13.773,32.516,4520.0,22.558,48.473,51.15,80.31,2.2885,1.6579,3095.4,42.457,54.553,94.57,9.2754,60.719,41.485,40.382,2626.1,63.295,23.97,48.731,0.33699,8.8352,26.406,120.39,1.0442,74.629,23.777,2.2879,53.564,4.955,237.18,0.01181,0.82692,66.018,19.032,43.889
205,2026-04-18T02:12:00,49.204,21.521,27.209,32.997,41.654,2696.8,3637.4,18.127,18.421,22.088,0.21832,0.10919,341.32,77.235,6.8561,14.036,32.003,4456.8,22.93,44.692,50.237,80.172,2.2418,1.6348,3094.3,42.441,53.799,94.69,9.3288,62.128,38.796,40.345,2625.4,64.067,24.331,48.965,0.33388,8.6849,26.184,120.39,1.2296,74.859,24.019,2.3242,53.564,4.8908,235.73,0.01181,0.82692,66.002,18.69,43.889
206,2026-04-18T02:15:00,50.835,21.458,26.828,32.997,41.617,2697.8,3688.7,17.481,18.421,21.869,0.21896,0.10919,341.02,77.623,6.8561,14.036,32.003,4498.2,23.185,48.466,47.604,80.395,2.2418,1.6348,3096.7,42.13,53.303,94.469,9.2396,61.243,31.05,39.973,2626.9,63.185,24.928,49.066,0.33693,8.6849,26.184,120.43,1.2296,74.82,24.019,2.3242,53.564,4.8908,235.75,0.01181,0.82692,66.042,18.69,43.889
207,2026-04-18T02:18:00,50.813,26.349,26.83,32.716,41.146,2698.5,3653.7,18.097,18.783,21.789,0.26682,0.099525,340.73,77.561,6.7388,13.826,32.603,4481.3,22.926,48.415,48.736,80.382,2.2284,1.6549,3098.0,42.446,54.331,94.682,9.3447,61.25,34.381,43.184,2626.8,63.611,24.125,48.961,0.36925,8.7904,26.402,120.4,1.5563,74.38,23.877,2.3293,54.333,4.9911,232.79,0.030085,0.84608,66.031,18.59,43.098
208,2026-04-18T02:21:00,50.188,26.375,26.955,32.716,41.807,2699.5,3693.1,17.685,18.783,21.87,0.26655,0.099525,341.26,77.383,6.7388,13.826,32.603,4491.7,23.097,46.969,50.386,80.44,2.2284,1.6549,3098.3,42.383,54.207,94.368,9.3707,60.333,39.236,43.673,2628.5,62.933,24.838,48.619,0.36525,8.7904,26.402,120.42,1.5563,74.645,23.877,2.3293,54.333,4.9911,235.44,0.030085,0.84608,66.057,18.59,43.098
209,2026-04-18T02:24:00,51.736,20.242,26.601,32.971,40.58,2698.8,3694.1,18.782,19.055,21.891,0.21063,0.099525,341.28,77.198,6.9065,13.64,32.44,4511.3,22.645,50.551,49.73,80.32,2.1875,1.7428,3097.0,42.347,54.239,94.483,9.4374,63.908,37.306,40.958,2627.7,64.024,24.426,48.601,0.34273,8.8958,26.145,120.41,1.4434,74.664,23.874,2.3248,54.333,5.0407,234.5,0.030085,0.84608,66.042,18.47,43.098
210,2026-04-18T02:27:00,49.443,20.359,26.869,32.971,41.283,2698.3,3698.4,16.984,19.055,21.851,0.20944,0.099525,340.98,77.305,6.9065,13.64,32.44,4535.5,23.401,45.246,49.38,80.307,2.1875,1.7428,3096.4,42.318,53.949,94.368,9.3404,61.23,36.276,40.907,2626.8,63.95,25.13,48.554,0.34315,8.8958,26.145,120.41,1.4434,74.62,23.874,2.3248,54.333,5.0407,233.89,0.030085,0.84608,66.019,18.47,43.098
211,2026-04-18T02:30:00,49.477,21.654,26.562,33.077,41.529,2699.5,3676.8,17.365,18.856,21.828,0.22072,0.099525,340.51,77.63,6.7629,13.681,32.067,4562.1,23.224,45.324,50.458,80.461,2.2934,1.6533,3097.4,42.337,53.968,94.56,9.4304,61.012,39.449,38.232,2628.6,62.908,25.86,48.53,0.32325,9.0831,26.481,120.39,1.5241,74.65,24.052,2.2993,54.333,4.905,232.99,0.030085,0.84608,66.033,18.485,43.098
212,2026-04-18T02:33:00,50.459,21.845,26.86,33.077,41.967,2699.9,3629.5,20.016,18.856,22.041,0.21878,0.098589,340.46,77.501,6.7629,13.681,32.067,4546.5,22.107,47.597,50.798,80.462,2.2934,1.6533,3097.5,42.318,54.155,94.485,9.4798,62.241,40.448,37.749,2628.6,63.721,25.26,48.731,0.32722,9.0831,26.481,120.4,1.5241,75.057,24.052,2.2993,53.483,4.905,235.08,0.029612,0.8415,66.077,18.485,43.855
213,2026-04-18T02:36:00,51.751,25.29,26.482,33.109,41.256,2699.5,3724.4,15.525,18.605,21.742,0.25455,0.098589,340.54,77.369,6.9679,13.848,32.186,4509.8,24.003,50.586,50.758,80.342,2.2633,1.7076,3099.3,41.822,54.607,94.488,9.3439,63.06,40.329,38.727,2627.9,63.392,25.274,48.788,0.3261,8.9825,26.315,120.4,1.3659,75.083,23.957,2.3081,53.483,4.8601,235.66,0.029612,0.8415,66.072,18.367,43.855
214,2026-04-18T02:39:00,49.284,25.244,27.092,33.109,41.686,2700.8,3689.1,18.649,18.605,21.819,0.25502,0.098589,340.33,77.241,6.9679,13.848,32.186,4562.0,22.686,44.877,49.443,80.44,2.2633,1.7076,3100.2,42.551,53.981,94.376,9.3592,62.009,36.461,39.172,2629.2,64.0,25.051,48.982,0.32245,8.9825,26.315,120.42,1.3659,74.687,23.957,2.3081,53.483,4.8601,234.72,0.029612,0.8415,66.099,18.367,43.855
215,2026-04-18T02:42:00,50.864,24.181,26.95,32.877,40.749,2698.1,3641.0,19.941,18.918,21.825,0.24403,0.098589,340.26,77.141,6.879,13.719,31.866,4535.6,22.153,48.534,49.909,80.201,2.286,1.6491,3097.0,42.306,54.645,94.649,9.3551,60.282,37.832,40.921,2625.9,63.046,25.107,49.021,0.34403,8.8536,26.06,120.39,1.2521,75.024,23.631,2.3633,53.483,4.9358,235.51,0.029612,0.8415,66.082,18.719,43.855
216,2026-04-18T02:45:00,50.608,23.953,26.99,32.877,41.089,2696.0,3647.8,16.675,18.918,21.463,0.24635,0.098589,340.29,77.125,6.879,13.719,31.866,4561.6,23.537,47.942,49.702,80.071,2.286,1.6491,3096.2,42.404,54.334,94.576,9.3947,60.692,37.223,40.875,2624.9,62.929,25.381,49.129,0.3444,8.8536,26.06,120.38,1.2521,74.375,23.631,2.3633,53.483,4.9358,235.58,0.029612,0.8415,66.007,18.719,43.855
217,2026-04-18T02:48:00,49.357,27.148,26.381,33.271,41.287,2698.9,3674.2,18.837,18.957,21.499,0.27923,0.093983,340.1,77.553,6.9286,13.876,32.65,4541.9,22.618,45.046,49.976,80.197,2.268,1.6928,3098.4,42.61,53.747,94.594,9.3691,60.904,38.03,39.062,2627.8,63.214,25.079,49.174,0.33044,9.0535,26.472,120.4,1.2457,75.192,23.959,2.313,54.446,4.9204,235.23,-0.0024413,0.81758,65.965,19.271,44.417
218,2026-04-18T02:51:00,51.68,27.427,26.959,33.271,40.782,2701.4,3691.0,16.321,18.957,21.707,0.27639,0.093983,340.3,77.446,6.9286,13.876,32.65,4488.0,23.676,50.423,50.942,80.298,2.268,1.6928,3100.5,42.121,54.393,94.537,9.4154,59.951,40.873,39.129,2629.3,62.926,24.311,49.116,0.32989,9.0535,26.472,120.39,1.2457,74.269,23.959,2.313,54.446,4.9204,236.63,-0.0024413,0.81758,66.013,19.271,44.417
219,2026-04-18T02:54:00,49.121,19.502,26.998,33.05,41.046,2702.0,3679.0,16.869,18.866,21.989,0.20391,0.093983,340.37,77.767,6.7987,13.679,31.609,4467.8,23.43,44.5,50.028,80.526,2.2727,1.6282,3099.3,42.223,53.243,94.599,9.318,61.644,38.183,41.247,2630.3,62.676,25.329,49.239,0.34677,8.8839,26.433,120.39,1.2357,75.515,24.032,2.2777,54.446,4.772,235.96,-0.0024413,0.81758,66.039,18.657,44.417
220,2026-04-18T02:57:00,50.129,19.603,26.782,33.05,40.674,2700.2,3674.0,16.44,18.866,21.827,0.20289,0.093983,340.39,77.369,6.7987,13.679,31.609,4476.4,23.616,46.832,50.907,80.458,2.2727,1.6282,3098.6,42.074,53.14,94.634,9.2932,62.317,40.77,41.439,2628.6,62.763,23.362,49.183,0.3452,8.8839,26.433,120.39,1.2357,75.212,24.032,2.2777,54.446,4.772,237.29,-0.0024413,0.81758,66.112,18.657,44.417
221,2026-04-18T03:00:00,50.316,29.815,27.019,32.849,41.832,2701.4,3677.1,19.478,18.825,21.877,0.3015,0.093983,340.3,77.128,6.8827,13.675,32.102,4540.1,22.342,47.265,51.553,80.436,2.2369,1.6594,3099.7,42.347,53.852,94.57,9.3627,61.326,42.67,38.466,2630.3,63.865,23.959,49.225,0.3257,8.9071,26.477,120.42,1.133,75.452,23.982,2.3425,54.446,4.9322,237.51,-0.0024413,0.81758,66.157,18.84,44.417
222,2026-04-18T03:03:00,50.437,29.659,26.746,32.849,40.513,2700.5,3681.6,18.794,18.825,21.496,0.30309,0.10697,340.56,77.333,6.8827,13.675,32.102,4511.2,22.628,47.546,49.518,80.237,2.2369,1.6594,3099.9,42.405,54.198,94.406,9.189,63.165,36.682,38.98,2628.9,63.788,24.64,48.875,0.32149,8.9071,26.477,120.37,1.133,75.481,23.982,2.3425,53.66,4.9322,235.15,0.00953,0.81044,66.123,18.84,44.358
223,2026-04-18T03:06:00,50.48,25.599,26.596,32.962,41.834,2700.2,3700.2,17.034,18.568,21.942,0.256,0.10697,340.63,77.187,6.941,13.543,31.788,4470.6,23.381,47.644,50.874,80.191,2.2286,1.6418,3097.9,41.915,54.239,94.585,9.3152,59.346,40.672,38.78,2628.5,62.77,27.686,48.724,0.32055,8.8646,26.222,120.42,1.3321,75.052,23.847,2.2782,53.66,4.9139,234.57,0.00953,0.81044,66.056,18.879,44.358
224,2026-04-18T03:09:00,51.006,25.429,26.943,32.962,40.926,2700.5,3695.2,17.856,18.568,22.149,0.25772,0.10697,340.81,77.118,6.941,13.543,31.788,4517.2,23.036,48.861,50.155,80.257,2.2286,1.6418,3098.1,42.314,53.681,94.471,9.3861,59.475,38.555,38.463,2629.8,62.857,24.141,48.527,0.32315,8.8646,26.222,120.39,1.3321,74.296,23.847,2.2782,53.66,4.9139,234.51,0.00953,0.81044,66.023,18.879,44.358
225,2026-04-18T03:12:00,51.575,28.429,26.777,32.9,41.648,2701.4,3659.5,19.083,18.692,21.721,0.29297,0.10697,340.92,77.186,6.9736,13.936,32.587,4504.0,22.522,50.179,50.72,80.216,2.2529,1.643,3098.3,42.567,53.728,94.731,9.4021,61.31,40.218,36.47,2630.0,62.931,25.017,48.453,0.30806,8.8016,26.019,120.4,1.3792,75.658,23.937,2.3159,53.66,4.8366,233.05,0.00953,0.81044,65.995,18.911,44.358
226,2026-04-18T03:15:00,49.828,28.563,26.756,32.9,41.614,2701.6,3666.8,16.661,18.692,21.941,0.29161,0.10697,341.29,77.395,6.9736,13.936,32.587,4504.6,23.532,46.136,51.034,80.285,2.2529,1.643,3099.0,42.44,53.722,94.497,9.4234,59.263,41.144,36.492,2630.5,62.805,24.832,48.074,0.30788,8.8016,26.019,120.4,1.3792,76.407,23.937,2.3159,53.66,4.8366,235.06,0.00953,0.81044,65.955,18.911,44.358
227,2026-04-18T03:18:00,50.325,20.901,27.126,33.444,40.399,2696.6,3626.0,17.408,18.681,21.726,0.21507,0.086538,340.74,76.959,6.9317,13.856,31.98,4501.7,23.239,47.286,49.286,79.978,2.2922,1.6696,3095.7,42.623,53.658,94.785,9.3917,61.435,36.0,41.899,2624.6,63.15,25.406,47.987,0.34868,8.7676,26.418,120.36,1.2078,74.972,23.97,2.3538,53.862,4.8729,231.32,0.039376,0.81367,65.938,19.107,43.731
228,2026-04-18T03:21:00,51.155,21.065,26.979,33.444,41.034,2697.1,3649.1,15.415,18.681,22.004,0.2134,0.086538,340.74,77.765,6.9317,13.856,31.98,4506.6,24.059,49.206,49.52,80.102,2.2922,1.6696,3094.9,42.423,53.6,94.662,9.3712,59.606,36.686,41.486,2626.2,62.753,24.475,47.618,0.35206,8.7676,26.418,120.41,1.2078,74.761,23.97,2.3538,53.862,4.8729,232.18,0.039376,0.81367,65.857,19.107,43.731
229,2026-04-18T03:24:00,51.496,26.75,26.644,33.186,40.436,2698.9,3649.0,16.253,19.035,21.891,0.27104,0.086538,340.56,77.549,6.8213,13.815,32.599,4472.1,23.708,49.996,50.161,80.311,2.3016,1.6525,3097.5,42.187,53.493,94.726,9.4576,63.285,38.575,40.48,2628.0,63.056,26.161,47.403,0.34365,8.8719,26.401,120.38,1.1144,75.146,23.957,2.3416,53.862,4.8775,231.28,0.039376,0.81367,65.868,18.854,43.731
230,2026-04-18T03:27:00,50.843,26.654,27.095,33.186,41.174,2701.2,3661.1,17.851,19.035,21.851,0.27201,0.086538,340.49,77.545,6.8213,13.815,32.599,4469.7,23.03,48.486,49.057,80.431,2.3016,1.6525,3099.8,42.417,53.522,94.576,9.4089,62.173,35.324,40.654,2628.9,62.848,24.427,47.244,0.34222,8.8719,26.401,120.4,1.1144,76.122,23.957,2.3416,53.862,4.8775,229.76,0.039376,0.81367,65.863,18.854,43.731
231,2026-04-18T03:30:00,49.854,20.609,26.936,33.006,40.979,2700.9,3693.9,17.672,18.979,21.836,0.2115,0.086538,341.15,77.187,6.9471,13.791,32.176,4499.1,23.112,46.196,50.471,80.423,2.2819,1.6576,3098.1,42.149,53.755,94.695,9.3093,60.745,39.487,40.429,2628.7,63.257,24.826,47.214,0.33511,8.931,26.616,120.41,1.2656,75.604,23.466,2.2774,53.862,4.8665,226.77,0.039376,0.81367,65.888,18.387,43.731
232,2026-04-18T03:33:00,50.515,20.86,26.915,33.006,41.297,2696.5,3706.6,18.667,18.979,21.744,0.20895,0.097617,340.54,77.245,6.9471,13.791,32.176,4496.8,22.699,47.725,50.196,80.116,2.2819,1.6576,3095.0,42.317,53.782,94.436,9.2913,61.728,38.678,39.957,2625.4,63.039,23.93,46.86,0.33898,8.931,26.616,120.4,1.2656,75.025,23.466,2.2774,53.189,4.8665,227.93,0.022377,0.84128,65.823,18.387,44.096
233,2026-04-18T03:36:00,50.197,24.534,26.881,33.051,41.376,2698.1,3644.3,20.209,18.248,21.59,0.24933,0.097617,340.44,77.267,6.8224,13.88,32.054,4528.8,22.049,46.991,50.127,80.204,2.2836,1.6556,3096.5,42.344,54.572,94.822,9.2549,60.655,38.474,39.235,2625.8,63.004,26.962,46.512,0.3394,8.8723,26.175,120.42,1.4248,75.122,24.104,2.2765,53.189,4.8845,228.79,0.022377,0.84128,65.76,18.554,44.096
234,2026-04-18T03:39:00,48.783,24.773,27.085,33.051,40.486,2699.0,3657.6,20.072,18.248,21.843,0.2469,0.097617,340.73,77.447,6.8224,13.88,32.054,4563.9,22.101,43.717,51.289,80.295,2.2836,1.6556,3096.5,42.092,54.152,94.552,9.3848,61.224,41.893,40.206,2627.4,62.776,24.191,46.505,0.33145,8.8723,26.175,120.39,1.4248,75.019,24.104,2.2765,53.189,4.8845,225.84,0.022377,0.84128,65.723,18.554,44.096
235,2026-04-18T03:42:00,51.878,25.812,26.661,33.155,41.397,2700.8,3669.1,18.443,18.893,21.671,0.26135,0.097617,340.86,77.55,6.8544,13.778,32.276,4501.7,22.781,50.88,49.43,80.386,2.2512,1.6921,3097.9,42.122,54.538,94.674,9.3512,62.51,36.423,40.865,2630.0,63.668,24.221,46.359,0.34574,9.0362,26.746,120.42,1.3632,74.465,23.834,2.3021,53.189,4.8409,224.42,0.022377,0.84128,65.71,18.637,44.096
236,2026-04-18T03:45:00,51.144,25.728,26.861,33.155,41.779,2699.1,3711.4,18.986,18.893,21.879,0.26221,0.097617,340.88,77.324,6.8544,13.778,32.276,4501.9,22.561,49.182,48.798,80.307,2.2512,1.6921,3098.0,42.342,54.535,94.478,9.2662,61.255,34.562,40.584,2627.5,62.941,23.792,46.018,0.34804,9.0362,26.746,120.42,1.3632,75.876,23.834,2.3021,53.189,4.8409,225.22,0.022377,0.84128,65.718,18.637,44.096
237,2026-04-18T03:48:00,49.199,23.807,26.834,33.313,41.309,2697.9,3714.3,18.641,18.683,21.582,0.23937,0.11139,340.6,76.978,6.9357,13.906,32.554,4495.7,22.717,44.68,50.428,80.226,2.2612,1.6418,3096.3,42.298,54.437,94.696,9.2263,62.746,39.36,39.941,2625.7,62.651,24.165,46.495,0.33099,8.8635,26.219,120.38,1.3589,75.56,23.738,2.3225,54.324,4.7622,224.6,0.0020826,0.81945,65.689,18.918,43.173
238,2026-04-18T03:51:00,48.376,23.547,26.962,33.313,41.264,2697.0,3631.5,16.04,18.683,21.68,0.24201,0.11139,340.62,77.316,6.9357,13.906,32.554,4540.4,23.811,42.775,49.861,80.128,2.2612,1.6418,3095.6,42.411,53.901,94.523,9.3988,61.05,37.692,39.501,2624.2,64.078,25.435,46.321,0.3346,8.8635,26.219,120.39,1.3589,75.074,23.738,2.3225,54.324,4.7622,226.94,0.0020826,0.81945,65.649,18.918,43.173
239,2026-04-18T03:54:00,51.746,20.695,27.016,32.945,40.818,2695.9,3619.0,16.128,18.532,22.013,0.21249,0.11139,340.28,77.182,7.1122,13.693,32.265,4522.0,23.776,50.576,50.175,80.242,2.295,1.6465,3092.7,42.378,53.433,94.685,9.3135,62.424,38.614,41.622,2624.6,63.566,23.557,46.304,0.34562,8.8981,25.818,120.39,1.2502,75.664,23.754,2.3695,54.324,4.8856,227.51,0.0020826,0.81945,65.642,18.868,43.173
240,2026-04-18T03:57:00,48.938,21.008,26.715,32.945,40.683,2694.0,3653.5,19.499,18.532,21.448,0.20932,0.11139,339.65,77.12,7.1122,13.693,32.265,4524.5,22.363,44.076,48.846,80.202,2.295,1.6465,3093.7,41.968,53.403,94.774,9.3166,62.029,34.705,41.198,2622.6,62.973,24.101,46.411,0.34909,8.8981,25.818,120.38,1.2502,74.874,23.754,2.3695,54.324,4.8856,226.71,0.0020826,0.81945,65.649,18.868,43.173
241,2026-04-18T04:00:00,51.848,23.314,26.8,32.571,40.899,2694.6,3602.2,17.2,18.868,21.668,0.23715,0.11139,339.72,77.489,6.8731,13.636,32.01,4487.3,23.327,50.811,50.675,80.166,2.2256,1.6276,3093.2,42.187,53.95,94.784,9.4024,60.783,40.087,38.377,2623.1,62.174,23.744,46.523,0.32525,8.6848,26.771,120.4,1.2062,74.73,23.642,2.3159,54.324,4.9156,225.83,0.0020826,0.81945,65.626,19.002,43.173
242,2026-04-18T04:03:00,50.23,23.28,26.233,32.571,40.481,2695.9,3595.8,14.841,18.868,21.215,0.23749,0.10649,339.8,77.585,6.8731,13.636,32.01,4501.0,24.313,47.067,49.605,80.277,2.2256,1.6276,3096.3,42.436,53.786,94.818,9.3621,61.781,36.938,38.933,2624.7,62.284,25.48,46.072,0.32069,8.6848,26.771,120.38,1.2062,74.835,23.642,2.3159,53.374,4.9156,224.92,0.0079017,0.86302,65.638,19.002,44.138
243,2026-04-18T04:06:00,51.786,25.999,26.619,32.434,41.06,2703.4,3661.9,19.35,18.949,21.888,0.26017,0.10649,340.22,77.902,6.8049,13.85,32.034,4508.9,22.393,50.667,49.818,80.672,2.2576,1.6458,3100.8,42.291,53.338,94.683,9.4043,61.964,37.563,37.751,2632.4,63.14,26.089,45.952,0.31594,8.9104,25.905,120.44,1.2946,74.422,24.048,2.3398,53.374,4.8404,223.84,0.0079017,0.86302,65.663,19.063,44.138
244,2026-04-18T04:09:00,49.656,25.765,26.952,32.434,40.35,2703.2,3701.9,18.584,18.949,21.971,0.26256,0.10649,340.59,77.371,6.8049,13.85,32.034,4493.7,22.724,45.739,51.736,80.594,2.2576,1.6458,3100.8,42.058,53.52,94.54,9.3281,62.215,43.21,38.139,2632.0,62.45,25.704,45.938,0.31276,8.9104,25.905,120.39,1.2946,74.745,24.048,2.3398,53.374,4.8404,221.53,0.0079017,0.86302,65.747,19.063,44.138
245,2026-04-18T04:12:00,48.827,25.743,27.166,32.98,41.92,2699.5,3723.3,16.724,18.72,21.387,0.26171,0.10649,339.88,77.162,6.7359,13.82,31.96,4501.1,23.519,43.819,49.709,80.228,2.2618,1.6642,3099.8,42.118,53.236,94.648,9.4503,61.902,37.244,40.275,2627.1,62.721,26.098,45.456,0.34119,8.8349,26.443,120.43,1.2304,75.042,23.804,2.258,53.374,4.9639,224.53,0.0079017,0.86302,65.702,18.992,44.138
246,2026-04-18T04:15:00,50.495,25.777,26.907,32.98,40.377,2697.9,3679.0,21.266,18.72,21.714,0.26136,0.10649,340.2,77.073,6.7359,13.82,31.96,4417.4,21.616,47.68,50.818,80.121,2.2618,1.6642,3098.3,42.377,54.238,94.537,9.3678,60.199,40.506,40.079,2626.6,63.484,25.159,45.164,0.3428,8.8349,26.443,120.39,1.2304,74.405,23.804,2.258,53.374,4.9639,225.46,0.0079017,0.86302,65.599,18.992,44.138
247,2026-04-18T04:18:00,50.405,26.722,26.802,32.636,41.377,2699.8,3700.8,17.033,18.927,21.775,0.27001,0.096299,340.4,77.632,6.985,13.788,32.243,4509.3,23.386,47.471,49.553,80.21,2.2832,1.6841,3098.2,42.304,53.271,94.488,9.4485,58.555,36.784,40.548,2628.1,63.818,26.448,46.311,0.33258,8.8052,26.687,120.44,1.3654,75.267,23.562,2.3653,53.307,4.912,222.89,0.028182,0.85606,65.551,18.827,43.868
248,2026-04-18T04:21:00,50.163,26.471,26.485,32.636,41.355,2701.1,3730.9,19.296,18.927,21.804,0.27256,0.096299,340.74,77.369,6.985,13.788,32.243,4500.1,22.432,46.911,50.659,80.41,2.2832,1.6841,3099.8,41.936,53.381,94.472,9.3411,60.12,40.04,40.126,2629.9,63.3,24.994,46.324,0.33604,8.8052,26.687,120.43,1.3654,75.453,23.562,2.3653,53.307,4.912,225.85,0.028182,0.85606,65.593,18.827,43.868
249,2026-04-18T04:24:00,49.644,24.072,26.831,33.542,41.19,2698.8,3662.6,20.36,18.597,21.695,0.24389,0.096299,340.68,77.374,6.6984,13.739,31.976,4531.3,21.987,45.711,48.44,80.248,2.2706,1.6536,3098.5,42.493,53.39,94.525,9.3284,60.314,33.509,40.109,2627.8,62.311,25.988,46.546,0.32892,8.8355,25.764,120.41,1.3129,74.717,23.62,2.2758,53.307,4.7707,226.45,0.028182,0.85606,65.619,18.964,43.868
250,2026-04-18T04:27:00,49.382,24.067,27.289,33.542,41.014,2700.3,3627.3,18.7,18.597,22.312,0.24394,0.096299,340.65,77.487,6.6984,13.739,31.976,4486.7,22.681,45.103,49.356,80.291,2.2706,1.6536,3098.2,42.5,53.924,94.68,9.2755,60.795,36.204,39.277,2629.2,62.919,25.365,46.748,0.33574,8.8355,25.764,120.39,1.3129,75.96,23.62,2.2758,53.307,4.7707,227.3,0.028182,0.85606,65.636,18.964,43.868
251,2026-04-18T04:30:00,50.226,26.584,26.813,32.914,41.82,2700.8,3729.0,18.185,18.674,21.672,0.27165,0.096299,340.82,77.067,7.0257,13.817,32.222,4463.0,22.91,47.058,49.007,80.265,2.2159,1.6604,3099.6,42.668,53.852,94.509,9.3879,62.013,35.178,38.887,2629.5,63.721,24.674,46.98,0.32731,8.7932,26.532,120.4,1.3648,74.649,23.868,2.3669,53.307,4.9514,227.74,0.028182,0.85606,65.689,18.773,43.868
252,2026-04-18T04:33:00,51.386,26.756,26.998,32.914,41.858,2700.9,3726.0,15.366,18.674,22.121,0.26989,0.11119,340.81,77.415,7.0257,13.817,32.222,4481.4,24.087,49.742,48.771,80.257,2.2159,1.6604,3099.0,42.619,53.631,94.437,9.4005,63.051,34.483,39.171,2629.6,63.772,24.203,47.121,0.32498,8.7932,26.532,120.43,1.3648,75.899,23.868,2.3669,54.175,4.9514,227.72,0.013333,0.84624,65.702,18.773,44.875
253,2026-04-18T04:36:00,49.284,24.342,27.149,32.986,40.464,2701.2,3664.2,18.267,18.238,22.313,0.24886,0.11119,340.96,77.608,6.9245,13.749,32.304,4569.0,22.855,44.877,49.956,80.314,2.2635,1.6527,3098.6,42.516,53.037,94.574,9.499,58.265,37.971,40.242,2629.6,61.984,26.46,47.143,0.3329,8.8061,26.473,120.38,1.3721,74.261,23.516,2.3064,54.175,4.8998,229.83,0.013333,0.84624,65.741,18.571,44.875
254,2026-04-18T04:39:00,49.144,24.486,26.701,32.986,41.715,2702.2,3638.3,16.406,18.238,22.101,0.24738,0.11119,340.85,77.265,6.9245,13.749,32.304,4470.7,23.646,44.553,51.365,80.359,2.2635,1.6527,3100.1,42.253,54.213,94.632,9.3361,62.852,42.118,39.885,2630.4,62.429,26.159,47.179,0.33584,8.8061,26.473,120.39,1.3721,74.852,23.516,2.3064,54.175,4.8998,231.81,0.013333,0.84624,65.785,18.571,44.875
255,2026-04-18T04:42:00,48.243,23.666,27.015,32.687,40.926,2699.7,3672.4,20.261,19.028,21.898,0.23819,0.11119,340.61,77.31,6.7919,13.691,32.333,4522.4,22.023,42.467,51.254,80.157,2.2089,1.6891,3098.7,42.367,54.107,94.562,9.3773,60.811,41.791,38.934,2627.7,62.643,24.19,47.681,0.32823,8.803,26.279,120.38,1.2571,75.183,23.599,2.3117,54.175,4.762,228.53,0.013333,0.84624,65.806,18.834,44.875
256,2026-04-18T04:45:00,50.123,23.583,27.062,32.687,41.248,2699.7,3619.1,17.397,19.028,22.322,0.23903,0.11119,341.24,77.088,6.7919,13.691,32.333,4527.4,23.243,46.819,49.147,80.049,2.2089,1.6891,3097.7,42.335,54.047,94.76,9.3477,60.229,35.59,38.862,2628.6,63.56,24.735,47.634,0.32882,8.803,26.279,120.4,1.2571,74.251,23.599,2.3117,54.175,4.762,231.46,0.013333,0.84624,65.765,18.834,44.875
257,2026-04-18T04:48:00,49.269,23.01,26.705,33.103,40.566,2701.4,3684.1,18.384,18.834,21.97,0.23655,0.10201,341.47,77.144,6.7509,13.855,31.878,4471.6,22.833,44.842,51.899,79.986,2.3053,1.6769,3098.5,42.219,54.081,94.566,9.4602,60.551,43.687,38.042,2630.0,63.627,25.407,47.692,0.3216,8.8347,25.963,120.41,1.3563,75.406,23.649,2.3108,54.831,4.8694,230.72,0.013836,0.85114,65.711,18.722,44.004
258,2026-04-18T04:51:00,50.464,23.23,26.953,33.103,42.236,2704.0,3686.9,17.791,18.834,22.242,0.23431,0.10201,341.45,77.51,6.7509,13.855,31.878,4482.9,23.069,47.608,51.325,80.205,2.3053,1.6769,3100.9,41.941,53.945,94.551,9.3842,61.182,42.0,38.352,2633.0,63.58,26.23,47.69,0.31906,8.8347,25.963,120.43,1.3563,75.002,23.649,2.3108,54.831,4.8694,232.06,0.013836,0.85114,65.702,18.722,44.004
259,2026-04-18T04:54:00,49.76,27.297,26.904,32.8,40.967,2704.1,3689.1,19.54,18.241,22.182,0.28279,0.10201,341.11,77.672,6.888,13.809,31.966,4544.0,22.324,45.979,49.179,80.292,2.2549,1.6312,3103.0,42.083,53.489,94.409,9.3139,61.444,35.685,40.544,2632.5,64.005,24.034,47.762,0.33646,8.8365,26.121,120.41,1.2547,75.578,24.277,2.3747,54.831,4.8248,232.53,0.013836,0.85114,65.773,19.101,44.004
260,2026-04-18T04:57:00,49.76,27.492,26.882,32.8,42.052,2703.9,3699.2,19.597,18.241,22.003,0.28081,0.10201,341.3,77.418,6.888,13.809,31.966,4509.4,22.304,45.979,48.971,80.278,2.2549,1.6312,3101.5,42.633,53.903,94.385,9.4435,61.591,35.072,40.397,2631.8,63.831,26.711,47.838,0.33767,8.8365,26.121,120.43,1.2547,74.361,24.277,2.3747,54.831,4.8248,232.91,0.013836,0.85114,65.835,19.101,44.004
261,2026-04-18T05:00:00,50.005,27.092,26.644,32.805,41.356,2703.4,3679.0,17.865,18.784,21.805,0.27338,0.10201,341.25,77.312,6.9287,13.907,32.231,4410.5,23.035,46.545,51.78,80.274,2.2556,1.6277,3100.2,42.579,54.135,94.423,9.4137,61.896,43.339,39.504,2631.5,63.034,24.27,48.036,0.33482,8.8414,26.372,120.4,1.4113,74.534,23.655,2.3828,54.831,4.823,231.91,0.013836,0.85114,65.875,18.551,44.004
262,2026-04-18T05:03:00,50.887,26.926,26.98,32.805,41.999,2702.8,3671.9,16.384,18.784,22.42,0.27507,0.098222,341.46,77.549,6.9287,13.907,32.231,4429.3,23.651,48.586,51.105,80.295,2.2556,1.6277,3099.6,41.967,53.91,94.542,9.2792,61.092,41.351,39.587,2632.5,63.157,23.077,48.412,0.33414,8.8414,26.372,120.41,1.4113,75.556,23.655,2.3828,53.51,4.823,230.59,0.028228,0.83875,65.878,18.551,43.977
263,2026-04-18T05:06:00,49.693,24.549,26.717,32.783,41.16,2702.3,3645.5,19.356,19.039,21.984,0.2498,0.098222,341.13,77.56,6.9749,13.903,32.44,4519.8,22.391,45.823,49.404,80.376,2.2592,1.65,3100.4,42.285,54.167,94.565,9.3279,60.739,36.346,41.09,2631.7,63.23,24.475,48.347,0.34385,8.8873,26.306,120.38,1.2374,75.074,23.667,2.2799,53.51,4.8344,233.24,0.028228,0.83875,65.944,18.083,43.977
264,2026-04-18T05:09:00,48.295,24.405,27.021,32.783,41.46,2701.4,3661.1,19.162,19.039,22.083,0.25127,0.098222,341.53,77.382,6.9749,13.903,32.44,4499.0,22.48,42.589,48.425,80.188,2.2592,1.65,3098.6,42.037,54.416,94.65,9.2319,62.049,33.464,40.926,2629.6,62.961,24.076,48.461,0.34519,8.8873,26.306,120.41,1.2374,75.059,23.667,2.2799,53.51,4.8344,233.87,0.028228,0.83875,65.971,18.083,43.977
265,2026-04-18T05:12:00,50.609,22.336,26.693,32.882,40.271,2700.3,3666.8,18.794,18.778,21.977,0.22875,0.098222,341.1,77.323,7.0217,13.896,32.519,4533.2,22.64,47.944,51.29,80.156,2.2582,1.6408,3098.4,42.32,55.233,94.685,9.4769,59.688,41.897,40.889,2628.3,62.392,24.947,48.542,0.34551,8.8709,26.271,120.38,1.1202,74.851,23.922,2.3394,53.51,4.925,234.9,0.028228,0.83875,65.97,18.591,43.977
266,2026-04-18T05:15:00,51.0,22.369,27.091,32.882,40.688,2701.0,3614.2,17.872,18.778,21.966,0.22842,0.098222,341.11,77.266,7.0217,13.896,32.519,4580.2,23.033,48.849,48.936,80.107,2.2582,1.6408,3097.8,42.342,54.671,94.716,9.1739,63.257,34.969,40.888,2628.7,63.297,24.853,48.77,0.34552,8.8709,26.271,120.38,1.1202,74.821,23.922,2.3394,53.51,4.925,234.27,0.028228,0.83875,65.924,18.591,43.977
267,2026-04-18T05:18:00,49.76,21.35,27.052,33.161,41.052,2701.4,3650.3,20.582,18.619,22.096,0.21739,0.076559,341.08,77.417,6.8927,13.701,32.115,4552.4,21.889,45.979,49.36,80.209,2.2917,1.627,3099.5,42.525,53.83,94.788,9.4121,63.351,36.217,41.435,2629.3,62.155,24.926,48.74,0.34052,8.8849,26.55,120.36,0.99974,74.752,23.573,2.3071,53.42,4.8503,233.19,-0.0016367,0.82294,65.934,18.31,43.457
268,2026-04-18T05:21:00,50.351,21.191,27.318,33.161,41.26,2702.3,3662.7,19.3,18.619,22.256,0.21901,0.076559,341.12,77.452,6.8927,13.701,32.115,4540.6,22.426,47.346,50.189,80.259,2.2917,1.627,3099.4,42.423,53.971,94.779,9.3142,60.691,38.657,40.924,2631.1,61.943,27.094,48.584,0.3447,8.8849,26.55,120.39,0.99974,75.173,23.573,2.3071,53.42,4.8503,235.41,-0.0016367,0.82294,65.939,18.31,43.457
269,2026-04-18T05:24:00,49.885,25.38,27.068,33.094,41.09,2703.4,3689.0,20.649,18.622,21.758,0.25194,0.076559,340.56,77.047,7.0672,13.823,32.016,4567.6,21.87,46.268,49.682,80.21,2.2648,1.6568,3101.5,42.246,54.392,94.554,9.3115,62.899,37.165,38.41,2631.5,62.551,24.82,48.526,0.32235,8.9136,26.318,120.41,1.0471,76.052,23.961,2.3812,53.42,4.8785,236.51,-0.0016367,0.82294,65.941,18.666,43.457
270,2026-04-18T05:27:00,50.483,25.24,27.015,33.094,41.469,2700.4,3671.5,17.635,18.622,21.978,0.25337,0.076559,340.8,77.085,7.0672,13.823,32.016,4570.2,23.155,47.651,50.86,79.877,2.2648,1.6568,3100.0,42.327,54.361,94.853,9.2438,62.287,40.631,38.473,2628.7,62.851,24.976,48.752,0.32184,8.9136,26.318,120.39,1.0471,74.876,23.961,2.3812,53.42,4.8785,234.5,-0.0016367,0.82294,65.885,18.666,43.457
271,2026-04-18T05:30:00,49.452,26.261,26.815,33.131,40.375,2703.2,3579.8,18.457,18.558,22.206,0.26467,0.076559,340.71,77.448,6.7795,13.649,32.554,4496.9,22.799,45.265,48.249,80.004,2.2581,1.6669,3099.6,42.546,54.413,94.516,9.4689,60.06,32.947,39.919,2631.5,62.806,25.372,48.719,0.3358,9.0028,26.037,120.37,1.2708,74.59,24.027,2.2785,53.42,4.8083,235.37,-0.0016367,0.82294,65.85,19.126,43.457
272,2026-04-18T05:33:00,49.635,26.137,27.02,33.131,40.388,2706.1,3591.5,18.747,18.558,22.511,0.26593,0.12018,341.17,77.561,6.7795,13.649,32.554,4539.9,22.671,45.689,49.812,80.154,2.2581,1.6669,3102.8,42.484,53.899,94.848,9.4311,59.567,37.548,39.96,2634.9,62.605,23.886,48.472,0.33546,9.0028,26.037,120.4,1.2708,75.121,24.027,2.2785,54.21,4.8083,234.03,0.015962,0.8098,65.839,19.126,44.033
273,2026-04-18T05:36:00,50.133,21.078,27.244,33.019,42.141,2707.4,3654.4,16.69,18.52,22.442,0.21121,0.12018,341.62,77.55,6.917,13.871,31.943,4474.5,23.53,46.841,51.146,80.315,2.2672,1.6411,3104.4,42.483,53.532,94.445,9.3393,59.053,41.472,37.439,2636.6,64.007,25.673,48.372,0.31704,8.9848,26.268,120.43,1.435,74.93,24.422,2.3205,54.21,4.7836,233.59,0.015962,0.8098,65.907,18.452,44.033
274,2026-04-18T05:39:00,50.943,20.943,26.939,33.019,40.715,2705.7,3698.6,16.658,18.52,21.904,0.21259,0.12018,340.65,77.389,6.917,13.871,31.943,4518.3,23.542,48.717,49.197,80.346,2.2672,1.6411,3104.3,42.375,53.007,94.624,9.3876,59.775,35.736,37.368,2634.6,63.247,24.974,48.211,0.31763,8.9848,26.268,120.39,1.435,75.518,24.422,2.3205,54.21,4.7836,233.82,0.015962,0.8098,65.954,18.452,44.033
275,2026-04-18T05:42:00,51.054,26.499,27.249,32.831,41.291,2704.7,3658.2,22.138,18.847,21.863,0.27309,0.12018,340.52,77.356,6.9719,13.839,32.012,4544.7,21.231,48.973,49.489,80.348,2.2636,1.6556,3104.4,42.61,54.344,94.406,9.3421,61.198,36.598,40.614,2633.4,62.769,24.066,48.151,0.3389,8.8863,26.154,120.42,1.2938,75.162,23.935,2.3239,54.21,4.7993,232.91,0.015962,0.8098,65.97,18.728,44.033
276,2026-04-18T05:45:00,50.144,26.811,26.75,32.831,40.385,2704.0,3652.2,17.855,18.847,21.876,0.26992,0.12018,341.16,77.062,6.9719,13.839,32.012,4549.6,23.047,46.867,50.181,80.19,2.2636,1.6556,3101.8,42.537,54.286,94.673,9.3511,62.721,38.633,40.508,2632.2,62.872,25.737,47.959,0.33978,8.8863,26.154,120.4,1.2938,75.656,23.935,2.3239,54.21,4.7993,233.51,0.015962,0.8098,65.96,18.728,44.033
277,2026-04-18T05:48:00,49.848,26.318,27.068,32.973,40.908,2702.7,3639.1,17.417,18.194,22.053,0.26588,0.084394,340.95,77.531,6.9692,13.823,32.22,4500.0,23.218,46.182,50.088,80.215,2.2858,1.6444,3101.6,42.822,54.234,94.605,9.355,61.32,38.36,40.59,2632.0,62.556,23.331,47.546,0.33259,8.823,26.477,120.41,1.3733,74.49,23.781,2.356,54.116,4.8214,232.45,0.025619,0.86083,65.911,18.536,44.104
278,2026-04-18T05:51:00,51.738,26.168,27.231,32.973,40.628,2702.2,3654.1,17.535,18.194,21.945,0.26741,0.084394,340.69,77.403,6.9692,13.823,32.22,4516.7,23.176,50.556,50.496,80.059,2.2858,1.6444,3100.8,42.802,54.034,94.717,9.3122,60.057,39.56,39.786,2629.6,62.299,25.691,47.68,0.33918,8.823,26.477,120.38,1.3733,74.32,23.781,2.356,54.116,4.8214,227.63,0.025619,0.86083,65.879,18.536,44.104
279,2026-04-18T05:54:00,49.04,24.235,27.075,32.63,41.252,2701.8,3655.0,15.012,18.829,22.281,0.24831,0.084394,340.91,76.963,6.7204,13.689,32.215,4543.7,24.258,44.313,50.546,79.99,2.3147,1.6846,3099.8,42.141,54.206,94.793,9.4171,62.3,39.706,40.011,2630.4,62.222,25.579,47.032,0.33388,8.8219,26.338,120.4,1.253,75.667,24.188,2.295,54.116,4.8681,231.63,0.025619,0.86083,65.807,18.537,44.104
280,2026-04-18T05:57:00,49.072,24.011,26.84,32.63,40.544,2701.6,3627.0,18.59,18.829,22.409,0.2506,0.084394,341.35,77.086,6.7204,13.689,32.215,4515.9,22.753,44.386,48.955,79.937,2.3147,1.6846,3098.0,42.183,54.539,94.698,9.2747,61.097,35.024,39.844,2630.7,62.705,25.23,46.899,0.33525,8.8219,26.338,120.39,1.253,75.861,24.188,2.295,54.116,4.8681,229.89,0.025619,0.86083,65.721,18.537,44.104
281,2026-04-18T06:00:00,49.446,24.319,27.261,32.829,41.882,2702.9,3722.2,16.794,18.584,22.033,0.24787,0.084394,340.8,77.379,6.929,13.682,32.186,4519.1,23.504,45.253,49.101,80.063,2.3127,1.6481,3101.4,42.157,54.539,94.698,9.3166,60.151,35.453,37.733,2631.3,63.284,25.453,46.817,0.32233,8.8799,26.221,120.41,1.1667,74.553,23.91,2.3912,54.116,4.8201,227.6,0.025619,0.86083,65.678,19.196,44.104
282,2026-04-18T06:03:00,50.771,24.315,26.812,32.829,41.059,2704.8,3734.9,17.315,18.584,22.183,0.24792,0.10999,341.12,77.393,6.929,13.682,32.186,4532.8,23.277,48.317,50.588,80.27,2.3127,1.6481,3102.4,42.537,54.375,94.33,9.3637,59.01,39.831,37.788,2634.1,63.065,27.334,47.616,0.32188,8.8799,26.221,120.4,1.1667,75.398,23.91,2.3912,54.2,4.8201,230.02,0.0083707,0.8416,65.691,19.196,42.942
283,2026-04-18T06:06:00,51.675,24.322,26.998,32.917,41.615,2702.9,3631.7,18.957,19.044,21.984,0.2533,0.10999,340.75,77.048,6.9462,13.716,31.946,4486.4,22.595,50.411,49.138,80.226,2.288,1.6581,3101.3,42.494,53.298,94.642,9.2821,61.705,35.562,37.85,2631.8,63.066,23.863,47.858,0.3182,8.8642,26.457,120.4,1.1885,75.133,23.799,2.3869,54.2,4.7876,230.38,0.0083707,0.8416,65.77,18.942,42.942
284,2026-04-18T06:09:00,50.247,24.596,26.701,32.917,40.264,2703.1,3646.4,17.285,19.044,22.136,0.25051,0.10999,341.3,77.469,6.9462,13.716,31.946,4485.1,23.286,47.107,49.77,80.264,2.288,1.6581,3099.2,41.928,53.313,94.53,9.4273,59.948,37.422,37.934,2632.1,62.813,27.162,48.049,0.31751,8.8642,26.457,120.4,1.1885,75.553,23.799,2.3869,54.2,4.7876,231.29,0.0083707,0.8416,65.813,18.942,42.942
285,2026-04-18T06:12:00,48.717,26.961,26.585,32.791,41.817,2703.1,3632.3,18.799,18.547,21.881,0.27536,0.10999,340.78,77.066,6.7916,14.031,31.975,4529.6,22.658,43.564,49.692,80.21,2.3127,1.648,3100.1,42.408,53.354,94.651,9.408,60.116,37.194,38.107,2631.6,62.852,24.943,48.144,0.32207,8.974,26.857,120.4,1.2347,74.515,23.807,2.3211,54.2,4.8865,233.27,0.0083707,0.8416,65.84,19.479,42.942
286,2026-04-18T06:15:00,49.158,27.022,27.195,32.791,40.311,2704.7,3649.1,18.67,18.547,22.521,0.27474,0.10999,341.21,77.34,6.7916,14.031,31.975,4461.6,22.703,44.585,51.084,80.277,2.3127,1.648,3099.9,41.998,54.168,94.635,9.3485,58.974,41.289,37.901,2633.6,62.562,26.832,48.264,0.32376,8.974,26.857,120.38,1.2347,74.848,23.807,2.3211,54.2,4.8865,234.96,0.0083707,0.8416,65.856,19.479,42.942
287,2026-04-18T06:18:00,49.077,27.059,26.906,32.682,41.474,2702.1,3675.5,18.105,18.754,22.267,0.27348,0.10347,340.83,76.99,6.8697,13.696,32.453,4468.1,22.955,44.398,49.41,80.093,2.2883,1.6488,3099.5,42.183,52.7,94.609,9.3423,61.907,36.362,42.235,2629.5,63.477,23.945,48.097,0.35785,8.8802,26.583,120.43,1.2837,75.139,23.647,2.3895,53.744,4.8454,234.67,0.0098847,0.84423,65.861,18.34,42.405
288,2026-04-18T06:21:00,50.445,27.055,27.374,32.682,40.375,2697.8,3683.8,15.128,18.754,21.716,0.27353,0.10347,341.13,76.892,6.8697,13.696,32.453,4408.7,24.223,47.563,49.665,79.834,2.2883,1.6488,3097.2,42.308,53.411,94.707,9.3156,58.302,37.113,42.727,2626.0,63.334,26.764,48.328,0.35382,8.8802,26.583,120.38,1.2837,74.331,23.647,2.3895,53.744,4.8454,232.9,0.0098847,0.84423,65.849,18.34,42.405
289,2026-04-18T06:24:00,51.196,22.505,27.0,33.143,41.468,2701.2,3697.0,20.129,18.538,22.349,0.22671,0.10347,341.36,77.726,6.8328,13.749,31.746,4533.5,22.093,49.302,49.66,80.12,2.267,1.644,3097.7,42.162,54.689,94.603,9.3761,61.154,37.099,38.075,2630.7,62.47,25.376,48.288,0.31887,8.7026,26.311,120.4,1.3884,74.751,23.886,2.3924,53.744,4.8459,234.18,0.0098847,0.84423,65.767,18.854,42.405
290,2026-04-18T06:27:00,49.462,22.196,26.684,33.143,40.988,2701.2,3640.0,18.68,18.538,21.951,0.22985,0.10347,341.34,76.941,6.8328,13.749,31.746,4546.3,22.723,45.289,49.251,80.154,2.267,1.644,3098.7,42.496,54.536,94.58,9.3205,61.078,35.895,37.67,2630.1,63.45,25.178,48.373,0.32219,8.7026,26.311,120.4,1.3884,75.652,23.886,2.3924,53.744,4.8459,233.99,0.0098847,0.84423,65.838,18.854,42.405
291,2026-04-18T06:30:00,48.942,29.393,26.767,33.195,41.545,2701.0,3646.7,18.265,18.645,21.974,0.29537,0.10347,341.43,77.179,7.1408,13.82,32.273,4484.6,22.898,44.086,50.693,80.012,2.2572,1.6649,3098.9,42.496,54.043,94.584,9.4075,62.398,40.141,38.857,2629.6,63.688,25.275,48.262,0.32287,8.8785,26.303,120.41,1.1463,74.902,23.649,2.2185,53.744,4.832,236.04,0.0098847,0.84423,65.825,18.542,42.405
292,2026-04-18T06:33:00,48.303,29.46,27.003,33.195,41.281,2703.3,3668.4,18.569,18.645,22.289,0.29469,0.090791,341.39,77.373,7.1408,13.82,32.273,4508.1,22.762,42.607,50.001,80.213,2.2572,1.6649,3100.0,42.29,53.762,94.574,9.3032,60.891,38.102,38.755,2632.1,63.314,24.631,48.433,0.32371,8.8785,26.303,120.4,1.1463,74.38,23.649,2.2185,53.851,4.832,235.8,0.011128,0.83424,65.868,18.542,43.319
293,2026-04-18T06:36:00,50.153,24.335,27.094,32.68,40.861,2703.2,3573.3,16.962,18.479,22.334,0.24851,0.090791,341.59,77.309,6.9649,13.938,32.397,4510.0,23.438,46.887,49.608,80.249,2.2816,1.6584,3099.2,42.558,54.516,94.612,9.2677,60.442,36.948,39.457,2632.2,62.15,25.276,48.528,0.33314,8.8478,26.295,120.38,1.3211,74.016,23.498,2.3649,53.851,4.8741,235.86,0.011128,0.83424,65.906,18.805,43.319
294,2026-04-18T06:39:00,50.109,24.442,27.184,32.68,40.64,2704.8,3597.3,15.96,18.479,22.505,0.24742,0.090791,341.5,77.49,6.9649,13.938,32.397,4546.8,23.849,46.785,49.767,80.299,2.2816,1.6584,3100.3,42.121,54.077,94.791,9.3696,60.592,37.415,39.46,2634.0,61.738,25.074,48.789,0.33312,8.8478,26.295,120.37,1.3211,74.415,23.498,2.3649,53.851,4.8741,234.06,0.011128,0.83424,65.954,18.805,43.319
295,2026-04-18T06:42:00,48.561,22.96,26.796,32.884,41.646,2705.0,3611.2,18.128,18.194,22.471,0.23539,0.090791,342.0,77.335,6.9913,13.802,32.439,4512.1,22.936,43.203,48.178,80.266,2.2406,1.6473,3101.0,41.839,53.863,94.7,9.4236,61.114,32.737,40.852,2634.5,62.881,24.349,48.93,0.34837,8.796,26.272,120.41,1.2779,75.216,23.903,2.2881,53.851,4.8826,233.59,0.011128,0.83424,65.981,19.15,43.319
296,2026-04-18T06:45:00,49.407,23.099,26.905,32.884,40.652,2704.7,3614.2,17.75,18.194,22.413,0.23398,0.090791,341.76,77.189,6.9913,13.802,32.439,4506.7,23.103,45.162,50.772,80.126,2.2406,1.6473,3100.6,42.662,53.928,94.751,9.403,60.619,40.372,40.658,2632.6,62.83,25.331,48.878,0.34996,8.796,26.272,120.38,1.2779,74.573,23.903,2.2881,53.851,4.8826,235.28,0.011128,0.83424,65.958,19.15,43.319
297,2026-04-18T06:48:00,49.186,22.448,26.848,32.645,40.16,2703.3,3617.5,18.891,18.738,22.214,0.22776,0.098101,341.97,77.068,6.7679,13.878,32.244,4500.6,22.629,44.649,51.513,80.036,2.2623,1.6724,3099.7,42.272,53.122,94.768,9.3311,60.237,42.554,39.653,2631.6,62.451,25.762,48.701,0.32878,8.9202,26.081,120.39,1.4468,75.16,24.192,2.2171,53.881,4.9333,235.63,0.048463,0.83412,65.952,18.883,44.31
298,2026-04-18T06:51:00,50.277,22.532,26.922,32.645,40.738,2704.1,3610.0,18.924,18.738,22.344,0.22691,0.098101,342.11,77.397,6.7679,13.878,32.244,4459.2,22.606,47.174,50.252,80.113,2.2623,1.6724,3100.3,42.524,53.619,94.809,9.4556,60.434,38.842,39.061,2633.9,62.58,25.095,48.741,0.33363,8.9202,26.081,120.38,1.4468,74.317,24.192,2.2171,53.881,4.9333,235.12,0.048463,0.83412,65.912,18.883,44.31
299,2026-04-18T06:54:00,51.248,24.027,26.781,32.567,40.869,2706.6,3686.6,18.239,18.725,22.378,0.24631,0.098101,341.81,77.68,6.7513,13.861,31.877,4498.8,22.879,49.422,50.218,80.259,2.2866,1.7,3102.4,42.151,53.758,94.563,9.3655,60.968,38.742,40.689,2635.6,63.223,24.633,48.893,0.33725,8.8488,26.034,120.41,1.3231,74.098,23.678,2.3613,53.881,4.7707,233.34,0.048463,0.83412,65.919,18.962,44.31
300,2026-04-18T06:57:00,50.684,24.14,26.564,32.567,41.402,2706.0,3694.4,18.926,18.725,22.322,0.24516,0.098101,342.16,77.175,6.7513,13.861,31.877,4513.7,22.601,48.117,49.761,80.237,2.2866,1.7,3102.2,42.056,53.579,94.495,9.2674,61.286,37.396,40.246,2635.1,63.089,26.624,48.774,0.34087,8.8488,26.034,120.42,1.3231,75.052,23.678,2.3613,53.881,4.7707,234.57,0.048463,0.83412,65.955,18.962,44.31
301,2026-04-18T07:00:00,50.536,27.869,26.925,33.123,39.935,2702.8,3710.8,19.287,17.988,22.086,0.28078,0.098101,341.75,76.952,6.8618,13.785,31.992,4500.5,22.467,47.774,50.0,79.926,2.2649,1.6369,3100.6,42.553,53.521,94.551,9.4426,62.679,38.099,40.165,2631.1,63.067,23.475,48.637,0.33841,8.8459,26.653,120.39,1.185,75.06,24.039,2.2387,53.881,4.8227,236.04,0.048463,0.83412,65.931,18.51,44.31
302,2026-04-18T07:03:00,51.169,27.689,27.084,33.123,42.095,2701.7,3672.6,19.011,17.988,22.406,0.28262,0.093524,342.02,77.104,6.8618,13.785,31.992,4513.4,22.588,49.24,50.928,79.826,2.2649,1.6369,3098.8,42.312,53.366,94.562,9.2933,61.401,40.831,40.016,2630.8,63.725,25.142,48.776,0.33963,8.8459,26.653,120.42,1.185,75.738,24.039,2.2387,52.432,4.8227,234.4,0.014859,0.81223,65.871,18.51,42.819
303,2026-04-18T07:06:00,50.093,26.672,26.959,33.107,40.504,2703.8,3649.3,18.08,18.397,22.363,0.27597,0.093524,342.04,77.294,6.8006,13.927,32.724,4512.6,22.978,46.749,49.154,79.898,2.2726,1.6618,3098.7,42.187,54.49,94.622,9.2714,62.257,35.61,39.501,2632.0,63.228,25.305,48.573,0.32714,8.9558,25.84,120.39,1.467,74.414,23.534,2.3356,52.432,4.8689,236.64,0.014859,0.81223,65.801,18.713,42.819
304,2026-04-18T07:09:00,50.727,26.887,26.417,33.107,40.641,2704.7,3656.8,15.526,18.397,22.354,0.27378,0.093524,342.44,77.075,6.8006,13.927,32.724,4578.9,24.062,48.216,50.617,79.93,2.2726,1.6618,3099.2,42.386,53.696,94.605,9.3825,59.638,39.915,38.994,2634.1,63.098,24.565,48.576,0.33129,8.9558,25.84,120.42,1.467,75.622,23.534,2.3356,52.432,4.8689,236.55,0.014859,0.81223,65.801,18.713,42.819
305,2026-04-18T07:12:00,51.861,19.768,26.947,33.429,40.921,2703.5,3692.7,16.794,18.769,22.478,0.20106,0.093524,341.95,77.391,6.9096,13.856,32.535,4521.7,23.519,50.841,49.742,79.98,2.2819,1.659,3099.8,42.565,53.911,94.462,9.3524,61.995,37.342,41.273,2631.9,63.065,26.869,48.53,0.34426,8.9286,26.051,120.38,1.3316,74.682,24.02,2.2703,52.432,4.7743,237.03,0.014859,0.81223,65.801,18.914,42.819
306,2026-04-18T07:15:00,50.376,19.812,26.704,33.429,41.883,2704.7,3699.1,20.477,18.769,22.281,0.20062,0.093524,341.92,77.46,6.9096,13.856,32.535,4513.7,21.96,47.403,48.325,80.227,2.2819,1.659,3100.5,42.314,54.007,94.6,9.3295,59.438,33.171,40.854,2633.1,62.955,23.856,48.648,0.3477,8.9286,26.051,120.42,1.3316,74.964,24.02,2.2703,52.432,4.7743,235.62,0.014859,0.81223,65.847,18.914,42.819
307,2026-04-18T07:18:00,51.188,21.122,27.113,33.266,39.968,2702.3,3664.1,16.065,18.315,22.624,0.21472,0.10512,341.73,77.61,6.98,13.93,32.032,4498.9,23.812,49.284,51.588,80.202,2.2734,1.6534,3099.4,42.333,53.685,94.573,9.3035,63.162,42.774,40.256,2632.3,62.626,25.201,48.445,0.33776,8.796,26.072,120.37,1.1578,74.919,24.043,2.3164,54.019,4.7553,231.25,0.012996,0.82947,65.89,18.945,43.731
308,2026-04-18T07:21:00,51.429,21.318,27.136,33.266,41.717,2705.3,3646.7,16.994,18.315,22.474,0.21273,0.10512,341.3,77.356,6.98,13.93,32.032,4482.1,23.413,49.842,50.22,80.407,2.2734,1.6534,3101.3,42.19,53.886,94.556,9.3957,61.225,38.749,39.913,2634.2,62.926,26.068,48.127,0.34058,8.796,26.072,120.42,1.1578,74.317,24.043,2.3164,54.019,4.7553,231.86,0.012996,0.82947,65.946,18.945,43.731
309,2026-04-18T07:24:00,48.67,25.964,26.77,32.598,40.762,2705.8,3639.0,16.06,18.999,22.214,0.26081,0.10512,341.8,77.347,6.9374,13.917,32.337,4545.4,23.802,43.455,50.189,80.407,2.2651,1.648,3102.0,42.304,53.026,94.673,9.3261,62.682,38.655,41.213,2634.2,62.382,25.389,47.899,0.3471,8.7799,26.186,120.38,1.4429,74.556,23.889,2.2331,54.019,4.9017,231.43,0.012996,0.82947,65.968,19.34,43.731
310,2026-04-18T07:27:00,48.939,25.775,26.774,32.598,40.913,2704.5,3642.9,17.334,18.999,22.241,0.26274,0.10512,341.91,77.328,6.9374,13.917,32.337,4442.9,23.271,44.077,47.799,80.124,2.2651,1.648,3100.9,42.569,54.252,94.623,9.4464,61.068,31.623,41.763,2633.3,62.314,26.303,47.633,0.34259,8.7799,26.186,120.38,1.4429,73.849,23.889,2.2331,54.019,4.9017,231.45,0.012996,0.82947,65.915,19.34,43.731
311,2026-04-18T07:30:00,49.039,22.825,27.153,33.0,41.147,2704.2,3656.7,18.693,18.658,22.49,0.2337,0.10512,342.04,77.322,6.8997,13.736,31.962,4449.9,22.702,44.311,49.361,80.017,2.3032,1.6631,3100.1,42.128,53.139,94.835,9.3757,63.09,36.221,41.198,2633.1,62.378,24.671,47.55,0.34538,8.8456,26.376,120.37,1.2359,74.679,23.961,2.3275,54.019,4.9206,229.5,0.012996,0.82947,65.854,18.669,43.731
312,2026-04-18T07:33:00,49.636,22.754,26.897,33.0,40.754,2703.9,3611.5,18.396,18.658,22.362,0.23442,0.087212,342.23,77.272,6.8997,13.736,31.962,4457.2,22.832,45.691,49.824,79.938,2.3032,1.6631,3099.6,42.396,53.051,94.645,9.2634,62.993,37.581,41.32,2631.9,63.156,26.753,47.546,0.34438,8.8456,26.376,120.39,1.2359,74.696,NA,2.3275,53.197,4.9206,231.35,0.009084,0.83992,65.764,18.669,43.579
313,2026-04-18T07:36:00,51.351,26.396,27.306,33.065,40.884,2708.7,3659.8,20.67,18.606,22.728,0.27082,0.087212,342.48,77.69,6.9837,13.895,32.413,4488.3,21.856,49.66,49.328,80.226,2.2963,1.6506,3103.8,42.568,54.285,94.709,9.3522,60.384,36.121,38.362,2637.6,62.622,24.849,47.282,0.32916,8.8114,26.369,120.4,1.173,73.849,24.122,2.4659,53.197,4.9513,233.46,0.009084,0.83992,65.766,18.667,43.579
314,2026-04-18T07:39:00,50.366,26.537,26.663,33.065,41.804,2709.9,3657.1,21.834,18.606,22.415,0.26939,0.087212,342.88,77.153,6.9837,13.895,32.413,4501.1,21.378,47.381,49.402,80.183,2.2963,1.6506,3104.8,42.421,54.132,94.64,9.3942,61.872,36.341,38.903,2638.8,62.668,26.91,47.475,0.32472,8.8114,26.369,120.42,1.173,74.478,24.122,2.4659,53.197,4.9513,230.46,0.009084,0.83992,65.775,18.667,43.579
315,2026-04-18T07:42:00,49.843,22.218,26.762,33.453,40.627,2707.5,3635.6,18.506,18.235,22.578,0.22601,0.087212,343.07,77.43,6.949,13.871,32.107,4506.1,22.778,46.17,49.615,79.935,2.2487,1.6932,3103.5,42.38,54.097,94.649,9.4726,60.971,36.967,40.556,2636.2,62.245,24.087,47.297,0.34585,8.7738,26.61,120.38,1.2332,75.485,23.969,2.3088,53.197,4.7615,231.61,0.009084,0.83992,65.738,18.288,43.579
316,2026-04-18T07:45:00,51.228,22.393,26.957,33.453,40.179,2709.1,3629.5,19.167,18.235,22.779,0.22424,0.087212,342.86,77.551,6.949,13.871,32.107,4547.6,22.497,49.376,48.957,80.017,2.2487,1.6932,3105.0,42.595,53.601,94.771,9.4343,61.871,35.032,40.973,2638.5,62.349,25.068,47.354,0.34244,8.7738,26.61,120.38,1.2332,74.628,23.969,2.3088,53.197,4.7615,230.18,0.009084,0.83992,65.673,18.288,43.579
317,2026-04-18T07:48:00,49.673,25.141,27.17,33.621,41.248,2712.0,3658.1,18.413,18.938,22.725,0.25395,0.083879,342.8,77.4,6.6921,13.935,32.307,4529.6,22.814,45.777,50.081,80.033,2.299,1.662,3107.4,42.317,54.796,94.487,9.5061,59.473,38.338,40.534,2641.2,62.083,24.948,47.382,0.34156,8.992,26.054,120.41,1.1678,74.15,24.175,2.3006,53.601,4.8532,232.05,0.023977,0.83813,65.664,18.866,44.006
318,2026-04-18T07:51:00,49.79,25.045,26.915,33.621,40.583,2712.5,3651.4,20.012,18.938,22.719,0.25493,0.083879,342.74,77.057,6.6921,13.935,32.307,4552.3,22.156,46.047,50.24,79.858,2.299,1.662,3108.1,42.368,54.524,94.751,9.413,63.184,38.806,40.377,2641.2,62.198,25.894,47.496,0.34284,8.992,26.054,120.41,1.1678,74.317,24.175,2.3006,53.601,4.8532,231.24,0.023977,0.83813,65.649,18.866,44.006
319,2026-04-18T07:54:00,51.489,23.13,26.968,33.347,41.994,2714.8,3729.1,17.199,18.607,23.011,0.23536,0.083879,343.28,77.677,6.861,13.798,31.933,4514.0,23.319,49.979,48.405,80.019,2.2168,1.7081,3110.0,42.519,53.597,94.483,9.3045,60.505,33.406,41.331,2644.5,63.173,25.353,47.468,0.35011,8.951,26.595,120.43,1.1468,74.692,24.041,2.3467,53.601,4.8073,232.09,0.023977,0.83813,65.629,18.597,44.006
320,2026-04-18T07:57:00,49.024,23.18,27.177,33.347,40.74,2715.3,3730.7,18.024,18.607,22.688,0.23486,0.083879,343.12,77.319,6.861,13.798,31.933,4501.9,22.971,44.275,48.336,80.161,2.2168,1.7081,3110.8,42.479,53.742,94.422,9.3566,61.02,33.202,41.484,2644.3,63.145,23.667,47.443,0.34885,8.951,26.595,120.37,1.1468,74.565,24.041,2.3467,53.601,4.8073,232.85,0.023977,0.83813,65.68,18.597,44.006
321,2026-04-18T08:00:00,49.563,26.65,26.841,33.21,42.143,2713.6,3641.9,17.62,17.958,22.625,0.27326,0.083879,343.25,77.307,6.6697,13.709,32.132,4516.2,23.146,45.523,50.777,79.961,2.2672,1.6591,3110.3,42.637,54.239,94.442,9.422,61.51,40.386,39.624,2642.4,63.291,27.047,47.511,0.33457,8.9433,26.73,120.41,1.2982,74.817,24.479,2.2518,53.601,4.7647,232.56,0.023977,0.83813,65.698,19.181,44.006
322,2026-04-18T08:03:00,48.199,27.09,26.693,33.21,40.639,2714.1,3668.4,20.635,17.958,22.837,0.26878,0.10541,343.21,77.35,6.6697,13.709,32.132,4539.5,21.874,42.365,48.849,79.992,2.2672,1.6591,3109.6,42.615,53.961,94.532,9.3577,59.835,34.713,39.616,2643.9,62.835,26.123,47.498,0.33463,8.9433,26.73,120.38,1.2982,74.595,24.479,2.2518,53.415,4.7647,232.73,0.0091535,0.83145,65.69,19.181,43.844
323,2026-04-18T08:06:00,50.716,25.152,26.682,32.929,42.699,2714.3,3720.4,17.73,18.248,22.952,0.25328,0.10541,343.96,77.236,6.967,13.726,32.662,4475.9,23.1,48.19,48.367,79.936,2.2289,1.6613,3108.9,42.473,53.268,94.376,9.4292,63.257,33.296,38.245,2644.3,63.728,24.119,47.633,0.32549,8.7705,26.521,120.42,1.1021,74.711,24.231,2.2637,53.415,4.8677,231.51,0.0091535,0.83145,65.682,18.599,43.844
324,2026-04-18T08:09:00,50.542,24.934,26.794,32.929,40.64,2713.2,3741.8,20.352,18.248,22.733,0.2555,0.10541,343.8,77.193,6.967,13.726,32.662,4486.1,21.995,47.788,49.79,79.98,2.2289,1.6613,3108.5,42.928,53.146,94.393,9.4768,60.361,37.481,38.346,2643.0,63.358,24.548,47.737,0.32466,8.7705,26.521,120.36,1.1021,74.858,24.231,2.2637,53.415,4.8677,230.63,0.0091535,0.83145,65.681,18.599,43.844
325,2026-04-18T08:12:00,50.038,19.823,26.802,32.809,41.814,2712.7,3653.3,19.348,17.802,23.228,0.20065,0.10541,343.95,77.298,6.9033,13.798,32.526,4504.5,22.417,46.622,51.637,79.917,2.2391,1.6327,3105.4,42.62,54.335,94.532,9.3532,58.453,42.917,38.482,2641.7,62.335,26.472,47.773,0.326,8.9481,26.48,120.4,1.3812,75.107,24.127,2.2345,53.415,4.8693,230.51,0.0091535,0.83145,65.673,18.831,43.844
326,2026-04-18T08:15:00,49.626,19.964,27.119,32.809,41.477,2711.3,3628.5,18.736,17.802,23.038,0.19922,0.10541,343.63,77.262,6.9033,13.798,32.526,4530.0,22.676,45.67,50.081,79.872,2.2391,1.6327,3104.8,42.501,54.031,94.653,9.2778,61.64,38.34,38.414,2641.0,62.761,24.674,47.829,0.32656,8.9481,26.48,120.39,1.3812,75.116,24.127,2.2345,53.415,4.8693,230.16,0.0091535,0.83145,65.672,18.831,43.844
327,2026-04-18T08:18:00,51.458,20.61,27.097,33.124,41.279,2711.7,3638.9,16.175,18.224,23.323,0.21053,0.10827,343.71,77.154,6.8966,13.942,32.566,4487.6,23.757,49.909,50.095,79.881,2.2861,1.6493,3104.5,42.413,53.979,94.723,9.3043,60.784,38.38,39.024,2641.0,63.092,25.228,47.47,0.33664,8.8613,26.465,120.38,1.3584,74.379,24.171,2.2991,54.044,4.8185,232.55,0.0073649,0.82237,65.695,18.766,42.922
328,2026-04-18T08:21:00,49.471,20.653,26.855,33.124,40.986,2711.8,3640.3,18.707,18.224,23.117,0.21009,0.10827,343.73,76.8,6.8966,13.942,32.566,4477.4,22.705,45.31,50.095,79.84,2.2861,1.6493,3104.7,42.099,54.1,94.618,9.2106,62.772,38.38,39.584,2641.3,63.067,25.191,47.577,0.33205,8.8613,26.465,120.4,1.3584,75.17,24.171,2.2991,54.044,4.8185,230.81,0.0073649,0.82237,65.649,18.766,42.922
329,2026-04-18T08:24:00,50.697,19.827,26.747,33.173,40.568,2709.1,3667.8,17.874,18.083,22.874,0.20325,0.10827,343.5,77.218,6.7874,13.803,32.487,4513.1,23.054,48.147,50.76,79.65,2.2723,1.6747,3103.3,42.52,53.829,94.775,9.2758,62.947,40.336,41.366,2638.1,62.635,24.395,47.455,0.34958,8.8341,26.505,120.37,1.2326,75.05,23.964,2.3394,54.044,4.6962,231.68,0.0073649,0.82237,65.598,18.968,42.922
330,2026-04-18T08:27:00,49.668,19.928,26.626,33.173,41.167,2711.9,3667.4,17.626,18.083,23.047,0.20222,0.10827,343.14,77.302,6.7874,13.803,32.487,4489.4,23.159,45.766,50.403,79.806,2.2723,1.6747,3104.8,42.426,54.112,94.659,9.3807,62.357,39.285,41.479,2641.5,62.643,24.275,47.518,0.34865,8.8341,26.505,120.41,1.2326,74.655,23.964,2.3394,54.044,4.6962,230.5,0.0073649,0.82237,65.549,18.968,42.922
331,2026-04-18T08:30:00,51.051,20.284,26.816,32.83,40.65,2713.6,3669.2,18.446,17.983,22.839,0.20679,0.10827,343.46,77.181,6.8468,13.619,32.399,4435.5,22.809,48.966,48.881,79.999,2.2763,1.6209,3108.2,42.286,54.246,94.581,9.4162,62.689,34.808,39.249,2643.5,63.607,24.869,47.435,0.33699,8.795,26.783,120.4,1.2043,74.158,24.126,2.2944,54.044,4.8079,230.91,0.0073649,0.82237,65.576,18.862,42.922
332,2026-04-18T08:33:00,49.017,20.385,27.152,32.83,41.623,2712.4,3632.5,19.723,17.983,22.782,0.20577,0.095413,343.17,77.241,6.8468,13.619,32.399,4485.3,22.269,44.259,50.703,79.937,2.2763,1.6209,3108.5,42.328,53.65,94.605,9.2683,61.961,40.169,39.764,2641.0,64.238,25.22,47.154,0.33277,8.795,26.783,120.42,1.2043,74.72,NA,2.2944,54.369,4.8079,230.74,0.028941,0.84142,65.606,18.862,44.312
333,2026-04-18T08:36:00,49.732,20.917,26.831,33.139,40.707,2712.1,3692.7,19.002,18.139,22.913,0.21209,0.095413,343.02,77.261,6.897,13.849,32.161,4493.0,22.576,45.913,50.234,79.868,2.236,1.6581,3108.0,42.342,53.796,94.573,9.4428,62.454,38.789,36.884,2641.7,62.743,24.404,47.042,0.31471,8.7994,26.542,120.39,1.2696,74.82,24.249,2.2791,54.369,4.7967,230.26,0.028941,0.84142,65.607,18.19,44.312
334,2026-04-18T08:39:00,50.827,20.907,26.785,33.139,40.642,2713.2,3677.4,18.834,18.139,22.789,0.21219,0.095413,342.9,77.09,6.897,13.849,32.161,4512.6,22.654,48.447,50.785,79.819,2.236,1.6581,3108.5,42.17,53.563,94.587,9.3313,64.303,40.409,37.026,2642.2,63.006,25.106,47.052,0.31354,8.7994,26.542,120.41,1.2696,74.725,24.249,2.2791,54.369,4.7967,228.44,0.028941,0.84142,65.552,18.19,44.312
335,2026-04-18T08:42:00,49.991,23.021,26.891,32.894,40.743,2715.8,3661.0,18.196,18.156,22.783,0.23494,0.095413,342.98,77.465,6.8095,13.762,32.145,4513.9,22.913,46.514,50.081,79.902,2.2623,1.6408,3110.6,42.009,55.237,94.452,9.4776,61.058,38.337,39.622,2645.2,62.858,25.261,47.071,0.34157,8.9143,26.596,120.4,1.2631,74.491,24.548,2.2139,54.369,4.8336,226.54,0.028941,0.84142,65.536,18.365,44.312
336,2026-04-18T08:45:00,50.162,22.972,26.945,32.894,41.38,2715.7,3642.3,16.682,18.156,22.374,0.23544,0.095413,342.83,77.314,6.8095,13.762,32.145,4561.2,23.554,46.91,52.281,79.823,2.2623,1.6408,3112.8,42.294,54.67,94.662,9.4992,60.758,44.812,40.099,2644.7,63.179,23.921,46.807,0.33765,8.9143,26.596,120.41,1.2631,74.584,24.548,2.2139,54.369,4.8336,227.79,0.028941,0.84142,65.543,18.365,44.312
337,2026-04-18T08:48:00,47.832,23.177,26.983,33.069,40.544,2719.4,3660.5,17.962,18.712,22.813,0.23709,0.099777,343.21,77.6,6.9069,13.696,31.951,4535.7,23.002,41.517,48.923,80.035,2.284,1.6893,3114.0,42.85,54.629,94.44,9.3209,62.063,34.932,38.936,2648.7,63.66,25.56,47.001,0.32787,9.0835,26.523,120.41,1.1295,75.061,25.035,2.2258,53.2,4.8435,229.32,0.024966,0.81894,65.531,18.827,44.188
338,2026-04-18T08:51:00,51.232,23.23,26.981,33.069,41.249,2719.8,3693.2,16.083,18.712,22.753,0.23654,0.099777,342.88,77.478,6.9069,13.696,31.951,4537.9,23.789,49.385,49.701,80.079,2.284,1.6893,3116.3,42.352,54.603,94.485,9.3795,62.258,37.219,39.109,2649.7,63.098,25.739,47.143,0.32645,9.0835,26.523,120.4,1.1295,74.995,25.035,2.2258,53.2,4.8435,228.35,0.024966,0.81894,65.578,18.827,44.188
339,2026-04-18T08:54:00,49.913,25.374,26.986,33.016,41.319,2719.1,3680.3,17.8,17.916,22.796,0.25526,0.099777,342.87,77.531,6.8366,13.638,32.071,4528.1,23.061,46.332,48.966,80.026,2.2435,1.5949,3116.4,42.328,53.619,94.504,9.2622,62.375,35.056,38.004,2648.7,62.488,26.494,47.04,0.31989,8.8355,26.526,120.4,1.4228,75.174,24.509,2.2562,53.2,4.8598,230.1,0.024966,0.81894,65.634,18.888,44.188
340,2026-04-18T08:57:00,48.228,25.247,26.979,33.016,41.301,2719.9,3658.6,19.784,17.916,23.136,0.25656,0.099777,343.26,77.162,6.8366,13.638,32.071,4533.1,22.236,42.432,50.825,79.982,2.2435,1.5949,3115.1,42.241,53.558,94.499,9.3296,63.602,40.528,37.925,2649.7,62.863,25.037,47.205,0.32053,8.8355,26.526,120.4,1.4228,75.035,24.509,2.2562,53.2,4.8598,228.84,0.024966,0.81894,65.635,18.888,44.188
341,2026-04-18T09:00:00,48.409,24.298,27.017,32.504,40.311,2717.8,3650.7,20.952,18.753,22.738,0.24667,0.099777,342.79,76.804,6.8698,13.681,32.381,4486.2,21.76,42.851,49.863,79.734,2.2865,1.6237,3113.2,42.398,53.955,94.5,9.2859,60.861,37.698,37.394,2646.5,63.624,23.903,47.062,0.31032,8.722,26.756,120.38,1.2114,74.996,25.12,2.2499,53.2,4.7308,231.07,0.024966,0.81894,65.617,18.679,44.188
342,2026-04-18T09:03:00,51.079,24.215,27.277,32.504,40.746,2715.7,3656.1,16.616,18.753,22.993,0.24752,0.1117,343.61,76.65,6.8698,13.681,32.381,4500.2,23.607,49.032,51.392,79.438,2.2865,1.6237,3110.6,41.86,53.787,94.628,9.2923,63.364,42.197,36.533,2644.6,63.531,24.807,46.705,0.31738,8.722,26.756,120.36,1.2114,74.208,25.12,2.2499,54.073,4.7308,229.23,0.032578,0.80715,65.488,18.679,43.401
343,2026-04-18T09:06:00,48.995,21.267,26.76,32.511,41.789,2717.0,3650.9,19.139,18.35,22.9,0.21673,0.1117,343.42,77.432,6.8562,13.835,32.136,4499.6,22.525,44.208,48.711,79.561,2.2965,1.6326,3111.1,42.394,54.306,94.562,9.3815,61.895,34.306,37.683,2645.9,63.357,24.946,46.678,0.31534,8.922,27.143,120.4,1.0996,74.627,24.185,2.2806,54.073,4.6631,227.42,0.032578,0.80715,65.393,19.183,43.401
344,2026-04-18T09:09:00,49.334,21.383,26.51,32.511,40.652,2719.8,3657.3,18.065,18.35,22.625,0.21555,0.1117,343.33,77.357,6.8562,13.835,32.136,4529.0,22.97,44.993,50.153,79.964,2.2965,1.6326,3114.2,42.32,53.953,94.596,9.2192,63.397,38.55,37.766,2648.4,63.247,24.503,46.607,0.31466,8.922,27.143,120.39,1.0996,74.883,24.185,2.2806,54.073,4.6631,226.06,0.032578,0.80715,65.437,19.183,43.401
345,2026-04-18T09:12:00,49.282,23.536,26.594,32.651,40.902,2717.2,3665.3,17.705,18.394,22.739,0.23951,0.1117,342.99,77.16,6.8812,13.6,32.06,4469.6,23.131,44.872,50.458,79.77,2.2234,1.6597,3112.5,42.198,53.403,94.48,9.3365,63.903,39.448,39.589,2646.2,63.246,24.696,46.283,0.33284,9.0051,26.713,120.4,1.0769,75.102,24.856,2.2536,54.073,4.7043,227.49,0.032578,0.80715,65.465,18.957,43.401
346,2026-04-18T09:15:00,50.731,23.697,27.042,32.651,40.446,2716.3,3697.9,17.1,18.394,22.729,0.23786,0.1117,343.18,76.904,6.8812,13.6,32.06,4449.9,23.395,48.227,51.427,79.661,2.2234,1.6597,3111.7,42.549,53.638,94.641,9.4487,61.653,42.3,39.577,2644.8,62.684,24.76,46.265,0.33294,9.0051,26.713,120.4,1.0769,75.708,24.856,2.2536,54.073,4.7043,225.55,0.032578,0.80715,65.424,18.957,43.401
347,2026-04-18T09:18:00,49.8,24.391,26.964,32.797,41.565,2717.3,3653.1,18.376,18.349,22.958,0.24743,0.087611,342.8,77.256,6.9166,13.972,32.334,4450.2,22.851,46.07,48.593,79.751,2.2313,1.6401,3113.2,42.454,54.141,94.573,9.3744,60.053,33.961,36.252,2647.2,63.248,27.589,45.792,0.30727,8.6602,26.637,120.41,1.2193,75.18,NA,2.2627,52.972,4.7702,224.9,0.014727,0.81333,65.357,18.5,44.375
348,2026-04-18T09:21:00,49.036,24.43,27.005,32.797,42.165,2718.0,3655.1,17.184,18.349,22.986,0.24703,0.087611,343.12,77.193,6.9166,13.972,32.334,4478.5,23.356,44.302,49.438,79.745,2.2313,1.6401,3112.9,42.55,53.801,94.574,9.2838,63.06,36.445,36.47,2647.5,63.214,24.54,45.414,0.30548,8.6602,26.637,120.39,1.2193,74.409,24.401,2.2627,52.972,4.7702,225.33,0.014727,0.81333,65.342,18.5,44.375
349,2026-04-18T09:24:00,49.837,21.765,26.815,33.175,41.021,2717.2,3623.6,17.176,18.164,22.564,0.22086,0.087611,342.63,77.584,6.9402,13.718,32.108,4545.6,23.346,46.157,49.507,79.816,2.2079,1.6463,3113.5,42.339,54.127,94.655,9.3005,61.823,36.649,41.489,2646.5,63.43,23.652,45.114,0.34556,8.7931,26.596,120.39,1.1999,75.542,24.377,2.2834,52.972,4.7711,224.93,0.014727,0.81333,65.302,18.471,44.375
350,2026-04-18T09:27:00,49.568,21.76,26.757,33.175,41.242,2717.8,3655.1,15.35,18.164,22.763,0.2209,0.087611,342.69,77.268,6.9402,13.718,32.108,4573.1,24.119,45.534,48.546,79.886,2.2079,1.6463,3113.0,42.251,53.798,94.622,9.2743,62.101,33.822,41.291,2646.6,62.889,22.508,45.182,0.34719,8.7931,26.596,120.41,1.1999,75.669,24.377,2.2834,52.972,4.7711,220.38,0.014727,0.81333,65.337,18.471,44.375
351,2026-04-18T09:30:00,49.98,23.935,27.02,32.899,40.545,2716.9,3646.7,18.188,18.47,22.751,0.24188,0.087611,342.97,76.957,6.9335,13.675,32.002,4522.2,22.937,46.487,49.759,79.73,2.2383,1.6785,3113.3,42.254,54.528,94.665,9.3532,60.219,37.39,38.338,2646.5,62.781,26.59,44.907,0.31596,8.8959,26.783,120.4,1.2228,75.21,24.781,2.2668,52.972,4.7288,219.67,0.014727,0.81333,65.326,18.132,44.375
352,2026-04-18T09:33:00,49.548,24.004,27.151,32.899,40.87,2717.0,3668.1,20.954,18.47,22.96,0.24118,0.10647,342.82,77.043,6.9335,13.675,32.002,4500.4,21.777,45.488,50.579,79.673,2.2383,1.6785,3112.5,42.248,54.789,94.75,9.2875,60.23,39.804,37.174,2646.2,62.413,25.647,44.55,0.32551,8.8959,26.783,120.4,1.2228,75.75,24.781,2.2668,53.768,4.7288,221.23,0.033108,0.82834,65.255,18.132,43.319
353,2026-04-18T09:36:00,49.267,24.976,26.509,32.875,40.906,2717.5,3646.1,18.39,18.045,22.486,0.25458,0.10647,342.91,77.189,6.8535,13.661,32.147,4559.8,22.859,44.838,50.009,79.551,2.2454,1.6575,3113.6,42.007,54.99,94.656,9.3795,61.843,38.127,37.196,2646.1,62.799,25.086,44.303,0.3143,8.8649,26.394,120.4,1.2226,74.923,24.6,2.2889,53.768,4.7827,220.86,0.033108,0.82834,65.149,18.905,43.319
354,2026-04-18T09:39:00,48.529,24.928,26.718,32.875,40.511,2720.0,3650.5,17.916,18.045,22.628,0.25506,0.10647,342.36,77.378,6.8535,13.661,32.147,4569.3,23.052,43.13,48.406,79.727,2.2454,1.6575,3115.3,42.244,54.877,94.714,9.2499,61.512,33.409,36.609,2649.5,62.723,25.268,43.937,0.31911,8.8649,26.394,120.39,1.2226,75.514,24.6,2.2889,53.768,4.7827,221.83,0.033108,0.82834,65.122,18.905,43.319
355,2026-04-18T09:42:00,49.26,23.635,26.948,33.202,41.134,2722.0,3669.1,18.407,18.712,22.776,0.24242,0.10647,342.44,77.353,6.7434,13.943,32.001,4514.8,22.838,44.821,50.67,79.986,2.2257,1.6152,3117.8,42.291,53.673,94.539,9.3036,60.505,40.073,36.733,2651.5,63.094,23.838,44.005,0.31305,8.7965,26.536,120.4,1.3104,75.66,24.333,2.1746,53.768,4.6474,217.92,0.033108,0.82834,65.108,18.652,43.319
356,2026-04-18T09:45:00,49.446,23.967,26.825,33.202,40.976,2721.7,3705.7,20.432,18.712,22.935,0.23906,0.10647,342.69,77.362,6.7434,13.943,32.001,4506.5,21.981,45.252,49.583,79.921,2.2257,1.6152,3117.2,42.079,53.772,94.624,9.3109,61.149,36.873,37.178,2650.1,62.465,26.042,43.772,0.30939,8.7965,26.536,120.4,1.3104,75.788,24.333,2.1746,53.768,4.6474,217.37,0.033108,0.82834,65.123,18.652,43.319
357,2026-04-18T09:48:00,50.891,25.342,27.084,32.954,41.711,2717.7,3687.0,16.988,18.107,22.753,0.2557,0.095641,342.27,76.949,6.9057,13.891,32.025,4525.6,23.449,48.596,48.504,79.73,2.2467,1.6745,3115.0,42.45,54.165,94.529,9.2996,59.576,33.697,40.507,2646.7,63.83,25.068,43.789,0.34386,9.119,26.644,120.41,1.1699,75.438,24.711,2.2681,53.373,4.7448,218.04,0.0039113,0.83143,65.111,18.646,43.843
358,2026-04-18T09:51:00,50.602,25.416,26.728,32.954,41.781,2716.9,3693.4,21.944,18.107,22.593,0.25494,0.095641,342.15,76.975,6.9057,13.891,32.025,4521.0,21.363,47.927,50.852,79.708,2.2467,1.6745,3112.7,42.52,54.221,94.519,9.2321,59.951,40.606,40.548,2645.5,63.72,25.75,43.785,0.34354,9.119,26.644,120.4,1.1699,74.995,24.711,2.2681,53.373,4.7448,216.73,0.0039113,0.83143,65.088,18.646,43.843
359,2026-04-18T09:54:00,51.61,24.978,26.498,33.093,40.822,2714.8,3642.3,18.472,18.333,22.486,0.25842,0.095641,342.45,77.222,6.8768,13.742,31.743,4539.4,22.822,50.259,47.376,79.698,2.2532,1.6466,3111.1,41.951,54.036,94.582,9.2141,61.14,30.379,39.996,2644.3,63.231,25.2,43.622,0.33781,8.9118,26.921,120.38,1.2729,75.161,24.346,2.3397,53.373,4.8056,217.21,0.0039113,0.83143,65.023,18.408,43.843
360,2026-04-18T09:57:00,51.573,25.332,26.97,33.093,41.156,2713.4,3652.2,17.671,18.333,22.557,0.25483,0.095641,341.89,77.012,6.8768,13.742,31.743,4531.7,23.168,50.175,47.896,79.681,2.2532,1.6466,3110.1,42.305,54.128,94.625,9.3264,60.033,31.909,40.078,2642.3,63.06,25.679,43.575,0.33714,8.9118,26.921,120.4,1.2729,75.196,24.346,2.3397,53.373,4.8056,216.4,0.0039113,0.83143,65.014,18.408,43.843
361,2026-04-18T10:00:00,48.684,28.134,26.895,33.126,40.384,2714.8,3686.6,17.625,18.211,22.817,0.28728,0.095641,342.27,76.787,6.9075,13.918,32.297,4550.1,23.197,43.489,48.479,79.714,2.2316,1.689,3110.8,42.295,54.534,94.688,9.3211,61.034,33.623,38.161,2644.5,62.713,24.517,43.507,0.31989,8.987,26.503,120.39,1.2207,74.748,24.998,2.2798,53.373,4.7614,215.82,0.0039113,0.83143,64.992,18.599,43.843
362,2026-04-18T10:03:00,49.845,28.107,26.828,33.126,41.699,2713.8,3659.3,21.136,18.211,22.522,0.28756,0.099723,342.05,76.952,6.9075,13.918,32.297,4563.3,21.727,46.175,48.613,79.506,2.2316,1.689,3110.0,42.494,54.375,94.547,9.1703,60.873,34.018,38.318,2642.5,63.183,24.971,43.272,0.31861,8.987,26.503,120.41,1.2207,75.389,24.998,2.2798,52.697,4.7614,217.95,0.014652,0.84335,64.932,18.599,43.912
363,2026-04-18T10:06:00,49.647,23.148,27.334,32.331,41.022,2715.1,3661.2,18.276,18.151,23.018,0.2342,0.099723,342.01,77.217,6.8671,13.857,32.049,4568.6,22.923,45.716,47.42,79.758,2.1898,1.6772,3108.9,42.594,53.889,94.662,9.3555,61.852,30.506,40.346,2644.0,62.872,26.134,43.454,0.34079,9.0089,26.433,120.39,1.1372,74.846,24.665,2.3136,52.697,4.7549,214.95,0.014652,0.84335,64.905,19.056,43.912
364,2026-04-18T10:09:00,49.768,23.123,26.799,32.331,41.063,2715.4,3672.9,17.931,18.151,22.712,0.23445,0.099723,341.86,77.626,6.8671,13.857,32.049,4552.2,23.051,45.997,50.349,79.904,2.1898,1.6772,3110.3,42.18,54.086,94.642,9.3148,59.316,39.128,40.271,2644.2,62.67,24.293,43.328,0.3414,9.0089,26.433,120.42,1.1372,74.517,24.665,2.3136,52.697,4.7549,215.38,0.014652,0.84335,64.966,19.056,43.912
365,2026-04-18T10:12:00,50.301,25.355,27.057,32.704,40.625,2715.9,3640.6,18.991,18.075,22.75,0.2601,0.099723,341.74,77.385,6.9033,13.714,32.408,4553.5,22.598,47.229,50.088,80.185,2.2467,1.6486,3112.3,42.283,52.941,94.576,9.2464,61.73,38.359,39.661,2645.5,63.576,25.285,43.374,0.3339,9.0477,26.426,120.39,1.1893,75.543,24.835,2.2558,52.697,4.8077,213.8,0.014652,0.84335,65.041,18.707,43.912
366,2026-04-18T10:15:00,50.964,25.324,27.422,32.704,41.883,2714.0,3696.0,16.714,18.075,22.982,0.2604,0.099723,341.7,77.394,6.9033,13.714,32.408,4472.5,23.554,48.766,49.89,80.084,2.2467,1.6486,3109.4,42.294,53.912,94.564,9.3597,60.055,37.775,39.227,2642.9,62.622,24.443,43.271,0.33745,9.0477,26.426,120.42,1.1893,75.329,24.835,2.2558,52.697,4.8077,213.87,0.014652,0.84335,65.1,18.707,43.912
367,2026-04-18T10:18:00,51.056,22.057,26.663,32.565,40.558,2711.3,3655.7,16.547,18.516,22.164,0.22336,0.10928,341.59,76.847,6.7728,13.677,31.865,4566.3,23.638,48.977,50.667,80.016,2.2369,1.639,3108.0,42.083,53.628,94.657,9.3117,62.642,40.064,37.732,2640.3,62.995,26.108,43.63,0.31771,8.9883,26.965,120.36,1.2144,75.551,24.343,2.1931,54.642,4.801,212.23,0.041093,0.84933,65.141,18.863,43.587
368,2026-04-18T10:21:00,47.765,22.045,26.73,32.565,41.45,2709.2,3663.9,21.089,18.516,22.162,0.22348,0.10928,341.48,76.848,6.7728,13.677,31.865,4547.1,21.733,41.362,49.103,79.841,2.2369,1.639,3105.7,42.413,53.857,94.798,9.268,60.742,35.461,37.986,2638.0,62.853,25.949,43.486,0.31562,8.9883,26.965,120.41,1.2144,75.177,24.343,2.1931,54.642,4.801,214.3,0.041093,0.84933,65.1,18.863,43.587
369,2026-04-18T10:24:00,50.882,27.383,26.786,33.068,40.406,2706.8,3668.7,18.295,18.288,22.2,0.27531,0.10928,341.09,76.706,7.0481,13.805,32.0,4488.2,22.927,48.576,49.362,79.54,2.2474,1.6591,3103.4,42.681,54.177,94.606,9.258,62.322,36.223,37.213,2635.2,63.957,24.139,43.22,0.31248,8.8171,26.658,120.4,1.1706,75.957,24.46,2.1684,54.642,4.8185,217.8,0.041093,0.84933,65.0,18.458,43.587
370,2026-04-18T10:27:00,51.437,27.632,26.85,33.068,40.393,2707.2,3700.5,19.698,18.288,22.352,0.27278,0.10928,340.83,76.673,7.0481,13.805,32.0,4556.8,22.344,49.861,50.762,79.679,2.2474,1.6591,3104.9,42.167,53.355,94.676,9.4386,62.934,40.341,37.12,2636.2,63.411,26.033,43.562,0.31324,8.8171,26.658,120.39,1.1706,76.264,24.46,2.1684,54.642,4.8185,214.5,0.041093,0.84933,64.972,18.458,43.587
371,2026-04-18T10:30:00,50.466,26.093,26.794,32.729,40.735,2707.4,3628.5,20.746,18.625,22.196,0.26756,0.10928,341.0,77.615,6.8911,13.695,31.962,4561.4,21.879,47.612,49.075,79.799,2.2339,1.6291,3104.2,42.258,54.314,94.681,9.2698,61.762,35.377,38.636,2636.0,62.208,25.276,43.512,0.32777,8.859,26.836,120.4,1.222,73.9,24.242,2.3081,54.642,4.7601,215.6,0.041093,0.84933,64.95,18.737,43.587
372,2026-04-18T10:33:00,50.344,26.315,26.721,32.729,40.42,2711.3,3601.8,17.832,18.625,22.376,0.2653,0.10603,340.72,77.369,6.8911,13.695,31.962,4545.1,23.102,47.331,49.206,80.157,2.2339,1.6291,3107.9,42.163,54.51,94.848,9.2081,62.023,35.763,39.024,2639.5,62.666,23.588,43.702,0.32459,8.859,26.836,120.39,1.222,74.9,24.242,2.3081,54.224,4.7601,215.87,0.020401,0.84758,65.032,18.737,44.388
373,2026-04-18T10:36:00,50.059,26.746,26.984,32.849,42.019,2712.2,3669.9,20.368,18.335,22.455,0.27266,0.10603,341.13,77.204,6.8513,13.967,32.158,4494.2,22.033,46.671,50.211,80.207,2.2676,1.6619,3108.5,41.804,54.464,94.585,9.3738,61.129,38.72,37.392,2641.5,62.789,24.719,43.754,0.31292,9.0746,26.663,120.42,1.2599,75.073,24.278,2.1835,54.224,4.8001,216.53,0.020401,0.84758,65.111,18.704,44.388
374,2026-04-18T10:39:00,51.962,26.724,26.413,32.849,40.21,2710.0,3638.4,17.791,18.335,21.951,0.27289,0.10603,340.55,76.744,6.8513,13.967,32.158,4493.5,23.134,51.075,50.006,79.946,2.2676,1.6619,3107.7,42.716,54.472,94.761,9.3202,61.045,38.119,37.487,2639.0,63.331,25.298,43.722,0.31214,9.0746,26.663,120.39,1.2599,74.337,24.278,2.1835,54.224,4.8001,218.15,0.020401,0.84758,65.146,18.704,44.388
375,2026-04-18T10:42:00,49.461,25.004,26.89,32.505,41.947,2706.7,3683.4,18.477,18.425,22.044,0.25504,0.10603,341.07,76.936,6.881,13.76,31.655,4535.4,22.848,45.286,49.363,79.774,2.2651,1.5841,3104.3,42.739,54.06,94.631,9.2042,60.984,36.225,40.718,2635.1,62.916,26.296,43.727,0.34546,8.8936,26.998,120.42,1.2182,75.233,23.951,2.2097,54.224,4.8285,219.41,0.020401,0.84758,65.118,18.793,44.388
376,2026-04-18T10:45:00,49.53,25.194,26.761,32.505,39.804,2705.1,3698.3,15.67,18.425,22.144,0.2531,0.10603,340.64,76.831,6.881,13.76,31.655,4531.8,24.037,45.446,50.309,79.781,2.2651,1.5841,3102.7,41.881,54.104,94.81,9.2167,61.468,39.01,40.705,2633.5,62.66,26.284,44.015,0.34557,8.8936,26.998,120.37,1.2182,75.206,23.951,2.2097,54.224,4.8285,217.49,0.020401,0.84758,65.077,18.793,44.388
377,2026-04-18T10:48:00,50.207,30.067,26.98,32.93,41.635,2706.3,3645.7,16.828,18.927,21.879,0.30675,0.099853,340.36,76.948,6.9047,13.76,32.594,4513.3,23.552,47.013,50.308,79.797,2.2725,1.7023,3104.6,42.054,54.112,94.64,9.3639,60.616,39.006,38.321,2634.6,63.32,24.832,43.98,0.32015,9.024,26.249,120.42,1.3529,74.808,24.048,2.2243,53.721,4.8019,218.94,0.020697,0.85431,65.062,18.775,44.09
378,2026-04-18T10:51:00,49.511,30.146,26.769,32.93,40.567,2708.8,3651.7,19.095,18.927,22.243,0.30595,0.099853,340.8,77.548,6.9047,13.76,32.594,4554.9,22.573,45.402,50.421,80.093,2.2725,1.7023,3107.2,42.196,53.614,94.589,9.2949,60.768,39.34,38.633,2638.3,63.217,25.093,43.982,0.3176,9.024,26.249,120.4,1.3529,74.796,24.048,2.2243,53.721,4.8019,220.12,0.020697,0.85431,65.096,18.775,44.09
379,2026-04-18T10:54:00,49.949,21.061,26.843,33.136,41.414,2708.5,3625.5,17.626,17.842,22.063,0.21804,0.099853,340.6,78.0,6.9568,13.822,32.763,4489.7,23.167,46.415,49.076,80.26,2.2358,1.6689,3106.9,42.371,54.438,94.642,9.2703,59.848,35.381,38.201,2637.0,63.45,24.321,44.404,0.32053,9.007,26.659,120.39,1.2174,74.23,23.964,2.2667,53.721,4.8925,216.49,0.020697,0.85431,65.161,18.753,44.09
380,2026-04-18T10:57:00,51.169,21.095,27.198,33.136,40.785,2709.1,3644.9,18.084,17.842,22.335,0.21768,0.099853,340.19,77.398,6.9568,13.822,32.763,4534.7,22.976,49.24,49.863,80.481,2.2358,1.6689,3106.5,41.979,53.9,94.538,9.3029,59.769,37.697,38.336,2638.6,63.116,24.193,44.364,0.31943,9.007,26.659,120.41,1.2174,75.285,23.964,2.2667,53.721,4.8925,217.98,0.020697,0.85431,65.315,18.753,44.09
381,2026-04-18T11:00:00,51.379,19.073,26.652,32.598,41.024,2706.2,3619.1,18.268,18.836,21.845,0.19528,0.099853,339.81,77.114,7.0543,13.788,32.113,4540.9,22.904,49.726,47.423,80.243,2.2495,1.6242,3104.7,42.455,53.88,94.675,9.2611,60.871,30.515,39.156,2634.0,63.056,25.595,44.417,0.32579,9.0114,26.15,120.4,1.2093,74.991,24.535,2.2706,53.721,4.8555,218.43,0.020697,0.85431,65.377,18.483,44.09
382,2026-04-18T11:03:00,49.458,19.25,26.758,32.598,40.247,2700.4,3636.8,18.147,18.836,21.75,0.19348,0.088858,339.86,76.412,7.0543,13.788,32.113,4518.7,22.993,45.28,50.29,79.763,2.2495,1.6242,3099.1,42.336,54.146,94.866,9.3609,59.546,38.955,39.313,2628.5,62.752,25.05,44.668,0.3245,9.0114,26.15,120.37,1.2093,74.753,24.535,2.2706,53.147,4.8555,218.95,0.022167,0.85636,65.291,18.483,44.029
383,2026-04-18T11:06:00,50.951,25.052,26.874,32.519,40.515,2699.0,3610.9,20.239,18.601,21.647,0.25499,0.088858,339.66,76.92,6.8684,13.876,31.942,4556.0,22.118,48.736,50.616,79.503,2.255,1.6625,3096.8,42.544,54.389,94.93,9.3685,60.013,39.914,38.451,2626.3,62.226,25.141,44.665,0.3239,8.9726,25.935,120.39,1.2262,74.812,23.961,2.3691,53.147,4.8938,221.16,0.022167,0.85636,65.18,18.883,44.029
384,2026-04-18T11:09:00,51.195,25.003,26.911,32.519,40.595,2702.0,3626.9,16.373,18.601,21.976,0.25549,0.088858,339.84,77.163,6.8684,13.876,31.942,4514.2,23.747,49.298,49.115,79.659,2.255,1.6625,3098.4,42.339,54.888,94.959,9.2947,60.014,35.497,38.215,2630.1,61.95,25.975,44.906,0.32583,8.9726,25.935,120.38,1.2262,75.092,23.961,2.3691,53.147,4.8938,220.67,0.022167,0.85636,65.094,18.883,44.029
385,2026-04-18T11:12:00,49.709,26.9,26.755,32.825,40.208,2707.1,3643.1,18.599,18.669,22.072,0.27267,0.088858,339.74,77.726,6.9146,14.182,32.229,4509.5,22.78,45.86,51.377,80.245,2.2381,1.6446,3104.9,41.626,53.979,94.696,9.2077,62.607,42.151,39.949,2636.0,63.227,22.661,44.885,0.33107,9.0257,26.745,120.39,1.556,75.537,24.394,2.2014,53.147,4.7316,223.03,0.022167,0.85636,65.16,18.984,44.029
386,2026-04-18T11:15:00,49.175,26.911,26.984,32.825,41.637,2709.3,3674.0,18.023,18.669,22.05,0.27257,0.088858,339.46,77.707,6.9146,14.182,32.229,4553.1,23.005,44.624,49.274,80.515,2.2381,1.6446,3108.6,42.539,53.457,94.602,9.3635,61.033,35.963,39.815,2638.1,62.696,24.878,45.194,0.33216,9.0257,26.745,120.44,1.556,74.803,24.394,2.2014,53.147,4.7316,221.54,0.022167,0.85636,65.331,18.984,44.029
387,2026-04-18T11:18:00,50.015,23.931,26.949,32.62,40.849,2706.6,3641.6,15.668,18.691,21.484,0.24943,0.10449,339.48,77.294,7.0391,13.994,31.757,4485.3,24.002,46.569,52.346,80.43,2.227,1.6322,3106.4,42.144,53.994,94.569,9.3549,60.49,45.003,44.035,2634.6,62.84,24.865,45.622,0.36711,8.9728,26.339,120.39,1.2295,74.778,24.148,2.2945,53.555,4.8286,219.68,0.038271,0.85135,65.462,19.136,43.595
388,2026-04-18T11:21:00,49.516,24.232,26.834,32.62,40.99,2703.9,3652.5,17.399,18.691,21.552,0.24637,0.10449,339.57,77.446,7.0391,13.994,31.757,4511.1,23.268,45.413,49.143,80.268,2.227,1.6322,3103.3,42.424,53.685,94.761,9.3184,61.108,35.578,43.87,2632.0,62.651,25.156,45.614,0.36847,8.9728,26.339,120.4,1.2295,74.858,24.148,2.2945,53.555,4.8286,222.15,0.038271,0.85135,65.522,19.136,43.595
389,2026-04-18T11:24:00,50.879,28.898,27.158,32.654,39.957,2703.9,3620.6,17.198,18.35,21.899,0.29427,0.10449,339.6,77.344,6.8883,13.83,32.496,4485.5,23.354,48.569,50.31,80.207,2.2648,1.6886,3103.2,42.312,53.57,94.734,9.2498,60.271,39.011,41.792,2631.8,62.018,25.871,45.664,0.34757,8.891,26.178,120.39,0.94379,74.749,23.705,2.4116,53.555,4.9223,224.0,0.038271,0.85135,65.504,18.748,43.595
390,2026-04-18T11:27:00,50.796,28.96,27.113,32.654,40.621,2703.4,3620.2,20.38,18.35,21.904,0.29364,0.10449,339.56,76.824,6.8883,13.83,32.496,4527.8,22.034,48.377,49.182,80.048,2.2648,1.6886,3102.6,42.449,53.065,94.847,9.1741,60.013,35.691,41.861,2631.1,62.026,25.234,45.878,0.347,8.891,26.178,120.41,0.94379,75.585,23.705,2.4116,53.555,4.9223,224.0,0.038271,0.85135,65.501,18.748,43.595
391,2026-04-18T11:30:00,50.714,22.064,26.806,32.584,40.121,2701.4,3657.9,18.258,18.47,21.646,0.22208,0.10449,339.68,76.956,6.7935,13.901,32.319,4521.5,22.933,48.187,49.567,79.833,2.244,1.6517,3100.7,42.507,54.064,94.798,9.2532,63.638,36.827,39.685,2629.9,62.622,26.319,46.134,0.32994,8.9935,26.288,120.39,1.1185,74.689,24.238,2.392,53.555,4.9107,223.6,0.038271,0.85135,65.423,18.603,43.595
392,2026-04-18T11:33:00,50.818,22.134,27.223,32.584,40.827,2701.9,3643.3,18.871,18.47,21.965,0.22137,0.097958,340.01,77.079,6.7935,13.901,32.319,4561.9,22.68,48.427,52.267,79.795,2.244,1.6517,3101.3,42.14,53.581,94.828,9.3814,61.918,44.772,39.632,2630.1,62.873,23.924,45.943,0.33037,8.9935,26.288,120.41,1.1185,74.342,24.238,2.392,54.372,4.9107,227.16,0.021778,0.88245,65.367,18.603,44.079
393,2026-04-18T11:36:00,51.495,23.288,26.911,33.322,40.371,2705.0,3655.4,19.575,19.396,21.926,0.23944,0.097958,340.21,77.463,6.7159,13.917,31.713,4591.0,22.37,49.995,51.617,80.103,2.2575,1.6715,3103.0,42.175,53.606,94.634,9.3136,62.319,42.858,40.252,2633.9,63.535,25.331,46.28,0.34126,8.9275,26.329,120.43,1.4887,75.083,23.946,2.3185,54.372,4.8099,225.39,0.021778,0.88245,65.356,19.059,44.079
394,2026-04-18T11:39:00,49.607,23.462,26.766,33.322,41.417,2707.2,3689.1,20.382,19.396,22.067,0.23767,0.097958,340.02,77.555,6.7159,13.917,31.713,4573.2,22.019,45.624,49.209,80.282,2.2575,1.6715,3105.5,42.115,53.819,94.626,9.4631,60.805,35.773,40.57,2636.4,62.956,23.943,46.237,0.33866,8.9275,26.329,120.43,1.4887,74.737,23.946,2.3185,54.372,4.8099,227.81,0.021778,0.88245,65.423,19.059,44.079
395,2026-04-18T11:42:00,48.794,29.553,26.908,32.392,41.621,2706.2,3696.2,19.491,18.63,21.494,0.29657,0.097958,339.36,77.139,6.7695,14.042,32.363,4444.5,22.401,43.742,48.076,80.23,2.2612,1.6575,3106.7,42.457,54.23,94.522,9.335,61.825,32.437,40.925,2634.2,63.636,23.996,46.504,0.34036,8.9023,26.356,120.44,1.1145,75.077,24.21,2.2396,54.372,4.756,226.73,0.021778,0.88245,65.531,18.796,44.079
396,2026-04-18T11:45:00,50.25,29.399,26.731,32.392,40.378,2705.3,3676.7,17.168,18.63,21.719,0.29813,0.097958,339.9,77.394,6.7695,14.042,32.363,4469.6,23.378,47.113,49.263,80.072,2.2612,1.6575,3104.9,42.429,53.929,94.445,9.3354,62.348,35.932,41.196,2633.9,63.97,24.494,46.513,0.33815,8.9023,26.356,120.42,1.1145,74.799,24.21,2.2396,54.372,4.756,228.55,0.021778,0.88245,65.529,18.796,44.079
397,2026-04-18T11:48:00,50.091,23.27,26.783,32.85,42.375,2703.5,3687.1,18.467,18.702,21.647,0.23782,0.095146,339.83,77.214,7.0409,14.006,31.95,4507.9,22.831,46.743,50.055,80.098,2.282,1.6492,3103.7,42.805,54.091,94.491,9.2402,61.523,38.262,42.844,2631.9,63.453,23.179,47.668,0.354,8.9838,26.415,120.42,1.33,74.955,23.841,2.2597,54.299,4.8735,227.04,0.017915,0.85059,65.555,18.775,43.786
398,2026-04-18T11:51:00,48.245,23.219,26.726,32.85,40.875,2701.4,3698.2,17.535,18.702,21.411,0.23834,0.095146,339.54,76.945,7.0409,14.006,31.95,4495.6,23.237,42.472,51.465,80.03,2.282,1.6492,3101.2,42.546,54.239,94.57,9.3073,62.835,42.41,42.447,2629.3,63.261,25.534,47.756,0.35726,8.9838,26.415,120.38,1.33,74.308,23.841,2.2597,54.299,4.8735,232.1,0.017915,0.85059,65.597,18.775,43.786
399,2026-04-18T11:54:00,48.808,27.04,27.038,32.675,40.833,2701.7,3625.5,16.553,18.754,22.061,0.27995,0.095146,340.24,77.509,6.8845,13.978,31.884,4517.1,23.634,43.775,48.877,80.074,2.2702,1.607,3100.1,42.431,54.031,94.631,9.2749,63.423,34.796,42.224,2630.7,62.11,25.547,48.16,0.3536,9.0393,26.136,120.4,1.4333,74.089,23.578,2.2875,54.299,4.8674,233.6,0.017915,0.85059,65.631,19.097,43.786
400,2026-04-18T11:57:00,49.464,27.095,26.984,32.675,39.788,2704.4,3633.6,15.548,18.754,21.824,0.2794,0.095146,340.17,77.208,6.8845,13.978,31.884,4534.2,24.062,45.295,49.395,80.221,2.2702,1.607,3103.1,42.233,53.826,94.836,9.3055,62.364,36.32,42.817,2633.3,61.97,24.754,48.657,0.34874,9.0393,26.136,120.38,1.4333,75.049,23.578,2.2875,54.299,4.8674,234.0,0.017915,0.85059,65.732,19.097,43.786
401,2026-04-18T12:00:00,50.574,28.223,26.69,32.857,41.875,2706.5,3673.6,19.865,18.907,21.919,0.28638,0.095146,340.0,77.65,6.8408,13.785,32.037,4497.2,22.226,47.861,49.958,80.309,2.2992,1.6723,3104.7,42.816,53.451,94.484,9.4535,59.616,37.976,41.875,2635.5,62.578,25.437,49.108,0.35238,8.9772,26.559,120.43,1.1724,74.715,23.963,2.3136,54.299,4.7991,234.87,0.017915,0.85059,65.81,18.909,43.786
402,2026-04-18T12:03:00,48.426,28.187,27.031,32.857,40.869,2706.4,3646.9,18.427,18.907,21.612,0.28674,0.075843,339.97,77.494,6.8408,13.785,32.037,4503.1,22.831,42.891,51.887,80.284,2.2992,1.6723,3106.3,42.833,53.381,94.702,9.4441,61.591,43.654,42.24,2635.0,63.038,23.704,48.683,0.34938,8.9772,26.559,120.41,1.1724,74.991,NA,2.3136,53.611,4.7991,237.01,0.011725,0.84872,65.878,18.909,43.012
403,2026-04-18T12:06:00,48.842,27.034,26.864,32.91,41.233,2706.9,3662.6,18.819,19.066,21.721,0.27361,0.075843,340.49,77.493,6.8379,13.933,31.97,4490.6,22.663,43.854,49.001,80.223,2.286,1.635,3105.9,42.374,53.956,94.451,9.2879,61.647,35.159,39.297,2635.3,63.17,25.004,48.86,0.33176,8.7504,26.402,120.4,1.2932,74.684,23.95,2.3124,53.611,4.7378,237.19,0.011725,0.84872,65.929,18.879,43.012
404,2026-04-18T12:09:00,50.619,27.073,26.886,32.91,41.443,2707.3,3671.8,20.419,19.066,21.648,0.27321,0.075843,340.45,77.325,6.8379,13.933,31.97,4494.3,21.991,47.967,49.806,80.152,2.286,1.635,3106.5,42.529,53.911,94.645,9.3908,60.177,37.528,39.313,2635.3,63.011,25.313,49.155,0.33163,8.7504,26.402,120.42,1.2932,75.892,23.95,2.3124,53.611,4.7378,236.07,0.011725,0.84872,65.951,18.879,43.012
405,2026-04-18T12:12:00,50.46,27.773,26.975,32.623,41.302,2706.4,3684.6,17.308,18.15,21.951,0.28288,0.075843,340.87,77.138,6.9544,13.853,32.326,4522.3,23.314,47.598,50.214,79.957,2.2279,1.6588,3105.0,42.483,53.629,94.507,9.3246,61.568,38.73,41.174,2633.8,62.856,24.93,49.238,0.34944,9.0691,26.353,120.4,1.2121,74.631,23.929,2.3054,53.611,4.8401,237.36,0.011725,0.84872,65.911,18.693,43.012
406,2026-04-18T12:15:00,51.097,27.585,27.018,32.623,41.797,2706.0,3651.6,19.187,18.15,22.27,0.2848,0.075843,341.46,77.193,6.9544,13.853,32.326,4504.3,22.524,49.073,49.116,79.96,2.2279,1.6588,3103.5,42.186,53.844,94.583,9.3418,60.016,35.498,41.446,2635.3,63.425,25.081,49.478,0.34721,9.0691,26.353,120.42,1.2121,75.727,23.929,2.3054,53.611,4.8401,236.87,0.011725,0.84872,65.898,18.693,43.012
407,2026-04-18T12:18:00,51.229,24.508,26.696,33.019,40.655,2705.2,3573.2,17.615,18.403,21.856,0.24811,0.10518,341.23,77.152,6.9326,13.893,31.786,4544.5,23.188,49.379,50.322,79.991,2.2811,1.6717,3103.4,42.139,53.819,94.68,9.366,61.288,39.046,40.316,2634.0,63.738,23.667,49.509,0.33977,9.1226,26.54,120.38,1.1954,75.036,24.411,2.3129,53.835,4.8843,238.47,0.017805,0.84766,65.904,18.137,43.791
408,2026-04-18T12:21:00,49.171,24.574,26.803,33.019,41.279,2707.2,3623.9,19.563,18.403,22.113,0.24744,0.10518,341.32,77.617,6.9326,13.893,31.786,4530.3,22.353,44.616,48.921,80.08,2.2811,1.6717,3104.0,42.368,53.989,94.58,9.3996,62.746,34.925,40.463,2635.4,62.866,25.112,49.617,0.33856,9.1226,26.54,120.42,1.1954,74.274,24.411,2.3129,53.835,4.8843,239.35,0.017805,0.84766,65.91,18.137,43.791
409,2026-04-18T12:24:00,49.816,29.845,26.766,32.597,41.365,2710.4,3629.4,17.031,18.521,22.025,0.30102,0.10518,341.56,77.605,6.8614,13.94,32.431,4559.7,23.413,46.109,50.735,80.181,2.3141,1.6928,3107.2,42.218,55.061,94.657,9.2892,63.698,40.263,40.71,2638.7,62.903,24.386,49.703,0.3459,8.8815,26.078,120.41,1.1756,74.55,23.886,2.2907,53.835,4.7489,240.41,0.017805,0.84766,65.97,18.714,43.791
410,2026-04-18T12:27:00,52.14,29.79,27.303,32.597,40.904,2710.7,3646.5,21.628,18.521,22.329,0.30157,0.10518,341.62,77.363,6.8614,13.94,32.431,4571.1,21.482,51.486,49.58,80.134,2.3141,1.6928,3110.0,42.654,54.924,94.415,9.413,61.071,36.863,40.905,2639.3,62.61,28.496,49.832,0.3443,8.8815,26.078,120.39,1.1756,75.891,23.886,2.2907,53.835,4.7489,240.99,0.017805,0.84766,65.992,18.714,43.791
411,2026-04-18T12:30:00,48.869,23.569,26.914,33.001,41.607,2710.2,3662.6,17.823,18.87,22.213,0.24175,0.10518,341.88,77.119,6.9569,13.822,31.703,4534.5,23.09,43.917,49.043,80.03,2.2461,1.6792,3107.3,42.418,54.006,94.744,9.3498,61.893,35.283,41.559,2638.6,62.943,25.449,50.06,0.35039,9.0233,26.031,120.42,1.2509,75.03,23.61,2.3636,53.835,4.8964,240.47,0.017805,0.84766,66.034,18.648,43.791
412,2026-04-18T12:33:00,48.917,23.449,26.537,33.001,41.375,2708.7,3647.5,18.107,18.87,22.344,0.24297,0.092485,341.8,77.276,6.9569,13.822,31.703,4511.9,22.971,44.028,50.643,79.986,2.2461,1.6792,3105.1,41.975,54.277,94.506,9.5009,59.849,39.993,41.426,2638.5,63.203,25.284,49.998,0.35148,9.0233,26.031,120.39,1.2509,74.001,23.61,2.3636,53.873,4.8964,243.16,0.017823,0.83697,66.009,18.648,43.078
413,2026-04-18T12:36:00,49.62,30.864,26.898,33.051,41.642,2709.4,3620.8,19.827,18.283,22.321,0.31093,0.092485,342.18,77.147,6.7288,13.729,32.51,4523.2,22.252,45.655,50.563,79.888,2.2726,1.6546,3106.1,42.617,54.321,94.593,9.3936,61.251,39.757,40.003,2638.4,62.799,25.67,50.27,0.33789,9.1133,26.264,120.43,1.0741,74.788,24.14,2.3003,53.873,4.8455,242.14,0.017823,0.83697,66.001,18.778,43.078
414,2026-04-18T12:39:00,49.396,30.52,26.74,33.051,40.316,2710.4,3635.3,20.206,18.283,22.265,0.31442,0.092485,342.51,77.206,6.7288,13.729,32.51,4511.8,22.097,45.135,49.889,79.848,2.2726,1.6546,3106.2,41.969,54.457,94.576,9.4218,59.911,37.772,39.884,2639.2,62.549,24.853,50.483,0.33886,9.1133,26.264,120.38,1.0741,74.257,24.14,2.3003,53.873,4.8455,241.78,0.017823,0.83697,65.987,18.778,43.078
415,2026-04-18T12:42:00,50.897,23.158,26.904,32.903,41.448,2710.5,3684.3,18.515,18.363,22.56,0.23472,0.092485,342.57,77.245,6.803,13.777,31.992,4506.2,22.806,48.609,49.412,79.917,2.3054,1.6661,3107.0,42.377,54.214,94.517,9.3043,60.982,36.368,38.749,2640.4,63.745,25.566,50.47,0.32732,8.8679,26.546,120.41,1.1838,74.59,24.225,2.2572,53.873,4.7716,243.97,0.017823,0.83697,65.988,18.82,43.078
416,2026-04-18T12:45:00,50.215,23.075,26.761,32.903,41.75,2709.9,3699.0,19.866,18.363,22.185,0.23556,0.092485,342.48,77.328,6.803,13.777,31.992,4523.4,22.233,47.033,48.812,79.963,2.3054,1.6661,3107.0,41.982,54.007,94.497,9.339,62.131,34.605,38.45,2638.5,63.491,24.461,50.598,0.32977,8.8679,26.546,120.41,1.1838,74.988,24.225,2.2572,53.873,4.7716,244.53,0.017823,0.83697,66.025,18.82,43.078
417,2026-04-18T12:48:00,50.791,28.126,27.299,33.364,41.322,2711.0,3679.7,19.087,18.498,22.611,0.28322,0.093623,342.87,77.447,6.6937,13.998,32.464,4527.5,22.556,48.365,51.406,80.047,2.2693,1.6471,3107.6,42.703,53.853,94.432,9.2691,63.838,42.237,39.227,2640.0,63.281,25.343,50.452,0.33302,8.9697,26.36,120.41,1.1631,74.642,23.921,2.2628,54.367,4.7191,245.23,0.035292,0.82844,66.057,18.754,44.288
418,2026-04-18T12:51:00,49.012,27.653,27.032,33.364,41.357,2710.5,3660.4,19.646,18.498,22.411,0.28803,0.093623,342.42,77.533,6.6937,13.998,32.464,4551.7,22.312,44.249,51.95,80.153,2.2693,1.6471,3107.8,42.331,53.564,94.363,9.2567,61.947,43.839,39.613,2639.3,63.614,24.763,50.617,0.32986,8.9697,26.36,120.41,1.1631,75.195,23.921,2.2628,54.367,4.7191,244.06,0.035292,0.82844,66.111,18.754,44.288
419,2026-04-18T12:54:00,50.941,23.424,26.793,33.193,41.974,2709.6,3676.2,17.172,18.333,22.613,0.23894,0.093623,342.5,77.452,6.8536,13.805,31.847,4546.6,23.351,48.712,48.119,80.152,2.2272,1.6461,3105.1,42.567,53.782,94.391,9.303,61.013,32.565,42.311,2638.8,64.426,23.655,50.694,0.35696,8.9061,26.208,120.42,1.3568,75.473,23.884,2.32,54.367,4.783,243.83,0.035292,0.82844,66.174,18.526,44.288
420,2026-04-18T12:57:00,49.029,23.397,26.703,33.193,41.379,2705.9,3681.0,15.42,18.333,22.188,0.23922,0.093623,342.28,77.039,6.8536,13.805,31.847,4530.3,24.097,44.286,50.124,80.11,2.2272,1.6461,3102.9,42.521,53.978,94.268,9.3427,60.89,38.465,42.739,2634.5,64.344,25.548,50.975,0.35345,8.9061,26.208,120.42,1.3568,74.56,23.884,2.32,54.367,4.783,241.31,0.035292,0.82844,66.211,18.526,44.288
421,2026-04-18T13:00:00,50.764,29.584,26.578,32.934,40.79,2704.9,3661.4,19.699,18.799,22.052,0.29634,0.093623,342.21,77.148,6.8391,13.899,32.161,4548.4,22.298,48.301,49.726,79.988,2.2564,1.7086,3102.7,41.859,54.344,94.512,9.3859,60.866,37.293,40.067,2633.3,63.382,24.914,50.932,0.3339,8.78,26.101,120.38,1.3485,74.889,24.122,2.2968,54.367,4.8576,242.43,0.035292,0.82844,66.209,19.095,44.288
422,2026-04-18T13:03:00,48.661,29.506,26.742,32.934,41.097,2704.0,3662.0,17.553,18.799,22.219,0.29713,0.097994,341.91,77.074,6.8391,13.899,32.161,4518.7,23.206,43.434,50.64,79.982,2.2564,1.7086,3101.2,41.965,54.7,94.425,9.3699,61.993,39.983,40.166,2633.0,63.37,25.707,50.861,0.33309,8.78,26.101,120.38,1.3485,74.177,24.122,2.2968,54.055,4.8576,241.4,-0.004916,0.812,66.192,19.095,43.797
423,2026-04-18T13:06:00,49.378,26.592,27.129,33.133,41.469,2702.0,3661.3,15.852,18.506,22.439,0.26984,0.097994,342.07,77.069,6.9335,13.856,31.979,4480.4,23.929,45.094,50.087,79.861,2.2618,1.6789,3099.2,42.827,53.756,94.667,9.3292,62.653,38.356,41.372,2630.5,63.543,26.456,50.633,0.34436,9.1131,26.527,120.4,1.2863,74.392,23.768,2.3428,54.055,4.8298,243.55,-0.004916,0.812,66.154,18.529,43.797
424,2026-04-18T13:09:00,50.778,26.445,27.047,33.133,41.573,2702.9,3677.7,17.927,18.506,22.559,0.27133,0.097994,341.89,77.534,6.9335,13.856,31.979,4487.2,23.036,48.334,50.424,80.121,2.2618,1.6789,3099.0,42.386,53.674,94.43,9.1777,61.025,39.349,41.091,2633.2,63.261,26.377,50.566,0.34667,9.1131,26.527,120.37,1.2863,74.658,23.768,2.3428,54.055,4.8298,243.87,-0.004916,0.812,66.173,18.529,43.797
425,2026-04-18T13:12:00,50.198,28.696,26.847,33.106,40.955,2704.1,3665.7,15.806,18.44,22.275,0.28612,0.097994,341.51,77.47,6.7523,13.949,32.128,4582.6,23.923,46.991,51.336,80.27,2.2428,1.6804,3100.5,42.254,53.915,94.661,9.3765,62.697,42.031,40.791,2633.2,62.636,26.792,50.657,0.3403,8.961,26.327,120.41,1.2826,74.721,23.574,2.3266,54.055,4.7389,242.37,-0.004916,0.812,66.231,18.175,43.797
426,2026-04-18T13:15:00,50.424,28.492,27.085,33.106,41.33,2703.8,3626.7,20.603,18.44,22.327,0.28819,0.097994,341.99,77.304,6.7523,13.949,32.128,4519.5,21.904,47.516,50.417,80.275,2.2428,1.6804,3101.0,42.7,54.67,94.505,9.2153,62.549,39.327,40.743,2633.2,63.307,25.6,50.655,0.34069,8.961,26.327,120.4,1.2826,75.385,23.574,2.3266,54.055,4.7389,241.9,-0.004916,0.812,66.276,18.175,43.797
427,2026-04-18T13:18:00,50.159,27.248,27.122,32.859,40.523,2701.0,3674.0,19.518,18.491,21.969,0.27475,0.09927,341.58,77.299,6.795,13.983,32.054,4592.9,22.365,46.903,48.513,80.089,2.2628,1.7021,3099.9,42.504,54.732,94.511,9.298,58.168,33.724,41.786,2630.0,64.12,24.773,50.199,0.35355,9.2167,26.639,120.38,1.2588,75.589,23.514,2.2431,53.005,4.8443,241.52,0.0093078,0.84024,66.262,18.935,43.493
428,2026-04-18T13:21:00,49.213,26.959,26.865,32.859,41.199,2699.3,3714.6,18.341,18.491,21.887,0.27769,0.09927,341.62,76.985,6.795,13.983,32.054,4568.0,22.875,44.713,49.317,79.937,2.2628,1.7021,3098.0,42.267,55.03,94.622,9.2264,58.834,36.089,41.469,2628.1,63.421,24.76,50.073,0.35615,9.2167,26.639,120.42,1.2588,75.278,23.514,2.2431,53.005,4.8443,240.33,0.0093078,0.84024,66.198,18.935,43.493
429,2026-04-18T13:24:00,49.699,28.246,26.838,33.196,40.788,2697.9,3689.3,19.138,18.492,21.886,0.28085,0.09927,341.43,77.297,6.843,14.095,32.233,4483.5,22.534,45.836,48.494,80.015,2.268,1.6934,3096.5,42.719,54.214,94.51,9.2746,60.342,33.668,42.828,2626.4,63.583,25.271,49.664,0.35415,9.0054,26.2,120.38,1.4553,74.459,24.032,2.35,53.005,4.8847,242.33,0.0093078,0.84024,66.16,18.857,43.493
430,2026-04-18T13:27:00,48.503,28.023,26.704,33.196,41.76,2695.5,3691.2,16.519,18.492,21.535,0.28312,0.09927,341.07,76.834,6.843,14.095,32.233,4487.9,23.656,43.069,51.772,79.947,2.268,1.6934,3094.1,42.496,54.161,94.548,9.3626,59.844,43.315,43.057,2623.4,63.551,25.859,49.773,0.35227,9.0054,26.2,120.41,1.4553,75.189,24.032,2.35,53.005,4.8847,238.53,0.0093078,0.84024,66.101,18.857,43.493
431,2026-04-18T13:30:00,51.106,26.278,26.686,32.902,40.679,2695.9,3700.0,17.808,18.471,22.192,0.26717,0.09927,341.27,77.44,6.9277,13.823,32.14,4508.9,23.095,49.095,48.791,80.094,2.2914,1.6928,3092.3,41.81,54.082,94.517,9.2699,61.88,34.542,44.026,2624.9,63.038,25.353,49.375,0.37158,8.97,25.949,120.38,1.2105,75.589,23.493,2.3098,53.005,4.8645,240.45,0.0093078,0.84024,66.061,18.728,43.493
432,2026-04-18T13:33:00,50.945,26.407,26.974,32.902,42.064,2697.0,3682.9,17.67,18.471,21.937,0.26586,0.090343,341.28,77.609,6.9277,13.823,32.14,4519.5,23.14,48.721,50.167,80.347,2.2914,1.6928,3093.5,42.143,53.955,94.607,9.2916,61.512,38.592,44.501,2625.6,63.333,24.139,49.993,0.36768,8.97,25.949,120.4,1.2105,75.346,23.493,2.3098,53.439,4.8645,238.83,0.013113,0.84308,66.112,18.728,43.724
433,2026-04-18T13:36:00,48.801,27.259,26.928,32.854,40.93,2698.3,3686.8,19.555,18.652,22.11,0.27536,0.090343,341.33,77.413,6.8974,14.045,32.331,4528.5,22.342,43.759,49.941,80.513,2.2948,1.6481,3094.7,42.147,54.16,94.57,9.3302,60.35,37.926,40.538,2626.9,62.517,24.986,50.129,0.34206,8.9798,26.423,120.4,1.349,75.522,23.654,2.2288,53.439,4.857,238.07,0.013113,0.84308,66.208,18.861,43.724
434,2026-04-18T13:39:00,50.244,27.085,26.854,32.854,41.293,2697.6,3630.3,17.129,18.652,21.903,0.27714,0.090343,341.47,77.337,6.8974,14.045,32.331,4538.0,23.364,47.099,50.607,80.396,2.2948,1.6481,3093.6,42.231,54.046,94.553,9.382,60.461,39.887,40.697,2626.3,63.49,23.582,50.015,0.34076,8.9798,26.423,120.42,1.349,74.631,23.654,2.2288,53.439,4.857,240.13,0.013113,0.84308,66.265,18.861,43.724
435,2026-04-18T13:42:00,50.663,25.45,27.245,33.144,40.81,2692.6,3683.3,17.233,18.629,21.712,0.2558,0.090343,340.67,77.335,6.987,13.903,32.56,4499.8,23.326,48.069,49.806,80.179,2.2496,1.6951,3092.2,42.646,54.176,94.691,9.3279,62.087,37.528,43.713,2620.6,62.815,24.386,50.193,0.36617,9.0727,25.865,120.38,1.3417,74.416,23.372,2.3185,53.439,4.8932,238.92,0.013113,0.84308,66.25,18.936,43.724
436,2026-04-18T13:45:00,48.76,25.362,26.804,33.144,41.31,2692.7,3650.7,15.936,18.629,21.82,0.2567,0.090343,340.82,77.117,6.987,13.903,32.56,4539.6,23.883,43.664,50.247,80.198,2.2496,1.6951,3089.8,42.465,53.7,94.601,9.2501,64.542,38.826,43.648,2620.8,63.377,25.337,50.067,0.3667,9.0727,25.865,120.41,1.3417,75.153,23.372,2.3185,53.439,4.8932,241.17,0.013113,0.84308,66.225,18.936,43.724
437,2026-04-18T13:48:00,50.988,23.017,26.847,33.03,41.013,2691.9,3626.1,15.378,18.938,21.699,0.2308,0.095624,340.82,77.348,6.9245,13.962,32.593,4494.1,24.109,48.82,51.058,80.237,2.2382,1.6615,3089.5,42.338,54.037,94.792,9.3024,60.116,41.213,42.098,2620.0,62.958,24.616,50.203,0.35003,8.9732,25.838,120.36,1.3813,75.335,23.035,2.3572,53.616,4.9241,241.39,0.021621,0.84173,66.227,18.956,43.523
438,2026-04-18T13:51:00,49.559,22.752,27.2,33.03,40.894,2691.6,3650.6,18.628,18.938,22.013,0.23349,0.095624,340.69,77.306,6.9245,13.962,32.593,4520.5,22.738,45.512,48.839,80.326,2.2382,1.6615,3089.7,42.29,53.721,94.706,9.2478,60.519,34.684,41.971,2620.3,62.535,25.562,50.478,0.35107,8.9732,25.838,120.4,1.3813,74.808,23.035,2.3572,53.616,4.9241,239.52,0.021621,0.84173,66.257,18.956,43.523
439,2026-04-18T13:54:00,50.101,22.318,26.981,33.671,40.078,2691.2,3661.6,17.033,19.076,21.532,0.22347,0.095624,340.71,77.43,7.0674,13.795,32.35,4513.2,23.409,46.767,50.052,80.309,2.2812,1.6677,3088.8,42.428,53.732,94.742,9.3041,61.615,38.254,42.824,2618.6,62.825,25.952,50.431,0.35832,8.8224,25.851,120.39,1.3135,74.486,23.816,2.2714,53.616,4.9081,241.22,0.021621,0.84173,66.265,18.555,43.523
440,2026-04-18T13:57:00,50.874,21.998,27.188,33.671,41.577,2693.4,3662.2,16.205,19.076,22.145,0.22673,0.095624,340.51,77.764,7.0674,13.795,32.35,4490.0,23.737,48.557,46.944,80.62,2.2812,1.6677,3091.1,42.69,54.01,94.676,9.3719,62.696,29.108,43.016,2622.0,62.814,26.973,50.654,0.35674,8.8224,25.851,120.41,1.3135,75.535,23.816,2.2714,53.616,4.9081,239.89,0.021621,0.84173,66.329,18.555,43.523
441,2026-04-18T14:00:00,48.626,24.045,26.939,33.247,41.003,2693.4,3623.6,19.915,19.184,21.466,0.2471,0.095624,339.96,77.443,6.9021,14.071,32.362,4570.1,22.174,43.355,50.077,80.637,2.2391,1.6293,3093.1,42.375,54.038,94.677,9.3893,61.199,38.326,40.837,2622.1,62.117,25.452,50.685,0.33864,9.0458,25.919,120.37,1.3825,75.616,23.218,2.3525,53.616,4.9287,240.64,0.021621,0.84173,66.379,18.862,43.523
442,2026-04-18T14:03:00,49.781,24.217,27.097,33.247,41.166,2693.4,3641.4,16.002,19.184,21.793,0.24536,0.096744,340.18,77.405,6.9021,14.071,32.362,4555.7,23.826,46.028,49.98,80.434,2.2391,1.6293,3092.2,42.312,54.21,94.781,9.2799,62.171,38.041,40.95,2622.2,61.811,26.941,50.81,0.33771,9.0458,25.919,120.41,1.3825,74.31,23.218,2.3525,53.455,4.9287,240.12,0.012411,0.835,66.406,18.862,43.36
443,2026-04-18T14:06:00,49.343,23.948,26.877,32.89,41.066,2692.9,3633.7,21.264,18.685,21.399,0.24212,0.096744,340.22,77.581,6.8182,13.878,32.335,4496.7,21.601,45.012,48.751,80.487,2.3124,1.6515,3092.2,42.429,54.174,94.795,9.2478,61.697,34.425,44.516,2621.9,63.298,24.37,50.684,0.37039,8.7191,25.565,120.44,1.2321,74.344,23.279,2.2145,53.455,4.9835,242.55,0.012411,0.835,66.391,19.232,43.36
444,2026-04-18T14:09:00,49.599,23.614,27.004,32.89,40.252,2691.3,3685.2,17.477,18.685,21.568,0.24551,0.096744,339.99,77.308,6.8182,13.878,32.335,4491.0,23.207,45.605,51.824,80.366,2.3124,1.6515,3091.2,42.392,54.242,94.7,9.2277,62.455,43.469,44.465,2619.6,62.411,24.055,50.703,0.37081,8.7191,25.565,120.39,1.2321,75.382,23.279,2.2145,53.455,4.9835,243.35,0.012411,0.835,66.408,19.232,43.36
445,2026-04-18T14:12:00,50.908,23.943,27.099,32.466,41.617,2691.0,3652.2,19.421,18.682,21.582,0.24414,0.096744,339.88,77.18,6.9738,13.937,32.396,4479.3,22.397,48.636,51.225,80.282,2.2866,1.6851,3090.2,42.057,53.43,94.614,9.4017,60.831,41.706,41.712,2619.0,63.735,25.567,51.0,0.35278,8.991,25.858,120.41,1.2462,74.71,23.28,2.3917,53.455,4.9297,241.11,0.012411,0.835,66.359,19.165,43.36
446,2026-04-18T14:15:00,51.855,24.01,27.046,32.466,40.564,2691.4,3688.0,19.135,18.682,21.66,0.24346,0.096744,339.92,77.299,6.9738,13.937,32.396,4487.4,22.515,50.827,50.435,80.37,2.2866,1.6851,3089.9,42.367,53.333,94.626,9.3375,61.84,39.38,42.509,2619.8,63.119,26.567,50.897,0.34625,8.991,25.858,120.39,1.2462,75.83,23.28,2.3917,53.455,4.9297,243.32,0.012411,0.835,66.342,19.165,43.36
447,2026-04-18T14:18:00,48.374,23.154,26.922,33.154,41.734,2691.4,3599.3,19.807,19.195,21.789,0.23669,0.08844,339.85,77.672,7.0353,13.753,32.144,4471.4,22.218,42.77,49.923,80.476,2.2671,1.6802,3089.7,42.071,53.618,94.714,9.3438,61.538,37.874,42.996,2620.0,63.268,25.88,50.799,0.35639,9.0657,26.294,120.42,1.3324,75.42,23.746,2.3954,53.508,4.9528,243.57,0.0057537,0.83593,66.376,18.757,43.174
448,2026-04-18T14:21:00,51.041,23.076,26.864,33.154,40.275,2690.0,3620.5,15.745,19.195,21.405,0.23749,0.08844,339.43,77.605,7.0353,13.753,32.144,4438.7,23.928,48.943,48.747,80.423,2.2671,1.6802,3090.2,42.463,54.009,94.756,9.5058,60.712,34.414,43.115,2618.1,62.903,25.262,50.956,0.35542,9.0657,26.294,120.38,1.3324,75.601,23.746,2.3954,53.508,4.9528,242.02,0.0057537,0.83593,66.376,18.757,43.174
449,2026-04-18T14:24:00,49.223,25.352,26.651,33.32,41.604,2694.1,3601.8,15.66,19.479,21.38,0.26142,0.08844,340.06,77.514,6.8297,13.822,32.095,4536.5,23.96,44.736,49.534,80.593,2.2404,1.679,3093.4,42.204,53.809,94.727,9.3556,61.239,36.728,40.353,2622.1,62.571,25.133,50.929,0.33791,8.8693,25.863,120.42,1.2439,75.214,23.502,2.3762,53.508,4.9144,242.51,0.0057537,0.83593,66.396,19.171,43.174
450,2026-04-18T14:27:00,49.442,25.445,26.789,33.32,39.544,2697.8,3639.0,17.272,19.479,22.152,0.26047,0.08844,340.37,77.92,6.8297,13.822,32.095,4526.0,23.258,45.242,51.506,80.753,2.2404,1.679,3094.7,42.36,53.935,94.662,9.3074,64.262,42.531,40.226,2626.3,61.93,24.205,51.098,0.33894,8.8693,25.863,120.39,1.2439,75.289,23.502,2.3762,53.508,4.9144,240.78,0.0057537,0.83593,66.472,19.171,43.174
451,2026-04-18T14:30:00,49.066,26.285,26.639,32.719,41.154,2696.4,3681.0,19.549,18.665,21.47,0.26287,0.08844,340.31,77.109,6.8875,13.798,32.284,4457.1,22.322,44.372,51.09,80.548,2.2686,1.6763,3096.0,42.491,53.713,94.508,9.3326,61.647,41.307,40.863,2624.2,62.963,25.609,51.234,0.34836,9.2009,26.484,120.42,1.1715,73.917,23.521,2.413,53.508,4.9129,239.39,0.0057537,0.83593,66.496,19.081,43.174
452,2026-04-18T14:33:00,51.04,26.052,26.92,32.719,41.081,2695.8,3675.4,19.732,18.665,22.151,0.26523,0.10442,340.73,77.158,6.8875,13.798,32.284,4480.7,22.246,48.942,49.365,80.391,2.2686,1.6763,3094.0,42.698,53.43,94.701,9.2993,60.938,36.23,41.279,2624.0,63.059,22.706,50.992,0.34494,9.2009,26.484,120.41,1.1715,74.92,23.521,2.413,54.184,4.9129,242.57,0.0035459,0.83766,66.454,19.081,43.468
453,2026-04-18T14:36:00,47.555,24.289,26.958,32.872,40.526,2694.0,3649.2,21.226,18.927,21.801,0.24646,0.10442,340.93,76.979,6.9724,13.74,31.933,4447.6,21.631,40.875,51.504,80.153,2.2498,1.683,3092.9,42.102,53.988,94.54,9.4714,59.277,42.527,41.013,2622.0,63.025,26.216,51.133,0.34169,8.9332,26.004,120.4,1.2839,74.858,23.514,2.3117,54.184,4.9276,241.34,0.0035459,0.83766,66.365,19.184,43.468
454,2026-04-18T14:39:00,49.484,24.225,26.812,32.872,41.317,2693.8,3671.4,18.737,18.927,21.872,0.24711,0.10442,340.95,77.537,6.9724,13.74,31.933,4441.5,22.674,45.34,48.249,80.072,2.2498,1.683,3092.2,42.503,54.061,94.674,9.4063,62.859,32.946,40.785,2621.7,62.642,26.221,51.149,0.34356,8.9332,26.004,120.42,1.2839,74.405,23.514,2.3117,54.184,4.9276,241.58,0.0035459,0.83766,66.269,19.184,43.468
455,2026-04-18T14:42:00,49.211,27.629,26.621,32.971,40.264,2696.8,3614.9,18.81,19.095,21.856,0.28201,0.10442,341.31,77.634,6.707,13.747,32.192,4481.3,22.639,44.708,52.22,80.215,2.2344,1.6243,3094.1,42.367,53.27,94.608,9.4734,60.296,44.633,40.135,2625.4,62.826,25.407,51.067,0.33545,8.7005,25.853,120.4,1.2689,74.063,23.614,2.33,54.184,4.8,242.9,0.0035459,0.83766,66.242,19.042,43.468
456,2026-04-18T14:45:00,48.218,27.805,27.141,32.971,41.346,2700.6,3617.6,19.181,19.095,22.27,0.28022,0.10442,341.43,77.893,6.707,13.747,32.192,4461.9,22.465,42.41,50.138,80.499,2.2344,1.6243,3098.2,42.416,53.502,94.678,9.4878,61.406,38.506,39.888,2629.7,62.779,25.246,51.008,0.33747,8.7005,25.853,120.42,1.2689,75.569,23.614,2.33,54.184,4.8,243.92,0.0035459,0.83766,66.298,19.042,43.468
457,2026-04-18T14:48:00,49.307,25.45,26.885,33.163,41.381,2703.7,3700.3,19.105,18.744,22.282,0.25674,0.096933,342.12,77.749,6.8109,13.849,32.387,4489.0,22.492,44.93,50.592,80.608,2.2624,1.6395,3100.8,42.413,53.472,94.39,9.3931,61.817,39.843,39.984,2632.9,63.723,22.886,51.02,0.33739,8.7783,25.734,120.44,1.3035,74.458,23.604,2.3427,54.532,4.8627,244.62,0.010747,0.82743,66.356,18.727,44.219
458,2026-04-18T14:51:00,51.541,25.391,26.967,33.163,41.131,2702.7,3718.3,17.228,18.744,21.779,0.25734,0.096933,341.86,77.499,6.8109,13.849,32.387,4487.3,23.283,50.101,48.885,80.532,2.2624,1.6395,3101.9,42.65,53.492,94.348,9.3543,61.785,34.82,39.746,2630.4,63.414,24.891,51.218,0.33935,8.7783,25.734,120.4,1.3035,75.151,23.604,2.3427,54.532,4.8627,242.91,0.010747,0.82743,66.431,18.727,44.219
459,2026-04-18T14:54:00,50.179,23.403,26.894,33.222,41.145,2700.0,3698.8,17.9,18.736,21.668,0.23766,0.096933,341.95,77.621,6.8062,13.792,32.871,4525.3,22.991,46.947,50.717,80.44,2.3194,1.6663,3099.7,42.26,53.79,94.43,9.2542,64.416,40.211,41.453,2629.0,62.955,25.29,51.326,0.34732,8.9665,26.156,120.4,1.3087,74.927,23.311,2.3418,54.532,4.9302,242.19,0.010747,0.82743,66.466,19.066,44.219
460,2026-04-18T14:57:00,48.013,23.255,27.157,33.222,41.971,2699.1,3684.2,17.371,18.736,22.02,0.23916,0.096933,341.64,77.117,6.8062,13.792,32.871,4529.5,23.231,41.936,48.778,80.24,2.3194,1.6663,3098.1,42.23,53.739,94.407,9.3669,60.495,34.503,41.266,2627.5,63.206,25.05,51.245,0.34885,8.9665,26.156,120.41,1.3087,74.958,23.311,2.3418,54.532,4.9302,243.65,0.010747,0.82743,66.435,19.066,44.219
461,2026-04-18T15:00:00,49.684,18.235,26.946,33.182,40.927,2699.0,3662.2,17.07,18.547,22.3,0.18741,0.096933,341.66,77.44,6.8052,13.736,32.254,4486.4,23.349,45.802,49.545,80.23,2.2791,1.6351,3095.7,42.292,53.404,94.549,9.4401,60.69,36.762,40.602,2627.6,63.694,24.579,51.302,0.34193,8.8782,26.219,120.37,1.2818,74.268,23.508,2.262,54.532,4.9419,243.58,0.010747,0.82743,66.376,18.425,44.219
462,2026-04-18T15:03:00,48.774,18.126,27.336,33.182,41.653,2698.2,3669.0,17.334,18.547,22.212,0.18851,0.094497,341.78,77.212,6.8052,13.736,32.254,4430.7,23.244,43.697,50.068,80.301,2.2791,1.6351,3095.5,42.125,54.07,94.509,9.3114,62.189,38.299,40.423,2627.2,63.578,26.846,50.812,0.3434,8.8782,26.219,120.39,1.2818,74.309,23.508,2.262,54.109,4.9419,246.66,-0.00038551,0.82737,66.351,18.425,45.043
463,2026-04-18T15:06:00,51.33,23.81,27.208,33.263,41.253,2697.1,3664.6,17.082,18.474,22.145,0.24236,0.094497,341.35,77.036,6.8768,13.762,32.283,4510.0,23.365,49.612,50.081,80.073,2.2602,1.6807,3095.3,42.431,54.699,94.617,9.3858,61.51,38.338,40.201,2625.8,63.734,24.157,50.91,0.33218,8.8974,25.813,120.42,1.3668,75.094,23.345,2.2872,54.109,4.9334,244.84,-0.00038551,0.82737,66.329,18.665,45.043
464,2026-04-18T15:09:00,50.95,23.776,26.849,33.263,40.367,2697.0,3687.6,16.424,18.474,21.846,0.2427,0.094497,341.88,77.044,6.8768,13.762,32.283,4581.1,23.649,48.732,52.007,80.011,2.2602,1.6807,3094.9,42.294,53.849,94.531,9.3968,61.078,44.007,39.666,2625.2,63.339,26.025,50.959,0.33657,8.8974,25.813,120.39,1.3668,75.106,23.345,2.2872,54.109,4.9334,243.6,-0.00038551,0.82737,66.278,18.665,45.043
465,2026-04-18T15:12:00,49.864,23.446,27.224,33.103,41.419,2698.6,3675.4,16.045,18.757,22.239,0.23882,0.094497,341.83,77.24,6.873,13.843,32.635,4540.7,23.804,46.218,47.756,80.101,2.289,1.6396,3096.6,42.001,53.781,94.539,9.4225,63.392,31.498,39.869,2627.4,62.958,25.711,50.932,0.33956,8.9643,26.521,120.4,1.2234,75.527,23.393,2.3835,54.109,4.9453,243.23,-0.00038551,0.82737,66.244,18.999,45.043
466,2026-04-18T15:15:00,50.417,23.254,26.81,33.103,40.382,2700.5,3669.8,16.523,18.757,22.1,0.24077,0.094497,341.83,77.733,6.873,13.843,32.635,4517.3,23.586,47.5,50.117,80.215,2.289,1.6396,3098.1,42.293,54.061,94.551,9.3867,64.424,38.445,40.497,2629.4,63.055,24.2,50.782,0.33441,8.9643,26.521,120.37,1.2234,74.759,23.393,2.3835,54.109,4.9453,244.24,-0.00038551,0.82737,66.21,18.999,45.043
467,2026-04-18T15:18:00,51.004,19.818,26.401,33.187,41.577,2703.4,3642.8,20.654,18.47,22.23,0.20186,0.10145,342.36,77.842,6.9187,13.749,32.16,4489.0,21.834,48.858,49.817,80.513,2.2975,1.6547,3099.2,42.388,53.57,94.54,9.3938,59.898,37.562,41.035,2632.9,63.559,25.785,50.644,0.34773,8.8215,26.14,120.42,1.1344,75.471,23.758,2.3183,53.554,4.9128,244.88,0.008526,0.81123,66.299,18.447,43.602
468,2026-04-18T15:21:00,50.005,19.823,26.789,33.187,40.802,2702.1,3664.9,18.62,18.47,21.983,0.20181,0.10145,341.53,77.369,6.9187,13.749,32.16,4435.9,22.695,46.546,49.609,80.503,2.2975,1.6547,3099.1,42.207,54.206,94.567,9.3611,61.868,36.949,41.313,2630.3,63.18,24.523,50.657,0.34545,8.8215,26.14,120.37,1.1344,75.427,23.758,2.3183,53.554,4.9128,243.87,0.008526,0.81123,66.372,18.447,43.602
469,2026-04-18T15:24:00,50.831,24.293,26.837,33.201,41.913,2700.8,3641.8,18.789,18.657,21.896,0.24402,0.10145,341.75,77.093,7.0318,13.823,32.094,4564.4,22.636,48.457,49.245,80.214,2.2884,1.69,3098.1,42.385,54.034,94.633,9.3782,62.745,35.877,40.258,2629.6,63.163,26.049,50.721,0.33305,8.9633,26.128,120.4,1.3711,74.294,23.802,2.3767,53.554,4.8723,242.31,0.008526,0.81123,66.361,18.65,43.602
470,2026-04-18T15:27:00,49.454,24.244,27.068,33.201,40.401,2701.2,3700.5,21.063,18.657,22.028,0.24452,0.10145,341.58,77.189,7.0318,13.823,32.094,4552.3,21.686,45.271,49.666,80.06,2.2884,1.69,3098.7,42.369,54.178,94.582,9.4218,61.611,37.116,40.169,2629.2,62.153,26.071,50.744,0.33377,8.9633,26.128,120.39,1.3711,74.527,23.802,2.3767,53.554,4.8723,241.29,0.008526,0.81123,66.305,18.65,43.602
471,2026-04-18T15:30:00,49.016,24.807,26.992,33.086,40.37,2702.1,3636.8,17.643,18.437,22.185,0.25265,0.10145,341.81,77.407,7.0356,13.66,32.172,4533.1,23.123,44.256,50.165,80.052,2.2099,1.6387,3099.6,42.238,53.947,94.721,9.5157,62.128,38.585,40.782,2630.8,62.169,24.699,50.587,0.34462,8.8525,25.854,120.38,1.3201,75.117,23.702,2.193,53.554,4.8552,242.34,0.008526,0.81123,66.201,18.559,43.602
472,2026-04-18T15:33:00,49.763,24.985,26.869,33.086,41.187,2706.4,3619.8,16.437,18.437,22.515,0.25085,0.091513,341.92,77.91,7.0356,13.66,32.172,4512.4,23.611,45.984,49.81,80.25,2.2099,1.6387,3102.1,42.124,54.194,94.653,9.3896,62.16,37.541,40.56,2634.5,62.461,24.931,50.193,0.34644,8.8525,25.854,120.4,1.3201,75.451,23.702,2.193,53.614,4.8552,241.06,0.01662,0.82249,66.179,18.559,43.633
473,2026-04-18T15:36:00,50.577,24.141,27.07,32.837,41.113,2708.4,3575.9,21.021,18.867,22.543,0.24562,0.091513,342.31,77.279,6.9552,13.888,32.304,4538.4,21.694,47.869,48.917,80.325,2.3045,1.6836,3105.6,42.092,54.136,94.637,9.416,61.516,34.912,38.11,2637.0,63.041,25.174,50.113,0.32973,8.9006,26.015,120.4,1.3736,74.044,24.138,2.2505,53.614,4.8518,239.02,0.01662,0.82249,66.204,18.821,43.633
474,2026-04-18T15:39:00,50.028,24.05,27.192,32.837,41.104,2709.3,3599.0,19.304,18.867,22.537,0.24655,0.091513,342.2,77.473,6.9552,13.888,32.304,4559.1,22.412,46.599,49.399,80.189,2.3045,1.6836,3105.6,42.488,53.887,94.642,9.3215,62.63,36.331,38.317,2638.4,62.644,25.614,49.894,0.32804,8.9006,26.015,120.41,1.3736,75.331,24.138,2.2505,53.614,4.8518,238.58,0.01662,0.82249,66.179,18.821,43.633
475,2026-04-18T15:42:00,50.564,22.826,26.48,32.982,40.936,2710.4,3639.5,18.141,18.762,22.252,0.2324,0.091513,342.56,77.144,6.64,13.771,31.783,4485.5,22.91,47.838,50.357,80.162,2.2694,1.6444,3106.2,42.079,54.14,94.689,9.3954,60.771,39.152,41.231,2639.1,62.544,24.388,49.587,0.35346,8.9084,26.425,120.38,1.1434,75.244,23.919,2.3127,53.614,4.9221,239.15,0.01662,0.82249,66.161,18.721,43.633
476,2026-04-18T15:45:00,51.088,22.797,26.961,32.982,40.737,2709.2,3625.6,17.168,18.762,22.597,0.23268,0.091513,342.73,77.306,6.64,13.771,31.783,4507.5,23.319,49.053,49.525,80.062,2.2694,1.6444,3104.6,42.222,53.877,94.716,9.4069,62.289,36.703,41.507,2638.1,62.784,23.45,49.567,0.3512,8.9084,26.425,120.42,1.1434,74.847,23.919,2.3127,53.614,4.9221,236.52,0.01662,0.82249,66.078,18.721,43.633
477,2026-04-18T15:48:00,51.682,27.973,26.673,33.156,41.598,2709.9,3732.6,19.035,18.365,21.888,0.28379,0.097131,342.88,77.197,6.7623,13.843,32.242,4559.7,22.537,50.427,50.68,80.008,2.2983,1.6452,3108.1,42.695,53.499,94.445,9.3139,62.54,40.1,40.447,2638.9,63.788,23.195,49.404,0.33426,8.9261,26.108,120.42,1.0973,74.698,23.931,2.3003,54.019,4.8271,238.39,0.013065,0.82685,66.042,19.19,44.005
478,2026-04-18T15:51:00,50.264,27.813,27.055,33.156,41.443,2709.9,3712.6,14.826,18.365,22.469,0.28541,0.097131,342.26,77.645,6.7623,13.843,32.242,4523.1,24.298,47.145,48.428,79.986,2.2983,1.6452,3108.4,42.716,53.937,94.364,9.3863,60.28,33.474,39.849,2638.6,64.131,26.474,49.365,0.33915,8.9261,26.108,120.45,1.0973,74.927,23.931,2.3003,54.019,4.8271,237.26,0.013065,0.82685,65.995,19.19,44.005
479,2026-04-18T15:54:00,50.763,23.871,26.994,32.965,40.95,2710.8,3688.0,16.828,17.993,22.711,0.24039,0.097131,342.9,77.52,6.8974,13.752,32.384,4430.8,23.451,48.3,47.865,80.26,2.2514,1.6349,3106.4,42.301,53.862,94.306,9.4921,59.973,31.818,40.83,2639.8,63.652,23.827,49.125,0.34679,8.8481,26.364,120.39,1.4462,75.387,24.096,2.2427,54.019,4.8086,238.37,0.013065,0.82685,66.008,18.818,44.005
480,2026-04-18T15:57:00,50.704,23.682,27.015,32.965,42.08,2707.0,3694.4,18.598,17.993,22.415,0.24231,0.097131,342.5,77.139,6.8974,13.752,32.384,4475.7,22.718,48.164,49.085,80.084,2.2514,1.6349,3104.1,42.342,53.324,94.464,9.3601,63.754,35.406,41.195,2636.5,63.542,24.989,49.15,0.34379,8.8481,26.364,120.42,1.4462,75.03,24.096,2.2427,54.019,4.8086,236.51,0.013065,0.82685,66.042,18.818,44.005
481,2026-04-18T16:00:00,49.938,22.147,26.653,33.269,40.723,2706.7,3645.4,17.567,18.485,22.5,0.22784,0.097131,343.19,77.535,6.8549,13.815,32.442,4528.5,23.142,46.39,51.521,80.076,2.2415,1.6595,3101.7,42.627,53.565,94.343,9.3746,62.681,42.575,39.783,2637.0,63.25,26.48,49.048,0.33522,8.8043,26.374,120.38,1.225,75.114,24.274,2.3149,54.019,4.8443,236.1,0.013065,0.82685,65.993,18.762,44.005
482,2026-04-18T16:03:00,50.251,22.24,27.173,33.269,41.326,2707.8,3623.9,18.637,18.485,22.725,0.2269,0.10319,343.05,77.284,6.8549,13.815,32.442,4492.0,22.693,47.115,50.1,80.196,2.2415,1.6595,3103.7,42.407,54.002,94.625,9.4532,62.574,38.394,40.029,2637.0,63.619,26.631,48.982,0.3332,8.8043,26.374,120.4,1.225,75.552,24.274,2.3149,53.481,4.8443,236.28,0.0097719,0.81476,66.002,18.762,44.37
483,2026-04-18T16:06:00,49.407,21.451,26.892,32.865,40.628,2706.1,3656.9,17.958,18.174,22.609,0.21895,0.10319,342.84,77.209,6.8212,13.632,32.309,4509.8,22.983,45.161,51.352,80.049,2.2304,1.6449,3102.3,42.499,53.925,94.482,9.4263,60.544,42.077,40.662,2635.5,63.43,24.632,48.792,0.34132,8.8662,26.145,120.37,1.1609,73.896,24.108,2.3588,53.481,4.9646,237.29,0.0097719,0.81476,66.012,18.765,44.37
484,2026-04-18T16:09:00,50.1,21.223,27.16,32.865,40.98,2705.0,3659.5,17.801,18.174,22.563,0.22127,0.10319,343.11,77.087,6.8212,13.632,32.309,4509.3,23.061,46.766,48.907,79.943,2.2304,1.6449,3101.1,42.13,53.931,94.684,9.3773,61.911,34.883,40.252,2633.5,63.385,26.286,48.734,0.34467,8.8662,26.145,120.39,1.1609,75.006,24.108,2.3588,53.481,4.9646,236.84,0.0097719,0.81476,65.953,18.765,44.37
485,2026-04-18T16:12:00,49.669,22.488,26.785,33.132,40.896,2707.0,3680.8,17.418,18.435,22.469,0.23041,0.10319,342.37,77.368,6.8956,13.838,32.628,4465.6,23.214,45.767,48.157,80.001,2.2542,1.6527,3102.3,42.06,54.45,94.455,9.4561,61.841,32.677,38.101,2635.7,63.355,25.01,48.483,0.32089,8.8305,26.658,120.41,1.2998,74.264,24.283,2.3212,53.481,4.7857,238.57,0.0097719,0.81476,65.921,18.507,44.37
486,2026-04-18T16:15:00,49.216,22.457,26.989,33.132,41.209,2707.6,3643.8,16.93,18.435,22.669,0.23072,0.10319,342.7,77.286,6.8956,13.838,32.628,4496.7,23.421,44.72,49.912,80.076,2.2542,1.6527,3103.8,42.27,54.077,94.662,9.3203,60.467,37.841,38.329,2636.4,63.992,26.804,48.649,0.31902,8.8305,26.658,120.41,1.2998,74.027,24.283,2.3212,53.481,4.7857,235.62,0.0097719,0.81476,65.924,18.507,44.37
487,2026-04-18T16:18:00,49.646,19.322,26.354,32.995,41.393,2704.9,3676.7,18.346,18.654,22.204,0.195,0.097802,342.64,76.988,6.8977,13.784,32.759,4503.0,22.838,45.715,49.968,79.993,2.2305,1.659,3100.8,42.152,54.657,94.435,9.3033,63.364,38.007,40.741,2634.8,62.795,24.581,48.493,0.34342,8.9421,26.742,120.39,1.1598,75.091,24.526,2.2339,53.318,4.8448,232.51,0.036013,0.80168,65.908,18.569,42.163
488,2026-04-18T16:21:00,50.213,19.388,26.964,32.995,40.302,2703.4,3672.6,17.951,18.654,22.263,0.19433,0.097802,342.24,77.551,6.8977,13.784,32.759,4517.7,22.996,47.027,51.079,79.891,2.2305,1.659,3100.2,42.79,54.481,94.752,9.1837,61.403,41.275,40.864,2631.7,62.865,24.895,48.196,0.34241,8.9421,26.742,120.36,1.1598,75.537,24.526,2.2339,53.318,4.8448,233.15,0.036013,0.80168,65.845,18.569,42.163
489,2026-04-18T16:24:00,51.227,17.529,26.789,33.105,41.084,2703.7,3690.2,19.825,18.011,22.132,0.17736,0.097802,341.82,76.988,6.8492,13.683,31.89,4552.7,22.221,49.373,51.225,79.985,2.2804,1.6375,3099.9,42.386,53.949,94.633,9.4001,60.675,41.704,39.965,2632.1,62.531,23.424,48.183,0.33777,8.8784,26.337,120.4,1.3677,74.816,24.031,2.3341,53.318,4.7977,230.63,0.036013,0.80168,65.819,18.832,42.163
490,2026-04-18T16:27:00,49.879,17.343,26.395,33.105,40.26,2703.0,3660.2,19.242,18.011,22.155,0.17925,0.097802,341.83,76.976,6.8492,13.683,31.89,4560.7,22.474,46.254,49.207,79.9,2.2804,1.6375,3098.9,42.132,53.854,94.77,9.4165,60.89,35.766,39.987,2632.4,63.048,25.485,47.739,0.3376,8.8784,26.337,120.38,1.3677,75.666,24.031,2.3341,53.318,4.7977,232.97,0.036013,0.80168,65.769,18.832,42.163
491,2026-04-18T16:30:00,50.278,25.516,26.955,33.565,41.53,2706.3,3667.4,16.049,18.758,22.231,0.26139,0.097802,341.42,77.484,6.896,13.856,32.103,4499.3,23.808,47.178,49.885,80.032,2.3034,1.6287,3102.9,42.248,53.957,94.633,9.3648,61.21,37.762,38.519,2634.9,63.357,26.345,47.595,0.32628,8.8888,26.691,120.41,1.2017,74.639,23.734,2.2939,53.318,4.843,231.94,0.036013,0.80168,65.731,18.731,42.163
492,2026-04-18T16:33:00,50.653,25.404,26.93,33.565,40.519,2711.4,3654.1,18.629,18.758,22.601,0.26253,0.094119,341.54,77.873,6.896,13.856,32.103,4529.1,22.693,48.046,48.043,80.499,2.3034,1.6287,3107.3,42.045,53.6,94.405,9.2797,59.943,32.34,38.864,2640.7,63.586,23.446,47.077,0.32345,8.8888,26.691,120.4,1.2017,76.206,23.734,2.2939,53.754,4.843,230.76,0.016833,0.81619,65.77,18.731,45.189
493,2026-04-18T16:36:00,51.119,23.549,27.171,32.815,42.158,2713.1,3684.0,20.198,18.203,22.55,0.24427,0.094119,341.59,77.928,6.8271,13.818,31.81,4529.3,22.014,49.125,50.298,80.705,2.307,1.6643,3109.2,42.259,53.844,94.53,9.261,60.709,38.976,40.767,2642.0,62.67,22.565,46.989,0.34518,9.0042,26.317,120.43,1.2845,75.292,24.606,2.2803,53.754,4.7579,227.11,0.016833,0.81619,65.894,18.704,45.189
494,2026-04-18T16:39:00,49.214,23.73,27.313,32.815,41.039,2708.2,3679.2,18.393,18.203,21.884,0.24244,0.094119,340.64,77.185,6.8271,13.818,31.81,4516.0,22.795,44.715,50.134,80.314,2.307,1.6643,3108.9,42.382,54.004,94.52,9.3755,60.103,38.494,41.249,2636.4,62.753,26.498,46.751,0.34123,9.0042,26.317,120.39,1.2845,75.154,24.606,2.2803,53.754,4.7579,225.17,0.016833,0.81619,65.891,18.704,45.189
495,2026-04-18T16:42:00,48.72,26.718,27.013,33.207,40.758,2704.8,3715.1,16.297,18.322,21.673,0.27348,0.094119,341.26,76.852,6.9189,13.83,32.066,4522.5,23.707,43.572,50.591,79.767,2.3047,1.5976,3105.6,42.527,54.002,94.675,9.4541,60.42,39.838,40.474,2632.8,62.758,26.033,46.098,0.33943,8.9469,26.443,120.41,1.198,74.669,23.827,2.3376,53.754,4.8718,228.01,0.016833,0.81619,65.735,18.783,45.189
496,2026-04-18T16:45:00,48.5,26.663,27.029,33.207,41.777,2708.0,3685.9,20.393,18.322,22.501,0.27405,0.094119,341.9,77.515,6.9189,13.83,32.066,4545.1,21.966,43.063,51.105,79.962,2.3047,1.5976,3104.8,42.394,53.731,94.487,9.2749,62.782,41.352,40.445,2637.1,63.259,24.646,46.158,0.33967,8.9469,26.443,120.39,1.198,75.689,23.827,2.3376,53.754,4.8718,222.92,0.016833,0.81619,65.595,18.783,45.189
497,2026-04-18T16:48:00,47.474,24.651,27.195,32.746,41.429,2708.5,3662.6,17.622,18.292,22.461,0.25014,0.10338,341.79,77.141,7.0074,13.922,32.273,4479.8,23.145,40.688,50.125,79.989,2.2573,1.6757,3104.9,42.322,54.325,94.666,9.4304,61.569,38.467,40.578,2637.7,62.864,25.175,45.928,0.34129,8.8393,25.945,120.39,1.482,75.79,24.203,2.3368,54.281,4.9634,224.72,0.014675,0.82923,65.531,18.006,43.681
498,2026-04-18T16:51:00,49.868,24.674,27.141,32.746,41.614,2709.1,3644.0,18.394,18.292,22.707,0.2499,0.10338,341.86,77.258,7.0074,13.922,32.273,4502.3,22.818,46.229,49.991,79.993,2.2573,1.6757,3104.2,42.272,54.055,94.545,9.352,60.984,38.074,40.385,2637.5,63.185,25.24,45.721,0.34287,8.8393,25.945,120.4,1.482,75.244,24.203,2.3368,54.281,4.9634,224.23,0.014675,0.82923,65.489,18.006,43.681
499,2026-04-18T16:54:00,49.107,22.82,26.886,33.223,40.712,2709.3,3631.2,16.863,18.144,22.477,0.22903,0.10338,341.7,77.428,6.8893,13.513,32.001,4615.3,23.458,44.467,50.778,80.048,2.2731,1.6789,3105.5,42.438,54.674,94.739,9.3932,60.027,40.389,41.807,2637.8,62.551,25.228,45.593,0.35205,8.754,26.537,120.4,1.0596,74.997,24.219,2.2912,54.281,4.9042,222.84,0.014675,0.82923,65.48,18.547,43.681
500,2026-04-18T16:57:00,49.702,22.676,27.006,33.223,41.068,2710.3,3641.9,16.405,18.144,22.543,0.2305,0.10338,341.38,77.614,6.8893,13.513,32.001,4607.9,23.642,45.845,48.737,80.146,2.2731,1.6789,3106.9,42.306,54.762,94.586,9.4532,59.661,34.383,41.879,2639.1,62.367,25.54,45.426,0.35146,8.754,26.537,120.42,1.0596,75.438,24.219,2.2912,54.281,4.9042,221.89,0.014675,0.82923,65.475,18.547,43.681
501,2026-04-18T17:00:00,50.797,25.258,26.784,33.064,40.769,2712.3,3678.3,17.503,18.554,22.469,0.25798,0.10338,341.68,77.593,7.0019,13.843,31.657,4556.8,23.176,48.379,48.237,80.214,2.2668,1.6666,3109.3,42.073,54.132,94.668,9.3669,60.139,32.912,36.442,2641.1,62.715,25.786,45.12,0.30507,8.8198,26.207,120.39,1.1566,75.685,24.116,2.26,54.281,4.8607,222.49,0.014675,0.82923,65.479,18.807,43.681
502,2026-04-18T17:03:00,50.967,25.25,26.965,33.064,41.388,2712.7,3665.2,18.115,18.554,22.633,0.25806,0.10442,341.6,77.084,7.0019,13.843,31.657,4544.1,22.934,48.773,50.754,80.11,2.2668,1.6666,3109.0,42.597,54.284,94.562,9.4146,61.619,40.318,36.532,2641.8,62.939,23.245,45.155,0.30433,8.8198,26.207,120.43,1.1566,73.936,24.116,2.26,53.558,4.8607,222.77,0.029425,0.80558,65.475,18.807,44.204
503,2026-04-18T17:06:00,50.114,29.084,27.148,33.107,40.853,2710.5,3624.5,15.267,18.28,22.555,0.29314,0.10442,341.71,77.234,6.8542,13.753,32.156,4520.0,24.133,46.798,50.981,79.989,2.2707,1.6456,3108.0,42.208,53.949,94.533,9.3998,60.833,40.987,40.543,2639.6,62.594,24.245,45.175,0.34208,8.7958,26.616,120.37,1.3253,73.993,24.454,2.3475,53.558,4.8172,221.25,0.029425,0.80558,65.415,19.05,44.204
504,2026-04-18T17:09:00,47.811,29.097,27.068,33.107,41.702,2710.8,3630.4,21.341,18.28,22.56,0.293,0.10442,342.04,77.378,6.8542,13.753,32.156,4504.5,21.573,41.468,49.863,79.934,2.2707,1.6456,3107.0,42.438,54.134,94.83,9.3738,58.658,37.697,41.007,2639.0,62.492,26.589,45.015,0.33828,8.7958,26.616,120.41,1.3253,75.748,24.454,2.3475,53.558,4.8172,221.8,0.029425,0.80558,65.397,19.05,44.204
505,2026-04-18T17:12:00,50.451,24.444,26.798,32.892,40.672,2710.4,3670.3,17.267,18.437,22.62,0.24971,0.10442,341.97,77.158,6.8783,13.824,32.269,4504.7,23.301,47.578,50.124,79.946,2.2808,1.6485,3105.6,42.414,53.511,94.558,9.44,59.637,38.465,39.574,2639.8,63.058,25.445,44.935,0.3299,8.8005,26.315,120.37,1.1256,75.369,24.722,2.3426,53.558,4.8133,221.47,0.029425,0.80558,65.332,19.248,44.204
506,2026-04-18T17:15:00,49.456,24.533,26.725,32.892,42.595,2710.4,3657.2,17.539,18.437,22.569,0.24879,0.10442,342.06,77.327,6.8783,13.824,32.269,4483.5,23.183,45.275,51.337,79.935,2.2808,1.6485,3105.2,42.446,53.765,94.687,9.4086,59.927,42.036,39.34,2640.2,63.283,24.995,44.883,0.33182,8.8005,26.315,120.45,1.1256,74.514,24.722,2.3426,53.558,4.8133,220.85,0.029425,0.80558,65.306,19.248,44.204
507,2026-04-18T17:18:00,47.729,23.582,27.139,33.11,39.793,2711.0,3656.7,18.871,18.518,22.985,0.23612,0.078092,342.19,77.393,6.927,13.749,32.181,4441.8,22.611,41.277,49.159,80.199,2.2251,1.6312,3105.2,42.379,53.715,94.597,9.2923,61.257,35.626,40.288,2640.5,63.095,25.901,44.492,0.33916,8.8996,26.641,120.35,1.1477,75.855,24.066,2.3496,53.18,4.7906,216.81,0.01925,0.83982,65.331,19.123,43.852
508,2026-04-18T17:21:00,50.244,23.434,26.809,33.11,42.387,2708.6,3656.3,19.912,18.518,22.574,0.23762,0.078092,341.89,77.243,6.927,13.749,32.181,4502.7,22.175,47.098,49.329,80.132,2.2251,1.6312,3105.1,42.258,52.986,94.568,9.3554,60.401,36.125,40.766,2638.1,63.102,24.443,43.874,0.33523,8.8996,26.641,120.45,1.1477,74.73,24.066,2.3496,53.18,4.7906,219.39,0.01925,0.83982,65.337,19.123,43.852
509,2026-04-18T17:24:00,49.044,24.305,26.911,32.964,40.111,2706.3,3677.7,18.951,18.78,22.376,0.24493,0.078092,341.73,76.818,6.8954,13.775,32.456,4461.7,22.596,44.322,49.713,80.0,2.2883,1.6549,3102.6,42.183,53.714,94.663,9.2219,61.441,37.255,39.147,2635.2,62.287,25.999,43.824,0.33162,8.83,26.557,120.33,1.113,75.618,24.274,2.2693,53.18,4.8102,215.59,0.01925,0.83982,65.303,18.339,43.852
510,2026-04-18T17:27:00,48.513,24.327,26.982,32.964,42.063,2705.2,3645.2,17.385,18.78,22.417,0.24471,0.078092,341.89,77.201,6.8954,13.775,32.456,4460.3,23.252,43.093,50.102,79.881,2.2883,1.6549,3101.6,41.912,53.731,94.771,9.2923,63.832,38.401,39.609,2633.8,62.847,24.151,43.453,0.32783,8.83,26.557,120.41,1.113,75.041,24.274,2.2693,53.18,4.8102,215.48,0.01925,0.83982,65.207,18.339,43.852
511,2026-04-18T17:30:00,52.802,21.319,27.041,32.83,39.913,2705.3,3606.4,16.986,18.851,22.496,0.21936,0.078092,341.7,76.839,6.9271,13.671,32.358,4512.6,23.44,53.018,49.128,79.792,2.2436,1.6381,3100.7,42.019,55.038,94.661,9.3326,62.865,35.535,39.451,2634.0,63.763,25.919,43.152,0.33407,8.7031,26.611,120.33,1.2246,74.331,23.876,2.3276,53.18,4.9009,214.63,0.01925,0.83982,65.11,19.195,43.852
512,2026-04-18T17:33:00,52.572,21.33,26.767,32.83,41.926,2703.6,3686.5,19.488,18.851,22.144,0.21925,0.10277,341.22,77.034,6.9271,13.671,32.358,4553.1,22.389,52.486,49.594,79.713,2.2436,1.6381,3101.6,42.002,54.553,94.692,9.2192,62.561,36.904,39.466,2631.6,62.386,25.608,43.439,0.33394,8.7031,26.611,120.42,1.2246,76.415,23.876,2.3276,53.624,4.9009,216.75,0.024915,0.84174,65.028,19.195,43.358
513,2026-04-18T17:36:00,50.151,22.015,26.738,33.1,40.112,2705.6,3680.1,19.035,18.55,22.623,0.22675,0.10277,341.89,76.853,7.0036,13.838,32.304,4471.5,22.585,46.884,50.788,79.961,2.2763,1.6839,3100.9,41.971,53.431,94.754,9.5177,59.17,40.418,38.43,2635.0,62.189,25.648,43.438,0.31857,8.857,26.3,120.37,1.3023,75.34,24.369,2.3077,53.624,4.9109,216.74,0.024915,0.84174,65.053,19.153,43.358
514,2026-04-18T17:39:00,50.84,22.223,26.897,33.1,40.494,2705.5,3625.2,14.463,18.55,22.575,0.22464,0.10277,341.77,77.428,7.0036,13.838,32.304,4470.8,24.5,48.477,50.341,79.868,2.2763,1.6839,3101.3,42.591,53.439,94.739,9.3845,61.871,39.104,38.514,2634.5,63.134,26.828,43.465,0.31788,8.857,26.3,120.39,1.3023,74.768,24.369,2.3077,53.624,4.9109,216.39,0.024915,0.84174,65.002,19.153,43.358
515,2026-04-18T17:42:00,49.058,22.588,27.345,33.154,40.507,2707.6,3626.6,15.254,18.397,22.542,0.22829,0.10277,341.37,77.742,6.9407,13.799,31.96,4455.8,24.147,44.354,50.407,80.182,2.2001,1.6407,3104.1,42.564,53.654,94.695,9.3688,61.307,39.297,39.963,2636.5,62.361,24.668,43.691,0.34177,8.7771,26.575,120.4,1.3582,74.605,24.021,2.282,53.624,4.7484,213.77,0.024915,0.84174,65.082,18.493,43.358
516,2026-04-18T17:45:00,48.634,22.421,27.171,33.154,41.811,2710.1,3596.0,21.653,18.397,22.671,0.22999,0.10277,341.57,77.671,6.9407,13.799,31.96,4472.2,21.446,43.373,49.448,80.326,2.2001,1.6407,3104.8,42.347,53.457,94.753,9.4478,59.691,36.474,40.367,2639.6,62.888,27.381,43.565,0.33845,8.7771,26.575,120.41,1.3582,75.545,24.021,2.282,53.624,4.7484,215.05,0.024915,0.84174,65.137,18.493,43.358
517,2026-04-18T17:48:00,49.83,25.755,26.894,33.278,40.126,2710.0,3620.2,18.412,18.67,22.404,0.26376,0.11039,341.53,77.315,6.8137,13.705,31.737,4532.1,22.821,46.14,50.423,80.137,2.2938,1.6694,3107.1,42.159,54.352,94.78,9.3231,61.475,39.344,40.12,2637.8,62.937,23.079,43.583,0.33178,8.8814,26.358,120.38,1.2888,75.254,23.985,2.3539,52.709,4.9201,215.34,0.0053979,0.84565,65.179,18.943,43.082
518,2026-04-18T17:51:00,50.755,25.845,26.826,33.278,41.252,2709.3,3644.7,15.462,18.67,22.166,0.26285,0.11039,341.87,77.068,6.8137,13.705,31.737,4575.6,24.074,48.282,50.828,79.9,2.2938,1.6694,3107.3,42.338,53.832,94.674,9.4202,60.67,40.535,39.602,2637.6,62.516,26.27,43.614,0.33603,8.8814,26.358,120.41,1.2888,75.283,23.985,2.3539,52.709,4.9201,215.17,0.0053979,0.84565,65.155,18.943,43.082
519,2026-04-18T17:54:00,49.843,28.285,26.698,33.373,40.444,2711.6,3686.4,20.358,18.944,22.239,0.28831,0.11039,341.69,77.303,7.0241,13.874,31.9,4498.6,22.008,46.17,49.575,79.973,2.292,1.641,3109.4,42.545,53.659,94.538,9.4144,61.352,36.849,38.501,2640.7,62.916,25.073,43.747,0.32353,9.038,26.524,120.4,1.184,74.175,24.229,2.3534,52.709,4.8301,213.89,0.0053979,0.84565,65.095,18.613,43.082
520,2026-04-18T17:57:00,51.698,28.524,26.806,33.373,41.311,2712.0,3701.8,17.088,18.944,22.529,0.28588,0.11039,342.3,77.398,7.0241,13.874,31.9,4453.8,23.387,50.465,49.244,79.832,2.292,1.641,3108.8,42.371,54.195,94.588,9.3814,60.098,35.874,38.492,2641.0,62.651,25.503,43.772,0.32361,9.038,26.524,120.44,1.184,73.801,24.229,2.3534,52.709,4.8301,213.83,0.0053979,0.84565,65.069,18.613,43.082
521,2026-04-18T18:00:00,49.998,27.227,26.587,32.701,41.059,2715.2,3622.5,15.829,18.34,22.5,0.27518,0.11039,342.23,77.612,6.9275,13.705,31.662,4558.4,23.903,46.53,49.398,80.126,2.2573,1.6639,3110.9,42.822,53.752,94.706,9.4075,61.108,36.327,40.837,2643.3,62.137,25.421,43.746,0.34117,8.782,26.276,120.39,1.3,75.236,24.459,2.3778,52.709,4.8684,214.33,0.0053979,0.84565,65.074,18.915,43.082
522,2026-04-18T18:03:00,49.689,27.145,27.1,32.701,41.176,2715.2,3633.2,18.237,18.34,22.711,0.27601,0.10219,342.76,77.38,6.9275,13.705,31.662,4539.1,22.89,45.813,48.92,80.051,2.2573,1.6639,3110.7,42.364,53.984,94.69,9.379,60.044,34.921,40.459,2643.5,61.952,23.717,43.934,0.34427,8.782,26.276,120.4,1.3,74.129,24.459,2.3778,53.049,4.8684,213.67,-0.0013135,0.85094,65.128,18.915,43.214
523,2026-04-18T18:06:00,48.092,29.795,27.182,33.294,41.31,2715.5,3642.8,17.798,18.555,23.009,0.30359,0.10219,343.04,77.341,6.916,13.859,32.459,4478.2,23.082,42.119,48.526,79.887,2.2584,1.6361,3111.4,42.616,53.974,94.566,9.4315,61.903,33.762,38.235,2644.6,62.545,25.289,43.861,0.32504,9.0029,26.555,120.39,1.5271,75.403,24.069,2.3109,53.049,4.715,215.26,-0.0013135,0.85094,65.108,18.907,43.214
524,2026-04-18T18:09:00,50.783,29.75,26.752,33.294,41.15,2717.5,3650.8,20.01,18.555,22.865,0.30404,0.10219,343.11,77.557,6.916,13.859,32.459,4485.6,22.143,48.346,49.421,79.889,2.2584,1.6361,3113.3,42.491,53.886,94.61,9.3456,60.839,36.397,38.463,2647.2,62.408,25.75,43.946,0.32318,9.0029,26.555,120.42,1.5271,75.155,24.069,2.3109,53.049,4.715,215.07,-0.0013135,0.85094,65.071,18.907,43.214
525,2026-04-18T18:12:00,49.793,22.454,26.594,32.487,41.11,2716.6,3655.7,19.296,18.438,22.609,0.22664,0.10219,343.58,77.33,6.6402,13.756,32.649,4487.7,22.451,46.055,49.858,79.825,2.2326,1.6463,3111.2,42.161,53.857,94.641,9.3907,60.936,37.681,40.121,2645.1,62.386,24.312,43.854,0.34288,8.7119,26.486,120.41,1.1112,75.623,24.127,2.2264,53.049,4.83,216.86,-0.0013135,0.85094,65.079,18.182,43.214
526,2026-04-18T18:15:00,49.438,22.548,26.819,32.487,40.957,2717.0,3636.0,18.604,18.438,23.168,0.22568,0.10219,344.18,77.332,6.6402,13.756,32.649,4516.9,22.742,45.233,50.613,79.845,2.2326,1.6463,3109.0,41.916,53.509,94.643,9.2624,61.235,39.905,40.093,2646.1,62.727,24.297,43.748,0.34311,8.7119,26.486,120.4,1.1112,75.435,24.127,2.2264,53.049,4.83,218.85,-0.0013135,0.85094,65.048,18.182,43.214
527,2026-04-18T18:18:00,50.889,20.041,26.88,32.94,41.699,2716.8,3712.7,18.396,18.602,22.772,0.20682,0.084783,343.72,77.143,6.8627,13.715,32.564,4601.9,22.836,48.591,49.541,79.821,2.2722,1.6687,3111.5,42.661,54.308,94.487,9.2939,64.082,36.75,38.654,2646.1,63.924,24.589,44.03,0.33214,8.8031,26.642,120.41,1.4413,75.184,24.073,2.3056,53.749,4.7429,218.23,0.027826,0.84907,65.059,18.52,42.999
528,2026-04-18T18:21:00,49.587,20.221,26.709,32.94,41.047,2715.7,3714.8,16.735,18.602,22.509,0.20499,0.084783,343.77,77.292,6.8627,13.715,32.564,4623.6,23.534,45.579,48.001,79.776,2.2722,1.6687,3110.6,42.299,54.049,94.369,9.3178,61.823,32.217,38.756,2644.6,63.888,24.807,44.109,0.33131,8.8031,26.642,120.4,1.4413,73.87,24.073,2.3056,53.749,4.7429,218.9,0.027826,0.84907,65.065,18.52,42.999
529,2026-04-18T18:24:00,49.14,20.626,26.747,33.206,41.49,2714.7,3673.8,14.177,18.041,22.459,0.20863,0.084783,342.97,77.374,6.7767,13.652,32.098,4540.9,24.604,44.543,49.974,79.885,2.245,1.6289,3110.5,42.36,54.28,94.505,9.4046,62.099,38.024,38.868,2643.4,62.764,25.042,44.468,0.32025,8.6075,26.692,120.41,1.2201,74.922,24.24,2.2408,53.749,4.779,216.39,0.027826,0.84907,65.074,18.453,42.999
530,2026-04-18T18:27:00,51.312,20.715,26.708,33.206,41.795,2714.4,3641.8,17.127,18.041,22.803,0.20772,0.084783,343.12,77.068,6.7767,13.652,32.098,4554.4,23.37,49.57,49.328,79.924,2.245,1.6289,3109.8,42.495,54.119,94.597,9.4218,62.086,36.123,38.402,2644.6,63.314,27.124,44.507,0.32407,8.6075,26.692,120.41,1.2201,75.285,24.24,2.2408,53.749,4.779,217.45,0.027826,0.84907,65.119,18.453,42.999
531,2026-04-18T18:30:00,50.21,24.963,26.983,32.93,40.252,2714.9,3696.6,20.431,18.417,22.9,0.2517,0.084783,342.83,77.271,6.913,13.663,32.431,4541.7,21.973,47.019,48.875,79.882,2.2122,1.6512,3110.6,43.007,54.485,94.441,9.28,62.502,34.789,37.026,2644.5,63.184,25.057,44.611,0.3199,8.7552,26.617,120.38,1.3263,75.035,24.252,2.2013,53.749,4.8771,217.8,0.027826,0.84907,65.14,18.545,42.999
532,2026-04-18T18:33:00,47.491,24.611,26.704,32.93,41.753,2715.2,3664.1,20.146,18.417,22.449,0.25528,0.08406,343.06,77.329,6.913,13.663,32.431,4584.0,22.094,40.728,49.453,79.863,2.2122,1.6512,3111.9,42.536,53.978,94.42,9.4435,60.391,36.491,37.994,2644.1,63.743,23.819,44.606,0.31196,8.7552,26.617,120.44,1.3263,75.106,24.252,2.2013,53.275,4.8771,219.1,0.0081802,0.84632,65.133,18.545,43.286
533,2026-04-18T18:36:00,49.507,21.479,26.92,33.256,40.8,2713.3,3641.3,18.993,18.151,22.498,0.22125,0.08406,342.21,77.092,6.9828,13.879,32.052,4520.6,22.59,45.394,49.753,79.75,2.2863,1.6595,3110.2,42.562,54.557,94.588,9.4818,58.411,37.373,37.657,2642.4,62.975,25.243,44.601,0.31501,8.7987,27.193,120.4,1.2368,74.834,23.978,2.3283,53.275,4.8201,220.55,0.0081802,0.84632,65.123,19.015,43.286
534,2026-04-18T18:39:00,51.826,21.772,26.861,33.256,41.169,2716.6,3657.2,16.656,18.151,23.032,0.21828,0.08406,342.75,77.62,6.9828,13.879,32.052,4509.6,23.553,50.76,50.404,80.05,2.2863,1.6595,3110.1,42.655,54.688,94.538,9.3632,60.554,39.289,37.459,2646.8,62.702,25.862,44.653,0.31664,8.7987,27.193,120.39,1.2368,74.862,23.978,2.3283,53.275,4.8201,221.37,0.0081802,0.84632,65.158,19.015,43.286
535,2026-04-18T18:42:00,51.283,25.224,26.936,33.059,41.415,2714.7,3620.0,15.803,17.952,22.724,0.25524,0.08406,342.41,77.24,6.7417,13.823,32.214,4524.6,23.918,49.504,50.288,80.018,2.1969,1.6282,3111.0,42.006,53.354,94.699,9.4708,59.178,38.947,40.045,2643.9,62.669,23.837,44.746,0.34231,8.8645,26.625,120.39,1.204,76.509,24.063,2.2729,53.275,4.7475,221.63,0.0081802,0.84632,65.226,19.161,43.286
536,2026-04-18T18:45:00,47.352,25.03,27.174,33.059,40.728,2714.4,3605.8,16.075,17.952,22.845,0.25722,0.08406,342.72,77.302,6.7417,13.823,32.214,4496.1,23.801,40.406,49.194,79.945,2.1969,1.6282,3110.0,42.102,53.695,94.637,9.3728,62.348,35.727,40.408,2643.2,62.913,25.472,44.905,0.33934,8.8645,26.625,120.38,1.204,75.085,24.063,2.2729,53.275,4.7475,221.19,0.0081802,0.84632,65.269,19.161,43.286
537,2026-04-18T18:48:00,48.065,23.735,26.859,33.048,41.015,2713.3,3699.8,17.804,18.161,22.809,0.2403,0.098392,342.69,76.787,6.8242,13.557,32.135,4443.4,23.092,42.055,49.417,79.768,2.2859,1.624,3108.6,42.207,53.916,94.712,9.2134,63.22,36.383,39.576,2641.5,63.429,26.322,44.944,0.33417,8.625,26.977,120.4,1.1252,75.906,24.035,2.3066,54.423,4.8238,221.54,0.0073322,0.83834,65.269,18.733,44.645
538,2026-04-18T18:51:00,49.477,23.601,27.182,33.048,40.828,2710.0,3667.1,19.814,18.161,22.652,0.24166,0.098392,342.67,76.878,6.8242,13.557,32.135,4486.5,22.255,45.324,50.327,79.555,2.2859,1.624,3105.6,42.281,53.399,94.47,9.2663,63.798,39.063,39.226,2638.9,63.992,24.515,44.914,0.33705,8.625,26.977,120.42,1.1252,74.617,24.035,2.3066,54.423,4.8238,223.03,0.0073322,0.83834,65.201,18.733,44.645
539,2026-04-18T18:54:00,48.726,24.581,26.94,32.942,40.76,2710.5,3700.4,18.672,18.401,22.809,0.24722,0.098392,342.84,77.146,6.876,13.729,32.242,4538.0,22.738,43.585,52.27,79.576,2.2225,1.6425,3105.0,42.54,53.804,94.698,9.3617,59.531,44.781,35.681,2639.6,62.788,26.946,45.254,0.30616,8.7866,26.256,120.38,1.3088,75.274,24.315,2.3422,54.423,4.8025,220.41,0.0073322,0.83834,65.131,18.543,44.645
540,2026-04-18T18:57:00,49.32,24.538,27.177,32.942,41.915,2714.1,3672.9,17.233,18.401,22.787,0.24765,0.098392,342.58,77.77,6.876,13.729,32.242,4515.4,23.32,44.96,49.382,79.945,2.2225,1.6425,3109.6,42.099,54.075,94.522,9.3526,60.159,36.282,35.669,2643.3,63.26,24.483,45.042,0.30626,8.7866,26.256,120.43,1.3088,75.072,24.315,2.3422,54.423,4.8025,223.94,0.0073322,0.83834,65.146,18.543,44.645
541,2026-04-18T19:00:00,49.696,23.553,26.904,33.117,40.635,2716.7,3685.6,18.086,18.266,23.071,0.23687,0.098392,342.35,77.446,7.0824,13.952,31.887,4532.5,22.958,45.831,49.537,80.204,2.2794,1.6294,3111.6,42.234,54.36,94.46,9.2833,63.389,36.739,38.04,2646.3,62.619,26.423,45.214,0.32223,8.8173,26.876,120.41,1.201,75.804,24.449,2.3256,54.423,4.7169,223.07,0.0073322,0.83834,65.281,18.69,44.645
542,2026-04-18T19:03:00,50.284,23.448,26.975,33.117,41.446,2713.8,3662.3,18.219,18.266,22.379,0.23794,0.1103,341.93,76.88,7.0824,13.952,31.887,4514.2,22.916,47.191,50.69,80.012,2.2794,1.6294,3110.9,41.967,54.579,94.532,9.3112,59.819,40.13,38.351,2642.3,63.02,25.04,45.214,0.31968,8.8173,26.876,120.39,1.201,74.499,24.449,2.3256,54.082,4.7169,221.94,0.0163,0.84338,65.341,18.69,43.557
543,2026-04-18T19:06:00,48.568,26.806,26.96,33.2,40.673,2711.0,3618.7,18.805,18.145,22.438,0.27502,0.1103,342.55,76.848,7.0117,13.854,32.103,4562.6,22.682,43.221,50.13,79.658,2.2617,1.6613,3107.1,42.596,53.666,94.744,9.4617,59.587,38.481,41.003,2639.4,61.867,25.906,45.122,0.3471,8.9786,26.64,120.38,1.3428,75.033,24.108,2.2435,54.082,4.79,223.12,0.0163,0.84338,65.289,18.614,43.557
544,2026-04-18T19:09:00,51.132,26.837,27.341,33.2,40.293,2710.1,3605.5,15.883,18.145,22.877,0.2747,0.1103,342.97,76.985,7.0117,13.854,32.103,4492.0,23.925,49.155,52.791,79.415,2.2617,1.6613,3105.7,42.5,54.511,94.834,9.3162,62.517,46.313,41.093,2639.1,62.094,25.773,44.89,0.34636,8.9786,26.64,120.37,1.3428,75.581,24.108,2.2435,54.082,4.79,225.95,0.0163,0.84338,65.186,18.614,43.557
545,2026-04-18T19:12:00,51.22,25.005,26.945,32.925,41.612,2715.4,3607.2,17.303,18.337,23.078,0.25563,0.1103,342.91,77.581,6.8614,13.796,32.381,4519.5,23.309,49.356,50.41,79.767,2.2331,1.6488,3109.1,42.585,54.389,94.652,9.3899,60.855,39.307,39.776,2645.0,62.529,24.664,45.15,0.33664,8.8671,26.803,120.41,1.3919,74.201,24.623,2.3114,54.082,4.8463,223.27,0.0163,0.84338,65.168,18.313,43.557
546,2026-04-18T19:15:00,52.428,25.071,26.719,32.925,40.864,2717.7,3613.9,18.562,18.337,22.641,0.25496,0.1103,342.85,77.439,6.8614,13.796,32.381,4541.9,22.774,52.153,49.869,79.989,2.2331,1.6488,3112.3,42.154,54.121,94.822,9.3711,61.178,37.714,39.663,2646.4,62.415,25.149,45.328,0.33756,8.8671,26.803,120.39,1.3919,74.822,24.623,2.3114,54.082,4.8463,221.44,0.0163,0.84338,65.218,18.313,43.557
547,2026-04-18T19:18:00,49.581,22.413,26.788,33.17,41.118,2719.1,3676.9,17.581,17.951,23.137,0.22703,0.10788,343.13,77.398,6.6974,13.812,32.202,4573.8,23.18,45.565,49.556,80.076,2.2207,1.6609,3113.1,41.935,54.532,94.518,9.3782,59.549,36.793,39.026,2648.8,62.597,27.388,45.448,0.33024,8.9054,26.736,120.41,1.2642,75.397,24.47,2.2597,53.461,4.7988,221.78,0.02262,0.82814,65.292,18.798,43.632
548,2026-04-18T19:21:00,50.868,22.435,27.041,33.17,40.75,2717.5,3650.0,17.54,17.951,22.793,0.2268,0.10788,342.82,77.048,6.6974,13.812,32.202,4585.5,23.204,48.542,51.734,79.989,2.2207,1.6609,3113.3,42.543,54.391,94.697,9.3386,63.418,43.202,39.413,2646.6,63.06,22.676,45.413,0.32707,8.9054,26.736,120.41,1.2642,74.97,24.47,2.2597,53.461,4.7988,222.95,0.02262,0.82814,65.331,18.798,43.632
549,2026-04-18T19:24:00,50.49,23.935,26.988,33.303,42.105,2716.2,3704.3,19.531,17.788,22.862,0.24413,0.10788,342.45,77.497,6.9396,13.811,32.208,4543.5,22.354,47.667,48.975,79.901,2.2649,1.6204,3112.3,42.7,53.741,94.465,9.3266,60.46,35.083,39.249,2645.3,63.66,25.215,45.414,0.33165,8.9163,26.653,120.45,1.1661,75.22,24.564,2.3144,53.461,4.8198,223.74,0.02262,0.82814,65.34,18.42,43.632
550,2026-04-18T19:27:00,49.615,24.055,27.369,33.303,40.578,2714.1,3688.6,18.006,17.788,22.945,0.24291,0.10788,342.42,77.086,6.9396,13.811,32.208,4521.4,23.007,45.642,50.139,79.908,2.2649,1.6204,3110.1,42.037,54.006,94.453,9.2434,61.852,38.508,38.877,2643.8,63.932,25.149,45.501,0.3347,8.9163,26.653,120.4,1.1661,75.43,24.564,2.3144,53.461,4.8198,223.55,0.02262,0.82814,65.35,18.42,43.632
551,2026-04-18T19:30:00,48.594,23.847,26.922,32.731,40.908,2711.6,3631.9,18.778,18.06,22.452,0.24344,0.10788,342.44,77.026,6.9734,13.606,31.832,4541.1,22.692,43.28,50.925,79.746,2.2439,1.6699,3107.9,42.481,54.725,94.531,9.3415,60.751,40.823,39.164,2640.1,62.842,24.336,45.54,0.33205,8.9224,27.127,120.41,1.2796,75.253,24.82,2.2606,53.461,4.7972,223.92,0.02262,0.82814,65.335,18.501,43.632
552,2026-04-18T19:33:00,50.752,23.942,26.65,32.731,40.964,2712.7,3639.2,15.478,18.06,22.896,0.24247,0.10516,342.66,76.906,6.9734,13.606,31.832,4576.0,24.089,48.274,50.419,79.759,2.2439,1.6699,3105.7,42.011,54.307,94.755,9.2001,61.797,39.334,39.645,2642.2,62.716,27.211,45.335,0.3281,8.9224,27.127,120.37,1.2796,75.813,24.82,2.2606,53.46,4.7972,222.7,0.014677,0.84059,65.312,18.501,44.182
553,2026-04-18T19:36:00,50.167,27.878,27.177,32.598,40.379,2713.7,3617.6,18.272,18.164,22.92,0.27876,0.10516,342.1,77.122,6.7781,13.875,32.248,4570.0,22.903,46.921,49.085,79.832,2.2579,1.6554,3109.3,42.131,54.234,94.538,9.3146,59.182,35.409,36.478,2642.1,62.721,25.145,45.209,0.30768,8.7705,26.612,120.4,1.4191,75.889,24.016,2.3448,53.46,4.7641,223.03,0.014677,0.84059,65.282,18.296,44.182
554,2026-04-18T19:39:00,49.195,27.672,27.001,32.598,41.221,2713.8,3638.9,17.678,18.164,22.662,0.28086,0.10516,342.24,77.114,6.7781,13.875,32.248,4533.0,23.156,44.672,49.356,79.797,2.2579,1.6554,3109.9,42.156,54.677,94.751,9.2692,62.024,36.205,36.376,2642.2,62.355,23.283,45.243,0.30852,8.7705,26.612,120.4,1.4191,74.719,24.016,2.3448,53.46,4.7641,221.58,0.014677,0.84059,65.286,18.296,44.182
555,2026-04-18T19:42:00,50.434,24.12,26.948,33.695,40.595,2714.3,3682.5,18.2,18.7,22.519,0.23958,0.10516,342.21,77.27,7.0531,13.756,31.946,4554.9,22.933,47.54,51.677,79.871,2.2142,1.6758,3110.7,42.657,54.982,94.536,9.2355,62.006,43.034,39.824,2642.5,63.323,23.221,45.11,0.3382,9.0116,27.273,120.41,1.3484,74.772,24.397,2.239,53.46,4.7369,222.0,0.014677,0.84059,65.288,18.635,44.182
556,2026-04-18T19:45:00,48.308,23.74,26.549,33.695,40.657,2712.4,3692.1,18.59,18.7,22.34,0.24344,0.10516,341.99,76.972,7.0531,13.756,31.946,4580.1,22.779,42.618,50.139,79.836,2.2142,1.6758,3109.5,42.474,54.68,94.534,9.3635,60.961,38.51,40.312,2641.5,63.159,24.713,45.054,0.33419,9.0116,27.273,120.41,1.3484,74.89,24.397,2.239,53.46,4.7369,221.55,0.014677,0.84059,65.255,18.635,44.182
557,2026-04-18T19:48:00,49.614,27.038,26.671,32.925,40.512,2711.0,3613.4,20.767,18.245,22.474,0.27009,0.091228,341.45,77.001,6.8034,13.729,31.899,4507.4,21.869,45.64,50.739,79.694,2.2354,1.672,3107.7,42.471,54.77,94.706,9.4018,61.218,40.276,38.57,2638.9,62.069,25.183,45.129,0.32232,8.7257,26.705,120.4,1.1066,75.096,24.267,2.3128,53.557,4.8693,223.21,0.01829,0.8267,65.242,18.341,43.787
558,2026-04-18T19:51:00,51.349,26.883,26.951,32.925,41.022,2712.2,3612.5,18.12,18.245,22.486,0.27167,0.091228,342.15,77.258,6.8034,13.729,31.899,4536.4,22.981,49.657,49.294,79.781,2.2354,1.672,3108.1,42.484,54.423,94.679,9.233,62.181,36.022,38.237,2640.9,62.085,24.266,45.331,0.32505,8.7257,26.705,120.41,1.1066,74.273,24.267,2.3128,53.557,4.8693,221.47,0.01829,0.8267,65.203,18.341,43.787
559,2026-04-18T19:54:00,52.043,27.41,27.081,32.653,41.007,2715.0,3683.2,17.658,18.764,22.716,0.28095,0.091228,341.54,76.967,6.9084,13.7,32.78,4585.6,23.178,51.262,49.29,79.941,2.2685,1.6556,3111.4,42.378,54.603,94.644,9.29,61.63,36.011,37.911,2643.9,63.014,24.334,45.244,0.32076,8.8981,26.874,120.4,1.1235,76.296,24.26,2.2302,53.557,4.6774,222.9,0.01829,0.8267,65.249,18.557,43.787
560,2026-04-18T19:57:00,50.269,27.394,26.663,32.653,41.278,2715.2,3659.7,16.551,18.764,22.171,0.28111,0.091228,342.15,77.43,6.9084,13.7,32.78,4568.4,23.628,47.156,50.129,79.985,2.2685,1.6556,3112.2,42.435,54.809,94.475,9.258,60.276,38.48,37.907,2644.3,63.419,24.353,45.166,0.3208,8.8981,26.874,120.41,1.1235,75.745,24.26,2.2302,53.557,4.6774,224.26,0.01829,0.8267,65.274,18.557,43.787
561,2026-04-18T20:00:00,49.726,18.951,26.763,32.873,41.351,2712.3,3623.7,18.291,18.663,22.352,0.19335,0.091228,342.33,76.784,6.7853,13.749,32.72,4531.1,22.915,45.899,50.067,79.876,2.2627,1.6823,3108.5,42.469,54.78,94.566,9.2438,60.492,38.296,37.872,2640.7,63.141,26.062,45.349,0.31345,8.9365,26.317,120.43,1.1442,75.056,23.929,2.2732,53.557,4.694,222.65,0.01829,0.8267,65.312,18.547,43.787
562,2026-04-18T20:03:00,48.584,18.613,27.19,32.873,40.35,2710.0,3674.9,18.267,18.663,22.401,0.19679,0.116,341.35,77.038,6.7853,13.749,32.72,4553.4,22.919,43.258,49.282,79.872,2.2627,1.6823,3107.4,42.54,54.513,94.806,9.3784,59.876,35.986,37.599,2638.0,62.26,25.857,45.225,0.31569,8.9365,26.317,120.38,1.1442,74.211,23.929,2.2732,53.748,4.694,220.48,0.030204,0.826,65.303,18.547,43.474
563,2026-04-18T20:06:00,51.718,18.677,26.827,32.837,41.007,2709.0,3670.3,19.381,18.428,22.318,0.19606,0.116,341.04,77.163,6.8391,13.807,31.856,4534.4,22.448,50.51,49.824,79.873,2.283,1.6403,3106.3,42.183,54.804,94.546,9.2191,61.242,37.583,38.007,2637.6,63.453,26.069,44.91,0.32177,8.7564,26.258,120.41,1.1687,75.747,23.69,2.3192,53.748,4.8145,222.75,0.030204,0.826,65.256,19.008,43.474
564,2026-04-18T20:09:00,49.714,19.095,26.762,32.837,41.212,2706.6,3662.2,19.707,18.428,22.003,0.19182,0.116,340.63,76.788,6.8391,13.807,31.856,4547.7,22.326,45.872,51.441,79.846,2.283,1.6403,3104.4,42.343,54.644,94.674,9.2864,63.744,42.34,38.122,2635.1,63.593,26.213,45.013,0.32083,8.7564,26.258,120.41,1.1687,74.377,23.69,2.3192,53.748,4.8145,220.33,0.030204,0.826,65.262,19.008,43.474
565,2026-04-18T20:12:00,50.96,26.868,27.191,32.831,40.953,2704.0,3673.8,16.221,18.363,22.066,0.27791,0.116,340.0,76.831,7.0073,13.928,31.851,4509.0,23.806,48.755,49.466,79.662,2.2667,1.6541,3102.4,42.246,53.977,94.714,9.3302,59.605,36.529,38.978,2632.1,62.987,27.438,44.861,0.32604,8.9796,26.916,120.39,1.6425,76.252,24.506,2.3346,53.748,4.8306,220.78,0.030204,0.826,65.212,18.652,43.474
566,2026-04-18T20:15:00,49.997,26.959,27.328,32.831,41.225,2706.1,3693.4,17.764,18.363,22.5,0.27698,0.116,340.3,77.319,7.0073,13.928,31.851,4505.8,23.139,46.527,51.145,79.95,2.2667,1.6541,3103.4,42.564,54.016,94.616,9.3554,59.219,41.471,38.511,2634.8,62.649,25.14,44.68,0.32987,8.9796,26.916,120.39,1.6425,75.637,24.506,2.3346,53.748,4.8306,221.57,0.030204,0.826,65.193,18.652,43.474
567,2026-04-18T20:18:00,49.738,27.328,27.05,33.026,40.702,2705.7,3655.8,21.366,18.415,21.856,0.28117,0.10218,339.73,76.975,7.0419,13.813,32.0,4539.9,21.628,45.928,49.609,80.05,2.2861,1.6573,3103.8,42.419,54.471,94.72,9.2674,59.02,36.95,40.392,2633.9,61.781,24.764,44.416,0.34164,8.9725,25.941,120.37,1.1414,75.387,24.332,2.2112,53.467,4.7912,222.86,0.026825,0.84416,65.258,18.912,43.559
568,2026-04-18T20:21:00,50.624,27.44,26.654,33.026,40.998,2705.7,3611.9,15.375,18.415,21.556,0.28003,0.10218,339.75,77.179,7.0419,13.813,32.0,4525.2,24.152,47.979,50.389,79.94,2.2861,1.6573,3103.9,42.1,54.647,94.835,9.3777,59.659,39.245,40.26,2633.5,62.537,27.434,44.578,0.34272,8.9725,25.941,120.41,1.1414,75.41,24.332,2.2112,53.467,4.7912,219.62,0.026825,0.84416,65.221,18.912,43.559
569,2026-04-18T20:24:00,51.022,26.232,27.336,32.948,40.143,2704.5,3572.9,19.439,18.535,22.123,0.26894,0.10218,339.8,77.106,6.9328,13.884,32.217,4509.2,22.443,48.899,50.412,79.96,2.2466,1.6305,3103.4,42.44,54.2,94.816,9.2993,61.972,39.312,39.043,2632.8,62.771,27.774,44.427,0.32791,8.8764,26.748,120.38,1.3204,74.96,24.388,2.2515,53.467,4.8027,219.89,0.026825,0.84416,65.234,18.547,43.559
570,2026-04-18T20:27:00,48.753,26.428,27.109,32.948,40.334,2706.1,3628.5,17.644,18.535,22.081,0.26695,0.10218,340.11,77.144,6.9328,13.884,32.217,4482.7,23.199,43.648,49.789,79.987,2.2466,1.6305,3104.3,42.107,54.517,94.946,9.2088,61.86,37.479,38.794,2634.4,61.815,24.694,44.376,0.32996,8.8764,26.748,120.4,1.3204,74.847,24.388,2.2515,53.467,4.8027,219.03,0.026825,0.84416,65.243,18.547,43.559
571,2026-04-18T20:30:00,49.439,24.285,26.848,33.056,40.345,2707.1,3656.4,19.566,18.695,22.339,0.2483,0.10218,340.22,77.627,6.8497,13.649,31.869,4581.2,22.372,45.235,49.302,80.122,2.2873,1.6556,3105.1,42.26,54.24,94.632,9.2509,61.55,36.045,39.96,2635.8,62.191,25.733,44.365,0.33625,8.8263,26.597,120.39,1.1869,75.202,24.373,2.3776,53.467,4.7033,217.73,0.026825,0.84416,65.22,18.727,43.559
572,2026-04-18T20:33:00,48.793,24.314,27.001,33.056,41.297,2708.1,3678.8,18.693,18.695,22.015,0.24802,0.091102,339.67,77.084,6.8497,13.649,31.869,4555.7,22.751,43.742,50.295,80.191,2.2873,1.6556,3106.1,42.696,54.545,94.872,9.3139,63.216,38.968,40.14,2636.7,61.806,25.917,44.397,0.33478,8.8263,26.597,120.41,1.1869,75.005,24.373,2.3776,52.95,4.7033,221.11,0.0142,0.87679,65.267,18.727,44.085
573,2026-04-18T20:36:00,47.353,27.911,26.977,32.816,40.497,2706.7,3668.0,17.567,18.461,21.767,0.2819,0.091102,340.14,76.7,6.7216,13.923,31.64,4566.0,23.243,40.408,50.895,79.944,2.2448,1.598,3105.5,42.524,54.005,94.599,9.4132,59.527,40.734,36.447,2635.5,62.711,25.414,44.732,0.31293,9.0885,26.185,120.4,1.2271,75.379,23.847,2.3315,52.95,4.7468,218.18,0.0142,0.87679,65.242,18.91,44.085
574,2026-04-18T20:39:00,50.388,28.022,26.466,32.816,40.876,2706.7,3670.0,16.614,18.461,21.768,0.28078,0.091102,340.41,76.914,6.7216,13.923,31.64,4536.3,23.642,47.431,47.946,79.895,2.2448,1.598,3104.4,41.902,54.361,94.764,9.2929,61.305,32.055,37.028,2634.9,62.677,25.678,44.894,0.30817,9.0885,26.185,120.4,1.2271,75.082,23.847,2.3315,52.95,4.7468,217.24,0.0142,0.87679,65.215,18.91,44.085
575,2026-04-18T20:42:00,51.02,30.595,26.953,33.112,41.153,2706.8,3703.7,20.302,18.857,21.826,0.30786,0.091102,339.81,77.329,6.911,13.963,32.185,4508.6,22.073,48.894,49.292,80.047,2.2537,1.6555,3106.4,42.39,54.237,94.51,9.2974,59.209,36.017,40.542,2635.5,63.311,25.509,44.677,0.3389,8.9768,26.395,120.42,1.3878,74.24,24.018,2.3175,52.95,4.8176,220.51,0.0142,0.87679,65.195,19.274,44.085
576,2026-04-18T20:45:00,49.841,30.635,27.129,33.112,41.058,2705.6,3709.3,19.493,18.857,21.488,0.30745,0.091102,339.3,76.93,6.911,13.963,32.185,4486.2,22.426,46.167,49.146,80.048,2.2537,1.6555,3106.4,42.381,54.505,94.48,9.3287,59.59,35.586,40.292,2633.5,63.216,25.525,44.784,0.34096,8.9768,26.395,120.41,1.3878,74.949,24.018,2.3175,52.95,4.8176,220.14,0.0142,0.87679,65.235,19.274,44.085
577,2026-04-18T20:48:00,51.379,25.475,27.156,32.662,40.787,2703.2,3603.8,16.986,18.964,22.102,0.26023,0.088639,339.89,77.062,6.7505,13.86,32.29,4466.8,23.483,49.725,50.008,79.917,2.2634,1.6598,3102.3,42.074,53.789,94.635,9.3449,59.778,38.123,41.15,2630.8,63.432,25.249,45.391,0.3443,8.9305,26.431,120.4,1.2187,75.14,24.052,2.2968,54.466,4.7972,224.02,0.040726,0.87137,65.264,18.568,43.155
578,2026-04-18T20:51:00,52.039,25.498,26.508,32.662,40.521,2702.2,3680.8,19.03,18.964,21.626,0.26001,0.088639,340.1,77.253,6.7505,13.86,32.29,4455.4,22.614,51.252,48.726,80.035,2.2634,1.6598,3100.1,42.264,53.926,94.758,9.2788,62.133,34.351,41.226,2630.6,62.107,25.867,45.898,0.34367,8.9305,26.431,120.39,1.2187,75.363,24.052,2.2968,54.466,4.7972,223.43,0.040726,0.87137,65.292,18.568,43.155
579,2026-04-18T20:54:00,51.156,24.551,27.206,32.659,41.429,2702.1,3689.1,16.443,18.873,21.998,0.2483,0.088639,340.01,77.153,6.8564,13.943,32.455,4558.8,23.703,49.209,49.911,80.117,2.2609,1.6323,3100.6,42.262,54.396,94.619,9.2887,61.392,37.839,39.98,2630.2,63.42,23.076,46.275,0.33229,8.9452,26.398,120.41,1.3407,74.903,24.033,2.2999,54.466,4.7366,224.24,0.040726,0.87137,65.383,18.944,43.155
580,2026-04-18T20:57:00,51.863,24.649,27.109,32.659,40.799,2699.9,3700.1,17.406,18.873,21.49,0.2473,0.088639,339.57,77.339,6.8564,13.943,32.455,4561.8,23.29,50.846,50.833,80.138,2.2609,1.6323,3100.8,42.004,54.361,94.585,9.3006,60.492,40.552,40.074,2628.0,63.231,25.092,46.52,0.33152,8.9452,26.398,120.38,1.3407,75.533,24.033,2.2999,54.466,4.7366,226.49,0.040726,0.87137,65.454,18.944,43.155
581,2026-04-18T21:00:00,52.087,22.638,26.816,32.763,41.352,2699.0,3692.6,18.668,18.485,21.312,0.2319,0.088639,338.79,77.468,6.8587,13.968,31.709,4479.4,22.75,51.363,48.378,80.262,2.2206,1.6481,3100.5,42.8,54.429,94.644,9.3125,61.038,33.325,40.974,2627.0,62.505,25.62,46.942,0.34336,8.9496,26.397,120.4,1.2965,74.419,23.844,2.3207,54.466,4.7778,226.73,0.040726,0.87137,65.554,19.105,43.155
582,2026-04-18T21:03:00,50.734,22.718,26.698,32.763,40.593,2698.6,3663.9,19.338,18.485,21.423,0.23108,0.096101,339.07,77.184,6.8587,13.968,31.709,4475.9,22.472,48.233,50.288,80.283,2.2206,1.6481,3099.1,42.249,54.47,94.606,9.3751,60.379,38.948,41.05,2626.8,62.999,24.332,47.13,0.34273,8.9496,26.397,120.37,1.2965,74.492,23.844,2.3207,53.89,4.7778,228.75,0.01651,0.87477,65.632,19.105,44.146
583,2026-04-18T21:06:00,50.056,29.851,27.079,32.667,41.025,2697.0,3669.2,18.075,19.022,21.44,0.30519,0.096101,338.84,77.282,6.9393,13.893,31.922,4532.9,23.004,46.664,50.07,80.111,2.2866,1.6896,3097.1,42.782,53.35,94.742,9.234,61.364,38.307,40.91,2624.8,62.911,24.025,47.621,0.35095,8.8776,26.556,120.41,1.2344,75.385,23.893,2.312,53.89,4.7612,227.81,0.01651,0.87477,65.693,18.801,44.146
584,2026-04-18T21:09:00,49.669,30.165,27.158,32.667,40.703,2697.0,3713.5,17.904,19.022,21.623,0.302,0.096101,338.83,77.42,6.9393,13.893,31.922,4521.0,23.07,45.769,51.07,80.228,2.2866,1.6896,3097.1,42.581,53.492,94.622,9.3062,60.885,41.248,41.66,2625.0,62.149,26.513,47.873,0.3448,8.8776,26.556,120.4,1.2344,74.273,23.893,2.312,53.89,4.7612,229.55,0.01651,0.87477,65.711,18.801,44.146
585,2026-04-18T21:12:00,48.838,28.141,26.683,32.493,40.733,2697.6,3651.3,16.701,19.048,21.267,0.28903,0.096101,338.62,77.362,6.8516,13.731,32.027,4531.9,23.58,43.845,48.885,80.264,2.2509,1.7058,3097.7,42.111,54.078,94.663,9.2627,62.988,34.818,40.748,2624.8,62.496,24.831,48.204,0.33702,8.7362,26.594,120.39,1.1383,74.687,23.618,2.2735,53.89,4.8369,230.38,0.01651,0.87477,65.774,18.982,44.146
586,2026-04-18T21:15:00,49.838,28.226,27.079,32.493,40.717,2697.9,3681.5,18.399,19.048,21.482,0.28818,0.096101,339.49,77.191,6.8516,13.731,32.027,4524.9,22.862,46.159,51.201,80.343,2.2509,1.7058,3098.2,42.325,54.162,94.645,9.2119,58.734,41.633,40.421,2626.7,61.975,24.237,48.25,0.33969,8.7362,26.594,120.38,1.1383,75.601,23.618,2.2735,53.89,4.8369,234.36,0.01651,0.87477,65.853,18.982,44.146
587,2026-04-18T21:18:00,51.375,27.603,26.955,32.265,41.344,2697.0,3666.6,20.333,18.824,21.68,0.27873,0.10057,339.83,77.081,6.8843,13.984,32.24,4495.3,22.057,49.717,49.328,80.14,2.3198,1.6361,3097.1,42.149,54.052,94.753,9.1988,62.302,36.122,38.122,2625.6,62.988,23.284,48.752,0.32293,8.889,26.293,120.42,1.1198,75.056,23.518,2.3084,53.163,4.9041,234.94,0.0049832,0.85015,65.881,18.791,44.967
588,2026-04-18T21:21:00,49.348,27.39,26.602,32.265,41.395,2699.7,3665.9,20.318,18.824,21.782,0.2809,0.10057,339.66,77.684,6.8843,13.984,32.24,4502.5,22.041,45.025,47.863,80.395,2.3198,1.6361,3098.2,42.53,53.966,94.53,9.3229,60.05,31.812,38.378,2628.3,63.001,27.497,49.144,0.32084,8.889,26.293,120.43,1.1198,75.628,23.518,2.3084,53.163,4.9041,235.76,0.0049832,0.85015,65.928,18.791,44.967
589,2026-04-18T21:24:00,50.323,25.804,26.998,32.865,40.05,2697.6,3642.3,17.102,18.364,21.887,0.25688,0.10057,339.73,77.208,6.8433,14.098,31.534,4530.0,23.406,47.282,50.792,80.368,2.2691,1.656,3097.3,42.129,54.087,94.771,9.2505,60.705,40.431,41.665,2627.2,63.133,26.364,49.653,0.34981,8.8963,25.918,120.37,1.2182,74.39,23.777,2.2003,53.163,4.8533,235.23,0.0049832,0.85015,65.98,18.547,44.967
590,2026-04-18T21:27:00,48.311,25.55,26.917,32.865,41.423,2696.6,3671.0,16.48,18.364,21.66,0.25947,0.10057,339.48,77.274,6.8433,14.098,31.534,4531.7,23.665,42.625,49.916,80.25,2.2691,1.656,3095.6,41.807,54.067,94.541,9.2012,61.199,37.852,42.138,2624.8,62.639,23.704,49.63,0.34593,8.8963,25.918,120.43,1.2182,75.203,23.777,2.2003,53.163,4.8533,240.64,0.0049832,0.85015,66.038,18.547,44.967
591,2026-04-18T21:30:00,51.709,32.554,26.872,33.358,40.463,2695.0,3647.1,18.513,19.033,21.443,0.33101,0.10057,339.49,77.104,6.7847,13.914,32.213,4541.7,22.824,50.49,51.383,80.066,2.2526,1.6189,3096.0,42.28,54.563,94.694,9.4136,60.14,42.169,43.2,2622.5,63.428,26.659,50.269,0.36481,8.7307,26.168,120.37,1.2589,75.961,23.309,2.3336,53.163,4.8415,238.64,0.0049832,0.85015,66.025,18.836,44.967
592,2026-04-18T21:33:00,50.092,32.659,27.152,33.358,41.778,2696.3,3656.6,19.872,19.033,21.69,0.32995,0.11091,339.47,77.391,6.7847,13.914,32.213,4586.6,22.245,46.747,50.898,80.162,2.2526,1.6189,3096.0,42.242,54.026,94.623,9.3474,62.261,40.743,43.546,2624.1,63.265,24.652,49.931,0.36198,8.7307,26.168,120.43,1.2589,74.859,23.309,2.3336,54.294,4.8415,241.07,0.012614,0.86316,66.069,18.836,44.445
593,2026-04-18T21:36:00,49.912,26.259,27.075,32.793,41.091,2697.3,3689.2,16.966,19.252,21.896,0.27024,0.11091,340.11,77.526,6.9273,13.668,32.005,4536.2,23.458,46.33,49.64,80.342,2.2814,1.6571,3096.1,42.494,53.937,94.497,9.3143,61.05,37.04,40.794,2626.1,63.28,24.21,50.111,0.34653,8.7743,25.933,120.4,1.249,75.204,23.357,2.2826,54.294,4.8542,241.36,0.012614,0.86316,66.088,18.921,44.445
594,2026-04-18T21:39:00,49.888,26.318,26.801,32.793,41.554,2695.3,3693.6,16.065,19.252,21.6,0.26964,0.11091,340.1,76.981,6.9273,13.668,32.005,4500.7,23.85,46.276,51.189,80.263,2.2814,1.6571,3095.4,42.312,54.361,94.633,9.2798,62.813,41.6,41.294,2623.4,63.204,26.324,50.494,0.34243,8.7743,25.933,120.41,1.249,75.828,23.357,2.2826,54.294,4.8542,239.29,0.012614,0.86316,66.179,18.921,44.445
595,2026-04-18T21:42:00,49.452,28.647,27.103,32.47,41.52,2695.1,3635.3,18.304,18.508,21.803,0.28798,0.11091,340.0,77.357,6.8595,13.856,32.124,4535.3,22.897,45.266,49.507,80.293,2.2537,1.6687,3094.6,42.116,53.72,94.501,9.1069,62.525,36.65,38.066,2623.8,62.983,25.22,50.476,0.31453,8.7805,26.374,120.4,1.253,74.236,23.119,2.2896,54.294,4.8922,241.75,0.012614,0.86316,66.203,18.888,44.445
596,2026-04-18T21:45:00,48.681,28.456,26.875,32.47,41.043,2696.3,3677.1,17.688,18.508,21.666,0.28993,0.11091,339.5,77.237,6.8595,13.856,32.124,4482.5,23.16,43.481,50.156,80.286,2.2537,1.6687,3095.7,42.39,54.352,94.643,9.3625,59.89,38.558,37.964,2624.3,62.263,24.122,50.66,0.31537,8.7805,26.374,120.38,1.253,75.887,23.119,2.2896,54.294,4.8922,241.93,0.012614,0.86316,66.207,18.888,44.445
597,2026-04-18T21:48:00,50.694,27.448,26.805,33.32,41.646,2694.5,3641.3,18.142,19.548,21.717,0.27971,0.085318,339.61,76.899,6.7296,13.793,31.972,4510.8,22.985,48.139,50.05,80.125,2.3112,1.7015,3093.7,42.48,54.073,94.526,9.3392,60.758,38.248,40.666,2622.8,63.464,24.43,51.145,0.33358,8.9243,26.422,120.4,1.0095,74.717,23.313,2.2948,54.046,4.9052,242.89,0.020749,0.83139,66.232,19.411,43.644
598,2026-04-18T21:51:00,50.544,27.365,27.206,33.32,40.603,2694.6,3666.2,19.977,19.548,21.796,0.28056,0.085318,339.75,77.16,6.7296,13.793,31.972,4508.6,22.207,47.792,49.357,80.174,2.3112,1.7015,3093.6,42.066,54.099,94.668,9.1486,63.817,36.208,40.191,2622.8,63.035,26.41,51.618,0.33747,8.9243,26.422,120.37,1.0095,75.286,23.313,2.2948,54.046,4.9052,241.66,0.020749,0.83139,66.214,19.411,43.644
599,2026-04-18T21:54:00,50.42,28.75,26.748,32.997,42.178,2693.4,3740.0,18.935,18.704,21.537,0.29873,0.085318,340.14,77.205,6.8618,13.903,32.149,4481.9,22.648,47.506,49.357,80.083,2.3111,1.6799,3093.4,42.162,53.073,94.478,9.4848,59.401,36.207,39.411,2621.4,62.986,25.919,51.661,0.33021,9.0633,26.051,120.4,1.3633,75.12,23.165,2.3212,54.046,4.8994,245.22,0.020749,0.83139,66.219,18.789,43.644
600,2026-04-18T21:57:00,50.101,28.736,26.802,32.997,41.225,2695.4,3706.2,18.411,18.704,21.622,0.29887,0.085318,340.23,77.812,6.8618,13.903,32.149,4477.8,22.846,46.768,50.671,80.365,2.3111,1.6799,3093.0,41.952,53.122,94.503,9.2462,61.785,40.073,39.321,2623.2,63.569,25.715,51.816,0.33095,9.0633,26.051,120.41,1.3633,75.071,23.165,2.3212,54.046,4.8994,247.49,0.020749,0.83139,66.296,18.789,43.644
601,2026-04-18T22:00:00,51.336,27.332,27.127,33.187,41.182,2695.3,3668.5,18.568,18.658,21.897,0.28151,0.085318,339.96,77.508,6.8367,13.977,32.309,4516.8,22.777,49.625,50.805,80.558,2.319,1.6664,3094.2,42.333,54.127,94.453,9.3208,62.637,40.47,41.027,2623.5,63.14,25.447,52.233,0.34138,8.8812,26.131,120.41,1.2254,75.611,23.702,2.2695,54.046,4.8743,246.74,0.020749,0.83139,66.428,18.95,43.644
602,2026-04-18T22:03:00,49.17,27.497,26.804,33.187,41.48,2693.0,3676.5,20.687,18.658,21.648,0.27983,0.094004,340.26,77.258,6.8367,13.977,32.309,4532.0,21.888,44.613,50.927,80.503,2.319,1.6664,3092.3,42.504,53.946,94.53,9.3377,59.956,40.829,40.749,2621.8,63.001,24.177,52.161,0.34366,8.8812,26.131,120.42,1.2254,74.783,23.702,2.2695,54.172,4.8743,242.54,-0.0015614,0.85909,66.5,18.95,44.24
603,2026-04-18T22:06:00,50.531,25.824,27.082,33.022,40.884,2689.9,3656.0,16.981,19.218,21.42,0.26504,0.094004,339.64,77.11,6.8935,13.783,32.171,4462.1,23.457,47.763,48.659,80.278,2.294,1.6201,3090.2,42.509,54.372,94.635,9.2965,60.957,34.153,42.243,2618.0,63.606,25.681,51.659,0.3491,8.7504,25.778,120.39,1.377,75.564,23.72,2.3604,54.172,4.8455,248.23,-0.0015614,0.85909,66.493,18.916,44.24
604,2026-04-18T22:09:00,49.712,26.253,26.917,33.022,41.505,2689.4,3683.1,17.661,19.218,21.55,0.26067,0.094004,340.07,77.412,6.8935,13.783,32.171,4467.4,23.161,45.867,51.118,80.341,2.294,1.6201,3088.7,42.087,54.308,94.569,9.1829,61.006,41.39,41.939,2617.5,63.139,25.538,51.764,0.35159,8.7504,25.778,120.39,1.377,74.63,23.72,2.3604,54.172,4.8455,247.13,-0.0015614,0.85909,66.498,18.916,44.24
605,2026-04-18T22:12:00,49.629,27.192,27.14,33.109,41.281,2691.0,3676.0,19.46,18.868,21.953,0.27669,0.094004,340.18,77.226,6.729,13.862,32.112,4538.2,22.402,45.676,49.803,80.499,2.2958,1.676,3089.8,42.594,53.515,94.495,9.3183,61.534,37.52,39.722,2620.0,62.778,24.722,51.775,0.32787,8.9581,26.139,120.39,1.2049,76.036,23.031,2.2937,54.172,4.8718,247.05,-0.0015614,0.85909,66.535,19.01,44.24
606,2026-04-18T22:15:00,49.528,27.439,27.033,33.109,40.787,2688.4,3666.9,20.105,18.868,21.5,0.27417,0.094004,339.66,77.059,6.729,13.862,32.112,4504.8,22.143,45.441,49.256,80.244,2.2958,1.676,3088.4,42.038,53.916,94.714,9.2721,63.858,35.912,39.427,2616.1,62.936,25.278,51.866,0.33029,8.9581,26.139,120.35,1.2049,75.732,23.031,2.2937,54.172,4.8718,246.08,-0.0015614,0.85909,66.509,19.01,44.24
607,2026-04-18T22:18:00,50.031,27.846,26.603,33.335,40.98,2690.7,3755.9,18.786,18.978,21.733,0.28258,0.084691,340.58,77.809,6.9363,14.091,32.501,4491.3,22.672,46.607,48.633,80.485,2.2992,1.6251,3088.3,42.013,53.815,94.351,9.4116,60.136,34.078,40.075,2619.6,62.914,27.99,52.549,0.34227,8.8965,26.067,120.4,1.3959,74.577,23.192,2.369,52.925,4.8175,246.63,0.020798,0.84183,66.478,18.78,43.673
608,2026-04-18T22:21:00,50.626,27.818,26.903,33.335,42.285,2690.1,3704.1,15.659,18.978,21.541,0.28287,0.084691,339.66,77.524,6.9363,14.091,32.501,4505.8,23.986,47.983,51.175,80.658,2.2992,1.6251,3089.5,42.333,53.642,94.528,9.2171,60.967,41.559,40.127,2618.9,63.804,23.899,52.811,0.34184,8.8965,26.067,120.42,1.3959,74.483,23.192,2.369,52.925,4.8175,247.19,0.020798,0.84183,66.611,18.78,43.673
609,2026-04-18T22:24:00,49.463,24.08,27.018,33.23,40.599,2685.5,3637.1,19.845,18.66,21.326,0.24319,0.084691,339.41,77.091,6.996,13.872,32.446,4537.5,22.235,45.291,49.33,80.464,2.2896,1.6824,3086.2,42.026,53.806,94.461,9.4262,58.741,36.129,43.491,2613.5,63.186,25.973,53.107,0.36634,8.8585,25.78,120.37,1.3422,73.752,23.6,2.2884,52.925,4.8468,247.39,0.020798,0.84183,66.685,18.708,43.673
610,2026-04-18T22:27:00,50.295,23.869,27.007,33.23,41.122,2684.3,3642.4,19.224,18.66,21.279,0.24533,0.084691,339.42,77.388,6.996,13.872,32.446,4528.3,22.495,47.218,49.843,80.348,2.2896,1.6824,3083.6,42.072,53.916,94.751,9.3304,61.938,37.638,43.822,2612.3,63.094,26.62,53.11,0.36362,8.8585,25.78,120.37,1.3422,75.148,23.6,2.2884,52.925,4.8468,250.9,0.020798,0.84183,66.679,18.708,43.673
611,2026-04-18T22:30:00,50.432,24.465,26.986,33.549,40.541,2684.6,3613.6,19.873,18.991,21.45,0.24396,0.084691,339.36,77.013,7.0922,13.866,32.107,4540.0,22.235,47.534,50.744,80.353,2.3012,1.6919,3084.2,42.373,53.96,94.756,9.4334,61.804,40.289,40.904,2612.3,62.987,26.043,53.405,0.34152,8.9274,25.982,120.37,1.3798,74.852,22.915,2.341,52.925,4.9925,251.13,0.020798,0.84183,66.673,18.745,43.673
612,2026-04-18T22:33:00,50.025,24.128,26.477,33.549,41.128,2685.1,3633.2,18.088,18.991,21.317,0.24739,0.075443,339.55,77.53,7.0922,13.866,32.107,4537.1,22.977,46.593,49.779,80.3,2.3012,1.6919,3084.4,42.431,53.994,94.766,9.2129,60.96,37.449,40.893,2613.6,62.65,26.485,53.185,0.34161,8.9274,25.982,120.4,1.3798,74.393,22.915,2.341,54.308,4.9925,252.49,0.0084767,0.8235,66.629,18.745,44.062
613,2026-04-18T22:36:00,50.65,27.499,26.95,32.917,40.385,2689.9,3600.5,17.842,18.958,21.674,0.27668,0.075443,339.65,77.748,6.7223,14.158,32.321,4515.7,23.067,48.037,50.209,80.7,2.2489,1.6151,3087.6,42.286,54.168,94.63,9.3991,60.259,38.716,40.823,2618.7,62.216,24.773,53.409,0.34126,9.1091,26.145,120.39,1.3178,74.888,23.605,2.3489,54.308,4.9144,251.45,0.0084767,0.8235,66.669,19.011,44.062
614,2026-04-18T22:39:00,48.761,27.327,26.739,32.917,40.899,2692.0,3597.1,18.211,18.958,21.291,0.27843,0.075443,339.07,77.561,6.7223,14.158,32.321,4506.5,22.903,43.666,48.728,80.791,2.2489,1.6151,3091.8,42.344,54.278,94.849,9.1962,61.331,34.355,40.745,2619.7,62.275,26.574,53.629,0.3419,9.1091,26.145,120.4,1.3178,75.027,23.605,2.3489,54.308,4.9144,250.39,0.0084767,0.8235,66.792,19.011,44.062
615,2026-04-18T22:42:00,48.217,25.137,26.565,33.235,41.304,2690.6,3702.8,19.874,18.341,21.182,0.25892,0.075443,339.24,77.582,6.8422,13.894,31.713,4512.1,22.198,42.408,50.819,80.652,2.3067,1.6577,3091.3,42.546,53.542,94.47,9.3324,60.377,40.51,45.033,2619.3,63.676,26.857,53.567,0.3731,9.0861,25.668,120.41,1.294,75.132,22.792,2.3012,54.308,4.9442,252.5,0.0084767,0.8235,66.84,19.171,44.062
616,2026-04-18T22:45:00,50.429,25.306,27.257,33.235,41.317,2689.5,3675.4,16.09,18.341,21.317,0.2572,0.075443,339.43,77.224,6.8422,13.894,31.713,4499.7,23.8,47.527,51.009,80.596,2.3067,1.6577,3089.7,42.626,53.69,94.552,9.311,61.7,41.07,44.586,2617.5,64.148,24.186,53.653,0.37676,9.0861,25.668,120.44,1.294,74.081,22.792,2.3012,54.308,4.9442,252.96,0.0084767,0.8235,66.835,19.171,44.062
617,2026-04-18T22:48:00,51.522,31.416,26.783,32.96,41.875,2689.2,3688.6,16.229,18.648,21.168,0.31622,0.089894,339.57,77.685,6.9422,13.876,32.524,4498.2,23.728,50.057,48.989,80.508,2.2628,1.6233,3089.1,42.529,53.262,94.435,9.3465,59.062,35.124,41.437,2617.4,62.963,26.08,53.563,0.34729,8.8925,25.392,120.42,1.1815,74.978,23.196,2.4334,53.799,4.9784,250.08,0.010721,0.83845,66.816,19.231,43.671
618,2026-04-18T22:51:00,50.489,31.255,27.432,32.96,41.307,2690.2,3664.7,18.859,18.648,21.891,0.31786,0.089894,339.97,77.513,6.9422,13.876,32.524,4464.7,22.619,47.665,48.67,80.66,2.2628,1.6233,3089.4,42.038,53.664,94.505,9.3285,61.744,34.185,41.677,2618.6,63.375,26.426,53.427,0.34532,8.8925,25.392,120.4,1.1815,74.82,23.196,2.4334,53.799,4.9784,250.69,0.010721,0.83845,66.83,19.231,43.671
619,2026-04-18T22:54:00,48.374,23.631,26.601,33.728,40.897,2687.5,3643.4,20.396,19.192,21.561,0.23985,0.089894,340.13,76.987,7.0448,13.975,32.258,4500.5,21.984,42.77,51.189,80.593,2.2791,1.6753,3086.3,42.379,53.017,94.551,9.3189,62.188,41.6,41.132,2616.8,62.854,25.719,53.397,0.34652,8.9483,25.824,120.39,1.1734,75.275,23.026,2.2853,53.799,4.9422,250.12,0.010721,0.83845,66.841,19.164,43.671
620,2026-04-18T22:57:00,50.344,23.566,26.863,33.728,41.089,2685.6,3623.1,17.194,19.192,21.442,0.24051,0.089894,339.82,77.082,7.0448,13.975,32.258,4466.8,23.34,47.331,48.585,80.242,2.2791,1.6753,3084.5,42.646,53.42,94.672,9.3883,61.868,33.937,40.705,2613.4,63.203,27.134,53.233,0.35002,8.9483,25.824,120.38,1.1734,75.767,23.026,2.2853,53.799,4.9422,251.11,0.010721,0.83845,66.766,19.164,43.671
621,2026-04-18T23:00:00,50.631,25.876,27.042,33.094,40.911,2686.7,3601.3,16.877,19.145,21.965,0.26431,0.089894,340.35,77.396,6.8748,14.109,32.227,4482.7,23.468,47.995,48.694,80.364,2.2868,1.6393,3083.7,42.394,53.322,94.618,9.4061,60.357,34.256,43.081,2615.0,62.573,25.013,53.135,0.35347,8.9738,25.811,120.4,1.3453,74.995,22.82,2.3641,53.799,4.9321,251.42,0.010721,0.83845,66.698,18.905,43.671
622,2026-04-18T23:03:00,49.987,26.089,27.304,33.094,40.371,2687.1,3617.1,17.034,19.145,21.845,0.26215,0.11358,341.11,76.95,6.8748,14.109,32.227,4435.3,23.418,46.503,50.886,80.24,2.2868,1.6393,3084.0,42.333,53.889,94.93,9.5257,58.848,40.706,42.136,2614.9,62.302,25.056,53.372,0.36122,8.9738,25.811,120.39,1.3453,75.133,22.82,2.3641,54.239,4.9321,252.14,0.035239,0.81037,66.683,18.905,43.909
623,2026-04-18T23:06:00,47.919,26.088,26.329,32.715,40.377,2690.2,3661.8,18.314,18.955,21.615,0.267,0.11358,340.97,77.788,6.8194,13.856,32.194,4473.4,22.855,41.719,49.091,80.432,2.3126,1.6643,3086.6,42.627,54.024,94.555,9.3671,61.01,35.426,44.721,2618.4,62.949,25.131,53.484,0.37216,9.213,25.6,120.4,1.3864,74.27,23.457,2.3071,54.239,4.8966,251.92,0.035239,0.81037,66.665,18.95,43.909
624,2026-04-18T23:09:00,49.185,26.149,27.108,32.715,41.519,2692.5,3647.2,16.998,18.955,22.026,0.26639,0.11358,341.35,77.736,6.8194,13.856,32.194,4504.5,23.397,44.649,48.62,80.682,2.3126,1.6643,3090.4,41.947,53.652,94.774,9.3197,61.844,34.038,44.501,2621.7,63.201,25.155,53.467,0.37396,9.213,25.6,120.42,1.3864,74.71,23.457,2.3071,54.239,4.8966,253.07,0.035239,0.81037,66.716,18.95,43.909
625,2026-04-18T23:12:00,48.859,26.475,26.701,33.157,41.305,2693.0,3689.5,19.661,19.254,21.499,0.26893,0.11358,341.19,77.783,6.7834,13.879,32.208,4457.0,22.264,43.893,49.779,80.745,2.2785,1.6632,3093.3,42.636,54.085,94.393,9.3637,60.897,37.45,41.242,2621.6,62.993,24.376,53.774,0.34703,9.1491,26.436,120.39,1.2613,74.729,23.52,2.3375,54.239,4.8527,250.54,0.035239,0.81037,66.81,18.699,43.909
626,2026-04-18T23:15:00,49.882,26.436,27.068,33.157,42.2,2692.7,3659.3,17.222,19.254,21.719,0.26933,0.11358,341.22,77.744,6.7834,13.879,32.208,4497.9,23.292,46.261,49.912,80.57,2.2785,1.6632,3092.2,42.621,53.596,94.6,9.4412,61.877,37.841,41.083,2621.0,63.512,24.224,53.683,0.34833,9.1491,26.436,120.45,1.2613,73.73,23.52,2.3375,54.239,4.8527,252.47,0.035239,0.81037,66.843,18.699,43.909
627,2026-04-18T23:18:00,49.272,26.12,26.768,33.243,41.084,2693.5,3690.6,17.92,19.264,21.726,0.26953,0.087303,341.11,77.4,6.7736,13.822,32.362,4551.1,23.0,44.85,51.133,80.63,2.2671,1.6718,3092.5,42.136,53.566,94.287,9.2693,63.553,41.435,41.846,2622.7,63.366,24.809,52.968,0.34777,8.9092,25.768,120.4,1.1664,73.512,22.877,2.3072,54.065,4.9819,253.12,0.016463,0.8256,66.832,19.014,44.103
628,2026-04-18T23:21:00,49.12,26.149,27.238,33.243,41.403,2694.1,3683.5,17.202,19.264,21.902,0.26923,0.087303,341.43,77.746,6.7736,13.822,32.362,4495.8,23.287,44.497,50.459,80.602,2.2671,1.6718,3093.6,42.601,54.229,94.589,9.3988,62.401,39.451,41.733,2622.2,63.488,23.971,53.185,0.3487,8.9092,25.768,120.42,1.1664,73.86,22.877,2.3072,54.065,4.9819,248.02,0.016463,0.8256,66.84,19.014,44.103
629,2026-04-18T23:24:00,48.773,24.861,26.671,32.981,41.22,2693.3,3701.0,19.119,18.874,21.705,0.2506,0.087303,341.52,77.519,6.8296,13.792,32.75,4457.7,22.48,43.694,50.475,80.6,2.2649,1.6514,3091.9,42.116,53.899,94.338,9.4098,61.527,39.498,40.803,2621.9,63.37,26.355,52.909,0.34399,8.9816,25.518,120.4,1.2476,74.788,23.559,2.3274,54.065,5.0033,248.46,0.016463,0.8256,66.812,18.649,44.103
630,2026-04-18T23:27:00,52.088,24.847,26.875,32.981,41.067,2690.2,3691.1,17.544,18.874,21.518,0.25074,0.087303,341.78,77.043,6.8296,13.792,32.75,4477.9,23.167,51.365,49.784,80.275,2.2649,1.6514,3089.1,42.385,53.658,94.492,9.4508,60.984,37.465,40.434,2618.8,63.541,26.68,52.691,0.34701,8.9816,25.518,120.37,1.2476,74.735,23.559,2.3274,54.065,5.0033,248.28,0.016463,0.8256,66.766,18.649,44.103
631,2026-04-18T23:30:00,49.232,20.5,27.134,33.087,40.869,2689.9,3665.9,17.934,18.674,22.02,0.21223,0.087303,342.02,77.675,6.8033,13.879,32.587,4517.8,22.984,44.758,50.816,80.349,2.269,1.6497,3087.7,42.324,54.065,94.516,9.4372,62.252,40.502,40.41,2618.8,63.559,24.146,52.499,0.34054,8.8837,25.84,120.42,1.2726,75.777,22.648,2.395,54.065,5.0174,247.87,0.016463,0.8256,66.665,19.052,44.103
632,2026-04-18T23:33:00,49.682,20.678,27.124,33.087,41.509,2690.3,3675.9,16.239,18.674,21.848,0.21042,0.091197,341.69,77.044,6.8033,13.879,32.587,4552.4,23.719,45.799,50.159,80.331,2.269,1.6497,3088.6,42.334,53.651,94.512,9.4504,59.867,38.569,40.332,2619.5,63.386,24.921,52.722,0.34118,8.8837,25.84,120.38,1.2726,74.973,22.648,2.395,53.384,5.0174,246.81,0.022225,0.81972,66.662,19.052,43.315
633,2026-04-18T23:36:00,51.284,21.776,26.936,32.868,41.212,2689.1,3659.1,17.708,18.711,21.905,0.22087,0.091197,341.69,76.952,6.9381,13.833,32.557,4461.4,23.109,49.506,50.417,80.185,2.2877,1.6547,3086.1,42.303,53.74,94.479,9.305,61.73,39.326,41.989,2617.4,63.969,25.062,52.586,0.34676,8.9127,25.923,120.38,1.2451,74.765,23.447,2.2821,53.384,4.844,247.54,0.022225,0.81972,66.599,18.874,43.315
634,2026-04-18T23:39:00,50.456,21.585,27.134,32.868,41.207,2689.0,3687.1,18.214,18.711,21.757,0.22281,0.091197,341.12,77.494,6.9381,13.833,32.557,4505.9,22.883,47.589,49.673,80.24,2.2877,1.6547,3087.0,42.097,53.207,94.668,9.3982,63.051,37.137,41.834,2617.3,63.485,24.922,52.429,0.34803,8.9127,25.923,120.39,1.2451,75.09,NA,2.2821,53.384,4.844,248.52,0.022225,0.81972,66.551,18.874,43.315
635,2026-04-18T23:42:00,49.834,21.383,27.031,33.342,41.703,2691.7,3624.8,19.33,18.499,22.211,0.2226,0.091197,341.63,77.89,6.8976,13.966,32.484,4476.8,22.393,46.151,50.928,80.616,2.2643,1.6419,3089.5,42.185,53.96,94.469,9.3419,60.955,40.831,41.354,2620.8,63.386,25.392,52.375,0.34222,9.0425,25.529,120.43,1.4133,74.084,23.439,2.367,53.384,4.8871,248.32,0.022225,0.81972,66.587,18.699,43.315
636,2026-04-18T23:45:00,50.699,21.762,26.948,33.342,40.597,2693.6,3654.1,16.902,18.499,22.004,0.21874,0.091197,341.46,77.841,6.8976,13.966,32.484,4489.8,23.407,48.152,48.152,80.677,2.2643,1.6419,3091.6,42.318,53.804,94.656,9.3102,63.385,32.662,41.209,2621.9,62.883,24.588,52.345,0.3434,9.0425,25.529,120.38,1.4133,74.878,23.439,2.367,53.384,4.8871,247.78,0.022225,0.81972,66.633,18.699,43.315
637,2026-04-18T23:48:00,48.91,21.899,26.932,33.133,41.861,2695.5,3687.9,18.85,18.573,21.802,0.22464,0.11159,341.3,77.541,6.8715,13.888,32.059,4506.2,22.586,44.012,49.125,80.734,2.2833,1.6662,3093.4,42.619,54.035,94.478,9.3869,62.288,35.524,43.201,2623.1,62.622,24.05,52.095,0.35732,9.0471,26.4,120.41,1.3634,75.258,23.472,2.3652,53.16,4.9223,247.77,0.023354,0.8045,66.697,19.016,44.076
638,2026-04-18T23:51:00,50.013,21.97,27.258,33.133,40.387,2693.3,3669.2,17.392,18.573,21.733,0.22392,0.11159,341.18,77.516,6.8715,13.888,32.059,4521.6,23.202,46.565,49.768,80.51,2.2833,1.6662,3092.2,42.279,53.851,94.649,9.3532,63.247,37.416,42.872,2621.5,62.943,25.269,52.013,0.36002,9.0471,26.4,120.39,1.3634,74.947,23.472,2.3652,53.16,4.9223,246.99,0.023354,0.8045,66.657,19.016,44.076
639,2026-04-18T23:54:00,48.591,25.885,26.913,32.794,42.205,2694.3,3681.3,17.213,18.517,21.836,0.26451,0.11159,341.24,77.662,6.8856,13.93,32.454,4446.8,23.275,43.273,50.002,80.475,2.2999,1.6676,3092.4,42.481,53.956,94.524,9.2781,64.008,38.107,42.145,2622.8,62.961,25.162,51.866,0.35009,8.9584,25.992,120.41,1.0275,75.342,23.002,2.3607,53.16,4.9702,246.97,0.023354,0.8045,66.618,18.832,44.076
640,2026-04-18T23:57:00,49.93,26.258,26.94,32.794,40.276,2694.1,3675.1,19.27,18.517,21.979,0.26071,0.11159,341.52,77.337,6.8856,13.93,32.454,4459.0,22.422,46.371,51.345,80.361,2.2999,1.6676,3092.1,42.326,53.81,94.522,9.432,61.336,42.059,41.859,2623.4,63.068,24.317,51.806,0.35244,8.9584,25.992,120.38,1.0275,74.663,23.002,2.3607,53.16,4.9702,246.02,0.023354,0.8045,66.572,18.832,44.076
641,2026-04-19T00:00:00,50.508,22.277,27.186,33.212,41.541,2694.9,3714.3,18.578,18.805,21.995,0.2234,0.11159,342.06,77.341,6.9419,14.013,32.179,4476.5,22.716,47.71,51.096,80.276,2.2532,1.649,3092.1,42.567,54.028,94.63,9.3457,62.853,41.324,42.346,2623.3,62.274,24.025,51.682,0.35866,8.8455,26.101,120.42,1.1861,74.704,NA,2.4128,53.16,5.0276,245.78,0.023354,0.8045,66.516,18.744,44.076
642,2026-04-19T00:03:00,50.499,22.048,26.671,33.212,41.453,2696.3,3661.4,17.032,18.805,21.856,0.22574,0.1049,341.97,77.589,6.9419,14.013,32.179,4472.7,23.362,47.688,51.952,80.297,2.2532,1.649,3092.6,42.539,54.073,94.516,9.3338,63.381,43.846,42.564,2624.3,63.184,26.27,51.237,0.35688,8.8455,26.101,120.4,1.1861,75.468,23.164,2.4128,53.568,5.0276,244.37,-0.01018,0.82257,66.449,18.744,44.768
643,2026-04-19T00:06:00,52.446,24.562,27.249,33.612,41.189,2697.6,3629.5,18.061,19.171,22.362,0.25065,0.1049,341.6,77.547,6.871,13.733,32.56,4552.8,22.925,52.194,51.195,80.416,2.2785,1.6956,3095.0,42.125,53.328,94.653,9.4335,61.566,41.617,43.692,2625.8,63.208,24.321,51.023,0.36758,8.9035,26.239,120.4,1.2981,74.206,23.312,2.2565,53.568,4.8285,243.07,-0.01018,0.82257,66.423,18.496,44.768
644,2026-04-19T00:09:00,48.71,24.74,26.601,33.612,41.038,2699.8,3671.0,16.583,19.171,22.17,0.24884,0.1049,342.39,77.748,6.871,13.733,32.56,4522.9,23.533,43.549,48.773,80.556,2.2785,1.6956,3096.0,42.248,53.686,94.515,9.456,59.731,34.49,44.035,2629.2,62.495,23.76,50.871,0.36477,8.9035,26.239,120.41,1.2981,75.066,23.312,2.2565,53.568,4.8285,241.07,-0.01018,0.82257,66.439,18.496,44.768
645,2026-04-19T00:12:00,50.323,20.949,26.947,33.326,41.782,2701.1,3665.3,18.585,18.981,22.582,0.20994,0.1049,342.56,77.388,6.8631,13.797,32.238,4548.5,22.696,47.282,49.458,80.565,2.2798,1.6391,3097.3,42.103,54.013,94.518,9.4148,61.798,36.506,39.957,2631.3,63.193,25.3,50.412,0.33738,8.9138,26.259,120.41,1.3118,74.303,NA,2.338,53.568,4.9115,242.52,-0.01018,0.82257,66.418,18.822,44.768
646,2026-04-19T00:15:00,48.498,20.795,26.987,33.326,41.253,2700.4,3699.4,17.091,18.981,22.263,0.21152,0.1049,342.21,77.637,6.8631,13.797,32.238,4546.8,23.317,43.057,49.599,80.424,2.2798,1.6391,3098.2,42.2,54.033,94.458,9.456,61.0,36.921,40.032,2629.8,62.605,26.48,50.356,0.33677,8.9138,26.259,120.39,1.3118,74.989,23.101,2.338,53.568,4.9115,239.47,-0.01018,0.82257,66.412,18.822,44.768
647,2026-04-19T00:18:00,49.35,23.762,27.089,32.775,41.216,2701.6,3703.4,14.72,18.136,22.242,0.23925,0.082559,342.48,77.298,6.8887,13.793,32.498,4487.1,24.323,45.03,48.465,80.386,2.2737,1.6733,3097.9,42.384,53.967,94.463,9.4097,60.9,33.583,41.357,2631.2,62.619,26.406,50.409,0.33943,8.9667,26.291,120.4,1.243,75.017,23.627,2.247,54.254,4.9064,239.97,0.022487,0.82269,66.362,18.87,43.493
648,2026-04-19T00:21:00,48.769,23.94,26.8,32.775,40.544,2700.5,3654.6,16.88,18.136,21.902,0.23744,0.082559,342.28,77.317,6.8887,13.793,32.498,4514.3,23.414,43.686,49.437,80.229,2.2737,1.6733,3098.7,42.316,53.642,94.552,9.3935,62.748,36.444,40.704,2629.1,63.46,24.988,50.254,0.34478,8.9667,26.291,120.39,1.243,75.462,23.627,2.247,54.254,4.9064,240.14,0.022487,0.82269,66.295,18.87,43.493
649,2026-04-19T00:24:00,50.005,21.152,27.048,33.197,41.368,2700.2,3676.7,18.07,18.122,22.311,0.21179,0.082559,342.18,77.525,6.9451,13.863,32.471,4494.6,22.912,46.546,49.9,80.162,2.2988,1.6748,3096.8,42.602,53.749,94.529,9.3907,62.714,37.805,40.999,2628.7,62.86,25.75,50.272,0.34097,8.8871,26.435,120.4,1.2723,74.472,23.447,2.3111,54.254,4.923,238.41,0.022487,0.82269,66.251,18.701,43.493
650,2026-04-19T00:27:00,51.122,20.973,26.893,33.197,41.172,2701.2,3668.1,17.739,18.122,22.442,0.21361,0.082559,342.16,77.511,6.9451,13.863,32.471,4487.0,23.051,49.13,50.467,80.27,2.2988,1.6748,3098.3,42.621,53.841,94.652,9.4144,62.915,39.475,40.565,2630.2,63.009,25.252,50.117,0.34453,8.8871,26.435,120.39,1.2723,74.688,23.447,2.3111,54.254,4.923,238.6,0.022487,0.82269,66.21,18.701,43.493
651,2026-04-19T00:30:00,50.462,20.803,26.789,33.296,41.764,2701.0,3638.4,16.34,18.689,22.202,0.21433,0.082559,342.6,77.511,6.7087,13.772,32.638,4467.1,23.641,47.604,47.621,80.208,2.2866,1.684,3097.2,42.551,54.49,94.485,9.3975,61.604,31.1,41.133,2630.2,62.991,23.203,49.731,0.35535,8.9096,26.276,120.41,1.0716,74.42,23.983,2.2274,54.254,4.848,241.42,0.022487,0.82269,66.19,18.524,43.493
652,2026-04-19T00:33:00,49.244,20.929,27.094,33.296,41.239,2701.1,3650.4,15.658,18.689,22.232,0.21304,0.10144,342.28,77.536,6.7087,13.772,32.638,4545.0,23.929,44.784,49.124,80.152,2.2866,1.684,3097.5,42.189,53.558,94.672,9.4697,61.21,35.523,41.89,2630.0,62.785,27.165,49.832,0.34914,8.9096,26.276,120.39,1.0716,74.604,23.983,2.2274,54.086,4.848,238.57,0.016553,0.80623,66.157,18.524,43.538
653,2026-04-19T00:36:00,50.061,18.818,26.967,33.599,41.631,2703.3,3696.1,18.835,18.341,22.082,0.19466,0.10144,341.72,77.519,7.0123,13.881,31.913,4520.7,22.589,46.676,49.316,80.317,2.2273,1.6705,3101.1,42.775,54.312,94.517,9.3995,59.513,36.087,40.565,2632.1,64.125,24.937,49.724,0.34003,8.9373,26.148,120.45,1.2383,74.723,23.997,2.3556,54.086,4.8492,238.18,0.016553,0.80623,66.139,18.878,43.538
654,2026-04-19T00:39:00,49.969,19.056,26.729,33.599,41.563,2703.7,3700.6,19.728,18.341,21.845,0.19224,0.10144,342.15,77.476,7.0123,13.881,31.913,4527.8,22.215,46.463,49.226,80.287,2.2273,1.6705,3101.1,42.408,54.227,94.41,9.3427,60.481,35.823,40.475,2631.8,64.047,24.609,49.556,0.34077,8.9373,26.148,120.4,1.2383,75.681,23.997,2.3556,54.086,4.8492,238.46,0.016553,0.80623,66.155,18.878,43.538
655,2026-04-19T00:42:00,49.072,25.849,27.021,33.25,41.249,2703.8,3679.4,15.769,18.759,22.094,0.26152,0.10144,342.07,77.428,6.8151,13.907,32.317,4491.9,23.885,44.386,51.166,80.252,2.3022,1.6891,3101.3,42.474,53.799,94.558,9.2986,60.727,41.531,42.115,2632.5,61.769,23.572,49.508,0.35131,8.9211,26.265,120.39,1.1617,74.526,23.512,2.2994,54.086,4.8592,237.41,0.016553,0.80623,66.126,18.513,43.538
656,2026-04-19T00:45:00,48.993,25.547,26.985,33.25,40.455,2705.4,3686.1,17.572,18.759,22.54,0.26458,0.10144,342.07,77.389,6.8151,13.907,32.317,4511.5,23.127,44.203,48.808,80.212,2.3022,1.6891,3101.4,42.119,53.565,94.624,9.4956,59.955,34.591,41.795,2633.7,61.653,25.361,49.451,0.35393,8.9211,26.265,120.38,1.1617,74.98,23.512,2.2994,54.086,4.8592,236.47,0.016553,0.80623,66.063,18.513,43.538
657,2026-04-19T00:48:00,48.353,21.988,26.738,33.375,41.93,2704.7,3678.2,17.862,18.562,22.379,0.22419,0.09685,342.19,77.607,6.9131,13.745,32.024,4529.8,23.001,42.723,50.392,80.133,2.2514,1.6501,3101.7,42.65,54.255,94.557,9.4386,62.743,39.253,42.618,2633.9,63.49,25.843,48.92,0.3536,8.6641,26.346,120.43,1.1382,75.376,24.361,2.3617,54.089,4.9443,235.72,0.03086,0.82224,66.053,18.586,44.517
658,2026-04-19T00:51:00,47.612,22.02,27.353,33.375,41.571,2705.3,3691.3,17.585,18.562,22.616,0.22386,0.09685,342.46,77.632,6.9131,13.745,32.024,4574.2,23.117,41.007,50.42,80.182,2.2514,1.6501,3103.3,42.68,53.724,94.508,9.3433,61.678,39.336,42.067,2633.9,63.264,25.876,48.686,0.35812,8.6641,26.346,120.38,1.1382,75.543,24.361,2.3617,54.089,4.9443,234.58,0.03086,0.82224,66.0,18.586,44.517
659,2026-04-19T00:54:00,50.556,24.746,26.873,33.033,41.787,2708.9,3670.0,15.299,18.436,22.614,0.25313,0.09685,342.56,77.946,6.8661,13.757,32.671,4523.7,24.061,47.822,48.968,80.371,2.2505,1.7027,3105.5,42.223,54.187,94.474,9.4662,60.692,35.062,40.092,2638.2,62.789,26.497,48.377,0.33886,8.5961,26.427,120.43,1.3442,74.54,23.907,2.2381,54.089,4.8261,234.27,0.03086,0.82224,65.991,18.847,44.517
660,2026-04-19T00:57:00,49.634,24.853,27.204,33.033,40.568,2709.5,3651.1,18.783,18.436,22.613,0.25203,0.09685,342.69,77.601,6.8661,13.757,32.671,4525.9,22.594,45.688,48.936,80.465,2.2505,1.7027,3107.4,42.828,54.162,94.414,9.3025,62.789,34.969,39.912,2638.7,63.113,25.384,48.171,0.34033,8.5961,26.427,120.4,1.3442,74.781,23.907,2.2381,54.089,4.8261,232.77,0.03086,0.82224,66.043,18.847,44.517
661,2026-04-19T01:00:00,48.587,18.471,27.074,32.979,41.814,2707.8,3658.4,17.196,18.416,22.527,0.18852,0.09685,343.32,77.328,6.9366,13.792,31.984,4505.9,23.276,43.264,51.06,80.201,2.2915,1.6686,3103.5,42.571,53.77,94.586,9.4063,60.716,41.218,40.228,2636.5,63.393,23.405,47.935,0.33949,8.8458,26.38,120.42,1.197,75.394,24.14,2.2786,54.089,4.8408,231.64,0.03086,0.82224,66.006,18.78,44.517
662,2026-04-19T01:03:00,48.244,18.481,26.76,32.979,41.149,2705.7,3683.8,18.772,18.416,22.332,0.18842,0.09628,342.62,76.992,6.9366,13.792,31.984,4462.4,22.627,42.471,49.305,79.99,2.2915,1.6686,3102.0,42.339,54.29,94.566,9.4374,62.365,36.054,40.389,2633.8,62.955,23.424,47.983,0.33817,8.8458,26.38,120.38,1.197,74.769,24.14,2.2786,53.791,4.8408,231.53,0.029476,0.81526,65.916,18.78,43.904
663,2026-04-19T01:06:00,50.681,24.941,27.155,32.583,41.62,2705.5,3661.6,17.14,18.436,22.237,0.25271,0.09628,342.51,77.036,6.917,13.891,32.254,4497.6,23.327,48.111,50.127,79.773,2.2723,1.6465,3101.7,42.709,54.027,94.717,9.3692,61.199,38.473,40.471,2633.5,62.702,24.923,47.737,0.34462,8.8338,26.748,120.4,1.4189,75.325,24.001,2.2974,53.791,4.8763,232.46,0.029476,0.81526,65.793,19.039,43.904
664,2026-04-19T01:09:00,47.473,24.991,27.095,32.583,40.869,2708.0,3664.0,20.547,18.436,22.869,0.2522,0.09628,342.58,77.408,6.917,13.891,32.254,4516.1,21.883,40.685,51.261,80.016,2.2723,1.6465,3103.2,42.351,53.806,94.625,9.292,63.327,41.811,40.752,2637.8,62.659,24.463,47.5,0.34231,8.8338,26.748,120.4,1.4189,75.371,24.001,2.2974,53.791,4.8763,233.3,0.029476,0.81526,65.712,19.039,43.904
665,2026-04-19T01:12:00,50.14,22.264,26.804,32.588,41.222,2709.4,3661.5,17.524,18.64,22.749,0.22907,0.09628,343.03,77.97,6.6911,13.674,32.533,4480.9,23.134,46.858,51.426,80.212,2.2261,1.6614,3103.8,42.746,53.569,94.641,9.3526,62.046,42.296,42.174,2639.0,62.832,24.002,47.402,0.35252,8.9276,26.499,120.4,1.2905,74.805,23.882,2.1693,53.791,4.7627,232.55,0.029476,0.81526,65.749,18.242,43.904
666,2026-04-19T01:15:00,48.801,22.523,26.664,32.588,41.166,2709.6,3683.6,15.736,18.64,22.467,0.22644,0.09628,342.66,77.269,6.6911,13.674,32.533,4501.9,23.9,43.759,51.572,80.28,2.2261,1.6614,3105.4,42.359,53.318,94.514,9.4182,60.325,42.728,41.878,2638.0,62.451,25.276,47.365,0.35495,8.9276,26.499,120.39,1.2905,75.006,23.882,2.1693,53.791,4.7627,231.05,0.029476,0.81526,65.822,18.242,43.904
667,2026-04-19T01:18:00,51.348,19.339,26.559,33.467,42.061,2709.0,3715.0,16.543,18.897,22.102,0.20065,0.087507,342.02,77.102,6.719,13.576,32.544,4560.1,23.571,49.654,49.176,80.093,2.2631,1.6668,3105.8,42.729,54.6,94.56,9.3774,63.057,35.674,39.184,2638.0,63.966,24.667,47.28,0.32909,8.8888,26.763,120.42,1.2443,73.851,23.869,2.2535,54.086,4.773,227.8,0.031033,0.82056,65.777,17.843,43.447
668,2026-04-19T01:21:00,48.982,19.444,26.755,33.467,41.949,2708.1,3718.9,17.675,18.897,22.287,0.19958,0.087507,342.86,77.334,6.719,13.576,32.544,4576.9,23.091,44.177,48.951,80.021,2.2631,1.6668,3105.3,42.258,54.399,94.341,9.4675,62.833,35.013,38.97,2637.4,63.9,25.433,47.067,0.33084,8.8888,26.763,120.43,1.2443,74.262,23.869,2.2535,54.086,4.773,227.37,0.031033,0.82056,65.728,17.843,43.447
669,2026-04-19T01:24:00,47.906,18.978,26.674,32.802,41.202,2708.2,3696.2,16.954,18.642,22.369,0.19493,0.087507,341.91,77.42,7.0144,13.55,32.377,4641.0,23.396,41.688,50.152,80.02,2.2816,1.64,3106.3,42.227,54.735,94.512,9.4246,61.621,38.548,37.514,2637.4,64.212,25.828,46.727,0.31883,8.7238,26.962,120.39,1.1888,75.81,24.17,2.4042,54.086,4.8766,228.35,0.031033,0.82056,65.66,18.614,43.447
670,2026-04-19T01:27:00,49.298,19.117,26.788,32.802,42.713,2709.7,3709.8,17.379,18.642,22.085,0.19353,0.087507,341.57,77.695,7.0144,13.55,32.377,4592.7,23.203,44.909,50.415,80.256,2.2816,1.64,3108.4,42.091,55.313,94.341,9.45,59.33,39.32,37.647,2639.0,63.978,25.691,46.487,0.31774,8.7238,26.962,120.44,1.1888,76.758,NA,2.4042,54.086,4.8766,228.21,0.031033,0.82056,65.651,18.614,43.447
671,2026-04-19T01:30:00,51.014,20.551,26.7,32.935,40.969,2709.5,3621.1,18.965,18.838,22.381,0.2055,0.087507,341.27,77.616,6.8925,13.666,31.805,4541.7,22.532,48.88,51.464,80.375,2.2483,1.6087,3106.4,42.297,54.123,94.447,9.2754,61.96,42.408,36.934,2638.5,62.928,26.639,46.533,0.31477,8.6749,26.424,120.39,1.2713,74.63,24.26,2.3349,54.086,4.9042,224.82,0.031033,0.82056,65.689,18.944,43.447
672,2026-04-19T01:33:00,51.308,20.297,27.018,32.935,41.189,2710.0,3633.7,18.494,18.838,22.215,0.20809,0.096121,341.07,77.449,6.8925,13.666,31.805,4547.6,22.731,49.562,51.954,80.319,2.2483,1.6087,3107.9,42.427,54.053,94.614,9.3209,61.146,43.85,36.996,2638.1,62.711,25.332,46.226,0.31426,8.6749,26.424,120.4,1.2713,75.574,24.26,2.3349,53.298,4.9042,226.57,0.0093737,0.82307,65.72,18.944,43.01
673,2026-04-19T01:36:00,48.658,25.658,26.986,32.954,40.715,2708.9,3694.7,15.045,18.835,22.373,0.26617,0.096121,341.15,77.073,7.0532,13.689,31.78,4497.9,24.199,43.428,51.308,80.162,2.2432,1.6541,3106.5,42.38,53.838,94.555,9.2786,60.792,41.95,38.772,2638.3,62.663,24.232,46.168,0.32251,8.7827,26.563,120.38,1.2024,75.581,24.072,2.3595,53.298,4.9417,224.87,0.0093737,0.82307,65.669,18.608,43.01
674,2026-04-19T01:39:00,51.547,26.147,26.444,32.954,40.357,2706.6,3685.5,17.991,18.835,21.967,0.2612,0.096121,341.3,76.754,7.0532,13.689,31.78,4486.4,22.978,50.114,49.017,79.909,2.2432,1.6541,3104.5,42.368,53.975,94.569,9.3225,62.896,35.207,38.525,2635.5,62.822,24.376,45.925,0.32453,8.7827,26.563,120.37,1.2024,74.969,24.072,2.3595,53.298,4.9417,225.31,0.0093737,0.82307,65.625,18.608,43.01
675,2026-04-19T01:42:00,48.778,26.496,26.957,32.785,40.542,2705.8,3619.8,17.034,18.777,22.098,0.27088,0.096121,341.73,76.942,6.9019,13.765,32.523,4553.9,23.39,43.706,50.087,79.749,2.2634,1.6138,3103.1,42.663,53.992,94.805,9.3338,60.564,38.357,39.081,2634.7,62.457,24.772,46.097,0.32327,8.9803,26.238,120.38,1.191,75.539,24.132,2.2237,53.298,4.8308,221.18,0.0093737,0.82307,65.494,18.724,43.01
676,2026-04-19T01:45:00,49.593,26.592,26.657,32.785,40.864,2707.2,3595.9,18.271,18.777,22.509,0.2699,0.096121,341.63,77.232,6.9019,13.765,32.523,4509.8,22.87,45.591,49.846,79.77,2.2634,1.6138,3103.3,42.124,54.52,94.63,9.47,59.911,37.647,38.689,2636.2,62.869,24.081,45.696,0.32648,8.9803,26.238,120.37,1.191,75.766,NA,2.2237,53.298,4.8308,223.52,0.0093737,0.82307,65.388,18.724,43.01
677,2026-04-19T01:48:00,49.996,19.481,26.657,32.78,40.806,2708.7,3669.7,16.553,18.715,22.475,0.19918,0.10576,341.64,77.527,6.8272,13.849,31.633,4560.4,23.585,46.525,50.371,79.974,2.2596,1.6369,3104.6,42.052,53.647,94.805,9.2665,62.23,39.192,39.443,2637.2,62.836,27.6,45.524,0.33583,8.9422,26.849,120.41,1.0807,74.848,24.205,2.2817,53.618,4.8061,223.7,0.039951,0.82125,65.372,18.585,43.559
678,2026-04-19T01:51:00,49.156,19.643,26.86,32.78,41.309,2711.1,3678.7,17.367,18.715,22.282,0.19753,0.10576,341.15,78.079,6.8272,13.849,31.633,4532.0,23.213,44.581,50.28,80.39,2.2596,1.6369,3107.7,42.362,53.987,94.535,9.4952,60.348,38.923,39.845,2639.9,62.681,24.73,45.444,0.33253,8.9422,26.849,120.41,1.0807,75.369,24.205,2.2817,53.618,4.8061,222.56,0.039951,0.82125,65.425,18.585,43.559
679,2026-04-19T01:54:00,48.431,28.07,26.679,32.518,41.872,2711.4,3678.1,22.016,18.658,22.067,0.28619,0.10576,340.32,77.38,6.9619,13.618,32.097,4513.6,21.269,42.904,48.178,80.346,2.2163,1.6561,3109.8,42.247,54.568,94.523,9.299,62.903,32.739,40.805,2640.0,63.362,23.394,45.189,0.34295,8.6609,26.46,120.38,1.3446,75.049,24.29,2.1744,53.618,4.868,223.31,0.039951,0.82125,65.533,18.732,43.559
680,2026-04-19T01:57:00,48.372,28.133,26.585,32.518,41.382,2708.7,3659.3,19.435,18.658,21.806,0.28554,0.10576,341.13,77.264,6.9619,13.618,32.097,4533.2,22.368,42.767,51.422,80.073,2.2163,1.6561,3107.7,42.431,54.334,94.496,9.323,61.19,42.284,41.094,2636.4,63.686,24.497,45.348,0.34059,8.6609,26.46,120.39,1.3446,74.954,24.29,2.1744,53.618,4.868,219.47,0.039951,0.82125,65.487,18.732,43.559
681,2026-04-19T02:00:00,48.646,24.037,26.967,32.927,41.545,2707.9,3673.3,17.611,18.847,22.321,0.24422,0.10576,341.12,77.144,6.6798,13.656,32.104,4532.5,23.143,43.401,49.028,80.018,2.2642,1.6761,3105.2,42.716,54.003,94.641,9.4114,60.307,35.241,37.695,2636.0,62.251,25.948,45.158,0.31665,8.8095,26.747,120.4,1.2393,75.334,23.992,2.3665,53.618,4.783,219.59,0.039951,0.82125,65.411,18.797,43.559
682,2026-04-19T02:03:00,49.061,23.901,26.915,32.927,41.284,2707.1,3671.0,20.626,18.847,22.454,0.2456,0.094675,340.84,77.296,6.6798,13.656,32.104,4542.4,21.872,44.36,50.834,80.019,2.2642,1.6761,3104.8,42.157,53.884,94.748,9.5063,59.641,40.555,37.776,2636.0,62.291,25.935,44.874,0.31599,8.8095,26.747,120.39,1.2393,75.75,23.992,2.3665,53.625,4.783,219.97,0.041799,0.8325,65.407,18.797,43.04
683,2026-04-19T02:06:00,48.636,24.254,27.12,32.822,41.259,2707.3,3714.2,18.058,18.256,22.142,0.24249,0.094675,340.85,77.276,6.833,13.733,31.911,4549.9,22.955,43.377,49.808,80.049,2.2634,1.6924,3105.5,42.235,53.637,94.552,9.3734,62.048,37.536,37.94,2635.3,64.08,24.998,44.787,0.32075,8.9242,26.763,120.41,1.1539,75.511,24.718,2.3164,53.625,4.8749,218.59,0.041799,0.8325,65.361,18.485,43.04
684,2026-04-19T02:09:00,51.153,24.148,27.039,32.822,41.524,2706.1,3738.8,14.464,18.256,22.132,0.24356,0.094675,340.79,76.937,6.833,13.733,31.911,4520.9,24.48,49.202,51.751,80.05,2.2634,1.6924,3104.3,42.422,53.983,94.465,9.2655,61.996,43.254,38.003,2634.7,63.656,23.071,44.493,0.32024,8.9242,26.763,120.39,1.1539,75.676,24.718,2.3164,53.625,4.8749,219.57,0.041799,0.8325,65.358,18.485,43.04
685,2026-04-19T02:12:00,49.128,25.978,27.09,32.59,41.134,2704.2,3692.0,17.672,18.687,21.819,0.26604,0.094675,340.09,77.046,6.9777,13.758,32.201,4559.4,23.128,44.516,48.891,80.07,2.2188,1.6533,3103.7,42.478,54.311,94.47,9.337,60.746,34.838,38.915,2632.4,63.237,26.434,44.521,0.32795,8.8966,26.543,120.38,1.2081,76.169,24.023,2.1963,53.625,4.7517,216.93,0.041799,0.8325,65.352,18.714,43.04
686,2026-04-19T02:15:00,50.988,25.985,26.763,32.59,41.951,2702.5,3660.2,16.619,18.687,21.922,0.26596,0.094675,339.91,77.158,6.9777,13.758,32.201,4508.9,23.575,48.821,50.424,80.013,2.2188,1.6533,3100.8,42.308,54.916,94.584,9.1944,60.774,39.348,39.503,2631.4,63.784,24.404,44.182,0.32314,8.8966,26.543,120.39,1.2081,74.755,24.023,2.1963,53.625,4.7517,218.41,0.041799,0.8325,65.305,18.714,43.04
687,2026-04-19T02:18:00,51.893,23.329,27.202,33.036,40.751,2703.7,3653.9,17.381,18.146,22.177,0.23969,0.081461,340.09,77.234,6.9901,13.803,32.373,4538.2,23.247,50.915,50.199,80.247,2.2977,1.6353,3100.3,42.161,54.032,94.584,9.1488,60.403,38.686,39.313,2631.7,62.6,23.99,44.331,0.32923,8.9633,26.772,120.37,1.3533,75.611,23.937,2.3787,53.4,4.8993,217.48,0.011756,0.85199,65.319,19.25,44.709
688,2026-04-19T02:21:00,49.765,23.33,26.834,33.036,40.274,2701.8,3640.3,14.95,18.146,22.212,0.23968,0.081461,340.23,77.025,6.9901,13.803,32.373,4516.7,24.28,45.99,48.923,80.152,2.2977,1.6353,3098.7,41.887,54.289,94.767,9.1867,61.553,34.93,39.369,2630.3,62.835,25.938,44.36,0.32878,8.9633,26.772,120.39,1.3533,75.538,23.937,2.3787,53.4,4.8993,216.13,0.011756,0.85199,65.34,19.25,44.709
689,2026-04-19T02:24:00,50.444,21.554,26.978,33.038,41.358,2699.6,3658.8,16.586,18.679,22.106,0.22233,0.081461,339.73,76.88,6.8853,13.838,31.738,4454.4,23.596,47.561,49.823,80.125,2.2761,1.6626,3097.1,41.959,53.685,94.829,9.3806,59.759,37.579,40.062,2628.1,62.312,24.248,44.06,0.33245,8.9961,26.492,120.37,1.2562,75.096,24.045,2.3642,53.4,4.811,218.5,0.011756,0.85199,65.315,18.85,44.709
690,2026-04-19T02:27:00,50.814,21.711,26.611,33.038,40.553,2696.6,3655.6,17.427,18.679,21.886,0.22073,0.081461,339.48,76.772,6.8853,13.838,31.738,4456.4,23.257,48.418,49.533,79.961,2.2761,1.6626,3094.2,42.363,53.662,94.845,9.239,61.242,36.725,39.54,2624.7,62.368,24.126,44.266,0.33673,8.9961,26.492,120.36,1.2562,74.91,NA,2.3642,53.4,4.811,215.21,0.011756,0.85199,65.298,18.85,44.709
691,2026-04-19T02:30:00,49.018,27.837,26.571,32.911,40.529,2696.8,3642.1,16.663,18.709,21.324,0.28401,0.081461,339.16,77.072,6.9571,13.759,32.065,4497.0,23.578,44.262,51.026,79.977,2.2285,1.6625,3096.1,42.38,54.112,94.865,9.2739,58.456,41.12,40.309,2624.7,63.467,26.645,43.992,0.33815,8.9167,26.46,120.4,1.3827,74.728,24.368,2.3097,53.4,4.9006,217.36,0.011756,0.85199,65.211,19.494,44.709
692,2026-04-19T02:33:00,50.118,27.756,26.793,32.911,40.82,2700.0,3637.1,18.502,18.709,21.889,0.28484,0.10828,339.54,77.778,6.9571,13.759,32.065,4501.5,22.779,46.808,49.578,80.317,2.2285,1.6625,3098.6,42.267,54.057,94.759,9.3149,60.18,36.857,40.5,2628.6,63.552,27.434,44.3,0.33657,8.9167,26.46,120.42,1.3827,75.386,24.368,2.3097,54.395,4.9006,218.67,0.023167,0.87096,65.259,19.494,44.856
693,2026-04-19T02:36:00,49.91,24.831,26.78,32.715,40.629,2700.8,3639.0,17.579,18.625,21.766,0.25724,0.10828,339.4,77.261,6.7933,14.015,32.01,4399.4,23.176,46.326,50.8,80.462,2.2827,1.6179,3098.2,42.5,53.634,94.722,9.288,60.165,40.454,39.106,2628.5,62.852,24.415,44.392,0.3304,9.0143,26.62,120.4,1.3341,75.076,23.737,2.2977,54.395,4.8752,219.09,0.023167,0.87096,65.344,19.411,44.856
694,2026-04-19T02:39:00,51.477,25.122,26.652,32.715,41.321,2699.8,3685.5,18.682,18.625,21.705,0.25428,0.10828,339.28,77.459,6.7933,14.015,32.01,4435.6,22.704,49.952,48.739,80.4,2.2827,1.6179,3097.9,42.139,53.2,94.72,9.2653,61.586,34.389,39.2,2628.2,62.051,25.166,44.552,0.32963,9.0143,26.62,120.42,1.3341,75.71,23.737,2.2977,54.395,4.8752,218.75,0.023167,0.87096,65.368,19.411,44.856
695,2026-04-19T02:42:00,50.995,25.738,26.887,32.613,41.05,2697.1,3659.6,18.362,19.491,21.512,0.2618,0.10828,339.29,77.123,6.9412,13.761,32.067,4483.4,22.848,48.837,50.963,80.274,2.2228,1.6785,3095.7,42.353,52.717,94.785,9.34,61.032,40.933,42.604,2625.2,63.942,24.359,44.746,0.3587,8.7997,26.43,120.41,1.5059,74.121,23.83,2.4163,54.395,4.8175,218.01,0.023167,0.87096,65.429,18.855,44.856
696,2026-04-19T02:45:00,51.006,25.833,26.98,32.613,40.407,2694.3,3676.4,18.569,19.491,21.343,0.26084,0.10828,339.06,77.091,6.9412,13.761,32.067,4442.4,22.766,48.863,50.305,80.117,2.2228,1.6785,3093.9,42.457,53.208,94.613,9.309,62.317,38.998,42.935,2622.2,63.653,26.493,44.782,0.35599,8.7997,26.43,120.39,1.5059,75.765,23.83,2.4163,54.395,4.8175,219.06,0.023167,0.87096,65.404,18.855,44.856
697,2026-04-19T02:48:00,48.961,25.338,27.062,32.417,40.961,2694.5,3636.1,19.007,18.822,21.321,0.25801,0.096743,339.01,77.219,6.9432,13.78,32.144,4542.3,22.582,44.129,50.31,80.209,2.2675,1.652,3095.1,42.441,53.316,94.708,9.3844,61.345,39.012,39.994,2622.0,63.063,28.421,45.267,0.32517,9.0094,26.267,120.4,1.0838,75.443,24.055,2.2656,53.488,4.8629,221.04,0.018647,0.8497,65.396,19.166,42.691
698,2026-04-19T02:51:00,51.022,25.112,26.831,32.417,40.59,2698.6,3657.4,18.909,18.822,22.059,0.26031,0.096743,339.72,77.926,6.9432,13.78,32.144,4490.7,22.593,48.9,52.418,80.521,2.2675,1.652,3095.6,42.002,53.934,94.663,9.2318,62.463,45.215,39.365,2627.8,62.696,24.364,45.682,0.33033,9.0094,26.267,120.39,1.0838,74.424,24.055,2.2656,53.488,4.8629,220.41,0.018647,0.8497,65.46,19.166,42.691
699,2026-04-19T02:54:00,49.585,24.526,26.625,32.344,40.9,2699.2,3668.6,16.787,18.895,21.569,0.25316,0.096743,338.86,77.36,6.7589,13.923,32.541,4423.1,23.492,45.573,48.893,80.611,2.2656,1.6354,3098.4,42.115,53.94,94.701,9.3641,61.897,34.842,39.513,2627.5,62.429,25.889,45.992,0.33263,8.8278,26.457,120.42,1.4283,74.409,24.427,2.3232,53.488,4.7755,220.85,0.018647,0.8497,65.58,19.132,42.691
700,2026-04-19T02:57:00,50.665,24.88,27.237,32.344,40.918,2697.0,3659.9,19.574,18.895,21.905,0.24955,0.096743,339.65,77.048,6.7589,13.923,32.541,4457.1,22.332,48.073,48.802,80.333,2.2656,1.6354,3096.8,42.213,53.534,94.718,9.4007,60.936,34.574,39.801,2624.8,62.579,25.757,46.091,0.33027,8.8278,26.457,120.4,1.4283,75.299,24.427,2.3232,53.488,4.7755,223.68,0.018647,0.8497,65.628,19.132,42.691
701,2026-04-19T03:00:00,51.43,20.754,27.311,33.075,40.367,2693.2,3687.9,17.677,18.59,21.738,0.21143,0.096743,338.89,76.927,7.0202,13.849,32.221,4479.8,23.15,49.843,49.765,80.024,2.2856,1.6443,3092.6,42.46,53.282,94.724,9.2076,61.193,37.41,41.711,2621.6,63.742,26.027,46.469,0.3462,8.8718,26.489,120.4,1.3357,75.065,23.568,2.3556,53.488,4.8953,223.44,0.018647,0.8497,65.586,18.977,42.691
702,2026-04-19T03:03:00,51.105,20.825,26.857,33.075,40.686,2692.9,3734.7,18.456,18.59,21.503,0.21071,0.11411,339.09,77.511,7.0202,13.849,32.221,4490.0,22.804,49.091,49.829,80.168,2.2856,1.6443,3092.3,42.226,53.16,94.644,9.3847,60.343,37.596,41.364,2621.9,62.937,23.534,46.158,0.34905,8.8718,26.489,120.39,1.3357,73.845,23.568,2.3556,53.442,4.8953,225.33,0.02757,0.85531,65.569,18.977,43.109
703,2026-04-19T03:06:00,47.486,23.633,26.809,32.313,41.395,2695.9,3639.3,17.293,18.477,21.578,0.24005,0.11411,338.88,77.46,6.7925,13.985,32.04,4486.3,23.292,40.717,48.614,80.375,2.2476,1.6598,3093.6,42.554,53.537,94.7,9.2583,60.055,34.021,40.476,2623.9,62.28,24.95,46.372,0.34092,8.9486,26.779,120.41,1.4602,74.922,23.912,2.3585,53.442,4.7738,224.45,0.02757,0.85531,65.582,18.769,43.109
704,2026-04-19T03:09:00,49.531,23.555,26.863,32.313,39.968,2695.2,3618.0,18.331,18.477,21.764,0.24085,0.11411,339.05,77.227,6.7925,13.985,32.04,4503.9,22.865,45.447,49.575,80.282,2.2476,1.6598,3093.8,42.371,53.327,94.821,9.5192,60.738,36.848,40.865,2623.2,62.646,26.483,46.381,0.33774,8.9486,26.779,120.36,1.4602,74.839,23.912,2.3585,53.442,4.7738,225.85,0.02757,0.85531,65.621,18.769,43.109
705,2026-04-19T03:12:00,50.09,25.437,26.858,32.606,41.443,2695.5,3656.1,18.117,18.529,21.23,0.25794,0.11411,338.78,77.124,7.1628,13.901,32.09,4501.2,22.962,46.743,48.276,80.2,2.2807,1.6549,3096.6,42.598,53.855,94.659,9.4332,62.163,33.026,42.228,2623.7,63.965,24.713,46.42,0.35757,8.7271,26.07,120.41,1.4589,74.4,23.683,2.2302,53.442,4.9072,226.93,0.02757,0.85531,65.612,18.646,43.109
706,2026-04-19T03:15:00,49.857,25.532,27.189,32.606,40.866,2698.0,3669.2,19.711,18.529,21.581,0.25698,0.11411,339.25,77.783,7.1628,13.901,32.09,4561.8,22.269,46.203,50.714,80.381,2.2807,1.6549,3098.3,42.488,53.129,94.627,9.4856,60.712,40.2,42.52,2626.1,63.74,24.316,46.646,0.35518,8.7271,26.07,120.39,1.4589,72.897,23.683,2.2302,53.442,4.9072,225.91,0.02757,0.85531,65.631,18.646,43.109
707,2026-04-19T03:18:00,49.54,24.936,26.948,32.551,40.827,2700.1,3609.1,17.329,18.95,21.779,0.25582,0.10299,339.4,77.478,6.7807,13.886,32.112,4543.8,23.271,45.47,49.427,80.537,2.3725,1.6441,3100.1,42.669,53.657,94.724,9.2382,62.523,36.412,41.505,2628.2,61.434,23.835,46.905,0.34654,8.8865,26.451,120.4,1.2658,74.773,23.901,2.3474,54.122,4.905,226.39,0.0094604,0.85768,65.692,18.816,44.232
708,2026-04-19T03:21:00,47.853,25.281,26.806,32.551,40.069,2700.8,3550.2,18.273,18.95,21.677,0.25231,0.10299,339.24,77.481,6.7807,13.886,32.112,4532.3,22.871,41.565,50.112,80.434,2.3725,1.6441,3100.6,42.14,53.795,94.777,9.4424,61.545,38.431,41.463,2628.4,62.448,25.261,47.074,0.34688,8.8865,26.451,120.38,1.2658,74.795,23.901,2.3474,54.122,4.905,226.79,0.0094604,0.85768,65.746,18.816,44.232
709,2026-04-19T03:24:00,49.683,24.937,26.619,32.532,41.208,2702.5,3697.4,20.015,18.657,21.646,0.25351,0.10299,339.72,77.566,6.9987,13.814,31.635,4505.8,22.134,45.8,49.918,80.373,2.2876,1.652,3102.3,42.251,53.702,94.748,9.3323,62.154,37.858,41.217,2630.6,63.182,25.575,46.962,0.34639,8.7992,26.045,120.42,1.2074,75.018,23.949,2.3016,54.122,4.917,230.33,0.0094604,0.85768,65.768,19.026,44.232
710,2026-04-19T03:27:00,49.164,25.191,26.842,32.532,41.041,2703.6,3705.6,14.455,18.657,21.568,0.25092,0.10299,339.68,77.506,6.9987,13.814,31.635,4489.1,24.47,44.599,50.943,80.48,2.2876,1.652,3104.3,42.513,53.902,94.506,9.4628,61.48,40.874,41.084,2631.6,63.042,26.681,47.265,0.34749,8.7992,26.045,120.4,1.2074,73.409,23.949,2.3016,54.122,4.917,229.21,0.0094604,0.85768,65.789,19.026,44.232
711,2026-04-19T03:30:00,50.879,29.83,26.825,32.232,40.983,2703.4,3633.2,20.484,18.736,21.496,0.30255,0.10299,339.57,77.309,6.8581,13.789,32.349,4453.2,21.937,48.568,50.009,80.265,2.2687,1.6773,3104.1,42.503,53.792,94.645,9.3118,62.701,38.125,40.488,2631.0,62.368,25.966,47.481,0.33686,8.9723,26.568,120.39,1.2817,74.398,24.266,2.3579,54.122,4.7757,229.05,0.0094604,0.85768,65.807,18.798,44.232
712,2026-04-19T03:33:00,50.163,29.697,27.008,32.232,41.751,2706.4,3634.9,16.746,18.736,22.071,0.3039,0.10083,340.52,77.651,6.8581,13.789,32.349,4502.4,23.499,46.912,49.861,80.368,2.2687,1.6773,3104.5,42.341,53.204,94.624,9.4579,63.782,37.69,40.214,2634.9,62.339,25.753,47.666,0.33911,8.9723,26.568,120.41,1.2817,74.665,24.266,2.3579,53.596,4.7757,230.36,0.038152,0.83088,65.828,18.798,43.231
713,2026-04-19T03:36:00,49.53,23.247,26.438,32.531,40.575,2706.2,3693.1,17.588,19.181,21.985,0.23541,0.10083,340.6,77.232,6.906,13.607,32.205,4484.1,23.151,45.446,48.977,80.311,2.2779,1.6681,3105.0,42.268,53.958,94.707,9.45,61.132,35.091,39.864,2634.6,62.527,25.579,47.817,0.33631,8.8939,26.362,120.4,1.3011,74.102,24.56,2.3486,53.596,4.9003,231.4,0.038152,0.83088,65.847,18.523,43.231
714,2026-04-19T03:39:00,49.708,22.943,26.984,32.531,41.72,2703.7,3680.6,17.647,19.181,21.805,0.23851,0.10083,341.01,76.919,6.906,13.607,32.205,4497.5,23.143,45.858,51.096,80.063,2.2779,1.6681,3102.7,42.407,53.799,94.666,9.4096,62.203,41.326,39.989,2632.1,62.741,26.018,47.855,0.33529,8.8939,26.362,120.42,1.3011,74.743,24.56,2.3486,53.596,4.9003,233.72,0.038152,0.83088,65.835,18.523,43.231
715,2026-04-19T03:42:00,49.054,24.479,26.67,32.797,41.384,2705.3,3642.2,17.755,18.682,22.092,0.24891,0.10083,341.36,77.195,6.8248,13.724,32.02,4541.0,23.096,44.344,49.767,80.0,2.296,1.6224,3102.6,42.304,53.971,94.607,9.4164,61.517,37.413,37.348,2633.4,62.983,24.73,48.057,0.31543,8.8624,26.369,120.41,1.4034,75.688,23.448,2.3977,53.596,4.8759,234.26,0.038152,0.83088,65.773,18.462,43.231
716,2026-04-19T03:45:00,50.628,24.377,27.079,32.797,40.837,2706.2,3617.8,17.901,18.682,22.191,0.24995,0.10083,341.18,77.472,6.8248,13.724,32.02,4487.8,23.028,47.988,50.608,80.049,2.296,1.6224,3104.3,42.588,54.608,94.625,9.33,63.108,39.888,37.058,2635.3,63.402,24.501,48.473,0.31781,8.8624,26.369,120.39,1.4034,74.949,23.448,2.3977,53.596,4.8759,232.39,0.038152,0.83088,65.743,18.462,43.231
717,2026-04-19T03:48:00,49.933,26.205,26.805,32.597,41.391,2707.7,3675.0,18.172,18.812,21.88,0.26863,0.097293,341.18,77.053,6.9604,13.824,31.694,4534.1,22.929,46.379,47.919,80.063,2.2279,1.6108,3106.1,42.386,54.252,94.526,9.4169,59.971,31.975,38.43,2636.0,63.146,24.672,47.803,0.33045,8.7015,26.024,120.4,1.2683,74.108,24.258,2.3026,54.322,4.8782,235.15,-0.012197,0.85015,65.757,18.69,44.681
718,2026-04-19T03:51:00,50.176,26.427,26.843,32.597,41.407,2709.1,3682.5,16.837,18.812,22.341,0.26638,0.097293,341.08,77.659,6.9604,13.824,31.694,4525.7,23.473,46.941,49.185,80.044,2.2279,1.6108,3106.5,42.685,54.353,94.519,9.5048,60.679,35.703,38.766,2638.0,63.017,25.057,47.855,0.3277,8.7015,26.024,120.41,1.2683,75.153,24.258,2.3026,54.322,4.8782,234.08,-0.012197,0.85015,65.75,18.69,44.681
719,2026-04-19T03:54:00,49.71,29.783,26.755,33.182,41.285,2710.9,3629.6,19.028,18.571,22.073,0.30226,0.097293,341.74,77.131,6.8003,13.886,32.244,4542.3,22.565,45.863,51.734,80.091,2.2978,1.6376,3108.3,42.35,53.627,94.567,9.4613,64.479,43.202,40.105,2638.6,62.727,25.926,47.786,0.33795,8.8264,27.008,120.41,1.3155,75.398,24.284,2.1806,54.322,4.8272,234.38,-0.012197,0.85015,65.732,18.487,44.681
720,2026-04-19T03:57:00,50.965,29.807,27.27,33.182,41.336,2709.3,3645.4,18.759,18.571,22.411,0.30202,0.097293,341.9,77.165,6.8003,13.886,32.244,4498.5,22.687,48.768,48.647,79.826,2.2978,1.6376,3107.1,42.146,54.152,94.577,9.4009,62.126,34.118,40.265,2638.4,62.457,24.628,47.867,0.33664,8.8264,27.008,120.39,1.3155,75.39,24.284,2.1806,54.322,4.8272,233.0,-0.012197,0.85015,65.722,18.487,44.681
721,2026-04-19T04:00:00,50.928,24.523,26.916,32.686,42.208,2710.7,3648.9,16.156,18.302,22.394,0.25397,0.097293,342.4,77.495,6.952,13.791,32.271,4538.3,23.773,48.682,51.745,79.937,2.2604,1.6335,3108.4,42.02,54.206,94.492,9.3152,62.684,43.236,41.149,2639.8,63.801,25.53,47.914,0.34337,8.6568,26.172,120.41,1.2957,75.427,24.256,2.2888,54.322,4.845,232.04,-0.012197,0.85015,65.663,18.621,44.681
722,2026-04-19T04:03:00,50.268,24.562,26.974,32.686,41.032,2712.4,3684.1,18.461,18.302,22.373,0.25358,0.083223,342.24,77.673,6.952,13.791,32.271,4547.1,22.788,47.155,49.895,80.153,2.2604,1.6335,3110.4,42.488,54.101,94.489,9.3752,61.077,37.791,40.781,2641.6,63.195,24.581,48.093,0.34638,8.6568,26.172,120.4,1.2957,73.976,24.256,2.2888,53.824,4.845,235.16,0.0037644,0.83303,65.705,18.621,43.973
723,2026-04-19T04:06:00,50.72,24.468,27.1,32.953,41.663,2712.5,3678.0,18.123,18.466,22.456,0.24775,0.083223,342.04,77.526,6.8489,13.851,32.069,4546.8,22.929,48.199,51.097,80.158,2.2432,1.6708,3110.6,42.689,53.813,94.481,9.4647,62.519,41.329,40.101,2641.6,61.976,25.682,48.508,0.33131,8.8103,26.656,120.44,1.232,74.114,24.078,2.3148,53.824,4.7923,232.44,0.0037644,0.83303,65.752,18.361,43.973
724,2026-04-19T04:09:00,47.275,24.218,26.744,32.953,40.942,2712.9,3660.8,16.765,18.466,22.537,0.2503,0.083223,342.56,77.373,6.8489,13.851,32.069,4535.6,23.504,40.227,49.723,80.071,2.2432,1.6708,3109.5,42.518,53.947,94.532,9.4177,59.447,37.284,40.029,2641.7,62.272,24.905,48.57,0.3319,8.8103,26.656,120.4,1.232,75.699,24.078,2.3148,53.824,4.7923,233.66,0.0037644,0.83303,65.795,18.361,43.973
725,2026-04-19T04:12:00,52.191,26.454,26.573,33.476,41.639,2711.1,3666.9,18.775,18.841,22.039,0.26711,0.083223,342.31,77.205,6.879,13.722,32.401,4534.7,22.67,51.605,49.273,79.867,2.2964,1.6654,3110.0,42.482,54.644,94.608,9.347,62.292,35.961,40.561,2639.2,63.054,24.388,48.474,0.34079,8.6284,26.675,120.41,1.091,74.554,24.158,2.3148,53.824,4.8383,236.67,0.0037644,0.83303,65.798,18.392,43.973
726,2026-04-19T04:15:00,50.698,26.347,27.018,33.476,41.357,2713.2,3657.0,19.389,18.841,22.704,0.26821,0.083223,343.14,77.476,6.879,13.722,32.401,4543.1,22.401,48.149,49.173,80.0,2.2964,1.6654,3109.3,42.257,54.543,94.5,9.3801,60.903,35.665,40.358,2642.5,63.224,25.459,48.873,0.34246,8.6284,26.675,120.39,1.091,74.629,24.158,2.3148,53.824,4.8383,234.16,0.0037644,0.83303,65.796,18.392,43.973
727,2026-04-19T04:18:00,51.598,23.21,26.905,33.175,41.515,2712.2,3622.0,16.769,18.75,22.683,0.23482,0.11323,342.84,77.549,6.7905,13.689,31.906,4552.3,23.505,50.233,49.805,79.89,2.263,1.6679,3108.5,42.358,54.424,94.597,9.3225,62.681,37.525,39.026,2641.2,63.579,26.558,48.407,0.32463,8.9288,26.691,120.4,1.2489,76.07,24.202,2.3328,54.14,4.8987,236.53,0.016107,0.81691,65.771,18.264,43.663
728,2026-04-19T04:21:00,52.617,23.137,26.816,33.175,41.339,2712.4,3656.7,18.54,18.75,22.634,0.23556,0.11323,342.74,77.078,6.7905,13.689,31.906,4573.6,22.768,52.59,50.455,80.018,2.263,1.6679,3107.8,42.006,54.169,94.445,9.4132,58.377,39.438,39.24,2641.4,62.982,25.941,48.408,0.32288,8.9288,26.691,120.39,1.2489,75.539,24.202,2.3328,54.14,4.8987,236.37,0.016107,0.81691,65.814,18.264,43.663
729,2026-04-19T04:24:00,49.791,27.837,26.516,33.227,41.774,2712.0,3725.4,16.479,18.005,22.264,0.28429,0.11323,342.0,77.076,6.8431,13.869,32.335,4559.9,23.644,46.051,49.042,79.856,2.2125,1.6487,3109.4,42.793,54.723,94.605,9.3437,60.025,35.28,38.468,2641.1,62.621,24.456,48.278,0.32053,8.7467,26.297,120.42,1.3311,75.632,23.979,2.3467,54.14,4.779,237.66,0.016107,0.81691,65.79,18.711,43.663
730,2026-04-19T04:27:00,49.08,27.997,26.742,33.227,41.336,2713.1,3650.0,19.692,18.005,22.559,0.28266,0.11323,342.72,77.639,6.8431,13.869,32.335,4568.6,22.272,44.406,48.431,79.974,2.2125,1.6487,3109.4,42.101,54.619,94.36,9.4622,60.624,33.483,38.514,2643.5,63.917,24.319,48.513,0.32015,8.7467,26.297,120.4,1.3311,75.513,23.979,2.3467,54.14,4.779,234.89,0.016107,0.81691,65.784,18.711,43.663
731,2026-04-19T04:30:00,49.868,23.847,26.803,33.046,41.601,2712.5,3645.4,20.149,18.726,22.854,0.24329,0.11323,342.81,77.325,6.8062,13.911,32.268,4533.1,22.084,46.228,48.925,80.081,2.2233,1.6821,3107.3,42.401,53.996,94.444,9.4386,60.192,34.937,40.598,2643.4,63.597,24.596,48.358,0.34189,8.8389,25.928,120.42,1.1951,74.955,24.509,2.3366,54.14,4.872,236.45,0.016107,0.81691,65.821,18.922,43.663
732,2026-04-19T04:33:00,51.132,23.849,26.698,33.046,41.288,2709.4,3653.7,19.13,18.726,22.163,0.24327,0.092846,342.67,77.258,6.8062,13.911,32.268,4521.8,22.518,49.153,49.968,79.929,2.2233,1.6821,3106.1,42.454,54.131,94.545,9.2428,62.214,38.005,40.542,2639.0,63.454,25.384,48.266,0.34235,8.8389,25.928,120.39,1.1951,74.929,24.509,2.3366,54.09,4.872,232.47,0.019197,0.83071,65.819,18.922,43.337
733,2026-04-19T04:36:00,50.602,24.24,26.936,32.434,40.866,2707.7,3714.6,19.713,18.335,22.478,0.2498,0.092846,341.74,77.282,6.9028,13.625,31.772,4477.1,22.273,47.926,50.841,79.924,2.2463,1.6713,3104.4,42.285,54.139,94.511,9.226,62.277,40.576,41.072,2637.2,62.784,25.352,48.034,0.34807,8.6098,25.996,120.4,1.227,75.446,24.206,2.2703,54.09,4.7382,232.84,0.019197,0.83071,65.777,18.522,43.337
734,2026-04-19T04:39:00,48.854,24.768,26.91,32.434,41.267,2706.0,3709.5,15.74,18.335,22.404,0.24443,0.092846,342.21,77.23,6.9028,13.625,31.772,4535.5,23.951,43.882,49.866,79.87,2.2463,1.6713,3102.3,41.957,53.441,94.558,9.2545,63.58,37.707,40.696,2635.7,62.873,25.366,47.954,0.35115,8.6098,25.996,120.4,1.227,75.645,24.206,2.2703,54.09,4.7382,231.49,0.019197,0.83071,65.76,18.522,43.337
735,2026-04-19T04:42:00,50.201,29.428,27.216,32.541,41.4,2707.9,3666.4,20.338,18.122,22.604,0.29646,0.092846,342.33,76.893,6.9985,13.678,32.575,4534.8,22.027,46.999,51.171,79.943,2.2529,1.6761,3103.0,42.169,54.439,94.633,9.3158,60.275,41.546,37.299,2637.4,62.793,25.052,47.597,0.31563,8.8916,26.727,120.4,1.2126,74.957,24.267,2.2257,54.09,4.8374,233.24,0.019197,0.83071,65.741,18.846,43.337
736,2026-04-19T04:45:00,51.131,29.389,26.933,32.541,40.863,2706.1,3690.1,19.126,18.122,22.32,0.29685,0.092846,342.38,76.934,6.9985,13.678,32.575,4543.6,22.547,49.152,49.003,79.732,2.2529,1.6761,3102.4,42.155,54.334,94.518,9.3235,60.315,35.166,37.531,2634.5,62.384,25.323,47.479,0.31374,8.8916,26.727,120.38,1.2126,74.287,24.267,2.2257,54.09,4.8374,232.39,0.019197,0.83071,65.697,18.846,43.337
737,2026-04-19T04:48:00,49.646,21.712,26.664,33.156,41.447,2705.7,3603.7,15.66,18.492,22.49,0.21992,0.097914,342.5,76.947,6.644,13.814,31.999,4553.8,24.011,45.715,49.249,79.723,2.2704,1.6413,3100.6,42.296,53.434,94.752,9.2936,61.45,35.89,38.297,2634.2,62.968,25.462,47.544,0.31691,8.9746,26.417,120.38,1.1955,75.05,24.161,2.2874,52.976,4.8018,233.2,-0.0047161,0.84053,65.636,18.867,44.251
738,2026-04-19T04:51:00,51.35,21.79,26.969,33.156,40.81,2707.2,3623.7,17.817,18.492,22.862,0.21913,0.097914,342.58,77.424,6.644,13.814,31.999,4475.0,23.088,49.659,49.153,79.967,2.2704,1.6413,3101.5,42.727,54.378,94.659,9.1503,62.59,35.607,37.66,2636.8,62.623,23.887,47.531,0.32213,8.9746,26.417,120.38,1.1955,75.518,24.161,2.2874,52.976,4.8018,232.78,-0.0047161,0.84053,65.656,18.867,44.251
739,2026-04-19T04:54:00,50.953,26.877,27.003,33.241,41.289,2708.8,3705.7,15.442,19.064,22.506,0.27688,0.097914,342.39,77.196,6.9042,13.745,32.385,4503.8,24.086,48.739,50.27,80.191,2.2115,1.6374,3105.7,42.434,53.967,94.531,9.2363,63.257,38.896,39.786,2637.7,64.378,25.919,47.762,0.33374,8.8634,26.106,120.42,1.3404,74.54,23.872,2.3516,52.976,4.7858,229.56,-0.0047161,0.84053,65.73,18.663,44.251
740,2026-04-19T04:57:00,49.928,27.235,26.903,33.241,42.157,2707.7,3732.9,18.994,19.064,22.547,0.27324,0.097914,342.01,77.051,6.9042,13.745,32.385,4498.8,22.591,46.368,48.691,80.158,2.2115,1.6374,3105.1,42.357,54.027,94.336,9.235,59.428,34.247,40.136,2636.8,63.911,24.622,47.543,0.33087,8.8634,26.106,120.43,1.3404,74.907,23.872,2.3516,52.976,4.7858,231.37,-0.0047161,0.84053,65.774,18.663,44.251
741,2026-04-19T05:00:00,49.674,23.498,26.764,33.097,41.259,2703.0,3646.8,19.176,18.032,22.212,0.23643,0.097914,341.97,76.802,6.9185,13.845,32.323,4536.2,22.528,45.78,49.218,79.912,2.2518,1.6281,3099.4,42.569,54.083,94.573,9.0568,62.679,35.799,38.906,2631.7,63.212,25.312,47.673,0.32531,8.7462,26.437,120.41,1.1922,75.878,24.011,2.3005,52.976,4.8603,229.28,-0.0047161,0.84053,65.763,18.582,44.251
742,2026-04-19T05:03:00,48.7,23.426,27.363,33.097,40.997,2701.6,3656.8,16.023,18.032,22.785,0.23717,0.09656,342.01,77.251,6.9185,13.845,32.323,4545.2,23.846,43.526,49.809,79.928,2.2518,1.6281,3097.3,41.905,53.975,94.685,9.2408,59.508,37.537,38.924,2631.3,63.04,24.551,47.551,0.32516,8.7462,26.437,120.4,1.1922,75.636,24.011,2.3005,53.863,4.8603,232.88,0.0084025,0.84059,65.737,18.582,44.912
743,2026-04-19T05:06:00,51.453,23.723,26.53,33.3,40.786,2701.7,3687.9,22.151,18.4,21.858,0.24272,0.09656,341.58,77.382,6.8812,13.761,31.719,4564.9,21.261,49.898,49.728,80.019,2.2374,1.6943,3098.6,42.149,53.964,94.752,9.3283,61.54,37.299,39.969,2629.7,62.351,26.2,47.803,0.33817,9.0902,26.199,120.39,1.3176,75.518,24.064,2.2846,53.863,4.8901,230.69,0.0084025,0.84059,65.708,18.935,44.912
744,2026-04-19T05:09:00,46.996,23.75,26.949,33.3,41.327,2702.6,3645.8,18.936,18.4,22.301,0.24243,0.09656,341.1,77.502,6.8812,13.761,31.719,4540.3,22.608,39.582,49.801,80.209,2.2374,1.6943,3099.7,42.183,54.258,94.612,9.2216,62.484,37.515,40.116,2631.8,63.076,27.407,47.838,0.33697,9.0902,26.199,120.41,1.3176,75.796,24.064,2.2846,53.863,4.8901,230.86,0.0084025,0.84059,65.758,18.935,44.912
745,2026-04-19T05:12:00,50.729,29.746,26.803,32.965,40.857,2703.6,3647.5,19.415,18.348,22.239,0.30185,0.09656,341.11,77.627,6.9475,13.838,31.914,4495.5,22.398,48.22,50.987,80.278,2.2536,1.6311,3100.9,42.573,53.931,94.618,9.3365,59.773,41.004,39.057,2632.3,63.357,24.896,47.863,0.32689,9.0005,26.636,120.41,1.1726,75.724,23.549,2.2575,53.863,4.8186,231.14,0.0084025,0.84059,65.797,18.699,44.912
746,2026-04-19T05:15:00,49.694,29.543,26.774,32.965,41.055,2705.4,3699.7,17.554,18.348,22.324,0.3039,0.09656,341.67,77.397,6.9475,13.838,31.914,4494.8,23.188,45.825,50.81,80.247,2.2536,1.6311,3100.7,42.176,53.939,94.517,9.2533,61.335,40.485,38.919,2633.8,62.458,25.321,48.083,0.32803,9.0005,26.636,120.4,1.1726,75.234,23.549,2.2575,53.863,4.8186,229.22,0.0084025,0.84059,65.85,18.699,44.912
747,2026-04-19T05:18:00,50.352,28.066,26.902,32.959,41.585,2704.4,3656.2,18.198,19.065,22.442,0.28883,0.086652,341.56,77.61,6.8017,13.682,32.021,4534.1,22.9,47.349,50.847,80.381,2.2431,1.6825,3101.3,42.256,54.039,94.614,9.3207,60.518,40.594,39.764,2633.8,62.595,24.408,48.03,0.3378,8.83,26.303,120.38,1.3385,74.509,23.965,2.2886,53.092,4.791,230.45,0.0096064,0.83208,65.907,18.811,44.396
748,2026-04-19T05:21:00,50.257,28.315,26.761,32.959,40.882,2702.4,3666.2,21.293,19.065,21.909,0.2863,0.086652,341.31,77.122,6.8017,13.682,32.021,4527.0,21.61,47.128,48.407,80.231,2.2431,1.6825,3100.2,42.465,54.125,94.605,9.3418,61.929,33.413,39.892,2631.3,62.423,26.336,48.108,0.33676,8.83,26.303,120.39,1.3385,74.924,23.965,2.2886,53.092,4.791,230.13,0.0096064,0.83208,65.948,18.811,44.396
749,2026-04-19T05:24:00,49.66,27.551,26.908,32.802,40.813,2701.7,3674.2,17.193,18.737,22.309,0.27796,0.086652,341.62,76.917,6.8837,13.805,32.422,4525.7,23.35,45.747,49.796,80.076,2.2449,1.6452,3098.2,42.353,53.87,94.601,9.1853,61.104,37.499,37.942,2631.1,63.571,24.411,48.013,0.3176,8.6634,26.299,120.37,1.3242,75.495,23.919,2.3067,53.092,4.8048,231.8,0.0096064,0.83208,65.862,18.507,44.396
750,2026-04-19T05:27:00,47.656,27.433,26.885,32.802,41.359,2699.8,3670.0,17.525,18.737,22.007,0.27915,0.086652,341.3,77.195,6.8837,13.805,32.422,4522.1,23.208,41.11,49.098,80.021,2.2449,1.6452,3097.7,42.317,53.913,94.631,9.2089,61.338,35.447,37.414,2628.5,63.644,23.861,48.056,0.32192,8.6634,26.299,120.41,1.3242,75.99,23.919,2.3067,53.092,4.8048,231.93,0.0096064,0.83208,65.863,18.507,44.396
751,2026-04-19T05:30:00,48.851,23.556,26.969,33.157,41.423,2698.8,3666.3,19.811,18.454,22.304,0.24024,0.086652,341.52,77.033,6.7375,13.613,32.337,4580.4,22.254,43.874,50.276,80.001,2.2775,1.6776,3094.2,42.193,53.982,94.599,9.2074,62.104,38.912,39.381,2626.8,63.024,22.845,48.176,0.33188,8.864,26.319,120.41,1.2786,75.012,23.908,2.3139,53.092,4.8891,231.22,0.0096064,0.83208,65.852,19.165,44.396
752,2026-04-19T05:33:00,49.001,23.416,27.108,33.157,40.994,2696.1,3689.6,17.885,18.454,21.976,0.24166,0.1008,340.96,77.052,6.7375,13.613,32.337,4543.1,23.071,44.223,50.053,79.952,2.2775,1.6776,3093.1,42.272,54.429,94.733,9.3073,60.617,38.257,39.489,2624.1,62.624,26.6,47.978,0.331,8.864,26.319,120.38,1.2786,75.409,23.908,2.3139,54.426,4.8891,231.67,0.021742,0.85134,65.815,19.165,43.444
753,2026-04-19T05:36:00,50.046,24.191,26.902,32.781,40.906,2697.9,3700.2,17.825,19.137,22.289,0.24631,0.1008,341.13,77.234,6.8784,13.847,32.529,4462.6,23.086,46.641,48.591,80.233,2.2717,1.6527,3094.5,42.645,53.766,94.604,9.1058,62.468,33.953,36.516,2627.1,63.791,25.168,47.885,0.31188,8.7021,25.935,120.43,1.3033,74.805,23.648,2.3302,54.426,4.8512,232.27,0.021742,0.85134,65.829,19.183,43.444
754,2026-04-19T05:39:00,49.756,24.098,27.057,32.781,41.832,2696.1,3716.4,17.303,19.137,22.1,0.24726,0.1008,340.42,77.026,6.8784,13.847,32.529,4499.6,23.312,45.969,50.651,80.238,2.2717,1.6527,3093.6,42.112,53.323,94.408,9.3552,59.883,40.016,36.764,2624.8,63.512,24.128,47.959,0.30985,8.7021,25.935,120.42,1.3033,75.88,23.648,2.3302,54.426,4.8512,230.96,0.021742,0.85134,65.876,19.183,43.444
755,2026-04-19T05:42:00,49.316,21.997,26.954,33.102,40.674,2693.1,3660.3,16.245,18.103,21.822,0.22633,0.1008,340.06,77.042,7.0059,13.802,32.309,4463.9,23.76,44.951,50.425,80.138,2.2776,1.6599,3091.0,42.491,53.64,94.718,9.2831,60.371,39.35,39.967,2621.3,63.313,23.614,47.981,0.33391,8.8543,26.433,120.4,1.2012,75.089,23.494,2.3045,54.426,4.7705,230.26,0.021742,0.85134,65.857,19.182,43.444
756,2026-04-19T05:45:00,50.834,21.961,27.0,33.102,41.252,2690.8,3688.5,18.402,18.103,22.016,0.2267,0.1008,339.94,77.241,7.0059,13.802,32.309,4467.0,22.851,48.463,49.24,80.122,2.2776,1.6599,3087.9,42.26,53.603,94.605,9.3444,60.657,35.863,39.843,2619.5,62.828,26.819,47.86,0.33492,8.8543,26.433,120.41,1.2012,75.561,23.494,2.3045,54.426,4.7705,231.16,0.021742,0.85134,65.865,19.182,43.444
757,2026-04-19T05:48:00,51.958,23.913,27.02,33.073,40.078,2692.0,3584.9,18.452,18.827,21.933,0.2447,0.11918,340.05,77.457,6.8285,13.842,32.297,4482.5,22.817,51.066,49.711,80.43,2.2967,1.6466,3089.3,42.205,53.351,94.871,9.2066,63.2,37.248,39.467,2621.1,63.433,25.206,48.382,0.32802,9.0008,25.922,120.39,1.1819,74.819,23.96,2.306,54.119,4.7865,230.5,0.043921,0.84865,65.883,19.235,42.83
758,2026-04-19T05:51:00,51.12,24.106,26.813,33.073,40.747,2692.1,3640.0,18.551,18.827,21.492,0.24274,0.11918,339.46,77.297,6.8285,13.842,32.297,4510.6,22.772,49.125,48.776,80.495,2.2967,1.6466,3089.6,42.026,53.015,94.638,9.2931,61.834,34.497,39.333,2620.3,62.487,25.869,48.46,0.32912,9.0008,25.922,120.39,1.1819,75.39,23.96,2.306,54.119,4.7865,231.54,0.043921,0.84865,65.98,19.235,42.83
759,2026-04-19T05:54:00,50.16,23.847,26.713,32.689,40.543,2690.4,3694.8,21.408,19.056,21.586,0.24526,0.11918,339.67,77.148,6.8646,13.746,31.895,4472.3,21.578,46.905,48.608,80.319,2.2472,1.6224,3088.8,41.968,53.27,94.878,9.2356,62.741,34.004,40.201,2618.8,63.066,24.114,48.406,0.33091,8.8339,26.234,120.38,1.1229,74.917,23.621,2.2667,54.119,4.7739,234.07,0.043921,0.84865,66.018,18.827,42.83
760,2026-04-19T05:57:00,51.839,23.854,26.822,32.689,40.907,2687.8,3718.2,16.929,19.056,21.026,0.24518,0.11918,338.9,77.317,6.8646,13.746,31.895,4435.3,23.463,50.79,49.858,80.219,2.2472,1.6224,3088.6,42.353,53.713,94.621,9.427,60.102,37.683,39.914,2615.8,62.664,24.395,48.32,0.33327,8.8339,26.234,120.41,1.1229,74.138,23.621,2.2667,54.119,4.7739,236.98,0.043921,0.84865,65.979,18.827,42.83
761,2026-04-19T06:00:00,52.741,27.91,27.043,33.24,40.302,2690.4,3673.5,14.81,18.634,21.441,0.2837,0.11918,338.83,77.044,6.9668,13.771,32.141,4518.1,24.366,52.878,50.871,80.304,2.2932,1.6715,3090.0,42.301,53.679,94.812,9.2834,61.918,40.664,38.584,2617.7,63.148,25.125,48.904,0.32266,8.9116,25.557,120.39,1.2465,75.809,23.773,2.3607,54.119,4.9822,232.37,0.043921,0.84865,66.038,18.508,42.83
762,2026-04-19T06:03:00,51.111,27.831,27.201,33.24,40.889,2693.1,3674.3,17.036,18.634,21.812,0.2845,0.099652,339.27,77.708,6.9668,13.771,32.141,4500.4,23.404,49.106,49.358,80.503,2.2932,1.6715,3091.2,42.226,53.891,94.512,9.2093,61.975,36.21,38.234,2621.9,63.135,27.504,48.909,0.32553,8.9116,25.557,120.42,1.2465,74.447,23.773,2.3607,54.696,4.9822,233.74,0.032648,0.84986,66.041,18.508,44.317
763,2026-04-19T06:06:00,50.849,25.851,26.727,32.454,40.638,2694.7,3668.8,19.648,18.809,21.501,0.26045,0.099652,339.4,77.649,6.7719,13.97,32.22,4572.5,22.288,48.498,49.335,80.789,2.2756,1.6635,3094.0,42.359,53.828,94.647,9.2371,62.634,36.143,38.873,2623.7,62.302,26.328,49.081,0.32499,9.0892,25.813,120.41,1.1982,75.199,23.65,2.3248,54.696,4.9084,233.44,0.032648,0.84986,66.174,18.306,44.317
764,2026-04-19T06:09:00,50.386,25.838,26.756,32.454,40.504,2694.5,3649.7,17.7,18.809,21.678,0.26057,0.099652,339.2,77.162,6.7719,13.97,32.22,4561.3,23.121,47.428,51.153,80.615,2.2756,1.6635,3093.7,42.292,53.962,94.612,9.3227,58.832,41.493,39.135,2623.6,62.631,24.454,49.142,0.32284,9.0892,25.813,120.4,1.1982,74.441,23.65,2.3248,54.696,4.9084,234.36,0.032648,0.84986,66.215,18.306,44.317
765,2026-04-19T06:12:00,48.67,25.245,27.476,32.663,40.585,2692.2,3669.7,19.493,18.973,21.538,0.25155,0.099652,338.79,77.37,6.8615,13.988,31.927,4557.4,22.362,43.457,49.327,80.416,2.3095,1.6861,3093.4,42.146,54.57,94.642,9.3262,60.797,36.118,41.373,2619.9,64.008,24.553,49.177,0.34883,8.8729,25.607,120.4,1.2976,74.27,23.669,2.312,54.696,4.9303,235.61,0.032648,0.84986,66.214,19.355,44.317
766,2026-04-19T06:15:00,50.371,25.059,26.889,32.663,41.363,2690.1,3697.7,19.752,18.973,21.231,0.25344,0.099652,339.32,76.965,6.8615,13.988,31.927,4588.7,22.272,47.393,50.394,80.319,2.3095,1.6861,3091.4,42.418,54.194,94.558,9.3955,61.214,39.259,41.722,2618.7,63.526,24.706,49.443,0.34598,8.8729,25.607,120.4,1.2976,74.252,23.669,2.312,54.696,4.9303,234.32,0.032648,0.84986,66.165,19.355,44.317
767,2026-04-19T06:18:00,49.24,27.81,26.583,32.903,40.959,2687.4,3684.9,18.708,19.067,21.234,0.2845,0.10776,339.21,77.273,7.0076,13.87,32.728,4452.1,22.715,44.776,49.075,80.072,2.2669,1.7005,3087.2,42.478,53.245,94.643,9.4495,57.738,35.377,42.153,2615.2,63.023,25.095,49.338,0.34826,8.8262,25.604,120.38,1.3066,75.35,23.558,2.355,52.957,4.8656,237.81,0.015495,0.85764,66.081,18.971,43.265
768,2026-04-19T06:21:00,50.404,27.79,27.043,32.903,40.92,2688.0,3690.0,18.764,19.067,21.465,0.28471,0.10776,339.24,77.572,7.0076,13.87,32.728,4443.3,22.686,47.469,50.739,80.179,2.2669,1.7005,3087.3,42.664,53.349,94.681,9.3692,61.374,40.274,42.241,2615.7,62.936,26.071,49.512,0.34755,8.8262,25.604,120.41,1.3066,74.893,23.558,2.355,52.957,4.8656,237.88,0.015495,0.85764,66.044,18.971,43.265
769,2026-04-19T06:24:00,49.839,20.112,26.768,32.711,40.171,2689.8,3607.8,16.521,19.529,21.487,0.20494,0.10776,339.64,77.519,7.0597,13.913,31.86,4475.7,23.622,46.162,50.206,80.585,2.2904,1.6704,3088.5,42.024,53.84,94.618,9.3793,61.041,38.707,40.737,2618.7,63.018,23.298,49.65,0.33523,8.9999,25.832,120.39,1.2185,75.279,23.797,2.3122,52.957,4.9226,238.28,0.015495,0.85764,66.123,19.069,43.265
770,2026-04-19T06:27:00,48.898,20.128,26.776,32.711,40.995,2691.8,3663.8,15.312,19.529,21.561,0.20478,0.10776,338.86,77.773,7.0597,13.913,31.86,4467.7,24.111,43.984,48.372,80.779,2.2904,1.6704,3090.2,42.108,53.935,94.82,9.2067,63.976,33.31,40.633,2620.0,62.054,25.573,49.926,0.33608,8.9999,25.832,120.41,1.2185,75.089,23.797,2.3122,52.957,4.9226,237.04,0.015495,0.85764,66.234,19.069,43.265
771,2026-04-19T06:30:00,50.668,28.437,26.915,33.102,40.39,2693.4,3603.8,15.455,19.438,21.308,0.28596,0.10776,338.66,77.489,6.9255,14.073,31.803,4473.7,24.053,48.079,48.922,80.836,2.2586,1.628,3093.4,42.455,53.583,94.634,9.3671,61.126,34.926,41.335,2621.0,62.487,24.857,49.823,0.34063,8.9678,26.518,120.38,1.5247,75.309,23.45,2.3306,52.957,4.9022,240.01,0.015495,0.85764,66.336,19.446,43.265
772,2026-04-19T06:33:00,50.781,28.184,26.894,33.102,40.484,2693.2,3605.0,19.451,19.438,21.559,0.28854,0.078263,339.06,77.251,6.9255,14.073,31.803,4478.8,22.373,48.34,49.569,80.602,2.2586,1.628,3092.7,42.66,53.522,94.828,9.2273,63.539,36.833,41.258,2622.1,62.465,23.696,50.278,0.34126,8.9678,26.518,120.4,1.5247,75.169,23.45,2.3306,53.678,4.9022,239.32,0.015542,0.84269,66.38,19.446,44.474
773,2026-04-19T06:36:00,48.195,29.342,26.806,33.381,40.423,2690.9,3673.5,18.241,19.098,21.068,0.29517,0.078263,339.43,76.788,6.9132,13.809,31.91,4438.8,22.908,42.356,49.231,80.187,2.2601,1.6509,3090.9,42.222,52.995,94.725,9.4303,62.58,35.836,43.147,2618.2,62.359,24.366,50.292,0.36294,8.876,26.186,120.39,1.2214,75.126,23.136,2.2909,53.678,4.9572,242.18,0.015542,0.84269,66.326,19.312,44.474
774,2026-04-19T06:39:00,49.37,29.068,26.707,33.381,41.206,2693.2,3645.7,18.281,19.098,21.85,0.29795,0.078263,340.42,77.214,6.9132,13.809,31.91,4409.3,22.886,45.077,51.966,80.175,2.2601,1.6509,3090.5,42.189,53.347,94.874,9.3935,61.836,43.887,42.978,2620.3,62.838,23.444,50.673,0.36432,8.876,26.186,120.4,1.2214,74.437,23.136,2.2909,53.678,4.9572,240.97,0.015542,0.84269,66.23,19.312,44.474
775,2026-04-19T06:42:00,49.664,28.525,27.166,32.521,41.005,2695.0,3640.8,18.275,18.9,21.841,0.28976,0.078263,340.49,77.467,6.8585,13.778,32.025,4442.9,22.88,45.757,50.062,80.291,2.3029,1.6504,3092.7,42.535,53.171,94.58,9.3546,63.164,38.282,39.837,2623.2,62.995,26.097,50.64,0.3336,8.9021,25.999,120.39,1.3827,74.094,23.883,2.313,53.678,4.8987,244.4,0.015542,0.84269,66.227,19.086,44.474
776,2026-04-19T06:45:00,50.724,28.349,27.197,32.521,41.684,2697.2,3661.5,17.127,18.9,21.879,0.29154,0.078263,340.59,77.838,6.8585,13.778,32.025,4480.2,23.345,48.21,50.543,80.506,2.3029,1.6504,3095.8,42.261,52.725,94.582,9.4149,62.293,39.698,39.792,2626.3,62.64,24.351,50.987,0.33397,8.9021,25.999,120.42,1.3827,74.691,23.883,2.313,53.678,4.8987,243.49,0.015542,0.84269,66.283,19.086,44.474
777,2026-04-19T06:48:00,48.827,27.546,26.711,32.789,41.351,2700.0,3639.8,18.173,18.495,22.133,0.282,0.084413,341.12,77.514,6.8667,13.917,31.844,4471.2,22.906,43.82,48.176,80.589,2.2867,1.6933,3097.6,42.504,53.317,94.567,9.4014,61.151,32.732,39.201,2628.9,63.49,23.603,50.904,0.3315,8.9746,25.659,120.43,1.3193,74.222,23.353,2.2707,54.622,4.8209,243.38,0.020854,0.8507,66.345,19.006,44.506
778,2026-04-19T06:51:00,49.171,27.784,26.931,32.789,41.649,2699.0,3636.4,20.189,18.495,22.251,0.27958,0.084413,341.69,77.188,6.8667,13.917,31.844,4490.2,22.067,44.615,47.726,80.376,2.2867,1.6933,3096.8,42.232,53.089,94.517,9.3392,61.061,31.409,38.921,2628.0,63.548,24.301,51.133,0.3338,8.9746,25.659,120.41,1.3193,74.869,23.353,2.2707,54.622,4.8209,242.02,0.020854,0.8507,66.391,19.006,44.506
779,2026-04-19T06:54:00,49.943,29.308,26.745,33.416,41.861,2698.7,3661.7,20.421,19.023,22.209,0.30439,0.084413,342.1,77.401,6.7841,13.906,32.175,4482.2,21.967,46.401,50.282,80.214,2.2666,1.6478,3095.6,42.223,53.335,94.558,9.4197,61.753,38.929,41.325,2627.0,63.059,26.279,51.305,0.34497,8.8721,26.178,120.42,1.3084,74.311,23.516,2.3091,54.622,4.9399,241.34,0.020854,0.8507,66.323,18.711,44.506
780,2026-04-19T06:57:00,50.363,29.608,26.568,33.416,40.748,2698.3,3695.7,16.377,19.023,22.213,0.30135,0.084413,342.35,77.24,6.7841,13.906,32.175,4483.5,23.68,47.375,49.621,80.088,2.2666,1.6478,3095.9,43.117,53.32,94.634,9.5536,60.447,36.985,41.071,2627.0,62.474,24.731,51.202,0.34706,8.8721,26.178,120.37,1.3084,74.602,23.516,2.3091,54.622,4.9399,243.76,0.020854,0.8507,66.315,18.711,44.506
781,2026-04-19T07:00:00,50.332,26.589,27.458,33.121,41.776,2700.7,3685.3,17.865,18.715,22.651,0.27172,0.084413,342.81,77.379,6.8463,13.871,31.748,4469.3,23.049,47.303,49.166,80.181,2.2696,1.6739,3097.2,42.442,54.2,94.411,9.3882,62.786,35.645,41.069,2629.6,63.43,24.559,51.35,0.34574,8.6735,26.435,120.42,1.3523,74.753,24.072,2.3237,54.622,4.8809,243.39,0.020854,0.8507,66.259,18.777,44.506
782,2026-04-19T07:03:00,51.954,26.637,26.873,33.121,40.637,2701.2,3702.7,18.568,18.715,22.102,0.27123,0.090326,342.65,77.537,6.8463,13.871,31.748,4491.3,22.741,51.057,49.117,80.279,2.2696,1.6739,3098.7,42.528,53.937,94.486,9.4834,61.323,35.503,41.22,2630.1,63.13,24.877,51.44,0.34451,8.6735,26.435,120.4,1.3523,74.687,24.072,2.3237,53.975,4.8809,246.15,0.018239,0.83193,66.31,18.777,43.132
783,2026-04-19T07:06:00,50.205,30.834,26.519,33.23,41.897,2702.8,3678.3,17.592,18.645,22.156,0.31583,0.090326,343.18,77.318,6.8201,13.983,32.341,4457.6,23.158,47.009,49.649,80.23,2.2801,1.6257,3099.8,42.54,54.183,94.438,9.4399,60.432,37.067,40.711,2631.8,63.068,25.805,51.661,0.34179,8.8498,25.969,120.41,1.2826,75.373,23.645,2.3212,53.975,4.8857,246.01,0.018239,0.83193,66.313,18.647,43.132
784,2026-04-19T07:09:00,49.122,30.947,27.13,33.23,41.209,2702.7,3659.3,14.556,18.645,22.325,0.31468,0.090326,343.25,77.363,6.8201,13.983,32.341,4486.5,24.44,44.501,48.731,80.102,2.2801,1.6257,3100.0,42.822,53.837,94.407,9.3821,62.791,34.367,40.625,2631.7,63.395,24.235,52.051,0.34249,8.8498,25.969,120.4,1.2826,74.582,23.645,2.3212,53.975,4.8857,243.96,0.018239,0.83193,66.34,18.647,43.132
785,2026-04-19T07:12:00,51.927,25.485,26.562,33.452,40.952,2705.9,3705.9,18.572,18.39,22.83,0.25858,0.090326,343.58,77.454,6.809,13.808,31.957,4537.9,22.737,50.994,51.063,80.29,2.3179,1.6714,3100.0,42.561,53.552,94.39,9.4529,60.6,41.228,42.328,2635.3,62.87,25.841,52.219,0.35429,8.8966,25.879,120.38,1.3878,73.917,23.171,2.4175,53.975,4.8643,244.4,0.018239,0.83193,66.378,18.665,43.132
786,2026-04-19T07:15:00,48.273,25.474,26.999,33.452,41.436,2705.4,3719.2,17.805,18.39,22.926,0.2587,0.090326,344.1,77.613,6.809,13.808,31.957,4531.8,23.045,42.538,50.844,80.373,2.3179,1.6714,3100.0,42.266,53.625,94.367,9.3048,61.38,40.584,41.951,2634.9,62.641,25.335,52.21,0.35737,8.8966,25.879,120.4,1.3878,75.009,23.171,2.4175,53.975,4.8643,246.76,0.018239,0.83193,66.418,18.665,43.132
787,2026-04-19T07:18:00,48.156,29.215,27.225,32.961,40.684,2703.9,3678.0,16.952,18.712,22.645,0.29566,0.12181,343.98,77.018,6.9737,13.793,32.274,4537.5,23.423,42.267,48.88,80.197,2.3224,1.6854,3100.9,42.467,53.534,94.389,9.4104,60.905,34.804,39.784,2633.0,63.51,25.302,51.975,0.33763,8.8169,25.727,120.39,1.3277,73.894,23.404,2.2956,53.54,4.7621,246.39,0.015836,0.83272,66.469,18.99,44.57
788,2026-04-19T07:21:00,49.762,29.086,27.191,32.961,42.515,2703.3,3670.3,17.333,18.712,22.662,0.29697,0.12181,344.1,77.064,6.9737,13.793,32.274,4489.5,23.27,45.984,47.722,79.946,2.3224,1.6854,3099.2,42.858,54.107,94.498,9.5063,61.739,31.396,39.962,2632.3,63.644,24.348,51.854,0.33617,8.8169,25.727,120.42,1.3277,74.885,23.404,2.2956,53.54,4.7621,247.78,0.015836,0.83272,66.4,18.99,44.57
789,2026-04-19T07:24:00,48.35,26.25,27.225,33.055,40.398,2704.4,3624.0,18.421,18.613,23.177,0.26609,0.12181,344.88,77.309,6.8206,13.846,32.598,4443.6,22.806,42.714,52.427,79.976,2.2833,1.6551,3096.7,42.207,53.851,94.432,9.4194,61.361,45.242,39.685,2633.5,62.985,27.354,51.808,0.33482,8.6906,25.917,120.37,1.1574,74.144,23.481,2.3696,53.54,4.9096,248.36,0.015836,0.83272,66.363,18.803,44.57
790,2026-04-19T07:27:00,49.136,26.281,27.157,33.055,42.312,2705.7,3661.5,18.504,18.613,23.267,0.26578,0.12181,344.64,77.502,6.8206,13.846,32.598,4485.3,22.762,44.534,48.986,80.054,2.2833,1.6551,3098.3,42.356,53.352,94.667,9.4676,59.513,35.115,39.644,2634.8,62.34,25.435,52.081,0.33516,8.6906,25.917,120.41,1.1574,74.785,23.481,2.3696,53.54,4.9096,245.33,0.015836,0.83272,66.367,18.803,44.57
791,2026-04-19T07:30:00,50.635,22.936,26.736,33.796,41.528,2706.9,3683.1,18.712,18.038,23.195,0.23196,0.12181,345.36,77.308,6.8497,13.872,32.64,4525.3,22.675,48.004,48.67,80.186,2.2779,1.6562,3099.6,42.14,53.311,94.314,9.4332,59.774,34.185,40.341,2636.7,63.297,24.593,52.062,0.34109,8.8002,25.898,120.41,1.1944,74.672,23.516,2.3522,53.54,4.8094,245.56,0.015836,0.83272,66.386,18.866,44.57
792,2026-04-19T07:33:00,48.898,22.728,26.884,33.796,41.44,2706.1,3657.6,19.746,18.038,23.374,0.23407,0.078165,344.85,77.553,6.8497,13.872,32.64,4478.6,22.231,43.984,49.52,80.109,2.2779,1.6562,3098.5,42.086,53.871,94.533,9.3737,62.271,36.687,40.001,2635.3,63.737,24.693,51.943,0.34387,8.8002,25.898,120.4,1.1944,74.424,23.516,2.3522,53.136,4.8094,247.08,0.016262,0.80118,66.386,18.866,44.831
793,2026-04-19T07:36:00,48.039,22.128,26.727,33.559,41.403,2704.1,3651.2,19.877,18.796,23.036,0.22304,0.078165,345.05,77.308,6.8742,13.838,33.086,4494.5,22.186,41.996,48.992,80.048,2.3049,1.7001,3097.5,42.363,53.516,94.44,9.4702,59.432,35.134,40.572,2634.5,63.635,27.288,52.135,0.34542,9.0575,25.997,120.4,1.1018,75.07,23.577,2.2878,53.136,4.8748,245.0,0.016262,0.80118,66.405,18.322,44.831
794,2026-04-19T07:39:00,48.864,21.977,26.596,33.559,41.551,2705.2,3684.8,20.739,18.796,23.018,0.22458,0.078165,345.3,77.553,6.8742,13.838,33.086,4475.4,21.812,43.905,49.324,80.149,2.3049,1.7001,3098.0,42.36,53.744,94.557,9.4198,61.441,36.11,40.832,2635.0,63.057,26.631,51.894,0.34329,9.0575,25.997,120.39,1.1018,75.955,23.577,2.2878,53.136,4.8748,247.8,0.016262,0.80118,66.38,18.322,44.831
795,2026-04-19T07:42:00,48.39,17.026,26.733,33.765,41.378,2703.8,3639.7,18.244,18.32,23.122,0.17459,0.078165,344.95,77.515,6.8488,13.746,32.884,4576.3,22.859,42.807,50.273,80.148,2.2984,1.7054,3097.0,42.085,53.903,94.398,9.4823,61.133,38.904,40.383,2633.7,63.637,26.912,52.056,0.33977,8.8838,26.027,120.39,1.0109,75.041,23.644,2.2774,53.136,4.8235,246.04,0.016262,0.80118,66.427,18.484,44.831
796,2026-04-19T07:45:00,51.54,17.046,26.647,33.765,41.161,2704.6,3694.9,18.286,18.32,22.892,0.17439,0.078165,344.79,77.257,6.8488,13.746,32.884,4536.3,22.842,50.099,50.656,80.262,2.2984,1.7054,3097.7,42.352,54.383,94.594,9.4412,61.928,40.03,40.139,2634.3,62.688,25.848,51.948,0.34177,8.8838,26.027,120.39,1.0109,73.645,23.644,2.2774,53.136,4.8235,247.28,0.016262,0.80118,66.474,18.484,44.831
797,2026-04-19T07:48:00,50.145,18.188,26.844,33.215,41.374,2703.4,3689.1,16.887,18.261,22.688,0.18518,0.097089,344.29,77.185,6.7222,13.64,32.531,4504.8,23.43,46.869,51.406,80.179,2.2676,1.6428,3097.4,42.273,54.423,94.597,9.3508,61.946,42.236,39.377,2632.4,63.029,23.405,51.374,0.32761,8.7823,26.056,120.41,1.2957,74.395,23.735,2.2829,53.4,4.8377,244.33,0.0069479,0.8143,66.477,18.403,44.121
798,2026-04-19T07:51:00,51.417,18.083,26.791,33.215,40.644,2702.4,3680.6,17.229,18.261,22.503,0.18625,0.097089,343.96,77.148,6.7222,13.64,32.531,4542.4,23.292,49.814,49.791,80.065,2.2676,1.6428,3096.9,42.391,53.973,94.499,9.2989,62.562,37.483,38.854,2631.0,63.175,24.66,51.077,0.3319,8.7823,26.056,120.39,1.2957,74.78,23.735,2.2829,53.4,4.8377,243.63,0.0069479,0.8143,66.389,18.403,44.121
799,2026-04-19T07:54:00,51.187,20.949,27.007,32.881,41.413,2701.8,3704.8,19.343,17.964,22.119,0.21459,0.097089,343.19,77.107,7.1102,13.862,32.209,4495.0,22.406,49.281,48.395,79.998,2.2883,1.6824,3098.6,42.505,54.795,94.463,9.3988,61.805,33.377,37.879,2630.7,63.961,24.866,50.788,0.31504,8.9632,26.122,120.38,1.2074,75.027,23.035,2.3574,53.4,4.8033,242.92,0.0069479,0.8143,66.326,18.552,44.121
800,2026-04-19T07:57:00,49.287,21.045,26.647,32.881,41.171,2704.0,3718.0,20.8,17.964,22.914,0.21361,0.097089,343.69,77.669,7.1102,13.862,32.209,4507.4,21.777,44.883,50.698,80.14,2.2883,1.6824,3098.7,42.502,54.646,94.531,9.3526,61.356,40.155,37.985,2634.5,63.734,23.956,50.555,0.31417,8.9632,26.122,120.39,1.2074,74.889,23.035,2.3574,53.4,4.8033,241.6,0.0069479,0.8143,66.275,18.552,44.121
801,2026-04-19T08:00:00,49.533,24.195,26.962,33.268,40.909,2702.1,3584.5,17.097,18.129,22.376,0.24016,0.097089,343.14,77.105,6.8741,13.72,32.253,4566.8,23.354,45.453,51.083,80.037,2.2669,1.7233,3098.4,42.704,53.62,94.551,9.4276,62.203,41.286,40.005,2630.7,62.595,24.3,50.231,0.3454,9.0345,26.274,120.39,1.2409,75.499,23.395,2.2692,53.4,4.9129,241.26,0.0069479,0.8143,66.275,18.293,44.121
802,2026-04-19T08:03:00,49.063,23.725,26.537,33.268,41.032,2705.3,3651.8,18.281,18.129,22.685,0.24493,0.096667,343.71,77.5,6.8741,13.72,32.253,4510.4,22.848,44.366,49.856,80.056,2.2669,1.7233,3098.5,42.451,54.295,94.791,9.375,62.628,37.677,40.647,2634.1,61.437,26.552,50.135,0.34014,9.0345,26.274,120.39,1.2409,75.229,23.395,2.2692,53.499,4.9129,241.63,0.025245,0.79322,66.185,18.293,44.177
803,2026-04-19T08:06:00,50.357,23.364,26.991,33.514,40.697,2707.7,3670.3,17.483,18.674,23.002,0.23923,0.096667,343.95,77.671,6.9697,13.858,32.635,4562.6,23.175,47.36,50.977,80.158,2.2721,1.6801,3102.2,42.849,54.367,94.589,9.2799,62.336,40.976,38.963,2637.4,63.086,25.735,49.961,0.32238,8.9177,25.965,120.38,1.1793,75.214,23.961,2.3495,53.499,4.8956,241.06,0.025245,0.79322,66.176,18.602,44.177
804,2026-04-19T08:09:00,50.23,23.572,26.614,33.514,41.345,2707.8,3670.8,14.671,18.674,22.67,0.23712,0.096667,343.56,77.439,6.9697,13.858,32.635,4586.6,24.365,47.067,49.173,80.072,2.2721,1.6801,3103.7,42.074,54.08,94.514,9.466,61.235,35.665,38.412,2636.4,63.078,26.503,49.921,0.3269,8.9177,25.965,120.42,1.1793,75.276,23.961,2.3495,53.499,4.8956,238.97,0.025245,0.79322,66.158,18.602,44.177
805,2026-04-19T08:12:00,50.751,19.633,26.896,32.962,40.903,2710.1,3625.2,20.374,18.425,22.949,0.19792,0.096667,343.64,77.603,6.7831,13.853,32.322,4497.3,21.95,48.272,50.855,80.3,2.2512,1.6903,3103.6,41.979,54.443,94.685,9.265,61.844,40.617,40.235,2638.7,62.987,24.294,49.846,0.34182,8.9484,26.597,120.39,1.2571,74.869,23.985,2.3775,53.499,4.859,237.29,0.025245,0.79322,66.155,18.593,44.177
806,2026-04-19T08:15:00,50.304,19.508,27.061,32.962,41.169,2706.1,3630.7,18.489,18.425,22.393,0.19919,0.096667,343.28,76.771,6.7831,13.853,32.322,4537.9,22.773,47.238,49.882,79.984,2.2512,1.6903,3102.5,41.844,53.957,94.656,9.5501,62.267,37.753,40.563,2634.8,62.892,25.039,49.55,0.33914,8.9484,26.597,120.4,1.2571,75.344,23.985,2.3775,53.499,4.859,238.09,0.025245,0.79322,66.157,18.593,44.177
807,2026-04-19T08:18:00,49.796,22.237,26.797,33.795,41.09,2706.0,3677.4,18.036,18.771,22.731,0.22592,0.11954,343.29,77.52,6.9139,13.773,32.11,4520.0,22.952,46.061,49.482,79.882,2.2556,1.6517,3100.8,42.36,54.225,94.599,9.3909,61.05,36.576,40.552,2635.1,63.73,26.549,48.943,0.33862,8.7288,25.892,120.4,1.3124,75.925,23.588,2.2596,53.505,4.8445,235.77,0.02444,0.80343,66.049,18.12,43.809
808,2026-04-19T08:21:00,50.041,22.068,27.077,33.795,41.785,2707.4,3687.5,16.385,18.771,22.76,0.22763,0.11954,342.95,77.539,6.9139,13.773,32.11,4525.0,23.644,46.63,48.192,80.088,2.2556,1.6517,3103.0,42.635,54.166,94.511,9.33,61.142,32.78,40.676,2636.9,63.556,26.335,48.349,0.33761,8.7288,25.892,120.43,1.3124,74.813,23.588,2.2596,53.505,4.8445,237.11,0.02444,0.80343,65.994,18.12,43.809
809,2026-04-19T08:24:00,49.031,24.168,26.546,33.081,41.43,2707.1,3645.3,18.372,17.948,22.188,0.24682,0.11954,342.83,76.973,6.9724,13.728,32.059,4582.7,22.822,44.292,50.59,80.085,2.257,1.6105,3103.8,42.602,54.706,94.541,9.4538,58.82,39.835,39.104,2635.9,63.166,27.081,48.161,0.33272,8.9973,25.747,120.4,1.2257,75.056,23.625,2.2372,53.505,4.837,233.87,0.02444,0.80343,65.967,18.667,43.809
810,2026-04-19T08:27:00,52.211,24.246,26.954,33.081,41.205,2706.6,3651.9,15.648,17.948,22.447,0.24603,0.11954,342.35,77.631,6.9724,13.728,32.059,4536.3,23.954,51.652,48.866,79.991,2.257,1.6105,3103.4,42.419,55.261,94.628,9.1944,64.138,34.764,39.196,2635.7,63.053,25.956,48.089,0.33197,8.9973,25.747,120.4,1.2257,75.419,23.625,2.2372,53.505,4.837,229.39,0.02444,0.80343,65.892,18.667,43.809
811,2026-04-19T08:30:00,50.598,24.733,27.172,32.733,40.832,2708.8,3630.6,19.674,18.1,22.516,0.25299,0.11954,342.78,77.146,7.0843,13.966,32.549,4515.3,22.268,47.918,50.115,80.177,2.2896,1.609,3105.3,42.228,54.233,94.519,9.3774,60.765,38.438,38.608,2637.3,62.849,25.31,47.614,0.32603,8.9475,26.125,120.38,1.2173,73.886,23.973,2.2687,53.505,4.8322,229.42,0.02444,0.80343,65.859,18.599,43.809
812,2026-04-19T08:33:00,48.938,24.864,27.215,32.733,41.551,2707.9,3608.2,18.906,18.1,22.427,0.25166,0.096939,342.57,77.306,7.0843,13.966,32.549,4493.3,22.595,44.076,50.74,79.937,2.2896,1.609,3103.2,42.339,54.496,94.749,9.1977,64.184,40.278,38.507,2636.0,63.234,24.175,47.037,0.32686,8.9475,26.125,120.41,1.2173,74.833,23.973,2.2687,53.435,4.8322,232.79,0.018747,0.80582,65.815,18.599,44.066
813,2026-04-19T08:36:00,52.909,19.892,26.765,33.321,39.759,2708.5,3596.3,16.227,18.482,22.683,0.20495,0.096939,342.55,77.769,6.8799,13.799,32.37,4528.6,23.708,53.267,47.92,80.076,2.2746,1.6755,3103.1,42.197,54.265,94.705,9.3253,61.954,31.978,41.362,2636.8,62.32,26.3,47.07,0.35607,8.9763,26.189,120.38,1.3279,75.081,23.705,2.3277,53.435,4.8267,228.16,0.018747,0.80582,65.728,18.987,44.066
814,2026-04-19T08:39:00,50.156,20.096,27.166,33.321,41.23,2708.9,3610.4,18.794,18.482,22.836,0.20287,0.096939,342.89,77.327,6.8799,13.799,32.37,4545.6,22.636,46.895,49.855,80.171,2.2746,1.6755,3103.0,42.371,54.062,94.784,9.3799,63.137,37.672,41.845,2637.7,62.076,24.109,46.725,0.35211,8.9763,26.189,120.42,1.3279,75.17,23.705,2.3277,53.435,4.8267,227.73,0.018747,0.80582,65.732,18.987,44.066
815,2026-04-19T08:42:00,49.364,21.805,26.778,33.042,40.285,2708.6,3633.5,16.803,18.543,22.485,0.21453,0.096939,342.76,77.172,6.742,13.909,32.377,4487.6,23.48,45.062,49.1,80.044,2.2528,1.6553,3104.3,42.037,53.802,94.634,9.4402,60.647,35.453,39.692,2637.6,63.377,24.742,46.382,0.33364,8.9075,26.033,120.42,1.3643,75.092,23.948,2.3372,53.435,4.8246,227.33,0.018747,0.80582,65.682,18.777,44.066
816,2026-04-19T08:45:00,50.584,21.322,26.764,33.042,40.915,2706.0,3670.7,19.316,18.543,22.411,0.21945,0.096939,342.48,77.131,6.742,13.909,32.377,4540.6,22.435,47.885,51.163,79.783,2.2528,1.6553,3102.0,42.383,53.168,94.757,9.3186,60.96,41.522,39.749,2634.4,62.737,26.546,46.042,0.33318,8.9075,26.033,120.4,1.3643,74.62,23.948,2.3372,53.435,4.8246,226.94,0.018747,0.80582,65.588,18.777,44.066
817,2026-04-19T08:48:00,50.823,21.054,26.985,33.034,41.261,2707.2,3720.8,17.064,18.789,22.583,0.21694,0.10871,342.62,77.121,6.8738,13.942,32.469,4484.7,23.385,48.439,50.428,79.906,2.2508,1.6521,3102.9,42.563,54.334,94.669,9.3679,62.659,39.359,41.164,2635.7,63.151,24.255,45.931,0.34623,8.9213,26.742,120.4,1.3022,75.357,23.851,2.2846,53.556,4.843,224.09,0.019665,0.80791,65.509,18.382,43.441
818,2026-04-19T08:51:00,49.604,21.277,26.668,33.034,40.811,2707.4,3705.8,16.2,18.789,22.538,0.21466,0.10871,342.84,77.3,6.8738,13.942,32.469,4512.9,23.743,45.618,50.65,80.055,2.2508,1.6521,3102.3,41.876,53.996,94.45,9.3737,61.173,40.014,41.044,2637.3,63.409,25.585,45.357,0.34721,8.9213,26.742,120.41,1.3022,75.081,23.851,2.2846,53.556,4.843,226.38,0.019665,0.80791,65.461,18.382,43.441
819,2026-04-19T08:54:00,50.988,19.92,26.595,32.766,41.203,2708.6,3670.3,17.787,18.449,22.748,0.20576,0.10871,342.06,77.727,6.7292,13.884,32.613,4535.7,23.053,48.821,51.24,80.259,2.2479,1.6302,3103.2,42.224,54.725,94.503,9.3955,61.12,41.749,41.601,2637.9,62.934,24.954,45.403,0.35102,8.6031,26.383,120.44,1.3695,74.769,23.709,2.2934,53.556,4.8109,221.71,0.019665,0.80791,65.474,18.989,43.441
820,2026-04-19T08:57:00,49.662,20.002,26.847,32.766,41.61,2706.9,3636.6,17.908,18.449,22.212,0.20492,0.10871,341.26,77.457,6.7292,13.884,32.613,4545.1,23.003,45.752,48.842,80.358,2.2479,1.6302,3104.7,42.448,54.612,94.655,9.332,63.466,34.693,41.539,2636.5,63.515,24.452,45.334,0.35153,8.6031,26.383,120.4,1.3695,75.131,23.709,2.2934,53.556,4.8109,218.29,0.019665,0.80791,65.518,18.989,43.441
821,2026-04-19T09:00:00,48.466,18.397,26.801,32.937,41.979,2703.5,3699.3,18.936,18.515,22.321,0.18618,0.10871,341.54,77.236,6.8328,13.681,32.184,4491.5,22.578,42.984,47.969,80.137,2.2544,1.6673,3100.5,42.653,53.781,94.481,9.1944,62.217,32.124,41.09,2632.0,63.779,24.686,44.934,0.34365,8.893,26.451,120.41,1.4343,75.364,23.454,2.3086,53.556,4.824,218.6,0.019665,0.80791,65.492,19.121,43.441
822,2026-04-19T09:03:00,50.481,18.304,27.212,32.937,41.346,2700.2,3733.1,19.358,18.515,22.308,0.18713,0.10062,340.9,76.833,6.8328,13.681,32.184,4478.9,22.42,47.648,49.824,80.018,2.2544,1.6673,3098.1,42.174,53.931,94.725,9.4183,59.689,37.582,40.963,2629.1,63.197,22.937,44.478,0.34469,8.893,26.451,120.41,1.4343,75.815,23.454,2.3086,53.863,4.824,219.65,0.019216,0.81866,65.447,19.121,43.678
823,2026-04-19T09:06:00,49.002,22.068,27.088,32.912,41.269,2699.2,3681.8,18.451,18.298,22.01,0.22737,0.10062,340.52,77.486,7.0448,13.704,32.751,4457.7,22.789,44.224,50.072,79.93,2.2773,1.6573,3098.1,42.484,53.813,94.509,9.4302,60.631,38.311,38.425,2628.1,63.266,25.911,44.225,0.32036,8.6532,26.408,120.41,1.2109,75.272,24.008,2.3273,53.863,4.9175,218.41,0.019216,0.81866,65.352,18.431,43.678
824,2026-04-19T09:09:00,49.565,22.204,26.704,32.912,41.402,2704.1,3688.6,18.044,18.298,22.246,0.22598,0.10062,340.87,77.759,7.0448,13.704,32.751,4505.8,22.946,45.527,50.517,80.337,2.2773,1.6573,3100.0,42.385,53.238,94.702,9.3608,61.971,39.621,38.005,2633.4,63.151,24.905,43.945,0.3238,8.6532,26.408,120.41,1.2109,75.288,24.008,2.3273,53.863,4.9175,217.5,0.019216,0.81866,65.315,18.431,43.678
825,2026-04-19T09:12:00,48.789,16.599,27.193,32.769,40.502,2701.8,3626.7,17.941,18.423,22.009,0.1676,0.10062,340.44,77.567,6.9349,13.941,32.573,4489.2,22.99,43.731,49.751,80.308,2.2256,1.6298,3100.2,42.276,55.129,94.582,9.3111,59.093,37.366,38.792,2630.5,62.303,25.428,43.793,0.32087,8.8216,26.188,120.37,1.146,74.994,23.872,2.2327,53.863,4.8313,215.1,0.019216,0.81866,65.352,18.52,43.678
826,2026-04-19T09:15:00,49.749,16.73,26.978,32.769,39.911,2701.4,3632.3,18.097,18.423,21.731,0.16627,0.10062,340.19,76.998,6.9349,13.941,32.573,4539.6,22.943,45.952,50.196,80.212,2.2256,1.6298,3100.2,42.095,54.527,94.862,9.4346,61.36,38.676,38.688,2629.1,62.207,23.796,43.37,0.32172,8.8216,26.188,120.35,1.146,74.984,23.872,2.2327,53.863,4.8313,215.79,0.019216,0.81866,65.307,18.52,43.678
