sample,timestamp,tag_01,tag_02,tag_03,tag_04,tag_05,tag_06,tag_07,tag_08,tag_09,tag_10,tag_11,tag_12,tag_13,tag_14,tag_15,tag_16,tag_17,tag_18,tag_19,tag_20,tag_21,tag_22,tag_23,tag_24,tag_25,tag_26,tag_27,tag_28,tag_29,tag_30,tag_31,tag_32,tag_33,tag_34,tag_35,tag_36,tag_37,tag_38,tag_39,tag_40,tag_41,tag_42,tag_43,tag_44,tag_45,tag_46,tag_47,tag_48,tag_49,tag_50,tag_51,tag_52
1,2026-04-07T13:00:00,51.571,26.151,26.476,33.164,40.779,2704.2,3679.5,21.014,18.947,22.231,0.26212,0.10698,340.78,77.318,6.9957,13.872,32.392,4538.3,21.74,50.169,51.102,80.199,2.2445,1.6558,3100.0,42.446,53.242,94.724,9.2487,61.088,41.343,38.673,2632.9,62.736,25.105,45.871,0.32368,8.8351,26.344,120.4,1.4076,75.976,23.66,2.3571,53.511,4.8805,221.68,0.0074736,0.83604,65.487,18.5,43.623
2,2026-04-07T13:03:00,49.742,22.568,27.027,33.015,41.063,2702.4,3641.2,18.119,18.543,22.207,0.233,0.10698,340.49,77.234,6.9099,13.905,32.678,4551.3,22.957,45.938,48.277,80.191,2.2683,1.6389,3100.2,42.318,54.36,94.687,9.232,62.013,33.028,39.832,2631.0,62.506,26.093,45.623,0.33517,8.7912,26.76,120.39,1.219,74.824,23.906,2.3727,53.511,4.8272,223.64,0.0074736,0.83604,65.512,18.761,43.623
3,2026-04-07T13:06:00,48.008,22.759,26.705,33.015,40.437,2702.2,3622.7,18.582,18.543,21.805,0.23105,0.08839,340.31,77.358,6.9099,13.905,32.678,4546.1,22.759,41.923,51.021,80.213,2.2683,1.6389,3099.8,42.079,54.423,94.636,9.2551,61.842,41.105,39.707,2630.6,62.824,23.804,45.631,0.3362,8.7912,26.76,120.38,1.219,74.807,23.906,2.3727,53.283,4.8272,224.28,0.027388,0.85309,65.502,18.761,44.248
4,2026-04-07T13:09:00,50.37,19.65,26.996,33.153,41.0,2700.3,3658.3,21.044,18.609,22.021,0.20009,0.08839,340.18,76.926,6.9544,13.899,31.804,4541.0,21.735,47.39,51.064,80.197,2.2661,1.6654,3097.8,42.297,53.867,94.854,9.3376,61.926,41.231,40.225,2629.3,62.898,25.766,45.71,0.33989,8.9569,25.902,120.41,1.3443,75.193,24.04,2.3055,53.283,4.8146,223.27,0.027388,0.85309,65.514,19.304,44.248
5,2026-04-07T13:12:00,51.319,19.757,26.861,33.153,40.516,2696.0,3667.2,18.33,18.609,21.597,0.19901,0.08839,339.43,77.144,6.9544,13.899,31.804,4592.0,22.884,49.586,50.617,79.898,2.2661,1.6654,3095.6,42.295,53.257,94.764,9.3117,61.16,39.915,40.292,2624.1,62.745,24.539,45.713,0.33934,8.9569,25.902,120.38,1.3443,74.697,24.04,2.3055,53.283,4.8146,223.12,0.027388,0.85309,65.499,19.304,44.248
6,2026-04-07T13:15:00,49.881,27.808,26.69,32.686,40.78,2699.6,3644.9,17.792,18.66,21.742,0.28504,0.08839,339.52,77.075,6.9284,14.0,32.058,4426.6,23.112,46.258,49.401,80.142,2.2834,1.6625,3097.6,42.173,53.86,94.863,9.2189,61.92,36.336,40.135,2627.3,62.691,25.686,45.76,0.34022,8.8784,25.911,120.42,1.3499,74.979,23.685,2.2253,53.283,4.8715,222.5,0.027388,0.85309,65.427,18.668,44.248
7,2026-04-07T13:18:00,50.597,27.87,26.846,32.686,39.972,2699.2,3641.7,17.62,18.66,21.776,0.28441,0.08839,339.52,77.27,6.9284,14.0,32.058,4469.6,23.18,47.916,51.912,80.168,2.2834,1.6625,3097.3,42.327,53.346,94.67,9.2678,60.179,43.726,40.451,2627.8,62.746,26.706,45.723,0.33763,8.8784,25.911,120.4,1.3499,75.532,23.685,2.2253,53.283,4.8715,222.82,0.027388,0.85309,65.467,18.668,44.248
8,2026-04-07T13:21:00,50.593,25.738,26.793,32.939,41.846,2699.4,3621.7,18.839,19.002,21.749,0.2624,0.10433,339.63,77.123,7.0312,13.856,32.227,4531.4,22.675,47.907,49.961,80.147,2.307,1.6831,3098.0,42.191,54.13,94.763,9.2442,59.249,37.986,41.734,2627.4,63.263,25.291,46.056,0.35089,9.0099,26.273,120.42,1.4996,75.122,23.7,2.3143,53.587,4.8596,224.04,0.026441,0.86898,65.476,18.406,43.537
9,2026-04-07T13:24:00,49.365,25.951,26.983,32.939,40.227,2699.0,3656.7,19.866,19.002,21.541,0.26024,0.10433,339.28,77.408,7.0312,13.856,32.227,4525.2,22.233,45.064,51.391,80.196,2.307,1.6831,3098.1,42.189,54.205,94.671,9.354,60.204,42.194,42.186,2626.9,62.659,24.839,46.072,0.34719,9.0099,26.273,120.38,1.4996,74.17,23.7,2.3143,53.587,4.8596,225.93,0.026441,0.86898,65.518,18.406,43.537
10,2026-04-07T13:27:00,50.751,24.274,26.744,32.951,41.12,2700.9,3599.5,19.055,19.11,21.898,0.24551,0.10433,339.72,77.045,6.9017,14.048,31.856,4566.8,22.582,48.272,49.658,80.273,2.315,1.6706,3099.1,42.391,54.391,94.843,9.2657,61.507,37.094,40.127,2629.7,62.65,25.509,46.188,0.3337,8.8167,25.997,120.41,1.3465,74.807,23.887,2.4224,53.587,4.9165,226.67,0.026441,0.86898,65.544,18.441,43.537
11,2026-04-07T13:30:00,50.889,24.193,26.849,32.951,41.034,2701.8,3603.9,17.167,19.11,21.494,0.24634,0.10433,339.14,77.579,6.9017,14.048,31.856,4543.5,23.36,48.592,48.94,80.264,2.315,1.6706,3100.5,42.025,54.67,94.683,9.175,62.896,34.98,40.353,2630.0,62.575,27.201,46.517,0.33184,8.8167,25.997,120.38,1.3465,73.765,23.887,2.4224,53.587,4.9165,225.02,0.026441,0.86898,65.571,18.441,43.537
12,2026-04-07T13:33:00,49.693,27.719,27.311,32.483,41.652,2703.5,3626.3,18.737,18.768,21.838,0.28522,0.10433,339.5,77.659,6.9961,13.752,32.339,4516.9,22.692,45.823,50.232,80.402,2.2908,1.6519,3102.7,42.211,54.962,94.78,9.3552,62.714,38.782,42.632,2631.8,63.244,24.847,46.354,0.35681,9.0527,26.279,120.41,1.3881,75.067,23.862,2.3347,53.587,4.9505,228.86,0.026441,0.86898,65.627,19.443,43.537
13,2026-04-07T13:36:00,50.659,27.673,27.066,32.483,41.094,2701.9,3663.9,20.567,18.768,21.415,0.28569,0.10857,339.09,77.005,6.9961,13.752,32.339,4534.6,21.938,48.058,49.612,80.245,2.2908,1.6519,3102.3,42.543,54.75,94.676,9.2371,61.89,36.958,43.063,2629.6,62.598,24.839,47.027,0.35328,9.0527,26.279,120.41,1.3881,75.136,23.862,2.3347,54.298,4.9505,228.38,0.022179,0.84186,65.67,19.443,44.018
14,2026-04-07T13:39:00,50.366,23.196,27.236,32.953,41.205,2701.3,3609.8,19.014,18.505,21.924,0.23967,0.10857,339.65,76.968,6.8343,13.971,32.238,4441.3,22.6,47.382,50.079,80.137,2.2576,1.6158,3099.1,42.567,53.379,94.801,9.2314,62.516,38.334,38.589,2629.7,62.639,25.188,47.379,0.32597,8.8734,26.147,120.39,1.3546,74.66,23.838,2.2663,54.298,4.8113,228.64,0.022179,0.84186,65.649,18.993,44.018
15,2026-04-07T13:42:00,50.481,23.313,27.082,32.953,39.93,2698.8,3626.4,17.947,18.505,21.913,0.23849,0.10857,339.86,77.063,6.8343,13.971,32.238,4458.7,23.054,47.646,49.104,80.008,2.2576,1.6158,3096.5,42.349,53.171,94.753,9.2384,59.906,35.464,38.954,2627.4,62.353,24.554,47.476,0.32298,8.8734,26.147,120.4,1.3546,75.268,23.838,2.2663,54.298,4.8113,231.78,0.022179,0.84186,65.653,18.993,44.018
16,2026-04-07T13:45:00,49.721,24.403,26.681,32.777,41.363,2700.1,3688.1,15.771,19.001,21.67,0.24484,0.10857,339.8,77.273,6.8773,13.768,31.85,4475.3,23.963,45.887,50.349,80.123,2.2477,1.6661,3099.2,42.302,54.004,94.825,9.2518,61.17,39.128,41.667,2628.3,62.679,24.87,47.723,0.34925,8.8325,25.928,120.42,1.1903,74.604,24.156,2.352,54.298,4.8423,233.22,0.022179,0.84186,65.651,19.493,44.018
17,2026-04-07T13:48:00,49.54,24.327,26.975,32.777,40.631,2699.4,3677.0,18.219,19.001,21.653,0.24562,0.10857,339.36,77.33,6.8773,13.768,31.85,4503.8,22.928,45.47,49.967,80.188,2.2477,1.6661,3099.7,42.66,53.662,94.646,9.2942,60.926,38.003,42.082,2627.8,62.869,25.035,47.883,0.34585,8.8325,25.928,120.39,1.1903,75.672,24.156,2.352,54.298,4.8423,235.63,0.022179,0.84186,65.686,19.493,44.018
18,2026-04-07T13:51:00,49.49,28.082,26.78,32.953,41.627,2699.9,3641.3,16.912,18.42,21.497,0.2856,0.10182,339.45,76.965,6.6822,13.791,32.341,4422.5,23.493,45.354,49.451,80.111,2.2375,1.6739,3100.3,42.441,53.329,94.641,9.4418,59.642,36.486,39.405,2627.5,63.132,26.031,47.728,0.32396,8.9489,26.585,120.42,1.3171,74.711,24.009,2.3493,54.587,4.8082,234.15,0.0070656,0.85708,65.754,18.771,43.778
19,2026-04-07T13:54:00,49.269,27.83,26.528,32.953,40.69,2701.8,3649.3,17.138,18.42,22.076,0.28816,0.10182,340.55,77.433,6.6822,13.791,32.341,4459.9,23.385,44.843,50.234,80.204,2.2375,1.6739,3099.3,42.477,52.882,94.61,9.4076,61.383,38.788,39.362,2630.9,62.993,23.953,47.726,0.32432,8.9489,26.585,120.39,1.3171,74.28,24.009,2.3493,54.587,4.8082,235.12,0.0070656,0.85708,65.723,18.771,43.778
20,2026-04-07T13:57:00,50.129,23.511,26.948,32.529,40.945,2702.8,3723.1,18.156,18.934,21.926,0.23888,0.10182,340.14,77.59,6.9067,13.835,32.088,4535.8,22.943,46.833,49.35,80.359,2.2394,1.7211,3101.5,42.283,53.685,94.515,9.2974,60.385,36.186,39.514,2631.2,63.531,24.623,47.967,0.3276,9.0149,26.124,120.43,1.3512,74.13,23.969,2.4289,54.587,4.9287,233.34,0.0070656,0.85708,65.808,19.007,43.778
21,2026-04-07T14:00:00,49.766,23.603,27.015,32.529,42.017,2702.7,3716.3,19.825,18.934,21.844,0.23795,0.10182,339.79,77.413,6.9067,13.835,32.088,4528.0,22.235,45.991,51.34,80.421,2.2394,1.7211,3102.4,42.993,53.779,94.428,9.3915,59.61,42.044,39.55,2631.3,63.648,26.214,48.177,0.32732,9.0149,26.124,120.42,1.3512,75.412,23.969,2.4289,54.587,4.9287,231.87,0.0070656,0.85708,65.879,19.007,43.778
22,2026-04-07T14:03:00,49.977,25.841,27.038,32.858,41.262,2701.4,3707.8,19.629,19.276,21.772,0.26367,0.10182,339.87,77.184,6.9001,14.003,32.381,4497.8,22.324,46.482,49.968,80.331,2.2901,1.6841,3099.9,42.226,53.541,94.414,9.3988,59.631,38.006,40.142,2630.0,61.907,24.245,48.205,0.33196,9.0404,26.483,120.39,1.2357,73.95,24.231,2.2846,54.587,4.9085,232.42,0.0070656,0.85708,65.903,19.016,43.778
23,2026-04-07T14:06:00,49.845,26.037,26.974,32.858,39.949,2698.4,3662.4,16.902,19.276,21.413,0.26168,0.089715,340.11,76.957,6.9001,14.003,32.381,4508.8,23.486,46.176,49.464,80.049,2.2901,1.6841,3098.6,42.569,53.409,94.731,9.3419,61.347,36.524,39.886,2626.8,62.689,24.903,48.612,0.33406,9.0404,26.483,120.38,1.2357,74.708,24.231,2.2846,54.352,4.9085,233.39,0.035447,0.86141,65.894,19.016,43.057
24,2026-04-07T14:09:00,48.63,22.829,27.35,33.032,40.916,2698.4,3621.2,16.533,18.806,22.037,0.23656,0.089715,340.06,77.084,7.0571,13.961,32.362,4452.7,23.645,43.363,50.43,80.013,2.2785,1.6579,3097.1,42.521,54.019,94.662,9.3196,60.773,39.366,41.973,2626.1,63.436,25.1,48.699,0.35486,9.2585,26.316,120.39,1.2681,74.702,24.024,2.2974,54.352,4.8761,235.38,0.035447,0.86141,65.84,18.53,43.057
25,2026-04-07T14:12:00,49.204,23.168,26.783,33.032,40.916,2700.2,3667.1,17.345,18.806,22.233,0.23311,0.089715,340.82,77.591,7.0571,13.961,32.362,4456.2,23.286,44.691,50.739,80.164,2.2785,1.6579,3096.9,42.29,53.977,94.74,9.3113,62.132,40.274,41.582,2628.6,62.645,23.613,48.846,0.35805,9.2585,26.316,120.39,1.2681,74.8,24.024,2.2974,54.352,4.8761,236.67,0.035447,0.86141,65.854,18.53,43.057
26,2026-04-07T14:15:00,49.219,22.959,27.245,32.322,41.076,2702.0,3579.6,17.961,18.541,22.125,0.23512,0.089715,340.34,77.271,7.0284,13.958,32.365,4528.8,23.029,44.725,51.249,80.327,2.2921,1.6587,3099.7,42.414,54.3,94.58,9.301,63.248,41.775,41.909,2629.9,62.684,24.028,49.235,0.34804,8.9509,25.801,120.37,1.1296,74.613,24.018,2.2817,54.352,4.8005,235.21,0.035447,0.86141,65.903,18.817,43.057
27,2026-04-07T14:18:00,47.664,23.171,26.688,32.322,40.555,2702.9,3608.3,16.681,18.541,21.307,0.23297,0.089715,340.09,77.234,7.0284,13.958,32.365,4519.8,23.569,41.128,50.13,80.215,2.2921,1.6587,3102.0,42.447,54.408,94.855,9.3436,59.382,38.482,41.728,2629.8,62.189,25.773,49.121,0.34952,8.9509,25.801,120.39,1.1296,74.686,24.018,2.2817,54.352,4.8005,239.36,0.035447,0.86141,65.92,18.817,43.057
28,2026-04-07T14:21:00,49.401,22.662,26.797,32.731,41.097,2703.4,3597.5,16.689,18.95,21.965,0.234,0.091868,340.46,77.593,6.7389,13.943,32.252,4510.9,23.557,45.148,49.208,80.159,2.2526,1.6325,3102.0,42.511,53.829,94.823,9.3539,61.95,35.769,41.399,2632.2,62.476,25.941,49.645,0.35336,9.1882,25.915,120.42,1.3889,75.359,23.867,2.2402,53.413,4.8486,238.08,0.0088307,0.83084,65.98,18.518,43.772
29,2026-04-07T14:24:00,50.63,22.643,26.88,32.731,40.753,2707.1,3640.2,17.582,18.95,22.087,0.2342,0.091868,341.22,77.892,6.7389,13.943,32.252,4506.8,23.159,47.992,49.311,80.442,2.2526,1.6325,3105.5,42.045,53.878,94.692,9.412,62.572,36.072,41.717,2635.6,61.741,25.595,49.733,0.35076,9.1882,25.915,120.39,1.3889,74.38,23.867,2.2402,53.413,4.8486,240.67,0.0088307,0.83084,66.045,18.518,43.772
30,2026-04-07T14:27:00,48.505,23.89,27.106,32.85,41.624,2708.2,3715.7,18.095,18.874,21.813,0.24071,0.091868,340.53,77.535,6.9172,13.673,31.98,4545.4,22.946,43.074,51.667,80.392,2.2117,1.6563,3108.5,42.522,54.167,94.559,9.4939,62.586,43.007,41.512,2636.1,62.979,25.699,50.275,0.3506,8.9979,26.742,120.43,1.3185,74.312,23.981,2.2696,53.413,4.7964,238.13,0.0088307,0.83084,66.104,18.852,43.772
31,2026-04-07T14:30:00,50.559,23.893,26.937,32.85,41.175,2707.8,3662.2,17.874,18.874,21.823,0.24068,0.091868,341.17,77.178,6.9172,13.673,31.98,4585.4,23.051,47.828,49.272,80.227,2.2117,1.6563,3107.6,42.299,53.688,94.481,9.4329,61.015,35.958,41.416,2636.8,63.9,24.186,50.13,0.35139,8.9979,26.742,120.43,1.3185,73.615,23.981,2.2696,53.413,4.7964,243.3,0.0088307,0.83084,66.139,18.852,43.772
32,2026-04-07T14:33:00,51.846,26.51,26.962,32.892,41.054,2707.8,3646.0,16.067,19.106,21.856,0.26837,0.091868,340.65,77.258,6.8333,13.903,32.007,4523.4,23.814,50.806,48.381,80.044,2.338,1.6957,3106.1,42.078,53.626,94.536,9.3612,63.143,33.335,38.021,2636.1,62.665,24.317,50.439,0.3198,9.0675,26.353,120.4,1.3702,73.882,23.377,2.2676,53.413,4.8719,243.41,0.0088307,0.83084,66.11,18.904,43.772
33,2026-04-07T14:36:00,51.883,26.501,27.063,32.892,42.375,2710.7,3654.4,21.122,19.106,22.431,0.26846,0.09155,341.88,77.151,6.8333,13.903,32.007,4515.4,21.685,50.891,50.284,80.18,2.338,1.6957,3107.5,42.2,53.722,94.604,9.4459,60.503,38.936,37.733,2639.6,62.521,25.743,50.172,0.32215,9.0675,26.353,120.43,1.3702,75.253,23.377,2.2676,52.813,4.8719,241.42,0.020191,0.83103,66.082,18.904,43.529
34,2026-04-07T14:39:00,49.178,26.381,27.258,32.505,41.391,2710.4,3703.8,16.077,18.654,22.535,0.2684,0.09155,341.58,77.37,6.9101,13.949,32.347,4445.4,23.805,44.631,49.32,80.095,2.2748,1.6351,3108.7,42.235,54.416,94.456,9.383,62.818,36.099,40.743,2639.0,62.413,26.436,50.098,0.34759,8.9854,26.428,120.42,1.2543,74.022,23.848,2.3864,52.813,4.8552,242.1,0.020191,0.83103,66.07,18.904,43.529
35,2026-04-07T14:42:00,49.797,26.182,26.469,32.505,41.546,2713.1,3671.9,20.921,18.654,22.19,0.27042,0.09155,342.26,77.415,6.9101,13.949,32.347,4494.2,21.757,46.065,49.451,80.219,2.2748,1.6351,3108.8,41.967,53.831,94.474,9.4086,62.049,36.484,41.14,2642.3,62.964,25.109,50.296,0.34435,8.9854,26.428,120.41,1.2543,74.079,23.848,2.3864,52.813,4.8552,239.71,0.020191,0.83103,66.091,18.904,43.529
36,2026-04-07T14:45:00,48.898,23.196,26.833,33.005,40.555,2710.0,3635.4,17.455,18.336,22.047,0.23516,0.09155,341.93,77.301,6.8235,13.836,32.144,4491.0,23.22,43.983,51.544,79.992,2.2409,1.6624,3107.8,42.24,53.849,94.543,9.4065,61.574,42.643,41.713,2638.8,62.926,25.271,50.172,0.35106,8.8964,26.438,120.37,1.3059,75.254,24.296,2.2832,52.813,4.8419,240.97,0.020191,0.83103,66.093,18.9,43.529
37,2026-04-07T14:48:00,49.631,22.933,27.078,33.005,41.485,2709.1,3624.2,17.728,18.336,22.445,0.23784,0.09155,342.46,76.884,6.8235,13.836,32.144,4494.2,23.127,45.679,51.244,79.823,2.2409,1.6624,3105.8,42.34,53.81,94.653,9.4481,62.698,41.762,41.803,2637.8,63.119,25.495,49.972,0.35033,8.8964,26.438,120.4,1.3059,75.387,24.296,2.2832,52.813,4.8419,243.08,0.020191,0.83103,66.025,18.9,43.529
38,2026-04-07T14:51:00,51.186,25.024,26.871,32.852,41.194,2709.5,3713.3,18.317,18.509,22.535,0.25473,0.10549,342.41,77.274,6.8334,14.137,31.747,4489.7,22.876,49.28,49.277,79.754,2.2667,1.6654,3106.1,42.311,53.852,94.598,9.453,63.782,35.971,39.923,2638.0,62.359,24.838,50.049,0.34169,8.8699,26.175,120.41,1.3547,75.085,24.138,2.3066,54.444,4.8354,242.11,0.031397,0.8323,65.962,18.842,44.378
39,2026-04-07T14:54:00,48.021,25.187,27.196,32.852,40.933,2711.8,3695.2,15.9,18.509,22.585,0.25308,0.10549,342.11,77.48,6.8334,14.137,31.747,4491.9,23.882,41.955,50.774,80.007,2.2667,1.6654,3108.2,42.372,53.825,94.559,9.4688,61.184,40.378,40.101,2640.3,62.671,25.213,49.981,0.34023,8.8699,26.175,120.38,1.3547,74.856,24.138,2.3066,54.444,4.8354,242.76,0.031397,0.8323,65.955,18.842,44.378
40,2026-04-07T14:57:00,50.843,28.985,26.85,33.114,41.721,2713.4,3677.3,17.408,18.462,22.679,0.29639,0.10549,342.87,77.694,6.9004,13.915,32.051,4487.5,23.236,48.486,51.375,80.126,2.2195,1.6717,3109.6,42.196,54.005,94.462,9.3588,61.906,42.145,44.599,2642.5,62.944,25.342,50.242,0.37148,8.8888,26.708,120.41,1.1605,74.56,24.426,2.1735,54.444,4.7294,239.7,0.031397,0.8323,66.031,18.75,44.378
41,2026-04-07T15:00:00,47.799,29.137,27.205,33.114,41.65,2712.6,3647.1,21.153,18.462,22.808,0.29484,0.10549,342.66,77.152,6.9004,13.915,32.051,4489.9,21.673,41.441,49.707,80.028,2.2195,1.6717,3108.5,41.874,53.977,94.461,9.3677,63.369,37.237,44.487,2641.9,63.462,25.97,50.22,0.3724,8.8888,26.708,120.39,1.1605,74.153,24.426,2.1735,54.444,4.7294,239.76,0.031397,0.8323,66.065,18.75,44.378
42,2026-04-07T15:03:00,49.138,26.26,27.47,32.801,40.649,2710.2,3653.3,19.255,18.579,22.621,0.2713,0.10549,343.08,77.057,6.9538,13.622,32.287,4497.2,22.487,44.54,51.401,79.677,2.2598,1.6633,3107.2,42.437,54.111,94.602,9.3468,61.437,42.224,41.484,2638.9,62.783,25.001,50.19,0.3506,8.9062,26.706,120.37,1.2032,74.527,24.203,2.3226,54.444,4.7782,239.99,0.031397,0.8323,65.97,18.848,44.378
43,2026-04-07T15:06:00,49.846,26.707,26.727,32.801,40.749,2712.2,3641.2,18.393,18.579,22.731,0.26675,0.097741,343.39,77.508,6.9538,13.622,32.287,4498.9,22.841,46.177,49.866,79.708,2.2598,1.6633,3106.8,41.889,54.091,94.564,9.3639,61.028,37.707,41.813,2640.9,62.991,23.872,50.002,0.34791,8.9062,26.706,120.38,1.2032,74.974,24.203,2.3226,53.0,4.7782,242.31,0.024293,0.83193,65.89,18.848,44.33
44,2026-04-07T15:09:00,48.95,24.245,27.28,33.108,41.051,2715.3,3668.5,18.65,18.418,23.059,0.2464,0.097741,343.84,77.563,6.9073,13.832,32.293,4536.0,22.728,44.104,50.427,79.901,2.24,1.6686,3109.4,42.437,53.402,94.623,9.4067,62.391,39.358,37.254,2643.8,62.01,25.125,50.22,0.32036,8.9128,26.06,120.41,1.164,75.984,24.094,2.3696,53.0,4.7955,239.91,0.024293,0.83193,65.916,18.376,44.33
45,2026-04-07T15:12:00,50.819,24.408,27.029,33.108,40.406,2718.6,3684.6,17.718,18.418,23.547,0.24475,0.097741,343.94,77.444,6.9073,13.832,32.293,4518.4,23.117,48.429,48.74,80.083,2.24,1.6686,3111.4,42.292,53.612,94.52,9.3572,59.689,34.393,37.575,2648.3,61.732,25.471,50.023,0.31773,8.9128,26.06,120.38,1.164,75.404,24.094,2.3696,53.0,4.7955,242.09,0.024293,0.83193,65.969,18.376,44.33
46,2026-04-07T15:15:00,49.688,24.113,26.353,33.303,41.599,2718.1,3660.5,17.248,18.613,22.83,0.24451,0.097741,343.76,77.242,6.8059,13.886,32.376,4536.0,23.315,45.812,50.509,79.955,2.2141,1.6693,3112.3,42.578,54.588,94.513,9.4924,61.085,39.598,40.246,2647.1,62.511,24.574,50.033,0.34071,8.8844,26.303,120.41,1.351,74.579,23.895,2.3616,53.0,4.7421,241.95,0.024293,0.83193,66.004,18.571,44.33
47,2026-04-07T15:18:00,49.927,23.945,27.103,33.303,40.488,2716.4,3637.4,18.122,18.613,23.245,0.24622,0.097741,343.93,76.98,6.8059,13.886,32.376,4571.3,22.963,46.364,49.924,79.753,2.2141,1.6693,3111.0,42.522,54.166,94.563,9.4224,61.833,37.877,40.072,2645.4,62.907,25.355,49.99,0.34214,8.8844,26.303,120.37,1.351,74.723,23.895,2.3616,53.0,4.7421,242.44,0.024293,0.83193,66.013,18.571,44.33
48,2026-04-07T15:21:00,50.767,23.013,27.111,32.882,40.972,2715.1,3649.1,17.617,17.593,23.038,0.23669,0.1072,343.97,77.373,6.8249,13.796,32.474,4549.4,23.17,48.31,50.422,79.551,2.2314,1.6629,3110.9,42.547,54.0,94.548,9.3149,61.853,39.341,41.093,2644.3,63.619,25.186,50.025,0.34613,8.9028,26.448,120.43,1.0867,74.719,24.543,2.3244,54.164,4.8373,241.91,-0.0025637,0.82965,65.908,18.316,44.658
49,2026-04-07T15:24:00,49.597,23.093,26.91,32.882,41.045,2717.4,3700.7,16.315,17.593,22.945,0.23587,0.1072,344.34,77.66,6.8249,13.796,32.474,4499.7,23.707,45.602,50.412,79.801,2.2314,1.6629,3111.8,42.119,54.595,94.481,9.3979,60.484,39.314,40.738,2647.1,62.732,26.173,50.082,0.34904,8.9028,26.448,120.4,1.0867,75.246,24.543,2.3244,54.164,4.8373,241.25,-0.0025637,0.82965,65.892,18.316,44.658
50,2026-04-07T15:27:00,50.64,22.101,26.928,33.215,41.925,2719.8,3651.8,19.851,18.533,23.102,0.22192,0.1072,343.88,77.64,6.7832,13.962,32.303,4553.0,22.207,48.016,48.311,80.058,2.2269,1.6488,3113.6,42.529,54.641,94.39,9.3885,62.583,33.128,39.754,2649.9,63.47,24.365,50.218,0.33754,8.9092,26.259,120.41,1.015,75.073,24.817,2.3465,54.164,4.8389,239.64,-0.0025637,0.82965,65.966,18.346,44.658
51,2026-04-07T15:30:00,49.191,21.925,27.273,33.215,41.15,2717.9,3674.1,19.798,18.533,22.988,0.22371,0.1072,343.65,77.339,6.7832,13.962,32.303,4521.9,22.235,44.661,49.673,79.896,2.2269,1.6488,3113.6,42.659,55.013,94.503,9.3179,60.519,37.139,39.459,2646.7,63.085,23.234,50.167,0.33996,8.9092,26.259,120.38,1.015,76.161,24.817,2.3465,54.164,4.8389,240.08,-0.0025637,0.82965,65.992,18.346,44.658
52,2026-04-07T15:33:00,50.669,23.283,27.201,33.137,41.76,2716.1,3682.6,19.783,18.293,22.832,0.23888,0.1072,344.0,77.334,6.8261,13.666,32.567,4568.8,22.248,48.082,49.404,79.78,2.2357,1.6441,3112.0,42.473,54.451,94.423,9.4701,59.711,36.346,42.225,2644.7,63.378,24.136,49.987,0.35452,8.9851,26.431,120.42,1.1409,75.771,24.392,2.2651,54.164,4.8764,242.05,-0.0025637,0.82965,65.982,18.7,44.658
53,2026-04-07T15:36:00,49.569,23.389,26.908,33.137,40.766,2715.6,3679.1,18.298,18.293,22.763,0.23781,0.089849,343.56,77.168,6.8261,13.666,32.567,4535.1,22.882,45.538,50.652,79.671,2.2357,1.6441,3109.8,42.412,54.855,94.56,9.4467,60.459,40.018,42.114,2644.2,63.44,24.201,49.825,0.35543,8.9851,26.431,120.39,1.1409,75.344,24.392,2.2651,52.606,4.8764,243.05,0.024348,0.81399,65.935,18.7,44.434
54,2026-04-07T15:39:00,49.719,20.687,27.144,33.2,41.282,2714.5,3664.3,18.41,17.902,22.911,0.20899,0.089849,343.66,77.149,6.8687,13.758,32.556,4523.6,22.837,45.884,50.678,79.766,2.2725,1.6312,3110.0,42.649,54.165,94.424,9.4089,60.963,40.094,37.614,2643.8,63.389,24.697,49.735,0.32723,8.8483,26.583,120.41,1.1765,74.875,24.354,2.2939,52.606,4.7733,243.68,0.024348,0.81399,65.926,18.823,44.434
55,2026-04-07T15:42:00,50.683,20.694,26.892,33.2,40.959,2713.5,3673.9,13.446,17.902,22.826,0.20893,0.089849,343.14,76.93,6.8687,13.758,32.556,4537.5,24.941,48.115,50.586,79.629,2.2725,1.6312,3108.4,42.378,53.999,94.639,9.3433,61.554,39.826,37.854,2642.0,63.226,25.429,49.94,0.32526,8.8483,26.583,120.39,1.1765,74.525,24.354,2.2939,52.606,4.7733,241.02,0.024348,0.81399,65.901,18.823,44.434
56,2026-04-07T15:45:00,48.405,20.516,26.723,33.124,41.699,2714.8,3628.6,17.621,18.545,23.253,0.20521,0.089849,343.7,77.386,6.8363,13.693,32.417,4509.4,23.167,42.843,48.643,79.832,2.2543,1.6675,3107.5,41.892,54.038,94.444,9.2666,63.245,34.106,39.178,2645.0,63.663,24.568,49.969,0.33308,8.907,26.538,120.41,1.1573,75.079,24.603,2.234,52.606,4.7053,240.34,0.024348,0.81399,65.9,18.159,44.434
57,2026-04-07T15:48:00,50.4,20.354,26.617,33.124,40.799,2715.0,3636.4,19.315,18.545,22.89,0.20687,0.089849,343.08,77.541,6.8363,13.693,32.417,4530.0,22.441,47.459,51.649,80.017,2.2543,1.6675,3109.2,42.456,53.791,94.558,9.4082,60.54,42.953,39.422,2644.9,63.528,25.169,49.851,0.33108,8.907,26.538,120.38,1.1573,74.675,24.603,2.234,52.606,4.7053,241.24,0.024348,0.81399,65.976,18.159,44.434
58,2026-04-07T15:51:00,50.469,21.305,27.272,32.957,41.837,2714.4,3676.9,19.047,18.348,22.879,0.21792,0.093662,342.76,77.082,6.9596,13.92,32.396,4558.9,22.565,47.62,52.481,79.949,2.2222,1.6475,3110.7,42.594,55.121,94.429,9.3025,61.438,45.402,38.144,2644.0,63.144,26.078,49.523,0.3262,8.9396,26.885,120.44,1.2973,75.497,24.02,2.2493,53.235,4.7574,239.71,0.0086018,0.79725,65.992,18.367,43.921
59,2026-04-07T15:54:00,52.331,21.305,26.794,32.957,40.022,2714.3,3677.0,18.194,18.348,22.861,0.21792,0.093662,342.72,77.471,6.9596,13.92,32.396,4562.6,22.91,51.929,51.733,80.018,2.2222,1.6475,3110.6,42.218,55.077,94.581,9.3473,61.386,43.199,38.673,2644.1,63.142,24.468,49.596,0.32186,8.9396,26.885,120.37,1.2973,75.419,24.02,2.2493,53.235,4.7574,236.39,0.0086018,0.79725,65.992,18.367,43.921
60,2026-04-07T15:57:00,50.358,21.304,26.994,32.708,41.543,2713.2,3637.6,20.61,18.083,22.793,0.21736,0.093662,341.97,76.864,7.0683,13.71,32.44,4569.7,21.91,47.363,48.706,79.942,2.2506,1.6791,3109.5,42.08,54.569,94.586,9.3725,61.873,34.293,41.479,2641.7,62.723,24.053,49.206,0.34852,8.7779,26.699,120.4,1.1981,75.611,24.215,2.2787,53.235,4.946,238.27,0.0086018,0.79725,66.009,18.409,43.921
61,2026-04-07T16:00:00,51.126,21.425,26.851,32.708,40.093,2707.5,3650.0,17.159,18.083,22.073,0.21613,0.093662,341.78,76.666,7.0683,13.71,32.44,4561.0,23.388,49.141,51.855,79.457,2.2506,1.6791,3105.8,42.624,54.673,94.856,9.3696,60.345,43.559,41.298,2635.5,62.51,26.413,48.88,0.35,8.7779,26.699,120.35,1.1981,74.966,24.215,2.2787,53.235,4.946,239.52,0.0086018,0.79725,65.903,18.409,43.921
62,2026-04-07T16:03:00,49.461,20.679,26.744,33.056,40.717,2710.2,3613.5,16.648,18.743,22.574,0.21043,0.093662,342.4,77.114,7.0902,13.967,31.985,4506.9,23.602,45.287,50.316,79.57,2.2712,1.6433,3104.8,42.39,55.282,94.743,9.423,61.203,39.029,38.196,2639.1,62.06,24.25,48.829,0.32932,9.0268,26.525,120.4,1.1731,73.842,24.345,2.2618,53.235,4.7561,237.73,0.0086018,0.79725,65.771,18.528,43.921
63,2026-04-07T16:06:00,50.722,20.962,26.962,33.056,39.94,2713.6,3612.6,17.84,18.743,22.564,0.20756,0.10243,341.85,77.424,7.0902,13.967,31.985,4561.2,23.088,48.204,52.099,79.809,2.2712,1.6433,3110.2,42.051,54.633,94.899,9.3433,59.609,44.276,38.912,2642.4,62.076,23.701,48.395,0.32345,9.0268,26.525,120.38,1.1731,75.193,24.345,2.2618,53.724,4.7561,234.85,0.024685,0.81183,65.683,18.528,43.572
64,2026-04-07T16:09:00,51.256,25.17,26.93,32.976,41.036,2716.5,3565.3,18.838,18.425,22.448,0.25228,0.10243,341.73,77.715,7.1109,13.882,32.293,4559.0,22.654,49.44,49.72,80.018,2.2703,1.645,3112.1,42.66,54.417,94.749,9.3624,59.4,37.276,42.339,2645.0,62.511,26.403,47.891,0.35181,8.7524,26.856,120.41,1.2139,75.282,24.281,2.2347,53.724,4.7566,235.77,0.024685,0.81183,65.732,18.565,43.572
65,2026-04-07T16:12:00,51.485,25.05,26.907,32.976,39.909,2718.9,3594.2,17.932,18.425,22.54,0.25349,0.10243,341.75,77.563,7.1109,13.882,32.293,4539.2,23.031,49.972,51.777,80.119,2.2703,1.645,3114.6,42.456,54.654,94.869,9.3052,61.361,43.328,42.203,2647.1,62.015,24.312,47.784,0.35292,8.7524,26.856,120.38,1.2139,75.033,24.281,2.2347,53.724,4.7566,232.2,0.024685,0.81183,65.756,18.565,43.572
66,2026-04-07T16:15:00,50.246,22.225,27.322,33.117,41.111,2716.8,3598.7,17.884,18.514,22.702,0.22364,0.10243,342.06,76.976,6.7229,13.606,31.848,4560.0,23.07,47.104,49.916,79.879,2.2531,1.6546,3113.8,42.072,54.355,94.782,9.2711,63.067,37.851,40.691,2645.0,61.548,25.02,47.431,0.34793,9.0078,26.601,120.42,1.352,75.408,24.568,2.2281,53.724,4.7631,231.43,0.024685,0.81183,65.732,18.597,43.572
67,2026-04-07T16:18:00,48.681,22.042,26.742,33.117,39.259,2718.4,3562.7,19.742,18.514,22.542,0.2255,0.10243,341.95,77.646,6.7229,13.606,31.848,4505.5,22.265,43.482,49.339,79.985,2.2531,1.6546,3114.5,42.326,55.007,94.806,9.385,61.436,36.155,40.855,2647.4,62.169,22.623,47.257,0.34658,9.0078,26.601,120.37,1.352,73.981,24.568,2.2281,53.724,4.7631,228.7,0.024685,0.81183,65.656,18.597,43.572
68,2026-04-07T16:21:00,49.416,26.494,26.945,33.114,42.126,2718.7,3694.5,19.665,18.399,22.727,0.26877,0.095343,342.2,76.974,6.7886,13.682,32.163,4555.4,22.324,45.182,51.558,79.752,2.2875,1.6509,3116.2,41.923,54.364,94.739,9.3061,60.902,42.684,37.431,2647.9,63.272,26.04,47.044,0.31318,9.0256,26.444,120.44,1.1153,75.206,24.771,2.3131,53.798,4.8013,229.99,0.040734,0.83308,65.63,18.673,44.169
69,2026-04-07T16:24:00,51.128,26.515,26.632,33.114,41.024,2720.1,3677.3,17.236,18.399,22.481,0.26855,0.095343,342.2,77.43,6.7886,13.682,32.163,4566.8,23.328,49.146,50.341,79.902,2.2875,1.6509,3117.5,42.226,54.227,94.409,9.295,60.54,39.103,37.503,2649.9,63.566,25.388,46.912,0.31259,9.0256,26.444,120.42,1.1153,75.445,24.771,2.3131,53.798,4.8013,228.37,0.040734,0.83308,65.571,18.673,44.169
70,2026-04-07T16:27:00,49.564,23.849,27.252,32.686,42.135,2720.3,3675.7,17.516,18.439,22.827,0.23857,0.095343,341.66,77.338,6.811,13.704,32.096,4528.5,23.21,45.525,50.217,79.965,2.249,1.6371,3116.9,42.311,54.523,94.479,9.274,61.823,38.74,38.305,2648.9,63.138,25.894,46.504,0.32056,8.9707,26.721,120.41,1.2159,74.858,24.249,2.2983,53.798,4.7604,229.86,0.040734,0.83308,65.551,18.995,44.169
71,2026-04-07T16:30:00,48.217,23.547,27.01,32.686,40.959,2716.6,3651.4,17.52,18.439,22.582,0.24165,0.095343,341.76,76.655,6.811,13.704,32.096,4567.7,23.227,42.408,49.337,79.901,2.249,1.6371,3114.3,42.506,54.054,94.568,9.3066,62.628,36.149,38.04,2646.5,63.555,26.129,46.316,0.32273,8.9707,26.721,120.4,1.2159,74.571,24.249,2.2983,53.798,4.7604,228.84,0.040734,0.83308,65.539,18.995,44.169
72,2026-04-07T16:33:00,48.839,24.369,27.225,32.635,41.235,2712.8,3677.9,18.672,18.186,22.755,0.24745,0.095343,341.57,76.793,6.7756,13.691,32.192,4527.5,22.755,43.847,49.733,79.497,2.2732,1.6619,3109.4,41.986,53.735,94.59,9.2752,61.093,37.314,38.353,2641.9,62.981,23.015,46.231,0.3233,8.8657,26.706,120.39,1.1898,74.111,24.363,2.325,53.798,4.771,226.8,0.040734,0.83308,65.446,18.804,44.169
73,2026-04-07T16:36:00,49.674,24.151,26.851,32.635,40.611,2712.0,3680.9,17.945,18.186,22.27,0.24967,0.1036,341.54,76.932,6.7756,13.691,32.192,4510.8,23.064,45.78,50.612,79.534,2.2732,1.6619,3107.7,41.943,53.934,94.674,9.2981,61.428,39.9,38.502,2640.8,62.929,24.305,46.438,0.32208,8.8657,26.706,120.4,1.1898,74.932,24.363,2.325,53.342,4.771,227.32,0.012529,0.83119,65.353,18.804,44.32
74,2026-04-07T16:39:00,49.377,23.754,26.878,32.781,41.455,2711.8,3675.7,17.393,18.737,22.344,0.23595,0.1036,341.29,77.209,6.858,13.848,31.825,4553.2,23.293,45.091,48.865,79.665,2.2745,1.6625,3109.2,42.603,53.876,94.664,9.3579,61.431,34.76,37.899,2640.3,63.413,24.3,46.399,0.32268,8.9298,26.703,120.42,1.3244,75.079,24.443,2.2621,53.342,4.7528,227.34,0.012529,0.83119,65.327,18.462,44.32
75,2026-04-07T16:42:00,50.244,23.507,27.068,32.781,41.496,2711.7,3670.9,18.007,18.737,22.552,0.23847,0.1036,341.66,77.18,6.858,13.848,31.825,4482.0,23.034,47.098,48.562,79.841,2.2745,1.6625,3109.1,42.485,54.728,94.531,9.2843,62.519,33.867,37.931,2640.5,63.495,27.589,46.265,0.32242,8.9298,26.703,120.4,1.3244,74.313,24.443,2.2621,53.342,4.7528,228.37,0.012529,0.83119,65.356,18.462,44.32
76,2026-04-07T16:45:00,49.943,27.056,27.23,32.487,40.958,2711.2,3686.0,18.992,18.15,22.129,0.2771,0.1036,340.95,77.213,7.0379,13.772,31.964,4536.9,22.617,46.403,51.21,79.896,2.2731,1.6215,3109.0,42.796,54.933,94.573,9.2937,61.279,41.662,40.146,2640.5,62.574,25.391,46.442,0.33797,8.9015,26.479,120.39,1.2076,74.728,24.494,2.3627,53.342,4.7419,225.86,0.012529,0.83119,65.391,18.884,44.32
77,2026-04-07T16:48:00,51.337,27.104,27.292,32.487,41.209,2711.6,3645.1,20.409,18.15,22.421,0.27661,0.1036,340.9,77.294,7.0379,13.772,31.964,4569.9,22.018,49.628,48.789,79.914,2.2731,1.6215,3108.7,42.44,54.539,94.582,9.3553,60.553,34.535,40.287,2640.5,63.278,25.351,46.288,0.33682,8.9015,26.479,120.41,1.2076,75.567,24.494,2.3627,53.342,4.7419,227.1,0.012529,0.83119,65.44,18.884,44.32
78,2026-04-07T16:51:00,51.27,26.212,26.912,32.512,41.261,2710.7,3629.6,18.932,18.699,22.378,0.26495,0.106,341.03,77.042,6.9671,13.836,31.917,4503.7,22.649,49.474,50.371,79.91,2.2299,1.6811,3108.6,42.638,54.313,94.731,9.3396,59.598,39.193,38.98,2639.1,61.905,24.664,46.102,0.33083,8.9784,27.054,120.38,1.2912,74.635,24.068,2.2539,53.814,4.8286,228.04,0.026058,0.8429,65.418,19.158,43.815
79,2026-04-07T16:54:00,50.611,26.043,26.878,32.512,40.171,2712.0,3594.0,19.101,18.699,22.784,0.26667,0.106,341.51,77.208,6.9671,13.836,31.917,4544.7,22.575,47.947,49.693,79.922,2.2299,1.6811,3106.7,42.178,53.823,94.74,9.2471,60.894,37.198,39.339,2641.3,62.518,24.924,46.326,0.32788,8.9784,27.054,120.38,1.2912,75.307,24.068,2.2539,53.814,4.8286,224.76,0.026058,0.8429,65.469,19.158,43.815
80,2026-04-07T16:57:00,50.666,26.784,27.066,32.515,41.483,2710.6,3648.5,20.515,18.753,22.208,0.27344,0.106,341.19,77.122,6.9964,13.788,32.264,4503.7,21.98,48.076,49.899,79.904,2.2696,1.6385,3108.1,42.28,53.6,94.745,9.3499,59.804,37.801,39.852,2638.8,62.087,26.694,46.104,0.3374,8.9624,26.477,120.4,1.3067,74.845,24.546,2.351,53.814,4.7395,226.47,0.026058,0.8429,65.438,18.641,43.815
81,2026-04-07T17:00:00,48.391,27.042,26.862,32.515,39.966,2710.0,3625.5,19.528,18.753,22.348,0.27082,0.106,341.28,77.216,6.9964,13.788,32.264,4537.1,22.397,42.81,48.901,79.777,2.2696,1.6385,3106.9,42.208,53.201,94.841,9.3542,59.548,34.866,40.165,2637.6,62.481,24.581,45.899,0.33483,8.9624,26.477,120.38,1.3067,74.812,24.546,2.351,53.814,4.7395,228.01,0.026058,0.8429,65.434,18.641,43.815
82,2026-04-07T17:03:00,51.797,23.981,27.037,32.626,40.828,2709.3,3573.8,17.486,18.617,22.436,0.23677,0.106,341.29,77.238,6.9144,13.588,31.806,4551.4,23.259,50.694,50.613,79.798,2.2332,1.704,3106.5,42.019,54.276,94.725,9.3751,61.231,39.904,39.092,2638.5,63.022,25.326,46.156,0.33312,8.8952,26.335,120.43,1.3156,74.539,24.22,2.2457,53.814,4.7723,224.38,0.026058,0.8429,65.41,18.871,43.815
83,2026-04-07T17:06:00,50.174,23.497,26.916,32.626,40.413,2711.8,3611.8,14.601,18.617,22.28,0.24169,0.091041,341.17,77.439,6.9144,13.588,31.806,4533.4,24.463,46.936,49.288,80.011,2.2332,1.704,3108.8,41.988,54.491,94.832,9.3911,61.723,36.003,39.569,2640.3,62.368,26.074,46.117,0.32922,8.8952,26.335,120.38,1.3156,75.07,24.22,2.2457,53.785,4.7723,227.44,0.030849,0.84451,65.41,18.871,43.597
84,2026-04-07T17:09:00,50.355,28.201,26.823,33.126,40.728,2714.1,3629.2,16.494,18.353,22.568,0.28574,0.091041,341.34,77.054,6.8486,13.92,32.429,4533.2,23.666,47.355,48.35,80.215,2.2694,1.6266,3109.6,42.097,53.933,94.681,9.1509,61.491,33.246,36.652,2644.1,62.719,25.915,46.2,0.30753,8.9988,26.777,120.4,1.2127,75.319,24.088,2.2664,53.785,4.8592,227.16,0.030849,0.84451,65.509,18.451,43.597
85,2026-04-07T17:12:00,49.963,28.077,26.664,33.126,41.289,2712.3,3638.7,18.662,18.353,22.112,0.287,0.091041,341.29,76.887,6.8486,13.92,32.429,4542.1,22.763,46.448,49.713,79.909,2.2694,1.6266,3109.3,42.21,53.827,94.656,9.1677,60.844,37.257,37.056,2640.8,62.555,26.626,46.513,0.30423,8.9988,26.777,120.4,1.2127,75.187,24.088,2.2664,53.785,4.8592,224.3,0.030849,0.84451,65.522,18.451,43.597
86,2026-04-07T17:15:00,50.088,22.315,26.973,32.867,41.217,2708.3,3662.9,20.613,18.606,22.422,0.22644,0.091041,341.68,76.736,6.6053,13.86,32.053,4545.5,21.956,46.738,50.356,79.684,2.2588,1.6385,3105.4,42.513,54.836,94.856,9.3296,59.659,39.147,40.77,2637.1,62.716,25.81,46.408,0.3458,9.0108,26.178,120.39,1.1426,75.242,23.87,2.3348,53.785,4.8592,226.19,0.030849,0.84451,65.448,19.233,43.597
87,2026-04-07T17:18:00,49.422,22.276,26.693,32.867,41.05,2707.1,3672.1,18.179,18.606,22.013,0.22684,0.091041,340.92,76.92,6.6053,13.86,32.053,4572.1,22.983,45.197,49.287,79.653,2.2588,1.6385,3104.5,42.213,54.517,94.674,9.3452,61.038,36.002,40.741,2635.8,62.558,25.935,46.254,0.34604,9.0108,26.178,120.4,1.1426,75.547,23.87,2.3348,53.785,4.8592,228.68,0.030849,0.84451,65.374,19.233,43.597
88,2026-04-07T17:21:00,49.88,26.007,27.224,33.243,41.372,2707.5,3734.6,18.192,18.844,22.438,0.26053,0.10321,340.55,77.339,6.7788,13.825,32.054,4500.2,22.966,46.257,49.673,79.833,2.2913,1.6592,3105.1,42.661,53.448,94.652,9.0736,63.236,37.137,40.48,2636.0,63.761,26.686,46.482,0.33571,8.8638,26.586,120.41,1.237,75.572,24.378,2.3351,54.221,4.7903,227.48,0.022963,0.86802,65.38,19.087,44.044
89,2026-04-07T17:24:00,50.696,25.599,27.357,33.243,41.113,2705.8,3728.7,16.648,18.844,21.993,0.26467,0.10321,340.3,77.192,6.7788,13.825,32.054,4509.8,23.617,48.145,50.803,79.944,2.2913,1.6592,3105.4,42.4,53.332,94.412,9.2082,62.05,40.464,39.988,2634.1,63.863,26.607,46.401,0.33974,8.8638,26.586,120.43,1.237,73.993,24.378,2.3351,54.221,4.7903,229.33,0.022963,0.86802,65.427,19.087,44.044
90,2026-04-07T17:27:00,49.725,25.658,26.976,32.663,41.647,2706.3,3701.1,18.044,18.617,22.006,0.26667,0.10321,340.76,77.486,6.6631,13.978,31.831,4509.5,23.013,45.897,49.748,80.155,2.2146,1.6191,3104.4,42.298,53.631,94.535,9.2086,58.624,37.359,39.312,2635.0,62.996,25.471,46.659,0.33791,8.8454,26.635,120.42,1.3063,75.761,24.059,2.3432,54.221,4.7012,227.38,0.022963,0.86802,65.489,19.044,44.044
91,2026-04-07T17:30:00,50.063,25.808,26.869,32.663,41.117,2702.8,3713.3,18.65,18.617,21.949,0.26515,0.10321,340.49,77.031,6.6631,13.978,31.831,4472.3,22.774,46.679,51.319,80.027,2.2146,1.6191,3101.3,42.412,54.076,94.434,9.3289,62.035,41.983,39.97,2631.6,62.786,24.671,46.841,0.33252,8.8454,26.635,120.39,1.3063,75.231,24.059,2.3432,54.221,4.7012,226.26,0.022963,0.86802,65.531,19.044,44.044
92,2026-04-07T17:33:00,51.53,28.302,26.826,32.547,41.642,2702.2,3691.1,20.544,18.491,22.056,0.28811,0.10321,339.84,77.109,6.9287,13.93,31.942,4499.7,21.977,50.076,49.359,80.0,2.2826,1.6933,3100.1,42.886,53.803,94.649,9.2582,61.594,36.215,42.061,2630.1,64.335,25.745,46.874,0.34979,8.9805,26.69,120.42,1.1288,75.64,24.405,2.1846,54.221,4.7557,226.79,0.022963,0.86802,65.562,18.51,44.044
93,2026-04-07T17:36:00,49.194,28.297,26.608,32.547,40.959,2698.9,3706.9,16.602,18.491,21.201,0.28817,0.085842,339.98,76.911,6.9287,13.93,31.942,4531.2,23.645,44.67,50.238,79.977,2.2826,1.6933,3098.8,42.164,53.426,94.47,9.3571,61.163,38.802,41.985,2627.1,64.062,26.751,47.271,0.35041,8.9805,26.69,120.39,1.1288,75.994,24.405,2.1846,53.295,4.7557,230.39,0.017913,0.87425,65.594,18.51,45.23
94,2026-04-07T17:39:00,50.808,27.507,26.868,33.083,40.837,2699.1,3656.0,15.638,19.013,21.772,0.28091,0.085842,339.86,77.134,6.8556,13.883,31.862,4570.2,24.044,48.403,50.79,80.055,2.3029,1.6606,3097.4,42.028,54.272,94.631,9.3053,61.327,40.426,41.287,2627.4,62.691,26.093,47.507,0.34725,8.913,26.481,120.41,1.1949,74.534,24.096,2.3355,53.295,4.7966,231.74,0.017913,0.87425,65.638,18.601,45.23
95,2026-04-07T17:42:00,49.591,27.582,26.683,33.083,40.727,2700.5,3650.3,18.137,19.013,21.41,0.28014,0.085842,340.04,77.447,6.8556,13.883,31.862,4564.2,22.979,45.587,49.621,80.227,2.3029,1.6606,3099.1,42.379,54.344,94.564,9.3675,57.721,36.983,41.48,2628.3,62.788,25.117,47.735,0.34567,8.913,26.481,120.39,1.1949,75.407,24.096,2.3355,53.295,4.7966,233.14,0.017913,0.87425,65.715,18.601,45.23
96,2026-04-07T17:45:00,48.336,28.526,26.853,32.673,40.694,2702.5,3666.2,17.215,19.089,21.899,0.29203,0.085842,339.72,77.54,6.8169,13.743,31.921,4543.6,23.354,42.684,51.055,80.447,2.2774,1.6526,3100.6,42.612,54.403,94.678,9.3238,63.522,41.206,41.099,2631.3,63.147,24.502,48.251,0.33953,8.9822,26.625,120.4,1.2751,75.733,23.846,2.2973,53.295,4.829,231.25,0.017913,0.87425,65.794,18.516,45.23
97,2026-04-07T17:48:00,49.058,28.484,26.448,32.673,41.296,2700.3,3659.9,15.441,19.089,21.457,0.29245,0.085842,339.84,77.292,6.8169,13.743,31.921,4550.7,24.106,44.353,51.236,80.309,2.2774,1.6526,3099.8,42.48,54.319,94.491,9.2393,60.237,41.738,40.467,2628.9,63.255,25.035,48.347,0.34472,8.9822,26.625,120.42,1.2751,75.507,23.846,2.2973,53.295,4.829,234.03,0.017913,0.87425,65.884,18.516,45.23
98,2026-04-07T17:51:00,50.738,28.238,26.785,32.932,46.449,2698.7,3670.2,18.761,18.821,21.521,0.28974,0.096491,339.28,76.95,6.8984,13.942,32.119,4553.2,22.72,48.241,51.687,80.227,2.2666,1.6372,3099.3,42.689,54.534,94.903,9.2489,62.761,43.065,38.875,2626.9,63.459,23.851,48.831,0.32698,8.7136,26.135,120.54,1.4309,74.864,23.941,2.3579,53.369,4.772,234.95,0.014896,0.84744,65.963,19.136,42.587
99,2026-04-07T17:54:00,49.161,28.387,27.014,32.932,45.058,2697.1,3663.5,19.213,18.821,21.331,0.28823,0.096491,339.33,77.297,6.8984,13.942,32.119,4556.7,22.525,44.593,51.184,80.16,2.2666,1.6372,3098.3,42.413,54.492,94.451,9.2662,59.184,41.584,38.871,2625.1,63.575,24.8,49.281,0.32701,8.7136,26.135,120.45,1.4309,75.987,23.941,2.3579,53.369,4.772,234.84,0.014896,0.84744,65.945,19.136,42.587
100,2026-04-07T17:57:00,50.022,26.902,27.115,32.553,44.661,2697.2,3654.2,16.12,18.308,21.493,0.26845,0.096491,338.7,77.752,6.9793,14.024,31.755,4476.9,23.812,46.586,48.495,80.307,2.2786,1.6468,3096.0,42.139,53.916,94.806,9.2728,60.827,33.672,41.977,2625.0,63.044,25.611,49.658,0.34533,8.9651,26.033,120.43,1.4637,75.399,23.763,2.2985,53.369,4.8694,235.54,0.014896,0.84744,66.011,18.902,42.587
101,2026-04-07T18:00:00,50.359,26.581,26.584,32.553,45.246,2697.9,3634.0,17.126,18.308,21.265,0.27171,0.096491,339.15,77.296,6.9793,14.024,31.755,4548.3,23.388,47.366,50.103,80.525,2.2786,1.6468,3097.5,42.143,53.061,94.577,9.2417,61.612,38.404,41.575,2625.9,63.391,24.992,49.947,0.34862,8.9651,26.033,120.44,1.4637,74.898,23.763,2.2985,53.369,4.8694,237.14,0.014896,0.84744,66.098,18.902,42.587
102,2026-04-07T18:03:00,50.551,30.57,26.394,32.695,45.023,2694.6,3628.2,15.744,18.934,21.052,0.30684,0.096491,339.18,77.27,6.916,13.867,31.836,4510.3,23.976,47.808,48.684,80.206,2.3099,1.6183,3095.6,42.439,54.05,94.78,9.1806,61.367,34.226,42.949,2622.1,62.727,27.108,50.166,0.3574,8.9777,26.245,120.39,1.4074,75.352,24.329,2.3931,53.369,4.8265,239.52,0.014896,0.84744,66.156,18.499,42.587
103,2026-04-07T18:06:00,50.55,30.478,26.837,32.695,44.604,2694.6,3617.4,18.425,18.934,21.433,0.30777,0.10368,339.16,77.097,6.916,13.867,31.836,4515.8,22.855,47.807,49.246,80.202,2.3099,1.6183,3095.3,42.533,53.985,94.756,9.2704,59.406,35.882,42.923,2623.0,62.912,26.805,50.042,0.35762,8.9777,26.245,120.4,1.4074,75.902,24.329,2.3931,54.245,4.8265,238.57,0.023175,0.85629,66.183,18.499,43.568
104,2026-04-07T18:09:00,50.101,29.863,26.669,32.937,44.145,2696.8,3661.6,17.138,18.961,21.73,0.30651,0.10368,339.87,77.24,6.9387,13.858,31.96,4581.6,23.394,46.768,50.651,80.271,2.2661,1.6606,3095.7,41.919,54.198,94.703,9.3881,61.492,40.016,40.822,2625.0,62.645,24.688,49.972,0.34188,8.7959,26.046,120.38,1.3816,74.614,23.59,2.2795,54.245,4.8244,241.07,0.023175,0.85629,66.17,19.198,43.568
105,2026-04-07T18:12:00,49.626,30.113,26.767,32.937,44.89,2698.5,3654.2,17.455,18.961,21.593,0.30397,0.10368,339.44,77.743,6.9387,13.858,31.96,4551.4,23.238,45.669,48.954,80.445,2.2661,1.6606,3098.9,42.259,54.559,94.61,9.384,59.31,35.022,40.744,2626.5,62.772,25.806,50.138,0.34251,8.7959,26.046,120.39,1.3816,74.628,23.59,2.2795,54.245,4.8244,240.91,0.023175,0.85629,66.21,19.198,43.568
106,2026-04-07T18:15:00,49.471,29.369,26.401,32.768,45.051,2698.4,3662.5,19.049,18.846,21.353,0.29362,0.10368,339.56,77.115,6.8801,13.807,32.211,4491.3,22.577,45.311,50.871,80.467,2.2823,1.6653,3098.3,42.531,53.551,94.629,9.4278,60.085,40.662,40.849,2626.6,62.389,24.296,50.228,0.34004,9.1019,25.962,120.4,1.2522,74.827,23.878,2.302,54.245,4.7911,241.53,0.023175,0.85629,66.294,18.92,43.568
107,2026-04-07T18:18:00,50.506,29.161,27.289,32.768,44.724,2695.4,3620.9,17.722,18.846,21.755,0.29574,0.10368,339.53,77.079,6.8801,13.807,32.211,4458.6,23.141,47.704,48.714,80.217,2.2823,1.6653,3096.1,42.264,53.942,94.607,9.3158,61.08,34.314,41.142,2623.5,63.104,25.879,50.22,0.33763,9.1019,25.962,120.37,1.2522,74.976,23.878,2.302,54.245,4.7911,243.3,0.023175,0.85629,66.28,18.92,43.568
108,2026-04-07T18:21:00,50.039,26.697,27.318,32.751,45.237,2697.4,3676.2,17.637,18.789,22.016,0.27433,0.093959,340.26,77.595,6.8956,13.797,31.903,4491.2,23.159,46.624,50.761,80.332,2.2591,1.6799,3095.3,42.361,54.188,94.67,9.4062,60.187,40.34,40.157,2625.5,62.641,27.065,50.708,0.3348,8.7814,26.025,120.42,1.373,75.162,23.527,2.2624,53.55,4.9057,242.39,0.022314,0.85762,66.259,18.592,44.755
109,2026-04-07T18:24:00,48.392,26.839,26.972,32.751,45.177,2696.8,3688.2,17.654,18.789,21.667,0.27288,0.093959,340.36,77.269,6.8956,13.797,31.903,4490.8,23.16,42.814,49.68,80.318,2.2591,1.6799,3095.6,42.295,54.192,94.689,9.3756,60.125,37.157,39.948,2624.8,62.434,24.698,51.071,0.33652,8.7814,26.025,120.38,1.373,75.09,23.527,2.2624,53.55,4.9057,241.2,0.022314,0.85762,66.278,18.592,44.755
110,2026-04-07T18:27:00,47.054,29.847,26.905,32.946,45.049,2696.0,3647.0,18.578,18.676,21.75,0.30468,0.093959,340.21,77.168,6.9112,13.869,32.219,4521.0,22.774,39.716,50.667,80.228,2.2539,1.6666,3095.4,42.581,54.639,94.545,9.241,62.206,40.062,39.976,2624.5,63.002,25.004,51.209,0.33377,8.9232,26.074,120.41,1.2697,75.399,23.021,2.3374,53.55,4.9037,242.55,0.022314,0.85762,66.321,18.868,44.755
111,2026-04-07T18:30:00,50.836,29.885,27.077,32.946,44.752,2694.9,3647.4,16.76,18.676,21.612,0.30428,0.093959,340.47,76.98,6.9112,13.869,32.219,4547.2,23.553,48.468,51.049,80.093,2.2539,1.6666,3093.9,42.678,54.325,94.654,9.3352,62.223,41.187,39.881,2623.5,62.996,24.678,51.425,0.33455,8.9232,26.074,120.38,1.2697,75.617,23.021,2.3374,53.55,4.9037,243.06,0.022314,0.85762,66.3,18.868,44.755
112,2026-04-07T18:33:00,51.04,27.21,26.545,32.623,44.679,2694.5,3649.8,19.85,19.005,21.828,0.27302,0.093959,340.6,77.222,6.9773,13.895,32.033,4486.0,22.248,48.941,49.886,80.127,2.278,1.6606,3091.6,42.124,54.388,94.69,9.2459,63.774,37.766,41.243,2623.1,62.798,27.324,51.438,0.33922,9.0383,25.948,120.37,1.3549,75.221,23.594,2.2947,53.55,4.8536,245.84,0.022314,0.85762,66.28,18.914,44.755
113,2026-04-07T18:36:00,51.746,26.913,26.704,32.623,44.719,2694.3,3655.1,20.184,19.005,21.786,0.27604,0.10474,340.63,77.376,6.9773,13.895,32.033,4539.7,22.103,50.574,50.069,80.171,2.278,1.6606,3091.8,42.03,53.744,94.624,9.2988,61.015,38.304,40.724,2623.0,62.707,26.322,51.76,0.34348,9.0383,25.948,120.38,1.3549,75.83,23.594,2.2947,53.924,4.8536,245.93,0.023153,0.8414,66.309,18.914,43.153
114,2026-04-07T18:39:00,50.854,28.658,26.316,33.25,43.477,2694.8,3669.1,14.547,19.166,21.207,0.29545,0.10474,340.12,77.447,6.9677,13.985,31.894,4540.8,24.47,48.51,50.748,80.34,2.2819,1.7027,3094.2,42.266,53.601,94.633,9.3216,60.775,40.3,41.305,2622.9,61.827,25.597,51.93,0.34524,9.0018,26.245,120.37,1.2967,75.226,23.566,2.2617,53.924,4.7576,247.24,0.023153,0.8414,66.349,18.883,43.153
115,2026-04-07T18:42:00,50.083,28.502,27.024,33.25,45.53,2695.3,3636.6,21.651,19.166,22.047,0.29704,0.10474,340.59,77.319,6.9677,13.985,31.894,4532.7,21.477,46.727,51.838,80.402,2.2819,1.7027,3093.0,42.079,53.698,94.754,9.2373,58.588,43.508,40.975,2624.2,62.386,24.879,52.196,0.34794,9.0018,26.245,120.39,1.2967,75.246,23.566,2.2617,53.924,4.7576,247.43,0.023153,0.8414,66.408,18.883,43.153
116,2026-04-07T18:45:00,51.263,30.465,27.173,32.651,44.589,2694.8,3651.3,14.959,19.021,21.801,0.30862,0.10474,340.36,77.259,6.9292,13.93,32.436,4489.5,24.298,49.456,49.446,80.255,2.2996,1.6593,3093.6,42.448,54.268,94.668,9.2525,61.058,36.47,42.766,2622.5,62.132,27.096,52.597,0.35448,8.9188,25.854,120.4,1.5376,75.563,23.179,2.4121,53.924,4.8743,246.09,0.023153,0.8414,66.477,19.172,43.153
117,2026-04-07T18:48:00,49.62,30.593,26.82,32.651,44.234,2694.2,3653.6,17.117,19.021,21.649,0.30732,0.10474,340.9,77.11,6.9292,13.93,32.436,4568.9,23.393,45.654,49.06,80.232,2.2996,1.6593,3093.4,42.483,53.318,94.71,9.3286,61.837,35.334,42.624,2624.0,62.092,25.808,52.668,0.35565,8.9188,25.854,120.37,1.5376,74.995,23.179,2.4121,53.924,4.8743,248.48,0.023153,0.8414,66.498,19.172,43.153
118,2026-04-07T18:51:00,51.397,25.12,27.017,33.26,44.37,2695.3,3635.2,19.767,18.854,22.089,0.25864,0.10443,341.51,77.384,6.8446,13.942,32.133,4486.0,22.273,49.767,49.349,80.241,2.2607,1.6554,3091.9,42.504,53.561,94.654,9.307,62.675,36.184,41.797,2623.8,62.683,25.029,52.623,0.3518,8.9099,25.961,120.38,1.3981,74.609,23.255,2.2492,52.938,4.8502,247.8,0.013561,0.84111,66.484,19.096,43.359
119,2026-04-07T18:54:00,49.351,25.387,26.788,33.26,44.229,2694.2,3588.1,18.811,18.854,21.814,0.25593,0.10443,341.04,77.32,6.8446,13.942,32.133,4437.4,22.679,45.032,50.004,80.129,2.2607,1.6554,3091.7,42.513,54.143,94.712,9.4039,60.919,38.112,41.828,2622.2,63.494,25.914,52.637,0.35155,8.9099,25.961,120.38,1.3981,74.85,23.255,2.2492,52.938,4.8502,248.89,0.013561,0.84111,66.47,19.096,43.359
120,2026-04-07T18:57:00,49.842,28.014,26.827,33.348,45.073,2694.4,3640.9,19.946,18.777,22.014,0.28584,0.10443,341.56,77.42,6.9216,14.007,32.674,4478.6,22.198,46.168,48.999,80.156,2.2652,1.6672,3092.2,41.857,53.775,94.704,9.4861,61.513,35.154,42.251,2623.5,63.323,25.689,52.708,0.35209,8.9154,25.846,120.4,1.1915,73.693,23.238,2.2953,52.938,4.9384,249.4,0.013561,0.84111,66.487,19.342,43.359
121,2026-04-07T19:00:00,51.265,27.918,27.084,33.348,45.35,2694.8,3637.6,18.64,18.777,21.938,0.28682,0.10443,341.74,77.357,6.9216,14.007,32.674,4476.3,22.747,49.461,50.005,80.293,2.2652,1.6672,3092.0,42.103,53.803,94.547,9.3726,61.439,38.114,42.006,2623.6,63.379,25.836,52.645,0.3541,8.9154,25.846,120.42,1.1915,74.689,23.238,2.2953,52.938,4.9384,251.35,0.013561,0.84111,66.532,19.342,43.359
122,2026-04-07T19:03:00,47.769,22.499,26.846,32.985,44.394,2695.4,3646.3,18.355,18.712,22.403,0.23276,0.10443,342.05,77.743,6.8577,13.861,32.507,4481.6,22.845,41.37,50.979,80.473,2.2204,1.6691,3091.5,42.178,53.059,94.617,9.5569,59.448,40.98,42.717,2624.9,62.555,24.437,52.749,0.36436,8.8952,25.855,120.39,1.3371,74.301,23.787,2.3133,52.938,4.9302,251.4,0.013561,0.84111,66.548,18.734,43.359
123,2026-04-07T19:06:00,50.519,22.594,26.807,32.985,44.947,2694.7,3653.8,17.531,18.712,21.844,0.2318,0.10172,341.64,77.443,6.8577,13.861,32.507,4477.6,23.194,47.734,50.304,80.467,2.2204,1.6691,3091.0,42.039,53.107,94.606,9.3342,61.181,38.995,42.843,2623.0,62.425,26.117,52.923,0.36333,8.8952,25.855,120.39,1.3371,74.399,23.787,2.3133,54.27,4.9302,250.65,0.012077,0.8431,66.631,18.734,43.643
124,2026-04-07T19:09:00,49.152,23.869,27.222,33.641,44.686,2693.5,3647.0,16.849,18.996,22.183,0.24271,0.10172,341.77,77.374,7.0377,13.968,32.413,4531.7,23.482,44.571,50.147,80.35,2.2523,1.6663,3090.5,42.112,53.908,94.652,9.2404,62.842,38.533,41.355,2622.5,63.095,22.864,53.262,0.34488,8.8897,25.796,120.38,1.2191,74.901,23.03,2.3549,54.27,4.875,248.04,0.012077,0.8431,66.671,18.67,43.643
125,2026-04-07T19:12:00,50.946,23.772,26.986,33.641,45.396,2693.8,3657.8,18.327,18.996,22.202,0.24369,0.10172,341.74,77.534,7.0377,13.968,32.413,4566.7,22.852,48.724,49.987,80.371,2.2523,1.6663,3090.7,42.389,53.489,94.627,9.3918,61.455,38.061,40.946,2622.2,62.909,25.57,53.177,0.34823,8.8897,25.796,120.44,1.2191,74.525,23.03,2.3549,54.27,4.875,250.19,0.012077,0.8431,66.661,18.67,43.643
126,2026-04-07T19:15:00,49.898,24.355,27.0,33.858,44.424,2694.9,3634.3,18.071,18.868,22.284,0.25041,0.10172,342.07,77.312,6.7758,13.922,32.399,4515.6,22.963,46.298,51.289,80.368,2.2673,1.6345,3089.9,42.108,54.271,94.663,9.455,59.152,41.894,42.456,2623.6,61.672,25.088,53.119,0.36049,9.1342,25.734,120.36,1.3847,75.212,23.286,2.3417,54.27,4.8713,252.02,0.012077,0.8431,66.682,18.945,43.643
127,2026-04-07T19:18:00,50.531,24.477,26.738,33.858,44.151,2694.5,3610.6,16.388,18.868,21.979,0.24918,0.10172,341.7,77.218,6.7758,13.922,32.399,4575.4,23.677,47.763,49.27,80.276,2.2673,1.6345,3090.4,42.611,53.556,94.829,9.4813,60.486,35.953,42.347,2622.4,62.081,25.989,53.166,0.36138,9.1342,25.734,120.37,1.3847,74.986,23.286,2.3417,54.27,4.8713,252.68,0.012077,0.8431,66.683,18.945,43.643
128,2026-04-07T19:21:00,50.135,24.325,26.812,33.073,44.684,2693.3,3687.7,18.284,18.913,21.974,0.24883,0.11224,341.82,77.044,6.7153,13.836,32.805,4491.0,22.89,46.848,48.367,80.105,2.2532,1.6671,3090.4,42.195,53.886,94.667,9.4485,60.424,33.294,42.298,2622.3,63.026,26.369,53.408,0.35321,8.9587,25.624,120.38,1.2492,73.927,23.178,2.3668,54.128,4.8604,251.91,0.022151,0.8331,66.636,18.483,43.664
129,2026-04-07T19:24:00,50.897,24.37,26.733,33.073,44.649,2693.2,3655.5,18.155,18.913,21.951,0.24837,0.11224,341.6,77.356,6.7153,13.836,32.805,4525.1,22.945,48.61,47.678,80.024,2.2532,1.6671,3091.0,42.516,53.479,94.591,9.4234,63.669,31.268,41.978,2621.9,63.582,24.536,53.554,0.35584,8.9587,25.624,120.41,1.2492,75.397,23.178,2.3668,54.128,4.8604,251.85,0.022151,0.8331,66.548,18.483,43.664
130,2026-04-07T19:27:00,49.785,20.031,26.743,33.454,45.422,2694.4,3725.7,17.407,18.907,21.789,0.20537,0.11224,342.14,77.675,6.8033,13.741,32.774,4554.3,23.248,46.037,49.089,80.188,2.2525,1.6896,3092.1,42.344,54.272,94.578,9.5384,61.349,35.418,41.435,2622.8,63.032,25.614,53.499,0.342,8.9097,25.886,120.4,1.1589,74.276,23.709,2.4553,54.128,4.7878,254.04,0.022151,0.8331,66.539,18.862,43.664
131,2026-04-07T19:30:00,52.677,19.917,26.856,33.454,45.625,2696.7,3698.2,19.935,18.907,22.044,0.20652,0.11224,341.81,77.505,6.8033,13.741,32.774,4527.6,22.179,52.73,48.683,80.434,2.2525,1.6896,3093.9,42.321,54.592,94.395,9.3113,60.587,34.224,41.644,2625.3,63.506,27.102,53.652,0.34028,8.9097,25.886,120.45,1.1589,75.322,23.709,2.4553,54.128,4.7878,253.81,0.022151,0.8331,66.625,18.862,43.664
132,2026-04-07T19:33:00,50.966,19.869,26.742,33.515,45.175,2696.0,3653.8,18.048,18.603,21.91,0.20046,0.11224,341.34,77.523,6.715,13.952,32.306,4480.1,22.964,48.769,49.441,80.578,2.2841,1.6622,3094.3,42.116,54.248,94.459,9.2671,63.195,36.454,39.769,2626.0,63.614,24.346,53.673,0.33435,9.0201,25.811,120.4,1.3397,74.736,23.637,2.3274,54.128,4.8505,255.03,0.022151,0.8331,66.707,19.063,43.664
133,2026-04-07T19:36:00,49.855,19.745,26.92,33.515,45.093,2694.3,3640.3,17.814,18.603,21.925,0.20173,0.10366,341.17,77.219,6.715,13.952,32.306,4467.8,23.068,46.198,49.288,80.417,2.2841,1.6622,3093.0,42.756,54.394,94.5,9.4113,61.324,36.005,39.821,2623.1,63.846,24.959,54.021,0.33392,9.0201,25.811,120.39,1.3397,74.84,23.637,2.3274,53.422,4.8505,249.75,0.0032223,0.81361,66.783,19.063,44.344
134,2026-04-07T19:39:00,50.218,23.73,27.183,33.078,44.873,2693.3,3699.7,18.435,19.095,21.666,0.24438,0.10366,340.77,77.451,6.8718,14.089,31.968,4485.3,22.8,47.039,49.673,80.352,2.227,1.6375,3092.3,42.687,53.66,94.429,9.5063,61.058,37.139,42.636,2621.9,63.714,25.232,53.831,0.35745,8.8969,25.918,120.38,1.2367,74.653,23.484,2.3391,53.422,4.8398,252.1,0.0032223,0.81361,66.757,18.882,44.344
135,2026-04-07T19:42:00,49.544,23.832,27.161,33.078,45.302,2692.3,3733.9,16.615,19.095,21.78,0.24334,0.10366,340.57,77.023,6.8718,14.089,31.968,4479.0,23.584,45.48,49.63,80.195,2.227,1.6375,3090.8,42.763,53.736,94.503,9.4848,61.107,37.01,42.732,2620.4,63.126,26.212,53.649,0.35666,8.8969,25.918,120.38,1.2367,74.033,23.484,2.3391,53.422,4.8398,254.41,0.0032223,0.81361,66.742,18.882,44.344
136,2026-04-07T19:45:00,49.928,27.156,26.596,33.18,45.207,2691.2,3652.3,16.134,19.026,21.576,0.27605,0.10366,340.78,77.497,6.9259,13.827,32.505,4461.1,23.781,46.367,52.064,80.123,2.2521,1.6406,3090.3,42.304,54.362,94.515,9.4121,62.135,44.175,44.994,2619.6,63.239,25.637,53.669,0.37064,8.898,25.929,120.38,1.2786,74.497,23.605,2.3708,53.422,4.8818,254.46,0.0032223,0.81361,66.679,18.671,44.344
137,2026-04-07T19:48:00,50.603,27.244,26.776,33.18,45.121,2695.7,3684.2,16.88,19.026,22.059,0.27516,0.10366,341.25,77.701,6.9259,13.827,32.505,4488.2,23.448,47.93,50.078,80.542,2.2521,1.6406,3093.0,42.381,54.038,94.537,9.3681,59.311,38.33,44.595,2624.2,62.69,24.94,53.739,0.37391,8.898,25.929,120.39,1.2786,74.798,23.605,2.3708,53.422,4.8818,253.96,0.0032223,0.81361,66.709,18.671,44.344
138,2026-04-07T19:51:00,52.11,21.905,27.144,33.041,45.453,2695.6,3664.1,17.376,18.761,21.853,0.22448,0.085406,340.89,77.554,6.8874,13.979,32.07,4505.0,23.239,51.418,48.336,80.459,2.2511,1.6488,3094.4,41.704,54.353,94.496,9.4605,60.946,33.203,41.123,2624.1,62.546,25.945,53.201,0.3466,8.9011,26.155,120.39,1.177,74.901,23.178,2.3641,54.195,4.8814,254.33,0.019495,0.82215,66.76,18.851,44.477
139,2026-04-07T19:54:00,49.607,21.877,27.089,33.041,45.253,2696.7,3608.5,18.596,18.761,21.709,0.22477,0.085406,341.33,77.592,6.8874,13.979,32.07,4549.2,22.717,45.625,48.238,80.548,2.2511,1.6488,3094.8,42.21,53.824,94.609,9.3076,60.729,32.916,41.242,2625.4,63.502,24.787,53.307,0.34562,8.9011,26.155,120.37,1.177,73.932,23.178,2.3641,54.195,4.8814,250.81,0.019495,0.82215,66.76,18.851,44.477
140,2026-04-07T19:57:00,48.482,25.778,26.665,32.881,44.999,2696.5,3656.9,19.062,19.554,21.664,0.26722,0.085406,341.01,77.231,6.9231,13.748,32.108,4491.7,22.531,43.02,50.741,80.415,2.2428,1.6658,3096.1,42.671,54.073,94.625,9.4641,60.316,40.281,43.577,2625.1,62.984,24.792,53.042,0.36077,9.008,26.366,120.4,1.2586,74.74,23.029,2.334,54.195,4.8987,251.48,0.019495,0.82215,66.793,18.598,44.477
141,2026-04-07T20:00:00,50.101,26.031,26.974,32.881,44.599,2697.2,3649.4,17.741,19.554,22.399,0.26463,0.085406,341.41,77.328,6.9231,13.748,32.108,4515.7,23.084,46.767,49.808,80.331,2.2428,1.6658,3094.5,42.412,53.786,94.502,9.3199,62.886,37.536,43.019,2626.1,63.112,27.799,53.017,0.36535,9.008,26.366,120.41,1.2586,75.291,23.029,2.334,54.195,4.8987,249.47,0.019495,0.82215,66.709,18.598,44.477
142,2026-04-07T20:03:00,49.425,25.657,26.942,33.367,45.006,2699.0,3646.6,18.903,19.062,22.132,0.26311,0.085406,341.66,77.458,6.7837,13.968,32.496,4503.0,22.59,45.203,51.732,80.349,2.3171,1.6884,3095.9,42.299,54.567,94.518,9.3838,63.168,43.197,40.158,2627.5,62.824,25.613,52.673,0.33867,9.0036,25.782,120.39,1.3752,75.348,23.542,2.3335,54.195,4.9954,251.08,0.019495,0.82215,66.667,18.582,44.477
143,2026-04-07T20:06:00,50.241,25.774,26.646,33.367,45.102,2698.9,3620.0,18.109,19.062,21.987,0.26192,0.090274,341.76,77.548,6.7837,13.968,32.496,4533.4,22.926,47.091,50.972,80.224,2.3171,1.6884,3096.2,42.168,54.203,94.573,9.2783,63.479,40.961,40.681,2627.8,63.282,25.26,52.756,0.33439,9.0036,25.782,120.4,1.3752,74.07,23.542,2.3335,53.579,4.9954,250.0,0.010024,0.83563,66.619,18.582,43.37
144,2026-04-07T20:09:00,49.499,22.187,27.361,33.699,45.272,2699.0,3681.3,16.674,18.693,22.048,0.22092,0.090274,341.79,77.774,6.7765,13.665,32.387,4554.1,23.519,45.374,50.888,80.308,2.2615,1.6722,3097.3,42.222,54.027,94.554,9.3573,62.665,40.713,42.827,2627.2,63.477,23.247,52.587,0.3653,8.93,26.402,120.39,1.3228,74.287,23.667,2.3637,53.579,4.8672,250.58,0.010024,0.83563,66.601,18.279,43.37
145,2026-04-07T20:12:00,48.611,22.015,26.939,33.699,45.551,2699.7,3691.2,19.99,18.693,22.261,0.22267,0.090274,341.91,77.595,6.7765,13.665,32.387,4539.5,22.123,43.32,50.309,80.452,2.2615,1.6722,3097.8,41.988,54.202,94.487,9.3944,61.156,39.011,43.217,2628.8,63.307,25.063,52.64,0.36211,8.93,26.402,120.42,1.3228,75.065,23.667,2.3637,53.579,4.8672,248.63,0.010024,0.83563,66.618,18.279,43.37
146,2026-04-07T20:15:00,47.675,22.777,26.836,33.417,45.015,2697.8,3681.0,17.385,18.624,21.73,0.23083,0.090274,341.68,77.152,6.9395,13.784,32.438,4583.6,23.235,41.154,49.88,80.257,2.258,1.7346,3096.7,42.324,54.476,94.46,9.4886,59.51,37.748,39.247,2626.4,63.642,25.007,52.474,0.32823,8.7822,26.479,120.4,1.3534,74.4,23.777,2.3473,53.579,4.8886,249.16,0.010024,0.83563,66.624,18.545,43.37
147,2026-04-07T20:18:00,49.567,22.866,26.873,33.417,45.266,2696.8,3692.0,17.589,18.624,21.669,0.22993,0.090274,341.48,77.041,6.9395,13.784,32.438,4549.6,23.162,45.532,48.532,80.046,2.258,1.7346,3096.4,42.683,54.884,94.493,9.4153,60.825,33.781,39.341,2625.3,63.453,26.943,52.313,0.32746,8.7822,26.479,120.39,1.3534,75.489,23.777,2.3473,53.579,4.8886,249.71,0.010024,0.83563,66.504,18.545,43.37
148,2026-04-07T20:21:00,49.337,21.962,26.845,32.912,45.776,2697.5,3655.5,17.208,18.818,21.9,0.22462,0.10374,341.27,77.484,6.8561,13.735,32.329,4551.4,23.311,45.0,50.094,80.158,2.2774,1.6569,3096.1,42.43,54.271,94.512,9.5084,61.161,38.376,40.873,2626.0,62.674,24.617,52.608,0.33984,8.8084,26.3,120.41,1.3103,75.651,24.052,2.385,54.251,4.8815,248.88,0.038686,0.81907,66.479,18.715,44.078
149,2026-04-07T20:24:00,49.121,22.088,26.768,32.912,44.718,2702.0,3642.5,20.249,18.818,22.083,0.22334,0.10374,341.6,78.092,6.8561,13.735,32.329,4516.4,22.001,44.5,51.071,80.561,2.2774,1.6569,3099.1,42.481,54.689,94.565,9.4767,63.791,41.253,40.511,2631.4,62.898,24.902,52.609,0.3428,8.8084,26.3,120.38,1.3103,75.077,24.052,2.385,54.251,4.8815,249.19,0.038686,0.81907,66.536,18.715,44.078
150,2026-04-07T20:27:00,48.727,22.846,26.353,33.01,45.503,2702.2,3684.9,18.845,18.863,21.609,0.23256,0.10374,341.31,77.19,6.9157,13.664,32.091,4531.9,22.613,43.587,50.831,80.504,2.2392,1.6529,3101.0,42.275,54.11,94.468,9.3901,60.515,40.547,40.131,2631.3,62.885,26.349,52.905,0.33435,8.9398,26.124,120.42,1.4199,75.084,23.75,2.2722,54.251,4.8813,246.15,0.038686,0.81907,66.588,19.063,44.078
151,2026-04-07T20:30:00,51.382,22.783,26.707,33.01,45.102,2698.1,3647.8,18.177,18.863,21.614,0.2332,0.10374,341.23,76.776,6.9157,13.664,32.091,4523.0,22.918,49.733,51.462,80.055,2.2392,1.6529,3097.6,42.303,54.216,94.587,9.3228,60.296,42.402,39.591,2626.1,63.523,26.215,52.695,0.33878,8.9398,26.124,120.41,1.4199,75.549,23.75,2.2722,54.251,4.8813,248.82,0.038686,0.81907,66.558,19.063,44.078
152,2026-04-07T20:33:00,50.233,24.857,26.944,32.955,44.498,2698.3,3642.3,16.549,19.004,22.033,0.25766,0.10374,341.47,77.417,6.914,13.811,31.895,4506.4,23.593,47.073,49.642,80.059,2.2373,1.6788,3095.5,42.581,53.543,94.575,9.2979,61.797,37.047,39.111,2626.3,63.091,23.158,52.628,0.32553,8.9602,26.484,120.39,1.3097,74.329,23.631,2.3526,54.251,4.8823,249.95,0.038686,0.81907,66.485,19.085,44.078
153,2026-04-07T20:36:00,50.527,25.216,26.972,32.955,45.402,2702.0,3664.8,17.358,19.004,21.902,0.25401,0.083167,341.13,77.734,6.914,13.811,31.895,4461.1,23.231,47.754,51.556,80.401,2.2373,1.6788,3100.6,41.76,54.085,94.603,9.3599,63.678,42.678,38.863,2631.5,62.704,23.953,52.5,0.32756,8.9602,26.484,120.41,1.3097,75.101,23.631,2.3526,54.116,4.8823,246.82,0.021202,0.82214,66.495,19.085,45.045
154,2026-04-07T20:39:00,49.373,27.256,27.091,33.74,44.861,2703.8,3671.5,16.536,18.638,22.466,0.27529,0.083167,341.62,77.408,7.1229,13.807,32.136,4525.2,23.578,45.082,49.439,80.483,2.2485,1.649,3101.3,42.385,53.213,94.497,9.4333,61.454,36.449,40.64,2633.7,62.572,24.515,51.969,0.34419,8.8381,26.511,120.38,1.084,75.164,23.256,2.3399,54.116,4.7697,250.93,0.021202,0.82214,66.538,19.303,45.045
155,2026-04-07T20:42:00,49.486,27.12,26.876,33.74,45.675,2701.4,3644.8,17.856,18.638,21.984,0.27667,0.083167,341.71,77.045,7.1229,13.807,32.136,4425.4,23.036,45.345,48.77,80.263,2.2485,1.649,3099.7,42.696,54.407,94.53,9.3955,60.867,34.479,40.89,2630.6,63.032,25.109,52.106,0.34214,8.8381,26.511,120.41,1.084,73.923,23.256,2.3399,54.116,4.7697,247.55,0.021202,0.82214,66.542,19.303,45.045
156,2026-04-07T20:45:00,50.737,25.217,26.718,33.003,44.107,2700.1,3576.6,14.322,19.01,22.269,0.25308,0.083167,342.0,77.037,6.9526,13.765,32.668,4472.4,24.532,48.239,49.593,80.04,2.2261,1.6865,3096.8,41.992,53.239,94.807,9.3748,61.798,36.901,40.471,2628.8,62.245,26.518,51.823,0.34469,8.7503,25.869,120.35,1.4096,74.877,24.057,2.2641,54.116,4.8716,248.96,0.021202,0.82214,66.489,18.431,45.045
157,2026-04-07T20:48:00,48.277,24.952,26.848,33.003,44.725,2702.1,3586.3,17.804,19.01,22.413,0.25578,0.083167,342.41,77.444,6.9526,13.765,32.668,4464.6,23.058,42.547,50.643,80.061,2.2261,1.6865,3097.1,42.191,53.332,94.801,9.2138,63.026,39.991,40.916,2630.6,62.078,26.802,51.843,0.34104,8.7503,25.869,120.4,1.4096,74.969,24.057,2.2641,54.116,4.8716,247.0,0.021202,0.82214,66.374,18.431,45.045
158,2026-04-07T20:51:00,50.613,19.988,26.796,33.425,44.65,2704.1,3615.7,16.27,18.63,22.241,0.19885,0.090411,342.39,77.279,6.8328,13.779,32.492,4550.2,23.706,47.954,49.672,80.117,2.2536,1.6751,3100.0,42.127,54.433,94.745,9.4693,63.16,37.136,40.179,2632.4,62.919,24.145,51.817,0.33728,8.9201,26.085,120.41,1.2351,75.225,23.674,2.3089,53.728,4.8452,246.13,0.02604,0.80493,66.364,18.62,44.372
159,2026-04-07T20:54:00,49.129,19.88,26.779,33.425,44.294,2704.2,3597.7,17.769,18.63,22.549,0.19994,0.090411,342.55,77.196,6.8328,13.779,32.492,4555.1,23.083,44.518,49.961,80.008,2.2536,1.6751,3099.4,42.302,54.373,94.742,9.4266,60.208,37.986,39.439,2633.5,63.229,27.36,51.565,0.34334,8.9201,26.085,120.39,1.2351,74.685,23.674,2.3089,53.728,4.8452,247.49,0.02604,0.80493,66.349,18.62,44.372
160,2026-04-07T20:57:00,50.947,21.258,26.863,33.065,44.463,2705.7,3665.1,19.527,18.722,22.257,0.21172,0.090411,342.05,77.652,6.9314,13.853,32.315,4526.9,22.327,48.725,48.705,80.143,2.2875,1.6593,3102.6,42.653,54.291,94.562,9.3607,61.847,34.288,40.16,2635.3,63.109,24.644,51.512,0.34006,8.5972,26.11,120.42,1.2714,74.04,23.54,2.2855,53.728,4.7953,246.62,0.02604,0.80493,66.327,18.714,44.372
161,2026-04-07T21:00:00,49.616,20.996,26.91,33.065,45.192,2707.6,3657.0,19.152,18.722,22.419,0.21438,0.090411,342.03,77.525,6.9314,13.853,32.315,4514.9,22.479,45.645,49.431,80.415,2.2875,1.6593,3105.2,42.448,54.435,94.549,9.4038,59.122,36.427,40.542,2636.6,63.248,24.927,51.612,0.33692,8.5972,26.11,120.43,1.2714,76.101,23.54,2.2855,53.728,4.7953,244.01,0.02604,0.80493,66.379,18.714,44.372
162,2026-04-07T21:03:00,49.773,22.65,26.859,33.465,44.655,2704.3,3640.9,18.074,18.935,22.149,0.22747,0.090411,342.56,77.528,6.7124,13.568,32.652,4499.3,22.937,46.009,48.509,80.132,2.2357,1.6466,3102.8,42.45,54.409,94.512,9.4772,61.365,33.712,41.088,2632.7,62.661,25.685,51.277,0.34852,8.9182,26.703,120.4,1.2405,74.397,23.492,2.2471,53.728,4.7458,246.26,0.02604,0.80493,66.383,18.777,44.372
163,2026-04-07T21:06:00,49.506,22.484,26.992,33.465,44.376,2704.7,3683.2,14.808,18.935,22.194,0.22916,0.097296,342.33,77.138,6.7124,13.568,32.652,4518.6,24.324,45.392,51.625,80.064,2.2357,1.6466,3102.3,42.337,54.178,94.723,9.4198,60.523,42.882,40.639,2633.6,61.932,26.934,50.881,0.35219,8.9182,26.703,120.38,1.2405,75.027,23.492,2.2471,53.661,4.7458,243.85,0.019099,0.81806,66.314,18.777,44.079
164,2026-04-07T21:09:00,49.627,19.038,26.621,33.094,45.783,2705.2,3688.5,17.648,18.037,22.129,0.19283,0.097296,342.3,77.198,6.9788,13.805,32.13,4489.7,23.131,45.671,50.85,80.026,2.2602,1.6295,3102.1,42.528,54.373,94.453,9.4287,63.019,40.601,37.275,2633.4,63.82,25.139,50.497,0.31589,9.0172,26.282,120.43,1.1312,74.89,23.95,2.3419,53.661,4.8243,244.41,0.019099,0.81806,66.249,18.625,44.079
165,2026-04-07T21:12:00,48.961,19.362,27.448,33.094,44.339,2704.1,3695.1,17.146,18.037,22.574,0.18953,0.097296,341.93,77.394,6.9788,13.805,32.13,4523.2,23.34,44.13,49.762,80.044,2.2602,1.6295,3101.9,42.405,53.972,94.573,9.5405,59.823,37.4,37.417,2633.5,63.707,26.265,50.151,0.31473,9.0172,26.282,120.39,1.1312,74.591,23.95,2.3419,53.661,4.8243,244.56,0.019099,0.81806,66.2,18.625,44.079
166,2026-04-07T21:15:00,49.914,23.695,27.151,33.427,45.557,2705.8,3670.4,17.781,18.791,22.501,0.24219,0.097296,341.91,77.496,6.9115,13.861,32.249,4486.7,23.067,46.335,50.006,80.174,2.2711,1.6727,3103.0,42.027,54.797,94.56,9.4434,59.834,38.117,40.594,2635.0,61.828,25.548,50.057,0.33894,8.9284,26.642,120.41,0.99644,75.08,24.123,2.4492,53.661,4.7397,241.85,0.019099,0.81806,66.178,18.735,44.079
167,2026-04-07T21:18:00,50.405,23.743,26.834,33.427,44.327,2706.7,3644.3,20.406,18.791,22.357,0.2417,0.097296,341.61,77.88,6.9115,13.861,32.249,4533.1,21.942,47.471,51.557,80.309,2.2711,1.6727,3104.1,42.377,54.241,94.667,9.2748,63.24,42.681,40.417,2636.0,62.278,25.841,50.073,0.34039,8.9284,26.642,120.41,0.99644,74.965,24.123,2.4492,53.661,4.7397,237.92,0.019099,0.81806,66.191,18.735,44.079
168,2026-04-07T21:21:00,50.528,22.703,27.103,33.011,45.128,2705.5,3680.1,18.103,18.467,22.454,0.22926,0.10579,341.59,76.945,6.791,13.793,32.374,4525.2,22.941,47.756,48.502,80.133,2.2755,1.6597,3103.1,42.624,54.08,94.61,9.3954,59.855,33.692,41.284,2633.9,62.193,23.479,49.906,0.3458,8.9403,26.647,120.41,1.3497,74.559,23.59,2.2611,54.253,4.906,239.33,0.01489,0.81748,66.185,18.391,45.44
169,2026-04-07T21:24:00,51.236,22.607,26.909,33.011,43.361,2703.9,3625.3,16.533,18.467,22.373,0.23023,0.10579,341.64,77.264,6.791,13.793,32.374,4511.0,23.604,49.394,51.242,79.935,2.2755,1.6597,3100.5,41.907,54.25,94.613,9.3704,60.349,41.754,40.897,2633.7,63.135,26.514,49.762,0.34897,8.9403,26.647,120.37,1.3497,74.449,23.59,2.2611,54.253,4.906,238.68,0.01489,0.81748,66.094,18.391,45.44
170,2026-04-07T21:27:00,48.331,21.181,27.027,32.934,45.216,2708.4,3668.7,18.517,18.208,22.384,0.21787,0.10579,341.86,77.578,6.807,13.925,32.609,4535.5,22.747,42.672,48.538,80.308,2.2336,1.6476,3104.9,41.958,54.837,94.559,9.4581,61.279,33.799,39.939,2637.4,63.474,24.574,49.599,0.34183,8.9205,26.35,120.42,1.1978,74.19,24.249,2.306,54.253,4.8392,238.22,0.01489,0.81748,66.079,18.849,45.44
171,2026-04-07T21:30:00,49.304,21.097,27.223,32.934,45.526,2706.7,3656.4,17.61,18.208,22.41,0.21872,0.10579,340.9,77.367,6.807,13.925,32.609,4587.1,23.135,44.923,48.274,80.208,2.2336,1.6476,3105.1,42.444,54.22,94.505,9.4304,60.551,33.019,40.698,2635.0,63.686,25.421,49.38,0.33561,8.9205,26.35,120.43,1.1978,75.075,24.249,2.306,54.253,4.8392,238.39,0.01489,0.81748,66.136,18.849,45.44
172,2026-04-07T21:33:00,48.501,18.884,26.798,33.097,44.191,2704.2,3651.9,17.889,19.132,22.158,0.18962,0.10579,341.33,77.051,6.9536,13.71,32.119,4520.5,23.027,43.065,50.874,80.202,2.2694,1.6595,3101.5,42.398,53.919,94.494,9.4138,61.642,40.673,42.223,2633.6,63.702,23.929,49.198,0.3525,8.8463,26.278,120.38,1.1377,74.437,24.268,2.2535,54.253,4.7893,238.16,0.01489,0.81748,66.093,18.776,45.44
173,2026-04-07T21:36:00,51.286,18.711,27.307,33.097,44.806,2699.7,3685.8,20.127,19.132,21.807,0.19137,0.086701,340.24,76.666,6.9536,13.71,32.119,4535.3,22.107,49.51,49.002,79.827,2.2694,1.6595,3098.8,42.353,53.742,94.736,9.4878,58.871,35.164,42.351,2627.0,63.118,25.153,49.018,0.35144,8.8463,26.278,120.39,1.1377,75.433,24.268,2.2535,53.956,4.7893,237.41,0.0093456,0.80486,66.026,18.776,43.676
174,2026-04-07T21:39:00,52.015,23.244,26.924,32.74,44.162,2700.8,3640.0,18.592,18.749,21.728,0.23637,0.086701,340.47,77.06,6.8954,13.947,32.181,4495.8,22.755,51.197,49.896,79.849,2.2751,1.6401,3098.6,42.567,54.388,94.708,9.304,61.896,37.793,39.186,2628.8,62.622,25.955,48.893,0.33034,8.6768,26.691,120.38,1.3623,74.039,24.269,2.4141,53.956,4.8435,236.44,0.0093456,0.80486,65.91,19.134,43.676
175,2026-04-07T21:42:00,50.111,23.388,26.687,32.74,44.577,2705.1,3647.8,19.835,18.749,21.918,0.23491,0.086701,340.83,77.71,6.8954,13.947,32.181,4483.1,22.207,46.792,50.409,80.214,2.2751,1.6401,3101.8,41.896,54.54,94.656,9.3126,60.854,39.305,38.93,2633.6,62.488,24.689,48.56,0.33244,8.6768,26.691,120.38,1.3623,75.867,24.269,2.4141,53.956,4.8435,237.76,0.0093456,0.80486,65.894,19.134,43.676
176,2026-04-07T21:45:00,49.063,22.604,27.311,33.271,44.465,2703.9,3680.8,18.06,19.031,22.327,0.23167,0.086701,340.54,77.092,6.9518,13.871,32.335,4471.3,22.969,44.366,52.287,80.211,2.2807,1.6565,3101.3,42.066,53.772,94.692,9.3406,59.57,44.831,42.128,2633.2,62.391,25.932,48.532,0.35812,9.0704,26.423,120.38,1.3309,75.899,23.615,2.281,53.956,4.7626,235.61,0.0093456,0.80486,65.925,18.433,43.676
177,2026-04-07T21:48:00,48.355,22.854,26.567,33.271,44.633,2703.7,3666.0,18.222,19.031,22.0,0.22913,0.086701,340.38,77.203,6.9518,13.871,32.335,4482.5,22.897,42.727,50.577,80.222,2.2807,1.6565,3101.5,42.326,53.637,94.607,9.3168,62.779,39.798,42.138,2633.3,62.646,26.015,48.463,0.35804,9.0704,26.423,120.4,1.3309,74.763,23.615,2.281,53.956,4.7626,233.93,0.0093456,0.80486,65.938,18.433,43.676
178,2026-04-07T21:51:00,49.29,21.309,27.048,33.052,43.538,2701.9,3632.8,17.408,18.829,21.745,0.21362,0.099294,339.81,77.13,6.8484,13.514,32.298,4569.6,23.247,44.891,49.741,80.048,2.3168,1.6127,3101.8,42.128,54.316,94.753,9.3161,63.809,37.336,41.686,2629.3,62.683,25.981,47.985,0.34619,8.835,26.505,120.37,1.1303,74.556,23.773,2.4547,54.251,4.8856,232.77,0.013526,0.83506,65.905,18.85,45.2
179,2026-04-07T21:54:00,49.102,21.181,26.831,33.052,44.557,2702.7,3654.6,17.594,18.829,21.994,0.21492,0.099294,340.56,76.916,6.8484,13.514,32.298,4547.3,23.178,44.455,49.133,80.069,2.3168,1.6127,3099.4,42.187,54.583,94.748,9.3552,60.468,35.549,41.402,2631.3,62.307,25.987,47.723,0.34852,8.835,26.505,120.4,1.1303,75.451,23.773,2.4547,54.251,4.8856,231.52,0.013526,0.83506,65.853,18.85,45.2
180,2026-04-07T21:57:00,49.471,21.109,27.034,32.721,44.333,2705.4,3657.2,17.428,19.012,22.025,0.22001,0.099294,340.16,77.313,6.8966,13.767,31.965,4493.7,23.237,45.31,50.328,80.174,2.2837,1.6845,3103.6,42.343,54.222,94.693,9.338,61.889,39.066,36.412,2633.8,63.153,25.425,47.35,0.30961,8.8136,26.256,120.4,1.3356,75.021,24.247,2.3733,54.251,4.906,231.57,0.013526,0.83506,65.793,18.736,45.2
181,2026-04-07T22:00:00,51.268,21.028,26.864,32.721,44.4,2706.5,3688.4,14.146,19.012,21.712,0.22084,0.099294,340.37,77.27,6.8966,13.767,31.965,4539.5,24.618,49.469,47.216,80.201,2.2837,1.6845,3105.8,42.519,53.674,94.574,9.3326,61.541,29.906,36.844,2634.4,62.615,26.338,47.19,0.30607,8.8136,26.256,120.41,1.3356,74.486,24.247,2.3733,54.251,4.906,229.19,0.013526,0.83506,65.775,18.736,45.2
182,2026-04-07T22:03:00,49.513,24.488,26.947,32.531,44.541,2707.1,3653.5,17.175,18.513,21.804,0.25136,0.099294,339.69,76.999,6.7916,13.972,32.107,4500.1,23.346,45.408,49.947,80.277,2.2764,1.6519,3106.7,42.391,54.424,94.648,9.4352,58.117,37.944,39.977,2635.0,62.801,24.914,46.963,0.33351,8.9331,26.551,120.4,1.2744,75.358,24.413,2.2926,54.251,4.882,227.59,0.013526,0.83506,65.783,19.095,45.2
183,2026-04-07T22:06:00,48.896,24.695,26.957,32.531,44.995,2706.5,3681.0,17.543,18.513,21.954,0.24926,0.10975,339.86,77.549,6.7916,13.972,32.107,4521.2,23.174,43.979,50.478,80.202,2.2764,1.6519,3106.2,42.199,54.172,94.609,9.3782,60.97,39.508,39.735,2634.6,62.329,25.862,47.227,0.33549,8.9331,26.551,120.4,1.2744,74.431,24.413,2.2926,53.232,4.882,228.86,0.021266,0.84057,65.749,19.095,43.72
184,2026-04-07T22:09:00,50.049,23.399,26.8,33.371,44.693,2706.2,3660.2,18.419,19.012,21.571,0.23819,0.10975,339.59,77.402,7.0217,13.585,32.3,4529.1,22.805,46.648,49.323,80.223,2.2763,1.6639,3105.6,42.506,53.172,94.657,9.3633,61.015,36.108,42.528,2634.2,63.643,23.24,47.125,0.35823,8.6646,26.12,120.4,1.183,75.8,24.13,2.2338,53.232,4.9055,229.49,0.021266,0.84057,65.743,18.963,43.72
185,2026-04-07T22:12:00,50.896,23.501,27.072,33.371,45.379,2705.0,3673.9,18.754,19.012,21.626,0.23715,0.10975,339.9,77.282,7.0217,13.585,32.3,4484.7,22.669,48.607,48.211,80.17,2.2763,1.6639,3104.4,42.456,53.703,94.605,9.4027,61.764,32.834,42.191,2632.6,63.408,25.183,47.113,0.36099,8.6646,26.12,120.42,1.183,74.385,24.13,2.2338,53.232,4.9055,229.11,0.021266,0.84057,65.756,18.963,43.72
186,2026-04-07T22:15:00,50.205,21.406,26.788,32.667,43.662,2704.3,3622.0,19.418,18.802,21.76,0.2208,0.10975,339.76,77.322,6.9346,13.835,31.834,4468.6,22.391,47.009,49.256,80.141,2.2695,1.635,3103.4,42.21,54.176,94.637,9.4514,61.007,35.91,37.259,2632.4,62.26,25.81,47.098,0.31606,8.9871,26.207,120.38,1.353,75.341,24.33,2.2918,53.232,4.805,228.8,0.021266,0.84057,65.709,18.779,43.72
187,2026-04-07T22:18:00,50.896,21.581,27.13,32.667,44.401,2703.7,3642.2,17.545,18.802,22.005,0.21902,0.10975,340.13,77.096,6.9346,13.835,31.834,4517.3,23.194,48.608,50.953,79.94,2.2695,1.635,3102.6,42.041,53.594,94.941,9.3165,63.053,40.905,37.107,2632.4,61.912,26.218,46.955,0.3173,8.9871,26.207,120.39,1.353,74.689,24.33,2.2918,53.232,4.805,229.94,0.021266,0.84057,65.657,18.779,43.72
188,2026-04-07T22:21:00,50.594,25.869,26.827,32.306,44.953,2705.9,3660.4,19.845,18.711,21.831,0.26807,0.0964,340.14,77.541,6.9106,13.7,32.372,4532.5,22.214,47.909,48.818,80.06,2.2441,1.691,3105.1,42.274,53.848,94.701,9.4631,58.108,34.621,40.546,2634.6,62.272,25.7,47.09,0.34254,8.6902,26.759,120.4,1.175,74.634,24.408,2.2324,54.146,4.9109,229.64,0.021223,0.84716,65.642,18.668,42.981
189,2026-04-07T22:24:00,50.973,26.14,26.694,32.306,44.27,2709.8,3632.6,18.291,18.711,22.256,0.26531,0.0964,340.59,77.458,6.9106,13.7,32.372,4526.2,22.868,48.786,49.253,80.211,2.2441,1.691,3106.6,42.294,53.923,94.584,9.1234,63.932,35.901,41.011,2638.8,62.751,24.429,47.214,0.33874,8.6902,26.759,120.4,1.175,75.448,24.408,2.2324,54.146,4.9109,228.48,0.021223,0.84716,65.627,18.668,42.981
190,2026-04-07T22:27:00,49.146,21.321,27.022,33.013,44.62,2710.8,3668.0,18.775,18.915,22.271,0.21184,0.0964,340.51,77.199,6.7454,13.772,32.127,4514.0,22.665,44.558,52.622,80.258,2.212,1.6646,3108.4,42.172,54.35,94.615,9.4566,61.559,45.816,38.36,2639.4,62.313,25.32,47.102,0.33023,8.9145,26.778,120.4,1.1504,74.864,24.442,2.3815,54.146,4.7469,229.95,0.021223,0.84716,65.678,18.916,42.981
191,2026-04-07T22:30:00,49.799,20.955,26.548,33.013,44.736,2709.0,3669.9,17.491,18.915,22.083,0.21557,0.0964,340.78,77.25,6.7454,13.772,32.127,4561.4,23.206,46.069,50.555,80.093,2.212,1.6646,3108.0,42.099,53.783,94.678,9.4344,62.028,39.732,39.059,2638.2,62.282,25.135,47.156,0.3245,8.9145,26.778,120.41,1.1504,74.938,24.442,2.3815,54.146,4.7469,229.57,0.021223,0.84716,65.675,18.916,42.981
192,2026-04-07T22:33:00,50.252,23.262,26.942,32.706,44.915,2709.5,3749.7,17.133,18.724,22.117,0.23837,0.0964,340.25,77.076,6.8423,13.682,32.318,4509.4,23.365,47.116,51.235,80.036,2.3104,1.6448,3107.7,42.299,53.795,94.663,9.2905,61.943,41.735,39.193,2638.2,62.408,26.066,47.225,0.3381,8.8723,26.427,120.4,1.0611,75.31,24.565,2.4023,54.146,4.6928,229.05,0.021223,0.84716,65.679,18.504,42.981
193,2026-04-07T22:36:00,49.556,23.166,27.433,32.706,45.186,2710.2,3708.5,18.525,18.724,22.45,0.23934,0.095368,340.12,77.329,6.8423,13.682,32.318,4457.2,22.771,45.506,49.97,80.026,2.3104,1.6448,3107.8,42.099,54.42,94.513,9.3832,63.285,38.011,39.548,2638.1,63.117,25.618,47.497,0.33519,8.8723,26.427,120.39,1.0611,74.674,24.565,2.4023,53.832,4.6928,228.3,0.0039023,0.84762,65.639,18.504,43.925
194,2026-04-07T22:39:00,50.679,21.699,27.093,32.522,44.765,2707.4,3669.1,16.861,19.113,21.717,0.21656,0.095368,340.29,76.994,6.7258,13.82,31.895,4564.4,23.486,48.105,49.448,79.909,2.2474,1.6434,3107.1,42.213,54.157,94.641,9.3141,59.802,36.474,38.831,2636.2,63.027,25.07,47.423,0.3201,8.7783,26.438,120.4,1.2283,74.665,24.248,2.2961,53.832,4.85,230.28,0.0039023,0.84762,65.628,18.476,43.925
195,2026-04-07T22:42:00,50.122,21.522,26.849,32.522,45.127,2706.9,3665.3,18.773,19.113,21.924,0.21837,0.095368,340.2,77.041,6.7258,13.82,31.895,4557.8,22.683,46.815,49.986,79.945,2.2474,1.6434,3106.1,42.216,54.236,94.656,9.1849,61.675,38.058,38.725,2635.4,63.093,25.131,47.501,0.32097,8.7783,26.438,120.42,1.2283,75.143,24.248,2.2961,53.832,4.85,230.57,0.0039023,0.84762,65.628,18.476,43.925
196,2026-04-07T22:45:00,51.354,25.294,26.931,32.286,44.621,2707.7,3700.6,18.736,18.955,21.94,0.26354,0.095368,339.71,77.026,6.8539,13.829,31.956,4578.8,22.702,49.668,48.128,79.951,2.2512,1.6435,3107.5,42.339,54.102,94.438,9.3426,62.872,32.592,40.03,2636.1,63.601,25.3,47.516,0.33975,8.924,26.352,120.41,1.2541,74.927,24.365,2.2637,53.832,4.8741,231.56,0.0039023,0.84762,65.608,18.967,43.925
197,2026-04-07T22:48:00,50.927,25.549,26.561,32.286,45.599,2708.0,3699.3,17.914,18.955,21.466,0.26095,0.095368,339.57,77.31,6.8539,13.829,31.956,4556.4,23.043,48.68,49.631,79.996,2.2512,1.6435,3108.2,42.141,54.37,94.591,9.2944,62.632,37.014,40.121,2636.7,63.623,25.846,47.568,0.339,8.924,26.352,120.42,1.2541,74.612,24.365,2.2637,53.832,4.8741,232.12,0.0039023,0.84762,65.638,18.967,43.925
198,2026-04-07T22:51:00,48.666,25.223,26.987,32.856,45.646,2708.3,3671.4,17.503,18.346,21.807,0.25795,0.10169,339.43,77.238,6.8253,13.824,32.281,4451.0,23.21,43.447,49.647,80.235,2.2415,1.6668,3107.8,42.215,54.437,94.457,9.249,62.448,37.062,40.3,2637.1,63.065,25.918,47.732,0.33947,8.8181,26.77,120.4,1.4189,75.062,24.371,2.261,54.117,4.8576,231.75,0.0037384,0.85112,65.695,18.889,43.231
199,2026-04-07T22:54:00,48.743,25.258,27.297,32.856,44.239,2706.5,3682.9,20.323,18.346,22.004,0.25759,0.10169,339.64,77.563,6.8253,13.824,32.281,4486.2,22.011,43.626,50.088,80.159,2.2415,1.6668,3106.5,42.271,54.016,94.604,9.217,63.196,38.36,40.568,2635.6,62.867,24.637,47.934,0.33728,8.8181,26.77,120.39,1.4189,75.737,24.371,2.261,54.117,4.8576,230.71,0.0037384,0.85112,65.734,18.889,43.231
200,2026-04-07T22:57:00,50.254,22.284,26.963,32.262,44.839,2704.6,3699.9,18.407,18.316,21.626,0.22627,0.10169,339.33,77.067,6.9767,13.74,31.929,4549.8,22.833,47.122,49.25,80.134,2.2547,1.6386,3104.6,42.463,53.42,94.595,9.2647,62.97,35.894,40.38,2632.5,62.866,25.138,47.903,0.33768,8.7273,26.659,120.4,1.1641,75.103,24.75,2.2608,54.117,4.7492,232.29,0.0037384,0.85112,65.782,18.664,43.231
201,2026-04-07T23:00:00,47.766,22.437,27.005,32.262,43.915,2703.2,3667.7,17.673,18.316,21.566,0.22472,0.10169,339.19,77.191,6.9767,13.74,31.929,4487.8,23.144,41.365,50.884,80.088,2.2547,1.6386,3102.9,42.361,54.162,94.581,9.4273,60.494,40.702,40.065,2631.1,63.42,25.698,47.916,0.34027,8.7273,26.659,120.37,1.1641,74.653,24.75,2.2608,54.117,4.7492,233.4,0.0037384,0.85112,65.769,18.664,43.231
202,2026-04-07T23:03:00,49.274,25.472,26.803,33.099,44.781,2704.1,3665.0,18.133,19.036,21.731,0.26368,0.10169,339.59,76.934,7.0168,13.945,32.163,4500.1,22.959,44.855,51.081,80.067,2.2705,1.6726,3102.6,42.833,54.568,94.727,9.4476,60.514,41.281,39.151,2632.2,62.12,24.274,48.24,0.32891,8.9814,26.674,120.42,1.3297,75.699,24.041,2.3032,54.117,4.8929,230.99,0.0037384,0.85112,65.78,18.637,43.231
203,2026-04-07T23:06:00,51.654,25.529,26.937,33.099,44.653,2705.9,3654.2,16.086,19.036,21.825,0.2631,0.097437,339.34,77.561,7.0168,13.945,32.163,4571.1,23.8,50.362,49.571,80.234,2.2705,1.6726,3104.8,42.384,53.717,94.646,9.1902,63.479,36.838,39.069,2634.6,62.306,24.068,48.294,0.32958,8.9814,26.674,120.38,1.3297,74.975,24.041,2.3032,54.272,4.8929,232.91,0.034424,0.83242,65.786,18.637,44.386
204,2026-04-07T23:09:00,50.063,23.618,27.073,32.937,44.389,2706.7,3611.9,18.696,18.429,22.035,0.24023,0.097437,339.39,77.171,6.7512,13.94,31.776,4526.3,22.706,46.68,47.855,80.353,2.2696,1.6861,3105.9,42.176,54.34,94.84,9.3079,62.15,31.788,41.79,2635.1,62.575,24.83,48.375,0.35253,8.8412,26.85,120.39,1.2166,74.948,24.066,2.2935,54.272,4.8446,233.73,0.034424,0.83242,65.868,18.858,44.386
205,2026-04-07T23:12:00,51.378,23.541,27.227,32.937,44.573,2701.5,3650.7,19.006,18.429,21.597,0.24101,0.097437,339.12,76.754,6.7512,13.94,31.776,4492.2,22.604,49.723,49.76,79.811,2.2696,1.6861,3102.5,42.395,54.748,94.766,9.1885,60.816,37.394,41.919,2629.9,61.908,24.717,48.497,0.35148,8.8412,26.85,120.38,1.2166,75.688,24.066,2.2935,54.272,4.8446,234.14,0.034424,0.83242,65.859,18.858,44.386
206,2026-04-07T23:15:00,50.135,27.54,26.667,32.564,45.32,2705.4,3678.3,18.242,18.691,21.666,0.27984,0.097437,339.32,77.6,6.8509,13.853,32.007,4544.6,22.904,46.846,50.681,79.993,2.2375,1.6875,3103.9,42.041,53.585,94.781,9.2923,61.952,40.104,41.637,2633.1,63.76,25.848,48.413,0.35419,8.8108,26.968,120.43,1.2524,74.762,24.227,2.3499,54.272,4.8384,236.91,0.034424,0.83242,65.767,18.516,44.386
207,2026-04-07T23:18:00,51.131,27.51,27.001,32.564,45.674,2706.8,3694.1,15.008,18.691,21.573,0.28014,0.097437,339.04,77.559,6.8509,13.853,32.007,4500.9,24.263,49.153,49.42,80.21,2.2375,1.6875,3107.3,42.722,54.108,94.431,9.2327,61.982,36.394,42.112,2634.6,63.488,26.124,48.781,0.3503,8.8108,26.968,120.44,1.2524,75.409,24.227,2.3499,54.272,4.8384,234.54,0.034424,0.83242,65.829,18.516,44.386
208,2026-04-07T23:21:00,48.201,25.522,26.805,32.206,45.203,2708.4,3671.8,19.218,18.825,21.774,0.26174,0.10994,339.02,77.491,6.7292,13.72,31.761,4583.7,22.48,42.371,49.39,80.469,2.2198,1.6188,3107.2,42.397,53.971,94.544,9.3145,61.604,36.304,40.998,2637.2,63.073,25.441,48.456,0.34122,8.8931,26.335,120.4,1.3464,75.679,24.805,2.3077,53.943,4.8414,234.66,0.014413,0.84764,65.881,18.326,43.756
209,2026-04-07T23:24:00,48.669,25.652,26.907,32.206,44.898,2704.2,3638.2,19.229,18.825,21.362,0.26042,0.10994,338.61,76.849,6.7292,13.72,31.761,4487.9,22.502,43.454,48.841,80.062,2.2198,1.6188,3106.3,42.52,55.117,94.583,9.304,61.704,34.688,40.768,2631.3,63.651,24.709,48.419,0.34311,8.8931,26.335,120.4,1.3464,75.063,24.805,2.3077,53.943,4.8414,234.52,0.014413,0.84764,65.896,18.326,43.756
210,2026-04-07T23:27:00,49.48,28.337,26.7,32.58,45.349,2703.7,3697.4,18.633,18.974,21.29,0.28714,0.10994,339.07,77.017,6.8965,13.778,31.66,4594.8,22.76,45.331,51.499,79.883,2.2898,1.6677,3105.1,42.144,54.363,94.56,9.3099,60.258,42.512,39.076,2631.1,63.788,26.229,48.378,0.32728,8.7478,26.615,120.39,1.2672,75.274,24.22,2.3095,53.943,4.8626,234.48,0.014413,0.84764,65.831,18.964,43.756
211,2026-04-07T23:30:00,47.575,28.193,26.786,32.58,44.993,2704.6,3692.8,16.667,18.974,21.712,0.28861,0.10994,339.44,77.176,6.8965,13.778,31.66,4599.4,23.583,40.923,49.774,80.098,2.2898,1.6677,3105.1,42.458,54.309,94.408,9.411,61.014,37.434,38.888,2632.9,63.867,24.225,48.311,0.32883,8.7478,26.615,120.42,1.2672,73.967,24.22,2.3095,53.943,4.8626,234.75,0.014413,0.84764,65.811,18.964,43.756
212,2026-04-07T23:33:00,49.338,29.677,26.797,32.338,44.526,2702.7,3659.4,16.544,18.814,21.339,0.30289,0.10994,338.51,77.126,6.8026,13.783,31.639,4535.7,23.638,45.002,50.286,80.04,2.2641,1.6529,3104.6,42.533,53.526,94.481,9.1795,61.999,38.94,39.715,2630.8,63.039,24.79,48.303,0.33393,9.0635,26.585,120.4,1.3003,75.849,23.922,2.232,53.943,4.792,234.32,0.014413,0.84764,65.823,18.889,43.756
213,2026-04-07T23:36:00,49.522,29.645,27.048,32.338,44.431,2701.6,3676.9,18.151,18.814,21.255,0.30321,0.10579,338.68,76.799,6.8026,13.783,31.639,4503.9,22.979,45.427,47.755,79.954,2.2641,1.6529,3103.0,42.406,53.907,94.662,9.1878,61.289,31.492,40.027,2628.1,62.738,27.422,48.684,0.33137,9.0635,26.585,120.4,1.3003,76.159,23.922,2.232,53.681,4.792,234.01,0.032358,0.84662,65.807,18.889,44.325
214,2026-04-07T23:39:00,50.725,30.415,26.509,32.514,45.585,2701.3,3685.1,19.017,19.097,21.613,0.31067,0.10579,339.52,77.058,6.9141,13.83,31.827,4523.6,22.611,48.211,51.089,79.939,2.2552,1.6386,3100.4,41.976,53.83,94.545,9.2849,61.833,41.304,39.583,2629.8,63.452,24.865,48.45,0.33554,8.874,26.4,120.4,1.3169,75.088,24.499,2.3234,53.681,4.8253,238.09,0.032358,0.84662,65.793,18.96,44.325
215,2026-04-07T23:42:00,51.259,30.403,27.077,32.514,45.422,2702.4,3712.6,19.77,19.097,21.714,0.31079,0.10579,339.43,77.358,6.9141,13.83,31.827,4536.0,22.283,49.448,52.028,80.171,2.2552,1.6386,3102.1,42.141,53.682,94.572,9.3059,61.884,44.067,39.982,2631.0,62.978,24.65,48.889,0.33227,8.874,26.4,120.42,1.3169,74.495,24.499,2.3234,53.681,4.8253,234.59,0.032358,0.84662,65.826,18.96,44.325
216,2026-04-07T23:45:00,48.582,29.39,27.111,32.921,44.719,2702.1,3662.7,14.048,18.881,21.663,0.29431,0.10579,339.23,77.729,6.8523,13.905,31.93,4483.1,24.678,43.252,51.375,80.288,2.2717,1.6356,3102.3,42.355,54.116,94.509,9.2374,62.41,42.147,40.743,2631.0,62.881,24.207,48.8,0.33624,8.7956,26.139,120.39,1.2042,75.036,24.26,2.3261,53.681,4.7948,236.96,0.032358,0.84662,65.889,19.078,44.325
217,2026-04-07T23:48:00,49.447,29.182,27.147,32.921,45.186,2703.7,3665.1,19.717,18.881,21.965,0.29642,0.10579,339.62,77.378,6.8523,13.905,31.93,4497.0,22.287,45.255,50.141,80.496,2.2717,1.6356,3102.4,42.409,53.949,94.623,9.1603,61.506,38.516,40.268,2632.2,62.84,24.605,49.034,0.34013,8.7956,26.139,120.4,1.2042,75.154,24.26,2.3261,53.681,4.7948,235.66,0.032358,0.84662,66.004,19.078,44.325
218,2026-04-07T23:51:00,48.893,28.446,26.465,32.641,44.496,2698.7,3642.4,17.73,19.137,21.003,0.2903,0.09744,339.88,76.831,7.0945,13.843,32.016,4499.1,23.146,43.971,50.987,80.147,2.2698,1.6633,3099.5,42.015,53.593,94.54,9.2218,59.606,41.003,41.357,2626.5,63.77,24.361,49.045,0.3482,8.8655,26.407,120.39,1.2566,74.992,24.063,2.3504,53.572,4.8632,236.78,0.043583,0.84679,66.045,18.866,43.368
219,2026-04-07T23:54:00,51.71,28.486,26.532,32.641,44.145,2697.4,3708.3,16.792,19.137,21.555,0.2899,0.09744,339.72,77.244,7.0945,13.843,32.016,4504.0,23.534,50.491,49.775,80.116,2.2698,1.6633,3097.2,42.192,53.534,94.656,9.2585,60.061,37.439,41.702,2625.6,62.637,24.954,49.141,0.34537,8.8655,26.407,120.38,1.2566,74.867,24.063,2.3504,53.572,4.8632,237.04,0.043583,0.84679,66.008,18.866,43.368
220,2026-04-07T23:57:00,48.958,27.795,26.885,33.17,44.085,2697.0,3609.2,18.631,18.394,21.67,0.28481,0.09744,339.17,77.144,6.82,13.669,32.681,4508.2,22.764,44.123,50.309,80.18,2.2134,1.6266,3096.2,42.598,53.971,94.685,9.2312,61.549,39.008,40.965,2625.1,62.132,25.168,49.406,0.33833,8.9502,26.6,120.38,1.2281,75.584,23.892,2.3033,53.572,4.9082,235.39,0.043583,0.84679,66.027,18.915,43.368
221,2026-04-08T00:00:00,50.886,27.85,26.727,33.17,44.678,2695.8,3614.1,19.985,18.394,21.897,0.28425,0.09744,339.84,77.075,6.82,13.669,32.681,4582.3,22.2,48.585,49.491,80.043,2.2134,1.6266,3094.3,42.446,53.085,94.815,9.1904,60.885,36.602,40.684,2625.1,62.048,25.193,49.339,0.34063,8.9502,26.6,120.4,1.2281,75.783,23.892,2.3033,53.572,4.9082,237.49,0.043583,0.84679,65.988,18.915,43.368
222,2026-04-08T00:03:00,50.298,21.354,26.565,33.111,43.933,2696.7,3657.3,19.104,18.991,21.733,0.21822,0.09744,339.77,77.298,6.8107,13.874,31.928,4511.7,22.57,47.224,50.972,80.09,2.2921,1.6795,3094.6,41.768,53.79,94.745,9.1839,61.799,40.961,38.315,2625.4,63.641,25.653,49.324,0.32099,8.8302,26.309,120.37,1.2265,75.29,24.162,2.3619,53.572,4.8439,238.99,0.043583,0.84679,65.972,18.945,43.368
223,2026-04-08T00:06:00,50.543,21.352,26.578,33.111,44.898,2697.7,3685.5,16.921,18.991,21.821,0.21823,0.1161,339.38,77.459,6.8107,13.874,31.928,4504.3,23.479,47.79,48.85,80.309,2.2921,1.6795,3095.5,42.411,53.878,94.613,9.2496,60.701,34.717,38.539,2625.6,63.156,25.147,49.392,0.31916,8.8302,26.309,120.42,1.2265,75.469,24.162,2.3619,53.365,4.8439,239.82,0.014363,0.84491,66.024,18.945,44.006
224,2026-04-08T00:09:00,49.684,28.558,27.053,32.302,45.075,2698.7,3686.8,19.157,18.364,21.764,0.28823,0.1161,338.95,77.621,6.8845,13.909,32.169,4452.1,22.52,45.803,51.511,80.565,2.2881,1.6166,3097.8,42.134,54.405,94.54,9.1661,63.489,42.547,41.133,2627.2,63.277,24.72,49.858,0.34237,8.8768,26.374,120.41,1.0981,74.768,23.72,2.3587,53.365,4.8267,235.94,0.014363,0.84491,66.123,18.926,44.006
225,2026-04-08T00:12:00,52.1,28.474,26.815,32.302,45.918,2697.3,3671.6,19.325,18.364,21.341,0.28908,0.1161,339.17,77.393,6.8845,13.909,32.169,4461.6,22.447,51.395,49.702,80.599,2.2881,1.6166,3098.0,42.651,54.291,94.464,9.3014,60.856,37.222,41.225,2625.8,63.538,24.886,49.848,0.34161,8.8768,26.374,120.42,1.0981,75.265,23.72,2.3587,53.365,4.8267,237.36,0.014363,0.84491,66.222,18.926,44.006
226,2026-04-08T00:15:00,49.783,26.221,26.851,32.894,44.782,2693.7,3669.7,18.831,18.278,21.249,0.26835,0.1161,338.98,76.95,6.9392,13.768,32.157,4515.9,22.668,46.032,50.927,80.339,2.2021,1.677,3094.2,42.145,53.662,94.635,9.3046,59.065,40.828,41.67,2621.5,62.957,24.491,50.026,0.34644,8.9279,26.012,120.4,1.1984,75.339,24.023,2.375,53.365,4.9128,236.67,0.014363,0.84491,66.265,18.949,44.006
227,2026-04-08T00:18:00,48.914,26.373,26.866,32.894,45.321,2690.4,3684.3,18.252,18.278,21.638,0.26681,0.1161,338.97,77.014,6.9392,13.768,32.157,4517.0,22.922,44.021,51.469,80.108,2.2021,1.677,3090.0,42.733,53.649,94.752,9.1823,62.846,42.423,41.484,2618.4,62.704,24.22,49.934,0.34796,8.9279,26.012,120.4,1.1984,74.844,24.023,2.375,53.365,4.9128,239.07,0.014363,0.84491,66.241,18.949,44.006
228,2026-04-08T00:21:00,49.764,26.547,26.872,32.766,44.56,2690.5,3668.5,17.063,18.982,21.681,0.26787,0.088509,339.07,77.342,6.9397,13.797,32.25,4508.0,23.418,45.988,51.437,80.214,2.2279,1.6382,3089.5,42.256,53.672,94.628,9.2181,59.554,42.328,39.598,2619.8,62.47,26.542,50.083,0.33264,8.9588,25.933,120.39,1.2313,74.762,23.825,2.3516,53.525,4.9219,238.46,0.022608,0.8667,66.162,19.065,43.377
229,2026-04-08T00:24:00,51.429,26.443,26.781,32.766,44.552,2691.9,3665.0,19.653,18.982,21.693,0.26894,0.088509,338.91,77.331,6.9397,13.797,32.25,4493.6,22.323,49.841,49.783,80.379,2.2279,1.6382,3090.4,42.669,53.843,94.722,9.4106,60.944,37.46,39.7,2620.7,62.529,26.718,50.17,0.3318,8.9588,25.933,120.39,1.2313,75.789,23.825,2.3516,53.525,4.9219,238.68,0.022608,0.8667,66.2,19.065,43.377
230,2026-04-08T00:27:00,50.185,25.559,27.105,32.851,45.168,2691.4,3649.0,20.663,18.842,21.773,0.25966,0.088509,339.05,76.986,7.0937,13.826,31.922,4505.1,21.906,46.962,50.831,80.363,2.3326,1.6307,3091.0,42.688,53.383,94.679,9.1945,60.994,40.546,39.895,2619.3,62.746,24.549,50.218,0.3362,8.8121,26.242,120.41,1.2934,75.244,23.888,2.282,53.525,4.9215,239.32,0.022608,0.8667,66.224,18.897,43.377
231,2026-04-08T00:30:00,50.035,25.507,27.145,32.851,43.706,2692.3,3612.7,18.083,18.842,21.477,0.26018,0.088509,338.81,77.111,7.0937,13.826,31.922,4514.9,22.988,46.614,48.006,80.404,2.3326,1.6307,3089.9,42.298,53.266,94.709,9.3294,60.111,32.232,39.8,2618.9,63.371,24.889,50.19,0.33698,8.8121,26.242,120.38,1.2934,75.041,23.888,2.282,53.525,4.9215,240.83,0.022608,0.8667,66.235,18.897,43.377
232,2026-04-08T00:33:00,50.855,28.609,26.591,32.342,44.106,2689.5,3604.4,18.55,18.648,20.997,0.29407,0.088509,339.07,76.865,6.9063,13.795,32.151,4515.5,22.806,48.512,49.671,80.151,2.2432,1.6541,3089.7,42.269,53.636,94.911,9.2619,61.17,37.132,40.275,2618.0,62.035,26.738,50.275,0.33912,8.8943,25.775,120.39,1.1274,74.582,23.742,2.31,53.525,4.8748,241.06,0.022608,0.8667,66.25,19.289,43.377
233,2026-04-08T00:36:00,49.713,28.689,26.972,32.342,43.821,2693.1,3598.3,17.914,18.648,21.835,0.29326,0.098406,339.37,77.372,6.9063,13.795,32.151,4513.9,23.062,45.87,48.573,80.28,2.2432,1.6541,3090.2,42.633,53.655,94.844,9.1863,61.545,33.902,40.361,2621.8,62.141,26.678,50.733,0.33841,8.8943,25.775,120.39,1.1274,74.885,23.742,2.31,53.989,4.8748,243.78,0.018584,0.84339,66.217,19.289,44.035
234,2026-04-08T00:39:00,50.472,26.637,27.175,32.26,44.406,2694.0,3659.4,15.351,19.38,21.658,0.27298,0.098406,339.46,77.28,7.0834,13.907,32.115,4486.1,24.137,47.626,50.589,80.405,2.2766,1.6494,3093.1,42.491,52.972,94.776,9.3652,61.474,39.833,39.817,2621.1,62.623,25.355,50.897,0.33604,8.8094,26.178,120.39,1.2473,74.324,23.609,2.2215,53.989,4.8635,246.02,0.018584,0.84339,66.266,18.83,44.035
235,2026-04-08T00:42:00,51.433,26.63,27.105,32.26,43.883,2693.6,3651.6,16.009,19.38,21.705,0.27305,0.098406,339.49,77.188,7.0834,13.907,32.115,4453.7,23.864,49.851,50.58,80.372,2.2766,1.6494,3093.0,42.635,53.359,94.656,9.4538,60.322,39.807,39.809,2622.3,62.756,25.501,51.65,0.33611,8.8094,26.178,120.41,1.2473,75.527,23.609,2.2215,53.989,4.8635,241.59,0.018584,0.84339,66.313,18.83,44.035
236,2026-04-08T00:45:00,50.165,27.035,26.666,32.661,43.874,2693.9,3586.6,16.924,19.167,21.628,0.27711,0.098406,340.03,77.448,6.8512,13.82,31.822,4535.6,23.471,46.916,50.552,80.253,2.319,1.6252,3092.4,42.499,53.459,94.839,9.3705,62.551,39.724,41.242,2622.4,62.214,25.505,51.688,0.34918,8.9551,26.319,120.39,1.327,74.642,23.272,2.3282,53.989,4.8238,245.22,0.018584,0.84339,66.331,18.75,44.035
237,2026-04-08T00:48:00,49.961,27.236,26.457,32.661,44.641,2695.9,3561.7,17.311,19.167,21.486,0.27507,0.098406,340.12,77.544,6.8512,13.82,31.822,4484.3,23.303,46.444,50.248,80.408,2.319,1.6252,3095.5,42.486,54.073,94.706,9.3499,61.102,38.83,41.381,2624.8,62.643,24.436,51.903,0.34804,8.9551,26.319,120.4,1.327,75.074,23.272,2.3282,53.989,4.8238,246.83,0.018584,0.84339,66.369,18.75,44.035
238,2026-04-08T00:51:00,50.141,30.197,26.968,32.693,45.167,2697.9,3657.7,19.781,18.831,21.882,0.30622,0.10115,340.14,77.543,6.9062,13.998,32.606,4540.4,22.26,46.861,51.851,80.355,2.2866,1.626,3097.2,42.511,53.595,94.784,9.3349,62.914,43.548,40.038,2625.9,62.948,25.743,51.703,0.34061,8.8061,25.785,120.44,1.2288,74.819,23.928,2.4114,53.716,4.9062,246.75,0.019861,0.86273,66.421,19.655,44.25
239,2026-04-08T00:54:00,51.211,30.036,27.066,32.693,44.921,2700.1,3673.7,16.784,18.831,21.792,0.30786,0.10115,340.89,77.339,6.9062,13.998,32.606,4496.4,23.522,49.336,50.693,80.395,2.2866,1.626,3098.5,42.469,54.122,94.513,9.4085,61.843,40.139,40.724,2628.4,62.672,25.024,51.879,0.33499,8.8061,25.785,120.4,1.2288,74.632,23.928,2.4114,53.716,4.9062,246.02,0.019861,0.86273,66.454,19.655,44.25
240,2026-04-08T00:57:00,49.952,22.575,26.742,33.441,44.127,2696.3,3659.4,19.871,18.612,21.879,0.23146,0.10115,340.58,76.983,6.8078,13.692,32.288,4380.2,22.234,46.423,50.579,80.229,2.2485,1.7152,3094.5,42.34,53.221,94.714,9.3723,62.016,39.805,42.369,2624.6,62.439,24.863,51.948,0.36156,8.7893,25.735,120.4,1.2455,74.745,23.692,2.3468,53.716,4.7953,246.5,0.019861,0.86273,66.422,18.747,44.25
241,2026-04-08T01:00:00,51.031,22.49,26.735,33.441,44.618,2695.4,3655.5,16.376,18.612,21.88,0.23233,0.10115,341.27,77.36,6.8078,13.692,32.288,4412.7,23.697,48.92,49.297,80.178,2.2485,1.7152,3092.3,42.369,52.831,94.611,9.5256,62.869,36.031,42.386,2623.1,62.506,25.082,52.048,0.36141,8.7893,25.735,120.4,1.2455,74.273,23.692,2.3468,53.716,4.7953,246.67,0.019861,0.86273,66.412,18.747,44.25
242,2026-04-08T01:03:00,50.453,25.517,27.054,33.156,44.43,2697.3,3645.0,17.617,19.037,22.058,0.25768,0.10115,340.71,77.516,6.7866,13.579,32.32,4515.6,23.168,47.582,52.087,80.279,2.2593,1.6684,3094.9,42.099,53.758,94.706,9.3729,60.208,44.242,38.524,2625.8,63.574,23.943,51.925,0.32614,8.9066,26.171,120.43,1.2443,74.89,23.517,2.2877,53.716,4.9692,249.32,0.019861,0.86273,66.412,18.401,44.25
243,2026-04-08T01:06:00,49.822,25.396,26.797,33.156,45.439,2698.3,3702.5,15.077,19.037,21.799,0.2589,0.097183,341.46,77.508,6.7866,13.579,32.32,4464.8,24.233,46.122,48.64,80.347,2.2593,1.6684,3096.3,42.531,54.366,94.503,9.3288,60.903,34.098,38.68,2627.3,62.583,25.114,52.522,0.32486,8.9066,26.171,120.41,1.2443,73.905,23.517,2.2877,53.698,4.9692,249.73,0.017295,0.82964,66.461,18.401,42.943
244,2026-04-08T01:09:00,48.252,24.94,26.931,33.113,44.505,2699.7,3672.0,18.847,18.614,21.959,0.25488,0.097183,340.9,77.347,6.6384,13.713,32.541,4485.6,22.642,42.489,49.823,80.398,2.2338,1.696,3097.7,42.331,54.998,94.501,9.3963,60.444,37.578,36.758,2628.4,63.374,25.847,52.956,0.31363,8.9339,26.175,120.4,1.265,74.413,23.629,2.321,53.698,4.9858,248.63,0.017295,0.82964,66.533,18.752,42.943
245,2026-04-08T01:12:00,50.387,25.151,26.594,33.113,45.62,2700.5,3677.3,19.867,18.614,21.87,0.25273,0.097183,341.4,77.389,6.6384,13.713,32.541,4583.0,22.209,47.429,51.545,80.41,2.2338,1.696,3098.3,42.561,53.832,94.468,9.3234,60.624,42.648,37.007,2630.2,63.283,24.628,53.119,0.31159,8.9339,26.175,120.42,1.265,75.216,23.629,2.321,53.698,4.9858,250.56,0.017295,0.82964,66.578,18.752,42.943
246,2026-04-08T01:15:00,48.769,22.772,26.831,33.275,45.182,2699.6,3700.7,16.947,18.672,22.034,0.22917,0.097183,340.94,77.352,6.9345,13.776,32.181,4503.9,23.438,43.685,49.733,80.38,2.297,1.6195,3098.0,42.54,53.952,94.358,9.4318,60.507,37.314,38.481,2628.9,64.341,24.198,53.423,0.32679,8.9319,26.354,120.42,1.3855,75.461,23.935,2.272,53.698,4.8786,250.87,0.017295,0.82964,66.615,18.784,42.943
247,2026-04-08T01:18:00,51.312,22.65,27.172,33.275,45.442,2698.6,3748.4,18.194,18.672,22.156,0.23041,0.097183,341.02,77.375,6.9345,13.776,32.181,4527.5,22.912,49.571,48.309,80.274,2.297,1.6195,3096.3,42.397,53.67,94.45,9.343,60.734,33.125,38.837,2626.3,63.521,26.256,53.632,0.32387,8.9319,26.354,120.41,1.3855,74.233,23.935,2.272,53.698,4.8786,252.26,0.017295,0.82964,66.641,18.784,42.943
248,2026-04-08T01:21:00,50.648,26.101,26.835,33.231,44.993,2696.4,3615.7,18.204,18.765,21.579,0.26131,0.10279,340.95,77.231,6.7118,13.808,32.162,4507.2,22.916,48.035,49.136,80.145,2.3033,1.6321,3094.6,42.322,53.834,94.435,9.4694,60.213,35.557,39.39,2624.4,63.296,24.919,53.009,0.33207,9.0162,25.866,120.38,1.3483,75.104,23.626,2.2618,53.526,4.8004,253.7,0.01749,0.83215,66.613,18.75,43.515
249,2026-04-08T01:24:00,48.981,26.024,26.692,33.231,45.355,2695.3,3651.0,15.887,18.765,21.598,0.2621,0.10279,340.69,77.021,6.7118,13.808,32.162,4467.9,23.903,44.177,49.657,80.043,2.3033,1.6321,3094.0,42.711,54.304,94.745,9.3889,61.561,37.09,39.712,2623.5,62.689,24.628,53.294,0.32943,9.0162,25.866,120.39,1.3483,75.175,23.626,2.2618,53.526,4.8004,250.22,0.01749,0.83215,66.581,18.75,43.515
250,2026-04-08T01:27:00,49.025,26.137,26.936,33.14,44.87,2697.5,3730.3,15.346,18.852,21.918,0.26511,0.10279,341.1,77.412,6.8007,13.846,32.691,4548.1,24.119,44.277,49.695,80.201,2.2897,1.6463,3095.5,42.286,53.432,94.451,9.3545,62.34,37.202,39.931,2626.8,63.333,25.269,53.26,0.33423,8.8401,26.193,120.4,1.0791,74.658,23.423,2.3152,53.526,4.8955,250.36,0.01749,0.83215,66.557,18.659,43.515
251,2026-04-08T01:30:00,50.815,26.002,26.696,33.14,45.864,2696.6,3697.1,17.589,18.852,21.595,0.26648,0.10279,340.88,77.107,6.8007,13.846,32.691,4528.3,23.186,48.421,50.747,80.099,2.2897,1.6463,3096.1,42.627,53.669,94.438,9.3777,60.866,40.298,39.703,2625.4,63.905,26.493,53.107,0.3361,8.8401,26.193,120.41,1.0791,74.746,23.423,2.3152,53.526,4.8955,251.78,0.01749,0.83215,66.552,18.659,43.515
252,2026-04-08T01:33:00,50.747,20.91,26.98,33.161,45.232,2697.5,3648.5,17.498,19.115,22.1,0.21096,0.10279,341.39,77.635,6.8138,13.903,32.554,4542.4,23.207,48.262,47.899,80.283,2.209,1.6663,3094.8,42.118,53.734,94.381,9.3029,60.237,31.917,40.725,2626.1,64.079,24.32,53.269,0.33618,8.9354,25.922,120.38,1.2359,74.373,24.023,2.2935,53.526,4.8331,249.69,0.01749,0.83215,66.561,19.431,43.515
253,2026-04-08T01:36:00,49.971,20.92,26.941,33.161,45.991,2699.7,3654.7,16.281,19.115,22.043,0.21086,0.095094,340.81,77.608,6.8138,13.903,32.554,4487.1,23.708,46.466,49.255,80.518,2.209,1.6663,3097.7,42.049,54.395,94.554,9.4428,59.796,35.907,40.547,2628.4,63.973,25.194,53.375,0.33764,8.9354,25.922,120.44,1.2359,75.199,24.023,2.2935,52.999,4.8331,248.81,-0.0011856,0.8186,66.613,19.431,44.013
254,2026-04-08T01:39:00,50.04,21.555,27.106,33.367,44.745,2696.9,3682.1,19.167,18.518,21.705,0.22173,0.095094,340.3,77.255,6.7636,13.865,32.824,4417.1,22.494,46.628,49.602,80.475,2.3011,1.7095,3096.2,42.173,53.294,94.375,9.3567,62.059,36.929,41.042,2625.4,63.458,27.373,53.19,0.34671,8.8978,26.136,120.39,1.2726,74.88,23.595,2.3635,52.999,4.8623,250.79,-0.0011856,0.8186,66.694,18.721,44.013
255,2026-04-08T01:42:00,49.489,21.637,27.012,33.367,45.236,2694.1,3673.6,17.574,18.518,21.559,0.22089,0.095094,340.8,77.533,6.7636,13.865,32.824,4436.9,23.161,45.351,51.0,80.256,2.3011,1.7095,3093.4,42.339,53.057,94.646,9.3926,60.006,41.042,41.177,2622.0,63.603,24.63,53.033,0.3456,8.8978,26.136,120.38,1.2726,74.101,23.595,2.3635,52.999,4.8623,252.49,-0.0011856,0.8186,66.682,18.721,44.013
256,2026-04-08T01:45:00,49.293,18.661,26.718,32.96,45.148,2694.0,3675.2,20.272,19.225,21.709,0.18856,0.095094,340.43,77.513,6.9971,13.802,32.221,4498.8,22.024,44.898,50.17,80.371,2.2827,1.6567,3092.4,42.275,54.008,94.442,9.3857,62.546,38.601,40.896,2622.9,64.105,25.545,53.251,0.3404,8.9586,26.135,120.4,1.4071,74.916,23.923,2.2644,52.999,4.8723,249.97,-0.0011856,0.8186,66.679,18.78,44.013
257,2026-04-08T01:48:00,49.284,18.601,27.136,32.96,45.598,2693.6,3706.5,20.284,19.225,21.828,0.18917,0.095094,340.26,77.598,6.9971,13.802,32.221,4542.1,22.013,44.876,49.98,80.398,2.2827,1.6567,3091.7,42.081,53.49,94.537,9.4505,60.899,38.042,40.741,2622.3,63.565,23.009,53.224,0.34167,8.9586,26.135,120.39,1.4071,75.139,23.923,2.2644,52.999,4.8723,250.22,-0.0011856,0.8186,66.679,18.78,44.013
258,2026-04-08T01:51:00,49.72,23.926,27.186,33.217,44.829,2694.3,3668.4,18.32,18.886,21.842,0.24468,0.091617,340.19,77.621,7.0551,13.918,32.364,4500.4,22.84,45.885,49.707,80.363,2.2965,1.6599,3093.4,42.65,53.847,94.602,9.3587,62.154,37.238,39.702,2622.3,62.175,26.006,52.846,0.33647,8.9963,26.206,120.37,1.1649,75.043,23.659,2.3865,53.405,4.8656,250.29,0.032935,0.8247,66.692,18.124,44.442
259,2026-04-08T01:54:00,48.583,24.054,27.05,33.217,44.488,2696.4,3627.9,16.79,18.886,21.731,0.24338,0.091617,340.2,77.324,7.0551,13.918,32.364,4495.7,23.487,43.255,50.946,80.514,2.2965,1.6599,3095.4,42.342,53.904,94.643,9.4522,61.512,40.885,40.16,2624.5,62.871,23.935,52.731,0.33271,8.9963,26.206,120.4,1.1649,75.142,23.659,2.3865,53.405,4.8656,249.73,0.032935,0.8247,66.691,18.124,44.442
260,2026-04-08T01:57:00,49.326,22.74,27.158,32.673,44.382,2695.5,3598.7,19.477,18.504,21.824,0.22698,0.091617,339.98,77.305,7.0369,13.899,32.219,4577.6,22.361,44.974,50.292,80.275,2.2599,1.6606,3094.7,42.575,54.588,94.747,9.2455,62.778,38.961,41.608,2623.9,62.73,23.424,52.625,0.3468,8.8264,26.727,120.37,1.153,75.286,23.602,2.3602,53.405,4.951,249.11,0.032935,0.8247,66.649,18.996,44.442
261,2026-04-08T02:00:00,49.377,22.395,27.065,32.673,44.948,2696.9,3638.2,19.017,18.504,21.844,0.23049,0.091617,340.38,77.318,7.0369,13.899,32.219,4589.0,22.56,45.093,50.63,80.254,2.2599,1.6606,3096.1,42.3,54.452,94.756,9.2353,63.115,39.954,41.73,2625.6,62.05,26.4,52.339,0.3458,8.8264,26.727,120.4,1.153,75.069,23.602,2.3602,53.405,4.951,250.53,0.032935,0.8247,66.592,18.996,44.442
262,2026-04-08T02:03:00,48.143,23.728,27.13,33.078,44.255,2701.3,3624.3,17.967,18.617,22.187,0.24277,0.091617,340.77,77.903,6.9922,13.686,32.249,4518.1,22.977,42.236,50.54,80.476,2.2886,1.6606,3099.2,42.025,53.198,94.673,9.3424,61.979,39.688,41.148,2630.4,62.293,26.798,52.222,0.34733,8.9357,26.341,120.38,1.358,74.494,23.6,2.407,53.405,4.9158,250.05,0.032935,0.8247,66.57,18.993,44.442
263,2026-04-08T02:06:00,49.763,23.936,26.867,33.078,44.279,2704.4,3632.1,20.026,18.617,21.973,0.24066,0.10578,340.34,77.551,6.9922,13.686,32.249,4476.7,22.108,45.985,49.074,80.587,2.2886,1.6606,3102.8,42.167,53.694,94.723,9.3723,62.888,35.374,40.975,2632.3,62.16,26.065,52.304,0.34875,8.9357,26.341,120.4,1.358,74.748,23.6,2.407,53.822,4.9158,248.78,0.024754,0.80152,66.617,18.993,44.569
264,2026-04-08T02:09:00,51.299,23.629,26.645,32.789,44.148,2702.2,3635.8,19.546,18.481,21.71,0.23708,0.10578,340.89,77.178,6.5709,13.878,32.286,4476.2,22.328,49.541,50.312,80.232,2.2891,1.6562,3100.9,42.323,53.67,94.636,9.3153,61.455,39.017,38.63,2630.4,62.363,23.807,52.468,0.32094,8.9096,26.144,120.42,1.2249,74.47,23.893,2.3251,53.822,4.9638,245.76,0.024754,0.80152,66.59,19.016,44.569
265,2026-04-08T02:12:00,49.652,23.418,27.08,32.789,44.276,2703.8,3603.8,17.708,18.481,22.41,0.23923,0.10578,341.01,77.041,6.5709,13.878,32.286,4447.5,23.112,45.729,49.474,80.095,2.2891,1.6562,3099.2,42.478,54.013,94.737,9.2719,61.166,36.551,38.594,2632.5,62.914,24.267,52.164,0.32124,8.9096,26.144,120.4,1.2249,74.961,23.893,2.3251,53.822,4.9638,248.08,0.024754,0.80152,66.494,19.016,44.569
266,2026-04-08T02:15:00,50.296,23.108,26.895,32.753,45.712,2700.7,3740.4,16.119,18.938,22.139,0.23348,0.10578,340.79,77.149,6.798,13.675,32.047,4430.8,23.787,47.219,50.211,79.897,2.2571,1.7169,3099.8,42.759,54.117,94.642,9.4972,60.009,38.722,40.897,2630.0,64.353,26.143,52.089,0.34403,9.1515,26.472,120.43,1.3789,73.904,23.981,2.2905,53.822,4.9808,247.88,0.024754,0.80152,66.409,19.03,44.569
267,2026-04-08T02:18:00,49.103,22.981,26.918,32.753,45.42,2703.9,3734.4,18.134,18.938,21.77,0.23477,0.10578,341.08,77.697,6.798,13.675,32.047,4445.4,22.918,44.459,50.167,80.277,2.2571,1.7169,3102.3,42.072,53.943,94.242,9.4808,61.348,38.592,41.289,2632.2,64.456,24.951,52.129,0.34082,9.1515,26.472,120.43,1.3789,74.87,23.981,2.2905,53.822,4.9808,246.39,0.024754,0.80152,66.385,19.03,44.569
268,2026-04-08T02:21:00,49.003,25.492,26.876,32.847,44.975,2702.8,3660.1,18.032,19.217,21.835,0.25606,0.082364,340.89,77.324,6.8064,13.989,32.338,4492.0,22.967,44.227,48.868,80.284,2.2474,1.6823,3101.8,42.517,53.308,94.478,9.3812,63.877,34.77,38.147,2631.3,63.93,24.867,51.518,0.32134,8.8252,26.483,120.42,1.3159,75.305,24.327,2.3377,53.242,4.841,245.01,0.024392,0.80655,66.4,18.83,43.473
269,2026-04-08T02:24:00,51.247,25.269,26.776,32.847,45.56,2702.1,3695.0,18.915,19.217,21.757,0.25833,0.082364,341.19,77.022,6.8064,13.989,32.338,4493.4,22.602,49.419,49.421,80.216,2.2474,1.6823,3101.3,42.45,53.292,94.464,9.471,60.888,36.395,38.279,2630.9,63.328,24.825,51.306,0.32026,8.8252,26.483,120.42,1.3159,74.204,24.327,2.3377,53.242,4.841,243.21,0.024392,0.80655,66.409,18.83,43.473
270,2026-04-08T02:27:00,49.453,22.785,27.116,33.271,44.897,2700.7,3672.0,15.077,18.385,22.074,0.22714,0.082364,340.85,77.51,6.9214,13.764,32.132,4509.3,24.213,45.267,49.48,80.067,2.2985,1.6654,3098.8,42.015,53.567,94.523,9.4038,62.676,36.57,42.125,2629.5,63.726,23.164,50.762,0.35772,8.9229,26.399,120.41,1.2472,74.446,24.213,2.2494,53.242,4.8438,245.2,0.024392,0.80655,66.325,18.519,43.473
271,2026-04-08T02:30:00,49.446,22.508,26.673,33.271,46.01,2699.9,3688.8,16.478,18.385,21.712,0.22995,0.082364,340.64,77.146,6.9214,13.764,32.132,4506.8,23.635,45.252,48.832,80.09,2.2985,1.6654,3098.3,42.21,53.598,94.496,9.2302,63.067,34.664,42.563,2628.6,63.437,24.204,50.514,0.35413,8.9229,26.399,120.41,1.2472,75.175,24.213,2.2494,53.242,4.8438,243.88,0.024392,0.80655,66.266,18.519,43.473
272,2026-04-08T02:33:00,50.649,24.533,26.825,32.763,43.969,2702.8,3657.9,14.846,18.18,21.987,0.24828,0.082364,341.02,77.808,6.9054,13.945,32.025,4524.9,24.303,48.036,51.145,80.219,2.2294,1.6317,3100.9,42.392,54.16,94.566,9.416,62.646,41.471,39.305,2630.9,62.978,25.481,50.234,0.33218,8.8022,26.558,120.39,1.3391,75.459,23.697,2.3867,53.242,4.8476,242.94,0.024392,0.80655,66.214,18.612,43.473
273,2026-04-08T02:36:00,50.11,24.452,26.321,32.763,45.016,2705.1,3651.8,19.904,18.18,21.688,0.2491,0.095422,341.5,77.506,6.9054,13.945,32.025,4527.8,22.174,46.789,47.395,80.344,2.2294,1.6317,3101.7,42.472,54.126,94.535,9.4205,61.888,30.434,39.423,2634.0,63.082,24.519,50.27,0.33121,8.8022,26.558,120.4,1.3391,74.429,23.697,2.3867,53.768,4.8476,239.22,0.0069811,0.82426,66.253,18.612,43.336
274,2026-04-08T02:39:00,49.611,25.699,27.278,32.663,45.003,2705.0,3672.3,14.876,18.667,22.305,0.25931,0.095422,341.12,77.58,6.8508,13.75,32.287,4487.4,24.288,45.634,49.719,80.244,2.2561,1.6673,3103.9,42.444,54.417,94.517,9.2866,60.478,37.273,41.537,2633.8,62.841,24.642,50.006,0.35398,8.7665,26.408,120.38,1.3489,74.884,23.742,2.329,53.768,4.8454,238.46,0.0069811,0.82426,66.223,18.576,43.336
275,2026-04-08T02:42:00,48.554,25.631,26.865,32.663,44.915,2706.4,3675.5,17.66,18.667,22.276,0.26,0.095422,341.14,77.396,6.8508,13.75,32.287,4525.9,23.117,43.188,49.543,80.338,2.2561,1.6673,3104.9,42.242,53.956,94.561,9.3567,62.056,36.754,42.242,2635.8,62.785,25.854,49.65,0.34821,8.7665,26.408,120.41,1.3489,74.26,23.742,2.329,53.768,4.8454,238.72,0.0069811,0.82426,66.207,18.576,43.336
276,2026-04-08T02:45:00,51.229,23.247,26.985,32.808,44.562,2706.4,3673.6,17.505,18.006,22.054,0.23416,0.095422,341.19,77.336,6.8443,13.722,31.966,4517.5,23.182,49.377,50.238,80.26,2.2304,1.6907,3105.2,42.167,54.175,94.485,9.2887,60.785,38.8,39.454,2635.9,63.3,24.062,49.533,0.32855,8.9923,26.42,120.39,1.3325,74.759,23.877,2.2696,53.768,4.9186,236.3,0.0069811,0.82426,66.168,18.392,43.336
277,2026-04-08T02:48:00,49.795,23.337,27.051,32.808,45.476,2707.2,3657.5,18.723,18.006,22.076,0.23326,0.095422,341.3,77.238,6.8443,13.722,31.966,4519.6,22.665,46.059,49.318,80.356,2.2304,1.6907,3106.5,42.181,54.15,94.473,9.3603,60.789,36.093,39.121,2636.3,63.578,25.652,49.254,0.33128,8.9923,26.42,120.4,1.3325,74.296,23.877,2.2696,53.768,4.9186,235.73,0.0069811,0.82426,66.165,18.392,43.336
278,2026-04-08T02:51:00,48.181,26.468,26.761,32.827,44.869,2706.6,3643.5,20.358,18.44,21.842,0.26489,0.098301,341.36,77.144,6.7533,13.599,32.302,4509.0,21.984,42.324,51.244,80.136,2.2933,1.6539,3105.0,42.711,54.778,94.494,9.2679,60.454,41.762,38.685,2634.8,63.907,26.24,49.388,0.32763,8.9088,26.464,120.39,1.0976,74.962,24.175,2.3205,54.016,4.889,235.21,0.014574,0.81429,66.118,18.849,43.687
279,2026-04-08T02:54:00,49.033,26.198,27.284,32.827,44.777,2704.9,3689.2,20.955,18.44,22.019,0.26764,0.098301,341.07,77.309,6.7533,13.599,32.302,4558.8,21.736,44.296,51.058,79.93,2.2933,1.6539,3104.9,42.653,54.181,94.505,9.3668,62.267,41.213,38.794,2632.8,63.121,24.986,49.118,0.32673,8.9088,26.464,120.38,1.0976,75.186,24.175,2.3205,54.016,4.889,236.64,0.014574,0.81429,66.05,18.849,43.687
280,2026-04-08T02:57:00,51.183,23.317,26.916,32.705,45.722,2704.3,3692.3,16.952,18.269,21.978,0.23296,0.098301,340.84,77.076,6.9251,13.808,32.126,4495.6,23.435,49.271,50.372,79.882,2.2564,1.634,3102.9,42.171,53.842,94.481,9.4066,61.868,39.195,37.179,2633.0,63.945,26.037,48.908,0.31098,8.8541,26.481,120.42,1.2287,75.226,23.598,2.3187,54.016,4.8224,237.45,0.014574,0.81429,65.962,19.0,43.687
281,2026-04-08T03:00:00,50.314,22.981,26.735,32.705,45.193,2704.5,3707.7,18.08,18.269,22.068,0.23638,0.098301,341.54,77.17,6.9251,13.808,32.126,4474.7,22.959,47.26,50.225,79.965,2.2564,1.634,3101.9,42.405,54.092,94.531,9.3806,60.903,38.763,36.723,2633.3,63.68,23.221,48.931,0.31471,8.8541,26.481,120.41,1.2287,75.043,23.598,2.3187,54.016,4.8224,235.64,0.014574,0.81429,65.909,19.0,43.687
282,2026-04-08T03:03:00,52.441,24.751,26.895,32.886,44.522,2702.6,3654.4,18.32,19.009,22.09,0.25186,0.098301,341.61,77.049,6.9328,13.687,32.012,4477.3,22.87,52.183,50.922,79.842,2.3056,1.6793,3100.2,42.192,53.666,94.583,9.3586,62.999,40.812,39.577,2630.8,63.131,24.378,48.836,0.33581,8.8089,26.464,120.4,1.3951,74.578,23.825,2.3155,54.016,4.8412,235.18,0.014574,0.81429,65.858,18.611,43.687
283,2026-04-08T03:06:00,48.399,24.825,27.099,32.886,44.039,2704.0,3685.9,19.093,19.009,22.172,0.25111,0.099968,341.14,77.244,6.9328,13.687,32.012,4527.1,22.54,42.83,50.5,80.01,2.3056,1.6793,3100.2,42.266,53.07,94.636,9.2976,60.973,39.57,40.0,2632.8,62.588,25.739,48.478,0.33235,8.8089,26.464,120.39,1.3951,74.5,23.825,2.3155,53.956,4.8412,234.5,0.013221,0.81879,65.83,18.611,43.591
284,2026-04-08T03:09:00,51.617,26.005,26.798,32.813,44.917,2705.4,3605.1,17.644,18.662,22.109,0.26375,0.099968,341.47,77.711,6.8787,13.886,31.88,4521.2,23.133,50.277,49.363,80.156,2.2631,1.6234,3103.2,42.244,54.091,94.586,9.3134,61.944,36.225,37.956,2634.3,63.866,24.914,48.237,0.32166,8.9706,25.974,120.38,1.106,75.432,24.159,2.3319,53.956,4.7739,234.26,0.013221,0.81879,65.874,19.035,43.591
285,2026-04-08T03:12:00,50.91,25.832,27.013,32.813,44.607,2708.4,3638.4,14.86,18.662,22.309,0.26551,0.099968,341.04,77.419,6.8787,13.886,31.88,4495.7,24.3,48.64,49.12,80.46,2.2631,1.6234,3106.3,42.377,54.396,94.511,9.302,63.741,35.51,37.84,2638.0,63.294,24.263,48.267,0.32262,8.9706,25.974,120.4,1.106,75.245,24.159,2.3319,53.956,4.7739,230.94,0.013221,0.81879,65.932,19.035,43.591
286,2026-04-08T03:15:00,51.386,27.528,26.976,33.048,45.602,2706.4,3624.7,18.566,18.382,21.978,0.27879,0.099968,341.24,76.988,6.9008,13.779,31.998,4477.2,22.756,49.741,49.973,80.129,2.2762,1.6799,3105.4,42.286,53.57,94.524,9.343,60.826,38.02,40.534,2634.6,63.982,26.251,47.87,0.34368,8.8681,26.714,120.4,1.2958,75.154,24.123,2.2708,53.956,4.7942,232.39,0.013221,0.81879,65.93,18.805,43.591
287,2026-04-08T03:18:00,49.082,27.667,27.116,33.048,44.906,2705.9,3659.0,17.404,18.382,22.21,0.27737,0.099968,341.61,76.954,6.9008,13.779,31.998,4508.6,23.252,44.41,49.705,79.985,2.2762,1.6799,3102.1,42.046,53.193,94.483,9.3122,62.249,37.233,40.882,2634.8,63.392,25.728,47.688,0.34082,8.8681,26.714,120.38,1.2958,75.538,24.123,2.2708,53.956,4.7942,231.56,0.013221,0.81879,65.856,18.805,43.591
288,2026-04-08T03:21:00,50.09,26.508,27.239,33.16,44.824,2704.9,3648.2,18.017,18.338,22.492,0.2715,0.10321,342.32,76.916,7.0065,13.811,32.195,4534.0,23.004,46.742,50.605,79.894,2.255,1.6254,3101.9,42.245,53.429,94.649,9.2655,61.919,39.881,38.975,2633.5,63.376,24.392,47.449,0.33321,8.8926,26.053,120.37,1.4774,74.6,24.442,2.3134,52.925,4.8592,232.28,0.023759,0.81098,65.767,19.198,42.961
289,2026-04-08T03:24:00,50.443,26.533,26.685,33.16,44.432,2707.1,3654.7,18.117,18.338,22.619,0.27125,0.10321,342.01,77.489,7.0065,13.811,32.195,4507.9,22.942,47.558,49.88,80.063,2.255,1.6254,3102.7,42.325,53.741,94.579,9.3616,60.893,37.746,39.435,2636.0,63.265,24.703,47.544,0.32944,8.8926,26.053,120.41,1.4774,74.597,24.442,2.3134,52.925,4.8592,228.77,0.023759,0.81098,65.707,19.198,42.961
290,2026-04-08T03:27:00,50.515,24.58,26.781,33.315,44.258,2708.4,3627.6,17.554,18.475,22.576,0.25502,0.10321,342.27,77.802,6.8854,13.937,32.27,4466.9,23.165,47.727,49.525,80.175,2.2742,1.6894,3103.6,42.164,53.231,94.575,9.4117,60.166,36.702,39.369,2637.1,62.735,24.029,47.184,0.33656,8.9693,26.174,120.39,1.2879,75.022,24.127,2.2731,52.925,4.8954,230.31,0.023759,0.81098,65.734,18.631,42.961
291,2026-04-08T03:30:00,50.006,24.882,27.063,33.315,44.959,2708.2,3643.9,15.899,18.475,22.614,0.25194,0.10321,342.54,77.299,6.8854,13.937,32.27,4474.6,23.873,46.547,50.073,80.21,2.2742,1.6894,3103.8,42.338,53.138,94.673,9.2347,60.754,38.316,39.985,2637.4,62.455,26.658,47.341,0.33151,8.9693,26.174,120.38,1.2879,75.597,24.127,2.2731,52.925,4.8954,226.06,0.023759,0.81098,65.758,18.631,42.961
292,2026-04-08T03:33:00,51.197,24.144,26.757,33.099,44.517,2707.4,3654.6,17.316,18.078,22.35,0.244,0.10321,342.58,77.436,6.8751,13.714,32.15,4543.4,23.27,49.303,50.945,80.136,2.2557,1.6699,3103.7,42.649,53.681,94.554,9.2178,61.89,40.881,41.526,2636.4,63.273,25.951,46.948,0.34713,8.8543,26.227,120.38,1.2637,74.683,24.257,2.2203,52.925,4.857,228.0,0.023759,0.81098,65.743,18.823,42.961
293,2026-04-08T03:36:00,48.118,23.896,27.195,33.099,45.188,2707.2,3659.7,17.489,18.078,22.786,0.24652,0.097676,342.77,77.392,6.8751,13.714,32.15,4510.4,23.197,42.177,49.914,80.14,2.2557,1.6699,3102.5,42.4,54.077,94.605,9.4841,58.534,37.847,41.561,2637.2,63.186,24.455,46.541,0.34684,8.8543,26.227,120.43,1.2637,75.04,24.257,2.2203,53.826,4.857,227.42,0.033212,0.81408,65.729,18.823,43.81
294,2026-04-08T03:39:00,51.21,25.203,26.499,33.368,44.619,2706.5,3692.9,17.854,18.496,22.214,0.25586,0.097676,342.87,77.322,6.8207,13.79,31.94,4485.4,23.049,49.335,50.386,80.036,2.272,1.6669,3103.1,42.581,53.913,94.564,9.3983,60.296,39.235,38.696,2634.7,62.706,24.751,46.406,0.32148,8.8063,26.213,120.4,1.1875,74.646,23.679,2.3001,53.826,4.9,225.34,0.033212,0.81408,65.67,18.63,43.81
295,2026-04-08T03:42:00,49.061,25.234,27.004,33.368,45.158,2708.1,3683.0,19.915,18.496,22.535,0.25554,0.097676,342.56,77.331,6.8207,13.79,31.94,4483.8,22.177,44.36,49.195,80.15,2.272,1.6669,3103.5,42.044,53.932,94.603,9.2704,62.757,35.73,38.353,2637.4,62.876,24.317,45.999,0.3243,8.8063,26.213,120.41,1.1875,75.451,23.679,2.3001,53.826,4.9,226.32,0.033212,0.81408,65.647,18.63,43.81
296,2026-04-08T03:45:00,50.774,27.361,27.163,33.252,45.023,2707.7,3678.7,17.913,18.733,22.699,0.27762,0.097676,342.63,77.339,6.7478,13.88,32.362,4480.0,23.02,48.325,51.184,80.103,2.2358,1.708,3102.5,42.242,54.46,94.501,9.3806,60.936,41.584,39.757,2636.6,63.46,24.715,45.939,0.32868,8.8561,26.114,120.41,1.2276,75.179,23.858,2.3508,53.826,4.7995,223.42,0.033212,0.81408,65.621,18.881,43.81
297,2026-04-08T03:48:00,50.152,27.352,27.121,33.252,45.22,2706.3,3676.9,17.425,18.733,22.738,0.27771,0.097676,342.49,77.201,6.7478,13.88,32.362,4546.2,23.231,46.885,50.14,80.054,2.2358,1.708,3103.3,42.301,53.668,94.528,9.2757,60.887,38.511,39.173,2635.1,63.491,24.999,45.633,0.33347,8.8561,26.114,120.42,1.2276,74.981,23.858,2.3508,53.826,4.7995,223.3,0.033212,0.81408,65.61,18.881,43.81
298,2026-04-08T03:51:00,49.521,23.39,26.842,33.115,45.438,2704.7,3708.6,17.746,18.359,22.336,0.23714,0.10165,342.22,77.469,6.8231,13.905,32.105,4477.8,23.086,45.426,50.104,80.073,2.266,1.6384,3100.8,42.155,53.873,94.518,9.255,61.623,38.407,40.606,2633.5,63.677,24.961,45.414,0.34142,8.8831,26.367,120.41,1.0738,75.514,23.936,2.3585,53.652,4.921,222.63,0.0065392,0.83574,65.535,18.585,44.112
299,2026-04-08T03:54:00,50.605,23.539,26.912,33.115,45.54,2702.5,3665.9,16.377,18.359,22.348,0.23563,0.10165,342.45,77.318,6.8231,13.905,32.105,4471.3,23.672,47.934,49.791,80.035,2.266,1.6384,3099.3,42.688,53.952,94.464,9.3225,60.489,37.484,40.349,2631.4,64.411,24.79,45.314,0.34352,8.8831,26.367,120.42,1.0738,74.908,23.936,2.3585,53.652,4.921,220.43,0.0065392,0.83574,65.49,18.585,44.112
300,2026-04-08T03:57:00,49.497,25.672,27.35,32.865,45.243,2702.6,3710.3,15.652,18.509,22.607,0.26266,0.10165,342.04,77.485,6.869,13.729,32.54,4496.6,23.97,45.369,49.75,80.087,2.2614,1.6825,3099.1,42.258,54.383,94.57,9.3318,61.379,37.363,40.619,2631.5,63.079,25.708,44.789,0.34764,8.8377,26.802,120.4,1.2918,75.425,23.925,2.3065,53.652,4.8464,223.01,0.0065392,0.83574,65.456,18.548,44.112
301,2026-04-08T04:00:00,49.742,25.966,26.892,32.865,45.539,2702.3,3658.4,17.446,18.509,22.177,0.25967,0.10165,341.82,77.394,6.869,13.729,32.54,4497.4,23.218,45.937,51.757,80.138,2.2614,1.6825,3098.2,42.025,54.373,94.535,9.3611,58.851,43.271,40.982,2631.2,63.971,26.72,44.824,0.34466,8.8377,26.802,120.42,1.2918,74.832,23.925,2.3065,53.652,4.8464,219.28,0.0065392,0.83574,65.432,18.548,44.112
302,2026-04-08T04:03:00,50.314,21.484,27.349,32.89,44.674,2701.9,3691.0,20.223,18.574,22.443,0.21828,0.10165,341.77,77.198,7.0918,13.864,32.42,4507.2,22.054,47.26,49.977,80.12,2.2717,1.6765,3097.3,42.475,54.381,94.549,9.2518,62.28,38.032,38.869,2630.3,63.042,26.396,44.715,0.32338,8.9532,26.741,120.39,1.2968,75.003,24.03,2.261,53.652,4.8255,217.2,0.0065392,0.83574,65.442,18.398,44.112
303,2026-04-08T04:06:00,49.513,21.633,26.521,32.89,44.83,2701.7,3690.1,20.311,18.574,22.218,0.21676,0.10139,342.21,77.409,7.0918,13.864,32.42,4505.1,22.007,45.408,49.256,80.251,2.2717,1.6765,3097.7,42.431,54.406,94.557,9.3969,61.603,35.909,38.783,2630.7,63.057,25.407,44.751,0.32408,8.9532,26.741,120.39,1.2968,75.615,24.03,2.261,52.958,4.8255,219.48,0.019181,0.8268,65.427,18.398,43.683
304,2026-04-08T04:09:00,48.661,22.298,26.557,32.871,44.373,2699.7,3599.6,18.68,18.53,21.833,0.22718,0.10139,341.51,77.135,6.8702,13.862,32.212,4563.6,22.702,43.435,50.456,80.237,2.2913,1.6603,3096.9,42.257,54.127,94.692,9.2184,59.366,39.441,40.578,2628.2,62.568,25.116,44.868,0.33866,8.893,26.35,120.38,1.237,74.498,23.609,2.2995,52.958,4.8456,217.47,0.019181,0.8268,65.446,18.814,43.683
305,2026-04-08T04:12:00,49.001,22.583,27.126,32.871,44.327,2698.2,3638.5,18.151,18.53,21.971,0.22428,0.10139,340.92,77.116,6.8702,13.862,32.212,4570.9,22.932,44.221,48.815,80.037,2.2913,1.6603,3095.6,42.415,54.039,94.922,9.3364,62.608,34.614,40.303,2627.0,61.897,24.189,44.811,0.34091,8.893,26.35,120.36,1.237,75.178,23.609,2.2995,52.958,4.8456,217.42,0.019181,0.8268,65.413,18.814,43.683
306,2026-04-08T04:15:00,49.063,24.157,26.949,32.722,45.68,2700.5,3686.5,19.264,18.412,22.282,0.24585,0.10139,341.14,77.369,6.8926,13.777,32.285,4483.3,22.457,44.365,49.783,80.17,2.2569,1.6504,3097.5,42.296,54.095,94.737,9.3043,61.55,37.461,40.35,2628.9,62.923,25.283,44.697,0.34069,8.8903,27.15,120.41,1.2991,75.082,24.074,2.3347,52.958,4.7993,218.03,0.019181,0.8268,65.379,19.039,43.683
307,2026-04-08T04:18:00,50.303,24.051,26.475,32.722,44.79,2699.9,3664.7,17.526,18.412,21.709,0.24693,0.10139,340.64,77.158,6.8926,13.777,32.285,4528.7,23.195,47.235,49.339,80.161,2.2569,1.6504,3097.8,42.293,53.552,94.697,9.4623,59.812,36.155,40.597,2628.4,63.298,26.877,44.484,0.33866,8.8903,27.15,120.4,1.2991,75.262,24.074,2.3347,52.958,4.7993,219.75,0.019181,0.8268,65.368,19.039,43.683
308,2026-04-08T04:21:00,50.24,23.548,26.921,32.812,44.782,2701.9,3655.3,15.696,18.637,22.222,0.23668,0.10489,340.94,77.655,6.8279,14.015,32.061,4491.1,23.946,47.089,48.815,80.359,2.2996,1.6644,3098.1,41.736,53.424,94.647,9.2268,60.985,34.614,39.278,2631.2,63.263,24.307,44.416,0.33064,8.8516,26.34,120.42,1.3908,74.238,23.853,2.2413,54.668,4.8594,217.19,0.019755,0.83204,65.377,19.032,44.319
309,2026-04-08T04:24:00,50.533,23.544,26.886,32.812,44.72,2702.7,3641.3,17.539,18.637,22.329,0.23673,0.10489,341.14,77.383,6.8279,14.015,32.061,4491.0,23.17,47.767,49.977,80.474,2.2996,1.6644,3099.0,42.105,53.425,94.616,9.2891,59.666,38.032,39.796,2631.9,63.505,23.607,44.187,0.32639,8.8516,26.34,120.4,1.3908,75.672,23.853,2.2413,54.668,4.8594,217.87,0.019755,0.83204,65.386,19.032,44.319
310,2026-04-08T04:27:00,48.999,25.476,26.933,32.963,44.776,2699.7,3657.0,18.201,18.845,21.92,0.26067,0.10489,340.77,76.96,6.7302,13.852,32.064,4484.0,22.908,44.217,50.925,80.168,2.2454,1.6161,3097.3,42.129,53.482,94.674,9.2983,61.386,40.822,42.56,2627.3,63.821,25.717,44.076,0.35694,9.0514,26.554,120.41,1.2908,74.679,23.766,2.3045,54.668,4.8896,217.28,0.019755,0.83204,65.392,18.715,44.319
311,2026-04-08T04:30:00,50.702,25.513,26.926,32.963,44.745,2696.1,3681.3,19.927,18.845,21.929,0.26029,0.10489,340.64,77.462,6.7302,13.852,32.064,4492.0,22.178,48.159,49.89,79.979,2.2454,1.6161,3094.8,41.962,53.385,94.607,9.3144,59.4,37.777,42.641,2624.5,63.403,24.895,44.115,0.35627,9.0514,26.554,120.4,1.2908,74.682,23.766,2.3045,54.668,4.8896,215.06,0.019755,0.83204,65.343,18.715,44.319
312,2026-04-08T04:33:00,52.735,25.614,26.599,32.68,44.965,2698.6,3702.4,18.307,18.68,22.084,0.26125,0.10489,340.86,77.324,7.0529,13.775,32.193,4512.5,22.864,52.863,51.137,80.107,2.2433,1.6834,3095.5,42.023,53.901,94.558,9.281,60.951,41.447,40.867,2627.7,63.996,26.017,43.764,0.33641,8.8606,26.089,120.41,1.1274,75.697,23.891,2.3145,54.668,4.9579,217.24,0.019755,0.83204,65.253,18.965,44.319
313,2026-04-08T04:36:00,51.294,25.547,27.242,32.68,44.789,2698.9,3731.1,20.954,18.68,21.58,0.26193,0.093102,340.38,77.489,7.0529,13.775,32.193,4532.8,21.74,49.529,51.924,80.295,2.2433,1.6834,3097.4,42.231,53.659,94.579,9.3642,60.515,43.762,40.431,2627.0,63.501,24.889,43.838,0.33998,8.8606,26.089,120.41,1.1274,74.699,23.891,2.3145,54.419,4.9579,216.01,0.0323,0.83911,65.277,18.965,43.127
314,2026-04-08T04:39:00,48.619,24.541,26.692,32.72,45.703,2698.7,3625.4,20.736,18.535,21.655,0.24855,0.093102,340.59,77.397,6.8922,13.98,31.604,4508.7,21.835,43.338,50.155,80.339,2.2547,1.6704,3095.9,42.325,53.325,94.537,9.3442,61.869,38.555,39.548,2627.4,62.481,26.508,43.781,0.33006,8.8057,26.428,120.41,1.1531,74.587,24.302,2.3496,54.419,4.9388,215.42,0.0323,0.83911,65.302,18.644,43.127
315,2026-04-08T04:42:00,48.967,24.389,26.914,32.72,44.244,2699.8,3574.3,17.467,18.535,22.217,0.2501,0.093102,340.99,77.735,6.8922,13.98,31.604,4468.2,23.196,44.143,50.343,80.406,2.2547,1.6704,3096.2,42.247,53.81,94.703,9.3302,60.277,39.109,39.735,2628.9,63.36,24.718,43.662,0.32853,8.8057,26.428,120.35,1.1531,74.931,24.302,2.3496,54.419,4.9388,215.54,0.0323,0.83911,65.33,18.644,43.127
316,2026-04-08T04:45:00,51.132,30.265,26.781,33.157,45.738,2702.1,3670.8,20.364,18.24,21.672,0.31032,0.093102,340.6,77.569,6.9454,13.868,32.114,4493.2,21.973,49.154,50.403,80.56,2.2668,1.6082,3100.0,42.306,54.294,94.621,9.3411,60.607,39.285,42.409,2631.0,63.024,22.761,43.774,0.35235,8.9227,26.539,120.47,1.2556,74.742,24.26,2.4058,54.419,4.8572,213.05,0.0323,0.83911,65.356,19.314,43.127
317,2026-04-08T04:48:00,50.731,30.46,27.155,33.157,44.571,2701.8,3641.3,15.621,18.24,22.031,0.30833,0.093102,341.06,77.118,6.9454,13.868,32.114,4527.6,23.982,48.226,51.232,80.4,2.2668,1.6082,3100.1,42.281,53.881,94.564,9.2365,61.64,41.726,42.234,2630.8,63.531,24.181,43.449,0.35379,8.9227,26.539,120.4,1.2556,74.237,24.26,2.4058,54.419,4.8572,215.47,0.0323,0.83911,65.354,19.314,43.127
318,2026-04-08T04:51:00,50.093,25.82,26.812,33.002,45.002,2700.0,3626.4,20.46,18.535,22.057,0.26362,0.11039,341.57,77.088,6.9231,13.657,32.356,4439.3,21.952,46.749,50.746,80.118,2.2482,1.6663,3097.3,42.514,53.258,94.741,9.282,64.51,40.294,40.734,2628.6,63.287,26.054,43.56,0.34271,8.929,26.098,120.4,1.231,74.816,23.99,2.3375,54.417,4.9515,215.06,0.0076356,0.84545,65.315,19.062,43.863
319,2026-04-08T04:54:00,50.72,25.848,27.114,33.002,44.612,2699.3,3670.2,19.659,18.535,22.268,0.26334,0.11039,341.44,77.283,6.9231,13.657,32.356,4460.1,22.289,48.201,49.911,80.054,2.2482,1.6663,3096.1,42.612,53.01,94.701,9.4205,60.72,37.839,40.994,2627.6,62.533,25.425,43.614,0.34058,8.929,26.098,120.38,1.231,74.715,23.99,2.3375,54.417,4.9515,214.21,0.0076356,0.84545,65.236,19.062,43.863
320,2026-04-08T04:57:00,49.262,23.887,27.112,33.341,44.962,2701.3,3661.6,18.893,18.136,22.891,0.23557,0.11039,341.89,77.58,6.8874,13.846,32.264,4464.3,22.602,44.825,50.721,80.2,2.2687,1.669,3096.8,42.157,53.509,94.693,9.4017,62.626,40.223,37.818,2631.6,62.826,23.117,43.629,0.31949,8.8694,26.08,120.38,1.2003,74.688,23.6,2.3861,54.417,4.9337,213.78,0.0076356,0.84545,65.202,18.709,43.863
321,2026-04-08T05:00:00,51.667,23.627,26.743,33.341,45.393,2702.0,3657.9,20.63,18.136,22.305,0.23822,0.11039,341.81,77.23,6.8874,13.846,32.264,4462.6,21.882,50.392,49.086,80.162,2.2687,1.669,3097.6,42.438,53.53,94.659,9.4877,60.084,35.412,37.613,2630.6,62.89,25.907,43.557,0.32117,8.8694,26.08,120.41,1.2003,74.431,23.6,2.3861,54.417,4.9337,214.33,0.0076356,0.84545,65.175,18.709,43.863
322,2026-04-08T05:03:00,49.468,24.184,27.041,32.717,43.824,2700.7,3672.4,17.439,18.498,22.181,0.24766,0.11039,341.98,77.348,6.8223,13.735,32.126,4506.4,23.227,45.303,50.877,80.06,2.2631,1.6679,3097.9,42.262,53.853,94.66,9.3532,61.037,40.681,40.376,2629.0,62.932,24.519,43.46,0.33927,8.8525,26.25,120.37,1.3332,74.702,23.903,2.2893,54.417,4.9171,215.18,0.0076356,0.84545,65.173,18.634,43.863
323,2026-04-08T05:06:00,51.619,24.365,26.875,32.717,46.002,2702.7,3667.9,17.393,18.498,22.257,0.24582,0.085445,341.53,77.519,6.8223,13.735,32.126,4496.5,23.239,50.28,48.451,80.156,2.2631,1.6679,3098.7,41.98,53.972,94.695,9.3663,62.522,33.54,40.39,2631.6,63.009,25.907,43.683,0.33915,8.8525,26.25,120.44,1.3332,74.682,23.903,2.2893,54.621,4.9171,214.39,0.032792,0.83764,65.156,18.634,44.066
324,2026-04-08T05:09:00,51.508,25.369,26.956,32.892,45.028,2705.0,3697.1,15.916,18.768,22.322,0.2623,0.085445,341.58,77.721,6.8572,13.838,32.882,4527.0,23.851,50.023,49.566,80.321,2.2905,1.6461,3102.4,42.397,53.808,94.433,9.5031,61.401,36.822,38.683,2633.7,63.104,25.024,43.514,0.3284,8.6624,26.884,120.4,1.3441,74.816,23.813,2.3799,54.621,4.8293,216.85,0.032792,0.83764,65.206,18.788,44.066
325,2026-04-08T05:12:00,50.216,25.569,27.107,32.892,44.54,2705.2,3663.7,19.228,18.768,22.177,0.26027,0.085445,342.14,77.408,6.8572,13.838,32.882,4490.4,22.458,47.033,49.539,80.33,2.2905,1.6461,3103.0,42.187,54.245,94.535,9.4704,60.442,36.743,38.77,2634.1,63.679,24.367,43.787,0.32768,8.6624,26.884,120.39,1.3441,75.154,23.813,2.3799,54.621,4.8293,214.33,0.032792,0.83764,65.244,18.788,44.066
326,2026-04-08T05:15:00,49.726,18.22,26.681,32.953,45.32,2704.7,3702.9,19.203,18.25,22.311,0.18217,0.085445,341.86,77.433,6.9441,13.827,32.732,4503.4,22.465,45.899,50.065,80.326,2.2847,1.6512,3100.2,42.342,53.723,94.539,9.4646,58.904,38.291,40.276,2633.5,62.738,26.433,43.581,0.33744,8.9811,26.661,120.43,1.2082,74.801,23.804,2.2766,54.621,4.7805,217.2,0.032792,0.83764,65.289,18.659,44.066
327,2026-04-08T05:18:00,50.012,18.026,26.843,32.953,44.61,2702.6,3682.7,15.603,18.25,22.294,0.18413,0.085445,341.66,77.37,6.9441,13.827,32.732,4450.3,23.983,46.561,50.674,80.235,2.2847,1.6512,3099.2,42.391,54.359,94.502,9.3245,61.863,40.083,40.124,2631.5,63.085,25.673,43.889,0.33869,8.9811,26.661,120.38,1.2082,75.092,23.804,2.2766,54.621,4.7805,214.3,0.032792,0.83764,65.256,18.659,44.066
328,2026-04-08T05:21:00,47.239,18.95,26.63,32.839,44.967,2700.4,3654.0,19.442,18.714,21.953,0.19092,0.091002,341.55,77.051,6.9356,13.795,31.962,4505.0,22.379,40.145,49.557,80.051,2.2458,1.6577,3097.7,42.344,54.03,94.678,9.3608,61.088,36.796,40.293,2629.1,62.8,24.712,43.887,0.33505,8.7768,26.33,120.39,1.3456,74.601,24.202,2.2572,53.035,4.8907,212.77,0.024141,0.84884,65.229,18.892,43.878
329,2026-04-08T05:24:00,49.96,18.929,26.942,32.839,44.556,2699.9,3640.0,19.803,18.714,22.237,0.19113,0.091002,341.6,77.197,6.9356,13.795,31.962,4481.3,22.233,46.441,51.577,79.973,2.2458,1.6577,3096.6,42.687,54.315,94.739,9.3863,61.63,42.741,39.891,2628.9,63.041,24.584,43.643,0.33835,8.7768,26.33,120.39,1.3456,75.303,24.202,2.2572,53.035,4.8907,215.21,0.024141,0.84884,65.151,18.892,43.878
330,2026-04-08T05:27:00,48.772,25.98,26.804,33.042,44.819,2703.3,3679.6,17.953,18.261,22.117,0.26507,0.091002,341.3,77.726,6.8523,13.859,32.009,4468.4,22.997,43.691,50.379,80.093,2.2452,1.6678,3099.8,42.358,53.897,94.649,9.46,60.97,39.215,39.672,2631.3,62.378,25.755,43.55,0.33288,8.745,26.414,120.39,1.3561,74.001,24.401,2.3846,53.035,4.8219,215.97,0.024141,0.84884,65.118,19.109,43.878
331,2026-04-08T05:30:00,50.767,26.184,26.718,33.042,44.761,2706.7,3629.7,15.498,18.261,22.256,0.263,0.091002,341.66,77.338,6.8523,13.859,32.009,4540.2,24.04,48.308,50.934,80.186,2.2452,1.6678,3103.6,42.32,53.038,94.65,9.4866,62.16,40.848,40.201,2635.9,63.236,25.168,43.783,0.32854,8.745,26.414,120.39,1.3561,74.221,24.401,2.3846,53.035,4.8219,213.03,0.024141,0.84884,65.118,19.109,43.878
332,2026-04-08T05:33:00,49.321,26.039,26.631,32.539,45.214,2709.5,3696.6,17.958,18.865,22.303,0.25955,0.091002,342.0,77.53,6.8611,13.93,31.976,4485.4,22.99,44.963,51.024,80.319,2.2861,1.6748,3105.8,42.251,53.122,94.577,9.3298,61.038,41.115,40.192,2638.5,62.805,24.213,43.65,0.34286,9.0173,26.633,120.43,1.0718,74.659,24.036,2.2714,53.035,4.8173,214.19,0.024141,0.84884,65.163,19.119,43.878
333,2026-04-08T05:36:00,49.646,25.776,27.094,32.539,45.565,2712.1,3679.0,20.012,18.865,22.628,0.26222,0.095439,342.2,77.641,6.8611,13.93,31.976,4458.0,22.112,45.714,49.312,80.463,2.2861,1.6748,3108.4,41.812,53.45,94.423,9.4959,61.029,36.075,40.482,2642.0,63.108,22.16,43.7,0.34049,9.0173,26.633,120.41,1.0718,73.926,24.036,2.2714,53.952,4.8173,216.62,0.0082585,0.82854,65.242,19.119,43.772
334,2026-04-08T05:39:00,49.654,26.319,27.104,32.399,44.392,2709.3,3715.2,17.874,18.392,22.407,0.26719,0.095439,342.72,77.119,6.9216,13.594,32.362,4499.6,23.026,45.734,52.038,80.17,2.2734,1.6282,3106.4,42.419,52.871,94.444,9.4257,60.396,44.098,41.698,2638.5,62.433,23.822,43.737,0.34686,8.8863,26.913,120.4,1.2268,74.962,23.716,2.3502,53.952,4.9454,217.28,0.0082585,0.82854,65.262,18.739,43.772
335,2026-04-08T05:42:00,49.904,26.678,26.668,32.399,45.059,2707.1,3696.5,17.172,18.392,22.337,0.26353,0.095439,342.44,77.273,6.9216,13.594,32.362,4461.0,23.328,46.311,50.16,79.887,2.2734,1.6282,3104.7,42.312,53.334,94.554,9.414,62.892,38.572,41.281,2635.7,62.753,24.549,43.758,0.35028,8.8863,26.913,120.4,1.2268,75.251,23.716,2.3502,53.952,4.9454,218.2,0.0082585,0.82854,65.17,18.739,43.772
336,2026-04-08T05:45:00,49.586,22.463,26.952,33.279,44.011,2709.2,3663.1,16.952,18.267,22.57,0.23208,0.095439,342.77,77.293,6.7554,13.926,32.576,4502.0,23.42,45.577,48.823,79.972,2.2525,1.6578,3104.9,42.234,53.75,94.616,9.5149,60.413,34.635,37.114,2638.2,62.788,26.318,43.794,0.30998,9.0166,26.213,120.38,1.2278,74.429,23.977,2.3963,53.952,4.8884,218.96,0.0082585,0.82854,65.166,18.925,43.772
337,2026-04-08T05:48:00,50.419,22.313,26.948,33.279,45.319,2712.1,3611.8,18.339,18.267,22.806,0.2336,0.095439,342.8,77.233,6.7554,13.926,32.576,4515.0,22.835,47.503,50.947,80.085,2.2525,1.6578,3107.5,42.189,53.593,94.575,9.3734,64.372,40.887,36.687,2640.0,63.671,26.108,44.102,0.31348,9.0166,26.213,120.4,1.2278,74.258,23.977,2.3963,53.952,4.8884,216.65,0.0082585,0.82854,65.155,18.925,43.772
338,2026-04-08T05:51:00,51.798,20.304,26.521,32.869,44.382,2710.2,3697.6,17.642,18.608,22.496,0.20674,0.11483,343.01,77.369,6.7729,13.81,31.876,4441.2,23.127,50.695,50.497,79.961,2.2716,1.6334,3106.4,42.37,54.01,94.543,9.4759,60.861,39.562,41.386,2639.4,63.694,25.048,43.579,0.34694,8.7163,26.302,120.39,1.311,74.916,23.648,2.2822,54.182,4.8022,217.9,0.016573,0.84339,65.146,19.263,44.317
339,2026-04-08T05:54:00,49.666,20.368,26.533,32.869,45.718,2708.8,3720.5,17.695,18.608,22.216,0.20609,0.11483,343.19,77.259,6.7729,13.81,31.876,4474.7,23.108,45.761,49.658,79.892,2.2716,1.6334,3105.1,42.398,53.609,94.542,9.2994,61.192,37.095,41.389,2637.3,63.3,25.094,43.7,0.34691,8.7163,26.302,120.44,1.311,74.381,23.648,2.2822,54.182,4.8022,215.2,0.016573,0.84339,65.13,19.263,44.317
340,2026-04-08T05:57:00,50.508,27.024,26.992,33.251,45.028,2710.4,3706.5,15.462,18.496,22.744,0.27307,0.11483,343.19,77.418,6.7573,13.758,32.431,4433.5,24.049,47.711,48.673,79.932,2.2466,1.6805,3106.2,42.392,53.221,94.463,9.4344,61.988,34.195,39.553,2639.2,63.5,24.195,43.529,0.3371,8.7033,26.349,120.4,1.2896,75.431,24.324,2.3134,54.182,4.8538,215.8,0.016573,0.84339,65.063,18.498,44.317
341,2026-04-08T06:00:00,49.158,26.751,27.009,33.251,45.822,2712.0,3722.8,16.677,18.496,22.634,0.27585,0.11483,343.09,77.389,6.7573,13.758,32.431,4450.2,23.535,44.585,47.845,79.98,2.2466,1.6805,3107.1,42.489,53.021,94.466,9.3325,61.273,31.757,39.42,2640.8,63.219,24.462,43.387,0.33819,8.7033,26.349,120.42,1.2896,74.781,24.324,2.3134,54.182,4.8538,216.07,0.016573,0.84339,65.074,18.498,44.317
342,2026-04-08T06:03:00,51.483,21.803,27.049,33.146,46.074,2711.3,3694.9,19.427,18.6,22.65,0.21944,0.11483,343.54,77.568,6.9769,13.784,32.473,4525.9,22.37,49.966,50.494,80.047,2.2416,1.613,3107.2,42.035,53.975,94.366,9.3697,61.648,39.553,38.857,2640.8,63.945,23.957,43.159,0.33088,8.7858,26.568,120.39,1.0898,74.146,24.433,2.2975,54.182,4.8537,217.29,0.016573,0.84339,65.07,18.792,44.317
343,2026-04-08T06:06:00,49.704,21.647,26.773,33.146,45.692,2711.5,3659.6,17.31,18.6,22.326,0.22103,0.11053,343.03,77.426,6.9769,13.784,32.473,4524.2,23.269,45.849,50.605,79.963,2.2416,1.613,3108.1,42.228,53.996,94.421,9.4049,61.699,39.881,39.352,2639.6,64.553,26.517,43.431,0.32682,8.7858,26.568,120.42,1.0898,74.63,24.433,2.2975,53.623,4.8537,217.17,0.0053963,0.81896,65.057,18.792,43.012
344,2026-04-08T06:09:00,51.127,21.174,27.159,33.456,44.464,2711.2,3671.9,21.568,18.115,22.859,0.21228,0.11053,343.47,77.304,7.0474,13.626,31.94,4508.7,21.48,49.143,50.813,79.909,2.2296,1.6824,3106.8,42.436,53.48,94.547,9.4241,62.197,40.494,39.087,2640.4,62.429,25.498,43.728,0.33412,9.0198,27.306,120.37,1.1754,74.868,24.332,2.2895,53.623,4.8,214.4,0.0053963,0.81896,65.06,18.081,43.012
345,2026-04-08T06:12:00,51.387,21.011,26.878,33.456,44.472,2712.7,3648.9,14.348,18.115,22.814,0.21394,0.11053,343.74,77.349,7.0474,13.626,31.94,4444.4,24.521,49.745,49.578,79.891,2.2296,1.6824,3106.2,41.911,54.249,94.607,9.3002,62.368,36.857,39.108,2642.0,62.825,25.285,43.745,0.33395,9.0198,27.306,120.38,1.1754,74.255,24.332,2.2895,53.623,4.8,214.74,0.0053963,0.81896,65.055,18.081,43.012
346,2026-04-08T06:15:00,50.596,26.064,26.708,32.734,44.604,2716.7,3612.2,14.87,17.93,22.77,0.26532,0.11053,343.58,77.434,6.8294,13.702,32.271,4555.9,24.293,47.914,50.675,80.035,2.2846,1.62,3111.6,42.7,54.717,94.566,9.5033,61.937,40.086,37.037,2645.8,62.716,24.25,43.524,0.31494,8.8385,26.812,120.39,1.306,74.852,24.453,2.3709,53.623,4.7592,217.74,0.0053963,0.81896,65.083,18.339,43.012
347,2026-04-08T06:18:00,49.605,26.379,26.515,32.734,44.61,2719.8,3600.5,18.223,17.93,22.933,0.26211,0.11053,343.82,77.55,6.8294,13.702,32.271,4552.4,22.875,45.621,49.539,80.046,2.2846,1.62,3113.6,42.332,54.759,94.585,9.3924,63.96,36.742,37.396,2649.5,62.917,24.806,43.742,0.312,8.8385,26.812,120.41,1.306,74.732,24.453,2.3709,53.623,4.7592,215.81,0.0053963,0.81896,65.11,18.339,43.012
348,2026-04-08T06:21:00,51.215,23.027,26.641,33.316,45.353,2721.7,3675.7,17.138,18.253,23.022,0.23395,0.10714,344.15,77.223,6.9011,13.82,32.791,4574.3,23.339,49.346,51.268,80.031,2.2421,1.6479,3116.2,42.444,53.958,94.449,9.3841,61.149,41.83,37.934,2650.9,63.481,26.161,43.172,0.32221,8.8386,26.819,120.41,1.3669,74.961,24.268,2.3153,53.758,4.7608,215.61,0.025967,0.8309,65.087,18.754,44.076
349,2026-04-08T06:24:00,49.823,22.775,27.105,33.316,44.903,2721.9,3684.3,16.872,18.253,23.0,0.23651,0.10714,344.11,77.435,6.9011,13.82,32.791,4553.7,23.442,46.124,47.675,79.904,2.2421,1.6479,3118.0,41.959,54.205,94.482,9.4363,61.591,31.258,38.041,2651.3,63.333,26.19,43.156,0.32134,8.8386,26.819,120.39,1.3669,74.613,24.268,2.3153,53.758,4.7608,213.24,0.025967,0.8309,65.066,18.754,44.076
350,2026-04-08T06:27:00,49.711,17.795,26.686,33.311,44.986,2720.9,3661.1,18.12,18.554,23.122,0.17934,0.10714,344.14,77.367,6.6358,13.708,32.132,4500.4,22.918,45.866,48.811,79.888,2.2918,1.6111,3113.5,42.237,53.864,94.385,9.4357,60.598,34.602,39.055,2650.3,63.12,23.329,42.872,0.3383,8.8529,26.731,120.41,1.2179,74.827,24.164,2.1946,53.758,4.7903,213.88,0.025967,0.8309,65.007,18.369,44.076
351,2026-04-08T06:30:00,50.93,17.819,26.944,33.311,44.623,2718.1,3629.0,16.318,18.554,23.207,0.17909,0.10714,344.02,76.955,6.6358,13.708,32.132,4484.2,23.694,48.687,49.626,79.717,2.2918,1.6111,3111.4,42.537,54.058,94.645,9.2056,61.707,37.0,39.556,2648.1,63.672,25.428,42.586,0.33419,8.8529,26.731,120.37,1.2179,75.328,24.164,2.1946,53.758,4.7903,214.59,0.025967,0.8309,64.975,18.369,44.076
352,2026-04-08T06:33:00,50.096,23.664,26.807,33.187,44.644,2717.5,3733.3,17.381,18.09,22.584,0.24148,0.10714,343.4,77.021,6.8868,13.772,31.887,4500.9,23.252,46.757,49.118,79.573,2.2212,1.6477,3113.7,42.648,54.84,94.468,9.3805,63.188,35.506,37.688,2646.8,64.312,24.827,42.602,0.32424,8.7281,26.902,120.41,1.2968,74.056,25.217,2.2295,53.758,4.8204,211.97,0.025967,0.8309,64.878,18.812,44.076
353,2026-04-08T06:36:00,48.72,23.67,26.837,33.187,45.358,2719.1,3757.0,15.452,18.09,22.899,0.24142,0.09569,343.59,77.138,6.8868,13.772,31.887,4524.8,24.063,43.572,48.374,79.689,2.2212,1.6477,3113.6,42.533,54.554,94.42,9.3153,62.035,33.316,38.131,2648.2,63.904,25.44,42.706,0.3206,8.7281,26.902,120.43,1.2968,74.965,25.217,2.2295,53.522,4.8204,211.57,0.027456,0.84348,64.827,18.812,43.523
354,2026-04-08T06:39:00,49.322,26.367,26.724,32.858,45.233,2719.1,3654.6,20.283,18.195,23.008,0.26504,0.09569,343.48,77.594,6.8849,13.817,32.359,4523.2,22.012,44.965,50.391,79.902,2.2585,1.6776,3114.0,42.225,53.517,94.368,9.3918,60.961,39.25,38.171,2649.0,63.578,24.418,42.626,0.33327,8.9402,26.557,120.41,1.1681,75.38,24.59,2.3397,53.522,4.7709,211.41,0.027456,0.84348,64.844,18.754,43.523
355,2026-04-08T06:42:00,51.143,26.178,27.073,32.858,44.911,2719.5,3680.3,19.862,18.195,23.129,0.26697,0.09569,343.5,77.325,6.8849,13.817,32.359,4480.7,22.191,49.179,48.259,79.898,2.2585,1.6776,3114.1,42.958,54.026,94.53,9.3589,60.944,32.976,38.131,2648.9,63.136,27.45,42.471,0.33359,8.9402,26.557,120.38,1.1681,74.995,24.59,2.3397,53.522,4.7709,212.04,0.027456,0.84348,64.866,18.754,43.523
356,2026-04-08T06:45:00,50.29,21.92,27.289,33.149,45.996,2718.5,3682.3,19.63,18.201,23.437,0.22031,0.09569,344.08,77.045,6.8167,13.926,32.037,4498.1,22.3,47.206,49.601,79.863,2.2393,1.669,3112.2,42.168,53.958,94.494,9.2445,61.902,36.927,39.39,2647.9,63.114,25.066,42.576,0.33271,8.8317,26.752,120.4,1.2539,74.508,24.252,2.23,53.522,4.7989,209.78,0.027456,0.84348,64.912,18.742,43.523
357,2026-04-08T06:48:00,48.681,21.55,26.583,33.149,44.225,2715.9,3667.0,17.686,18.201,22.856,0.22408,0.09569,343.65,76.908,6.8167,13.926,32.037,4489.9,23.13,43.482,50.577,79.604,2.2393,1.669,3109.9,42.129,54.056,94.58,9.3122,60.354,39.799,39.547,2644.1,63.377,24.629,42.187,0.33142,8.8317,26.752,120.37,1.2539,75.791,24.252,2.23,53.522,4.7989,213.09,0.027456,0.84348,64.853,18.742,43.523
358,2026-04-08T06:51:00,49.567,24.772,27.032,32.809,45.151,2713.1,3700.6,18.226,17.971,23.032,0.25338,0.10389,343.81,76.926,6.9232,13.717,32.065,4504.1,22.919,45.533,50.001,79.348,2.258,1.6356,3108.4,42.687,53.921,94.609,9.4616,60.942,38.103,41.194,2641.5,63.427,26.786,42.647,0.34245,8.964,26.589,120.39,1.0029,74.446,24.231,2.272,54.033,4.8239,210.57,0.025607,0.82503,64.785,18.715,43.797
359,2026-04-08T06:54:00,49.92,24.981,27.07,32.809,44.703,2714.1,3698.9,17.688,17.971,22.982,0.25126,0.10389,343.58,76.947,6.9232,13.717,32.065,4476.9,23.15,46.349,50.547,79.509,2.258,1.6356,3109.0,42.33,54.245,94.611,9.3849,60.053,39.708,40.673,2642.8,63.456,23.749,42.549,0.34672,8.964,26.589,120.4,1.0029,76.027,24.231,2.272,54.033,4.8239,212.29,0.025607,0.82503,64.698,18.715,43.797
360,2026-04-08T06:57:00,50.424,24.591,27.175,32.873,44.696,2717.0,3655.9,19.281,18.115,23.367,0.25269,0.10389,343.08,77.465,6.9224,13.949,31.953,4503.1,22.461,47.516,49.623,79.799,2.2362,1.6544,3110.8,42.058,54.005,94.497,9.4038,60.329,36.991,38.047,2646.3,63.274,24.845,42.739,0.32233,8.8562,26.695,120.4,1.0358,74.812,24.896,2.3192,54.033,4.8321,210.73,0.025607,0.82503,64.719,18.584,43.797
361,2026-04-08T07:00:00,50.159,24.786,26.932,32.873,45.763,2720.3,3669.3,19.443,18.115,23.137,0.2507,0.10389,343.46,77.824,6.9224,13.949,31.953,4481.1,22.372,46.903,48.858,80.116,2.2362,1.6544,3114.3,42.537,54.269,94.482,9.3977,60.87,34.738,38.056,2650.8,63.042,25.162,42.61,0.32225,8.8562,26.695,120.41,1.0358,74.936,24.896,2.3192,54.033,4.8321,212.67,0.025607,0.82503,64.819,18.584,43.797
362,2026-04-08T07:03:00,51.742,25.996,26.458,32.621,45.351,2721.5,3691.4,18.065,18.568,23.108,0.26378,0.10389,343.7,77.44,6.9484,13.926,32.55,4524.5,22.951,50.566,50.878,80.211,2.221,1.6759,3115.1,42.116,54.093,94.498,9.3806,61.271,40.683,41.104,2650.9,62.631,25.929,42.637,0.34829,8.853,26.844,120.41,1.3209,75.912,25.196,2.2429,54.033,4.7657,212.81,0.025607,0.82503,64.962,18.489,43.797
363,2026-04-08T07:06:00,49.493,25.911,26.574,32.621,44.697,2717.3,3682.8,16.998,18.568,22.386,0.26464,0.099448,343.15,76.944,6.9484,13.926,32.55,4571.2,23.419,45.36,49.947,79.839,2.221,1.6759,3113.8,42.356,53.534,94.545,9.3557,61.899,37.945,41.459,2645.7,62.779,25.851,42.314,0.34538,8.853,26.844,120.4,1.3209,74.813,25.196,2.2429,53.96,4.7657,211.53,0.012861,0.84602,64.973,18.489,43.012
364,2026-04-08T07:09:00,51.191,20.302,26.691,32.955,44.6,2715.7,3642.6,18.306,18.6,23.163,0.2048,0.099448,343.72,77.061,6.7441,13.596,32.081,4560.5,22.873,49.291,48.401,79.653,2.2649,1.6539,3109.7,42.402,53.936,94.674,9.3639,61.323,33.395,40.824,2644.9,63.192,25.275,42.207,0.34709,8.8729,26.454,120.4,1.3336,75.244,24.435,2.2291,53.96,4.7503,210.95,0.012861,0.84602,64.918,18.723,43.012
365,2026-04-08T07:12:00,48.41,20.134,27.178,32.955,44.429,2715.3,3690.8,19.04,18.6,22.785,0.20651,0.099448,343.26,77.071,6.7441,13.596,32.081,4538.4,22.563,42.855,51.917,79.728,2.2649,1.6539,3110.2,42.129,54.201,94.751,9.3999,61.42,43.741,40.802,2644.5,62.364,23.681,42.243,0.34727,8.8729,26.454,120.38,1.3336,74.881,24.435,2.2291,53.96,4.7503,208.78,0.012861,0.84602,64.843,18.723,43.012
366,2026-04-08T07:15:00,49.136,24.582,26.875,33.016,45.029,2717.3,3710.2,18.4,18.056,22.809,0.24934,0.099448,343.24,77.097,6.9425,13.671,32.471,4496.5,22.835,44.535,49.965,79.767,2.2909,1.6309,3112.1,42.64,54.157,94.551,9.3382,61.608,37.998,36.062,2646.6,63.855,24.762,42.242,0.31298,8.8581,26.754,120.4,1.3153,74.953,24.708,2.3957,53.96,4.8027,207.03,0.012861,0.84602,64.775,18.371,43.012
367,2026-04-08T07:18:00,49.877,24.609,27.049,33.016,45.295,2719.0,3740.3,18.281,18.056,22.937,0.24906,0.099448,343.03,77.356,6.9425,13.671,32.471,4533.4,22.875,46.249,50.801,79.907,2.2909,1.6309,3113.9,42.335,53.714,94.423,9.36,59.98,40.457,36.297,2647.9,63.338,24.773,42.08,0.31105,8.8581,26.754,120.42,1.3153,74.423,24.708,2.3957,53.96,4.8027,207.07,0.012861,0.84602,64.789,18.371,43.012
368,2026-04-08T07:21:00,51.192,20.726,27.34,32.999,44.91,2718.7,3649.2,18.543,18.093,23.27,0.21126,0.11692,343.08,77.552,6.8287,13.683,32.246,4567.2,22.755,49.293,48.473,80.008,2.2746,1.6464,3113.0,42.308,54.211,94.538,9.2638,62.956,33.606,37.306,2647.2,63.201,26.635,42.071,0.31681,8.8199,26.461,120.39,1.1735,75.998,24.724,2.2675,53.391,4.8313,211.39,0.026624,0.85914,64.839,18.368,43.199
369,2026-04-08T07:24:00,50.479,20.671,27.053,32.999,45.226,2717.9,3660.5,18.509,18.093,23.02,0.21183,0.11692,342.46,77.437,6.8287,13.683,32.246,4557.3,22.764,47.642,49.7,80.093,2.2746,1.6464,3113.0,41.798,54.33,94.589,9.3378,60.634,37.216,37.373,2648.2,63.006,25.372,42.344,0.31626,8.8199,26.461,120.41,1.1735,75.209,24.724,2.2675,53.391,4.8313,209.1,0.026624,0.85914,64.896,18.368,43.199
370,2026-04-08T07:27:00,49.073,22.699,26.389,32.668,45.08,2716.4,3683.2,17.154,18.471,22.575,0.23133,0.11692,342.47,76.893,6.9125,13.664,31.974,4547.1,23.352,44.389,47.634,79.921,2.2864,1.6722,3111.6,42.16,54.529,94.524,9.2775,59.387,31.138,37.6,2646.0,63.609,23.799,42.31,0.31537,8.9737,26.762,120.4,0.9654,75.212,24.568,2.2891,53.391,4.7293,210.26,0.026624,0.85914,64.923,18.514,43.199
371,2026-04-08T07:30:00,50.907,22.441,26.974,32.668,44.376,2712.8,3683.4,15.896,18.471,22.638,0.23395,0.11692,342.18,76.699,6.9125,13.664,31.974,4524.2,23.904,48.633,49.831,79.561,2.2864,1.6722,3108.4,42.497,54.803,94.662,9.3631,60.244,37.603,37.36,2640.8,63.606,24.641,42.219,0.31734,8.9737,26.762,120.38,0.9654,74.934,24.568,2.2891,53.391,4.7293,212.14,0.026624,0.85914,64.832,18.514,43.199
372,2026-04-08T07:33:00,50.709,25.388,26.883,32.752,45.256,2712.4,3684.5,19.612,18.443,22.607,0.25811,0.11692,342.27,77.347,6.747,13.809,32.029,4576.4,22.327,48.174,49.253,79.597,2.2712,1.6806,3108.5,42.228,53.877,94.633,9.4014,59.345,35.901,36.927,2642.0,62.864,23.662,42.429,0.31484,8.7799,26.737,120.38,1.2529,76.089,24.498,2.3342,53.391,4.8374,210.66,0.026624,0.85914,64.786,18.415,43.199
373,2026-04-08T07:36:00,50.636,25.279,26.643,32.752,44.342,2713.6,3663.0,17.455,18.443,22.428,0.25922,0.11291,341.45,77.022,6.747,13.809,32.029,4571.9,23.251,48.006,50.112,79.668,2.2712,1.6806,3109.6,42.127,53.931,94.626,9.2516,61.846,38.431,37.184,2642.0,63.234,25.63,42.692,0.31273,8.7799,26.737,120.39,1.2529,76.073,24.498,2.3342,53.099,4.8374,212.68,0.02293,0.85311,64.774,18.415,42.91
374,2026-04-08T07:39:00,49.1,25.286,26.963,33.039,44.617,2713.3,3711.9,18.568,18.429,22.658,0.25244,0.11291,341.61,77.213,6.829,13.825,32.235,4548.0,22.781,44.45,50.205,79.783,2.2923,1.6827,3109.5,42.215,54.511,94.567,9.2794,59.543,38.703,39.339,2643.1,63.893,23.776,42.899,0.32581,8.7685,26.625,120.4,1.3132,75.796,24.411,2.2284,53.099,4.8496,213.02,0.02293,0.85311,64.775,19.12,42.91
375,2026-04-08T07:42:00,48.24,25.048,27.088,33.039,44.94,2713.1,3722.1,18.183,18.429,22.565,0.25485,0.11291,341.83,77.023,6.829,13.825,32.235,4605.6,22.951,42.46,49.69,79.772,2.2923,1.6827,3110.0,42.576,53.822,94.46,9.3098,61.155,37.187,38.707,2641.8,63.719,24.527,43.104,0.33099,8.7685,26.625,120.44,1.3132,74.876,24.411,2.2284,53.099,4.8496,213.34,0.02293,0.85311,64.826,19.12,42.91
376,2026-04-08T07:45:00,49.071,23.121,27.082,32.949,44.948,2713.2,3665.4,16.637,18.538,22.889,0.23568,0.11291,341.18,77.637,6.8315,14.069,32.452,4489.6,23.581,44.384,50.783,79.959,2.2218,1.6781,3108.2,41.942,53.482,94.51,9.2491,61.687,40.404,39.033,2641.8,64.064,24.091,43.076,0.33177,8.8867,26.74,120.42,1.312,75.801,24.309,2.2047,53.099,4.8408,216.23,0.02293,0.85311,64.874,18.831,42.91
377,2026-04-08T07:48:00,50.605,23.054,26.839,32.949,45.05,2712.7,3706.7,18.526,18.538,22.68,0.23636,0.11291,341.06,77.561,6.8315,14.069,32.452,4455.8,22.772,47.934,51.06,80.315,2.2218,1.6781,3108.2,42.153,53.887,94.451,9.2842,59.747,41.22,38.953,2642.7,63.353,23.212,43.466,0.33242,8.8867,26.74,120.41,1.312,75.318,24.309,2.2047,53.099,4.8408,214.35,0.02293,0.85311,65.023,18.831,42.91
378,2026-04-08T07:51:00,49.016,20.867,26.523,32.643,44.138,2708.3,3676.2,19.048,18.546,21.857,0.21342,0.092363,340.87,76.981,7.0019,13.729,31.781,4510.7,22.568,44.256,50.343,80.149,2.263,1.608,3105.8,42.184,53.904,94.568,9.3018,60.941,39.11,42.312,2636.8,63.905,26.073,43.569,0.35995,8.7468,26.071,120.4,1.053,75.235,24.763,2.2939,54.456,4.8389,214.3,0.039975,0.8431,65.131,18.683,43.372
379,2026-04-08T07:54:00,50.349,21.089,26.582,32.643,44.519,2703.7,3701.8,17.585,18.546,21.698,0.21115,0.092363,340.17,77.136,7.0019,13.729,31.781,4538.2,23.184,47.343,50.521,79.93,2.263,1.608,3103.1,42.389,53.575,94.671,9.3297,60.094,39.634,42.987,2632.3,63.463,25.898,43.612,0.35442,8.7468,26.071,120.38,1.053,74.407,24.763,2.2939,54.456,4.8389,215.73,0.039975,0.8431,65.141,18.683,43.372
380,2026-04-08T07:57:00,50.053,27.51,26.89,32.963,44.671,2705.3,3669.6,17.457,18.807,21.977,0.27712,0.092363,340.37,76.911,7.0033,13.89,31.556,4513.6,23.248,46.657,51.413,80.003,2.2414,1.6436,3101.8,42.486,54.236,94.611,9.2847,58.697,42.257,38.188,2633.5,62.491,26.253,43.801,0.32003,9.0621,26.71,120.39,1.3412,75.299,24.119,2.3866,54.456,4.8217,215.51,0.039975,0.8431,65.13,19.108,43.372
381,2026-04-08T08:00:00,49.962,27.284,27.078,32.963,43.998,2704.8,3669.5,17.97,18.807,22.271,0.27942,0.092363,340.26,76.972,7.0033,13.89,31.556,4495.6,23.035,46.447,48.274,79.958,2.2414,1.6436,3101.7,42.181,54.452,94.781,9.2284,62.306,33.02,38.123,2633.4,62.492,24.126,43.983,0.32056,9.0621,26.71,120.36,1.3412,75.377,24.119,2.3866,54.456,4.8217,215.38,0.039975,0.8431,65.136,19.108,43.372
382,2026-04-08T08:03:00,49.512,30.223,26.709,32.673,44.737,2704.0,3659.0,17.423,18.518,22.255,0.30386,0.092363,340.38,76.91,6.9477,13.938,31.949,4499.5,23.276,45.406,50.854,79.838,2.2556,1.6366,3101.6,42.257,53.341,94.666,9.2533,59.45,40.614,39.882,2632.6,62.547,24.369,44.005,0.34138,8.9295,26.544,120.38,1.3216,75.985,24.231,2.2762,54.456,4.8157,217.03,0.039975,0.8431,65.142,19.028,43.372
383,2026-04-08T08:06:00,50.864,29.799,26.957,32.673,44.542,2705.1,3664.2,16.097,18.518,22.267,0.30817,0.10232,340.19,77.314,6.9477,13.938,31.949,4496.3,23.825,48.534,48.2,79.968,2.2556,1.6366,3102.2,42.237,53.38,94.844,9.3555,62.027,32.802,40.242,2633.8,62.456,26.146,43.923,0.33843,8.9295,26.544,120.38,1.3216,75.398,24.231,2.2762,54.175,4.8157,217.25,0.028068,0.85861,65.123,19.028,44.261
384,2026-04-08T08:09:00,51.259,26.786,26.87,32.403,44.703,2705.2,3662.6,19.087,19.135,21.82,0.27184,0.10232,339.98,77.459,6.9994,13.865,31.487,4486.2,22.559,49.447,50.099,80.031,2.2766,1.6909,3103.6,42.866,53.647,94.708,9.2263,59.39,38.391,41.118,2633.6,62.884,26.108,43.944,0.34278,8.9058,26.531,120.41,1.3605,75.096,24.343,2.3566,54.175,4.8686,217.76,0.028068,0.85861,65.156,19.049,44.261
385,2026-04-08T08:12:00,49.765,26.696,26.703,32.403,44.54,2707.6,3638.5,17.77,19.135,22.288,0.27275,0.10232,340.6,77.409,6.9994,13.865,31.487,4496.2,23.109,45.99,49.518,80.256,2.2766,1.6909,3104.2,42.321,53.528,94.803,9.2726,61.998,36.68,41.429,2636.1,63.298,23.882,44.025,0.34022,8.9058,26.531,120.41,1.3605,75.534,24.343,2.3566,54.175,4.8686,217.55,0.028068,0.85861,65.21,19.049,44.261
386,2026-04-08T08:15:00,48.182,31.686,26.981,32.753,45.271,2708.2,3625.6,20.272,18.647,22.194,0.32115,0.10232,340.8,77.401,7.0575,13.901,32.291,4473.4,22.049,42.327,50.896,80.355,2.2369,1.6226,3105.1,42.164,53.707,94.591,9.1994,61.189,40.738,40.375,2637.1,62.981,25.404,44.185,0.33378,9.0267,26.857,120.42,1.2315,74.521,24.509,2.1799,54.175,4.8031,216.45,0.028068,0.85861,65.299,19.016,44.261
387,2026-04-08T08:18:00,48.458,31.659,27.038,32.753,44.191,2706.0,3635.3,20.14,18.647,22.274,0.32143,0.10232,340.58,77.178,7.0575,13.901,32.291,4443.7,22.115,42.966,51.182,80.08,2.2369,1.6226,3104.3,42.674,54.062,94.772,9.3866,59.507,41.579,40.111,2634.3,62.814,25.981,44.247,0.33594,9.0267,26.857,120.39,1.2315,75.278,24.509,2.1799,54.175,4.8031,216.42,0.028068,0.85861,65.288,19.016,44.261
388,2026-04-08T08:21:00,50.848,24.324,26.793,32.91,44.84,2705.1,3638.4,16.608,18.528,22.359,0.24666,0.10703,340.99,76.871,6.8556,13.883,32.068,4491.3,23.617,48.497,50.573,79.905,2.2705,1.644,3101.2,42.382,53.53,94.791,9.3368,60.094,39.786,40.573,2632.9,62.114,25.489,44.399,0.34081,8.9681,26.692,120.4,1.2967,75.172,24.508,2.3333,53.912,4.8773,220.19,-0.0017899,0.88735,65.288,18.828,43.184
389,2026-04-08T08:24:00,50.103,24.244,26.905,32.91,43.533,2703.2,3613.0,14.66,18.528,22.132,0.24748,0.10703,341.02,77.336,6.8556,13.883,32.068,4488.5,24.433,46.773,49.901,79.807,2.2705,1.644,3099.7,42.104,53.564,94.895,9.2956,60.247,37.81,40.369,2631.3,62.55,26.48,44.749,0.34247,8.9681,26.692,120.36,1.2967,75.418,24.508,2.3333,53.912,4.8773,219.08,-0.0017899,0.88735,65.234,18.828,43.184
390,2026-04-08T08:27:00,51.333,26.41,26.787,32.745,44.543,2706.7,3646.4,17.746,18.676,22.308,0.26891,0.10703,341.15,77.385,6.9808,14.031,32.03,4515.8,23.122,49.62,50.93,80.154,2.2327,1.5795,3103.2,42.241,53.673,94.776,9.353,61.926,40.837,40.388,2635.9,63.675,25.027,44.951,0.3392,8.8053,26.509,120.4,1.1391,74.608,24.06,2.2348,53.912,4.828,219.6,-0.0017899,0.88735,65.261,19.045,43.184
391,2026-04-08T08:30:00,49.906,26.281,26.723,32.745,45.533,2707.8,3645.2,15.994,18.676,22.165,0.27022,0.10703,341.12,77.243,6.9808,14.031,32.03,4457.2,23.859,46.318,50.723,80.251,2.2327,1.5795,3103.8,42.722,54.374,94.481,9.2745,60.583,40.227,40.488,2636.6,63.697,24.06,45.042,0.33838,8.8053,26.509,120.45,1.1391,75.57,24.06,2.2348,53.912,4.828,221.3,-0.0017899,0.88735,65.34,19.045,43.184
392,2026-04-08T08:33:00,49.782,26.979,27.049,33.074,43.903,2704.5,3645.4,15.524,18.565,22.32,0.27322,0.10703,340.92,76.961,7.0423,13.921,32.689,4464.2,24.066,46.03,49.719,80.071,2.2579,1.6828,3101.9,42.188,53.73,94.695,9.2462,62.162,37.274,42.25,2633.4,62.561,26.001,45.216,0.35816,8.9171,26.933,120.38,1.2166,74.967,23.963,2.4119,53.912,4.7701,222.06,-0.0017899,0.88735,65.379,19.108,43.184
393,2026-04-08T08:36:00,49.342,27.1,26.577,33.074,44.676,2703.7,3671.1,17.889,18.565,22.051,0.27199,0.12013,341.08,77.102,7.0423,13.921,32.689,4470.9,23.071,45.012,50.23,79.978,2.2579,1.6828,3100.5,42.395,53.65,94.812,9.3431,62.795,38.778,42.682,2632.2,62.119,25.828,46.237,0.35463,8.9171,26.933,120.4,1.2166,74.874,23.963,2.4119,53.26,4.7701,222.32,0.017443,0.87103,65.381,19.108,42.945
394,2026-04-08T08:39:00,50.526,20.374,26.848,32.762,44.384,2702.4,3613.8,17.253,18.225,22.461,0.20933,0.12013,341.42,76.818,6.8968,13.842,32.12,4487.5,23.354,47.752,51.533,79.868,2.2822,1.6696,3096.9,42.453,53.246,94.805,9.2963,61.308,42.613,40.727,2631.2,62.442,26.72,46.66,0.34837,8.8012,26.334,120.38,1.2469,74.851,24.056,2.3712,53.26,4.8124,224.23,0.017443,0.87103,65.39,18.815,42.945
395,2026-04-08T08:42:00,50.2,20.53,26.817,32.762,44.153,2702.5,3610.2,20.701,18.225,22.484,0.20774,0.12013,341.71,77.185,6.8968,13.842,32.12,4443.5,21.896,46.996,49.063,79.867,2.2822,1.6696,3097.4,42.104,53.773,94.934,9.565,59.647,35.344,41.124,2631.6,62.505,25.948,46.725,0.34512,8.8012,26.334,120.37,1.2469,74.825,24.056,2.3712,53.26,4.8124,230.14,0.017443,0.87103,65.403,18.815,42.945
396,2026-04-08T08:45:00,51.301,25.73,27.172,32.717,44.685,2705.3,3671.7,17.961,18.861,22.323,0.26048,0.12013,341.0,77.714,7.0202,13.858,32.48,4506.3,23.035,49.546,50.525,79.969,2.2618,1.6485,3102.3,42.219,53.709,94.833,9.4084,63.78,39.645,39.858,2634.0,62.641,24.348,47.394,0.33891,8.9536,26.292,120.43,1.1503,75.119,24.318,2.2469,53.26,4.7886,229.23,0.017443,0.87103,65.454,19.218,42.945
397,2026-04-08T08:48:00,49.542,25.609,26.678,32.717,45.267,2708.6,3644.0,19.884,18.861,22.093,0.26171,0.12013,340.71,77.725,7.0202,13.858,32.48,4497.6,22.215,45.475,52.394,80.256,2.2618,1.6485,3105.6,42.204,53.813,94.55,9.4787,59.908,45.145,40.008,2637.6,63.117,25.369,47.52,0.33768,8.9536,26.292,120.4,1.1503,74.991,24.318,2.2469,53.26,4.7886,234.36,0.017443,0.87103,65.56,19.218,42.945
398,2026-04-08T08:51:00,49.392,21.967,26.817,32.68,44.545,2709.0,3564.3,17.405,17.972,22.441,0.22688,0.094687,341.41,77.707,6.9583,13.915,32.044,4451.3,23.246,45.128,50.709,80.417,2.2242,1.6118,3105.7,42.391,53.338,94.676,9.3779,62.224,40.187,40.528,2638.0,63.333,26.523,48.051,0.33724,8.8896,26.764,120.4,1.1818,74.66,24.173,2.2106,53.669,4.7316,231.03,0.018829,0.84634,65.717,18.999,43.18
399,2026-04-08T08:54:00,51.149,22.184,26.586,32.68,44.483,2708.6,3631.9,18.596,17.972,22.132,0.22467,0.094687,341.41,77.217,6.9583,13.915,32.044,4448.9,22.755,49.193,49.056,80.245,2.2242,1.6118,3105.7,42.279,53.367,94.749,9.3955,61.038,35.321,40.15,2638.0,62.171,24.436,48.352,0.34033,8.8896,26.764,120.4,1.1818,74.848,24.173,2.2106,53.669,4.7316,232.4,0.018829,0.84634,65.815,18.999,43.18
400,2026-04-08T08:57:00,50.94,26.216,26.528,32.883,44.392,2707.8,3643.8,20.289,18.904,22.178,0.26644,0.094687,342.01,77.05,7.0209,13.832,32.186,4485.5,22.052,48.709,51.127,79.954,2.2738,1.6624,3104.6,42.152,53.41,94.772,9.46,60.522,41.418,41.18,2636.8,62.407,24.711,48.522,0.34515,8.7991,26.507,120.4,1.2568,73.881,24.222,2.3709,53.669,4.8732,235.28,0.018829,0.84634,65.82,19.155,43.18
401,2026-04-08T09:00:00,48.123,26.098,27.406,32.883,44.395,2707.7,3636.4,17.492,18.904,22.887,0.26763,0.094687,342.12,77.157,7.0209,13.832,32.186,4476.7,23.236,42.191,49.977,79.789,2.2738,1.6624,3104.6,42.469,53.515,94.678,9.5203,59.758,38.032,41.006,2637.4,62.535,25.411,48.949,0.34658,8.7991,26.507,120.41,1.2568,74.03,24.222,2.3709,53.669,4.8732,235.31,0.018829,0.84634,65.757,19.155,43.18
402,2026-04-08T09:03:00,50.091,24.649,26.61,32.93,44.249,2711.8,3612.1,16.028,18.505,22.565,0.25636,0.094687,342.59,77.429,7.0206,13.726,31.959,4446.9,23.846,46.745,48.888,79.957,2.2661,1.6689,3106.7,42.592,53.44,94.78,9.4116,62.453,34.828,40.138,2641.3,62.303,25.509,49.187,0.33607,9.1138,27.038,120.41,1.262,73.613,24.305,2.3068,53.669,4.8519,237.47,0.018829,0.84634,65.754,19.012,43.18
403,2026-04-08T09:06:00,49.715,24.774,26.768,32.93,45.343,2716.1,3652.1,16.535,18.505,23.052,0.25509,0.1148,342.79,77.552,7.0206,13.726,31.959,4471.3,23.616,45.874,49.23,80.176,2.2661,1.6689,3109.9,41.935,53.148,94.621,9.399,60.121,35.834,39.68,2646.0,61.614,24.358,49.256,0.33982,9.1138,27.038,120.41,1.262,74.959,24.305,2.3068,53.908,4.8519,234.83,0.021017,0.8559,65.823,19.012,43.68
404,2026-04-08T09:09:00,50.34,27.163,26.662,32.666,44.073,2716.2,3618.4,19.413,18.705,22.543,0.27709,0.1148,343.23,76.883,6.8202,13.827,31.75,4462.5,22.422,47.32,49.763,79.983,2.2325,1.6081,3111.1,42.566,53.551,94.726,9.4502,59.455,37.404,38.316,2644.6,62.066,25.242,49.088,0.32724,9.0495,26.177,120.37,1.2823,75.485,24.284,2.3785,53.908,4.742,238.57,0.021017,0.8559,65.882,18.41,43.68
405,2026-04-08T09:12:00,50.899,27.382,27.225,32.666,44.676,2716.4,3597.2,17.223,18.705,22.911,0.27486,0.1148,344.04,77.213,6.8202,13.827,31.75,4484.4,23.347,48.614,48.547,79.618,2.2325,1.6081,3111.1,42.256,53.288,94.723,9.4074,62.404,33.824,38.617,2645.6,62.432,25.118,49.474,0.32477,9.0495,26.177,120.4,1.2823,75.163,24.284,2.3785,53.908,4.742,236.16,0.021017,0.8559,65.81,18.41,43.68
406,2026-04-08T09:15:00,50.07,29.803,27.145,32.752,44.75,2720.3,3655.5,17.843,17.922,23.131,0.29775,0.1148,344.12,77.351,6.8419,13.849,32.66,4548.1,23.082,46.697,50.915,79.732,2.2425,1.639,3113.8,42.637,54.015,94.592,9.5001,61.412,40.792,39.827,2649.6,63.148,25.088,49.317,0.33634,8.7708,26.899,120.41,1.122,73.851,24.36,2.298,53.908,4.7661,239.86,0.021017,0.8559,65.76,18.426,43.68
407,2026-04-08T09:18:00,51.321,29.513,26.668,32.752,45.433,2723.2,3628.9,14.019,17.922,23.135,0.30069,0.1148,344.5,77.418,6.8419,13.849,32.66,4508.1,24.689,49.592,50.549,79.77,2.2425,1.639,3117.3,42.317,54.494,94.523,9.4722,62.453,39.715,39.78,2653.3,63.606,24.14,49.521,0.33673,8.7708,26.899,120.43,1.122,74.448,24.36,2.298,53.908,4.7661,239.51,0.021017,0.8559,65.758,18.426,43.68
408,2026-04-08T09:21:00,48.997,20.906,27.377,32.899,45.813,2725.4,3642.7,17.448,18.395,23.501,0.21166,0.081412,344.8,77.76,6.8192,13.753,32.29,4517.5,23.223,44.212,50.454,80.002,2.2135,1.6888,3119.0,42.442,54.402,94.4,9.3222,63.819,39.435,40.17,2654.9,63.228,24.022,49.809,0.33864,8.8691,26.73,120.43,1.2971,75.284,24.513,2.2723,54.047,4.8331,241.2,0.014533,0.8297,65.83,18.739,43.752
409,2026-04-08T09:24:00,49.539,20.957,26.815,32.899,45.464,2724.9,3646.9,18.681,18.395,23.156,0.21113,0.081412,344.32,77.508,6.8192,13.753,32.29,4514.4,22.705,45.466,50.447,79.909,2.2135,1.6888,3118.8,42.673,54.439,94.503,9.4862,60.942,39.416,39.567,2654.3,63.156,23.594,50.163,0.34359,8.8691,26.73,120.43,1.2971,74.17,24.513,2.2723,54.047,4.8331,240.39,0.014533,0.8297,65.906,18.739,43.752
410,2026-04-08T09:27:00,50.458,24.059,26.744,33.353,45.78,2724.1,3680.3,18.763,18.118,22.967,0.24537,0.081412,344.95,77.43,6.7269,13.654,32.076,4513.6,22.67,47.595,48.295,79.8,2.2412,1.657,3118.8,42.37,53.714,94.399,9.49,61.73,33.082,38.43,2653.6,62.829,23.82,50.248,0.33163,8.7771,25.928,120.42,1.0448,74.361,24.248,2.2168,54.047,4.7618,242.61,0.014533,0.8297,65.932,18.318,43.752
411,2026-04-08T09:30:00,49.62,24.035,27.274,33.353,45.177,2723.2,3673.5,17.136,18.118,23.342,0.24562,0.081412,344.79,77.254,6.7269,13.654,32.076,4490.2,23.361,45.656,51.245,79.698,2.2412,1.657,3117.7,42.513,53.994,94.484,9.3796,62.479,41.764,38.57,2652.4,62.945,24.034,50.275,0.33047,8.7771,25.928,120.38,1.0448,75.506,24.248,2.2168,54.047,4.7618,245.46,0.014533,0.8297,65.963,18.318,43.752
412,2026-04-08T09:33:00,50.716,26.299,27.169,33.349,45.094,2724.6,3687.4,20.437,18.249,23.649,0.26402,0.081412,345.17,76.938,6.8227,13.758,32.556,4558.2,21.979,48.192,50.244,79.665,2.2849,1.5994,3118.4,42.036,54.256,94.344,9.3525,62.699,38.817,37.121,2654.3,63.619,24.336,50.663,0.31911,8.6641,26.794,120.41,1.1405,75.224,24.894,2.2632,54.047,4.855,244.28,0.014533,0.8297,65.961,18.229,43.752
413,2026-04-08T09:36:00,49.369,25.836,26.941,33.349,45.978,2722.5,3709.4,19.917,18.249,23.459,0.26873,0.093161,345.47,77.112,6.8227,13.758,32.556,4515.8,22.203,45.074,48.422,79.453,2.2849,1.5994,3117.3,42.456,54.764,94.299,9.4351,62.754,33.455,37.921,2653.4,63.239,24.208,50.194,0.31255,8.6641,26.794,120.42,1.1405,74.181,24.894,2.2632,53.436,4.855,245.36,0.02633,0.78972,65.903,18.229,43.945
414,2026-04-08T09:39:00,48.204,21.505,26.466,33.23,45.674,2722.2,3680.5,16.112,17.867,23.203,0.21717,0.093161,345.66,77.271,6.772,13.798,32.327,4535.9,23.807,42.377,51.886,79.4,2.2884,1.6629,3115.6,42.323,54.826,94.459,9.4111,62.019,43.65,38.972,2651.9,62.998,25.918,50.483,0.32523,8.8688,26.765,120.37,1.2434,75.045,24.874,2.2143,53.436,4.7744,242.15,0.02633,0.78972,65.84,18.425,43.945
415,2026-04-08T09:42:00,50.421,21.334,26.829,33.23,44.983,2722.9,3639.7,16.53,17.867,23.361,0.21891,0.093161,345.6,77.328,6.772,13.798,32.327,4529.0,23.631,47.508,48.92,79.468,2.2884,1.6629,3115.6,42.5,54.908,94.457,9.3788,62.125,34.922,38.694,2652.9,63.699,25.082,50.475,0.32751,8.8688,26.765,120.41,1.2434,75.072,24.874,2.2143,53.436,4.7744,242.25,0.02633,0.78972,65.834,18.425,43.945
416,2026-04-08T09:45:00,50.567,23.268,26.859,32.89,45.068,2726.2,3667.6,18.049,17.615,23.534,0.23836,0.093161,345.51,77.522,6.7856,13.788,32.499,4541.3,22.979,47.846,51.346,79.754,2.2414,1.6613,3118.3,42.416,54.354,94.4,9.402,59.96,42.062,39.214,2655.6,63.745,25.99,50.457,0.33164,8.7707,26.507,120.4,1.3014,74.336,24.55,2.2198,53.436,4.6577,242.44,0.02633,0.78972,65.84,18.4,43.945
417,2026-04-08T09:48:00,51.826,23.546,27.052,32.89,44.916,2725.8,3691.6,20.754,17.615,23.442,0.23553,0.093161,345.37,77.323,6.7856,13.788,32.499,4542.7,21.839,50.761,51.662,79.816,2.2414,1.6613,3118.5,42.752,54.338,94.364,9.2271,61.487,42.991,39.321,2655.7,63.331,23.958,50.218,0.33076,8.7707,26.507,120.42,1.3014,76.066,24.55,2.2198,53.436,4.6577,245.05,0.02633,0.78972,65.927,18.4,43.945
418,2026-04-08T09:51:00,49.825,21.466,27.152,33.328,45.638,2723.0,3659.3,19.365,17.995,23.383,0.21865,0.096794,345.12,77.083,6.8496,13.741,32.073,4541.6,22.431,46.129,51.587,79.691,2.267,1.6717,3117.3,42.168,54.474,94.43,9.2689,62.326,42.77,39.025,2652.9,63.865,26.306,49.544,0.33061,8.9546,26.415,120.4,1.1571,74.15,24.223,2.2979,53.916,4.6551,240.55,0.019811,0.81095,65.957,18.673,44.921
419,2026-04-08T09:54:00,48.517,21.478,26.52,33.328,45.807,2721.4,3687.1,17.753,17.995,22.946,0.21853,0.096794,344.5,76.91,6.8496,13.741,32.073,4520.6,23.119,43.101,49.228,79.578,2.267,1.6717,3115.4,42.459,54.725,94.439,9.2508,62.726,35.828,38.493,2650.8,63.386,26.282,49.235,0.33497,8.9546,26.415,120.42,1.1571,74.253,24.223,2.2979,53.916,4.6551,238.79,0.019811,0.81095,65.899,18.673,44.921
420,2026-04-08T09:57:00,49.659,25.492,26.568,33.162,44.729,2719.9,3653.9,21.464,17.945,23.018,0.25822,0.096794,344.79,76.774,6.914,13.845,32.25,4491.3,21.57,45.745,50.385,79.446,2.2536,1.6858,3114.3,42.502,54.445,94.494,9.4608,61.652,39.234,38.41,2648.9,63.457,27.251,49.08,0.32462,9.016,26.52,120.37,1.0134,74.846,24.663,2.3093,53.916,4.7719,235.33,0.019811,0.81095,65.804,18.339,44.921
421,2026-04-08T10:00:00,50.831,25.368,26.512,33.162,45.202,2719.5,3660.9,15.282,17.945,23.361,0.25948,0.096794,345.04,76.903,6.914,13.845,32.25,4510.4,24.181,48.458,49.972,79.313,2.2536,1.6858,3112.8,42.179,54.217,94.61,9.4083,59.737,38.019,38.648,2649.1,63.337,25.913,48.478,0.32268,9.016,26.52,120.37,1.0134,75.477,24.663,2.3093,53.916,4.7719,236.97,0.019811,0.81095,65.678,18.339,44.921
422,2026-04-08T10:03:00,49.788,23.656,27.047,33.572,45.091,2722.4,3654.6,16.916,18.108,23.572,0.24305,0.096794,344.79,77.335,6.8936,13.716,32.326,4528.2,23.477,46.044,50.955,79.613,2.233,1.6679,3115.5,42.296,54.868,94.51,9.3722,60.982,40.911,39.75,2651.8,62.881,25.308,48.125,0.33612,8.9026,26.77,120.41,1.1492,75.277,24.858,2.3204,53.916,4.7618,235.84,0.019811,0.81095,65.631,18.55,44.921
423,2026-04-08T10:06:00,50.816,23.732,26.889,33.572,44.53,2723.3,3629.8,19.706,18.108,23.232,0.24228,0.10306,344.84,77.211,6.8936,13.716,32.326,4563.2,22.298,48.422,49.729,79.708,2.233,1.6679,3117.3,42.301,54.45,94.554,9.4438,61.025,37.302,39.684,2652.9,63.307,25.549,48.057,0.33666,8.9026,26.77,120.36,1.1492,74.859,24.858,2.3204,54.873,4.7618,236.83,0.0026056,0.80813,65.672,18.55,43.427
424,2026-04-08T10:09:00,48.766,22.724,26.674,33.398,45.045,2727.5,3626.9,20.39,17.935,23.736,0.23586,0.10306,344.84,77.513,6.9772,13.81,32.649,4540.5,21.991,43.678,48.773,79.973,2.254,1.6339,3119.0,42.039,54.26,94.41,9.3674,61.133,34.488,38.074,2658.4,63.515,23.772,48.223,0.32099,9.0188,26.525,120.39,1.2899,75.447,24.423,2.2647,54.873,4.7378,232.16,0.0026056,0.80813,65.691,18.751,43.427
425,2026-04-08T10:12:00,48.27,23.126,26.897,33.398,44.562,2723.0,3650.1,17.028,17.935,23.275,0.23177,0.10306,344.5,76.829,6.9772,13.81,32.649,4567.4,23.43,42.531,50.372,79.662,2.254,1.6339,3117.3,42.327,53.938,94.581,9.1938,60.769,39.194,38.065,2653.1,63.117,25.009,47.906,0.32107,9.0188,26.525,120.39,1.2899,76.298,24.423,2.2647,54.873,4.7378,232.87,0.0026056,0.80813,65.703,18.751,43.427
426,2026-04-08T10:15:00,50.268,19.62,26.725,33.334,44.617,2719.7,3646.3,17.4,18.284,23.405,0.19868,0.10306,344.17,76.916,6.8891,13.7,32.291,4507.9,23.278,47.154,51.324,79.47,2.2667,1.6248,3113.2,41.97,54.178,94.602,9.3716,60.934,41.997,39.303,2649.7,62.399,24.802,47.603,0.33079,8.8767,26.705,120.38,1.0521,74.176,24.72,2.2987,54.873,4.7249,233.52,0.0026056,0.80813,65.635,18.224,43.427
427,2026-04-08T10:18:00,50.578,19.631,26.932,33.334,43.859,2720.8,3646.8,13.701,18.284,23.471,0.19857,0.10306,344.21,77.333,6.8891,13.7,32.291,4509.9,24.825,47.872,49.329,79.551,2.2667,1.6248,3112.5,42.573,54.154,94.777,9.2715,62.659,36.126,38.808,2650.0,62.389,26.461,47.48,0.33485,8.8767,26.705,120.37,1.0521,76.402,24.72,2.2987,54.873,4.7249,232.17,0.0026056,0.80813,65.567,18.224,43.427
428,2026-04-08T10:21:00,50.121,22.825,26.86,32.808,44.563,2722.1,3622.2,18.833,17.734,23.207,0.22954,0.11058,343.65,77.027,6.9311,13.906,32.326,4607.2,22.668,46.813,50.228,79.773,2.214,1.6558,3116.1,41.976,54.331,94.602,9.3997,57.656,38.77,37.333,2651.5,63.538,25.655,47.179,0.32208,8.7611,26.732,120.39,1.2863,75.024,25.048,2.1724,53.986,4.829,231.46,0.012517,0.82744,65.565,18.515,43.431
429,2026-04-08T10:24:00,50.368,22.658,26.978,32.808,44.229,2720.1,3625.7,16.73,17.734,22.865,0.23124,0.11058,343.52,76.799,6.9311,13.906,32.326,4566.5,23.567,47.387,49.428,79.559,2.214,1.6558,3115.0,42.24,54.818,94.674,9.4436,60.973,36.416,38.029,2649.9,63.477,26.651,47.249,0.31638,8.7611,26.732,120.38,1.2863,75.399,25.048,2.1724,53.986,4.829,227.35,0.012517,0.82744,65.553,18.515,43.431
430,2026-04-08T10:27:00,49.171,22.142,27.084,33.026,44.328,2719.6,3632.4,20.124,17.858,23.439,0.22721,0.11058,343.66,77.199,6.7719,13.728,31.975,4551.2,22.13,44.616,51.061,79.574,2.2454,1.6137,3113.1,41.946,54.355,94.625,9.2774,60.504,41.222,40.243,2648.6,62.968,25.774,46.81,0.34299,8.996,26.211,120.39,1.0724,75.283,24.509,2.2914,53.986,4.765,229.0,0.012517,0.82744,65.485,18.821,43.431
431,2026-04-08T10:30:00,50.695,22.304,26.822,33.026,43.895,2719.0,3631.7,20.642,17.858,23.04,0.22556,0.11058,343.4,76.828,6.7719,13.728,31.975,4524.3,21.925,48.142,52.409,79.599,2.2454,1.6137,3112.2,42.285,54.676,94.729,9.2815,60.288,45.188,40.506,2648.2,62.979,26.07,46.673,0.34083,8.996,26.211,120.36,1.0724,75.883,24.509,2.2914,53.986,4.765,227.27,0.012517,0.82744,65.432,18.821,43.431
432,2026-04-08T10:33:00,47.463,25.608,26.352,33.374,44.451,2719.6,3672.9,16.302,18.081,23.15,0.26066,0.11058,343.58,77.175,6.8768,13.738,32.023,4535.8,23.746,40.662,50.057,79.603,2.2396,1.6444,3111.8,41.976,53.808,94.612,9.3197,61.682,38.269,37.955,2649.2,63.695,24.893,46.345,0.32268,8.9435,27.072,120.4,1.1777,74.94,24.838,2.3046,53.986,4.7318,227.71,0.012517,0.82744,65.397,18.646,43.431
433,2026-04-08T10:36:00,51.579,25.806,27.05,33.374,44.796,2720.2,3687.9,20.027,18.081,23.456,0.25864,0.092073,342.79,77.054,6.8768,13.738,32.023,4514.6,22.176,50.187,50.208,79.801,2.2396,1.6444,3113.3,42.374,54.062,94.493,9.3972,61.565,38.711,38.139,2649.6,63.438,25.471,46.527,0.32117,8.9435,27.072,120.41,1.1777,75.255,24.838,2.3046,53.386,4.7318,227.58,0.013531,0.81961,65.405,18.646,44.175
434,2026-04-08T10:39:00,49.209,25.234,26.898,33.164,44.62,2716.1,3642.7,19.713,18.13,22.478,0.25905,0.092073,342.78,76.862,6.7236,13.799,31.913,4570.0,22.321,44.705,50.701,79.572,2.237,1.6238,3112.1,42.259,53.835,94.656,9.3708,61.886,40.164,38.441,2645.3,63.349,27.132,46.508,0.31986,9.0788,27.069,120.38,1.3543,74.663,24.393,2.2552,53.386,4.7875,226.77,0.013531,0.81961,65.444,18.461,44.175
435,2026-04-08T10:42:00,51.117,25.393,26.819,33.164,44.998,2716.7,3645.2,19.613,18.13,23.063,0.25742,0.092073,343.1,77.229,6.7236,13.799,31.913,4556.3,22.355,49.118,49.351,79.694,2.237,1.6238,3110.0,42.429,53.999,94.639,9.2787,61.603,36.189,38.362,2646.3,63.307,24.547,46.494,0.32051,9.0788,27.069,120.4,1.3543,76.089,24.393,2.2552,53.386,4.7875,225.94,0.013531,0.81961,65.377,18.461,44.175
436,2026-04-08T10:45:00,49.367,26.684,26.691,32.804,44.663,2717.8,3732.1,17.762,18.234,22.848,0.27022,0.092073,342.97,77.282,7.0532,13.823,32.116,4555.9,23.126,45.069,49.676,79.874,2.2792,1.6343,3113.3,42.34,54.494,94.479,9.3007,60.267,37.146,38.626,2647.2,63.232,26.21,46.328,0.331,8.6954,26.404,120.43,1.2087,75.186,24.968,2.2558,53.386,4.7486,226.79,0.013531,0.81961,65.416,18.88,44.175
437,2026-04-08T10:48:00,49.859,26.344,26.967,32.804,45.835,2716.5,3744.8,15.348,18.234,22.72,0.27368,0.092073,342.15,77.081,7.0532,13.823,32.116,4569.1,24.145,46.209,51.07,79.942,2.2792,1.6343,3113.6,42.551,54.336,94.405,9.4257,60.291,41.248,39.045,2645.6,63.013,23.754,46.214,0.32757,8.6954,26.404,120.44,1.2087,75.88,24.968,2.2558,53.386,4.7486,227.02,0.013531,0.81961,65.481,18.88,44.175
438,2026-04-08T10:51:00,48.639,24.844,27.111,32.804,44.934,2714.4,3598.8,18.203,18.625,23.03,0.25326,0.088793,342.42,77.162,6.8687,13.796,32.169,4502.6,22.937,43.384,49.893,79.864,2.2684,1.5937,3109.6,42.183,54.123,94.591,9.3587,59.43,37.784,39.515,2643.6,62.629,23.466,45.986,0.32892,8.7308,26.659,120.38,1.3392,75.236,24.619,2.2656,53.167,4.7139,226.01,0.030617,0.83651,65.5,18.943,44.282
439,2026-04-08T10:54:00,51.415,24.755,27.198,32.804,44.549,2713.2,3590.7,15.809,18.625,22.62,0.25416,0.088793,342.26,77.195,6.8687,13.796,32.169,4505.1,23.946,49.808,50.326,79.813,2.2684,1.5937,3108.7,41.979,54.092,94.779,9.287,63.004,39.059,39.164,2641.4,62.769,26.071,45.886,0.33179,8.7308,26.659,120.37,1.3392,75.485,24.619,2.2656,53.167,4.7139,225.02,0.030617,0.83651,65.48,18.943,44.282
440,2026-04-08T10:57:00,49.742,24.49,26.767,33.351,44.633,2710.4,3681.9,19.248,17.903,22.321,0.24749,0.088793,341.65,76.766,7.1216,13.676,32.006,4515.1,22.516,45.937,48.793,79.682,2.256,1.6463,3107.3,42.065,53.795,94.646,9.2658,57.799,34.549,39.382,2639.9,62.742,25.398,45.702,0.32394,8.9393,27.084,120.39,1.1709,74.761,24.09,2.2134,53.167,4.7444,224.99,0.030617,0.83651,65.426,18.168,44.282
441,2026-04-08T11:00:00,49.142,24.307,26.951,33.351,44.015,2709.1,3662.6,18.502,17.903,22.485,0.24936,0.088793,342.0,76.77,7.1216,13.676,32.006,4484.3,22.844,44.548,50.018,79.506,2.256,1.6463,3105.0,41.8,54.164,94.829,9.3016,59.234,38.152,38.613,2637.1,63.075,26.548,45.622,0.33024,8.9393,27.084,120.37,1.1709,76.208,24.09,2.2134,53.167,4.7444,223.86,0.030617,0.83651,65.35,18.168,44.282
442,2026-04-08T11:03:00,50.865,26.099,26.938,32.658,44.547,2710.9,3582.4,18.466,18.55,22.497,0.26476,0.088793,341.66,76.983,6.7834,13.713,32.089,4603.9,22.854,48.536,50.307,79.687,2.2468,1.6538,3106.2,42.213,54.67,94.756,9.3426,61.352,39.003,37.665,2639.4,62.129,26.556,45.536,0.31051,8.7567,26.799,120.39,1.1806,75.707,24.254,2.3165,53.167,4.8186,222.82,0.030617,0.83651,65.276,18.579,44.282
443,2026-04-08T11:06:00,49.445,26.022,26.656,32.658,43.969,2712.9,3602.1,18.806,18.55,22.518,0.26555,0.10019,342.14,77.101,6.7834,13.713,32.089,4613.9,22.707,45.249,50.248,79.786,2.2468,1.6538,3108.2,41.918,54.551,94.881,9.2168,60.558,38.829,37.582,2641.5,61.79,25.636,45.642,0.31118,8.7567,26.799,120.37,1.1806,74.393,24.254,2.3165,53.477,4.8186,224.31,0.032339,0.84887,65.307,18.579,42.958
444,2026-04-08T11:09:00,48.928,25.448,27.054,32.589,45.422,2716.2,3718.7,17.873,18.362,22.928,0.25823,0.10019,341.82,77.515,6.9177,13.756,32.55,4533.5,23.084,44.054,50.871,80.031,2.2198,1.6443,3111.3,42.331,54.573,94.597,9.149,61.294,40.663,37.67,2645.4,62.685,24.157,45.635,0.31713,8.9486,26.799,120.43,1.0772,75.351,24.144,2.1725,53.477,4.6965,224.37,0.032339,0.84887,65.317,18.525,42.958
445,2026-04-08T11:12:00,50.054,25.579,26.88,32.589,44.854,2715.2,3698.2,15.649,18.362,22.394,0.2569,0.10019,341.53,77.203,6.9177,13.756,32.55,4531.2,24.023,46.659,49.216,80.019,2.2198,1.6443,3112.2,42.393,54.601,94.58,9.2369,61.034,35.794,37.332,2644.0,63.036,24.463,45.686,0.31989,8.9486,26.799,120.42,1.0772,75.756,24.144,2.1725,53.477,4.6965,223.72,0.032339,0.84887,65.403,18.525,42.958
446,2026-04-08T11:15:00,49.63,20.867,27.125,32.828,45.13,2712.1,3666.5,18.36,18.551,22.234,0.21298,0.10019,341.56,76.943,6.6519,13.861,32.17,4554.5,22.885,45.678,51.442,79.97,2.2975,1.6308,3109.8,42.349,54.493,94.658,9.2345,60.938,42.345,37.766,2641.3,62.435,24.361,45.65,0.32477,8.9299,26.058,120.4,1.1171,74.5,23.948,2.2634,53.477,4.8275,224.07,0.032339,0.84887,65.435,18.692,42.958
447,2026-04-08T11:18:00,47.705,20.924,27.244,32.828,44.485,2708.2,3644.1,19.829,18.551,22.346,0.21241,0.10019,340.83,76.917,6.6519,13.861,32.17,4568.2,22.275,41.222,50.35,79.795,2.2975,1.6308,3106.2,42.544,54.329,94.777,9.2111,60.631,39.13,38.329,2636.8,62.82,24.133,45.63,0.32015,8.9299,26.058,120.39,1.1171,74.463,23.948,2.2634,53.477,4.8275,224.24,0.032339,0.84887,65.423,18.692,42.958
448,2026-04-08T11:21:00,49.919,24.314,26.661,33.089,44.569,2705.4,3717.6,17.209,18.16,21.974,0.24781,0.11842,340.54,76.535,7.0064,13.935,31.876,4511.8,23.404,46.346,51.819,79.55,2.2693,1.6121,3103.7,42.435,54.623,94.648,9.1546,62.799,43.453,39.62,2633.5,63.978,25.816,45.932,0.33241,8.7269,26.374,120.41,1.3649,75.187,24.047,2.2923,54.966,4.7443,224.55,0.031235,0.84002,65.332,19.042,44.382
449,2026-04-08T11:24:00,49.407,24.385,26.342,33.089,44.805,2705.1,3716.6,20.76,18.16,21.725,0.24709,0.11842,340.53,77.084,7.0064,13.935,31.876,4537.1,21.893,45.162,48.229,79.817,2.2693,1.6121,3103.3,42.067,54.32,94.564,9.2448,63.175,32.888,39.5,2634.1,63.994,25.197,46.087,0.33339,8.7269,26.374,120.41,1.3649,75.983,24.047,2.2923,54.966,4.7443,224.45,0.031235,0.84002,65.306,19.042,44.382
450,2026-04-08T11:27:00,50.819,27.187,26.905,32.885,44.46,2704.8,3604.1,17.155,18.35,22.018,0.27899,0.11842,339.96,77.361,6.9888,13.774,32.279,4495.8,23.4,48.428,50.693,79.97,2.2041,1.6756,3103.2,42.308,53.939,94.675,9.293,61.507,40.138,40.273,2633.1,62.871,25.404,46.167,0.34403,8.8131,26.282,120.4,1.4324,75.487,24.41,2.1512,54.966,4.8287,225.14,0.031235,0.84002,65.347,18.905,44.382
451,2026-04-08T11:30:00,48.369,27.356,26.979,32.885,45.002,2705.9,3603.0,17.969,18.35,21.954,0.27728,0.11842,339.81,77.63,6.9888,13.774,32.279,4479.5,23.039,42.76,50.718,80.266,2.2041,1.6756,3103.5,42.245,54.134,94.696,9.2395,63.091,40.212,40.649,2635.3,62.89,26.497,46.28,0.34094,8.8131,26.282,120.39,1.4324,75.335,24.41,2.1512,54.966,4.8287,225.35,0.031235,0.84002,65.485,18.905,44.382
452,2026-04-08T11:33:00,50.223,23.574,26.754,32.52,43.787,2704.6,3628.0,16.652,18.538,22.083,0.23991,0.11842,340.22,76.892,7.0363,13.925,31.74,4505.4,23.611,47.05,49.163,80.199,2.286,1.6385,3102.0,42.33,54.125,94.775,9.2211,60.312,35.636,38.881,2634.0,62.505,23.919,46.239,0.3206,9.0433,26.493,120.38,1.3926,75.284,24.295,2.2321,54.966,4.7959,227.26,0.031235,0.84002,65.57,18.749,44.382
453,2026-04-08T11:36:00,49.582,23.486,27.358,32.52,43.856,2702.0,3638.3,20.937,18.538,22.411,0.2408,0.086876,339.9,76.836,7.0363,13.925,31.74,4566.3,21.815,45.566,49.598,79.982,2.286,1.6385,3100.0,42.269,53.397,94.821,9.2854,62.912,36.918,38.306,2631.2,62.328,24.896,46.27,0.32532,9.0433,26.493,120.38,1.3926,75.534,24.295,2.2321,53.296,4.7959,226.04,0.0064267,0.86787,65.549,18.749,44.069
454,2026-04-08T11:39:00,51.232,28.954,26.923,32.584,43.993,2700.6,3596.5,20.25,19.01,21.84,0.29335,0.086876,339.98,76.623,6.9339,13.758,32.244,4515.7,22.125,49.386,51.51,79.734,2.3046,1.6219,3098.6,42.513,54.376,94.911,9.2371,62.75,42.544,40.265,2628.5,62.508,25.675,46.365,0.34268,8.8471,26.048,120.37,1.3548,76.195,24.115,2.3057,53.296,4.8843,225.51,0.0064267,0.86787,65.487,18.758,44.069
455,2026-04-08T11:42:00,48.705,28.8,27.193,32.584,43.818,2701.8,3626.7,17.847,19.01,22.233,0.29492,0.086876,339.72,77.131,6.9339,13.758,32.244,4541.6,23.126,43.536,50.561,79.834,2.3046,1.6219,3099.4,42.532,54.067,94.929,9.2364,59.998,39.751,40.819,2630.4,61.988,24.278,46.207,0.33813,8.8471,26.048,120.39,1.3548,74.77,24.115,2.3057,53.296,4.8843,227.81,0.0064267,0.86787,65.447,18.758,44.069
456,2026-04-08T11:45:00,51.707,23.942,26.865,32.981,44.496,2703.9,3646.3,18.314,18.802,22.218,0.25087,0.086876,339.73,77.148,6.7608,13.827,32.181,4527.8,22.928,50.484,49.956,79.985,2.2982,1.5987,3101.1,41.887,54.216,94.793,9.2369,62.663,37.97,38.839,2632.2,62.451,25.152,46.44,0.31793,8.9453,26.841,120.42,1.3105,74.328,23.972,2.2113,53.296,4.7516,225.71,0.0064267,0.86787,65.438,18.643,44.069
457,2026-04-08T11:48:00,50.908,24.302,27.016,32.981,45.074,2706.6,3674.0,17.961,18.802,21.994,0.24721,0.086876,339.79,77.396,6.7608,13.827,32.181,4486.6,23.061,48.636,50.393,80.247,2.2982,1.5987,3104.8,42.453,54.708,94.725,9.2238,61.087,39.255,38.455,2635.5,61.974,24.743,46.419,0.32108,8.9453,26.841,120.39,1.3105,74.934,23.972,2.2113,53.296,4.7516,226.42,0.0064267,0.86787,65.498,18.643,44.069
458,2026-04-08T11:51:00,49.883,24.678,26.93,32.786,45.012,2707.6,3701.1,20.69,18.825,22.031,0.25504,0.1184,340.13,77.428,6.6632,13.938,32.025,4555.2,21.901,46.264,50.665,80.356,2.2104,1.654,3106.1,41.99,54.182,94.617,9.1707,61.889,40.057,39.861,2636.9,63.059,24.074,47.12,0.32429,8.9775,26.265,120.42,1.4252,74.817,24.041,2.3987,54.059,4.702,227.34,0.034701,0.85635,65.6,18.706,43.152
459,2026-04-08T11:54:00,50.281,25.084,27.038,32.786,45.264,2705.3,3629.0,17.404,18.825,21.483,0.25092,0.1184,338.83,77.263,6.6632,13.938,32.025,4540.6,23.285,47.184,47.957,80.289,2.2104,1.654,3105.6,41.968,54.357,94.49,9.3354,60.175,32.086,39.18,2633.7,64.3,26.008,47.303,0.32987,8.9775,26.265,120.43,1.4252,74.763,24.041,2.3987,54.059,4.702,229.32,0.034701,0.85635,65.667,18.706,43.152
460,2026-04-08T11:57:00,51.127,26.44,27.049,32.391,45.204,2703.5,3720.9,18.265,18.515,21.708,0.26908,0.1184,339.06,77.546,6.6734,13.895,31.665,4537.1,22.912,49.142,49.961,80.3,2.2892,1.6432,3104.1,41.978,54.262,94.525,9.1345,61.129,37.984,41.065,2632.3,63.736,26.301,47.691,0.33967,8.8792,26.383,120.42,1.4033,74.647,24.144,2.3473,54.059,4.9012,228.98,0.034701,0.85635,65.737,19.239,43.152
461,2026-04-08T12:00:00,50.469,26.563,26.774,32.391,44.333,2699.5,3678.7,16.239,18.515,21.088,0.26783,0.1184,338.58,76.476,6.6734,13.895,31.665,4537.4,23.8,47.62,50.02,80.064,2.2892,1.6432,3101.5,42.436,54.259,94.531,9.2754,59.779,38.159,40.807,2626.9,64.461,25.613,47.991,0.34179,8.8792,26.383,120.41,1.4033,75.22,24.144,2.3473,54.059,4.9012,229.63,0.034701,0.85635,65.776,19.239,43.152
462,2026-04-08T12:03:00,50.105,30.315,26.713,32.543,45.817,2696.5,3736.1,14.865,18.899,21.359,0.30651,0.1184,338.57,76.686,6.8799,14.129,32.09,4481.4,24.383,46.776,48.927,79.91,2.247,1.6264,3097.2,42.32,53.585,94.525,9.1893,61.106,34.942,40.172,2624.9,63.586,25.681,48.164,0.33863,8.8924,26.632,120.42,1.2778,75.328,23.359,2.2804,54.059,4.7878,231.7,0.034701,0.85635,65.743,18.73,43.152
463,2026-04-08T12:06:00,50.596,30.111,26.906,32.543,44.826,2693.8,3703.3,18.072,18.899,21.387,0.30859,0.083912,338.51,76.888,6.8799,14.129,32.09,4516.9,23.036,47.912,50.768,79.876,2.247,1.6264,3094.8,42.33,53.16,94.491,9.2024,59.771,40.359,40.421,2622.0,64.15,25.43,48.242,0.33659,8.8924,26.632,120.4,1.2778,74.24,23.359,2.2804,54.067,4.7878,232.11,0.0022084,0.85379,65.727,18.73,44.541
464,2026-04-08T12:09:00,49.766,26.252,27.159,33.372,44.551,2692.7,3689.4,14.143,19.034,21.611,0.27191,0.083912,338.64,77.201,6.8935,14.069,31.917,4553.3,24.687,45.993,51.069,79.954,2.274,1.6233,3092.0,42.13,53.94,94.638,9.1974,61.085,41.247,43.972,2620.9,62.677,25.556,48.257,0.36115,8.9302,26.121,120.4,1.1947,74.961,23.837,2.2393,54.067,4.8628,234.76,0.0022084,0.85379,65.725,18.556,44.541
465,2026-04-08T12:12:00,51.374,26.578,26.867,33.372,45.221,2693.7,3709.5,19.045,19.034,21.312,0.26859,0.083912,338.6,77.29,6.8935,14.069,31.917,4525.0,22.615,49.713,50.472,80.216,2.274,1.6233,3094.0,42.613,54.279,94.666,9.1768,61.226,39.49,43.398,2621.7,62.331,25.458,48.367,0.36586,8.9302,26.121,120.41,1.1947,75.597,23.837,2.2393,54.067,4.8628,236.33,0.0022084,0.85379,65.762,18.556,44.541
466,2026-04-08T12:15:00,48.851,28.645,26.94,32.602,44.864,2695.6,3639.2,19.498,18.697,21.475,0.28489,0.083912,338.46,77.537,7.0575,13.887,31.457,4523.0,22.409,43.875,50.95,80.455,2.2842,1.6774,3094.9,42.035,54.751,94.667,9.2726,60.745,40.896,43.106,2623.9,63.418,25.666,48.764,0.35845,9.0052,25.757,120.4,1.4125,75.162,23.542,2.3231,54.067,4.7863,234.59,0.0022084,0.85379,65.877,19.393,44.541
467,2026-04-08T12:18:00,49.61,28.268,26.907,32.602,44.396,2694.4,3664.8,17.336,18.697,21.224,0.28873,0.083912,338.01,77.205,7.0575,13.887,31.457,4541.4,23.323,45.631,48.542,80.507,2.2842,1.6774,3095.6,42.974,54.531,94.588,9.2873,62.917,33.809,43.423,2622.4,62.978,24.07,49.016,0.35585,9.0052,25.757,120.38,1.4125,75.531,23.542,2.3231,54.067,4.7863,234.41,0.0022084,0.85379,66.003,19.393,44.541
468,2026-04-08T12:21:00,50.586,33.131,26.559,32.505,44.498,2695.9,3644.8,16.017,18.842,21.252,0.33882,0.11977,338.55,77.25,7.0332,13.806,31.768,4464.4,23.873,47.891,49.584,80.483,2.2919,1.643,3095.4,42.461,53.367,94.744,9.1933,62.45,36.876,40.59,2623.6,61.794,25.906,49.06,0.34097,9.0966,26.085,120.4,1.0715,75.358,23.941,2.3408,54.321,4.8645,236.23,0.0095564,0.84714,66.068,18.997,43.593
469,2026-04-08T12:24:00,50.545,33.424,26.497,32.505,44.734,2696.5,3617.4,20.143,18.842,21.395,0.33584,0.11977,338.83,77.704,7.0332,13.806,31.768,4452.8,22.113,47.796,50.244,80.583,2.2919,1.643,3096.1,42.283,53.505,94.672,9.4208,61.897,38.818,40.938,2624.5,62.266,27.133,49.285,0.33811,9.0966,26.085,120.39,1.0715,74.98,23.941,2.3408,54.321,4.8645,236.15,0.0095564,0.84714,66.13,18.997,43.593
470,2026-04-08T12:27:00,51.071,30.703,27.021,32.59,44.852,2696.3,3635.3,15.712,19.188,21.345,0.31524,0.11977,338.68,77.019,6.9593,13.951,31.949,4486.4,23.999,49.013,51.336,80.404,2.2926,1.6369,3096.6,42.473,54.002,94.774,9.1509,62.108,42.03,39.626,2624.0,62.016,26.299,49.514,0.33132,9.0428,26.22,120.4,1.3525,74.808,23.656,2.3532,54.321,4.8224,236.03,0.0095564,0.84714,66.166,19.215,43.593
471,2026-04-08T12:30:00,51.018,30.909,27.205,32.59,44.423,2698.0,3628.3,17.628,19.188,22.058,0.31315,0.11977,339.42,77.039,6.9593,13.951,31.949,4480.5,23.193,48.89,49.899,80.397,2.2926,1.6369,3096.1,42.177,54.073,94.788,9.3106,61.718,37.803,39.863,2626.2,62.137,26.496,49.487,0.32937,9.0428,26.22,120.39,1.3525,75.332,23.656,2.3532,54.321,4.8224,238.82,0.0095564,0.84714,66.147,19.215,43.593
472,2026-04-08T12:33:00,50.926,29.516,26.563,33.129,44.551,2694.2,3653.3,18.318,18.625,21.061,0.29915,0.11977,339.4,76.814,6.7414,13.83,32.326,4428.7,22.914,48.677,51.129,80.069,2.2909,1.6689,3094.8,42.345,54.103,94.822,9.3001,63.137,41.421,41.384,2621.5,62.248,26.457,49.718,0.3494,8.9532,25.986,120.4,1.262,74.751,23.73,2.2214,54.321,4.8757,238.72,0.0095564,0.84714,66.122,19.177,43.593
473,2026-04-08T12:36:00,50.486,29.472,27.153,33.129,44.976,2695.2,3653.9,19.297,18.625,21.814,0.2996,0.10703,339.85,77.185,6.7414,13.83,32.326,4497.2,22.498,47.658,51.521,80.014,2.2909,1.6689,3092.7,42.56,53.283,94.741,9.3318,58.864,42.577,41.295,2622.9,62.237,22.685,49.526,0.35013,8.9532,25.986,120.4,1.262,75.609,23.73,2.2214,54.749,4.8757,241.8,0.025224,0.87047,66.062,19.177,44.142
474,2026-04-08T12:39:00,49.74,25.913,27.031,32.717,44.98,2695.7,3678.7,19.295,18.374,21.909,0.26388,0.10703,340.65,77.04,6.9055,13.942,31.923,4496.0,22.501,45.931,49.654,80.22,2.2812,1.5942,3093.4,42.467,53.32,94.75,9.4145,60.538,37.083,40.137,2624.2,63.751,23.964,49.879,0.33384,8.8504,25.918,120.4,1.2698,74.421,23.767,2.2924,54.749,4.8469,239.67,0.025224,0.87047,66.075,19.181,44.142
475,2026-04-08T12:42:00,49.928,26.133,26.793,32.717,44.172,2694.3,3703.2,19.252,18.374,21.614,0.26164,0.10703,339.87,77.485,6.9055,13.942,31.923,4492.5,22.504,46.367,49.824,80.227,2.2812,1.5942,3093.3,42.222,53.362,94.48,9.4061,58.066,37.582,40.068,2623.0,63.329,24.216,49.898,0.33441,8.8504,25.918,120.43,1.2698,75.044,23.767,2.2924,54.749,4.8469,241.25,0.025224,0.87047,66.078,19.181,44.142
476,2026-04-08T12:45:00,50.242,29.791,26.79,33.072,44.629,2692.4,3636.7,18.316,18.699,21.297,0.30376,0.10703,339.93,77.174,6.6853,13.909,31.757,4448.0,22.909,47.094,49.751,80.179,2.2204,1.6558,3092.9,42.627,53.818,94.619,9.3535,59.479,37.368,41.451,2620.6,63.09,24.928,50.15,0.34838,9.076,25.93,120.41,1.2426,74.897,23.971,2.2266,54.749,4.8214,240.22,0.025224,0.87047,66.117,19.156,44.142
477,2026-04-08T12:48:00,50.471,29.805,26.698,33.072,44.246,2692.9,3664.3,17.202,18.699,21.576,0.30361,0.10703,339.99,77.021,6.6853,13.909,31.757,4438.9,23.383,47.623,49.918,80.202,2.2204,1.6558,3093.0,42.163,53.926,94.704,9.2903,63.409,37.859,41.994,2621.0,62.615,26.067,50.21,0.34394,9.076,25.93,120.43,1.2426,75.007,23.971,2.2266,54.749,4.8214,241.33,0.025224,0.87047,66.117,19.156,44.142
478,2026-04-08T12:51:00,49.596,31.698,26.9,32.916,45.012,2693.4,3670.6,16.9,18.556,21.504,0.32362,0.1006,340.02,77.286,6.8824,13.91,32.259,4446.6,23.506,45.599,50.908,80.134,2.2946,1.6563,3093.4,42.341,53.829,94.538,9.3827,62.159,40.772,41.241,2621.6,64.519,24.408,50.686,0.34426,8.8828,25.721,120.41,1.2837,74.421,23.822,2.3691,53.869,4.9188,244.92,-0.0051845,0.85977,66.135,19.046,43.218
479,2026-04-08T12:54:00,48.388,31.577,26.889,32.916,46.215,2696.8,3685.7,16.969,18.556,21.53,0.32486,0.1006,340.47,78.085,6.8824,13.91,32.259,4479.3,23.444,42.804,51.348,80.456,2.2946,1.6563,3095.8,42.207,53.439,94.385,9.3331,60.639,42.066,40.662,2625.4,64.26,25.276,51.292,0.34901,8.8828,25.721,120.45,1.2837,75.095,23.822,2.3691,53.869,4.9188,242.98,-0.0051845,0.85977,66.211,19.046,43.218
480,2026-04-08T12:57:00,52.135,27.247,27.129,33.128,45.113,2696.4,3696.1,19.259,19.099,21.993,0.2757,0.1006,340.76,77.422,6.8571,13.982,32.083,4456.3,22.488,51.474,48.002,80.57,2.2471,1.6879,3094.6,42.546,53.93,94.434,9.29,61.775,32.22,41.115,2624.9,62.446,25.511,51.574,0.34646,9.0337,26.035,120.41,1.1948,74.458,23.287,2.2921,53.869,4.8388,244.58,-0.0051845,0.85977,66.31,18.915,43.218
481,2026-04-08T13:00:00,50.359,26.799,26.565,33.128,45.532,2694.2,3668.1,17.834,19.099,21.747,0.28025,0.1006,340.93,77.265,6.8571,13.982,32.083,4500.4,23.094,47.365,49.35,80.319,2.2471,1.6879,3091.6,42.222,53.402,94.577,9.501,61.316,36.187,41.064,2622.5,62.928,26.119,51.842,0.34687,9.0337,26.035,120.41,1.1948,74.428,23.287,2.2921,53.869,4.8388,246.34,-0.0051845,0.85977,66.417,18.915,43.218
482,2026-04-08T13:03:00,52.144,28.87,26.878,33.287,44.513,2692.9,3672.5,19.277,18.862,21.719,0.29353,0.1006,340.99,77.256,6.8069,13.961,32.31,4491.6,22.487,51.496,50.448,80.258,2.3345,1.692,3091.4,42.377,53.793,94.49,9.3247,62.46,39.417,42.043,2621.8,63.085,26.394,52.261,0.35613,8.9916,25.912,120.39,1.1924,73.616,23.125,2.2304,53.869,4.9514,246.38,-0.0051845,0.85977,66.437,18.795,43.218
483,2026-04-08T13:06:00,49.056,28.693,27.44,33.287,44.401,2693.2,3685.2,18.126,18.862,22.193,0.29532,0.10871,340.92,77.448,6.8069,13.961,32.31,4512.6,22.966,44.35,48.35,80.26,2.3345,1.692,3090.9,42.359,53.542,94.579,9.2621,62.065,33.246,42.07,2621.0,62.866,25.555,52.413,0.3559,8.9916,25.912,120.38,1.1924,74.764,23.125,2.2304,54.341,4.9514,246.97,0.015654,0.84884,66.452,18.795,43.51
484,2026-04-08T13:09:00,50.033,26.721,26.839,33.283,45.029,2694.5,3687.5,15.907,18.866,21.503,0.27126,0.10871,341.33,77.607,6.895,13.945,32.033,4526.6,23.89,46.609,49.676,80.356,2.2889,1.7153,3092.8,42.357,53.655,94.491,9.305,61.475,37.147,42.12,2622.2,63.313,26.683,52.544,0.35283,8.9895,25.91,120.39,1.2917,74.705,23.625,2.3247,54.341,4.8759,249.15,0.015654,0.84884,66.503,19.13,43.51
485,2026-04-08T13:12:00,50.999,26.87,26.941,33.283,45.084,2694.2,3680.4,16.655,18.866,21.818,0.26974,0.10871,341.42,77.162,6.895,13.945,32.033,4476.9,23.58,48.846,50.047,80.476,2.2889,1.7153,3092.9,42.315,54.25,94.543,9.2541,62.01,38.238,41.741,2622.8,63.436,25.302,52.866,0.35593,8.9895,25.91,120.38,1.2917,74.965,23.625,2.3247,54.341,4.8759,249.13,0.015654,0.84884,66.571,19.13,43.51
486,2026-04-08T13:15:00,49.242,29.334,26.944,33.481,45.409,2694.4,3645.1,19.337,18.867,21.955,0.29855,0.10871,341.59,77.515,6.9656,13.863,32.104,4402.4,22.44,44.781,50.783,80.382,2.274,1.657,3091.9,42.269,54.288,94.54,9.5259,60.905,40.405,41.666,2622.4,63.299,25.625,53.177,0.35444,9.0246,25.935,120.4,1.2023,74.754,23.657,2.4111,54.341,4.9071,249.24,0.015654,0.84884,66.616,18.946,43.51
487,2026-04-08T13:18:00,52.292,29.211,27.11,33.481,45.306,2694.1,3684.1,17.469,18.867,21.979,0.29981,0.10871,341.83,76.974,6.9656,13.863,32.104,4446.4,23.241,51.837,50.655,80.31,2.274,1.657,3091.1,42.436,53.761,94.523,9.3018,61.101,40.027,41.975,2623.3,62.628,26.755,53.385,0.35191,9.0246,25.935,120.37,1.2023,74.287,23.657,2.4111,54.341,4.9071,250.49,0.015654,0.84884,66.623,18.946,43.51
488,2026-04-08T13:21:00,50.307,28.735,26.718,33.512,44.191,2694.3,3653.6,21.033,18.407,22.009,0.29346,0.095051,342.42,77.344,6.9558,14.039,31.934,4483.7,21.734,47.244,48.971,80.158,2.2362,1.6562,3090.6,42.01,53.723,94.581,9.3731,61.601,35.07,40.66,2622.7,62.489,25.39,53.409,0.3458,8.8882,25.687,120.39,1.2106,75.685,23.536,2.3076,53.405,4.8628,251.09,0.01278,0.84036,66.619,18.876,43.558
489,2026-04-08T13:24:00,48.794,28.588,26.689,33.512,44.919,2696.4,3660.5,17.437,18.407,22.347,0.29495,0.095051,342.93,77.552,6.9558,14.039,31.934,4485.7,23.242,43.743,50.083,80.231,2.2362,1.6562,3092.2,42.436,53.7,94.632,9.4867,59.742,38.343,40.79,2625.7,62.371,26.217,53.409,0.34474,8.8882,25.687,120.37,1.2106,74.995,23.536,2.3076,53.405,4.8628,253.48,0.01278,0.84036,66.608,18.876,43.558
490,2026-04-08T13:27:00,49.759,30.958,27.062,33.219,44.803,2699.0,3618.4,17.806,18.531,22.797,0.30716,0.095051,342.92,77.905,6.9453,14.109,32.518,4484.8,23.065,45.977,48.468,80.45,2.2533,1.6794,3094.0,42.541,53.861,94.551,9.5119,61.271,33.591,43.171,2628.3,63.106,24.6,53.738,0.36541,8.9773,25.869,120.4,1.2299,75.023,23.228,2.3047,53.405,4.9039,252.18,0.01278,0.84036,66.642,19.038,43.558
491,2026-04-08T13:30:00,50.274,30.431,27.472,33.219,45.472,2698.8,3633.7,17.216,18.531,22.617,0.31252,0.095051,343.25,77.184,6.9453,14.109,32.518,4510.2,23.33,47.168,51.308,80.346,2.2533,1.6794,3095.2,42.571,53.557,94.56,9.4365,62.668,41.95,43.176,2627.6,62.844,22.943,53.945,0.36537,8.9773,25.869,120.4,1.2299,74.602,23.228,2.3047,53.405,4.9039,252.16,0.01278,0.84036,66.722,19.038,43.558
492,2026-04-08T13:33:00,50.677,24.707,26.913,32.885,45.266,2698.7,3628.7,14.772,18.634,22.406,0.2571,0.095051,344.02,77.153,7.0484,13.936,32.311,4469.4,24.362,48.1,48.937,80.173,2.2505,1.6381,3092.7,42.522,53.616,94.535,9.3358,61.351,34.972,44.354,2626.8,62.956,26.962,54.059,0.37415,8.9421,26.067,120.39,1.2494,74.696,23.251,2.3305,53.405,4.8711,253.25,0.01278,0.84036,66.708,19.064,43.558
493,2026-04-08T13:36:00,50.548,24.799,26.87,32.885,44.585,2698.4,3643.6,16.739,18.634,22.605,0.25616,0.095221,343.61,77.292,7.0484,13.936,32.311,4498.6,23.529,47.802,51.007,80.208,2.2505,1.6381,3093.4,42.099,53.266,94.647,9.3711,62.818,41.064,44.328,2627.2,62.699,23.774,54.083,0.37436,8.9421,26.067,120.37,1.2494,74.602,23.251,2.3305,53.211,4.8711,253.1,0.00011397,0.82367,66.695,19.064,43.34
494,2026-04-08T13:39:00,51.098,26.941,26.98,33.299,44.499,2700.2,3668.2,19.547,18.817,22.999,0.26974,0.095221,344.53,77.788,6.6955,13.792,32.85,4468.5,22.329,49.076,48.862,80.254,2.2769,1.658,3094.0,42.306,53.515,94.634,9.3703,61.48,34.751,41.912,2629.3,61.265,26.614,53.918,0.35857,8.9763,26.095,120.4,1.1748,74.463,22.98,2.3709,53.211,4.8449,256.34,0.00011397,0.82367,66.683,18.949,43.34
495,2026-04-08T13:42:00,51.338,26.684,26.869,33.299,44.733,2701.8,3632.4,18.251,18.817,22.923,0.27236,0.095221,344.65,77.457,6.6955,13.792,32.85,4480.8,22.877,49.631,49.904,80.25,2.2769,1.658,3096.2,42.62,53.369,94.719,9.3914,60.476,37.817,42.323,2630.9,61.881,25.885,54.29,0.3552,8.9763,26.095,120.39,1.1748,74.621,22.98,2.3709,53.211,4.8449,253.49,0.00011397,0.82367,66.735,18.949,43.34
496,2026-04-08T13:45:00,50.936,21.34,26.801,33.761,44.958,2702.5,3708.2,19.084,18.473,22.968,0.21416,0.095221,345.05,77.213,6.7641,13.841,32.415,4441.5,22.533,48.7,51.205,80.147,2.2514,1.6921,3095.5,42.683,54.084,94.486,9.4444,61.384,41.645,40.652,2631.8,63.681,25.412,54.426,0.33775,8.7381,26.2,120.41,1.2865,74.537,23.264,2.3515,53.211,4.8553,253.34,0.00011397,0.82367,66.733,18.582,43.34
497,2026-04-08T13:48:00,50.625,21.445,26.579,33.761,45.601,2702.2,3721.8,20.924,18.473,22.891,0.2131,0.095221,344.93,77.377,6.7641,13.841,32.415,4495.6,21.753,47.981,51.799,80.165,2.2514,1.6921,3095.5,42.073,53.436,94.39,9.4602,63.273,43.394,40.213,2632.7,63.447,23.729,54.267,0.34135,8.7381,26.2,120.43,1.2865,74.644,23.264,2.3515,53.211,4.8553,256.5,0.00011397,0.82367,66.694,18.582,43.34
498,2026-04-08T13:51:00,49.227,24.931,26.897,33.67,44.79,2702.2,3672.5,19.211,18.513,22.339,0.25266,0.1025,344.54,77.414,6.6981,13.925,32.523,4535.5,22.47,44.746,50.334,80.156,2.2121,1.6663,3098.3,42.182,53.859,94.438,9.5036,61.239,39.082,40.713,2631.0,63.838,24.699,54.122,0.34784,8.9093,25.627,120.4,1.2795,74.313,23.81,2.3287,53.792,4.8775,254.63,0.00015953,0.81426,66.721,18.788,44.844
499,2026-04-08T13:54:00,48.551,24.928,26.736,33.67,46.017,2702.8,3649.9,19.17,18.513,22.722,0.25269,0.1025,345.02,77.369,6.6981,13.925,32.523,4490.0,22.484,43.181,48.606,80.185,2.2121,1.6663,3097.5,42.274,54.404,94.375,9.2752,63.71,33.999,40.889,2632.2,64.226,25.69,53.927,0.3464,8.9093,25.627,120.42,1.2795,73.569,23.81,2.3287,53.792,4.8775,256.08,0.00015953,0.81426,66.73,18.788,44.844
500,2026-04-08T13:57:00,48.312,23.711,26.99,33.792,45.502,2702.2,3717.5,14.903,17.99,22.992,0.23821,0.1025,345.1,77.46,7.0038,13.937,32.782,4494.4,24.28,42.627,50.193,80.09,2.3064,1.6911,3096.4,42.367,53.861,94.361,9.3331,63.013,38.667,42.191,2631.9,63.784,23.607,54.061,0.35501,8.8453,25.81,120.42,1.1289,74.917,23.24,2.245,53.792,4.9342,253.84,0.00015953,0.81426,66.706,18.566,44.844
501,2026-04-08T14:00:00,49.97,23.331,27.128,33.792,45.93,2703.3,3709.5,17.448,17.99,23.166,0.24207,0.1025,345.3,77.405,7.0038,13.937,32.782,4504.1,23.205,46.465,49.743,80.269,2.3064,1.6911,3097.0,42.408,53.744,94.306,9.4009,62.413,37.345,42.035,2633.5,63.921,24.907,54.056,0.35629,8.8453,25.81,120.42,1.1289,75.479,23.24,2.245,53.792,4.9342,253.14,0.00015953,0.81426,66.699,18.566,44.844
502,2026-04-08T14:03:00,49.806,20.782,26.898,33.474,44.224,2700.9,3604.9,17.095,18.534,22.625,0.20828,0.1025,344.69,77.609,6.8343,13.675,32.546,4518.5,23.348,46.085,50.735,80.09,2.2736,1.6712,3095.0,42.141,54.133,94.528,9.3065,62.217,40.263,42.503,2630.1,63.07,24.874,53.987,0.35631,8.9004,26.077,120.39,1.3632,74.971,23.232,2.3119,53.792,4.8315,253.17,0.00015953,0.81426,66.71,18.65,44.844
503,2026-04-08T14:06:00,51.427,20.495,26.682,33.474,45.005,2703.4,3619.5,18.464,18.534,22.996,0.2112,0.10341,345.12,77.51,6.8343,13.675,32.546,4488.6,22.77,49.836,49.594,80.208,2.2736,1.6712,3095.2,42.611,54.492,94.567,9.4309,61.879,36.907,42.199,2633.2,62.818,25.236,53.755,0.3588,8.9004,26.077,120.38,1.3632,74.788,23.232,2.3119,54.342,4.8315,252.01,0.0031066,0.81348,66.705,18.65,43.686
504,2026-04-08T14:09:00,50.251,22.483,26.981,33.64,44.782,2703.9,3692.1,18.947,18.558,22.811,0.22666,0.10341,344.83,77.391,7.1072,13.865,32.827,4465.7,22.567,47.115,49.824,80.156,2.2844,1.6252,3098.0,42.334,54.588,94.5,9.4809,60.737,37.581,39.047,2632.7,63.021,24.821,53.514,0.32706,8.836,26.372,120.38,1.3312,75.218,23.386,2.3302,54.342,4.7733,252.63,0.0031066,0.81348,66.699,18.018,43.686
505,2026-04-08T14:12:00,50.986,22.504,26.609,33.64,45.479,2704.8,3637.3,16.459,18.558,23.005,0.22645,0.10341,345.24,77.55,7.1072,13.865,32.827,4516.9,23.611,48.816,50.112,80.136,2.2844,1.6252,3097.6,42.02,53.976,94.469,9.4644,61.331,38.429,38.556,2634.5,63.964,24.899,53.371,0.33108,8.836,26.372,120.41,1.3312,74.508,23.386,2.3302,54.342,4.7733,252.21,0.0031066,0.81348,66.66,18.018,43.686
506,2026-04-08T14:15:00,51.671,19.213,27.178,33.351,45.268,2704.1,3641.8,19.18,18.271,23.116,0.1953,0.10341,344.68,77.068,6.8901,13.712,32.212,4608.0,22.48,50.402,49.844,80.064,2.2717,1.6077,3098.7,42.239,54.512,94.673,9.3567,60.999,37.641,41.151,2633.8,61.409,26.911,53.409,0.3507,8.75,26.05,120.4,1.3734,75.014,23.67,2.351,54.342,4.8529,249.76,0.0031066,0.81348,66.615,18.633,43.686
507,2026-04-08T14:18:00,51.285,19.285,26.881,33.351,44.233,2704.9,3576.8,16.408,18.271,23.082,0.19457,0.10341,345.06,77.661,6.8901,13.712,32.212,4575.2,23.633,49.507,50.019,79.959,2.2717,1.6077,3098.7,42.102,54.903,94.71,9.5315,63.183,38.156,41.359,2634.8,62.527,25.59,53.06,0.349,8.75,26.05,120.39,1.3734,74.858,23.67,2.351,54.342,4.8529,251.69,0.0031066,0.81348,66.566,18.633,43.686
508,2026-04-08T14:21:00,49.318,24.819,27.225,33.486,45.11,2710.4,3654.1,18.802,18.525,23.346,0.2503,0.097213,345.03,77.28,6.7596,13.877,32.075,4557.7,22.628,44.957,49.251,80.211,2.2997,1.7087,3103.9,42.261,53.68,94.61,9.3153,62.301,35.896,39.124,2640.0,62.991,24.478,52.774,0.33353,8.815,26.205,120.41,1.1465,74.21,23.671,2.234,53.277,4.8718,252.25,0.014481,0.78244,66.575,18.973,43.804
509,2026-04-08T14:24:00,50.33,24.815,27.19,33.486,44.703,2711.3,3633.7,15.665,18.525,22.952,0.25034,0.097213,345.04,77.351,6.7596,13.877,32.075,4489.9,23.949,47.297,49.719,80.039,2.2997,1.7087,3105.1,42.756,54.492,94.526,9.5469,58.706,37.272,39.35,2640.2,63.343,26.633,52.727,0.33168,8.815,26.205,120.42,1.1465,74.97,23.671,2.234,53.277,4.8718,250.48,0.014481,0.78244,66.538,18.973,43.804
510,2026-04-08T14:27:00,49.305,25.978,27.386,33.846,46.058,2712.9,3687.2,17.934,18.238,23.385,0.26605,0.097213,345.54,77.591,6.7383,13.757,32.219,4462.0,22.978,44.927,48.513,80.189,2.2521,1.6421,3106.4,42.386,53.987,94.455,9.4289,60.935,33.723,41.335,2643.5,63.621,23.67,52.525,0.35113,8.9427,26.124,120.41,1.1161,74.886,23.694,2.2554,53.277,4.8593,250.5,0.014481,0.78244,66.532,18.51,43.804
511,2026-04-08T14:30:00,51.49,26.152,26.945,33.846,45.082,2712.4,3680.3,20.094,18.238,23.064,0.26428,0.097213,344.98,77.532,6.7383,13.757,32.219,4482.9,22.068,49.983,50.825,80.139,2.2521,1.6421,3106.3,42.518,53.737,94.339,9.5032,60.932,40.528,41.322,2641.5,63.738,26.301,52.37,0.35123,8.9427,26.124,120.41,1.1161,74.854,23.694,2.2554,53.277,4.8593,249.97,0.014481,0.78244,66.503,18.51,43.804
512,2026-04-08T14:33:00,50.365,24.466,26.661,33.446,46.159,2711.8,3680.9,20.365,18.125,23.182,0.25426,0.097213,345.1,77.538,6.6875,13.797,32.456,4529.1,21.951,47.379,49.177,80.047,2.2899,1.6445,3105.5,42.305,54.326,94.358,9.4768,60.405,35.679,39.877,2641.1,64.042,24.856,52.227,0.33665,8.6282,26.376,120.43,1.1909,74.907,23.77,2.278,53.277,4.8962,249.33,0.014481,0.78244,66.476,18.531,43.804
513,2026-04-08T14:36:00,50.297,24.62,27.042,33.446,45.466,2710.2,3720.3,16.268,18.125,23.172,0.2527,0.093373,345.47,77.202,6.6875,13.797,32.456,4526.4,23.69,47.222,52.151,79.921,2.2899,1.6445,3104.3,42.671,54.358,94.316,9.4222,63.235,44.431,39.907,2639.6,63.363,26.896,51.519,0.33639,8.6282,26.376,120.38,1.1909,74.685,23.77,2.278,53.805,4.8962,245.37,0.018069,0.79789,66.439,18.531,43.381
514,2026-04-08T14:39:00,49.184,22.352,26.654,33.87,45.688,2710.1,3739.4,18.027,18.254,23.127,0.22688,0.093373,345.59,77.353,6.916,13.761,32.824,4527.6,22.943,44.645,48.721,79.992,2.2646,1.6384,3103.7,42.382,54.335,94.347,9.4602,60.759,34.335,40.547,2640.1,63.639,23.762,50.871,0.33936,8.831,26.416,120.42,1.1871,75.379,23.514,2.3595,53.805,4.7872,246.25,0.018069,0.79789,66.379,17.915,43.381
515,2026-04-08T14:42:00,49.997,22.154,27.029,33.87,45.541,2707.5,3701.4,19.705,18.254,23.014,0.2289,0.093373,345.05,76.919,6.916,13.761,32.824,4551.1,22.251,46.528,49.478,79.924,2.2646,1.6384,3102.6,42.304,54.053,94.347,9.4304,62.779,36.565,40.566,2637.7,64.294,24.766,50.67,0.3392,8.831,26.416,120.4,1.1871,75.232,23.514,2.3595,53.805,4.7872,242.14,0.018069,0.79789,66.311,17.915,43.381
516,2026-04-08T14:45:00,49.922,18.51,26.821,33.54,44.757,2707.0,3689.1,16.246,17.824,23.378,0.18537,0.093373,345.04,77.691,6.897,13.948,32.593,4605.5,23.689,46.353,49.989,79.934,2.2417,1.6045,3099.4,41.995,55.008,94.369,9.292,61.918,38.069,40.051,2637.2,62.576,25.479,50.154,0.335,8.7994,26.304,120.37,1.1404,75.809,24.116,2.3363,53.805,4.84,241.6,0.018069,0.79789,66.221,18.28,43.381
517,2026-04-08T14:48:00,50.182,18.356,27.245,33.54,45.397,2707.5,3648.7,20.996,17.824,22.938,0.18694,0.093373,344.81,77.291,6.897,13.948,32.593,4629.3,21.697,46.955,47.616,80.092,2.2417,1.6045,3101.2,42.305,54.722,94.541,9.2754,61.516,31.086,39.81,2637.4,63.271,24.951,49.952,0.33697,8.7994,26.304,120.39,1.1404,75.261,24.116,2.3363,53.805,4.84,237.53,0.018069,0.79789,66.217,18.28,43.381
518,2026-04-08T14:51:00,52.63,20.113,26.899,33.264,45.234,2705.8,3696.4,16.779,17.986,22.975,0.20291,0.095673,344.21,77.084,7.1215,13.832,32.311,4546.9,23.481,52.621,49.516,79.975,2.2538,1.6377,3099.8,42.554,54.926,94.548,9.482,59.387,36.676,42.552,2635.6,62.594,24.669,49.619,0.35607,8.8751,26.549,120.35,1.2111,75.33,23.811,2.279,53.064,4.7926,238.5,0.0057342,0.78521,66.138,18.356,44.217
519,2026-04-08T14:54:00,48.403,19.904,27.013,33.264,45.292,2705.3,3651.8,17.914,17.986,22.92,0.20503,0.095673,343.94,77.361,7.1215,13.832,32.311,4579.9,22.994,42.837,48.972,80.023,2.2538,1.6377,3099.9,42.657,54.531,94.583,9.3813,59.225,35.076,42.926,2634.7,63.362,24.493,49.29,0.353,8.8751,26.549,120.39,1.2111,75.019,23.811,2.279,53.064,4.7926,237.43,0.0057342,0.78521,66.098,18.356,44.217
520,2026-04-08T14:57:00,50.322,22.31,27.119,33.352,44.786,2706.6,3591.4,19.075,18.109,23.204,0.22962,0.095673,344.04,77.177,6.984,13.909,32.648,4578.8,22.512,47.28,51.062,80.066,2.2557,1.6582,3099.2,42.15,54.434,94.6,9.3272,60.429,41.225,40.449,2635.7,62.312,25.107,48.899,0.34865,8.9219,26.467,120.36,1.2482,75.117,23.842,2.3199,53.064,4.8458,237.09,0.0057342,0.78521,66.064,18.446,44.217
521,2026-04-08T15:00:00,52.328,22.552,26.863,33.352,44.064,2705.2,3603.1,16.901,18.109,22.643,0.22717,0.095673,343.23,77.36,6.984,13.909,32.648,4554.0,23.427,51.921,50.994,79.946,2.2557,1.6582,3100.0,41.877,54.731,94.803,9.3852,61.263,41.025,40.861,2634.2,62.111,25.969,48.627,0.34527,8.9219,26.467,120.37,1.2482,74.841,23.842,2.3199,53.064,4.8458,235.45,0.0057342,0.78521,65.987,18.446,44.217
522,2026-04-08T15:03:00,50.704,18.861,27.063,33.682,44.821,2706.5,3634.3,18.17,18.018,22.805,0.19342,0.095673,343.42,77.327,6.8194,13.727,32.125,4553.6,22.897,48.163,51.239,79.965,2.2232,1.61,3101.7,42.451,54.581,94.822,9.5098,62.467,41.747,41.609,2634.8,62.619,25.065,48.313,0.35664,8.8862,26.108,120.42,1.308,75.363,23.835,2.2905,53.064,4.8755,234.29,0.0057342,0.78521,65.941,18.788,44.217
523,2026-04-08T15:06:00,50.776,18.929,27.078,33.682,44.565,2706.8,3646.9,18.912,18.018,22.742,0.19273,0.10466,343.22,77.509,6.8194,13.727,32.125,4552.0,22.577,48.329,50.111,80.062,2.2232,1.61,3102.5,42.172,54.6,94.732,9.3632,59.779,38.428,41.924,2635.8,62.402,25.351,47.82,0.35405,8.8862,26.108,120.4,1.308,74.909,23.835,2.2905,53.518,4.8755,230.66,0.00029341,0.81656,65.874,18.788,44.265
524,2026-04-08T15:09:00,49.763,23.723,26.574,33.46,44.645,2710.2,3666.9,17.714,18.648,22.334,0.24101,0.10466,342.91,77.882,6.8894,13.934,32.442,4537.6,23.062,45.985,48.46,80.249,2.2882,1.6534,3105.1,42.145,53.958,94.608,9.3489,60.761,33.567,39.181,2639.3,63.484,25.881,47.458,0.3365,8.9162,25.865,120.39,1.181,74.659,24.394,2.3314,53.518,4.8218,228.09,0.00029341,0.81656,65.844,18.573,44.265
525,2026-04-08T15:12:00,48.351,23.648,26.723,33.46,45.113,2710.0,3661.3,15.749,18.648,22.343,0.24177,0.10466,342.81,77.355,6.8894,13.934,32.442,4491.6,23.899,42.717,48.376,80.27,2.2882,1.6534,3106.6,42.475,54.509,94.511,9.4713,62.235,33.321,39.862,2638.8,63.58,25.473,46.865,0.33091,8.9162,25.865,120.42,1.181,74.942,24.394,2.3314,53.518,4.8218,228.13,0.00029341,0.81656,65.868,18.573,44.265
526,2026-04-08T15:15:00,48.531,20.729,27.289,33.027,45.057,2707.6,3692.9,15.446,18.156,22.534,0.20823,0.10466,342.57,77.543,6.8874,13.716,32.023,4522.4,24.023,43.134,50.621,80.193,2.2234,1.6755,3105.2,42.523,54.683,94.585,9.3588,60.317,39.927,42.373,2636.2,62.448,25.858,46.469,0.35571,9.0009,26.399,120.41,1.3253,74.723,23.83,2.2949,53.518,4.8341,225.98,0.00029341,0.81656,65.822,19.007,44.265
527,2026-04-08T15:18:00,50.103,20.606,27.139,33.027,44.526,2705.7,3680.0,18.81,18.156,22.716,0.20949,0.10466,342.31,77.513,6.8874,13.716,32.023,4560.9,22.606,46.773,48.635,80.148,2.2234,1.6755,3101.8,42.713,54.222,94.521,9.3622,61.125,34.084,42.579,2635.3,62.669,25.199,46.073,0.35402,9.0009,26.399,120.42,1.3253,75.8,23.83,2.2949,53.518,4.8341,223.84,0.00029341,0.81656,65.754,19.007,44.265
528,2026-04-08T15:21:00,50.0,24.487,26.855,32.836,44.502,2705.3,3639.0,17.324,18.515,22.315,0.25019,0.11874,342.27,77.104,6.794,13.652,32.542,4465.7,23.247,46.534,51.101,80.015,2.2328,1.63,3100.6,42.702,54.294,94.735,9.3075,62.048,41.34,39.745,2634.4,63.387,25.247,45.998,0.3296,8.7258,26.331,120.4,1.2311,75.106,24.021,2.2705,53.665,4.8734,226.48,0.017072,0.81725,65.694,18.621,43.261
529,2026-04-08T15:24:00,51.594,24.484,27.131,32.836,45.326,2703.4,3684.1,17.415,18.515,22.646,0.25023,0.11874,342.38,76.899,6.794,13.652,32.542,4477.0,23.225,50.223,49.701,79.881,2.2328,1.63,3098.5,42.723,54.159,94.638,9.3355,60.637,37.22,39.844,2632.8,62.611,25.161,45.747,0.32879,8.7258,26.331,120.4,1.2311,75.061,24.021,2.2705,53.665,4.8734,226.44,0.017072,0.81725,65.611,18.621,43.261
530,2026-04-08T15:27:00,51.469,19.436,27.094,33.235,44.721,2704.4,3677.1,18.207,18.331,22.77,0.19906,0.11874,342.38,77.014,6.9083,13.824,32.546,4565.9,22.891,49.933,50.108,79.941,2.2485,1.6764,3099.0,42.279,54.035,94.625,9.3732,59.931,38.419,38.294,2633.1,63.589,24.869,45.79,0.32565,8.7627,26.4,120.38,1.2612,75.929,23.938,2.3409,53.665,4.9009,223.14,0.017072,0.81725,65.518,18.593,43.261
531,2026-04-08T15:30:00,51.505,19.636,26.982,33.235,45.504,2701.7,3689.1,19.982,18.331,22.604,0.19703,0.11874,341.82,77.062,6.9083,13.824,32.546,4561.8,22.148,50.016,50.006,79.92,2.2485,1.6764,3098.7,42.275,54.084,94.716,9.3709,62.389,38.117,38.367,2630.6,63.383,25.44,45.459,0.32505,8.7627,26.4,120.41,1.2612,74.51,23.938,2.3409,53.665,4.9009,224.03,0.017072,0.81725,65.481,18.593,43.261
532,2026-04-08T15:33:00,50.064,19.062,27.337,33.039,45.424,2701.7,3671.8,18.63,18.416,22.515,0.19476,0.11874,341.63,77.492,6.907,13.829,32.09,4562.4,22.708,46.681,49.388,80.083,2.239,1.6657,3098.1,42.182,54.175,94.494,9.2914,62.366,36.3,41.026,2630.9,62.708,23.92,45.249,0.34011,8.8439,26.113,120.42,1.3241,74.651,23.509,2.2262,53.665,4.7492,223.59,0.017072,0.81725,65.431,18.604,43.261
533,2026-04-08T15:36:00,50.631,19.066,26.606,33.039,44.968,2704.4,3686.3,19.466,18.416,22.111,0.19472,0.084613,341.14,78.024,6.907,13.829,32.09,4500.1,22.328,47.994,50.556,80.484,2.239,1.6657,3100.0,42.353,54.921,94.701,9.309,60.049,39.737,40.753,2633.8,62.458,24.837,45.315,0.34235,8.8439,26.113,120.41,1.3241,74.543,23.509,2.2262,53.77,4.7492,219.81,0.016029,0.81185,65.492,18.604,43.613
534,2026-04-08T15:39:00,49.489,23.636,26.655,32.875,44.864,2704.1,3642.9,18.786,18.738,21.945,0.2337,0.084613,340.57,77.198,6.9001,13.98,32.297,4543.9,22.628,45.352,51.349,80.489,2.2294,1.644,3101.9,42.375,54.4,94.583,9.1492,61.187,42.071,41.104,2632.8,63.19,25.387,45.186,0.34045,8.8855,26.108,120.42,1.2127,74.944,23.92,2.3786,53.77,4.699,218.27,0.016029,0.81185,65.58,18.819,43.613
535,2026-04-08T15:42:00,48.921,23.248,26.857,32.875,44.567,2701.6,3649.4,16.871,18.738,21.818,0.23764,0.084613,340.34,77.314,6.9001,13.98,32.297,4562.8,23.435,44.037,48.905,80.303,2.2294,1.644,3100.6,42.119,54.175,94.638,9.3389,61.506,34.877,40.647,2630.3,63.079,25.825,45.004,0.34419,8.8855,26.108,120.39,1.2127,75.812,23.92,2.3786,53.77,4.699,217.36,0.016029,0.81185,65.578,18.819,43.613
536,2026-04-08T15:45:00,49.592,21.421,27.127,32.683,44.519,2697.2,3678.0,18.12,18.669,21.86,0.21616,0.084613,340.7,76.969,6.7233,13.812,31.863,4516.1,22.931,45.59,49.02,79.978,2.2495,1.6653,3095.8,42.223,54.217,94.741,9.3072,59.582,35.216,43.024,2625.4,62.627,25.679,44.568,0.35881,8.9244,26.365,120.4,1.1055,75.4,23.856,2.3277,53.77,4.9337,219.35,0.016029,0.81185,65.479,18.395,43.613
537,2026-04-08T15:48:00,52.684,21.368,26.747,32.683,44.723,2697.2,3675.2,17.01,18.669,21.955,0.2167,0.084613,340.14,76.926,6.7233,13.812,31.863,4541.9,23.408,52.747,51.008,79.973,2.2495,1.6653,3094.4,42.263,53.908,94.796,9.3127,59.149,41.066,43.241,2625.1,62.677,25.719,44.449,0.35704,8.9244,26.365,120.4,1.1055,74.706,23.856,2.3277,53.77,4.9337,217.85,0.016029,0.81185,65.388,18.395,43.613
538,2026-04-08T15:51:00,50.116,25.639,26.93,32.964,44.811,2698.8,3692.4,21.727,18.821,21.926,0.25939,0.099186,339.68,77.191,6.9279,13.759,32.341,4597.0,21.418,46.802,49.769,80.094,2.2443,1.6752,3097.4,42.44,54.318,94.607,9.3374,59.765,37.421,40.41,2627.7,63.998,24.562,44.091,0.34435,8.9057,26.53,120.41,1.1738,75.711,24.379,2.2732,53.677,4.7648,217.08,0.01278,0.84581,65.317,18.565,42.883
539,2026-04-08T15:54:00,49.331,25.533,27.005,32.964,45.228,2699.2,3734.3,17.715,18.821,21.541,0.26046,0.099186,339.33,77.478,6.9279,13.759,32.341,4553.6,23.1,44.985,49.752,80.243,2.2443,1.6752,3098.9,42.773,54.837,94.511,9.3959,60.075,37.369,40.754,2628.1,63.277,23.972,43.808,0.34153,8.9057,26.53,120.43,1.1738,75.426,24.379,2.2732,53.677,4.7648,216.58,0.01278,0.84581,65.285,18.565,42.883
540,2026-04-08T15:57:00,50.253,21.018,26.931,32.574,44.482,2699.4,3637.7,16.676,18.592,21.672,0.21574,0.099186,339.22,77.64,6.8178,13.617,32.118,4532.5,23.525,47.12,50.672,80.442,2.263,1.6429,3098.2,42.493,54.721,94.562,9.368,62.159,40.078,40.357,2628.6,63.197,25.644,43.636,0.33277,8.7896,26.3,120.41,1.3041,75.514,23.853,2.22,53.677,4.8443,214.8,0.01278,0.84581,65.301,19.131,42.883
541,2026-04-08T16:00:00,50.066,21.242,26.735,32.574,44.567,2699.4,3654.9,19.345,18.592,21.589,0.21345,0.099186,339.0,77.494,6.8178,13.617,32.118,4543.9,22.398,46.687,49.017,80.52,2.263,1.6429,3099.1,42.046,54.584,94.629,9.3432,59.549,35.208,40.268,2628.1,62.901,24.246,43.42,0.33349,8.7896,26.3,120.42,1.3041,75.55,23.853,2.22,53.677,4.8443,213.49,0.01278,0.84581,65.348,19.131,42.883
542,2026-04-08T16:03:00,51.26,23.305,27.031,32.599,44.206,2698.7,3673.7,20.261,19.172,21.433,0.2347,0.099186,338.82,77.133,6.8142,13.569,32.077,4492.2,22.025,49.451,48.003,80.39,2.2459,1.6365,3098.4,42.255,53.802,94.631,9.3111,60.287,32.224,38.277,2626.3,63.551,25.542,43.17,0.31693,8.849,26.558,120.39,1.088,75.796,23.71,2.3851,53.677,4.8767,212.59,0.01278,0.84581,65.355,18.771,42.883
543,2026-04-08T16:06:00,49.854,23.192,27.29,32.599,44.641,2697.2,3676.8,18.399,19.172,21.838,0.23585,0.11841,339.02,77.009,6.8142,13.569,32.077,4487.9,22.815,46.195,50.362,80.328,2.2459,1.6365,3095.7,42.056,53.854,94.605,9.3867,60.302,39.165,38.032,2625.7,63.499,23.624,43.595,0.31894,8.849,26.558,120.41,1.088,75.08,23.71,2.3851,53.324,4.8767,213.73,0.0063569,0.84087,65.318,18.771,43.856
544,2026-04-08T16:09:00,51.416,23.658,26.84,32.515,44.26,2695.2,3653.4,18.339,19.064,21.509,0.24089,0.11841,338.56,76.851,6.9181,13.712,32.036,4539.6,22.853,49.812,48.453,80.17,2.2914,1.6455,3095.0,42.437,54.088,94.674,9.1845,61.159,33.546,37.049,2623.4,63.996,25.384,43.675,0.31381,8.8261,26.18,120.4,1.437,75.18,23.506,2.3839,53.324,4.8119,213.36,0.0063569,0.84087,65.281,18.884,43.856
545,2026-04-08T16:12:00,49.897,23.723,27.181,32.515,45.284,2694.3,3680.1,16.884,19.064,21.626,0.24023,0.11841,338.6,77.246,6.9181,13.712,32.036,4556.4,23.459,46.296,50.698,80.192,2.2914,1.6455,3094.4,42.137,53.887,94.595,9.2249,61.335,40.154,37.376,2622.8,63.535,23.019,43.498,0.31113,8.8261,26.18,120.41,1.437,74.604,23.506,2.3839,53.324,4.8119,215.9,0.0063569,0.84087,65.25,18.884,43.856
546,2026-04-08T16:15:00,50.009,24.257,26.87,32.444,45.158,2694.0,3700.9,18.306,19.165,21.265,0.2456,0.11841,337.87,77.544,7.0494,14.006,31.493,4490.2,22.85,46.555,49.924,80.354,2.2669,1.6665,3095.5,42.118,54.394,94.635,9.3604,61.856,37.876,39.376,2622.3,62.282,24.994,43.389,0.32377,8.9617,25.904,120.39,1.0924,75.503,23.727,2.3228,53.324,4.8321,217.63,0.0063569,0.84087,65.26,18.838,43.856
547,2026-04-08T16:18:00,50.326,24.104,26.895,32.444,44.002,2693.9,3650.1,20.825,19.165,21.078,0.24716,0.11841,338.07,77.17,7.0494,14.006,31.493,4536.9,21.801,47.288,50.438,80.385,2.2669,1.6665,3095.6,42.739,53.835,94.798,9.292,60.7,39.389,38.822,2621.6,63.156,26.157,43.506,0.32831,8.9617,25.904,120.39,1.0924,75.301,23.727,2.3228,53.324,4.8321,216.8,0.0063569,0.84087,65.295,18.838,43.856
548,2026-04-08T16:21:00,50.054,29.771,27.028,32.7,44.661,2695.7,3641.0,20.936,19.176,21.353,0.3034,0.093032,337.51,77.512,6.9011,13.986,32.19,4539.7,21.743,46.659,50.609,80.487,2.2686,1.6215,3096.1,42.374,53.9,94.721,9.295,60.651,39.893,42.751,2623.2,62.065,24.136,43.604,0.36096,8.9079,26.834,120.38,1.2027,75.886,23.739,2.3128,53.456,4.884,214.93,0.0037519,0.8437,65.297,18.983,43.836
549,2026-04-08T16:24:00,51.038,29.9,26.823,32.7,44.191,2695.7,3606.7,20.406,19.176,21.044,0.30209,0.093032,337.82,77.385,6.9011,13.986,32.19,4566.8,21.97,48.937,50.865,80.463,2.2686,1.6215,3097.3,42.451,53.576,94.812,9.2946,59.466,40.645,43.424,2624.1,62.656,26.798,43.87,0.35544,8.9079,26.834,120.39,1.2027,75.407,23.739,2.3128,53.456,4.884,211.87,0.0037519,0.8437,65.337,18.983,43.836
550,2026-04-08T16:27:00,49.866,23.567,26.631,31.987,44.433,2695.7,3638.1,21.055,19.246,21.004,0.23873,0.093032,338.3,77.473,6.8773,13.936,31.929,4515.8,21.693,46.224,49.786,80.497,2.2864,1.6841,3095.9,41.9,53.806,94.763,9.3645,60.92,37.471,43.05,2623.1,63.326,25.887,43.553,0.35624,8.8739,26.378,120.4,1.2638,75.511,24.281,2.3124,53.456,4.8851,215.35,0.0037519,0.8437,65.322,18.797,43.836
551,2026-04-08T16:30:00,48.463,23.563,27.029,31.987,44.251,2694.6,3658.7,18.835,19.246,21.128,0.23877,0.093032,337.77,77.521,6.8773,13.936,31.929,4522.5,22.625,42.976,49.862,80.473,2.2864,1.6841,3095.3,42.297,53.727,94.8,9.2223,63.01,37.695,42.832,2622.0,62.972,25.305,43.456,0.35802,8.8739,26.378,120.39,1.2638,74.513,24.281,2.3124,53.456,4.8851,216.38,0.0037519,0.8437,65.346,18.797,43.836
552,2026-04-08T16:33:00,49.519,26.26,26.802,32.715,44.176,2694.1,3643.5,18.837,18.634,21.235,0.26454,0.093032,337.48,77.138,6.872,13.832,31.818,4549.0,22.64,45.422,49.613,80.362,2.3007,1.682,3094.1,42.439,53.847,94.665,9.2726,62.68,36.961,42.629,2621.8,63.437,25.243,43.791,0.35049,8.9012,25.881,120.41,1.1906,74.979,23.654,2.3103,53.456,4.9288,212.55,0.0037519,0.8437,65.339,19.193,43.836
553,2026-04-08T16:36:00,50.271,26.224,26.878,32.715,44.385,2692.6,3641.3,17.588,18.634,21.126,0.26491,0.10839,337.88,77.243,6.872,13.832,31.818,4542.8,23.163,47.16,50.817,80.393,2.3007,1.682,3094.5,42.192,53.921,94.666,9.326,62.587,40.504,42.294,2621.4,63.473,24.894,43.668,0.35324,8.9012,25.881,120.39,1.1906,75.18,23.654,2.3103,53.963,4.9288,214.84,0.003006,0.86171,65.307,19.193,43.465
554,2026-04-08T16:39:00,50.776,27.623,27.319,32.564,45.328,2694.6,3679.0,16.138,19.396,21.243,0.27877,0.10839,337.43,77.398,6.8672,13.677,31.854,4446.6,23.765,48.329,49.145,80.54,2.2699,1.6752,3095.7,42.127,54.064,94.711,9.3545,61.149,35.585,41.244,2622.8,62.879,27.331,43.772,0.33979,9.0549,26.32,120.42,1.319,74.82,23.905,2.4319,53.963,4.9682,214.01,0.003006,0.86171,65.327,19.626,43.465
555,2026-04-08T16:42:00,49.155,27.394,27.431,32.564,44.71,2693.2,3668.9,19.474,19.396,21.035,0.2811,0.10839,337.34,77.096,6.8672,13.677,31.854,4473.0,22.367,44.578,49.121,80.482,2.2699,1.6752,3095.8,42.788,53.748,94.566,9.2085,61.3,35.513,40.993,2620.9,63.053,26.97,43.67,0.34185,9.0549,26.32,120.42,1.319,75.186,23.905,2.4319,53.963,4.9682,215.48,0.003006,0.86171,65.341,19.626,43.465
556,2026-04-08T16:45:00,50.291,27.609,26.756,32.42,44.994,2692.3,3661.8,18.712,19.242,21.317,0.27919,0.10839,337.94,77.385,6.9047,13.774,31.995,4403.0,22.684,47.207,50.034,80.416,2.238,1.6275,3092.7,42.062,53.417,94.731,9.2737,62.241,38.199,38.668,2620.4,63.229,25.95,43.959,0.32611,8.7624,26.138,120.4,1.1304,75.35,23.559,2.3375,53.963,4.9304,212.59,0.003006,0.86171,65.322,19.324,43.465
557,2026-04-08T16:48:00,51.005,27.471,26.678,32.42,44.756,2691.4,3670.3,21.275,19.242,20.96,0.2806,0.10839,337.73,77.027,6.9047,13.774,31.995,4416.0,21.62,48.86,48.181,80.282,2.238,1.6275,3093.6,42.397,53.262,94.64,9.281,60.888,32.745,38.941,2619.0,63.083,25.755,43.814,0.32388,8.7624,26.138,120.37,1.1304,74.959,23.559,2.3375,53.963,4.9304,214.57,0.003006,0.86171,65.319,19.324,43.465
558,2026-04-08T16:51:00,50.921,26.433,27.078,32.381,45.234,2692.4,3650.8,18.326,19.24,21.385,0.26936,0.10084,338.7,77.603,6.8859,13.639,31.909,4428.3,22.85,48.667,48.337,80.389,2.2331,1.6476,3092.3,42.313,53.739,94.634,9.3406,62.738,33.207,39.905,2620.1,63.084,24.95,44.125,0.33594,8.8686,25.846,120.4,1.3755,74.513,24.143,2.3379,53.375,4.9322,216.96,0.019747,0.86391,65.297,19.056,43.706
559,2026-04-08T16:54:00,51.239,26.294,26.483,32.381,44.194,2694.7,3657.3,17.33,19.24,21.289,0.27077,0.10084,338.67,77.511,6.8859,13.639,31.909,4468.3,23.263,49.401,51.406,80.581,2.2331,1.6476,3093.7,42.763,53.26,94.613,9.2765,60.965,42.237,40.189,2622.8,62.973,25.109,44.309,0.33361,8.8686,25.846,120.38,1.3755,75.285,24.143,2.3379,53.375,4.9322,217.6,0.019747,0.86391,65.347,19.056,43.706
560,2026-04-08T16:57:00,49.74,27.221,26.565,32.639,44.796,2695.0,3691.5,17.006,19.209,21.313,0.28293,0.10084,338.84,77.589,6.8822,13.946,32.481,4466.6,23.394,45.931,51.366,80.578,2.2581,1.6148,3095.0,42.787,53.867,94.682,9.4318,59.725,42.121,37.817,2623.8,62.537,26.231,44.567,0.32197,8.922,26.067,120.42,1.3128,74.598,23.913,2.3048,53.375,4.962,217.4,0.019747,0.86391,65.402,19.282,43.706
561,2026-04-08T17:00:00,48.098,27.549,26.433,32.639,44.543,2696.5,3676.6,18.047,19.209,20.843,0.27959,0.10084,338.66,77.386,6.8822,13.946,32.481,4501.6,22.953,42.133,49.416,80.647,2.2581,1.6148,3097.8,42.799,53.448,94.498,9.3059,62.903,36.381,38.455,2624.8,62.793,24.747,44.608,0.31675,8.922,26.067,120.41,1.3128,75.057,23.913,2.3048,53.375,4.962,219.58,0.019747,0.86391,65.485,19.282,43.706
562,2026-04-08T17:03:00,50.848,21.987,26.748,32.88,44.292,2693.2,3672.0,19.891,19.149,21.246,0.22531,0.10084,339.01,77.283,6.9232,13.941,31.796,4442.3,22.184,48.497,51.056,80.427,2.2957,1.6535,3093.3,42.499,53.539,94.71,9.345,61.579,41.209,42.375,2620.8,62.903,25.803,44.901,0.35172,9.02,26.123,120.4,1.264,74.745,23.651,2.3464,53.375,4.9169,218.96,0.019747,0.86391,65.486,19.039,43.706
563,2026-04-08T17:06:00,49.058,22.321,26.786,32.88,44.658,2691.2,3646.0,17.987,19.149,21.366,0.22191,0.088859,339.04,76.909,6.9232,13.941,31.796,4502.6,23.001,44.353,50.876,80.299,2.2957,1.6535,3090.1,42.189,52.817,94.694,9.3004,62.886,40.678,42.231,2619.0,63.351,25.212,45.225,0.35291,9.02,26.123,120.39,1.264,75.058,23.651,2.3464,53.655,4.9169,219.19,0.029182,0.8499,65.499,19.039,43.57
564,2026-04-08T17:09:00,49.99,28.505,26.621,32.289,44.032,2689.3,3648.4,18.215,18.561,20.857,0.29265,0.088859,338.51,76.727,6.9945,13.795,32.93,4420.6,22.925,46.51,48.952,80.063,2.2697,1.6513,3090.0,42.314,54.33,94.853,9.3622,61.582,35.017,42.013,2617.1,62.93,26.098,45.398,0.35506,8.8659,26.3,120.37,1.2607,74.806,22.841,2.3377,53.655,4.9706,220.5,0.029182,0.8499,65.418,19.084,43.57
565,2026-04-08T17:12:00,48.676,28.519,26.81,32.289,44.49,2691.2,3654.0,16.544,18.561,21.652,0.29251,0.088859,339.43,77.198,6.9945,13.795,32.93,4529.1,23.626,43.47,50.547,79.973,2.2697,1.6513,3089.6,42.566,53.031,94.764,9.3699,60.228,39.71,42.393,2619.6,62.833,26.359,45.464,0.35195,8.8659,26.3,120.41,1.2607,74.42,22.841,2.3377,53.655,4.9706,223.02,0.029182,0.8499,65.376,19.084,43.57
566,2026-04-08T17:15:00,50.189,17.72,27.361,32.807,44.385,2693.8,3630.3,18.935,19.269,21.818,0.17926,0.088859,339.57,77.907,6.8573,13.901,32.606,4509.3,22.592,46.972,51.265,80.395,2.2485,1.6784,3092.3,42.418,53.109,94.698,9.4125,63.145,41.823,40.609,2621.4,62.545,25.171,45.648,0.33497,9.0261,26.154,120.39,1.2101,75.381,23.522,2.3113,53.655,4.9269,224.17,0.029182,0.8499,65.391,19.048,43.57
567,2026-04-08T17:18:00,50.786,17.974,26.931,32.807,44.07,2696.4,3630.7,14.574,19.269,21.737,0.17668,0.088859,339.51,77.711,6.8573,13.901,32.606,4478.3,24.418,48.354,49.769,80.735,2.2485,1.6784,3095.8,42.291,53.481,94.77,9.4641,60.176,37.419,40.312,2624.9,62.537,25.708,45.836,0.3374,9.0261,26.154,120.41,1.2101,74.905,23.522,2.3113,53.655,4.9269,225.19,0.029182,0.8499,65.543,19.048,43.57
568,2026-04-08T17:21:00,48.874,20.39,26.835,32.959,45.204,2698.1,3688.3,15.147,18.565,21.852,0.20272,0.10138,338.85,77.656,6.9585,13.811,31.954,4438.5,24.165,43.929,49.908,80.834,2.2867,1.6628,3097.1,42.267,53.996,94.624,9.3477,60.456,37.829,41.336,2626.5,62.708,22.258,46.017,0.35264,9.0174,26.116,120.44,1.2135,73.783,23.621,2.3103,53.149,4.8357,222.58,0.0088767,0.86035,65.682,18.301,43.297
569,2026-04-08T17:24:00,49.477,20.004,27.055,32.959,44.945,2697.4,3672.1,18.328,18.565,21.604,0.20665,0.10138,339.03,77.382,6.9585,13.811,31.954,4447.1,22.826,45.325,50.458,80.799,2.2867,1.6628,3096.9,42.334,53.894,94.563,9.3457,60.208,39.449,41.828,2625.9,62.986,25.237,46.182,0.34861,9.0174,26.116,120.41,1.2135,74.082,23.621,2.3103,53.149,4.8357,222.21,0.0088767,0.86035,65.77,18.301,43.297
570,2026-04-08T17:27:00,49.577,26.275,26.935,32.784,44.753,2695.5,3638.5,20.483,18.819,21.166,0.26707,0.10138,339.01,77.026,6.8281,13.882,32.207,4575.9,21.937,45.555,49.935,80.307,2.2835,1.6895,3097.0,42.295,54.201,94.683,9.2931,60.53,37.909,40.632,2622.8,62.652,25.468,46.216,0.33902,8.8667,26.263,120.4,1.4295,75.288,23.687,2.2595,53.149,5.0145,223.35,0.0088767,0.86035,65.744,18.972,43.297
571,2026-04-08T17:30:00,48.458,26.39,27.023,32.784,44.67,2695.6,3595.3,18.052,18.819,21.494,0.2659,0.10138,338.98,77.189,6.8281,13.882,32.207,4534.6,22.968,42.964,50.096,80.102,2.2835,1.6895,3095.9,42.554,54.695,94.761,9.3259,62.489,38.383,40.627,2623.3,63.397,25.271,46.22,0.33906,8.8667,26.263,120.4,1.4295,74.462,23.687,2.2595,53.149,5.0145,224.91,0.0088767,0.86035,65.621,18.972,43.297
572,2026-04-08T17:33:00,51.391,23.787,27.353,33.209,44.238,2696.6,3675.6,17.557,18.523,21.499,0.24569,0.10138,339.07,77.378,6.8951,13.857,32.182,4508.8,23.179,49.753,49.542,80.087,2.2836,1.6842,3097.7,42.04,53.381,94.733,9.4458,61.388,36.753,41.693,2624.0,63.146,24.758,46.232,0.34624,8.9972,26.41,120.4,1.2473,74.838,23.884,2.3383,53.149,4.9565,226.39,0.0088767,0.86035,65.555,18.939,43.297
573,2026-04-08T17:36:00,51.54,24.067,26.768,33.209,45.495,2701.5,3678.5,16.398,18.523,21.769,0.24285,0.097458,339.58,77.97,6.8951,13.857,32.182,4477.8,23.639,50.098,49.784,80.45,2.2836,1.6842,3100.4,42.269,53.752,94.55,9.4054,61.532,37.465,41.213,2630.3,63.097,25.808,46.658,0.35018,8.9972,26.41,120.45,1.2473,75.396,23.884,2.3383,53.696,4.9565,226.59,0.034888,0.85372,65.583,18.939,44.221
574,2026-04-08T17:39:00,49.251,24.325,26.94,32.196,44.748,2703.7,3645.6,17.589,18.921,21.897,0.24493,0.097458,339.72,77.582,6.8615,13.795,31.97,4491.8,23.136,44.8,49.893,80.679,2.2816,1.6616,3102.9,42.343,53.634,94.508,9.3459,64.377,37.786,41.171,2631.8,63.095,26.562,46.815,0.34567,8.9784,26.284,120.4,1.0919,75.098,23.656,2.3423,53.696,4.8558,227.81,0.034888,0.85372,65.686,18.745,44.221
575,2026-04-08T17:42:00,48.937,24.195,26.802,32.196,45.059,2702.0,3654.4,21.361,18.921,21.474,0.24625,0.097458,339.56,77.068,6.8615,13.795,31.97,4480.4,21.561,44.075,49.461,80.474,2.2816,1.6616,3102.4,42.485,53.771,94.496,9.5081,61.054,36.514,41.055,2629.9,62.945,22.705,47.118,0.34662,8.9784,26.284,120.41,1.0919,74.224,23.656,2.3423,53.696,4.8558,227.35,0.034888,0.85372,65.753,18.745,44.221
576,2026-04-08T17:45:00,49.978,26.414,27.159,32.886,45.231,2700.2,3632.6,17.831,19.086,21.579,0.26693,0.097458,339.85,77.213,6.9615,13.785,32.219,4538.2,23.056,46.482,51.745,80.054,2.273,1.6184,3101.1,42.492,53.546,94.736,9.4178,60.356,43.236,40.453,2627.6,63.617,25.316,47.217,0.33801,8.8744,26.305,120.39,1.0601,74.742,23.907,2.2936,53.696,4.898,229.25,0.034888,0.85372,65.713,19.039,44.221
577,2026-04-08T17:48:00,49.906,26.28,27.091,32.886,45.666,2704.6,3684.4,16.625,19.086,21.794,0.26829,0.097458,340.44,77.691,6.9615,13.785,32.219,4486.8,23.548,46.317,49.807,80.309,2.273,1.6184,3103.3,42.767,54.161,94.532,9.4752,61.689,37.533,40.067,2632.7,62.726,25.549,47.413,0.34117,8.8744,26.305,120.41,1.0601,74.973,23.907,2.2936,53.696,4.898,230.09,0.034888,0.85372,65.697,19.039,44.221
578,2026-04-08T17:51:00,49.85,24.098,27.03,32.873,44.396,2706.8,3613.9,19.458,18.634,21.754,0.24433,0.096887,340.86,77.727,6.8707,13.825,32.461,4462.1,22.341,46.187,50.286,80.516,2.3033,1.6614,3105.8,42.29,53.714,94.451,9.4266,61.634,38.941,39.981,2635.6,63.034,25.042,47.725,0.3392,8.9093,26.283,120.39,1.2409,74.69,23.964,2.291,52.594,4.9157,228.07,0.024652,0.84023,65.753,18.922,44.565
579,2026-04-08T17:54:00,49.264,23.787,26.484,32.873,45.238,2707.1,3645.2,18.075,18.634,21.765,0.24749,0.096887,341.09,77.528,6.8707,13.825,32.461,4494.8,22.923,44.832,50.258,80.452,2.3033,1.6614,3106.9,42.278,53.323,94.67,9.4777,62.77,38.86,39.828,2636.5,62.495,24.792,47.693,0.34046,8.9093,26.283,120.4,1.2409,75.58,23.964,2.291,52.594,4.9157,230.72,0.024652,0.84023,65.794,18.922,44.565
580,2026-04-08T17:57:00,51.236,21.508,26.995,32.77,45.024,2705.7,3692.9,21.468,18.6,22.092,0.22075,0.096887,341.34,77.201,6.884,13.767,32.076,4479.3,21.508,49.396,51.074,80.221,2.2505,1.637,3105.7,42.301,53.76,94.589,9.5019,62.899,41.261,40.685,2634.5,62.438,24.743,47.63,0.342,8.7466,26.3,120.39,1.3449,75.15,23.974,2.3028,52.594,4.8951,233.71,0.024652,0.84023,65.808,19.2,44.565
581,2026-04-08T18:00:00,49.761,21.629,26.917,32.77,44.72,2704.9,3670.3,18.926,18.6,22.179,0.21952,0.096887,341.45,76.973,6.884,13.767,32.076,4433.7,22.596,45.982,49.35,79.904,2.2505,1.637,3102.2,42.413,54.307,94.566,9.4779,61.55,36.186,40.876,2632.7,62.828,26.138,47.913,0.34043,8.7466,26.3,120.4,1.3449,74.663,23.974,2.3028,52.594,4.8951,232.9,0.024652,0.84023,65.761,19.2,44.565
582,2026-04-08T18:03:00,52.177,25.14,26.932,32.93,45.597,2706.7,3663.6,18.013,18.759,22.717,0.25666,0.096887,341.67,77.234,6.9127,13.741,31.93,4468.0,22.981,51.572,49.076,79.919,2.3068,1.6851,3102.9,42.307,53.167,94.697,9.5376,62.809,35.382,40.157,2635.6,62.831,25.661,47.984,0.33335,8.8632,26.376,120.4,1.1149,73.966,24.063,2.368,52.594,4.934,234.51,0.024652,0.84023,65.701,18.716,44.565
583,2026-04-08T18:06:00,50.211,25.14,26.71,32.93,45.207,2708.9,3658.4,18.789,18.759,22.501,0.25667,0.087181,341.86,77.606,6.9127,13.741,31.93,4432.4,22.641,47.022,48.93,80.055,2.3068,1.6851,3104.9,42.361,53.593,94.478,9.3592,62.79,34.95,39.838,2638.2,62.92,27.022,48.146,0.33597,8.8632,26.376,120.39,1.1149,74.681,24.063,2.368,53.917,4.934,231.4,0.012454,0.83863,65.665,18.716,43.93
584,2026-04-08T18:09:00,50.735,26.8,26.941,33.259,44.597,2710.4,3667.0,17.236,18.657,22.435,0.27175,0.087181,341.9,77.315,6.81,13.677,31.784,4519.0,23.307,48.236,49.719,79.985,2.2763,1.6909,3107.9,42.318,53.715,94.547,9.4728,61.151,37.274,39.403,2639.1,62.504,24.389,48.018,0.333,8.8506,26.422,120.42,1.3449,74.636,23.906,2.2934,53.917,4.8556,233.63,0.012454,0.83863,65.683,18.565,43.93
585,2026-04-08T18:12:00,49.362,26.613,27.052,33.259,45.307,2714.6,3652.1,16.898,18.657,22.56,0.27366,0.087181,342.58,77.582,6.81,13.677,31.784,4485.2,23.434,45.058,51.365,80.147,2.2763,1.6909,3111.1,42.334,54.12,94.632,9.3009,64.407,42.118,39.505,2643.3,62.762,24.529,47.942,0.33216,8.8506,26.422,120.41,1.3449,74.559,23.906,2.2934,53.917,4.8556,235.24,0.012454,0.83863,65.704,18.565,43.93
586,2026-04-08T18:15:00,49.788,28.639,26.681,33.308,45.989,2716.9,3678.2,18.822,18.619,22.881,0.28825,0.087181,343.08,77.488,6.8784,13.767,32.456,4496.4,22.622,46.043,49.254,80.158,2.2506,1.6313,3113.6,42.45,54.377,94.352,9.5344,60.35,35.903,38.12,2647.0,63.232,24.467,48.098,0.328,8.821,27.026,120.42,1.0685,74.951,23.85,2.252,53.917,4.8854,234.22,0.012454,0.83863,65.742,18.342,43.93
587,2026-04-08T18:18:00,50.909,28.684,27.211,33.308,45.178,2717.5,3660.4,16.363,18.619,23.087,0.2878,0.087181,343.64,77.556,6.8784,13.767,32.456,4492.1,23.657,48.639,51.304,80.053,2.2506,1.6313,3113.6,42.324,54.428,94.349,9.2959,64.347,41.938,38.454,2647.3,63.539,24.253,48.315,0.32526,8.821,27.026,120.41,1.0685,74.63,23.85,2.252,53.917,4.8854,232.5,0.012454,0.83863,65.777,18.342,43.93
588,2026-04-08T18:21:00,49.707,22.13,27.048,32.876,45.324,2717.8,3664.2,17.963,18.655,22.884,0.22579,0.079834,343.49,77.375,6.653,13.801,32.296,4520.5,22.983,45.856,50.199,80.097,2.2319,1.6312,3113.9,42.18,54.692,94.426,9.4438,62.799,38.687,39.467,2646.9,62.909,27.867,48.351,0.33548,8.9308,26.675,120.41,1.1188,74.434,24.039,2.2721,54.066,4.7733,232.45,0.011161,0.83274,65.8,18.596,43.763
589,2026-04-08T18:24:00,48.933,22.066,26.866,32.876,45.569,2718.6,3638.1,18.196,18.655,23.012,0.22644,0.079834,343.81,77.151,6.653,13.801,32.296,4493.4,22.888,44.065,51.253,80.005,2.2319,1.6312,3112.1,42.188,55.016,94.348,9.4295,61.576,41.789,39.756,2648.0,63.357,24.145,48.182,0.33311,8.9308,26.675,120.41,1.1188,74.942,24.039,2.2721,54.066,4.7733,234.91,0.011161,0.83274,65.787,18.596,43.763
590,2026-04-08T18:27:00,49.079,23.37,26.908,33.093,44.977,2714.5,3707.4,18.732,18.181,22.808,0.24032,0.079834,343.67,76.641,7.0357,13.703,32.254,4512.0,22.686,44.401,49.392,79.694,2.2709,1.6099,3110.2,42.51,54.219,94.491,9.4072,61.571,36.311,39.629,2644.4,64.252,24.237,48.263,0.34106,8.7799,26.833,120.39,1.1479,74.633,24.74,2.3285,54.066,4.8148,234.57,0.011161,0.83274,65.748,18.549,43.763
591,2026-04-08T18:30:00,51.983,23.509,26.906,33.093,45.948,2714.0,3699.0,18.343,18.181,22.787,0.23891,0.079834,343.87,77.38,7.0357,13.703,32.254,4535.1,22.835,51.123,49.714,79.761,2.2709,1.6099,3110.3,42.28,53.943,94.387,9.3137,60.793,37.258,39.952,2643.5,64.397,25.49,48.173,0.33841,8.7799,26.833,120.41,1.1479,74.96,24.74,2.3285,54.066,4.8148,236.24,0.011161,0.83274,65.693,18.549,43.763
592,2026-04-08T18:33:00,49.399,23.922,26.851,33.239,45.027,2713.6,3593.1,18.645,18.481,22.79,0.24094,0.079834,343.74,76.943,6.7815,13.766,32.202,4527.2,22.725,45.144,49.719,79.684,2.2675,1.6682,3108.8,42.479,54.19,94.448,9.2945,62.017,37.273,38.493,2642.7,62.897,26.466,48.281,0.32814,8.8842,26.236,120.39,1.1289,75.251,24.261,2.3992,54.066,4.7975,235.66,0.011161,0.83274,65.683,18.55,43.763
593,2026-04-08T18:36:00,50.691,23.758,26.94,33.239,44.782,2715.3,3619.9,17.953,18.481,23.037,0.24261,0.090016,343.6,77.334,6.7815,13.766,32.202,4555.0,23.006,48.133,50.874,79.784,2.2675,1.6682,3109.6,42.312,53.856,94.689,9.324,62.271,40.672,38.803,2644.3,62.437,23.067,48.306,0.3256,8.8842,26.236,120.4,1.1289,75.245,24.261,2.3992,54.846,4.7975,234.3,0.032716,0.83689,65.644,18.55,44.227
594,2026-04-08T18:39:00,49.445,23.951,26.967,33.304,45.09,2716.6,3671.5,18.288,18.518,23.288,0.24987,0.090016,343.59,77.345,6.8934,13.806,32.018,4522.4,22.866,45.249,48.502,79.861,2.2572,1.6575,3111.7,42.736,54.281,94.478,9.4926,61.269,33.691,39.478,2647.1,63.754,25.184,48.254,0.33285,8.8467,26.385,120.39,1.2069,75.337,24.51,2.2128,54.846,4.731,234.76,0.032716,0.83689,65.653,18.579,44.227
595,2026-04-08T18:42:00,51.122,24.324,26.567,33.304,45.741,2717.4,3682.3,18.246,18.518,22.778,0.24608,0.090016,343.75,77.557,6.8934,13.806,32.018,4555.7,22.876,49.13,48.104,79.869,2.2572,1.6575,3113.0,42.277,53.882,94.397,9.5092,61.265,32.52,39.543,2647.2,63.568,24.844,48.198,0.33231,8.8467,26.385,120.41,1.2069,75.525,24.51,2.2128,54.846,4.731,235.27,0.032716,0.83689,65.677,18.579,44.227
596,2026-04-08T18:45:00,51.124,26.062,26.965,32.89,44.788,2718.8,3660.0,17.506,17.963,23.119,0.26566,0.090016,343.95,77.276,6.9973,13.781,32.377,4515.2,23.192,49.135,50.138,79.962,2.2207,1.6403,3113.6,42.473,54.332,94.445,9.3044,61.996,38.505,39.743,2647.9,63.012,23.7,48.227,0.33891,8.9381,26.656,120.41,1.2199,75.506,24.089,2.2793,54.846,4.6734,234.78,0.032716,0.83689,65.74,18.332,44.227
597,2026-04-08T18:48:00,48.095,25.876,26.724,32.89,45.296,2717.8,3681.6,19.206,17.963,22.805,0.26755,0.090016,343.62,77.557,6.9973,13.781,32.377,4513.3,22.466,42.125,49.105,79.936,2.2207,1.6403,3112.3,42.438,54.354,94.451,9.42,60.957,35.465,40.027,2647.7,62.64,26.097,48.39,0.33658,8.9381,26.656,120.4,1.2199,75.227,24.089,2.2793,54.846,4.6734,232.77,0.032716,0.83689,65.741,18.332,44.227
598,2026-04-08T18:51:00,48.927,22.729,26.674,33.045,44.389,2718.4,3635.7,20.181,17.887,22.883,0.22997,0.097004,343.87,76.913,7.0388,13.839,32.199,4548.6,22.071,44.051,51.521,79.98,2.2939,1.6879,3112.4,42.212,54.592,94.529,9.4433,62.507,42.577,39.536,2647.7,62.458,27.293,48.319,0.33481,8.7855,26.445,120.38,1.2122,74.63,24.216,2.273,53.658,4.7109,234.59,0.018478,0.81486,65.764,18.366,44.058
599,2026-04-08T18:54:00,50.526,22.688,26.782,33.045,44.969,2715.6,3668.9,17.045,17.887,22.936,0.23039,0.097004,343.68,76.72,7.0388,13.839,32.199,4543.4,23.411,47.751,50.284,79.557,2.2939,1.6879,3110.2,42.186,54.653,94.736,9.3595,60.686,38.935,38.992,2643.9,61.887,24.279,48.377,0.33927,8.7855,26.445,120.36,1.2122,74.64,24.216,2.273,53.658,4.7109,234.32,0.018478,0.81486,65.71,18.366,44.058
600,2026-04-08T18:57:00,50.208,24.144,26.852,33.076,44.639,2716.3,3619.9,16.351,18.351,23.211,0.24786,0.097004,343.89,77.487,6.681,13.797,32.44,4526.9,23.687,47.015,48.963,79.556,2.2239,1.6315,3109.6,42.62,54.84,94.656,9.266,63.337,35.049,40.186,2645.6,62.238,22.739,48.421,0.342,9.0136,26.583,120.36,1.1864,75.694,24.186,2.2512,53.658,4.7385,234.26,0.018478,0.81486,65.634,18.298,44.058
601,2026-04-08T19:00:00,50.298,24.372,26.599,33.076,44.922,2721.2,3623.0,20.535,18.351,23.107,0.24554,0.097004,344.04,77.879,6.681,13.797,32.44,4524.0,21.9,47.224,47.211,80.045,2.2239,1.6315,3115.1,42.566,54.876,94.737,9.3593,61.331,29.892,40.722,2650.9,62.186,26.292,48.388,0.33761,9.0136,26.583,120.39,1.1864,74.951,24.186,2.2512,53.658,4.7385,235.01,0.018478,0.81486,65.68,18.298,44.058
602,2026-04-08T19:03:00,48.489,21.943,27.192,33.16,45.435,2721.0,3703.1,19.87,18.247,22.965,0.22096,0.097004,343.35,77.403,6.7252,13.791,31.936,4535.4,22.184,43.037,50.156,80.126,2.2405,1.6197,3117.7,42.434,54.98,94.451,9.4135,60.665,38.56,39.633,2651.0,63.967,23.18,48.336,0.33719,8.9146,26.665,120.42,1.3293,75.983,24.3,2.2781,53.658,4.6982,235.88,0.018478,0.81486,65.78,18.501,44.058
603,2026-04-08T19:06:00,48.572,21.752,26.977,33.16,44.894,2719.0,3698.2,18.508,18.247,22.919,0.22289,0.096021,343.63,76.991,6.7252,13.791,31.936,4608.0,22.774,43.23,50.206,79.89,2.2405,1.6197,3114.5,42.663,54.111,94.382,9.4009,61.643,38.705,39.737,2648.1,64.051,24.476,48.105,0.33634,8.9146,26.665,120.42,1.3293,74.624,24.3,2.2781,53.293,4.6982,232.29,0.022349,0.8356,65.784,18.501,44.113
604,2026-04-08T19:09:00,48.281,26.541,26.475,33.011,45.423,2715.5,3675.0,18.956,18.067,22.418,0.27159,0.096021,343.34,76.794,6.658,13.493,32.444,4601.3,22.604,42.555,49.893,79.537,2.2373,1.6172,3112.5,42.515,53.757,94.415,9.3248,60.709,37.786,40.024,2644.4,64.232,24.987,47.96,0.33233,8.7943,26.753,120.4,1.2793,75.492,24.173,2.2998,53.293,4.7923,231.47,0.022349,0.8356,65.71,18.579,44.113
605,2026-04-08T19:12:00,48.819,26.719,27.096,33.011,44.553,2714.1,3694.3,18.787,18.067,22.783,0.26977,0.096021,343.64,77.114,6.658,13.493,32.444,4548.2,22.674,43.801,48.338,79.597,2.2373,1.6172,3110.8,42.294,54.393,94.417,9.2837,62.791,33.21,39.555,2643.3,63.898,25.083,47.774,0.33617,8.7943,26.753,120.41,1.2793,75.559,24.173,2.2998,53.293,4.7923,231.17,0.022349,0.8356,65.608,18.579,44.113
606,2026-04-08T19:15:00,50.622,21.858,26.793,33.263,45.652,2712.4,3739.4,15.717,18.271,22.497,0.22099,0.096021,342.98,76.802,6.9001,13.839,32.027,4504.4,23.983,47.974,49.348,79.54,2.317,1.6704,3109.4,42.351,54.766,94.376,9.4079,61.335,36.181,35.305,2642.3,63.891,24.895,47.482,0.30352,8.6925,26.357,120.41,1.0642,75.318,24.41,2.1722,53.293,4.7468,232.06,0.022349,0.8356,65.576,18.998,44.113
607,2026-04-08T19:18:00,48.425,21.769,26.819,33.263,45.333,2715.2,3747.2,16.649,18.271,22.938,0.22189,0.096021,343.32,77.777,6.9001,13.839,32.027,4587.7,23.553,42.888,50.961,79.941,2.317,1.6704,3109.6,42.028,53.769,94.319,9.3345,61.296,40.928,35.558,2645.2,63.757,26.219,47.315,0.30145,8.6925,26.357,120.41,1.0642,74.822,24.41,2.1722,53.293,4.7468,231.54,0.022349,0.8356,65.588,18.998,44.113
608,2026-04-08T19:21:00,51.129,25.672,26.845,32.709,45.83,2714.8,3665.2,20.446,18.405,22.964,0.26183,0.10975,342.42,77.382,6.9511,13.716,32.113,4509.6,21.951,49.147,49.732,80.264,2.2648,1.6845,3109.6,42.142,53.673,94.334,9.3428,60.796,37.313,40.087,2644.3,63.142,24.83,47.442,0.33827,8.9503,26.594,120.42,1.2175,75.62,24.353,2.2736,52.808,4.7394,233.35,0.028854,0.81547,65.708,18.811,43.182
609,2026-04-08T19:24:00,51.232,25.724,27.099,32.709,43.499,2710.2,3676.0,16.849,18.405,22.676,0.2613,0.10975,342.53,77.275,6.9511,13.716,32.113,4520.1,23.475,49.385,50.467,79.966,2.2648,1.6845,3105.4,42.25,53.547,94.561,9.2738,58.867,39.474,39.932,2638.2,62.956,23.836,47.554,0.33954,8.9503,26.594,120.36,1.2175,75.857,24.353,2.2736,52.808,4.7394,232.07,0.028854,0.81547,65.783,18.811,43.182
610,2026-04-08T19:27:00,48.493,24.979,26.888,33.217,45.286,2709.1,3621.7,16.388,18.017,22.579,0.25466,0.10975,342.29,77.235,6.8807,13.805,32.302,4512.1,23.671,43.046,48.306,79.933,2.2435,1.6561,3103.6,42.16,54.08,94.684,9.1561,61.251,33.115,38.517,2637.3,63.402,24.288,47.763,0.32358,8.817,26.379,120.39,1.2567,74.69,24.189,2.225,52.808,4.8141,229.73,0.028854,0.81547,65.755,18.843,43.182
611,2026-04-08T19:30:00,47.758,25.035,26.918,33.217,45.036,2707.4,3632.4,19.366,18.017,22.49,0.25409,0.10975,342.61,77.154,6.8807,13.805,32.302,4500.9,22.424,41.346,49.382,79.865,2.2435,1.6561,3102.7,42.406,54.214,94.641,9.395,59.545,36.282,38.595,2636.2,63.217,24.886,47.729,0.32294,8.817,26.379,120.39,1.2567,74.968,24.189,2.225,52.808,4.8141,230.15,0.028854,0.81547,65.737,18.843,43.182
612,2026-04-08T19:33:00,52.447,23.108,26.969,33.112,44.217,2705.0,3663.9,17.138,18.582,22.545,0.23676,0.10975,341.78,76.953,7.1002,13.772,32.279,4508.5,23.378,52.197,49.246,79.706,2.27,1.7097,3100.7,42.363,54.036,94.768,9.251,60.349,35.881,39.463,2633.3,63.261,26.258,47.616,0.33461,9.0419,26.242,120.38,1.2644,75.513,24.278,2.3718,52.808,4.8757,231.45,0.028854,0.81547,65.705,18.475,43.182
613,2026-04-08T19:36:00,50.465,23.117,26.947,33.112,44.57,2704.7,3655.9,19.127,18.582,22.737,0.23667,0.094026,341.99,77.15,7.1002,13.772,32.279,4553.8,22.542,47.609,49.984,79.766,2.27,1.7097,3100.1,42.255,53.493,94.701,9.2419,60.549,38.054,39.342,2633.5,63.399,25.275,47.143,0.3356,9.0419,26.242,120.38,1.2644,75.942,24.278,2.3718,53.385,4.8757,230.87,0.018634,0.85246,65.637,18.475,43.471
614,2026-04-08T19:39:00,49.812,23.334,26.776,32.822,44.413,2706.3,3630.2,17.094,19.068,22.643,0.23682,0.094026,341.87,77.142,6.7704,13.675,32.093,4508.3,23.396,46.099,50.63,79.941,2.2579,1.6358,3100.7,42.025,54.961,94.736,9.2827,59.124,39.955,39.071,2635.0,61.813,26.166,47.079,0.3302,8.8701,26.75,120.4,1.181,75.729,24.335,2.3223,53.385,4.8041,229.05,0.018634,0.85246,65.636,18.837,43.471
615,2026-04-08T19:42:00,51.771,23.364,26.6,32.822,44.364,2707.8,3596.6,19.515,19.068,22.839,0.23651,0.094026,341.6,77.502,6.7704,13.675,32.093,4570.6,22.36,50.634,51.479,80.152,2.2579,1.6358,3102.2,41.876,54.216,94.828,9.369,59.435,42.453,38.848,2636.8,62.391,24.69,46.97,0.33204,8.8701,26.75,120.39,1.181,75.839,24.335,2.3223,53.385,4.8041,227.7,0.018634,0.85246,65.662,18.837,43.471
616,2026-04-08T19:45:00,49.882,25.345,27.3,33.061,45.233,2706.8,3728.9,17.155,19.068,22.381,0.25245,0.094026,341.35,76.909,6.945,13.913,32.483,4567.2,23.369,46.261,50.145,80.086,2.2332,1.6886,3104.4,42.365,53.387,94.715,9.2859,60.861,38.526,37.868,2635.6,62.959,25.825,46.859,0.31769,8.8497,26.69,120.41,1.3768,75.649,23.931,2.2279,53.385,4.8143,226.36,0.018634,0.85246,65.705,18.536,43.471
617,2026-04-08T19:48:00,50.209,25.069,26.65,33.061,44.772,2705.6,3690.6,17.293,19.068,21.918,0.25526,0.094026,340.71,77.132,6.945,13.913,32.483,4531.2,23.307,47.018,50.288,80.053,2.2332,1.6886,3103.4,42.27,53.818,94.569,9.2229,62.138,38.949,37.4,2634.4,63.618,24.736,46.569,0.32153,8.8497,26.69,120.4,1.3768,76.212,23.931,2.2279,53.385,4.8143,227.06,0.018634,0.85246,65.669,18.536,43.471
618,2026-04-08T19:51:00,49.364,21.307,27.048,32.601,44.537,2703.5,3666.4,19.072,18.475,22.158,0.21583,0.10998,340.35,77.209,6.7082,13.839,32.465,4579.6,22.555,45.063,50.043,80.082,2.2373,1.6506,3101.9,42.6,53.993,94.75,9.2439,61.019,38.227,40.795,2631.9,62.524,24.42,47.156,0.34551,8.8624,26.508,120.39,1.254,75.312,24.002,2.3077,53.367,4.7987,228.5,0.019208,0.8383,65.67,18.635,43.68
619,2026-04-08T19:54:00,48.856,21.157,26.653,32.601,44.158,2701.8,3666.3,18.779,18.475,21.789,0.21736,0.10998,340.42,77.069,6.7082,13.839,32.465,4551.5,22.684,43.886,49.722,80.054,2.2373,1.6506,3099.5,42.308,54.33,94.732,9.2197,60.199,37.282,40.697,2629.8,62.526,26.494,47.172,0.34631,8.8624,26.508,120.39,1.254,75.423,24.002,2.3077,53.367,4.7987,230.35,0.019208,0.8383,65.714,18.635,43.68
620,2026-04-08T19:57:00,50.107,21.241,27.014,32.632,45.493,2701.3,3729.2,19.021,18.597,21.951,0.21407,0.10998,340.28,77.414,6.9104,13.848,32.202,4535.6,22.572,46.782,50.209,80.174,2.2489,1.6743,3099.0,42.208,54.31,94.727,9.2945,61.468,38.716,39.903,2630.0,63.573,23.527,47.477,0.33708,8.8368,26.612,120.42,1.3023,75.118,24.377,2.274,53.367,4.8697,228.96,0.019208,0.8383,65.709,18.617,43.68
621,2026-04-08T20:00:00,50.882,21.148,26.623,32.632,45.167,2700.4,3716.5,17.674,18.597,21.645,0.21502,0.10998,339.39,77.199,6.9104,13.848,32.202,4559.3,23.141,48.574,50.347,80.29,2.2489,1.6743,3099.0,41.847,54.027,94.585,9.2177,61.821,39.12,40.06,2629.6,63.792,24.625,47.574,0.33579,8.8368,26.612,120.39,1.3023,75.251,24.377,2.274,53.367,4.8697,229.87,0.019208,0.8383,65.786,18.617,43.68
622,2026-04-08T20:03:00,48.897,23.362,26.547,32.654,43.964,2697.3,3676.3,19.735,18.404,21.463,0.24042,0.10998,339.08,76.686,6.7359,13.768,32.474,4508.3,22.294,43.982,51.649,80.131,2.245,1.6688,3096.3,42.245,54.704,94.712,9.3316,59.411,42.954,40.557,2625.2,62.78,25.593,47.529,0.33411,9.0881,26.507,120.39,1.2836,75.66,24.06,2.3864,53.367,4.7595,232.36,0.019208,0.8383,65.81,19.009,43.68
623,2026-04-08T20:06:00,48.982,23.471,26.753,32.654,43.82,2692.7,3647.5,16.214,18.404,21.359,0.23931,0.10187,338.53,76.492,6.7359,13.768,32.474,4557.5,23.799,44.178,49.236,79.79,2.245,1.6688,3092.5,42.513,54.116,94.812,9.185,60.908,35.851,39.984,2621.0,63.274,25.768,47.766,0.33881,9.0881,26.507,120.37,1.2836,74.681,24.06,2.3864,53.764,4.7595,227.87,0.016242,0.84385,65.753,19.009,43.841
624,2026-04-08T20:09:00,48.724,21.041,27.053,32.489,45.179,2693.0,3728.8,18.186,18.796,21.61,0.20833,0.10187,338.77,77.489,6.9368,13.692,32.261,4496.6,22.946,43.58,49.854,80.028,2.3045,1.6749,3093.0,41.96,53.877,94.744,9.3619,60.41,37.67,39.244,2621.9,63.462,24.748,47.545,0.327,8.9369,26.467,120.41,1.1179,75.014,23.679,2.3209,53.764,4.845,230.73,0.016242,0.84385,65.683,18.534,43.841
625,2026-04-08T20:12:00,50.597,20.877,26.773,32.489,44.92,2694.5,3707.4,19.292,18.796,21.112,0.20999,0.10187,338.02,77.277,6.9368,13.692,32.261,4584.3,22.48,47.915,50.561,80.349,2.3045,1.6749,3093.3,42.173,52.827,94.509,9.1684,60.17,39.751,39.265,2622.5,63.83,25.452,47.695,0.32684,8.9369,26.467,120.42,1.1179,75.214,23.679,2.3209,53.764,4.845,229.36,0.016242,0.84385,65.776,18.534,43.841
626,2026-04-08T20:15:00,50.665,22.641,26.986,33.234,44.475,2692.6,3654.6,18.294,18.79,21.235,0.22943,0.10187,337.09,77.596,6.877,13.673,31.815,4610.3,22.884,48.074,50.509,80.491,2.2374,1.6337,3095.0,42.251,53.682,94.683,9.2556,59.782,39.597,37.764,2621.0,63.019,24.422,47.503,0.32141,8.9531,26.228,120.4,1.3367,75.185,24.045,2.3183,53.764,4.8152,231.77,0.016242,0.84385,65.836,18.811,43.841
627,2026-04-08T20:18:00,50.41,22.569,26.928,33.234,45.303,2693.5,3661.0,18.882,18.79,21.023,0.23016,0.10187,336.66,77.413,6.877,13.673,31.815,4529.9,22.633,47.483,49.73,80.617,2.2374,1.6337,3096.0,41.98,54.644,94.743,9.2348,61.04,37.305,38.056,2621.9,62.91,23.714,47.642,0.31901,8.9531,26.228,120.4,1.3367,75.954,24.045,2.3183,53.764,4.8152,230.41,0.016242,0.84385,65.978,18.811,43.841
628,2026-04-08T20:21:00,51.927,27.146,26.895,32.505,43.673,2690.8,3676.2,17.678,19.291,20.503,0.27304,0.10165,335.84,76.754,6.8495,13.831,31.875,4555.1,23.164,50.994,49.469,80.399,2.2671,1.6751,3095.3,42.172,53.681,94.646,9.1959,60.172,36.537,37.696,2618.6,63.148,24.857,47.662,0.31615,8.8096,26.46,120.39,1.1369,75.179,23.834,2.2801,54.496,4.9329,232.11,0.010554,0.83014,65.993,18.783,44.446
629,2026-04-08T20:24:00,51.183,26.875,26.848,32.505,44.647,2689.3,3635.1,16.249,19.291,20.749,0.2758,0.10165,336.35,77.025,6.8495,13.831,31.875,4529.9,23.768,49.272,48.746,80.199,2.2671,1.6751,3092.0,42.327,53.982,94.783,9.2868,62.261,34.41,37.832,2618.1,63.855,24.914,47.883,0.31504,8.8096,26.46,120.4,1.1369,75.673,23.834,2.2801,54.496,4.9329,230.63,0.010554,0.83014,65.945,18.783,44.446
630,2026-04-08T20:27:00,52.212,26.649,26.426,32.426,45.266,2689.4,3708.0,19.682,19.496,20.057,0.27362,0.10165,336.35,77.013,6.8746,13.777,31.442,4531.4,22.328,51.653,49.736,80.257,2.2661,1.6273,3093.0,42.234,54.031,94.691,9.3418,58.684,37.322,40.158,2616.3,62.86,24.386,47.789,0.32982,8.8746,26.487,120.39,1.438,75.781,23.707,2.2479,54.496,4.9543,232.71,0.010554,0.83014,65.902,19.256,44.446
631,2026-04-08T20:30:00,49.622,26.805,26.563,32.426,44.686,2691.0,3705.6,17.113,19.496,20.514,0.27202,0.10165,336.4,77.267,6.8746,13.777,31.442,4539.7,23.402,45.66,49.526,80.47,2.2661,1.6273,3094.3,42.12,53.931,94.712,9.242,59.923,36.705,39.801,2619.1,62.901,24.802,48.082,0.33274,8.8746,26.487,120.4,1.438,74.867,23.707,2.2479,54.496,4.9543,230.44,0.010554,0.83014,65.905,19.256,44.446
632,2026-04-08T20:33:00,50.267,31.317,27.008,31.876,44.625,2691.8,3695.2,16.476,19.269,20.731,0.32093,0.10165,336.0,77.519,7.035,13.845,31.924,4477.1,23.654,47.151,51.166,80.632,2.2764,1.6743,3094.8,42.009,53.477,94.627,9.2645,61.12,41.533,39.357,2619.8,62.879,25.455,47.977,0.32425,8.7203,26.329,120.41,1.3111,75.775,24.0,2.2977,54.496,4.9441,232.57,0.010554,0.83014,65.971,18.928,44.446
633,2026-04-08T20:36:00,49.107,31.473,26.945,31.876,44.602,2692.0,3674.4,16.583,19.269,20.656,0.31935,0.087078,336.18,77.16,7.035,13.845,31.924,4454.2,23.611,44.467,49.517,80.69,2.2764,1.6743,3096.7,42.604,53.751,94.666,9.2638,61.664,36.679,39.598,2619.2,63.237,26.417,47.841,0.32228,8.7203,26.329,120.42,1.3111,75.411,24.0,2.2977,53.827,4.9441,231.08,0.03236,0.87139,66.032,18.928,43.895
634,2026-04-08T20:39:00,51.482,27.295,26.636,32.644,44.415,2690.9,3617.4,23.233,19.557,20.679,0.2791,0.087078,336.26,77.031,7.1119,13.952,31.587,4499.0,20.814,49.965,49.959,80.687,2.2636,1.6735,3092.7,42.316,53.968,94.646,9.2633,58.924,37.98,40.164,2619.5,62.742,24.409,47.971,0.33231,8.9414,26.728,120.41,1.1614,74.773,23.275,2.2868,53.827,4.9444,228.85,0.03236,0.87139,66.054,19.088,43.895
635,2026-04-08T20:42:00,48.355,27.422,26.895,32.644,43.469,2687.3,3639.5,16.341,19.557,20.547,0.27781,0.087078,336.31,77.034,7.1119,13.952,31.587,4481.4,23.727,42.726,51.787,80.302,2.2636,1.6735,3090.4,42.363,54.179,94.916,9.3091,60.782,43.359,39.983,2614.7,62.361,26.15,47.708,0.33379,8.9414,26.728,120.36,1.1614,75.588,23.275,2.2868,53.827,4.9444,231.06,0.03236,0.87139,66.022,19.088,43.895
636,2026-04-08T20:45:00,52.078,30.924,27.349,32.165,44.221,2689.6,3635.1,18.496,19.593,21.297,0.31648,0.087078,336.58,77.298,6.9935,13.882,32.004,4490.7,22.813,51.344,50.24,80.482,2.2812,1.7092,3091.3,41.947,53.634,94.832,9.3406,61.987,38.807,41.434,2617.7,61.582,25.463,47.663,0.34628,8.9095,25.9,120.4,1.4202,75.395,23.741,2.3766,53.827,4.9537,230.85,0.03236,0.87139,65.949,18.982,43.895
637,2026-04-08T20:48:00,48.046,31.22,27.044,32.165,44.002,2691.7,3629.4,19.264,19.593,20.901,0.31347,0.087078,336.84,77.428,6.9935,13.882,32.004,4493.6,22.483,42.011,50.381,80.506,2.2812,1.7092,3092.6,42.194,53.599,94.943,9.3102,59.451,39.221,41.537,2618.7,61.68,25.769,47.657,0.34544,8.9095,25.9,120.39,1.4202,75.662,23.741,2.3766,53.827,4.9537,230.22,0.03236,0.87139,65.939,18.982,43.895
638,2026-04-08T20:51:00,51.055,27.466,26.831,32.854,43.936,2691.2,3603.7,16.539,19.07,20.793,0.27897,0.085976,336.67,77.231,7.0381,13.966,31.788,4487.3,23.634,48.975,49.396,80.512,2.2826,1.6628,3094.7,42.157,53.893,94.784,9.2311,60.833,36.322,40.697,2618.6,63.0,25.484,48.414,0.33807,8.8729,26.16,120.4,1.1376,73.873,23.76,2.4056,53.56,4.8204,233.12,0.020107,0.85613,65.995,19.405,43.495
639,2026-04-08T20:54:00,49.372,27.651,27.061,32.854,44.287,2691.7,3636.6,19.712,19.07,20.88,0.27708,0.085976,336.73,77.552,7.0381,13.966,31.788,4455.7,22.285,45.08,49.503,80.582,2.2826,1.6628,3094.7,42.369,54.272,94.848,9.2856,60.486,36.637,40.977,2619.7,62.435,26.837,48.748,0.33578,8.8729,26.16,120.4,1.1376,75.828,23.76,2.4056,53.56,4.8204,233.91,0.020107,0.85613,66.01,19.405,43.495
640,2026-04-08T20:57:00,50.006,29.809,26.751,32.442,44.826,2695.2,3634.6,16.022,19.752,21.262,0.30314,0.085976,337.6,77.455,6.7298,13.868,32.068,4423.0,23.836,46.549,49.426,80.726,2.2748,1.6518,3094.7,42.016,53.553,94.707,9.2218,59.944,36.412,42.093,2623.2,61.952,27.782,49.101,0.34633,8.9438,25.814,120.41,1.2367,75.002,23.208,2.4662,53.56,4.9131,234.43,0.020107,0.85613,66.107,19.705,43.495
641,2026-04-08T21:00:00,49.198,29.929,27.245,32.442,44.22,2692.4,3610.1,19.009,19.752,21.164,0.30192,0.085976,337.31,77.245,6.7298,13.868,32.068,4437.4,22.582,44.678,47.301,80.522,2.2748,1.6518,3095.2,42.345,53.381,94.836,9.2823,61.696,30.158,41.886,2619.5,62.374,24.665,49.568,0.34803,8.9438,25.814,120.39,1.2367,74.656,23.208,2.4662,53.56,4.9131,233.66,0.020107,0.85613,66.14,19.705,43.495
642,2026-04-08T21:03:00,48.603,27.397,26.961,32.157,44.967,2691.6,3709.5,17.38,19.507,21.239,0.27886,0.085976,337.99,76.948,6.9916,13.938,31.763,4414.1,23.284,43.3,50.274,80.355,2.2837,1.6706,3092.5,42.444,52.794,94.635,9.2825,60.037,38.907,40.356,2620.0,63.366,24.092,49.471,0.34022,8.949,26.155,120.44,1.2583,74.93,23.506,2.2987,53.56,4.8103,239.24,0.020107,0.85613,66.136,19.345,43.495
643,2026-04-08T21:06:00,49.597,27.219,26.883,32.157,44.727,2689.0,3677.9,17.609,19.507,21.144,0.28067,0.10386,338.37,77.098,6.9916,13.938,31.763,4389.6,23.188,45.6,51.567,80.295,2.2837,1.6706,3089.3,42.284,53.087,94.577,9.2358,61.433,42.711,40.717,2617.6,63.909,25.33,49.597,0.33726,8.949,26.155,120.42,1.2583,75.106,23.506,2.2987,53.354,4.8103,238.51,0.019725,0.86003,66.098,19.345,43.37
644,2026-04-08T21:09:00,51.89,30.633,26.818,32.757,44.138,2689.3,3638.7,15.743,19.234,21.075,0.31053,0.10386,338.22,77.008,6.8012,13.91,31.865,4443.4,23.979,50.908,51.157,80.267,2.2383,1.6917,3088.4,42.893,53.199,94.711,9.4334,59.197,41.504,41.626,2615.8,62.308,25.04,49.747,0.34611,8.9698,26.27,120.41,1.3482,75.133,23.377,2.2792,53.354,4.8937,239.66,0.019725,0.86003,66.109,18.61,43.37
645,2026-04-08T21:12:00,50.136,30.587,27.316,32.757,44.731,2690.5,3600.8,15.83,19.234,21.554,0.311,0.10386,338.47,77.693,6.8012,13.91,31.865,4479.2,23.92,46.85,48.386,80.45,2.2383,1.6917,3089.3,42.117,52.771,94.72,9.2906,63.018,33.35,41.585,2618.8,62.96,24.483,50.15,0.34646,8.9698,26.27,120.38,1.3482,74.32,23.377,2.2792,53.354,4.8937,237.97,0.019725,0.86003,66.136,18.61,43.37
646,2026-04-08T21:15:00,52.436,30.068,26.752,33.163,45.363,2691.8,3665.4,17.922,19.405,21.128,0.30437,0.10386,339.06,77.054,6.7931,13.701,31.882,4517.8,23.052,52.17,49.334,80.505,2.2955,1.6695,3094.2,42.175,54.078,94.67,9.3845,59.489,36.14,41.274,2619.9,63.504,26.025,50.121,0.34408,8.9351,26.081,120.42,1.2484,74.842,24.161,2.3583,53.354,4.9185,241.06,0.019725,0.86003,66.218,18.87,43.37
647,2026-04-08T21:18:00,47.177,30.049,26.652,33.163,44.818,2691.2,3675.7,17.164,19.405,21.02,0.30456,0.10386,339.26,77.442,6.7931,13.701,31.882,4508.4,23.364,40.0,49.51,80.382,2.2955,1.6695,3092.8,42.251,54.19,94.481,9.3793,61.305,36.657,41.025,2619.5,63.326,26.419,50.438,0.34612,8.9351,26.081,120.43,1.2484,74.058,24.161,2.3583,53.354,4.9185,240.27,0.019725,0.86003,66.223,18.87,43.37
648,2026-04-08T21:21:00,51.402,30.007,26.887,32.547,45.46,2693.5,3664.0,17.713,19.183,21.096,0.30823,0.10462,339.26,77.481,6.9461,13.761,32.307,4478.9,23.126,49.779,48.287,80.533,2.3379,1.6293,3095.0,42.407,53.914,94.581,9.3736,61.594,33.06,38.482,2622.2,63.679,26.52,50.706,0.32097,8.8893,25.835,120.43,1.3622,75.574,23.203,2.3932,54.529,4.8864,241.58,0.02176,0.85154,66.282,19.214,43.278
649,2026-04-08T21:24:00,48.706,29.954,27.114,32.547,45.265,2696.3,3680.0,19.167,19.183,21.821,0.30878,0.10462,339.81,77.603,6.9461,13.761,32.307,4489.6,22.501,43.539,49.252,80.72,2.3379,1.6293,3096.4,42.233,53.786,94.412,9.4832,60.358,35.899,38.239,2625.2,63.404,23.589,50.98,0.32296,8.8893,25.835,120.43,1.3622,74.571,23.203,2.3932,54.529,4.8864,241.89,0.02176,0.85154,66.352,19.214,43.278
650,2026-04-08T21:27:00,49.257,26.026,26.851,33.199,44.857,2694.1,3633.6,19.967,18.546,21.365,0.26844,0.10462,339.89,77.255,6.9272,13.868,32.189,4431.4,22.172,44.814,49.544,80.543,2.3008,1.6831,3093.8,42.303,53.593,94.54,9.3457,60.687,36.758,39.233,2622.4,62.873,26.697,51.202,0.32675,8.9929,26.131,120.4,1.2226,74.211,23.314,2.3251,54.529,4.8958,242.77,0.02176,0.85154,66.417,18.704,43.278
651,2026-04-08T21:30:00,49.99,26.244,26.698,33.199,44.898,2693.0,3615.0,16.792,18.546,21.611,0.26623,0.10462,339.98,77.316,6.9272,13.868,32.189,4479.1,23.509,46.511,50.414,80.4,2.3008,1.6831,3091.9,42.337,53.022,94.578,9.2593,63.263,39.32,39.202,2621.2,63.191,24.899,51.532,0.32701,8.9929,26.131,120.39,1.2226,75.085,23.314,2.3251,54.529,4.8958,242.45,0.02176,0.85154,66.4,18.704,43.278
652,2026-04-08T21:33:00,50.804,27.437,26.737,33.28,44.208,2691.9,3641.7,17.321,19.524,21.346,0.27578,0.10462,339.98,77.281,6.8561,13.977,32.717,4461.6,23.29,48.395,50.934,80.258,2.2834,1.6616,3091.5,42.037,54.452,94.662,9.3449,61.594,40.847,40.419,2619.7,62.847,24.577,51.676,0.3404,8.9123,25.724,120.38,1.2346,74.814,23.787,2.3905,54.529,4.8964,244.22,0.02176,0.85154,66.393,18.899,43.278
653,2026-04-08T21:36:00,50.261,27.396,26.635,33.28,44.727,2693.8,3670.2,18.138,19.524,21.404,0.27619,0.10637,340.36,77.477,6.8561,13.977,32.717,4537.7,22.937,47.139,49.951,80.366,2.2834,1.6616,3093.4,42.243,53.541,94.65,9.3831,59.885,37.955,40.551,2621.5,62.357,23.982,51.632,0.33931,8.9123,25.724,120.38,1.2346,75.61,23.787,2.3905,53.031,4.8964,246.06,0.0050229,0.84855,66.396,18.899,43.376
654,2026-04-08T21:39:00,50.775,21.991,26.521,33.038,44.897,2692.9,3704.3,16.318,19.137,21.233,0.22342,0.10637,340.4,77.31,6.6658,13.815,32.429,4476.2,23.711,48.328,49.65,80.314,2.2943,1.6732,3092.7,42.594,53.794,94.611,9.4025,59.926,37.07,42.089,2621.0,62.383,25.862,52.069,0.35181,8.8661,25.981,120.38,1.2666,74.748,23.028,2.2357,53.031,4.8812,243.66,0.0050229,0.84855,66.392,19.189,43.376
655,2026-04-08T21:42:00,50.296,22.186,26.986,33.038,44.834,2693.2,3702.8,15.763,19.137,21.633,0.22144,0.10637,340.37,77.344,6.6658,13.815,32.429,4492.1,23.945,47.219,50.038,80.309,2.2943,1.6732,3091.5,42.309,53.604,94.613,9.4611,61.777,38.212,41.88,2621.7,62.41,27.812,52.089,0.35353,8.8661,25.981,120.39,1.2666,74.736,23.028,2.2357,53.031,4.8812,245.96,0.0050229,0.84855,66.381,19.189,43.376
656,2026-04-08T21:45:00,51.669,24.355,27.011,32.749,45.062,2693.8,3739.1,17.537,18.637,21.602,0.24709,0.10637,340.57,77.546,6.9558,13.834,31.85,4460.9,23.187,50.396,49.797,80.397,2.2784,1.7123,3094.3,42.244,53.221,94.512,9.3078,62.22,37.502,40.017,2622.1,63.569,23.993,52.146,0.33425,8.9294,26.13,120.42,1.3154,74.738,23.787,2.2904,53.031,4.8935,247.8,0.0050229,0.84855,66.415,18.917,43.376
657,2026-04-08T21:48:00,50.91,24.553,26.677,32.749,45.569,2695.1,3736.8,18.603,18.637,21.677,0.24508,0.10637,340.57,77.433,6.9558,13.834,31.85,4461.6,22.734,48.641,50.752,80.568,2.2784,1.7123,3094.4,42.412,53.213,94.37,9.4897,59.795,40.312,39.681,2623.7,63.608,27.324,52.424,0.33701,8.9294,26.13,120.43,1.3154,74.294,23.787,2.2904,53.031,4.8935,247.1,0.0050229,0.84855,66.48,18.917,43.376
658,2026-04-08T21:51:00,49.745,29.813,27.047,33.726,45.116,2694.3,3633.0,17.426,18.855,21.797,0.30457,0.10966,340.77,77.718,6.9422,13.873,32.109,4498.7,23.221,45.945,47.798,80.392,2.2976,1.7265,3093.1,42.253,53.389,94.46,9.2931,63.516,31.619,40.017,2622.8,62.918,25.208,52.364,0.33838,8.9962,25.867,120.4,1.2651,75.357,23.354,2.3744,52.89,4.8898,249.62,0.005051,0.83003,66.528,19.116,43.311
659,2026-04-08T21:54:00,49.799,30.02,27.039,33.726,44.304,2696.0,3626.0,21.469,18.855,22.133,0.30247,0.10966,341.18,77.219,6.9422,13.873,32.109,4496.3,21.529,46.069,51.356,80.456,2.2976,1.7265,3094.7,42.146,53.418,94.532,9.3937,61.465,42.09,40.208,2624.4,63.038,25.808,52.677,0.33682,8.9962,25.867,120.37,1.2651,74.131,23.354,2.3744,52.89,4.8898,248.26,0.005051,0.83003,66.575,19.116,43.311
660,2026-04-08T21:57:00,49.405,27.59,26.753,33.057,44.404,2694.9,3623.1,17.675,19.284,21.836,0.28138,0.10966,341.87,77.008,6.7794,14.037,32.499,4466.7,23.14,45.157,51.003,80.155,2.3381,1.6556,3092.2,42.761,53.243,94.62,9.4286,61.416,41.051,40.258,2623.3,63.143,25.21,52.734,0.34537,8.8342,25.652,120.38,1.4172,75.136,23.331,2.3405,52.89,4.9362,249.8,0.005051,0.83003,66.565,19.034,43.311
661,2026-04-08T22:00:00,50.351,27.509,27.027,33.057,44.394,2696.1,3664.1,17.622,19.284,22.143,0.28221,0.10966,342.04,77.458,6.7794,14.037,32.499,4450.3,23.152,47.346,49.28,80.162,2.3381,1.6556,3093.9,42.658,53.44,94.649,9.4257,61.874,35.98,40.488,2624.6,62.439,27.216,52.886,0.34349,8.8342,25.652,120.38,1.4172,75.402,23.331,2.3405,52.89,4.9362,250.33,0.005051,0.83003,66.516,19.034,43.311
662,2026-04-08T22:03:00,50.875,23.922,26.697,33.178,44.719,2696.7,3713.0,19.475,18.622,21.959,0.24093,0.10966,342.05,77.36,6.8133,13.769,32.435,4475.0,22.374,48.56,50.147,80.224,2.2615,1.6956,3094.4,42.426,53.295,94.58,9.4648,59.843,38.533,42.998,2625.3,63.045,26.446,53.041,0.36041,8.7611,26.06,120.39,1.2437,74.115,23.329,2.3593,52.89,4.8992,250.8,0.005051,0.83003,66.517,18.554,43.311
663,2026-04-08T22:06:00,51.645,23.697,26.814,33.178,45.403,2698.5,3659.0,17.02,18.622,22.07,0.24322,0.09698,342.7,77.545,6.8133,13.769,32.435,4463.1,23.399,50.34,48.974,80.341,2.2615,1.6956,3095.1,42.58,53.438,94.505,9.2364,63.642,35.081,42.857,2626.8,63.973,25.717,52.763,0.36156,8.7611,26.06,120.4,1.2437,74.43,23.329,2.3593,53.296,4.8992,250.84,0.025356,0.84689,66.528,18.554,44.054
664,2026-04-08T22:09:00,50.731,24.176,27.118,32.672,45.626,2699.9,3664.7,17.472,18.61,22.258,0.24487,0.09698,342.34,77.289,6.883,13.764,32.515,4515.2,23.209,48.225,52.667,80.316,2.264,1.7029,3095.8,42.223,53.988,94.419,9.4372,60.664,45.95,39.716,2629.5,63.661,24.59,52.88,0.32955,9.0077,26.017,120.45,1.2247,74.458,23.337,2.2741,53.296,4.9228,249.42,0.025356,0.84689,66.564,18.914,44.054
665,2026-04-08T22:12:00,48.259,24.012,27.067,32.672,45.187,2700.8,3679.4,18.14,18.61,22.634,0.24654,0.09698,342.83,77.624,6.883,13.764,32.515,4505.8,22.915,42.505,48.618,80.365,2.264,1.7029,3097.0,42.381,54.101,94.419,9.411,62.395,34.032,39.743,2630.8,63.407,25.474,52.712,0.32934,9.0077,26.017,120.41,1.2247,74.287,23.337,2.2741,53.296,4.9228,251.17,0.025356,0.84689,66.578,18.914,44.054
666,2026-04-08T22:15:00,48.141,23.125,26.977,33.516,45.826,2699.4,3664.7,20.5,18.299,22.229,0.23413,0.09698,342.44,77.444,6.8672,13.946,32.538,4444.1,21.925,42.232,50.15,80.3,2.2886,1.6615,3096.7,42.222,53.962,94.482,9.4093,60.829,38.541,39.584,2628.3,63.08,25.252,52.928,0.32894,8.9657,26.225,120.41,1.425,75.286,23.277,2.3336,53.296,4.9234,248.63,0.025356,0.84689,66.594,18.769,44.054
667,2026-04-08T22:18:00,48.924,23.059,27.167,33.516,44.81,2699.6,3669.5,17.467,18.299,22.71,0.2348,0.09698,342.95,77.344,6.8672,13.946,32.538,4501.0,23.205,44.045,50.615,80.198,2.2886,1.6615,3095.0,42.339,53.281,94.491,9.4265,60.774,39.911,39.174,2628.9,62.998,24.627,53.013,0.33231,8.9657,26.225,120.38,1.425,74.765,23.277,2.3336,53.296,4.9234,247.56,0.025356,0.84689,66.587,18.769,44.054
668,2026-04-08T22:21:00,50.407,22.318,26.768,33.017,45.184,2697.4,3668.4,20.483,18.608,22.127,0.23077,0.10192,342.32,77.256,6.8424,13.757,32.656,4525.5,21.942,47.475,50.617,80.066,2.3109,1.7092,3094.4,42.441,53.333,94.508,9.4123,62.812,39.917,41.396,2626.4,63.162,25.527,53.241,0.35441,8.6567,26.026,120.41,1.0901,75.247,23.786,2.2921,53.323,4.9083,249.8,-0.0063236,0.81182,66.553,18.561,43.595
669,2026-04-08T22:24:00,50.225,22.603,27.387,33.017,44.164,2699.8,3657.5,18.699,18.608,22.473,0.22787,0.10192,342.3,78.029,6.8424,13.757,32.656,4484.7,22.669,47.055,50.624,80.223,2.3109,1.7092,3096.0,42.457,53.821,94.664,9.2548,64.493,39.936,41.741,2629.0,63.349,25.774,53.343,0.35158,8.6567,26.026,120.39,1.0901,75.224,23.786,2.2921,53.323,4.9083,250.71,-0.0063236,0.81182,66.554,18.561,43.595
670,2026-04-08T22:27:00,49.221,20.754,26.863,33.198,46.35,2704.2,3658.0,17.398,18.679,22.754,0.21548,0.10192,342.96,77.835,6.939,13.754,32.337,4517.6,23.207,44.73,48.681,80.593,2.3021,1.6697,3098.8,42.291,53.956,94.382,9.3566,61.067,34.22,39.181,2634.1,63.584,24.15,53.337,0.33142,8.7464,26.236,120.43,1.0207,75.054,23.819,2.3271,53.323,4.8508,252.72,-0.0063236,0.81182,66.601,18.578,43.595
671,2026-04-08T22:30:00,50.02,21.061,26.837,33.198,44.574,2701.1,3679.7,20.278,18.679,22.413,0.21236,0.10192,342.78,77.151,6.939,13.754,32.337,4511.0,22.014,46.579,50.077,80.328,2.3021,1.6697,3098.7,42.15,54.035,94.592,9.5081,62.368,38.328,39.412,2630.3,63.211,25.34,53.559,0.32953,8.7464,26.236,120.37,1.0207,75.161,23.819,2.3271,53.323,4.8508,252.18,-0.0063236,0.81182,66.699,18.578,43.595
672,2026-04-08T22:33:00,50.557,23.708,27.004,32.989,45.316,2700.7,3678.9,18.301,18.637,22.234,0.24057,0.10192,342.66,77.027,7.0562,13.528,32.336,4512.1,22.855,47.822,51.154,80.139,2.305,1.6539,3097.5,42.197,54.015,94.613,9.4354,62.973,41.497,39.17,2629.1,62.369,25.02,53.504,0.32998,9.0319,26.114,120.39,1.1436,74.428,23.927,2.3193,53.323,4.8619,254.77,-0.0063236,0.81182,66.674,18.649,43.595
673,2026-04-08T22:36:00,51.038,23.548,26.558,32.989,44.674,2701.7,3661.1,16.735,18.637,22.209,0.2422,0.1151,342.4,77.401,7.0562,13.528,32.336,4505.2,23.509,48.936,50.338,80.05,2.305,1.6539,3098.5,42.412,54.098,94.587,9.3497,62.174,39.094,39.029,2629.9,62.676,25.183,53.182,0.33114,9.0319,26.114,120.4,1.1436,74.194,23.927,2.3193,53.566,4.8619,250.23,0.022156,0.80766,66.595,18.649,43.658
674,2026-04-08T22:39:00,50.55,23.49,26.943,33.223,44.901,2707.7,3608.6,15.932,18.642,22.648,0.23999,0.1151,343.15,77.86,6.8723,13.881,32.107,4478.8,23.824,47.808,50.782,80.423,2.2934,1.6424,3102.7,42.235,54.267,94.565,9.4125,62.811,40.403,35.832,2637.2,62.441,23.894,52.867,0.30557,8.9148,26.259,120.41,1.3286,75.027,23.601,2.3221,53.566,4.8773,251.33,0.022156,0.80766,66.614,18.572,43.658
675,2026-04-08T22:42:00,51.703,23.511,26.669,33.223,44.831,2708.8,3612.1,18.271,18.642,22.544,0.23978,0.1151,342.8,77.476,6.8723,13.881,32.107,4555.3,22.84,50.476,48.595,80.407,2.2934,1.6424,3104.8,42.512,53.351,94.63,9.4404,62.892,33.966,35.943,2638.2,62.382,23.475,52.595,0.30466,8.9148,26.259,120.37,1.3286,74.28,23.601,2.3221,53.566,4.8773,251.9,0.022156,0.80766,66.657,18.572,43.658
676,2026-04-08T22:45:00,48.476,25.56,27.389,33.271,45.402,2709.7,3672.9,17.942,18.212,22.58,0.26258,0.1151,343.14,77.329,7.0615,13.943,32.208,4508.0,22.985,43.006,49.223,80.186,2.2155,1.6137,3105.9,42.503,54.134,94.58,9.3918,62.159,35.813,40.63,2638.5,62.87,27.375,52.577,0.34214,8.8249,26.084,120.42,1.1761,73.664,23.488,2.2501,53.566,4.81,249.67,0.022156,0.80766,66.626,18.864,43.658
677,2026-04-08T22:48:00,50.781,25.585,27.119,33.271,45.259,2710.5,3667.8,18.208,18.212,22.994,0.26232,0.1151,343.67,77.441,7.0615,13.943,32.208,4531.6,22.876,48.342,52.629,80.033,2.2155,1.6137,3105.2,42.42,53.852,94.585,9.373,61.916,45.836,40.654,2638.9,62.959,25.548,52.542,0.34195,8.8249,26.084,120.42,1.1761,75.875,23.488,2.2501,53.566,4.81,247.68,0.022156,0.80766,66.526,18.864,43.658
678,2026-04-08T22:51:00,49.477,24.701,26.775,33.83,45.028,2710.2,3609.9,18.39,18.922,23.032,0.25231,0.10335,344.44,77.261,6.7669,13.776,32.513,4459.1,22.808,45.325,48.72,79.925,2.2254,1.6681,3103.9,42.176,54.014,94.645,9.4099,62.582,34.334,41.152,2638.8,62.216,25.896,51.9,0.3526,9.0189,26.305,120.4,1.4193,75.455,23.287,2.3454,53.808,4.8403,250.85,0.028602,0.81502,66.448,18.808,44.335
679,2026-04-08T22:54:00,48.765,24.821,26.926,33.83,44.821,2709.5,3587.7,17.372,18.922,23.215,0.25109,0.10335,344.71,77.513,6.7669,13.776,32.513,4486.2,23.233,43.676,48.83,79.864,2.2254,1.6681,3102.9,41.996,53.689,94.73,9.532,60.57,34.657,41.532,2639.5,62.597,24.893,51.779,0.34949,9.0189,26.305,120.38,1.4193,75.301,23.287,2.3454,53.808,4.8403,249.16,0.028602,0.81502,66.369,18.808,44.335
680,2026-04-08T22:57:00,49.312,21.644,26.793,33.213,45.361,2711.4,3714.0,18.284,18.806,23.297,0.22082,0.10335,344.64,76.968,6.885,13.873,32.654,4480.7,22.868,44.941,49.78,79.878,2.2848,1.6276,3104.9,42.659,53.881,94.598,9.4516,61.468,37.453,39.375,2640.5,62.978,24.645,51.682,0.33091,8.8957,26.298,120.42,1.2854,75.237,23.911,2.2817,53.808,4.8066,247.23,0.028602,0.81502,66.315,18.808,44.335
681,2026-04-08T23:00:00,51.716,21.421,26.841,33.213,45.396,2711.6,3685.7,19.344,18.806,22.921,0.22308,0.10335,344.74,77.331,6.885,13.873,32.654,4470.5,22.415,50.505,51.167,79.832,2.2848,1.6276,3105.4,42.097,54.004,94.46,9.3678,64.698,41.535,38.972,2641.3,63.465,25.534,51.562,0.33422,8.8957,26.298,120.43,1.2854,75.061,23.911,2.2817,53.808,4.8066,245.57,0.028602,0.81502,66.222,18.808,44.335
682,2026-04-08T23:03:00,49.874,19.747,26.78,33.317,45.361,2711.4,3634.0,18.482,18.122,23.176,0.20468,0.10335,344.51,77.482,6.808,13.717,32.398,4514.2,22.772,46.242,48.311,79.89,2.2267,1.608,3104.3,41.751,53.476,94.539,9.3835,60.844,33.129,40.277,2641.2,63.371,23.566,51.189,0.34489,8.8915,26.243,120.43,1.0851,74.583,23.942,2.323,53.808,4.7754,246.77,0.028602,0.81502,66.21,18.596,44.335
683,2026-04-08T23:06:00,50.813,20.159,26.728,33.317,45.325,2712.0,3628.9,17.914,18.122,22.9,0.20048,0.11506,344.33,77.731,6.808,13.717,32.398,4525.3,23.0,48.416,49.512,80.014,2.2267,1.608,3105.3,42.507,53.344,94.534,9.3957,60.959,36.665,40.613,2641.3,63.459,22.715,51.215,0.34214,8.8915,26.243,120.42,1.0851,75.569,23.942,2.323,53.414,4.7754,245.08,0.031564,0.79573,66.222,18.596,44.163
684,2026-04-08T23:09:00,49.42,22.308,26.783,33.791,45.931,2713.9,3634.6,20.07,18.168,23.103,0.221,0.11506,344.28,77.75,6.7485,13.72,32.377,4498.9,22.085,45.192,48.944,80.149,2.2188,1.6293,3106.8,42.438,54.192,94.387,9.5736,58.628,34.993,38.447,2643.1,64.07,25.013,50.774,0.32541,8.7555,26.606,120.43,1.3671,75.319,24.134,2.2553,53.414,4.6748,247.73,0.031564,0.79573,66.24,17.955,44.163
685,2026-04-08T23:12:00,50.772,21.953,26.968,33.791,44.784,2712.3,3699.9,18.318,18.168,22.978,0.22461,0.11506,344.26,76.941,6.7485,13.72,32.377,4490.7,22.848,48.321,51.135,79.961,2.2188,1.6293,3106.6,42.505,54.29,94.51,9.3075,62.773,41.44,38.586,2641.0,62.946,24.558,50.819,0.32427,8.7555,26.606,120.37,1.3671,74.33,24.134,2.2553,53.414,4.6748,244.89,0.031564,0.79573,66.258,17.955,44.163
686,2026-04-08T23:15:00,49.522,22.224,27.144,33.007,45.517,2712.1,3686.3,18.281,18.091,23.043,0.22178,0.11506,344.2,76.969,6.7746,13.976,32.28,4588.1,22.867,45.428,49.355,79.908,2.3239,1.644,3106.5,42.349,54.78,94.43,9.4063,61.156,36.202,38.273,2641.9,63.799,24.17,50.873,0.32626,9.0155,26.971,120.4,1.2344,76.0,24.274,2.2755,53.414,4.8068,242.0,0.031564,0.79573,66.207,18.849,44.163
687,2026-04-08T23:18:00,49.89,21.91,26.917,33.007,45.443,2712.2,3713.3,17.59,18.091,22.918,0.22498,0.11506,343.59,77.355,6.7746,13.976,32.28,4561.3,23.151,46.279,49.561,79.848,2.3239,1.644,3106.7,42.294,55.101,94.501,9.3142,62.202,36.807,38.034,2641.3,63.335,25.303,50.615,0.32822,9.0155,26.971,120.4,1.2344,74.681,24.274,2.2755,53.414,4.8068,242.65,0.031564,0.79573,66.16,18.849,44.163
688,2026-04-08T23:21:00,51.035,22.77,26.949,33.356,44.966,2710.6,3709.7,15.122,18.209,22.942,0.23203,0.076007,343.82,77.102,6.8833,13.74,32.274,4491.2,24.198,48.928,49.162,79.871,2.2236,1.6578,3105.1,42.115,53.811,94.423,9.3219,61.428,35.634,41.49,2640.1,63.281,25.598,50.036,0.35637,8.8233,26.427,120.42,1.1343,74.264,24.077,2.3289,53.953,4.8758,240.76,0.017248,0.81082,66.123,18.297,43.894
689,2026-04-08T23:24:00,48.946,22.827,26.932,33.356,45.256,2709.1,3692.4,15.807,18.209,22.685,0.23145,0.076007,343.47,77.273,6.8833,13.74,32.274,4466.8,23.909,44.095,50.91,79.803,2.2236,1.6578,3104.9,42.612,54.102,94.49,9.2879,61.462,40.779,41.924,2637.9,63.579,24.553,49.707,0.35281,8.8233,26.427,120.4,1.1343,75.876,24.077,2.3289,53.953,4.8758,239.57,0.017248,0.81082,66.047,18.297,43.894
690,2026-04-08T23:27:00,49.801,22.668,26.902,33.047,45.015,2710.0,3709.4,18.779,18.117,22.728,0.23241,0.076007,343.3,77.332,7.0615,13.59,32.649,4531.9,22.658,46.073,50.957,79.845,2.247,1.6806,3104.4,42.17,54.71,94.541,9.3916,61.281,40.915,38.737,2639.1,62.384,25.453,49.318,0.32751,8.7881,26.909,120.4,1.1727,75.063,24.07,2.3472,53.953,4.7571,239.08,0.017248,0.81082,65.983,18.534,43.894
691,2026-04-08T23:30:00,49.857,22.762,27.406,33.047,45.442,2712.4,3670.5,14.746,18.117,23.054,0.23145,0.076007,343.43,77.405,7.0615,13.59,32.649,4543.9,24.351,46.202,48.727,80.029,2.247,1.6806,3106.9,42.142,54.567,94.519,9.1729,61.319,34.354,38.874,2641.2,63.053,24.996,49.115,0.32638,8.7881,26.909,120.39,1.1727,74.704,24.07,2.3472,53.953,4.7571,236.51,0.017248,0.81082,65.955,18.534,43.894
692,2026-04-08T23:33:00,51.065,18.927,26.913,33.166,45.387,2712.0,3623.6,18.053,18.631,23.369,0.19232,0.076007,343.8,77.033,6.9966,13.857,32.219,4524.1,22.967,48.998,52.041,79.988,2.2485,1.6982,3104.1,42.352,54.284,94.668,9.4015,61.637,44.106,36.916,2641.8,62.211,23.957,48.536,0.30758,8.9218,27.1,120.4,1.2576,74.402,24.312,2.3184,53.953,4.8368,238.12,0.017248,0.81082,65.961,18.553,43.894
693,2026-04-08T23:36:00,49.997,18.754,27.219,33.166,44.69,2712.1,3626.6,18.705,18.631,23.228,0.19408,0.08798,343.52,77.175,6.9966,13.857,32.219,4527.6,22.69,46.526,49.075,79.932,2.2485,1.6982,3105.2,42.369,54.243,94.74,9.4493,61.051,35.378,37.114,2641.0,62.159,25.935,48.602,0.30596,8.9218,27.1,120.37,1.2576,76.188,24.312,2.3184,53.941,4.8368,236.23,0.01537,0.80134,65.937,18.553,43.327
694,2026-04-08T23:39:00,50.049,22.752,27.268,33.483,44.941,2711.4,3622.2,17.397,18.059,22.94,0.23138,0.08798,343.46,76.904,6.8886,13.877,32.594,4545.4,23.254,46.647,49.261,79.753,2.2522,1.6822,3106.0,42.574,54.021,94.696,9.3348,59.811,35.926,40.086,2640.1,62.665,26.28,48.48,0.33887,8.9933,26.463,120.42,1.3297,75.344,24.088,2.2718,53.941,4.8804,234.4,0.01537,0.80134,65.868,18.545,43.327
695,2026-04-08T23:42:00,49.285,22.772,26.971,33.483,44.346,2712.6,3640.9,17.63,18.059,22.994,0.23118,0.08798,343.62,77.184,6.8886,13.877,32.594,4563.1,23.156,44.878,51.314,79.742,2.2522,1.6822,3105.7,42.089,53.808,94.724,9.2523,61.875,41.966,39.624,2642.3,62.344,25.356,48.029,0.34266,8.9933,26.463,120.39,1.3297,75.573,24.088,2.2718,53.941,4.8804,236.31,0.01537,0.80134,65.762,18.545,43.327
696,2026-04-08T23:45:00,50.116,19.078,27.179,33.25,44.824,2712.6,3646.1,15.889,18.624,22.901,0.19161,0.08798,343.4,77.337,6.9517,13.786,32.394,4545.2,23.885,46.803,48.972,79.791,2.2763,1.6453,3107.6,42.322,54.082,94.691,9.2989,60.697,35.076,40.096,2641.8,63.144,24.141,47.917,0.34376,8.9018,26.717,120.41,1.2395,74.874,23.553,2.3127,53.941,4.8773,234.45,0.01537,0.80134,65.73,18.498,43.327
697,2026-04-08T23:48:00,48.024,18.809,27.259,33.25,44.205,2713.3,3644.0,18.679,18.624,22.629,0.19435,0.08798,342.56,77.39,6.9517,13.786,32.394,4535.4,22.702,41.962,51.314,79.921,2.2763,1.6453,3109.6,42.391,54.2,94.683,9.3897,59.791,41.966,40.182,2641.8,63.18,25.996,47.827,0.34306,8.9018,26.717,120.38,1.2395,75.294,23.553,2.3127,53.941,4.8773,232.31,0.01537,0.80134,65.739,18.498,43.327
698,2026-04-08T23:51:00,49.906,20.548,26.953,33.36,45.183,2714.9,3638.3,15.813,18.059,22.845,0.20911,0.10034,342.83,77.394,6.8153,13.887,32.462,4546.2,23.905,46.317,49.185,80.084,2.2378,1.6787,3110.2,42.388,54.228,94.604,9.2823,62.28,35.701,39.071,2643.8,62.689,26.693,47.312,0.33242,8.9205,26.145,120.43,1.4923,75.008,23.645,2.3509,53.697,4.8283,231.62,0.02516,0.81032,65.731,18.777,44.01
699,2026-04-08T23:54:00,49.445,20.529,26.848,33.36,44.47,2714.5,3636.4,19.546,18.059,22.504,0.2093,0.10034,342.62,77.531,6.8153,13.887,32.462,4542.8,22.323,45.25,49.859,80.156,2.2378,1.6787,3110.7,42.098,54.268,94.674,9.3257,61.458,37.687,39.246,2644.0,62.722,25.845,47.156,0.33099,8.9205,26.145,120.4,1.4923,75.442,23.645,2.3509,53.697,4.8283,228.74,0.02516,0.81032,65.745,18.777,44.01
700,2026-04-08T23:57:00,49.528,19.584,26.908,32.926,44.425,2712.6,3686.3,19.471,18.013,22.692,0.20073,0.10034,342.03,77.172,6.8821,13.644,32.265,4534.1,22.367,45.442,51.736,79.966,2.2775,1.7212,3109.1,42.421,53.713,94.615,9.2838,63.391,43.21,40.405,2641.6,63.059,26.283,46.948,0.34383,8.9098,26.524,120.4,1.1226,74.958,24.234,2.2852,53.697,4.8349,226.46,0.02516,0.81032,65.733,18.738,44.01
701,2026-04-09T00:00:00,50.247,19.651,26.744,32.926,44.691,2712.6,3683.0,17.99,18.013,22.434,0.20004,0.10034,342.11,77.553,6.8821,13.644,32.265,4508.0,22.975,47.105,50.112,80.067,2.2775,1.7212,3108.3,42.504,54.025,94.54,9.3266,62.913,38.429,40.322,2641.7,63.115,24.663,46.531,0.3445,8.9098,26.524,120.41,1.1226,74.916,24.234,2.2852,53.697,4.8349,226.61,0.02516,0.81032,65.664,18.738,44.01
702,2026-04-09T00:03:00,48.218,21.117,26.799,33.625,44.59,2711.8,3656.9,17.481,18.778,22.589,0.21961,0.10034,342.08,76.857,6.8769,13.783,32.169,4516.0,23.21,42.411,50.25,80.034,2.2349,1.7041,3108.3,42.345,54.027,94.622,9.3275,60.94,38.836,37.338,2640.7,63.01,24.144,46.339,0.31483,9.0761,26.26,120.4,1.2251,75.557,24.347,2.318,53.697,4.8842,224.21,0.02516,0.81032,65.65,18.495,44.01
703,2026-04-09T00:06:00,49.883,21.207,26.58,33.625,44.125,2708.4,3659.0,17.708,18.778,22.335,0.21869,0.089522,342.06,76.983,6.8769,13.783,32.169,4503.5,23.123,46.263,50.075,79.708,2.2349,1.7041,3105.8,41.606,54.177,94.673,9.2887,60.965,38.321,37.533,2636.8,62.974,25.135,45.875,0.31323,9.0761,26.26,120.38,1.2251,75.613,24.347,2.318,53.826,4.8842,226.91,0.04165,0.83879,65.548,18.495,44.322
704,2026-04-09T00:09:00,51.401,22.11,26.869,32.709,44.928,2710.5,3632.7,17.461,18.553,22.602,0.22742,0.089522,342.15,77.357,7.0323,13.918,31.914,4522.4,23.216,49.775,49.937,79.887,2.2897,1.648,3105.9,42.52,54.574,94.715,9.3574,59.737,37.915,39.022,2639.9,63.475,26.23,45.751,0.33022,8.8498,26.639,120.38,1.2888,74.77,24.633,2.2127,53.826,4.8857,224.7,0.04165,0.83879,65.457,18.989,44.322
705,2026-04-09T00:12:00,50.024,22.026,26.866,32.709,44.158,2710.2,3649.9,16.355,18.553,22.14,0.22827,0.089522,341.48,77.253,7.0323,13.918,31.914,4519.5,23.691,46.589,49.64,79.866,2.2897,1.648,3108.5,42.449,54.608,94.661,9.2971,63.394,37.041,39.172,2638.9,63.178,24.33,45.485,0.329,8.8498,26.639,120.39,1.2888,74.859,24.633,2.2127,53.826,4.8857,224.1,0.04165,0.83879,65.434,18.989,44.322
706,2026-04-09T00:15:00,49.803,24.798,27.117,33.002,43.964,2711.6,3642.7,15.496,18.775,22.426,0.25253,0.089522,341.37,77.309,6.7428,13.708,32.503,4500.3,24.048,46.077,49.895,79.977,2.2427,1.6657,3107.8,42.412,53.631,94.771,9.3774,59.667,37.79,41.055,2640.4,61.871,25.223,45.327,0.34359,8.8715,26.288,120.41,1.2264,75.313,24.169,2.2479,53.826,4.8323,222.3,0.04165,0.83879,65.401,18.819,44.322
707,2026-04-09T00:18:00,50.504,25.009,27.503,33.002,44.2,2712.9,3623.2,18.527,18.775,22.883,0.25039,0.089522,341.36,77.438,6.7428,13.708,32.503,4504.6,22.769,47.7,50.594,79.944,2.2427,1.6657,3108.7,42.185,53.58,94.652,9.4369,62.493,39.847,41.216,2642.0,62.206,25.562,45.085,0.34227,8.8715,26.288,120.38,1.2264,75.682,24.169,2.2479,53.826,4.8323,221.46,0.04165,0.83879,65.361,18.819,44.322
708,2026-04-09T00:21:00,50.992,19.373,26.849,32.811,44.807,2713.5,3681.5,16.879,18.321,22.054,0.19339,0.10596,341.54,77.179,6.9086,13.95,31.739,4533.8,23.465,48.829,49.099,80.038,2.2699,1.6538,3110.0,42.366,53.628,94.743,9.3599,60.337,35.448,38.203,2641.4,63.737,25.783,45.252,0.32076,8.7894,26.164,120.4,1.1596,74.868,24.694,2.2582,53.664,4.8675,223.95,-0.0060702,0.81429,65.383,18.972,44.332
709,2026-04-09T00:24:00,49.011,19.134,26.961,32.811,45.245,2710.6,3712.6,17.913,18.321,22.246,0.19583,0.10596,341.47,77.203,6.9086,13.95,31.739,4539.3,23.03,44.245,49.806,79.939,2.2699,1.6538,3109.2,42.06,53.562,94.583,9.2535,62.851,37.529,38.248,2640.1,63.203,23.928,45.476,0.32038,8.7894,26.164,120.42,1.1596,74.723,24.694,2.2582,53.664,4.8675,221.32,-0.0060702,0.81429,65.408,18.972,44.332
710,2026-04-09T00:27:00,49.588,26.606,26.88,32.536,44.547,2710.3,3655.1,18.473,18.323,22.023,0.26892,0.10596,341.0,77.081,6.7955,13.746,32.412,4502.1,22.803,45.581,49.561,79.887,2.2719,1.6285,3109.1,42.13,53.611,94.651,9.2897,60.293,36.807,40.944,2639.0,62.791,25.149,45.574,0.35131,8.8685,26.381,120.39,1.3135,75.377,24.523,2.38,53.664,4.791,220.13,-0.0060702,0.81429,65.359,18.411,44.332
711,2026-04-09T00:30:00,50.701,26.674,26.813,32.536,44.798,2710.2,3640.2,19.157,18.323,22.184,0.26823,0.10596,341.11,77.264,6.7955,13.746,32.412,4473.2,22.52,48.157,49.621,79.781,2.2719,1.6285,3107.6,42.484,53.957,94.759,9.2486,61.866,36.985,41.317,2639.1,63.047,26.294,45.588,0.34825,8.8685,26.381,120.39,1.3135,73.669,24.523,2.38,53.664,4.791,219.92,-0.0060702,0.81429,65.297,18.411,44.332
712,2026-04-09T00:33:00,49.832,20.122,26.905,32.547,45.789,2711.5,3651.0,19.947,18.766,22.476,0.20711,0.10596,341.61,77.267,6.8314,13.802,32.355,4549.1,22.188,46.146,49.774,79.851,2.29,1.632,3107.8,41.828,54.44,94.599,9.4788,58.258,37.436,38.58,2640.5,63.882,24.48,45.354,0.32624,8.849,26.613,120.41,1.2567,74.606,24.313,2.3105,53.664,4.866,222.5,-0.0060702,0.81429,65.253,18.854,44.332
713,2026-04-09T00:36:00,47.076,19.996,26.932,32.547,44.227,2711.9,3665.2,20.39,18.766,22.648,0.20839,0.10226,341.27,77.233,6.8314,13.802,32.355,4597.4,22.002,39.767,50.926,79.912,2.29,1.632,3109.1,42.546,53.861,94.621,9.3729,61.397,40.825,38.192,2641.5,63.637,24.946,44.711,0.32943,8.849,26.613,120.39,1.2567,75.491,24.313,2.3105,53.067,4.866,222.44,0.016852,0.83951,65.251,18.854,44.438
714,2026-04-09T00:39:00,51.927,20.383,26.762,32.4,45.477,2711.3,3702.4,19.31,18.648,22.252,0.21142,0.10226,340.89,77.264,6.7369,13.797,32.306,4487.3,22.458,50.994,51.445,79.912,2.2782,1.677,3107.7,42.056,54.115,94.593,9.4209,61.271,42.352,39.371,2639.9,62.746,25.308,44.52,0.33163,9.0686,26.771,120.4,1.2651,74.947,24.551,2.2878,53.067,4.8738,221.36,0.016852,0.83951,65.231,18.525,44.438
715,2026-04-09T00:42:00,52.239,20.452,26.93,32.4,44.441,2709.1,3648.6,17.894,18.648,22.278,0.21072,0.10226,340.87,77.017,6.7369,13.797,32.306,4462.7,23.066,51.715,48.83,79.847,2.2782,1.677,3106.7,42.846,54.409,94.677,9.2904,61.224,34.658,39.587,2637.6,63.672,25.648,44.395,0.32986,9.0686,26.771,120.4,1.2651,74.93,24.551,2.2878,53.067,4.8738,219.61,0.016852,0.83951,65.232,18.525,44.438
716,2026-04-09T00:45:00,49.785,20.926,26.957,32.69,44.942,2710.1,3704.0,17.899,18.606,22.084,0.21243,0.10226,340.46,77.374,6.8351,13.852,32.329,4520.4,23.049,46.038,49.266,80.045,2.2425,1.6442,3108.6,42.454,54.541,94.471,9.2485,62.656,35.94,39.664,2639.5,63.64,26.091,44.223,0.32774,8.8319,26.717,120.4,1.2625,75.924,24.455,2.3166,53.067,4.8723,218.35,0.016852,0.83951,65.193,18.711,44.438
717,2026-04-09T00:48:00,50.892,21.009,27.153,32.69,45.408,2710.0,3731.2,16.089,18.606,22.097,0.21158,0.10226,340.24,77.371,6.8351,13.852,32.329,4580.7,23.81,48.599,49.724,80.074,2.2425,1.6442,3109.7,42.304,53.819,94.584,9.4665,61.451,37.287,39.479,2638.6,63.172,25.341,43.878,0.32926,8.8319,26.717,120.43,1.2625,75.386,24.455,2.3166,53.067,4.8723,219.03,0.016852,0.83951,65.248,18.711,44.438
718,2026-04-09T00:51:00,51.509,20.552,27.168,32.6,44.735,2710.8,3677.2,18.213,18.659,22.2,0.20912,0.078645,340.08,77.569,6.9266,13.959,31.814,4533.1,22.902,50.027,50.228,80.229,2.2262,1.6247,3108.7,42.366,53.959,94.462,9.3927,61.308,38.772,40.167,2639.9,63.329,24.199,44.324,0.33562,8.9391,26.613,120.39,1.2372,75.79,24.011,2.2715,54.327,4.8564,217.91,0.017485,0.86,65.215,18.759,43.181
719,2026-04-09T00:54:00,53.003,20.529,27.072,32.6,44.883,2709.1,3649.0,21.106,18.659,22.052,0.20935,0.078645,339.57,76.966,6.9266,13.959,31.814,4500.4,21.7,53.484,50.031,80.153,2.2262,1.6247,3108.4,41.977,54.351,94.637,9.2849,60.983,38.192,39.956,2636.8,63.816,26.206,44.315,0.33735,8.9391,26.613,120.38,1.2372,75.408,24.011,2.2715,54.327,4.8564,217.85,0.017485,0.86,65.283,18.759,43.181
720,2026-04-09T00:57:00,51.886,25.669,26.61,32.683,44.76,2706.8,3687.3,19.731,18.618,21.276,0.25915,0.078645,338.89,77.288,6.8729,13.767,31.899,4474.4,22.277,50.899,49.703,79.987,2.2825,1.6595,3107.1,42.623,54.55,94.683,9.2774,61.304,37.226,41.582,2634.7,62.354,26.59,44.186,0.34847,8.9242,26.578,120.38,1.3246,75.094,24.083,2.2665,54.327,4.8337,219.19,0.017485,0.86,65.25,18.825,43.181
721,2026-04-09T01:00:00,49.249,25.647,26.983,32.683,43.73,2706.2,3645.1,18.803,18.618,21.768,0.25937,0.078645,339.62,77.109,6.8729,13.767,31.899,4565.1,22.676,44.796,51.617,79.947,2.2825,1.6595,3106.4,41.709,53.464,94.715,9.247,61.949,42.858,41.913,2635.0,63.08,23.306,44.097,0.34577,8.9242,26.578,120.38,1.3246,75.771,24.083,2.2665,54.327,4.8337,220.1,0.017485,0.86,65.204,18.825,43.181
722,2026-04-09T01:03:00,50.918,25.066,26.84,32.4,44.747,2707.8,3684.0,18.177,18.474,21.807,0.25556,0.078645,339.67,77.114,6.9716,14.096,32.185,4497.3,22.944,48.659,51.513,79.929,2.263,1.649,3107.1,42.253,54.111,94.675,9.3547,60.664,42.553,39.463,2636.0,62.867,25.669,44.088,0.3243,8.9115,26.749,120.42,1.1402,75.792,24.566,2.2589,54.327,4.88,220.12,0.017485,0.86,65.188,18.583,43.181
723,2026-04-09T01:06:00,49.24,25.078,26.549,32.4,44.907,2709.3,3680.7,16.371,18.474,21.933,0.25544,0.10454,339.75,77.293,6.9716,14.096,32.185,4503.3,23.698,44.774,50.38,80.024,2.263,1.649,3108.4,42.306,54.039,94.666,9.372,63.074,39.218,38.871,2637.6,62.922,25.682,44.734,0.32915,8.9115,26.749,120.41,1.1402,74.475,24.566,2.2589,53.785,4.88,218.94,0.023344,0.86369,65.182,18.583,44.166
724,2026-04-09T01:09:00,48.545,22.576,27.16,32.689,44.544,2708.8,3648.0,19.159,18.575,21.923,0.22858,0.10454,339.63,77.451,6.8576,13.8,32.212,4527.1,22.519,43.168,49.337,80.086,2.2444,1.6558,3108.8,42.288,54.361,94.719,9.416,61.337,36.148,43.573,2637.4,62.582,26.244,44.839,0.36408,8.9154,26.826,120.39,1.3523,75.03,24.715,2.2547,53.785,4.7854,220.33,0.023344,0.86369,65.214,18.737,44.166
725,2026-04-09T01:12:00,50.301,22.72,26.899,32.689,45.201,2709.7,3609.4,17.766,18.575,21.867,0.22711,0.10454,339.13,77.211,6.8576,13.8,32.212,4506.1,23.11,47.23,49.608,80.114,2.2444,1.6558,3108.6,42.5,54.612,94.773,9.3567,61.551,36.947,43.517,2638.0,63.247,25.912,44.875,0.36453,8.9154,26.826,120.41,1.3523,75.006,24.715,2.2547,53.785,4.7854,222.48,0.023344,0.86369,65.263,18.737,44.166
726,2026-04-09T01:15:00,49.783,22.154,26.458,32.329,45.049,2710.4,3669.9,17.321,18.526,21.801,0.22754,0.10454,339.99,77.134,6.8559,13.813,31.395,4529.7,23.297,46.031,51.388,80.194,2.2577,1.6623,3108.7,41.986,53.971,94.668,9.3355,61.879,42.185,39.769,2639.1,63.175,27.819,45.11,0.3319,8.9838,26.071,120.41,1.1953,75.086,24.093,2.265,53.785,4.8478,222.37,0.023344,0.86369,65.292,18.765,44.166
727,2026-04-09T01:18:00,49.035,22.224,27.052,32.329,44.474,2708.6,3684.3,17.876,18.526,21.585,0.22682,0.10454,339.14,77.098,6.8559,13.813,31.395,4525.7,23.067,44.301,47.749,80.028,2.2577,1.6623,3109.2,42.024,54.019,94.634,9.3517,61.218,31.475,39.599,2637.0,62.927,24.0,45.468,0.33329,8.9838,26.071,120.38,1.1953,75.514,24.093,2.265,53.785,4.8478,220.87,0.023344,0.86369,65.331,18.765,44.166
728,2026-04-09T01:21:00,49.091,30.389,27.062,32.733,45.036,2709.6,3704.6,17.831,18.456,21.874,0.3099,0.10986,339.25,77.19,6.7511,13.989,31.975,4496.8,23.09,44.431,50.218,79.969,2.2723,1.6005,3109.9,42.204,54.3,94.663,9.187,60.993,38.743,39.825,2637.5,62.616,26.029,45.672,0.33414,8.7492,26.65,120.41,1.366,75.514,24.266,2.3751,53.616,4.8166,222.71,0.023788,0.85972,65.327,18.728,42.971
729,2026-04-09T01:24:00,49.97,30.482,26.934,32.733,45.014,2710.5,3677.1,18.531,18.456,21.912,0.30896,0.10986,339.57,77.062,6.7511,13.989,31.975,4490.7,22.801,46.464,51.347,79.977,2.2723,1.6005,3110.3,42.241,54.373,94.618,9.3297,62.003,42.065,39.909,2638.5,63.089,25.051,45.873,0.33344,8.7492,26.65,120.4,1.366,75.141,24.266,2.3751,53.616,4.8166,223.68,0.023788,0.85972,65.324,18.728,42.971
730,2026-04-09T01:27:00,49.872,25.382,26.828,32.069,45.126,2708.1,3695.7,18.392,18.947,21.228,0.259,0.10986,339.0,77.118,6.7744,14.089,31.479,4550.4,22.863,46.238,49.835,79.866,2.2329,1.6424,3109.3,42.452,53.755,94.561,9.3954,60.596,37.614,42.27,2635.5,63.763,25.97,45.997,0.35352,8.8147,26.818,120.42,1.1922,75.118,24.22,2.3395,53.616,4.8408,225.49,0.023788,0.85972,65.341,18.398,42.971
731,2026-04-09T01:30:00,50.773,25.478,26.775,32.069,45.038,2708.1,3683.9,17.794,18.947,21.822,0.25802,0.10986,339.18,77.343,6.7744,14.089,31.479,4504.8,23.111,48.323,50.057,79.946,2.2329,1.6424,3106.8,42.434,54.302,94.544,9.2241,61.377,38.267,41.863,2636.5,63.966,25.637,46.131,0.35685,8.8147,26.818,120.41,1.1922,74.908,24.22,2.3395,53.616,4.8408,227.19,0.023788,0.85972,65.335,18.398,42.971
732,2026-04-09T01:33:00,50.236,30.447,26.736,32.72,45.523,2710.0,3706.0,17.585,18.85,21.552,0.31294,0.10986,339.08,77.188,6.7489,13.762,32.045,4537.9,23.198,47.08,51.511,80.172,2.2505,1.6741,3109.9,42.487,54.751,94.434,9.263,60.704,42.546,43.645,2637.9,63.494,24.454,46.288,0.36694,8.9091,26.461,120.43,1.1852,74.924,24.399,2.2963,53.616,4.8091,228.59,0.023788,0.85972,65.416,19.15,42.971
733,2026-04-09T01:36:00,51.625,30.328,26.853,32.72,44.811,2706.8,3681.1,18.783,18.85,21.027,0.31415,0.11328,338.72,77.324,6.7489,13.762,32.045,4558.3,22.691,50.295,50.218,80.076,2.2505,1.6741,3109.6,42.612,54.507,94.489,9.2064,61.262,38.742,43.445,2635.3,63.922,27.282,46.419,0.36857,8.9091,26.461,120.41,1.1852,74.932,24.399,2.2963,53.107,4.8091,229.63,0.019475,0.84945,65.505,19.15,43.913
734,2026-04-09T01:39:00,50.859,25.705,26.711,32.717,46.118,2707.5,3706.9,15.544,18.667,21.717,0.26063,0.11328,339.19,77.249,6.9327,13.878,31.507,4496.9,24.05,48.522,49.645,80.238,2.2178,1.6582,3107.6,41.958,53.395,94.437,9.2956,63.229,37.056,39.634,2636.0,63.815,23.845,46.765,0.32931,8.8215,26.083,120.43,1.4022,75.585,24.276,2.2913,53.107,4.8433,228.58,0.019475,0.84945,65.544,19.17,43.913
735,2026-04-09T01:42:00,50.118,25.56,26.952,32.717,45.152,2706.4,3700.9,15.15,18.667,21.764,0.2621,0.11328,338.91,77.134,6.9327,13.878,31.507,4475.5,24.215,46.808,51.104,80.272,2.2178,1.6582,3105.5,42.262,53.652,94.461,9.1443,61.11,41.35,39.364,2634.7,63.919,23.73,47.014,0.33152,8.8215,26.083,120.4,1.4022,74.953,24.276,2.2913,53.107,4.8433,228.55,0.019475,0.84945,65.627,19.17,43.913
736,2026-04-09T01:45:00,49.903,31.477,26.789,32.545,44.903,2703.5,3666.3,19.039,19.215,21.437,0.31448,0.11328,339.05,77.057,7.0159,13.772,31.956,4462.6,22.58,46.31,50.29,80.137,2.2784,1.6521,3102.8,42.273,53.693,94.469,9.4415,62.329,38.954,40.662,2632.1,62.94,23.402,47.383,0.34622,8.7902,26.511,120.4,1.2126,75.232,24.609,2.1417,53.107,4.8668,227.2,0.019475,0.84945,65.679,18.674,43.913
737,2026-04-09T01:48:00,49.726,31.42,26.404,32.545,45.074,2700.7,3646.3,18.829,19.215,21.271,0.31506,0.11328,339.52,76.615,7.0159,13.772,31.956,4501.2,22.696,45.9,48.233,79.827,2.2784,1.6521,3100.4,42.436,53.231,94.724,9.4208,57.742,32.901,41.207,2628.9,63.283,25.583,47.35,0.34175,8.7902,26.511,120.4,1.2126,74.998,24.609,2.1417,53.107,4.8668,230.39,0.019475,0.84945,65.64,18.674,43.913
738,2026-04-09T01:51:00,51.704,27.453,26.737,32.339,43.733,2701.4,3640.4,16.48,18.622,21.73,0.27812,0.099102,339.52,77.112,6.8078,13.727,31.973,4543.4,23.679,50.479,50.194,79.855,2.269,1.6665,3099.6,42.185,53.919,94.732,9.2167,61.958,38.67,39.594,2629.9,62.569,23.712,47.414,0.33176,8.7557,26.88,120.35,1.1891,74.522,24.238,2.257,53.909,4.8594,229.95,0.013518,0.85368,65.595,18.711,43.921
739,2026-04-09T01:54:00,49.583,27.392,26.71,32.339,45.295,2705.3,3591.7,17.823,18.622,21.82,0.27875,0.099102,339.86,77.44,6.8078,13.727,31.973,4485.1,23.098,45.568,49.386,80.174,2.269,1.6665,3103.5,42.463,54.617,94.746,9.224,62.874,36.292,39.358,2633.7,63.408,24.588,47.476,0.33369,8.7557,26.88,120.39,1.1891,75.026,24.238,2.257,53.909,4.8594,230.95,0.013518,0.85368,65.634,18.711,43.921
740,2026-04-09T01:57:00,48.327,27.413,26.619,33.08,44.626,2706.2,3696.3,18.963,18.907,21.768,0.27989,0.099102,339.63,77.674,6.9481,13.819,32.308,4532.5,22.603,42.663,49.897,80.313,2.2148,1.6638,3105.4,41.992,53.974,94.511,9.4207,59.355,37.797,38.684,2635.1,63.404,23.573,47.582,0.32839,8.8733,26.234,120.4,1.2173,75.745,24.194,2.2749,53.909,4.7495,231.39,0.013518,0.85368,65.707,19.073,43.921
741,2026-04-09T02:00:00,51.076,27.352,26.976,33.08,45.971,2705.8,3666.3,18.967,18.907,21.869,0.28051,0.099102,339.56,77.128,6.9481,13.819,32.308,4550.7,22.614,49.025,48.363,80.3,2.2148,1.6638,3105.0,42.142,53.755,94.534,9.3207,61.569,33.282,38.873,2634.0,63.921,25.741,47.864,0.32684,8.8733,26.234,120.44,1.2173,74.82,24.194,2.2749,53.909,4.7495,229.83,0.013518,0.85368,65.796,19.073,43.921
742,2026-04-09T02:03:00,51.295,24.371,27.12,32.498,44.432,2700.8,3676.2,19.012,19.464,21.73,0.24708,0.099102,339.36,76.809,6.8136,13.756,32.193,4466.5,22.614,49.532,49.186,79.997,2.2554,1.6122,3100.2,42.461,53.855,94.681,9.3245,60.523,35.704,40.472,2628.9,62.523,23.837,47.819,0.33347,8.9052,26.554,120.4,1.2442,74.936,24.163,2.281,53.909,4.866,231.94,0.013518,0.85368,65.821,18.469,43.921
743,2026-04-09T02:06:00,48.401,24.351,26.607,32.498,45.265,2698.0,3663.2,20.869,19.464,21.297,0.24729,0.10719,339.53,76.946,6.8136,13.756,32.193,4451.3,21.834,42.834,50.778,79.876,2.2554,1.6122,3097.4,42.325,54.036,94.633,9.1325,61.538,40.389,39.976,2626.2,62.747,25.856,48.023,0.33754,8.9052,26.554,120.39,1.2442,75.138,24.163,2.281,53.952,4.866,232.85,0.017911,0.84611,65.733,18.469,44.386
744,2026-04-09T02:09:00,50.39,25.432,26.861,32.559,44.793,2700.3,3667.1,19.24,18.585,21.462,0.25725,0.10719,338.94,77.351,7.0105,13.78,31.612,4541.6,22.513,47.437,50.52,80.004,2.2536,1.6487,3099.1,42.089,54.437,94.696,9.2829,60.484,39.63,39.304,2628.3,63.861,24.298,48.268,0.32873,8.9761,26.723,120.38,1.3587,74.891,23.955,2.3447,53.952,4.8752,232.44,0.017911,0.84611,65.71,18.772,44.386
745,2026-04-09T02:12:00,51.607,25.278,27.082,32.559,45.748,2701.3,3680.7,16.194,18.585,21.743,0.25881,0.10719,339.01,77.44,7.0105,13.78,31.612,4533.2,23.791,50.253,48.586,80.182,2.2536,1.6487,3101.0,42.074,54.538,94.565,9.3665,59.325,33.938,39.278,2629.4,63.627,22.222,48.322,0.32894,8.9761,26.723,120.4,1.3587,75.383,23.955,2.3447,53.952,4.8752,234.12,0.017911,0.84611,65.743,18.772,44.386
746,2026-04-09T02:15:00,50.239,31.318,26.784,32.982,44.78,2704.5,3628.1,17.105,18.689,21.571,0.31558,0.10719,338.86,77.725,7.0528,13.901,31.706,4534.4,23.391,47.086,51.733,80.378,2.2583,1.6334,3102.3,42.156,53.809,94.61,9.2935,59.853,43.199,39.839,2632.5,62.777,25.3,48.415,0.32892,8.9196,26.571,120.37,1.5144,75.576,24.843,2.2843,53.952,4.8614,235.33,0.017911,0.84611,65.848,18.526,44.386
747,2026-04-09T02:18:00,49.026,30.987,26.917,32.982,45.031,2704.1,3607.3,17.008,18.689,21.441,0.31894,0.10719,339.17,77.121,7.0528,13.901,31.706,4495.5,23.441,44.28,48.515,80.448,2.2583,1.6334,3104.0,42.067,54.274,94.639,9.2941,60.743,33.731,39.748,2632.4,63.135,23.717,48.604,0.32967,8.9196,26.571,120.43,1.5144,75.236,24.843,2.2843,53.952,4.8614,235.36,0.017911,0.84611,65.978,18.526,44.386
748,2026-04-09T02:21:00,51.241,30.686,26.546,32.258,45.038,2701.5,3616.5,15.85,19.051,21.514,0.31496,0.095148,338.9,76.814,6.8335,13.779,32.277,4570.6,23.945,49.406,49.943,80.099,2.266,1.6249,3101.8,42.214,54.0,94.702,9.3576,60.232,37.934,41.035,2629.4,62.464,24.739,48.79,0.34589,8.9623,26.017,120.39,1.2814,75.837,23.951,2.3313,53.801,4.8958,233.59,0.033315,0.85431,65.963,19.045,43.227
749,2026-04-09T02:24:00,49.315,30.928,26.831,32.258,44.407,2701.5,3602.6,19.073,19.051,21.613,0.3125,0.095148,339.47,77.095,6.8335,13.779,32.277,4503.6,22.582,44.949,48.295,80.082,2.266,1.6249,3100.0,42.226,54.801,94.831,9.237,61.316,33.081,41.278,2629.4,62.704,25.277,48.704,0.3439,8.9623,26.017,120.37,1.2814,75.576,23.951,2.3313,53.801,4.8958,235.97,0.033315,0.85431,65.945,19.045,43.227
750,2026-04-09T02:27:00,51.741,25.51,27.075,32.318,44.445,2701.2,3710.0,17.006,18.884,21.822,0.26115,0.095148,339.69,76.781,6.8225,13.73,32.231,4501.5,23.466,50.563,50.766,80.037,2.2875,1.6503,3099.5,41.957,53.551,94.594,9.3619,60.241,40.355,39.567,2629.2,62.721,25.026,48.738,0.33144,8.8955,25.934,120.39,1.3297,74.931,23.792,2.3349,53.801,4.934,237.01,0.033315,0.85431,65.92,19.114,43.227
751,2026-04-09T02:30:00,48.673,25.769,26.854,32.318,45.134,2700.9,3672.9,19.394,18.884,22.238,0.25851,0.095148,340.02,77.497,6.8225,13.73,32.231,4505.0,22.437,43.463,49.251,80.176,2.2875,1.6503,3098.3,42.234,53.509,94.771,9.2899,60.104,35.895,39.947,2629.8,63.359,24.625,48.942,0.32833,8.8955,25.934,120.4,1.3297,74.864,23.792,2.3349,53.801,4.934,236.16,0.033315,0.85431,65.931,19.114,43.227
752,2026-04-09T02:33:00,50.535,26.11,26.807,33.102,44.837,2697.0,3663.1,19.587,19.323,21.397,0.26258,0.095148,339.17,76.678,6.8157,13.852,31.725,4452.3,22.384,47.773,49.285,80.027,2.2878,1.5989,3097.6,42.239,53.921,94.545,9.2779,59.933,35.995,39.345,2624.9,63.675,23.997,49.045,0.32155,8.9305,25.733,120.42,1.2587,74.748,23.881,2.2539,53.801,4.8705,236.38,0.033315,0.85431,65.933,18.97,43.227
753,2026-04-09T02:36:00,49.881,25.95,26.905,33.102,44.275,2694.5,3695.0,15.507,19.323,21.756,0.2642,0.088039,339.37,76.934,6.8157,13.852,31.725,4497.0,24.109,46.258,50.965,79.841,2.2878,1.5989,3094.1,42.385,53.386,94.795,9.2642,63.731,40.939,39.441,2622.6,63.125,27.145,49.495,0.32076,8.9305,25.733,120.41,1.2587,74.659,23.881,2.2539,54.64,4.8705,235.41,0.022942,0.85132,65.901,18.97,44.195
754,2026-04-09T02:39:00,50.647,30.927,27.258,32.427,45.456,2698.6,3677.7,17.345,19.05,22.491,0.3159,0.088039,339.78,77.455,6.9956,13.724,31.749,4486.3,23.314,48.031,50.319,80.215,2.2538,1.6866,3095.4,42.153,53.822,94.445,9.2659,59.96,39.039,40.654,2627.4,63.543,24.634,49.401,0.33722,8.9951,26.373,120.44,1.3637,75.226,23.772,2.3374,54.64,4.9545,239.04,0.022942,0.85132,65.905,19.168,44.195
755,2026-04-09T02:42:00,49.242,31.018,27.168,32.427,44.348,2696.8,3715.0,17.474,19.05,21.677,0.31497,0.088039,339.1,77.323,6.9956,13.724,31.749,4492.5,23.254,44.78,48.994,80.37,2.2538,1.6866,3097.6,42.291,53.748,94.475,9.1641,62.03,35.139,40.31,2625.6,62.902,25.19,49.614,0.34004,8.9951,26.373,120.4,1.3637,74.893,23.772,2.3374,54.64,4.9545,239.1,0.022942,0.85132,66.003,19.168,44.195
756,2026-04-09T02:45:00,49.544,31.356,26.697,32.624,45.454,2697.7,3641.3,16.449,18.854,21.755,0.31615,0.088039,339.82,77.509,6.9851,13.832,31.844,4489.5,23.674,45.478,50.28,80.414,2.2813,1.6539,3096.8,42.407,53.248,94.685,9.2811,61.555,38.925,38.59,2626.5,62.57,26.473,49.928,0.32555,9.0009,26.461,120.41,1.1798,74.808,23.871,2.2725,54.64,4.8658,238.04,0.022942,0.85132,66.097,19.14,44.195
757,2026-04-09T02:48:00,51.36,31.118,27.169,32.624,44.666,2697.1,3642.4,20.495,18.854,21.929,0.31857,0.088039,339.64,77.354,6.9851,13.832,31.844,4474.8,21.97,49.681,49.311,80.403,2.2813,1.6539,3096.8,42.217,53.424,94.557,9.1773,61.794,36.073,38.336,2626.2,62.55,25.854,49.897,0.32763,9.0009,26.461,120.37,1.1798,75.355,23.871,2.2725,54.64,4.8658,240.79,0.022942,0.85132,66.198,19.14,44.195
758,2026-04-09T02:51:00,49.147,30.5,26.596,32.225,44.335,2697.5,3663.8,18.867,18.6,21.754,0.31476,0.08434,340.45,77.212,6.8606,13.76,32.079,4441.6,22.66,44.56,49.874,80.29,2.2388,1.6858,3094.7,42.201,53.827,94.71,9.3346,60.426,37.731,40.372,2625.0,62.171,27.119,50.131,0.33414,8.9418,26.651,120.4,1.2572,74.208,23.703,2.4019,53.232,4.8293,240.06,0.02315,0.84691,66.212,18.861,44.131
759,2026-04-09T02:54:00,49.785,30.682,27.175,32.225,43.849,2695.9,3644.9,18.117,18.6,21.919,0.3129,0.08434,340.25,76.977,6.8606,13.76,32.079,4426.6,22.988,46.036,49.811,80.167,2.2388,1.6858,3093.8,42.25,54.007,94.733,9.3357,59.37,37.544,40.632,2624.6,62.497,24.508,50.179,0.33201,8.9418,26.651,120.38,1.2572,75.107,23.703,2.4019,53.232,4.8293,241.73,0.02315,0.84691,66.207,18.861,44.131
760,2026-04-09T02:57:00,50.201,28.753,26.964,32.773,44.221,2696.3,3676.3,18.237,18.882,22.139,0.2917,0.08434,341.08,76.939,6.9488,13.849,32.032,4499.2,22.948,47.0,48.033,79.984,2.2664,1.652,3092.8,42.355,53.782,94.661,9.223,63.299,32.312,39.488,2623.8,63.01,26.336,50.546,0.32539,8.8908,26.082,120.39,1.3133,75.946,23.609,2.3661,53.232,4.8331,239.87,0.02315,0.84691,66.178,19.08,44.131
761,2026-04-09T03:00:00,49.99,28.713,26.638,32.773,44.92,2695.3,3678.5,15.292,18.882,21.685,0.29211,0.08434,340.86,77.299,6.9488,13.849,32.032,4469.1,24.179,46.511,50.857,80.072,2.2664,1.652,3093.7,42.309,54.143,94.695,9.1645,61.083,40.623,39.239,2624.0,62.973,26.383,50.555,0.32743,8.8908,26.082,120.4,1.3133,74.748,23.609,2.3661,53.232,4.8331,242.02,0.02315,0.84691,66.144,19.08,44.131
762,2026-04-09T03:03:00,48.782,29.398,26.764,32.902,44.357,2698.0,3625.7,21.998,19.098,22.077,0.29702,0.08434,341.01,77.462,7.0326,14.026,32.562,4472.0,21.341,43.715,51.493,80.319,2.3311,1.6321,3094.3,42.121,53.54,94.613,9.2997,60.841,42.494,40.036,2626.5,63.086,25.334,50.79,0.3401,8.7303,25.718,120.42,1.2412,74.495,23.609,2.38,53.232,4.8396,241.58,0.02315,0.84691,66.209,19.325,44.131
763,2026-04-09T03:06:00,50.117,29.452,27.193,32.902,44.931,2698.4,3635.6,20.127,19.098,22.231,0.29647,0.10383,341.32,77.295,7.0326,14.026,32.562,4434.7,22.127,46.804,47.967,80.393,2.3311,1.6321,3094.6,42.014,53.986,94.655,9.3473,61.501,32.118,40.011,2626.9,62.915,24.49,50.836,0.34031,8.7303,25.718,120.38,1.2412,75.228,23.609,2.38,54.231,4.8396,242.23,0.014978,0.84817,66.259,19.325,43.597
764,2026-04-09T03:09:00,50.143,24.19,27.299,33.268,44.341,2694.0,3634.4,18.235,18.595,22.357,0.24513,0.10383,341.47,76.894,6.848,13.778,32.099,4456.3,22.941,46.864,51.022,80.082,2.1986,1.6497,3089.9,42.459,53.054,94.765,9.2623,62.054,41.106,42.499,2622.2,62.099,26.101,50.781,0.36012,8.9954,25.514,120.42,1.4067,75.425,23.851,2.3135,54.231,4.9265,244.58,0.014978,0.84817,66.283,18.535,43.597
765,2026-04-09T03:12:00,50.085,23.965,26.773,33.268,43.035,2692.1,3638.9,16.818,18.595,21.961,0.24742,0.10383,341.44,77.04,6.848,13.778,32.099,4446.6,23.542,46.732,52.038,79.937,2.1986,1.6497,3088.8,42.58,53.17,94.889,9.3215,59.542,44.096,42.465,2620.7,62.022,26.27,51.042,0.36041,8.9954,25.514,120.35,1.4067,74.826,23.851,2.3135,54.231,4.9265,243.42,0.014978,0.84817,66.213,18.535,43.597
766,2026-04-09T03:15:00,49.214,28.489,26.941,32.533,44.667,2695.2,3706.6,17.266,19.113,22.109,0.28802,0.10383,341.64,77.688,6.7153,13.771,32.281,4527.3,23.34,44.714,50.662,80.06,2.3038,1.6859,3091.7,42.542,54.118,94.69,9.3281,60.229,40.049,39.428,2623.6,62.421,26.017,51.139,0.33188,8.8714,25.58,120.42,1.2371,75.003,23.063,2.3386,54.231,4.8766,244.13,0.014978,0.84817,66.204,19.341,43.597
767,2026-04-09T03:18:00,50.219,28.25,26.69,32.533,45.032,2699.3,3660.2,18.601,19.113,21.904,0.29045,0.10383,341.48,77.467,6.7153,13.771,32.281,4517.3,22.77,47.04,51.241,80.41,2.3038,1.6859,3096.0,42.558,54.237,94.507,9.4,60.216,41.751,39.139,2628.3,63.219,26.306,51.221,0.33425,8.8714,25.58,120.41,1.2371,75.505,23.063,2.3386,54.231,4.8766,244.94,0.014978,0.84817,66.252,19.341,43.597
768,2026-04-09T03:21:00,50.412,26.625,27.054,33.35,45.281,2699.3,3688.3,16.623,19.051,22.378,0.27175,0.10511,341.92,77.386,6.8742,13.916,32.63,4446.7,23.6,47.487,50.383,80.384,2.284,1.6631,3095.7,42.719,53.076,94.458,9.331,60.532,39.228,39.723,2627.8,63.995,25.448,51.546,0.32732,8.9442,26.262,120.43,1.141,74.863,23.346,2.1879,53.377,4.7976,243.58,0.020938,0.82305,66.343,18.607,44.452
769,2026-04-09T03:24:00,49.161,26.585,27.032,33.35,45.796,2698.2,3720.2,19.462,19.051,22.377,0.27215,0.10511,341.96,77.807,6.8742,13.916,32.63,4476.2,22.385,44.593,47.603,80.416,2.284,1.6631,3095.4,42.05,52.723,94.369,9.3592,62.968,31.047,39.181,2626.7,63.445,25.879,51.439,0.33176,8.9442,26.262,120.42,1.141,74.082,23.346,2.1879,53.377,4.7976,246.69,0.020938,0.82305,66.393,18.607,44.452
770,2026-04-09T03:27:00,50.872,23.153,27.024,33.172,44.565,2695.8,3667.9,18.246,18.921,22.104,0.23397,0.10511,341.81,77.362,6.9857,13.73,32.554,4529.0,22.904,48.551,50.419,80.382,2.3252,1.6801,3093.8,42.589,53.86,94.396,9.2428,62.507,39.333,41.2,2625.5,63.033,25.432,51.886,0.34725,8.8624,25.727,120.4,1.1785,74.713,23.524,2.3136,53.377,4.8341,243.58,0.020938,0.82305,66.45,18.837,44.452
771,2026-04-09T03:30:00,49.592,23.191,26.857,33.172,44.31,2694.4,3697.0,18.088,18.921,22.004,0.23358,0.10511,341.71,77.106,6.9857,13.73,32.554,4531.1,22.977,45.589,51.209,80.236,2.3252,1.6801,3091.3,42.23,53.835,94.652,9.2866,62.213,41.658,41.351,2622.7,62.532,24.626,51.775,0.34601,8.8624,25.727,120.39,1.1785,74.41,23.524,2.3136,53.377,4.8341,246.73,0.020938,0.82305,66.494,18.837,44.452
772,2026-04-09T03:33:00,50.089,23.212,26.988,33.129,45.684,2695.8,3620.9,18.147,18.631,22.372,0.23971,0.10511,341.9,77.296,7.0309,13.896,31.758,4457.7,22.946,46.741,49.828,80.268,2.28,1.6983,3090.5,42.547,54.156,94.63,9.3248,59.836,37.594,38.582,2624.5,62.818,25.38,51.952,0.328,9.0074,25.702,120.39,1.1999,74.011,23.413,2.2738,53.377,4.9526,246.66,0.020938,0.82305,66.452,18.844,44.452
773,2026-04-09T03:36:00,50.486,23.388,27.013,33.129,44.32,2693.2,3645.2,19.797,18.631,21.84,0.23792,0.090404,341.93,77.286,7.0309,13.896,31.758,4443.9,22.256,47.658,50.143,80.136,2.28,1.6983,3090.6,42.209,54.321,94.776,9.3511,60.816,38.521,38.573,2621.9,62.401,24.989,51.566,0.32808,9.0074,25.702,120.37,1.1999,75.01,23.413,2.2738,54.193,4.9526,245.71,0.012718,0.83835,66.445,18.844,43.882
774,2026-04-09T03:39:00,49.773,31.178,27.22,32.929,45.111,2696.5,3646.5,17.797,18.479,22.421,0.31332,0.090404,342.26,77.242,7.0223,13.823,32.256,4479.0,23.101,46.01,50.213,80.21,2.3081,1.691,3092.9,42.219,53.875,94.716,9.3434,62.452,38.726,41.135,2625.0,61.863,26.07,51.39,0.34322,9.0052,25.863,120.41,1.3848,75.454,23.536,2.2945,54.193,4.7766,246.5,0.012718,0.83835,66.41,18.782,43.882
775,2026-04-09T03:42:00,50.458,31.035,26.519,32.929,44.4,2699.0,3606.2,17.446,18.479,22.213,0.31478,0.090404,342.2,77.449,7.0223,13.823,32.256,4448.5,23.243,47.594,49.369,80.215,2.3081,1.691,3094.9,42.501,54.239,94.691,9.4572,63.511,36.242,40.851,2627.9,62.556,26.003,51.327,0.34555,9.0052,25.863,120.37,1.3848,74.788,23.536,2.2945,54.193,4.7766,246.03,0.012718,0.83835,66.366,18.782,43.882
776,2026-04-09T03:45:00,48.692,26.513,26.831,32.958,44.89,2703.7,3628.6,15.465,18.492,22.458,0.26825,0.090404,343.14,77.83,6.7236,13.996,31.975,4464.9,24.052,43.508,50.86,80.465,2.2655,1.6665,3099.2,42.085,54.19,94.658,9.4232,61.349,40.631,39.978,2632.1,62.11,25.163,51.444,0.3373,9.2076,25.944,120.41,1.4622,74.531,23.547,2.358,54.193,4.8498,243.52,0.012718,0.83835,66.394,18.928,43.882
777,2026-04-09T03:48:00,49.771,26.601,26.727,32.958,44.606,2705.2,3637.8,18.551,18.492,22.646,0.26736,0.090404,343.12,77.182,6.7236,13.996,31.975,4476.8,22.763,46.004,49.445,80.431,2.2655,1.6665,3099.9,41.972,54.048,94.641,9.4375,60.586,36.466,40.27,2634.7,61.952,25.323,51.095,0.3349,9.2076,25.944,120.39,1.4622,74.739,23.547,2.358,54.193,4.8498,246.21,0.012718,0.83835,66.444,18.928,43.882
778,2026-04-09T03:51:00,48.993,29.257,27.135,33.925,44.425,2702.6,3679.0,17.849,18.648,22.335,0.29618,0.098287,343.5,77.442,6.7991,13.951,32.614,4464.8,23.056,44.204,52.198,80.096,2.2593,1.6742,3099.3,42.263,53.818,94.523,9.4836,61.887,44.567,42.153,2631.3,63.872,26.137,51.559,0.35832,8.8381,25.919,120.42,1.1404,74.598,23.153,2.2827,53.661,4.8377,244.1,0.022535,0.82317,66.405,18.372,44.755
779,2026-04-09T03:54:00,49.699,29.153,27.335,33.925,45.36,2703.5,3704.1,18.412,18.648,22.931,0.29724,0.098287,343.9,77.261,6.7991,13.951,32.614,4480.4,22.82,45.837,49.001,80.17,2.2593,1.6742,3099.0,42.451,53.632,94.544,9.3333,62.628,35.159,42.303,2632.9,63.439,24.263,51.502,0.35709,8.8381,25.919,120.4,1.1404,73.991,23.153,2.2827,53.661,4.8377,245.43,0.022535,0.82317,66.362,18.372,44.755
780,2026-04-09T03:57:00,50.185,22.795,27.051,33.015,45.091,2701.5,3690.4,20.933,18.83,22.429,0.23613,0.098287,343.83,77.344,6.7422,13.849,32.569,4542.7,21.76,46.963,49.365,80.025,2.2798,1.7189,3097.2,42.426,54.272,94.438,9.2716,63.345,36.231,41.665,2630.6,63.126,27.04,51.667,0.35426,8.8196,26.505,120.43,1.2206,74.408,23.526,2.3124,53.661,4.9364,244.3,0.022535,0.82317,66.333,18.445,44.755
781,2026-04-09T04:00:00,51.365,23.062,26.895,33.015,44.829,2700.6,3687.7,18.475,18.83,22.618,0.23341,0.098287,344.08,77.195,6.7422,13.849,32.569,4553.9,22.804,49.693,51.769,79.954,2.2798,1.7189,3096.0,42.425,54.138,94.457,9.5273,61.146,43.306,41.543,2630.0,63.174,26.359,51.449,0.35526,8.8196,26.505,120.39,1.2206,73.981,23.526,2.3124,53.661,4.9364,247.49,0.022535,0.82317,66.285,18.445,44.755
782,2026-04-09T04:03:00,51.549,23.074,26.757,33.487,44.755,2699.7,3687.9,18.73,18.092,22.464,0.23359,0.098287,343.73,77.009,6.8769,13.976,32.539,4513.9,22.706,50.119,48.349,79.901,2.237,1.6628,3095.3,42.222,54.498,94.521,9.2333,60.52,33.24,40.671,2629.4,63.774,25.451,51.711,0.34104,8.9213,26.156,120.4,1.4346,74.33,23.279,2.3244,53.661,4.8502,245.29,0.022535,0.82317,66.257,18.573,44.755
783,2026-04-09T04:06:00,50.392,23.115,27.081,33.487,45.192,2700.3,3700.4,15.774,18.092,22.573,0.23318,0.098201,343.54,77.522,6.8769,13.976,32.539,4505.6,23.942,47.441,51.221,79.906,2.237,1.6628,3096.4,42.674,54.598,94.44,9.5096,61.521,41.692,40.322,2628.9,63.559,24.577,51.425,0.3439,8.9213,26.156,120.4,1.4346,74.526,23.279,2.3244,54.135,4.8502,244.81,0.0041026,0.81325,66.226,18.573,44.278
784,2026-04-09T04:09:00,49.958,22.991,26.996,33.72,45.678,2702.5,3695.6,17.714,18.117,22.631,0.23252,0.098201,343.51,77.828,6.8619,13.78,32.705,4530.6,23.103,46.436,49.433,80.252,2.2826,1.655,3097.7,42.886,54.031,94.442,9.3855,62.238,36.433,42.177,2632.5,62.529,24.327,51.097,0.35766,8.973,25.975,120.41,1.1954,74.956,23.57,2.3259,54.135,4.7068,247.3,0.0041026,0.81325,66.24,18.713,44.278
785,2026-04-09T04:12:00,48.013,22.605,26.491,33.72,44.945,2704.1,3661.4,17.666,18.117,22.73,0.23646,0.098201,343.44,77.605,6.8619,13.78,32.705,4520.8,23.123,41.935,49.066,80.351,2.2826,1.655,3098.0,42.087,54.148,94.446,9.3069,63.83,35.351,42.264,2633.4,63.116,26.527,51.211,0.35695,8.973,25.975,120.4,1.1954,74.693,23.57,2.3259,54.135,4.7068,244.75,0.0041026,0.81325,66.314,18.713,44.278
786,2026-04-09T04:15:00,50.468,20.711,26.978,33.938,45.073,2703.3,3668.8,17.566,18.811,22.334,0.21469,0.098201,343.77,77.183,6.8621,13.723,32.457,4491.9,23.174,47.618,50.777,80.279,2.2951,1.6457,3099.4,42.27,54.173,94.444,9.344,62.324,40.388,39.733,2631.5,63.133,25.362,51.075,0.33535,8.7594,26.119,120.4,1.2441,75.253,23.622,2.3128,54.135,4.8339,245.0,0.0041026,0.81325,66.336,18.516,44.278
787,2026-04-09T04:18:00,50.519,21.153,26.881,33.938,44.717,2702.8,3680.8,17.275,18.811,22.613,0.2102,0.098201,343.64,77.372,6.8621,13.723,32.457,4486.3,23.289,47.736,50.517,80.206,2.2951,1.6457,3097.8,42.338,54.24,94.509,9.3478,62.385,39.622,39.36,2632.3,62.927,25.174,51.044,0.3384,8.7594,26.119,120.42,1.2441,75.617,23.622,2.3128,54.135,4.8339,244.11,0.0041026,0.81325,66.346,18.516,44.278
788,2026-04-09T04:21:00,50.209,22.877,26.753,33.491,44.911,2703.2,3696.2,18.514,18.135,22.734,0.2324,0.10509,343.82,77.153,6.7387,13.724,32.427,4521.4,22.771,47.018,48.979,80.176,2.2651,1.641,3098.7,42.329,54.33,94.509,9.3963,61.126,35.096,38.994,2632.6,62.677,26.46,50.812,0.32796,8.8714,26.389,120.39,1.3907,75.71,23.372,2.2898,53.841,4.9192,242.29,0.024275,0.79606,66.324,18.766,43.316
789,2026-04-09T04:24:00,50.616,22.935,27.117,33.491,45.502,2702.7,3680.1,19.022,18.135,22.375,0.23181,0.10509,343.16,77.343,6.7387,13.724,32.427,4556.2,22.555,47.961,49.786,80.08,2.2651,1.641,3098.8,42.403,53.913,94.463,9.4011,61.239,37.472,38.987,2631.1,62.955,25.702,50.526,0.32802,8.8714,26.389,120.41,1.3907,74.021,23.372,2.2898,53.841,4.9192,242.9,0.024275,0.79606,66.274,18.766,43.316
790,2026-04-09T04:27:00,51.035,22.859,26.502,33.727,44.804,2703.8,3699.0,14.635,17.971,22.452,0.23317,0.10509,343.62,77.288,6.935,13.821,32.45,4485.5,24.405,48.928,48.276,80.068,2.2438,1.6721,3098.3,42.373,54.167,94.478,9.397,60.022,33.028,38.512,2632.9,63.789,25.292,50.314,0.33089,8.8583,26.208,120.4,1.1438,74.328,23.108,2.3073,53.841,4.8766,242.72,0.024275,0.79606,66.202,18.734,43.316
791,2026-04-09T04:30:00,49.653,22.941,27.248,33.727,46.146,2705.5,3706.3,17.552,17.971,22.726,0.23233,0.10509,343.27,77.35,6.935,13.821,32.45,4525.5,23.169,45.732,50.591,80.228,2.2438,1.6721,3099.6,42.199,53.688,94.377,9.3433,61.563,39.838,39.239,2635.1,63.663,26.182,50.144,0.32493,8.8583,26.208,120.42,1.1438,74.919,23.108,2.3073,53.841,4.8766,242.05,0.024275,0.79606,66.22,18.734,43.316
792,2026-04-09T04:33:00,49.902,22.478,26.481,33.044,44.844,2705.8,3651.1,17.516,18.462,22.84,0.2273,0.10509,343.19,77.902,6.8729,13.849,32.331,4496.9,23.161,46.308,51.078,80.355,2.2682,1.6528,3099.2,42.049,54.115,94.452,9.4583,60.007,41.273,40.029,2636.1,62.935,25.125,50.052,0.33926,9.0363,26.191,120.4,1.2655,75.198,24.208,2.2326,53.841,4.7945,240.5,0.024275,0.79606,66.195,18.62,43.316
793,2026-04-09T04:36:00,48.058,22.762,26.65,33.044,45.54,2705.3,3655.9,18.615,18.462,22.611,0.22442,0.11399,343.02,77.274,6.8729,13.849,32.331,4490.7,22.708,42.04,49.388,80.355,2.2682,1.6528,3100.4,42.855,54.19,94.512,9.3757,62.144,36.299,40.235,2634.5,62.851,24.781,49.552,0.33757,9.0363,26.191,120.41,1.2655,75.058,24.208,2.2326,53.631,4.7945,237.94,0.025101,0.81209,66.24,18.62,44.706
794,2026-04-09T04:39:00,49.285,23.201,26.741,33.192,44.316,2701.2,3665.0,17.694,18.634,22.338,0.23875,0.11399,342.99,76.759,7.0445,14.012,32.677,4524.9,23.124,44.878,51.684,79.928,2.2417,1.6169,3097.8,41.865,54.076,94.561,9.4351,61.021,43.056,40.491,2630.8,63.22,24.779,49.071,0.3418,8.9157,26.327,120.39,1.2768,74.362,23.479,2.2641,53.631,4.8452,238.35,0.025101,0.81209,66.188,19.11,44.706
795,2026-04-09T04:42:00,49.311,23.136,26.86,33.192,45.19,2701.5,3649.0,17.261,18.634,22.732,0.23942,0.11399,343.97,77.285,7.0445,14.012,32.677,4530.2,23.299,44.938,49.129,79.846,2.2417,1.6169,3095.6,42.486,54.012,94.61,9.4518,60.978,35.538,40.88,2630.4,63.495,25.885,48.837,0.3386,8.9157,26.327,120.38,1.2768,74.747,23.479,2.2641,53.631,4.8452,236.14,0.025101,0.81209,66.031,19.11,44.706
796,2026-04-09T04:45:00,51.665,19.749,26.875,33.309,44.398,2702.9,3613.0,19.541,18.377,22.891,0.20028,0.11399,343.43,77.538,6.8636,13.667,32.566,4505.5,22.329,50.388,50.434,80.067,2.2189,1.6627,3095.8,41.977,53.092,94.657,9.4634,60.764,39.378,42.691,2632.3,62.536,25.183,48.644,0.36068,8.8205,26.207,120.4,1.1745,75.512,23.889,2.4233,53.631,4.8924,233.44,0.025101,0.81209,65.952,18.377,44.706
797,2026-04-09T04:48:00,50.786,19.573,26.888,33.309,44.001,2702.7,3616.3,16.911,18.377,22.841,0.20208,0.11399,343.2,77.357,6.8636,13.667,32.566,4499.2,23.442,48.353,51.078,80.068,2.2189,1.6627,3095.8,42.121,53.167,94.749,9.3276,64.964,41.274,42.415,2631.5,62.48,25.361,48.166,0.36294,8.8205,26.207,120.36,1.1745,74.983,23.889,2.4233,53.631,4.8924,233.95,0.025101,0.81209,65.938,18.377,44.706
798,2026-04-09T04:51:00,50.063,20.28,27.065,33.091,45.611,2706.1,3677.0,19.09,18.499,23.105,0.2075,0.090876,343.49,77.359,6.8319,13.822,32.045,4573.8,22.517,46.68,48.807,80.251,2.2747,1.6597,3100.3,42.47,54.079,94.663,9.2526,60.951,34.589,38.141,2635.8,62.954,25.506,47.935,0.32253,8.9555,26.074,120.41,1.3006,74.716,23.519,2.2246,54.9,4.793,235.64,0.012709,0.81522,65.917,18.961,43.088
799,2026-04-09T04:54:00,50.101,20.255,26.878,33.091,44.868,2705.8,3672.9,18.315,18.499,22.515,0.20776,0.090876,343.16,77.378,6.8319,13.822,32.045,4573.5,22.843,46.768,49.197,80.182,2.2747,1.6597,3101.2,42.143,54.082,94.544,9.2967,60.98,35.736,37.72,2635.4,63.025,24.721,48.076,0.32598,8.9555,26.074,120.39,1.3006,74.191,23.519,2.2246,54.9,4.793,230.92,0.012709,0.81522,65.901,18.961,43.088
800,2026-04-09T04:57:00,51.166,25.092,26.99,33.869,45.037,2706.0,3707.9,18.797,17.958,22.319,0.25681,0.090876,342.87,77.062,6.838,13.817,32.467,4489.1,22.65,49.232,50.133,80.12,2.2533,1.655,3102.2,41.847,53.678,94.588,9.481,62.311,38.492,39.837,2634.3,62.733,25.792,47.812,0.34178,8.9343,26.062,120.43,1.2603,74.69,24.4,2.2716,54.9,4.765,230.77,0.012709,0.81522,65.909,18.791,43.088
801,2026-04-09T05:00:00,49.945,25.362,26.478,33.869,44.675,2705.5,3662.9,17.999,17.958,22.23,0.25406,0.090876,342.9,76.932,6.838,13.817,32.467,4512.2,22.995,46.407,49.91,79.976,2.2533,1.655,3100.3,42.061,53.401,94.536,9.3408,63.259,37.835,40.298,2633.8,63.508,26.022,47.347,0.338,8.9343,26.062,120.41,1.2603,75.404,24.4,2.2716,54.9,4.765,232.92,0.012709,0.81522,65.828,18.791,43.088
802,2026-04-09T05:03:00,51.727,21.174,27.211,33.255,45.307,2703.7,3661.8,18.215,18.974,22.704,0.21368,0.090876,342.68,77.471,6.9249,13.955,32.894,4470.5,22.894,50.531,51.013,79.928,2.2493,1.6481,3100.2,42.339,54.3,94.567,9.3176,62.287,41.081,39.861,2633.2,63.517,25.647,47.227,0.34028,8.827,26.503,120.41,1.1441,75.403,23.873,2.3098,54.9,4.846,231.22,0.012709,0.81522,65.734,18.4,43.088
803,2026-04-09T05:06:00,49.893,21.178,26.777,33.255,44.92,2706.4,3680.6,18.154,18.974,22.63,0.21364,0.10825,343.26,77.593,6.9249,13.955,32.894,4480.4,22.908,46.287,48.398,80.205,2.2493,1.6481,3101.1,42.235,54.182,94.573,9.4594,59.773,33.387,40.12,2635.5,63.194,24.196,47.185,0.33816,8.827,26.503,120.41,1.1441,74.727,23.873,2.3098,54.405,4.846,229.11,0.0018611,0.81086,65.728,18.4,43.427
804,2026-04-09T05:09:00,49.271,16.639,26.9,33.17,45.2,2705.5,3648.8,17.975,17.999,22.564,0.16698,0.10825,342.6,77.334,6.8527,13.802,32.6,4596.2,22.986,44.848,50.38,80.197,2.2583,1.6535,3100.8,42.506,53.785,94.596,9.4092,61.661,39.219,42.046,2633.9,62.978,26.3,47.022,0.35341,8.9998,26.193,120.41,1.2248,74.174,23.767,2.3372,54.405,4.7719,228.06,0.0018611,0.81086,65.735,19.135,43.427
805,2026-04-09T05:12:00,50.555,16.562,26.803,33.17,44.099,2704.6,3665.8,17.604,17.999,22.228,0.16777,0.10825,342.13,77.543,6.8527,13.802,32.6,4548.3,23.131,47.818,52.031,80.257,2.2583,1.6535,3101.4,42.31,54.358,94.617,9.4836,62.228,44.076,41.954,2633.5,62.685,24.154,46.904,0.35416,8.9998,26.193,120.38,1.2248,74.46,23.767,2.3372,54.405,4.7719,226.54,0.0018611,0.81086,65.73,19.135,43.427
806,2026-04-09T05:15:00,51.417,18.648,26.933,33.749,44.496,2705.6,3673.2,18.249,18.556,22.478,0.19165,0.10825,342.08,77.401,7.0672,13.725,32.225,4439.4,22.862,49.814,50.246,80.28,2.2699,1.639,3101.8,42.222,53.859,94.652,9.3755,60.682,38.823,39.594,2634.8,63.186,23.734,46.784,0.34066,9.0215,26.244,120.37,1.0521,75.642,23.288,2.3466,54.405,4.9083,225.01,0.0018611,0.81086,65.764,18.963,43.427
807,2026-04-09T05:18:00,47.575,18.608,26.815,33.749,44.981,2703.7,3707.9,16.87,18.556,22.065,0.19206,0.10825,341.76,77.555,7.0672,13.725,32.225,4470.1,23.437,40.922,49.822,80.183,2.2699,1.639,3101.0,42.193,53.492,94.654,9.5496,60.962,37.576,40.139,2632.0,62.589,24.769,46.582,0.3362,9.0215,26.244,120.41,1.0521,74.965,23.288,2.3466,54.405,4.9083,224.44,0.0018611,0.81086,65.708,18.963,43.427
808,2026-04-09T05:21:00,50.702,22.012,26.912,32.51,44.419,2702.9,3611.6,20.462,18.174,22.163,0.22534,0.11654,341.55,77.202,6.85,13.809,32.215,4465.0,21.94,48.159,49.703,80.019,2.2944,1.6499,3100.2,42.146,53.93,94.8,9.4041,61.439,37.226,39.028,2631.4,62.292,25.802,46.189,0.32774,8.9375,26.225,120.38,1.2073,74.304,23.805,2.2243,54.18,4.8369,224.34,0.022493,0.83643,65.658,18.553,43.805
809,2026-04-09T05:24:00,48.829,22.231,26.954,32.51,44.661,2703.5,3600.6,14.533,18.174,22.22,0.22312,0.11654,342.0,77.049,6.85,13.809,32.215,4513.7,24.455,43.823,50.419,79.732,2.2944,1.6499,3099.3,42.48,53.347,94.831,9.485,61.585,39.334,38.889,2630.7,62.481,25.298,46.032,0.32887,8.9375,26.225,120.38,1.2073,75.391,23.805,2.2243,54.18,4.8369,222.6,0.022493,0.83643,65.533,18.553,43.805
810,2026-04-09T05:27:00,49.381,21.888,26.841,32.865,45.028,2707.4,3668.7,17.02,18.185,22.516,0.22791,0.11654,342.13,77.498,6.8728,13.747,31.805,4562.8,23.397,45.1,49.517,79.957,2.2672,1.7194,3102.8,42.814,53.768,94.81,9.4511,62.131,36.677,40.107,2636.2,63.142,24.781,45.53,0.33656,8.8003,26.369,120.41,1.2702,74.111,23.763,2.2842,54.18,4.8674,224.83,0.022493,0.83643,65.418,18.505,43.805
811,2026-04-09T05:30:00,48.962,22.27,26.93,32.865,44.821,2712.0,3685.5,19.611,18.185,22.534,0.22401,0.11654,342.29,77.706,6.8728,13.747,31.805,4500.5,22.291,44.132,48.972,80.222,2.2672,1.7194,3107.1,41.927,54.513,94.493,9.4159,61.444,35.073,39.647,2640.9,62.852,26.076,45.478,0.34032,8.8003,26.369,120.41,1.2702,75.266,23.763,2.2842,54.18,4.8674,221.96,0.022493,0.83643,65.426,18.505,43.805
812,2026-04-09T05:33:00,50.604,26.174,27.079,33.561,44.767,2713.2,3661.3,19.271,18.143,22.462,0.26734,0.11654,341.88,77.425,6.9311,13.848,32.203,4511.0,22.439,47.932,48.664,80.182,2.2774,1.671,3110.4,42.522,54.549,94.622,9.5712,59.767,34.168,39.142,2641.0,63.088,25.096,45.168,0.33049,8.8603,26.1,120.42,1.2532,74.181,23.801,2.2141,54.18,4.7872,221.97,0.022493,0.83643,65.424,18.662,43.805
813,2026-04-09T05:36:00,51.645,26.14,27.099,33.561,45.233,2713.9,3685.2,17.437,18.143,22.55,0.26768,0.099481,342.68,77.29,6.9311,13.848,32.203,4533.1,23.222,50.34,49.532,79.989,2.2774,1.671,3110.5,42.543,54.284,94.451,9.4247,61.516,36.722,39.283,2642.1,62.676,24.213,45.586,0.32933,8.8603,26.1,120.41,1.2532,74.999,23.801,2.2141,53.781,4.7872,220.94,0.0065029,0.81488,65.411,18.662,44.185
814,2026-04-09T05:39:00,51.886,22.688,26.863,32.981,45.512,2715.0,3619.7,18.625,18.322,22.674,0.22955,0.099481,342.89,77.276,6.733,13.763,32.181,4508.7,22.72,50.9,51.171,79.977,2.2912,1.6648,3109.7,42.267,54.222,94.631,9.4151,63.085,41.546,40.101,2643.6,63.274,25.593,45.393,0.34449,8.8822,26.694,120.42,1.1528,75.44,24.197,2.2827,53.781,4.8351,222.78,0.0065029,0.81488,65.362,18.261,44.185
815,2026-04-09T05:42:00,49.314,22.659,26.702,32.981,44.582,2715.1,3646.4,17.907,18.322,22.434,0.22984,0.099481,342.5,77.789,6.733,13.763,32.181,4497.3,23.006,44.947,49.447,80.023,2.2912,1.6648,3111.3,42.39,54.359,94.606,9.4375,61.322,36.472,40.538,2644.4,62.814,24.39,45.356,0.34091,8.8822,26.694,120.4,1.1528,74.218,24.197,2.2827,53.781,4.8351,222.88,0.0065029,0.81488,65.332,18.261,44.185
816,2026-04-09T05:45:00,50.054,22.906,26.855,33.203,45.404,2716.0,3686.0,15.223,18.764,22.464,0.23165,0.099481,342.66,77.323,7.0934,13.751,32.147,4568.2,24.147,46.66,49.145,80.017,2.2616,1.6201,3113.6,42.604,54.548,94.465,9.4039,61.891,35.585,39.336,2644.9,63.917,24.015,45.426,0.33183,8.8249,26.464,120.42,0.99096,75.171,24.105,2.2665,53.781,4.8245,221.75,0.0065029,0.81488,65.359,19.134,44.185
817,2026-04-09T05:48:00,49.585,22.743,27.19,33.203,45.166,2717.4,3698.8,17.86,18.764,22.72,0.23331,0.099481,342.64,77.521,7.0934,13.751,32.147,4516.7,23.028,45.573,52.009,80.044,2.2616,1.6201,3114.6,42.576,55.164,94.412,9.2981,62.107,44.012,39.527,2646.5,63.698,26.54,45.328,0.33026,8.8249,26.464,120.41,0.99096,75.667,24.105,2.2665,53.781,4.8245,222.53,0.0065029,0.81488,65.342,19.134,44.185
818,2026-04-09T05:51:00,50.887,23.322,26.835,32.91,45.163,2716.3,3618.4,17.378,18.657,22.686,0.2344,0.10304,342.91,77.274,6.709,13.748,32.592,4470.1,23.235,48.587,50.41,80.013,2.2625,1.659,3112.2,42.382,53.592,94.567,9.4605,62.228,39.307,39.195,2645.2,61.891,25.403,44.884,0.32945,8.7033,26.674,120.4,1.3597,75.039,24.248,2.3115,53.43,4.7903,220.78,0.038381,0.83982,65.36,18.641,43.674
819,2026-04-09T05:54:00,49.833,23.356,26.83,32.91,44.875,2716.9,3567.2,15.516,18.657,23.011,0.23405,0.10304,343.74,77.161,6.709,13.748,32.592,4469.8,24.023,46.148,49.609,79.956,2.2625,1.659,3111.2,42.439,53.596,94.663,9.4023,62.431,36.949,39.084,2646.4,62.772,25.106,44.663,0.33036,8.7033,26.674,120.38,1.3597,75.216,24.248,2.3115,53.43,4.7903,220.16,0.038381,0.83982,65.325,18.641,43.674
820,2026-04-09T05:57:00,51.121,18.85,27.158,33.413,45.413,2715.7,3683.0,16.748,18.273,22.979,0.19002,0.10304,343.44,76.98,6.8307,13.835,32.356,4539.8,23.521,49.129,49.515,79.688,2.2583,1.6679,3111.4,42.477,53.948,94.644,9.4276,61.572,36.672,39.109,2645.0,64.132,25.461,44.633,0.32871,8.9498,26.872,120.39,1.2996,75.534,23.956,2.2155,53.43,4.9029,217.46,0.038381,0.83982,65.218,18.476,43.674
821,2026-04-09T06:00:00,50.419,18.707,27.109,33.413,45.607,2716.2,3669.4,20.491,18.273,22.994,0.19148,0.10304,342.94,77.263,6.8307,13.835,32.356,4560.0,21.936,47.504,49.928,79.803,2.2583,1.6679,3110.9,42.341,53.706,94.519,9.3734,61.685,37.889,38.834,2645.7,64.366,25.799,44.298,0.33097,8.9498,26.872,120.4,1.2996,75.079,23.956,2.2155,53.43,4.9029,218.23,0.038381,0.83982,65.158,18.476,43.674
822,2026-04-09T06:03:00,50.461,20.618,27.114,32.899,44.981,2715.6,3691.3,19.556,18.214,22.774,0.21175,0.10304,342.74,76.913,6.7955,13.724,32.356,4572.5,22.341,47.6,48.87,79.815,2.2153,1.6094,3111.8,42.577,53.998,94.473,9.3412,62.865,34.774,39.965,2644.0,63.027,26.941,43.958,0.34035,8.8148,26.185,120.38,1.0424,76.284,24.771,2.2838,53.43,4.8076,219.03,0.038381,0.83982,65.129,18.406,43.674
823,2026-04-09T06:06:00,50.393,20.591,26.778,32.899,45.173,2714.5,3672.2,18.66,18.214,22.501,0.21202,0.1111,342.73,77.257,6.7955,13.724,32.356,4538.3,22.715,47.444,48.662,79.723,2.2153,1.6094,3109.7,42.603,54.408,94.66,9.4358,60.816,34.161,40.312,2643.7,63.357,23.311,44.356,0.3375,8.8148,26.185,120.43,1.0424,74.831,24.771,2.2838,53.233,4.8076,218.59,0.033189,0.83224,65.066,18.406,44.076
824,2026-04-09T06:09:00,50.294,20.577,26.538,32.417,44.75,2714.2,3649.3,18.136,18.416,22.405,0.20868,0.1111,342.87,76.905,6.9551,13.912,31.74,4574.3,22.951,47.214,48.409,79.755,2.2333,1.6641,3110.4,42.567,54.206,94.452,9.3548,62.267,33.419,38.572,2643.1,64.124,25.369,44.525,0.32684,8.7956,26.598,120.4,1.3096,75.306,24.359,2.3042,53.233,4.8327,216.76,0.033189,0.83224,65.075,18.752,44.076
825,2026-04-09T06:12:00,50.107,20.657,26.544,32.417,44.94,2715.6,3692.3,16.006,18.416,22.522,0.20787,0.1111,341.86,77.463,6.9551,13.912,31.74,4551.7,23.83,46.781,51.083,79.936,2.2333,1.6641,3112.0,42.309,54.476,94.545,9.3535,61.948,41.287,38.93,2644.6,63.384,24.576,44.231,0.32391,8.7956,26.598,120.4,1.3096,75.251,24.359,2.3042,53.233,4.8327,220.1,0.033189,0.83224,65.071,18.752,44.076
826,2026-04-09T06:15:00,50.216,26.587,27.125,32.658,45.534,2717.4,3642.0,18.429,18.424,22.765,0.26966,0.1111,342.03,77.792,6.9741,13.694,32.496,4507.1,22.788,47.033,50.92,80.173,2.2625,1.6442,3114.0,42.674,54.194,94.487,9.4754,60.667,40.808,40.938,2646.4,62.857,25.376,44.305,0.34877,8.9367,26.566,120.41,1.1499,74.798,24.239,2.2565,53.233,4.7425,219.26,0.033189,0.83224,65.146,18.891,44.076
827,2026-04-09T06:18:00,50.62,26.438,26.945,32.658,44.279,2715.1,3618.9,17.086,18.424,22.413,0.27117,0.1111,341.95,76.926,6.9741,13.694,32.496,4518.4,23.378,47.968,48.409,79.984,2.2625,1.6442,3112.5,42.461,54.059,94.64,9.401,60.051,33.418,41.174,2644.6,63.255,23.906,44.293,0.34683,8.9367,26.566,120.39,1.1499,73.904,24.239,2.2565,53.233,4.7425,219.37,0.033189,0.83224,65.229,18.891,44.076
828,2026-04-09T06:21:00,49.841,19.529,26.718,32.833,45.003,2713.4,3642.0,19.167,18.651,22.224,0.19665,0.098852,341.8,76.828,6.8568,13.802,31.912,4495.8,22.515,46.166,49.763,79.717,2.2592,1.6866,3109.9,42.509,53.98,94.738,9.3462,61.991,37.402,38.458,2642.1,62.611,26.737,44.132,0.32099,8.8138,26.411,120.38,1.3493,75.294,24.405,2.2853,53.345,4.7558,219.02,0.0095342,0.8305,65.169,18.247,43.16
829,2026-04-09T06:24:00,51.689,19.52,26.787,32.833,45.02,2713.8,3654.5,17.527,18.651,22.71,0.19674,0.098852,342.14,77.406,6.8568,13.802,31.912,4510.1,23.197,50.442,50.639,79.681,2.2592,1.6866,3109.8,42.404,53.809,94.732,9.3546,61.364,39.979,38.414,2643.0,62.397,23.497,44.078,0.32134,8.8138,26.411,120.39,1.3493,74.702,24.405,2.2853,53.345,4.7558,218.77,0.0095342,0.8305,65.084,18.247,43.16
830,2026-04-09T06:27:00,49.168,24.896,26.958,32.742,44.722,2719.8,3655.5,16.734,18.362,22.763,0.25468,0.098852,342.23,77.652,6.7418,13.828,32.209,4548.6,23.513,44.608,50.366,80.052,2.2845,1.6602,3114.6,42.182,54.963,94.561,9.3315,61.422,39.177,39.625,2648.4,63.377,24.427,44.064,0.33424,8.6933,26.861,120.42,1.2605,75.546,24.932,2.3026,53.345,4.8283,218.05,0.0095342,0.8305,65.062,18.571,43.16
831,2026-04-09T06:30:00,50.223,24.993,26.956,32.742,45.056,2720.2,3665.7,21.725,18.362,22.677,0.2537,0.098852,342.15,77.135,6.7418,13.828,32.209,4528.6,21.418,47.051,49.787,80.137,2.2845,1.6602,3117.3,42.316,55.202,94.526,9.3942,61.191,37.472,39.393,2649.0,63.201,25.055,44.099,0.33614,8.6933,26.861,120.41,1.2605,75.299,24.932,2.3026,53.345,4.8283,216.67,0.0095342,0.8305,65.173,18.571,43.16
832,2026-04-09T06:33:00,50.066,22.388,26.88,32.56,44.632,2717.1,3700.9,17.217,18.861,22.362,0.22545,0.098852,341.93,77.082,6.8404,13.786,31.937,4563.5,23.323,46.686,49.66,79.885,2.1913,1.6365,3114.9,42.436,54.052,94.514,9.3627,61.016,37.1,39.878,2646.3,63.683,22.507,44.081,0.33778,8.8117,27.138,120.38,1.3261,74.852,25.25,2.3348,53.345,4.8227,215.94,0.0095342,0.8305,65.179,18.872,43.16
833,2026-04-09T06:36:00,50.493,22.161,26.697,32.56,45.8,2714.5,3686.3,22.038,18.861,22.215,0.22777,0.096034,341.42,76.771,6.8404,13.786,31.937,4546.3,21.308,47.676,50.526,79.749,2.1913,1.6365,3111.9,42.526,54.257,94.562,9.348,61.13,39.647,39.992,2643.5,63.933,25.757,43.649,0.33685,8.8117,27.138,120.43,1.3261,75.736,25.25,2.3348,54.049,4.8227,219.3,0.036107,0.83125,65.103,18.872,43.304
834,2026-04-09T06:39:00,51.426,25.15,26.559,32.665,44.552,2711.5,3702.1,17.131,18.389,21.838,0.25226,0.096034,341.18,76.838,6.7368,13.742,32.011,4478.9,23.387,49.834,49.824,79.51,2.2335,1.6321,3109.6,42.346,54.336,94.537,9.4372,58.98,37.583,39.6,2639.7,62.882,25.019,43.755,0.33049,8.8846,26.754,120.38,1.1667,75.528,24.804,2.2922,54.049,4.7485,217.04,0.036107,0.83125,65.032,18.628,43.304
835,2026-04-09T06:42:00,51.258,25.06,27.046,32.665,44.814,2713.9,3672.9,17.293,18.389,22.603,0.25318,0.096034,341.25,77.352,6.7368,13.742,32.011,4501.4,23.307,49.445,52.638,79.757,2.2335,1.6321,3109.5,42.061,54.067,94.615,9.2644,61.432,45.865,39.814,2643.0,63.386,22.711,43.832,0.32874,8.8846,26.754,120.41,1.1667,74.048,24.804,2.2922,54.049,4.7485,215.1,0.036107,0.83125,64.949,18.628,43.304
836,2026-04-09T06:45:00,51.879,24.367,27.08,32.671,45.701,2716.6,3717.2,19.815,18.36,22.531,0.25032,0.096034,341.64,77.401,6.891,13.85,32.044,4565.8,22.235,50.883,46.868,80.075,2.2152,1.6883,3113.2,42.745,53.898,94.471,9.4179,60.855,28.884,38.419,2645.1,63.62,26.051,43.551,0.32999,9.002,26.597,120.43,1.3146,74.72,24.322,2.2151,54.049,4.8106,217.13,0.036107,0.83125,65.013,18.883,43.304
837,2026-04-09T06:48:00,50.895,24.408,27.022,32.671,45.613,2714.3,3709.9,19.797,18.36,22.388,0.24992,0.096034,341.0,77.342,6.891,13.85,32.044,4526.3,22.238,48.604,48.078,80.073,2.2152,1.6883,3113.2,42.106,54.371,94.423,9.2262,61.365,32.445,38.818,2644.1,63.745,25.847,43.514,0.32672,9.002,26.597,120.4,1.3146,74.663,24.322,2.2151,54.049,4.8106,216.37,0.036107,0.83125,65.076,18.883,43.304
838,2026-04-09T06:51:00,48.113,24.231,26.644,33.371,45.542,2712.5,3657.6,19.404,18.311,22.37,0.2488,0.10865,341.18,76.912,7.012,13.858,32.222,4480.2,22.421,42.168,50.309,79.911,2.2693,1.6644,3109.6,42.342,54.299,94.504,9.3196,64.541,39.009,40.279,2641.5,63.357,24.888,43.576,0.33805,8.8233,26.683,120.4,1.2322,75.434,24.476,2.28,53.848,4.7953,214.64,0.016754,0.84097,65.094,18.541,43.842
839,2026-04-09T06:54:00,48.46,24.303,26.769,33.371,45.214,2711.9,3667.0,15.181,18.311,22.414,0.24807,0.10865,341.25,77.226,7.012,13.858,32.222,4555.6,24.197,42.971,51.123,79.792,2.2693,1.6644,3107.9,42.068,53.397,94.599,9.2677,60.18,41.406,40.303,2640.2,63.195,22.131,43.444,0.33785,8.8233,26.683,120.39,1.2322,75.261,24.476,2.28,53.848,4.7953,215.05,0.016754,0.84097,65.047,18.541,43.842
840,2026-04-09T06:57:00,48.749,22.525,26.988,32.943,44.728,2710.0,3660.2,18.398,18.508,22.389,0.23271,0.10865,340.86,76.932,6.9729,13.752,31.981,4563.6,22.857,43.64,49.21,79.763,2.2083,1.6064,3107.1,42.433,54.153,94.772,9.3919,60.848,35.775,40.513,2638.6,62.184,25.044,43.351,0.33815,8.8325,26.471,120.36,1.328,75.303,24.35,2.2355,53.848,4.8833,215.06,0.016754,0.84097,64.999,18.597,43.842
841,2026-04-09T07:00:00,50.214,22.816,26.814,32.943,44.685,2709.7,3606.9,16.47,18.508,22.16,0.22975,0.10865,340.89,76.924,6.9729,13.752,31.981,4502.2,23.674,47.029,49.328,79.776,2.2083,1.6064,3107.4,42.231,54.888,94.747,9.342,60.484,36.124,40.175,2638.7,63.102,24.915,43.249,0.34092,8.8325,26.471,120.4,1.328,75.55,24.35,2.2355,53.848,4.8833,215.16,0.016754,0.84097,64.964,18.597,43.842
842,2026-04-09T07:03:00,50.089,25.204,26.723,32.648,43.427,2711.4,3645.3,16.972,18.921,22.165,0.25408,0.10865,340.3,77.363,6.9125,13.984,32.045,4565.9,23.452,46.739,50.119,79.862,2.2684,1.62,3109.4,42.736,54.022,94.731,9.3007,58.33,38.449,38.731,2639.4,62.68,25.825,43.131,0.32932,8.9566,26.443,120.36,1.069,74.868,24.271,2.2297,53.848,4.8456,215.45,0.016754,0.84097,64.96,18.535,43.842
843,2026-04-09T07:06:00,50.673,25.317,26.629,32.648,44.85,2715.1,3662.0,19.566,18.921,22.303,0.25293,0.10483,340.6,77.389,6.9125,13.984,32.045,4512.2,22.35,48.092,48.64,80.15,2.2684,1.62,3111.6,42.04,54.665,94.69,9.3619,60.253,34.097,39.025,2643.3,62.393,25.697,43.25,0.32692,8.9566,26.443,120.38,1.069,75.685,24.271,2.2297,54.366,4.8456,215.85,0.018803,0.84992,64.996,18.535,43.999
844,2026-04-09T07:09:00,48.791,24.838,26.777,32.587,43.934,2713.1,3673.5,18.745,18.511,21.744,0.24903,0.10483,340.33,77.351,6.756,13.889,32.168,4570.1,22.693,43.735,50.367,80.1,2.2227,1.6344,3112.0,41.931,54.16,94.646,9.273,59.067,39.181,42.111,2641.3,62.667,24.807,43.341,0.35307,9.0706,26.764,120.4,1.2941,74.662,24.284,2.3112,54.366,4.8111,214.93,0.018803,0.84992,65.073,18.649,43.999
845,2026-04-09T07:12:00,48.773,24.488,27.053,32.587,44.139,2712.7,3663.3,18.983,18.511,21.876,0.25259,0.10483,340.05,77.413,6.756,13.889,32.168,4555.4,22.59,43.695,47.855,80.061,2.2227,1.6344,3111.9,42.222,54.336,94.639,9.3871,58.112,31.787,41.628,2640.4,62.843,25.267,43.275,0.35703,9.0706,26.764,120.4,1.2941,74.768,24.284,2.3112,54.366,4.8111,215.77,0.018803,0.84992,65.096,18.649,43.999
846,2026-04-09T07:15:00,50.73,23.622,26.614,32.705,44.115,2710.2,3702.0,19.799,18.583,21.752,0.23934,0.10483,340.03,76.912,7.0633,13.641,31.732,4513.6,22.263,48.223,50.074,79.974,2.2665,1.6205,3110.3,42.701,54.586,94.565,9.3081,62.386,38.317,41.452,2638.6,63.595,23.699,43.253,0.339,8.8547,26.549,120.42,1.2542,75.658,24.619,2.2338,54.366,4.9389,216.14,0.018803,0.84992,65.082,18.878,43.999
847,2026-04-09T07:18:00,51.468,23.681,26.844,32.705,44.668,2709.6,3686.5,17.939,18.583,21.873,0.23873,0.10483,339.67,77.252,7.0633,13.641,31.732,4534.0,23.039,49.932,50.036,80.022,2.2665,1.6205,3109.5,42.188,54.343,94.562,9.2253,59.205,38.207,40.813,2638.4,63.863,25.076,43.506,0.34424,8.8547,26.549,120.4,1.2542,75.247,24.619,2.2338,54.366,4.9389,213.45,0.018803,0.84992,65.045,18.878,43.999
848,2026-04-09T07:21:00,51.305,28.089,26.998,32.96,45.307,2709.8,3622.2,19.871,18.694,22.091,0.28305,0.10553,339.93,77.244,6.9455,13.773,32.094,4508.0,22.226,49.555,51.154,80.018,2.2121,1.6246,3108.1,42.189,54.093,94.661,9.284,59.623,41.497,37.51,2638.6,62.247,25.228,43.569,0.31624,8.6437,26.947,120.4,1.3401,74.995,23.988,2.2419,54.314,4.8012,215.63,0.027322,0.85656,65.077,18.504,44.049
849,2026-04-09T07:24:00,50.752,27.844,26.529,32.96,44.116,2710.9,3627.9,18.111,18.694,22.132,0.28555,0.10553,339.84,77.401,6.9455,13.773,32.094,4515.4,22.96,48.275,51.27,80.173,2.2121,1.6246,3108.3,42.064,54.004,94.664,9.2913,62.038,41.838,37.309,2640.4,62.148,26.418,43.873,0.31789,8.6437,26.947,120.4,1.3401,75.876,23.988,2.2419,54.314,4.8012,213.54,0.027322,0.85656,65.097,18.504,44.049
850,2026-04-09T07:27:00,48.799,24.763,26.867,32.924,44.164,2710.0,3641.1,18.145,18.57,21.734,0.25258,0.10553,339.86,77.133,6.8322,13.83,31.771,4570.0,22.953,43.755,49.24,80.034,2.2634,1.634,3109.0,42.213,54.283,94.772,9.256,60.69,35.865,39.24,2638.1,62.838,24.439,43.945,0.32968,9.0811,26.558,120.38,1.3951,75.122,24.214,2.3578,54.314,4.8318,214.02,0.027322,0.85656,65.11,18.7,44.049
851,2026-04-09T07:30:00,49.326,24.819,26.742,32.924,45.4,2707.8,3647.9,19.547,18.57,21.6,0.25202,0.10553,339.82,76.842,6.8322,13.83,31.771,4547.0,22.379,44.973,48.332,79.822,2.2634,1.634,3107.5,42.156,54.558,94.772,9.2339,62.182,33.192,39.342,2635.0,62.721,23.516,43.761,0.32884,9.0811,26.558,120.43,1.3951,75.836,24.214,2.3578,54.314,4.8318,217.41,0.027322,0.85656,65.109,18.7,44.049
852,2026-04-09T07:33:00,50.371,28.136,26.774,32.527,43.979,2707.4,3684.3,15.943,18.873,21.94,0.28615,0.10553,339.84,77.206,6.9529,13.883,32.186,4539.5,23.897,47.392,50.98,79.769,2.2557,1.625,3106.3,42.514,54.196,94.7,9.3266,59.122,40.984,40.292,2635.5,63.083,26.122,43.859,0.33328,8.9919,26.591,120.38,1.2858,75.588,24.189,2.2821,54.314,4.8835,217.67,0.027322,0.85656,65.048,19.044,44.049
853,2026-04-09T07:36:00,49.45,28.035,26.745,32.527,44.759,2710.0,3669.7,18.825,18.873,22.076,0.28717,0.10804,340.0,77.239,6.9529,13.883,32.186,4502.9,22.679,45.262,49.724,80.012,2.2557,1.625,3107.3,42.078,54.635,94.557,9.3147,60.429,37.287,40.221,2638.5,63.335,24.827,44.139,0.33386,8.9919,26.591,120.42,1.2858,76.104,24.189,2.2821,53.406,4.8835,218.13,0.015499,0.85051,65.07,19.044,43.88
854,2026-04-09T07:39:00,50.657,24.616,26.559,32.742,43.867,2707.2,3673.7,18.55,18.544,21.47,0.24606,0.10804,339.72,77.133,6.8148,13.787,31.663,4555.8,22.796,48.055,52.19,80.049,2.2631,1.6693,3107.4,42.255,53.143,94.81,9.3408,62.033,44.544,41.084,2635.6,62.196,26.916,44.164,0.33878,8.8085,26.174,120.37,1.2368,75.083,24.345,2.2957,53.406,4.8629,220.12,0.015499,0.85051,65.117,18.585,43.88
855,2026-04-09T07:42:00,50.39,24.194,26.609,32.742,44.405,2706.2,3646.3,18.523,18.544,21.938,0.25035,0.10804,340.4,77.044,6.8148,13.787,31.663,4475.6,22.812,47.436,49.406,79.981,2.2631,1.6693,3104.1,42.204,54.102,94.638,9.3111,62.245,36.351,40.269,2634.4,62.668,25.326,44.626,0.34546,8.8085,26.174,120.43,1.2368,75.286,24.345,2.2957,53.406,4.8629,217.21,0.015499,0.85051,65.144,18.585,43.88
856,2026-04-09T07:45:00,48.894,29.58,26.564,32.704,44.868,2707.1,3688.1,18.659,18.646,21.503,0.30212,0.10804,339.7,77.309,6.9592,13.818,31.954,4586.9,22.75,43.974,50.097,80.033,2.2321,1.6471,3106.4,42.333,53.89,94.672,9.3706,60.933,38.385,39.34,2634.5,63.158,25.721,44.662,0.33219,8.8815,26.628,120.38,1.0371,74.934,24.194,2.3291,53.406,4.8169,219.05,0.015499,0.85051,65.182,18.714,43.88
857,2026-04-09T07:48:00,51.052,29.497,27.157,32.704,45.246,2708.4,3663.9,17.157,18.646,22.226,0.30297,0.10804,339.75,77.35,6.9592,13.818,31.954,4569.7,23.376,48.968,50.472,80.188,2.2321,1.6471,3107.1,42.534,54.096,94.588,9.2229,61.151,39.49,39.429,2636.7,63.575,25.472,44.737,0.33146,8.8815,26.628,120.4,1.0371,74.619,24.194,2.3291,53.406,4.8169,220.46,0.015499,0.85051,65.225,18.714,43.88
858,2026-04-09T07:51:00,50.227,27.262,26.978,32.708,44.873,2707.7,3657.2,18.282,18.835,21.995,0.27729,0.089548,340.13,77.168,6.8476,13.82,32.205,4543.9,22.904,47.059,48.969,80.189,2.2912,1.6394,3105.5,42.24,54.107,94.553,9.2495,61.262,35.065,39.877,2636.1,62.419,24.603,44.972,0.33424,8.8423,26.222,120.39,1.2985,75.295,24.314,2.2735,52.863,4.772,218.62,0.025531,0.87938,65.292,18.739,43.808
859,2026-04-09T07:54:00,49.979,27.172,27.172,32.708,44.423,2706.1,3651.1,18.734,18.835,22.224,0.2782,0.089548,339.81,76.995,6.8476,13.82,32.205,4559.3,22.722,46.486,48.842,80.1,2.2912,1.6394,3104.3,42.377,53.923,94.679,9.2317,61.183,34.693,39.947,2634.6,62.524,26.152,44.858,0.33367,8.8423,26.222,120.39,1.2985,75.198,24.314,2.2735,52.863,4.772,221.5,0.025531,0.87938,65.318,18.739,43.808
860,2026-04-09T07:57:00,47.34,25.295,27.072,32.927,44.954,2702.6,3677.2,18.253,18.62,21.789,0.251,0.089548,339.6,77.032,6.765,13.871,31.965,4546.6,22.933,40.379,50.493,79.906,2.276,1.6588,3101.4,42.291,54.024,94.659,9.1352,61.292,39.55,39.776,2630.5,63.034,26.874,45.059,0.33556,8.8188,26.314,120.39,1.3345,75.265,24.154,2.3099,52.863,4.7938,220.86,0.025531,0.87938,65.297,19.165,43.808
861,2026-04-09T08:00:00,50.214,25.005,27.012,32.927,44.146,2700.8,3657.0,18.618,18.62,21.722,0.25394,0.089548,339.93,76.918,6.765,13.871,31.965,4501.5,22.788,47.029,49.917,79.837,2.276,1.6588,3100.2,42.511,54.564,94.699,9.2928,60.888,37.857,39.709,2628.9,63.381,25.329,45.1,0.33611,8.8188,26.314,120.39,1.3345,74.899,24.154,2.3099,52.863,4.7938,222.05,0.025531,0.87938,65.245,19.165,43.808
862,2026-04-09T08:03:00,50.905,27.333,27.259,32.429,44.601,2700.8,3733.7,17.866,18.597,21.892,0.27885,0.089548,339.53,77.286,6.928,13.936,32.495,4485.3,23.102,48.629,49.638,79.863,2.2588,1.6246,3099.9,42.226,53.683,94.65,9.3073,60.746,37.034,40.782,2629.8,62.857,25.578,45.302,0.33883,8.7944,26.467,120.42,1.2557,75.04,24.24,2.2804,52.863,4.8563,221.44,0.025531,0.87938,65.228,18.955,43.808
863,2026-04-09T08:06:00,49.847,27.308,27.223,32.429,44.916,2702.5,3656.7,20.1,18.597,22.205,0.27911,0.10443,339.29,77.431,6.928,13.936,32.495,4476.4,22.145,46.18,50.946,80.291,2.2588,1.6246,3101.4,42.347,53.79,94.46,9.2719,61.253,40.884,40.552,2631.1,64.183,25.546,45.924,0.34072,8.7944,26.467,120.42,1.2557,75.729,24.24,2.2804,53.646,4.8563,224.93,0.031005,0.86611,65.318,18.955,44.111
864,2026-04-09T08:09:00,50.401,22.293,27.316,32.548,44.943,2698.9,3643.1,18.628,18.384,21.78,0.22672,0.10443,338.8,77.228,6.997,13.798,31.921,4441.7,22.77,47.462,51.056,80.22,2.255,1.6392,3098.6,42.018,54.672,94.663,9.2367,60.992,41.207,41.514,2626.4,63.02,26.173,46.389,0.34803,8.9767,26.074,120.42,1.2792,75.201,24.05,2.3557,53.646,4.8649,225.05,0.031005,0.86611,65.465,18.855,44.111
865,2026-04-09T08:12:00,49.839,22.628,27.008,32.548,44.625,2696.6,3668.8,16.401,18.384,21.479,0.22331,0.10443,339.18,77.418,6.997,13.798,31.921,4496.6,23.701,46.16,49.298,80.215,2.255,1.6392,3095.2,42.192,54.014,94.696,9.2956,61.106,36.033,41.967,2625.0,62.577,24.622,46.555,0.34432,8.9767,26.074,120.4,1.2792,73.946,24.05,2.3557,53.646,4.8649,228.55,0.031005,0.86611,65.541,18.855,44.111
866,2026-04-09T08:15:00,50.628,28.075,26.597,32.74,44.381,2698.7,3663.8,16.701,18.965,21.269,0.27852,0.10443,338.69,77.025,7.0709,13.895,31.875,4465.0,23.584,47.987,52.074,80.274,2.2787,1.6649,3098.1,42.343,54.617,94.809,9.3506,61.631,44.203,39.792,2626.4,61.982,25.131,47.04,0.33247,8.9289,26.129,120.4,1.4136,75.253,24.068,2.3221,53.646,4.9031,228.44,0.031005,0.86611,65.583,19.076,44.111
867,2026-04-09T08:18:00,52.073,27.666,26.807,32.74,44.013,2697.3,3605.7,17.84,18.965,21.328,0.28268,0.10443,338.57,77.171,7.0709,13.895,31.875,4488.1,23.106,51.333,50.255,80.132,2.2787,1.6649,3097.7,42.441,54.34,94.77,9.1911,63.374,38.85,40.067,2624.6,62.983,25.001,47.322,0.33021,8.9289,26.129,120.39,1.4136,75.043,24.068,2.3221,53.646,4.9031,230.56,0.031005,0.86611,65.672,19.076,44.111
868,2026-04-09T08:21:00,50.575,28.596,27.193,32.492,44.577,2700.5,3598.7,17.256,19.033,22.012,0.28818,0.10029,339.11,77.688,6.8616,13.828,31.712,4499.8,23.327,47.864,49.891,80.395,2.3053,1.6943,3098.0,42.244,53.625,94.843,9.2077,62.116,37.78,40.882,2628.8,62.312,26.85,47.597,0.34502,9.0496,26.48,120.38,1.2818,75.615,24.025,2.3904,53.683,4.8772,229.69,0.022623,0.86874,65.715,19.417,43.737
869,2026-04-09T08:24:00,49.425,28.534,26.813,32.492,44.578,2699.7,3612.2,17.235,19.033,21.474,0.28881,0.10029,338.81,77.302,6.8616,13.828,31.712,4482.7,23.342,45.202,49.142,80.444,2.3053,1.6943,3100.3,42.457,53.83,94.785,9.22,62.425,35.575,41.457,2628.2,62.079,24.749,47.925,0.34031,9.0496,26.48,120.4,1.2818,75.354,24.025,2.3904,53.683,4.8772,229.88,0.022623,0.86874,65.809,19.417,43.737
870,2026-04-09T08:27:00,49.666,30.34,26.563,32.76,44.061,2700.0,3675.3,19.93,19.536,21.247,0.31029,0.10029,338.99,76.852,6.9798,13.82,32.165,4454.4,22.219,45.762,50.11,80.248,2.2737,1.6624,3099.6,42.412,53.254,94.743,9.2395,61.822,38.424,39.999,2628.3,62.75,25.943,48.212,0.33792,8.8931,26.577,120.41,1.3028,75.138,23.456,2.2624,53.683,4.9465,230.54,0.022623,0.86874,65.873,18.597,43.737
871,2026-04-09T08:30:00,49.715,30.332,27.029,32.76,45.33,2697.6,3629.2,19.455,19.536,21.545,0.31037,0.10029,339.59,76.809,6.9798,13.82,32.165,4423.4,22.435,45.875,50.499,79.933,2.2737,1.6624,3097.3,42.507,53.625,94.762,9.2949,60.907,39.568,40.227,2624.9,63.543,24.834,48.446,0.33605,8.8931,26.577,120.42,1.3028,75.635,23.456,2.2624,53.683,4.9465,231.83,0.022623,0.86874,65.817,18.597,43.737
872,2026-04-09T08:33:00,49.427,26.337,26.874,32.908,43.754,2698.7,3635.4,18.202,19.062,22.0,0.26842,0.10029,339.84,77.21,6.8074,14.051,32.075,4553.0,22.954,45.207,49.429,79.985,2.2703,1.671,3095.9,42.605,54.045,94.764,9.3685,60.919,36.42,40.293,2627.0,62.363,25.064,48.381,0.33381,8.9863,26.286,120.37,1.3888,74.705,24.45,2.2976,53.683,4.9332,236.5,0.022623,0.86874,65.78,19.433,43.737
873,2026-04-09T08:36:00,51.356,26.589,26.737,32.908,44.976,2699.7,3646.6,18.489,19.062,21.72,0.26586,0.089465,340.02,77.311,6.8074,14.051,32.075,4499.5,22.83,49.673,49.619,80.162,2.2703,1.671,3098.1,42.438,54.686,94.734,9.3969,62.391,36.978,39.896,2628.9,62.171,24.824,48.92,0.33706,8.9863,26.286,120.41,1.3888,74.107,24.45,2.2976,54.677,4.9332,235.76,0.027829,0.85304,65.824,19.433,43.405
874,2026-04-09T08:39:00,49.812,27.231,26.719,32.851,43.772,2701.2,3680.1,15.16,18.761,22.14,0.27823,0.089465,340.39,77.223,6.8084,14.023,32.323,4432.6,24.23,46.098,51.265,80.254,2.2946,1.6537,3097.6,42.42,53.395,94.715,9.2609,61.455,41.822,43.168,2630.4,63.096,25.266,49.13,0.36242,8.823,26.048,120.39,1.3926,74.867,24.207,2.3257,54.677,4.9126,237.85,0.027829,0.85304,65.879,19.1,43.405
875,2026-04-09T08:42:00,50.892,27.149,27.436,32.851,45.516,2699.9,3659.6,20.473,18.761,22.161,0.27907,0.089465,339.64,77.702,6.8084,14.023,32.323,4441.6,21.973,48.599,49.159,80.367,2.2946,1.6537,3099.3,42.728,53.287,94.5,9.3289,64.372,35.626,43.157,2629.7,63.447,26.325,49.429,0.3625,8.823,26.048,120.46,1.3926,74.219,24.207,2.3257,54.677,4.9126,238.94,0.027829,0.85304,65.955,19.1,43.405
876,2026-04-09T08:45:00,48.64,24.94,27.072,32.977,44.501,2699.9,3700.4,17.345,18.2,21.771,0.25322,0.089465,339.86,77.196,6.6492,14.02,31.995,4459.6,23.298,43.387,50.297,80.341,2.3176,1.6673,3098.4,42.018,53.807,94.518,9.3201,57.461,38.975,42.898,2627.7,62.807,24.279,49.801,0.36109,8.8089,26.253,120.41,1.2076,74.1,23.746,2.2076,54.677,4.9037,239.15,0.027829,0.85304,66.056,19.184,43.405
877,2026-04-09T08:48:00,50.093,24.896,27.134,32.977,44.494,2697.6,3643.2,18.392,18.2,21.781,0.25367,0.089465,340.25,77.218,6.6492,14.02,31.995,4448.8,22.856,46.748,50.758,80.242,2.3176,1.6673,3097.2,42.032,53.937,94.646,9.2792,62.681,40.331,42.795,2626.1,63.791,26.366,50.293,0.36194,8.8089,26.253,120.41,1.2076,74.984,23.746,2.2076,54.677,4.9037,238.0,0.027829,0.85304,66.119,19.184,43.405
878,2026-04-09T08:51:00,49.855,28.063,26.751,33.145,44.988,2696.2,3727.8,19.312,18.917,21.515,0.28554,0.11242,339.84,77.254,6.8997,13.914,32.249,4465.3,22.475,46.197,49.749,80.072,2.255,1.642,3096.3,42.328,53.472,94.491,9.2901,62.412,37.362,42.895,2624.5,63.875,25.429,50.281,0.36275,8.9254,26.245,120.42,1.3879,74.966,23.68,2.4012,53.618,4.8669,238.54,0.006941,0.85394,66.092,18.665,44.52
879,2026-04-09T08:54:00,48.756,27.858,27.186,33.145,44.837,2696.4,3699.0,17.952,18.917,21.8,0.28763,0.11242,340.44,77.374,6.8997,13.914,32.249,4481.1,23.042,43.654,48.118,80.21,2.255,1.642,3095.8,42.76,53.283,94.434,9.3462,62.378,32.562,43.163,2624.4,64.372,25.129,50.211,0.36055,8.9254,26.245,120.4,1.3879,74.073,23.68,2.4012,53.618,4.8669,241.95,0.006941,0.85394,66.102,18.665,44.52
880,2026-04-09T08:57:00,50.05,25.969,27.153,32.789,45.512,2696.2,3667.1,15.694,18.777,21.51,0.25903,0.11242,339.72,77.442,7.0159,13.876,32.066,4561.4,23.989,46.649,51.162,80.253,2.3097,1.631,3096.5,42.302,53.569,94.592,9.2761,62.677,41.518,41.538,2624.3,62.824,24.644,50.64,0.35248,8.8973,26.576,120.42,1.2016,74.674,23.499,2.3076,53.618,4.9228,239.74,0.006941,0.85394,66.165,18.141,44.52
881,2026-04-09T09:00:00,49.415,25.752,27.082,32.789,44.676,2697.9,3677.7,18.894,18.777,22.061,0.26123,0.11242,340.51,77.605,7.0159,13.876,32.066,4504.9,22.628,45.18,49.493,80.447,2.3097,1.631,3095.7,42.343,54.246,94.461,9.3344,61.983,36.607,41.786,2627.1,62.642,25.054,50.65,0.35044,8.8973,26.576,120.41,1.2016,74.899,23.499,2.3076,53.618,4.9228,242.2,0.006941,0.85394,66.235,18.141,44.52
882,2026-04-09T09:03:00,51.485,27.445,26.917,32.821,45.149,2699.0,3629.7,18.686,19.02,21.916,0.28012,0.11242,340.06,77.519,7.0906,13.725,32.088,4570.3,22.714,49.972,51.16,80.475,2.276,1.6709,3098.4,42.127,54.812,94.695,9.3771,63.088,41.513,41.184,2627.4,62.377,26.082,50.947,0.34779,8.9902,26.316,120.42,1.3195,74.156,23.715,2.3381,53.618,4.8286,241.39,0.006941,0.85394,66.274,18.836,44.52
883,2026-04-09T09:06:00,51.109,27.442,26.789,32.821,44.396,2700.3,3579.2,16.745,19.02,21.797,0.28015,0.10584,340.4,77.332,7.0906,13.725,32.088,4593.4,23.534,49.1,50.512,80.362,2.276,1.6709,3099.6,42.713,54.535,94.577,9.3248,62.577,39.608,41.388,2629.3,63.247,25.869,51.063,0.34612,8.9902,26.316,120.39,1.3195,74.412,23.715,2.3381,53.906,4.8286,243.24,0.035423,0.85486,66.335,18.836,44.633
884,2026-04-09T09:09:00,49.745,27.519,26.828,33.133,44.275,2701.3,3619.3,19.669,18.715,22.067,0.27748,0.10584,341.04,77.108,6.9,13.835,32.142,4472.2,22.308,45.944,49.649,80.28,2.2744,1.6632,3099.6,42.464,54.33,94.809,9.4587,59.275,37.066,39.299,2630.5,61.74,25.32,51.54,0.3298,8.8416,26.076,120.39,1.3827,75.252,23.935,2.2834,53.906,4.8712,240.69,0.035423,0.85486,66.335,18.865,44.633
885,2026-04-09T09:12:00,49.943,27.483,26.827,33.133,44.522,2701.6,3607.5,17.319,18.715,22.237,0.27784,0.10584,341.49,77.486,6.9,13.835,32.142,4523.1,23.291,46.402,49.758,80.119,2.2744,1.6632,3099.1,41.924,53.721,94.703,9.3909,59.989,37.388,39.42,2630.7,61.943,25.291,51.42,0.32881,8.8416,26.076,120.38,1.3827,74.922,23.935,2.2834,53.906,4.8712,244.87,0.035423,0.85486,66.293,18.865,44.633
886,2026-04-09T09:15:00,52.335,27.132,26.969,33.02,44.462,2703.8,3677.3,18.719,18.421,22.028,0.27235,0.10584,340.98,77.114,6.9012,13.959,32.322,4528.0,22.711,51.937,49.93,80.157,2.3494,1.6385,3101.0,42.19,53.577,94.693,9.3477,60.689,37.895,40.552,2632.0,62.307,27.084,51.618,0.34325,8.7908,25.848,120.39,1.3263,74.635,23.722,2.2904,53.906,4.9004,245.47,0.035423,0.85486,66.299,19.108,44.633
887,2026-04-09T09:18:00,50.876,26.884,27.215,33.02,44.378,2703.8,3643.3,16.654,18.421,22.458,0.27489,0.10584,342.06,77.472,6.9012,13.959,32.322,4491.4,23.568,48.561,51.51,80.136,2.3494,1.6385,3100.8,42.182,54.015,94.6,9.3411,62.273,42.545,40.79,2633.4,62.892,23.411,51.655,0.34129,8.7908,25.848,120.39,1.3263,75.42,23.722,2.2904,53.906,4.9004,247.88,0.035423,0.85486,66.313,19.108,44.633
888,2026-04-09T09:21:00,50.907,25.401,26.768,32.834,45.097,2703.9,3686.6,19.91,18.515,22.129,0.25433,0.098863,341.77,77.352,6.9234,13.906,32.011,4460.8,22.197,48.634,49.094,80.235,2.2371,1.632,3101.3,42.417,53.75,94.58,9.363,61.281,35.433,42.323,2633.3,62.118,25.183,52.122,0.35686,8.8611,26.456,120.39,1.2802,74.626,23.206,2.2698,53.979,4.7904,246.05,0.030215,0.82373,66.359,18.645,43.926
