sample,timestamp,tag_01,tag_02,tag_03,tag_04,tag_05,tag_06,tag_07,tag_08,tag_09,tag_10,tag_11,tag_12,tag_13,tag_14,tag_15,tag_16,tag_17,tag_18,tag_19,tag_20,tag_21,tag_22,tag_23,tag_24,tag_25,tag_26,tag_27,tag_28,tag_29,tag_30,tag_31,tag_32,tag_33,tag_34,tag_35,tag_36,tag_37,tag_38,tag_39,tag_40,tag_41,tag_42,tag_43,tag_44,tag_45,tag_46,tag_47,tag_48,tag_49,tag_50,tag_51,tag_52
1,2026-04-28T00:00:00,49.969,26.603,26.833,32.589,41.511,2704.2,3656.5,17.48,18.963,22.327,0.27127,0.10668,341.14,77.364,6.9812,13.858,31.646,4526.1,23.223,46.463,50.927,79.942,2.2285,1.7066,3101.4,42.265,53.627,94.567,9.2737,63.109,40.827,41.506,2632.2,62.802,23.888,47.782,0.34873,8.9402,26.487,120.42,1.3057,74.907,24.027,2.3747,53.904,4.855,232.23,0.016262,0.84421,65.74,19.26,44.025
2,2026-04-28T00:03:00,49.064,29.763,26.917,32.849,40.59,2705.8,3615.5,17.564,18.718,22.15,0.30419,0.10668,341.87,77.467,6.8179,13.817,32.051,4451.8,23.184,44.367,49.73,80.014,2.2128,1.6775,3103.8,42.108,53.367,94.75,9.2764,62.184,37.306,41.056,2634.7,62.923,25.573,47.785,0.34133,9.0099,26.615,120.4,1.1736,74.446,23.731,2.379,53.904,4.8989,230.89,0.016262,0.84421,65.721,18.486,44.025
3,2026-04-28T00:06:00,52.672,29.706,26.649,32.849,41.252,2709.6,3659.8,17.541,18.718,22.109,0.30477,0.10668,341.39,77.745,6.8179,13.817,32.051,4446.9,23.182,52.717,49.669,80.177,2.2128,1.6775,3107.4,42.285,53.426,94.614,9.4519,61.318,37.126,40.518,2637.6,62.16,25.634,47.602,0.34574,9.0099,26.615,120.41,1.1736,74.845,23.731,2.379,53.904,4.8989,231.64,0.016262,0.84421,65.732,18.486,44.025
4,2026-04-28T00:09:00,50.119,26.303,26.852,32.479,40.976,2712.7,3648.5,17.206,18.453,22.652,0.26796,0.10668,342.07,77.807,6.988,13.819,32.55,4534.4,23.307,46.809,49.057,80.382,2.2344,1.6592,3108.7,42.207,54.261,94.574,9.3492,63.399,35.324,40.473,2642.5,63.771,23.017,47.57,0.33726,9.1545,26.317,120.44,1.2992,75.618,23.725,2.2883,53.904,4.8971,230.63,0.016262,0.84421,65.774,18.41,44.025
5,2026-04-28T00:12:00,49.784,26.422,26.85,32.479,42.016,2711.8,3675.1,18.461,18.453,21.954,0.26675,0.093026,341.74,77.482,6.988,13.819,32.55,4545.1,22.779,46.034,48.985,80.322,2.2344,1.6592,3111.6,42.713,54.132,94.425,9.2675,62.45,35.112,40.189,2640.7,63.313,23.898,47.766,0.33958,9.1545,26.317,120.41,1.2992,74.623,23.725,2.2883,53.978,4.8971,232.68,0.033856,0.83654,65.856,18.41,44.208
6,2026-04-28T00:15:00,50.192,21.309,26.961,33.077,39.764,2709.0,3655.6,18.864,18.717,22.359,0.21985,0.093026,342.07,76.812,6.8526,13.741,32.476,4535.0,22.636,46.979,50.434,79.996,2.2415,1.6525,3105.3,42.427,54.495,94.622,9.2923,61.861,39.376,40.103,2637.9,62.136,23.684,48.038,0.34075,8.9552,26.724,120.36,1.2399,75.427,23.754,2.2462,53.978,4.8345,230.72,0.033856,0.83654,65.849,18.9,44.208
7,2026-04-28T00:18:00,50.283,21.612,27.032,33.077,41.667,2709.4,3600.8,18.927,18.717,22.768,0.21677,0.093026,342.75,77.466,6.8526,13.741,32.476,4588.4,22.596,47.19,49.623,79.921,2.2415,1.6525,3105.6,42.138,53.856,94.653,9.3861,60.953,36.991,39.837,2638.7,63.079,25.829,47.991,0.34293,8.9552,26.724,120.4,1.2399,74.235,23.754,2.2462,53.978,4.8345,232.42,0.033856,0.83654,65.752,18.9,44.208
8,2026-04-28T00:21:00,48.182,21.811,26.609,32.917,40.596,2710.6,3666.8,19.278,18.349,22.51,0.2223,0.093026,342.53,77.252,7.0006,13.84,32.092,4472.6,22.451,42.326,49.836,80.058,2.2733,1.645,3106.1,42.726,54.059,94.54,9.3568,59.927,37.616,39.133,2639.7,63.095,25.403,47.927,0.33106,8.852,26.665,120.39,1.2717,74.406,24.122,2.3248,53.978,4.8398,234.28,0.033856,0.83654,65.76,19.013,44.208
9,2026-04-28T00:24:00,51.02,21.827,26.934,32.917,41.87,2709.1,3643.2,19.637,18.349,22.701,0.22215,0.093026,342.34,76.887,7.0006,13.84,32.092,4481.6,22.321,48.896,50.412,79.838,2.2733,1.645,3104.3,41.995,53.951,94.703,9.3984,61.723,39.313,39.133,2638.6,63.502,26.328,47.938,0.33105,8.852,26.665,120.43,1.2717,75.246,24.122,2.3248,53.978,4.8398,235.3,0.033856,0.83654,65.705,19.013,44.208
10,2026-04-28T00:27:00,49.966,25.225,26.716,33.102,40.8,2709.5,3614.8,17.329,18.12,22.534,0.26002,0.097628,342.66,77.405,6.7737,13.725,32.792,4460.5,23.283,46.454,50.458,79.791,2.3107,1.6668,3104.2,42.141,53.898,94.55,9.2983,62.492,39.448,40.543,2637.9,62.651,27.089,47.912,0.34089,8.7876,26.716,120.37,1.1468,73.778,24.207,2.2158,53.671,4.7698,234.68,0.022542,0.8329,65.685,18.446,44.017
11,2026-04-28T00:30:00,50.633,25.324,26.907,33.102,41.461,2711.6,3624.4,19.448,18.12,23.09,0.25901,0.097628,342.53,77.47,6.7737,13.725,32.792,4500.2,22.384,47.998,49.532,79.999,2.3107,1.6668,3106.4,42.271,53.423,94.682,9.4296,60.719,36.724,40.382,2640.8,62.485,23.505,48.097,0.34222,8.7876,26.716,120.41,1.1468,74.298,24.207,2.2158,53.671,4.7698,232.87,0.022542,0.8329,65.658,18.446,44.017
12,2026-04-28T00:33:00,49.771,18.459,27.032,32.932,41.102,2711.7,3687.7,18.972,18.379,22.897,0.18797,0.097628,342.89,77.435,6.7094,13.962,32.15,4573.6,22.583,46.004,49.658,79.998,2.2351,1.6264,3107.5,42.393,53.942,94.538,9.4434,62.885,37.093,39.071,2641.4,63.382,26.956,48.094,0.32717,9.0287,26.476,120.41,1.3143,75.251,23.766,2.2922,53.671,4.7063,233.11,0.022542,0.8329,65.706,18.608,44.017
13,2026-04-28T00:36:00,51.451,18.635,26.881,32.932,41.937,2711.8,3692.1,16.799,18.379,22.168,0.18618,0.097628,342.08,77.019,6.7094,13.962,32.15,4537.0,23.506,49.893,49.002,80.026,2.2351,1.6264,3108.6,42.77,54.38,94.601,9.4213,62.068,35.164,38.8,2640.4,63.305,25.267,48.261,0.3294,9.0287,26.476,120.41,1.3143,75.147,23.766,2.2922,53.671,4.7063,231.44,0.022542,0.8329,65.739,18.608,44.017
14,2026-04-28T00:39:00,51.91,24.362,27.101,33.142,42.355,2709.5,3721.9,18.631,18.58,22.458,0.24635,0.097628,342.05,77.135,6.8077,13.804,32.35,4511.6,22.742,50.955,50.44,79.796,2.2546,1.6582,3107.9,42.299,54.329,94.515,9.346,62.272,39.394,42.415,2638.5,63.49,25.923,48.027,0.35196,8.6259,26.517,120.42,1.2015,74.547,24.282,2.3231,53.671,4.8069,234.32,0.022542,0.8329,65.714,18.47,44.017
15,2026-04-28T00:42:00,51.133,24.163,26.613,33.142,41.187,2710.1,3710.2,19.089,18.58,22.549,0.24837,0.089414,341.89,77.143,6.8077,13.804,32.35,4525.2,22.55,49.156,50.973,79.88,2.2546,1.6582,3106.2,42.303,54.166,94.433,9.3754,60.664,40.963,42.2,2638.5,63.691,24.425,48.211,0.35372,8.6259,26.517,120.41,1.2015,74.927,24.282,2.3231,53.229,4.8069,231.44,0.007173,0.82298,65.661,18.47,43.338
16,2026-04-28T00:45:00,50.664,22.289,27.397,32.875,41.143,2708.1,3678.3,14.93,18.369,22.277,0.22746,0.089414,341.72,76.892,6.8063,13.853,32.113,4561.3,24.311,48.071,48.118,79.822,2.2841,1.6968,3106.8,42.668,54.112,94.484,9.3861,60.579,32.561,39.906,2636.6,63.494,24.087,47.993,0.33861,8.7939,26.628,120.41,1.3264,75.436,24.219,2.2225,53.229,4.7795,233.66,0.007173,0.82298,65.699,18.239,43.338
17,2026-04-28T00:48:00,51.394,22.303,26.879,32.875,41.366,2708.8,3702.0,18.834,18.369,22.316,0.22733,0.089414,341.34,77.129,6.8063,13.853,32.113,4564.2,22.663,49.759,49.248,79.897,2.2841,1.6968,3105.8,42.3,54.077,94.528,9.1716,61.361,35.886,40.132,2637.8,63.086,25.492,48.113,0.33676,8.7939,26.628,120.4,1.3264,75.049,24.219,2.2225,53.229,4.7795,232.1,0.007173,0.82298,65.666,18.239,43.338
18,2026-04-28T00:51:00,49.194,24.734,26.693,33.135,41.828,2711.0,3692.1,17.972,18.234,22.296,0.24744,0.089414,341.87,77.692,6.8278,13.776,31.826,4577.4,23.005,44.669,51.019,80.045,2.2472,1.6531,3108.1,42.46,54.556,94.479,9.4919,58.966,41.098,40.431,2639.4,63.338,25.902,48.043,0.34503,8.8669,26.147,120.39,1.2839,75.151,24.62,2.3868,53.229,4.778,232.67,0.007173,0.82298,65.71,18.224,43.338
19,2026-04-28T00:54:00,50.861,24.573,27.222,33.135,41.058,2712.5,3691.8,20.05,18.234,22.312,0.24908,0.089414,341.32,77.505,6.8278,13.776,31.826,4548.6,22.125,48.528,50.022,80.303,2.2472,1.6531,3109.7,42.369,54.902,94.317,9.2929,59.664,38.165,40.765,2641.3,63.343,26.138,47.886,0.3423,8.8669,26.147,120.41,1.2839,75.01,24.62,2.3868,53.229,4.778,234.13,0.007173,0.82298,65.774,18.224,43.338
20,2026-04-28T00:57:00,50.245,27.539,26.873,32.947,42.227,2713.7,3667.2,19.244,18.268,22.359,0.27908,0.097384,341.37,77.514,6.9151,13.846,31.828,4595.0,22.455,47.1,50.1,80.368,2.2698,1.6424,3111.4,42.016,54.476,94.408,9.3707,60.949,38.395,39.637,2643.0,63.64,25.765,47.736,0.33471,8.8992,26.079,120.41,1.2265,74.622,24.354,2.2745,53.817,4.7583,232.49,0.022855,0.81967,65.843,18.708,44.379
21,2026-04-28T01:00:00,49.603,27.517,27.204,32.947,41.24,2712.0,3675.2,20.912,18.268,22.418,0.2793,0.097384,341.06,77.293,6.9151,13.846,31.828,4569.9,21.752,45.615,49.94,80.291,2.2698,1.6424,3110.3,42.615,54.777,94.303,9.2493,59.619,37.925,39.706,2641.5,63.503,25.217,47.82,0.33415,8.8992,26.079,120.37,1.2265,74.933,24.354,2.2745,53.817,4.7583,229.91,0.022855,0.81967,65.877,18.708,44.379
22,2026-04-28T01:03:00,49.339,27.805,26.748,32.512,41.552,2709.3,3636.9,18.825,18.466,21.851,0.28346,0.097384,341.44,77.111,6.9818,13.892,32.227,4496.3,22.641,45.004,49.799,80.061,2.2502,1.6189,3107.2,42.689,54.521,94.593,9.3613,60.346,37.507,40.363,2637.7,63.406,23.384,47.677,0.34388,8.9433,26.982,120.4,1.2619,74.645,24.376,2.2588,53.817,4.8509,229.91,0.022855,0.81967,65.854,18.026,44.379
23,2026-04-28T01:06:00,50.04,28.014,27.082,32.512,40.563,2707.3,3656.3,18.755,18.466,22.398,0.28134,0.097384,341.28,77.018,6.9818,13.892,32.227,4521.9,22.683,46.628,50.115,79.837,2.2502,1.6189,3104.9,42.383,54.215,94.521,9.2702,61.147,38.439,40.526,2636.5,63.072,25.068,47.263,0.34254,8.9433,26.982,120.37,1.2619,75.548,24.376,2.2588,53.817,4.8509,233.02,0.022855,0.81967,65.768,18.026,44.379
24,2026-04-28T01:09:00,49.216,23.892,27.162,32.736,41.11,2704.7,3622.3,19.363,18.442,22.229,0.24933,0.097384,341.16,76.867,6.9722,13.858,32.245,4605.3,22.443,44.72,51.363,79.702,2.2079,1.6087,3103.6,42.126,54.959,94.749,9.4238,60.609,42.11,41.033,2633.2,63.009,23.712,47.193,0.34895,8.9257,26.111,120.38,1.1549,75.786,24.167,2.323,53.817,4.8199,232.31,0.022855,0.81967,65.67,18.89,44.379
25,2026-04-28T01:12:00,49.259,24.14,26.83,32.736,40.421,2705.0,3630.6,19.182,18.442,22.124,0.2468,0.090296,341.18,77.038,6.9722,13.858,32.245,4593.1,22.525,44.82,50.046,79.628,2.2079,1.6087,3102.9,42.605,55.105,94.701,9.2514,61.934,38.236,41.325,2633.9,62.867,25.738,47.155,0.34655,8.9257,26.111,120.38,1.1549,75.359,24.167,2.323,53.745,4.8199,230.07,0.029721,0.82404,65.566,18.89,44.315
26,2026-04-28T01:15:00,50.506,24.073,27.124,33.093,41.106,2708.3,3671.8,19.148,18.714,22.413,0.24312,0.090296,341.19,77.748,6.8588,13.758,32.447,4499.6,22.52,47.706,50.04,79.932,2.2269,1.6546,3104.3,42.433,54.156,94.713,9.2547,60.885,38.218,40.843,2637.1,62.153,25.52,46.86,0.34388,8.8412,26.389,120.41,1.1561,75.627,23.901,2.2902,53.745,4.8029,231.38,0.029721,0.82404,65.528,18.865,44.315
27,2026-04-28T01:18:00,51.672,23.76,27.122,33.093,40.7,2710.3,3642.2,17.451,18.714,22.501,0.2463,0.090296,341.13,77.565,6.8588,13.758,32.447,4502.4,23.229,50.404,50.04,80.218,2.2269,1.6546,3106.2,42.369,54.123,94.665,9.3773,60.565,38.216,40.944,2639.6,62.661,25.895,46.907,0.34305,8.8412,26.389,120.38,1.1561,75.803,23.901,2.2902,53.745,4.8029,228.82,0.029721,0.82404,65.574,18.865,44.315
28,2026-04-28T01:21:00,51.369,21.899,27.17,32.866,40.98,2708.7,3680.3,14.432,18.564,22.087,0.22278,0.090296,340.79,77.433,6.9264,13.708,32.138,4491.8,24.499,49.703,50.405,80.2,2.2002,1.6423,3107.8,42.3,54.295,94.644,9.3258,58.663,39.292,39.747,2636.9,62.97,27.031,46.681,0.3306,8.8395,26.543,120.41,1.2911,75.534,24.031,2.3342,53.745,4.8555,229.28,0.029721,0.82404,65.626,18.656,44.315
29,2026-04-28T01:24:00,50.61,21.719,26.852,32.866,40.494,2707.7,3662.9,14.522,18.564,22.02,0.2246,0.090296,341.13,77.295,6.9264,13.708,32.138,4511.7,24.464,47.945,50.26,80.125,2.2002,1.6423,3104.6,42.189,54.057,94.537,9.4344,61.532,38.865,39.432,2636.2,63.269,25.313,46.553,0.33319,8.8395,26.543,120.4,1.2911,74.784,24.031,2.3342,53.745,4.8555,228.65,0.029721,0.82404,65.668,18.656,44.315
30,2026-04-28T01:27:00,50.52,24.583,26.834,32.616,41.294,2705.3,3650.3,18.105,18.567,21.934,0.25308,0.12734,340.8,76.925,6.8568,13.768,32.013,4528.1,22.971,47.738,51.448,79.978,2.2499,1.6803,3104.0,42.014,54.377,94.607,9.3812,60.855,42.362,38.712,2633.9,62.883,24.625,46.64,0.32701,8.8477,26.566,120.39,1.3692,74.471,23.815,2.3857,53.384,4.8401,226.59,0.016106,0.84335,65.651,19.168,44.818
31,2026-04-28T01:30:00,48.109,24.859,27.124,32.616,41.031,2704.5,3637.4,18.482,18.567,22.124,0.25027,0.12734,340.81,77.11,6.8568,13.768,32.013,4533.8,22.813,42.158,49.813,79.877,2.2499,1.6803,3102.8,42.315,54.309,94.657,9.3489,60.834,37.551,38.954,2633.3,63.105,24.36,46.327,0.32502,8.8477,26.566,120.38,1.3692,75.699,23.815,2.3857,53.384,4.8401,228.54,0.016106,0.84335,65.586,19.168,44.818
32,2026-04-28T01:33:00,50.837,26.149,26.824,32.526,41.329,2704.6,3602.2,16.73,18.436,21.945,0.26382,0.12734,340.81,77.09,6.7621,13.854,32.059,4483.0,23.556,48.47,49.881,79.944,2.2711,1.6467,3102.5,42.243,53.638,94.736,9.3548,61.2,37.749,39.71,2633.2,64.312,25.925,46.303,0.33095,8.9575,26.919,120.41,1.0692,75.144,24.147,2.2502,53.384,4.7628,227.25,0.016106,0.84335,65.531,18.983,44.818
33,2026-04-28T01:36:00,49.132,26.121,26.848,32.526,40.689,2704.2,3675.4,18.372,18.436,21.935,0.2641,0.12734,340.7,77.181,6.7621,13.854,32.059,4499.8,22.863,44.525,49.069,79.981,2.2711,1.6467,3102.1,42.428,53.437,94.585,9.3769,62.102,35.359,39.744,2632.1,63.051,25.334,46.419,0.33067,8.9575,26.919,120.39,1.0692,74.713,24.147,2.2502,53.384,4.7628,224.39,0.016106,0.84335,65.48,18.983,44.818
34,2026-04-28T01:39:00,50.043,25.56,27.124,33.237,41.589,2704.2,3688.9,21.223,18.845,22.462,0.26392,0.12734,340.62,77.449,6.8377,13.523,31.867,4503.5,21.654,46.633,52.228,80.08,2.2733,1.64,3101.3,42.188,53.794,94.563,9.3561,61.182,44.655,40.705,2633.3,63.719,23.05,46.103,0.34166,8.9939,26.627,120.41,1.2832,75.209,24.34,2.2996,53.384,4.8192,226.37,0.016106,0.84335,65.523,18.71,44.818
35,2026-04-28T01:42:00,48.982,25.869,27.069,33.237,41.363,2701.1,3702.3,17.498,18.845,21.842,0.26077,0.10204,339.69,77.212,6.8377,13.523,31.867,4478.5,23.233,44.179,50.141,80.044,2.2733,1.64,3101.3,42.416,54.094,94.537,9.3268,61.897,38.515,40.45,2629.7,63.489,24.951,46.487,0.34375,8.9939,26.627,120.41,1.2832,75.198,24.34,2.2996,52.953,4.8192,225.98,0.017958,0.82804,65.546,18.71,43.404
36,2026-04-28T01:45:00,50.127,28.06,26.659,32.756,41.124,2704.4,3677.1,18.929,18.613,21.917,0.28042,0.10204,340.17,77.225,6.8456,13.867,32.012,4501.2,22.628,46.828,51.007,80.211,2.271,1.6767,3101.6,42.375,54.481,94.553,9.4072,61.46,41.062,36.12,2633.1,63.337,24.802,46.491,0.30486,8.9279,26.095,120.42,1.3166,75.438,23.983,2.2429,52.953,4.8506,226.74,0.017958,0.82804,65.558,18.979,43.404
37,2026-04-28T01:48:00,49.094,27.791,26.929,32.756,40.57,2703.9,3683.8,17.664,18.613,21.957,0.28315,0.10204,340.16,77.465,6.8456,13.867,32.012,4532.0,23.148,44.438,49.012,80.229,2.271,1.6767,3102.6,42.354,54.112,94.477,9.3863,60.215,35.192,36.865,2631.9,63.221,27.087,46.621,0.29876,8.9279,26.095,120.4,1.3166,75.147,23.983,2.2429,52.953,4.8506,226.05,0.017958,0.82804,65.624,18.979,43.404
38,2026-04-28T01:51:00,50.224,26.525,26.664,32.804,40.991,2701.9,3671.3,20.395,18.652,22.017,0.27302,0.10204,340.17,77.327,6.8372,13.605,31.81,4549.3,21.999,47.054,50.091,80.28,2.2547,1.6562,3099.9,41.951,53.232,94.539,9.2883,62.041,38.366,40.634,2631.1,63.405,24.777,46.591,0.34191,8.9537,26.548,120.41,1.1837,75.478,24.482,2.2049,52.953,4.8404,227.14,0.017958,0.82804,65.668,18.804,43.404
39,2026-04-28T01:54:00,49.259,26.765,26.5,32.804,41.459,2700.4,3697.9,18.686,18.652,21.832,0.27058,0.10204,340.6,76.96,6.8372,13.605,31.81,4478.5,22.733,44.819,48.298,80.161,2.2547,1.6562,3097.6,42.265,54.08,94.56,9.2526,61.022,33.091,40.575,2628.5,62.947,22.828,46.71,0.34239,8.9537,26.548,120.41,1.1837,75.1,24.482,2.2049,52.953,4.8404,226.54,0.017958,0.82804,65.679,18.804,43.404
40,2026-04-28T01:57:00,49.98,28.992,27.208,32.773,39.848,2697.5,3679.8,14.437,18.86,21.88,0.29281,0.1008,340.52,76.668,7.0566,13.824,32.193,4493.4,24.541,46.487,49.719,79.922,2.2342,1.6621,3095.8,42.584,54.311,94.651,9.2178,59.531,37.274,37.312,2625.3,63.371,22.455,46.579,0.31055,8.9025,26.43,120.36,1.0977,74.912,23.606,2.2266,53.317,4.8793,224.41,0.033184,0.86364,65.647,19.002,43.139
41,2026-04-28T02:00:00,49.222,28.802,27.365,32.773,41.528,2697.2,3733.5,17.671,18.86,21.788,0.29474,0.1008,340.3,77.188,7.0566,13.824,32.193,4548.9,23.172,44.734,49.694,79.933,2.2342,1.6621,3096.7,41.992,53.647,94.61,9.2619,61.945,37.201,37.208,2625.2,62.446,24.727,46.345,0.31141,8.9025,26.43,120.4,1.0977,74.332,23.606,2.2266,53.317,4.8793,225.98,0.033184,0.86364,65.571,19.002,43.139
42,2026-04-28T02:03:00,51.568,25.352,26.985,32.925,40.841,2698.3,3606.1,19.531,18.82,21.905,0.25958,0.1008,340.26,77.373,6.9051,13.751,32.363,4476.3,22.382,50.163,51.05,80.091,2.2742,1.6321,3095.4,42.29,54.008,94.76,9.2039,61.746,41.189,39.796,2626.2,62.653,24.793,46.137,0.33679,8.8252,26.137,120.41,1.255,74.699,23.659,2.2868,53.317,4.8417,227.21,0.033184,0.86364,65.535,18.676,43.139
43,2026-04-28T02:06:00,49.795,25.415,26.627,32.925,40.334,2699.9,3628.1,17.529,18.82,22.17,0.25894,0.1008,340.11,77.395,6.9051,13.751,32.363,4517.1,23.215,46.06,49.56,80.393,2.2742,1.6321,3095.9,42.235,53.521,94.742,9.3488,61.179,36.806,40.133,2628.8,62.274,24.923,46.056,0.33403,8.8252,26.137,120.37,1.255,74.559,23.659,2.2868,53.317,4.8417,226.99,0.033184,0.86364,65.601,18.676,43.139
44,2026-04-28T02:09:00,50.845,23.706,26.48,33.225,41.171,2699.9,3663.4,19.188,18.622,21.842,0.24164,0.1008,339.96,77.293,6.8531,13.635,32.116,4532.2,22.514,48.49,49.443,80.406,2.2572,1.6495,3097.9,42.105,54.13,94.752,9.2522,60.522,36.46,39.219,2628.2,62.903,27.787,46.253,0.32516,8.9733,26.266,120.43,1.4164,74.761,23.702,2.2835,53.317,4.9039,223.61,0.033184,0.86364,65.631,18.758,43.139
45,2026-04-28T02:12:00,49.39,23.826,26.783,33.225,40.267,2698.6,3639.9,15.59,18.622,21.484,0.24042,0.10728,339.37,77.254,6.8531,13.635,32.116,4522.0,24.029,45.121,49.593,80.323,2.2572,1.6495,3097.5,42.54,54.251,94.579,9.3791,61.915,36.903,39.043,2626.5,63.307,25.583,46.869,0.32661,8.9733,26.266,120.38,1.4164,75.634,23.702,2.2835,53.485,4.9039,225.94,0.035267,0.83786,65.689,18.758,43.639
46,2026-04-28T02:15:00,49.851,25.981,27.055,32.906,41.407,2697.1,3631.2,18.056,18.868,21.934,0.26517,0.10728,340.07,77.051,6.9588,13.723,32.23,4528.0,23.001,46.19,49.951,80.115,2.285,1.647,3096.1,42.267,53.99,94.754,9.2369,62.749,37.956,37.026,2625.3,63.916,26.204,47.027,0.31611,8.9927,25.85,120.42,1.388,74.997,23.806,2.2807,53.485,5.0258,227.55,0.035267,0.83786,65.696,19.077,43.639
47,2026-04-28T02:18:00,50.517,25.855,26.799,32.906,40.83,2697.6,3659.2,13.046,18.868,21.649,0.26645,0.10728,340.19,76.929,6.9588,13.723,32.23,4546.7,25.118,47.731,50.088,80.133,2.285,1.647,3095.3,41.924,53.766,94.576,9.2958,62.233,38.358,37.339,2626.6,63.435,25.342,47.237,0.31355,8.9927,25.85,120.4,1.388,74.927,23.806,2.2807,53.485,5.0258,228.58,0.035267,0.83786,65.697,19.077,43.639
48,2026-04-28T02:21:00,51.838,24.919,26.816,32.448,41.359,2697.4,3610.7,17.409,18.831,21.694,0.2543,0.10728,339.24,77.625,6.9821,13.761,31.747,4468.5,23.261,50.787,51.768,80.238,2.2858,1.6722,3095.8,42.617,53.893,94.663,9.3871,57.892,43.304,38.416,2625.6,63.319,23.623,47.396,0.32225,8.8804,26.585,120.4,1.1006,75.165,23.691,2.3589,53.485,4.9069,230.18,0.035267,0.83786,65.721,19.158,43.639
49,2026-04-28T02:24:00,49.532,24.857,26.762,32.448,40.381,2698.1,3650.0,17.565,18.831,21.876,0.25493,0.10728,340.27,77.081,6.9821,13.761,31.747,4493.1,23.203,45.451,50.467,80.377,2.2858,1.6722,3094.7,42.251,53.599,94.619,9.2668,60.778,39.473,38.707,2627.0,62.642,24.786,47.549,0.31986,8.8804,26.585,120.39,1.1006,75.16,23.691,2.3589,53.485,4.9069,231.78,0.035267,0.83786,65.777,19.158,43.639
50,2026-04-28T02:27:00,49.685,29.935,26.955,32.689,41.684,2698.2,3625.8,17.94,18.879,21.713,0.3008,0.098595,339.72,77.206,6.9045,14.035,32.429,4512.8,23.04,45.804,51.606,80.336,2.254,1.6702,3096.7,42.302,53.108,94.764,9.2796,60.451,42.825,39.079,2626.3,62.771,24.45,47.555,0.32426,8.8388,26.389,120.45,1.3621,74.805,23.955,2.2575,54.345,4.8261,227.91,0.016959,0.84427,65.823,18.964,43.471
51,2026-04-28T02:30:00,51.575,29.708,27.0,32.689,40.982,2696.7,3662.2,19.512,18.879,21.696,0.30311,0.098595,339.59,77.387,6.9045,14.035,32.429,4510.4,22.379,50.179,49.653,80.107,2.254,1.6702,3095.1,42.518,53.137,94.734,9.3749,60.048,37.08,38.543,2624.9,62.144,25.329,47.117,0.32865,8.8388,26.389,120.39,1.3621,74.872,23.955,2.2575,54.345,4.8261,233.07,0.016959,0.84427,65.8,18.964,43.471
52,2026-04-28T02:33:00,50.415,23.304,26.792,33.027,41.824,2696.3,3638.9,19.437,18.845,21.619,0.23843,0.098595,340.31,77.47,6.8208,13.796,31.914,4508.5,22.408,47.495,49.313,80.28,2.2744,1.6376,3094.7,42.595,53.588,94.766,9.4185,60.875,36.079,42.481,2625.2,63.168,24.434,47.57,0.35744,8.9737,25.964,120.42,1.1366,74.875,23.891,2.3359,54.345,4.9205,228.22,0.016959,0.84427,65.785,18.835,43.471
53,2026-04-28T02:36:00,50.816,23.316,26.713,33.027,40.711,2695.5,3656.1,18.243,18.845,21.574,0.23831,0.098595,340.01,77.286,6.8208,13.796,31.914,4519.3,22.914,48.422,51.729,80.247,2.2744,1.6376,3093.0,42.135,53.458,94.705,9.5133,58.703,43.189,42.58,2624.0,62.873,25.772,47.465,0.35662,8.9737,25.964,120.37,1.1366,74.501,23.891,2.3359,54.345,4.9205,229.63,0.016959,0.84427,65.813,18.835,43.471
54,2026-04-28T02:39:00,50.655,28.428,26.746,32.532,42.064,2696.8,3640.1,17.209,18.922,21.669,0.28621,0.098595,340.11,77.096,7.0291,13.979,32.087,4461.5,23.359,48.051,50.552,80.241,2.2529,1.6892,3095.4,42.455,54.447,94.695,9.2041,61.551,39.726,39.313,2624.7,63.899,26.51,47.356,0.33196,8.8304,25.698,120.41,1.2474,74.585,23.879,2.251,54.345,4.8392,231.11,0.016959,0.84427,65.808,19.402,43.471
55,2026-04-28T02:42:00,50.184,28.146,27.024,32.532,41.167,2695.8,3673.8,17.258,18.922,21.686,0.28908,0.10609,339.65,77.273,7.0291,13.979,32.087,4475.1,23.333,46.959,52.001,80.228,2.2529,1.6892,3096.2,42.44,54.284,94.602,9.4241,59.97,43.987,39.59,2625.1,63.32,24.388,47.65,0.32969,8.8304,25.698,120.4,1.2474,74.539,23.879,2.251,54.066,4.8392,230.01,0.035756,0.84807,65.779,19.402,43.8
56,2026-04-28T02:45:00,52.14,26.902,26.868,32.77,41.3,2694.6,3600.3,17.751,18.785,21.744,0.27222,0.10609,339.83,77.288,7.0363,13.834,32.344,4465.4,23.127,51.487,50.768,80.19,2.2639,1.6993,3093.0,42.331,52.95,94.737,9.3803,60.157,40.36,41.963,2622.3,62.717,26.014,47.812,0.35124,8.9521,26.446,120.43,1.1902,74.898,23.59,2.3106,54.066,4.8795,229.26,0.035756,0.84807,65.815,18.74,43.8
57,2026-04-28T02:48:00,50.137,26.654,26.767,32.77,40.075,2696.8,3620.7,19.315,18.785,22.313,0.27475,0.10609,340.68,77.515,7.0363,13.834,32.344,4456.8,22.456,46.85,51.278,80.337,2.2639,1.6993,3092.3,41.984,53.053,94.717,9.2963,60.57,41.861,41.999,2625.3,62.366,24.352,47.906,0.35094,8.9521,26.446,120.37,1.1902,74.777,23.59,2.3106,54.066,4.8795,229.28,0.035756,0.84807,65.813,18.74,43.8
58,2026-04-28T02:51:00,50.55,24.313,26.651,32.665,40.593,2696.9,3593.1,19.948,18.863,21.692,0.24821,0.10609,340.6,77.366,6.8665,13.912,31.557,4516.0,22.19,47.807,51.09,80.373,2.2521,1.6208,3094.9,42.325,53.919,94.738,9.4221,59.826,41.307,40.207,2626.0,62.637,25.264,47.855,0.33484,8.966,26.339,120.39,1.2709,74.726,23.635,2.2909,54.066,4.9141,230.9,0.035756,0.84807,65.853,18.77,43.8
59,2026-04-28T02:54:00,49.605,24.214,26.903,32.665,40.274,2698.4,3608.3,18.102,18.863,21.999,0.24922,0.10609,340.43,77.699,6.8665,13.912,31.557,4493.6,22.955,45.62,49.73,80.343,2.2521,1.6208,3096.4,42.227,54.187,94.848,9.3394,62.834,37.306,40.194,2626.9,62.375,25.671,47.948,0.33494,8.966,26.339,120.4,1.2709,75.123,23.635,2.2909,54.066,4.9141,230.9,0.035756,0.84807,65.877,18.77,43.8
60,2026-04-28T02:57:00,49.227,31.895,27.059,33.312,41.279,2701.8,3654.8,16.054,19.646,21.961,0.32831,0.10609,340.72,77.642,6.8131,13.814,32.343,4520.3,23.81,44.746,48.941,80.48,2.2848,1.6524,3100.0,42.316,53.797,94.605,9.1871,62.037,34.985,41.054,2630.3,62.999,26.687,47.969,0.34564,8.8882,26.125,120.41,1.2089,74.447,24.182,2.3401,53.958,4.8265,232.99,0.0083234,0.82865,65.915,18.333,43.502
61,2026-04-28T03:00:00,49.733,32.138,26.833,33.312,40.199,2701.1,3665.0,19.687,19.646,21.772,0.32583,0.10609,341.05,77.118,6.8131,13.814,32.343,4488.7,22.294,45.915,50.447,80.339,2.2848,1.6524,3100.3,42.837,54.175,94.54,9.3589,61.842,39.415,41.336,2630.3,62.822,24.995,48.115,0.34333,8.8882,26.125,120.4,1.2089,74.785,24.182,2.3401,53.958,4.8265,232.92,0.0083234,0.82865,65.95,18.333,43.502
62,2026-04-28T03:03:00,50.506,24.884,26.888,32.575,41.531,2700.0,3663.2,17.971,18.787,22.239,0.25243,0.10609,340.91,77.338,6.9028,13.626,32.073,4572.0,23.02,47.704,49.383,80.111,2.2722,1.6653,3097.6,42.335,54.29,94.541,9.2162,62.893,36.285,40.261,2629.1,63.361,26.517,48.183,0.3311,9.0065,26.205,120.42,1.3965,74.599,24.151,2.3345,53.958,4.9616,233.78,0.0083234,0.82865,65.922,18.729,43.502
63,2026-04-28T03:06:00,49.314,24.914,26.99,32.575,42.03,2700.0,3688.7,18.085,18.787,22.164,0.25212,0.10609,341.32,77.012,6.9028,13.626,32.073,4513.3,22.981,44.947,52.267,80.095,2.2722,1.6653,3097.7,42.332,54.992,94.61,9.3684,58.906,44.771,39.814,2628.1,62.924,24.843,48.292,0.33477,9.0065,26.205,120.42,1.3965,74.623,24.151,2.3345,53.958,4.9616,234.18,0.0083234,0.82865,65.867,18.729,43.502
64,2026-04-28T03:09:00,48.813,27.595,26.661,33.049,40.235,2700.2,3632.0,17.194,18.822,21.876,0.27683,0.10609,341.2,77.328,6.9026,13.871,32.277,4508.4,23.348,43.787,49.536,80.091,2.2952,1.6506,3099.1,42.479,54.121,94.531,9.3781,61.947,36.733,37.043,2628.6,63.134,25.688,48.568,0.31491,9.1437,26.14,120.39,1.2457,74.214,23.67,2.3347,53.958,4.8386,232.72,0.0083234,0.82865,65.87,19.146,43.502
65,2026-04-28T03:12:00,49.143,27.288,26.896,33.049,41.83,2704.6,3647.2,19.845,18.822,22.412,0.27995,0.0938,342.1,77.338,6.9026,13.871,32.277,4556.5,22.226,44.55,50.503,80.314,2.2952,1.6506,3100.3,42.451,53.546,94.545,9.3678,60.119,39.581,37.15,2633.2,62.873,23.138,48.277,0.31403,9.1437,26.14,120.43,1.2457,75.078,23.67,2.3347,53.894,4.8386,232.1,0.016425,0.84096,65.849,19.146,44.043
66,2026-04-28T03:15:00,49.721,25.483,26.696,32.822,40.918,2700.4,3649.3,18.523,18.545,22.119,0.25905,0.0938,341.82,76.927,7.0583,13.912,32.126,4493.4,22.803,45.887,48.796,79.999,2.3213,1.6835,3098.4,42.279,53.249,94.665,9.4997,59.786,34.558,40.484,2628.9,62.82,24.641,48.006,0.33955,8.8399,26.403,120.39,1.0933,75.356,24.043,2.266,53.894,4.765,234.36,0.016425,0.84096,65.833,18.808,44.043
67,2026-04-28T03:18:00,49.597,25.653,26.811,32.822,41.867,2701.3,3658.1,21.086,18.545,22.13,0.25732,0.0938,342.01,77.373,7.0583,13.912,32.126,4479.3,21.711,45.6,50.902,80.006,2.3213,1.6835,3096.9,42.508,53.417,94.542,9.2845,62.402,40.755,40.324,2629.5,62.668,26.18,47.916,0.34086,8.8399,26.403,120.41,1.0933,74.491,24.043,2.266,53.894,4.765,234.65,0.016425,0.84096,65.795,18.808,44.043
68,2026-04-28T03:21:00,50.801,27.054,27.093,32.916,40.609,2703.1,3586.8,16.53,18.779,22.486,0.27193,0.0938,342.18,77.52,6.9211,13.939,32.305,4537.1,23.623,48.388,50.584,80.136,2.2825,1.6977,3099.0,42.325,53.521,94.654,9.3669,61.156,39.82,41.214,2631.5,62.436,24.137,48.056,0.34347,8.9875,26.024,120.39,1.1551,75.041,23.354,2.1891,53.894,4.8772,232.34,0.016425,0.84096,65.786,18.83,44.043
69,2026-04-28T03:24:00,48.917,26.951,26.942,32.916,41.296,2705.9,3639.0,19.046,18.779,22.718,0.27298,0.0938,342.63,77.796,6.9211,13.939,32.305,4491.0,22.546,44.027,49.268,80.373,2.2825,1.6977,3100.9,42.118,54.072,94.639,9.3093,63.297,35.945,41.524,2635.7,61.538,25.915,48.158,0.34093,8.9875,26.024,120.4,1.1551,74.848,23.354,2.1891,53.894,4.8772,230.41,0.016425,0.84096,65.812,18.83,44.043
70,2026-04-28T03:27:00,48.286,25.178,26.79,33.076,40.934,2707.3,3638.8,20.99,18.938,22.538,0.25591,0.10751,342.71,77.46,6.9602,14.023,32.195,4495.5,21.727,42.566,49.489,80.378,2.2895,1.6143,3102.2,42.233,53.957,94.703,9.4861,62.058,36.596,41.367,2636.6,62.642,25.41,48.303,0.34945,9.0569,26.456,120.41,1.1464,74.785,23.447,2.3229,53.196,4.8853,231.49,0.019863,0.85282,65.899,18.718,43.731
71,2026-04-28T03:30:00,51.757,25.03,26.926,33.076,41.488,2704.5,3616.6,18.966,18.938,22.238,0.25742,0.10751,342.63,77.02,6.9602,14.023,32.195,4478.4,22.596,50.6,50.668,80.078,2.2895,1.6143,3100.3,42.149,54.161,94.657,9.3845,59.529,40.067,41.346,2633.0,63.025,26.964,48.254,0.34962,9.0569,26.456,120.41,1.1464,74.117,23.447,2.3229,53.196,4.8853,232.77,0.019863,0.85282,65.894,18.718,43.731
72,2026-04-28T03:33:00,50.445,26.129,26.873,33.044,40.694,2704.3,3628.0,20.283,18.419,22.337,0.26621,0.10751,342.96,77.343,6.7883,13.996,32.631,4513.5,22.034,47.564,50.288,79.999,2.2951,1.6578,3099.6,42.063,54.018,94.7,9.4065,61.77,38.948,42.485,2633.2,62.431,22.88,48.225,0.36055,8.8779,26.131,120.39,1.2979,75.3,23.592,2.2964,53.196,4.8651,233.86,0.019863,0.85282,65.855,18.636,43.731
73,2026-04-28T03:36:00,49.723,26.163,26.594,33.044,40.527,2706.1,3644.4,18.433,18.419,22.473,0.26586,0.10751,343.35,77.503,6.7883,13.996,32.631,4509.2,22.811,45.894,51.923,80.069,2.2951,1.6578,3100.8,42.335,54.07,94.611,9.4027,63.334,43.759,42.397,2635.0,62.147,24.996,48.35,0.36127,8.8779,26.131,120.4,1.2979,75.169,23.592,2.2964,53.196,4.8651,233.25,0.019863,0.85282,65.8,18.636,43.731
74,2026-04-28T03:39:00,50.044,21.508,26.73,33.531,41.274,2707.2,3669.9,17.963,18.392,22.733,0.22408,0.10751,343.28,77.51,6.8181,13.984,32.213,4521.2,22.999,46.635,48.771,80.247,2.2624,1.6838,3102.3,42.246,54.143,94.694,9.3562,62.398,34.482,42.355,2637.0,63.226,24.801,48.194,0.35785,8.9679,26.201,120.38,1.2306,74.581,23.493,2.3067,53.196,4.7269,235.76,0.019863,0.85282,65.836,18.876,43.731
75,2026-04-28T03:42:00,51.394,21.726,26.636,33.531,40.921,2705.5,3670.1,18.751,18.392,22.037,0.22186,0.10811,343.12,76.971,6.8181,13.984,32.213,4532.7,22.682,49.761,50.056,80.122,2.2624,1.6838,3101.9,42.657,54.005,94.353,9.366,61.97,38.266,42.356,2634.4,63.221,23.867,48.704,0.35783,8.9679,26.201,120.42,1.2306,75.304,23.493,2.3067,53.612,4.7269,234.4,0.019029,0.82222,65.888,18.876,43.618
76,2026-04-28T03:45:00,47.143,25.532,26.753,33.065,41.471,2703.9,3647.6,17.982,18.631,22.48,0.25914,0.10811,343.56,77.119,6.8376,13.943,32.34,4485.6,23.011,39.923,52.239,79.856,2.2275,1.6539,3099.0,42.678,53.983,94.754,9.3515,60.728,44.689,42.895,2633.2,63.422,25.692,48.855,0.3528,8.8012,26.478,120.4,1.2243,75.526,23.805,2.3244,53.612,4.7364,235.05,0.019029,0.82222,65.85,18.635,43.618
77,2026-04-28T03:48:00,50.873,25.569,26.85,33.065,41.051,2704.5,3624.5,18.137,18.631,22.403,0.25877,0.10811,343.44,77.528,6.8376,13.943,32.34,4517.6,22.933,48.555,49.82,79.935,2.2275,1.6539,3100.1,42.429,53.599,94.352,9.4539,60.709,37.571,42.49,2633.3,63.819,25.828,48.982,0.35613,8.8012,26.478,120.39,1.2243,74.739,23.805,2.3244,53.612,4.7364,236.02,0.019029,0.82222,65.789,18.635,43.618
78,2026-04-28T03:51:00,52.227,23.935,27.051,33.416,40.936,2705.8,3647.5,18.197,18.767,22.791,0.249,0.10811,343.72,77.076,6.9149,13.909,32.276,4532.9,22.92,51.687,50.119,80.028,2.2375,1.6701,3100.2,42.754,54.012,94.707,9.2895,63.903,38.45,41.933,2635.2,63.305,25.028,49.083,0.35357,8.9683,26.243,120.4,1.1734,73.865,23.617,2.3269,53.612,4.7889,237.2,0.019029,0.82222,65.878,18.427,43.618
79,2026-04-28T03:54:00,48.763,24.307,26.86,33.416,41.703,2706.4,3644.0,16.411,18.767,22.809,0.24522,0.10811,343.14,77.43,6.9149,13.909,32.276,4539.7,23.662,43.67,50.027,80.015,2.2375,1.6701,3101.1,42.659,53.93,94.407,9.4632,63.139,38.18,41.804,2635.4,63.364,25.711,49.26,0.35462,8.9683,26.243,120.4,1.1734,73.217,23.617,2.3269,53.612,4.7889,237.53,0.019029,0.82222,65.865,18.427,43.618
80,2026-04-28T03:57:00,48.662,24.811,27.152,33.149,40.941,2705.9,3664.9,15.997,18.421,23.049,0.25002,0.093585,343.74,77.482,6.9708,13.728,32.451,4553.7,23.836,43.438,51.524,79.978,2.3001,1.6194,3100.8,42.442,54.316,94.657,9.3047,65.458,42.586,41.577,2635.4,62.332,26.575,48.636,0.35015,8.8455,26.342,120.38,1.029,74.7,24.294,2.3363,53.882,4.8766,238.11,0.012581,0.8107,65.875,18.426,43.766
81,2026-04-28T04:00:00,49.887,24.839,26.811,33.149,41.727,2710.3,3643.6,17.97,18.421,22.832,0.24974,0.093585,343.84,77.737,6.9708,13.728,32.451,4516.0,22.989,46.272,49.128,80.244,2.3001,1.6194,3104.1,42.409,54.768,94.401,9.4497,60.946,35.535,41.506,2639.5,62.697,25.666,48.624,0.35073,8.8455,26.342,120.42,1.029,74.668,24.294,2.3363,53.882,4.8766,236.75,0.012581,0.8107,65.896,18.426,43.766
82,2026-04-28T04:03:00,52.603,22.964,26.694,33.552,41.409,2712.4,3614.8,20.346,17.824,23.127,0.23133,0.093585,343.93,77.719,7.0069,13.848,33.086,4525.0,21.978,52.558,51.55,80.353,2.2497,1.6632,3105.7,42.021,54.721,94.564,9.307,62.018,42.661,38.761,2641.7,62.647,22.894,48.727,0.33353,8.9511,26.152,120.4,1.2945,75.494,23.995,2.3045,53.882,4.8455,234.03,0.012581,0.8107,65.949,18.724,43.766
83,2026-04-28T04:06:00,49.26,22.679,26.909,33.552,41.993,2710.3,3598.3,18.504,17.824,22.786,0.23422,0.093585,343.93,77.444,7.0069,13.848,33.086,4556.0,22.758,44.821,49.298,80.165,2.2497,1.6632,3106.0,42.419,54.349,94.565,9.4154,61.201,36.033,38.984,2639.4,62.929,23.282,48.57,0.3317,8.9511,26.152,120.39,1.2945,74.204,23.995,2.3045,53.882,4.8455,234.25,0.012581,0.8107,65.972,18.724,43.766
84,2026-04-28T04:09:00,48.429,16.049,26.945,32.841,39.932,2707.7,3576.9,16.772,18.686,23.07,0.16662,0.093585,343.9,76.987,6.8845,13.859,32.522,4576.0,23.508,42.898,49.957,79.853,2.2804,1.6354,3101.6,42.583,53.413,94.76,9.4624,60.07,37.974,40.82,2636.4,62.88,27.348,48.468,0.34258,8.6495,26.017,120.38,1.1926,74.443,23.439,2.3015,53.882,4.8385,233.91,0.012581,0.8107,65.909,18.485,43.766
85,2026-04-28T04:12:00,50.3,16.397,27.081,32.841,40.302,2707.5,3605.9,17.422,18.686,23.123,0.16308,0.10675,343.57,77.169,6.8845,13.859,32.522,4524.9,23.238,47.227,50.301,79.757,2.2804,1.6354,3100.3,42.332,54.024,94.737,9.4,61.728,38.986,40.484,2636.6,62.382,25.642,47.951,0.34534,8.6495,26.017,120.37,1.1926,75.214,23.439,2.3015,53.174,4.8385,234.62,0.025633,0.81601,65.789,18.485,45.278
86,2026-04-28T04:15:00,49.677,21.0,26.828,33.489,41.323,2711.1,3672.7,18.56,18.4,22.912,0.21273,0.10675,343.99,77.765,6.821,13.911,32.52,4573.8,22.736,45.786,49.932,79.989,2.29,1.6472,3104.5,42.138,54.053,94.708,9.4451,61.141,37.901,40.79,2641.2,62.246,24.901,47.897,0.34568,8.7786,26.33,120.43,1.3042,75.048,23.816,2.2316,53.174,4.8823,232.21,0.025633,0.81601,65.728,18.592,45.278
87,2026-04-28T04:18:00,49.748,20.831,26.659,33.489,40.877,2711.6,3639.8,18.831,18.4,22.649,0.21445,0.10675,342.98,77.411,6.821,13.911,32.52,4525.5,22.629,45.95,47.926,80.032,2.29,1.6472,3107.3,42.204,54.632,94.609,9.4687,61.753,31.997,40.769,2641.2,62.812,25.712,47.779,0.34585,8.7786,26.33,120.4,1.3042,75.083,23.816,2.2316,53.174,4.8823,230.5,0.025633,0.81601,65.737,18.592,45.278
88,2026-04-28T04:21:00,48.722,20.64,26.604,33.403,41.521,2713.1,3631.4,18.812,17.936,22.833,0.2097,0.10675,343.67,77.505,6.7588,13.922,32.136,4561.6,22.634,43.577,49.861,80.032,2.2071,1.6269,3107.3,42.364,53.977,94.657,9.3865,62.7,37.69,41.424,2641.8,63.54,24.953,47.369,0.35249,8.8055,26.656,120.41,1.3049,73.584,24.033,2.2686,53.174,4.8535,232.1,0.025633,0.81601,65.709,18.416,45.278
89,2026-04-28T04:24:00,49.729,20.736,26.961,33.403,40.568,2712.0,3702.0,15.163,17.936,22.611,0.20872,0.10675,343.58,77.294,6.7588,13.922,32.136,4521.9,24.174,45.908,50.819,79.978,2.2071,1.6269,3107.4,42.432,54.452,94.479,9.4798,60.016,40.511,41.667,2641.2,62.326,25.795,47.246,0.3505,8.8055,26.656,120.38,1.3049,73.991,24.033,2.2686,53.174,4.8535,230.46,0.025633,0.81601,65.701,18.416,45.278
90,2026-04-28T04:27:00,51.075,24.069,26.722,33.417,42.28,2713.0,3681.9,19.12,17.98,22.564,0.24626,0.10342,343.57,77.722,6.8003,13.624,32.285,4568.0,22.492,49.021,51.289,80.017,2.2628,1.6361,3109.7,42.359,54.377,94.565,9.3088,61.915,41.893,41.748,2642.2,63.304,26.23,47.164,0.3535,8.7904,26.319,120.4,1.1238,75.091,23.925,2.3376,53.386,4.7798,229.46,0.025848,0.80512,65.658,18.926,44.292
91,2026-04-28T04:30:00,49.374,24.073,26.624,33.417,40.92,2713.5,3712.8,19.249,17.98,22.487,0.24622,0.10342,343.38,77.192,6.8003,13.624,32.285,4507.5,22.452,45.085,49.112,80.058,2.2628,1.6361,3109.8,42.366,55.101,94.356,9.2698,61.975,35.488,42.264,2642.6,62.771,24.625,46.972,0.34928,8.7904,26.319,120.4,1.1238,75.049,23.925,2.3376,53.386,4.7798,229.09,0.025848,0.80512,65.682,18.926,44.292
92,2026-04-28T04:33:00,51.192,22.864,27.042,33.648,41.851,2710.9,3694.5,19.665,17.971,22.72,0.2293,0.10342,343.23,77.14,6.7868,13.875,32.407,4501.1,22.285,49.293,49.288,79.792,2.2863,1.6787,3107.3,42.271,53.945,94.592,9.546,61.407,36.005,37.526,2640.1,62.819,25.099,46.734,0.32199,8.8393,26.641,120.42,1.2799,75.338,24.083,2.3116,53.386,4.8156,229.25,0.025848,0.80512,65.611,18.722,44.292
93,2026-04-28T04:36:00,50.736,22.568,26.999,33.648,41.345,2712.0,3659.8,18.894,17.971,22.727,0.23231,0.10342,343.26,77.406,6.7868,13.875,32.407,4540.5,22.606,48.237,50.353,79.799,2.2863,1.6787,3106.5,42.367,53.474,94.367,9.5526,59.051,39.138,37.521,2641.1,63.416,25.507,46.662,0.32203,8.8393,26.641,120.37,1.2799,75.278,24.083,2.3116,53.386,4.8156,227.62,0.025848,0.80512,65.537,18.722,44.292
94,2026-04-28T04:39:00,49.92,21.459,26.957,33.535,41.499,2710.6,3680.8,16.881,17.877,22.809,0.21655,0.10342,343.26,77.237,6.8352,13.739,32.052,4539.8,23.461,46.349,49.8,79.757,2.2901,1.6436,3105.8,42.423,53.974,94.663,9.2895,63.097,37.513,41.011,2639.7,63.257,23.701,46.455,0.34764,8.7828,26.133,120.42,1.1735,75.13,24.38,2.2892,53.386,4.8085,227.49,0.025848,0.80512,65.499,18.81,44.292
95,2026-04-28T04:42:00,48.916,21.596,26.626,33.535,41.172,2713.6,3690.4,18.214,17.877,23.029,0.21516,0.097787,343.47,77.665,6.8352,13.739,32.052,4493.1,22.881,44.025,48.512,80.064,2.2901,1.6436,3107.0,42.624,54.533,94.409,9.364,61.88,33.72,40.942,2643.4,63.092,24.26,46.154,0.3482,8.7828,26.133,120.4,1.1735,75.921,24.38,2.2892,53.337,4.8085,224.8,0.019762,0.82746,65.475,18.81,44.352
96,2026-04-28T04:45:00,50.664,24.646,26.634,32.964,41.463,2712.5,3652.1,18.412,18.428,22.385,0.25212,0.097787,342.99,77.636,6.8284,13.671,32.286,4507.9,22.797,48.07,48.855,80.006,2.2575,1.6491,3109.1,42.342,54.143,94.494,9.3916,61.905,34.73,39.622,2642.2,63.393,24.666,45.683,0.32904,8.8718,27.079,120.42,1.2356,74.789,24.423,2.2863,53.337,4.7017,226.04,0.019762,0.82746,65.481,18.595,44.352
97,2026-04-28T04:48:00,48.599,24.465,26.897,32.964,41.948,2712.9,3622.7,18.302,18.428,22.509,0.25397,0.097787,343.22,77.404,6.8284,13.671,32.286,4478.6,22.849,43.291,49.106,80.006,2.2575,1.6491,3109.6,42.643,54.492,94.405,9.3843,60.394,35.47,39.097,2642.0,63.899,24.938,45.66,0.33335,8.8718,27.079,120.4,1.2356,75.192,24.423,2.2863,53.337,4.7017,222.28,0.019762,0.82746,65.446,18.595,44.352
98,2026-04-28T04:51:00,49.287,22.378,27.087,33.128,41.386,2714.4,3650.4,16.884,18.356,23.207,0.23018,0.097787,343.39,77.352,6.8117,13.821,32.361,4548.0,23.449,44.884,49.622,79.984,2.2894,1.7175,3107.6,42.549,54.202,94.523,9.3804,60.846,36.989,38.241,2644.4,63.529,25.589,45.181,0.32397,8.7246,26.638,120.39,1.2734,74.968,24.393,2.3708,53.337,4.8604,223.67,0.019762,0.82746,65.428,18.267,44.352
99,2026-04-28T04:54:00,50.075,22.512,26.77,33.128,41.298,2713.4,3655.3,18.29,18.356,22.825,0.22882,0.097787,343.49,77.198,6.8117,13.821,32.361,4506.0,22.862,46.707,50.889,79.9,2.2894,1.7175,3108.0,42.33,54.705,94.425,9.4455,58.92,40.717,38.439,2644.0,63.446,25.676,45.02,0.32235,8.7246,26.638,120.39,1.2734,74.806,24.393,2.3708,53.337,4.8604,221.49,0.019762,0.82746,65.389,18.267,44.352
100,2026-04-28T04:57:00,50.664,21.796,27.134,33.099,41.742,2713.4,3653.3,18.456,18.343,22.879,0.21885,0.10358,343.01,77.169,6.9214,13.861,32.473,4547.0,22.796,48.072,50.373,79.868,2.221,1.6132,3107.8,42.472,55.078,94.532,9.3464,61.465,39.197,40.654,2642.4,63.684,23.998,45.286,0.33627,8.7416,26.353,120.4,1.2724,74.316,24.143,2.3155,53.245,4.7271,220.57,0.023823,0.82854,65.35,18.788,42.974
101,2026-04-28T05:00:00,49.923,21.648,27.25,33.099,41.098,2712.1,3684.5,19.314,18.343,22.778,0.22036,0.10358,342.95,77.169,6.9214,13.861,32.473,4564.5,22.436,46.356,50.023,79.821,2.221,1.6132,3108.2,42.644,54.868,94.573,9.3289,60.053,38.169,40.275,2641.1,63.149,25.311,44.958,0.33937,8.7416,26.353,120.38,1.2724,75.562,24.143,2.3155,53.245,4.7271,222.95,0.023823,0.82854,65.294,18.788,42.974
102,2026-04-28T05:03:00,50.904,20.569,26.937,32.995,40.55,2711.9,3638.6,16.902,18.094,22.949,0.20488,0.10358,342.77,77.399,6.8821,13.708,32.777,4507.3,23.445,48.625,50.498,79.898,2.274,1.6518,3106.4,42.312,54.316,94.534,9.4892,63.515,39.565,40.807,2641.2,62.99,25.094,45.025,0.34394,8.9411,26.535,120.4,1.4541,75.087,24.786,2.2172,53.245,4.8247,220.9,0.023823,0.82854,65.296,18.297,42.974
103,2026-04-28T05:06:00,50.097,20.293,26.621,32.995,40.814,2713.8,3665.9,17.587,18.094,22.763,0.20768,0.10358,342.92,77.609,6.8821,13.708,32.777,4535.7,23.143,46.759,51.075,80.185,2.274,1.6518,3108.7,42.077,53.976,94.512,9.3779,61.58,41.262,40.42,2643.0,62.52,24.333,45.004,0.34711,8.9411,26.535,120.4,1.4541,75.8,24.786,2.2172,53.245,4.8247,219.78,0.023823,0.82854,65.316,18.297,42.974
104,2026-04-28T05:09:00,50.485,17.067,26.714,33.349,41.512,2713.6,3652.7,21.706,18.46,22.792,0.1726,0.10358,342.18,77.252,6.8836,13.601,32.644,4568.1,21.41,47.657,51.455,80.212,2.2789,1.6562,3109.1,42.36,54.832,94.616,9.4044,61.054,42.381,38.506,2642.7,63.074,23.912,44.747,0.32882,8.9534,26.159,120.41,1.4243,75.634,24.822,2.3173,53.245,4.8443,221.3,0.023823,0.82854,65.376,18.387,42.974
105,2026-04-28T05:12:00,51.593,17.029,26.495,33.349,40.837,2709.7,3661.0,18.559,18.46,22.322,0.17299,0.092434,342.41,76.709,6.8836,13.601,32.644,4562.7,22.759,50.22,48.332,79.839,2.2789,1.6562,3105.7,42.213,54.896,94.715,9.3724,61.339,33.191,38.581,2638.5,62.931,24.628,44.738,0.3282,8.9534,26.159,120.4,1.4243,76.015,24.822,2.3173,53.054,4.8443,220.22,0.005675,0.83888,65.334,18.387,43.73
106,2026-04-28T05:15:00,50.241,17.893,26.959,32.981,40.618,2706.7,3707.3,17.594,18.358,22.434,0.17895,0.092434,341.79,76.716,6.7892,13.744,32.251,4572.5,23.184,47.091,50.401,79.541,2.2547,1.6566,3103.8,42.108,54.631,94.707,9.3545,61.246,39.279,37.17,2635.4,62.12,25.116,44.612,0.31414,8.7047,27.001,120.38,1.016,75.675,23.959,2.2531,53.054,4.8891,220.44,0.005675,0.83888,65.223,18.581,43.73
107,2026-04-28T05:18:00,51.239,17.523,26.987,32.981,40.851,2707.5,3643.2,17.604,18.358,22.485,0.18271,0.092434,341.95,76.997,6.7892,13.744,32.251,4555.6,23.181,49.401,49.085,79.6,2.2547,1.6566,3103.1,42.213,54.834,94.761,9.4378,62.254,35.407,37.06,2636.5,63.224,25.182,44.536,0.31504,8.7047,27.001,120.4,1.016,74.789,23.959,2.2531,53.054,4.8891,220.16,0.005675,0.83888,65.126,18.581,43.73
108,2026-04-28T05:21:00,48.326,21.09,27.024,32.87,40.795,2709.0,3670.9,15.658,18.464,22.466,0.21724,0.092434,341.29,76.969,6.7827,13.872,32.375,4556.5,24.004,42.661,49.829,79.792,2.2392,1.6218,3106.1,42.678,54.396,94.661,9.3857,61.348,37.596,39.13,2637.4,63.617,25.427,44.555,0.32777,8.7824,26.641,120.42,1.2832,74.616,24.162,2.2261,53.054,4.7194,218.79,0.005675,0.83888,65.104,18.988,43.73
109,2026-04-28T05:24:00,51.562,21.213,26.945,32.87,41.252,2708.8,3654.6,14.406,18.464,21.98,0.21598,0.092434,340.5,77.54,6.7827,13.872,32.375,4541.3,24.515,50.15,51.817,79.921,2.2392,1.6218,3108.3,42.378,54.577,94.57,9.3514,63.136,43.448,38.849,2637.8,63.898,26.059,44.528,0.33006,8.7824,26.641,120.42,1.2832,75.391,24.162,2.2261,53.054,4.7194,217.94,0.005675,0.83888,65.11,18.988,43.73
110,2026-04-28T05:27:00,47.71,19.999,26.799,32.724,41.331,2712.3,3662.6,20.279,18.805,22.341,0.20159,0.090621,340.23,77.761,6.9617,13.75,31.875,4517.2,22.018,41.234,49.308,80.446,2.2825,1.6418,3110.5,42.341,53.866,94.564,9.2553,61.565,36.064,41.013,2641.2,63.909,25.545,44.639,0.34015,8.9305,26.241,120.4,1.1248,76.06,23.852,2.2416,54.326,4.6976,218.34,0.019536,0.82092,65.222,18.741,43.984
111,2026-04-28T05:30:00,50.735,20.182,27.22,32.724,41.325,2709.9,3696.1,18.614,18.805,22.304,0.19973,0.090621,339.74,77.442,6.9617,13.75,31.875,4500.7,22.721,48.235,50.902,80.392,2.2825,1.6418,3108.3,42.24,54.063,94.435,9.3546,62.103,40.753,40.721,2638.5,63.331,25.016,44.676,0.34254,8.9305,26.241,120.4,1.1248,75.294,23.852,2.2416,54.326,4.6976,217.9,0.019536,0.82092,65.333,18.741,43.984
112,2026-04-28T05:33:00,50.866,24.749,26.562,32.697,41.052,2706.7,3610.3,19.12,18.156,21.539,0.25144,0.090621,339.37,76.651,7.0004,13.722,31.81,4479.8,22.533,48.539,51.529,80.075,2.2792,1.6599,3106.4,42.673,54.905,94.707,9.3801,61.886,42.601,39.01,2634.9,63.246,24.824,44.735,0.32957,8.7649,26.881,120.4,1.1891,75.512,24.861,2.2638,54.326,4.8106,217.21,0.019536,0.82092,65.378,18.812,43.984
113,2026-04-28T05:36:00,49.464,25.041,26.921,32.697,41.291,2706.5,3616.8,17.581,18.156,21.78,0.24847,0.090621,340.04,77.215,7.0004,13.722,31.81,4540.3,23.178,45.293,51.603,79.906,2.2792,1.6599,3105.7,42.361,54.181,94.616,9.1821,60.486,42.817,39.234,2634.7,63.135,24.826,44.661,0.32774,8.7649,26.881,120.4,1.1891,74.675,24.861,2.2638,54.326,4.8106,218.09,0.019536,0.82092,65.294,18.812,43.984
114,2026-04-28T05:39:00,49.647,25.69,26.759,32.726,40.705,2707.6,3652.9,18.839,19.008,21.879,0.2616,0.090621,340.17,77.193,7.1377,13.889,31.978,4562.2,22.653,45.718,49.927,79.96,2.3151,1.6384,3106.0,41.789,53.745,94.848,9.4058,61.261,37.884,38.601,2636.2,62.081,24.096,44.486,0.32578,8.8571,26.812,120.39,1.2951,76.335,24.182,2.423,54.326,4.7947,220.12,0.019536,0.82092,65.239,18.717,43.984
115,2026-04-28T05:42:00,54.148,25.515,26.899,32.726,40.92,2708.2,3618.6,17.909,19.008,22.106,0.26337,0.096874,339.98,77.096,7.1377,13.889,31.978,4558.7,23.052,56.133,48.908,79.923,2.3151,1.6384,3106.5,42.153,53.787,94.758,9.1708,62.307,34.886,38.651,2636.7,62.671,25.713,44.38,0.32536,8.8571,26.812,120.39,1.2951,75.353,24.182,2.423,53.902,4.7947,216.1,0.0007417,0.85223,65.21,18.717,43.96
116,2026-04-28T05:45:00,47.334,24.452,26.613,32.56,41.032,2708.1,3580.7,20.246,18.962,21.904,0.24773,0.096874,339.88,77.414,6.8585,13.836,31.951,4525.9,22.059,40.365,49.577,79.945,2.218,1.6278,3106.7,42.736,54.414,94.907,9.2276,61.143,36.854,40.966,2636.1,61.943,24.938,44.087,0.34278,8.7938,26.255,120.38,1.1628,75.686,24.068,2.1965,53.902,4.838,217.18,0.0007417,0.85223,65.172,18.974,43.96
117,2026-04-28T05:48:00,50.173,24.452,26.979,32.56,40.412,2708.8,3613.4,16.646,18.962,22.152,0.24773,0.096874,340.02,77.576,6.8585,13.836,31.951,4530.8,23.574,46.934,50.668,79.941,2.218,1.6278,3107.8,42.208,54.355,94.96,9.5015,60.551,40.067,40.802,2637.1,61.381,26.879,43.976,0.34413,8.7938,26.255,120.37,1.1628,74.951,24.068,2.1965,53.902,4.838,216.21,0.0007417,0.85223,65.159,18.974,43.96
118,2026-04-28T05:51:00,49.823,24.912,26.914,32.793,41.475,2714.5,3701.0,18.102,18.972,22.416,0.25306,0.096874,340.01,77.382,6.9785,14.036,31.865,4515.9,22.956,46.124,50.884,80.288,2.2341,1.6643,3111.1,42.657,53.892,94.647,9.344,60.282,40.701,40.125,2643.5,62.212,23.939,43.826,0.33861,9.0553,26.175,120.43,1.039,74.66,24.383,2.2318,53.902,4.8629,215.69,0.0007417,0.85223,65.183,18.508,43.96
119,2026-04-28T05:54:00,50.672,24.838,26.697,32.793,40.68,2712.6,3668.7,17.197,18.972,22.008,0.25381,0.096874,340.29,77.147,6.9785,14.036,31.865,4493.6,23.345,48.089,49.763,80.153,2.2341,1.6643,3111.7,42.172,54.158,94.706,9.396,59.088,37.401,40.224,2640.7,62.769,26.351,43.59,0.33779,9.0553,26.175,120.4,1.039,75.152,24.383,2.2318,53.902,4.8629,216.09,0.0007417,0.85223,65.207,18.508,43.96
120,2026-04-28T05:57:00,50.659,25.856,26.944,32.695,41.331,2709.3,3606.4,18.825,18.437,21.817,0.26587,0.092003,340.21,77.036,6.9265,13.897,31.789,4609.2,22.669,48.059,51.556,79.819,2.3021,1.666,3109.1,42.526,53.924,94.737,9.2749,61.125,42.679,43.132,2637.4,62.754,24.327,44.056,0.35919,8.9696,26.893,120.41,1.3757,74.833,24.546,2.2582,53.56,4.7902,217.67,0.044939,0.84417,65.143,18.831,44.348
121,2026-04-28T06:00:00,50.4,25.706,26.783,32.695,40.347,2709.6,3589.5,18.34,18.437,22.068,0.26739,0.092003,340.32,77.449,6.9265,13.897,31.789,4555.5,22.87,47.459,48.983,79.844,2.3021,1.666,3108.0,42.239,54.567,94.833,9.3434,60.405,35.108,42.899,2638.9,63.043,26.061,44.17,0.3611,8.9696,26.893,120.4,1.3757,75.511,24.546,2.2582,53.56,4.7902,218.17,0.044939,0.84417,65.084,18.831,44.348
122,2026-04-28T06:03:00,49.357,27.211,26.961,33.299,40.835,2711.0,3623.1,19.336,19.087,22.354,0.27436,0.092003,340.49,77.469,6.9034,13.714,31.881,4549.7,22.447,45.045,50.713,79.97,2.2208,1.6754,3109.5,42.115,53.862,94.7,9.3945,60.523,40.198,41.342,2639.8,62.856,25.536,44.269,0.34518,8.8055,26.381,120.42,1.1725,74.399,24.106,2.2664,53.56,4.8775,218.81,0.044939,0.84417,65.081,19.024,44.348
123,2026-04-28T06:06:00,50.619,27.155,26.721,33.299,40.533,2710.2,3659.8,17.403,19.087,21.718,0.27493,0.092003,340.01,77.2,6.9034,13.714,31.881,4498.7,23.271,47.966,48.499,79.85,2.2208,1.6754,3110.4,42.135,54.472,94.733,9.2951,61.283,33.682,41.078,2638.0,62.224,26.617,44.397,0.34734,8.8055,26.381,120.38,1.1725,74.365,24.106,2.2664,53.56,4.8775,219.09,0.044939,0.84417,65.133,19.024,44.348
124,2026-04-28T06:09:00,50.158,26.551,27.229,32.597,41.532,2712.9,3660.6,16.776,18.315,22.686,0.27046,0.092003,340.52,77.387,6.941,13.977,31.683,4524.0,23.53,46.899,49.059,80.002,2.2441,1.6748,3110.6,42.203,53.67,94.75,9.15,64.446,35.329,39.322,2641.7,62.381,24.307,44.376,0.32122,8.8765,26.464,120.42,1.3172,74.223,24.555,2.3204,53.56,4.7497,221.06,0.044939,0.84417,65.11,19.321,44.348
125,2026-04-28T06:12:00,48.614,26.39,26.685,32.597,39.984,2712.5,3648.4,18.966,18.315,22.066,0.2721,0.11493,340.93,77.287,6.941,13.977,31.683,4480.4,22.608,43.326,50.272,80.025,2.2441,1.6748,3111.3,42.366,54.192,94.627,9.2609,62.276,38.899,39.024,2640.9,62.592,24.214,44.336,0.32366,8.8765,26.464,120.4,1.3172,74.595,24.555,2.3204,53.376,4.7497,221.15,0.000256,0.86776,65.156,19.321,43.619
126,2026-04-28T06:15:00,51.21,28.939,27.131,32.497,41.824,2714.3,3614.8,17.564,17.801,22.568,0.29301,0.11493,341.19,77.582,6.7149,13.75,32.37,4498.1,23.186,49.334,50.203,80.105,2.2029,1.6922,3111.1,42.221,53.184,94.602,9.2684,61.851,38.697,42.297,2643.6,62.803,24.413,44.58,0.35482,8.8607,26.605,120.42,1.092,75.716,24.254,2.2568,53.376,4.8447,219.2,0.000256,0.86776,65.182,18.904,43.619
127,2026-04-28T06:18:00,49.985,28.932,26.723,32.497,40.694,2712.1,3640.2,20.47,17.801,21.976,0.29308,0.11493,340.95,77.12,6.7149,13.75,32.37,4509.6,21.972,46.5,50.405,80.023,2.2029,1.6922,3110.7,42.464,53.047,94.639,9.3986,63.095,39.292,41.992,2640.6,62.364,25.391,44.71,0.35732,8.8607,26.605,120.39,1.092,75.163,24.254,2.2568,53.376,4.8447,218.49,0.000256,0.86776,65.223,18.904,43.619
128,2026-04-28T06:21:00,49.029,22.667,27.133,32.629,41.235,2710.9,3724.2,19.202,18.366,22.067,0.22727,0.11493,341.19,77.433,6.9903,13.739,32.472,4480.4,22.502,44.288,51.05,79.894,2.2676,1.641,3110.9,42.414,54.364,94.623,9.3478,61.718,41.189,39.23,2639.2,62.953,25.211,44.792,0.33064,8.8928,26.578,120.41,1.339,75.048,24.127,2.3624,53.376,4.7629,218.38,0.000256,0.86776,65.2,19.109,43.619
129,2026-04-28T06:24:00,50.789,22.334,27.027,32.629,41.008,2709.3,3682.3,13.071,18.366,22.136,0.23066,0.11493,341.31,77.046,6.9903,13.739,32.472,4516.9,25.101,48.361,50.77,79.755,2.2676,1.641,3106.8,42.508,53.927,94.487,9.3792,61.016,40.366,39.164,2638.6,63.674,26.338,44.804,0.33118,8.8928,26.578,120.4,1.339,75.646,24.127,2.3624,53.376,4.7629,219.06,0.000256,0.86776,65.183,19.109,43.619
130,2026-04-28T06:27:00,49.53,21.012,26.687,32.322,40.21,2709.7,3605.7,18.194,18.186,22.4,0.21958,0.095546,341.37,77.159,6.8662,13.794,31.894,4472.4,22.939,45.447,49.071,79.929,2.2377,1.6659,3105.0,42.277,53.918,94.728,9.3796,60.85,35.365,38.962,2638.6,62.605,25.932,45.201,0.32956,8.8959,26.95,120.38,1.3587,74.258,24.164,2.2875,54.227,4.7594,222.58,-0.017529,0.85169,65.172,18.274,44.815
131,2026-04-28T06:30:00,49.885,21.209,26.707,32.322,41.16,2710.1,3568.2,16.059,18.186,22.81,0.21757,0.095546,341.43,77.135,6.8662,13.794,31.894,4510.8,23.842,46.267,52.471,79.903,2.2377,1.6659,3105.4,42.088,53.458,94.692,9.3323,61.67,45.372,39.246,2639.0,63.25,24.397,45.426,0.32723,8.8959,26.95,120.41,1.3587,74.446,24.164,2.2875,54.227,4.7594,223.98,-0.017529,0.85169,65.193,18.274,44.815
132,2026-04-28T06:33:00,51.611,26.843,27.005,32.881,40.13,2711.1,3647.5,17.569,18.341,22.216,0.27204,0.095546,341.07,77.129,7.0058,13.628,31.824,4625.7,23.211,50.261,49.871,79.845,2.2399,1.6432,3109.3,43.005,54.147,94.717,9.3455,61.545,37.722,40.015,2639.4,62.931,25.337,45.882,0.3322,8.9237,26.608,120.37,1.312,74.99,24.659,2.2981,54.227,4.8045,222.75,-0.017529,0.85169,65.249,18.676,44.815
133,2026-04-28T06:36:00,48.355,26.86,26.939,32.881,41.666,2712.1,3626.1,15.679,18.341,21.978,0.27187,0.095546,340.86,77.297,7.0058,13.628,31.824,4569.0,24.003,42.727,50.627,79.843,2.2399,1.6432,3110.7,42.156,54.826,94.634,9.3632,60.929,39.945,39.734,2640.3,63.298,24.649,45.921,0.33451,8.9237,26.608,120.43,1.312,74.677,24.659,2.2981,54.227,4.8045,226.21,-0.017529,0.85169,65.269,18.676,44.815
134,2026-04-28T06:39:00,48.745,27.717,26.74,32.747,40.627,2715.4,3625.9,17.632,18.414,22.461,0.28368,0.095546,340.97,77.569,6.8081,13.767,31.923,4552.7,23.171,43.63,50.896,79.982,2.3066,1.7126,3112.5,42.309,54.084,94.578,9.2542,60.875,40.738,37.723,2644.2,62.027,26.736,46.33,0.31337,8.8894,26.645,120.38,1.1795,74.82,24.34,2.3357,54.227,4.6967,225.47,-0.017529,0.85169,65.326,18.487,44.815
135,2026-04-28T06:42:00,52.225,27.668,26.752,32.747,40.407,2716.6,3618.7,15.906,18.414,22.275,0.28418,0.099861,341.29,76.993,6.8081,13.767,31.923,4539.1,23.909,51.684,49.289,79.971,2.3066,1.7126,3114.8,42.532,54.247,94.73,9.4119,61.014,36.009,37.466,2645.2,62.151,24.058,46.179,0.31547,8.8894,26.645,120.39,1.1795,75.358,24.34,2.3357,53.336,4.6967,226.86,0.014784,0.85309,65.399,18.487,43.879
136,2026-04-28T06:45:00,48.198,27.387,26.79,32.743,40.846,2717.9,3675.7,21.694,18.287,22.611,0.27442,0.099861,341.72,77.206,6.977,13.783,32.067,4546.0,21.46,42.363,49.423,80.041,2.2515,1.6508,3115.4,42.702,54.661,94.474,9.353,61.553,36.403,39.029,2647.8,62.88,26.008,46.281,0.33158,8.9064,26.221,120.42,1.3341,73.906,24.68,2.3528,53.336,4.7892,227.72,0.014784,0.85309,65.413,18.69,43.879
137,2026-04-28T06:48:00,47.527,27.198,26.985,32.743,41.164,2717.5,3659.1,20.193,18.287,22.427,0.27635,0.099861,341.65,77.281,6.977,13.783,32.067,4560.9,22.094,40.811,49.062,79.856,2.2515,1.6508,3115.1,42.206,54.484,94.687,9.3472,60.746,35.339,39.156,2645.3,63.166,25.508,46.483,0.33054,8.9064,26.221,120.4,1.3341,74.23,24.68,2.3528,53.336,4.7892,227.48,0.014784,0.85309,65.43,18.69,43.879
138,2026-04-28T06:51:00,49.98,26.025,26.794,32.824,40.361,2716.6,3647.5,19.204,18.414,22.593,0.26441,0.099861,342.27,77.053,6.801,13.826,32.323,4525.9,22.519,46.487,50.837,79.85,2.2611,1.6405,3113.6,42.409,54.434,94.473,9.4162,61.991,40.564,39.197,2646.1,61.875,25.123,46.52,0.33316,8.9016,26.778,120.38,1.3501,75.527,24.126,2.3178,53.336,4.7563,229.07,0.014784,0.85309,65.429,19.196,43.879
139,2026-04-28T06:54:00,49.12,26.139,27.041,32.824,41.289,2716.1,3627.3,17.609,18.414,22.658,0.26326,0.099861,342.6,77.068,6.801,13.826,32.323,4518.4,23.196,44.496,49.6,79.723,2.2611,1.6405,3111.7,42.003,54.524,94.752,9.2417,62.957,36.924,39.31,2644.8,62.223,25.303,46.694,0.33223,8.9016,26.778,120.41,1.3501,74.471,24.126,2.3178,53.336,4.7563,229.18,0.014784,0.85309,65.402,19.196,43.879
140,2026-04-28T06:57:00,51.241,23.423,26.675,32.836,40.834,2715.3,3638.3,14.657,18.402,22.394,0.24109,0.078089,342.2,76.907,6.7657,13.812,32.279,4493.5,24.446,49.405,51.099,79.662,2.2239,1.6668,3111.7,41.914,53.552,94.692,9.3691,63.31,41.335,39.998,2643.7,63.569,24.754,47.116,0.33568,8.9392,26.767,120.4,1.123,75.686,24.495,2.206,53.679,4.7221,227.22,0.030215,0.84692,65.38,18.853,44.277
141,2026-04-28T07:00:00,50.451,23.317,27.304,32.836,40.815,2714.1,3646.3,17.919,18.402,22.698,0.24218,0.078089,342.1,77.245,6.7657,13.812,32.279,4467.3,23.067,47.578,49.946,79.668,2.2239,1.6668,3110.2,42.663,53.867,94.567,9.3367,61.907,37.94,39.398,2643.0,63.431,25.739,46.909,0.3406,8.9392,26.767,120.4,1.123,74.633,24.495,2.206,53.679,4.7221,231.92,0.030215,0.84692,65.374,18.853,44.277
142,2026-04-28T07:03:00,51.13,23.764,27.045,32.649,42.001,2715.2,3683.4,18.829,18.281,22.557,0.24379,0.078089,341.77,77.328,6.8546,13.766,32.102,4505.5,22.676,49.15,50.168,79.858,2.2408,1.6794,3112.0,42.879,54.209,94.617,9.3277,61.553,38.594,39.297,2643.4,63.196,26.982,47.059,0.33844,8.8052,26.389,120.4,1.4065,75.015,24.396,2.28,53.679,4.7993,232.57,0.030215,0.84692,65.42,18.748,44.277
143,2026-04-28T07:06:00,51.944,24.118,26.755,32.649,41.248,2715.9,3646.8,17.501,18.281,22.538,0.24018,0.078089,341.96,77.402,6.8546,13.766,32.102,4510.4,23.229,51.032,50.331,79.977,2.2408,1.6794,3111.9,42.461,54.151,94.421,9.2876,60.504,39.075,39.861,2644.5,63.826,23.818,47.429,0.33381,8.8052,26.389,120.41,1.4065,75.406,24.396,2.28,53.679,4.7993,230.71,0.030215,0.84692,65.502,18.748,44.277
144,2026-04-28T07:09:00,50.375,25.563,26.89,32.74,41.47,2715.0,3655.5,18.638,18.164,22.533,0.2598,0.078089,341.7,77.475,6.9734,13.774,31.959,4528.3,22.739,47.402,48.452,80.094,2.2203,1.6752,3112.9,42.429,54.191,94.598,9.3316,60.735,33.544,38.836,2644.7,62.965,24.003,47.46,0.33159,8.7852,27.087,120.4,1.1832,75.776,24.622,2.3278,53.679,4.7528,232.58,0.030215,0.84692,65.598,18.857,44.277
145,2026-04-28T07:12:00,50.614,25.379,26.639,32.74,41.44,2713.9,3701.5,15.956,18.164,22.199,0.26167,0.10204,342.18,77.22,6.9734,13.774,31.959,4562.0,23.876,47.955,50.083,79.928,2.2203,1.6752,3110.8,42.482,53.787,94.566,9.2417,60.168,38.346,39.23,2642.5,62.173,27.117,47.697,0.32836,8.7852,27.087,120.43,1.1832,75.223,24.622,2.3278,53.114,4.7528,230.65,0.011094,0.85618,65.667,18.857,44.2
146,2026-04-28T07:15:00,50.823,27.267,26.658,32.882,39.804,2712.2,3613.1,17.908,18.868,22.153,0.27346,0.10204,342.38,77.117,7.0474,13.647,32.284,4510.7,23.059,48.439,51.379,79.807,2.2423,1.6399,3108.4,42.295,54.127,94.609,9.3057,61.123,42.158,39.252,2640.1,62.623,24.26,47.724,0.32943,8.6769,26.07,120.36,1.3609,75.7,23.89,2.3451,53.114,4.8257,231.94,0.011094,0.85618,65.666,18.653,44.2
147,2026-04-28T07:18:00,50.464,27.497,26.664,32.882,41.65,2711.9,3628.7,19.486,18.868,22.544,0.27112,0.10204,342.52,76.671,7.0474,13.647,32.284,4510.2,22.417,47.607,49.408,79.668,2.2423,1.6399,3107.7,42.298,54.133,94.76,9.3637,58.476,36.359,38.761,2641.0,62.354,24.573,47.817,0.33345,8.6769,26.07,120.42,1.3609,74.539,23.89,2.3451,53.114,4.8257,232.51,0.011094,0.85618,65.6,18.653,44.2
148,2026-04-28T07:21:00,52.797,24.025,26.934,32.79,39.533,2711.3,3586.6,18.734,18.11,22.787,0.24477,0.10204,343.04,76.959,6.9249,14.023,32.083,4509.0,22.736,53.006,50.217,79.483,2.2561,1.6641,3106.5,42.273,54.654,94.791,9.3259,61.563,38.739,37.402,2640.6,62.308,26.211,48.054,0.31525,8.9813,26.998,120.36,1.1764,74.516,24.433,2.317,53.114,4.818,231.53,0.011094,0.85618,65.555,19.065,44.2
149,2026-04-28T07:24:00,51.895,24.309,26.854,32.79,41.182,2714.2,3629.9,18.194,18.11,22.672,0.24187,0.10204,342.41,77.152,6.9249,14.023,32.083,4549.9,22.96,50.919,51.313,79.657,2.2561,1.6641,3109.0,42.629,54.164,94.765,9.4838,61.172,41.964,37.338,2642.6,61.564,25.01,48.043,0.31578,8.9813,26.998,120.39,1.1764,75.515,24.433,2.317,53.114,4.818,233.31,0.011094,0.85618,65.525,19.065,44.2
150,2026-04-28T07:27:00,51.185,25.779,26.929,32.957,40.592,2716.5,3609.4,18.258,18.681,22.999,0.26599,0.11572,342.86,78.015,6.7794,13.694,32.428,4481.1,22.902,49.276,49.009,79.924,2.253,1.6272,3111.5,42.54,53.961,94.785,9.339,59.995,35.184,42.647,2646.5,62.891,26.088,48.337,0.35498,8.9066,26.7,120.39,1.2984,74.151,24.349,2.2403,53.338,4.6985,234.64,0.02254,0.84218,65.55,18.662,44.423
151,2026-04-28T07:30:00,50.025,26.025,26.831,32.957,41.261,2716.8,3643.7,17.503,18.681,22.815,0.26348,0.11572,343.19,77.053,6.7794,13.694,32.428,4487.6,23.241,46.592,48.163,79.922,2.253,1.6272,3111.8,42.368,53.883,94.721,9.3803,59.983,32.693,42.403,2646.3,62.301,24.822,48.517,0.35698,8.9066,26.7,120.42,1.2984,74.501,24.349,2.2403,53.338,4.6985,235.44,0.02254,0.84218,65.663,18.662,44.423
152,2026-04-28T07:33:00,50.473,22.638,26.955,32.884,40.993,2715.5,3618.9,18.556,17.989,22.788,0.22973,0.11572,342.93,77.161,7.0059,13.809,32.13,4513.1,22.795,47.628,51.824,79.805,2.2493,1.639,3112.7,42.135,54.553,94.575,9.3914,61.421,43.467,38.072,2644.7,64.033,25.432,48.739,0.32067,8.9656,26.704,120.4,1.1242,74.615,24.502,2.1466,53.338,4.5956,235.81,0.02254,0.84218,65.723,18.784,44.423
153,2026-04-28T07:36:00,49.807,22.778,27.11,32.884,41.527,2715.8,3691.6,16.121,17.989,22.815,0.2283,0.11572,343.03,77.102,7.0059,13.809,32.13,4509.6,23.823,46.087,49.841,79.781,2.2493,1.639,3111.3,42.066,54.595,94.636,9.4737,60.739,37.634,38.041,2644.9,62.782,24.885,48.909,0.32093,8.9656,26.704,120.41,1.1242,75.325,24.502,2.1466,53.338,4.5956,236.73,0.02254,0.84218,65.743,18.784,44.423
154,2026-04-28T07:39:00,50.946,25.59,27.103,32.871,40.93,2715.7,3614.9,19.598,18.2,23.184,0.25548,0.11572,343.43,77.378,6.9374,13.865,32.051,4488.2,22.347,48.724,50.639,79.804,2.2624,1.6627,3111.5,42.246,54.56,94.623,9.3337,61.664,39.98,39.598,2644.8,62.104,25.792,48.796,0.33245,8.9557,26.618,120.39,1.2214,75.497,24.413,2.3499,53.338,4.706,240.82,0.02254,0.84218,65.763,18.718,44.423
155,2026-04-28T07:42:00,50.158,25.062,26.926,32.871,40.742,2716.3,3628.8,17.015,18.2,22.883,0.26085,0.089059,343.14,77.129,6.9374,13.865,32.051,4562.9,23.444,46.899,50.847,79.834,2.2624,1.6627,3110.2,42.378,53.666,94.696,9.2872,61.876,40.592,39.458,2645.8,61.866,24.181,49.237,0.33359,8.9557,26.618,120.39,1.2214,74.846,24.413,2.3499,53.082,4.706,234.96,-0.0099385,0.8369,65.807,18.718,44.147
156,2026-04-28T07:45:00,50.337,26.156,27.235,32.766,40.673,2714.0,3609.1,18.515,18.478,22.669,0.26706,0.089059,342.71,77.178,6.8003,13.613,32.236,4543.1,22.815,47.315,48.486,79.628,2.2398,1.6538,3110.6,42.402,54.069,94.716,9.4038,60.384,33.644,40.563,2642.9,62.72,25.004,49.019,0.33708,9.0655,26.341,120.41,1.2685,74.789,24.687,2.2424,53.082,4.8263,238.61,-0.0099385,0.8369,65.781,18.366,44.147
157,2026-04-28T07:48:00,49.71,26.236,27.142,32.766,40.401,2716.6,3622.4,20.452,18.478,23.1,0.26625,0.089059,343.15,77.168,6.8003,13.613,32.236,4523.9,22.002,45.862,49.01,79.674,2.2398,1.6538,3111.5,42.263,54.299,94.706,9.2162,61.515,35.186,39.579,2645.0,62.492,25.95,49.224,0.34515,9.0655,26.341,120.39,1.2685,74.468,24.687,2.2424,53.082,4.8263,237.52,-0.0099385,0.8369,65.748,18.366,44.147
158,2026-04-28T07:51:00,50.072,24.341,26.709,32.551,41.021,2718.0,3651.2,17.693,18.118,22.714,0.25068,0.089059,343.29,77.148,6.8515,13.639,32.002,4572.6,23.169,46.701,50.687,79.61,2.2627,1.6645,3112.8,42.32,54.621,94.658,9.3613,63.43,40.121,36.604,2646.8,63.211,25.621,49.337,0.31324,8.7633,26.647,120.4,1.4456,74.574,24.146,2.2205,53.082,4.7705,237.49,-0.0099385,0.8369,65.736,18.98,44.147
159,2026-04-28T07:54:00,49.758,24.509,26.841,32.551,40.671,2719.9,3650.4,18.91,18.118,23.149,0.24898,0.089059,343.52,77.522,6.8515,13.639,32.002,4583.6,22.643,45.973,49.476,79.816,2.2627,1.6645,3113.7,42.557,54.488,94.545,9.3652,60.279,36.557,36.454,2650.6,63.225,25.83,49.389,0.31447,8.7633,26.647,120.41,1.4456,75.008,24.146,2.2205,53.082,4.7705,238.12,-0.0099385,0.8369,65.729,18.98,44.147
160,2026-04-28T07:57:00,50.821,26.695,26.793,32.919,41.452,2721.2,3643.7,19.505,18.724,22.876,0.27336,0.095525,342.81,77.648,6.8947,13.774,32.377,4479.3,22.375,48.434,51.151,80.079,2.2612,1.6386,3116.5,42.281,54.246,94.418,9.3304,62.063,41.488,36.844,2650.9,62.945,24.687,49.262,0.31456,8.7377,26.447,120.43,1.2587,74.41,24.857,2.274,54.055,4.6791,239.24,0.02424,0.83707,65.826,18.839,43.891
161,2026-04-28T08:00:00,50.387,27.035,26.853,32.919,40.907,2720.2,3621.8,18.901,18.724,22.958,0.26989,0.095525,343.36,77.16,6.8947,13.774,32.377,4528.9,22.639,47.429,49.636,79.972,2.2612,1.6386,3115.5,42.365,53.652,94.56,9.2505,61.334,37.029,37.265,2649.7,63.321,25.591,49.34,0.31111,8.7377,26.447,120.38,1.2587,75.289,24.857,2.274,54.055,4.6791,238.85,0.02424,0.83707,65.892,18.839,43.891
162,2026-04-28T08:03:00,48.829,23.188,26.765,33.111,41.821,2717.2,3578.5,17.992,18.684,23.277,0.23649,0.095525,343.65,76.972,6.6691,13.806,31.989,4515.3,23.03,43.825,49.594,79.75,2.2167,1.6532,3110.8,42.581,54.139,94.538,9.3132,61.235,36.905,38.788,2646.8,63.696,25.605,49.347,0.32677,8.857,26.27,120.41,1.1891,75.027,24.441,2.1658,54.055,4.7003,239.28,0.02424,0.83707,65.898,18.561,43.891
163,2026-04-28T08:06:00,49.7,23.213,26.815,33.111,40.462,2715.4,3646.0,18.62,18.684,22.948,0.23624,0.095525,343.41,76.581,6.6691,13.806,31.989,4530.0,22.786,45.839,50.205,79.54,2.2167,1.6532,3109.4,42.541,53.962,94.854,9.2899,62.163,38.705,38.475,2643.9,62.534,24.851,49.34,0.32935,8.857,26.27,120.36,1.1891,75.273,24.441,2.1658,54.055,4.7003,239.92,0.02424,0.83707,65.844,18.561,43.891
164,2026-04-28T08:09:00,48.72,27.023,26.947,32.802,42.052,2713.6,3707.8,18.971,18.163,22.77,0.2727,0.095525,342.92,76.765,6.8641,13.819,31.933,4558.7,22.645,43.571,51.873,79.363,2.2488,1.6394,3109.3,42.575,54.315,94.435,9.2037,63.223,43.612,38.631,2642.7,63.544,26.034,49.382,0.33469,8.8503,26.718,120.45,1.1404,74.56,24.489,2.3178,54.055,4.792,240.06,0.02424,0.83707,65.762,18.4,43.891
165,2026-04-28T08:12:00,50.891,26.835,27.212,32.802,41.031,2714.8,3718.4,18.32,18.163,23.151,0.27461,0.099856,343.42,77.152,6.8641,13.819,31.933,4577.8,22.916,48.596,49.71,79.508,2.2488,1.6394,3109.1,42.307,54.086,94.687,9.4195,59.545,37.248,39.399,2643.9,63.362,24.426,49.581,0.3284,8.8503,26.718,120.41,1.1404,74.539,24.489,2.3178,53.273,4.792,238.54,-0.0014512,0.83838,65.705,18.4,44.327
166,2026-04-28T08:15:00,51.956,27.811,27.153,33.256,41.689,2714.7,3640.0,18.136,18.361,23.045,0.28027,0.099856,343.64,77.084,6.8085,13.518,32.2,4571.7,22.998,51.06,51.347,79.557,2.2514,1.6734,3109.5,42.297,54.604,94.396,9.2979,60.179,42.064,39.525,2643.7,63.109,25.612,49.346,0.33019,8.9016,26.742,120.42,1.2832,75.375,24.474,2.2666,53.273,4.7671,241.82,-0.0014512,0.83838,65.703,18.501,44.327
167,2026-04-28T08:18:00,51.357,27.667,26.861,33.256,40.742,2716.5,3631.1,17.566,18.361,22.758,0.28174,0.099856,343.19,77.434,6.8085,13.518,32.2,4558.5,23.224,49.674,50.998,79.79,2.2514,1.6734,3110.5,42.222,54.76,94.596,9.2894,61.241,41.037,39.244,2645.9,63.261,24.101,49.413,0.33249,8.9016,26.742,120.41,1.2832,76.278,24.474,2.2666,53.273,4.7671,241.67,-0.0014512,0.83838,65.768,18.501,44.327
168,2026-04-28T08:21:00,50.155,25.413,26.797,33.351,41.533,2718.5,3674.9,17.672,18.335,23.328,0.25546,0.099856,343.02,77.691,6.7452,13.721,32.151,4559.2,23.159,46.892,49.545,80.062,2.2701,1.664,3112.5,42.418,54.56,94.411,9.3382,59.614,36.762,34.973,2649.1,63.038,24.427,49.643,0.2996,8.7129,26.064,120.44,1.2914,75.698,23.746,2.2326,53.273,4.6169,239.61,-0.0014512,0.83838,65.863,18.722,44.327
169,2026-04-28T08:24:00,51.238,25.085,27.073,33.351,41.408,2717.9,3654.0,18.758,18.335,22.825,0.2588,0.099856,343.2,77.177,6.7452,13.721,32.151,4562.3,22.709,49.399,48.44,80.096,2.2701,1.664,3113.7,42.076,54.523,94.434,9.2992,58.171,33.508,34.836,2647.3,63.398,24.473,49.706,0.30072,8.7129,26.064,120.41,1.2914,75.696,23.746,2.2326,53.273,4.6169,239.37,-0.0014512,0.83838,65.997,18.722,44.327
170,2026-04-28T08:27:00,47.705,25.866,26.75,33.23,41.529,2715.1,3649.8,20.231,18.316,22.707,0.26058,0.0905,343.14,77.131,6.8563,13.939,31.376,4557.8,22.087,41.223,52.236,79.964,2.3005,1.6284,3111.0,42.357,54.063,94.429,9.2042,60.938,44.681,37.626,2644.1,64.125,24.519,49.709,0.31985,8.9336,26.626,120.4,1.176,75.879,24.459,2.3229,53.641,4.6816,240.24,0.030042,0.82451,66.036,18.325,44.289
171,2026-04-28T08:30:00,49.074,25.908,26.931,33.23,40.862,2710.4,3699.8,18.269,18.316,22.672,0.26015,0.0905,342.9,76.674,6.8563,13.939,31.376,4530.1,22.932,44.39,49.388,79.741,2.3005,1.6284,3106.4,41.97,54.395,94.387,9.3065,62.187,36.298,37.92,2640.1,63.266,25.622,49.683,0.31744,8.9336,26.626,120.4,1.176,75.284,24.459,2.3229,53.641,4.6816,241.21,0.030042,0.82451,65.99,18.325,44.289
172,2026-04-28T08:33:00,51.05,33.428,27.049,33.163,40.439,2708.9,3682.4,19.002,18.294,22.606,0.34247,0.0905,342.22,76.878,6.9149,13.979,31.965,4570.8,22.626,48.964,50.289,79.609,2.2858,1.6487,3105.4,42.586,54.924,94.64,9.2326,59.073,38.951,40.871,2638.4,62.666,24.919,49.798,0.34127,8.9558,26.195,120.38,1.1461,75.24,23.554,2.3256,53.641,4.7956,240.64,0.030042,0.82451,65.964,18.67,44.289
173,2026-04-28T08:36:00,49.73,33.512,26.844,33.163,41.437,2709.0,3640.8,19.716,18.294,22.881,0.34161,0.0905,342.68,77.255,6.9149,13.979,31.965,4595.6,22.322,45.91,48.982,79.637,2.2858,1.6487,3104.1,42.728,54.627,94.515,9.2095,60.819,35.105,40.423,2637.7,63.383,25.378,49.882,0.34494,8.9558,26.195,120.4,1.1461,75.418,23.554,2.3256,53.641,4.7956,240.43,0.030042,0.82451,65.916,18.67,44.289
174,2026-04-28T08:39:00,50.093,28.468,26.9,32.722,40.96,2708.2,3678.3,18.053,18.461,22.408,0.28976,0.0905,342.36,77.066,6.9634,13.774,32.371,4541.6,23.028,46.75,49.807,79.766,2.2943,1.6807,3103.9,42.183,54.472,94.579,9.2985,59.842,37.533,40.936,2637.4,62.22,24.181,50.012,0.35115,8.9205,26.106,120.39,1.3209,76.142,23.714,2.3534,53.641,4.7601,239.69,0.030042,0.82451,65.902,18.902,44.289
175,2026-04-28T08:42:00,49.484,28.486,27.151,32.722,40.835,2706.0,3660.5,18.12,18.461,22.478,0.28958,0.095044,342.44,76.578,6.9634,13.774,32.371,4564.4,23.019,45.34,48.899,79.633,2.2943,1.6807,3101.6,42.232,54.199,94.718,9.1962,61.573,34.859,41.486,2634.6,62.525,25.208,49.801,0.34663,8.9205,26.106,120.37,1.3209,76.076,23.714,2.3534,53.815,4.7601,238.72,0.012422,0.83293,65.927,18.902,44.396
176,2026-04-28T08:45:00,49.881,24.542,27.073,33.615,41.379,2705.5,3622.5,16.169,18.784,23.027,0.25151,0.095044,342.44,77.079,7.0213,13.843,32.617,4531.0,23.832,46.257,53.192,79.7,2.269,1.6325,3099.3,41.877,54.03,94.717,9.2532,58.824,47.495,38.969,2634.9,62.701,24.396,49.56,0.32278,8.9541,26.082,120.39,1.1899,76.208,24.2,2.2248,53.815,4.7498,240.39,0.012422,0.83293,65.903,18.771,44.396
177,2026-04-28T08:48:00,51.07,24.485,26.969,33.615,40.399,2706.9,3620.2,18.059,18.784,22.969,0.25209,0.095044,342.36,77.532,7.0213,13.843,32.617,4558.1,23.016,49.011,50.105,80.027,2.269,1.6325,3101.0,42.457,53.706,94.791,9.2013,60.513,38.409,38.304,2636.2,62.74,23.59,49.65,0.32824,8.9541,26.082,120.38,1.1899,75.889,24.2,2.2248,53.815,4.7498,238.33,0.012422,0.83293,65.923,18.771,44.396
178,2026-04-28T08:51:00,50.049,21.888,27.102,33.499,40.575,2705.9,3636.6,19.015,18.361,22.728,0.22466,0.095044,342.39,77.035,6.7813,13.85,32.098,4550.2,22.621,46.647,50.415,80.064,2.2627,1.6883,3100.2,42.297,54.109,94.696,9.2291,58.351,39.322,39.531,2634.4,61.846,26.3,49.579,0.33334,9.0489,26.117,120.4,1.4248,75.724,23.867,2.2806,53.815,4.8003,238.01,0.012422,0.83293,65.99,18.782,44.396
179,2026-04-28T08:54:00,49.219,22.029,26.766,33.499,39.795,2703.1,3637.2,19.057,18.361,22.272,0.22322,0.095044,341.64,77.252,6.7813,13.85,32.098,4491.2,22.598,44.726,50.477,79.981,2.2627,1.6883,3098.4,41.999,54.816,94.866,9.0479,61.985,39.503,39.13,2632.3,61.837,26.278,49.535,0.33662,9.0489,26.117,120.37,1.4248,75.345,23.867,2.2806,53.815,4.8003,237.4,0.012422,0.83293,66.042,18.782,44.396
180,2026-04-28T08:57:00,52.335,26.853,26.948,33.159,41.895,2703.8,3661.5,19.257,18.824,22.282,0.27102,0.09856,341.66,76.987,6.7515,13.889,32.072,4575.4,22.521,51.938,50.839,80.026,2.2658,1.6872,3099.3,42.411,53.781,94.704,9.3453,60.585,40.568,39.515,2632.3,63.505,25.211,49.619,0.33514,9.063,26.316,120.43,1.1256,75.088,23.062,2.284,53.892,4.831,237.62,0.0084475,0.84747,66.023,19.017,45.043
181,2026-04-28T09:00:00,50.373,26.747,26.811,33.159,40.998,2700.8,3648.8,16.521,18.824,21.956,0.2721,0.09856,341.31,76.954,6.7515,13.889,32.072,4516.3,23.68,47.398,50.731,79.89,2.2658,1.6872,3098.1,41.763,54.489,94.706,9.2149,62.854,40.25,39.786,2629.0,63.722,24.744,49.481,0.33292,9.063,26.316,120.37,1.1256,75.36,23.062,2.284,53.892,4.831,239.07,0.0084475,0.84747,66.011,19.017,45.043
182,2026-04-28T09:03:00,50.417,26.933,26.988,33.187,41.616,2699.7,3699.3,19.522,18.945,21.833,0.27729,0.09856,340.78,77.28,6.7504,13.883,31.845,4496.6,22.405,47.499,51.429,79.993,2.2576,1.6563,3097.9,42.387,54.128,94.566,9.405,59.889,42.304,40.36,2628.0,63.225,25.84,49.461,0.33734,9.0042,25.937,120.44,1.2522,75.047,23.697,2.3241,53.892,4.7146,239.21,0.0084475,0.84747,66.005,18.533,45.043
183,2026-04-28T09:06:00,50.152,27.006,26.63,33.187,41.182,2699.8,3675.5,18.285,18.945,22.046,0.27654,0.09856,341.28,77.127,6.7504,13.883,31.845,4488.9,22.925,46.885,49.545,80.173,2.2576,1.6563,3096.1,42.063,54.219,94.586,9.2725,60.592,36.761,40.346,2628.9,63.635,24.929,49.722,0.33745,9.0042,25.937,120.41,1.2522,75.534,23.697,2.3241,53.892,4.7146,236.14,0.0084475,0.84747,66.028,18.533,45.043
184,2026-04-28T09:09:00,49.975,29.476,27.329,33.177,41.517,2696.4,3708.0,16.521,18.899,21.799,0.30012,0.09856,340.23,77.081,7.0347,13.913,32.3,4539.4,23.67,46.476,49.495,80.086,2.2525,1.6429,3094.8,42.071,54.803,94.508,9.3138,61.123,36.613,40.195,2625.0,63.209,26.214,49.544,0.33823,9.0467,26.165,120.42,1.5202,74.864,23.805,2.2251,53.892,4.8189,237.99,0.0084475,0.84747,66.105,18.858,45.043
185,2026-04-28T09:12:00,49.991,29.254,26.796,33.177,40.874,2694.2,3687.1,18.631,18.899,21.506,0.30238,0.090321,340.16,77.058,7.0347,13.913,32.3,4559.2,22.79,46.514,50.784,79.954,2.2525,1.6429,3093.4,42.494,54.566,94.647,9.2266,62.519,40.406,40.35,2622.5,63.568,25.078,49.766,0.33696,9.0467,26.165,120.4,1.5202,74.756,23.805,2.2251,54.219,4.8189,239.65,0.011504,0.84635,66.077,18.858,43.452
186,2026-04-28T09:15:00,48.84,25.571,26.759,32.687,40.883,2693.4,3567.9,18.26,18.182,21.96,0.25421,0.090321,340.29,77.256,7.0294,13.815,31.98,4543.4,22.941,43.85,50.359,80.096,2.2614,1.6295,3091.0,42.255,53.971,94.583,9.3081,61.547,39.158,40.634,2621.7,63.116,25.481,49.891,0.34207,8.716,26.341,120.39,1.4442,76.123,23.956,2.2942,54.219,4.8539,240.0,0.011504,0.84635,66.051,18.739,43.452
187,2026-04-28T09:18:00,48.209,25.51,26.568,32.687,41.056,2695.4,3626.1,18.48,18.182,21.678,0.25484,0.090321,340.16,77.541,7.0294,13.815,31.98,4555.1,22.831,42.39,50.087,80.37,2.2614,1.6295,3092.5,42.185,53.831,94.924,9.1746,62.864,38.357,40.565,2624.3,62.114,24.47,49.905,0.34263,8.716,26.341,120.38,1.4442,75.152,23.956,2.2942,54.219,4.8539,241.52,0.011504,0.84635,66.128,18.739,43.452
188,2026-04-28T09:21:00,51.742,28.137,26.973,33.027,40.787,2695.7,3639.2,18.537,18.605,21.953,0.29096,0.090321,340.24,77.339,6.9713,13.877,32.132,4540.0,22.807,50.565,50.712,80.376,2.3042,1.7029,3093.5,41.792,54.299,94.674,9.2594,60.687,40.195,39.852,2624.2,61.794,26.506,50.032,0.32738,9.0277,25.945,120.4,1.329,74.853,23.44,2.1349,54.219,4.742,241.72,0.011504,0.84635,66.208,18.794,43.452
189,2026-04-28T09:24:00,50.777,28.465,27.074,33.027,40.564,2696.4,3635.0,18.51,18.605,21.935,0.28762,0.090321,340.2,77.519,6.9713,13.877,32.132,4538.2,22.807,48.332,48.556,80.454,2.3042,1.7029,3094.9,42.457,54.321,94.867,9.248,61.942,33.85,39.038,2624.6,61.866,24.658,50.253,0.33405,9.0277,25.945,120.4,1.329,74.288,23.44,2.1349,54.219,4.742,240.86,0.011504,0.84635,66.26,18.794,43.452
190,2026-04-28T09:27:00,49.201,27.002,26.727,32.996,40.026,2693.1,3635.4,16.137,18.944,21.303,0.276,0.088259,339.56,76.819,6.7869,14.058,32.358,4506.9,23.827,44.684,48.55,80.188,2.3249,1.6467,3093.0,42.18,54.564,94.772,9.3924,60.164,33.832,40.613,2621.4,62.257,25.315,50.319,0.33507,8.8052,25.956,120.36,1.1207,75.822,23.394,2.3648,53.281,4.8329,241.63,0.026097,0.85658,66.3,19.017,44.418
191,2026-04-28T09:30:00,49.47,26.933,26.83,32.996,40.855,2690.4,3651.1,18.593,18.944,21.335,0.2767,0.088259,339.91,76.93,6.7869,14.058,32.358,4503.4,22.805,45.307,51.909,79.938,2.3249,1.6467,3090.7,42.525,54.605,94.904,9.2556,59.99,43.717,40.309,2618.6,61.986,26.938,50.425,0.33756,8.8052,25.956,120.41,1.1207,75.161,23.394,2.3648,53.281,4.8329,242.09,0.026097,0.85658,66.237,19.017,44.418
192,2026-04-28T09:33:00,50.363,24.858,26.752,33.088,40.556,2690.1,3676.3,20.114,19.431,21.559,0.25289,0.088259,340.2,77.261,6.8422,14.025,32.205,4489.1,22.161,47.375,51.506,80.015,2.287,1.6642,3088.5,42.489,54.206,94.748,9.313,59.623,42.532,42.644,2619.2,63.173,27.198,50.623,0.35994,8.8989,26.337,120.4,1.1541,75.68,23.651,2.3411,53.281,4.8589,241.55,0.026097,0.85658,66.145,19.081,44.418
193,2026-04-28T09:36:00,48.313,24.697,26.882,33.088,41.979,2691.0,3656.7,15.875,19.431,21.412,0.25453,0.088259,339.66,77.413,6.8422,14.025,32.205,4527.6,23.941,42.63,51.869,80.129,2.287,1.6642,3088.7,42.147,53.746,94.803,9.1433,60.003,43.6,42.777,2618.6,63.511,25.229,50.82,0.35884,8.8989,26.337,120.42,1.1541,75.015,23.651,2.3411,53.281,4.8589,240.98,0.026097,0.85658,66.154,19.081,44.418
194,2026-04-28T09:39:00,49.776,26.473,26.667,33.116,40.258,2690.1,3651.8,18.425,19.044,21.267,0.26402,0.088259,339.17,77.546,6.9198,13.991,32.126,4510.8,22.857,46.015,48.38,80.36,2.2255,1.6585,3090.2,42.486,53.746,94.667,9.3105,60.684,33.332,42.748,2618.8,63.173,25.273,50.857,0.3544,8.9889,26.159,120.39,0.99059,74.899,23.381,2.2646,53.281,4.789,242.2,0.026097,0.85658,66.199,19.121,44.418
195,2026-04-28T09:42:00,49.709,25.925,27.017,33.116,41.54,2690.7,3665.9,15.889,19.044,21.384,0.2696,0.1216,339.55,77.39,6.9198,13.991,32.126,4490.5,23.924,45.86,48.297,80.421,2.2255,1.6585,3089.6,42.367,53.988,94.709,9.3372,60.281,33.088,42.762,2619.1,62.931,25.229,51.269,0.35428,8.9889,26.159,120.44,0.99059,75.863,23.381,2.2646,53.5,4.789,242.38,0.012355,0.8454,66.315,19.121,44.003
196,2026-04-28T09:45:00,51.008,27.021,26.904,33.216,40.319,2690.8,3646.2,20.83,18.991,21.525,0.27431,0.1216,339.73,77.488,7.0469,13.994,32.483,4511.5,21.834,48.866,49.331,80.539,2.2911,1.6794,3089.3,42.076,53.584,94.608,9.186,62.48,36.131,42.349,2619.6,62.59,27.1,51.503,0.35251,8.9467,26.094,120.4,1.0966,74.937,23.575,2.3263,53.5,4.9039,242.68,0.012355,0.8454,66.385,18.875,44.003
197,2026-04-28T09:48:00,51.165,26.833,27.298,33.216,41.086,2689.5,3630.7,19.796,18.991,21.854,0.27623,0.1216,339.26,77.365,7.0469,13.994,32.483,4492.2,22.269,49.23,49.918,80.46,2.2911,1.6794,3088.2,42.548,53.815,94.773,9.2816,59.064,37.857,42.745,2618.1,62.857,22.719,51.497,0.34927,8.9467,26.094,120.4,1.0966,74.463,23.575,2.3263,53.5,4.9039,245.68,0.012355,0.8454,66.449,18.875,44.003
198,2026-04-28T09:51:00,49.746,23.615,26.721,32.588,40.084,2688.4,3619.4,16.365,19.358,21.281,0.2373,0.1216,339.46,77.352,6.923,13.778,32.868,4527.0,23.713,45.946,49.268,80.461,2.313,1.685,3088.4,42.452,53.963,94.704,9.3791,61.568,35.946,42.405,2616.2,61.841,25.693,51.92,0.35485,8.8184,26.138,120.37,1.0812,75.063,23.446,2.3087,53.5,4.8288,243.84,0.012355,0.8454,66.458,19.206,44.003
199,2026-04-28T09:54:00,49.516,23.54,26.917,32.588,41.488,2689.2,3578.4,17.183,19.358,21.386,0.23806,0.1216,339.25,77.429,6.923,13.778,32.868,4479.0,23.363,45.413,49.534,80.476,2.313,1.685,3088.0,42.614,54.537,94.93,9.2586,62.486,36.729,42.516,2616.7,62.547,25.213,52.031,0.35394,8.8184,26.138,120.39,1.0812,75.265,23.446,2.3087,53.5,4.8288,245.5,0.012355,0.8454,66.493,19.206,44.003
200,2026-04-28T09:57:00,49.836,19.364,26.821,33.506,39.636,2689.0,3634.8,19.878,19.512,21.421,0.19589,0.10373,339.39,77.181,6.9129,13.728,32.107,4481.4,22.233,46.155,50.359,80.466,2.1943,1.6509,3087.6,42.324,53.653,94.778,9.2678,60.809,39.156,39.388,2617.7,62.566,24.397,52.0,0.33295,9.1164,25.477,120.36,1.2237,75.401,23.499,2.2606,53.872,4.9407,245.82,0.027975,0.8528,66.529,18.866,43.265
201,2026-04-28T10:00:00,49.765,19.368,26.72,33.506,41.046,2686.7,3636.2,18.82,19.512,21.268,0.19585,0.10373,339.34,76.842,6.9129,13.728,32.107,4487.9,22.692,45.991,50.876,80.233,2.1943,1.6509,3085.9,42.236,53.575,94.836,9.2566,62.353,40.679,39.879,2614.6,62.541,25.351,52.106,0.32892,9.1164,25.477,120.43,1.2237,75.007,23.499,2.2606,53.872,4.9407,246.29,0.027975,0.8528,66.525,18.866,43.265
202,2026-04-28T10:03:00,50.213,26.102,27.095,32.812,39.852,2690.1,3630.0,16.982,19.074,21.576,0.2684,0.10373,339.26,77.616,6.7317,13.836,32.396,4501.2,23.444,47.027,49.13,80.395,2.2746,1.6484,3088.0,42.337,54.205,94.721,9.4403,59.284,35.541,38.911,2618.1,62.702,25.389,51.919,0.32503,8.965,26.18,120.38,1.2455,74.707,23.423,2.2806,53.872,4.9526,250.04,0.027975,0.8528,66.492,18.892,43.265
203,2026-04-28T10:06:00,47.512,26.311,27.16,32.812,42.42,2694.3,3585.6,17.866,19.074,21.874,0.26627,0.10373,339.54,77.63,6.7317,13.836,32.396,4485.9,23.061,40.775,50.151,80.657,2.2746,1.6484,3092.9,42.243,54.389,94.753,9.3723,62.466,38.543,39.287,2623.1,63.468,26.537,52.266,0.32194,8.965,26.18,120.45,1.2455,74.95,23.423,2.2806,53.872,4.9526,247.76,0.027975,0.8528,66.539,18.892,43.265
204,2026-04-28T10:09:00,49.743,23.366,27.152,32.874,40.393,2694.8,3691.5,18.324,18.837,21.427,0.23901,0.10373,339.44,77.641,6.7191,13.949,32.935,4468.0,22.856,45.939,48.813,80.8,2.2778,1.6438,3095.6,42.324,54.522,94.46,9.2716,61.047,34.607,40.386,2623.2,63.29,23.855,52.648,0.33616,9.1635,25.965,120.44,1.3063,74.858,23.71,2.3478,53.872,4.9063,245.03,0.027975,0.8528,66.634,19.472,43.265
205,2026-04-28T10:12:00,50.16,23.642,26.791,32.874,41.356,2693.5,3662.0,16.458,18.837,21.215,0.2362,0.10404,338.8,77.106,6.7191,13.949,32.935,4468.4,23.653,46.904,50.099,80.61,2.2778,1.6438,3094.4,42.859,54.518,94.431,9.3281,61.019,38.391,40.409,2621.2,63.798,26.425,52.684,0.33598,9.1635,25.965,120.42,1.3063,74.471,23.71,2.3478,53.116,4.9063,248.58,0.015787,0.84352,66.692,19.472,43.554
206,2026-04-28T10:15:00,50.159,17.749,27.164,32.896,40.846,2688.8,3686.3,19.584,18.591,21.371,0.18203,0.10404,339.12,77.085,6.8482,13.871,32.044,4422.6,22.344,46.901,48.886,80.373,2.2828,1.6452,3089.6,42.146,53.574,94.621,9.4069,63.811,34.821,41.912,2617.7,63.637,26.649,52.939,0.34916,8.9178,26.259,120.41,1.3691,75.545,23.774,2.2833,53.116,4.9335,248.34,0.015787,0.84352,66.656,18.848,43.554
207,2026-04-28T10:18:00,48.909,17.864,26.722,32.896,41.138,2687.5,3664.6,19.525,18.591,21.158,0.18086,0.10404,339.03,77.226,6.8482,13.871,32.044,4440.9,22.36,44.009,47.561,80.49,2.2828,1.6452,3087.2,41.919,53.354,94.497,9.4398,59.749,30.923,41.771,2615.9,64.012,26.38,52.982,0.35032,8.9178,26.259,120.43,1.3691,74.531,23.774,2.2833,53.116,4.9335,250.49,0.015787,0.84352,66.656,18.848,43.554
208,2026-04-28T10:21:00,48.948,25.987,26.625,32.879,40.706,2686.8,3676.0,18.756,19.095,20.994,0.26425,0.10404,338.11,77.124,6.7388,14.0,32.181,4486.1,22.691,44.1,49.36,80.36,2.2942,1.6825,3088.0,41.864,54.282,94.642,9.4032,60.943,36.217,40.986,2614.4,62.774,24.896,53.167,0.34067,8.7691,25.822,120.41,1.2075,73.616,23.394,2.3655,53.116,4.8017,251.05,0.015787,0.84352,66.645,18.813,43.554
209,2026-04-28T10:24:00,51.582,26.06,27.2,32.879,40.523,2686.5,3646.1,14.975,19.095,21.21,0.26351,0.10404,338.88,77.027,6.7388,14.0,32.181,4502.5,24.296,50.195,50.277,80.149,2.2942,1.6825,3087.2,42.432,54.086,94.645,9.2847,63.071,38.914,41.188,2613.9,63.291,24.793,53.42,0.33902,8.7691,25.822,120.38,1.2075,74.538,23.394,2.3655,53.116,4.8017,250.85,0.015787,0.84352,66.607,18.813,43.554
210,2026-04-28T10:27:00,50.252,24.705,26.847,33.324,40.763,2690.4,3670.1,17.465,19.04,21.391,0.25231,0.091633,338.71,77.508,7.0599,13.869,32.661,4497.4,23.233,47.117,49.345,80.44,2.3036,1.6478,3090.6,41.948,54.222,94.586,9.4336,61.972,36.171,42.734,2618.5,63.92,24.673,53.178,0.35614,9.0826,25.869,120.41,1.1955,73.618,23.196,2.4727,53.203,4.9036,253.83,0.014454,0.85238,66.579,19.434,43.637
211,2026-04-28T10:30:00,49.448,24.851,27.039,33.324,41.572,2692.0,3693.4,16.619,19.04,21.359,0.25083,0.091633,338.76,77.755,7.0599,13.869,32.661,4490.3,23.573,45.257,50.256,80.634,2.3036,1.6478,3093.3,42.024,54.306,94.473,9.373,60.675,38.854,42.505,2620.4,63.518,25.79,53.41,0.35802,9.0826,25.869,120.43,1.1955,74.818,23.196,2.4727,53.203,4.9036,252.78,0.014454,0.85238,66.666,19.434,43.637
212,2026-04-28T10:33:00,51.087,19.977,27.002,32.824,40.963,2692.7,3591.7,17.626,18.609,21.573,0.2027,0.091633,338.72,77.331,6.8078,14.049,31.738,4446.7,23.152,49.05,51.758,80.69,2.2663,1.6417,3091.5,42.216,53.246,94.679,9.3915,59.407,43.274,41.194,2621.2,62.437,25.502,53.558,0.34137,8.7963,25.801,120.35,1.1151,75.379,23.125,2.3346,53.203,4.7982,252.62,0.014454,0.85238,66.741,19.723,43.637
213,2026-04-28T10:36:00,49.986,19.937,26.929,32.824,41.427,2691.2,3596.2,20.778,18.609,21.417,0.20311,0.091633,339.0,77.311,6.8078,14.049,31.738,4444.9,21.824,46.501,49.936,80.547,2.2663,1.6417,3091.4,41.926,53.267,94.772,9.2833,61.273,37.913,41.321,2619.8,62.359,23.724,53.667,0.34033,8.7963,25.801,120.39,1.1151,74.823,23.125,2.3346,53.203,4.7982,252.88,0.014454,0.85238,66.786,19.723,43.637
214,2026-04-28T10:39:00,48.15,28.639,26.648,33.028,40.682,2691.3,3706.8,19.553,19.002,21.23,0.29296,0.091633,339.24,77.24,7.0024,13.611,31.901,4484.0,22.347,42.252,49.542,80.369,2.2976,1.6748,3091.9,42.101,51.956,94.693,9.3278,61.709,36.753,43.438,2619.5,62.617,26.794,53.762,0.36399,9.1254,26.293,120.39,1.5293,74.185,23.633,2.2974,53.203,4.8281,253.36,0.014454,0.85238,66.752,18.639,43.637
215,2026-04-28T10:42:00,49.343,28.745,26.914,33.028,41.563,2691.2,3643.4,18.183,19.002,21.249,0.29188,0.10345,339.55,76.943,7.0024,13.611,31.901,4442.2,22.944,45.014,50.167,80.132,2.2976,1.6748,3091.4,42.386,52.456,94.636,9.2559,62.801,38.591,43.352,2619.6,63.709,25.262,53.952,0.36469,9.1254,26.293,120.43,1.5293,73.988,23.633,2.2974,53.847,4.8281,255.61,0.030037,0.84825,66.677,18.639,44.727
216,2026-04-28T10:45:00,51.386,27.601,26.828,32.778,40.29,2694.6,3619.2,18.298,19.177,21.334,0.27965,0.10345,339.91,77.381,6.8583,13.951,31.982,4518.8,22.889,49.741,51.354,80.098,2.2834,1.6962,3093.6,42.653,54.131,94.68,9.4212,62.357,42.086,37.449,2622.5,62.398,26.788,54.186,0.31726,9.0362,26.039,120.37,1.2121,75.034,23.571,2.3379,53.847,4.8559,255.8,0.030037,0.84825,66.633,18.638,44.727
217,2026-04-28T10:48:00,50.67,27.811,26.537,32.778,42.478,2701.7,3623.1,19.333,19.177,21.593,0.27752,0.10345,340.54,77.75,6.8583,13.951,31.982,4577.0,22.435,48.084,49.508,80.447,2.2834,1.6962,3099.8,42.431,53.434,94.672,9.5907,59.555,36.651,37.598,2630.0,62.33,26.35,54.379,0.31603,9.0362,26.039,120.44,1.2121,74.465,23.571,2.3379,53.847,4.8559,256.43,0.030037,0.84825,66.648,18.638,44.727
218,2026-04-28T10:51:00,48.928,26.93,27.314,32.35,41.14,2705.5,3677.1,15.743,18.817,22.1,0.27586,0.10345,340.77,77.945,6.7947,14.091,31.973,4537.1,23.925,44.054,49.606,80.663,2.2778,1.6879,3104.3,42.406,53.937,94.423,9.3609,61.688,36.941,42.2,2634.3,62.619,25.414,54.703,0.35221,9.0802,26.042,120.39,1.2305,74.664,23.828,2.2687,53.847,4.7654,255.5,0.030037,0.84825,66.746,19.374,44.727
219,2026-04-28T10:54:00,50.301,27.183,26.96,32.35,41.703,2709.0,3651.6,17.939,18.817,22.201,0.2733,0.10345,341.37,77.778,6.7947,14.091,31.973,4539.8,22.99,47.231,50.176,80.776,2.2778,1.6879,3107.7,42.582,53.905,94.397,9.2887,64.699,38.618,42.028,2638.0,63.057,22.856,54.88,0.35363,9.0802,26.042,120.43,1.2305,75.26,23.828,2.2687,53.847,4.7654,256.14,0.030037,0.84825,66.878,19.374,44.727
220,2026-04-28T10:57:00,50.031,27.145,26.861,32.96,41.415,2706.0,3694.1,18.783,18.563,21.984,0.27981,0.096431,341.31,77.433,6.85,13.942,32.26,4463.5,22.64,46.606,48.821,80.487,2.2583,1.6437,3106.0,42.331,52.973,94.359,9.4803,61.461,34.63,44.31,2635.4,62.936,25.418,55.045,0.36816,8.7885,26.242,120.41,1.1485,74.861,23.823,2.3839,53.236,4.8601,256.03,0.011722,0.82308,66.947,18.868,44.35
221,2026-04-28T11:00:00,50.564,27.266,26.95,32.96,41.455,2702.9,3694.5,19.556,18.563,21.711,0.27858,0.096431,341.67,76.932,6.85,13.942,32.26,4472.4,22.336,47.839,51.253,80.061,2.2583,1.6437,3101.5,42.779,52.866,94.403,9.3835,62.248,41.787,44.121,2630.5,62.929,25.838,55.063,0.36971,8.7885,26.242,120.39,1.1485,74.677,23.823,2.3839,53.236,4.8601,258.12,0.011722,0.82308,66.872,18.868,44.35
222,2026-04-28T11:03:00,51.664,24.561,26.621,33.23,41.296,2701.5,3662.1,14.997,18.447,21.845,0.25214,0.096431,342.61,77.116,6.8473,13.704,32.313,4474.8,24.266,50.385,50.863,79.771,2.2859,1.6289,3099.4,42.678,54.023,94.635,9.3523,62.902,40.639,41.507,2630.3,63.058,25.752,55.242,0.36086,8.904,26.292,120.38,1.2774,74.74,23.541,2.3457,53.236,4.8611,258.52,0.011722,0.82308,66.762,18.912,44.35
223,2026-04-28T11:06:00,51.645,24.74,26.78,33.23,41.263,2703.8,3659.3,19.528,18.447,22.096,0.25031,0.096431,342.65,77.3,6.8473,13.704,32.313,4465.6,22.352,50.342,51.262,79.971,2.2859,1.6289,3101.5,41.961,54.132,94.507,9.4878,62.56,41.813,42.199,2632.4,63.106,25.16,55.432,0.35519,8.904,26.292,120.4,1.2774,74.774,23.541,2.3457,53.236,4.8611,258.8,0.011722,0.82308,66.698,18.912,44.35
224,2026-04-28T11:09:00,49.373,24.146,26.884,33.22,41.592,2707.5,3645.0,16.29,18.47,22.55,0.24408,0.096431,342.81,77.74,6.7453,13.872,32.323,4447.5,23.697,45.083,48.243,80.234,2.2746,1.6037,3103.1,42.326,54.221,94.511,9.4093,62.597,32.93,38.823,2636.8,63.407,23.786,55.412,0.33054,9.0658,26.229,120.4,1.4387,74.982,23.966,2.2868,53.236,4.8407,261.37,0.011722,0.82308,66.742,19.017,44.35
225,2026-04-28T11:12:00,49.897,23.952,26.996,33.22,42.029,2709.0,3652.5,17.728,18.47,22.552,0.24605,0.097296,343.44,77.385,6.7453,13.872,32.323,4488.5,23.093,46.295,50.1,80.236,2.2746,1.6037,3106.6,42.607,53.73,94.36,9.3985,62.644,38.395,39.07,2638.7,63.278,25.742,55.201,0.32851,9.0658,26.229,120.41,1.4387,73.696,23.966,2.2868,53.756,4.8407,258.81,0.017886,0.81589,66.789,19.017,45.1
226,2026-04-28T11:15:00,50.511,23.788,26.859,33.118,41.245,2708.7,3687.7,15.804,19.122,22.47,0.24309,0.097296,343.56,77.13,6.8503,13.829,32.591,4506.4,23.911,47.717,50.912,80.077,2.2609,1.6601,3105.7,42.552,53.228,94.501,9.3353,63.006,40.784,41.21,2637.7,63.648,24.861,55.038,0.34736,8.7408,25.926,120.39,1.4795,75.181,24.129,2.3033,53.756,4.8269,259.82,0.017886,0.81589,66.796,18.646,45.1
227,2026-04-28T11:18:00,49.293,24.09,26.713,33.118,41.227,2708.3,3699.7,15.866,19.122,22.189,0.24001,0.097296,343.26,77.3,6.8503,13.829,32.591,4476.6,23.882,44.899,50.865,79.987,2.2609,1.6601,3104.6,42.546,53.585,94.371,9.4526,62.602,40.645,41.274,2636.6,63.442,24.791,55.027,0.34684,8.7408,25.926,120.39,1.4795,74.626,24.129,2.3033,53.756,4.8269,259.14,0.017886,0.81589,66.767,18.646,45.1
228,2026-04-28T11:21:00,49.084,21.127,26.98,33.887,41.458,2707.7,3625.8,17.069,18.561,22.636,0.21267,0.097296,343.8,77.342,6.7555,13.738,32.338,4515.7,23.378,44.414,50.074,79.919,2.2232,1.662,3103.9,42.306,54.017,94.482,9.5126,61.139,38.319,40.702,2636.5,63.872,24.107,55.189,0.34239,8.8966,26.419,120.4,1.3076,74.779,23.486,2.2862,53.756,4.7819,256.54,0.017886,0.81589,66.727,18.44,45.1
229,2026-04-28T11:24:00,48.284,20.952,26.983,33.887,41.395,2708.0,3659.2,17.376,18.561,22.831,0.21444,0.097296,343.72,77.512,6.7555,13.738,32.338,4564.7,23.245,42.563,49.002,79.971,2.2232,1.662,3103.8,42.358,53.431,94.494,9.4044,61.507,35.163,40.67,2637.8,63.297,23.513,54.9,0.34265,8.8966,26.419,120.38,1.3076,73.321,23.486,2.2862,53.756,4.7819,259.01,0.017886,0.81589,66.707,18.44,45.1
230,2026-04-28T11:27:00,53.013,23.231,26.922,33.324,40.993,2709.4,3661.7,18.701,18.312,22.685,0.23452,0.10023,343.64,77.367,6.9668,13.842,32.622,4581.9,22.69,53.506,50.313,79.988,2.29,1.6448,3105.9,42.034,53.769,94.409,9.3821,60.912,39.02,39.439,2638.8,64.16,25.969,54.778,0.33239,8.8203,25.894,120.39,1.3223,74.631,23.616,2.2638,53.794,4.7949,257.22,0.036541,0.81395,66.712,18.206,43.037
231,2026-04-28T11:30:00,49.869,23.271,27.209,33.324,40.976,2710.9,3707.0,15.809,18.312,22.761,0.23411,0.10023,343.82,77.587,6.9668,13.842,32.622,4576.4,23.898,46.231,49.131,80.026,2.29,1.6448,3107.4,42.652,53.836,94.352,9.4569,61.074,35.541,39.428,2640.4,63.381,26.782,54.607,0.33248,8.8203,25.894,120.38,1.3223,75.029,23.616,2.2638,53.794,4.7949,257.34,0.036541,0.81395,66.688,18.206,43.037
232,2026-04-28T11:33:00,48.997,20.193,27.057,33.486,41.393,2712.6,3619.2,17.032,18.829,23.051,0.20424,0.10023,343.73,77.279,6.9498,13.835,31.949,4550.3,23.383,44.213,49.367,80.205,2.243,1.661,3107.7,42.277,54.799,94.369,9.3178,62.112,36.238,40.821,2642.6,63.057,23.821,54.453,0.34355,8.943,26.755,120.42,1.2904,75.385,24.075,2.3231,53.794,4.7652,257.2,0.036541,0.81395,66.73,18.494,43.037
233,2026-04-28T11:36:00,49.653,20.319,27.004,33.486,40.287,2711.6,3664.3,17.469,18.829,22.908,0.20297,0.10023,343.71,77.323,6.9498,13.835,31.949,4618.0,23.199,45.73,49.949,80.035,2.243,1.661,3106.4,42.289,53.989,94.575,9.5304,60.818,37.951,40.453,2640.2,62.282,24.346,54.34,0.34657,8.943,26.755,120.37,1.2904,75.339,24.075,2.3231,53.794,4.7652,256.66,0.036541,0.81395,66.732,18.494,43.037
234,2026-04-28T11:39:00,49.506,26.294,26.733,32.746,42.337,2711.9,3634.9,18.613,18.405,22.549,0.27051,0.10023,343.16,77.553,6.9754,13.914,32.475,4537.1,22.715,45.392,50.157,79.91,2.252,1.645,3108.2,42.601,54.322,94.537,9.4506,62.14,38.563,40.618,2641.3,62.865,25.468,54.119,0.34367,8.9232,26.786,120.4,1.1468,74.171,23.987,2.2229,53.794,4.9194,257.32,0.036541,0.81395,66.677,18.252,43.037
235,2026-04-28T11:42:00,49.344,26.566,27.191,32.746,41.03,2716.2,3643.8,19.158,18.405,23.239,0.26774,0.091636,343.86,77.543,6.9754,13.914,32.475,4529.8,22.477,45.016,49.546,80.201,2.252,1.645,3111.1,42.404,54.41,94.498,9.4399,62.001,36.765,40.661,2646.3,62.712,24.516,53.859,0.34332,8.9232,26.786,120.4,1.1468,76.024,23.987,2.2229,54.421,4.9194,257.47,0.025933,0.81144,66.689,18.252,43.256
236,2026-04-28T11:45:00,50.161,21.345,26.702,32.601,41.707,2714.8,3649.1,18.577,18.238,22.949,0.21847,0.091636,343.82,77.088,6.9556,13.744,32.346,4576.3,22.738,46.907,52.315,79.928,2.2713,1.6775,3109.7,42.146,54.513,94.611,9.2933,60.818,44.914,41.813,2644.1,62.32,24.98,54.105,0.35197,8.8037,26.223,120.4,1.2237,75.04,24.159,2.2985,54.421,4.7958,252.49,0.025933,0.81144,66.657,18.507,43.256
237,2026-04-28T11:48:00,48.887,21.437,26.747,32.601,40.783,2714.5,3655.3,17.511,18.238,22.776,0.21754,0.091636,344.24,77.239,6.9556,13.744,32.346,4538.5,23.188,43.959,49.881,79.81,2.2713,1.6775,3108.8,41.721,54.967,94.694,9.3766,61.658,37.75,41.719,2643.5,62.213,25.353,53.61,0.35274,8.8037,26.223,120.38,1.2237,74.831,24.159,2.2985,54.421,4.7958,255.89,0.025933,0.81144,66.559,18.507,43.256
238,2026-04-28T11:51:00,48.891,22.42,26.959,33.424,41.449,2715.7,3643.2,19.396,18.16,23.02,0.22792,0.091636,343.75,77.313,6.8998,13.768,32.558,4533.8,22.392,43.969,49.191,79.845,2.2701,1.653,3110.2,42.655,54.464,94.5,9.5185,60.51,35.721,39.371,2645.0,62.517,28.379,53.541,0.33478,8.8068,26.468,120.38,1.2523,75.009,24.152,2.3252,54.421,4.8549,254.52,0.025933,0.81144,66.533,18.303,43.256
239,2026-04-28T11:54:00,50.998,22.145,27.138,33.424,41.849,2714.1,3604.6,16.967,18.16,22.754,0.23071,0.091636,343.97,77.192,6.8998,13.768,32.558,4525.9,23.425,48.843,50.214,79.719,2.2701,1.653,3109.9,42.514,54.558,94.648,9.3652,60.111,38.73,39.387,2642.8,63.181,27.071,53.426,0.33465,8.8068,26.468,120.41,1.2523,74.847,24.152,2.3252,54.421,4.8549,253.69,0.025933,0.81144,66.472,18.303,43.256
240,2026-04-28T11:57:00,49.826,20.254,26.936,33.365,41.363,2717.2,3654.3,18.707,18.449,23.195,0.20354,0.082669,344.21,77.338,6.7451,13.653,32.391,4569.5,22.688,46.132,50.271,79.841,2.2876,1.6416,3110.7,42.565,54.599,94.643,9.4216,61.848,38.898,39.753,2645.8,62.772,24.438,53.118,0.33596,8.8653,26.424,120.4,1.4318,73.918,23.827,2.2324,54.147,4.7319,253.86,0.015021,0.79084,66.422,18.788,44.194
241,2026-04-28T12:00:00,51.119,20.212,26.882,33.365,41.557,2716.6,3671.6,16.684,18.449,22.801,0.20397,0.082669,344.07,77.297,6.7451,13.653,32.391,4596.4,23.543,49.124,49.254,79.774,2.2876,1.6416,3111.7,42.596,54.276,94.537,9.3034,60.725,35.906,39.639,2645.8,62.475,26.232,52.934,0.3369,8.8653,26.424,120.41,1.4318,74.509,23.827,2.2324,54.147,4.7319,253.29,0.015021,0.79084,66.408,18.788,44.194
242,2026-04-28T12:03:00,48.919,21.326,26.701,33.515,41.313,2717.0,3671.9,16.724,18.494,22.994,0.21896,0.082669,343.76,77.068,6.8458,13.672,32.049,4531.7,23.53,44.033,51.178,79.88,2.2567,1.6711,3112.6,42.241,53.9,94.494,9.4131,61.408,41.566,38.089,2646.5,63.882,26.986,52.685,0.32318,8.9335,26.522,120.4,1.2249,74.91,24.706,2.2453,54.147,4.7458,253.49,0.015021,0.79084,66.395,18.653,44.194
243,2026-04-28T12:06:00,49.161,21.34,26.859,33.515,41.032,2715.5,3694.6,17.466,18.494,22.776,0.21882,0.082669,343.45,77.135,6.8458,13.672,32.049,4544.9,23.216,44.593,50.361,79.84,2.2567,1.6711,3111.9,42.689,53.742,94.492,9.4001,59.599,39.163,37.677,2645.7,63.49,26.125,52.525,0.32655,8.9335,26.522,120.39,1.2249,75.392,24.706,2.2453,54.147,4.7458,252.67,0.015021,0.79084,66.397,18.653,44.194
244,2026-04-28T12:09:00,50.061,24.64,26.85,33.631,41.703,2713.8,3700.6,14.868,18.007,22.717,0.25069,0.082669,343.69,77.231,6.9286,13.631,32.47,4496.7,24.314,46.674,51.924,79.717,2.2183,1.6554,3109.4,42.346,54.66,94.45,9.3363,61.074,43.762,38.092,2643.4,62.587,24.565,52.515,0.32529,8.902,26.569,120.42,1.218,74.595,24.186,2.2634,54.147,4.6903,250.18,0.015021,0.79084,66.378,18.531,44.194
245,2026-04-28T12:12:00,51.71,24.646,27.147,33.631,41.549,2715.4,3694.9,15.457,18.007,23.157,0.25063,0.10227,343.58,77.478,6.9286,13.631,32.47,4552.0,24.056,50.49,49.39,79.903,2.2183,1.6554,3110.8,42.44,53.998,94.471,9.322,62.059,36.305,38.513,2645.2,62.684,26.896,51.678,0.32185,8.902,26.569,120.41,1.218,74.955,24.186,2.2634,53.872,4.6903,250.39,0.01293,0.80955,66.322,18.531,44.229
246,2026-04-28T12:15:00,52.312,20.611,26.667,33.267,40.773,2714.7,3628.1,19.423,18.753,22.591,0.20884,0.10227,343.41,77.193,6.9373,13.756,32.27,4515.0,22.393,51.884,49.21,79.882,2.2857,1.6826,3110.5,42.231,54.772,94.563,9.4168,61.263,35.775,37.403,2644.9,63.103,26.242,51.57,0.31979,8.7315,26.643,120.39,1.2204,74.989,24.305,2.3105,53.872,4.8407,246.15,0.01293,0.80955,66.31,18.297,44.229
247,2026-04-28T12:18:00,49.072,20.657,27.015,33.267,41.882,2715.1,3636.8,17.508,18.753,22.594,0.20837,0.10227,342.86,77.402,6.9373,13.756,32.27,4565.8,23.192,44.385,49.937,79.96,2.2857,1.6826,3110.4,42.276,54.164,94.538,9.4046,60.555,37.914,37.635,2644.2,62.952,24.958,51.349,0.31789,8.7315,26.643,120.39,1.2204,75.304,24.305,2.3105,53.872,4.8407,243.17,0.01293,0.80955,66.293,18.297,44.229
248,2026-04-28T12:21:00,50.221,22.383,27.117,32.935,40.601,2714.0,3660.7,19.713,18.255,22.618,0.22567,0.10227,342.96,77.097,6.7636,13.737,32.077,4553.3,22.272,47.044,51.558,79.887,2.2582,1.5931,3109.5,42.34,54.948,94.652,9.2917,60.451,42.684,38.773,2643.3,62.417,24.027,50.644,0.33458,8.9807,26.816,120.37,1.1973,74.942,24.222,2.3332,53.872,4.8646,245.65,0.01293,0.80955,66.25,18.915,44.229
249,2026-04-28T12:24:00,52.208,22.275,26.807,32.935,41.796,2712.1,3662.2,18.715,18.255,22.418,0.22677,0.10227,342.93,76.969,6.7636,13.737,32.077,4502.5,22.702,51.643,49.594,79.734,2.2582,1.5931,3108.4,42.157,55.556,94.759,9.2918,62.508,36.904,38.95,2642.0,62.391,22.939,50.368,0.33313,8.9807,26.816,120.42,1.1973,75.116,24.222,2.3332,53.872,4.8646,243.36,0.01293,0.80955,66.198,18.915,44.229
250,2026-04-28T12:27:00,49.66,24.258,26.799,33.099,40.681,2712.2,3662.9,17.244,18.606,22.734,0.2442,0.10209,342.54,76.971,6.8883,13.514,32.141,4511.1,23.329,45.748,49.085,79.739,2.2664,1.6462,3107.7,42.649,53.965,94.524,9.4222,60.41,35.406,38.793,2641.2,63.933,23.558,50.329,0.32935,8.63,26.465,120.37,1.2036,74.897,23.905,2.3136,54.481,4.7841,243.13,0.025498,0.8032,66.111,18.567,44.288
251,2026-04-28T12:30:00,50.722,24.061,26.476,33.099,41.438,2710.9,3661.4,15.874,18.606,22.003,0.2462,0.10209,342.13,77.101,6.8883,13.514,32.141,4503.7,23.906,48.205,51.095,79.693,2.2664,1.6462,3107.4,42.448,54.054,94.613,9.3526,59.337,41.321,39.079,2639.2,63.959,26.637,50.156,0.32701,8.63,26.465,120.42,1.2036,75.409,23.905,2.3136,54.481,4.7841,241.77,0.025498,0.8032,66.066,18.567,44.288
252,2026-04-28T12:33:00,50.381,23.664,26.675,33.374,40.703,2712.6,3668.4,18.553,18.622,22.553,0.23961,0.10209,342.2,77.298,6.7826,13.879,32.163,4519.6,22.767,47.416,49.769,79.982,2.2594,1.6574,3108.8,42.296,54.724,94.557,9.2831,61.605,37.421,35.805,2642.3,62.797,24.648,50.134,0.30232,8.7892,26.699,120.4,1.2966,74.492,24.403,2.3333,54.481,4.6727,238.72,0.025498,0.8032,66.039,18.708,44.288
253,2026-04-28T12:36:00,50.237,23.694,26.746,33.374,40.741,2714.3,3639.2,16.326,18.622,22.453,0.2393,0.10209,341.97,77.34,6.7826,13.879,32.163,4549.2,23.698,47.081,48.849,80.153,2.2594,1.6574,3111.0,42.226,54.37,94.514,9.3107,62.796,34.714,35.921,2643.5,63.3,23.87,49.833,0.30136,8.7892,26.699,120.39,1.2966,75.863,24.403,2.3333,54.481,4.6727,238.76,0.025498,0.8032,66.081,18.708,44.288
254,2026-04-28T12:39:00,49.327,23.144,26.874,33.065,41.604,2711.1,3686.8,18.168,18.712,22.417,0.24137,0.10209,341.67,77.14,6.9288,13.809,32.396,4533.8,22.932,44.977,50.225,80.005,2.2725,1.6767,3108.4,42.28,54.231,94.64,9.2206,63.432,38.763,40.537,2639.9,63.451,24.766,49.622,0.34224,8.7237,26.209,120.41,1.1834,75.408,24.593,2.2428,54.481,4.8139,237.79,0.025498,0.8032,66.086,18.501,44.288
255,2026-04-28T12:42:00,49.788,23.374,27.142,33.065,40.989,2707.3,3702.2,17.949,18.712,22.542,0.23902,0.087033,341.38,77.067,6.9288,13.809,32.396,4555.7,23.035,46.043,52.255,79.715,2.2725,1.6767,3104.2,42.275,53.968,94.507,9.2148,61.999,44.735,40.64,2636.3,63.186,25.858,49.125,0.34139,8.7237,26.209,120.38,1.1834,76.399,24.593,2.2428,52.892,4.8139,237.69,0.034784,0.83289,65.998,18.501,44.09
256,2026-04-28T12:45:00,50.424,20.987,26.89,32.743,41.117,2706.9,3638.3,15.042,18.282,22.74,0.21628,0.087033,341.79,77.168,6.9516,13.893,31.972,4567.3,24.258,47.516,49.074,79.879,2.2615,1.6329,3102.3,42.636,54.366,94.723,9.2335,60.98,35.376,39.546,2636.3,63.029,26.575,48.853,0.3353,8.9147,25.99,120.41,1.3263,74.78,24.32,2.2233,52.892,4.8249,236.45,0.034784,0.83289,65.947,19.045,44.09
257,2026-04-28T12:48:00,50.528,21.252,26.822,32.743,40.544,2705.7,3653.9,21.864,18.282,22.32,0.21358,0.087033,341.24,76.934,6.9516,13.893,31.972,4576.9,21.392,47.756,50.867,79.948,2.2615,1.6329,3102.3,42.522,54.251,94.638,9.2774,61.772,40.652,40.017,2634.6,62.76,24.892,48.406,0.33144,8.9147,25.99,120.38,1.3263,74.952,24.32,2.2233,52.892,4.8249,237.17,0.034784,0.83289,65.916,19.045,44.09
258,2026-04-28T12:51:00,50.823,25.204,26.784,32.731,41.193,2704.3,3628.2,18.722,18.815,21.885,0.25539,0.087033,340.64,77.043,6.9377,13.807,31.796,4477.4,22.717,48.44,51.647,79.908,2.2495,1.6031,3101.4,41.932,54.108,94.843,9.2226,60.995,42.948,40.653,2632.4,62.947,25.907,48.212,0.34494,8.8698,26.705,120.39,1.2695,75.018,24.398,2.2944,52.892,4.8014,235.05,0.034784,0.83289,65.903,18.774,44.09
259,2026-04-28T12:54:00,49.42,25.15,26.963,32.731,40.707,2704.5,3635.0,19.83,18.815,22.331,0.25594,0.087033,340.34,77.358,6.9377,13.807,31.796,4508.9,22.246,45.193,49.0,79.941,2.2495,1.6031,3100.8,42.398,53.73,94.714,9.2918,59.764,35.157,41.099,2632.1,62.831,23.463,47.975,0.34129,8.8698,26.705,120.4,1.2695,74.858,24.398,2.2944,52.892,4.8014,233.48,0.034784,0.83289,65.814,18.774,44.09
260,2026-04-28T12:57:00,50.572,27.22,27.328,33.199,40.914,2707.0,3652.6,17.7,18.626,22.453,0.27533,0.084529,340.68,77.852,6.9822,13.678,31.638,4512.8,23.122,47.857,50.321,80.267,2.2637,1.6773,3104.3,42.417,54.327,94.697,9.2638,61.233,39.045,39.616,2635.8,62.591,22.767,48.31,0.33493,8.8798,26.472,120.4,1.5356,75.566,23.971,2.2118,53.371,4.8158,233.62,0.018751,0.82982,65.854,18.538,43.797
261,2026-04-28T13:00:00,49.963,27.171,26.564,33.199,41.202,2706.7,3638.3,19.286,18.626,21.673,0.27583,0.084529,340.09,77.07,6.9822,13.678,31.638,4519.4,22.47,46.449,49.498,80.206,2.2637,1.6773,3104.5,41.854,54.248,94.638,9.2336,59.823,36.622,40.197,2634.2,62.836,23.654,48.204,0.33017,8.8798,26.472,120.38,1.5356,75.476,23.971,2.2118,53.371,4.8158,234.03,0.018751,0.82982,65.908,18.538,43.797
262,2026-04-28T13:03:00,49.739,29.087,26.707,32.681,40.531,2705.7,3630.6,20.461,18.535,21.718,0.29678,0.084529,339.96,77.376,7.0405,13.754,31.713,4545.4,21.971,45.931,49.467,80.119,2.3335,1.6592,3105.1,42.628,54.536,94.815,9.3945,59.552,36.531,37.505,2634.2,62.505,25.198,48.106,0.32295,8.869,26.772,120.38,1.0629,75.825,24.162,2.2304,53.371,4.7845,234.4,0.018751,0.82982,65.92,19.058,43.797
263,2026-04-28T13:06:00,51.334,29.086,26.683,32.681,40.695,2706.9,3636.2,17.384,18.535,22.192,0.29679,0.084529,340.63,77.447,7.0405,13.754,31.713,4532.8,23.264,49.622,49.706,80.118,2.3335,1.6592,3104.3,42.488,54.686,94.704,9.1972,61.829,37.236,38.281,2636.2,62.41,27.189,48.015,0.31659,8.869,26.772,120.38,1.0629,75.287,24.162,2.2304,53.371,4.7845,234.68,0.018751,0.82982,65.898,19.058,43.797
264,2026-04-28T13:09:00,51.676,28.865,27.221,32.65,40.676,2707.9,3612.2,17.857,18.871,22.345,0.29506,0.084529,340.9,77.03,6.7138,14.029,32.495,4523.8,23.073,50.412,49.204,80.185,2.2397,1.6438,3104.2,42.506,53.513,94.744,9.1241,60.766,35.757,38.819,2636.0,62.188,24.955,48.114,0.32755,8.9296,26.669,120.38,1.4245,76.119,24.249,2.2256,53.371,4.7741,232.84,0.018751,0.82982,65.899,18.63,43.797
265,2026-04-28T13:12:00,48.964,29.03,26.608,32.65,41.211,2706.1,3628.8,17.287,18.871,21.738,0.29338,0.075593,340.66,77.059,6.7138,14.029,32.495,4532.7,23.315,44.135,50.326,80.047,2.2397,1.6438,3103.9,42.244,53.407,94.799,9.1185,62.791,39.06,38.885,2634.0,61.903,26.315,47.769,0.32701,8.9296,26.669,120.4,1.4245,75.633,24.249,2.2256,53.9,4.7741,235.0,0.0024104,0.83784,65.903,18.63,43.865
266,2026-04-28T13:15:00,49.565,22.021,26.995,33.085,41.215,2701.4,3723.5,18.203,18.776,22.03,0.21519,0.075593,340.32,76.36,6.7466,13.95,31.978,4539.8,22.959,45.527,50.123,79.822,2.2408,1.677,3099.6,42.369,54.363,94.813,9.1913,60.662,38.461,42.758,2629.4,63.143,27.139,47.952,0.35643,8.8441,26.216,120.41,1.2579,75.165,23.861,2.2964,53.9,4.9324,231.84,0.0024104,0.83784,65.837,19.049,43.865
267,2026-04-28T13:18:00,50.385,21.526,26.654,33.085,41.021,2696.7,3729.7,18.027,18.776,21.778,0.22023,0.075593,340.42,76.886,6.7466,13.95,31.978,4541.6,23.038,47.424,51.923,79.525,2.2408,1.677,3094.3,42.081,54.342,94.741,9.1659,61.255,43.759,42.796,2624.9,63.037,25.651,47.712,0.35612,8.8441,26.216,120.4,1.2579,75.947,23.861,2.2964,53.9,4.9324,233.51,0.0024104,0.83784,65.717,19.049,43.865
268,2026-04-28T13:21:00,49.108,26.35,26.87,33.22,40.82,2695.7,3729.5,16.192,18.429,21.738,0.27019,0.075593,339.64,77.007,6.8247,13.954,32.228,4501.1,23.815,44.469,50.652,79.776,2.2756,1.6483,3094.8,41.968,53.786,94.76,9.3395,59.504,40.017,41.89,2625.3,62.895,24.563,47.625,0.34823,8.8314,26.689,120.4,1.3892,75.293,23.833,2.3252,53.9,4.7746,233.49,0.0024104,0.83784,65.647,18.866,43.865
269,2026-04-28T13:24:00,50.282,26.43,26.657,33.22,41.274,2699.8,3722.7,17.787,18.429,21.668,0.26937,0.075593,339.84,77.964,6.8247,13.954,32.228,4478.1,23.105,47.188,49.113,80.298,2.2756,1.6483,3097.9,42.31,54.06,94.516,9.2254,61.536,35.49,41.609,2627.5,63.013,25.133,47.672,0.35053,8.8314,26.689,120.41,1.3892,76.081,23.833,2.3252,53.9,4.7746,231.89,0.0024104,0.83784,65.673,18.866,43.865
270,2026-04-28T13:27:00,50.0,24.141,26.911,33.191,41.844,2699.6,3668.2,16.755,18.892,21.44,0.24611,0.097895,339.03,77.791,7.0273,13.954,32.135,4514.3,23.528,46.534,50.897,80.577,2.2729,1.6267,3099.1,42.438,54.048,94.618,9.2879,60.716,40.741,41.996,2628.1,63.355,24.634,47.689,0.34965,8.9126,26.312,120.42,1.4128,74.404,24.038,2.2918,53.577,4.7722,232.78,0.017734,0.84801,65.832,19.48,43.732
271,2026-04-28T13:30:00,50.365,24.206,26.965,33.191,41.03,2698.4,3658.8,18.352,18.892,21.641,0.24546,0.097895,338.59,77.516,7.0273,13.954,32.135,4524.1,22.849,47.379,47.873,80.71,2.2729,1.6267,3098.1,42.253,53.93,94.514,9.0953,59.859,31.841,41.864,2626.7,63.518,24.34,47.865,0.35073,8.9126,26.312,120.39,1.4128,75.343,24.038,2.2918,53.577,4.7722,230.54,0.017734,0.84801,65.998,19.48,43.732
272,2026-04-28T13:33:00,51.352,25.02,27.03,32.556,40.953,2692.7,3617.9,17.969,19.103,21.527,0.25519,0.097895,338.66,77.184,7.0659,13.832,31.974,4458.9,23.024,49.662,50.471,80.333,2.2384,1.646,3092.1,42.325,53.138,94.776,9.1862,63.06,39.485,41.672,2620.9,62.404,25.328,47.926,0.35399,8.6803,26.586,120.38,1.2874,74.689,23.668,2.2978,53.577,4.845,229.6,0.017734,0.84801,66.013,19.311,43.732
273,2026-04-28T13:36:00,48.992,25.157,26.567,32.556,40.856,2691.2,3628.5,19.402,19.103,21.238,0.25379,0.097895,338.79,76.872,7.0659,13.832,31.974,4434.1,22.436,44.201,49.909,80.17,2.2384,1.646,3090.7,42.146,53.434,94.845,9.1379,63.298,37.833,42.118,2619.1,62.221,25.922,47.918,0.35033,8.6803,26.586,120.37,1.2874,75.309,23.668,2.2978,53.577,4.845,229.54,0.017734,0.84801,65.962,19.311,43.732
274,2026-04-28T13:39:00,52.416,26.76,26.905,32.878,40.244,2689.6,3618.6,19.866,18.879,21.652,0.2715,0.097895,339.06,76.66,6.938,13.792,32.39,4440.9,22.261,52.126,51.376,79.935,2.2791,1.6574,3088.1,41.985,53.663,95.061,9.3293,60.394,42.15,40.147,2617.6,61.897,24.368,47.553,0.34047,8.9697,25.752,120.37,1.3426,74.9,23.258,2.4017,53.577,4.9403,233.5,0.017734,0.84801,65.865,19.22,43.732
275,2026-04-28T13:42:00,49.303,26.856,26.612,32.878,40.254,2693.5,3588.7,17.075,18.879,21.788,0.27053,0.092896,339.62,77.274,6.938,13.792,32.39,4403.2,23.426,44.921,51.446,80.036,2.2791,1.6574,3089.3,42.42,54.114,94.929,9.4327,61.271,42.355,40.143,2621.0,62.412,26.745,48.029,0.3405,8.9697,25.752,120.38,1.3426,74.403,23.258,2.4017,53.82,4.9403,231.15,-0.0018346,0.85592,65.794,19.22,44.267
276,2026-04-28T13:45:00,50.511,22.891,26.854,32.761,41.007,2695.4,3658.4,17.438,18.951,21.922,0.23037,0.092896,339.81,77.434,6.6835,13.884,32.457,4472.6,23.263,47.716,51.301,80.235,2.3053,1.6192,3092.8,42.106,53.423,94.932,9.3071,60.214,41.93,39.976,2623.7,62.221,25.604,48.08,0.33301,8.9911,26.121,120.41,1.2847,74.024,23.478,2.365,53.82,4.8171,231.78,-0.0018346,0.85592,65.832,19.044,44.267
277,2026-04-28T13:48:00,51.272,22.611,26.724,32.761,40.412,2698.7,3620.6,18.867,18.951,21.896,0.23322,0.092896,339.58,77.678,6.6835,13.884,32.457,4471.3,22.644,49.477,49.509,80.569,2.3053,1.6192,3096.2,42.294,53.438,94.725,9.2117,61.749,36.656,39.87,2627.6,62.872,25.292,48.11,0.33388,8.9911,26.121,120.4,1.2847,73.806,23.478,2.365,53.82,4.8171,232.59,-0.0018346,0.85592,65.894,19.044,44.267
278,2026-04-28T13:51:00,48.201,21.891,26.418,33.081,40.921,2699.4,3660.8,17.708,18.878,21.859,0.2228,0.092896,339.66,77.445,6.7899,13.972,32.416,4503.6,23.127,42.37,49.958,80.612,2.2552,1.6759,3097.9,42.129,53.425,94.648,9.2868,62.903,37.978,40.913,2628.3,64.48,25.749,48.167,0.34579,8.9583,26.544,120.43,1.4639,74.472,24.196,2.2418,53.82,4.8423,233.04,-0.0018346,0.85592,65.983,19.018,44.267
279,2026-04-28T13:54:00,48.435,22.034,27.306,33.081,41.758,2695.0,3687.8,18.969,18.878,21.463,0.22135,0.092896,338.91,77.175,6.7899,13.972,32.416,4498.4,22.603,42.912,50.936,80.371,2.2552,1.6759,3096.6,41.986,53.487,94.475,9.4605,59.705,40.856,41.241,2622.7,64.015,25.05,48.403,0.3431,8.9583,26.544,120.42,1.4639,74.921,24.196,2.2418,53.82,4.8423,231.49,-0.0018346,0.85592,66.005,19.018,44.267
280,2026-04-28T13:57:00,48.588,22.136,27.099,32.742,40.524,2691.5,3709.5,20.693,18.868,21.18,0.22309,0.11563,338.51,76.874,7.0146,13.719,32.111,4476.0,21.894,43.266,49.428,80.144,2.3276,1.6712,3092.7,42.471,53.777,94.545,9.4349,58.441,36.418,42.312,2619.2,62.845,26.057,48.481,0.35493,8.8649,26.31,120.4,1.0227,74.544,23.882,2.3572,53.618,4.9182,234.35,0.030539,0.8482,65.969,18.537,43.598
281,2026-04-28T14:00:00,50.002,22.104,26.9,32.742,40.607,2689.8,3677.9,17.956,18.868,21.311,0.22342,0.11563,338.76,76.999,7.0146,13.719,32.111,4445.8,23.051,46.54,47.766,80.069,2.3276,1.6712,3090.0,42.159,54.139,94.784,9.3897,60.753,31.526,42.295,2618.3,63.388,25.378,48.705,0.35507,8.8649,26.31,120.41,1.0227,74.826,23.882,2.3572,53.618,4.9182,234.15,0.030539,0.8482,65.922,18.537,43.598
282,2026-04-28T14:03:00,48.584,24.742,26.734,32.705,40.571,2692.9,3617.6,17.329,18.404,21.321,0.25405,0.11563,338.54,77.066,7.1369,13.932,32.169,4597.8,23.311,43.257,49.739,80.281,2.2795,1.6934,3092.9,42.467,53.499,94.723,9.4423,59.943,37.333,39.267,2621.0,62.436,25.814,48.959,0.32455,8.898,26.191,120.41,1.2277,74.996,23.56,2.4113,53.618,4.9635,233.6,0.030539,0.8482,65.913,19.424,43.598
283,2026-04-28T14:06:00,49.69,24.908,26.526,32.705,40.294,2695.1,3648.9,18.71,18.404,21.357,0.25236,0.11563,339.48,77.377,7.1369,13.932,32.169,4496.8,22.728,45.816,49.659,80.15,2.2795,1.6934,3093.8,42.457,54.709,94.837,9.4461,61.106,37.096,38.954,2623.2,61.899,26.41,48.965,0.32712,8.898,26.191,120.37,1.2277,73.415,23.56,2.4113,53.618,4.9635,235.83,0.030539,0.8482,65.927,19.424,43.598
284,2026-04-28T14:09:00,49.13,24.309,27.201,32.983,41.237,2698.4,3561.9,16.826,19.237,22.271,0.24819,0.11563,339.52,77.867,6.956,13.999,31.337,4467.0,23.499,44.522,51.489,80.46,2.2819,1.6768,3095.7,41.877,52.853,94.788,9.4246,61.205,42.481,41.781,2627.2,62.14,23.957,49.138,0.35081,8.9173,25.725,120.42,1.3039,73.719,23.892,2.263,53.618,4.9222,236.16,0.030539,0.8482,65.955,18.451,43.598
285,2026-04-28T14:12:00,49.589,24.133,26.797,32.983,40.108,2701.7,3576.2,16.97,19.237,21.52,0.24998,0.075403,339.12,77.53,6.956,13.999,31.337,4466.0,23.437,45.584,49.142,80.558,2.2819,1.6768,3099.7,42.221,52.865,94.875,9.3765,61.945,35.575,42.344,2629.6,61.894,26.943,49.126,0.3462,8.9173,25.725,120.37,1.3039,74.964,23.892,2.263,54.733,4.9222,236.6,0.035938,0.84525,66.051,18.451,43.66
286,2026-04-28T14:15:00,51.228,32.77,26.85,32.352,41.577,2705.1,3610.6,18.021,18.916,21.491,0.33221,0.075403,339.78,77.619,6.812,13.971,32.069,4550.3,22.984,49.376,49.062,80.598,2.2816,1.6784,3104.9,42.642,54.218,94.651,9.3616,62.349,35.339,42.545,2633.2,62.733,24.572,49.204,0.36089,8.8945,26.502,120.42,1.4097,74.294,23.886,2.2736,54.733,4.8599,237.08,0.035938,0.84525,66.126,18.691,43.66
287,2026-04-28T14:18:00,49.304,32.561,26.905,32.352,40.673,2706.1,3649.9,17.929,18.916,21.652,0.33433,0.075403,340.52,77.415,6.812,13.971,32.069,4556.1,23.026,44.923,49.241,80.398,2.2816,1.6784,3106.3,42.666,54.148,94.599,9.4531,61.667,35.866,42.558,2634.9,62.057,27.552,49.511,0.36078,8.8945,26.502,120.42,1.4097,74.708,23.886,2.2736,54.733,4.8599,235.0,0.035938,0.84525,66.116,18.691,43.66
288,2026-04-28T14:21:00,49.447,26.1,27.09,32.691,41.516,2705.5,3653.8,18.134,18.983,21.856,0.26846,0.075403,340.27,77.052,6.9334,13.819,31.802,4508.1,22.949,45.254,51.208,80.198,2.2953,1.6527,3106.0,42.608,54.168,94.559,9.4679,60.1,41.656,42.419,2634.0,63.252,24.869,49.35,0.35774,8.8633,26.297,120.43,1.2647,73.897,24.043,2.422,54.733,4.8658,238.21,0.035938,0.84525,66.091,18.905,43.66
289,2026-04-28T14:24:00,51.935,26.108,26.834,32.691,40.495,2704.4,3654.3,17.019,18.983,21.437,0.26838,0.075403,340.92,77.355,6.9334,13.819,31.802,4511.5,23.419,51.013,50.182,79.982,2.2953,1.6527,3104.4,42.641,54.127,94.609,9.3041,61.4,38.636,42.69,2632.7,63.243,25.913,49.425,0.35551,8.8633,26.297,120.4,1.2647,74.171,24.043,2.422,54.733,4.8658,238.82,0.035938,0.84525,66.024,18.905,43.66
290,2026-04-28T14:27:00,48.33,29.076,26.779,32.315,41.038,2705.9,3663.8,18.36,18.701,21.531,0.29501,0.093746,341.06,77.245,6.667,13.964,32.694,4484.4,22.858,42.67,49.086,80.035,2.2801,1.654,3106.0,42.21,53.921,94.525,9.4602,61.214,35.411,40.738,2634.5,62.024,24.702,49.58,0.33903,9.1238,26.219,120.42,1.2127,74.287,24.112,2.2851,54.155,4.9096,237.92,0.023669,0.8404,65.953,18.869,44.961
291,2026-04-28T14:30:00,48.763,29.19,26.716,32.315,41.198,2709.0,3658.7,17.185,18.701,22.328,0.29385,0.093746,342.02,77.251,6.667,13.964,32.694,4486.3,23.356,43.671,50.839,79.998,2.2801,1.654,3105.9,42.176,53.899,94.635,9.5282,60.549,40.568,40.74,2637.6,62.112,25.186,49.694,0.33901,9.1238,26.219,120.39,1.2127,73.858,24.112,2.2851,54.155,4.9096,237.86,0.023669,0.8404,65.913,18.869,44.961
292,2026-04-28T14:33:00,49.607,20.302,26.96,32.939,41.539,2708.2,3691.4,17.99,19.174,22.382,0.21055,0.093746,342.2,77.593,6.8186,13.747,32.202,4513.7,23.004,45.624,49.754,80.03,2.2793,1.6602,3106.4,41.925,53.642,94.509,9.3682,63.691,37.376,42.265,2636.4,63.961,24.103,49.571,0.35924,8.8423,26.313,120.41,1.1351,74.99,24.316,2.3148,54.155,4.8433,240.45,0.023669,0.8404,65.907,18.651,44.961
293,2026-04-28T14:36:00,50.626,20.539,27.116,32.939,41.404,2708.5,3705.8,18.591,19.174,22.484,0.20814,0.093746,342.08,77.493,6.8186,13.747,32.202,4503.9,22.749,47.983,50.082,80.199,2.2793,1.6602,3105.9,42.309,53.76,94.363,9.4495,60.298,38.342,42.239,2637.5,63.714,24.141,49.842,0.35945,8.8423,26.313,120.45,1.1351,73.88,24.316,2.3148,54.155,4.8433,238.56,0.023669,0.8404,65.955,18.651,44.961
294,2026-04-28T14:39:00,50.378,24.794,26.595,33.287,41.478,2707.5,3682.4,19.49,18.968,22.245,0.25466,0.093746,342.05,77.323,6.8973,13.64,32.182,4546.4,22.378,47.408,49.746,80.052,2.3013,1.6655,3104.8,42.407,53.787,94.426,9.5322,59.751,37.352,39.611,2636.5,62.918,23.169,49.898,0.33363,8.9495,26.391,120.41,1.2245,75.157,24.242,2.3213,54.155,4.79,239.08,0.023669,0.8404,65.985,18.97,44.961
295,2026-04-28T14:42:00,50.02,25.004,26.968,33.287,41.576,2708.1,3653.7,22.197,18.968,22.246,0.25252,0.096854,341.78,76.941,6.8973,13.64,32.182,4537.3,21.244,46.581,49.265,80.104,2.3013,1.6655,3105.1,42.418,53.897,94.494,9.4606,60.674,35.936,39.565,2636.9,63.412,23.951,49.862,0.33401,8.9495,26.391,120.39,1.2245,75.069,24.242,2.3213,53.196,4.79,239.39,0.0052788,0.83944,66.033,18.97,44.215
296,2026-04-28T14:45:00,49.66,25.047,27.055,33.342,40.621,2706.7,3663.5,18.281,18.122,22.047,0.25576,0.096854,342.07,77.193,6.9068,13.785,31.65,4508.7,22.895,45.748,49.025,79.828,2.2255,1.6774,3103.6,42.403,53.451,94.535,9.3075,62.904,35.231,38.262,2635.5,62.576,23.849,49.675,0.31971,8.8709,26.559,120.4,1.1645,74.61,23.777,2.4089,53.196,4.8452,242.13,0.0052788,0.83944,65.971,18.771,44.215
297,2026-04-28T14:48:00,51.378,25.208,27.301,33.342,41.764,2710.0,3660.2,17.183,18.122,22.467,0.25411,0.096854,342.31,77.846,6.9068,13.785,31.65,4498.9,23.333,49.723,48.685,80.074,2.2255,1.6774,3107.1,42.71,53.568,94.567,9.3368,61.479,34.229,38.464,2639.1,62.633,26.948,49.902,0.31805,8.8709,26.559,120.4,1.1645,74.962,23.777,2.4089,53.196,4.8452,240.23,0.0052788,0.83944,65.937,18.771,44.215
298,2026-04-28T14:51:00,50.003,30.205,26.782,32.895,41.548,2714.0,3638.2,17.391,18.856,22.883,0.31187,0.096854,342.65,77.521,6.8008,13.608,32.195,4512.5,23.244,46.542,50.137,80.283,2.2637,1.6565,3109.5,42.514,53.877,94.467,9.3186,63.768,38.504,40.047,2643.2,62.909,25.542,49.945,0.3356,8.6987,26.64,120.41,1.2628,74.863,24.18,2.3341,53.196,4.8283,240.31,0.0052788,0.83944,66.03,19.15,44.215
299,2026-04-28T14:54:00,48.289,30.524,26.533,32.895,41.063,2713.6,3661.6,17.786,18.856,22.314,0.30863,0.096854,342.64,77.436,6.8008,13.608,32.195,4512.6,23.077,42.574,47.551,80.161,2.2637,1.6565,3112.1,42.488,53.875,94.364,9.4339,59.826,30.894,39.767,2643.2,62.506,24.463,50.019,0.33789,8.6987,26.64,120.4,1.2628,74.222,24.18,2.3341,53.196,4.8283,240.04,0.0052788,0.83944,66.074,19.15,44.215
300,2026-04-28T14:57:00,50.16,25.539,26.84,33.104,42.115,2714.0,3679.8,19.059,18.554,22.378,0.25937,0.10434,343.4,77.362,6.9196,13.609,32.423,4475.8,22.544,46.903,49.537,80.023,2.2699,1.6526,3111.0,42.627,53.356,94.506,9.4427,62.349,36.737,37.391,2642.4,63.15,25.38,49.992,0.31693,8.8057,26.604,120.42,1.4406,74.752,23.841,2.3091,53.666,4.8192,240.74,0.0095678,0.83308,66.066,18.831,43.32
301,2026-04-28T15:00:00,49.555,25.387,26.963,33.104,41.577,2712.4,3662.3,20.009,18.554,22.763,0.26091,0.10434,343.41,77.092,6.9196,13.609,32.423,4464.5,22.157,45.503,51.574,79.817,2.2699,1.6526,3108.6,42.365,53.491,94.534,9.3374,62.57,42.733,37.304,2641.4,63.451,24.033,50.039,0.31765,8.8057,26.604,120.39,1.4406,74.397,23.841,2.3091,53.666,4.8192,240.75,0.0095678,0.83308,66.047,18.831,43.32
302,2026-04-28T15:03:00,50.005,23.211,26.79,33.569,40.871,2712.2,3666.5,15.941,18.525,22.911,0.23644,0.10434,343.71,77.227,6.9204,13.756,31.832,4534.5,23.87,46.546,49.417,79.751,2.2563,1.671,3108.3,42.351,53.398,94.508,9.4359,60.523,36.384,37.255,2641.9,62.357,26.157,50.035,0.31571,8.9948,26.429,120.37,1.214,75.109,23.654,2.2103,53.666,4.8159,241.35,0.0095678,0.83308,65.975,18.537,43.32
303,2026-04-28T15:06:00,50.125,23.107,27.111,33.569,41.731,2715.2,3656.1,18.267,18.525,23.314,0.23749,0.10434,344.23,77.627,6.9204,13.756,31.832,4490.5,22.878,46.823,49.859,79.859,2.2563,1.671,3108.6,42.508,53.925,94.503,9.1996,63.074,37.685,37.107,2645.3,62.535,25.851,50.066,0.31693,8.9948,26.429,120.39,1.214,74.061,23.654,2.2103,53.666,4.8159,241.57,0.0095678,0.83308,65.934,18.537,43.32
304,2026-04-28T15:09:00,49.504,29.133,26.816,33.131,41.59,2719.4,3641.2,17.971,18.449,23.168,0.29195,0.10434,344.48,77.786,6.7564,13.73,32.362,4554.7,22.988,45.385,51.444,80.069,2.3092,1.636,3112.6,42.482,53.894,94.501,9.4029,61.53,42.349,39.213,2649.2,62.75,26.888,50.026,0.33022,8.8172,26.579,120.4,1.4209,74.879,23.51,2.2051,53.666,4.7949,242.55,0.0095678,0.83308,65.982,18.608,43.32
305,2026-04-28T15:12:00,50.799,28.999,26.653,33.131,41.087,2719.1,3643.2,18.21,18.449,22.743,0.29331,0.10107,344.72,77.297,6.7564,13.73,32.362,4540.5,22.898,48.383,50.884,79.987,2.3092,1.636,3114.1,42.884,54.064,94.487,9.5016,59.796,40.702,39.065,2647.9,62.714,24.571,50.094,0.33143,8.8172,26.579,120.42,1.4209,74.669,23.51,2.2051,54.057,4.7949,240.46,0.026081,0.8142,66.032,18.608,43.672
306,2026-04-28T15:15:00,50.544,23.997,26.774,33.183,42.055,2718.3,3681.3,17.56,18.079,23.21,0.2435,0.10107,344.98,77.305,6.862,13.974,32.053,4506.8,23.176,47.793,48.774,79.752,2.2601,1.6635,3112.5,42.493,54.329,94.461,9.3618,57.756,34.491,38.395,2647.8,63.538,24.008,50.053,0.33016,8.8744,26.672,120.42,1.2627,75.457,24.103,2.1869,54.057,4.815,240.68,0.026081,0.8142,65.99,18.459,43.672
307,2026-04-28T15:18:00,51.24,23.699,26.723,33.183,42.104,2717.2,3684.0,19.307,18.079,23.224,0.24653,0.10107,344.98,76.871,6.862,13.974,32.053,4523.0,22.459,49.404,49.325,79.674,2.2601,1.6635,3110.2,42.239,54.134,94.468,9.3109,63.604,36.113,38.614,2646.7,63.493,26.359,50.069,0.32837,8.8744,26.672,120.41,1.2627,73.241,24.103,2.1869,54.057,4.815,240.27,0.026081,0.8142,65.947,18.459,43.672
308,2026-04-28T15:21:00,49.886,26.742,26.745,33.37,41.276,2715.2,3650.0,19.593,18.034,23.125,0.27488,0.10107,345.48,76.905,6.963,13.827,32.583,4521.6,22.35,46.27,49.73,79.395,2.2535,1.6621,3108.3,42.085,54.557,94.51,9.3696,60.972,37.306,41.828,2644.6,63.219,25.389,49.978,0.3561,9.0155,26.405,120.4,1.1988,74.618,24.164,2.3911,54.057,4.8726,241.11,0.026081,0.8142,65.863,18.795,43.672
309,2026-04-28T15:24:00,49.66,26.89,27.011,33.37,41.205,2716.1,3670.2,16.423,18.034,23.441,0.27337,0.10107,345.2,77.49,6.963,13.827,32.583,4546.7,23.672,45.748,48.474,79.545,2.2535,1.6621,3108.9,42.282,54.256,94.54,9.5009,59.717,33.609,41.912,2646.2,62.873,25.145,49.809,0.3554,9.0155,26.405,120.4,1.1988,75.333,24.164,2.3911,54.057,4.8726,242.89,0.026081,0.8142,65.801,18.795,43.672
310,2026-04-28T15:27:00,49.472,21.637,26.949,33.091,41.15,2718.1,3631.5,20.084,18.118,23.436,0.22166,0.10155,345.08,77.53,6.7997,13.729,32.745,4450.5,22.122,45.312,50.683,79.837,2.2485,1.646,3110.3,42.233,54.61,94.62,9.374,61.326,40.11,39.793,2647.9,62.624,23.502,49.376,0.3413,8.7578,26.75,120.38,1.2133,75.229,24.082,2.267,53.73,4.745,241.88,0.016494,0.81443,65.841,18.325,43.585
311,2026-04-28T15:30:00,50.416,21.762,26.81,33.091,41.606,2719.1,3617.8,17.706,18.118,23.296,0.22039,0.10155,345.37,77.49,6.7997,13.729,32.745,4437.5,23.117,47.497,50.893,79.942,2.2485,1.646,3111.7,42.428,54.765,94.503,9.3525,61.988,40.728,39.656,2648.8,62.86,22.472,49.346,0.34241,8.7578,26.75,120.4,1.2133,74.291,24.082,2.267,53.73,4.745,239.51,0.016494,0.81443,65.886,18.325,43.585
312,2026-04-28T15:33:00,51.108,19.715,26.446,33.07,41.04,2719.6,3664.6,18.928,18.452,23.078,0.19994,0.10155,344.86,77.58,6.6512,13.835,32.717,4580.4,22.593,49.097,49.616,79.987,2.2183,1.6288,3113.6,42.262,54.244,94.6,9.4251,60.555,36.97,38.806,2649.1,63.486,25.37,49.282,0.32742,8.8485,26.849,120.38,1.1808,75.241,24.398,2.1405,53.73,4.68,237.52,0.016494,0.81443,65.921,18.423,43.585
313,2026-04-28T15:36:00,49.586,19.522,26.8,33.07,41.183,2718.9,3644.9,20.687,18.452,23.334,0.20189,0.10155,345.17,77.108,6.6512,13.835,32.717,4576.9,21.861,45.576,50.363,79.961,2.2183,1.6288,3112.3,42.334,54.286,94.389,9.3929,61.752,39.167,38.75,2648.7,63.826,24.112,48.959,0.32788,8.8485,26.849,120.39,1.1808,74.525,24.398,2.1405,53.73,4.68,238.43,0.016494,0.81443,65.941,18.423,43.585
314,2026-04-28T15:39:00,49.651,19.532,27.052,33.334,41.405,2716.2,3712.6,19.72,18.274,23.125,0.19589,0.10155,344.75,76.971,6.8033,13.762,32.327,4547.6,22.274,45.727,50.523,79.743,2.2234,1.6506,3110.1,42.323,54.463,94.485,9.3749,59.989,39.638,39.718,2644.8,64.111,24.374,48.984,0.34259,8.8078,27.058,120.41,1.3476,75.415,24.458,2.3484,53.73,4.7437,235.47,0.016494,0.81443,65.933,18.394,43.585
315,2026-04-28T15:42:00,50.234,19.46,27.229,33.334,41.411,2712.8,3725.3,19.3,18.274,23.089,0.19662,0.10207,344.25,77.48,6.8033,13.762,32.327,4514.8,22.438,47.077,49.672,79.735,2.2234,1.6506,3107.4,42.229,54.855,94.411,9.3329,62.962,37.134,40.276,2642.5,63.892,24.192,48.436,0.33801,8.8078,27.058,120.4,1.3476,75.732,24.458,2.3484,53.207,4.7437,238.6,0.027043,0.81396,65.857,18.394,43.644
316,2026-04-28T15:45:00,50.421,22.602,26.996,33.611,41.629,2710.6,3711.0,19.475,18.132,22.576,0.23318,0.10207,343.56,76.64,6.9755,13.875,31.951,4548.5,22.393,47.509,49.553,79.668,2.2912,1.6218,3106.3,42.4,54.586,94.537,9.395,61.351,36.785,39.319,2639.7,62.951,25.551,48.497,0.3297,8.8508,26.404,120.41,1.1074,75.553,24.161,2.3471,53.207,4.7217,235.11,0.027043,0.81396,65.832,18.732,43.644
317,2026-04-28T15:48:00,51.314,22.761,26.999,33.611,40.793,2708.9,3672.2,18.417,18.132,22.643,0.23156,0.10207,343.55,77.126,6.9755,13.875,31.951,4563.1,22.836,49.576,50.613,79.602,2.2912,1.6218,3104.5,42.161,54.411,94.492,9.3808,60.849,39.903,38.635,2638.6,63.619,23.571,48.282,0.3353,8.8508,26.404,120.37,1.1074,75.678,24.161,2.3471,53.207,4.7217,234.78,0.027043,0.81396,65.755,18.732,43.644
318,2026-04-28T15:51:00,48.444,26.588,26.82,33.264,41.582,2711.3,3635.2,18.93,18.44,22.681,0.26632,0.10207,343.27,77.389,6.7887,13.704,32.184,4488.8,22.613,42.933,49.866,79.803,2.2516,1.613,3105.0,42.394,54.508,94.587,9.3424,61.229,37.705,40.851,2640.2,62.738,25.413,48.08,0.3418,8.9795,26.263,120.42,1.1729,75.573,24.197,2.3514,53.207,4.7359,234.3,0.027043,0.81396,65.72,18.384,43.644
319,2026-04-28T15:54:00,48.983,26.025,27.091,33.264,40.916,2710.8,3625.4,17.271,18.44,22.921,0.27205,0.10207,343.9,77.425,6.7887,13.704,32.184,4527.6,23.314,44.18,50.704,79.723,2.2516,1.613,3105.5,42.198,54.043,94.728,9.3892,59.378,40.172,40.193,2639.4,62.907,24.988,47.918,0.3472,8.9795,26.263,120.38,1.1729,75.493,24.197,2.3514,53.207,4.7359,233.37,0.027043,0.81396,65.706,18.384,43.644
320,2026-04-28T15:57:00,51.117,24.325,26.558,33.154,40.931,2713.8,3699.9,16.735,18.386,22.651,0.24686,0.10584,343.34,77.308,6.8222,13.792,32.214,4548.5,23.534,49.119,48.959,79.992,2.2646,1.6633,3109.1,42.008,54.682,94.486,9.3021,60.546,35.035,38.375,2643.1,63.262,25.151,47.635,0.32415,8.8426,26.41,120.42,1.1873,75.661,24.493,2.3434,53.194,4.7944,233.21,0.018238,0.81567,65.716,18.699,44.135
321,2026-04-28T16:00:00,51.918,24.526,27.097,33.154,41.891,2712.7,3687.9,17.424,18.386,23.017,0.24481,0.10584,343.29,77.187,6.8222,13.792,32.214,4541.5,23.248,50.972,50.595,79.905,2.2646,1.6633,3107.6,42.156,54.766,94.545,9.3251,62.813,39.85,38.73,2642.7,63.469,27.163,47.542,0.32124,8.8426,26.41,120.42,1.1873,75.44,24.493,2.3434,53.194,4.7944,231.22,0.018238,0.81567,65.738,18.699,44.135
322,2026-04-28T16:03:00,50.467,24.084,27.206,32.855,41.304,2713.8,3658.2,20.472,17.805,23.182,0.24318,0.10584,343.18,77.529,6.8914,13.792,32.061,4551.2,21.944,47.614,50.729,80.167,2.2466,1.6876,3107.9,42.273,53.918,94.456,9.3156,61.843,40.245,39.095,2643.3,63.759,24.97,47.433,0.33668,9.0781,26.126,120.4,1.235,74.791,23.894,2.2699,53.194,4.8069,229.4,0.018238,0.81567,65.771,18.907,44.135
323,2026-04-28T16:06:00,49.984,24.015,27.268,32.855,41.097,2712.3,3668.7,18.259,17.805,22.843,0.24388,0.10584,342.64,77.541,6.8914,13.792,32.061,4487.0,22.871,46.496,49.51,80.175,2.2466,1.6876,3107.7,42.446,54.686,94.507,9.4602,58.134,36.658,39.634,2641.4,63.578,23.531,47.294,0.33227,9.0781,26.126,120.4,1.235,75.38,23.894,2.2699,53.194,4.8069,227.91,0.018238,0.81567,65.784,18.907,44.135
324,2026-04-28T16:09:00,50.228,25.454,27.087,33.283,40.694,2709.6,3649.3,18.441,18.663,22.618,0.25993,0.10584,342.51,76.998,6.7946,13.808,32.211,4516.5,22.811,47.061,50.73,80.053,2.2832,1.6391,3105.7,42.362,53.817,94.555,9.1733,64.279,40.247,39.727,2638.6,63.328,24.937,46.863,0.33113,8.7208,26.418,120.4,1.0554,75.687,24.165,2.2289,53.194,4.8887,229.72,0.018238,0.81567,65.777,18.766,44.135
325,2026-04-28T16:12:00,49.185,25.494,26.815,33.283,40.284,2705.3,3650.5,20.381,18.663,22.103,0.25952,0.093027,342.52,76.782,6.7946,13.808,32.211,4491.0,22.013,44.647,48.964,79.644,2.2832,1.6391,3100.8,42.554,54.122,94.689,9.4139,58.492,35.051,39.115,2633.6,63.307,27.042,46.809,0.33614,8.7208,26.418,120.37,1.0554,74.724,24.165,2.2289,53.603,4.8887,227.41,0.02995,0.82621,65.69,18.766,43.914
326,2026-04-28T16:15:00,50.351,24.228,26.755,33.064,40.949,2704.9,3677.1,20.422,17.946,22.653,0.2445,0.093027,343.16,76.896,6.8691,13.938,32.431,4492.2,22.003,47.347,50.955,79.621,2.2646,1.6575,3099.3,42.459,54.443,94.653,9.2899,58.664,40.91,39.533,2633.5,63.735,23.044,46.491,0.33599,8.9176,26.124,120.39,1.1508,74.943,23.95,2.2706,53.603,4.7772,228.13,0.02995,0.82621,65.543,18.602,43.914
327,2026-04-28T16:18:00,49.542,24.125,27.133,33.064,40.091,2704.8,3701.0,19.248,17.946,22.889,0.24556,0.093027,342.37,77.221,6.8691,13.938,32.431,4524.9,22.493,45.475,49.608,79.77,2.2646,1.6575,3099.6,42.405,54.051,94.631,9.2113,60.315,36.947,39.522,2634.6,63.324,25.255,46.352,0.33608,8.9176,26.124,120.37,1.1508,75.261,23.95,2.2706,53.603,4.7772,226.86,0.02995,0.82621,65.499,18.602,43.914
328,2026-04-28T16:21:00,48.081,21.813,26.852,32.917,42.082,2705.3,3704.2,17.973,17.921,22.611,0.22366,0.093027,342.3,77.447,6.8614,13.863,32.182,4524.5,23.019,42.093,51.162,80.056,2.2495,1.682,3100.2,42.0,54.474,94.539,9.3508,60.109,41.519,41.226,2634.1,62.664,24.767,46.307,0.3512,8.9046,26.25,120.42,1.1247,75.764,24.252,2.1731,53.603,4.7797,224.48,0.02995,0.82621,65.519,18.749,43.914
329,2026-04-28T16:24:00,48.432,21.762,26.73,32.917,40.196,2703.0,3662.4,20.102,17.921,22.094,0.22419,0.093027,341.81,77.047,6.8614,13.863,32.182,4503.3,22.132,42.906,48.66,80.029,2.2495,1.682,3100.1,42.245,54.728,94.676,9.2595,60.229,34.156,41.457,2631.1,63.383,24.291,45.879,0.34931,8.9046,26.25,120.37,1.1247,75.167,24.252,2.1731,53.603,4.7797,226.36,0.02995,0.82621,65.548,18.749,43.914
330,2026-04-28T16:27:00,50.801,24.102,26.936,33.042,41.595,2701.8,3679.8,19.779,18.603,22.132,0.24622,0.099697,341.03,77.235,6.891,13.774,32.419,4553.2,22.267,48.387,50.724,79.96,2.2804,1.6471,3098.6,42.494,53.788,94.62,9.3554,57.429,40.231,40.192,2630.0,63.166,24.965,45.979,0.34417,9.0651,26.003,120.41,1.2144,74.992,23.504,2.3097,54.177,4.8158,225.08,0.0017992,0.82574,65.528,18.732,43.229
331,2026-04-28T16:30:00,48.505,24.117,27.112,33.042,40.571,2702.1,3676.8,20.823,18.603,22.32,0.24607,0.099697,340.96,77.242,6.891,13.774,32.419,4512.2,21.825,43.074,48.456,80.11,2.2804,1.6471,3099.3,42.194,54.279,94.572,9.2925,60.869,33.558,40.618,2631.1,63.219,26.33,45.878,0.34068,9.0651,26.003,120.39,1.2144,75.196,23.504,2.3097,54.177,4.8158,224.51,0.0017992,0.82574,65.512,18.732,43.229
332,2026-04-28T16:33:00,49.374,21.846,26.68,33.323,40.897,2700.9,3664.7,15.706,18.395,22.096,0.22096,0.099697,341.42,77.185,7.0292,13.797,32.583,4547.9,23.983,45.086,49.487,80.099,2.2926,1.6812,3098.4,42.303,53.899,94.64,9.2154,62.404,36.59,39.083,2629.8,63.172,25.13,45.734,0.33366,8.8125,25.917,120.41,1.4568,75.63,24.148,2.2728,54.177,4.8542,224.43,0.0017992,0.82574,65.548,19.051,43.229
333,2026-04-28T16:36:00,49.169,21.882,26.958,33.323,41.176,2701.9,3678.9,17.565,18.395,21.979,0.22059,0.099697,340.43,77.738,7.0292,13.797,32.583,4558.2,23.174,44.61,50.287,80.384,2.2926,1.6812,3099.3,42.63,53.774,94.62,9.2709,61.456,38.943,39.648,2630.6,62.928,25.156,45.659,0.32903,8.8125,25.917,120.39,1.4568,75.949,24.148,2.2728,54.177,4.8542,223.55,0.0017992,0.82574,65.575,19.051,43.229
334,2026-04-28T16:39:00,48.016,19.949,27.009,32.669,40.353,2699.7,3623.9,15.8,18.783,21.669,0.2019,0.099697,339.77,77.411,6.829,13.752,31.793,4486.8,23.924,41.943,51.727,80.329,2.295,1.6473,3098.1,42.554,53.827,94.745,9.115,62.593,43.182,39.791,2627.2,62.588,25.479,45.518,0.33251,9.1093,26.538,120.38,1.2739,75.849,24.505,2.3737,54.177,4.8364,223.36,0.0017992,0.82574,65.622,18.689,43.229
335,2026-04-28T16:42:00,49.226,19.73,26.361,32.669,40.798,2698.0,3624.8,19.211,18.783,21.771,0.20413,0.10697,339.67,77.259,6.829,13.752,31.793,4470.2,22.492,44.743,49.905,80.227,2.295,1.6473,3096.2,41.964,54.025,94.954,9.3124,60.151,37.82,39.439,2627.5,62.574,24.359,45.521,0.3354,9.1093,26.538,120.4,1.2739,75.986,24.505,2.3737,53.519,4.8364,221.26,0.02281,0.83127,65.598,18.689,43.968
336,2026-04-28T16:45:00,51.486,27.367,27.157,33.075,40.223,2697.7,3648.6,16.793,18.457,21.833,0.27932,0.10697,339.37,77.044,6.8968,13.785,32.159,4516.7,23.525,49.973,49.551,80.025,2.2737,1.6388,3097.9,42.484,54.343,94.673,9.3621,59.824,36.778,39.201,2625.8,63.874,26.272,45.443,0.32689,9.0409,25.798,120.39,1.3511,74.928,23.624,2.3047,53.519,4.9317,220.32,0.02281,0.83127,65.529,18.489,43.968
337,2026-04-28T16:48:00,51.17,27.31,27.245,33.075,41.094,2700.5,3683.2,17.555,18.457,21.734,0.2799,0.10697,340.04,77.243,6.8968,13.785,32.159,4523.4,23.199,49.241,52.521,80.126,2.2737,1.6388,3099.2,42.059,54.262,94.651,9.2943,61.639,45.518,39.092,2627.8,63.279,25.152,45.343,0.32779,9.0409,25.798,120.4,1.3511,74.824,23.624,2.3047,53.519,4.9317,219.62,0.02281,0.83127,65.485,18.489,43.968
338,2026-04-28T16:51:00,52.319,23.998,27.068,32.808,41.112,2700.1,3666.8,18.067,18.548,21.633,0.24727,0.10697,339.42,77.523,6.857,14.022,31.97,4558.3,22.973,51.9,49.997,80.246,2.2448,1.6065,3099.6,42.365,54.366,94.678,9.3509,61.687,38.092,39.632,2628.1,62.986,26.093,45.124,0.3298,8.8555,26.559,120.41,1.3385,75.948,24.213,2.3262,53.519,4.8424,220.26,0.02281,0.83127,65.486,18.884,43.968
339,2026-04-28T16:54:00,50.939,24.27,26.838,32.808,41.895,2701.5,3643.8,18.057,18.548,21.546,0.2445,0.10697,339.45,77.462,6.857,14.022,31.97,4548.8,22.969,48.708,49.076,80.503,2.2448,1.6065,3101.1,41.977,54.479,94.614,9.3533,59.524,35.382,39.411,2630.6,63.38,24.236,45.099,0.3316,8.8555,26.559,120.45,1.3385,75.446,24.213,2.3262,53.519,4.8424,218.69,0.02281,0.83127,65.514,18.884,43.968
340,2026-04-28T16:57:00,47.962,25.924,26.836,32.422,40.881,2698.9,3660.8,21.211,18.289,21.315,0.26672,0.093388,339.03,77.138,7.0164,13.857,31.823,4473.7,21.65,41.818,48.747,80.333,2.2738,1.637,3098.9,42.358,54.426,94.656,9.1912,61.13,34.411,42.722,2627.5,63.441,25.252,44.91,0.35764,8.9398,26.504,120.36,1.385,74.956,24.126,2.2132,54.554,4.8437,220.39,0.015746,0.84524,65.558,18.392,43.611
341,2026-04-28T17:00:00,50.751,26.315,27.282,32.422,41.552,2696.4,3646.0,16.512,18.289,21.65,0.26274,0.093388,339.39,77.062,7.0164,13.857,31.823,4484.5,23.639,48.272,49.526,80.104,2.2738,1.637,3096.3,42.672,54.296,94.661,9.2917,61.038,36.705,42.893,2624.5,63.696,24.19,44.905,0.35623,8.9398,26.504,120.42,1.385,74.856,24.126,2.2132,54.554,4.8437,219.26,0.015746,0.84524,65.48,18.392,43.611
342,2026-04-28T17:03:00,50.323,27.733,27.076,32.533,40.368,2697.4,3662.0,19.64,18.987,21.634,0.2828,0.093388,339.38,77.272,6.775,13.723,31.857,4573.2,22.316,47.282,48.752,80.167,2.2822,1.7155,3097.1,42.174,54.466,94.713,9.2162,62.223,34.426,40.047,2625.7,61.971,24.268,44.682,0.34468,8.8697,26.583,120.38,1.3972,75.251,24.327,2.3431,54.554,4.9947,220.63,0.015746,0.84524,65.419,19.094,43.611
343,2026-04-28T17:06:00,50.272,27.826,26.569,32.533,40.976,2699.4,3618.5,17.958,18.987,21.514,0.28185,0.093388,339.25,77.147,6.775,13.723,31.857,4528.7,23.032,47.164,48.513,80.207,2.2822,1.7155,3098.6,42.473,54.998,94.824,9.4092,59.38,33.724,40.361,2627.8,62.719,24.783,44.798,0.34211,8.8697,26.583,120.4,1.3972,74.347,24.327,2.3431,54.554,4.9947,218.18,0.015746,0.84524,65.415,19.094,43.611
344,2026-04-28T17:09:00,46.848,27.905,27.132,32.483,41.034,2699.9,3686.5,16.665,18.786,21.735,0.28171,0.093388,339.44,77.3,6.8002,14.065,32.134,4524.6,23.573,39.24,50.561,80.216,2.2885,1.6533,3098.8,42.143,53.33,94.595,9.3039,61.296,39.751,39.03,2627.6,63.654,24.668,44.628,0.32318,8.9766,26.574,120.44,1.5294,75.253,23.513,2.3135,54.554,4.9159,218.92,0.015746,0.84524,65.402,18.575,43.611
345,2026-04-28T17:12:00,50.28,27.707,26.723,32.483,41.24,2698.5,3709.8,15.57,18.786,21.42,0.28372,0.10365,339.44,76.826,6.8002,14.065,32.134,4508.2,24.052,47.182,50.313,80.091,2.2885,1.6533,3097.7,42.328,53.525,94.642,9.3259,60.539,39.02,38.85,2626.8,63.253,25.571,44.695,0.32466,8.9766,26.574,120.4,1.5294,75.217,23.513,2.3135,53.843,4.9159,221.12,0.010302,0.84946,65.372,18.575,43.959
346,2026-04-28T17:15:00,49.755,25.468,26.811,32.515,40.656,2698.4,3699.6,19.358,19.334,21.256,0.25698,0.10365,339.48,77.641,6.7005,13.886,32.327,4565.6,22.428,45.968,50.402,80.357,2.2467,1.6932,3099.1,42.135,54.101,94.444,9.2854,63.418,39.284,43.465,2626.5,63.298,27.239,44.593,0.36282,8.8871,26.481,120.41,1.3184,74.798,23.842,2.3438,53.843,4.8335,222.88,0.010302,0.84946,65.379,18.978,43.959
347,2026-04-28T17:18:00,50.895,25.581,26.896,32.515,41.559,2697.6,3712.4,14.423,19.334,21.343,0.25583,0.10365,338.81,77.628,6.7005,13.886,32.327,4530.6,24.498,48.606,49.529,80.497,2.2467,1.6932,3098.7,42.308,54.52,94.606,9.2892,61.636,36.713,43.348,2626.2,63.077,25.786,44.887,0.36378,8.8871,26.481,120.42,1.3184,75.059,23.842,2.3438,53.843,4.8335,220.14,0.010302,0.84946,65.464,18.978,43.959
348,2026-04-28T17:21:00,49.67,23.219,26.662,32.491,41.172,2697.8,3734.1,16.041,19.021,21.41,0.24171,0.10365,338.73,77.7,6.8394,13.855,32.485,4490.1,23.803,45.77,48.604,80.677,2.2882,1.6514,3098.2,41.987,54.017,94.421,9.2066,60.761,33.992,41.77,2626.1,63.703,26.367,44.948,0.33926,8.8245,26.331,120.4,1.3056,74.815,24.243,2.3412,53.843,4.8447,219.98,0.010302,0.84946,65.535,18.966,43.959
349,2026-04-28T17:24:00,47.993,23.633,26.979,32.491,41.334,2693.9,3716.3,16.026,19.021,21.084,0.23749,0.10365,337.99,77.051,6.8394,13.855,32.485,4509.1,23.821,41.889,50.078,80.639,2.2882,1.6514,3096.6,42.8,53.79,94.537,9.1973,61.284,38.33,41.187,2622.0,64.008,23.957,45.073,0.34404,8.8245,26.331,120.41,1.3056,75.066,24.243,2.3412,53.843,4.8447,219.05,0.010302,0.84946,65.631,18.966,43.959
350,2026-04-28T17:27:00,49.967,21.718,26.771,32.87,41.122,2689.8,3698.0,18.465,18.618,21.295,0.22177,0.11108,337.98,76.968,7.052,13.864,31.839,4497.0,22.803,46.457,48.212,80.342,2.3057,1.6673,3090.1,42.375,53.931,94.446,9.2748,62.045,32.837,40.932,2616.7,63.21,24.844,45.162,0.3398,8.9782,26.227,120.38,1.2426,74.062,24.112,2.2706,52.802,4.8324,220.02,0.016636,0.84484,65.612,19.018,44.501
351,2026-04-28T17:30:00,49.278,21.751,27.077,32.87,41.657,2687.9,3627.2,19.725,18.618,21.177,0.22144,0.11108,337.47,76.766,7.052,13.864,31.839,4459.7,22.285,44.863,50.188,80.275,2.3057,1.6673,3089.2,42.089,54.378,94.811,9.2636,62.765,38.653,41.046,2614.8,64.429,26.513,45.16,0.33886,8.9782,26.227,120.39,1.2426,75.043,24.112,2.2706,52.802,4.8324,221.23,0.016636,0.84484,65.554,19.018,44.501
352,2026-04-28T17:33:00,50.998,28.11,26.93,32.652,39.988,2686.4,3622.3,19.095,19.209,20.923,0.28231,0.11108,337.69,77.294,6.9641,13.764,31.932,4476.4,22.544,48.844,50.198,80.208,2.3135,1.6208,3087.7,42.684,54.015,94.697,9.2955,61.202,38.681,40.98,2614.2,62.589,23.684,44.987,0.34183,8.9932,26.478,120.39,1.4004,75.654,23.978,2.3917,52.802,5.0195,224.4,0.016636,0.84484,65.507,18.917,44.501
353,2026-04-28T17:36:00,51.503,27.949,26.841,32.652,41.021,2689.1,3647.1,20.041,19.209,21.343,0.28394,0.11108,337.88,77.214,6.9641,13.764,31.932,4474.7,22.151,50.013,49.78,80.344,2.3135,1.6208,3088.7,41.888,54.035,94.866,9.3397,62.3,37.454,40.621,2616.1,62.162,24.38,45.379,0.34478,8.9932,26.478,120.38,1.4004,75.275,23.978,2.3917,52.802,5.0195,221.2,0.016636,0.84484,65.502,18.917,44.501
354,2026-04-28T17:39:00,51.898,27.444,26.658,33.092,40.944,2692.5,3660.1,16.26,18.916,21.376,0.2774,0.11108,338.42,77.574,7.0165,13.883,31.644,4514.4,23.732,50.926,50.008,80.5,2.2498,1.6327,3091.8,42.254,53.774,94.737,9.3642,61.658,38.124,39.559,2620.2,62.59,26.269,45.415,0.33152,8.7554,26.147,120.37,1.2726,75.335,23.897,2.4048,52.802,4.9254,221.98,0.016636,0.84484,65.517,19.292,44.501
355,2026-04-28T17:42:00,50.454,27.346,27.152,33.092,41.396,2694.9,3617.0,20.223,18.916,21.785,0.2784,0.12419,338.31,77.59,7.0165,13.883,31.644,4504.8,22.053,47.586,51.76,80.704,2.2498,1.6327,3094.1,42.652,53.889,94.615,9.1742,62.429,43.28,39.52,2623.1,63.332,26.725,45.474,0.33184,8.7554,26.147,120.41,1.2726,75.53,23.897,2.4048,53.531,4.9254,221.36,0.016963,0.85278,65.593,19.292,43.117
356,2026-04-28T17:45:00,47.654,30.559,26.83,32.59,40.186,2693.5,3630.2,15.317,19.278,21.076,0.30979,0.12419,338.21,77.714,7.0112,13.906,32.204,4479.6,24.113,41.105,49.631,80.54,2.2668,1.6269,3094.9,41.884,53.215,94.799,9.2638,59.384,37.014,41.219,2621.4,62.543,24.374,45.631,0.34399,8.919,26.674,120.38,1.1689,74.523,23.755,2.3294,53.531,4.9238,220.23,0.016963,0.85278,65.657,19.178,43.117
357,2026-04-28T17:48:00,48.783,30.456,26.597,32.59,41.282,2694.8,3662.2,17.248,19.278,21.09,0.31085,0.12419,338.59,77.499,7.0112,13.906,32.204,4452.3,23.3,43.718,51.436,80.673,2.2668,1.6269,3095.5,42.404,53.542,94.688,9.351,62.992,42.327,41.418,2623.9,61.992,26.686,45.623,0.34237,8.919,26.674,120.41,1.1689,75.604,23.755,2.3294,53.531,4.9238,220.97,0.016963,0.85278,65.667,19.178,43.117
358,2026-04-28T17:51:00,50.018,25.449,26.937,32.649,40.525,2691.6,3651.8,17.959,19.058,21.134,0.2588,0.12419,338.62,76.803,6.8827,13.895,31.973,4506.7,23.031,46.575,50.129,80.247,2.2731,1.6386,3092.1,42.178,53.092,94.88,9.2542,61.832,38.478,41.322,2618.6,62.094,26.62,45.653,0.34917,8.9243,26.183,120.38,1.2267,75.761,23.429,2.3057,53.531,4.9352,221.3,0.016963,0.85278,65.63,19.106,43.117
359,2026-04-28T17:54:00,50.107,25.471,26.7,32.649,40.667,2691.0,3647.2,16.142,19.058,21.488,0.25858,0.12419,339.04,77.006,6.8827,13.895,31.973,4484.6,23.802,46.781,48.914,80.085,2.2731,1.6386,3090.4,42.55,53.357,94.842,9.4176,61.086,34.903,41.851,2619.0,62.173,23.259,45.457,0.34484,8.9243,26.183,120.38,1.2267,74.863,23.429,2.3057,53.531,4.9352,224.24,0.016963,0.85278,65.525,19.106,43.117
360,2026-04-28T17:57:00,51.479,27.76,27.216,32.885,40.819,2692.8,3665.8,15.838,19.425,21.505,0.28207,0.096731,339.51,77.178,6.7867,13.794,32.06,4497.4,23.93,49.957,51.484,80.196,2.2877,1.7197,3092.5,42.498,53.321,94.756,9.4212,62.779,42.466,41.491,2621.1,62.918,24.879,45.807,0.34618,8.8866,26.339,120.4,1.3103,75.029,24.002,2.3912,54.119,5.0396,223.61,0.016143,0.88013,65.504,19.11,43.83
361,2026-04-28T18:00:00,49.659,27.888,27.118,32.885,41.064,2696.9,3643.3,18.297,19.425,21.861,0.28077,0.096731,339.65,77.518,6.7867,13.794,32.06,4462.2,22.877,45.744,49.558,80.463,2.2877,1.7197,3095.2,42.337,53.741,94.601,9.3487,59.587,36.799,41.453,2625.7,63.305,25.418,46.119,0.34649,8.8866,26.339,120.42,1.3103,74.856,24.002,2.3912,54.119,5.0396,221.93,0.016143,0.88013,65.522,19.11,43.83
362,2026-04-28T18:03:00,47.778,27.039,27.112,32.581,41.758,2696.8,3663.4,16.276,18.591,21.649,0.2761,0.096731,339.39,77.735,6.8967,13.969,32.488,4450.5,23.715,41.392,49.442,80.506,2.2677,1.711,3096.6,42.531,53.815,94.479,9.3678,60.612,36.459,40.147,2625.7,63.846,26.279,46.074,0.33539,9.0643,26.381,120.43,1.2287,74.729,23.663,2.3208,54.119,4.8114,224.2,0.016143,0.88013,65.566,19.207,43.83
363,2026-04-28T18:06:00,51.139,26.947,26.98,32.581,41.265,2699.0,3662.0,16.456,18.591,21.515,0.27704,0.096731,339.69,77.754,6.8967,13.969,32.488,4474.7,23.627,49.169,49.359,80.661,2.2677,1.711,3098.9,42.392,53.526,94.513,9.3903,62.802,36.215,40.557,2626.7,63.87,24.425,46.201,0.33202,9.0643,26.381,120.42,1.2287,74.353,23.663,2.3208,54.119,4.8114,224.5,0.016143,0.88013,65.64,19.207,43.83
364,2026-04-28T18:09:00,50.833,23.116,27.176,32.877,41.259,2696.9,3663.5,20.626,18.978,21.84,0.23151,0.096731,339.76,77.293,6.8114,13.738,32.185,4473.8,21.881,48.462,49.905,80.549,2.3,1.6604,3095.4,42.042,53.234,94.453,9.3954,60.986,37.82,42.611,2626.1,62.917,25.471,46.329,0.3542,8.8999,25.856,120.4,1.319,74.983,23.446,2.3159,54.119,4.9422,224.77,0.016143,0.88013,65.721,18.992,43.83
365,2026-04-28T18:12:00,51.168,22.936,26.807,32.877,41.434,2693.5,3677.7,19.27,18.978,21.19,0.23333,0.093865,339.28,77.329,6.8114,13.738,32.185,4464.0,22.452,49.237,50.852,80.338,2.3,1.6604,3093.5,42.409,53.353,94.799,9.2678,59.972,40.607,42.381,2621.5,62.674,27.975,47.023,0.35609,8.8999,25.856,120.4,1.319,75.39,23.446,2.3159,54.127,4.9422,227.19,0.0252,0.8679,65.725,18.992,44.65
366,2026-04-28T18:15:00,50.216,25.777,26.861,32.603,40.949,2693.5,3673.4,18.798,18.68,21.592,0.26005,0.093865,339.89,76.985,6.8473,13.914,32.128,4484.9,22.667,47.034,49.243,80.239,2.274,1.6572,3093.0,42.647,53.574,94.445,9.3962,59.44,35.871,39.345,2621.1,63.523,25.267,47.444,0.33076,8.7398,25.793,120.39,1.1877,74.409,23.221,2.3259,54.127,4.9484,227.88,0.0252,0.8679,65.718,19.338,44.65
367,2026-04-28T18:18:00,51.143,25.541,27.255,32.603,40.546,2692.2,3725.7,16.706,18.68,21.536,0.26245,0.093865,340.21,77.283,6.8473,13.914,32.128,4492.7,23.55,49.179,49.48,80.038,2.274,1.6572,3092.3,42.502,53.48,94.756,9.3205,63.086,36.57,39.306,2620.6,62.621,24.53,47.38,0.33108,8.7398,25.793,120.4,1.1877,73.949,23.221,2.3259,54.127,4.9484,234.05,0.0252,0.8679,65.692,19.338,44.65
368,2026-04-28T18:21:00,50.203,26.279,27.168,32.441,40.675,2693.5,3651.2,18.242,18.844,21.586,0.26652,0.093865,340.17,77.519,6.7409,13.636,31.911,4458.3,22.897,47.004,49.247,80.141,2.2773,1.6905,3092.5,42.358,52.978,94.479,9.3546,60.989,35.883,41.344,2621.4,63.64,24.583,48.084,0.3529,8.9774,25.717,120.41,1.408,74.72,23.938,2.3025,54.127,4.919,231.58,0.0252,0.8679,65.722,18.938,44.65
369,2026-04-28T18:24:00,50.964,26.083,26.849,32.441,40.779,2695.2,3676.0,17.776,18.844,21.856,0.26851,0.093865,340.03,77.425,6.7409,13.636,31.911,4455.7,23.094,48.766,51.301,80.314,2.2773,1.6905,3094.3,42.427,53.009,94.707,9.4645,58.854,41.929,41.665,2623.8,63.212,26.075,48.499,0.35027,8.9774,25.717,120.39,1.408,75.266,23.938,2.3025,54.127,4.919,232.28,0.0252,0.8679,65.792,18.938,44.65
370,2026-04-28T18:27:00,49.995,28.763,27.051,33.309,42.235,2699.8,3689.0,18.244,18.669,21.793,0.28673,0.093163,340.72,77.884,6.9065,14.012,32.049,4466.8,22.869,46.523,51.407,80.642,2.3019,1.6487,3099.3,42.107,53.796,94.399,9.392,60.961,42.241,38.182,2628.3,64.004,24.78,48.443,0.31736,8.8494,26.051,120.42,1.2749,74.87,23.602,2.2942,53.76,4.8681,235.49,0.01667,0.83958,65.893,19.105,43.532
371,2026-04-28T18:30:00,48.082,28.356,26.879,33.309,41.862,2701.8,3718.6,18.637,18.669,21.726,0.29086,0.093163,340.39,77.804,6.9065,14.012,32.049,4456.6,22.693,42.095,48.88,80.727,2.3019,1.6487,3101.7,42.729,53.919,94.358,9.3117,61.758,34.804,37.831,2630.6,63.494,25.772,48.891,0.32023,8.8494,26.051,120.42,1.2749,74.694,23.602,2.2942,53.76,4.8681,234.49,0.01667,0.83958,66.034,19.105,43.532
372,2026-04-28T18:33:00,50.607,27.453,27.132,33.361,41.18,2699.0,3678.5,16.98,19.289,21.881,0.27772,0.093163,341.25,77.155,6.9016,14.005,32.264,4432.8,23.41,47.939,50.723,80.484,2.2734,1.6639,3097.2,42.459,53.754,94.395,9.3827,61.028,40.227,42.704,2628.3,62.788,24.475,49.252,0.36267,8.8614,26.313,120.39,1.1008,74.522,23.274,2.413,53.76,4.9532,234.47,0.01667,0.83958,66.084,18.643,43.532
373,2026-04-28T18:36:00,48.503,27.203,26.864,33.361,40.637,2696.7,3665.7,20.434,19.289,21.65,0.28026,0.093163,341.69,77.355,6.9016,14.005,32.264,4460.9,21.957,43.07,51.469,80.145,2.2734,1.6639,3094.9,42.494,53.417,94.584,9.3201,63.114,42.423,42.824,2624.7,63.007,23.225,49.333,0.3617,8.8614,26.313,120.41,1.1008,73.692,23.274,2.413,53.76,4.9532,237.64,0.01667,0.83958,66.082,18.643,43.532
374,2026-04-28T18:39:00,50.387,25.388,26.866,33.128,40.847,2697.3,3674.5,16.551,18.602,21.839,0.25775,0.093163,341.82,77.121,7.0757,13.852,32.912,4536.9,23.6,47.43,49.419,80.16,2.2748,1.6644,3095.7,42.281,53.626,94.565,9.5668,61.43,36.389,42.716,2626.2,62.879,25.839,49.756,0.36336,8.9638,26.778,120.4,1.1816,73.973,23.688,2.1678,53.76,5.0189,236.99,0.01667,0.83958,66.045,18.643,43.532
375,2026-04-28T18:42:00,49.787,25.501,26.738,33.128,41.253,2699.3,3644.1,16.799,18.602,22.355,0.2566,0.082255,341.85,77.562,7.0757,13.852,32.912,4526.8,23.487,46.041,50.675,80.156,2.2748,1.6644,3095.3,42.233,53.746,94.518,9.405,61.301,40.086,42.636,2628.7,63.401,24.809,49.255,0.36401,8.9638,26.778,120.39,1.1816,74.548,23.688,2.1678,53.752,5.0189,238.96,0.01707,0.8676,66.022,18.643,43.925
376,2026-04-28T18:45:00,51.237,18.849,26.903,32.872,41.693,2700.9,3576.8,18.741,18.702,22.358,0.19055,0.082255,342.27,77.588,6.6649,13.796,32.154,4479.5,22.663,49.396,50.728,80.35,2.2911,1.6661,3097.3,42.473,54.333,94.685,9.582,62.061,40.244,40.967,2629.9,62.932,24.633,49.358,0.34542,8.9288,26.372,120.4,1.3413,73.907,23.386,2.3909,53.752,4.8667,238.47,0.01707,0.8676,66.017,18.861,43.925
377,2026-04-28T18:48:00,50.865,18.844,26.805,32.872,40.574,2702.3,3600.6,15.953,18.702,22.265,0.1906,0.082255,341.76,77.48,6.6649,13.796,32.154,4514.6,23.834,48.536,51.387,80.35,2.2911,1.6661,3099.3,42.424,53.913,94.669,9.4763,60.863,42.181,41.286,2631.6,62.522,24.68,49.534,0.34281,8.9288,26.372,120.38,1.3413,75.011,23.386,2.3909,53.752,4.8667,237.18,0.01707,0.8676,66.076,18.861,43.925
378,2026-04-28T18:51:00,50.966,25.804,27.185,33.083,41.191,2704.8,3729.6,17.551,18.282,22.358,0.25928,0.082255,341.94,77.3,6.876,13.75,31.963,4502.2,23.16,48.77,49.789,80.415,2.289,1.701,3103.4,42.516,53.532,94.481,9.3564,61.161,37.478,40.366,2633.5,63.917,23.633,49.652,0.338,8.7779,26.236,120.42,1.2317,74.901,23.634,2.2657,53.752,4.7803,236.5,0.01707,0.8676,66.121,18.969,43.925
379,2026-04-28T18:54:00,48.66,25.703,26.724,33.083,41.645,2705.1,3728.9,16.878,18.282,22.016,0.26031,0.082255,342.38,77.522,6.876,13.75,31.963,4457.8,23.437,43.433,50.919,80.272,2.289,1.701,3103.1,42.737,54.063,94.325,9.4666,59.718,40.805,40.304,2633.7,63.93,24.716,49.562,0.33851,8.7779,26.236,120.42,1.2317,75.338,23.634,2.2657,53.752,4.7803,238.19,0.01707,0.8676,66.117,18.969,43.925
380,2026-04-28T18:57:00,50.2,27.518,27.292,33.125,40.651,2705.8,3713.3,21.106,18.563,22.555,0.28148,0.094516,342.09,77.24,6.7249,13.74,31.969,4488.5,21.662,46.997,50.037,80.299,2.2466,1.6761,3103.2,42.646,53.406,94.391,9.5036,60.408,38.209,39.692,2635.1,62.45,24.134,50.237,0.33297,8.8039,26.324,120.37,1.2235,74.582,23.775,2.3151,54.283,4.8953,239.67,0.022279,0.82787,66.139,18.643,43.514
381,2026-04-28T19:00:00,50.728,27.545,27.097,33.125,41.69,2706.0,3671.4,17.798,18.563,22.457,0.28121,0.094516,342.95,77.32,6.7249,13.74,31.969,4494.2,23.056,48.218,48.676,80.146,2.2466,1.6761,3101.6,42.703,53.338,94.461,9.4681,61.683,34.202,39.937,2635.4,63.172,24.339,50.441,0.33096,8.8039,26.324,120.42,1.2235,74.842,23.775,2.3151,54.283,4.8953,241.71,0.022279,0.82787,66.133,18.643,43.514
382,2026-04-28T19:03:00,49.961,27.943,26.961,33.178,41.01,2705.7,3695.1,18.354,18.722,22.243,0.2806,0.094516,343.03,77.247,6.9116,13.851,32.849,4536.2,22.83,46.444,51.114,79.964,2.2962,1.6922,3103.1,42.698,53.631,94.415,9.4372,62.319,41.38,39.509,2634.3,64.167,24.693,50.641,0.33123,8.9554,26.144,120.39,1.19,74.601,23.773,2.4191,54.283,4.9071,243.8,0.022279,0.82787,66.137,19.011,43.514
383,2026-04-28T19:06:00,48.509,27.949,26.547,33.178,41.768,2707.6,3696.2,14.861,18.722,22.27,0.28054,0.094516,342.99,77.71,6.9116,13.851,32.849,4515.8,24.286,43.084,48.85,80.117,2.2962,1.6922,3105.3,42.392,53.875,94.143,9.4881,60.443,34.717,39.371,2637.3,64.148,26.715,51.002,0.33236,8.9554,26.144,120.44,1.19,75.201,23.773,2.4191,54.283,4.9071,244.06,0.022279,0.82787,66.123,19.011,43.514
384,2026-04-28T19:09:00,51.998,19.133,26.754,32.942,41.239,2708.3,3680.9,19.02,18.134,22.796,0.19539,0.094516,343.64,77.763,6.8476,13.715,32.294,4451.4,22.522,51.157,49.971,80.344,2.3192,1.6504,3103.3,41.901,53.735,94.414,9.5007,60.557,38.015,40.669,2638.5,62.833,24.634,51.303,0.34569,8.8352,26.309,120.39,1.1824,75.099,23.71,2.3332,54.283,4.8803,244.96,0.022279,0.82787,66.191,19.149,43.514
385,2026-04-28T19:12:00,49.874,19.145,26.784,32.942,41.341,2708.0,3673.3,18.295,18.134,22.77,0.19526,0.079755,343.44,77.769,6.8476,13.715,32.294,4454.7,22.818,46.242,50.414,80.362,2.3192,1.6504,3102.9,42.48,53.696,94.464,9.3421,61.627,39.318,40.518,2637.2,62.964,27.114,50.729,0.34693,8.8352,26.309,120.39,1.1824,75.916,23.71,2.3332,53.834,4.8803,244.45,0.0061353,0.82758,66.265,19.149,43.801
386,2026-04-28T19:15:00,49.02,24.188,26.968,33.167,41.932,2708.0,3679.0,18.789,18.453,22.679,0.24329,0.079755,343.54,77.3,6.9739,13.688,32.428,4470.5,22.618,44.265,50.009,80.266,2.2695,1.6151,3103.5,42.172,53.116,94.438,9.3652,62.001,38.127,39.193,2637.1,63.429,27.07,50.732,0.32758,8.9239,26.526,120.42,1.4018,75.632,23.942,2.3611,53.834,4.8713,243.73,0.0061353,0.82758,66.346,18.46,43.801
387,2026-04-28T19:18:00,49.572,24.055,26.988,33.167,40.567,2706.7,3692.8,16.605,18.453,22.731,0.24464,0.079755,343.06,77.342,6.9739,13.688,32.428,4435.8,23.543,45.545,50.052,80.099,2.2695,1.6151,3102.6,42.77,53.531,94.487,9.3981,61.915,38.254,38.564,2635.5,63.193,27.242,50.688,0.33274,8.9239,26.526,120.38,1.4018,75.713,23.942,2.3611,53.834,4.8713,243.63,0.0061353,0.82758,66.323,18.46,43.801
388,2026-04-28T19:21:00,51.092,22.445,27.174,33.201,42.135,2706.1,3666.2,21.35,18.166,22.721,0.23152,0.079755,343.34,77.13,6.7043,13.682,32.605,4522.1,21.557,49.061,49.644,79.889,2.2516,1.633,3102.0,42.153,54.184,94.573,9.4759,60.511,37.053,38.43,2634.1,62.515,24.919,50.591,0.32636,8.9289,26.466,120.41,1.2382,75.061,23.789,2.2723,53.834,4.9201,244.12,0.0061353,0.82758,66.243,18.63,43.801
389,2026-04-28T19:24:00,50.454,22.582,27.051,33.201,40.932,2706.8,3634.8,16.725,18.166,23.009,0.23013,0.079755,344.3,77.284,6.7043,13.682,32.605,4505.4,23.51,47.586,49.404,79.803,2.2516,1.633,3101.7,42.671,54.385,94.59,9.3599,62.755,36.345,38.638,2636.4,63.056,26.396,50.728,0.32466,8.9289,26.466,120.37,1.2382,74.405,23.789,2.2723,53.834,4.9201,242.07,0.0061353,0.82758,66.158,18.63,43.801
390,2026-04-28T19:27:00,49.42,20.574,26.599,33.384,42.311,2708.2,3726.4,18.686,18.222,22.536,0.20952,0.10264,343.89,77.309,6.9362,13.841,32.633,4477.7,22.686,45.192,50.833,79.857,2.2721,1.6459,3103.0,42.62,54.337,94.527,9.3314,61.891,40.553,38.169,2638.0,63.884,24.507,50.453,0.32555,8.8562,26.143,120.43,1.5008,74.844,23.985,2.3419,53.469,4.7987,244.39,0.023723,0.82897,66.107,18.743,44.676
391,2026-04-28T19:30:00,49.262,20.649,26.933,33.384,40.666,2709.0,3670.6,20.129,18.222,22.78,0.20876,0.10264,343.74,77.473,6.9362,13.841,32.633,4491.3,22.074,44.827,49.909,79.925,2.2721,1.6459,3104.2,42.255,54.174,94.408,9.2809,62.799,37.833,38.04,2637.7,64.845,24.799,50.479,0.32661,8.8562,26.143,120.37,1.5008,75.671,23.985,2.3419,53.469,4.7987,243.46,0.023723,0.82897,66.07,18.743,44.676
392,2026-04-28T19:33:00,49.17,19.817,26.947,33.456,41.979,2709.7,3644.8,19.888,18.22,22.988,0.2029,0.10264,343.21,77.574,6.8104,13.661,32.195,4537.7,22.171,44.614,50.09,80.092,2.2237,1.6517,3103.6,42.548,53.357,94.473,9.4614,61.439,38.366,39.978,2638.8,63.312,25.199,50.566,0.34484,8.8371,26.212,120.42,1.1372,75.227,24.118,2.2444,53.469,4.8386,241.84,0.023723,0.82897,66.125,18.242,44.676
393,2026-04-28T19:36:00,50.67,19.877,27.005,33.456,40.609,2708.8,3688.9,17.823,18.22,22.971,0.20228,0.10264,343.68,77.38,6.8104,13.661,32.195,4476.3,23.041,48.085,49.598,80.102,2.2237,1.6517,3103.8,42.509,54.092,94.541,9.3899,60.919,36.917,40.098,2638.2,62.554,26.703,50.673,0.34386,8.8371,26.212,120.37,1.1372,75.051,24.118,2.2444,53.469,4.8386,239.94,0.023723,0.82897,66.151,18.242,44.676
394,2026-04-28T19:39:00,50.437,23.866,26.547,33.455,42.08,2710.4,3684.2,17.992,18.456,22.405,0.2418,0.10264,343.05,77.449,6.9251,13.901,32.515,4553.6,22.966,47.545,51.419,80.116,2.3133,1.607,3106.4,42.689,54.444,94.476,9.3577,62.557,42.276,37.709,2639.5,63.747,23.505,50.442,0.32304,8.8073,26.571,120.43,1.183,74.445,23.829,2.3322,53.469,4.8648,241.87,0.023723,0.82897,66.17,18.701,44.676
395,2026-04-28T19:42:00,49.339,24.011,27.031,33.455,41.135,2710.5,3709.3,16.721,18.456,22.922,0.24032,0.10166,342.81,77.227,6.9251,13.901,32.515,4573.3,23.509,45.005,49.524,80.101,2.3133,1.607,3106.0,42.141,54.208,94.46,9.2942,60.59,36.7,37.574,2639.4,63.315,26.999,50.501,0.32415,8.8073,26.571,120.39,1.183,75.417,23.829,2.3322,53.171,4.8648,240.77,0.026718,0.81354,66.188,18.701,42.774
396,2026-04-28T19:45:00,48.298,20.358,27.136,33.078,41.256,2708.1,3697.4,15.113,18.591,22.771,0.21211,0.10166,343.15,77.319,7.0303,13.932,32.726,4485.6,24.185,42.594,50.297,80.003,2.2661,1.6543,3103.9,42.35,54.183,94.525,9.3152,60.956,38.973,41.13,2636.7,62.526,25.442,50.4,0.34724,8.8489,26.367,120.4,1.312,75.101,23.939,2.3036,53.171,4.84,241.32,0.026718,0.81354,66.167,18.276,42.774
397,2026-04-28T19:48:00,48.099,20.694,27.057,33.078,40.5,2708.8,3627.6,15.784,18.591,22.663,0.20869,0.10166,342.92,77.078,7.0303,13.932,32.726,4484.8,23.909,42.135,49.541,80.043,2.2661,1.6543,3104.4,42.164,54.192,94.597,9.3647,61.721,36.75,41.206,2638.6,63.728,26.918,50.429,0.34662,8.8489,26.367,120.37,1.312,74.908,23.939,2.3036,53.171,4.84,240.44,0.026718,0.81354,66.174,18.276,42.774
398,2026-04-28T19:51:00,49.974,18.217,26.577,32.949,41.255,2707.3,3627.1,15.564,18.616,22.405,0.18406,0.10166,342.55,77.102,6.9048,13.805,32.07,4585.6,24.004,46.473,48.651,79.962,2.2578,1.6263,3102.6,42.461,54.077,94.581,9.449,61.681,34.13,41.65,2636.2,62.723,26.566,50.283,0.35083,8.6906,26.392,120.37,1.3134,75.942,24.287,2.2972,53.171,4.8044,241.53,0.026718,0.81354,66.137,18.76,42.774
399,2026-04-28T19:54:00,50.523,18.133,27.029,32.949,39.961,2706.4,3625.8,16.244,18.616,22.471,0.18491,0.10166,342.22,77.376,6.9048,13.805,32.07,4576.1,23.709,47.744,51.653,80.009,2.2578,1.6263,3103.3,42.008,54.191,94.786,9.3752,61.003,42.966,41.859,2635.8,62.745,25.923,50.2,0.34911,8.6906,26.392,120.35,1.3134,74.418,24.287,2.2972,53.171,4.8044,241.93,0.026718,0.81354,66.134,18.76,42.774
400,2026-04-28T19:57:00,51.126,24.161,26.933,32.842,41.051,2709.5,3658.9,18.789,18.759,22.637,0.24616,0.096564,342.05,77.413,6.9096,13.695,32.355,4539.8,22.633,49.141,49.101,80.16,2.2322,1.72,3105.7,42.301,53.48,94.583,9.3247,60.075,35.455,40.34,2639.1,63.196,26.997,49.88,0.33421,9.0087,26.679,120.41,1.5144,73.711,24.254,2.3745,54.078,4.8995,240.26,0.031974,0.82021,66.137,18.62,43.195
401,2026-04-28T20:00:00,48.604,24.103,27.057,32.842,40.91,2709.7,3678.8,18.524,18.759,22.559,0.24675,0.096564,341.84,77.346,6.9096,13.695,32.355,4516.1,22.75,43.302,48.692,80.019,2.2322,1.72,3106.0,42.025,53.764,94.627,9.3039,62.241,34.249,39.968,2638.5,62.854,25.536,49.784,0.33725,9.0087,26.679,120.4,1.5144,75.256,24.254,2.3745,54.078,4.8995,238.74,0.031974,0.82021,66.108,18.62,43.195
402,2026-04-28T20:03:00,49.834,21.652,26.878,32.673,41.374,2709.9,3687.3,15.551,18.364,22.421,0.216,0.096564,341.79,77.712,6.9551,13.741,32.514,4513.6,23.988,46.151,48.632,80.083,2.2282,1.641,3106.4,42.315,54.152,94.541,9.4186,61.125,34.075,38.306,2639.5,62.642,24.982,49.455,0.32602,8.7071,26.529,120.42,1.3028,74.23,24.079,2.3102,54.078,4.9153,239.86,0.031974,0.82021,66.087,18.671,43.195
403,2026-04-28T20:06:00,51.135,21.613,26.8,32.673,40.842,2710.3,3689.6,20.214,18.364,22.203,0.21639,0.096564,342.37,77.339,6.9551,13.741,32.514,4520.1,22.031,49.16,49.423,80.184,2.2282,1.641,3108.0,42.608,54.074,94.597,9.3193,60.501,36.401,38.346,2639.7,62.602,26.65,49.445,0.32569,8.7071,26.529,120.4,1.3028,75.571,24.079,2.3102,54.078,4.9153,237.36,0.031974,0.82021,66.12,18.671,43.195
404,2026-04-28T20:09:00,50.069,19.598,27.022,32.537,40.767,2709.1,3679.8,16.652,18.249,22.43,0.20089,0.096564,341.7,77.58,6.8477,13.861,32.099,4512.4,23.522,46.694,49.591,80.141,2.2722,1.6032,3106.9,42.075,54.063,94.642,9.2874,63.317,36.898,38.973,2638.8,62.324,25.219,49.289,0.32936,8.9883,26.459,120.41,1.2627,75.609,24.251,2.3018,54.078,4.7093,236.54,0.031974,0.82021,66.103,18.766,43.195
405,2026-04-28T20:12:00,50.436,19.724,26.927,32.537,41.21,2710.6,3637.3,15.083,18.249,22.573,0.1996,0.11374,341.47,77.204,6.8477,13.861,32.099,4536.1,24.191,47.542,48.906,80.143,2.2722,1.6032,3106.5,42.506,53.78,94.678,9.2467,63.731,34.88,38.948,2639.5,63.054,23.972,49.207,0.32957,8.9883,26.459,120.4,1.2627,75.71,24.251,2.3018,53.533,4.7093,236.42,0.026802,0.80651,66.088,18.766,42.921
406,2026-04-28T20:15:00,48.667,23.672,26.885,32.538,41.454,2709.8,3684.4,20.209,18.763,22.052,0.23726,0.11374,341.79,77.189,6.9202,13.577,31.749,4548.9,22.037,43.448,49.381,80.064,2.3094,1.6555,3106.8,42.301,53.402,94.605,9.5617,59.875,36.277,40.566,2638.7,63.169,25.604,48.87,0.34222,8.6795,26.541,120.42,1.1148,74.859,24.188,2.3534,53.533,4.8561,238.3,0.026802,0.80651,66.054,19.056,42.921
407,2026-04-28T20:18:00,51.049,23.702,27.322,32.538,41.201,2709.0,3674.6,18.849,18.763,22.676,0.23695,0.11374,341.79,77.191,6.9202,13.577,31.749,4504.7,22.615,48.963,49.728,79.967,2.3094,1.6555,3105.2,42.451,53.932,94.634,9.3243,61.306,37.299,40.276,2638.0,63.338,25.953,48.925,0.34459,8.6795,26.541,120.39,1.1148,75.172,24.188,2.3534,53.533,4.8561,235.84,0.026802,0.80651,66.0,19.056,42.921
408,2026-04-28T20:21:00,50.652,27.026,26.594,33.067,41.101,2709.1,3663.9,18.039,18.121,21.851,0.2765,0.11374,341.22,76.957,6.8603,13.969,32.375,4483.3,22.969,48.044,48.752,79.855,2.2574,1.6449,3106.8,42.337,53.454,94.552,9.2709,60.489,34.428,36.452,2636.6,62.884,26.899,48.787,0.31243,8.9016,26.697,120.39,1.2932,75.386,24.289,2.3351,53.533,4.8864,235.54,0.026802,0.80651,65.936,18.432,42.921
409,2026-04-28T20:24:00,49.088,27.179,26.979,33.067,41.367,2710.9,3626.9,20.523,18.121,22.85,0.27494,0.11374,341.68,77.302,6.8603,13.969,32.375,4478.9,21.919,44.423,50.078,79.913,2.2574,1.6449,3106.0,42.595,53.506,94.727,9.3349,62.595,38.33,37.131,2639.7,63.519,25.284,48.483,0.30687,8.9016,26.697,120.41,1.2932,75.34,24.289,2.3351,53.533,4.8864,237.17,0.026802,0.80651,65.861,18.432,42.921
410,2026-04-28T20:27:00,49.836,21.267,26.924,32.807,41.033,2710.1,3687.0,20.953,18.387,22.482,0.21651,0.092339,341.85,77.594,6.8398,13.797,31.537,4557.0,21.728,46.153,49.633,79.978,2.2713,1.6152,3106.2,42.542,54.108,94.525,9.517,60.545,37.019,41.93,2639.2,63.003,27.283,48.207,0.35299,8.7255,26.728,120.39,1.2681,75.255,24.682,2.3607,52.578,4.8494,234.09,0.020875,0.81832,65.846,18.607,43.654
411,2026-04-28T20:30:00,49.317,21.275,26.942,32.807,41.646,2709.7,3647.6,17.024,18.387,22.648,0.21642,0.092339,341.41,77.463,6.8398,13.797,31.537,4554.2,23.388,44.953,50.623,80.055,2.2713,1.6152,3106.6,42.499,54.142,94.692,9.3284,61.227,39.934,42.398,2639.4,63.681,27.001,47.857,0.34916,8.7255,26.728,120.39,1.2681,75.482,24.682,2.3607,52.578,4.8494,234.34,0.020875,0.81832,65.832,18.607,43.654
412,2026-04-28T20:33:00,50.27,29.488,27.314,32.701,40.675,2711.7,3674.3,18.757,18.531,22.556,0.29978,0.092339,341.43,77.083,6.9077,13.766,32.403,4553.8,22.668,47.158,50.636,80.084,2.2553,1.5992,3109.3,42.563,53.761,94.397,9.2396,62.548,39.972,39.602,2640.5,63.433,24.67,47.777,0.33501,8.8429,26.868,120.39,1.0945,74.732,24.354,2.2832,52.578,4.8046,231.51,0.020875,0.81832,65.824,18.346,43.654
413,2026-04-28T20:36:00,48.461,29.673,26.849,32.701,41.888,2710.6,3686.2,17.354,18.531,22.2,0.2979,0.092339,341.79,76.985,6.9077,13.766,32.403,4480.0,23.266,42.973,51.239,79.927,2.2553,1.5992,3108.0,42.403,54.644,94.686,9.361,61.377,41.747,39.761,2639.7,63.227,26.659,47.524,0.3337,8.8429,26.868,120.43,1.0945,75.399,24.354,2.2832,52.578,4.8046,230.66,0.020875,0.81832,65.779,18.346,43.654
414,2026-04-28T20:39:00,47.751,21.543,26.565,32.749,40.422,2708.4,3667.7,18.733,18.299,22.039,0.21757,0.092339,341.65,77.103,6.9044,13.724,32.238,4578.1,22.689,41.33,48.405,79.827,2.2597,1.6988,3105.8,42.579,54.159,94.451,9.2682,61.88,33.405,38.891,2636.9,62.958,23.807,47.236,0.33348,8.6484,26.526,120.38,1.2203,74.45,24.215,2.3497,52.578,4.824,230.27,0.020875,0.81832,65.696,19.051,43.654
415,2026-04-28T20:42:00,51.479,21.561,26.992,32.749,41.321,2709.4,3672.0,17.571,18.299,22.743,0.21739,0.096507,341.6,77.242,6.9044,13.724,32.238,4534.8,23.182,49.957,48.867,79.828,2.2597,1.6988,3105.5,42.393,54.677,94.823,9.3215,60.739,34.766,38.883,2638.4,62.884,23.648,47.156,0.33355,8.6484,26.526,120.4,1.2203,75.475,24.215,2.3497,53.707,4.824,230.52,0.0043586,0.80886,65.652,19.051,44.294
416,2026-04-28T20:45:00,51.342,22.678,26.721,32.754,40.625,2710.4,3670.2,17.223,18.352,22.453,0.23521,0.096507,341.76,77.477,6.8706,13.627,32.142,4470.2,23.319,49.641,50.897,80.05,2.2955,1.6096,3106.7,42.05,53.734,94.498,9.4128,58.541,40.739,39.001,2639.0,62.92,23.728,46.888,0.32251,9.0028,26.76,120.4,1.1739,75.898,24.404,2.1624,53.707,4.8027,231.2,0.0043586,0.80886,65.594,18.797,44.294
417,2026-04-28T20:48:00,49.341,22.778,26.812,32.754,41.454,2710.5,3623.8,18.673,18.352,22.605,0.23419,0.096507,341.4,77.255,6.8706,13.627,32.142,4480.3,22.707,45.01,50.622,80.173,2.2955,1.6096,3106.0,42.14,53.613,94.654,9.2823,61.443,39.93,38.485,2640.4,63.72,25.531,46.863,0.32674,9.0028,26.76,120.4,1.1739,75.112,24.404,2.1624,53.707,4.8027,229.1,0.0043586,0.80886,65.663,18.797,44.294
418,2026-04-28T20:51:00,49.773,23.927,26.805,32.439,40.658,2710.3,3686.9,19.096,18.042,22.432,0.24099,0.096507,341.44,77.354,6.9392,13.845,32.071,4507.8,22.521,46.008,50.526,80.231,2.2232,1.6829,3106.7,42.24,53.883,94.586,9.3767,61.817,39.648,37.448,2638.6,62.924,25.224,46.7,0.3122,8.9061,26.748,120.42,1.1438,75.466,24.137,2.2704,53.707,4.8274,228.54,0.0043586,0.80886,65.69,18.897,44.294
419,2026-04-28T20:54:00,48.777,23.654,26.667,32.439,40.457,2707.4,3688.7,16.429,18.042,22.34,0.24377,0.096507,341.44,76.95,6.9392,13.845,32.071,4501.0,23.66,43.703,51.79,80.043,2.2232,1.6829,3105.6,42.516,53.964,94.605,9.2044,63.211,43.368,37.34,2636.9,62.895,26.143,46.5,0.31307,8.9061,26.748,120.39,1.1438,75.006,24.137,2.2704,53.707,4.8274,228.4,0.0043586,0.80886,65.695,18.897,44.294
420,2026-04-28T20:57:00,49.67,24.581,27.302,33.064,41.516,2707.1,3647.2,20.026,18.616,22.236,0.2499,0.099414,340.88,77.277,6.8099,13.693,32.363,4493.1,22.138,45.771,50.152,80.029,2.2107,1.6857,3104.4,42.208,53.802,94.588,9.2904,59.371,38.547,40.123,2635.1,62.984,24.464,46.099,0.33692,8.7168,26.062,120.39,1.1517,75.043,24.162,2.2986,54.075,4.8427,227.41,0.01881,0.81767,65.633,18.326,44.248
421,2026-04-28T21:00:00,51.036,24.602,26.978,33.064,40.637,2705.5,3654.3,18.983,18.616,22.153,0.24969,0.099414,340.7,77.007,6.8099,13.693,32.363,4568.2,22.587,48.932,51.204,79.992,2.2107,1.6857,3102.7,42.567,52.902,94.786,9.24,63.135,41.644,40.044,2634.6,62.863,23.662,46.143,0.33756,8.7168,26.062,120.39,1.1517,75.26,24.162,2.2986,54.075,4.8427,223.22,0.01881,0.81767,65.604,18.326,44.248
422,2026-04-28T21:03:00,49.796,21.646,26.872,32.835,41.572,2707.7,3723.7,20.024,18.556,22.289,0.22254,0.099414,340.58,77.618,6.8194,13.903,32.014,4578.4,22.126,46.061,51.908,80.193,2.2709,1.6289,3105.1,42.512,54.21,94.619,9.3445,60.79,43.714,37.86,2636.7,62.81,24.982,45.735,0.32155,8.7542,26.712,120.41,1.2793,75.018,23.991,2.2779,54.075,4.7985,224.12,0.01881,0.81767,65.551,19.189,44.248
423,2026-04-28T21:06:00,48.322,21.626,27.141,32.835,40.949,2705.5,3684.1,17.335,18.556,22.142,0.22274,0.099414,340.27,77.05,6.8194,13.903,32.014,4501.1,23.278,42.65,51.868,80.063,2.2709,1.6289,3104.3,42.511,55.135,94.561,9.2903,61.734,43.598,38.309,2634.6,63.491,26.082,45.446,0.31788,8.7542,26.712,120.39,1.2793,75.098,23.991,2.2779,54.075,4.7985,223.68,0.01881,0.81767,65.566,19.189,44.248
424,2026-04-28T21:09:00,51.449,24.991,27.112,32.744,41.301,2704.2,3657.1,18.931,18.236,22.063,0.25603,0.099414,340.22,77.196,6.967,14.037,31.576,4466.3,22.61,49.886,49.048,79.987,2.2283,1.6443,3101.9,42.464,53.437,94.65,9.3313,60.955,35.297,40.953,2632.4,63.937,24.721,45.303,0.34202,8.8617,26.39,120.4,1.3904,74.573,24.449,2.3664,54.075,4.8555,221.64,0.01881,0.81767,65.497,18.992,44.248
425,2026-04-28T21:12:00,51.568,25.08,27.498,32.744,41.106,2704.0,3671.2,18.768,18.236,22.335,0.25512,0.099283,339.98,77.437,6.967,14.037,31.576,4494.3,22.666,50.162,50.702,80.204,2.2283,1.6443,3102.5,41.859,53.101,94.538,9.2984,60.982,40.167,40.757,2632.4,63.694,23.709,45.368,0.34363,8.8617,26.39,120.4,1.3904,75.851,24.449,2.3664,53.717,4.8555,219.35,0.0094706,0.82314,65.458,18.992,42.579
426,2026-04-28T21:15:00,50.941,29.684,26.576,32.637,40.808,2703.1,3668.5,17.74,18.663,22.142,0.3012,0.099283,340.42,77.151,7.0484,13.842,32.156,4455.5,23.11,48.711,50.676,80.099,2.2052,1.6917,3100.5,42.431,53.995,94.643,9.3507,59.826,40.09,42.827,2631.8,62.435,25.635,45.208,0.35768,9.0738,26.9,120.39,1.24,76.095,24.209,2.3145,53.717,4.8336,218.4,0.0094706,0.82314,65.467,18.836,42.579
427,2026-04-28T21:18:00,48.834,29.601,27.034,32.637,40.819,2703.4,3674.4,16.439,18.663,22.097,0.30205,0.099283,340.51,77.394,7.0484,13.842,32.156,4494.3,23.649,43.836,48.215,80.166,2.2052,1.6917,3101.0,41.844,53.53,94.757,9.1981,63.341,32.848,42.75,2632.2,62.333,24.914,44.831,0.35832,9.0738,26.9,120.39,1.24,74.623,24.209,2.3145,53.717,4.8336,219.92,0.0094706,0.82314,65.464,18.836,42.579
428,2026-04-28T21:21:00,50.294,24.462,27.099,32.509,40.629,2701.7,3624.8,16.487,18.802,22.039,0.24885,0.099283,339.87,77.086,6.9064,13.915,31.729,4468.4,23.643,47.214,50.988,80.043,2.2537,1.6609,3099.7,42.308,54.201,94.799,9.3248,59.279,41.008,39.921,2630.4,62.353,24.791,44.672,0.34033,8.9344,26.114,120.4,1.2869,75.676,24.269,2.3849,53.717,4.906,219.01,0.0094706,0.82314,65.422,19.138,42.579
429,2026-04-28T21:24:00,50.281,24.099,26.847,32.509,39.96,2701.3,3644.5,16.911,18.802,22.171,0.25254,0.099283,340.2,77.085,6.9064,13.915,31.729,4481.5,23.471,47.183,49.951,79.958,2.2537,1.6609,3099.2,42.807,54.044,94.903,9.2115,63.597,37.956,40.062,2630.0,62.015,25.242,44.333,0.33917,8.9344,26.114,120.39,1.2869,75.383,24.269,2.3849,53.717,4.906,220.12,0.0094706,0.82314,65.368,19.138,42.579
430,2026-04-28T21:27:00,49.35,28.855,27.082,32.846,40.822,2701.6,3653.1,16.833,18.151,21.919,0.29199,0.099128,339.94,77.339,7.0128,13.932,31.592,4430.2,23.504,45.03,49.796,79.9,2.2347,1.6816,3100.4,42.22,53.883,94.752,9.3325,62.22,37.499,41.11,2630.0,63.023,24.974,44.405,0.34716,8.9194,26.822,120.4,1.3506,75.055,24.117,2.3573,53.842,4.905,217.96,0.0071744,0.84293,65.277,19.036,43.217
431,2026-04-28T21:30:00,50.695,28.694,26.992,32.846,41.06,2704.6,3670.0,16.712,18.151,22.299,0.29363,0.099128,340.68,77.515,7.0128,13.932,31.592,4468.5,23.547,48.143,48.975,80.091,2.2347,1.6816,3102.8,42.214,53.424,94.759,9.3358,61.244,35.083,41.288,2633.4,62.731,26.441,44.066,0.3457,8.9194,26.822,120.42,1.3506,74.899,24.117,2.3573,53.842,4.905,219.68,0.0071744,0.84293,65.264,19.036,43.217
432,2026-04-28T21:33:00,51.377,30.794,27.235,33.149,41.028,2708.1,3620.2,18.627,18.708,22.378,0.30958,0.099128,341.02,77.726,6.7903,13.801,31.96,4477.4,22.724,49.72,50.501,80.362,2.2587,1.6728,3104.8,42.439,53.515,94.649,9.4136,61.72,39.575,41.811,2636.8,62.583,25.95,44.185,0.34628,8.8047,26.757,120.38,1.3416,75.635,24.143,2.252,53.842,4.7092,216.22,0.0071744,0.84293,65.286,19.388,43.217
433,2026-04-28T21:36:00,49.77,30.373,27.21,33.149,40.78,2708.7,3602.2,17.066,18.708,22.266,0.31386,0.099128,341.2,77.275,6.7903,13.801,31.96,4472.6,23.389,46.001,50.282,80.301,2.2587,1.6728,3105.7,42.195,53.573,94.692,9.2434,59.895,38.931,41.363,2636.3,62.892,24.792,43.914,0.34994,8.8047,26.757,120.41,1.3416,75.24,24.143,2.252,53.842,4.7092,217.11,0.0071744,0.84293,65.337,19.388,43.217
434,2026-04-28T21:39:00,49.755,27.439,26.677,32.938,41.484,2707.8,3680.7,18.61,18.57,21.884,0.28117,0.099128,341.39,77.359,6.8402,13.755,31.991,4474.7,22.738,45.967,48.937,80.135,2.2356,1.6522,3105.5,42.494,52.61,94.563,9.4111,59.775,34.973,39.795,2636.1,63.474,24.758,43.844,0.3346,8.8999,26.196,120.42,1.1546,75.388,23.988,2.2383,53.842,4.8231,215.79,0.0071744,0.84293,65.296,19.055,43.217
435,2026-04-28T21:42:00,49.855,27.691,26.897,32.938,41.298,2708.3,3682.7,19.97,18.57,22.356,0.2786,0.090078,342.25,77.043,6.8402,13.755,31.991,4457.2,22.175,46.198,49.231,80.124,2.2356,1.6522,3103.6,42.299,52.82,94.59,9.2877,61.801,35.837,39.839,2637.4,63.44,25.603,43.953,0.33424,8.8999,26.196,120.43,1.1546,74.544,23.988,2.2383,54.073,4.8231,218.1,0.022736,0.84826,65.259,19.055,43.321
436,2026-04-28T21:45:00,49.671,27.523,26.876,33.127,41.979,2704.8,3670.1,20.916,18.398,22.428,0.27869,0.090078,341.87,77.319,6.8383,13.892,32.614,4439.5,21.777,45.772,50.504,79.847,2.2339,1.6601,3102.0,42.435,53.775,94.627,9.3869,63.704,39.583,39.281,2633.6,63.282,25.653,44.084,0.32831,9.0288,26.369,120.41,1.1363,75.116,24.344,2.2389,54.073,4.8267,217.04,0.022736,0.84826,65.233,18.811,43.321
437,2026-04-28T21:48:00,51.712,27.525,26.506,33.127,40.45,2706.5,3697.1,15.257,18.398,22.195,0.27867,0.090078,342.73,77.498,6.8383,13.892,32.614,4484.8,24.155,50.495,50.016,79.977,2.2339,1.6601,3102.6,42.203,53.232,94.514,9.3998,60.563,38.148,39.451,2635.4,62.817,25.095,44.025,0.32692,9.0288,26.369,120.42,1.1363,74.443,24.344,2.2389,54.073,4.8267,218.1,0.022736,0.84826,65.197,18.811,43.321
438,2026-04-28T21:51:00,50.305,21.285,26.599,33.106,41.368,2706.4,3699.9,15.962,18.738,22.358,0.2193,0.090078,342.61,77.284,6.9426,13.633,32.23,4508.4,23.862,47.24,51.006,80.074,2.2345,1.6562,3102.3,42.286,53.522,94.691,9.433,61.239,41.061,40.981,2636.3,62.826,26.289,44.138,0.3443,8.8353,26.28,120.42,1.1423,74.711,24.342,2.2698,54.073,4.8738,217.24,0.022736,0.84826,65.181,18.702,43.321
439,2026-04-28T21:54:00,50.308,21.317,27.084,33.106,41.044,2707.8,3679.2,20.646,18.738,22.53,0.21897,0.090078,342.11,77.557,6.9426,13.633,32.23,4499.5,21.872,47.246,49.704,80.265,2.2345,1.6562,3103.3,42.409,53.628,94.579,9.3558,60.809,37.23,40.672,2635.8,63.181,24.983,44.246,0.34683,8.8353,26.28,120.43,1.1423,75.456,24.342,2.2698,54.073,4.8738,216.37,0.022736,0.84826,65.254,18.702,43.321
440,2026-04-28T21:57:00,48.967,24.672,27.07,33.039,40.593,2707.9,3678.2,16.732,18.363,22.565,0.25416,0.11031,342.16,77.389,6.817,13.666,31.818,4482.5,23.518,44.143,48.516,80.261,2.2661,1.6382,3104.2,42.332,54.102,94.619,9.2779,61.4,33.733,37.297,2637.1,62.277,24.736,44.393,0.31704,9.024,26.856,120.38,1.3177,74.482,24.228,2.2842,54.298,4.8049,216.76,-0.0031411,0.85968,65.289,19.38,43.78
441,2026-04-28T22:00:00,51.598,24.837,26.762,33.039,41.102,2709.1,3628.3,19.447,18.363,22.501,0.25248,0.11031,342.32,77.52,6.817,13.666,31.818,4442.1,22.369,50.233,51.583,80.169,2.2661,1.6382,3103.9,41.898,54.585,94.583,9.2542,60.26,42.759,37.476,2638.3,63.136,24.398,44.51,0.31557,9.024,26.856,120.39,1.3177,75.693,24.228,2.2842,54.298,4.8049,216.53,-0.0031411,0.85968,65.324,19.38,43.78
442,2026-04-28T22:03:00,50.008,28.811,26.832,33.303,41.2,2708.5,3690.2,19.811,18.442,22.663,0.29526,0.11031,342.89,77.189,6.8679,13.638,32.431,4422.6,22.227,46.553,50.948,80.038,2.2707,1.6826,3104.2,42.149,53.11,94.555,9.3846,58.931,40.889,37.65,2638.2,63.173,23.22,44.583,0.31924,8.8992,26.553,120.39,1.3587,74.63,23.421,2.3506,54.298,4.9103,216.8,-0.0031411,0.85968,65.329,18.677,43.78
443,2026-04-28T22:06:00,52.175,28.859,26.634,33.303,42.113,2708.6,3650.1,16.759,18.442,22.707,0.29476,0.11031,343.29,77.12,6.8679,13.638,32.431,4438.1,23.521,51.569,49.926,79.825,2.2707,1.6826,3103.4,42.607,52.924,94.519,9.3849,58.954,37.882,37.609,2636.9,63.864,26.597,44.465,0.31958,8.8992,26.553,120.41,1.3587,74.996,23.421,2.3506,54.298,4.9103,219.26,-0.0031411,0.85968,65.248,18.677,43.78
444,2026-04-28T22:09:00,50.288,23.292,26.968,32.998,41.059,2708.3,3685.6,16.514,18.51,22.928,0.23406,0.11031,343.31,77.141,6.9464,13.87,32.228,4490.2,23.63,47.199,51.05,79.846,2.2289,1.6428,3102.6,42.475,53.984,94.675,9.2987,65.258,41.191,37.484,2637.3,62.844,23.929,44.578,0.31251,8.8331,26.463,120.38,1.3488,74.537,24.231,2.3308,54.298,4.8423,219.15,-0.0031411,0.85968,65.19,18.7,43.78
445,2026-04-28T22:12:00,51.414,23.07,26.621,32.998,40.871,2709.8,3645.5,18.025,18.51,22.676,0.23633,0.091803,343.06,77.403,6.9464,13.87,32.228,4512.7,22.987,49.806,48.562,79.902,2.2289,1.6428,3104.5,42.286,53.715,94.474,9.2077,64.894,33.868,37.19,2639.3,63.535,24.773,44.873,0.31492,8.8331,26.463,120.41,1.3488,74.633,24.231,2.3308,53.539,4.8423,220.63,0.029662,0.84066,65.196,18.7,43.521
446,2026-04-28T22:15:00,50.101,25.015,27.07,33.364,41.434,2710.9,3639.5,17.511,18.245,22.988,0.25293,0.091803,343.17,77.542,6.857,13.725,32.211,4493.3,23.196,46.769,50.316,79.949,2.2898,1.6313,3105.3,42.286,53.905,94.704,9.5035,61.479,39.03,40.372,2639.7,62.925,25.694,45.083,0.33876,8.8362,26.98,120.41,1.3714,74.375,24.043,2.2076,53.539,4.7932,220.99,0.029662,0.84066,65.21,18.612,43.521
447,2026-04-28T22:18:00,51.065,24.865,26.841,33.364,41.118,2711.9,3633.3,16.729,18.245,22.564,0.25446,0.091803,343.01,77.487,6.857,13.725,32.211,4522.5,23.525,49.0,49.712,79.943,2.2898,1.6313,3107.3,42.401,53.556,94.511,9.5076,59.762,37.252,40.015,2640.2,63.031,26.271,45.398,0.34168,8.8362,26.98,120.4,1.3714,74.702,24.043,2.2076,53.539,4.7932,220.13,0.029662,0.84066,65.262,18.612,43.521
448,2026-04-28T22:21:00,52.409,25.246,26.87,33.387,40.935,2712.5,3697.1,17.71,18.021,23.097,0.25325,0.091803,343.64,77.639,6.7728,13.882,32.312,4534.5,23.105,52.109,49.004,80.02,2.2277,1.6114,3107.2,42.349,53.649,94.716,9.2296,63.037,35.168,38.488,2642.7,62.699,25.478,45.379,0.3222,8.9016,26.731,120.37,1.1483,75.954,24.524,2.3336,53.539,4.7685,223.02,0.029662,0.84066,65.326,18.514,43.521
449,2026-04-28T22:24:00,52.366,25.293,27.051,33.387,41.226,2713.2,3688.1,19.026,18.021,23.149,0.25277,0.091803,343.82,77.196,6.7728,13.882,32.312,4508.3,22.563,52.01,51.58,79.932,2.2277,1.6114,3107.8,41.953,53.962,94.421,9.3636,63.244,42.75,38.575,2642.9,62.854,25.888,45.516,0.32149,8.9016,26.731,120.42,1.1483,74.667,24.524,2.3336,53.539,4.7685,224.13,0.029662,0.84066,65.353,18.514,43.521
450,2026-04-28T22:27:00,48.586,23.96,26.72,33.291,41.059,2715.2,3673.3,18.646,18.244,22.964,0.24515,0.10962,343.74,77.413,6.8252,13.848,32.766,4507.5,22.714,43.261,50.585,80.021,2.2804,1.666,3108.4,42.421,54.249,94.516,9.4103,64.109,39.821,40.128,2644.6,63.911,25.409,45.35,0.34293,8.8826,26.654,120.42,1.0463,75.095,23.844,2.2782,54.427,4.9066,223.49,0.018719,0.81185,65.354,18.71,44.422
451,2026-04-28T22:30:00,49.214,23.98,26.849,33.291,41.07,2715.7,3685.5,15.882,18.244,23.046,0.24494,0.10962,343.74,77.53,6.8252,13.848,32.766,4542.7,23.869,44.715,51.108,80.09,2.2804,1.666,3109.9,42.032,53.828,94.397,9.5044,60.962,41.361,40.427,2645.0,63.701,24.676,45.3,0.34048,8.8826,26.654,120.4,1.0463,74.914,23.844,2.2782,54.427,4.9066,224.43,0.018719,0.81185,65.368,18.71,44.422
452,2026-04-28T22:33:00,49.448,19.421,27.163,32.984,41.38,2712.0,3677.6,20.889,18.225,23.005,0.19627,0.10962,343.97,77.112,6.8636,13.695,32.494,4492.7,21.772,45.256,50.875,79.96,2.2905,1.6544,3106.1,42.492,53.973,94.452,9.3683,59.432,40.675,40.14,2642.0,63.456,23.437,45.449,0.33586,8.8548,26.338,120.39,1.1431,74.74,23.892,2.2108,54.427,4.6783,223.12,0.018719,0.81185,65.385,18.193,44.422
453,2026-04-28T22:36:00,50.818,19.56,27.199,32.984,40.58,2709.0,3679.6,17.075,18.225,22.668,0.19486,0.10962,343.59,77.143,6.8636,13.695,32.494,4480.0,23.386,48.427,49.669,79.727,2.2905,1.6544,3105.0,42.691,54.125,94.552,9.3703,61.018,37.126,39.967,2637.7,63.421,26.62,45.308,0.33728,8.8548,26.338,120.38,1.1431,75.391,23.892,2.2108,54.427,4.6783,225.14,0.018719,0.81185,65.363,18.193,44.422
454,2026-04-28T22:39:00,50.778,21.492,26.427,33.258,41.866,2712.5,3645.4,16.194,18.391,22.671,0.21854,0.10962,343.21,77.438,6.9727,13.581,32.413,4580.6,23.745,48.335,51.548,79.974,2.2761,1.6506,3106.7,42.341,54.243,94.574,9.4662,62.505,42.655,37.718,2641.6,63.709,25.176,45.515,0.32152,8.8599,26.486,120.4,1.2041,74.585,24.051,2.2718,54.427,4.804,223.23,0.018719,0.81185,65.359,18.302,44.422
455,2026-04-28T22:42:00,50.22,21.45,27.054,33.258,40.535,2713.2,3668.8,19.004,18.391,22.823,0.21897,0.09799,343.07,77.081,6.9727,13.581,32.413,4556.7,22.565,47.044,50.425,80.102,2.2761,1.6506,3107.8,42.201,54.529,94.474,9.448,60.081,39.351,37.752,2642.7,63.306,25.653,44.888,0.32124,8.8599,26.486,120.4,1.2041,73.823,24.051,2.2718,53.074,4.804,222.17,0.0076068,0.83618,65.39,18.302,44.002
456,2026-04-28T22:45:00,52.043,21.823,26.793,32.891,41.38,2712.4,3661.2,19.377,17.791,22.542,0.22542,0.09799,342.79,77.386,6.7441,13.862,32.472,4555.5,22.406,51.261,50.497,79.914,2.271,1.6139,3108.8,42.164,54.364,94.625,9.285,62.293,39.563,36.159,2641.3,62.446,25.018,44.813,0.30707,8.9384,26.887,120.4,1.1346,74.717,23.815,2.3711,53.074,4.7916,219.76,0.0076068,0.83618,65.354,18.681,44.002
457,2026-04-28T22:48:00,49.262,21.632,26.952,32.891,40.936,2715.8,3662.4,19.864,17.791,22.92,0.22736,0.09799,343.18,77.605,6.7441,13.862,32.472,4556.5,22.187,44.827,49.027,80.082,2.271,1.6139,3109.8,42.428,54.352,94.562,9.4469,61.183,35.237,36.025,2644.9,62.424,25.7,44.599,0.30817,8.9384,26.887,120.39,1.1346,75.048,23.815,2.3711,53.074,4.7916,218.9,0.0076068,0.83618,65.303,18.681,44.002
458,2026-04-28T22:51:00,50.378,21.118,26.699,33.519,41.852,2715.5,3687.1,19.625,18.003,22.822,0.21575,0.09799,342.74,77.166,6.7509,13.894,32.217,4544.0,22.3,47.408,49.04,80.052,2.3043,1.6384,3109.9,41.906,53.62,94.557,9.3257,59.77,35.275,40.267,2644.3,64.027,25.738,44.535,0.33377,8.8243,26.785,120.42,1.3832,74.356,24.026,2.3473,53.074,4.7641,216.34,0.0076068,0.83618,65.321,18.424,44.002
459,2026-04-28T22:54:00,50.807,21.226,27.031,33.519,41.459,2710.8,3700.8,19.987,18.003,22.501,0.21465,0.09799,342.14,76.869,6.7509,13.894,32.217,4510.3,22.161,48.402,50.234,79.882,2.3043,1.6384,3108.8,42.592,54.023,94.391,9.4726,60.197,38.79,39.762,2639.5,63.79,24.048,44.179,0.33791,8.8243,26.785,120.4,1.3832,74.642,24.026,2.3473,53.074,4.7641,217.11,0.0076068,0.83618,65.273,18.424,44.002
460,2026-04-28T22:57:00,49.526,23.521,26.748,32.907,41.717,2709.4,3712.2,14.972,18.01,22.508,0.23753,0.091994,342.5,76.946,7.0477,13.775,31.992,4540.6,24.282,45.436,51.153,79.637,2.2636,1.705,3106.0,42.252,54.329,94.608,9.3268,61.558,41.494,40.038,2638.1,63.662,27.487,44.308,0.34326,8.9628,26.24,120.42,1.1827,74.899,24.239,2.2622,54.265,4.919,219.24,0.0056948,0.84711,65.182,18.533,44.238
461,2026-04-28T23:00:00,49.632,23.594,26.952,32.907,40.944,2710.4,3694.2,17.892,18.01,22.599,0.23679,0.091994,342.2,77.265,7.0477,13.775,31.992,4519.0,23.043,45.682,50.303,79.865,2.2636,1.705,3106.8,42.384,54.587,94.453,9.3479,60.852,38.991,40.165,2640.1,63.972,25.605,44.418,0.34222,8.9628,26.24,120.39,1.1827,74.571,24.239,2.2622,54.265,4.919,217.79,0.0056948,0.84711,65.122,18.533,44.238
462,2026-04-28T23:03:00,50.647,25.593,26.952,32.759,41.979,2712.2,3638.8,19.961,17.971,22.783,0.26176,0.091994,342.28,77.331,6.9927,13.871,32.321,4551.8,22.169,48.032,49.615,79.962,2.3068,1.6574,3107.3,42.163,53.978,94.727,9.2112,61.506,36.968,38.764,2641.0,62.306,26.321,44.225,0.32787,8.8868,26.945,120.41,1.4334,75.432,24.55,2.3101,54.265,4.8114,219.7,0.0056948,0.84711,65.14,18.213,44.238
463,2026-04-28T23:06:00,50.267,25.751,26.838,32.759,40.023,2711.8,3649.0,15.342,17.971,22.562,0.26014,0.091994,341.91,77.029,6.9927,13.871,32.321,4566.4,24.124,47.152,48.882,79.936,2.3068,1.6574,3108.1,42.405,53.804,94.516,9.2465,63.073,34.811,38.83,2641.1,62.131,26.113,44.175,0.32733,8.8868,26.945,120.37,1.4334,74.949,24.55,2.3101,54.265,4.8114,219.99,0.0056948,0.84711,65.175,18.213,44.238
464,2026-04-28T23:09:00,50.46,22.708,27.027,33.141,41.271,2712.6,3644.1,16.617,18.24,22.582,0.22806,0.091994,342.35,77.35,6.9241,13.64,31.911,4621.6,23.574,47.599,48.646,79.986,2.248,1.6466,3109.1,42.386,53.996,94.755,9.2364,62.74,34.116,40.269,2641.7,62.566,24.355,44.478,0.33649,8.8118,26.916,120.4,1.1876,74.596,24.724,2.305,54.265,4.7988,216.31,0.0056948,0.84711,65.177,19.117,44.238
465,2026-04-28T23:12:00,49.997,22.715,26.711,33.141,40.406,2714.5,3611.4,17.856,18.24,22.371,0.22799,0.081807,342.14,77.619,6.9241,13.64,31.911,4581.4,23.042,46.527,49.926,80.067,2.248,1.6466,3110.7,42.129,54.477,94.717,9.2523,60.132,37.882,39.849,2643.5,63.129,22.503,44.476,0.33993,8.8118,26.916,120.38,1.1876,75.126,24.724,2.305,53.204,4.7988,219.34,0.026595,0.82003,65.208,19.117,43.898
466,2026-04-28T23:15:00,49.069,26.581,26.97,32.905,41.263,2716.3,3660.8,18.067,18.309,22.509,0.26939,0.081807,342.07,77.219,6.7498,13.758,32.536,4438.0,22.959,44.378,48.605,80.157,2.2462,1.6885,3113.0,42.501,53.993,94.525,9.4832,60.492,33.994,36.915,2644.8,62.809,25.619,44.427,0.31262,8.9935,26.123,120.41,1.2434,74.573,24.051,2.2685,53.204,4.716,220.98,0.026595,0.82003,65.244,18.661,43.898
467,2026-04-28T23:18:00,48.429,26.499,26.64,32.905,41.403,2715.9,3665.1,15.139,18.309,22.769,0.27022,0.081807,342.22,77.335,6.7498,13.758,32.536,4460.9,24.191,42.897,48.916,80.003,2.2462,1.6885,3111.3,42.328,53.719,94.672,9.3919,62.681,34.908,37.17,2645.3,62.735,24.783,44.531,0.31052,8.9935,26.123,120.4,1.2434,75.645,24.051,2.2685,53.204,4.716,220.91,0.026595,0.82003,65.283,18.661,43.898
468,2026-04-28T23:21:00,49.35,20.435,26.638,33.492,41.746,2713.9,3750.5,17.654,18.552,22.423,0.21039,0.081807,342.58,76.552,6.936,13.931,32.365,4504.0,23.157,45.03,50.872,79.879,2.2641,1.6069,3109.4,42.549,54.305,94.449,9.2849,61.954,40.666,38.758,2643.3,62.838,23.433,44.629,0.32182,9.0231,26.357,120.43,1.2216,75.617,24.508,2.2156,53.204,4.8691,220.95,0.026595,0.82003,65.271,18.527,43.898
469,2026-04-28T23:24:00,49.609,20.885,26.739,33.492,41.366,2708.5,3711.0,19.759,18.552,22.258,0.20581,0.081807,341.97,76.844,6.936,13.931,32.365,4528.5,22.276,45.629,48.757,79.516,2.2641,1.6069,3106.3,42.064,54.011,94.74,9.3415,60.429,34.443,38.302,2637.3,63.517,26.673,44.837,0.32556,9.0231,26.357,120.4,1.2216,76.696,24.508,2.2156,53.204,4.8691,219.81,0.026595,0.82003,65.198,18.527,43.898
470,2026-04-28T23:27:00,49.191,21.881,26.832,32.38,40.401,2708.3,3674.1,19.544,18.206,22.625,0.22328,0.085209,342.02,77.302,6.7899,14.002,31.896,4506.2,22.363,44.663,49.142,79.65,2.2702,1.5928,3103.5,42.198,54.638,94.558,9.3044,60.854,35.574,40.756,2638.1,62.554,25.259,44.088,0.34366,8.7534,26.719,120.37,1.1943,75.114,24.21,2.3118,53.781,4.8274,221.62,0.022167,0.84433,65.117,18.652,43.865
471,2026-04-28T23:30:00,52.069,21.964,26.649,32.38,41.433,2710.6,3653.1,17.689,18.206,22.365,0.22243,0.085209,342.15,77.477,6.7899,14.002,31.896,4557.1,23.135,51.321,49.204,79.876,2.2702,1.5928,3105.9,41.906,54.028,94.851,9.4187,59.781,35.758,40.717,2639.7,62.916,23.728,44.066,0.34398,8.7534,26.719,120.41,1.1943,75.555,24.21,2.3118,53.781,4.8274,219.66,0.022167,0.84433,65.099,18.652,43.865
472,2026-04-28T23:33:00,49.095,26.604,27.094,33.033,41.626,2711.7,3721.6,19.683,18.237,22.393,0.26715,0.085209,341.07,77.543,7.047,13.9,31.763,4528.3,22.286,44.44,50.988,80.131,2.2647,1.6718,3108.6,42.034,54.097,94.433,9.2148,62.19,41.009,41.961,2641.4,63.037,24.445,43.97,0.3512,8.9494,26.821,120.41,1.2861,75.077,24.239,2.3158,53.781,4.8188,218.5,0.022167,0.84433,65.143,18.874,43.865
473,2026-04-28T23:36:00,49.656,26.457,27.068,33.033,41.835,2712.4,3701.3,16.268,18.237,22.099,0.26865,0.085209,341.73,77.556,7.047,13.9,31.763,4550.0,23.717,45.738,50.978,80.24,2.2647,1.6718,3110.9,42.108,53.837,94.547,9.2904,63.27,40.978,41.99,2641.4,63.387,24.627,43.845,0.35097,8.9494,26.821,120.41,1.2861,75.248,24.239,2.3158,53.781,4.8188,217.61,0.022167,0.84433,65.224,18.874,43.865
474,2026-04-28T23:39:00,49.1,28.092,27.273,32.874,41.524,2710.6,3606.9,20.353,18.68,22.362,0.28518,0.085209,341.27,77.289,7.0352,13.891,32.399,4511.1,22.005,44.451,50.329,80.07,2.2793,1.653,3108.2,42.834,53.759,94.542,9.2136,61.396,39.068,40.214,2639.3,62.721,25.744,43.665,0.3446,8.7396,26.488,120.42,1.1541,74.741,24.2,2.3164,53.781,4.8288,217.34,0.022167,0.84433,65.254,18.81,43.865
475,2026-04-28T23:42:00,47.415,28.134,26.812,32.874,39.651,2710.3,3602.4,18.974,18.68,22.097,0.28475,0.082559,341.77,77.298,7.0352,13.891,32.399,4508.9,22.586,40.552,51.45,80.004,2.2793,1.653,3108.0,42.681,53.786,94.783,9.4059,62.148,42.368,40.241,2639.0,62.798,24.549,43.907,0.34438,8.7396,26.488,120.34,1.1541,75.016,24.2,2.3164,53.564,4.8288,219.27,0.02215,0.83902,65.221,18.81,43.909
476,2026-04-28T23:45:00,50.624,21.959,27.014,32.759,41.627,2709.5,3601.6,17.474,18.271,22.758,0.22676,0.082559,341.86,77.094,6.9818,13.712,31.98,4488.7,23.228,47.977,50.899,79.852,2.2815,1.6552,3104.8,42.441,54.174,94.785,9.233,61.861,40.745,40.579,2638.6,62.766,23.521,44.122,0.34061,8.9366,26.481,120.41,1.1853,74.191,24.789,2.2507,53.564,4.9539,217.6,0.02215,0.83902,65.207,18.853,43.909
477,2026-04-28T23:48:00,51.804,22.267,26.963,32.759,40.646,2711.0,3597.8,18.013,18.271,22.701,0.22363,0.082559,341.69,77.179,6.9818,13.712,31.98,4482.5,22.997,50.71,51.527,80.004,2.2815,1.6552,3105.3,41.891,54.248,94.808,9.2769,61.474,42.594,40.047,2639.4,62.832,25.362,44.172,0.34496,8.9366,26.481,120.37,1.1853,75.615,24.789,2.2507,53.564,4.9539,217.82,0.02215,0.83902,65.156,18.853,43.909
478,2026-04-28T23:51:00,49.529,25.994,27.115,33.096,40.418,2712.6,3657.3,20.953,18.498,22.594,0.2668,0.082559,341.94,77.286,6.8231,13.635,32.135,4466.8,21.755,45.444,48.848,80.028,2.2723,1.7001,3108.0,42.219,54.321,94.746,9.2905,61.174,34.71,38.346,2641.3,62.157,24.176,44.253,0.31928,8.97,26.182,120.41,1.164,74.305,23.774,2.2772,53.564,4.7657,217.67,0.02215,0.83902,65.187,18.964,43.909
479,2026-04-28T23:54:00,49.426,25.928,26.798,33.096,40.27,2712.6,3654.5,19.121,18.498,22.793,0.26747,0.082559,341.79,77.384,6.8231,13.635,32.135,4460.5,22.526,45.206,49.411,79.956,2.2723,1.7001,3108.9,42.204,54.397,94.625,9.3708,61.586,36.368,38.34,2642.1,62.204,25.087,44.223,0.31933,8.97,26.182,120.39,1.164,74.839,23.774,2.2772,53.564,4.7657,218.78,0.02215,0.83902,65.176,18.964,43.909
480,2026-04-28T23:57:00,49.537,24.639,26.847,32.914,41.108,2712.7,3681.3,17.757,18.499,22.514,0.25331,0.10461,342.29,76.979,6.6539,13.819,32.123,4506.1,23.116,45.463,49.554,79.858,2.2757,1.6743,3110.1,42.228,53.556,94.643,9.4063,61.873,36.787,37.237,2642.2,63.117,28.572,44.273,0.30966,8.9615,26.541,120.4,1.2969,75.149,24.214,2.275,53.728,4.7762,217.58,0.019218,0.84222,65.144,18.692,44.539
481,2026-04-29T00:00:00,52.266,24.929,26.987,32.914,41.963,2713.5,3683.8,17.606,18.499,22.73,0.25036,0.10461,342.29,77.299,6.6539,13.819,32.123,4489.5,23.173,51.778,50.42,79.865,2.2757,1.6743,3109.2,42.194,53.754,94.531,9.3208,61.269,39.336,37.052,2642.5,63.074,22.606,44.09,0.31118,8.9615,26.541,120.42,1.2969,74.421,24.214,2.275,53.728,4.7762,219.82,0.019218,0.84222,65.134,18.692,44.539
482,2026-04-29T00:03:00,50.76,25.008,26.93,33.043,41.61,2715.0,3717.5,21.044,18.79,22.67,0.25312,0.10461,342.48,77.138,6.9416,13.712,32.445,4567.0,21.728,48.293,52.113,79.961,2.2633,1.6572,3110.3,42.429,53.485,94.561,9.4528,58.213,44.318,39.202,2644.4,64.113,27.193,44.434,0.33286,8.8147,26.619,120.42,1.1711,75.335,24.198,2.3172,53.728,4.7592,216.13,0.019218,0.84222,65.156,18.789,44.539
483,2026-04-29T00:06:00,50.02,25.119,27.025,33.043,42.753,2711.7,3720.2,20.838,18.79,22.211,0.25199,0.10461,341.82,77.235,6.9416,13.712,32.445,4495.0,21.815,46.581,51.086,79.877,2.2633,1.6572,3109.3,42.49,54.347,94.348,9.3172,62.031,41.295,38.882,2640.4,64.067,24.498,44.066,0.33549,8.8147,26.619,120.43,1.1711,75.603,24.198,2.3172,53.728,4.7592,220.41,0.019218,0.84222,65.141,18.789,44.539
484,2026-04-29T00:09:00,50.353,21.748,26.838,33.072,40.296,2711.2,3637.8,17.646,18.397,22.6,0.22192,0.10461,342.01,77.4,7.0862,13.824,31.807,4517.5,23.155,47.351,50.441,79.951,2.2576,1.6433,3105.6,42.259,53.848,94.655,9.2997,62.148,39.397,37.805,2640.8,63.039,25.955,44.277,0.32008,8.8825,27.056,120.39,1.1914,75.929,24.477,2.2316,53.728,4.8451,218.22,0.019218,0.84222,65.139,18.931,44.539
485,2026-04-29T00:12:00,49.11,21.865,26.824,33.072,41.433,2707.2,3663.8,19.583,18.397,22.277,0.22072,0.077793,341.6,77.07,7.0862,13.824,31.807,4507.7,22.351,44.473,49.634,79.825,2.2576,1.6433,3105.0,42.236,53.964,94.545,9.3726,60.13,37.022,37.464,2636.5,62.593,24.668,44.311,0.32287,8.8825,27.056,120.41,1.1914,74.749,24.477,2.2316,53.274,4.8451,219.02,0.018539,0.8489,65.147,18.931,43.47
486,2026-04-29T00:15:00,51.18,28.049,27.19,32.498,39.329,2710.3,3602.6,20.053,18.355,23.041,0.28263,0.077793,341.99,77.354,6.8276,13.847,32.334,4508.3,22.147,49.264,51.077,79.919,2.2107,1.6597,3104.6,42.283,53.593,94.791,9.3849,60.499,41.269,39.598,2640.1,62.253,23.468,44.539,0.32937,8.7611,26.341,120.37,1.2367,74.882,24.158,2.287,53.274,4.7495,217.07,0.018539,0.8489,65.149,18.807,43.47
487,2026-04-29T00:18:00,49.436,27.872,26.784,32.498,40.675,2712.2,3621.9,18.879,18.355,22.31,0.28442,0.077793,341.92,77.049,6.8276,13.847,32.334,4508.3,22.652,45.23,48.796,79.901,2.2107,1.6597,3107.5,42.373,53.594,94.684,9.4087,60.717,34.556,39.32,2639.9,61.921,26.752,44.408,0.33165,8.7611,26.341,120.41,1.2367,74.432,24.158,2.287,53.274,4.7495,219.15,0.018539,0.8489,65.16,18.807,43.47
488,2026-04-29T00:21:00,50.789,22.836,26.64,32.835,40.921,2712.2,3674.0,16.712,18.79,22.524,0.23603,0.077793,342.03,77.501,6.9386,14.025,32.413,4507.8,23.556,48.359,49.857,79.837,2.2399,1.6497,3107.0,41.888,53.889,94.785,9.2075,61.775,37.68,39.495,2641.4,63.221,24.719,44.49,0.3354,8.9885,26.394,120.36,1.2042,75.521,24.196,2.3124,53.274,4.7942,218.84,0.018539,0.8489,65.135,18.554,43.47
489,2026-04-29T00:24:00,50.085,23.024,26.93,32.835,41.99,2714.3,3675.9,21.112,18.79,22.707,0.23411,0.077793,342.39,77.49,6.9386,14.025,32.413,4523.5,21.694,46.73,49.623,80.118,2.2399,1.6497,3108.7,42.204,53.702,94.486,9.3837,59.532,36.992,40.087,2643.0,63.189,26.279,44.488,0.33055,8.9885,26.394,120.43,1.2042,75.251,24.196,2.3124,53.274,4.7942,219.44,0.018539,0.8489,65.204,18.554,43.47
490,2026-04-29T00:27:00,49.764,22.19,27.05,32.813,39.989,2712.2,3646.0,17.643,18.714,22.451,0.22346,0.10141,341.8,77.669,6.8057,13.873,32.254,4500.0,23.145,45.989,50.188,80.083,2.2257,1.705,3109.4,41.96,54.619,94.582,9.438,60.624,38.652,42.171,2641.2,62.729,26.196,44.699,0.35382,8.9292,26.699,120.38,1.2227,75.618,24.069,2.3007,53.52,4.8291,219.74,0.019095,0.83505,65.243,18.894,43.379
491,2026-04-29T00:30:00,50.879,22.367,26.953,32.813,41.637,2712.8,3626.6,18.399,18.714,22.494,0.22166,0.10141,341.58,77.453,6.8057,13.873,32.254,4502.7,22.824,48.569,49.16,80.209,2.2257,1.705,3109.9,42.343,54.587,94.646,9.2751,64.256,35.628,42.419,2641.9,63.063,25.836,44.815,0.35179,8.9292,26.699,120.41,1.2227,74.69,24.069,2.3007,53.52,4.8291,219.87,0.019095,0.83505,65.313,18.894,43.379
492,2026-04-29T00:33:00,50.966,23.338,26.957,32.536,40.522,2711.4,3710.0,15.682,18.698,22.444,0.23958,0.10141,341.75,76.985,6.932,13.761,31.902,4490.1,23.982,48.77,48.199,80.059,2.2365,1.6663,3108.5,42.432,53.912,94.665,9.242,61.351,32.799,40.269,2640.3,62.803,24.871,45.007,0.33757,8.9397,26.528,120.39,1.3006,75.48,24.235,2.2954,53.52,4.797,219.15,0.019095,0.83505,65.334,18.562,43.379
493,2026-04-29T00:36:00,49.598,23.457,26.739,32.536,41.05,2710.2,3680.0,17.725,18.698,22.088,0.23836,0.10141,341.85,76.854,6.932,13.761,31.902,4532.4,23.129,45.603,51.314,79.89,2.2365,1.6663,3106.6,42.182,53.406,94.617,9.442,61.246,41.967,40.361,2638.7,63.32,26.573,44.972,0.33682,8.9397,26.528,120.39,1.3006,74.713,24.235,2.2954,53.52,4.797,221.0,0.019095,0.83505,65.334,18.562,43.379
494,2026-04-29T00:39:00,50.464,27.062,27.163,33.087,40.725,2709.7,3685.3,21.051,18.495,22.262,0.27215,0.10141,341.18,77.27,6.8584,13.742,31.832,4552.3,21.723,47.607,49.911,79.867,2.2748,1.6894,3107.2,42.752,53.991,94.582,9.2947,61.344,37.837,39.273,2638.6,62.133,22.678,45.222,0.32113,8.8089,26.493,120.4,1.3199,74.135,24.367,2.289,53.52,4.8297,219.67,0.019095,0.83505,65.287,19.216,43.379
495,2026-04-29T00:42:00,50.952,26.649,27.128,33.087,41.471,2712.8,3656.5,17.704,18.495,22.56,0.27635,0.10839,341.78,77.474,6.8584,13.742,31.832,4531.7,23.122,48.737,50.896,80.031,2.2748,1.6894,3108.8,42.758,54.239,94.645,9.1897,61.791,40.738,38.891,2642.2,62.628,26.002,44.987,0.32427,8.8089,26.493,120.4,1.3199,74.872,24.367,2.289,54.187,4.8297,219.93,0.033309,0.85179,65.266,19.216,42.996
496,2026-04-29T00:45:00,49.364,27.747,26.82,33.169,41.546,2712.3,3676.9,17.84,18.612,22.519,0.2854,0.10839,342.29,76.985,6.9165,13.807,32.206,4472.0,23.079,45.062,48.351,79.988,2.2355,1.6856,3108.9,42.116,53.327,94.576,9.2756,64.161,33.246,38.241,2641.1,62.911,24.851,44.764,0.32451,8.9223,26.423,120.42,1.2741,74.873,24.193,2.309,54.187,4.7532,222.21,0.033309,0.85179,65.315,19.012,42.996
497,2026-04-29T00:48:00,50.404,27.937,26.99,33.169,40.65,2710.7,3664.3,19.482,18.612,22.411,0.28347,0.10839,342.27,76.994,6.9165,13.807,32.206,4494.5,22.395,47.468,50.586,79.737,2.2355,1.6856,3107.1,42.418,53.058,94.624,9.3225,60.921,39.825,38.448,2639.6,63.127,25.227,44.768,0.32282,8.9223,26.423,120.37,1.2741,74.044,24.193,2.309,54.187,4.7532,221.98,0.033309,0.85179,65.262,19.012,42.996
498,2026-04-29T00:51:00,48.984,24.637,27.274,33.003,40.783,2709.4,3660.9,20.645,18.736,22.718,0.24817,0.10839,341.81,76.848,7.0386,13.841,31.796,4477.2,21.92,44.183,50.09,79.661,2.2908,1.6184,3104.5,42.14,53.709,94.605,9.1867,63.287,38.365,38.77,2638.2,62.671,23.741,44.934,0.33381,8.6739,26.364,120.4,1.2297,75.018,23.731,2.2404,54.187,4.825,219.96,0.033309,0.85179,65.204,18.722,42.996
499,2026-04-29T00:54:00,50.837,24.631,26.478,33.003,40.724,2710.7,3652.1,19.207,18.736,22.638,0.24823,0.10839,342.78,77.042,7.0386,13.841,31.796,4476.5,22.527,48.472,49.242,79.624,2.2908,1.6184,3104.5,42.456,53.718,94.771,9.4186,62.203,35.87,39.185,2639.6,62.822,26.054,44.743,0.33041,8.6739,26.364,120.37,1.2297,75.011,23.731,2.2404,54.187,4.825,222.0,0.033309,0.85179,65.116,18.722,42.996
500,2026-04-29T00:57:00,50.764,28.689,26.963,32.93,40.852,2713.4,3587.8,19.316,18.507,22.68,0.29006,0.10783,342.71,77.475,6.7803,13.805,31.977,4488.1,22.464,48.302,50.44,79.884,2.252,1.6785,3108.9,42.402,54.275,94.685,9.3762,61.213,39.395,39.71,2642.5,62.768,26.47,45.206,0.33352,9.0517,26.589,120.41,1.216,74.477,24.38,2.2415,54.126,4.8398,221.62,0.024117,0.8569,65.129,18.386,43.551
501,2026-04-29T01:00:00,50.115,28.513,26.928,32.93,39.83,2716.4,3614.6,16.963,18.507,23.017,0.29185,0.10783,343.03,77.309,6.7803,13.805,31.977,4503.1,23.454,46.8,51.913,79.976,2.252,1.6785,3111.5,42.283,54.096,94.686,9.495,61.157,43.729,39.429,2645.6,62.306,25.104,45.311,0.33583,9.0517,26.589,120.37,1.216,74.313,24.38,2.2415,54.126,4.8398,222.4,0.024117,0.8569,65.195,18.386,43.551
502,2026-04-29T01:03:00,49.508,27.215,26.873,33.087,41.609,2718.5,3710.4,17.383,18.467,22.724,0.27641,0.10783,342.81,77.449,6.8251,13.85,32.517,4535.8,23.268,45.397,49.393,80.033,2.2243,1.6465,3114.3,42.555,54.566,94.575,9.3406,61.809,36.312,39.074,2647.8,62.897,26.898,45.558,0.33094,8.9395,26.334,120.4,1.2155,75.918,24.294,2.265,54.126,4.8035,221.55,0.024117,0.8569,65.283,18.497,43.551
503,2026-04-29T01:06:00,49.745,27.271,26.729,33.087,40.872,2719.5,3707.0,17.125,18.467,22.642,0.27584,0.10783,343.29,77.466,6.8251,13.85,32.517,4523.5,23.369,45.945,49.335,80.12,2.2243,1.6465,3115.0,42.249,54.714,94.452,9.4375,61.648,36.143,39.393,2649.2,62.956,25.425,45.436,0.32832,8.9395,26.334,120.4,1.2155,75.376,24.294,2.265,54.126,4.8035,224.83,0.024117,0.8569,65.35,18.497,43.551
504,2026-04-29T01:09:00,49.645,22.045,27.048,32.875,41.028,2716.1,3659.4,18.679,17.73,22.573,0.2232,0.10783,342.63,77.006,6.7058,13.719,32.418,4530.6,22.726,45.713,46.641,79.941,2.2419,1.6605,3113.1,42.526,54.411,94.506,9.2275,63.65,28.214,39.45,2645.0,63.456,24.128,45.824,0.33784,8.9136,27.042,120.41,1.1982,74.438,23.953,2.2671,54.126,4.7825,222.36,0.024117,0.8569,65.394,18.779,43.551
505,2026-04-29T01:12:00,49.294,22.189,27.009,32.875,40.493,2711.7,3669.2,20.06,17.73,22.396,0.22173,0.11641,342.77,76.733,6.7058,13.719,32.418,4539.2,22.162,44.9,48.711,79.594,2.2419,1.6605,3109.0,42.29,54.309,94.7,9.1918,63.175,34.307,39.629,2640.0,63.289,25.814,46.117,0.33637,8.9136,27.042,120.4,1.1982,74.68,23.953,2.2671,54.512,4.7825,222.85,0.016063,0.85123,65.351,18.779,43.033
506,2026-04-29T01:15:00,51.007,22.689,27.243,32.945,41.045,2713.3,3729.6,18.614,18.653,23.358,0.23013,0.11641,343.01,77.301,7.0752,13.674,32.408,4498.2,22.76,48.865,51.714,79.663,2.2475,1.6908,3106.1,42.533,54.131,94.465,9.343,60.298,43.145,38.215,2642.2,63.405,26.739,45.959,0.31879,8.97,26.808,120.41,1.2667,74.948,24.002,2.1704,54.512,4.8785,227.39,0.016063,0.85123,65.303,17.948,43.033
507,2026-04-29T01:18:00,49.595,22.562,27.117,32.945,41.059,2713.1,3732.2,19.508,18.653,22.846,0.23141,0.11641,342.84,77.173,7.0752,13.674,32.408,4552.4,22.385,45.597,50.693,79.877,2.2475,1.6908,3109.4,42.132,53.482,94.46,9.3137,60.86,40.139,38.124,2642.8,63.361,26.075,46.325,0.31954,8.97,26.808,120.41,1.2667,75.106,24.002,2.1704,54.512,4.8785,226.03,0.016063,0.85123,65.317,17.948,43.033
508,2026-04-29T01:21:00,49.614,22.56,26.538,32.991,41.433,2712.0,3640.8,20.411,18.429,22.487,0.22862,0.11641,342.8,76.743,6.8886,13.952,32.633,4601.7,22.021,45.641,51.618,79.758,2.226,1.681,3108.2,42.119,54.999,94.594,9.517,61.96,42.863,37.104,2641.3,61.685,24.276,46.499,0.31646,8.9407,26.53,120.39,1.3284,74.53,24.652,2.2411,54.512,4.7787,226.79,0.016063,0.85123,65.331,18.907,43.033
509,2026-04-29T01:24:00,48.96,22.704,27.022,32.991,40.61,2710.0,3620.1,19.268,18.429,22.528,0.22716,0.11641,342.46,76.972,6.8886,13.952,32.633,4591.7,22.509,44.126,49.398,79.477,2.226,1.681,3107.0,42.692,55.12,94.88,9.3767,60.877,36.329,37.072,2639.2,62.042,25.349,46.623,0.31672,8.9407,26.53,120.36,1.3284,74.814,24.652,2.2411,54.512,4.7787,228.13,0.016063,0.85123,65.325,18.907,43.033
510,2026-04-29T01:27:00,51.714,19.931,26.694,32.903,40.996,2713.3,3659.8,16.698,17.975,22.756,0.205,0.073011,342.8,77.311,6.8733,13.835,32.139,4527.3,23.581,50.5,50.634,79.764,2.249,1.6007,3108.7,42.773,53.596,94.583,9.3368,63.329,39.965,40.447,2642.0,62.901,24.434,46.836,0.34998,8.8959,27.065,120.39,1.1929,75.173,24.348,2.303,53.645,4.6901,227.23,0.022709,0.83292,65.32,18.741,43.435
511,2026-04-29T01:30:00,51.124,19.862,27.106,32.903,40.659,2715.5,3617.8,16.703,17.975,22.9,0.2057,0.073011,342.28,77.685,6.8733,13.835,32.139,4497.1,23.555,49.135,50.633,80.047,2.249,1.6007,3111.0,42.413,53.958,94.709,9.3028,59.801,39.963,41.328,2644.5,63.623,25.306,46.704,0.34276,8.8959,27.065,120.38,1.1929,75.471,24.348,2.303,53.645,4.6901,230.84,0.022709,0.83292,65.42,18.741,43.435
512,2026-04-29T01:33:00,49.127,24.626,26.608,33.088,42.06,2716.7,3643.3,16.824,18.171,22.592,0.2486,0.073011,342.0,77.538,6.8468,13.836,32.482,4489.7,23.494,44.513,49.162,80.328,2.2456,1.6517,3114.1,42.101,54.446,94.513,9.332,61.319,35.634,39.322,2646.7,63.32,25.952,47.032,0.33419,8.9161,26.305,120.43,1.2451,74.961,24.116,2.217,53.645,4.7666,229.17,0.022709,0.83292,65.552,19.099,43.435
513,2026-04-29T01:36:00,49.493,24.679,26.904,33.088,41.063,2714.9,3642.4,19.971,18.171,22.457,0.24806,0.073011,341.66,76.843,6.8468,13.836,32.482,4490.1,22.188,45.36,50.57,80.104,2.2456,1.6517,3111.8,42.29,54.44,94.578,9.2696,61.079,39.777,39.415,2644.0,63.335,26.93,47.201,0.33342,8.9161,26.305,120.4,1.2451,75.315,24.116,2.217,53.645,4.7666,229.29,0.022709,0.83292,65.652,19.099,43.435
514,2026-04-29T01:39:00,51.2,21.252,26.727,32.458,41.37,2709.9,3676.4,19.559,18.072,22.317,0.21395,0.073011,341.94,76.615,6.8402,13.996,32.727,4473.6,22.378,49.312,48.097,79.65,2.2803,1.6507,3107.6,42.171,53.735,94.767,9.2864,61.764,32.499,38.948,2638.4,63.003,25.616,47.257,0.33767,8.7931,26.835,120.38,1.1918,74.263,24.558,2.312,53.645,4.8291,230.73,0.022709,0.83292,65.594,18.833,43.435
515,2026-04-29T01:42:00,51.108,21.264,26.916,32.458,40.958,2709.0,3649.2,17.866,18.072,22.539,0.21383,0.10901,341.8,76.985,6.8402,13.996,32.727,4483.8,23.093,49.099,50.145,79.589,2.2803,1.6507,3104.8,42.357,53.613,94.675,9.3404,60.061,38.526,39.621,2637.4,63.471,25.365,46.96,0.33216,8.7931,26.835,120.4,1.1918,74.654,24.558,2.312,52.921,4.8291,231.08,0.031929,0.83066,65.497,18.833,44.416
516,2026-04-29T01:45:00,48.589,18.38,26.804,32.869,40.829,2709.3,3658.5,17.998,17.741,22.591,0.18723,0.10901,341.69,77.359,7.0143,13.86,32.536,4449.2,23.027,43.267,50.644,79.782,2.2858,1.6837,3104.6,42.079,54.65,94.681,9.3573,61.694,39.997,41.555,2638.0,63.407,24.042,47.045,0.35268,8.9687,26.426,120.39,1.1994,74.665,24.315,2.2701,52.921,4.8153,230.03,0.031929,0.83066,65.48,19.014,44.416
517,2026-04-29T01:48:00,50.402,18.164,27.467,32.869,41.179,2709.3,3675.9,17.637,17.741,22.427,0.18942,0.10901,341.16,77.255,7.0143,13.86,32.536,4544.8,23.179,47.465,51.099,79.897,2.2858,1.6837,3105.8,42.37,53.505,94.604,9.4471,61.541,41.334,41.637,2637.4,63.106,26.317,47.1,0.35202,8.9687,26.426,120.4,1.1994,75.174,24.315,2.2701,52.921,4.8153,229.28,0.031929,0.83066,65.501,19.014,44.416
518,2026-04-29T01:51:00,51.248,19.941,26.978,32.935,40.621,2708.1,3598.7,21.325,18.084,22.275,0.19893,0.10901,341.29,77.047,7.028,13.989,32.397,4475.8,21.631,49.422,49.094,79.887,2.2811,1.6633,3105.8,42.4,53.862,94.851,9.4566,60.294,35.435,39.875,2636.6,62.865,26.133,47.092,0.33783,8.9584,26.9,120.38,1.259,75.02,24.472,2.2928,52.921,4.7597,229.2,0.031929,0.83066,65.544,18.406,44.416
519,2026-04-29T01:54:00,49.612,19.676,26.894,32.935,40.318,2709.9,3625.1,14.85,18.084,22.436,0.20163,0.10901,341.17,77.61,7.028,13.989,32.397,4472.0,24.344,45.635,49.465,79.932,2.2811,1.6633,3105.6,41.782,53.907,94.743,9.3544,60.905,36.525,39.762,2638.7,62.41,25.785,47.018,0.33876,8.9584,26.9,120.38,1.259,74.683,24.472,2.2928,52.921,4.7597,229.91,0.031929,0.83066,65.521,18.406,44.416
520,2026-04-29T01:57:00,48.55,20.727,27.135,32.734,40.91,2713.1,3624.0,18.265,18.631,22.887,0.21203,0.10551,341.13,77.432,6.8666,13.788,31.951,4566.2,22.902,43.179,51.191,80.186,2.2271,1.6361,3107.8,42.184,54.282,94.794,9.3906,62.334,41.606,41.872,2642.4,62.178,25.24,47.005,0.35104,8.7715,26.636,120.41,1.0959,74.645,24.336,2.2884,53.576,4.7123,229.15,0.0024703,0.82979,65.569,18.531,44.156
521,2026-04-29T02:00:00,51.822,20.81,26.706,32.734,40.593,2711.8,3607.3,18.527,18.631,22.018,0.21119,0.10551,341.07,77.494,6.8666,13.788,31.951,4529.0,22.787,50.751,51.827,80.069,2.2271,1.6361,3109.5,42.111,54.728,94.736,9.3861,60.716,43.478,41.99,2640.2,62.466,24.473,47.157,0.35007,8.7715,26.636,120.38,1.0959,74.171,24.336,2.2884,53.576,4.7123,226.9,0.0024703,0.82979,65.62,18.531,44.156
522,2026-04-29T02:03:00,48.221,25.003,27.18,32.891,41.073,2714.3,3613.8,17.581,18.945,22.249,0.25514,0.10551,340.72,77.217,6.6038,13.959,32.062,4524.5,23.192,42.418,52.324,80.047,2.2652,1.6541,3112.9,42.241,54.526,94.761,9.2454,60.058,44.938,38.854,2642.5,63.709,25.472,46.961,0.33244,8.8277,26.564,120.42,1.2259,74.589,24.11,2.3049,53.576,4.8098,228.6,0.0024703,0.82979,65.623,18.673,44.156
523,2026-04-29T02:06:00,49.646,25.115,27.022,32.891,41.493,2714.2,3713.0,21.157,18.945,22.139,0.25401,0.10551,340.88,77.209,6.6038,13.959,32.062,4548.1,21.69,45.715,48.922,79.943,2.2652,1.6541,3113.1,42.608,54.243,94.538,9.4004,59.718,34.929,38.888,2642.8,62.001,25.982,46.853,0.33216,8.8277,26.564,120.41,1.2259,75.337,24.11,2.3049,53.576,4.8098,229.34,0.0024703,0.82979,65.601,18.673,44.156
524,2026-04-29T02:09:00,50.713,24.146,26.929,33.058,41.418,2712.7,3730.3,16.898,18.079,21.938,0.24616,0.10551,340.46,77.071,6.9481,13.906,31.64,4530.5,23.494,48.185,48.049,79.7,2.281,1.6407,3112.7,42.511,54.136,94.616,9.3468,62.922,32.357,42.123,2641.4,64.147,23.94,46.858,0.34383,8.9462,26.423,120.42,1.3076,74.334,24.478,2.2779,53.576,4.7984,228.84,0.0024703,0.82979,65.522,18.651,44.156
525,2026-04-29T02:12:00,50.132,24.111,26.701,33.058,42.527,2714.6,3761.6,16.859,18.079,22.164,0.24653,0.093439,341.09,77.462,6.9481,13.906,31.64,4527.6,23.496,46.84,49.418,79.97,2.281,1.6407,3112.7,42.058,54.171,94.353,9.332,62.573,36.388,41.474,2643.4,63.608,24.195,46.78,0.34915,8.9462,26.423,120.47,1.3076,74.747,24.478,2.2779,53.939,4.7984,228.93,0.01912,0.8344,65.483,18.651,43.472
526,2026-04-29T02:15:00,49.71,28.484,26.765,32.673,40.592,2715.1,3641.6,19.032,18.419,22.276,0.29066,0.093439,340.65,77.347,6.8038,13.758,31.905,4528.6,22.579,45.863,50.955,80.069,2.2638,1.6234,3113.0,42.21,54.23,94.585,9.2833,62.046,40.911,41.202,2644.0,62.753,25.363,46.675,0.34096,8.856,26.629,120.4,1.1924,75.697,24.228,2.259,53.939,4.8786,229.47,0.01912,0.8344,65.537,18.897,43.472
527,2026-04-29T02:18:00,48.946,28.527,27.104,32.673,41.912,2715.0,3654.4,15.663,18.419,22.265,0.29022,0.093439,340.45,77.436,6.8038,13.758,31.905,4528.2,23.99,44.095,50.557,80.085,2.2638,1.6234,3114.1,42.664,54.235,94.491,9.3131,62.355,39.739,40.904,2643.4,62.533,26.062,46.722,0.3434,8.856,26.629,120.42,1.1924,75.188,24.228,2.259,53.939,4.8786,228.29,0.01912,0.8344,65.591,18.897,43.472
528,2026-04-29T02:21:00,49.969,26.372,27.0,32.218,40.955,2715.7,3692.6,18.807,18.303,22.255,0.26967,0.093439,340.85,77.079,7.0545,13.731,31.612,4476.0,22.675,46.463,49.875,80.026,2.266,1.662,3114.0,42.112,54.258,94.52,9.4381,58.193,37.731,39.199,2643.7,63.148,25.235,46.565,0.32501,8.7717,26.703,120.37,1.0863,75.362,24.322,2.2773,53.939,4.8168,229.4,0.01912,0.8344,65.591,18.82,43.472
529,2026-04-29T02:24:00,48.973,26.329,27.018,32.218,41.654,2714.0,3653.9,20.345,18.303,22.16,0.27011,0.093439,341.02,76.943,7.0545,13.731,31.612,4517.1,22.034,44.156,50.571,79.888,2.266,1.662,3111.6,42.359,53.767,94.513,9.1534,62.971,39.781,38.937,2642.5,63.814,24.414,46.755,0.32716,8.7717,26.703,120.41,1.0863,75.439,24.322,2.2773,53.939,4.8168,226.65,0.01912,0.8344,65.556,18.82,43.472
530,2026-04-29T02:27:00,49.442,29.749,26.931,32.521,40.269,2711.5,3652.0,19.472,18.338,22.093,0.30083,0.089507,341.21,76.819,6.8093,14.017,32.639,4483.5,22.416,45.242,48.88,79.64,2.2595,1.7009,3110.0,42.307,54.341,94.742,9.4305,60.392,34.803,38.217,2639.8,61.602,26.233,46.656,0.32625,8.748,25.977,120.37,1.2897,75.218,24.29,2.3227,52.883,4.8269,228.43,0.01903,0.83011,65.505,19.164,44.1
531,2026-04-29T02:30:00,51.516,29.568,27.317,32.521,41.372,2712.0,3588.7,18.442,18.338,22.443,0.30267,0.089507,341.41,77.018,6.8093,14.017,32.639,4521.8,22.856,50.041,50.785,79.549,2.2595,1.7009,3109.3,42.602,53.884,94.653,9.1831,62.091,40.409,38.039,2640.5,62.692,27.173,46.643,0.32771,8.748,25.977,120.41,1.2897,74.701,24.29,2.3227,52.883,4.8269,228.58,0.01903,0.83011,65.415,19.164,44.1
532,2026-04-29T02:33:00,49.534,19.901,26.653,32.22,40.809,2713.7,3658.5,16.088,18.332,22.401,0.20355,0.089507,341.92,77.501,7.0405,13.846,31.688,4483.7,23.828,45.456,50.209,79.832,2.3096,1.6851,3110.0,41.994,53.46,94.785,9.4269,62.061,38.716,42.026,2643.1,63.594,24.977,46.599,0.35834,8.8632,26.651,120.4,1.3812,75.841,24.743,2.3178,52.883,4.7878,229.08,0.01903,0.83011,65.4,19.157,44.1
533,2026-04-29T02:36:00,48.216,19.683,27.067,32.22,41.842,2716.2,3688.7,19.977,18.332,22.798,0.20576,0.089507,341.8,77.533,7.0405,13.846,31.688,4507.2,22.175,42.406,51.951,80.227,2.3096,1.6851,3111.1,41.82,53.178,94.442,9.2958,60.201,43.842,42.039,2645.4,63.074,25.269,46.85,0.35823,8.8632,26.651,120.44,1.3812,75.396,24.743,2.3178,52.883,4.7878,226.2,0.01903,0.83011,65.462,19.157,44.1
534,2026-04-29T02:39:00,49.89,28.968,26.653,33.184,40.254,2714.7,3616.8,18.402,18.566,22.186,0.29582,0.089507,341.4,77.282,6.7904,13.826,32.342,4487.6,22.842,46.28,49.015,80.071,2.2509,1.6888,3111.9,42.389,53.367,94.763,9.2195,63.565,35.2,40.224,2643.6,62.243,27.023,46.69,0.337,9.1033,26.532,120.36,1.1868,75.569,24.51,2.2598,52.883,4.7399,227.88,0.01903,0.83011,65.535,18.479,44.1
535,2026-04-29T02:42:00,49.796,29.059,26.725,33.184,41.211,2715.3,3628.4,17.513,18.566,22.442,0.29491,0.112,342.22,77.084,6.7904,13.826,32.342,4484.2,23.222,46.062,51.555,79.955,2.2509,1.6888,3110.9,42.414,53.408,94.627,9.346,60.993,42.675,40.222,2643.6,62.043,26.804,46.563,0.33702,9.1033,26.532,120.42,1.1868,75.026,24.51,2.2598,53.214,4.7399,227.92,0.013653,0.8586,65.567,18.479,43.76
536,2026-04-29T02:45:00,48.054,22.864,27.113,32.518,40.256,2714.5,3654.5,18.89,18.324,22.615,0.23502,0.112,341.86,77.014,6.7164,13.842,32.131,4533.2,22.652,42.031,49.275,79.797,2.264,1.6656,3110.9,41.986,54.477,94.757,9.5042,60.814,35.967,39.84,2643.1,63.757,25.292,46.522,0.33586,9.0671,26.749,120.38,1.2954,75.138,24.355,2.27,53.214,4.8304,227.75,0.013653,0.8586,65.518,18.639,43.76
537,2026-04-29T02:48:00,49.053,23.139,26.738,32.518,41.489,2713.2,3675.5,19.008,18.324,22.295,0.23223,0.112,342.13,76.829,6.7164,13.842,32.131,4566.2,22.613,44.341,50.709,79.683,2.264,1.6656,3109.6,42.607,54.082,94.633,9.3279,61.581,40.188,39.603,2641.6,63.395,25.18,46.517,0.3378,9.0671,26.749,120.41,1.2954,74.703,24.355,2.27,53.214,4.8304,227.23,0.013653,0.8586,65.465,18.639,43.76
538,2026-04-29T02:51:00,51.853,25.141,26.838,32.708,41.13,2710.9,3673.1,16.155,18.055,22.341,0.25176,0.112,341.77,76.858,6.855,13.857,32.236,4539.9,23.828,50.821,50.556,79.475,2.2491,1.6385,3108.3,42.288,54.04,94.56,9.3498,61.428,39.736,40.005,2639.3,64.207,26.689,46.424,0.33813,8.799,26.345,120.42,1.1279,75.285,24.621,2.3302,53.214,4.7532,227.73,0.013653,0.8586,65.378,18.664,43.76
539,2026-04-29T02:54:00,51.114,25.034,26.81,32.708,41.708,2712.5,3684.0,16.361,18.055,22.423,0.25286,0.112,341.38,76.947,6.855,13.857,32.236,4523.0,23.739,49.111,50.318,79.683,2.2491,1.6385,3109.0,42.303,54.243,94.551,9.4789,61.434,39.036,40.026,2641.2,64.019,26.725,46.411,0.33796,8.799,26.345,120.4,1.1279,75.548,24.621,2.3302,53.214,4.7532,227.34,0.013653,0.8586,65.329,18.664,43.76
540,2026-04-29T02:57:00,50.494,24.082,27.276,33.028,41.773,2713.2,3635.6,16.646,18.336,22.724,0.2423,0.09423,341.79,77.356,6.8438,13.786,31.712,4576.5,23.604,47.677,50.2,79.892,2.2424,1.6399,3110.4,42.204,53.563,94.449,9.2625,61.405,38.689,39.961,2642.8,63.727,25.27,47.021,0.34207,8.8781,26.619,120.42,1.187,75.276,23.843,2.1747,53.257,4.7645,228.28,0.016415,0.83765,65.369,18.937,44.176
541,2026-04-29T03:00:00,51.231,23.966,26.802,33.028,40.789,2713.3,3666.3,18.981,18.336,22.2,0.24348,0.09423,341.55,77.243,6.8438,13.786,31.712,4530.9,22.615,49.382,50.97,80.028,2.2424,1.6399,3110.4,42.604,54.108,94.519,9.3885,58.994,40.954,40.537,2642.5,63.199,26.396,47.248,0.33736,8.8781,26.619,120.38,1.187,75.986,23.843,2.1747,53.257,4.7645,228.72,0.016415,0.83765,65.481,18.937,44.176
542,2026-04-29T03:03:00,50.142,29.228,26.837,33.474,41.584,2713.3,3673.8,17.252,18.281,22.19,0.29577,0.09423,341.13,77.081,6.8933,13.85,32.603,4502.9,23.346,46.863,48.977,79.977,2.2787,1.6405,3111.5,42.527,53.769,94.49,9.4073,60.578,35.089,39.62,2642.6,63.199,23.346,47.393,0.32939,9.0576,26.77,120.42,1.358,75.525,24.565,2.2861,53.257,4.7418,230.05,0.016415,0.83765,65.568,18.503,44.176
543,2026-04-29T03:06:00,49.369,29.062,27.083,33.474,41.122,2714.5,3696.2,18.471,18.281,22.701,0.29746,0.09423,341.55,77.114,6.8933,13.85,32.603,4509.4,22.836,45.074,50.738,79.872,2.2787,1.6405,3110.4,42.215,53.692,94.559,9.2886,62.001,40.273,39.397,2643.3,62.814,25.485,47.559,0.33122,9.0576,26.77,120.38,1.358,75.217,24.565,2.2861,53.257,4.7418,231.18,0.016415,0.83765,65.576,18.503,44.176
544,2026-04-29T03:09:00,50.457,20.607,26.922,32.783,41.361,2713.4,3658.1,16.735,17.637,22.595,0.21171,0.09423,341.79,77.075,6.7934,13.763,32.387,4543.9,23.567,47.592,51.668,79.917,2.2537,1.6965,3109.3,42.214,54.353,94.518,9.3336,60.547,43.009,40.616,2642.0,63.048,26.285,47.799,0.33504,8.7802,26.686,120.4,1.2043,75.668,24.525,2.3697,53.257,4.7402,231.45,0.016415,0.83765,65.585,18.71,44.176
545,2026-04-29T03:12:00,49.743,20.539,27.171,32.783,41.161,2713.1,3691.6,18.588,17.637,22.572,0.21239,0.10365,341.66,77.304,6.7934,13.763,32.387,4513.2,22.773,45.94,50.706,80.062,2.2537,1.6965,3108.7,41.729,54.72,94.59,9.2255,63.937,40.177,39.813,2642.8,62.472,25.477,47.659,0.34163,8.7802,26.686,120.4,1.2043,75.842,24.525,2.3697,52.771,4.7402,230.19,0.014053,0.85923,65.65,18.71,43.43
546,2026-04-29T03:15:00,48.778,22.588,26.645,32.888,41.85,2711.6,3735.9,20.604,18.047,22.169,0.22694,0.10365,341.27,76.73,6.8936,13.731,31.85,4519.2,21.94,43.706,50.916,79.979,2.2544,1.6673,3108.0,42.373,54.17,94.545,9.3116,59.611,40.797,38.895,2640.1,62.622,23.734,47.554,0.32993,8.8029,27.112,120.41,1.1737,75.586,23.987,2.2726,52.771,4.8064,231.77,0.014053,0.85923,65.666,18.494,43.43
547,2026-04-29T03:18:00,51.907,22.341,27.114,32.888,40.83,2706.3,3704.4,17.758,18.047,22.177,0.22945,0.10365,341.1,76.458,6.8936,13.731,31.85,4528.5,23.165,50.947,49.84,79.507,2.2544,1.6673,3104.8,42.743,54.059,94.613,9.3493,59.389,37.629,38.94,2634.3,63.165,25.946,47.738,0.32956,8.8029,27.112,120.39,1.1737,74.333,23.987,2.2726,52.771,4.8064,230.17,0.014053,0.85923,65.603,18.494,43.43
548,2026-04-29T03:21:00,50.789,27.729,26.713,32.926,41.467,2707.8,3659.5,17.308,17.88,22.363,0.27993,0.10365,340.76,77.07,6.939,13.727,31.971,4548.4,23.343,48.359,50.564,79.614,2.2516,1.6023,3106.2,42.32,54.378,94.671,9.3299,60.438,39.758,38.059,2637.4,63.095,26.081,47.325,0.3289,8.8314,26.851,120.4,1.0676,75.023,24.357,2.2893,52.771,4.8243,235.36,0.014053,0.85923,65.539,17.926,43.43
549,2026-04-29T03:24:00,49.047,27.727,26.682,32.926,40.677,2710.4,3642.5,15.97,17.88,22.189,0.27995,0.10365,341.28,76.905,6.939,13.727,31.971,4541.3,23.914,44.328,50.972,79.766,2.2516,1.6023,3107.4,42.605,54.463,94.584,9.3516,61.991,40.959,38.253,2639.0,63.388,26.032,47.521,0.32731,8.8314,26.851,120.39,1.0676,74.581,24.357,2.2893,52.771,4.8243,233.65,0.014053,0.85923,65.513,17.926,43.43
550,2026-04-29T03:27:00,47.971,26.869,26.668,32.606,41.046,2713.3,3664.3,17.231,19.125,22.218,0.27103,0.092076,340.94,77.45,6.7516,13.78,31.762,4630.1,23.361,41.838,49.426,80.007,2.247,1.6474,3111.3,42.539,54.891,94.625,9.2086,63.428,36.412,38.731,2641.7,62.58,24.529,48.067,0.32138,9.1509,26.22,120.41,1.1635,75.194,24.174,2.2533,52.868,4.7348,234.42,0.037655,0.84263,65.598,18.66,43.499
551,2026-04-29T03:30:00,49.161,26.715,26.763,32.606,41.108,2713.6,3632.7,18.341,19.125,22.067,0.27259,0.092076,340.94,77.154,6.7516,13.78,31.762,4594.6,22.899,44.593,51.018,80.042,2.247,1.6474,3111.3,42.343,55.315,94.53,9.4038,60.376,41.095,38.288,2641.4,63.124,24.98,48.347,0.32501,9.1509,26.22,120.4,1.1635,74.403,24.174,2.2533,52.868,4.7348,234.5,0.037655,0.84263,65.697,18.66,43.499
552,2026-04-29T03:33:00,50.684,29.234,26.903,32.46,41.71,2714.7,3683.3,16.721,18.434,22.143,0.29409,0.092076,340.92,77.436,7.1294,13.84,32.344,4537.9,23.571,48.117,51.058,80.087,2.2343,1.6679,3112.4,42.283,54.273,94.561,9.3458,61.462,41.214,38.81,2643.1,63.932,23.392,48.547,0.33149,8.7959,26.405,120.43,0.9926,75.892,24.236,2.207,52.868,4.7442,235.43,0.037655,0.84263,65.73,18.373,43.499
553,2026-04-29T03:36:00,50.473,29.134,27.071,32.46,41.5,2713.6,3700.8,22.089,18.434,22.131,0.2951,0.092076,340.26,77.177,7.1294,13.84,32.344,4532.1,21.308,47.628,48.139,80.176,2.2343,1.6679,3112.0,42.366,54.343,94.307,9.2999,60.298,32.624,39.027,2642.1,63.631,24.264,48.758,0.32971,8.7959,26.405,120.41,0.9926,75.36,24.236,2.207,52.868,4.7442,236.2,0.037655,0.84263,65.838,18.373,43.499
554,2026-04-29T03:39:00,50.939,23.603,26.877,32.096,40.936,2710.5,3602.6,22.939,18.361,22.243,0.24172,0.092076,340.82,77.361,6.676,13.844,31.781,4564.9,20.949,48.707,50.778,79.96,2.2406,1.6691,3107.8,42.687,54.698,94.733,9.2197,60.271,40.388,39.958,2638.7,61.953,24.368,49.0,0.33518,9.0679,26.595,120.39,1.0923,75.819,24.037,2.2393,52.868,4.8807,236.62,0.037655,0.84263,65.856,19.038,43.499
555,2026-04-29T03:42:00,51.707,23.845,26.779,32.096,39.965,2708.9,3574.0,19.264,18.361,22.001,0.23926,0.10331,340.67,76.922,6.676,13.844,31.781,4551.5,22.509,50.486,51.064,79.937,2.2406,1.6691,3106.1,42.213,54.859,94.808,9.4374,60.001,41.23,39.9,2637.3,62.444,26.095,48.916,0.33565,9.0679,26.595,120.35,1.0923,75.61,24.037,2.2393,54.252,4.8807,236.27,0.039938,0.82779,65.867,19.038,43.709
556,2026-04-29T03:45:00,49.726,29.1,26.797,32.221,41.568,2708.5,3753.6,17.704,18.882,22.063,0.29735,0.10331,340.27,76.976,7.0092,13.901,31.874,4526.6,23.169,45.899,49.508,79.877,2.239,1.6884,3107.4,42.097,53.537,94.678,9.2475,62.212,36.652,40.351,2636.9,63.31,24.93,49.016,0.33307,8.991,26.58,120.43,1.2281,74.53,24.032,2.3277,54.252,4.8894,236.35,0.039938,0.82779,65.851,18.85,43.709
557,2026-04-29T03:48:00,50.43,29.206,26.9,32.221,40.166,2705.9,3710.9,20.38,18.882,21.906,0.29628,0.10331,340.45,76.869,7.0092,13.901,31.874,4476.3,22.051,47.53,48.574,79.823,2.239,1.6884,3104.8,42.435,54.139,94.46,9.325,60.241,33.903,39.968,2634.4,64.045,25.434,49.182,0.33621,8.991,26.58,120.41,1.2281,74.341,24.032,2.3277,54.252,4.8894,235.72,0.039938,0.82779,65.818,18.85,43.709
558,2026-04-29T03:51:00,50.26,28.758,26.536,32.475,41.277,2703.3,3631.3,19.598,19.121,21.697,0.29035,0.10331,340.69,77.011,6.7986,13.893,32.128,4515.8,22.383,47.136,50.817,79.75,2.2396,1.6661,3101.6,42.259,54.098,94.619,9.2056,61.564,40.503,40.497,2631.5,62.53,25.788,49.113,0.34489,8.9191,26.697,120.41,1.2845,74.412,24.311,2.3888,54.252,4.7708,237.72,0.039938,0.82779,65.822,19.051,43.709
559,2026-04-29T03:54:00,50.393,28.673,26.588,32.475,40.337,2704.8,3663.0,17.407,19.121,22.023,0.29121,0.10331,340.36,77.422,6.7986,13.893,32.128,4487.9,23.293,47.443,47.295,79.964,2.2396,1.6661,3101.2,42.142,54.432,94.804,9.1799,61.437,30.141,41.423,2633.2,61.984,26.859,49.008,0.3373,8.9191,26.697,120.39,1.2845,75.434,24.311,2.3888,54.252,4.7708,240.12,0.039938,0.82779,65.822,19.051,43.709
560,2026-04-29T03:57:00,49.502,26.584,26.934,32.799,41.699,2705.7,3702.6,21.224,18.844,22.07,0.26718,0.11181,340.31,77.315,6.9506,13.803,31.964,4515.1,21.684,45.381,49.544,80.101,2.2699,1.6675,3102.4,41.681,53.584,94.552,9.4429,58.367,36.757,40.81,2634.2,63.129,24.16,49.066,0.34148,8.7465,26.227,120.42,1.3865,75.228,23.622,2.2088,53.067,4.7973,236.37,0.0068892,0.85232,65.867,18.979,44.044
561,2026-04-29T04:00:00,50.526,26.467,27.183,32.799,40.354,2702.8,3699.2,17.265,18.844,22.297,0.26837,0.11181,340.01,77.289,6.9506,13.803,31.964,4526.6,23.351,47.751,49.943,80.113,2.2699,1.6675,3101.9,42.038,53.446,94.616,9.2396,61.241,37.931,40.826,2631.6,63.188,24.649,49.004,0.34135,8.7465,26.227,120.4,1.3865,75.417,23.622,2.2088,53.067,4.7973,236.37,0.0068892,0.85232,65.93,18.979,44.044
562,2026-04-29T04:03:00,50.437,28.165,26.704,32.666,41.403,2700.6,3676.0,19.514,18.535,21.715,0.28584,0.11181,339.74,76.81,6.9808,13.985,32.167,4482.1,22.422,47.545,50.904,79.968,2.2742,1.6322,3099.2,42.528,54.116,94.571,9.2417,61.782,40.76,39.735,2629.1,62.261,26.469,49.114,0.33082,8.8887,25.766,120.4,1.1412,75.63,24.036,2.2693,53.067,4.7757,234.43,0.0068892,0.85232,65.957,18.785,44.044
563,2026-04-29T04:06:00,48.758,28.124,27.072,32.666,40.999,2700.5,3631.5,18.711,18.535,22.101,0.28625,0.11181,340.23,76.784,6.9808,13.985,32.167,4496.4,22.765,43.66,49.987,79.913,2.2742,1.6322,3098.1,42.676,53.945,94.801,9.2806,60.836,38.062,39.618,2628.7,63.027,26.639,48.741,0.33177,8.8887,25.766,120.38,1.1412,74.49,24.036,2.2693,53.067,4.7757,237.95,0.0068892,0.85232,65.904,18.785,44.044
564,2026-04-29T04:09:00,48.925,26.335,26.918,32.996,40.881,2701.9,3648.3,18.325,18.709,22.177,0.26763,0.11181,340.02,77.76,6.8825,13.875,32.584,4527.9,22.894,44.046,49.672,80.185,2.2865,1.6405,3098.3,42.324,54.026,94.561,9.2825,60.56,37.136,42.063,2630.1,62.395,25.081,48.8,0.35254,9.0578,26.433,120.4,1.4084,75.161,23.65,2.1957,53.067,4.8963,236.62,0.0068892,0.85232,65.912,19.224,44.044
565,2026-04-29T04:12:00,50.862,26.372,27.025,32.996,41.3,2701.5,3615.6,17.624,18.709,21.864,0.26725,0.097092,340.03,77.11,6.8825,13.875,32.584,4523.8,23.198,48.53,50.341,80.316,2.2865,1.6405,3100.3,42.075,54.074,94.921,9.3352,59.91,39.104,42.078,2629.5,62.957,24.128,49.328,0.35242,9.0578,26.433,120.41,1.4084,74.857,23.65,2.1957,53.188,4.8963,237.09,0.013065,0.84043,65.981,19.224,43.837
566,2026-04-29T04:15:00,50.597,22.429,26.631,33.22,41.051,2699.3,3647.7,18.909,19.015,21.911,0.22286,0.097092,339.91,77.227,6.7155,13.818,32.301,4475.1,22.655,47.916,50.374,80.269,2.2552,1.6325,3097.1,42.024,53.543,94.494,9.2849,58.958,39.201,40.48,2627.8,63.219,23.839,49.474,0.34271,8.8369,26.445,120.4,1.2589,75.1,24.251,2.277,53.188,4.8658,237.78,0.013065,0.84043,66.054,19.081,43.837
567,2026-04-29T04:18:00,49.819,22.13,27.065,33.22,40.449,2696.9,3639.8,15.76,19.015,21.656,0.2259,0.097092,339.92,77.163,6.7155,13.818,32.301,4473.3,23.981,46.115,51.294,80.145,2.2552,1.6325,3095.2,42.297,53.564,94.966,9.2849,60.546,41.907,40.702,2625.0,63.355,26.091,49.448,0.34089,8.8369,26.445,120.38,1.2589,75.54,24.251,2.277,53.188,4.8658,240.44,0.013065,0.84043,66.079,19.081,43.837
568,2026-04-29T04:21:00,50.413,24.499,27.1,32.962,41.678,2696.7,3711.9,19.764,18.635,21.799,0.25117,0.097092,339.43,77.34,6.7551,13.907,32.055,4495.7,22.288,47.49,49.785,80.249,2.2878,1.6207,3096.0,42.426,53.582,94.465,9.3894,59.291,37.466,39.798,2625.0,63.658,23.685,49.984,0.33596,8.9539,26.012,120.43,1.3697,74.895,23.807,2.3898,53.188,4.8143,236.76,0.013065,0.84043,66.101,19.0,43.837
569,2026-04-29T04:24:00,49.984,24.683,26.617,32.962,40.337,2693.5,3679.4,20.672,18.635,21.349,0.2493,0.097092,339.42,76.698,6.7551,13.907,32.055,4465.2,21.928,46.497,50.625,80.082,2.2878,1.6207,3093.4,42.098,53.948,94.624,9.3036,62.196,39.938,39.918,2621.4,64.218,25.152,50.002,0.33497,8.9539,26.012,120.38,1.3697,74.639,23.807,2.3898,53.188,4.8143,238.89,0.013065,0.84043,66.124,19.0,43.837
570,2026-04-29T04:27:00,50.596,26.869,26.656,32.412,41.206,2690.3,3708.8,19.105,18.75,21.048,0.27495,0.10419,339.15,76.832,6.834,13.774,32.268,4475.8,22.602,47.913,51.271,79.836,2.3221,1.6574,3090.6,42.828,53.976,94.669,9.3584,59.981,41.842,41.016,2618.4,63.502,25.813,49.986,0.34598,8.9224,25.865,120.42,1.2127,75.705,23.36,2.338,53.994,4.8472,238.26,0.0073777,0.86136,66.055,18.759,44.296
571,2026-04-29T04:30:00,50.623,27.062,26.832,32.412,40.532,2692.4,3704.1,17.274,18.75,21.615,0.27299,0.10419,339.05,77.34,6.834,13.774,32.268,4495.3,23.357,47.976,51.839,80.102,2.3221,1.6574,3091.5,42.703,53.742,94.572,9.3843,60.191,43.512,41.169,2621.1,63.583,26.412,49.826,0.34473,8.9224,25.865,120.37,1.2127,75.337,23.36,2.338,53.994,4.8472,241.06,0.0073777,0.86136,66.017,18.759,44.296
572,2026-04-29T04:33:00,49.358,24.921,27.042,33.083,41.311,2693.4,3690.2,18.154,19.076,21.598,0.25402,0.10419,338.74,77.351,6.9204,13.914,32.193,4512.1,22.981,45.049,50.627,80.294,2.2694,1.6519,3093.2,42.056,54.116,94.64,9.383,61.569,39.947,39.31,2621.5,63.214,26.531,50.031,0.33104,8.9472,26.546,120.41,1.241,74.126,23.621,2.2875,53.994,4.8447,239.69,0.0073777,0.86136,66.08,18.677,44.296
573,2026-04-29T04:36:00,51.399,24.99,26.583,33.083,41.343,2695.0,3671.7,17.269,19.076,21.116,0.25331,0.10419,338.9,77.511,6.9204,13.914,32.193,4512.4,23.339,49.772,50.647,80.538,2.2694,1.6519,3095.1,42.159,54.112,94.516,9.2465,62.974,40.004,39.632,2623.3,63.532,23.15,50.088,0.3284,8.9472,26.546,120.42,1.241,74.01,23.621,2.2875,53.994,4.8447,239.94,0.0073777,0.86136,66.158,18.677,44.296
574,2026-04-29T04:39:00,48.874,25.711,27.284,32.557,40.732,2693.3,3639.1,18.585,19.343,21.224,0.2597,0.10419,338.73,77.22,6.8941,13.932,31.924,4535.2,22.787,43.927,47.762,80.524,2.2922,1.626,3095.2,42.138,54.049,94.638,9.2667,60.23,31.515,41.25,2621.4,63.339,24.829,50.047,0.34622,8.9724,25.954,120.39,1.4127,75.481,23.708,2.2805,53.994,4.8773,241.26,0.0073777,0.86136,66.255,19.269,44.296
575,2026-04-29T04:42:00,50.363,25.589,27.271,32.557,41.421,2691.8,3715.8,17.439,19.343,21.262,0.26094,0.096952,338.13,77.025,6.8941,13.932,31.924,4514.7,23.279,47.375,47.981,80.324,2.2922,1.626,3093.2,42.556,54.295,94.567,9.3695,59.02,32.157,41.758,2619.5,62.018,24.739,50.569,0.34205,8.9724,25.954,120.42,1.4127,74.129,23.708,2.2805,53.729,4.8773,242.56,0.0039173,0.82727,66.291,19.269,44.769
576,2026-04-29T04:45:00,50.352,28.423,27.27,32.886,40.598,2691.9,3649.8,19.849,19.347,21.396,0.28674,0.096952,338.52,77.331,6.8937,14.038,32.097,4457.6,22.253,47.349,49.791,80.371,2.3119,1.607,3092.6,42.403,53.493,94.744,9.2667,63.679,37.484,41.795,2619.9,63.36,24.586,50.755,0.34686,8.9678,26.219,120.37,1.3946,74.931,23.269,2.2742,53.729,4.9344,244.1,0.0039173,0.82727,66.295,19.37,44.769
577,2026-04-29T04:48:00,50.582,28.12,27.08,32.886,41.936,2691.4,3652.1,17.243,19.347,21.12,0.28982,0.096952,338.33,77.329,6.8937,14.038,32.097,4490.1,23.354,47.88,48.829,80.312,2.3119,1.607,3092.5,42.455,53.103,94.624,9.3407,61.884,34.655,42.035,2619.7,63.322,23.118,51.116,0.34489,8.9678,26.219,120.42,1.3946,74.223,23.269,2.2742,53.729,4.9344,243.65,0.0039173,0.82727,66.306,19.37,44.769
578,2026-04-29T04:51:00,49.873,26.767,26.82,32.963,40.428,2692.5,3662.8,16.387,18.944,21.243,0.27396,0.096952,338.75,77.593,6.8607,13.778,32.071,4478.7,23.701,46.241,50.471,80.47,2.2801,1.6422,3093.2,42.432,52.902,94.768,9.2739,62.464,39.485,43.056,2620.2,63.131,24.627,51.331,0.36176,8.8555,26.486,120.38,1.2452,74.477,23.019,2.2385,53.729,4.9127,244.83,0.0039173,0.82727,66.324,19.351,44.769
579,2026-04-29T04:54:00,50.971,26.816,26.764,32.963,41.638,2693.2,3650.4,17.014,18.944,21.151,0.27346,0.096952,338.68,77.615,6.8607,13.778,32.071,4483.7,23.426,48.782,48.61,80.581,2.2801,1.6422,3094.0,42.365,52.842,94.508,9.213,62.098,34.009,43.45,2621.0,63.344,25.467,51.756,0.35853,8.8555,26.486,120.41,1.2452,74.663,23.019,2.2385,53.729,4.9127,243.59,0.0039173,0.82727,66.429,19.351,44.769
580,2026-04-29T04:57:00,50.683,27.107,27.015,32.883,41.113,2692.6,3676.0,14.398,18.579,21.23,0.27766,0.11335,338.91,77.114,6.7433,13.913,32.045,4449.2,24.541,48.114,51.635,80.473,2.2277,1.6658,3093.3,42.458,53.203,94.701,9.2947,61.306,42.912,39.551,2620.7,63.197,25.535,51.296,0.33453,8.9237,25.976,120.38,1.2737,75.879,23.73,2.3284,53.558,4.9416,242.64,0.031885,0.83549,66.463,19.371,44.334
581,2026-04-29T05:00:00,49.423,27.012,26.602,32.883,41.8,2692.0,3648.0,14.725,18.579,21.032,0.27863,0.11335,339.4,77.133,6.7433,13.913,32.045,4417.4,24.404,45.199,50.626,80.338,2.2277,1.6658,3091.8,42.243,53.583,94.567,9.3873,62.42,39.942,40.017,2620.1,63.678,25.314,51.143,0.33071,8.9237,25.976,120.4,1.2737,75.218,23.73,2.3284,53.558,4.9416,243.7,0.031885,0.83549,66.429,19.371,44.334
582,2026-04-29T05:03:00,49.716,27.539,27.117,33.035,40.271,2690.7,3666.1,18.323,18.746,21.294,0.2809,0.11335,339.03,77.291,6.8675,13.843,32.411,4500.3,22.883,45.877,48.516,80.29,2.2786,1.6728,3091.7,42.435,52.444,94.573,9.2056,64.669,33.732,41.657,2618.0,64.473,24.296,51.113,0.34716,9.1737,26.075,120.38,1.3532,75.968,23.585,2.3402,53.558,4.8761,243.41,0.031885,0.83549,66.417,19.598,44.334
583,2026-04-29T05:06:00,48.798,27.458,27.201,33.035,41.984,2691.2,3736.6,16.747,18.746,21.494,0.28173,0.11335,339.19,77.18,6.8675,13.843,32.411,4446.7,23.553,43.752,49.872,80.349,2.2786,1.6728,3091.0,42.371,53.086,94.433,9.3558,61.694,37.724,41.899,2619.0,63.259,25.121,51.14,0.34518,9.1737,26.075,120.42,1.3532,74.491,23.585,2.3402,53.558,4.8761,242.51,0.031885,0.83549,66.392,19.598,44.334
584,2026-04-29T05:09:00,49.667,24.252,27.108,32.704,40.904,2690.3,3695.7,20.527,19.02,21.743,0.2427,0.11335,339.44,77.258,6.9247,13.869,32.184,4429.3,21.956,45.764,49.373,80.363,2.328,1.6629,3088.3,42.264,52.618,94.638,9.1946,62.257,36.256,40.876,2618.4,62.947,23.082,51.098,0.33869,8.848,26.143,120.42,1.1967,75.128,23.605,2.3804,53.558,4.9515,242.38,0.031885,0.83549,66.375,18.763,44.334
585,2026-04-29T05:12:00,49.944,24.108,26.915,32.704,41.061,2690.1,3671.0,17.104,19.02,21.576,0.24417,0.082082,339.77,77.284,6.9247,13.869,32.184,4411.9,23.393,46.404,51.982,80.448,2.328,1.6629,3089.0,42.529,52.826,94.55,9.2696,64.588,43.933,40.451,2618.7,63.37,24.963,51.105,0.34218,8.848,26.143,120.4,1.1967,74.815,23.605,2.3804,54.716,4.9515,243.94,-0.0039161,0.83518,66.398,18.763,44.01
586,2026-04-29T05:15:00,50.53,26.114,26.957,32.734,41.16,2690.8,3703.5,17.603,19.048,21.336,0.26543,0.082082,339.6,77.128,7.1679,13.735,32.568,4486.5,23.188,47.761,50.576,80.385,2.2926,1.6426,3090.2,42.367,53.913,94.614,9.4556,60.577,39.796,41.481,2619.1,62.296,25.33,51.106,0.34001,8.9585,25.995,120.39,1.1657,73.915,23.738,2.2681,54.716,4.7889,244.28,-0.0039161,0.83518,66.415,18.836,44.01
587,2026-04-29T05:18:00,50.991,26.314,26.636,32.734,40.877,2692.0,3666.2,18.487,19.048,21.586,0.2634,0.082082,340.1,77.208,7.1679,13.735,32.568,4505.2,22.819,48.827,51.586,80.275,2.2926,1.6426,3090.2,42.39,53.688,94.65,9.3587,60.486,42.767,41.151,2620.7,62.939,27.751,51.223,0.34272,8.9585,25.995,120.41,1.1657,73.997,23.738,2.2681,54.716,4.7889,243.37,-0.0039161,0.83518,66.367,18.836,44.01
588,2026-04-29T05:21:00,50.655,22.452,26.815,33.134,41.139,2694.2,3572.1,18.906,18.677,21.678,0.22448,0.082082,339.89,77.668,6.9329,13.99,32.078,4464.9,22.623,48.051,51.289,80.387,2.309,1.6831,3092.1,42.461,53.99,94.667,9.3033,64.735,41.893,39.252,2622.0,62.269,24.989,51.246,0.32864,9.1,26.156,120.39,1.1875,74.183,23.462,2.4281,54.716,5.0086,243.51,-0.0039161,0.83518,66.345,18.506,44.01
589,2026-04-29T05:24:00,48.784,22.346,26.878,33.134,40.533,2696.6,3588.6,15.423,18.677,21.853,0.22556,0.082082,340.35,77.362,6.9329,13.99,32.078,4465.2,24.096,43.719,49.515,80.379,2.309,1.6831,3093.9,42.238,53.986,94.937,9.3559,61.404,36.671,39.205,2624.6,61.985,27.012,51.365,0.32902,9.1,26.156,120.39,1.1875,74.109,23.462,2.4281,54.716,5.0086,242.55,-0.0039161,0.83518,66.367,18.506,44.01
590,2026-04-29T05:27:00,48.387,26.739,27.075,32.924,40.62,2701.1,3663.2,19.447,19.261,21.964,0.27289,0.098388,340.58,77.825,6.9687,13.811,32.148,4513.1,22.38,42.801,51.033,80.57,2.2906,1.6284,3099.7,42.766,54.241,94.684,9.3282,61.19,41.14,42.295,2630.2,62.605,24.828,51.295,0.36003,8.9275,26.12,120.4,1.3804,75.07,23.349,2.2837,53.301,4.9293,243.6,0.032184,0.82558,66.411,18.775,44.116
591,2026-04-29T05:30:00,50.559,26.763,27.16,32.924,40.666,2703.2,3648.1,17.424,19.261,21.903,0.27264,0.098388,340.49,77.481,6.9687,13.811,32.148,4489.7,23.233,47.827,48.923,80.577,2.2906,1.6284,3102.5,41.875,54.52,94.626,9.4507,61.896,34.929,42.711,2630.7,62.865,24.227,51.243,0.35662,8.9275,26.12,120.39,1.3804,74.854,23.349,2.2837,53.301,4.9293,244.49,0.032184,0.82558,66.429,18.775,44.116
592,2026-04-29T05:33:00,49.152,26.372,26.555,32.837,40.859,2704.2,3677.7,16.201,18.505,21.648,0.26468,0.098388,340.78,77.482,6.8152,13.981,32.558,4473.0,23.745,44.571,49.596,80.444,2.2247,1.6648,3102.4,42.438,54.083,94.496,9.4343,62.667,36.912,40.435,2632.3,61.977,25.562,51.238,0.33696,9.0371,26.252,120.38,1.2964,74.898,23.511,2.2237,53.301,4.9326,244.84,0.032184,0.82558,66.446,18.661,44.116
593,2026-04-29T05:36:00,49.426,26.361,27.247,32.837,41.633,2704.1,3678.4,19.66,18.505,22.121,0.26479,0.098388,341.41,77.293,6.8152,13.981,32.558,4488.0,22.293,45.205,50.188,80.28,2.2247,1.6648,3102.5,42.511,53.903,94.708,9.5203,61.443,38.652,40.423,2632.5,61.964,24.508,51.527,0.33706,9.0371,26.252,120.4,1.2964,74.588,23.511,2.2237,53.301,4.9326,241.92,0.032184,0.82558,66.413,18.661,44.116
594,2026-04-29T05:39:00,50.443,22.062,27.021,32.586,41.195,2701.2,3687.6,18.444,19.044,21.603,0.22561,0.098388,341.08,76.98,6.7956,13.77,32.469,4535.3,22.822,47.56,50.916,79.99,2.2424,1.6439,3101.6,42.025,53.627,94.508,9.5145,60.587,40.794,42.264,2629.6,63.144,26.051,51.489,0.36007,8.7888,26.621,120.39,1.1801,75.43,23.825,2.3292,53.301,5.0366,242.74,0.032184,0.82558,66.325,18.607,44.116
595,2026-04-29T05:42:00,50.117,22.145,26.812,32.586,41.254,2704.2,3680.2,16.919,19.044,22.32,0.22477,0.10116,341.8,77.732,6.7956,13.77,32.469,4546.3,23.443,46.806,49.789,80.15,2.2424,1.6439,3101.6,42.037,53.495,94.56,9.423,63.176,37.479,42.419,2632.7,63.271,25.272,51.238,0.3588,8.7888,26.621,120.42,1.1801,74.603,23.825,2.3292,54.31,5.0366,243.11,0.024018,0.82378,66.249,18.607,43.204
596,2026-04-29T05:45:00,48.807,22.776,26.991,32.958,41.606,2706.3,3704.9,16.507,18.669,22.46,0.22889,0.10116,341.79,77.233,6.7828,13.857,32.528,4529.5,23.621,43.773,49.338,80.337,2.2899,1.6786,3104.6,42.603,53.852,94.38,9.531,62.169,36.153,39.696,2635.1,63.089,23.959,51.174,0.33562,9.0116,26.151,120.43,1.3925,74.217,23.575,2.4023,54.31,4.8591,242.96,0.024018,0.82378,66.272,19.159,43.204
597,2026-04-29T05:48:00,50.071,22.677,27.179,32.958,41.809,2705.2,3675.9,21.363,18.669,22.09,0.22989,0.10116,341.27,77.378,6.7828,13.857,32.528,4507.3,21.571,46.697,48.737,80.274,2.2899,1.6786,3104.0,42.747,54.118,94.393,9.4972,61.667,34.382,39.745,2634.4,63.589,25.928,51.086,0.33521,9.0116,26.151,120.4,1.3925,74.046,23.575,2.4023,54.31,4.8591,243.07,0.024018,0.82378,66.285,19.159,43.204
598,2026-04-29T05:51:00,51.19,21.695,26.737,33.307,41.66,2703.8,3684.0,15.171,18.636,21.617,0.2221,0.10116,341.44,77.262,6.7965,13.863,32.897,4455.9,24.184,49.287,51.323,80.073,2.2375,1.6517,3102.0,42.272,53.361,94.508,9.4879,59.102,41.994,41.435,2632.3,63.649,24.903,50.979,0.34029,8.883,26.539,120.4,1.271,75.248,23.643,2.2871,54.31,4.9063,243.43,0.024018,0.82378,66.264,18.853,43.204
599,2026-04-29T05:54:00,50.137,21.788,27.065,33.307,41.405,2703.0,3698.5,16.701,18.636,21.789,0.22116,0.10116,341.57,77.034,6.7965,13.863,32.897,4424.3,23.541,46.851,50.652,80.184,2.2375,1.6517,3102.3,42.355,53.739,94.463,9.3826,63.093,40.019,40.757,2631.3,63.398,24.251,50.798,0.34585,8.883,26.539,120.4,1.271,74.777,23.643,2.2871,54.31,4.9063,244.6,0.024018,0.82378,66.248,18.853,43.204
600,2026-04-29T05:57:00,48.842,17.517,26.963,33.012,41.548,2701.2,3693.4,21.233,18.779,22.091,0.18229,0.13118,341.81,77.162,6.942,13.912,31.771,4449.5,21.636,43.853,48.12,79.996,2.2656,1.662,3099.4,42.422,54.148,94.606,9.4126,61.704,32.567,40.789,2629.7,63.454,26.076,50.622,0.34725,8.8112,26.121,120.38,1.2703,75.297,24.085,2.3715,54.044,4.8532,245.03,0.036531,0.82982,66.209,18.73,43.833
601,2026-04-29T06:00:00,50.681,17.728,26.893,33.012,40.929,2700.8,3709.6,16.261,18.779,22.269,0.18014,0.13118,342.03,77.087,6.942,13.912,31.771,4523.0,23.739,48.109,51.813,79.97,2.2656,1.662,3098.0,42.258,53.269,94.59,9.4421,61.472,43.437,40.826,2629.8,63.175,23.858,50.763,0.34695,8.8112,26.121,120.41,1.2703,74.822,24.085,2.3715,54.044,4.8532,242.33,0.036531,0.82982,66.153,18.73,43.833
602,2026-04-29T06:03:00,48.293,28.322,26.915,33.836,41.45,2704.7,3627.3,17.612,18.982,22.225,0.28722,0.13118,341.53,77.199,7.0025,13.843,32.162,4491.6,23.165,42.584,47.238,80.071,2.278,1.6887,3101.4,42.153,53.943,94.575,9.6075,62.28,29.972,41.746,2633.0,63.327,25.875,50.475,0.35106,9.0272,26.486,120.41,1.3863,74.662,24.115,2.3359,54.044,4.8197,244.45,0.036531,0.82982,66.134,18.808,43.833
603,2026-04-29T06:06:00,50.315,28.339,27.118,33.836,40.759,2705.8,3646.3,20.266,18.982,22.109,0.28704,0.13118,341.86,77.73,7.0025,13.843,32.162,4492.3,22.03,47.262,49.274,80.176,2.278,1.6887,3103.8,42.623,53.935,94.547,9.5233,62.779,35.964,41.596,2635.3,63.001,23.002,50.367,0.3523,9.0272,26.486,120.4,1.3863,74.263,24.115,2.3359,54.044,4.8197,244.53,0.036531,0.82982,66.142,18.808,43.833
604,2026-04-29T06:09:00,50.717,24.791,26.96,33.104,41.576,2709.0,3613.3,16.894,18.107,22.299,0.25211,0.13118,342.51,77.524,6.9466,13.828,32.018,4489.5,23.453,48.194,51.523,80.221,2.2906,1.6584,3104.9,42.622,53.779,94.618,9.561,62.237,42.582,40.848,2637.8,62.952,23.551,50.557,0.34382,8.9961,26.706,120.43,1.1349,75.128,23.806,2.2479,54.044,4.933,241.27,0.036531,0.82982,66.139,18.789,43.833
605,2026-04-29T06:12:00,49.544,24.943,27.214,33.104,41.189,2710.0,3690.6,17.556,18.107,22.49,0.25056,0.083098,342.05,77.524,6.9466,13.828,32.018,4518.1,23.168,45.48,51.452,80.227,2.2906,1.6584,3107.7,42.288,53.437,94.601,9.4274,61.139,42.373,40.696,2639.0,61.622,25.739,50.432,0.34507,8.9961,26.706,120.4,1.1349,74.473,23.806,2.2479,54.708,4.933,243.06,0.013307,0.84527,66.171,18.789,44.204
606,2026-04-29T06:15:00,47.985,26.379,26.661,32.922,41.356,2713.4,3662.4,17.599,18.546,22.584,0.26568,0.083098,343.28,77.641,6.9067,13.954,31.901,4537.1,23.142,41.871,50.635,80.225,2.2608,1.6663,3109.2,42.331,53.252,94.578,9.4497,63.167,39.968,40.64,2642.7,62.511,24.609,50.6,0.34254,8.9293,26.435,120.41,1.1129,74.393,23.678,2.2257,54.708,4.8508,240.71,0.013307,0.84527,66.186,18.756,44.204
607,2026-04-29T06:18:00,49.724,26.333,26.998,32.922,40.767,2715.5,3663.8,20.306,18.546,22.986,0.26615,0.083098,343.04,77.645,6.9067,13.954,31.901,4523.1,21.995,45.896,50.758,80.239,2.2608,1.6663,3111.0,42.095,53.42,94.521,9.4673,60.226,40.33,40.057,2644.6,62.486,25.162,50.46,0.34731,8.9293,26.435,120.4,1.1129,74.307,23.678,2.2257,54.708,4.8508,241.82,0.013307,0.84527,66.204,18.756,44.204
608,2026-04-29T06:21:00,49.808,27.8,26.607,32.542,41.885,2715.0,3647.7,19.486,18.482,22.477,0.27865,0.083098,343.31,77.368,6.7776,13.85,32.252,4535.4,22.348,46.09,50.786,80.085,2.2268,1.6251,3111.3,42.7,53.353,94.52,9.4062,61.549,40.412,42.122,2644.0,63.071,24.267,50.477,0.35869,8.7637,26.553,120.44,0.95838,74.544,23.752,2.2808,54.708,4.8646,241.15,0.013307,0.84527,66.168,18.552,44.204
609,2026-04-29T06:24:00,49.65,27.847,26.924,32.542,40.959,2715.2,3659.2,18.476,18.482,22.854,0.27817,0.083098,344.14,77.566,6.7776,13.85,32.252,4501.3,22.769,45.724,50.44,79.905,2.2268,1.6251,3111.0,42.568,53.762,94.546,9.3254,63.873,39.395,42.528,2643.8,62.873,24.818,50.532,0.35537,8.7637,26.553,120.41,0.95838,75.073,23.752,2.2808,54.708,4.8646,240.1,0.013307,0.84527,66.122,18.552,44.204
610,2026-04-29T06:27:00,48.501,24.253,27.014,33.212,41.596,2715.5,3713.8,19.201,18.145,22.902,0.24923,0.087658,343.75,77.218,6.9563,13.778,32.106,4542.7,22.475,43.064,49.455,79.87,2.3033,1.6764,3111.0,42.489,53.786,94.363,9.4646,60.538,36.497,40.883,2644.7,63.103,25.429,50.624,0.34708,8.8024,26.516,120.4,1.2245,74.78,24.266,2.3545,53.549,4.9122,243.15,0.0031092,0.82679,66.09,18.714,42.804
611,2026-04-29T06:30:00,49.361,23.994,26.886,33.212,41.411,2715.2,3687.9,16.018,18.145,22.752,0.25185,0.087658,344.2,77.306,6.9563,13.778,32.106,4545.8,23.818,45.056,50.095,79.796,2.3033,1.6764,3111.4,42.364,53.749,94.515,9.4453,61.709,38.38,41.065,2643.9,63.549,25.193,50.843,0.34558,8.8024,26.516,120.41,1.2245,75.283,24.266,2.3545,53.549,4.9122,242.24,0.0031092,0.82679,66.056,18.714,42.804
612,2026-04-29T06:33:00,50.757,25.971,26.981,33.03,41.2,2716.1,3666.8,16.177,18.305,23.096,0.2602,0.087658,344.48,77.407,6.8326,14.059,32.027,4535.0,23.749,48.287,50.576,79.862,2.2547,1.6158,3111.0,42.518,53.506,94.343,9.3297,62.243,39.796,39.954,2645.6,62.359,23.826,50.674,0.33868,8.909,26.714,120.38,1.1357,74.814,24.678,2.3435,53.549,4.8265,245.69,0.0031092,0.82679,66.039,18.662,42.804
613,2026-04-29T06:36:00,48.126,25.958,27.044,33.03,41.084,2716.8,3647.2,15.595,18.305,23.059,0.26033,0.087658,344.67,77.606,6.8326,14.059,32.027,4518.7,23.988,42.197,49.376,79.799,2.2547,1.6158,3111.8,42.441,53.701,94.752,9.4068,60.525,36.265,39.541,2645.4,62.696,25.552,50.873,0.34207,8.909,26.714,120.38,1.1357,75.773,24.678,2.3435,53.549,4.8265,244.99,0.0031092,0.82679,66.042,18.662,42.804
614,2026-04-29T06:39:00,48.331,26.662,26.704,33.69,41.578,2717.9,3660.8,18.7,18.195,23.236,0.27097,0.087658,345.01,76.988,6.7096,13.772,31.74,4473.0,22.698,42.67,49.55,79.847,2.287,1.64,3112.2,42.417,54.391,94.332,9.3979,61.993,36.775,43.684,2648.0,63.535,24.847,50.99,0.37104,8.9976,26.596,120.41,1.2925,75.211,24.457,2.2309,53.549,4.8676,245.22,0.0031092,0.82679,66.064,19.122,42.804
615,2026-04-29T06:42:00,50.145,26.755,26.576,33.69,41.261,2719.2,3694.2,15.268,18.195,23.185,0.27002,0.11063,345.48,77.626,6.7096,13.772,31.74,4533.2,24.128,46.869,50.07,79.787,2.287,1.64,3112.3,42.206,53.67,94.485,9.3832,63.757,38.307,43.67,2648.2,62.961,25.986,50.843,0.37116,8.9976,26.596,120.4,1.2925,75.127,24.457,2.2309,53.65,4.8676,243.12,0.016216,0.81706,66.048,19.122,43.027
616,2026-04-29T06:45:00,50.52,29.685,27.309,32.958,42.05,2720.9,3676.0,20.131,18.333,23.82,0.30202,0.11063,345.32,77.546,6.6976,13.822,32.482,4462.7,22.075,47.737,49.53,79.913,2.2602,1.6761,3114.1,42.476,53.367,94.211,9.4658,61.599,36.717,39.897,2651.6,64.459,25.442,50.607,0.34021,8.9581,26.694,120.43,1.1759,75.567,24.07,2.2769,53.65,4.7392,244.99,0.016216,0.81706,66.055,18.52,43.027
617,2026-04-29T06:48:00,49.775,29.788,26.925,32.958,41.475,2721.6,3721.1,17.091,18.333,23.188,0.30098,0.11063,345.77,77.507,6.6976,13.822,32.482,4402.3,23.352,46.014,50.248,79.942,2.2602,1.6761,3114.7,42.714,54.089,94.255,9.475,61.662,38.831,39.915,2650.7,63.682,24.344,50.55,0.34006,8.9581,26.694,120.41,1.1759,74.68,24.07,2.2769,53.65,4.7392,244.81,0.016216,0.81706,66.112,18.52,43.027
618,2026-04-29T06:51:00,51.702,22.641,27.225,33.13,41.979,2718.8,3729.3,20.182,18.243,23.349,0.23165,0.11063,345.73,77.434,7.1218,13.806,32.475,4504.5,22.048,50.472,51.427,79.896,2.2135,1.6525,3113.4,42.327,54.335,94.194,9.4343,60.021,42.3,40.523,2648.6,63.814,25.447,50.695,0.34564,8.7306,27.032,120.41,0.99684,75.678,24.265,2.3877,53.65,4.8187,242.38,0.016216,0.81706,66.118,18.582,43.027
619,2026-04-29T06:54:00,49.094,22.496,27.15,33.13,42.192,2717.9,3717.2,20.443,18.243,23.579,0.23312,0.11063,345.17,77.315,7.1218,13.806,32.475,4520.6,21.937,44.438,49.394,79.883,2.2135,1.6525,3111.4,42.409,54.142,94.355,9.3488,62.59,36.316,40.412,2647.9,64.022,24.138,50.519,0.34655,8.7306,27.032,120.4,0.99684,75.724,24.265,2.3877,53.65,4.8187,243.54,0.016216,0.81706,66.145,18.582,43.027
620,2026-04-29T06:57:00,51.56,22.341,26.876,33.036,41.044,2715.0,3623.7,17.02,18.212,23.603,0.2301,0.089246,345.85,76.876,6.8974,13.689,32.761,4501.7,23.401,50.144,48.686,79.571,2.2332,1.6423,3106.1,42.346,54.255,94.474,9.4519,62.073,34.234,40.615,2644.7,61.885,24.626,50.257,0.34134,8.994,26.559,120.36,1.2554,75.634,24.183,2.2834,54.055,4.8233,242.64,0.028983,0.80797,66.091,18.326,44.237
621,2026-04-29T07:00:00,50.536,22.423,27.172,33.036,40.875,2714.7,3589.4,17.226,18.212,23.677,0.22927,0.089246,345.9,77.037,6.8974,13.689,32.761,4545.9,23.321,47.775,50.253,79.471,2.2332,1.6423,3105.7,42.16,53.726,94.817,9.4473,60.018,38.846,40.366,2643.7,62.475,24.721,50.084,0.34338,8.994,26.559,120.35,1.2554,74.551,24.183,2.2834,54.055,4.8233,242.55,0.028983,0.80797,65.978,18.326,44.237
622,2026-04-29T07:03:00,50.282,19.56,26.895,33.639,41.527,2717.7,3699.8,19.597,18.782,23.812,0.194,0.089246,345.97,77.338,6.9691,13.865,32.634,4556.4,22.32,47.187,49.878,79.539,2.231,1.6749,3107.4,42.176,54.28,94.59,9.4468,58.966,37.741,38.856,2647.2,62.423,25.271,49.978,0.32925,8.7128,27.291,120.39,1.1957,74.768,24.18,2.3048,54.055,4.7719,241.73,0.028983,0.80797,65.919,17.941,44.237
623,2026-04-29T07:06:00,51.677,19.403,26.916,33.639,40.87,2720.1,3655.4,17.723,18.782,23.788,0.1956,0.089246,345.87,77.618,6.9691,13.865,32.634,4546.0,23.092,50.415,50.294,79.867,2.231,1.6749,3110.6,42.256,54.406,94.624,9.3928,61.84,38.965,38.846,2650.4,63.187,25.589,49.811,0.32933,8.7128,27.291,120.39,1.1957,74.34,24.18,2.3048,54.055,4.7719,241.56,0.028983,0.80797,65.92,17.941,44.237
624,2026-04-29T07:09:00,51.152,20.05,26.751,33.692,41.485,2720.7,3631.1,17.796,18.096,23.44,0.20317,0.089246,345.16,77.497,6.7327,13.561,33.0,4568.3,23.06,49.2,52.503,79.903,2.233,1.6737,3113.2,42.141,55.192,94.477,9.3091,60.515,45.467,41.323,2650.8,62.929,23.096,49.748,0.347,8.8099,26.568,120.39,1.1876,75.476,24.647,2.2231,54.055,4.7956,240.18,0.028983,0.80797,65.971,18.123,44.237
625,2026-04-29T07:12:00,49.855,19.935,26.799,33.692,41.287,2720.7,3654.2,19.399,18.096,23.608,0.20434,0.098476,344.86,77.748,6.7327,13.561,33.0,4566.5,22.375,46.198,49.357,79.899,2.233,1.6737,3114.0,42.552,55.213,94.632,9.4644,62.29,36.208,41.049,2651.3,62.53,23.038,49.38,0.34925,8.8099,26.568,120.4,1.1876,75.534,24.647,2.2231,53.96,4.7956,239.16,0.013575,0.80705,65.968,18.123,44.345
626,2026-04-29T07:15:00,49.304,15.667,27.177,33.501,41.472,2720.3,3729.2,19.495,18.048,23.242,0.16369,0.098476,344.45,77.122,6.9602,13.955,33.063,4543.0,22.349,44.922,49.545,79.888,2.2639,1.6311,3114.2,42.054,55.174,94.411,9.3554,60.452,36.761,36.983,2650.3,63.342,24.567,49.168,0.31461,8.8894,26.385,120.4,1.2365,74.925,24.432,2.3271,53.96,4.7878,238.12,0.013575,0.80705,65.966,18.206,44.345
627,2026-04-29T07:18:00,49.61,15.635,26.452,33.501,41.042,2717.2,3715.8,20.301,18.048,23.053,0.16402,0.098476,344.47,77.3,6.9602,13.955,33.063,4576.5,22.012,45.631,50.329,79.659,2.2639,1.6311,3110.4,42.548,54.774,94.548,9.3933,61.002,39.068,36.776,2646.5,63.574,25.36,48.851,0.3163,8.8894,26.385,120.41,1.2365,75.706,24.432,2.3271,53.96,4.7878,238.31,0.013575,0.80705,65.918,18.206,44.345
628,2026-04-29T07:21:00,50.945,14.431,26.678,33.302,40.827,2714.6,3673.1,18.069,18.075,23.28,0.14654,0.098476,343.96,76.959,6.7459,13.946,32.229,4595.0,22.963,48.721,49.594,79.73,2.2755,1.6493,3107.5,42.324,54.45,94.659,9.4411,60.499,36.905,42.506,2644.1,62.345,24.651,48.928,0.35493,9.0543,26.457,120.37,1.1308,75.619,24.342,2.2686,53.96,4.7869,234.1,0.013575,0.80705,65.843,18.126,44.345
629,2026-04-29T07:24:00,49.309,14.553,26.921,33.302,40.53,2712.7,3654.3,17.568,18.075,22.521,0.1453,0.098476,343.0,77.16,6.7459,13.946,32.229,4587.7,23.17,44.934,50.635,79.777,2.2755,1.6493,3108.5,42.508,54.537,94.626,9.2124,65.274,39.967,42.066,2641.7,62.669,25.482,48.425,0.35854,9.0543,26.457,120.39,1.1308,74.625,24.342,2.2686,53.96,4.7869,236.43,0.013575,0.80705,65.799,18.126,44.345
630,2026-04-29T07:27:00,49.971,21.786,26.976,33.111,41.138,2712.4,3680.6,18.549,18.393,22.337,0.22369,0.10764,342.24,77.146,6.932,13.799,32.091,4556.2,22.763,46.466,49.7,79.671,2.2209,1.6672,3109.8,42.34,55.214,94.676,9.5266,59.622,37.217,41.888,2641.0,64.124,26.115,48.262,0.35959,8.9063,26.626,120.41,1.1721,76.063,24.351,2.3098,53.196,4.9051,234.11,0.034215,0.81739,65.777,18.252,42.715
631,2026-04-29T07:30:00,50.381,21.921,26.893,33.111,41.482,2712.6,3746.2,19.514,18.393,22.176,0.22232,0.10764,342.23,77.417,6.932,13.799,32.091,4603.6,22.351,47.415,50.168,79.824,2.2209,1.6672,3110.0,42.52,54.646,94.598,9.3562,59.392,38.595,42.341,2641.1,62.995,24.641,48.032,0.35588,8.9063,26.626,120.41,1.1721,75.136,24.351,2.3098,53.196,4.9051,233.04,0.034215,0.81739,65.748,18.252,42.715
632,2026-04-29T07:33:00,50.387,23.081,26.754,32.799,41.231,2712.4,3655.3,18.911,18.328,22.529,0.2377,0.10764,341.46,77.487,6.9073,13.665,32.547,4579.7,22.6,47.429,48.618,79.996,2.2089,1.6228,3109.9,42.593,54.722,94.584,9.1535,62.488,34.033,40.013,2642.2,62.968,23.949,47.798,0.34319,8.8649,26.589,120.37,1.2477,74.962,24.569,2.286,53.196,4.7638,232.0,0.034215,0.81739,65.742,18.562,42.715
633,2026-04-29T07:36:00,49.494,23.271,26.471,32.799,41.81,2713.7,3669.6,20.66,18.328,22.305,0.23576,0.10764,341.81,77.101,6.9073,13.665,32.547,4589.5,21.872,45.362,51.213,80.057,2.2089,1.6228,3110.2,42.329,54.605,94.556,9.2595,60.588,41.67,40.088,2642.8,62.721,25.024,47.632,0.34257,8.8649,26.589,120.41,1.2477,74.671,24.569,2.286,53.196,4.7638,230.17,0.034215,0.81739,65.758,18.562,42.715
634,2026-04-29T07:39:00,50.484,18.622,27.03,33.186,40.28,2710.8,3645.8,17.771,18.284,22.383,0.19219,0.10764,341.8,77.078,6.7861,13.761,32.295,4545.8,23.096,47.653,49.522,79.819,2.2479,1.6415,3107.9,42.48,54.43,94.706,9.2562,60.913,36.693,39.001,2639.9,63.311,25.47,47.131,0.32114,8.8979,26.438,120.39,1.2071,75.601,24.213,2.2815,53.196,4.7052,232.15,0.034215,0.81739,65.724,18.974,42.715
635,2026-04-29T07:42:00,50.073,18.528,26.693,33.186,41.765,2710.4,3655.1,17.451,18.284,22.398,0.19315,0.11269,341.1,77.222,6.7861,13.761,32.295,4545.5,23.23,46.703,49.95,79.884,2.2479,1.6415,3106.5,42.607,54.434,94.673,9.2198,61.591,37.951,38.393,2638.8,63.153,25.142,47.451,0.32613,8.8979,26.438,120.41,1.2071,75.955,24.213,2.2815,53.467,4.7052,227.43,0.032269,0.8005,65.676,18.974,43.526
636,2026-04-29T07:45:00,48.65,21.025,26.877,33.277,40.522,2709.2,3673.2,15.549,18.105,22.196,0.21162,0.11269,340.79,77.515,6.994,13.79,32.226,4491.4,24.021,43.41,48.881,79.982,2.2589,1.6648,3107.2,42.338,54.071,94.595,9.2036,60.857,34.806,40.216,2638.1,63.936,24.803,47.066,0.33081,8.7463,26.493,120.37,1.1124,75.29,24.698,2.3143,53.467,4.8186,229.21,0.032269,0.8005,65.654,18.896,43.526
637,2026-04-29T07:48:00,50.838,20.946,26.463,33.277,41.684,2710.8,3683.7,19.613,18.105,22.09,0.21242,0.11269,340.22,77.369,6.994,13.79,32.226,4507.8,22.302,48.475,50.135,80.276,2.2589,1.6648,3108.4,42.328,53.875,94.664,9.3289,61.168,38.498,40.159,2640.6,63.756,25.094,47.002,0.33128,8.7463,26.493,120.43,1.1124,75.077,24.698,2.3143,53.467,4.8186,227.34,0.032269,0.8005,65.711,18.896,43.526
638,2026-04-29T07:51:00,50.204,21.793,26.447,32.637,40.233,2707.5,3708.0,19.207,18.479,21.652,0.21565,0.11269,340.02,77.262,6.9329,13.782,31.806,4513.2,22.478,47.005,51.56,80.168,2.2782,1.672,3106.1,42.138,53.973,94.542,9.3929,61.39,42.69,40.048,2635.8,61.507,24.321,46.712,0.3381,8.8046,26.425,120.38,1.0371,75.377,24.438,2.1995,53.467,4.7998,228.02,0.032269,0.8005,65.755,18.126,43.526
639,2026-04-29T07:54:00,50.161,21.632,26.892,32.637,40.926,2708.0,3650.3,19.71,18.479,22.144,0.21729,0.11269,339.99,77.217,6.9329,13.782,31.806,4520.2,22.265,46.906,50.622,80.212,2.2782,1.672,3104.8,42.106,53.891,94.805,9.2316,59.623,39.93,39.929,2636.5,62.5,24.783,46.655,0.33908,8.8046,26.425,120.39,1.0371,76.637,24.438,2.1995,53.467,4.7998,226.08,0.032269,0.8005,65.727,18.126,43.526
640,2026-04-29T07:57:00,47.717,25.626,26.64,32.659,41.261,2706.9,3630.8,20.453,18.421,21.667,0.26158,0.089455,339.66,76.997,6.9271,13.806,32.163,4574.8,21.963,41.25,50.895,80.099,2.2208,1.6365,3105.8,42.201,55.172,94.696,9.2325,59.528,40.734,40.087,2635.6,63.295,25.081,45.911,0.33561,8.934,26.86,120.4,1.352,75.226,24.299,2.3227,53.242,4.804,226.5,0.036599,0.83202,65.698,19.064,44.968
641,2026-04-29T08:00:00,49.147,25.738,27.255,32.659,40.12,2704.5,3650.5,18.326,18.421,22.085,0.26044,0.089455,339.69,76.994,6.9271,13.806,32.163,4572.0,22.873,44.56,50.626,79.746,2.2208,1.6365,3103.4,42.318,55.206,94.809,9.3006,60.731,39.944,39.963,2632.5,62.955,26.643,45.875,0.33662,8.934,26.86,120.38,1.352,75.601,24.299,2.3227,53.242,4.804,222.09,0.036599,0.83202,65.562,19.064,44.968
642,2026-04-29T08:03:00,49.489,22.336,27.017,32.418,41.086,2704.7,3654.9,20.79,18.392,21.972,0.23017,0.089455,339.58,77.08,6.7606,13.852,31.839,4452.8,21.839,45.351,49.663,79.853,2.2504,1.6596,3102.8,42.078,54.361,94.851,9.171,59.97,37.108,40.343,2633.2,62.885,26.417,45.285,0.33833,8.7206,27.019,120.43,1.2292,75.006,24.185,2.3091,53.242,4.8205,223.95,0.036599,0.83202,65.492,19.26,44.968
643,2026-04-29T08:06:00,51.722,22.209,27.026,32.418,40.025,2705.9,3657.5,17.713,18.392,21.756,0.23145,0.089455,339.35,77.297,6.7606,13.852,31.839,4493.2,23.13,50.52,49.966,80.063,2.2504,1.6596,3102.7,41.982,53.876,94.74,9.1642,60.678,38.001,40.645,2633.2,62.84,26.02,45.169,0.33585,8.7206,27.019,120.4,1.2292,76.057,24.185,2.3091,53.242,4.8205,220.49,0.036599,0.83202,65.406,19.26,44.968
644,2026-04-29T08:09:00,49.085,25.501,26.875,32.726,41.739,2705.3,3686.8,18.942,18.332,21.734,0.2645,0.089455,338.86,77.434,6.8378,13.616,32.223,4501.5,22.605,44.417,50.452,80.194,2.2287,1.643,3104.2,42.682,53.232,94.719,9.3367,60.753,39.429,41.045,2634.6,63.833,25.271,44.856,0.34284,8.8307,26.335,120.42,1.3334,75.455,24.256,2.2666,53.242,4.7325,219.22,0.036599,0.83202,65.421,18.906,44.968
645,2026-04-29T08:12:00,50.328,25.811,26.813,32.726,40.965,2705.1,3706.6,19.399,18.332,21.435,0.26135,0.11251,338.66,77.626,6.8378,13.616,32.223,4473.8,22.399,47.293,48.923,80.391,2.2287,1.643,3105.6,42.289,53.564,94.573,9.44,59.9,34.929,41.376,2633.6,63.492,23.802,45.164,0.34012,8.8307,26.335,120.43,1.3334,75.867,24.256,2.2666,53.449,4.7325,219.61,0.014486,0.84081,65.449,18.906,44.478
646,2026-04-29T08:15:00,51.771,22.187,26.654,32.426,41.158,2704.1,3657.4,19.978,18.866,21.474,0.22714,0.11251,338.65,77.058,6.7612,13.716,31.639,4502.3,22.168,50.632,50.366,80.328,2.2643,1.6608,3103.8,42.359,54.038,94.576,9.1893,62.385,39.178,37.907,2632.4,63.74,23.753,45.165,0.31567,8.8553,26.614,120.42,1.0665,75.663,23.943,2.3244,53.449,4.87,218.55,0.014486,0.84081,65.481,18.893,44.478
647,2026-04-29T08:18:00,50.908,22.3,26.888,32.426,41.095,2700.3,3695.2,15.627,18.866,21.083,0.226,0.11251,338.11,77.02,6.7612,13.716,31.639,4486.4,24.007,48.636,49.874,80.15,2.2643,1.6608,3101.2,42.229,54.228,94.746,9.3903,60.37,37.728,37.978,2627.7,63.088,25.748,44.954,0.31509,8.8553,26.614,120.39,1.0665,74.704,23.943,2.3244,53.449,4.87,219.89,0.014486,0.84081,65.499,18.893,44.478
648,2026-04-29T08:21:00,49.399,28.04,27.276,32.589,40.699,2699.3,3697.5,17.69,18.823,21.376,0.28603,0.11251,337.93,76.869,6.8266,13.813,31.871,4502.7,23.151,45.142,50.923,80.015,2.27,1.6858,3100.8,42.541,54.046,94.614,9.2428,60.392,40.817,38.921,2626.7,63.8,25.657,44.834,0.32736,8.8749,26.158,120.4,1.2953,76.336,24.194,2.2693,53.449,4.8561,220.24,0.014486,0.84081,65.431,18.935,44.478
649,2026-04-29T08:24:00,50.354,27.908,27.032,32.589,40.391,2698.3,3711.6,19.223,18.823,21.234,0.28737,0.11251,337.8,77.106,6.8266,13.813,31.871,4539.4,22.51,47.354,47.999,79.954,2.27,1.6858,3099.2,42.427,53.607,94.642,9.2256,60.485,32.213,38.911,2626.0,63.556,27.249,44.474,0.32744,8.8749,26.158,120.42,1.2953,75.337,24.194,2.2693,53.449,4.8561,223.33,0.014486,0.84081,65.353,18.935,44.478
650,2026-04-29T08:27:00,50.452,26.205,26.845,32.677,41.209,2699.2,3683.5,15.527,18.833,21.621,0.26877,0.093837,338.33,77.388,6.9046,13.841,31.606,4479.1,24.058,47.581,49.346,80.163,2.2383,1.6329,3098.4,42.304,54.201,94.7,9.282,61.402,36.175,40.203,2627.6,63.549,24.711,44.837,0.33738,8.7131,26.795,120.41,1.2822,75.627,24.31,2.302,53.319,4.8557,220.83,0.0032106,0.84991,65.342,18.453,43.546
651,2026-04-29T08:30:00,49.564,26.246,26.817,32.677,41.302,2699.6,3726.1,19.001,18.833,21.405,0.26835,0.093837,337.59,77.163,6.9046,13.841,31.606,4503.7,22.593,45.525,50.509,80.419,2.2383,1.6329,3100.1,42.177,53.907,94.532,9.3517,60.458,39.598,40.771,2627.3,62.817,24.352,45.012,0.33273,8.7131,26.795,120.4,1.2822,75.346,24.31,2.302,53.319,4.8557,218.95,0.0032106,0.84991,65.403,18.453,43.546
652,2026-04-29T08:33:00,50.498,29.316,26.826,32.726,40.601,2698.3,3622.5,17.219,18.654,21.307,0.29776,0.093837,338.1,76.964,6.7902,13.998,31.6,4548.9,23.353,47.686,49.434,80.256,2.2694,1.6717,3099.2,42.461,54.562,94.711,9.251,61.246,36.435,40.485,2625.7,63.931,24.661,44.703,0.3413,8.9714,26.673,120.39,1.2668,75.876,24.004,2.1951,53.319,4.809,222.48,0.0032106,0.84991,65.435,19.033,43.546
653,2026-04-29T08:36:00,51.217,29.317,26.838,32.726,41.245,2697.1,3694.0,18.399,18.654,20.817,0.29775,0.093837,337.42,77.03,6.7902,13.998,31.6,4567.3,22.857,49.351,48.867,80.23,2.2694,1.6717,3099.5,42.242,54.343,94.594,9.2698,59.229,34.764,40.349,2624.6,62.7,26.623,44.854,0.34242,8.9714,26.673,120.4,1.2668,75.141,24.004,2.1951,53.319,4.809,220.87,0.0032106,0.84991,65.436,19.033,43.546
654,2026-04-29T08:39:00,50.259,29.65,27.011,32.403,40.413,2694.6,3704.7,17.854,19.071,20.888,0.30772,0.093837,337.52,77.112,6.8131,13.953,32.301,4491.6,23.091,47.133,50.675,80.117,2.2574,1.6397,3096.8,41.858,53.831,94.649,9.2361,60.729,40.086,42.978,2622.5,63.552,24.314,44.844,0.3564,8.9701,26.096,120.39,1.3491,75.096,24.418,2.414,53.319,4.8545,221.09,0.0032106,0.84991,65.432,19.097,43.546
655,2026-04-29T08:42:00,50.118,29.858,26.668,32.403,41.138,2694.1,3725.5,17.238,19.071,20.947,0.30561,0.10516,337.2,77.292,6.8131,13.953,32.301,4476.2,23.348,46.807,51.289,80.23,2.2574,1.6397,3096.2,42.303,54.016,94.586,9.2888,60.052,41.892,42.858,2621.9,63.195,24.555,45.178,0.35739,8.9701,26.096,120.41,1.3491,74.781,24.418,2.414,54.513,4.8545,220.26,0.026022,0.85702,65.393,19.097,42.404
656,2026-04-29T08:45:00,48.438,23.597,27.307,32.243,40.135,2692.6,3690.3,17.583,18.901,21.093,0.23856,0.10516,336.82,77.094,6.8869,13.717,31.459,4476.3,23.204,42.919,48.676,80.331,2.2364,1.6524,3094.3,42.31,53.808,94.59,9.1153,62.422,34.203,42.925,2619.7,63.674,25.438,45.067,0.34896,8.7095,26.575,120.4,1.2146,76.427,23.979,2.2909,54.513,4.9121,222.81,0.026022,0.85702,65.437,18.739,42.404
657,2026-04-29T08:48:00,51.101,23.459,26.956,32.243,40.998,2690.8,3699.4,15.799,18.901,20.849,0.23996,0.10516,336.8,77.663,6.8869,13.717,31.459,4466.5,23.943,49.083,52.152,80.337,2.2364,1.6524,3093.4,42.649,53.925,94.717,9.3264,61.905,44.432,42.556,2617.9,63.518,25.285,45.432,0.35199,8.7095,26.575,120.42,1.2146,74.435,23.979,2.2909,54.513,4.9121,220.0,0.026022,0.85702,65.488,18.739,42.404
658,2026-04-29T08:51:00,51.39,31.827,27.019,32.699,41.545,2693.7,3650.5,17.383,18.982,21.033,0.32419,0.10516,336.55,77.65,6.8815,13.689,32.124,4550.6,23.264,49.751,50.216,80.712,2.2292,1.6749,3096.5,42.089,53.772,94.534,9.2981,60.008,38.736,39.398,2621.8,63.743,26.278,45.483,0.32619,8.9436,26.478,120.42,1.4114,75.611,24.429,2.2045,54.513,4.9184,220.64,0.026022,0.85702,65.573,18.823,42.404
659,2026-04-29T08:54:00,50.333,31.642,27.395,32.699,40.982,2695.4,3656.0,18.338,18.982,21.092,0.32606,0.10516,336.51,77.443,6.8815,13.689,32.124,4534.8,22.854,47.305,49.864,80.864,2.2292,1.6749,3097.6,42.519,53.962,94.576,9.2165,62.551,37.699,39.235,2623.4,63.648,26.026,45.369,0.32753,8.9436,26.478,120.41,1.4114,75.373,24.429,2.2045,54.513,4.9184,223.1,0.026022,0.85702,65.674,18.823,42.404
660,2026-04-29T08:57:00,48.675,26.086,26.793,32.286,40.983,2691.1,3689.7,21.956,19.251,20.747,0.26215,0.091125,336.62,76.935,7.0179,13.917,31.996,4531.7,21.35,43.467,49.883,80.52,2.281,1.6099,3093.7,42.244,53.792,94.567,9.3446,59.008,37.756,39.064,2617.9,63.112,25.484,45.644,0.32134,8.8731,26.556,120.38,1.2733,75.53,24.061,2.2948,52.899,4.8596,223.56,0.0122,0.86517,65.729,19.385,43.526
661,2026-04-29T09:00:00,50.093,25.956,26.828,32.286,40.638,2687.2,3706.5,20.123,19.251,20.516,0.26348,0.091125,336.44,76.859,7.0179,13.917,31.996,4541.2,22.135,46.749,50.524,80.261,2.281,1.6099,3090.8,41.813,53.678,94.752,9.1406,60.803,39.644,39.167,2615.0,62.823,25.686,45.794,0.3205,8.8731,26.556,120.39,1.2733,74.457,24.061,2.2948,52.899,4.8596,224.15,0.0122,0.86517,65.683,19.385,43.526
662,2026-04-29T09:03:00,50.748,27.388,27.312,32.455,40.275,2685.8,3636.3,17.509,19.044,20.95,0.27635,0.091125,336.51,77.378,6.8098,13.973,32.036,4444.4,23.229,48.265,49.978,80.225,2.2501,1.658,3088.1,41.991,53.403,94.811,9.2036,59.325,38.036,41.817,2613.3,62.772,27.089,46.138,0.34858,9.0732,26.282,120.38,1.3233,75.232,23.582,2.3262,52.899,4.972,222.59,0.0122,0.86517,65.618,19.336,43.526
663,2026-04-29T09:06:00,50.193,27.114,26.896,32.455,40.656,2685.3,3696.6,16.672,19.044,20.427,0.27913,0.091125,336.19,77.153,6.8098,13.973,32.036,4481.4,23.591,46.981,52.259,80.323,2.2501,1.658,3088.9,42.397,52.961,94.9,9.3538,59.023,44.749,41.96,2612.3,61.734,24.354,46.192,0.34741,9.0732,26.282,120.38,1.3233,74.213,23.582,2.3262,52.899,4.972,224.25,0.0122,0.86517,65.61,19.336,43.526
664,2026-04-29T09:09:00,49.601,26.856,26.825,32.647,41.041,2688.6,3674.0,18.202,19.844,20.863,0.27756,0.091125,336.18,77.53,7.0299,13.881,31.765,4461.3,22.933,45.61,50.75,80.528,2.2741,1.6662,3090.2,42.261,53.223,94.691,9.3437,62.131,40.306,42.658,2615.4,63.918,27.668,46.304,0.35546,8.896,26.073,120.41,1.473,75.067,23.814,2.2722,52.899,4.9552,225.26,0.0122,0.86517,65.63,18.708,43.526
665,2026-04-29T09:12:00,50.094,27.079,27.215,32.647,41.275,2688.0,3659.1,17.372,19.844,20.991,0.27529,0.10118,336.17,77.734,7.0299,13.881,31.765,4471.6,23.27,46.751,49.945,80.634,2.2741,1.6662,3090.5,42.159,53.1,94.663,9.3309,61.383,37.938,42.725,2615.2,64.174,25.326,46.803,0.35491,8.896,26.073,120.42,1.473,74.889,23.814,2.2722,53.251,4.9552,224.71,0.024624,0.87766,65.702,18.708,43.652
666,2026-04-29T09:15:00,48.348,29.76,26.785,32.634,40.47,2689.9,3633.8,17.648,19.375,20.833,0.30651,0.10118,336.74,77.633,6.8044,13.643,31.767,4507.7,23.146,42.712,50.714,80.841,2.2802,1.691,3092.1,42.015,54.167,94.531,9.2766,60.863,40.202,41.296,2617.6,62.645,24.531,47.11,0.3476,9.027,26.237,120.41,1.3306,74.93,23.56,2.29,53.251,4.8699,224.67,0.024624,0.87766,65.809,18.977,43.652
667,2026-04-29T09:18:00,49.52,30.011,27.161,32.634,40.696,2687.3,3636.1,19.424,19.375,20.696,0.30395,0.10118,336.31,77.034,6.8044,13.643,31.767,4558.0,22.42,45.423,50.034,80.557,2.2802,1.691,3091.7,42.795,53.565,94.857,9.281,61.893,38.199,42.094,2614.1,62.605,24.272,47.348,0.34106,9.027,26.237,120.39,1.3306,74.367,23.56,2.29,53.251,4.8699,225.37,0.024624,0.87766,65.896,18.977,43.652
668,2026-04-29T09:21:00,50.155,30.284,26.912,32.121,41.556,2687.9,3679.7,15.845,19.397,20.57,0.30961,0.10118,336.69,77.171,6.8408,13.99,31.802,4509.9,23.93,46.893,51.517,80.418,2.3105,1.6136,3091.4,42.563,53.47,94.61,9.2534,60.432,42.563,38.146,2615.0,63.798,25.864,47.315,0.3206,8.8404,25.989,120.41,1.3824,75.492,23.889,2.3338,53.251,4.8219,229.15,0.024624,0.87766,65.88,19.162,43.652
669,2026-04-29T09:24:00,50.679,30.26,27.244,32.121,41.134,2689.5,3696.7,17.61,19.397,20.949,0.30985,0.10118,337.0,77.477,6.8408,13.99,31.802,4506.6,23.173,48.106,50.423,80.542,2.3105,1.6136,3091.5,42.448,53.51,94.611,9.298,61.621,39.345,38.258,2617.0,63.506,23.141,47.453,0.31968,8.8404,25.989,120.41,1.3824,75.307,23.889,2.3338,53.251,4.8219,231.0,0.024624,0.87766,65.868,19.162,43.652
670,2026-04-29T09:27:00,51.75,30.395,26.58,32.381,40.893,2688.0,3654.1,19.761,18.821,20.637,0.30999,0.091824,336.9,77.292,6.8701,13.746,31.282,4488.6,22.272,50.584,50.497,80.569,2.2457,1.6389,3091.6,42.275,53.22,94.447,9.2613,61.669,39.563,43.335,2616.1,63.976,23.783,48.126,0.35395,8.8513,25.885,120.41,1.327,74.129,23.896,2.3462,53.858,4.9366,231.13,0.033518,0.85961,65.937,19.357,43.489
671,2026-04-29T09:30:00,48.854,30.584,26.961,32.381,41.121,2686.7,3694.5,16.974,18.821,20.741,0.30807,0.091824,336.81,77.067,6.8701,13.746,31.282,4488.0,23.456,43.883,48.883,80.467,2.2457,1.6389,3089.6,42.182,53.227,94.622,9.2688,61.023,34.812,42.844,2613.9,63.281,25.899,48.43,0.35797,8.8513,25.885,120.42,1.327,75.053,23.896,2.3462,53.858,4.9366,232.92,0.033518,0.85961,65.97,19.357,43.489
672,2026-04-29T09:33:00,50.409,35.93,26.948,32.121,41.068,2688.8,3693.4,16.991,19.147,20.857,0.36773,0.091824,337.47,77.392,7.0114,13.794,32.063,4435.7,23.436,47.48,49.108,80.524,2.2639,1.6248,3090.8,42.418,53.294,94.467,9.2237,60.879,35.474,39.931,2615.7,63.068,26.852,48.739,0.32902,8.9518,26.274,120.4,1.2324,74.667,23.786,2.3308,53.858,4.9929,234.68,0.033518,0.85961,66.003,19.409,43.489
673,2026-04-29T09:36:00,49.498,36.101,26.855,32.121,41.527,2688.4,3701.0,16.2,19.147,21.035,0.36599,0.091824,337.86,77.281,7.0114,13.794,32.063,4442.5,23.775,45.373,48.393,80.511,2.2639,1.6248,3090.4,42.639,53.212,94.584,9.3859,60.307,33.371,39.415,2616.2,62.937,24.846,48.986,0.33325,8.9518,26.274,120.42,1.2324,74.985,23.786,2.3308,53.858,4.9929,237.11,0.033518,0.85961,66.037,19.409,43.489
674,2026-04-29T09:39:00,50.644,29.246,26.783,32.321,40.544,2687.2,3645.0,18.311,19.415,21.21,0.29542,0.091824,338.32,77.385,6.855,14.002,31.921,4467.3,22.883,48.025,50.272,80.445,2.2902,1.647,3087.5,42.202,52.685,94.595,9.4042,58.535,38.901,40.089,2616.1,62.606,24.21,49.618,0.33747,8.9507,26.212,120.41,1.2822,75.538,23.42,2.2991,53.858,4.9124,235.18,0.033518,0.85961,66.093,18.757,43.489
675,2026-04-29T09:42:00,49.403,29.288,26.881,32.321,40.998,2688.1,3668.4,17.495,19.415,21.306,0.29499,0.10638,338.79,77.382,6.855,14.002,31.921,4468.1,23.224,45.151,50.046,80.536,2.2902,1.647,3087.7,42.333,52.676,94.733,9.3198,59.527,38.235,40.372,2615.9,62.204,25.801,49.554,0.33515,8.9507,26.212,120.37,1.2822,75.318,23.42,2.2991,53.877,4.9124,236.51,0.015805,0.85196,66.162,18.757,42.844
676,2026-04-29T09:45:00,50.327,30.766,26.6,33.117,40.857,2687.2,3699.7,19.192,19.143,20.968,0.31152,0.10638,339.17,77.102,6.9342,13.918,32.111,4484.8,22.52,47.291,50.646,80.414,2.2374,1.6514,3087.6,42.654,54.024,94.557,9.3866,59.791,40.002,43.292,2615.4,62.988,24.156,49.728,0.35774,8.9767,25.872,120.41,1.1218,74.307,23.552,2.3439,53.877,4.9215,237.73,0.015805,0.85196,66.176,19.079,42.844
677,2026-04-29T09:48:00,51.239,30.883,26.642,33.117,41.164,2687.9,3677.2,18.397,19.143,21.217,0.31032,0.10638,339.02,77.628,6.9342,13.918,32.111,4493.0,22.843,49.401,51.216,80.404,2.2374,1.6514,3087.9,42.281,53.926,94.638,9.2395,61.094,41.68,42.671,2615.9,63.376,24.487,50.093,0.36284,8.9767,25.872,120.4,1.1218,74.468,23.552,2.3439,53.877,4.9215,236.83,0.015805,0.85196,66.145,19.079,42.844
678,2026-04-29T09:51:00,48.705,28.98,27.016,33.244,40.994,2689.7,3659.9,19.578,18.959,21.778,0.29637,0.10638,339.99,77.366,6.9121,13.726,32.175,4456.8,22.348,43.538,50.717,80.545,2.288,1.6833,3087.8,42.206,53.545,94.525,9.4209,60.388,40.21,41.925,2617.9,62.966,26.926,50.052,0.35225,8.8834,26.013,120.41,1.3028,74.435,22.925,2.3494,53.877,4.8877,240.43,0.015805,0.85196,66.217,18.688,42.844
679,2026-04-29T09:54:00,51.279,28.993,26.756,33.244,40.518,2689.9,3667.1,18.171,18.959,21.442,0.29624,0.10638,339.83,77.77,6.9121,13.726,32.175,4481.1,22.921,49.494,49.662,80.628,2.288,1.6833,3089.9,42.131,53.254,94.651,9.3448,61.578,37.104,42.516,2618.0,62.843,22.673,50.319,0.3474,8.8834,26.013,120.4,1.3028,74.598,22.925,2.3494,53.877,4.8877,240.54,0.015805,0.85196,66.281,18.688,42.844
680,2026-04-29T09:57:00,48.793,28.705,26.938,32.532,41.874,2690.3,3673.2,18.291,19.325,21.515,0.28771,0.10753,339.54,77.312,6.8536,13.908,32.112,4501.3,22.876,43.74,48.361,80.67,2.2799,1.6888,3090.9,42.323,53.955,94.483,9.51,57.605,33.276,39.625,2618.7,62.894,26.117,50.498,0.32896,8.7767,25.78,120.41,1.272,74.883,23.553,2.3538,53.982,4.9226,239.78,0.035674,0.87,66.373,18.553,43.804
681,2026-04-29T10:00:00,50.301,28.721,26.648,32.532,40.591,2693.3,3644.9,21.882,19.325,21.777,0.28755,0.10753,340.89,77.856,6.8536,13.908,32.112,4480.4,21.339,47.231,50.162,80.78,2.2799,1.6888,3090.5,42.474,54.206,94.471,9.3436,62.413,38.577,39.217,2622.8,63.38,22.691,50.602,0.33231,8.7767,25.78,120.38,1.272,74.733,23.553,2.3538,53.982,4.9226,240.91,0.035674,0.87,66.39,18.553,43.804
682,2026-04-29T10:03:00,48.145,29.024,27.062,32.844,41.811,2691.4,3683.5,17.565,18.928,21.823,0.29769,0.10753,340.61,76.915,6.866,13.92,31.906,4534.1,23.188,42.24,50.007,80.449,2.2635,1.6842,3089.2,42.091,53.921,94.446,9.2472,59.264,38.12,41.826,2618.9,63.227,26.079,50.936,0.35069,8.8835,26.011,120.43,1.3016,75.474,23.119,2.3638,53.982,4.8964,239.42,0.035674,0.87,66.431,19.0,43.804
683,2026-04-29T10:06:00,51.893,29.026,27.055,32.844,40.498,2687.7,3690.4,18.797,18.928,21.503,0.29766,0.10753,340.42,77.195,6.866,13.92,31.906,4551.2,22.671,50.914,50.297,80.184,2.2635,1.6842,3087.4,42.743,53.716,94.577,9.4902,62.079,38.975,42.329,2615.6,63.109,23.136,50.765,0.34657,8.8835,26.011,120.38,1.3016,74.809,23.119,2.3638,53.982,4.8964,243.67,0.035674,0.87,66.341,19.0,43.804
684,2026-04-29T10:09:00,47.966,31.288,27.136,32.854,42.187,2688.7,3716.2,13.738,18.76,21.73,0.31814,0.10753,340.75,77.407,6.763,13.812,31.985,4448.1,24.797,41.826,49.018,80.286,2.2361,1.6812,3087.6,42.637,53.854,94.492,9.4675,62.524,35.211,42.207,2617.5,62.578,24.642,51.042,0.35144,9.0395,25.825,120.41,1.3026,73.837,23.386,2.3732,53.982,4.9977,242.9,0.035674,0.87,66.31,19.134,43.804
685,2026-04-29T10:12:00,50.894,31.429,27.33,32.854,41.34,2692.1,3677.4,16.442,18.76,22.099,0.31671,0.106,341.21,77.637,6.763,13.812,31.985,4462.3,23.646,48.604,48.82,80.449,2.2361,1.6812,3089.0,42.537,53.684,94.463,9.2616,60.689,34.626,42.336,2620.5,63.246,25.506,51.639,0.35038,9.0395,25.825,120.4,1.3026,73.812,23.386,2.3732,54.092,4.9977,244.22,0.002737,0.86087,66.334,19.134,43.898
686,2026-04-29T10:15:00,49.806,30.867,26.798,33.239,41.848,2692.0,3702.5,19.448,19.356,21.68,0.31227,0.106,341.31,77.485,6.7626,13.842,32.552,4437.6,22.38,46.086,48.54,80.528,2.2801,1.6151,3090.4,42.662,53.6,94.356,9.2377,60.717,33.804,40.905,2620.8,63.78,25.754,52.036,0.33881,8.8258,25.685,120.41,1.1625,75.284,23.456,2.3028,54.092,4.7984,244.51,0.002737,0.86087,66.421,19.405,43.898
687,2026-04-29T10:18:00,51.938,30.719,26.759,33.239,41.647,2689.2,3714.9,17.621,19.356,21.691,0.31377,0.106,341.86,77.006,6.7626,13.842,32.552,4465.2,23.168,51.018,51.374,80.299,2.2801,1.6151,3088.6,42.364,53.27,94.44,9.3807,63.165,42.143,40.389,2618.6,63.566,26.015,52.228,0.34304,8.8258,25.685,120.4,1.1625,74.722,23.456,2.3028,54.092,4.7984,247.07,0.002737,0.86087,66.461,19.405,43.898
688,2026-04-29T10:21:00,51.556,25.376,26.876,33.398,41.791,2689.1,3683.4,19.244,19.261,21.889,0.25668,0.106,341.78,77.556,7.0369,13.703,32.311,4417.0,22.471,50.136,49.718,80.294,2.2871,1.6104,3086.1,42.38,53.1,94.427,9.3626,60.175,37.269,41.031,2618.3,64.224,28.517,52.428,0.34456,8.9304,26.247,120.4,1.4054,74.647,23.097,2.3121,54.092,4.9575,249.58,0.002737,0.86087,66.451,18.935,43.898
689,2026-04-29T10:24:00,49.907,25.425,26.662,33.398,41.337,2689.6,3686.6,16.801,19.261,21.789,0.25619,0.106,341.85,77.684,7.0369,13.703,32.311,4407.9,23.489,46.319,50.045,80.503,2.2871,1.6104,3087.2,42.445,53.208,94.342,9.3777,60.685,38.231,41.091,2618.3,64.169,25.703,52.957,0.34406,8.9304,26.247,120.41,1.4054,74.472,23.097,2.3121,54.092,4.9575,248.32,0.002737,0.86087,66.514,18.935,43.898
690,2026-04-29T10:27:00,50.419,27.264,27.242,33.771,41.882,2690.4,3621.7,17.947,19.011,22.186,0.27909,0.10528,342.42,77.368,6.9941,13.888,32.344,4471.1,23.006,47.503,50.679,80.552,2.2785,1.6423,3087.2,42.251,53.538,94.568,9.345,61.073,40.099,38.9,2618.9,62.863,26.846,53.076,0.33088,8.8241,26.292,120.4,1.1919,74.406,23.374,2.3365,53.594,4.9545,249.6,0.0076256,0.84483,66.61,18.705,43.781
691,2026-04-29T10:30:00,48.389,27.34,26.635,33.771,41.34,2693.4,3659.5,18.294,19.011,22.557,0.27832,0.10528,342.97,77.745,6.9941,13.888,32.344,4483.1,22.843,42.807,49.891,80.669,2.2785,1.6423,3087.0,42.361,53.394,94.477,9.2627,62.379,37.779,39.245,2622.7,62.212,26.863,53.354,0.32806,8.8241,26.292,120.37,1.1919,74.615,23.374,2.3365,53.594,4.9545,250.21,0.0076256,0.84483,66.688,18.705,43.781
692,2026-04-29T10:33:00,49.214,26.922,26.857,33.597,41.304,2692.5,3663.5,15.489,18.898,22.131,0.27319,0.10528,342.6,77.312,6.8747,13.801,32.497,4494.0,24.034,44.714,49.908,80.502,2.285,1.6463,3089.2,42.722,53.82,94.678,9.4048,61.711,37.83,41.587,2620.8,62.395,25.938,53.624,0.34903,8.9512,25.72,120.41,1.5392,74.497,23.227,2.3348,53.594,4.9359,250.85,0.0076256,0.84483,66.767,19.049,43.781
693,2026-04-29T10:36:00,49.275,26.854,26.851,33.597,41.589,2694.8,3634.1,20.277,18.898,22.738,0.27388,0.10528,343.46,78.012,6.8747,13.801,32.497,4524.9,21.988,44.857,48.497,80.641,2.285,1.6463,3088.7,42.153,53.451,94.51,9.3366,60.563,33.676,41.451,2624.9,62.9,25.537,53.854,0.35015,8.9512,25.72,120.39,1.5392,75.172,23.227,2.3348,53.594,4.9359,251.98,0.0076256,0.84483,66.826,19.049,43.781
694,2026-04-29T10:39:00,49.772,25.044,26.934,33.724,40.546,2692.8,3718.0,20.224,19.259,22.375,0.25802,0.10528,343.28,77.162,6.7995,13.769,32.72,4452.9,22.033,46.007,48.743,80.44,2.2879,1.6712,3089.4,42.141,53.452,94.572,9.2988,62.328,34.402,40.048,2621.9,62.455,25.5,54.097,0.34294,8.9128,25.351,120.37,1.0979,74.246,22.98,2.3605,53.594,4.9197,252.9,0.0076256,0.84483,66.853,18.552,43.781
695,2026-04-29T10:42:00,49.891,25.097,26.843,33.724,41.595,2691.8,3665.4,16.38,19.259,22.74,0.25749,0.091918,343.52,77.209,6.7995,13.769,32.72,4488.8,23.659,46.281,50.074,80.224,2.2879,1.6712,3086.4,42.212,53.022,94.44,9.5651,59.097,38.319,40.468,2621.1,63.359,26.112,53.933,0.3395,8.9128,25.351,120.41,1.0979,74.294,22.98,2.3605,54.747,4.9197,254.19,0.017543,0.83334,66.806,18.552,43.354
696,2026-04-29T10:45:00,50.286,22.634,26.649,33.972,41.143,2692.9,3710.9,16.908,18.528,22.272,0.23052,0.091918,343.68,77.544,6.8973,13.777,32.694,4540.9,23.425,47.196,48.832,80.269,2.2496,1.7157,3087.1,42.461,53.614,94.653,9.2821,63.262,34.661,40.044,2621.8,63.278,23.755,54.111,0.33532,8.9837,25.514,120.38,1.1605,73.678,22.62,2.3348,54.747,4.9016,254.09,0.017543,0.83334,66.795,18.549,43.354
697,2026-04-29T10:48:00,51.851,22.541,26.954,33.972,41.366,2692.8,3660.8,16.412,18.528,22.43,0.23146,0.091918,343.31,77.545,6.8973,13.777,32.694,4486.5,23.633,50.818,50.635,80.307,2.2496,1.7157,3089.5,42.425,54.266,94.316,9.4705,62.393,39.969,39.79,2621.9,64.14,25.142,54.358,0.33741,8.9837,25.514,120.41,1.1605,74.436,22.62,2.3348,54.747,4.9016,253.16,0.017543,0.83334,66.765,18.549,43.354
698,2026-04-29T10:51:00,49.658,22.421,26.648,33.688,41.55,2695.7,3660.2,18.283,18.484,22.44,0.22704,0.091918,343.19,77.672,6.9201,13.856,32.486,4478.2,22.832,45.742,49.729,80.536,2.245,1.6372,3089.9,42.532,54.411,94.558,9.3442,63.346,37.302,39.925,2624.6,63.326,24.532,54.366,0.33749,8.9666,25.798,120.41,1.2041,74.169,23.375,2.2575,54.747,4.873,254.89,0.017543,0.83334,66.823,18.768,43.354
699,2026-04-29T10:54:00,49.001,22.511,27.049,33.688,41.639,2694.5,3672.1,18.967,18.484,22.432,0.22612,0.091918,343.45,77.511,6.9201,13.856,32.486,4506.6,22.545,44.222,51.712,80.484,2.245,1.6372,3090.5,42.383,54.071,94.442,9.4409,61.203,43.139,39.544,2624.1,63.121,26.07,54.346,0.34061,8.9666,25.798,120.43,1.2041,74.134,23.375,2.2575,54.747,4.873,256.89,0.017543,0.83334,66.886,18.768,43.354
700,2026-04-29T10:57:00,51.114,23.997,26.697,33.788,40.912,2692.0,3670.6,16.502,18.467,22.212,0.24282,0.093944,343.13,77.218,6.8824,13.75,33.225,4461.9,23.6,49.113,50.349,80.2,2.2926,1.7012,3087.8,42.001,54.088,94.604,9.4793,61.225,39.127,40.88,2620.7,62.92,26.354,54.517,0.34706,8.7366,25.566,120.36,1.1403,74.201,23.357,2.4,54.504,4.957,253.57,0.0196,0.80774,66.879,18.664,43.625
701,2026-04-29T11:00:00,47.263,23.808,26.874,33.788,41.631,2693.7,3646.8,19.774,18.467,22.57,0.24474,0.093944,343.77,77.394,6.8824,13.75,33.225,4469.9,22.216,40.2,49.621,80.298,2.2926,1.7012,3088.2,42.298,53.991,94.455,9.3616,61.758,36.983,41.047,2623.1,63.331,24.92,54.42,0.34569,8.7366,25.566,120.42,1.1403,75.57,23.357,2.4,54.504,4.957,255.08,0.0196,0.80774,66.832,18.664,43.625
702,2026-04-29T11:03:00,50.041,15.973,27.294,33.55,40.809,2693.1,3686.1,17.687,18.34,22.434,0.1675,0.093944,343.12,77.609,6.9582,13.956,32.532,4486.6,23.088,46.629,49.532,80.29,2.2722,1.6637,3088.1,42.767,54.056,94.666,9.2309,62.112,36.721,39.365,2621.8,62.965,25.282,54.473,0.33584,8.9002,26.131,120.38,1.2635,74.507,23.481,2.3596,54.504,4.9112,254.91,0.0196,0.80774,66.839,18.917,43.625
703,2026-04-29T11:06:00,50.878,16.246,26.965,33.55,41.833,2694.1,3706.5,18.599,18.34,22.348,0.16473,0.093944,343.08,77.602,6.9582,13.956,32.532,4479.2,22.698,48.565,49.339,80.478,2.2722,1.6637,3090.0,42.569,54.145,94.578,9.4971,61.348,36.155,39.6,2622.8,62.615,25.181,54.464,0.33391,8.9002,26.131,120.43,1.2635,74.508,23.481,2.3596,54.504,4.9112,255.41,0.0196,0.80774,66.865,18.917,43.625
704,2026-04-29T11:09:00,50.699,22.083,26.511,33.418,40.481,2694.9,3690.4,17.839,18.776,22.151,0.22521,0.093944,342.82,77.408,6.9599,13.725,32.308,4475.3,23.017,48.153,49.017,80.492,2.3289,1.6854,3090.2,42.166,53.571,94.584,9.4887,61.737,35.207,42.231,2624.2,62.192,27.099,54.304,0.35796,8.8819,25.766,120.37,1.2412,75.672,23.194,2.3897,54.504,4.8721,257.59,0.0196,0.80774,66.912,18.529,43.625
705,2026-04-29T11:12:00,50.107,22.258,27.379,33.418,41.996,2694.5,3669.2,16.54,18.776,22.388,0.22343,0.095926,342.58,77.926,6.9599,13.725,32.308,4478.9,23.546,46.782,49.591,80.511,2.3289,1.6854,3090.6,42.306,53.527,94.647,9.4283,60.755,36.896,42.04,2622.9,62.557,24.616,53.957,0.35952,8.8819,25.766,120.4,1.2412,75.526,23.194,2.3897,53.109,4.8721,254.19,0.02622,0.80703,66.922,18.529,43.515
706,2026-04-29T11:15:00,49.951,24.109,27.159,33.069,40.551,2696.1,3619.9,17.048,18.555,22.441,0.24302,0.095926,343.14,77.2,6.9038,13.881,32.491,4563.9,23.35,46.421,50.746,80.485,2.2554,1.6607,3092.4,42.556,53.47,94.602,9.4112,61.746,40.295,39.756,2626.1,63.317,24.71,53.837,0.32781,8.8303,26.052,120.37,1.2149,74.402,23.227,2.3125,53.109,4.938,252.58,0.02622,0.80703,66.912,18.538,43.515
707,2026-04-29T11:18:00,49.441,23.928,27.035,33.069,41.069,2697.3,3650.9,15.727,18.555,22.605,0.24486,0.095926,342.89,77.451,6.9038,13.881,32.491,4501.5,23.902,45.239,49.937,80.39,2.2554,1.6607,3092.9,42.488,54.217,94.539,9.4929,62.604,37.916,39.307,2626.2,62.784,24.517,53.551,0.33148,8.8303,26.052,120.4,1.2149,75.779,23.227,2.3125,53.109,4.938,252.88,0.02622,0.80703,66.872,18.538,43.515
708,2026-04-29T11:21:00,49.975,21.782,26.761,33.515,40.511,2698.5,3632.4,18.704,18.53,22.109,0.22698,0.095926,343.13,77.341,6.8939,13.87,32.951,4503.9,22.647,46.477,48.779,80.35,2.2882,1.6201,3095.0,42.097,54.206,94.611,9.4595,60.905,34.507,41.217,2627.5,63.547,26.628,53.459,0.34967,8.9483,25.772,120.38,1.2588,73.897,23.698,2.3835,53.109,5.0145,251.02,0.02622,0.80703,66.815,18.705,43.515
709,2026-04-29T11:24:00,51.249,22.03,27.134,33.515,41.981,2698.1,3655.6,16.655,18.53,22.526,0.22446,0.095926,343.14,77.356,6.8939,13.87,32.951,4519.9,23.517,49.425,49.633,80.179,2.2882,1.6201,3094.2,42.126,54.014,94.57,9.4834,60.446,37.019,41.094,2627.3,63.148,26.069,53.112,0.35068,8.9483,25.772,120.43,1.2588,75.087,23.698,2.3835,53.109,5.0145,252.07,0.02622,0.80703,66.742,18.705,43.515
710,2026-04-29T11:27:00,50.508,17.225,26.789,33.552,40.737,2698.1,3646.8,17.125,18.778,22.483,0.17311,0.10825,343.14,77.436,6.7489,13.713,32.335,4499.4,23.317,47.711,48.892,80.214,2.2793,1.6716,3092.8,42.397,53.876,94.727,9.4386,61.977,34.839,40.721,2626.5,63.37,26.771,52.831,0.352,8.9186,26.458,120.41,1.2093,74.818,23.275,2.2605,54.08,4.8323,251.63,0.0061517,0.80487,66.672,18.497,44.35
711,2026-04-29T11:30:00,50.921,17.327,27.044,33.552,41.307,2698.2,3684.0,17.825,18.778,22.194,0.17207,0.10825,342.52,77.777,6.7489,13.713,32.335,4492.4,23.009,48.666,49.016,80.36,2.2793,1.6716,3095.2,42.291,53.96,94.519,9.3329,61.677,35.204,40.924,2625.7,62.73,24.513,52.59,0.35034,8.9186,26.458,120.41,1.2093,74.855,23.275,2.2605,54.08,4.8323,251.17,0.0061517,0.80487,66.653,18.497,44.35
712,2026-04-29T11:33:00,51.252,22.505,26.866,33.317,41.506,2701.0,3710.7,18.088,18.72,22.535,0.22911,0.10825,342.8,77.63,7.0105,13.832,32.734,4531.2,22.895,49.431,51.023,80.499,2.2611,1.6446,3097.5,42.667,54.037,94.522,9.3099,62.152,41.11,38.862,2630.3,63.6,25.558,52.497,0.33253,8.9103,26.088,120.42,1.2199,75.035,23.508,2.3024,54.08,4.9169,249.03,0.0061517,0.80487,66.654,18.9,44.35
713,2026-04-29T11:36:00,51.324,22.43,26.694,33.317,42.23,2702.7,3711.0,18.811,18.72,22.162,0.22987,0.10825,343.12,77.661,7.0105,13.832,32.734,4533.4,22.581,49.599,48.835,80.623,2.2611,1.6446,3099.0,42.248,54.011,94.256,9.3931,63.265,34.672,39.096,2631.7,63.594,24.953,52.375,0.33061,8.9103,26.088,120.44,1.2199,75.63,23.508,2.3024,54.08,4.9169,247.2,0.0061517,0.80487,66.696,18.9,44.35
714,2026-04-29T11:39:00,49.816,18.575,27.161,32.858,41.062,2698.8,3652.3,19.965,18.503,22.543,0.18472,0.10825,342.83,77.408,6.8746,13.887,32.908,4443.5,22.102,46.109,49.982,80.374,2.255,1.6778,3094.9,41.958,54.109,94.563,9.3578,61.553,38.046,40.864,2627.7,62.311,24.84,52.226,0.34157,8.8908,26.62,120.37,1.2473,75.246,23.298,2.334,54.08,4.9387,245.69,0.0061517,0.80487,66.702,18.452,44.35
715,2026-04-29T11:42:00,49.681,18.397,26.959,32.858,40.98,2696.0,3636.4,18.237,18.503,22.39,0.18654,0.093847,342.26,77.364,6.8746,13.887,32.908,4501.3,22.838,45.795,48.989,80.199,2.255,1.6778,3093.2,42.504,53.417,94.612,9.4568,62.427,35.124,40.8,2624.8,62.586,23.052,51.67,0.3421,8.8908,26.62,120.38,1.2473,74.805,23.298,2.334,53.575,4.9387,247.58,0.0051535,0.78671,66.604,18.452,44.151
716,2026-04-29T11:45:00,48.544,16.179,27.015,32.714,40.88,2695.4,3669.7,19.098,18.959,21.995,0.16222,0.093847,342.24,76.939,7.0312,13.677,32.677,4546.9,22.496,43.164,49.9,80.015,2.258,1.6619,3092.1,42.206,53.988,94.721,9.4576,62.906,37.806,41.576,2624.0,63.146,23.109,51.47,0.3483,9.0034,26.112,120.37,1.2315,74.572,23.968,2.3581,53.575,4.9427,246.24,0.0051535,0.78671,66.487,18.5,44.151
717,2026-04-29T11:48:00,50.622,16.146,26.884,32.714,41.393,2695.2,3712.8,16.775,18.959,22.02,0.16256,0.093847,342.02,77.47,7.0312,13.677,32.677,4554.2,23.47,47.974,49.54,79.996,2.258,1.6619,3092.6,42.356,53.9,94.64,9.4007,60.849,36.746,41.31,2623.4,62.405,24.993,51.345,0.35048,9.0034,26.112,120.39,1.2315,74.56,23.968,2.3581,53.575,4.9427,244.11,0.0051535,0.78671,66.386,18.5,44.151
718,2026-04-29T11:51:00,48.592,17.661,26.653,33.314,41.069,2698.9,3605.2,16.374,18.433,22.227,0.17928,0.093847,342.04,77.481,6.8739,13.736,32.275,4555.5,23.637,43.276,51.031,80.22,2.2384,1.6366,3095.7,42.423,53.818,94.842,9.3107,63.849,41.135,38.467,2628.0,62.816,25.319,50.946,0.32712,8.901,26.578,120.38,1.2856,75.0,23.754,2.2723,53.575,4.8095,245.05,0.0051535,0.78671,66.334,18.795,44.151
719,2026-04-29T11:54:00,49.133,17.786,26.89,33.314,40.667,2703.8,3623.7,18.586,18.433,22.323,0.17801,0.093847,341.84,78.03,6.8739,13.736,32.275,4535.8,22.678,44.528,48.815,80.563,2.2384,1.6366,3099.8,42.294,54.053,94.583,9.4735,61.274,34.611,38.871,2632.5,62.498,25.302,50.64,0.32382,8.901,26.578,120.41,1.2856,75.118,23.754,2.2723,53.575,4.8095,244.92,0.0051535,0.78671,66.351,18.795,44.151
720,2026-04-29T11:57:00,50.785,21.318,26.969,33.032,40.981,2704.9,3671.3,18.628,18.969,22.124,0.21397,0.077165,341.33,77.727,6.8411,13.815,31.992,4478.7,22.664,48.35,49.844,80.52,2.2397,1.6542,3103.0,42.316,54.035,94.67,9.541,59.536,37.641,39.296,2633.8,62.993,24.852,50.052,0.33186,9.025,26.402,120.4,1.3287,75.32,23.622,2.4074,52.548,4.928,241.91,0.0076095,0.7891,66.383,18.665,43.447
721,2026-04-29T12:00:00,49.648,21.04,26.939,33.032,41.409,2704.8,3646.7,15.774,18.969,21.939,0.2168,0.077165,341.27,77.334,6.8411,13.815,31.992,4507.9,23.87,45.718,49.583,80.486,2.2397,1.6542,3103.5,42.569,53.686,94.386,9.4749,59.624,36.873,39.498,2634.2,63.416,24.183,49.889,0.33021,9.025,26.402,120.42,1.3287,74.474,23.622,2.4074,52.548,4.928,237.54,0.0076095,0.7891,66.368,18.665,43.447
722,2026-04-29T12:03:00,48.924,23.803,26.704,32.76,40.928,2704.4,3672.8,16.439,18.386,22.005,0.24445,0.077165,341.08,77.103,6.8127,13.742,32.416,4507.7,23.603,44.044,49.441,80.214,2.2407,1.694,3102.8,42.355,54.015,94.688,9.4092,61.265,36.455,40.617,2633.1,63.278,26.095,49.411,0.33771,8.8739,26.047,120.4,1.1138,74.49,23.664,2.3314,52.548,5.0551,236.76,0.0076095,0.7891,66.29,18.888,43.447
723,2026-04-29T12:06:00,51.558,23.992,27.274,32.76,42.531,2705.3,3676.0,18.262,18.386,22.487,0.24253,0.077165,341.89,77.485,6.8127,13.742,32.416,4565.9,22.83,50.14,52.029,80.176,2.2407,1.694,3102.3,42.284,53.318,94.49,9.4965,62.355,44.072,40.014,2634.6,63.222,23.414,48.878,0.34265,8.8739,26.047,120.43,1.1138,74.803,23.664,2.3314,52.548,5.0551,236.69,0.0076095,0.7891,66.173,18.888,43.447
724,2026-04-29T12:09:00,49.6,20.031,27.192,33.2,40.639,2708.5,3681.8,21.156,18.489,22.632,0.20049,0.077165,341.64,77.722,6.6945,13.641,32.022,4453.1,21.596,45.609,48.967,80.398,2.311,1.65,3104.8,42.656,54.122,94.505,9.4234,60.755,35.061,39.628,2637.2,63.424,24.41,48.4,0.3293,8.8525,26.799,120.38,1.2916,75.613,23.397,2.289,52.548,4.8861,236.01,0.0076095,0.7891,66.094,18.486,43.447
725,2026-04-29T12:12:00,51.581,19.789,26.787,33.2,41.685,2705.0,3663.1,19.692,18.489,22.057,0.20294,0.10267,341.81,77.173,6.6945,13.641,32.022,4521.7,22.233,50.193,52.048,80.117,2.311,1.65,3103.1,42.361,53.301,94.533,9.4774,59.475,44.127,39.532,2633.9,63.745,25.328,47.999,0.33008,8.8525,26.799,120.41,1.2916,75.472,23.397,2.289,53.676,4.8861,234.22,0.0097807,0.816,66.023,18.486,43.614
726,2026-04-29T12:15:00,48.912,23.414,26.867,32.804,41.026,2705.8,3702.8,16.704,18.82,22.214,0.24168,0.10267,341.62,77.366,7.0592,13.507,32.507,4538.6,23.493,44.016,49.751,80.069,2.2863,1.6731,3103.3,42.339,54.1,94.396,9.3983,62.929,37.367,38.051,2635.0,64.22,25.727,47.68,0.31847,8.8926,26.682,120.4,1.3274,74.615,24.25,2.289,53.676,4.8782,231.7,0.0097807,0.816,65.941,18.496,43.614
727,2026-04-29T12:18:00,50.37,23.849,26.345,32.804,42.575,2706.2,3744.6,15.888,18.82,21.717,0.23726,0.10267,341.54,77.167,7.0592,13.507,32.507,4509.0,23.846,47.39,49.815,80.072,2.2863,1.6731,3104.4,42.254,54.454,94.464,9.3569,60.162,37.555,37.769,2634.5,63.501,26.721,47.337,0.32079,8.8926,26.682,120.42,1.3274,75.495,24.25,2.289,53.676,4.8782,229.51,0.0097807,0.816,65.857,18.496,43.614
728,2026-04-29T12:21:00,47.698,18.946,26.661,33.08,40.629,2706.8,3623.8,18.413,18.402,22.2,0.19166,0.10267,341.3,77.729,6.9307,13.68,32.073,4499.0,22.762,41.205,49.591,80.255,2.241,1.6331,3104.5,42.155,54.596,94.506,9.4791,59.541,36.895,36.221,2635.9,62.385,26.374,46.78,0.30102,8.84,26.732,120.36,1.2617,75.517,23.952,2.311,53.676,4.827,229.71,0.0097807,0.816,65.81,18.489,43.614
729,2026-04-29T12:24:00,50.815,19.011,27.033,33.08,41.625,2707.8,3623.8,17.993,18.402,22.293,0.19101,0.10267,341.52,77.539,6.9307,13.68,32.073,4574.1,22.937,48.42,50.784,80.368,2.241,1.6331,3104.8,42.73,53.698,94.735,9.3043,60.059,40.408,36.065,2637.3,62.385,23.734,46.504,0.30229,8.84,26.732,120.39,1.2617,75.213,23.952,2.311,53.676,4.827,226.75,0.0097807,0.816,65.806,18.489,43.614
730,2026-04-29T12:27:00,49.493,22.999,26.764,33.222,40.494,2706.7,3668.5,19.431,18.63,22.187,0.23238,0.096467,341.17,77.112,6.8409,13.746,32.579,4533.1,22.348,45.361,49.831,80.141,2.2319,1.6399,3104.7,42.377,54.252,94.617,9.331,61.161,37.603,38.016,2635.6,62.637,24.764,46.56,0.32163,8.8862,26.833,120.37,1.2611,74.246,23.726,2.2725,54.518,4.957,227.15,0.027216,0.81459,65.769,18.406,43.973
731,2026-04-29T12:30:00,50.233,22.909,27.036,33.222,40.691,2706.2,3603.8,18.092,18.63,22.278,0.23329,0.096467,341.22,77.051,6.8409,13.746,32.579,4544.5,22.927,47.073,48.883,79.865,2.2319,1.6399,3104.2,42.189,54.116,94.66,9.2455,60.2,34.812,38.038,2634.6,63.749,24.497,46.484,0.32144,8.8862,26.833,120.38,1.2611,75.314,23.726,2.2725,54.518,4.957,225.11,0.027216,0.81459,65.662,18.406,43.973
732,2026-04-29T12:33:00,49.879,17.923,26.848,32.823,40.486,2706.6,3667.7,20.838,18.651,22.042,0.18315,0.096467,341.0,77.144,6.7052,13.911,32.051,4560.9,21.774,46.253,49.256,79.916,2.2196,1.6684,3104.0,42.829,54.18,94.569,9.4214,59.353,35.91,38.997,2635.3,63.434,25.512,46.392,0.32663,8.9051,26.334,120.38,1.1011,74.823,24.363,2.3333,54.518,4.9061,223.33,0.027216,0.81459,65.555,19.144,43.973
733,2026-04-29T12:36:00,49.681,18.165,26.782,32.823,41.393,2708.1,3694.1,16.732,18.651,22.299,0.18069,0.096467,341.24,77.664,6.7052,13.911,32.051,4564.9,23.49,45.796,50.556,80.073,2.2196,1.6684,3104.7,42.389,54.132,94.706,9.5275,58.92,39.736,39.497,2637.1,62.98,25.228,46.066,0.32253,8.9051,26.334,120.42,1.1011,75.581,24.363,2.3333,54.518,4.9061,224.16,0.027216,0.81459,65.501,19.144,43.973
734,2026-04-29T12:39:00,47.972,22.842,26.781,33.082,41.139,2709.1,3727.8,18.986,18.68,21.967,0.23269,0.096467,340.42,77.493,6.8452,13.766,32.371,4441.0,22.537,41.84,50.419,80.34,2.2945,1.6373,3107.3,42.218,53.802,94.329,9.3433,61.627,39.334,41.02,2637.5,63.694,26.329,45.831,0.34631,8.7505,26.883,120.41,1.3405,75.181,24.078,2.2879,54.518,4.8593,223.93,0.027216,0.81459,65.534,19.135,43.973
735,2026-04-29T12:42:00,51.261,22.844,27.08,33.082,42.115,2705.5,3701.7,19.207,18.68,21.971,0.23267,0.088894,340.13,77.178,6.8452,13.766,32.371,4488.4,22.455,49.452,50.896,80.165,2.2945,1.6373,3105.4,42.378,53.235,94.589,9.351,61.007,40.737,40.992,2634.2,64.143,24.243,45.638,0.34654,8.7505,26.883,120.44,1.3405,74.156,24.078,2.2879,53.837,4.8593,222.4,0.02439,0.82237,65.544,19.135,44.047
736,2026-04-29T12:45:00,50.428,19.67,26.645,32.601,41.33,2704.3,3698.6,16.676,18.111,21.864,0.2025,0.088894,340.36,76.854,6.786,13.751,32.124,4471.9,23.533,47.524,48.706,80.106,2.2862,1.6522,3102.6,42.463,53.396,94.463,9.2882,61.458,34.293,39.075,2632.3,63.069,24.745,45.34,0.33057,8.9423,26.504,120.4,1.3924,75.114,24.343,2.2464,53.837,4.752,222.55,0.02439,0.82237,65.513,18.326,44.047
737,2026-04-29T12:48:00,49.633,19.714,26.765,32.601,41.727,2701.3,3689.6,19.397,18.111,21.756,0.20206,0.088894,340.1,77.268,6.786,13.751,32.124,4481.3,22.387,45.685,49.049,79.923,2.2862,1.6522,3099.4,42.412,53.282,94.727,9.3537,60.982,35.3,39.352,2629.1,63.223,24.988,45.161,0.3283,8.9423,26.504,120.4,1.3924,74.632,24.343,2.2464,53.837,4.752,221.41,0.02439,0.82237,65.445,18.326,44.047
738,2026-04-29T12:51:00,49.476,22.136,26.935,32.65,40.834,2702.9,3659.1,16.096,18.861,22.038,0.22408,0.088894,340.01,77.11,6.9949,13.714,31.84,4565.6,23.784,45.321,51.517,80.075,2.2813,1.6616,3101.4,42.299,54.267,94.504,9.3025,60.296,42.563,38.768,2631.1,64.331,24.645,44.96,0.3292,8.7939,26.781,120.39,1.2703,74.443,24.433,2.3838,53.837,4.8468,220.55,0.02439,0.82237,65.395,18.917,44.047
739,2026-04-29T12:54:00,50.205,22.096,26.919,32.65,41.51,2702.3,3700.7,16.914,18.861,21.487,0.22448,0.088894,339.38,77.061,6.9949,13.714,31.84,4560.5,23.443,47.009,48.496,80.084,2.2813,1.6616,3102.7,42.585,54.327,94.734,9.3964,59.639,33.675,38.878,2630.2,63.615,25.398,44.738,0.3283,8.7939,26.781,120.39,1.2703,75.273,24.433,2.3838,53.837,4.8468,219.9,0.02439,0.82237,65.392,18.917,44.047
740,2026-04-29T12:57:00,50.166,25.065,27.004,33.024,41.125,2703.5,3637.8,17.615,18.87,22.021,0.25344,0.081759,339.76,77.645,7.0854,13.743,31.957,4495.3,23.135,46.919,49.5,80.139,2.225,1.6326,3101.4,42.383,53.684,94.404,9.4027,60.277,36.63,38.169,2631.8,62.857,24.151,44.71,0.32484,8.8131,26.686,120.41,1.4307,75.125,24.073,2.3251,53.696,4.8026,218.99,0.035143,0.81964,65.363,19.025,43.914
741,2026-04-29T13:00:00,49.754,24.969,26.668,33.024,41.067,2705.4,3651.5,18.207,18.87,21.895,0.25441,0.081759,339.43,77.519,7.0854,13.743,31.957,4494.2,22.884,45.966,50.751,80.31,2.225,1.6326,3104.6,42.281,53.698,94.896,9.3933,59.909,40.31,38.571,2634.0,62.622,25.464,44.39,0.32155,8.8131,26.686,120.4,1.4307,75.824,24.073,2.3251,53.696,4.8026,220.25,0.035143,0.81964,65.36,19.025,43.914
742,2026-04-29T13:03:00,49.511,24.132,26.867,32.428,41.23,2706.6,3627.5,17.959,18.645,22.341,0.24631,0.081759,339.68,77.259,6.8441,13.859,31.861,4480.5,22.996,45.402,49.028,80.311,2.3051,1.6441,3104.6,42.069,53.562,94.585,9.2401,61.394,35.241,38.663,2635.3,62.091,24.719,44.236,0.32602,8.8794,26.468,120.39,1.2248,75.495,24.392,2.3107,53.696,4.9043,219.65,0.035143,0.81964,65.379,18.47,43.914
743,2026-04-29T13:06:00,50.723,24.208,26.479,32.428,40.277,2707.0,3592.1,17.337,18.645,21.853,0.24554,0.081759,339.64,77.157,6.8441,13.859,31.861,4480.5,23.262,48.208,50.641,80.184,2.3051,1.6441,3104.7,43.093,53.562,94.893,9.2434,60.806,39.987,38.706,2635.4,62.7,25.026,44.152,0.32566,8.8794,26.468,120.37,1.2248,75.337,24.392,2.3107,53.696,4.9043,218.27,0.035143,0.81964,65.37,18.47,43.914
744,2026-04-29T13:09:00,49.675,25.538,26.811,32.164,41.084,2708.1,3687.7,19.166,18.597,22.071,0.25638,0.081759,339.98,77.186,6.8456,13.75,31.803,4549.1,22.49,45.782,50.443,80.198,2.263,1.6686,3105.7,41.927,54.108,94.597,9.2651,62.059,39.403,40.352,2637.1,63.094,23.451,44.148,0.33721,8.8906,26.294,120.42,1.1977,75.501,24.359,2.3222,53.696,4.8826,216.04,0.035143,0.81964,65.332,18.883,43.914
745,2026-04-29T13:12:00,49.924,25.403,26.561,32.164,41.911,2707.3,3712.4,18.185,18.597,21.703,0.25775,0.11318,339.72,77.074,6.8456,13.75,31.803,4540.5,22.91,46.357,50.049,80.126,2.263,1.6686,3106.5,42.428,54.211,94.732,9.4115,60.242,38.246,40.013,2636.1,62.668,25.515,43.94,0.34,8.8906,26.294,120.42,1.1977,74.797,24.359,2.3222,53.606,4.8826,215.03,-0.0048014,0.82764,65.264,18.883,44.475
746,2026-04-29T13:15:00,51.283,26.395,26.995,32.531,41.107,2708.2,3679.2,20.08,19.191,22.077,0.26636,0.11318,340.09,77.215,6.9674,13.77,31.683,4556.5,22.111,49.502,50.914,80.06,2.2623,1.6738,3106.3,42.395,53.023,94.592,9.2753,62.513,40.791,39.035,2636.7,63.262,24.219,43.478,0.32408,8.8581,26.248,120.4,1.2645,75.09,24.195,2.3477,53.606,4.8393,217.53,-0.0048014,0.82764,65.22,18.633,44.475
747,2026-04-29T13:18:00,51.421,26.225,27.045,32.531,41.31,2706.7,3671.8,18.593,19.191,21.725,0.2681,0.11318,339.99,77.081,6.9674,13.77,31.683,4513.5,22.748,49.822,49.911,79.979,2.2623,1.6738,3106.5,42.579,53.538,94.578,9.3454,61.154,37.837,39.107,2634.2,63.389,24.882,43.379,0.32349,8.8581,26.248,120.44,1.2645,75.094,24.195,2.3477,53.606,4.8393,215.96,-0.0048014,0.82764,65.182,18.633,44.475
748,2026-04-29T13:21:00,50.355,27.811,26.963,32.624,41.196,2708.6,3664.4,20.556,19.057,22.22,0.28436,0.11318,340.19,77.388,6.9793,13.804,32.051,4489.7,21.915,47.354,50.03,80.046,2.2912,1.6116,3105.6,42.217,54.441,94.696,9.2642,61.69,38.187,39.265,2636.8,62.425,25.708,43.179,0.32564,8.921,26.56,120.41,1.2621,74.155,24.563,2.3238,53.606,4.7872,215.55,-0.0048014,0.82764,65.121,18.493,44.475
749,2026-04-29T13:24:00,50.542,27.831,26.763,32.624,41.164,2708.3,3650.8,15.927,19.057,22.056,0.28417,0.11318,340.53,77.2,6.9793,13.804,32.051,4534.7,23.875,47.788,48.319,79.997,2.2912,1.6116,3106.2,42.303,53.902,94.591,9.3593,60.997,33.153,38.951,2637.0,62.66,23.898,43.186,0.32821,8.921,26.56,120.39,1.2621,74.932,24.563,2.3238,53.606,4.7872,212.85,-0.0048014,0.82764,65.06,18.493,44.475
750,2026-04-29T13:27:00,51.313,24.696,27.105,32.555,40.306,2707.8,3646.6,20.455,18.986,21.921,0.25151,0.11491,340.17,77.081,6.9047,13.668,32.411,4526.6,21.977,49.572,48.604,79.906,2.2721,1.6981,3105.8,42.423,54.377,94.8,9.2401,62.698,33.992,39.905,2635.7,62.541,26.081,42.935,0.32755,8.8577,26.214,120.37,1.3403,75.655,24.429,2.3034,53.876,4.9037,215.1,0.034389,0.85163,65.036,18.417,42.969
751,2026-04-29T13:30:00,47.774,24.609,26.743,32.555,41.576,2708.9,3623.7,16.685,18.986,22.156,0.25239,0.11491,340.82,77.279,6.9047,13.668,32.411,4537.1,23.56,41.382,50.287,80.035,2.2721,1.6981,3106.8,42.315,54.25,94.644,9.1418,61.63,38.946,39.341,2638.2,62.935,23.905,43.154,0.33217,8.8577,26.214,120.42,1.3403,74.989,24.429,2.3034,53.876,4.9037,210.94,0.034389,0.85163,64.998,18.417,42.969
752,2026-04-29T13:33:00,50.791,21.108,26.718,32.862,40.294,2709.5,3651.9,18.848,18.662,22.156,0.21752,0.11491,340.52,77.099,6.9066,13.727,32.315,4537.0,22.654,48.365,49.6,80.009,2.2245,1.6924,3107.1,42.234,54.495,94.743,9.3302,62.673,36.922,37.325,2637.8,63.047,26.635,42.908,0.31779,8.7521,26.51,120.37,1.3063,74.665,24.331,2.304,53.876,4.8635,211.97,0.034389,0.85163,65.01,19.285,42.969
753,2026-04-29T13:36:00,50.025,21.232,26.981,32.862,41.174,2711.5,3645.3,18.062,18.662,22.251,0.21626,0.11491,340.14,77.728,6.9066,13.727,32.315,4556.9,22.96,46.593,51.391,80.266,2.2245,1.6924,3109.8,42.423,54.256,94.509,9.4131,59.143,42.192,37.922,2641.0,63.16,27.09,42.543,0.3129,8.7521,26.51,120.44,1.3063,74.488,24.331,2.304,53.876,4.8635,214.35,0.034389,0.85163,65.006,19.285,42.969
754,2026-04-29T13:39:00,48.526,22.064,27.072,32.327,40.611,2710.9,3717.8,18.297,18.504,22.062,0.22275,0.11491,339.95,77.441,6.9673,13.742,31.589,4450.6,22.857,43.123,50.038,80.39,2.2958,1.6222,3109.3,42.474,53.386,94.623,9.2618,62.202,38.212,38.306,2639.7,61.875,25.27,42.682,0.3212,8.9824,26.497,120.38,1.3873,75.428,23.989,2.3162,53.876,4.7916,211.01,0.034389,0.85163,65.081,18.67,42.969
755,2026-04-29T13:42:00,49.12,21.768,27.023,32.327,41.699,2706.2,3656.5,18.853,18.504,21.831,0.22576,0.093082,339.54,76.744,6.9673,13.742,31.589,4453.3,22.653,44.497,49.402,79.993,2.2958,1.6222,3106.2,42.443,53.353,94.635,9.3397,63.417,36.339,38.439,2634.7,62.929,25.685,42.994,0.32011,8.9824,26.497,120.42,1.3873,75.51,23.989,2.3162,53.938,4.7916,212.71,0.019211,0.85988,65.084,18.67,43.511
756,2026-04-29T13:45:00,51.547,29.277,26.766,32.877,40.484,2707.1,3662.6,14.995,18.736,21.716,0.29464,0.093082,340.22,77.17,6.7594,13.752,32.16,4529.9,24.275,50.114,49.922,79.862,2.2108,1.688,3105.2,42.384,53.91,94.746,9.2132,62.006,37.871,38.217,2635.5,62.24,23.542,43.011,0.32402,8.9754,26.49,120.36,1.2154,75.539,23.724,2.3383,53.938,4.8279,213.87,0.019211,0.85988,64.999,19.134,43.511
757,2026-04-29T13:48:00,49.848,29.098,27.356,32.877,40.992,2709.3,3627.9,19.644,18.736,22.253,0.29647,0.093082,340.01,77.224,6.7594,13.752,32.16,4467.6,22.316,46.182,50.231,80.028,2.2108,1.688,3107.3,42.361,54.657,94.655,9.2873,59.791,38.78,38.16,2638.0,62.837,25.544,43.296,0.32449,8.9754,26.49,120.4,1.2154,76.024,23.724,2.3383,53.938,4.8279,212.0,0.019211,0.85988,64.984,19.134,43.511
758,2026-04-29T13:51:00,50.135,23.908,26.837,32.453,40.605,2709.2,3703.1,17.028,18.5,22.157,0.24534,0.093082,340.38,76.902,6.779,13.776,32.292,4423.3,23.429,46.845,52.38,79.995,2.2226,1.657,3107.1,42.272,54.026,94.711,9.3478,61.143,45.103,38.237,2637.5,63.385,24.216,43.292,0.32528,8.8657,26.302,120.4,1.2956,75.432,24.168,2.3689,53.938,4.8726,213.37,0.019211,0.85988,64.988,18.619,43.511
759,2026-04-29T13:54:00,49.858,23.975,26.884,32.453,41.237,2707.8,3707.7,16.798,18.5,22.194,0.24466,0.093082,340.58,77.163,6.779,13.776,32.292,4473.7,23.523,46.206,51.562,79.925,2.2226,1.657,3105.1,42.266,53.424,94.524,9.2435,61.096,42.696,38.413,2636.6,63.305,25.697,43.389,0.32383,8.8657,26.302,120.41,1.2956,74.451,24.168,2.3689,53.938,4.8726,213.63,0.019211,0.85988,64.967,18.619,43.511
760,2026-04-29T13:57:00,49.782,22.684,26.903,32.628,41.85,2708.3,3704.1,20.504,18.833,21.95,0.23154,0.1042,340.15,77.285,7.0375,13.803,31.82,4547.4,21.955,46.03,50.379,80.101,2.2723,1.6534,3105.4,42.261,53.787,94.59,9.2461,60.034,39.216,39.236,2636.9,63.302,25.618,43.687,0.32164,8.8168,26.472,120.44,1.4078,75.231,23.833,2.3216,54.201,4.8451,214.36,0.032413,0.85754,65.011,18.981,44.213
761,2026-04-29T14:00:00,50.631,22.694,26.791,32.628,41.352,2705.5,3701.8,17.487,18.833,22.042,0.23144,0.1042,339.72,77.242,7.0375,13.803,31.82,4505.3,23.229,47.994,48.68,80.056,2.2723,1.6534,3104.6,42.465,54.291,94.413,9.3914,62.647,34.215,38.724,2634.3,63.342,25.018,43.823,0.32583,8.8168,26.472,120.4,1.4078,74.909,23.833,2.3216,54.201,4.8451,215.31,0.032413,0.85754,65.047,18.981,44.213
762,2026-04-29T14:03:00,49.118,27.536,26.796,32.962,41.38,2708.2,3639.6,15.417,18.499,22.018,0.27615,0.1042,339.84,77.333,6.8661,13.819,32.203,4466.6,24.092,44.492,49.881,80.207,2.2407,1.6038,3105.2,42.107,53.864,94.737,9.2104,61.266,37.749,38.657,2636.3,62.12,25.16,43.973,0.33182,8.9092,26.232,120.4,1.4,74.76,24.094,2.3299,54.201,4.8692,216.07,0.032413,0.85754,65.132,18.655,44.213
763,2026-04-29T14:06:00,47.798,27.464,26.806,32.962,40.843,2706.6,3634.6,18.922,18.499,22.071,0.27688,0.1042,340.39,77.048,6.8661,13.819,32.203,4497.2,22.623,41.438,51.822,80.103,2.2407,1.6038,3104.4,42.022,53.497,94.639,9.3631,62.187,43.461,38.939,2634.6,62.205,24.669,44.122,0.32951,8.9092,26.232,120.38,1.4,75.277,24.094,2.3299,54.201,4.8692,216.79,0.032413,0.85754,65.207,18.655,44.213
764,2026-04-29T14:09:00,49.538,24.067,26.881,32.275,40.041,2705.0,3680.0,18.665,18.79,21.966,0.24114,0.1042,340.24,76.964,7.0011,13.865,31.862,4517.8,22.742,45.464,49.183,79.929,2.2676,1.6812,3103.0,42.422,54.043,94.752,9.2593,62.459,35.696,39.273,2632.6,62.861,23.418,44.293,0.33007,8.7883,26.302,120.38,1.2533,75.071,24.302,2.2997,54.201,4.8031,217.34,0.032413,0.85754,65.174,19.049,44.213
765,2026-04-29T14:12:00,50.502,24.012,26.665,32.275,41.324,2703.6,3658.8,20.878,18.79,21.781,0.2417,0.099138,339.81,76.909,7.0011,13.865,31.862,4523.6,21.82,47.695,50.841,79.817,2.2676,1.6812,3101.6,42.765,53.973,94.719,9.2841,61.348,40.575,39.003,2631.6,63.226,26.242,44.441,0.33228,8.7883,26.302,120.39,1.2533,75.387,24.302,2.2997,53.395,4.8031,217.93,0.0072295,0.86529,65.14,19.049,42.604
766,2026-04-29T14:15:00,49.041,27.21,26.855,33.054,41.12,2704.1,3629.7,20.01,18.592,21.917,0.2783,0.099138,340.24,77.355,6.89,13.648,31.88,4432.3,22.182,44.315,49.579,79.859,2.2858,1.653,3102.1,42.148,54.086,94.726,9.2508,60.243,36.862,40.241,2632.6,62.495,25.899,44.595,0.33257,8.8958,26.392,120.42,1.3376,75.446,24.171,2.2328,53.395,4.7887,218.61,0.0072295,0.86529,65.102,18.671,42.604
767,2026-04-29T14:18:00,50.796,27.479,27.143,33.054,40.142,2706.1,3626.7,19.569,18.592,22.244,0.27557,0.099138,340.63,77.262,6.89,13.648,31.88,4494.1,22.371,48.377,48.703,79.951,2.2858,1.653,3104.1,42.311,53.346,94.788,9.3162,62.249,34.282,40.279,2634.2,62.546,24.914,44.689,0.33225,8.8958,26.392,120.38,1.3376,75.123,24.171,2.2328,53.395,4.7887,219.94,0.0072295,0.86529,65.126,18.671,42.604
768,2026-04-29T14:21:00,51.512,27.351,26.923,33.079,41.541,2711.6,3664.3,19.645,18.293,22.517,0.28005,0.099138,340.88,77.612,6.958,13.815,32.168,4549.8,22.319,50.032,50.19,80.318,2.2262,1.6027,3107.7,42.211,53.595,94.631,9.3302,60.541,38.658,37.016,2641.7,62.815,24.179,44.775,0.31055,8.8007,26.324,120.43,1.2946,73.721,23.94,2.3088,53.395,4.8138,221.28,0.0072295,0.86529,65.187,18.621,42.604
769,2026-04-29T14:24:00,49.05,27.405,27.104,33.079,40.2,2712.8,3672.5,18.372,18.293,22.447,0.27951,0.099138,340.75,77.239,6.958,13.815,32.168,4492.8,22.856,44.336,49.033,80.365,2.2262,1.6027,3109.5,42.239,54.277,94.544,9.3721,60.95,35.254,36.95,2641.0,62.673,24.334,44.873,0.31109,8.8007,26.324,120.37,1.2946,73.94,23.94,2.3088,53.395,4.8138,222.44,0.0072295,0.86529,65.321,18.621,42.604
770,2026-04-29T14:27:00,50.986,24.713,27.078,32.643,41.618,2710.0,3623.1,19.994,18.857,22.168,0.25445,0.090002,340.72,77.275,6.8365,13.948,32.043,4519.7,22.171,48.816,49.851,80.173,2.2739,1.6608,3108.7,42.518,54.099,94.634,9.3214,63.263,37.661,38.903,2638.9,62.888,24.921,45.318,0.33058,8.9303,26.802,120.42,1.2997,75.337,24.226,2.3362,54.089,4.819,222.42,0.016802,0.84469,65.376,18.471,44.408
771,2026-04-29T14:30:00,48.488,24.687,26.941,32.643,41.167,2709.1,3642.9,18.561,18.857,22.232,0.25472,0.090002,341.05,77.465,6.8365,13.948,32.043,4521.2,22.771,43.036,50.73,80.058,2.2739,1.6608,3108.0,42.02,54.082,94.698,9.373,59.102,40.248,39.206,2637.7,62.547,26.698,45.604,0.3281,8.9303,26.802,120.39,1.2997,74.123,24.226,2.3362,54.089,4.819,222.64,0.016802,0.84469,65.398,18.471,44.408
772,2026-04-29T14:33:00,50.006,26.054,26.843,32.585,41.007,2709.1,3633.1,16.826,18.904,21.651,0.26675,0.090002,340.39,77.348,6.7385,13.808,32.015,4539.6,23.501,46.549,53.049,80.072,2.2816,1.6491,3108.9,42.261,54.266,94.579,9.3086,61.92,47.073,40.74,2637.2,63.766,25.046,45.749,0.34548,8.9462,26.398,120.4,1.2525,75.549,24.074,2.3217,54.089,4.8569,224.49,0.016802,0.84469,65.403,19.091,44.408
773,2026-04-29T14:36:00,50.95,26.339,26.531,32.585,40.443,2707.4,3659.5,19.198,18.904,21.695,0.26385,0.090002,340.71,76.936,6.7385,13.808,32.015,4550.6,22.523,48.733,49.363,79.865,2.2816,1.6491,3106.1,42.323,54.135,94.663,9.4364,60.32,36.225,40.597,2635.3,63.311,24.936,46.008,0.34665,8.9462,26.398,120.38,1.2525,75.495,24.074,2.3217,54.089,4.8569,225.02,0.016802,0.84469,65.404,19.091,44.408
774,2026-04-29T14:39:00,51.113,26.452,27.042,33.142,41.545,2705.3,3682.2,16.208,18.248,22.104,0.27149,0.090002,340.83,77.03,7.0035,14.046,32.143,4455.0,23.787,49.109,49.434,79.797,2.2833,1.6503,3104.4,42.062,53.757,94.574,9.3381,62.551,36.435,39.086,2634.3,63.869,24.503,46.286,0.329,8.9114,26.5,120.41,1.1962,75.297,24.474,2.3315,54.089,4.7193,225.37,0.016802,0.84469,65.403,18.912,44.408
775,2026-04-29T14:42:00,51.325,26.317,26.672,33.142,41.144,2707.2,3710.8,19.186,18.248,22.1,0.27286,0.12002,340.92,77.353,7.0035,14.046,32.143,4434.0,22.52,49.6,49.727,80.012,2.2833,1.6503,3105.1,42.374,54.009,94.513,9.3276,59.049,37.295,38.878,2636.4,63.377,25.508,46.063,0.33071,8.9114,26.5,120.41,1.1962,74.599,24.474,2.3315,53.205,4.7193,225.8,0.018096,0.86215,65.39,18.912,44.2
776,2026-04-29T14:45:00,49.501,25.435,26.924,32.646,40.411,2705.2,3595.7,17.576,18.651,22.097,0.25939,0.12002,340.68,77.24,6.9453,13.685,32.285,4493.6,23.205,45.379,49.48,79.925,2.2526,1.6479,3102.8,42.707,53.697,94.63,9.37,58.969,36.571,42.444,2633.4,63.043,25.574,46.032,0.35498,8.5951,26.314,120.37,1.2321,75.804,23.945,2.3551,53.205,4.8491,227.17,0.018096,0.86215,65.389,19.13,44.2
777,2026-04-29T14:48:00,50.375,25.508,26.925,32.646,40.844,2703.6,3592.7,18.585,18.651,22.231,0.25865,0.12002,341.07,76.784,6.9453,13.685,32.285,4488.8,22.804,47.401,49.658,79.746,2.2526,1.6479,3101.1,42.17,53.755,94.783,9.3691,62.208,37.094,42.192,2631.7,63.096,28.304,46.247,0.35705,8.5951,26.314,120.4,1.2321,75.37,23.945,2.3551,53.205,4.8491,225.81,0.018096,0.86215,65.373,19.13,44.2
778,2026-04-29T14:51:00,51.153,24.104,27.357,32.795,40.721,2705.4,3651.2,16.578,18.924,22.15,0.24473,0.12002,341.2,77.443,6.8317,13.873,31.81,4459.5,23.632,49.203,51.217,79.829,2.2764,1.6921,3102.4,42.416,53.53,94.843,9.3,62.199,41.681,37.442,2633.2,62.513,25.388,46.209,0.31716,8.781,25.926,120.38,1.2128,74.531,24.696,2.2756,53.205,4.8067,227.3,0.018096,0.86215,65.374,18.984,44.2
779,2026-04-29T14:54:00,48.707,24.133,27.16,32.795,41.544,2710.1,3647.4,20.732,18.924,22.587,0.24444,0.12002,341.64,77.93,6.8317,13.873,31.81,4450.3,21.858,43.541,51.508,80.237,2.2764,1.6921,3105.3,42.179,53.64,94.558,9.4271,60.288,42.538,37.331,2639.1,62.579,23.135,46.216,0.31806,8.781,25.926,120.42,1.2128,74.663,24.696,2.2756,53.205,4.8067,228.24,0.018096,0.86215,65.429,18.984,44.2
780,2026-04-29T14:57:00,50.729,28.827,26.815,32.991,40.955,2710.9,3669.1,18.76,18.422,21.923,0.29157,0.10972,341.53,77.339,6.8498,13.957,32.282,4511.2,22.695,48.22,50.932,80.272,2.2581,1.6774,3108.9,42.434,53.222,94.66,9.3411,58.864,40.843,39.999,2639.5,63.196,25.736,46.828,0.33708,9.0714,26.471,120.4,1.1597,75.85,23.82,2.2462,53.35,4.6896,227.68,0.014174,0.85216,65.549,18.987,44.25
781,2026-04-29T15:00:00,49.713,28.692,26.828,32.991,42.925,2710.5,3686.2,18.287,18.422,22.229,0.29294,0.10972,341.67,77.349,6.8498,13.957,32.282,4473.1,22.895,45.87,50.621,80.138,2.2581,1.6774,3106.9,42.322,53.679,94.432,9.4717,61.537,39.928,39.915,2639.3,62.9,25.664,46.965,0.33776,9.0714,26.471,120.44,1.1597,74.246,23.82,2.2462,53.35,4.6896,229.39,0.014174,0.85216,65.589,18.987,44.25
782,2026-04-29T15:03:00,49.624,24.396,27.069,32.422,40.086,2708.8,3659.3,21.005,18.56,22.112,0.2484,0.10972,341.69,77.476,6.7436,13.964,32.031,4444.9,21.743,45.665,49.745,80.098,2.2312,1.6458,3107.3,42.502,53.972,94.625,9.4198,59.383,37.348,41.104,2637.3,63.243,23.37,47.057,0.34738,8.8522,26.821,120.37,1.3332,74.964,24.382,2.322,53.35,4.8897,231.64,0.014174,0.85216,65.631,18.501,44.25
783,2026-04-29T15:06:00,50.658,24.298,26.558,32.422,41.663,2707.6,3671.0,18.55,18.56,22.191,0.24939,0.10972,341.75,77.038,6.7436,13.964,32.031,4452.8,22.788,48.058,49.626,80.002,2.2312,1.6458,3104.2,42.313,53.879,94.516,9.3854,60.997,37.001,41.37,2636.3,63.042,23.173,47.568,0.34519,8.8522,26.821,120.41,1.3332,74.979,24.382,2.322,53.35,4.8897,229.14,0.014174,0.85216,65.655,18.501,44.25
784,2026-04-29T15:09:00,50.56,26.687,26.929,32.841,40.123,2706.6,3693.0,18.875,18.398,22.143,0.27422,0.10972,341.96,76.883,6.8382,13.836,32.221,4532.0,22.667,47.831,50.014,79.808,2.204,1.618,3104.8,42.35,54.129,94.59,9.3109,63.055,38.141,40.998,2635.0,63.675,25.332,47.619,0.35154,8.8236,26.559,120.39,1.1637,74.709,24.192,2.2201,53.35,4.8748,231.85,0.014174,0.85216,65.623,18.414,44.25
785,2026-04-29T15:12:00,50.902,26.662,27.121,32.841,41.124,2709.1,3709.0,17.994,18.398,22.533,0.27448,0.086057,342.03,77.68,6.8382,13.836,32.221,4493.4,23.013,48.622,50.492,80.013,2.204,1.618,3106.1,42.572,54.591,94.478,9.3296,61.541,39.547,41.49,2638.0,63.399,24.42,47.767,0.34751,8.8236,26.559,120.42,1.1637,74.719,24.192,2.2201,53.635,4.8748,231.06,0.01154,0.85012,65.616,18.414,44.442
786,2026-04-29T15:15:00,49.565,25.066,26.906,32.312,42.065,2710.3,3706.3,18.566,18.631,22.277,0.25521,0.086057,342.0,77.467,6.637,13.888,32.221,4538.9,22.769,45.527,49.969,80.167,2.2636,1.6351,3108.4,42.506,54.313,94.562,9.4318,60.543,38.01,39.649,2639.2,62.703,24.819,47.964,0.33546,8.8742,26.171,120.41,1.2979,74.358,23.693,2.2611,53.635,4.8336,231.02,0.01154,0.85012,65.671,19.023,44.442
787,2026-04-29T15:18:00,49.412,25.153,26.878,32.312,41.445,2711.9,3675.3,21.601,18.631,22.525,0.25433,0.086057,342.2,77.61,6.637,13.888,32.221,4540.1,21.478,45.173,52.033,80.298,2.2636,1.6351,3108.2,42.619,54.298,94.432,9.2154,61.054,44.082,39.723,2641.6,63.237,26.988,48.131,0.33486,8.8742,26.171,120.4,1.2979,74.461,23.693,2.2611,53.635,4.8336,231.26,0.01154,0.85012,65.748,19.023,44.442
788,2026-04-29T15:21:00,48.245,25.059,27.114,33.268,42.349,2710.6,3719.1,17.722,19.076,22.383,0.2547,0.086057,341.63,77.63,7.009,13.808,32.369,4452.9,23.104,42.472,50.867,80.252,2.2508,1.7036,3108.0,42.368,53.857,94.386,9.3377,59.778,40.651,40.282,2640.2,64.383,24.2,48.147,0.34212,8.9833,26.764,120.43,1.2827,74.99,24.263,2.2654,53.635,4.7759,233.18,0.01154,0.85012,65.829,18.716,44.442
789,2026-04-29T15:24:00,49.351,25.179,26.974,33.268,40.853,2706.3,3765.9,18.094,19.076,21.997,0.25347,0.086057,341.73,77.02,7.009,13.808,32.369,4488.1,22.965,45.033,49.114,80.095,2.2508,1.7036,3104.8,42.133,53.437,94.357,9.4448,59.102,35.492,40.22,2635.3,63.578,25.913,48.379,0.34263,8.9833,26.764,120.39,1.2827,74.527,24.263,2.2654,53.635,4.7759,232.66,0.01154,0.85012,65.861,18.716,44.442
790,2026-04-29T15:27:00,49.775,23.482,27.459,32.677,42.004,2703.9,3665.1,17.339,18.818,22.763,0.23982,0.10886,341.81,76.925,6.8212,13.773,31.928,4530.0,23.294,46.013,49.326,79.872,2.2867,1.6515,3100.3,42.536,53.671,94.575,9.2558,61.267,36.116,39.364,2631.5,62.106,23.982,48.297,0.33239,8.9614,26.54,120.41,1.3178,74.594,24.265,2.3268,54.037,4.7854,235.43,0.013165,0.8506,65.85,18.57,43.707
791,2026-04-29T15:30:00,49.81,23.448,26.603,32.677,41.118,2703.9,3651.9,21.026,18.818,22.168,0.24017,0.10886,341.88,77.042,6.8212,13.773,31.928,4465.4,21.746,46.095,48.911,79.797,2.2867,1.6515,3099.4,42.436,54.444,94.727,9.3926,61.355,34.896,39.349,2632.7,62.332,25.704,48.512,0.33252,8.9614,26.54,120.36,1.3178,74.61,24.265,2.3268,54.037,4.7854,235.07,0.013165,0.8506,65.794,18.57,43.707
792,2026-04-29T15:33:00,51.13,27.707,27.101,33.073,41.404,2706.1,3702.0,16.779,18.798,22.47,0.28308,0.10886,341.91,77.383,7.0921,13.793,31.788,4482.8,23.53,49.15,48.748,79.917,2.2607,1.6855,3102.2,42.356,54.617,94.605,9.355,60.728,34.415,38.681,2634.9,63.086,25.887,48.653,0.33005,8.9188,26.774,120.4,1.2624,74.73,24.564,2.3175,54.037,4.7747,235.53,0.013165,0.8506,65.765,18.72,43.707
793,2026-04-29T15:36:00,52.822,27.722,26.566,33.073,41.685,2709.1,3649.4,18.253,18.798,22.373,0.28293,0.10886,342.17,77.553,7.0921,13.793,31.788,4518.2,22.898,53.064,49.411,80.075,2.2607,1.6855,3105.3,42.35,54.193,94.598,9.3998,60.306,36.366,38.515,2638.0,63.991,24.899,49.004,0.3314,8.9188,26.774,120.4,1.2624,74.913,24.564,2.3175,54.037,4.7747,233.59,0.013165,0.8506,65.813,18.72,43.707
794,2026-04-29T15:39:00,50.623,29.324,27.334,33.327,40.586,2710.6,3617.2,17.161,18.799,22.603,0.30056,0.10886,342.24,77.263,6.911,13.878,31.798,4508.8,23.359,47.976,51.628,80.184,2.2433,1.6658,3106.7,42.346,53.96,94.612,9.4235,60.352,42.891,39.093,2639.2,62.099,24.052,48.93,0.33052,8.906,26.637,120.39,1.4509,74.569,24.179,2.3281,54.037,4.8524,236.38,0.013165,0.8506,65.88,19.079,43.707
795,2026-04-29T15:42:00,48.615,29.305,27.369,33.327,41.308,2709.7,3625.4,15.667,18.799,22.584,0.30076,0.10148,342.51,76.969,6.911,13.878,31.798,4537.4,24.002,43.329,49.092,79.885,2.2433,1.6658,3105.8,43.066,53.617,94.711,9.3707,60.128,35.429,39.228,2638.2,61.958,24.559,48.952,0.32941,8.906,26.637,120.38,1.4509,74.376,24.179,2.3281,53.336,4.8524,238.52,0.014903,0.83323,65.905,19.079,43.321
796,2026-04-29T15:45:00,50.265,29.796,26.896,32.912,40.923,2711.4,3663.7,17.034,18.32,22.607,0.302,0.10148,342.84,77.474,6.8381,13.788,32.497,4460.8,23.416,47.147,51.214,79.826,2.2999,1.6658,3107.2,42.361,53.631,94.602,9.3568,59.845,41.673,40.037,2639.9,62.774,23.509,49.24,0.34145,8.8161,26.403,120.38,1.3289,75.801,24.271,2.3621,53.336,4.9474,237.47,0.014903,0.83323,65.839,18.695,43.321
797,2026-04-29T15:48:00,49.762,29.674,26.949,32.912,41.172,2713.8,3622.2,17.768,18.32,22.935,0.30324,0.10148,343.3,77.445,6.8381,13.788,32.497,4467.6,23.101,45.984,48.125,79.99,2.2999,1.6658,3107.7,42.673,53.55,94.565,9.4149,60.366,32.583,40.025,2642.4,63.488,25.637,49.458,0.34154,8.8161,26.403,120.39,1.3289,74.795,24.271,2.3621,53.336,4.9474,237.19,0.014903,0.83323,65.883,18.695,43.321
798,2026-04-29T15:51:00,50.838,23.041,26.837,32.381,41.348,2712.3,3656.0,16.844,18.888,22.572,0.23637,0.10148,343.39,77.119,6.8839,13.921,31.769,4468.7,23.502,48.472,49.419,79.893,2.2743,1.6944,3108.1,42.416,54.46,94.524,9.3272,62.088,36.39,38.923,2640.9,63.553,25.387,49.542,0.33099,8.8821,26.579,120.41,1.2741,75.54,24.046,2.2634,53.336,4.7683,238.39,0.014903,0.83323,65.91,19.089,43.321
799,2026-04-29T15:54:00,50.328,23.241,27.085,32.381,40.872,2712.5,3698.7,18.253,18.888,23.216,0.23435,0.10148,343.4,77.141,6.8839,13.921,31.769,4467.2,22.911,47.292,48.915,79.863,2.2743,1.6944,3106.2,42.384,54.479,94.499,9.3981,59.586,34.908,38.82,2642.1,62.818,25.486,49.558,0.33183,8.8821,26.579,120.41,1.2741,74.645,24.046,2.2634,53.336,4.7683,240.39,0.014903,0.83323,65.907,19.089,43.321
800,2026-04-29T15:57:00,50.958,30.024,26.688,33.298,40.67,2711.4,3670.0,14.863,18.021,22.565,0.30725,0.094328,343.67,77.257,6.7779,13.761,32.789,4437.5,24.334,48.75,49.539,79.859,2.2184,1.7026,3107.9,42.348,53.849,94.541,9.4135,62.299,36.742,41.017,2639.9,62.93,25.051,49.635,0.34332,8.8277,25.905,120.4,1.0631,74.905,24.058,2.2374,54.044,4.8261,236.81,0.019835,0.84719,65.909,18.291,43.987
801,2026-04-29T16:00:00,49.893,30.328,27.171,33.298,41.639,2711.1,3619.8,17.2,18.021,22.712,0.30416,0.094328,343.61,77.198,6.7779,13.761,32.789,4433.7,23.355,46.286,49.712,79.773,2.2184,1.7026,3106.8,42.219,53.894,94.517,9.2707,65.527,37.253,41.077,2639.9,63.794,26.041,49.453,0.34282,8.8277,25.905,120.41,1.0631,74.843,24.058,2.2374,54.044,4.8261,238.88,0.019835,0.84719,65.88,18.291,43.987
802,2026-04-29T16:03:00,50.865,20.302,26.81,33.1,41.584,2711.7,3709.5,17.153,18.242,23.004,0.20701,0.094328,343.92,77.611,6.8569,14.025,32.745,4566.1,23.36,48.537,49.861,79.952,2.238,1.6585,3107.1,42.12,54.281,94.512,9.4007,58.891,37.692,38.509,2641.9,63.229,23.756,49.498,0.32903,8.8523,26.088,120.42,1.251,74.026,24.248,2.3097,54.044,4.7569,238.41,0.019835,0.84719,65.912,18.633,43.987
803,2026-04-29T16:06:00,51.345,20.097,26.699,33.1,41.782,2713.8,3687.7,19.126,18.242,23.054,0.20909,0.094328,343.88,77.348,6.8569,14.025,32.745,4566.4,22.523,49.648,50.759,80.206,2.238,1.6585,3107.9,42.177,54.278,94.439,9.4168,63.084,40.334,38.796,2643.4,63.604,25.699,49.647,0.32667,8.8523,26.088,120.4,1.251,75.137,24.248,2.3097,54.044,4.7569,236.72,0.019835,0.84719,65.971,18.633,43.987
804,2026-04-29T16:09:00,50.282,20.131,26.849,33.342,41.681,2709.5,3653.1,18.736,18.55,22.665,0.20517,0.094328,343.19,77.324,6.8266,13.806,32.941,4509.2,22.684,47.186,49.941,80.08,2.2617,1.6544,3104.4,42.147,54.177,94.449,9.2268,61.908,37.926,42.274,2638.2,63.567,24.801,49.598,0.35692,8.802,26.471,120.4,1.044,74.477,24.038,2.3593,54.044,4.7644,237.22,0.019835,0.84719,66.037,18.132,43.987
805,2026-04-29T16:12:00,49.351,20.192,26.768,33.342,41.324,2706.1,3675.3,15.914,18.55,22.59,0.20455,0.10895,343.17,77.21,6.8266,13.806,32.941,4498.5,23.881,45.032,50.027,79.888,2.2617,1.6544,3100.4,42.406,54.304,94.599,9.337,60.822,38.179,42.307,2635.0,63.186,24.671,49.804,0.35665,8.802,26.471,120.36,1.044,74.902,24.038,2.3593,54.1,4.7644,238.99,0.026124,0.83806,66.019,18.132,43.612
806,2026-04-29T16:15:00,50.861,17.63,27.081,33.294,40.634,2704.4,3688.8,18.682,18.362,22.19,0.17894,0.10895,342.57,76.88,6.958,13.787,32.504,4578.3,22.727,48.526,50.901,79.872,2.2838,1.656,3101.5,42.429,54.646,94.605,9.4298,59.706,40.753,39.466,2632.3,63.256,24.664,49.911,0.33298,8.9017,26.359,120.39,0.99296,75.706,23.761,2.3141,54.1,4.8795,239.55,0.026124,0.83806,66.043,18.723,43.612
807,2026-04-29T16:18:00,49.294,17.65,27.037,33.294,41.203,2701.8,3687.8,20.048,18.362,22.372,0.17874,0.10895,342.48,76.735,6.958,13.787,32.504,4608.0,22.165,44.9,50.583,79.749,2.2838,1.656,3099.0,42.274,54.29,94.635,9.4017,58.654,39.816,39.228,2631.1,63.274,25.421,50.136,0.33493,8.9017,26.359,120.39,0.99296,75.599,23.761,2.3141,54.1,4.8795,238.82,0.026124,0.83806,66.012,18.723,43.612
808,2026-04-29T16:21:00,50.577,21.353,27.214,33.07,41.313,2702.5,3639.1,20.019,18.624,22.462,0.21459,0.10895,341.76,77.296,6.8604,13.715,32.626,4514.0,22.168,47.87,49.483,79.777,2.2384,1.6368,3097.9,42.226,54.024,94.698,9.256,63.138,36.578,39.565,2631.6,62.949,25.341,50.1,0.32778,8.8417,26.304,120.38,1.2383,75.042,24.515,2.2467,54.1,4.9324,241.04,0.026124,0.83806,65.945,18.716,43.612
809,2026-04-29T16:24:00,50.499,21.052,26.712,33.07,40.59,2705.9,3665.6,16.797,18.624,22.842,0.21765,0.10895,342.03,77.607,6.8604,13.715,32.626,4485.0,23.512,47.69,50.008,80.093,2.2384,1.6368,3099.0,42.217,54.371,94.721,9.2493,61.164,38.123,38.814,2635.1,62.493,25.418,50.294,0.33394,8.8417,26.304,120.38,1.2383,75.634,24.515,2.2467,54.1,4.9324,240.63,0.026124,0.83806,65.986,18.716,43.612
810,2026-04-29T16:27:00,51.018,19.611,26.371,33.272,40.911,2708.4,3693.8,17.557,18.579,22.423,0.20086,0.087168,341.34,77.486,6.9137,13.802,32.149,4525.6,23.179,48.889,51.275,80.433,2.2594,1.6751,3104.3,42.28,53.911,94.582,9.3102,59.952,41.853,38.413,2637.3,62.839,24.346,50.353,0.32049,9.012,26.585,120.4,1.0698,74.938,23.902,2.297,53.008,4.8507,239.18,0.011832,0.84546,66.096,18.486,43.9
811,2026-04-29T16:30:00,49.816,19.767,27.089,33.272,41.334,2705.3,3684.0,18.826,18.579,22.137,0.19928,0.087168,340.75,77.003,6.9137,13.802,32.149,4495.6,22.659,46.108,50.77,80.153,2.2594,1.6751,3103.2,42.404,54.27,94.596,9.2253,63.542,40.365,38.008,2633.0,63.008,23.569,50.349,0.32381,9.012,26.585,120.36,1.0698,74.919,23.902,2.297,53.008,4.8507,239.79,0.011832,0.84546,66.184,18.486,43.9
812,2026-04-29T16:33:00,50.068,24.1,26.734,33.176,40.591,2703.9,3660.5,20.561,18.386,21.89,0.24325,0.087168,340.9,76.944,6.872,13.884,32.208,4539.3,21.939,46.692,51.408,79.955,2.2933,1.64,3101.0,42.276,54.342,94.609,9.2901,62.515,42.245,39.137,2632.5,62.94,24.172,50.158,0.33283,8.8578,26.291,120.38,1.2072,74.765,24.145,2.3226,53.008,4.8884,242.57,0.011832,0.84546,66.155,18.583,43.9
813,2026-04-29T16:36:00,49.304,23.922,27.099,33.176,41.346,2704.4,3673.2,17.35,18.386,22.22,0.24506,0.087168,340.83,77.199,6.872,13.884,32.208,4505.5,23.289,44.924,48.634,79.916,2.2933,1.64,3101.9,42.173,54.746,94.765,9.4462,60.834,34.079,39.536,2632.1,62.722,24.333,50.291,0.32956,8.8578,26.291,120.41,1.2072,74.586,24.145,2.3226,53.008,4.8884,241.76,0.011832,0.84546,66.093,18.583,43.9
814,2026-04-29T16:39:00,49.634,23.42,26.66,32.804,41.328,2705.4,3669.7,19.312,18.113,21.795,0.23893,0.087168,340.38,77.279,6.774,13.781,32.047,4486.0,22.458,45.686,48.443,80.087,2.2728,1.6771,3104.6,42.414,54.781,94.647,9.3476,61.156,33.517,40.578,2633.6,63.138,24.235,50.249,0.33936,8.6903,26.023,120.4,1.3758,75.696,24.716,2.2893,53.008,4.7992,242.88,0.011832,0.84546,66.086,18.458,43.9
815,2026-04-29T16:42:00,50.759,23.322,27.047,32.804,40.812,2706.4,3691.0,16.577,18.113,22.096,0.23992,0.088541,340.73,77.342,6.774,13.781,32.047,4523.7,23.608,48.291,50.039,80.132,2.2728,1.6771,3104.6,42.707,54.33,94.574,9.327,61.0,38.214,40.704,2635.5,62.772,26.526,50.689,0.33833,8.6903,26.023,120.4,1.3758,74.829,24.716,2.2893,53.995,4.7992,240.84,0.021271,0.85109,66.097,18.458,43.365
816,2026-04-29T16:45:00,49.212,25.089,26.94,32.798,41.533,2708.8,3677.2,19.228,18.887,22.434,0.25436,0.088541,340.59,77.413,6.9555,13.88,31.981,4528.2,22.48,44.71,48.886,80.304,2.266,1.6794,3106.7,42.325,54.626,94.486,9.3425,61.5,34.823,39.167,2637.5,63.923,26.199,50.708,0.32841,8.9061,26.43,120.42,1.2699,74.989,23.565,2.2978,53.995,4.7751,242.21,0.021271,0.85109,66.184,19.177,43.365
817,2026-04-29T16:48:00,47.779,25.126,26.838,32.798,41.241,2708.4,3725.2,19.437,18.887,22.236,0.25398,0.088541,340.43,77.682,6.9555,13.88,31.981,4512.9,22.376,41.394,49.323,80.422,2.266,1.6794,3107.3,42.343,54.809,94.393,9.2141,60.789,36.107,39.232,2637.5,63.098,24.456,50.948,0.32788,8.9061,26.43,120.41,1.2699,74.703,23.565,2.2978,53.995,4.7751,241.02,0.021271,0.85109,66.256,19.177,43.365
818,2026-04-29T16:51:00,49.88,25.894,26.791,32.648,41.323,2706.4,3636.9,21.246,18.459,21.822,0.26256,0.088541,340.24,77.203,6.8905,14.044,32.141,4459.9,21.625,46.255,49.621,80.275,2.2498,1.6722,3105.2,42.464,53.673,94.582,9.2785,61.806,36.984,40.592,2634.2,63.041,26.384,51.049,0.33858,8.7535,26.522,120.38,1.2248,74.561,23.906,2.2851,53.995,4.8579,241.43,0.021271,0.85109,66.329,18.524,43.365
819,2026-04-29T16:54:00,49.538,25.747,26.857,32.648,41.02,2702.6,3650.4,18.769,18.459,21.979,0.26406,0.088541,340.69,76.804,6.8905,14.044,32.141,4482.3,22.689,45.464,49.224,79.986,2.2498,1.6722,3100.3,41.971,53.405,94.681,9.1477,59.343,35.815,40.235,2630.3,62.809,24.615,51.055,0.34151,8.7535,26.522,120.41,1.2248,75.282,23.906,2.2851,53.995,4.8579,242.89,0.021271,0.85109,66.3,18.524,43.365
820,2026-04-29T16:57:00,50.397,24.337,27.047,32.41,40.992,2699.2,3678.6,17.823,18.742,21.78,0.25008,0.098574,340.16,76.971,6.903,13.974,32.132,4540.7,23.098,47.453,49.903,79.745,2.3014,1.6326,3097.2,41.986,54.294,94.768,9.2154,60.258,37.816,42.391,2626.8,62.854,25.196,51.149,0.36141,9.0475,26.719,120.38,1.243,75.608,24.303,2.3438,52.667,4.8478,245.31,0.010066,0.83937,66.225,18.463,44.716
821,2026-04-29T17:00:00,50.729,24.47,26.935,32.41,40.746,2700.1,3659.1,16.604,18.742,22.109,0.24873,0.098574,339.94,77.089,6.903,13.974,32.132,4595.7,23.611,48.222,51.109,79.987,2.3014,1.6326,3098.0,42.495,53.636,94.722,9.314,60.387,41.365,42.902,2629.0,63.191,24.363,51.428,0.35722,9.0475,26.719,120.39,1.243,75.67,24.303,2.3438,52.667,4.8478,244.6,0.010066,0.83937,66.183,18.463,44.716
822,2026-04-29T17:03:00,52.361,24.689,26.916,32.95,40.617,2701.6,3655.0,15.866,18.608,21.844,0.24941,0.098574,339.89,77.694,7.1393,13.87,31.71,4512.7,23.901,51.999,50.734,80.139,2.3186,1.6635,3100.0,42.305,54.826,94.704,9.4226,58.703,40.261,41.791,2629.2,63.138,25.205,51.379,0.35327,8.8664,26.305,120.39,1.1573,75.231,24.018,2.2763,52.667,4.8344,247.51,0.010066,0.83937,66.216,18.739,44.716
823,2026-04-29T17:06:00,50.122,24.897,26.685,32.95,41.397,2703.2,3660.9,18.42,18.608,21.486,0.24729,0.098574,339.77,77.294,7.1393,13.87,31.71,4538.1,22.828,46.816,48.422,80.374,2.3186,1.6635,3102.6,42.259,54.522,94.566,9.3333,60.763,33.457,42.008,2631.6,63.036,25.689,51.748,0.3515,8.8664,26.305,120.41,1.1573,74.932,24.018,2.2763,52.667,4.8344,245.7,0.010066,0.83937,66.311,18.739,44.716
824,2026-04-29T17:09:00,48.768,29.043,26.891,32.703,40.854,2704.2,3595.0,20.241,18.595,21.748,0.29236,0.098574,339.48,77.336,6.8555,13.942,31.685,4532.0,22.058,43.683,51.833,80.32,2.34,1.6269,3103.3,42.415,53.948,94.821,9.4737,58.117,43.493,40.299,2631.9,61.966,25.808,51.974,0.34395,8.8992,25.967,120.38,1.2701,74.491,24.235,2.3013,52.667,4.7761,245.46,0.010066,0.83937,66.378,18.73,44.716
825,2026-04-29T17:12:00,49.343,28.954,27.058,32.703,40.628,2705.5,3595.1,17.178,18.595,21.873,0.29327,0.10012,340.21,77.155,6.8555,13.942,31.685,4575.2,23.354,45.014,51.144,80.253,2.34,1.6269,3103.3,42.03,53.431,94.725,9.3496,60.83,41.466,40.534,2632.5,61.965,24.973,51.689,0.34203,8.8992,25.967,120.38,1.2701,74.472,24.235,2.3013,53.596,4.7761,247.75,0.0059952,0.80828,66.419,18.73,44.162
826,2026-04-29T17:15:00,49.049,29.647,26.794,32.691,40.644,2706.4,3659.7,20.127,18.767,21.91,0.30113,0.10012,340.22,77.226,6.93,13.789,32.073,4484.9,22.106,44.333,49.025,80.304,2.3005,1.6885,3105.8,42.226,54.541,94.725,9.2448,60.946,35.23,42.023,2635.5,63.234,25.251,51.72,0.34662,8.9408,26.336,120.38,1.2935,74.698,24.051,2.2335,53.596,4.9257,248.34,0.0059952,0.80828,66.417,19.305,44.162
827,2026-04-29T17:18:00,51.325,29.54,26.977,32.691,41.011,2704.8,3646.1,17.654,18.767,21.521,0.30222,0.10012,340.44,77.081,6.93,13.789,32.073,4495.0,23.156,49.601,50.03,80.128,2.3005,1.6885,3104.0,42.16,54.42,94.434,9.3528,60.24,38.187,41.578,2632.1,63.468,26.312,52.051,0.35027,8.9408,26.336,120.41,1.2935,75.291,24.051,2.2335,53.596,4.9257,245.54,0.0059952,0.80828,66.41,19.305,44.162
828,2026-04-29T17:21:00,48.505,26.235,27.225,32.925,41.322,2703.8,3647.9,18.944,19.149,22.161,0.26717,0.10012,340.53,77.176,6.7769,13.69,32.194,4489.7,22.612,43.074,51.203,80.053,2.2682,1.6676,3101.1,42.105,53.033,94.721,9.2173,61.766,41.639,39.77,2632.4,62.773,24.703,52.058,0.33206,8.7117,26.649,120.39,1.2383,74.832,23.853,2.2977,53.596,4.9143,246.4,0.0059952,0.80828,66.394,19.015,44.162
829,2026-04-29T17:24:00,50.414,26.319,27.09,32.925,40.446,2701.5,3663.7,17.494,19.149,21.939,0.26632,0.10012,340.16,77.047,6.7769,13.69,32.194,4485.9,23.234,47.493,49.107,79.976,2.2682,1.6676,3101.0,42.713,53.077,94.766,9.3331,61.505,35.473,39.341,2629.9,62.501,26.529,51.853,0.33557,8.7117,26.649,120.4,1.2383,76.765,23.853,2.2977,53.596,4.9143,249.64,0.0059952,0.80828,66.375,19.015,44.162
830,2026-04-29T17:27:00,51.539,25.205,26.871,32.954,42.071,2702.9,3691.3,17.34,18.357,22.224,0.25544,0.084388,340.74,77.532,6.8124,13.621,31.707,4490.7,23.285,50.095,49.225,80.092,2.3225,1.6623,3099.8,42.111,53.666,94.608,9.2648,60.451,35.819,37.958,2630.9,63.397,27.097,51.617,0.32405,9.037,26.172,120.45,1.1444,74.835,23.995,2.2186,53.168,4.8952,244.11,0.0088323,0.83193,66.342,18.95,43.748
831,2026-04-29T17:30:00,49.956,25.058,26.816,32.954,41.108,2703.6,3680.7,19.802,18.357,22.094,0.25693,0.084388,340.44,77.089,6.8124,13.621,31.707,4486.0,22.257,46.432,49.494,80.249,2.3225,1.6623,3100.3,42.619,53.722,94.568,9.3995,59.552,36.611,38.24,2632.9,63.579,24.117,51.426,0.32175,9.037,26.172,120.37,1.1444,75.08,23.995,2.2186,53.168,4.8952,243.18,0.0088323,0.83193,66.351,18.95,43.748
832,2026-04-29T17:33:00,49.684,29.99,26.803,32.679,41.538,2700.3,3668.7,17.946,18.729,21.968,0.30588,0.084388,340.06,76.729,6.8135,13.836,32.02,4484.7,23.061,45.802,48.822,79.873,2.2444,1.6262,3099.3,42.813,53.864,94.559,9.3693,59.373,34.632,37.444,2628.3,63.556,26.048,51.045,0.3112,8.8137,26.119,120.43,1.3322,74.955,24.185,2.1934,53.168,4.7913,244.43,0.0088323,0.83193,66.314,18.902,43.748
833,2026-04-29T17:36:00,51.338,30.222,26.749,32.679,40.836,2701.5,3677.9,16.93,18.729,21.902,0.30352,0.084388,340.99,77.429,6.8135,13.836,32.02,4497.5,23.471,49.631,50.67,80.0,2.2444,1.6262,3099.3,42.312,53.71,94.524,9.4001,60.846,40.071,37.005,2630.2,63.398,25.659,50.767,0.31479,8.8137,26.119,120.4,1.3322,74.619,24.185,2.1934,53.168,4.7913,244.59,0.0088323,0.83193,66.196,18.902,43.748
834,2026-04-29T17:39:00,49.627,27.397,27.001,32.533,41.454,2700.9,3682.4,17.873,18.275,22.216,0.27858,0.084388,340.88,77.073,7.0389,13.827,31.492,4498.5,23.083,45.671,51.024,80.102,2.3123,1.6714,3098.5,42.703,53.791,94.495,9.2664,62.179,41.114,39.992,2629.5,63.375,27.872,50.53,0.33636,8.9648,26.391,120.39,1.179,75.338,23.849,2.3055,53.168,4.8875,244.26,0.0088323,0.83193,66.227,19.002,43.748
835,2026-04-29T17:42:00,49.035,27.275,26.5,32.533,41.205,2701.6,3711.3,18.107,18.275,21.682,0.27983,0.091786,340.46,77.373,7.0389,13.827,31.492,4495.0,22.972,44.3,50.357,80.245,2.3123,1.6714,3099.6,42.044,53.834,94.544,9.3404,61.826,39.151,39.886,2630.3,62.878,25.574,51.083,0.33723,8.9648,26.391,120.42,1.179,74.713,23.849,2.3055,53.742,4.8875,241.51,0.029319,0.83939,66.246,19.002,42.307
836,2026-04-29T17:45:00,50.045,32.904,27.293,32.816,40.638,2702.9,3623.0,19.002,18.371,22.579,0.33372,0.091786,341.32,77.21,6.8359,13.848,32.362,4508.2,22.594,46.639,50.193,80.299,2.2336,1.6525,3099.2,42.264,53.4,94.654,9.3602,59.97,38.667,39.359,2631.7,62.38,23.999,50.97,0.33972,8.7865,26.159,120.37,1.0954,75.906,23.796,2.3227,53.742,4.8315,242.57,0.029319,0.83939,66.298,18.763,42.307
837,2026-04-29T17:48:00,50.138,32.974,26.63,32.816,40.681,2703.4,3604.8,19.596,18.371,22.189,0.33301,0.091786,341.04,77.548,6.8359,13.848,32.362,4486.1,22.329,46.853,49.753,80.311,2.2336,1.6525,3099.8,42.743,53.664,94.656,9.4134,58.843,37.373,39.675,2632.7,62.692,25.69,51.075,0.33712,8.7865,26.159,120.41,1.0954,74.113,23.796,2.3227,53.742,4.8315,241.16,0.029319,0.83939,66.348,18.763,42.307
838,2026-04-29T17:51:00,51.29,24.855,26.928,33.159,40.731,2702.4,3657.4,17.313,18.707,22.272,0.25271,0.091786,341.5,77.212,7.0081,13.775,32.107,4461.6,23.292,49.52,50.266,80.365,2.3047,1.6551,3099.1,42.552,54.525,94.624,9.4779,61.201,38.884,40.205,2631.3,63.516,24.651,50.841,0.33739,8.8787,26.028,120.38,1.289,74.577,23.754,2.3074,53.742,4.7966,243.53,0.029319,0.83939,66.376,18.608,42.307
839,2026-04-29T17:54:00,49.465,24.901,26.369,33.159,41.987,2698.9,3678.5,17.348,18.707,21.736,0.25223,0.091786,341.34,76.737,7.0081,13.775,32.107,4499.9,23.298,45.295,48.788,80.077,2.3047,1.6551,3095.6,42.342,54.067,94.547,9.2536,59.936,34.532,39.892,2627.8,63.152,24.869,50.918,0.33996,8.8787,26.028,120.41,1.289,75.101,23.754,2.3074,53.742,4.7966,242.44,0.029319,0.83939,66.375,18.608,42.307
840,2026-04-29T17:57:00,49.561,27.2,27.231,33.013,40.21,2697.2,3619.1,18.843,18.744,22.372,0.2772,0.096527,341.51,77.224,7.01,13.719,32.267,4512.7,22.662,45.518,51.034,79.968,2.2393,1.6712,3094.3,42.198,54.309,94.769,9.2834,61.022,41.144,39.293,2626.0,62.627,26.444,50.989,0.32884,8.9524,25.749,120.37,1.2793,74.901,23.584,2.2088,55.009,4.9045,243.64,0.014517,0.8247,66.289,18.992,43.675
841,2026-04-29T18:00:00,49.055,27.219,27.161,33.013,41.486,2699.9,3661.8,16.341,18.744,22.37,0.277,0.096527,341.4,77.111,7.01,13.719,32.267,4520.9,23.717,44.347,48.836,80.152,2.2393,1.6712,3096.0,42.337,54.211,94.748,9.3426,59.428,34.674,39.308,2627.5,61.892,25.281,51.103,0.32871,8.9524,25.749,120.42,1.2793,74.919,23.584,2.2088,55.009,4.9045,243.1,0.014517,0.8247,66.292,18.992,43.675
842,2026-04-29T18:03:00,50.825,25.697,27.244,33.229,40.457,2700.0,3627.6,16.459,18.658,22.566,0.26151,0.096527,341.47,77.056,6.7559,13.907,32.284,4466.7,23.673,48.444,49.44,80.044,2.3144,1.6795,3095.8,42.248,53.915,94.702,9.2762,59.918,36.453,38.349,2628.8,62.342,27.729,51.161,0.32322,8.9294,26.478,120.38,1.1468,73.735,24.056,2.3311,55.009,4.8249,243.2,0.014517,0.8247,66.239,18.454,43.675
843,2026-04-29T18:06:00,48.629,25.567,26.975,33.229,41.282,2701.4,3606.6,18.099,18.658,22.606,0.26283,0.096527,341.85,77.443,6.7559,13.907,32.284,4479.0,22.971,43.361,50.711,80.124,2.3144,1.6795,3096.8,42.195,53.768,94.7,9.3565,61.164,40.192,38.182,2629.8,62.705,25.79,51.104,0.32458,8.9294,26.478,120.41,1.1468,75.948,24.056,2.3311,55.009,4.8249,244.6,0.014517,0.8247,66.247,18.454,43.675
844,2026-04-29T18:09:00,49.047,25.583,26.779,32.966,40.7,2701.5,3709.1,16.714,18.616,22.075,0.2576,0.096527,341.97,77.39,6.7444,13.9,31.848,4525.8,23.554,44.329,49.119,80.181,2.2702,1.6886,3098.5,42.521,54.536,94.673,9.3593,61.934,35.509,40.702,2630.0,63.169,27.622,51.215,0.34513,8.9636,26.149,120.38,1.377,75.352,23.959,2.2524,55.009,4.8825,244.09,0.014517,0.8247,66.278,18.832,43.675
845,2026-04-29T18:12:00,48.898,25.485,27.074,32.966,42.165,2702.3,3689.0,19.217,18.616,22.431,0.2586,0.10723,341.18,77.353,6.7444,13.9,31.848,4553.6,22.492,43.985,50.259,80.365,2.2702,1.6886,3099.3,42.194,54.203,94.437,9.3864,58.707,38.863,40.78,2631.0,63.515,25.452,50.85,0.34449,8.9636,26.149,120.43,1.377,75.469,23.959,2.2524,54.267,4.8825,244.58,0.022903,0.8307,66.328,18.832,44.162
846,2026-04-29T18:15:00,50.078,29.512,26.919,32.746,40.882,2700.1,3726.4,19.93,18.596,22.018,0.30457,0.10723,341.0,77.143,6.8785,14.149,32.626,4496.5,22.2,46.714,49.322,80.203,2.269,1.699,3097.6,42.07,53.982,94.544,9.2497,60.625,36.106,40.735,2628.6,63.096,25.877,50.852,0.34435,8.8613,26.213,120.4,1.2831,75.042,23.808,2.3424,54.267,4.8512,243.4,0.022903,0.8307,66.343,18.879,44.162
847,2026-04-29T18:18:00,48.69,29.918,27.069,32.746,42.837,2696.7,3678.1,18.2,18.596,22.074,0.30044,0.10723,341.26,77.386,6.8785,14.149,32.626,4494.5,22.925,43.502,50.341,80.121,2.269,1.699,3094.8,42.338,54.006,94.514,9.2496,61.529,39.104,40.882,2625.9,63.927,25.821,50.646,0.34314,8.8613,26.213,120.45,1.2831,75.492,23.808,2.3424,54.267,4.8512,244.58,0.022903,0.8307,66.321,18.879,44.162
848,2026-04-29T18:21:00,50.451,22.311,27.177,33.321,40.231,2692.5,3692.1,16.973,19.211,21.936,0.22625,0.10723,341.1,77.284,7.0979,13.785,32.2,4518.7,23.447,47.578,49.213,80.053,2.2841,1.6724,3091.9,42.425,53.586,94.669,9.3485,60.678,35.783,44.109,2620.8,62.577,25.993,50.795,0.37384,8.9054,25.846,120.36,1.0413,74.531,23.56,2.2982,54.267,4.8714,241.76,0.022903,0.8307,66.287,18.701,44.162
849,2026-04-29T18:24:00,49.059,22.111,26.913,33.321,41.454,2693.7,3673.6,16.938,19.211,22.139,0.22829,0.10723,340.77,77.239,7.0979,13.785,32.2,4456.8,23.461,44.356,50.211,80.24,2.2841,1.6724,3091.1,42.265,54.327,94.627,9.1732,61.155,38.721,44.38,2622.6,62.895,27.308,50.828,0.37162,8.9054,25.846,120.41,1.0413,74.403,23.56,2.2982,54.267,4.8714,240.29,0.022903,0.8307,66.266,18.701,44.162
850,2026-04-29T18:27:00,50.9,26.075,26.968,33.067,40.192,2695.9,3581.5,16.481,18.599,22.233,0.26572,0.11507,341.08,77.511,6.9672,13.822,32.839,4497.7,23.642,48.618,50.409,80.375,2.271,1.6459,3091.2,42.137,54.272,94.811,9.2962,59.943,39.303,39.252,2624.5,62.456,26.023,50.647,0.33535,8.9207,26.365,120.36,1.354,75.128,23.592,2.2483,54.504,4.7826,242.74,0.0093668,0.83067,66.301,18.943,44.236
851,2026-04-29T18:30:00,49.732,26.221,27.303,33.067,40.973,2696.6,3578.3,20.513,18.599,22.545,0.26423,0.11507,341.57,77.573,6.9672,13.822,32.839,4555.4,21.939,45.913,49.413,80.346,2.271,1.6459,3092.0,42.294,53.581,94.706,9.38,61.552,36.373,39.812,2625.1,62.511,24.754,50.867,0.33076,8.9207,26.365,120.4,1.354,74.838,23.592,2.2483,54.504,4.7826,239.78,0.0093668,0.83067,66.31,18.943,44.236
852,2026-04-29T18:33:00,50.084,19.607,27.233,33.318,39.699,2695.6,3627.9,18.101,18.659,22.092,0.20091,0.11507,341.4,77.196,6.948,13.85,32.422,4520.5,22.965,46.728,50.938,80.282,2.2695,1.6565,3092.4,42.147,53.397,94.923,9.1937,62.588,40.862,40.645,2623.9,62.661,24.624,50.644,0.33192,8.8575,26.06,120.35,1.2356,74.145,23.734,2.3735,54.504,4.8362,241.81,0.0093668,0.83067,66.34,18.532,44.236
853,2026-04-29T18:36:00,50.02,19.643,27.193,33.318,41.265,2695.5,3648.7,18.622,18.659,22.358,0.20054,0.11507,340.96,77.462,6.948,13.85,32.422,4445.5,22.735,46.581,51.103,80.323,2.2695,1.6565,3092.1,42.093,54.295,94.818,9.2884,60.304,41.345,40.009,2624.6,62.303,24.088,50.554,0.33713,8.8575,26.06,120.41,1.2356,75.788,23.734,2.3735,54.504,4.8362,242.36,0.0093668,0.83067,66.332,18.532,44.236
854,2026-04-29T18:39:00,49.846,22.892,26.454,32.811,39.979,2696.3,3634.3,16.898,18.818,21.759,0.23903,0.11507,340.71,77.188,6.9133,13.795,32.355,4548.7,23.467,46.177,51.136,80.326,2.2726,1.6882,3093.3,42.154,54.077,94.756,9.3051,61.681,41.443,40.45,2624.3,62.647,24.911,50.51,0.33972,8.9046,26.169,120.38,1.2989,74.361,23.174,2.2875,54.504,4.9005,242.38,0.0093668,0.83067,66.315,18.564,44.236
855,2026-04-29T18:42:00,48.389,23.259,26.722,32.811,41.647,2697.5,3655.4,18.41,18.818,22.004,0.23529,0.093566,341.03,77.424,6.9133,13.795,32.355,4531.3,22.824,42.806,51.17,80.315,2.2726,1.6882,3094.7,42.518,54.285,94.682,9.3362,61.748,41.543,40.298,2626.4,62.285,24.995,50.522,0.34097,8.9046,26.169,120.41,1.2989,74.765,23.174,2.2875,53.319,4.9005,241.68,0.018346,0.81667,66.313,18.564,44.977
856,2026-04-29T18:45:00,50.133,23.698,26.568,32.941,40.315,2698.6,3634.2,17.046,18.742,21.671,0.23957,0.093566,341.16,77.317,6.8861,13.811,32.269,4552.6,23.398,46.843,50.712,80.356,2.2403,1.6432,3096.0,42.403,53.99,94.654,9.4844,61.711,40.196,39.908,2626.6,62.908,25.623,50.497,0.33208,9.0258,26.302,120.37,1.2316,74.654,23.968,2.2764,53.319,4.9457,241.47,0.018346,0.81667,66.299,18.942,44.977
857,2026-04-29T18:48:00,51.898,23.551,27.218,32.941,41.612,2697.7,3637.1,17.462,18.742,21.818,0.24106,0.093566,340.61,77.312,6.8861,13.811,32.269,4569.0,23.226,50.926,50.316,80.262,2.2403,1.6432,3096.3,42.467,53.793,94.704,9.2928,62.838,39.031,39.598,2626.1,62.859,23.655,50.477,0.33461,9.0258,26.302,120.42,1.2316,75.492,23.968,2.2764,53.319,4.9457,241.2,0.018346,0.81667,66.28,18.942,44.977
858,2026-04-29T18:51:00,49.68,24.436,27.476,33.349,40.358,2697.9,3656.0,16.861,18.845,22.184,0.24609,0.093566,340.76,76.998,6.9538,13.754,32.108,4475.6,23.49,45.794,48.942,80.156,2.2464,1.694,3096.0,42.16,53.988,94.662,9.373,59.197,34.988,39.679,2626.2,62.755,26.004,50.423,0.33733,8.9223,25.934,120.39,1.2215,75.336,23.42,2.3209,53.319,4.9091,241.34,0.018346,0.81667,66.243,18.807,44.977
859,2026-04-29T18:54:00,51.675,24.436,26.867,33.349,41.073,2697.2,3617.4,16.686,18.845,21.808,0.24609,0.093566,341.12,77.323,6.9538,13.754,32.108,4512.4,23.56,50.411,51.15,80.085,2.2464,1.694,3096.4,42.527,53.547,94.689,9.3545,62.438,41.485,40.039,2625.3,63.42,25.656,50.359,0.33438,8.9223,25.934,120.39,1.2215,74.21,23.42,2.3209,53.319,4.9091,241.63,0.018346,0.81667,66.179,18.807,44.977
860,2026-04-29T18:57:00,49.078,25.896,26.965,32.861,40.888,2701.0,3640.8,17.351,18.703,22.274,0.26248,0.10891,340.8,77.837,6.9952,13.978,32.615,4523.5,23.257,44.4,48.167,80.359,2.2545,1.6704,3098.3,42.318,53.729,94.566,9.2718,61.889,32.705,38.857,2630.2,62.387,25.723,49.896,0.33105,9.0721,25.874,120.42,1.3192,74.585,23.799,2.3462,53.287,4.8222,242.1,0.019646,0.84294,66.182,18.707,44.218
861,2026-04-29T19:00:00,49.295,25.981,27.049,32.861,41.09,2703.5,3694.6,20.001,18.703,21.981,0.26162,0.10891,341.2,77.658,6.9952,13.978,32.615,4517.9,22.136,44.901,48.339,80.495,2.2545,1.6704,3102.1,42.571,53.795,94.695,9.2968,61.404,33.212,38.661,2632.3,61.461,26.727,50.012,0.33266,9.0721,25.874,120.39,1.3192,74.624,23.799,2.3462,53.287,4.8222,238.46,0.019646,0.84294,66.224,18.707,44.218
862,2026-04-29T19:03:00,49.537,20.768,27.008,33.363,41.365,2701.4,3584.3,18.4,18.693,22.01,0.21286,0.10891,341.32,76.956,7.0472,13.726,31.89,4533.0,22.831,45.463,50.513,80.286,2.3396,1.682,3099.6,42.388,53.864,94.626,9.3392,61.551,39.609,42.484,2630.3,62.909,25.801,50.023,0.35102,8.869,26.327,120.41,1.2326,74.522,23.862,2.235,53.287,4.6986,236.01,0.019646,0.84294,66.226,18.84,44.218
863,2026-04-29T19:06:00,50.474,20.75,27.167,33.363,39.779,2699.9,3662.9,17.672,18.693,22.247,0.21304,0.10891,341.54,77.24,7.0472,13.726,31.89,4470.4,23.136,47.631,50.57,80.058,2.3396,1.682,3097.8,42.372,54.613,94.816,9.3616,62.516,39.778,42.131,2628.9,61.556,25.29,49.51,0.35391,8.869,26.327,120.39,1.2326,74.28,23.862,2.235,53.287,4.6986,239.5,0.019646,0.84294,66.141,18.84,44.218
864,2026-04-29T19:09:00,50.514,27.563,26.989,33.257,40.629,2703.1,3618.6,18.052,19.157,22.219,0.28272,0.10891,342.13,77.261,6.8075,13.666,32.308,4506.2,22.979,47.723,49.788,80.057,2.2845,1.6363,3099.7,42.25,53.858,94.689,9.4124,61.657,37.475,38.443,2631.4,61.731,24.407,49.46,0.32906,8.7874,26.576,120.37,1.1865,75.156,23.859,2.3459,53.287,4.9014,237.83,0.019646,0.84294,66.07,18.564,44.218
865,2026-04-29T19:12:00,49.011,27.695,26.912,33.257,40.542,2706.5,3609.9,17.843,19.157,22.756,0.28138,0.083614,342.35,77.444,6.8075,13.666,32.308,4494.1,23.062,44.246,51.522,80.148,2.2845,1.6363,3102.0,42.168,54.003,94.806,9.442,62.268,42.579,38.627,2635.2,61.882,25.822,49.785,0.32755,8.7874,26.576,120.39,1.1865,74.958,23.859,2.3459,53.88,4.9014,239.38,0.0099314,0.82033,66.036,18.564,44.034
866,2026-04-29T19:15:00,48.914,23.85,27.202,32.909,41.091,2707.4,3684.7,14.942,18.925,22.363,0.2414,0.083614,342.54,77.524,6.649,13.921,32.442,4529.9,24.28,44.02,50.864,80.095,2.2666,1.7017,3105.3,42.077,54.264,94.497,9.3713,61.557,40.644,37.703,2636.2,62.655,27.331,49.854,0.32042,8.895,26.12,120.4,1.4301,75.197,23.634,2.1823,53.88,4.8367,239.61,0.0099314,0.82033,66.016,18.693,44.034
867,2026-04-29T19:18:00,48.863,23.885,27.008,32.909,41.37,2710.0,3635.6,15.653,18.925,22.515,0.24104,0.083614,342.42,77.23,6.649,13.921,32.442,4490.5,23.984,43.903,48.286,80.191,2.2666,1.7017,3107.2,42.336,54.736,94.629,9.5497,61.506,33.057,38.097,2638.8,63.499,25.588,50.034,0.31719,8.895,26.12,120.42,1.4301,74.586,23.634,2.1823,53.88,4.8367,238.57,0.0099314,0.82033,66.053,18.693,44.034
868,2026-04-29T19:21:00,50.01,22.427,26.838,33.091,41.451,2710.1,3690.1,18.309,18.674,22.338,0.22612,0.083614,342.3,77.489,6.705,13.648,31.935,4497.7,22.854,46.558,51.971,80.19,2.2731,1.6391,3107.2,41.888,54.357,94.349,9.336,64.604,43.901,41.184,2639.0,64.097,25.248,50.06,0.34765,8.8344,26.357,120.43,1.15,74.512,23.509,2.3194,53.88,4.906,239.28,0.0099314,0.82033,66.047,19.213,44.034
869,2026-04-29T19:24:00,49.428,22.253,27.071,33.091,41.472,2709.5,3735.5,18.528,18.674,22.428,0.22789,0.083614,342.41,77.447,6.705,13.648,31.935,4579.8,22.757,45.211,49.885,80.277,2.2731,1.6391,3106.3,42.498,53.374,94.32,9.3558,62.227,37.761,40.941,2639.1,63.314,26.244,49.937,0.34964,8.8344,26.357,120.42,1.15,75.345,23.509,2.3194,53.88,4.906,241.61,0.0099314,0.82033,66.087,19.213,44.034
870,2026-04-29T19:27:00,50.499,27.243,26.935,32.885,41.549,2708.7,3712.8,19.789,18.889,22.621,0.27518,0.095089,342.1,77.305,6.8587,13.884,32.461,4442.9,22.228,47.689,49.405,80.222,2.3155,1.6876,3105.2,42.868,53.707,94.359,9.4454,62.322,36.35,37.946,2639.0,63.408,26.046,49.852,0.31386,8.8321,26.069,120.43,1.1601,74.475,23.699,2.3353,54.198,4.8313,236.95,0.019717,0.8375,66.101,18.684,42.643
871,2026-04-29T19:30:00,48.665,27.271,26.647,32.885,41.339,2706.2,3686.6,20.186,18.889,22.272,0.2749,0.095089,342.3,76.926,6.8587,13.884,32.461,4455.1,22.078,43.443,50.624,79.927,2.3155,1.6876,3103.3,42.718,53.561,94.338,9.3162,61.006,39.938,37.387,2634.8,63.859,23.487,49.417,0.31844,8.8321,26.069,120.41,1.1601,75.608,23.699,2.3353,54.198,4.8313,239.94,0.019717,0.8375,66.065,18.684,42.643
872,2026-04-29T19:33:00,50.338,22.187,26.849,32.803,41.281,2702.7,3657.0,16.599,18.994,22.138,0.22472,0.095089,342.7,76.877,6.8822,13.716,32.241,4550.9,23.604,47.317,49.82,79.714,2.2805,1.6584,3100.0,42.664,53.683,94.578,9.4072,61.567,37.57,40.792,2631.5,63.114,23.296,49.442,0.34156,8.9085,26.056,120.37,1.3166,74.95,23.896,2.2885,54.198,4.8804,237.84,0.019717,0.8375,65.972,19.192,42.643
873,2026-04-29T19:36:00,48.351,22.202,27.072,32.803,41.776,2704.8,3623.1,16.535,18.994,22.778,0.22456,0.095089,342.77,77.379,6.8822,13.716,32.241,4509.4,23.618,42.718,49.603,79.852,2.2805,1.6584,3099.6,42.479,54.179,94.584,9.3829,61.046,36.931,40.883,2633.2,63.698,24.489,49.262,0.34081,8.9085,26.056,120.39,1.3166,74.626,23.896,2.2885,54.198,4.8804,238.11,0.019717,0.8375,65.883,19.192,42.643
