sample,timestamp,tag_01,tag_02,tag_03,tag_04,tag_05,tag_06,tag_07,tag_08,tag_09,tag_10,tag_11,tag_12,tag_13,tag_14,tag_15,tag_16,tag_17,tag_18,tag_19,tag_20,tag_21,tag_22,tag_23,tag_24,tag_25,tag_26,tag_27,tag_28,tag_29,tag_30,tag_31,tag_32,tag_33,tag_34,tag_35,tag_36,tag_37,tag_38,tag_39,tag_40,tag_41,tag_42,tag_43,tag_44,tag_45,tag_46,tag_47,tag_48,tag_49,tag_50,tag_51,tag_52
1,2026-04-13T17:00:00,49.482,24.352,26.769,32.861,41.451,2709.5,3681.0,21.54,18.405,22.689,0.24428,0.10704,343.13,77.444,6.8996,13.902,32.097,4519.9,21.487,45.334,48.416,80.247,2.254,1.6566,3105.0,42.725,53.783,94.501,9.2879,62.775,33.437,40.333,2638.5,63.071,27.331,47.844,0.34526,8.8961,26.281,120.39,1.4008,74.538,23.992,2.351,53.823,4.7766,230.4,0.018505,0.83305,65.759,18.385,43.017
2,2026-04-13T17:03:00,50.857,26.583,26.802,32.691,42.156,2707.0,3677.6,16.931,18.02,22.485,0.26948,0.10704,343.03,77.403,6.7927,14.046,32.24,4572.0,23.435,48.517,51.511,79.946,2.2752,1.6007,3103.1,42.599,54.068,94.518,9.251,61.093,42.547,41.313,2636.2,62.826,27.471,47.869,0.34839,8.9562,26.469,120.42,1.1633,75.566,23.802,2.2744,53.823,4.9025,231.32,0.018505,0.83305,65.785,18.884,43.017
3,2026-04-13T17:06:00,49.221,26.451,26.704,32.691,40.655,2709.3,3679.1,19.398,18.02,22.571,0.27082,0.10704,343.37,77.221,6.7927,14.046,32.24,4521.2,22.399,44.73,49.434,80.061,2.2752,1.6007,3104.6,42.335,54.676,94.477,9.2922,60.427,36.435,40.976,2638.3,62.802,26.056,47.956,0.35115,8.9562,26.469,120.39,1.1633,74.852,23.802,2.2744,53.823,4.9025,231.57,0.018505,0.83305,65.76,18.884,43.017
4,2026-04-13T17:09:00,48.902,25.18,27.149,33.468,41.605,2705.4,3699.0,18.962,18.064,22.412,0.25654,0.10704,343.25,77.103,7.0409,13.746,32.44,4499.8,22.594,43.992,51.367,79.844,2.2656,1.6455,3101.9,42.428,53.733,94.654,9.352,61.052,42.124,43.206,2633.9,63.431,25.014,48.153,0.36628,8.8777,26.266,120.4,1.245,75.032,24.37,2.2719,53.823,4.9124,230.59,0.018505,0.83305,65.751,18.774,43.017
5,2026-04-13T17:12:00,49.781,25.132,26.931,33.468,41.003,2706.0,3691.6,20.558,18.064,22.46,0.25703,0.10704,343.23,77.519,7.0409,13.746,32.44,4526.7,21.912,46.027,52.229,79.899,2.2656,1.6455,3101.1,42.443,53.411,94.426,9.3843,61.193,44.659,43.301,2635.1,63.558,25.54,48.251,0.3655,8.8777,26.266,120.4,1.245,74.894,24.37,2.2719,53.823,4.9124,230.75,0.018505,0.83305,65.692,18.774,43.017
6,2026-04-13T17:15:00,51.012,23.049,27.018,32.797,41.617,2708.7,3645.3,18.606,18.532,23.072,0.23647,0.090357,343.11,77.841,6.9756,13.795,32.525,4516.5,22.716,48.876,49.59,80.224,2.2183,1.6452,3102.1,42.353,53.794,94.698,9.323,60.353,36.893,39.195,2638.1,62.144,25.438,48.086,0.33428,8.9968,26.285,120.39,1.2569,75.582,23.915,2.3464,55.106,4.7436,230.41,0.013991,0.81683,65.749,18.509,43.672
7,2026-04-13T17:18:00,49.808,23.353,27.439,32.797,40.611,2708.0,3639.6,17.552,18.532,23.062,0.23338,0.090357,342.61,77.32,6.9756,13.795,32.525,4520.4,23.163,46.089,49.291,80.313,2.2183,1.6452,3103.5,42.373,53.747,94.436,9.3342,63.453,36.015,39.782,2638.1,62.241,26.022,47.885,0.32947,8.9968,26.285,120.38,1.2569,74.647,23.915,2.3464,55.106,4.7436,232.32,0.013991,0.81683,65.867,18.509,43.672
8,2026-04-13T17:21:00,49.085,21.963,27.125,33.182,40.371,2707.2,3671.7,20.032,18.687,22.499,0.22497,0.090357,342.94,77.198,7.0229,13.811,32.606,4541.1,22.124,44.417,50.973,80.07,2.2341,1.6526,3102.1,42.256,54.174,94.916,9.4257,61.285,40.964,40.066,2635.8,62.144,24.667,47.955,0.33725,8.9444,26.6,120.38,1.1337,74.376,23.983,2.2596,55.106,4.8951,231.21,0.013991,0.81683,65.868,18.894,43.672
9,2026-04-13T17:24:00,51.105,21.848,26.957,33.182,41.184,2705.1,3637.8,18.848,18.687,22.719,0.22614,0.090357,343.09,77.186,7.0229,13.811,32.606,4520.1,22.632,49.092,50.111,79.901,2.2341,1.6526,3100.0,41.907,54.425,94.552,9.4364,61.061,38.427,40.231,2635.1,62.727,24.941,47.925,0.3359,8.9444,26.6,120.39,1.1337,74.756,23.983,2.2596,55.106,4.8951,231.3,0.013991,0.81683,65.832,18.894,43.672
10,2026-04-13T17:27:00,48.993,20.901,26.632,33.11,41.181,2706.1,3578.7,18.927,18.247,22.674,0.21222,0.090357,342.75,77.069,6.8936,13.819,31.989,4485.4,22.604,44.203,50.685,79.95,2.2803,1.6682,3100.2,42.479,53.906,94.836,9.4489,61.815,40.116,39.788,2635.2,63.218,24.46,47.913,0.34266,9.0608,26.416,120.38,1.4098,75.052,23.897,2.2732,55.106,4.8979,231.18,0.013991,0.81683,65.788,18.774,43.672
11,2026-04-13T17:30:00,50.099,20.959,27.134,33.11,40.995,2706.4,3641.3,20.213,18.247,23.09,0.21162,0.080134,343.03,77.367,6.8936,13.819,31.989,4456.3,22.059,46.763,50.046,79.899,2.2803,1.6682,3099.0,42.22,54.255,94.64,9.2762,62.719,38.237,40.0,2635.7,62.142,25.028,47.518,0.34092,9.0608,26.416,120.41,1.4098,74.396,23.897,2.2732,54.262,4.8979,230.51,0.014648,0.82036,65.723,18.774,43.637
12,2026-04-13T17:33:00,49.396,26.442,26.535,33.678,40.978,2708.0,3642.5,18.562,18.239,22.643,0.27288,0.080134,343.57,77.187,6.9713,13.952,32.721,4540.1,22.76,45.136,49.544,79.942,2.2112,1.6675,3103.0,42.283,53.537,94.858,9.3873,61.853,36.758,40.417,2637.8,63.182,25.019,47.342,0.33911,8.8373,26.766,120.4,1.119,74.636,24.245,2.2926,54.262,4.7791,230.16,0.014648,0.82036,65.687,18.931,43.637
13,2026-04-13T17:36:00,48.997,26.629,26.901,33.678,41.644,2707.9,3631.7,15.382,18.239,22.548,0.27097,0.080134,342.39,77.439,6.9713,13.952,32.721,4493.2,24.095,44.212,48.95,79.916,2.2112,1.6675,3104.0,42.415,54.098,94.537,9.4302,62.237,35.011,40.058,2636.6,63.369,24.548,47.065,0.34205,8.8373,26.766,120.42,1.119,75.523,24.245,2.2926,54.262,4.7791,230.93,0.014648,0.82036,65.668,18.931,43.637
14,2026-04-13T17:39:00,50.575,19.435,27.474,33.256,41.123,2709.6,3657.1,18.219,18.378,22.959,0.19916,0.080134,343.39,77.494,6.7036,13.735,32.091,4506.0,22.89,47.864,49.385,80.159,2.2691,1.6414,3104.4,42.354,53.547,94.745,9.4364,62.733,36.291,42.153,2639.4,62.203,25.969,46.874,0.35494,8.8387,26.527,120.4,1.1349,74.866,23.832,2.3374,54.262,4.7927,230.73,0.014648,0.82036,65.663,18.425,43.637
15,2026-04-13T17:42:00,50.959,19.687,27.121,33.256,40.253,2709.1,3622.8,17.616,18.378,22.703,0.1966,0.080134,343.03,77.619,6.7036,13.735,32.091,4492.3,23.132,48.753,49.879,80.201,2.2691,1.6414,3104.9,42.276,53.711,94.631,9.2544,62.041,37.744,41.953,2638.0,62.794,24.772,46.795,0.35658,8.8387,26.527,120.38,1.1349,74.616,23.832,2.3374,54.262,4.7927,229.25,0.014648,0.82036,65.721,18.425,43.637
16,2026-04-13T17:45:00,49.614,25.35,26.833,33.665,42.038,2711.9,3681.5,18.692,18.149,22.501,0.2563,0.104,342.56,77.627,6.8914,13.804,32.002,4511.0,22.671,45.64,50.967,80.355,2.2413,1.6483,3108.3,42.295,54.745,94.567,9.2735,62.146,40.947,39.283,2640.8,64.172,25.763,46.836,0.331,8.9574,26.289,120.44,1.2966,74.019,23.983,2.2851,53.292,4.8578,227.06,0.029032,0.82566,65.741,18.688,43.78
17,2026-04-13T17:48:00,50.37,25.378,26.802,33.665,41.539,2709.6,3690.2,19.04,18.149,22.267,0.25601,0.104,342.63,77.217,6.8914,13.804,32.002,4515.6,22.537,47.391,49.791,80.098,2.2413,1.6483,3107.3,42.545,54.69,94.386,9.2928,62.221,37.486,39.26,2638.3,64.022,26.284,46.699,0.33119,8.9574,26.289,120.42,1.2966,74.344,23.983,2.2851,53.292,4.8578,226.5,0.029032,0.82566,65.761,18.688,43.78
18,2026-04-13T17:51:00,50.74,26.436,27.075,32.889,41.696,2707.9,3661.7,19.1,18.469,22.441,0.26543,0.104,342.93,76.879,6.7087,13.782,31.912,4510.0,22.529,48.247,50.231,79.89,2.2453,1.6514,3103.8,42.584,54.148,94.517,9.2353,61.248,38.779,40.04,2636.0,62.946,26.572,46.688,0.33945,8.7489,26.455,120.41,1.184,75.491,24.341,2.3305,53.292,4.8057,224.61,0.029032,0.82566,65.673,18.731,43.78
19,2026-04-13T17:54:00,48.707,26.113,27.026,32.889,40.413,2705.0,3653.1,20.63,18.469,22.546,0.26872,0.104,342.68,77.033,6.7087,13.782,31.912,4506.2,21.893,43.542,51.023,79.655,2.2453,1.6514,3101.4,42.551,54.194,94.689,9.4215,60.993,41.11,40.381,2634.5,63.093,25.114,46.232,0.33665,8.7489,26.455,120.4,1.184,74.398,24.341,2.3305,53.292,4.8057,227.76,0.029032,0.82566,65.56,18.731,43.78
20,2026-04-13T17:57:00,49.339,27.429,26.896,33.048,41.429,2708.5,3719.7,16.734,18.206,22.622,0.27747,0.104,342.98,77.444,6.8444,13.7,32.644,4560.6,23.525,45.005,49.67,79.856,2.2339,1.6319,3104.3,42.165,53.45,94.438,9.4309,60.374,37.129,39.873,2636.8,63.628,26.899,46.1,0.33564,9.0027,26.544,120.41,1.3019,75.386,24.093,2.2715,53.292,4.7189,227.32,0.029032,0.82566,65.483,18.842,43.78
21,2026-04-13T18:00:00,49.415,27.407,26.939,33.048,41.637,2712.6,3704.3,18.297,18.206,22.925,0.27768,0.099914,343.32,77.841,6.8444,13.7,32.644,4526.6,22.846,45.181,48.166,80.206,2.2339,1.6319,3107.6,42.387,53.857,94.377,9.4785,61.839,32.702,39.696,2641.6,63.893,25.067,46.183,0.33709,9.0027,26.544,120.42,1.3019,74.324,24.093,2.2715,54.259,4.7189,225.7,0.010127,0.82137,65.492,18.842,43.566
22,2026-04-13T18:03:00,50.235,20.283,26.857,33.034,41.331,2712.0,3681.6,19.969,18.276,22.557,0.20662,0.099914,342.75,77.79,6.8353,13.723,32.476,4489.5,22.129,47.079,50.727,80.352,2.2651,1.6311,3107.3,42.223,54.025,94.391,9.4253,61.29,40.239,38.906,2641.3,63.192,24.881,46.145,0.3244,8.9046,26.27,120.4,1.2793,75.367,23.934,2.268,54.259,4.6993,224.63,0.010127,0.82137,65.583,18.636,43.566
23,2026-04-13T18:06:00,49.741,20.347,26.901,33.034,41.977,2710.3,3667.5,18.378,18.276,22.778,0.20598,0.099914,342.93,77.294,6.8353,13.723,32.476,4509.2,22.811,45.935,49.494,80.247,2.2651,1.6311,3105.2,42.35,53.789,94.476,9.4186,61.143,36.612,38.886,2639.8,63.436,24.989,46.02,0.32456,8.9046,26.27,120.41,1.2793,74.035,23.934,2.268,54.259,4.6993,224.53,0.010127,0.82137,65.649,18.636,43.566
24,2026-04-13T18:09:00,49.344,21.829,26.628,32.653,40.996,2707.6,3665.3,19.75,18.251,22.165,0.21564,0.099914,342.27,77.384,6.8735,13.847,32.199,4536.3,22.23,45.015,48.52,80.104,2.2704,1.66,3104.9,42.572,53.976,94.44,9.2501,62.42,33.745,38.802,2636.4,63.592,24.788,46.041,0.32897,8.775,26.814,120.38,1.3116,75.054,23.776,2.2881,54.259,4.8779,222.83,0.010127,0.82137,65.616,19.112,43.566
25,2026-04-13T18:12:00,48.244,21.485,26.93,32.653,40.967,2706.5,3701.7,19.57,18.251,22.542,0.21913,0.099914,342.59,77.166,6.8735,13.847,32.199,4489.0,22.32,42.47,51.358,79.929,2.2704,1.66,3102.0,42.122,54.543,94.614,9.287,60.571,42.096,38.727,2635.5,62.966,24.238,45.706,0.32958,8.775,26.814,120.38,1.3116,74.977,23.776,2.2881,54.259,4.8779,225.17,0.010127,0.82137,65.567,19.112,43.566
26,2026-04-13T18:15:00,49.837,24.169,26.549,33.426,41.05,2704.0,3693.5,16.749,18.294,22.294,0.2425,0.089975,342.29,77.063,7.0362,13.748,32.221,4485.6,23.519,46.158,50.691,79.772,2.26,1.6925,3099.7,42.301,53.399,94.592,9.3397,64.092,40.133,40.565,2632.4,62.799,24.673,45.423,0.34136,8.8618,26.529,120.35,1.2605,74.824,24.066,2.3327,53.769,4.8524,225.48,0.029301,0.82869,65.478,18.714,43.716
27,2026-04-13T18:18:00,51.879,23.808,26.864,33.426,41.363,2704.6,3638.7,15.64,18.294,22.381,0.24617,0.089975,342.53,77.366,7.0362,13.748,32.221,4485.7,23.978,50.882,48.998,79.921,2.26,1.6925,3100.5,42.579,53.398,94.661,9.4342,59.653,35.15,40.626,2633.1,63.742,25.53,45.695,0.34086,8.8618,26.529,120.39,1.2605,75.416,24.066,2.3327,53.769,4.8524,220.43,0.029301,0.82869,65.405,18.714,43.716
28,2026-04-13T18:21:00,49.986,23.648,27.052,32.615,40.755,2706.9,3626.6,18.332,18.363,23.029,0.24291,0.089975,342.42,77.53,6.8129,13.843,32.112,4541.7,22.838,46.501,49.745,80.088,2.2748,1.5866,3101.0,42.085,53.68,94.624,9.3719,60.803,37.349,39.474,2636.6,62.454,25.061,45.579,0.32816,8.8492,26.176,120.37,1.2696,75.067,23.761,2.3011,53.769,4.8091,219.69,0.029301,0.82869,65.43,18.395,43.716
29,2026-04-13T18:24:00,50.259,23.832,26.916,32.615,41.764,2708.7,3602.2,19.76,18.363,22.947,0.24104,0.089975,342.76,77.407,6.8129,13.843,32.112,4497.0,22.235,47.134,49.021,80.19,2.2748,1.5866,3102.5,42.425,54.215,94.759,9.1889,60.957,35.218,38.708,2638.2,62.874,24.542,45.312,0.33444,8.8492,26.176,120.39,1.2696,75.315,23.761,2.3011,53.769,4.8091,220.64,0.029301,0.82869,65.451,18.395,43.716
30,2026-04-13T18:27:00,51.166,24.838,26.484,33.468,40.957,2708.8,3699.4,18.742,18.146,22.577,0.25233,0.089975,342.66,77.226,6.893,13.893,32.72,4586.1,22.669,49.232,49.954,80.078,2.2563,1.6403,3104.5,41.942,53.971,94.616,9.3451,60.653,37.965,40.326,2638.3,63.12,25.877,45.065,0.34166,8.9049,25.868,120.38,1.1906,74.153,23.92,2.2076,53.769,4.8088,221.36,0.029301,0.82869,65.443,18.916,43.716
31,2026-04-13T18:30:00,50.378,24.826,27.159,33.468,41.291,2708.2,3699.5,17.359,18.146,22.641,0.25245,0.097722,342.04,77.284,6.893,13.893,32.72,4478.7,23.253,47.41,49.589,80.014,2.2563,1.6403,3104.9,41.917,55.256,94.579,9.5757,56.375,36.89,40.65,2636.8,63.118,24.622,45.083,0.33901,8.9049,25.868,120.43,1.1906,75.226,23.92,2.2076,52.772,4.8088,221.03,0.034267,0.81812,65.42,18.916,43.684
32,2026-04-13T18:33:00,48.867,18.786,26.905,33.09,40.441,2707.6,3649.5,18.856,18.526,22.424,0.19161,0.097722,342.41,77.562,6.8111,13.648,32.16,4526.0,22.612,43.911,51.108,80.134,2.2136,1.642,3103.3,42.072,53.43,94.604,9.3333,62.828,41.361,40.826,2636.9,63.302,24.914,45.013,0.34926,8.8998,26.607,120.39,1.2644,74.528,24.335,2.3164,52.772,4.8703,220.63,0.034267,0.81812,65.392,19.096,43.684
33,2026-04-13T18:36:00,48.759,18.645,27.251,33.09,41.693,2707.2,3690.9,20.916,18.526,22.678,0.19305,0.097722,342.27,77.624,6.8111,13.648,32.16,4440.2,21.737,43.662,50.89,80.219,2.2136,1.642,3102.9,42.261,54.458,94.659,9.303,62.379,40.718,41.532,2636.3,62.591,25.342,44.9,0.34347,8.8998,26.607,120.39,1.2644,75.513,24.335,2.3164,52.772,4.8703,220.69,0.034267,0.81812,65.419,19.096,43.684
34,2026-04-13T18:39:00,50.061,23.965,26.865,33.466,40.608,2706.7,3668.1,17.746,18.578,22.394,0.24207,0.097722,341.75,77.253,6.7382,13.694,32.387,4487.0,23.086,46.675,48.371,80.122,2.2288,1.6576,3103.8,42.087,53.417,94.648,9.3589,62.232,33.306,37.834,2635.6,63.73,24.943,44.843,0.31923,8.7239,26.795,120.4,1.4093,75.449,24.077,2.3306,52.772,4.831,220.13,0.034267,0.81812,65.397,18.94,43.684
35,2026-04-13T18:42:00,49.711,23.85,26.914,33.466,41.258,2704.4,3704.8,15.244,18.578,22.162,0.24324,0.097722,341.92,76.838,6.7382,13.694,32.387,4483.2,24.159,45.865,50.761,79.875,2.2288,1.6576,3102.3,42.904,53.463,94.471,9.2969,60.419,40.338,37.698,2632.7,63.098,26.416,44.761,0.32035,8.7239,26.795,120.41,1.4093,75.519,24.077,2.3306,52.772,4.831,219.9,0.034267,0.81812,65.346,18.94,43.684
36,2026-04-13T18:45:00,49.881,21.676,26.976,33.411,41.848,2707.4,3711.8,17.654,18.282,22.632,0.21954,0.081894,341.99,77.308,6.7368,13.657,32.176,4493.2,23.132,46.258,50.011,80.022,2.2919,1.6585,3102.2,42.285,53.684,94.711,9.3472,61.383,38.132,38.774,2636.6,63.717,25.336,44.311,0.31993,8.8731,26.383,120.42,1.3614,74.386,24.122,2.3517,53.904,4.9266,220.54,0.028286,0.83466,65.288,18.761,43.648
37,2026-04-13T18:48:00,50.349,21.659,26.94,33.411,41.593,2707.3,3702.0,18.634,18.282,22.488,0.21972,0.081894,342.04,77.341,6.7368,13.657,32.176,4463.7,22.713,47.342,49.508,80.183,2.2919,1.6585,3104.1,42.506,54.037,94.246,9.3552,60.878,36.651,38.318,2637.1,63.886,25.131,44.206,0.32367,8.8731,26.383,120.41,1.3614,74.906,24.122,2.3517,53.904,4.9266,219.14,0.028286,0.83466,65.307,18.761,43.648
38,2026-04-13T18:51:00,49.015,23.709,26.667,33.143,41.657,2705.6,3700.7,17.464,18.865,22.027,0.23785,0.081894,341.26,76.806,6.9676,13.895,32.167,4484.1,23.22,44.255,48.309,80.119,2.233,1.7076,3103.6,42.333,54.221,94.56,9.4242,60.218,33.123,38.043,2634.5,64.059,26.449,44.065,0.31601,8.9962,26.098,120.4,1.1259,74.731,23.922,2.3552,53.904,4.7063,218.13,0.028286,0.83466,65.341,18.31,43.648
39,2026-04-13T18:54:00,50.304,23.593,26.935,33.143,41.603,2703.8,3737.7,18.271,18.865,22.013,0.23903,0.081894,341.24,77.026,6.9676,13.895,32.167,4525.2,22.882,47.237,51.509,79.983,2.233,1.7076,3102.1,42.57,53.73,94.474,9.4613,61.744,42.541,37.805,2632.1,63.421,25.447,43.921,0.31795,8.9962,26.098,120.43,1.1259,74.246,23.922,2.3552,53.904,4.7063,217.19,0.028286,0.83466,65.279,18.31,43.648
40,2026-04-13T18:57:00,50.209,23.732,26.802,32.75,40.972,2703.8,3659.8,19.022,18.392,22.109,0.23962,0.081894,341.17,77.562,6.922,13.761,32.518,4511.0,22.553,47.017,50.024,80.04,2.2406,1.6265,3100.8,42.434,55.045,94.54,9.3595,59.628,38.169,40.736,2631.7,62.764,24.498,43.64,0.34561,8.8517,26.296,120.4,1.2896,75.588,24.039,2.3071,53.904,4.8046,217.82,0.028286,0.83466,65.209,18.185,43.648
41,2026-04-13T19:00:00,49.344,23.808,27.156,32.75,40.69,2705.1,3680.9,20.002,18.392,22.423,0.23886,0.10497,341.56,77.65,6.922,13.761,32.518,4592.9,22.138,45.016,48.777,80.119,2.2406,1.6265,3101.9,41.924,54.065,94.69,9.3136,61.73,34.502,40.817,2634.1,62.401,24.889,43.816,0.34494,8.8517,26.296,120.38,1.2896,75.44,24.039,2.3071,54.414,4.8046,217.86,0.028811,0.84351,65.226,18.185,43.317
42,2026-04-13T19:03:00,50.184,20.112,27.18,32.865,41.52,2705.3,3638.9,18.108,18.049,21.889,0.2054,0.10497,340.54,77.173,6.7463,13.746,31.997,4593.7,22.945,46.959,49.053,80.134,2.2411,1.6777,3103.4,42.746,54.453,94.625,9.4116,60.115,35.313,39.212,2633.3,63.465,24.948,44.003,0.32862,8.7598,26.677,120.41,1.3527,75.013,24.482,2.2953,54.414,4.8267,215.2,0.028811,0.84351,65.237,18.731,43.317
43,2026-04-13T19:06:00,50.361,20.023,26.455,32.865,40.07,2705.7,3668.2,16.289,18.049,21.883,0.2063,0.10497,340.55,77.372,6.7463,13.746,31.997,4580.8,23.707,47.37,51.094,80.099,2.2411,1.6777,3103.7,42.384,54.607,94.736,9.2584,62.566,41.318,39.035,2634.9,62.961,25.87,44.047,0.33007,8.7598,26.677,120.37,1.3527,74.554,24.482,2.2953,54.414,4.8267,214.14,0.028811,0.84351,65.238,18.731,43.317
44,2026-04-13T19:09:00,50.399,24.986,27.235,32.831,41.634,2706.7,3714.5,18.583,18.806,21.947,0.25514,0.10497,340.28,77.399,6.9824,13.716,32.026,4520.5,22.736,47.458,49.654,80.283,2.248,1.6806,3107.2,42.471,54.043,94.457,9.4297,58.475,37.082,39.003,2635.8,63.75,23.352,43.987,0.32634,8.7539,26.46,120.42,1.1869,74.687,24.459,2.2455,54.414,4.8746,214.27,0.028811,0.84351,65.235,18.575,43.317
45,2026-04-13T19:12:00,50.184,25.16,27.196,32.831,41.838,2706.7,3678.3,17.052,18.806,21.947,0.25337,0.10497,340.14,77.096,6.9824,13.716,32.026,4521.0,23.388,46.96,51.387,80.258,2.248,1.6806,3105.6,42.383,54.037,94.5,9.2811,62.735,42.183,38.643,2635.7,64.373,24.048,43.599,0.32928,8.7539,26.46,120.4,1.1869,74.714,24.459,2.2455,54.414,4.8746,218.02,0.028811,0.84351,65.28,18.575,43.317
46,2026-04-13T19:15:00,50.742,24.877,27.003,32.671,41.516,2704.7,3664.8,17.025,18.682,21.865,0.25423,0.093414,340.12,77.025,6.8441,13.768,31.759,4487.4,23.406,48.251,51.062,80.042,2.2835,1.7085,3104.1,42.117,54.841,94.547,9.4119,60.416,41.227,38.848,2633.3,62.552,25.111,43.939,0.31974,8.8323,26.599,120.41,1.223,75.56,24.088,2.3839,53.191,4.8646,216.24,0.015959,0.82775,65.256,18.994,43.041
47,2026-04-13T19:18:00,49.004,24.858,26.848,32.671,40.416,2704.7,3648.1,20.474,18.682,22.105,0.25442,0.093414,340.69,77.169,6.8441,13.768,31.759,4546.5,21.956,44.229,50.06,80.045,2.2835,1.7085,3102.7,42.146,54.134,94.763,9.2757,61.339,38.276,38.191,2633.1,62.839,25.422,43.668,0.32512,8.8323,26.599,120.36,1.223,75.09,24.088,2.3839,53.191,4.8646,219.89,0.015959,0.82775,65.205,18.994,43.041
48,2026-04-13T19:21:00,48.998,27.808,26.739,32.85,41.642,2705.5,3685.1,20.821,18.49,21.774,0.28227,0.093414,339.67,77.507,7.0064,13.68,32.304,4498.6,21.801,44.215,49.167,80.072,2.2421,1.6879,3104.7,42.018,53.678,94.442,9.4041,60.675,35.65,39.291,2633.5,63.385,25.434,44.171,0.32661,8.8637,26.241,120.43,1.1092,75.105,23.817,2.3605,53.191,4.8492,214.86,0.015959,0.82775,65.18,18.667,43.041
49,2026-04-13T19:24:00,49.378,27.604,26.986,32.85,41.228,2707.2,3685.2,20.638,18.49,21.931,0.28434,0.093414,339.89,77.489,7.0064,13.68,32.304,4509.2,21.874,45.094,50.77,80.27,2.2421,1.6879,3105.7,42.196,53.552,94.6,9.2305,60.364,40.365,39.101,2635.2,63.384,26.42,43.856,0.32818,8.8637,26.241,120.4,1.1092,76.327,23.817,2.3605,53.191,4.8492,218.96,0.015959,0.82775,65.219,18.667,43.041
50,2026-04-13T19:27:00,49.315,22.822,26.601,32.312,40.908,2705.9,3636.8,20.774,18.427,21.947,0.2309,0.093414,340.11,76.959,6.9362,13.808,32.222,4495.5,21.832,44.949,49.347,80.177,2.2398,1.6487,3103.6,42.315,54.507,94.595,9.2934,61.067,36.178,38.014,2634.7,62.753,25.374,44.038,0.31652,8.7816,26.352,120.39,1.1428,76.275,23.894,2.2549,53.191,4.8785,217.48,0.015959,0.82775,65.242,19.378,43.041
51,2026-04-13T19:30:00,50.628,22.743,26.904,32.312,40.171,2703.5,3629.3,18.867,18.427,21.985,0.23171,0.10308,340.28,77.105,6.9362,13.808,32.222,4547.9,22.64,47.988,50.25,79.962,2.2398,1.6487,3101.3,42.341,53.88,94.683,9.3022,60.737,38.835,38.066,2632.0,62.883,25.479,43.755,0.31609,8.7816,26.352,120.38,1.1428,75.232,23.894,2.2549,54.104,4.8785,216.71,0.023375,0.83677,65.221,19.378,43.594
52,2026-04-13T19:33:00,50.272,23.43,26.938,32.292,40.934,2704.0,3646.7,17.234,18.427,22.163,0.23886,0.10308,339.96,77.605,6.9469,13.937,32.34,4411.3,23.314,47.163,49.157,80.079,2.2724,1.6723,3101.8,42.681,53.729,94.833,9.3833,61.511,35.62,39.841,2632.2,63.115,21.685,43.704,0.32877,8.7408,26.229,120.4,1.2788,75.533,23.984,2.2402,54.104,4.9045,215.93,0.023375,0.83677,65.166,18.73,43.594
53,2026-04-13T19:36:00,49.398,23.473,26.943,32.292,40.529,2704.8,3669.6,16.955,18.427,22.035,0.23843,0.10308,339.86,77.346,6.9469,13.937,32.34,4502.2,23.434,45.141,48.371,80.219,2.2724,1.6723,3102.5,42.321,52.64,94.645,9.2211,63.45,33.307,39.924,2632.6,62.72,25.319,43.539,0.32809,8.7408,26.229,120.38,1.2788,75.514,23.984,2.2402,54.104,4.9045,216.39,0.023375,0.83677,65.196,18.73,43.594
54,2026-04-13T19:39:00,48.781,22.068,26.478,32.481,41.178,2703.5,3645.2,17.399,18.662,21.616,0.22803,0.10308,340.4,77.303,6.6661,13.859,32.508,4540.9,23.247,43.712,49.561,80.168,2.2563,1.6538,3101.7,42.036,53.721,94.716,9.2783,62.533,36.809,41.165,2632.8,62.99,25.058,43.413,0.34688,8.8685,26.601,120.41,1.1418,75.398,24.081,2.2614,54.104,4.7996,216.43,0.023375,0.83677,65.189,18.884,43.594
55,2026-04-13T19:42:00,49.209,22.275,27.029,32.481,40.681,2702.6,3652.5,16.825,18.662,22.054,0.22592,0.10308,339.93,77.326,6.6661,13.859,32.508,4554.0,23.494,44.704,51.303,80.06,2.2563,1.6538,3100.0,42.082,53.565,94.79,9.2649,61.145,41.934,41.366,2631.0,62.863,23.817,43.475,0.34523,8.8685,26.601,120.4,1.1418,74.815,24.081,2.2614,54.104,4.7996,214.37,0.023375,0.83677,65.182,18.884,43.594
56,2026-04-13T19:45:00,50.145,20.361,26.892,32.642,40.752,2701.2,3725.2,18.121,18.746,21.723,0.20804,0.081136,339.4,77.084,6.9831,13.865,32.422,4500.0,22.958,46.871,48.749,80.09,2.27,1.684,3102.0,42.192,53.827,94.622,9.3419,62.628,34.417,39.855,2629.9,64.147,24.171,43.469,0.34134,9.0647,26.401,120.41,1.4032,75.555,24.582,2.2847,54.72,4.8032,215.59,0.028157,0.8559,65.171,19.291,43.45
57,2026-04-13T19:48:00,50.854,20.442,26.54,32.642,41.038,2701.0,3681.5,16.745,18.746,21.353,0.20722,0.081136,339.57,77.514,6.9831,13.865,32.422,4493.5,23.525,48.51,49.428,80.133,2.27,1.684,3100.3,42.298,53.906,94.48,9.33,62.281,36.416,40.692,2628.9,64.899,25.527,43.394,0.33448,9.0647,26.401,120.42,1.4032,75.139,24.582,2.2847,54.72,4.8032,216.19,0.028157,0.8559,65.163,19.291,43.45
58,2026-04-13T19:51:00,51.796,21.278,26.987,32.649,41.189,2702.2,3672.1,19.597,18.479,21.876,0.20953,0.081136,339.61,77.749,6.6419,13.738,31.623,4440.9,22.305,50.691,48.623,80.492,2.2683,1.6716,3101.1,42.573,53.485,94.591,9.4671,61.066,34.048,40.449,2630.9,62.334,24.537,43.49,0.33815,9.0312,26.938,120.42,1.3824,75.855,24.415,2.3337,54.72,4.9023,214.82,0.028157,0.8559,65.209,19.065,43.45
59,2026-04-13T19:54:00,50.395,20.948,26.951,32.649,40.368,2701.2,3681.3,20.705,18.479,21.383,0.21288,0.081136,338.67,77.017,6.6419,13.738,31.623,4421.5,21.855,47.448,51.336,80.485,2.2683,1.6716,3100.6,42.263,53.717,94.693,9.3023,60.468,42.033,40.516,2628.6,62.176,26.367,43.455,0.3376,9.0312,26.938,120.38,1.3824,75.833,24.415,2.3337,54.72,4.9023,214.85,0.028157,0.8559,65.291,19.065,43.45
60,2026-04-13T19:57:00,51.79,28.646,26.864,32.581,41.755,2700.2,3779.1,16.788,18.753,21.648,0.29268,0.081136,338.51,76.935,6.9737,13.803,32.153,4472.3,23.517,50.676,49.236,80.137,2.2667,1.6717,3101.0,42.241,53.596,94.664,9.3781,62.207,35.851,38.451,2628.5,63.551,25.96,43.503,0.32646,8.8515,26.502,120.44,1.2267,75.959,23.73,2.3106,54.72,4.8275,214.02,0.028157,0.8559,65.243,18.864,43.45
61,2026-04-13T20:00:00,50.785,28.753,26.91,32.581,40.918,2701.0,3741.4,20.372,18.753,21.287,0.29159,0.087645,339.32,77.031,6.9737,13.803,32.153,4471.8,22.006,48.351,49.529,80.167,2.2667,1.6717,3101.5,42.355,53.602,94.329,9.3354,59.506,36.714,38.694,2628.5,64.201,23.559,43.956,0.32447,8.8515,26.502,120.4,1.2267,74.425,23.73,2.3106,53.143,4.8275,214.38,0.0079109,0.83601,65.228,18.864,43.624
62,2026-04-13T20:03:00,50.496,23.775,26.821,32.58,40.986,2698.8,3685.0,15.896,18.934,21.631,0.24591,0.087645,338.95,77.149,6.8834,13.831,32.184,4517.8,23.898,47.681,51.546,79.974,2.2503,1.6565,3098.4,42.032,53.511,94.792,9.4104,61.403,42.65,39.702,2626.3,62.331,26.017,44.118,0.32986,8.8284,26.655,120.4,1.2109,74.686,24.209,2.3142,53.143,4.9165,214.78,0.0079109,0.83601,65.166,18.857,43.624
63,2026-04-13T20:06:00,48.825,23.808,26.9,32.58,41.079,2700.6,3646.7,18.566,18.934,21.751,0.24557,0.087645,339.58,77.318,6.8834,13.831,32.184,4527.9,22.767,43.814,50.516,80.167,2.2503,1.6565,3099.3,42.669,53.391,94.561,9.3508,61.999,39.618,39.232,2628.8,62.989,26.799,43.864,0.33371,8.8284,26.655,120.38,1.2109,75.036,24.209,2.3142,53.143,4.9165,219.85,0.0079109,0.83601,65.187,18.857,43.624
64,2026-04-13T20:09:00,48.573,23.738,26.906,32.512,41.033,2701.6,3656.1,15.416,18.445,21.351,0.24071,0.087645,339.06,77.44,6.9961,13.979,31.824,4475.2,24.088,43.232,50.121,80.24,2.2471,1.6381,3101.2,42.197,54.024,94.686,9.354,60.721,38.455,40.187,2628.8,63.576,25.513,44.353,0.33206,9.0857,26.142,120.38,1.2881,75.391,24.049,2.3247,53.143,4.8747,216.56,0.0079109,0.83601,65.218,18.781,43.624
65,2026-04-13T20:12:00,50.813,23.828,26.785,32.512,41.452,2701.6,3639.9,17.762,18.445,21.384,0.2398,0.087645,338.8,77.366,6.9961,13.979,31.824,4489.6,23.099,48.415,51.018,80.319,2.2471,1.6381,3101.6,42.422,53.852,94.651,9.337,60.91,41.097,39.895,2629.4,63.855,25.388,44.374,0.33445,9.0857,26.142,120.43,1.2881,75.171,24.049,2.3247,53.143,4.8747,218.46,0.0079109,0.83601,65.288,18.781,43.624
66,2026-04-13T20:15:00,48.526,27.412,26.589,32.352,41.06,2702.0,3675.6,18.757,18.614,21.403,0.27668,0.088336,339.31,77.377,6.9309,14.065,32.231,4512.2,22.679,43.122,50.012,80.301,2.2332,1.6752,3101.6,41.923,53.762,94.636,9.3498,61.665,38.134,42.262,2629.9,62.197,27.123,44.124,0.34832,8.8166,26.31,120.39,1.1935,74.999,23.7,2.3327,53.976,4.8476,217.9,0.014805,0.83936,65.298,18.918,43.764
67,2026-04-13T20:18:00,49.639,27.325,26.826,32.352,41.09,2702.5,3651.3,16.156,18.614,21.463,0.27757,0.088336,339.28,77.328,6.9309,14.065,32.231,4503.5,23.775,45.698,48.84,80.333,2.2332,1.6752,3102.5,42.538,53.867,94.666,9.4291,59.742,34.686,42.247,2630.2,62.616,24.228,44.044,0.34844,8.8166,26.31,120.39,1.1935,75.344,23.7,2.3327,53.976,4.8476,218.55,0.014805,0.83936,65.321,18.918,43.764
68,2026-04-13T20:21:00,50.15,23.554,26.776,32.601,40.503,2702.4,3643.1,17.217,18.812,21.673,0.24069,0.088336,339.59,77.189,6.7805,13.761,32.294,4537.1,23.33,46.882,50.548,80.302,2.2783,1.6712,3101.7,42.537,53.115,94.658,9.3156,62.319,39.714,43.523,2630.5,63.252,23.356,44.131,0.3594,8.8671,26.714,120.37,1.5253,75.066,23.856,2.3128,53.976,4.8752,217.3,0.014805,0.83936,65.33,18.706,43.764
69,2026-04-13T20:24:00,47.614,23.828,27.032,32.601,42.127,2703.0,3641.1,21.119,18.812,21.754,0.2379,0.088336,339.02,77.4,6.7805,13.761,32.294,4484.6,21.675,41.012,50.843,80.424,2.2783,1.6712,3103.9,42.407,53.744,94.731,9.4778,60.142,40.58,43.516,2631.9,63.286,25.199,44.137,0.35946,8.8671,26.714,120.45,1.5253,75.137,23.856,2.3128,53.976,4.8752,216.99,0.014805,0.83936,65.321,18.706,43.764
70,2026-04-13T20:27:00,50.418,22.889,26.501,32.549,40.646,2702.7,3735.7,17.664,18.936,21.621,0.23372,0.088336,339.45,77.235,6.7793,13.692,32.19,4535.7,23.143,47.502,51.051,80.144,2.2595,1.6593,3101.6,42.124,53.646,94.574,9.2264,60.851,41.194,39.255,2631.3,63.001,23.733,44.175,0.32873,8.915,26.768,120.4,1.2373,74.883,23.984,2.3462,53.976,4.8485,216.32,0.014805,0.83936,65.303,19.212,43.764
71,2026-04-13T20:30:00,50.255,23.052,27.036,32.549,41.771,2702.3,3687.6,17.736,18.936,21.627,0.23207,0.097854,339.47,77.377,6.7793,13.692,32.19,4559.3,23.108,47.123,50.881,80.193,2.2595,1.6593,3102.6,42.374,53.363,94.642,9.3317,61.645,40.694,39.327,2630.1,63.83,26.07,44.244,0.32815,8.915,26.768,120.41,1.2373,75.591,23.984,2.3462,54.746,4.8485,216.34,0.015938,0.84478,65.279,19.212,44.391
72,2026-04-13T20:33:00,50.631,23.834,27.04,32.212,40.51,2702.7,3677.2,19.477,18.604,21.875,0.24304,0.097854,339.03,77.403,6.8092,13.802,31.932,4482.2,22.372,47.995,50.804,80.263,2.2585,1.5964,3102.6,42.014,53.014,94.439,9.3481,61.453,40.466,38.223,2631.1,64.115,23.661,44.212,0.32099,8.9409,26.121,120.4,1.3335,74.341,24.691,2.2887,54.746,4.917,216.91,0.015938,0.84478,65.27,18.887,44.391
73,2026-04-13T20:36:00,50.527,23.906,26.885,32.212,41.636,2701.1,3693.0,17.745,18.604,21.535,0.2423,0.097854,338.71,77.093,6.8092,13.802,31.932,4453.6,23.113,47.754,49.652,80.158,2.2585,1.5964,3101.5,42.631,53.355,94.614,9.3424,61.631,37.074,38.459,2629.2,63.843,25.385,44.077,0.31905,8.9409,26.121,120.41,1.3335,74.557,24.691,2.2887,54.746,4.917,218.6,0.015938,0.84478,65.282,18.887,44.391
74,2026-04-13T20:39:00,50.283,26.35,26.5,32.706,41.614,2700.6,3711.4,17.961,18.572,20.978,0.26996,0.097854,338.78,77.388,6.9576,13.987,32.008,4467.8,23.016,47.19,50.399,80.132,2.2902,1.6133,3102.0,42.5,53.938,94.453,9.3288,61.451,39.275,39.66,2628.8,63.348,24.823,44.252,0.33225,8.9336,26.464,120.41,1.2524,74.716,24.256,2.3649,54.746,4.859,216.88,0.015938,0.84478,65.266,18.302,44.391
75,2026-04-13T20:42:00,51.23,26.621,27.336,32.706,41.977,2704.4,3687.4,14.556,18.572,22.063,0.2672,0.097854,339.67,77.747,6.9576,13.987,32.008,4474.8,24.434,49.38,48.298,80.422,2.2902,1.6133,3103.5,42.291,53.855,94.583,9.3571,63.688,33.091,40.008,2632.4,63.761,25.879,44.252,0.3294,8.9336,26.464,120.41,1.2524,74.206,24.256,2.3649,54.746,4.859,217.09,0.015938,0.84478,65.28,18.302,44.391
76,2026-04-13T20:45:00,48.443,26.135,26.636,32.508,41.916,2705.7,3635.6,19.033,18.428,21.379,0.26194,0.10645,339.03,77.601,6.9463,13.73,32.341,4561.7,22.536,42.93,49.931,80.668,2.2539,1.6264,3106.7,42.224,54.28,94.382,9.512,61.122,37.897,42.501,2634.7,63.35,25.206,44.224,0.35058,8.822,26.308,120.41,1.3221,74.407,24.54,2.3396,53.846,4.8375,219.2,0.0060413,0.85591,65.375,18.8,44.677
77,2026-04-13T20:48:00,51.306,26.09,27.159,32.508,41.103,2703.6,3670.8,19.262,18.428,21.536,0.2624,0.10645,338.93,77.234,6.9463,13.73,32.341,4563.0,22.45,49.557,52.084,80.354,2.2539,1.6264,3104.8,42.35,54.266,94.655,9.3309,62.635,44.232,41.991,2631.8,62.744,27.296,44.438,0.35477,8.822,26.308,120.36,1.3221,75.738,24.54,2.3396,53.846,4.8375,217.65,0.0060413,0.85591,65.436,18.8,44.677
78,2026-04-13T20:51:00,50.876,22.86,26.769,32.856,41.065,2700.8,3652.8,19.517,18.701,21.204,0.23118,0.10645,338.7,76.932,7.081,13.83,32.146,4495.4,22.361,48.561,51.333,80.089,2.2559,1.6263,3102.3,42.275,53.888,94.669,9.3199,60.23,42.024,38.509,2628.9,63.087,25.021,44.751,0.32716,8.8941,26.579,120.39,1.1084,75.453,23.911,2.3564,53.846,4.947,215.03,0.0060413,0.85591,65.367,19.056,44.677
79,2026-04-13T20:54:00,49.107,22.786,27.031,32.856,40.923,2701.2,3672.1,17.823,18.701,21.638,0.23194,0.10645,339.27,76.962,7.081,13.83,32.146,4495.2,23.083,44.467,51.538,79.95,2.2559,1.6263,3100.8,42.404,53.891,94.726,9.386,62.7,42.626,38.602,2628.5,62.755,24.829,44.482,0.3264,8.8941,26.579,120.38,1.1084,74.603,23.911,2.3564,53.846,4.947,219.01,0.0060413,0.85591,65.305,19.056,44.677
80,2026-04-13T20:57:00,50.643,24.921,26.479,32.367,40.213,2702.3,3650.7,17.27,18.511,21.597,0.24677,0.10645,339.5,76.936,6.8279,13.783,31.354,4483.0,23.32,48.021,48.262,80.013,2.2885,1.685,3100.0,42.707,53.384,94.729,9.3025,62.411,32.985,40.054,2631.2,61.816,25.515,44.565,0.33612,8.8032,26.53,120.36,1.5037,74.279,24.241,2.2743,53.846,4.8557,219.06,0.0060413,0.85591,65.247,19.247,44.677
81,2026-04-13T21:00:00,50.305,24.647,26.842,32.367,40.977,2704.9,3635.6,19.77,18.511,22.209,0.24956,0.10424,339.96,77.307,6.8279,13.783,31.354,4436.5,22.259,47.239,50.913,80.097,2.2885,1.685,3102.0,41.926,53.94,94.835,9.3392,64.143,40.786,40.072,2633.7,62.076,24.983,44.868,0.33597,8.8032,26.53,120.4,1.5037,74.831,24.241,2.2743,54.275,4.8557,220.13,0.0065951,0.85228,65.24,19.247,44.397
82,2026-04-13T21:03:00,51.709,32.64,26.918,33.162,40.991,2707.4,3679.5,16.385,18.442,21.746,0.33053,0.10424,339.5,77.317,6.8477,13.834,32.15,4433.1,23.685,50.489,50.256,80.131,2.2717,1.6717,3107.4,42.065,53.449,94.712,9.3463,62.896,38.853,39.362,2635.4,63.473,24.206,45.022,0.33126,9.0452,26.558,120.39,1.2005,74.324,23.56,2.2691,54.275,4.8037,220.84,0.0065951,0.85228,65.274,18.779,44.397
83,2026-04-13T21:06:00,50.199,32.358,26.963,33.162,41.447,2711.2,3663.0,18.869,18.442,22.363,0.3334,0.10424,340.59,77.529,6.8477,13.834,32.15,4418.8,22.624,46.995,49.357,80.33,2.2717,1.6717,3109.5,42.15,53.619,94.502,9.3106,60.825,36.209,39.811,2640.0,63.757,25.944,45.264,0.32758,9.0452,26.558,120.43,1.2005,75.043,23.56,2.2691,54.275,4.8037,220.57,0.0065951,0.85228,65.341,18.779,44.397
84,2026-04-13T21:09:00,50.874,25.67,27.1,32.819,41.551,2708.5,3719.1,17.647,18.47,21.874,0.25654,0.10424,340.37,77.528,6.9162,13.838,31.969,4509.4,23.138,48.557,50.844,80.228,2.2431,1.6567,3109.4,42.76,53.644,94.435,9.4847,61.803,40.584,39.53,2637.1,62.659,25.311,45.22,0.34082,8.9028,26.37,120.39,1.1705,74.577,24.207,2.2726,54.275,4.8399,223.44,0.0065951,0.85228,65.383,19.251,44.397
85,2026-04-13T21:12:00,50.699,25.477,26.978,32.819,41.201,2709.3,3704.9,17.534,18.47,21.937,0.25851,0.10424,341.06,77.437,6.9162,13.838,31.969,4474.0,23.181,48.151,49.919,80.299,2.2431,1.6567,3108.7,42.231,54.068,94.482,9.3699,61.187,37.861,39.893,2637.8,62.905,25.98,45.597,0.33785,8.9028,26.37,120.4,1.1705,74.13,24.207,2.2726,54.275,4.8399,221.61,0.0065951,0.85228,65.437,19.251,44.397
86,2026-04-13T21:15:00,49.237,27.274,26.802,32.494,40.861,2709.0,3667.0,19.585,18.66,22.09,0.27787,0.094962,341.21,76.975,6.7487,13.756,31.813,4476.8,22.331,44.768,50.2,80.107,2.2668,1.6201,3107.4,42.428,52.837,94.599,9.4302,59.004,38.689,40.194,2637.8,62.956,26.736,45.572,0.33632,9.0425,26.269,120.39,1.2661,75.415,23.73,2.3052,54.011,4.8504,223.6,0.0074279,0.84204,65.457,18.339,43.318
87,2026-04-13T21:18:00,50.074,27.205,26.808,32.494,41.132,2708.2,3616.2,18.636,18.66,22.338,0.27857,0.094962,341.8,77.255,6.7487,13.756,31.813,4446.2,22.726,46.705,50.862,80.017,2.2668,1.6201,3105.2,42.353,53.203,94.522,9.2996,61.683,40.636,39.882,2638.0,63.83,23.433,45.817,0.33888,9.0425,26.269,120.41,1.2661,73.69,23.73,2.3052,54.011,4.8504,222.96,0.0074279,0.84204,65.392,18.339,43.318
88,2026-04-13T21:21:00,48.582,28.98,26.897,32.998,41.502,2707.9,3690.6,18.427,18.384,21.918,0.29697,0.094962,341.5,76.964,6.9151,13.891,31.879,4535.6,22.834,43.253,50.979,79.777,2.2375,1.6613,3106.5,42.459,54.369,94.556,9.3649,62.991,40.982,39.196,2636.3,64.065,24.696,46.025,0.32627,8.7966,26.494,120.41,1.1948,75.104,24.172,2.2961,54.011,4.8004,222.76,0.0074279,0.84204,65.358,18.699,43.318
89,2026-04-13T21:24:00,49.971,28.92,27.453,32.998,41.488,2709.4,3727.1,16.966,18.384,22.678,0.29758,0.094962,342.07,77.197,6.9151,13.891,31.879,4526.2,23.448,46.466,51.256,79.795,2.2375,1.6613,3106.9,43.001,54.481,94.415,9.2803,61.505,41.797,38.746,2637.8,63.437,24.738,45.97,0.32995,8.7966,26.494,120.42,1.1948,74.662,24.172,2.2961,54.011,4.8004,225.56,0.0074279,0.84204,65.344,18.699,43.318
90,2026-04-13T21:27:00,50.165,28.763,27.295,32.708,41.089,2712.5,3681.3,18.273,18.575,22.937,0.29343,0.094962,342.16,77.489,6.9274,13.78,32.394,4532.4,22.887,46.917,49.355,80.074,2.251,1.6275,3107.5,42.064,53.567,94.431,9.2328,62.988,36.201,40.496,2642.2,62.813,26.164,46.147,0.34523,8.7059,26.605,120.41,1.2085,74.618,24.149,2.2432,54.011,4.8538,225.69,0.0074279,0.84204,65.356,19.124,43.318
91,2026-04-13T21:30:00,49.079,28.767,27.105,32.708,41.25,2711.4,3639.0,17.907,18.575,22.116,0.29339,0.085411,342.32,77.419,6.9274,13.78,32.394,4510.8,23.039,44.403,49.759,80.048,2.251,1.6275,3109.5,42.528,53.826,94.454,9.4299,61.239,37.39,40.619,2640.0,63.541,24.148,46.179,0.34423,8.7059,26.605,120.39,1.2085,75.309,24.149,2.2432,53.523,4.8538,224.7,0.020565,0.85464,65.421,19.124,44.008
92,2026-04-13T21:33:00,50.125,24.185,26.868,32.741,41.251,2712.2,3648.3,18.479,18.411,22.828,0.2414,0.085411,342.78,77.696,6.8678,13.623,32.52,4470.9,22.784,46.823,49.975,80.162,2.2737,1.6192,3107.4,42.489,53.237,94.54,9.5271,60.22,38.026,39.049,2641.7,63.236,23.585,46.202,0.33302,8.9313,26.744,120.44,1.2303,74.937,24.164,2.3916,53.523,4.7282,225.33,0.020565,0.85464,65.466,18.369,44.008
93,2026-04-13T21:36:00,50.254,24.009,26.964,32.741,41.288,2711.7,3643.9,16.76,18.411,22.649,0.24319,0.085411,342.38,77.678,6.8678,13.623,32.52,4460.0,23.499,47.121,50.752,80.24,2.2737,1.6192,3108.0,42.314,53.366,94.533,9.2462,63.046,40.312,39.443,2641.6,63.312,25.753,46.367,0.32979,8.9313,26.744,120.38,1.2303,74.884,24.164,2.3916,53.523,4.7282,224.34,0.020565,0.85464,65.525,18.369,44.008
94,2026-04-13T21:39:00,49.941,22.368,26.811,33.142,41.851,2709.7,3692.6,19.641,18.536,22.675,0.22999,0.085411,342.7,76.513,6.8997,13.665,32.417,4542.1,22.324,46.398,50.932,80.004,2.2533,1.6262,3106.6,42.112,54.242,94.501,9.4711,61.102,40.841,37.22,2639.5,62.982,25.071,46.2,0.31207,8.9304,26.762,120.41,1.2405,74.496,24.271,2.2639,53.523,4.9337,227.05,0.020565,0.85464,65.563,18.28,44.008
95,2026-04-13T21:42:00,46.747,22.367,27.166,33.142,40.372,2708.8,3669.5,18.797,18.536,22.535,0.23,0.085411,342.31,77.17,6.8997,13.665,32.417,4531.1,22.668,39.006,50.336,79.777,2.2533,1.6262,3105.9,42.497,54.373,94.621,9.3825,62.202,39.09,37.326,2637.4,63.379,24.612,46.507,0.3112,8.9304,26.762,120.37,1.2405,75.15,24.271,2.2639,53.523,4.9337,224.52,0.020565,0.85464,65.497,18.28,44.008
96,2026-04-13T21:45:00,48.755,23.279,27.048,33.303,41.557,2709.7,3670.1,19.61,18.349,22.609,0.23483,0.089365,342.59,77.202,6.7015,13.773,31.925,4550.6,22.328,43.652,51.78,79.851,2.2212,1.7,3106.2,42.564,54.434,94.528,9.2751,60.504,43.337,37.303,2638.6,63.088,24.833,46.511,0.3183,8.9933,26.506,120.41,0.93699,74.573,24.606,2.2806,53.346,4.8314,229.25,0.0077869,0.8433,65.485,18.507,43.534
97,2026-04-13T21:48:00,49.917,23.184,26.865,33.303,40.03,2710.3,3634.9,17.56,18.349,22.195,0.2358,0.089365,342.27,77.214,6.7015,13.773,31.925,4557.8,23.19,46.341,50.484,79.938,2.2212,1.7,3107.2,42.386,54.348,94.591,9.2674,62.617,39.524,37.461,2638.7,63.693,25.627,46.871,0.31701,8.9933,26.506,120.37,0.93699,75.252,24.606,2.2806,53.346,4.8314,227.8,0.0077869,0.8433,65.493,18.507,43.534
98,2026-04-13T21:51:00,49.786,27.897,26.762,33.074,42.51,2713.8,3701.5,17.889,18.423,22.461,0.28346,0.089365,342.23,77.326,6.9294,13.891,32.031,4550.8,23.042,46.039,49.203,80.201,2.2692,1.631,3109.6,42.478,53.939,94.383,9.3697,60.594,35.754,38.684,2643.4,64.361,27.104,47.045,0.32951,8.8661,26.738,120.44,1.2194,75.243,24.2,2.252,53.346,4.8078,228.39,0.0077869,0.8433,65.555,18.284,43.534
99,2026-04-13T21:54:00,50.375,27.817,27.328,33.074,41.605,2711.0,3716.6,17.998,18.423,22.53,0.28427,0.089365,341.98,76.967,6.9294,13.891,32.031,4510.3,23.005,47.401,49.177,80.027,2.2692,1.631,3108.7,42.529,54.423,94.429,9.3486,61.737,35.679,38.942,2640.3,64.103,25.343,47.326,0.32739,8.8661,26.738,120.43,1.2194,75.37,24.2,2.252,53.346,4.8078,227.73,0.0077869,0.8433,65.628,18.284,43.534
100,2026-04-13T21:57:00,49.922,27.175,26.886,33.436,40.815,2707.4,3676.9,17.909,18.67,22.192,0.27457,0.089365,341.7,77.004,7.0816,13.898,31.915,4516.6,23.05,46.354,48.531,79.865,2.2194,1.6565,3106.4,42.479,54.959,94.321,9.3928,60.267,33.778,40.492,2636.4,62.849,25.838,47.354,0.34068,8.8961,26.245,120.4,1.2877,75.073,24.431,2.2157,53.346,4.7956,229.94,0.0077869,0.8433,65.604,18.305,43.534
101,2026-04-13T22:00:00,49.92,26.956,26.801,33.436,41.044,2706.4,3640.6,18.912,18.67,22.116,0.2768,0.090332,341.68,76.977,7.0816,13.898,31.915,4531.3,22.638,46.348,49.922,79.678,2.2194,1.6565,3103.4,42.26,54.783,94.76,9.3393,60.838,37.871,40.591,2635.4,63.474,26.065,47.245,0.33986,8.8961,26.245,120.39,1.2877,74.318,24.431,2.2157,54.378,4.7956,230.73,0.0097077,0.84893,65.551,18.305,43.781
102,2026-04-13T22:03:00,48.105,28.248,26.864,33.586,40.706,2709.9,3616.1,19.508,18.325,22.709,0.29053,0.090332,341.96,77.721,7.0307,13.76,32.292,4564.5,22.363,42.15,48.27,79.968,2.2293,1.6409,3105.2,42.686,54.417,94.46,9.2157,61.917,33.008,40.607,2639.4,62.444,24.982,47.279,0.34214,8.7983,26.873,120.38,1.3733,75.695,24.012,2.3522,54.378,4.8242,231.61,0.0097077,0.84893,65.549,18.65,43.781
103,2026-04-13T22:06:00,50.636,28.28,26.813,33.586,41.275,2713.3,3642.3,21.162,18.325,22.878,0.2902,0.090332,342.24,77.66,7.0307,13.76,32.292,4515.6,21.658,48.005,47.95,80.261,2.2293,1.6409,3107.3,42.426,55.002,94.758,9.363,63.118,32.066,40.574,2642.5,61.993,23.478,47.648,0.34241,8.7983,26.873,120.39,1.3733,74.399,24.012,2.3522,54.378,4.8242,228.64,0.0097077,0.84893,65.637,18.65,43.781
104,2026-04-13T22:09:00,48.751,24.96,26.973,33.348,40.936,2710.9,3629.8,21.854,18.439,22.342,0.25291,0.090332,342.38,77.222,6.9628,13.67,32.259,4531.4,21.377,43.643,50.299,80.077,2.2471,1.6692,3108.2,42.455,54.017,94.677,9.2942,60.851,38.979,38.788,2639.2,62.491,25.518,47.453,0.3268,8.9012,26.069,120.39,1.2025,75.149,24.161,2.2992,54.378,4.7112,231.97,0.0097077,0.84893,65.712,19.146,43.781
105,2026-04-13T22:12:00,48.899,24.996,27.199,33.348,41.3,2710.3,3622.8,18.645,18.439,22.793,0.25253,0.090332,342.36,77.286,6.9628,13.67,32.259,4553.4,22.732,43.985,50.198,79.904,2.2471,1.6692,3106.8,42.293,53.754,94.739,9.3608,59.313,38.683,38.912,2639.6,62.611,24.475,47.689,0.32579,8.9012,26.069,120.39,1.2025,74.404,24.161,2.2992,54.378,4.7112,230.52,0.0097077,0.84893,65.691,19.146,43.781
106,2026-04-13T22:15:00,50.532,24.941,26.72,32.628,41.439,2711.0,3652.0,16.405,18.507,22.805,0.25769,0.099248,342.68,77.117,6.7349,13.878,32.041,4485.1,23.68,47.765,51.12,79.933,2.2844,1.6328,3105.7,42.257,53.332,94.61,9.2102,61.739,41.395,37.367,2640.0,62.596,24.745,47.864,0.3175,8.9557,26.168,120.39,1.1145,76.167,23.934,2.3297,53.3,4.8954,231.57,0.021615,0.81915,65.675,18.165,43.157
107,2026-04-13T22:18:00,51.484,25.03,27.067,32.628,40.288,2712.0,3667.1,19.135,18.507,23.053,0.25678,0.099248,342.83,77.411,6.7349,13.878,32.041,4484.8,22.521,49.967,50.108,79.994,2.2844,1.6328,3105.6,41.549,53.335,94.79,9.2592,63.43,38.418,37.638,2640.7,62.336,23.322,48.166,0.31528,8.9557,26.168,120.38,1.1145,74.501,23.934,2.3297,53.3,4.8954,230.16,0.021615,0.81915,65.697,18.165,43.157
108,2026-04-13T22:21:00,50.316,27.272,26.998,33.278,41.868,2710.9,3683.4,16.373,18.644,22.453,0.27681,0.099248,342.34,77.13,6.9436,13.739,32.166,4574.9,23.688,47.266,50.887,80.043,2.2558,1.6764,3107.9,42.186,54.685,94.433,9.3991,61.463,40.71,40.04,2640.0,64.085,24.589,48.199,0.34064,8.9552,26.149,120.43,1.1573,75.338,23.807,2.3039,53.3,4.7918,231.73,0.021615,0.81915,65.742,18.373,43.157
109,2026-04-13T22:24:00,49.595,27.367,26.947,33.278,41.655,2709.7,3701.0,16.917,18.644,22.46,0.27584,0.099248,342.36,76.819,6.9436,13.739,32.166,4529.5,23.472,45.596,48.732,79.931,2.2558,1.6764,3106.6,42.718,55.229,94.557,9.3247,60.767,34.369,40.089,2639.2,63.783,24.911,48.095,0.34024,8.9552,26.149,120.4,1.1573,74.376,23.807,2.3039,53.3,4.7918,234.84,0.021615,0.81915,65.746,18.373,43.157
110,2026-04-13T22:27:00,48.645,26.255,26.895,32.784,41.548,2707.5,3663.3,18.575,18.783,22.342,0.26486,0.099248,342.4,77.098,6.7996,13.776,32.459,4539.0,22.772,43.398,49.239,79.79,2.2196,1.6704,3104.0,42.201,54.691,94.512,9.4612,60.497,35.861,38.472,2636.7,62.641,25.03,48.297,0.3227,8.916,26.564,120.4,1.323,75.674,24.07,2.2512,53.3,4.8189,234.53,0.021615,0.81915,65.737,18.615,43.157
111,2026-04-13T22:30:00,50.926,26.208,26.835,32.784,41.13,2706.2,3665.7,18.393,18.783,22.265,0.26534,0.10876,342.2,76.747,6.7996,13.776,32.459,4512.2,22.868,48.677,48.646,79.712,2.2196,1.6704,3102.6,42.323,55.012,94.609,9.3669,60.593,34.116,37.787,2635.0,62.6,26.579,47.986,0.32832,8.916,26.564,120.39,1.323,75.658,24.07,2.2512,53.521,4.8189,231.42,0.017563,0.83999,65.712,18.615,44.281
112,2026-04-13T22:33:00,51.485,23.393,26.876,33.262,40.739,2705.6,3651.9,18.779,18.447,22.645,0.23457,0.10876,342.06,77.078,6.7813,13.803,31.952,4539.3,22.7,49.97,51.266,79.8,2.2433,1.6572,3101.0,42.144,54.14,94.551,9.389,58.616,41.827,38.802,2634.1,64.111,26.058,47.557,0.32728,8.8707,26.188,120.39,1.1906,74.7,24.471,2.2633,53.521,4.7941,234.5,0.017563,0.83999,65.674,19.013,44.281
113,2026-04-13T22:36:00,51.777,23.285,26.8,33.262,41.521,2707.2,3688.8,20.595,18.447,22.378,0.23567,0.10876,342.08,77.434,6.7813,13.803,31.952,4528.8,21.918,50.647,50.153,80.119,2.2433,1.6572,3102.2,42.337,54.266,94.539,9.303,62.484,38.551,39.13,2635.8,63.476,24.254,47.635,0.32459,8.8707,26.188,120.41,1.1906,75.891,24.471,2.2633,53.521,4.7941,231.86,0.017563,0.83999,65.684,19.013,44.281
114,2026-04-13T22:39:00,50.423,27.993,26.856,33.066,41.094,2705.8,3720.5,17.481,18.81,22.445,0.28558,0.10876,341.72,77.251,6.8314,13.755,32.02,4499.9,23.233,47.512,49.991,80.146,2.2482,1.6792,3102.8,42.453,53.63,94.482,9.3047,62.483,38.073,39.299,2634.7,63.176,24.833,47.674,0.32883,9.0482,26.455,120.4,1.4518,75.433,24.325,2.2702,53.521,4.7588,229.6,0.017563,0.83999,65.736,18.831,44.281
115,2026-04-13T22:42:00,49.449,28.086,26.526,33.066,41.476,2703.7,3723.0,18.196,18.81,22.055,0.28464,0.10876,340.95,77.295,6.8314,13.755,32.02,4509.1,22.926,45.26,49.777,80.196,2.2482,1.6792,3100.8,42.245,53.519,94.46,9.3364,59.849,37.445,39.069,2633.1,63.133,25.116,47.501,0.33071,9.0482,26.455,120.4,1.4518,74.839,24.325,2.2702,53.521,4.7588,229.74,0.017563,0.83999,65.798,18.831,44.281
116,2026-04-13T22:45:00,50.806,27.884,27.001,33.312,42.074,2700.5,3737.7,20.557,18.603,22.0,0.27775,0.10149,341.61,76.906,7.1367,13.838,32.301,4486.3,21.949,48.399,50.711,80.011,2.2206,1.648,3097.6,42.31,54.213,94.52,9.1747,60.442,40.191,38.651,2629.5,62.512,25.137,47.788,0.32308,8.6837,25.944,120.4,1.1717,74.993,23.761,2.278,53.569,4.8728,230.55,0.032686,0.82891,65.782,19.133,43.177
117,2026-04-13T22:48:00,49.023,27.653,26.938,33.312,41.083,2698.4,3715.5,16.96,18.603,22.276,0.28009,0.10149,341.55,76.893,7.1367,13.838,32.301,4508.3,23.472,44.273,49.671,79.874,2.2206,1.648,3095.2,42.108,53.949,94.631,9.353,60.459,37.132,38.412,2627.3,62.895,25.115,47.768,0.32503,8.6837,25.944,120.36,1.1717,75.629,23.761,2.278,53.569,4.8728,231.55,0.032686,0.82891,65.745,19.133,43.177
118,2026-04-13T22:51:00,49.329,25.146,26.242,33.002,40.834,2698.3,3602.1,18.125,18.64,22.323,0.25175,0.10149,341.9,77.424,6.9085,13.812,31.857,4446.3,22.967,44.982,49.147,80.016,2.2698,1.6084,3092.6,42.142,53.916,94.716,9.2336,60.251,35.59,39.69,2627.7,62.071,25.309,47.733,0.33244,8.8608,26.12,120.38,1.0905,75.596,23.826,2.3545,53.569,4.8946,232.73,0.032686,0.82891,65.749,18.886,43.177
119,2026-04-13T22:54:00,52.172,25.175,27.214,33.002,40.331,2698.8,3563.4,17.482,18.64,22.424,0.25146,0.10149,341.39,77.335,6.9085,13.812,31.857,4485.9,23.236,51.56,49.125,80.173,2.2698,1.6084,3094.0,41.919,53.441,94.916,9.2629,61.352,35.526,39.715,2627.2,62.737,25.837,47.7,0.33224,8.8608,26.12,120.36,1.0905,74.891,23.826,2.3545,53.569,4.8946,233.82,0.032686,0.82891,65.813,18.886,43.177
120,2026-04-13T22:57:00,49.058,29.087,27.03,33.074,40.953,2701.3,3676.5,17.287,18.559,22.333,0.29991,0.10149,341.23,77.645,6.9463,14.063,32.12,4487.3,23.299,44.354,49.576,80.379,2.2704,1.667,3097.6,42.416,53.993,94.645,9.2874,59.652,36.852,39.241,2629.7,62.661,24.952,48.021,0.33036,9.0471,26.001,120.4,1.2436,74.75,23.912,2.2767,53.569,4.7765,230.9,0.032686,0.82891,65.853,18.823,43.177
121,2026-04-13T23:00:00,51.65,29.301,27.055,33.074,40.54,2700.1,3649.7,19.974,18.559,21.972,0.29773,0.10218,341.24,77.24,6.9463,14.063,32.12,4486.6,22.18,50.353,49.458,80.235,2.2704,1.667,3097.4,42.347,54.001,94.679,9.2877,62.894,36.506,39.1,2627.6,63.122,27.065,47.683,0.33152,9.0471,26.001,120.38,1.2436,75.44,23.912,2.2767,54.631,4.7765,232.16,0.012019,0.84147,65.907,18.823,44.036
122,2026-04-13T23:03:00,49.024,26.866,27.035,32.842,41.372,2698.0,3655.6,16.073,18.554,22.049,0.27575,0.10218,341.21,77.123,6.9714,14.05,32.726,4530.4,23.833,44.275,50.827,80.072,2.2588,1.6329,3094.2,42.226,53.617,94.766,9.23,61.564,40.535,42.629,2626.0,62.646,24.601,47.773,0.35903,8.9889,26.139,120.4,1.2066,75.149,23.544,2.3981,54.631,4.864,230.47,0.012019,0.84147,65.874,18.982,44.036
123,2026-04-13T23:06:00,49.967,27.002,26.384,32.842,41.545,2697.4,3650.9,20.011,18.554,21.888,0.27437,0.10218,341.42,77.32,6.9714,14.05,32.726,4493.6,22.17,46.457,50.368,80.08,2.2588,1.6329,3093.9,42.492,54.057,94.67,9.3532,60.534,39.184,42.549,2626.4,62.727,24.4,47.786,0.35969,8.9889,26.139,120.39,1.2066,74.222,23.544,2.3981,54.631,4.864,229.66,0.012019,0.84147,65.848,18.982,44.036
124,2026-04-13T23:09:00,49.552,20.989,26.807,33.436,40.269,2695.3,3624.4,16.174,18.637,22.096,0.21327,0.10218,341.5,77.209,6.8771,13.762,32.477,4471.3,23.79,45.498,51.461,80.054,2.2542,1.647,3090.9,42.31,53.914,94.794,9.176,60.131,42.4,42.421,2623.5,62.89,26.131,47.686,0.36074,8.906,26.27,120.37,1.3508,75.223,23.321,2.3451,54.631,4.9787,230.14,0.012019,0.84147,65.815,19.087,44.036
125,2026-04-13T23:12:00,49.538,20.923,26.775,33.436,40.501,2695.4,3647.6,17.827,18.637,21.881,0.21394,0.10218,340.92,77.408,6.8771,13.762,32.477,4496.8,23.083,45.465,48.141,80.29,2.2542,1.647,3092.4,42.114,53.609,94.802,9.2701,61.154,32.629,42.735,2622.6,62.491,24.414,47.548,0.35816,8.906,26.27,120.41,1.3508,74.818,23.321,2.3451,54.631,4.9787,231.0,0.012019,0.84147,65.837,19.087,44.036
126,2026-04-13T23:15:00,50.222,22.784,27.016,33.445,40.784,2696.1,3681.4,17.711,18.737,22.15,0.23459,0.095584,341.01,77.141,6.7982,13.836,32.743,4469.5,23.139,47.048,49.499,80.258,2.2855,1.6468,3091.8,42.414,53.634,94.733,9.2507,59.888,36.625,39.189,2624.1,62.697,25.83,47.881,0.32509,8.8858,26.116,120.38,1.1658,75.586,23.406,2.2624,54.018,4.821,230.16,0.019559,0.85704,65.863,18.973,43.249
127,2026-04-13T23:18:00,51.72,23.046,26.582,33.445,41.593,2695.2,3677.9,17.487,18.737,21.856,0.23192,0.095584,340.9,77.278,6.7982,13.836,32.743,4449.3,23.231,50.516,48.767,80.238,2.2855,1.6468,3091.8,42.124,53.875,94.76,9.2049,62.367,34.471,38.607,2623.4,62.758,25.749,47.749,0.32986,8.8858,26.116,120.42,1.1658,74.161,23.406,2.2624,54.018,4.821,232.55,0.019559,0.85704,65.869,18.973,43.249
128,2026-04-13T23:21:00,50.018,19.976,26.864,33.055,41.068,2691.7,3706.6,18.019,19.118,21.472,0.20305,0.095584,340.67,77.117,6.8623,13.829,32.07,4463.6,23.017,46.575,50.406,80.032,2.2368,1.6359,3091.1,42.43,53.942,94.597,9.3534,61.996,39.293,39.979,2619.6,62.997,24.686,47.713,0.33447,9.0678,26.348,120.41,1.2219,75.386,24.105,2.2963,54.018,4.8811,233.82,0.019559,0.85704,65.846,19.097,43.249
129,2026-04-13T23:24:00,48.945,19.881,26.578,33.055,41.218,2693.9,3695.6,18.843,19.118,21.697,0.20402,0.095584,340.34,77.399,6.8623,13.829,32.07,4507.7,22.66,44.094,49.852,80.281,2.2368,1.6359,3090.8,42.038,53.414,94.714,9.3352,60.552,37.664,40.066,2622.7,63.186,27.317,47.971,0.33376,9.0678,26.348,120.42,1.2219,74.338,24.105,2.2963,54.018,4.8811,231.84,0.019559,0.85704,65.826,19.097,43.249
130,2026-04-13T23:27:00,50.788,26.082,26.826,32.817,40.752,2696.4,3666.4,17.765,18.598,22.146,0.2665,0.095584,340.82,77.763,6.8387,13.695,32.308,4442.8,23.092,48.358,51.637,80.539,2.2744,1.6535,3093.7,42.191,53.842,94.518,9.3339,59.736,42.916,39.707,2625.7,63.175,25.394,47.993,0.33536,9.0246,26.089,120.43,1.0353,74.992,23.649,2.3939,54.018,4.8473,232.44,0.019559,0.85704,65.885,18.91,43.249
131,2026-04-13T23:30:00,51.372,26.149,26.93,32.817,40.524,2696.9,3669.3,17.945,18.598,21.826,0.26582,0.10582,340.25,77.329,6.8387,13.695,32.308,4467.6,23.022,49.71,51.106,80.589,2.2744,1.6535,3094.7,42.145,53.546,94.586,9.3201,60.952,41.354,40.016,2625.1,63.125,26.45,48.254,0.33282,9.0246,26.089,120.38,1.0353,74.851,23.649,2.3939,53.817,4.8473,235.04,0.016871,0.83355,66.004,18.91,43.687
132,2026-04-13T23:33:00,48.444,23.905,27.173,33.1,41.003,2695.2,3714.0,16.448,18.706,21.724,0.24271,0.10582,340.15,77.108,7.0207,13.964,32.333,4507.3,23.656,42.933,49.944,80.416,2.2977,1.6632,3093.8,42.196,53.491,94.585,9.3618,58.41,37.934,38.018,2623.6,62.594,23.225,48.579,0.31908,9.0039,25.933,120.4,1.2532,75.088,23.31,2.321,53.817,4.9159,234.24,0.016871,0.83355,66.072,18.545,43.687
133,2026-04-13T23:36:00,51.587,23.916,26.558,33.1,41.054,2693.1,3688.5,18.969,18.706,21.558,0.24259,0.10582,340.37,76.661,7.0207,13.964,32.333,4469.6,22.616,50.206,51.269,80.112,2.2977,1.6632,3090.8,42.326,53.941,94.702,9.3104,62.507,41.835,37.869,2621.3,63.031,25.12,48.881,0.32031,9.0039,25.933,120.4,1.2532,75.45,23.31,2.321,53.817,4.9159,233.73,0.016871,0.83355,66.026,18.545,43.687
134,2026-04-13T23:39:00,51.012,23.628,27.018,32.975,41.037,2692.8,3634.1,17.533,18.646,21.896,0.23782,0.10582,340.25,77.066,6.9855,14.056,32.18,4518.4,23.215,48.875,49.644,80.148,2.2686,1.6597,3089.3,42.145,54.263,94.741,9.2814,61.181,37.054,41.35,2621.3,62.327,25.155,49.027,0.35095,9.0376,26.37,120.37,1.2772,74.083,23.874,2.2942,53.817,4.8689,235.01,0.016871,0.83355,65.976,18.724,43.687
135,2026-04-13T23:42:00,49.177,23.527,26.87,32.975,40.296,2695.2,3611.4,18.934,18.646,21.781,0.23885,0.10582,340.27,77.476,6.9855,14.056,32.18,4509.8,22.612,44.629,49.218,80.238,2.2686,1.6597,3091.6,42.267,54.366,94.884,9.3084,59.645,35.799,41.433,2622.7,62.718,24.391,49.089,0.35027,9.0376,26.37,120.39,1.2772,74.166,23.874,2.2942,53.817,4.8689,237.21,0.016871,0.83355,65.993,18.724,43.687
136,2026-04-13T23:45:00,50.244,24.901,26.919,32.945,40.629,2697.0,3648.4,18.333,18.41,21.554,0.25309,0.093769,340.42,77.391,6.9388,13.927,32.055,4483.0,22.867,47.099,49.784,80.333,2.2512,1.6807,3095.1,42.223,54.269,94.719,9.3427,61.407,37.464,43.023,2625.3,62.276,25.361,48.768,0.3596,8.9701,25.855,120.39,1.2414,74.768,23.651,2.2644,54.285,4.8405,237.14,0.039617,0.84152,66.003,18.843,44.6
137,2026-04-13T23:48:00,48.986,25.065,26.868,32.945,40.596,2697.4,3631.8,17.837,18.41,21.715,0.25142,0.093769,340.2,77.175,6.9388,13.927,32.055,4531.0,23.082,44.187,50.54,80.244,2.2512,1.6807,3095.8,42.55,53.695,94.896,9.3147,61.393,39.688,42.978,2625.0,62.561,25.566,48.852,0.35997,8.9701,25.855,120.38,1.2414,74.855,23.651,2.2644,54.285,4.8405,236.23,0.039617,0.84152,65.993,18.843,44.6
138,2026-04-13T23:51:00,50.413,26.157,26.869,32.511,41.242,2699.6,3649.8,20.365,18.615,22.222,0.26586,0.093769,340.99,77.457,6.883,13.751,32.112,4500.4,22.009,47.489,51.137,80.335,2.2897,1.6691,3097.2,42.229,53.769,94.623,9.4258,59.669,41.446,41.538,2628.6,62.585,25.828,48.883,0.34556,8.9329,26.498,120.41,1.2455,75.456,23.636,2.379,54.285,4.8781,235.92,0.039617,0.84152,65.993,18.901,44.6
139,2026-04-13T23:54:00,51.723,26.06,27.033,32.511,39.942,2701.2,3623.7,14.293,18.615,21.619,0.26684,0.093769,340.61,77.474,6.883,13.751,32.112,4486.6,24.56,50.521,51.162,80.349,2.2897,1.6691,3099.7,42.145,53.934,94.773,9.2658,65.457,41.521,41.233,2629.2,63.034,26.139,48.797,0.34807,8.9329,26.498,120.39,1.2455,73.831,23.636,2.379,54.285,4.8781,236.91,0.039617,0.84152,65.999,18.901,44.6
140,2026-04-13T23:57:00,49.077,25.696,26.827,32.985,41.586,2703.6,3647.8,18.076,18.577,21.758,0.2617,0.093769,341.37,77.601,6.7624,13.938,31.829,4487.7,22.956,44.398,49.279,80.418,2.3106,1.6242,3102.9,42.174,53.763,94.445,9.4012,62.781,35.979,39.01,2632.5,63.083,24.657,48.816,0.32787,8.8073,26.282,120.42,1.3072,74.564,23.88,2.4682,54.285,4.897,236.72,0.039617,0.84152,66.029,19.098,44.6
141,2026-04-14T00:00:00,50.894,25.72,26.857,32.985,40.744,2702.9,3660.1,18.641,18.577,21.696,0.26145,0.11068,341.37,77.162,6.7624,13.938,31.829,4495.7,22.733,48.603,48.574,80.195,2.3106,1.6242,3102.0,42.568,53.667,94.746,9.462,59.318,33.903,39.26,2630.9,62.869,25.353,48.965,0.32582,8.8073,26.282,120.42,1.3072,74.867,23.88,2.4682,53.065,4.897,237.39,0.020704,0.83459,66.014,19.098,43.849
142,2026-04-14T00:03:00,50.65,28.649,27.087,33.146,41.546,2702.8,3685.4,17.267,18.575,21.911,0.29098,0.11068,341.27,77.618,6.7728,13.836,32.157,4450.0,23.301,48.038,48.88,80.144,2.222,1.6236,3102.0,42.458,53.693,94.355,9.4587,62.626,34.805,41.384,2632.0,63.548,24.549,49.281,0.34974,8.8269,26.256,120.4,1.1023,74.624,23.902,2.3603,53.065,4.9409,234.91,0.020704,0.83459,65.978,18.514,43.849
143,2026-04-14T00:06:00,49.826,28.737,26.902,33.146,41.894,2706.1,3689.4,18.798,18.575,22.196,0.29009,0.11068,341.92,77.944,6.7728,13.836,32.157,4450.8,22.637,46.132,50.443,80.395,2.222,1.6236,3104.5,42.389,53.683,94.474,9.5372,60.909,39.404,41.671,2635.1,63.48,25.248,49.252,0.34739,8.8269,26.256,120.43,1.1023,74.686,23.902,2.3603,53.065,4.9409,236.26,0.020704,0.83459,66.018,18.514,43.849
144,2026-04-14T00:09:00,50.061,25.455,27.033,33.206,42.28,2707.5,3687.0,19.833,18.553,22.377,0.26403,0.11068,341.96,77.684,6.8538,13.905,32.117,4494.9,22.197,46.676,50.942,80.474,2.2742,1.6669,3104.4,42.323,54.582,94.337,9.4121,60.994,40.873,40.102,2636.7,63.538,23.797,49.335,0.33864,8.9308,26.343,120.42,1.2444,74.059,23.333,2.2885,53.065,4.979,236.33,0.020704,0.83459,66.077,18.881,43.849
145,2026-04-14T00:12:00,51.48,25.772,27.107,33.206,40.92,2705.2,3637.8,18.997,18.553,22.119,0.2608,0.11068,342.34,76.663,6.8538,13.905,32.117,4517.2,22.579,49.959,51.346,80.241,2.2742,1.6669,3104.6,42.247,54.315,94.364,9.4391,62.847,42.062,40.27,2633.2,64.384,26.507,49.455,0.33726,8.9308,26.343,120.4,1.2444,74.713,23.333,2.2885,53.065,4.979,235.97,0.020704,0.83459,66.119,18.881,43.849
146,2026-04-14T00:15:00,50.453,26.221,27.059,33.077,41.07,2703.4,3666.3,17.369,18.859,22.348,0.26507,0.11833,342.32,77.488,6.8762,13.808,32.139,4477.8,23.247,47.582,50.857,80.033,2.2562,1.6379,3101.8,42.368,53.899,94.461,9.3387,60.567,40.622,40.773,2632.3,63.248,24.248,49.388,0.34873,9.1106,26.454,120.42,1.2051,74.067,24.034,2.3464,53.92,4.9136,235.84,0.035464,0.83287,66.027,19.025,45.134
147,2026-04-14T00:18:00,48.774,26.107,27.153,33.077,41.024,2705.9,3688.6,18.453,18.859,22.69,0.26624,0.11833,342.78,77.283,6.8762,13.808,32.139,4501.7,22.791,43.697,50.398,80.247,2.2562,1.6379,3102.0,42.668,53.613,94.483,9.3742,63.017,39.271,41.551,2635.2,62.865,24.506,49.436,0.34235,9.1106,26.454,120.37,1.2051,74.998,24.034,2.3464,53.92,4.9136,235.48,0.035464,0.83287,66.041,19.025,45.134
148,2026-04-14T00:21:00,50.625,25.972,26.62,33.068,41.373,2704.8,3662.3,16.868,18.568,22.293,0.26472,0.11833,342.47,77.248,6.9029,13.759,32.618,4444.0,23.461,47.981,47.756,80.124,2.3192,1.6661,3101.8,42.567,53.92,94.49,9.448,60.662,31.497,39.709,2634.2,63.136,28.042,49.316,0.33657,8.8535,26.325,120.39,1.1163,74.659,23.939,2.3364,53.92,4.8847,237.02,0.035464,0.83287,66.03,18.929,45.134
149,2026-04-14T00:24:00,50.129,26.074,26.676,33.068,42.039,2705.2,3697.2,19.871,18.568,22.462,0.26368,0.11833,342.86,77.215,6.9029,13.759,32.618,4458.8,22.199,46.833,50.081,80.046,2.3192,1.6661,3101.2,42.108,53.744,94.525,9.4626,60.957,38.337,39.908,2633.8,62.535,25.713,49.319,0.33494,8.8535,26.325,120.41,1.1163,74.186,23.939,2.3364,53.92,4.8847,237.21,0.035464,0.83287,65.983,18.929,45.134
150,2026-04-14T00:27:00,50.057,21.408,26.718,33.232,41.635,2705.2,3672.6,17.177,18.174,22.579,0.21448,0.11833,343.27,77.595,6.8539,13.961,32.273,4500.0,23.326,46.667,47.459,80.006,2.2252,1.685,3100.7,42.262,53.453,94.679,9.3465,62.193,30.624,38.935,2634.8,62.718,24.038,49.031,0.3317,8.7098,26.434,120.38,1.1287,75.402,23.935,2.3025,53.92,4.8485,240.66,0.035464,0.83287,65.969,18.774,45.134
151,2026-04-14T00:30:00,48.707,21.144,26.849,33.232,41.974,2707.6,3641.7,17.558,18.174,22.898,0.21717,0.096788,343.11,77.338,6.8539,13.961,32.273,4489.5,23.165,43.542,49.253,80.236,2.2252,1.685,3102.2,42.066,53.579,94.426,9.5362,61.594,35.903,39.063,2637.2,63.25,23.135,49.38,0.33064,8.7098,26.434,120.41,1.1287,74.574,23.935,2.3025,53.334,4.8485,236.41,0.012993,0.80525,65.998,18.774,43.902
152,2026-04-14T00:33:00,50.986,24.389,26.962,33.31,40.72,2706.4,3714.8,16.862,18.449,22.601,0.24555,0.096788,343.28,77.15,6.8178,13.748,32.316,4527.6,23.464,48.816,48.246,80.06,2.2242,1.6466,3102.3,41.96,53.492,94.608,9.4357,63.047,32.937,41.16,2636.0,62.425,23.31,49.271,0.35836,8.9969,26.33,120.38,1.3204,75.107,24.014,2.342,53.334,4.7481,237.61,0.012993,0.80525,65.992,18.364,43.902
153,2026-04-14T00:36:00,49.53,24.185,27.024,33.31,40.921,2706.4,3690.4,17.209,18.449,23.014,0.24762,0.096788,343.37,77.369,6.8178,13.748,32.316,4475.7,23.314,45.447,49.792,80.015,2.2242,1.6466,3101.3,42.321,54.112,94.526,9.4647,59.885,37.488,41.844,2635.9,62.844,26.835,49.126,0.35276,8.9969,26.33,120.41,1.3204,74.036,24.014,2.342,53.334,4.7481,239.22,0.012993,0.80525,65.964,18.364,43.902
154,2026-04-14T00:39:00,49.633,23.757,26.653,32.929,40.801,2706.3,3679.6,16.972,18.057,22.404,0.2414,0.096788,343.57,77.289,7.0525,13.989,32.871,4486.8,23.421,45.684,51.132,79.935,2.2853,1.6711,3103.6,42.62,55.02,94.492,9.4727,61.63,41.432,39.203,2635.8,63.39,24.334,49.077,0.32805,8.9012,25.999,120.38,1.1483,74.746,24.217,2.2834,53.334,4.859,239.76,0.012993,0.80525,65.937,19.287,43.902
155,2026-04-14T00:42:00,50.092,23.777,27.199,32.929,41.896,2708.5,3686.8,17.823,18.057,22.682,0.24121,0.096788,343.35,77.396,7.0525,13.989,32.871,4531.5,23.057,46.748,50.205,80.012,2.2853,1.6711,3104.4,42.13,54.485,94.542,9.2752,63.436,38.704,39.017,2637.6,63.267,26.598,49.154,0.32957,8.9012,25.999,120.4,1.1483,74.546,24.217,2.2834,53.334,4.859,238.9,0.012993,0.80525,65.937,19.287,43.902
156,2026-04-14T00:45:00,49.644,17.928,27.288,33.672,40.382,2707.0,3631.5,18.081,18.046,22.981,0.18496,0.092287,343.49,77.589,6.7621,13.799,32.538,4413.7,22.937,45.71,50.502,80.114,2.2251,1.6006,3102.0,42.649,53.621,94.456,9.494,60.4,39.576,42.058,2636.5,62.111,25.553,48.58,0.35797,8.8813,26.603,120.37,1.0456,74.583,24.369,2.2978,53.749,4.8218,237.06,0.021842,0.82873,65.969,18.381,43.1
157,2026-04-14T00:48:00,49.596,18.151,27.16,33.672,41.415,2705.7,3614.0,16.892,18.046,22.736,0.18269,0.092287,343.18,77.127,6.7621,13.799,32.538,4434.1,23.451,45.599,51.957,80.075,2.2251,1.6006,3101.4,42.312,53.376,94.831,9.5293,61.098,43.86,42.007,2635.4,62.41,24.448,48.53,0.35838,8.8813,26.603,120.41,1.0456,74.359,24.369,2.2978,53.749,4.8218,234.01,0.021842,0.82873,65.957,18.381,43.1
158,2026-04-14T00:51:00,50.037,20.71,26.461,33.186,40.435,2707.9,3678.6,18.004,18.145,22.544,0.21017,0.092287,343.02,77.126,6.8641,13.722,32.623,4529.0,22.984,46.62,51.535,80.035,2.2936,1.6425,3103.3,41.942,54.454,94.553,9.4286,61.715,42.618,39.615,2636.5,63.822,25.054,48.121,0.33717,9.0006,26.24,120.39,1.234,74.26,23.784,2.2377,53.749,4.7945,235.03,0.021842,0.82873,65.883,19.017,43.1
159,2026-04-14T00:54:00,49.92,20.625,26.528,33.186,41.318,2708.8,3700.9,20.073,18.145,22.464,0.21104,0.092287,343.37,77.368,6.8641,13.722,32.623,4510.5,22.106,46.349,51.063,79.991,2.2936,1.6425,3104.3,42.576,54.676,94.539,9.4328,63.831,41.228,40.147,2637.6,63.438,23.987,48.098,0.33281,9.0006,26.24,120.43,1.234,75.042,23.784,2.2377,53.749,4.7945,231.75,0.021842,0.82873,65.843,19.017,43.1
160,2026-04-14T00:57:00,50.45,19.158,26.768,32.669,40.436,2709.3,3684.6,18.553,18.158,22.877,0.20144,0.092287,342.75,77.318,6.8123,13.878,32.525,4455.6,22.748,47.575,52.634,80.072,2.253,1.6732,3104.4,42.642,53.785,94.542,9.4191,62.514,45.85,38.545,2638.8,62.89,25.965,47.681,0.3284,8.7129,26.97,120.39,1.3493,74.642,24.044,2.2283,53.749,4.8208,232.89,0.021842,0.82873,65.818,18.497,43.1
161,2026-04-14T01:00:00,51.179,19.583,26.914,32.669,42.033,2710.6,3653.4,17.426,18.158,23.104,0.19712,0.097354,343.53,77.61,6.8123,13.878,32.525,4463.2,23.211,49.262,49.44,80.156,2.253,1.6732,3104.4,42.014,53.694,94.441,9.3711,61.777,36.451,38.604,2641.0,63.427,24.219,47.947,0.32791,8.7129,26.97,120.41,1.3493,74.054,24.044,2.2283,54.354,4.8208,232.76,0.031379,0.82392,65.774,18.497,44.226
162,2026-04-14T01:03:00,50.551,19.993,27.072,33.204,40.596,2711.7,3672.8,16.883,18.42,22.783,0.20388,0.097354,343.19,77.218,6.8422,13.865,31.808,4524.0,23.443,47.81,50.786,80.168,2.2463,1.662,3106.4,42.182,54.245,94.66,9.3859,60.749,40.414,40.781,2640.2,63.588,25.306,47.793,0.34385,8.9492,26.584,120.4,1.2553,74.553,23.776,2.3324,54.354,4.7951,233.71,0.031379,0.82392,65.79,18.292,44.226
163,2026-04-14T01:06:00,49.414,20.176,27.01,33.204,41.295,2708.6,3698.6,17.377,18.42,22.393,0.20202,0.097354,341.97,77.231,6.8422,13.865,31.808,4494.0,23.24,45.178,50.069,79.953,2.2463,1.662,3106.0,42.503,54.604,94.499,9.3986,62.2,38.304,40.553,2637.5,63.144,23.776,47.716,0.34572,8.9492,26.584,120.42,1.2553,74.943,23.776,2.3324,54.354,4.7951,233.8,0.031379,0.82392,65.799,18.292,44.226
164,2026-04-14T01:09:00,50.551,26.884,26.732,33.35,41.719,2710.3,3675.9,17.074,18.525,22.382,0.27285,0.097354,342.56,77.374,6.8357,13.967,32.346,4553.7,23.368,47.808,51.187,79.935,2.2904,1.6199,3107.2,42.486,54.457,94.513,9.2837,60.774,41.593,40.9,2639.9,63.325,25.429,47.726,0.34064,8.851,26.295,120.4,1.2458,74.894,23.737,2.2642,54.354,4.8256,232.95,0.031379,0.82392,65.749,18.53,44.226
165,2026-04-14T01:12:00,48.894,26.953,26.866,33.35,41.714,2714.0,3672.9,16.937,18.525,22.945,0.27215,0.097354,342.28,77.571,6.8357,13.967,32.346,4557.4,23.417,43.974,50.89,80.06,2.2904,1.6199,3109.3,42.386,54.413,94.355,9.3394,60.514,40.72,40.334,2643.2,63.376,26.003,47.778,0.34528,8.851,26.295,120.43,1.2458,74.61,23.737,2.2642,54.354,4.8256,231.64,0.031379,0.82392,65.741,18.53,44.226
166,2026-04-14T01:15:00,49.419,21.857,26.741,32.978,41.026,2712.8,3665.6,14.768,18.384,22.327,0.22227,0.086905,342.99,77.55,7.0544,13.893,32.02,4543.9,24.324,45.188,48.366,80.086,2.2729,1.6328,3110.2,42.358,54.054,94.61,9.3756,61.617,33.291,41.638,2642.1,63.599,23.737,47.657,0.35819,8.8909,26.621,120.39,1.0708,75.143,24.381,2.281,52.774,4.8601,230.66,0.026168,0.81001,65.757,18.974,44.298
167,2026-04-14T01:18:00,49.591,21.75,26.553,32.978,41.991,2713.0,3709.3,18.113,18.384,22.309,0.22336,0.086905,342.63,77.297,7.0544,13.893,32.02,4514.7,22.924,45.587,50.964,80.096,2.2729,1.6328,3109.8,42.522,54.403,94.335,9.459,60.723,40.938,41.839,2642.1,62.847,22.855,47.368,0.35654,8.8909,26.621,120.44,1.0708,75.45,24.381,2.281,52.774,4.8601,232.48,0.026168,0.81001,65.756,18.974,44.298
168,2026-04-14T01:21:00,49.471,25.027,26.841,32.95,40.09,2711.7,3634.6,17.175,18.41,22.459,0.25324,0.086905,342.66,77.37,6.8495,13.97,31.879,4496.6,23.318,45.309,48.584,79.972,2.2075,1.6406,3107.3,42.347,53.533,94.715,9.4842,61.14,33.932,40.844,2640.8,62.154,25.684,47.461,0.34978,8.7967,26.589,120.36,1.3323,75.549,24.154,2.2671,52.774,4.7804,230.02,0.026168,0.81001,65.727,18.724,44.298
169,2026-04-14T01:24:00,50.429,24.905,26.608,32.95,41.464,2714.6,3651.0,17.701,18.41,22.912,0.25448,0.086905,342.66,77.757,6.8495,13.97,31.879,4504.6,23.079,47.527,48.671,80.143,2.2075,1.6406,3109.9,42.363,53.437,94.503,9.4836,61.454,34.19,41.311,2644.2,61.872,25.436,47.203,0.34595,8.7967,26.589,120.43,1.3323,75.327,24.154,2.2671,52.774,4.7804,231.5,0.026168,0.81001,65.711,18.724,44.298
170,2026-04-14T01:27:00,51.556,26.571,26.988,32.972,40.751,2717.9,3680.4,18.768,18.457,23.058,0.26972,0.086905,343.36,77.351,6.9681,13.943,32.403,4497.9,22.634,50.135,49.476,80.228,2.2451,1.6804,3112.5,42.319,54.118,94.631,9.4027,61.096,36.558,42.009,2647.1,63.097,24.413,47.159,0.35846,8.7795,26.503,120.38,1.2573,75.233,23.805,2.3427,52.774,4.8951,230.57,0.026168,0.81001,65.744,18.438,44.298
171,2026-04-14T01:30:00,48.793,26.521,26.82,32.972,41.693,2714.9,3644.7,17.279,18.457,22.805,0.27023,0.12514,343.62,76.943,6.9681,13.943,32.403,4486.9,23.279,43.741,49.89,79.886,2.2451,1.6804,3110.7,42.486,54.249,94.438,9.264,62.624,37.777,42.429,2643.9,63.712,24.661,47.006,0.35502,8.7795,26.503,120.42,1.2573,75.279,23.805,2.3427,53.399,4.8951,226.5,0.015815,0.82282,65.721,18.438,44.22
172,2026-04-14T01:33:00,49.287,21.655,27.369,32.927,40.671,2710.3,3651.5,18.96,18.375,22.636,0.21932,0.12514,343.09,77.115,6.6151,14.001,32.527,4524.6,22.578,44.885,50.167,79.584,2.2755,1.6326,3106.9,42.393,54.533,94.704,9.3245,60.666,38.592,41.602,2639.3,62.529,26.833,46.526,0.35735,9.0239,27.139,120.4,1.3927,75.315,23.861,2.2767,53.399,4.816,228.66,0.015815,0.82282,65.587,18.855,44.22
173,2026-04-14T01:36:00,51.649,21.572,26.966,32.927,40.804,2713.7,3648.0,20.884,18.375,23.004,0.22016,0.12514,343.37,77.048,6.6151,14.001,32.527,4562.2,21.774,50.35,49.179,79.751,2.2755,1.6326,3107.8,42.476,54.083,94.683,9.4176,60.133,35.684,41.721,2642.4,62.59,25.266,46.447,0.35637,9.0239,27.139,120.38,1.3927,74.362,23.861,2.2767,53.399,4.816,226.37,0.015815,0.82282,65.485,18.855,44.22
174,2026-04-14T01:39:00,51.435,19.906,27.021,33.025,41.247,2712.4,3728.4,16.719,17.825,22.729,0.20732,0.12514,342.93,77.457,7.0448,13.896,32.582,4492.3,23.523,49.855,48.769,79.685,2.2856,1.6668,3107.9,42.123,53.919,94.587,9.3129,61.365,34.476,43.223,2641.2,64.388,23.673,46.105,0.35862,8.9026,26.323,120.41,1.1601,74.544,24.005,2.2749,53.399,4.8727,227.05,0.015815,0.82282,65.42,18.247,44.22
175,2026-04-14T01:42:00,49.339,20.175,26.842,33.025,41.052,2711.3,3684.8,16.306,17.825,22.408,0.20458,0.12514,342.84,77.068,7.0448,13.896,32.582,4499.4,23.71,45.003,50.345,79.752,2.2856,1.6668,3108.0,42.507,53.834,94.331,9.2854,65.075,39.115,42.678,2639.8,65.138,25.858,45.918,0.36308,8.9026,26.323,120.42,1.1601,74.369,24.005,2.2749,53.399,4.8727,226.0,0.015815,0.82282,65.368,18.247,44.22
176,2026-04-14T01:45:00,51.13,19.22,26.672,33.222,41.057,2710.5,3635.4,15.91,18.108,22.654,0.196,0.097897,343.05,77.225,6.7682,13.754,31.96,4551.6,23.878,49.149,50.235,79.715,2.2891,1.619,3106.7,42.226,54.74,94.709,9.4512,61.07,38.792,41.61,2639.6,62.268,26.275,46.028,0.35027,8.843,27.179,120.39,1.3441,75.46,24.377,2.2477,53.587,4.8783,224.92,0.043908,0.82138,65.364,18.645,42.976
177,2026-04-14T01:48:00,50.11,19.135,27.324,33.222,40.177,2713.4,3628.4,16.962,18.108,22.709,0.19687,0.097897,342.47,77.923,6.7682,13.754,31.96,4567.5,23.413,46.788,50.019,79.98,2.2891,1.619,3108.7,42.181,54.548,94.593,9.3693,61.301,38.157,41.236,2641.7,62.388,23.469,46.001,0.35334,8.843,27.179,120.39,1.3441,75.194,24.377,2.2477,53.587,4.8783,223.5,0.043908,0.82138,65.34,18.645,42.976
178,2026-04-14T01:51:00,49.745,25.016,27.237,32.822,41.806,2716.6,3701.8,15.891,18.184,22.589,0.25585,0.097897,342.28,77.669,7.0095,13.78,32.412,4497.5,23.857,45.943,50.585,80.225,2.2198,1.6525,3113.8,42.579,54.465,94.546,9.4459,60.976,39.82,39.256,2646.2,63.53,22.944,45.806,0.33845,8.7807,26.331,120.41,1.069,74.332,24.298,2.2905,53.587,4.7315,223.9,0.043908,0.82138,65.438,18.64,42.976
179,2026-04-14T01:54:00,50.836,25.018,26.656,32.822,41.498,2717.8,3671.9,18.626,18.184,22.628,0.25582,0.097897,342.55,77.505,7.0095,13.78,32.412,4540.0,22.706,48.469,49.075,80.158,2.2198,1.6525,3113.9,42.563,53.956,94.344,9.4483,60.679,35.378,39.914,2646.6,64.044,27.485,45.636,0.33305,8.7807,26.331,120.43,1.069,75.611,24.298,2.2905,53.587,4.7315,224.01,0.043908,0.82138,65.48,18.64,42.976
180,2026-04-14T01:57:00,49.503,20.671,26.661,32.878,40.689,2714.0,3658.8,18.802,18.127,21.97,0.21262,0.097897,342.35,77.416,6.7645,13.793,32.186,4543.0,22.637,45.384,51.808,79.918,2.2928,1.6491,3111.8,42.522,53.955,94.605,9.3364,61.797,43.42,40.515,2642.0,62.146,25.708,45.513,0.33314,8.576,26.781,120.38,1.2421,74.674,24.427,2.35,53.587,4.9098,223.61,0.043908,0.82138,65.476,17.987,42.976
181,2026-04-14T02:00:00,48.426,20.784,26.887,32.878,41.419,2715.6,3637.0,20.298,18.127,22.884,0.21147,0.10566,342.69,77.376,6.7645,13.793,32.186,4518.0,22.004,42.892,48.369,80.029,2.2928,1.6491,3110.6,42.251,54.254,94.725,9.4891,59.904,33.3,39.906,2645.7,62.521,23.987,45.417,0.33814,8.576,26.781,120.42,1.2421,75.373,24.427,2.35,54.008,4.9098,222.26,0.020237,0.82216,65.44,17.987,44.003
182,2026-04-14T02:03:00,50.723,22.894,26.657,32.859,41.496,2712.5,3719.0,18.193,18.45,22.289,0.23131,0.10566,342.11,76.761,6.9744,13.717,32.243,4604.3,22.923,48.208,49.998,79.657,2.2443,1.6389,3110.9,42.175,54.903,94.461,9.3267,60.625,38.094,40.036,2641.2,63.254,25.733,45.358,0.33962,8.8295,26.939,120.41,1.1486,75.15,24.872,2.3023,54.008,4.8377,220.91,0.020237,0.82216,65.39,18.627,44.003
183,2026-04-14T02:06:00,49.481,23.016,27.017,32.859,40.982,2714.3,3661.9,19.084,18.45,22.736,0.23006,0.10566,341.98,77.255,6.9744,13.717,32.243,4623.6,22.54,45.333,47.322,79.681,2.2443,1.6389,3110.9,42.51,54.672,94.659,9.4044,61.21,30.219,40.473,2643.5,64.236,26.169,45.125,0.33604,8.8295,26.939,120.4,1.1486,75.652,24.872,2.3023,54.008,4.8377,221.59,0.020237,0.82216,65.284,18.627,44.003
184,2026-04-14T02:09:00,49.359,22.316,26.624,32.599,41.349,2717.1,3620.5,16.462,18.433,22.602,0.22564,0.10566,342.33,77.73,6.8142,13.718,31.793,4587.5,23.621,45.051,48.089,80.074,2.2006,1.6169,3113.1,42.174,53.612,94.406,9.4173,59.572,32.478,38.799,2647.1,63.12,24.605,44.991,0.33227,8.7308,27.037,120.42,1.2377,74.65,24.427,2.2572,54.008,4.9118,221.12,0.020237,0.82216,65.273,18.609,44.003
185,2026-04-14T02:12:00,50.51,22.214,26.605,32.599,40.904,2718.2,3603.5,20.188,18.433,22.679,0.22668,0.10566,341.74,77.612,6.8142,13.718,31.793,4538.1,22.048,47.715,49.376,80.168,2.2006,1.6169,3113.5,42.411,54.203,94.626,9.2814,61.748,36.265,39.127,2647.7,63.413,25.146,44.951,0.32958,8.7308,27.037,120.39,1.2377,75.183,24.427,2.2572,54.008,4.9118,219.55,0.020237,0.82216,65.329,18.609,44.003
186,2026-04-14T02:15:00,51.624,26.772,26.836,32.868,41.112,2718.2,3685.6,18.024,18.287,22.548,0.27098,0.10154,341.94,77.496,6.9108,13.752,32.303,4550.0,22.961,50.293,49.458,80.09,2.2077,1.632,3115.7,42.323,54.13,94.418,9.3785,60.668,36.505,39.108,2647.1,63.393,24.248,44.988,0.32867,8.7949,26.35,120.41,1.1308,74.898,24.325,2.254,52.597,4.6636,217.05,0.014521,0.82522,65.332,18.908,43.626
187,2026-04-14T02:18:00,50.606,26.768,26.997,32.868,41.145,2717.8,3680.9,19.003,18.287,22.662,0.27101,0.10154,341.64,77.32,6.9108,13.752,32.303,4534.0,22.551,47.936,49.475,80.036,2.2077,1.632,3115.5,42.176,54.322,94.531,9.3479,61.938,36.554,39.297,2646.9,63.474,26.407,44.669,0.32712,8.7949,26.35,120.42,1.1308,75.321,24.325,2.254,52.597,4.6636,218.6,0.014521,0.82522,65.318,18.908,43.626
188,2026-04-14T02:21:00,51.508,22.029,26.629,32.703,40.607,2713.5,3687.9,19.982,18.552,22.187,0.2234,0.10154,342.04,76.716,6.8556,13.812,31.989,4526.8,22.168,50.024,48.675,79.721,2.2554,1.651,3111.1,42.568,53.678,94.5,9.3875,61.53,34.2,39.427,2642.5,62.524,26.136,44.563,0.33247,8.8026,27.059,120.39,1.4086,75.643,24.412,2.2788,52.597,4.8585,217.82,0.014521,0.82522,65.278,19.085,43.626
189,2026-04-14T02:24:00,52.09,22.043,27.024,32.703,41.392,2711.5,3674.5,16.537,18.552,22.715,0.22326,0.10154,342.21,76.886,6.8556,13.812,31.989,4522.2,23.625,51.371,48.573,79.57,2.2554,1.651,3106.9,42.58,53.732,94.772,9.1833,62.544,33.902,39.159,2640.1,62.756,25.437,44.296,0.33467,8.8026,27.059,120.4,1.4086,75.09,24.412,2.2788,52.597,4.8585,218.9,0.014521,0.82522,65.144,19.085,43.626
190,2026-04-14T02:27:00,50.215,25.066,26.511,32.84,40.249,2711.1,3694.3,18.677,18.474,22.58,0.2542,0.10154,342.07,77.29,6.9303,13.803,32.149,4462.6,22.72,47.031,49.725,79.646,2.2324,1.622,3107.1,42.297,53.976,94.575,9.3442,62.328,37.292,39.846,2640.0,62.898,26.525,44.059,0.34155,8.8139,26.557,120.39,1.2811,75.289,24.623,2.2879,52.597,4.8893,219.65,0.014521,0.82522,65.091,18.58,43.626
191,2026-04-14T02:30:00,50.231,25.1,26.77,32.84,41.737,2713.5,3625.4,15.142,18.474,22.696,0.25386,0.10035,341.55,77.31,6.9303,13.803,32.149,4440.0,24.204,47.068,50.912,79.995,2.2324,1.622,3109.4,42.518,54.245,94.658,9.2243,63.549,40.783,40.123,2643.4,64.084,25.541,44.137,0.33928,8.8139,26.557,120.41,1.2811,75.948,24.623,2.2879,53.715,4.8893,217.49,0.016727,0.84726,65.084,18.58,44.363
192,2026-04-14T02:33:00,49.202,23.748,26.628,32.957,41.019,2713.7,3636.3,16.826,18.315,22.228,0.23906,0.10035,341.65,77.295,7.0325,13.747,32.011,4526.2,23.486,44.688,49.743,80.13,2.2345,1.6619,3110.6,41.957,54.443,94.551,9.2831,61.459,37.343,39.99,2643.0,63.229,24.778,44.065,0.33827,8.532,26.783,120.38,1.5586,74.815,24.562,2.247,53.715,4.7243,216.61,0.016727,0.84726,65.159,18.493,44.363
193,2026-04-14T02:36:00,50.239,23.753,26.793,32.957,41.273,2712.6,3687.1,19.783,18.315,22.269,0.23901,0.10035,340.91,77.232,7.0325,13.747,32.011,4528.3,22.242,47.086,51.411,80.031,2.2345,1.6619,3109.9,42.383,54.417,94.75,9.2603,63.189,42.252,40.469,2640.9,62.356,25.373,44.11,0.33434,8.532,26.783,120.39,1.5586,74.515,24.562,2.247,53.715,4.7243,214.41,0.016727,0.84726,65.19,18.493,44.363
194,2026-04-14T02:39:00,50.459,24.951,26.987,32.735,40.917,2712.6,3610.4,19.364,18.643,22.579,0.25576,0.10035,341.7,77.085,6.8883,13.767,32.254,4533.0,22.425,47.597,50.903,80.001,2.2296,1.7014,3107.9,42.616,54.616,94.612,9.392,61.284,40.759,39.04,2642.6,62.686,26.011,43.703,0.3332,8.8675,26.664,120.37,1.3892,75.953,23.769,2.326,53.715,4.7491,217.28,0.016727,0.84726,65.181,18.416,44.363
195,2026-04-14T02:42:00,49.279,24.918,27.341,32.735,41.055,2712.6,3635.4,19.093,18.643,22.617,0.25609,0.10035,341.12,77.106,6.8883,13.767,32.254,4541.1,22.542,44.865,50.231,79.866,2.2296,1.7014,3109.0,42.704,54.518,94.763,9.4165,61.167,38.781,39.401,2640.7,62.255,24.217,43.688,0.33024,8.8675,26.664,120.39,1.3892,73.944,23.769,2.326,53.715,4.7491,215.78,0.016727,0.84726,65.147,18.416,44.363
196,2026-04-14T02:45:00,49.789,22.898,26.757,33.004,40.564,2710.3,3592.6,16.914,18.373,22.0,0.2308,0.097646,341.67,76.843,6.8576,13.711,31.649,4522.3,23.479,46.045,47.455,79.649,2.2031,1.6534,3108.7,42.138,54.987,94.765,9.33,60.986,30.611,38.981,2638.7,64.184,25.313,43.937,0.33728,9.0204,26.545,120.38,1.3245,74.683,24.479,2.2568,53.415,4.7639,217.7,0.032588,0.86708,65.088,18.479,43.35
197,2026-04-14T02:48:00,49.422,22.785,27.092,33.004,41.505,2712.0,3669.2,18.105,18.373,22.507,0.23195,0.097646,340.97,77.575,6.8576,13.711,31.649,4559.3,22.96,45.195,51.087,79.785,2.2031,1.6534,3109.7,42.353,54.545,94.686,9.2452,61.512,41.299,39.623,2640.2,62.865,24.982,43.983,0.33202,9.0204,26.545,120.42,1.3245,75.696,24.479,2.2568,53.415,4.7639,218.36,0.032588,0.86708,65.031,18.479,43.35
198,2026-04-14T02:51:00,48.773,28.607,26.896,32.662,40.525,2715.0,3642.5,18.494,18.764,22.319,0.29472,0.097646,340.94,77.628,6.7791,13.686,31.984,4522.1,22.786,43.695,51.687,80.108,2.2312,1.68,3113.2,42.146,54.89,94.653,9.3167,60.002,43.064,38.854,2644.5,63.602,24.975,44.075,0.32509,8.944,26.475,120.41,1.1093,76.048,24.536,2.2669,53.415,4.7676,218.43,0.032588,0.86708,65.076,18.929,43.35
199,2026-04-14T02:54:00,50.93,28.835,26.933,32.662,41.417,2714.5,3673.8,16.346,18.764,22.273,0.2924,0.097646,340.91,76.951,6.7791,13.686,31.984,4534.5,23.709,48.686,49.981,80.013,2.2312,1.68,3113.2,42.534,54.741,94.508,9.2131,60.786,38.045,38.442,2642.8,63.063,24.557,44.151,0.32848,8.944,26.475,120.43,1.1093,76.012,24.536,2.2669,53.415,4.7676,218.64,0.032588,0.86708,65.155,18.929,43.35
200,2026-04-14T02:57:00,48.744,25.858,26.835,32.766,41.502,2713.7,3696.6,19.975,18.451,22.214,0.2655,0.097646,341.06,77.366,6.9058,13.755,32.73,4471.7,22.166,43.628,48.198,80.083,2.2687,1.6297,3111.0,42.725,54.401,94.527,9.242,64.144,32.796,38.621,2642.5,63.42,25.852,44.137,0.31984,8.9835,26.896,120.42,1.1577,75.463,24.637,2.3543,53.415,4.7995,219.84,0.032588,0.86708,65.192,18.543,43.35
201,2026-04-14T03:00:00,48.202,25.849,26.738,32.766,41.15,2711.0,3697.0,17.99,18.451,21.771,0.26559,0.096992,340.54,76.953,6.9058,13.755,32.73,4517.3,23.019,42.373,50.844,79.88,2.2687,1.6297,3110.0,42.22,53.855,94.563,9.2253,61.508,40.584,38.447,2639.2,63.413,25.529,44.767,0.32126,8.9835,26.896,120.42,1.1577,74.946,24.637,2.3543,54.275,4.7995,219.96,0.0073503,0.83388,65.202,18.543,43.841
202,2026-04-14T03:03:00,48.664,18.812,27.138,32.709,41.476,2708.0,3681.1,18.961,18.674,22.367,0.18949,0.096992,340.75,76.926,6.9744,13.803,31.804,4568.8,22.617,43.443,51.328,79.823,2.2297,1.6463,3105.7,41.876,54.194,94.605,9.2875,61.409,42.008,39.554,2636.8,62.612,24.669,45.079,0.32626,8.8945,26.473,120.38,1.0742,74.864,24.261,2.327,54.275,4.7727,220.21,0.0073503,0.83388,65.205,18.777,43.841
203,2026-04-14T03:06:00,50.652,18.809,27.079,32.709,41.052,2705.4,3657.8,18.644,18.674,22.079,0.18951,0.096992,340.21,76.974,6.9744,13.803,31.804,4528.2,22.758,48.043,50.675,79.746,2.2297,1.6463,3103.8,42.255,54.68,94.698,9.4236,60.855,40.086,39.443,2633.0,63.014,24.851,45.27,0.32716,8.8945,26.473,120.38,1.0742,75.059,24.261,2.327,54.275,4.7727,221.8,0.0073503,0.83388,65.199,18.777,43.841
204,2026-04-14T03:09:00,50.263,27.313,26.948,32.357,41.172,2707.3,3652.4,18.27,18.497,22.472,0.28038,0.096992,340.74,77.345,6.9891,13.789,32.06,4511.5,22.909,47.142,48.455,79.834,2.2673,1.6588,3103.6,42.433,54.325,94.694,9.2466,62.273,33.554,40.07,2635.7,62.45,25.668,45.418,0.33184,9.0808,26.35,120.4,1.3942,74.868,24.054,2.2078,54.275,4.8326,223.89,0.0073503,0.83388,65.176,19.34,43.841
205,2026-04-14T03:12:00,51.201,27.774,26.993,32.357,40.02,2707.2,3666.7,18.634,18.497,21.798,0.27568,0.096992,340.14,77.453,6.9891,13.789,32.06,4530.8,22.752,49.314,50.045,79.958,2.2673,1.6588,3105.9,42.044,54.094,94.751,9.3244,61.286,38.233,39.771,2635.7,62.205,23.854,45.729,0.3343,9.0808,26.35,120.37,1.3942,76.009,24.054,2.2078,54.275,4.8326,224.1,0.0073503,0.83388,65.27,19.34,43.841
206,2026-04-14T03:15:00,49.79,25.45,26.787,32.905,40.729,2710.5,3611.4,18.862,18.233,22.6,0.25521,0.079441,340.78,77.434,6.9225,13.762,31.946,4460.7,22.647,46.047,50.691,80.267,2.226,1.6586,3106.5,42.38,53.503,94.751,9.2534,61.047,40.132,39.812,2639.3,62.933,24.885,45.482,0.33071,8.8394,26.718,120.4,1.1285,75.269,23.726,2.2501,54.017,4.7093,221.25,0.012809,0.85369,65.364,18.971,44.124
207,2026-04-14T03:18:00,49.501,25.213,26.986,32.905,40.493,2709.3,3643.4,18.4,18.233,22.353,0.25762,0.079441,340.22,77.443,6.9225,13.762,31.946,4493.4,22.837,45.378,50.725,80.25,2.226,1.6586,3106.1,42.089,53.112,94.686,9.26,62.3,40.233,39.312,2638.4,62.382,23.794,45.234,0.33481,8.8394,26.718,120.38,1.1285,75.567,23.726,2.2501,54.017,4.7093,223.62,0.012809,0.85369,65.438,18.971,44.124
208,2026-04-14T03:21:00,48.511,26.714,27.067,32.472,41.193,2707.6,3624.5,19.313,18.762,22.135,0.26824,0.079441,340.26,77.006,6.7381,13.936,31.914,4453.8,22.462,43.089,48.892,80.119,2.2105,1.6628,3106.3,42.133,54.428,94.707,9.3083,59.276,34.84,39.202,2636.4,63.222,24.754,45.403,0.32914,8.8747,26.647,120.41,1.2897,75.254,23.963,2.245,54.017,4.8108,221.29,0.012809,0.85369,65.469,18.672,44.124
209,2026-04-14T03:24:00,50.398,26.536,26.518,32.472,39.801,2705.4,3635.9,16.558,18.762,21.735,0.27005,0.079441,340.49,77.019,6.7381,13.936,31.914,4473.2,23.635,47.456,49.565,79.822,2.2105,1.6628,3103.7,42.633,54.196,94.771,9.4098,61.91,36.821,39.581,2633.2,63.025,25.001,45.252,0.32603,8.8747,26.647,120.37,1.2897,74.804,23.963,2.245,54.017,4.8108,222.62,0.012809,0.85369,65.408,18.672,44.124
210,2026-04-14T03:27:00,48.151,27.236,26.845,32.796,41.408,2706.0,3707.1,18.766,18.777,22.04,0.27443,0.079441,340.65,77.159,6.7496,13.726,31.777,4566.1,22.707,42.255,50.169,79.892,2.2332,1.662,3103.5,42.165,53.808,94.714,9.2878,59.435,38.597,41.578,2634.4,63.466,25.486,45.261,0.34806,8.9875,26.481,120.43,1.2608,75.372,24.043,2.3964,54.017,4.8611,222.2,0.012809,0.85369,65.334,18.883,44.124
211,2026-04-14T03:30:00,50.251,26.855,26.77,32.796,41.194,2705.6,3729.3,18.168,18.777,22.103,0.2783,0.075234,340.65,77.339,6.7496,13.726,31.777,4526.3,22.954,47.115,49.069,79.949,2.2332,1.662,3103.8,42.272,54.285,94.539,9.4121,60.923,35.36,41.323,2633.6,63.083,25.254,45.658,0.35015,8.9875,26.481,120.41,1.2608,75.349,24.043,2.3964,53.164,4.8611,223.23,0.021836,0.84254,65.352,18.883,44.095
212,2026-04-14T03:33:00,51.156,28.83,26.795,32.383,42.309,2708.3,3712.3,17.052,18.528,22.221,0.29196,0.075234,340.26,77.46,6.8292,13.966,32.026,4485.8,23.41,49.209,48.89,80.296,2.2349,1.6566,3104.9,42.107,54.254,94.589,9.2353,62.157,34.834,38.896,2637.7,63.406,24.372,45.84,0.32411,9.0248,26.316,120.43,1.3635,74.92,24.82,2.2494,53.164,4.7603,223.33,0.021836,0.84254,65.418,18.841,44.095
213,2026-04-14T03:36:00,50.112,29.062,26.954,32.383,41.265,2705.6,3688.7,19.257,18.528,21.934,0.2896,0.075234,339.54,77.277,6.8292,13.966,32.026,4525.9,22.483,46.793,50.159,80.253,2.2349,1.6566,3106.3,42.341,53.774,94.33,9.2729,59.436,38.568,38.528,2634.4,63.812,25.404,45.91,0.32713,9.0248,26.316,120.41,1.3635,75.715,24.82,2.2494,53.164,4.7603,224.64,0.021836,0.84254,65.494,18.841,44.095
214,2026-04-14T03:39:00,50.106,26.674,27.064,32.614,40.421,2703.4,3686.6,19.261,19.009,22.076,0.27157,0.075234,339.81,77.007,7.0594,13.765,31.999,4508.3,22.491,46.78,50.058,80.161,2.2177,1.6409,3101.9,42.296,54.072,94.631,9.334,59.674,38.27,41.846,2631.2,63.238,25.018,45.961,0.35295,8.9656,26.517,120.41,1.2161,76.021,24.849,2.3594,53.164,4.8574,226.17,0.021836,0.84254,65.527,19.024,44.095
215,2026-04-14T03:42:00,50.194,26.736,26.926,32.614,41.222,2699.5,3655.8,15.529,19.009,21.543,0.27094,0.075234,339.72,77.204,7.0594,13.765,31.999,4502.7,24.06,46.983,50.669,80.003,2.2177,1.6409,3098.9,42.543,54.139,94.514,9.349,59.265,40.069,41.649,2627.9,63.768,24.629,46.194,0.35458,8.9656,26.517,120.39,1.2161,75.607,24.849,2.3594,53.164,4.8574,225.64,0.021836,0.84254,65.515,19.024,44.095
216,2026-04-14T03:45:00,48.699,27.106,26.69,32.402,40.486,2699.7,3629.1,18.673,18.852,21.632,0.27602,0.10468,339.92,77.343,7.0837,13.913,31.607,4530.5,22.735,43.524,50.544,80.078,2.2691,1.682,3097.5,42.373,53.331,94.701,9.3157,59.425,39.702,39.561,2627.6,62.15,24.035,46.193,0.32814,8.9042,26.161,120.34,1.4175,75.039,24.623,2.2633,53.286,4.8299,224.83,0.013622,0.84193,65.531,19.039,44.132
217,2026-04-14T03:48:00,49.783,27.259,26.777,32.402,40.676,2699.5,3621.9,18.64,18.852,21.699,0.27446,0.10468,339.98,77.415,7.0837,13.913,31.607,4495.7,22.752,46.031,50.699,80.016,2.2691,1.682,3097.9,42.225,53.748,94.782,9.4535,59.431,40.157,39.161,2627.8,62.273,25.835,46.136,0.33142,8.9042,26.161,120.38,1.4175,74.889,24.623,2.2633,53.286,4.8299,226.29,0.013622,0.84193,65.51,19.039,44.132
218,2026-04-14T03:51:00,51.584,31.074,26.925,32.616,39.948,2702.7,3588.4,16.555,18.387,22.248,0.31952,0.10468,339.96,77.379,6.9686,13.863,32.416,4500.3,23.629,50.199,49.513,80.234,2.2627,1.6333,3099.2,42.317,53.612,94.893,9.2357,61.12,36.666,41.023,2631.7,62.456,24.96,46.267,0.34869,8.8586,26.666,120.38,1.3786,74.977,24.166,2.2154,53.286,4.7826,225.64,0.013622,0.84193,65.55,19.236,44.132
219,2026-04-14T03:54:00,51.244,31.202,26.963,32.616,41.449,2702.8,3613.3,19.487,18.387,21.922,0.31822,0.10468,340.1,77.298,6.9686,13.863,32.416,4495.3,22.394,49.414,48.799,80.153,2.2627,1.6333,3101.0,42.086,53.671,94.769,9.3052,59.883,34.567,41.379,2630.6,62.029,26.859,46.377,0.34577,8.8586,26.666,120.4,1.3786,75.766,24.166,2.2154,53.286,4.7826,225.18,0.013622,0.84193,65.597,19.236,44.132
220,2026-04-14T03:57:00,50.431,23.786,26.752,32.752,40.214,2701.9,3608.6,18.253,18.741,21.781,0.2409,0.10468,341.04,77.317,6.8154,13.726,32.054,4473.7,22.913,47.532,49.308,80.121,2.2487,1.6534,3099.9,42.858,53.386,94.797,9.3847,60.11,36.063,40.882,2629.8,62.983,25.279,46.419,0.33981,8.9094,26.337,120.4,1.4078,74.469,23.87,2.2104,53.286,4.7663,225.5,0.013622,0.84193,65.58,18.793,44.132
221,2026-04-14T04:00:00,50.705,23.756,26.988,32.752,41.142,2702.0,3627.3,20.83,18.741,22.172,0.2412,0.10269,340.74,77.386,6.8154,13.726,32.054,4430.8,21.826,48.166,49.756,80.122,2.2487,1.6534,3098.3,42.341,53.898,94.792,9.2507,60.289,37.38,40.604,2630.0,62.661,24.907,46.209,0.34209,8.9094,26.337,120.4,1.4078,74.24,23.87,2.2104,53.538,4.7663,228.62,0.019508,0.85179,65.57,18.793,44.522
222,2026-04-14T04:03:00,49.943,27.37,27.018,33.047,40.843,2702.7,3687.9,19.743,18.828,21.906,0.27354,0.10269,340.47,77.415,6.9212,13.884,31.968,4477.8,22.281,46.402,49.358,80.159,2.2749,1.6196,3100.5,42.734,54.385,94.721,9.2415,61.781,36.212,38.719,2631.2,62.954,25.414,46.371,0.32705,8.7365,26.627,120.41,1.1891,74.9,23.808,2.2545,53.538,4.8346,227.56,0.019508,0.85179,65.611,18.873,44.522
223,2026-04-14T04:06:00,50.311,27.231,26.723,33.047,40.505,2704.1,3668.7,19.721,18.828,21.941,0.27495,0.10269,340.5,77.604,6.9212,13.884,31.968,4497.8,22.282,47.253,50.335,80.237,2.2749,1.6196,3102.1,42.018,54.146,94.468,9.3796,60.673,39.087,38.333,2632.2,63.284,26.462,46.339,0.33022,8.7365,26.627,120.41,1.1891,74.573,23.808,2.2545,53.538,4.8346,228.7,0.019508,0.85179,65.599,18.873,44.522
224,2026-04-14T04:09:00,48.836,28.033,26.717,32.661,41.804,2704.1,3612.8,17.849,18.432,22.135,0.28704,0.10269,340.95,77.536,6.8864,13.862,31.916,4515.0,23.068,43.841,48.734,80.26,2.2764,1.6095,3102.2,42.136,53.733,94.687,9.2581,60.648,34.376,41.02,2633.5,63.33,27.836,46.556,0.3426,8.8163,26.707,120.44,1.2495,74.549,23.538,2.3462,53.538,4.8623,227.0,0.019508,0.85179,65.653,18.956,44.522
225,2026-04-14T04:12:00,50.549,28.18,27.146,32.661,40.91,2703.8,3634.0,19.243,18.432,22.113,0.28555,0.10269,341.38,76.943,6.8864,13.862,31.916,4487.3,22.497,47.804,48.959,80.224,2.2764,1.6095,3102.0,42.354,54.066,94.47,9.3612,59.686,35.037,40.743,2633.0,62.965,25.543,46.783,0.34488,8.8163,26.707,120.38,1.2495,74.843,23.538,2.3462,53.538,4.8623,225.19,0.019508,0.85179,65.653,18.956,44.522
226,2026-04-14T04:15:00,51.112,28.846,26.681,32.939,40.935,2702.1,3650.6,19.469,18.945,22.014,0.29403,0.088988,341.4,76.992,6.8723,13.991,32.652,4450.1,22.406,49.109,50.235,80.016,2.2206,1.6924,3099.8,42.18,54.284,94.801,9.3086,60.476,38.792,40.778,2630.8,62.965,25.829,46.942,0.34037,8.9343,26.307,120.4,1.3134,75.111,23.697,2.244,53.489,4.8712,227.22,0.0073471,0.85178,65.64,18.772,44.056
227,2026-04-14T04:18:00,51.379,28.878,27.052,32.939,40.574,2702.8,3644.8,18.004,18.945,22.226,0.2937,0.088988,341.89,77.446,6.8723,13.991,32.652,4478.8,23.013,49.726,49.367,80.009,2.2206,1.6924,3099.4,42.099,53.94,94.49,9.3857,61.188,36.237,40.711,2631.6,63.065,27.361,46.918,0.34093,8.9343,26.307,120.4,1.3134,75.043,23.697,2.244,53.489,4.8712,229.61,0.0073471,0.85178,65.61,18.772,44.056
228,2026-04-14T04:21:00,50.539,21.918,26.887,33.284,41.242,2701.8,3626.9,17.986,19.48,22.055,0.22011,0.088988,341.72,77.285,6.892,14.013,32.217,4517.8,23.023,47.781,48.544,80.073,2.2151,1.6306,3099.2,42.645,53.909,94.845,9.3127,62.23,33.815,43.199,2629.7,63.499,25.939,47.127,0.3501,8.8544,26.347,120.4,1.2522,74.763,23.937,2.2804,53.489,4.8969,229.33,0.0073471,0.85178,65.632,18.513,44.056
229,2026-04-14T04:24:00,50.64,21.782,26.864,33.284,41.469,2701.8,3624.6,16.005,19.48,21.997,0.2215,0.088988,341.22,77.574,6.892,14.013,32.217,4547.7,23.841,48.015,50.842,80.272,2.2151,1.6306,3099.3,42.38,53.551,94.481,9.2152,62.674,40.578,42.578,2630.8,63.538,25.983,47.167,0.35519,8.8544,26.347,120.41,1.2522,74.833,23.937,2.2804,53.489,4.8969,230.94,0.0073471,0.85178,65.668,18.513,44.056
230,2026-04-14T04:27:00,49.679,25.795,27.132,33.011,41.34,2704.1,3657.0,15.74,18.725,22.352,0.25975,0.088988,341.23,77.432,6.8437,13.683,32.376,4528.4,23.949,45.791,49.738,80.371,2.2351,1.6333,3100.8,42.313,54.442,94.742,9.2558,60.784,37.329,42.793,2631.9,62.808,24.034,47.363,0.36053,8.9559,26.335,120.4,1.3371,75.071,23.986,2.3008,53.489,4.8855,230.75,0.0073471,0.85178,65.754,18.673,44.056
231,2026-04-14T04:30:00,49.609,25.971,27.012,33.011,41.09,2702.0,3658.6,19.32,18.725,22.113,0.25796,0.10643,341.19,77.43,6.8437,13.683,32.376,4499.7,22.439,45.628,48.991,80.277,2.2351,1.6333,3100.1,42.784,54.785,94.502,9.2793,60.715,35.131,42.743,2630.4,62.781,25.067,47.612,0.36095,8.9559,26.335,120.41,1.3371,74.731,23.986,2.3008,52.673,4.8855,230.27,0.021647,0.82259,65.777,18.673,43.918
232,2026-04-14T04:33:00,50.433,24.082,27.006,33.275,40.961,2702.8,3670.5,18.892,18.885,22.217,0.24413,0.10643,341.68,77.388,6.9272,13.813,32.385,4516.1,22.62,47.537,49.673,80.251,2.2541,1.6765,3100.5,42.137,54.227,94.717,9.3402,60.197,37.138,38.384,2631.4,63.013,26.065,47.691,0.32438,8.855,26.44,120.39,1.2653,74.786,23.637,2.2837,52.673,4.9245,231.52,0.021647,0.82259,65.819,19.247,43.918
233,2026-04-14T04:36:00,51.788,24.032,27.305,33.275,41.045,2703.4,3641.7,17.789,18.885,22.23,0.24464,0.10643,341.02,77.335,6.9272,13.813,32.385,4529.3,23.08,50.673,48.6,80.343,2.2541,1.6765,3101.8,42.169,54.069,94.398,9.3283,62.013,33.98,38.441,2632.3,63.509,24.39,47.895,0.32391,8.855,26.44,120.41,1.2653,74.745,23.637,2.2837,52.673,4.9245,231.35,0.021647,0.82259,65.837,19.247,43.918
234,2026-04-14T04:39:00,49.91,23.828,27.079,32.993,40.838,2700.2,3654.2,18.475,18.663,22.066,0.24098,0.10643,341.14,76.78,6.9247,14.008,32.009,4480.8,22.813,46.325,48.775,80.043,2.2432,1.6718,3098.6,42.144,53.209,94.715,9.273,61.633,34.495,40.373,2629.4,62.557,25.563,47.905,0.33584,8.8036,26.176,120.4,1.3233,75.793,23.883,2.3044,52.673,4.8683,233.37,0.021647,0.82259,65.856,18.697,43.918
235,2026-04-14T04:42:00,50.924,23.781,26.845,32.993,40.671,2700.2,3630.8,18.761,18.663,21.896,0.24145,0.10643,341.41,77.343,6.9247,14.008,32.009,4472.2,22.683,48.672,50.455,79.992,2.2432,1.6718,3097.4,42.002,53.312,94.628,9.5333,63.58,39.439,40.252,2628.0,62.96,25.476,48.067,0.33683,8.8036,26.176,120.4,1.3233,74.753,23.883,2.3044,52.673,4.8683,233.73,0.021647,0.82259,65.807,18.697,43.918
236,2026-04-14T04:45:00,50.912,27.451,27.02,32.727,40.534,2702.0,3643.5,16.915,18.539,22.31,0.27664,0.086424,341.02,77.133,6.8249,13.853,32.205,4526.8,23.468,48.645,48.747,80.104,2.3114,1.6518,3098.3,42.454,53.975,94.722,9.3681,61.187,34.413,42.547,2631.4,62.722,24.886,47.633,0.36186,8.9163,26.11,120.4,1.2077,73.907,23.983,2.3017,52.6,4.8637,232.41,0.013176,0.82397,65.768,18.724,43.698
237,2026-04-14T04:48:00,50.55,27.114,26.928,32.727,41.557,2702.2,3638.6,19.064,18.539,22.056,0.28007,0.086424,341.51,77.103,6.8249,13.853,32.205,4516.7,22.566,47.807,49.208,79.991,2.3114,1.6518,3099.5,42.275,54.095,94.711,9.3897,60.507,35.769,42.971,2630.3,62.807,25.346,47.804,0.35839,8.9163,26.11,120.43,1.2077,74.688,23.983,2.3017,52.6,4.8637,229.05,0.013176,0.82397,65.736,18.724,43.698
238,2026-04-14T04:51:00,49.347,25.462,26.695,33.024,40.887,2703.3,3648.9,16.575,18.33,22.213,0.26065,0.086424,341.92,77.252,6.7855,13.852,31.696,4563.4,23.616,45.023,51.972,79.968,2.2487,1.6353,3099.9,42.615,53.483,94.66,9.3489,60.541,43.904,40.653,2632.0,63.511,24.992,47.324,0.34458,8.9781,26.183,120.39,1.0678,74.659,23.921,2.3139,52.6,4.8199,233.01,0.013176,0.82397,65.699,18.756,43.698
239,2026-04-14T04:54:00,51.292,25.444,26.72,33.024,41.265,2703.9,3682.8,17.989,18.33,22.023,0.26084,0.086424,341.72,77.552,6.7855,13.852,31.696,4521.8,23.008,49.525,47.222,80.081,2.2487,1.6353,3102.4,42.793,53.98,94.458,9.3064,61.337,29.925,41.001,2633.2,62.928,24.332,47.281,0.34172,8.9781,26.183,120.42,1.0678,74.655,23.921,2.3139,52.6,4.8199,232.06,0.013176,0.82397,65.698,18.756,43.698
240,2026-04-14T04:57:00,49.894,30.529,27.006,33.233,40.782,2707.1,3671.0,17.479,18.423,22.192,0.31249,0.086424,341.7,77.635,6.8091,13.853,32.099,4495.0,23.215,46.288,51.528,80.237,2.2245,1.6837,3104.9,42.192,54.228,94.435,9.4513,62.602,42.597,40.43,2636.1,63.549,24.614,47.23,0.34666,8.7797,26.617,120.39,1.194,74.332,23.519,2.3062,52.6,4.8621,231.18,0.013176,0.82397,65.713,18.766,43.698
241,2026-04-14T05:00:00,50.507,30.568,26.862,33.233,42.145,2708.8,3690.7,18.652,18.423,22.206,0.3121,0.095327,342.36,77.592,6.8091,13.853,32.099,4520.3,22.714,47.706,49.161,80.322,2.2245,1.6837,3105.9,42.238,53.925,94.41,9.295,60.943,35.631,41.147,2637.7,63.209,24.662,47.237,0.34078,8.7797,26.617,120.44,1.194,75.125,23.519,2.3062,53.448,4.8621,229.76,0.0056556,0.83676,65.769,18.766,43.889
242,2026-04-14T05:03:00,48.341,27.151,27.015,33.697,41.502,2709.3,3691.9,19.725,18.071,22.433,0.27502,0.095327,342.5,77.318,6.8351,13.773,32.025,4530.1,22.26,42.695,51.137,80.439,2.253,1.6773,3106.1,42.405,53.786,94.414,9.3838,61.798,41.445,40.483,2639.0,63.062,27.375,47.084,0.34675,8.8381,25.96,120.42,1.2371,75.012,23.893,2.289,53.448,4.8588,230.02,0.0056556,0.83676,65.816,18.775,43.889
243,2026-04-14T05:06:00,50.541,27.125,26.935,33.697,41.58,2705.2,3647.0,19.043,18.071,22.061,0.27528,0.095327,342.2,77.189,6.8351,13.773,32.025,4502.1,22.557,47.785,49.017,80.02,2.253,1.6773,3102.3,42.443,54.121,94.385,9.3167,60.951,35.208,40.902,2634.1,63.835,25.254,47.219,0.34332,8.8381,25.96,120.39,1.2371,74.921,23.893,2.289,53.448,4.8588,227.1,0.0056556,0.83676,65.759,18.775,43.889
244,2026-04-14T05:09:00,51.246,27.816,27.047,33.345,41.034,2703.5,3672.9,19.27,18.428,22.507,0.28504,0.095327,342.71,77.164,6.9451,13.776,32.231,4513.5,22.469,49.418,49.967,79.848,2.2842,1.6736,3100.8,42.199,53.963,94.593,9.3356,61.506,38.002,39.71,2632.7,63.217,24.98,46.933,0.33531,8.8901,26.393,120.38,1.4052,75.558,23.72,2.3234,53.448,4.7897,228.97,0.0056556,0.83676,65.678,19.1,43.889
245,2026-04-14T05:12:00,49.363,27.852,26.5,33.345,40.996,2704.8,3676.4,16.866,18.428,22.211,0.28467,0.095327,342.84,77.132,6.9451,13.776,32.231,4525.1,23.484,45.061,49.571,79.947,2.2842,1.6736,3100.2,42.501,53.824,94.489,9.3168,60.651,36.838,39.357,2634.1,63.158,25.702,46.792,0.33821,8.8901,26.393,120.42,1.4052,75.334,23.72,2.3234,53.448,4.7897,229.22,0.0056556,0.83676,65.637,19.1,43.889
246,2026-04-14T05:15:00,50.918,26.088,27.226,32.98,40.55,2704.5,3651.1,19.993,18.26,22.895,0.26404,0.10487,343.13,77.318,6.9537,14.007,32.18,4459.7,22.162,48.658,51.448,79.98,2.2586,1.6766,3099.4,42.307,53.783,94.654,9.2649,60.56,42.362,39.863,2633.2,62.62,26.357,47.13,0.3342,8.7387,26.47,120.38,1.1467,74.372,23.841,2.2558,54.216,4.8371,227.66,0.02098,0.82662,65.618,18.432,43.964
247,2026-04-14T05:18:00,50.022,26.313,26.95,32.98,41.033,2705.7,3663.9,16.963,18.26,22.459,0.26175,0.10487,342.93,77.675,6.9537,14.007,32.18,4480.7,23.427,46.585,49.612,80.025,2.2586,1.6766,3100.8,41.84,53.531,94.57,9.413,60.912,36.958,39.818,2633.4,62.4,25.504,47.168,0.33457,8.7387,26.47,120.41,1.1467,74.259,23.841,2.2558,54.216,4.8371,227.45,0.02098,0.82662,65.63,18.432,43.964
248,2026-04-14T05:21:00,52.907,26.37,26.991,33.335,40.866,2707.5,3639.8,18.229,18.346,22.834,0.27077,0.10487,343.39,77.472,6.9,13.872,32.444,4551.9,22.892,53.262,48.489,80.246,2.276,1.6887,3102.8,42.615,54.321,94.633,9.2864,64.11,33.654,42.898,2637.0,62.676,24.222,47.089,0.36082,9.1114,26.583,120.38,1.3205,74.288,23.458,2.3605,54.216,4.8375,228.52,0.02098,0.82662,65.643,18.591,43.964
249,2026-04-14T05:24:00,50.609,26.578,26.943,33.335,41.275,2706.1,3663.4,16.378,18.346,22.635,0.26866,0.10487,343.41,76.866,6.9,13.872,32.444,4506.4,23.689,47.944,48.889,79.984,2.276,1.6887,3101.5,42.636,54.866,94.678,9.4131,58.052,34.83,43.101,2635.1,62.27,25.316,47.173,0.35916,9.1114,26.583,120.41,1.3205,74.619,23.458,2.3605,54.216,4.8375,227.75,0.02098,0.82662,65.678,18.591,43.964
250,2026-04-14T05:27:00,50.628,23.911,26.811,33.42,40.146,2705.4,3641.7,15.649,18.477,22.694,0.24203,0.10487,343.62,77.335,6.9657,13.673,32.453,4481.9,23.99,47.988,49.976,79.867,2.3131,1.6785,3100.6,42.1,54.813,94.574,9.4276,62.893,38.028,41.02,2634.6,63.071,24.497,46.93,0.34808,8.7102,26.402,120.36,1.1451,74.909,23.801,2.2863,54.216,4.8478,230.7,0.02098,0.82662,65.626,18.492,43.964
251,2026-04-14T05:30:00,50.997,23.652,26.785,33.42,41.695,2707.8,3653.0,19.576,18.477,22.584,0.24466,0.099821,343.68,77.367,6.9657,13.673,32.453,4543.3,22.328,48.842,49.478,80.068,2.3131,1.6785,3102.9,42.464,54.078,94.599,9.3136,61.033,36.565,40.959,2637.5,62.877,24.52,46.676,0.34858,8.7102,26.402,120.43,1.1451,74.322,23.801,2.2863,53.917,4.8478,230.76,0.023915,0.83785,65.607,18.492,43.354
252,2026-04-14T05:33:00,49.324,23.523,26.758,33.573,40.946,2709.4,3615.3,18.062,18.629,22.916,0.23888,0.099821,343.58,77.264,6.8553,13.799,32.217,4557.5,22.969,44.97,50.54,80.04,2.2214,1.6486,3102.9,42.397,54.19,94.641,9.441,62.306,39.69,38.13,2638.4,62.902,23.847,46.681,0.32736,8.8698,26.378,120.39,1.1884,75.318,23.939,2.2612,53.917,4.8071,229.63,0.023915,0.83785,65.618,19.037,43.354
253,2026-04-14T05:36:00,48.536,23.581,26.867,33.573,41.563,2709.9,3632.1,16.126,18.629,22.761,0.23829,0.099821,343.53,77.179,6.8553,13.799,32.217,4553.2,23.786,43.145,50.231,80.069,2.2214,1.6486,3105.2,42.313,54.241,94.514,9.3449,59.267,38.779,38.418,2639.4,62.613,25.832,46.885,0.32501,8.8698,26.378,120.42,1.1884,74.436,23.939,2.2612,53.917,4.8071,226.24,0.023915,0.83785,65.604,19.037,43.354
254,2026-04-14T05:39:00,49.41,25.679,26.909,33.491,40.989,2710.9,3671.4,19.678,18.508,23.221,0.25944,0.099821,343.95,77.422,6.8615,13.878,32.655,4469.5,22.279,45.168,51.015,80.081,2.2153,1.6659,3104.7,42.16,53.908,94.57,9.3333,61.841,41.087,39.996,2640.1,62.878,26.627,46.649,0.33877,8.9891,26.526,120.39,1.2092,75.503,24.058,2.3268,53.917,4.7752,227.82,0.023915,0.83785,65.609,18.383,43.354
255,2026-04-14T05:42:00,49.53,25.495,26.95,33.491,42.174,2710.7,3650.4,19.73,18.508,23.025,0.26131,0.099821,343.96,77.663,6.8615,13.878,32.655,4506.9,22.246,45.447,49.932,80.057,2.2153,1.6659,3105.1,42.003,53.46,94.512,9.4226,59.82,37.9,40.255,2640.4,63.239,25.487,46.566,0.33664,8.9891,26.526,120.44,1.2092,74.63,24.058,2.3268,53.917,4.7752,227.66,0.023915,0.83785,65.588,18.383,43.354
256,2026-04-14T05:45:00,49.932,21.365,27.035,33.4,40.544,2708.5,3671.8,18.091,18.13,22.6,0.21357,0.081873,343.91,77.076,6.7915,13.846,32.734,4535.0,22.958,46.376,50.535,79.895,2.2931,1.6437,3104.3,42.183,54.739,94.552,9.3752,61.987,39.673,40.983,2637.2,62.838,26.802,46.674,0.34814,8.7566,26.121,120.39,1.2822,74.754,23.554,2.2206,53.146,4.7405,228.54,0.017861,0.83739,65.593,18.504,43.898
257,2026-04-14T05:48:00,51.381,21.132,26.796,33.4,41.302,2707.3,3669.7,17.443,18.13,22.833,0.21593,0.081873,343.52,77.358,6.7915,13.846,32.734,4563.0,23.229,49.731,53.377,79.777,2.2931,1.6437,3102.6,42.311,54.404,94.629,9.4009,62.7,48.039,41.178,2637.2,62.875,24.865,46.701,0.34654,8.7566,26.121,120.41,1.2822,74.419,23.554,2.2206,53.146,4.7405,228.59,0.017861,0.83739,65.526,18.504,43.898
258,2026-04-14T05:51:00,50.467,20.02,26.886,33.359,41.082,2709.0,3685.1,21.42,18.404,22.634,0.20134,0.081873,343.58,77.311,6.8072,13.755,32.255,4569.0,21.551,47.616,49.681,80.013,2.2478,1.6428,3103.9,42.816,54.091,94.483,9.3173,60.678,37.162,40.623,2638.6,63.276,22.915,46.836,0.34452,8.8761,26.087,120.41,1.2968,74.157,24.102,2.2455,53.146,4.7292,227.39,0.017861,0.83739,65.513,18.881,43.898
259,2026-04-14T05:54:00,49.331,19.878,26.775,33.359,42.26,2708.4,3696.6,16.108,18.404,22.858,0.20278,0.081873,343.85,77.394,6.8072,13.755,32.255,4552.7,23.787,44.986,51.778,79.93,2.2478,1.6428,3102.6,42.055,54.286,94.556,9.4369,62.236,43.333,40.769,2637.5,63.079,24.77,46.601,0.34332,8.8761,26.087,120.43,1.2968,75.624,24.102,2.2455,53.146,4.7292,230.36,0.017861,0.83739,65.52,18.881,43.898
260,2026-04-14T05:57:00,49.46,24.078,27.066,32.977,40.911,2710.9,3665.8,17.981,18.183,22.998,0.24633,0.081873,344.03,77.386,6.7754,13.561,32.008,4518.5,22.991,45.284,49.342,80.157,2.2903,1.6973,3105.2,42.355,53.784,94.334,9.4549,58.506,36.163,38.732,2640.1,63.548,25.259,46.845,0.33987,8.7663,26.123,120.38,1.0598,75.109,24.125,2.3084,53.146,4.8472,227.91,0.017861,0.83739,65.565,18.81,43.898
261,2026-04-14T06:00:00,51.161,24.358,26.9,32.977,41.806,2708.2,3695.0,19.474,18.183,22.677,0.24349,0.094378,343.05,77.044,6.7754,13.561,32.008,4497.2,22.373,49.221,52.747,79.978,2.2903,1.6973,3104.2,42.211,54.039,94.468,9.4269,61.39,46.183,39.152,2637.6,63.046,26.902,46.893,0.33643,8.7663,26.123,120.43,1.0598,75.702,24.125,2.3084,53.607,4.8472,227.55,0.012507,0.82368,65.616,18.81,43.985
262,2026-04-14T06:03:00,50.486,26.462,26.958,32.863,41.989,2709.4,3701.6,17.466,18.396,22.907,0.27111,0.094378,343.46,77.637,6.8931,13.828,32.577,4486.1,23.198,47.658,49.051,80.067,2.252,1.6274,3104.4,42.417,54.334,94.458,9.3356,61.056,35.307,36.731,2639.3,63.298,24.493,46.998,0.31176,8.937,26.205,120.42,1.1365,74.726,24.076,2.3303,53.607,4.752,226.6,0.012507,0.82368,65.62,18.306,43.985
263,2026-04-14T06:06:00,49.143,26.389,26.927,32.863,41.573,2710.3,3698.1,18.066,18.396,22.878,0.27185,0.094378,343.43,77.36,6.8931,13.828,32.577,4528.5,22.948,44.551,49.66,80.148,2.252,1.6274,3105.7,42.318,53.827,94.364,9.1766,61.482,37.1,36.595,2639.8,63.357,25.395,46.942,0.31288,8.937,26.205,120.4,1.1365,75.241,24.076,2.3303,53.607,4.752,227.44,0.012507,0.82368,65.662,18.306,43.985
264,2026-04-14T06:09:00,49.032,20.991,26.542,32.835,40.697,2707.7,3672.4,16.698,18.488,22.617,0.21456,0.094378,343.59,77.108,6.9273,13.872,32.305,4560.8,23.533,44.294,51.009,80.006,2.2534,1.6713,3102.0,42.362,54.714,94.58,9.2836,60.426,41.068,40.366,2637.3,62.812,23.78,46.946,0.33889,8.9961,26.792,120.39,1.0273,75.044,24.067,2.3315,53.607,4.8049,227.62,0.012507,0.82368,65.68,18.681,43.985
265,2026-04-14T06:12:00,47.979,21.097,27.241,32.835,40.796,2704.0,3631.2,19.189,18.488,22.445,0.21349,0.094378,342.85,77.039,6.9273,13.872,32.305,4571.5,22.499,41.856,48.907,79.716,2.2534,1.6713,3100.4,42.235,54.586,94.594,9.4239,60.986,34.882,40.22,2632.0,63.521,24.344,47.036,0.34009,8.9961,26.792,120.37,1.0273,75.942,24.067,2.3315,53.607,4.8049,226.87,0.012507,0.82368,65.62,18.681,43.985
266,2026-04-14T06:15:00,48.598,23.52,26.642,33.251,40.909,2703.8,3705.7,17.708,18.571,22.612,0.23618,0.1016,342.85,76.919,6.9329,13.836,32.242,4530.1,23.135,43.29,49.39,79.676,2.2025,1.6544,3099.4,42.527,54.208,94.837,9.304,61.777,36.305,40.634,2632.8,61.913,25.872,46.543,0.3466,8.7891,26.446,120.39,1.2329,74.976,24.082,2.3786,52.843,4.8123,228.68,0.020784,0.82388,65.524,18.657,44.57
267,2026-04-14T06:18:00,51.583,23.262,26.773,33.251,40.559,2707.7,3635.6,17.746,18.571,22.889,0.2388,0.1016,342.64,77.791,6.9329,13.836,32.242,4545.9,23.089,50.198,50.742,80.042,2.2025,1.6544,3101.1,42.168,54.019,94.559,9.4278,61.067,40.285,40.683,2637.6,63.119,24.408,46.543,0.3462,8.7891,26.446,120.4,1.2329,75.252,24.082,2.3786,52.843,4.8123,227.24,0.020784,0.82388,65.48,18.657,44.57
268,2026-04-14T06:21:00,50.244,23.897,26.672,33.169,40.138,2709.5,3623.0,18.568,18.922,22.645,0.24267,0.1016,342.89,77.225,6.9788,13.766,32.505,4559.0,22.751,47.098,50.171,80.225,2.2757,1.6309,3104.4,42.371,53.941,94.653,9.381,62.024,38.602,40.363,2638.5,63.241,26.014,46.47,0.34146,9.0473,26.096,120.37,1.3242,74.473,24.419,2.3222,52.843,4.7213,226.54,0.020784,0.82388,65.561,18.686,44.57
269,2026-04-14T06:24:00,52.075,23.863,26.941,33.169,41.851,2708.1,3645.0,17.78,18.922,22.72,0.24301,0.1016,342.91,77.328,6.9788,13.766,32.505,4485.0,23.079,51.336,51.909,80.107,2.2757,1.6309,3103.2,42.454,54.827,94.585,9.4564,59.135,43.717,40.386,2637.4,62.863,25.41,46.372,0.34127,9.0473,26.096,120.42,1.3242,75.34,24.419,2.3222,52.843,4.7213,226.11,0.020784,0.82388,65.6,18.686,44.57
270,2026-04-14T06:27:00,48.495,21.151,26.682,32.791,40.91,2707.1,3657.2,18.83,18.144,22.392,0.21588,0.1016,342.54,77.265,6.8173,13.931,32.006,4547.8,22.639,43.052,51.38,80.045,2.2608,1.6928,3103.0,42.586,54.021,94.649,9.3337,60.903,42.161,39.579,2636.6,62.18,26.334,46.405,0.33227,8.9622,26.493,120.39,1.237,74.929,23.832,2.3702,52.843,4.7945,224.23,0.020784,0.82388,65.572,18.733,44.57
271,2026-04-14T06:30:00,49.023,21.342,26.932,32.791,40.866,2706.6,3667.3,20.414,18.144,22.689,0.21394,0.092099,342.65,77.327,6.8173,13.931,32.006,4508.8,21.977,44.272,49.811,79.942,2.2608,1.6928,3102.1,42.556,54.487,94.77,9.4327,60.983,37.545,39.324,2635.1,62.006,25.871,46.086,0.33437,8.9622,26.493,120.41,1.237,75.143,23.832,2.3702,54.081,4.7945,226.16,0.027117,0.82695,65.525,18.733,44.136
272,2026-04-14T06:33:00,50.019,26.086,27.065,33.229,40.778,2709.0,3678.9,16.743,18.789,22.834,0.26077,0.092099,342.87,77.623,6.8352,13.82,32.351,4495.0,23.512,46.579,48.632,80.046,2.286,1.6231,3103.6,42.328,54.549,94.53,9.331,62.526,34.074,41.769,2638.2,63.208,26.009,45.97,0.35083,8.8405,26.379,120.4,1.2479,74.87,23.748,2.2544,54.081,4.8792,225.95,0.027117,0.82695,65.491,18.344,44.136
273,2026-04-14T06:36:00,50.674,25.931,26.927,33.229,41.683,2708.6,3671.2,18.974,18.789,22.705,0.26234,0.092099,342.62,77.083,6.8352,13.82,32.351,4545.0,22.587,48.094,50.648,80.036,2.286,1.6231,3104.3,42.475,53.951,94.684,9.2746,61.974,40.007,41.239,2637.4,63.342,25.017,45.954,0.35518,8.8405,26.379,120.4,1.2479,74.547,23.748,2.2544,54.081,4.8792,224.56,0.027117,0.82695,65.519,18.344,44.136
274,2026-04-14T06:39:00,50.569,22.301,26.763,33.078,41.053,2706.5,3672.5,16.334,18.652,22.247,0.2328,0.092099,342.4,77.08,6.7417,13.736,32.502,4552.1,23.706,47.851,52.011,79.888,2.2649,1.6289,3102.9,41.838,54.858,94.538,9.3955,62.985,44.019,40.245,2635.0,63.214,24.354,45.777,0.33964,8.7949,26.524,120.39,1.3528,74.854,23.695,2.2623,54.081,4.7852,225.02,0.027117,0.82695,65.486,18.969,44.136
275,2026-04-14T06:42:00,50.878,22.63,26.684,33.078,41.997,2707.1,3662.5,19.376,18.652,22.235,0.22945,0.092099,342.09,77.531,6.7417,13.736,32.502,4588.1,22.413,48.565,48.208,79.937,2.2649,1.6289,3103.5,41.998,54.427,94.642,9.3775,60.982,32.826,40.553,2635.2,63.386,24.727,45.789,0.33712,8.7949,26.524,120.43,1.3528,75.687,23.695,2.2623,54.081,4.7852,223.4,0.027117,0.82695,65.438,18.969,44.136
276,2026-04-14T06:45:00,51.442,21.013,27.467,33.341,41.045,2709.1,3634.4,20.613,18.665,23.111,0.21161,0.10297,341.85,77.892,6.8777,13.68,32.179,4518.9,21.868,49.872,51.179,80.37,2.2804,1.6183,3104.7,42.37,53.743,94.504,9.2805,59.03,41.57,39.057,2638.8,64.778,24.403,45.808,0.33023,8.8498,25.978,120.38,1.2752,73.834,24.129,2.3454,53.677,4.7614,222.31,0.021113,0.83516,65.48,18.693,43.756
277,2026-04-14T06:48:00,49.494,20.785,26.897,33.341,41.644,2705.8,3688.9,18.444,18.665,22.091,0.21392,0.10297,341.65,77.056,6.8777,13.68,32.179,4486.2,22.802,45.363,51.732,80.269,2.2804,1.6183,3103.1,42.346,54.134,94.345,9.2915,60.292,43.197,39.475,2635.3,63.841,24.66,45.723,0.32681,8.8498,25.978,120.43,1.2752,74.91,24.129,2.3454,53.677,4.7614,221.96,0.021113,0.83516,65.554,18.693,43.756
278,2026-04-14T06:51:00,49.163,23.938,27.003,33.101,40.459,2702.4,3636.2,18.394,18.301,22.03,0.24117,0.10297,341.64,77.002,6.8733,13.796,32.28,4538.3,22.832,44.596,48.911,79.949,2.3,1.6102,3099.5,41.963,54.18,94.687,9.322,61.921,34.894,38.373,2631.2,63.623,25.839,45.492,0.32229,8.9949,26.255,120.37,1.2038,74.375,23.767,2.2892,53.677,4.854,223.3,0.021113,0.83516,65.528,18.911,43.756
279,2026-04-14T06:54:00,49.434,23.751,26.955,33.101,41.1,2703.5,3682.2,18.157,18.301,22.29,0.24308,0.10297,341.52,77.215,6.8733,13.796,32.28,4537.0,22.932,45.224,49.949,79.976,2.3,1.6102,3099.4,42.103,54.196,94.594,9.6194,59.342,37.95,38.337,2631.3,62.831,26.612,45.508,0.32258,8.9949,26.255,120.4,1.2038,75.329,23.767,2.2892,53.677,4.854,221.92,0.021113,0.83516,65.434,18.911,43.756
280,2026-04-14T06:57:00,50.504,22.953,26.585,33.213,40.833,2702.5,3655.8,18.403,18.33,22.121,0.23092,0.10297,341.15,77.159,6.9131,13.749,31.751,4475.7,22.832,47.702,50.548,80.03,2.2871,1.6468,3100.2,41.978,54.388,94.631,9.4326,61.423,39.712,39.697,2631.6,63.33,25.019,45.182,0.33584,8.7172,26.56,120.41,1.2382,75.226,24.171,2.3451,53.677,4.8887,224.37,0.021113,0.83516,65.404,18.61,43.756
281,2026-04-14T07:00:00,49.327,22.921,27.032,33.213,40.606,2702.6,3666.1,19.052,18.33,22.164,0.23125,0.098665,341.04,77.232,6.9131,13.749,31.751,4525.5,22.557,44.977,50.611,80.065,2.2871,1.6468,3099.1,42.456,53.792,94.624,9.3748,61.435,39.899,40.15,2631.3,63.153,23.657,45.417,0.33212,8.7172,26.56,120.39,1.2382,75.518,24.171,2.3451,53.347,4.8887,222.79,0.016956,0.83487,65.402,18.61,44.485
282,2026-04-14T07:03:00,50.749,27.898,26.88,32.904,41.055,2705.1,3662.1,18.869,18.568,22.221,0.28644,0.098665,341.45,77.317,7.0053,13.672,32.089,4531.4,22.631,48.267,49.291,80.169,2.2438,1.6572,3101.5,42.477,54.464,94.613,9.3098,58.982,36.012,39.289,2633.7,62.862,23.808,45.41,0.32825,8.897,26.451,120.42,1.0768,74.362,24.016,2.2915,53.347,4.8487,222.65,0.016956,0.83487,65.411,18.581,44.485
283,2026-04-14T07:06:00,50.812,28.162,27.497,32.904,41.541,2705.5,3670.5,18.109,18.568,22.299,0.28375,0.098665,341.38,77.269,7.0053,13.672,32.089,4552.1,22.953,48.413,50.996,80.147,2.2438,1.6572,3103.0,42.246,54.216,94.625,9.4161,59.333,41.031,39.196,2633.9,62.717,25.202,45.703,0.32901,8.897,26.451,120.4,1.0768,75.216,24.016,2.2915,53.347,4.8487,219.11,0.016956,0.83487,65.459,18.581,44.485
284,2026-04-14T07:09:00,49.317,25.019,26.93,32.546,41.037,2705.3,3642.3,16.248,18.96,22.429,0.256,0.098665,341.57,77.373,6.9733,13.983,32.389,4526.9,23.733,44.954,49.657,80.187,2.2338,1.6305,3101.8,42.44,54.618,94.668,9.3496,59.61,37.092,37.528,2634.4,62.321,25.239,45.496,0.32443,8.9055,26.307,120.38,1.33,75.335,24.322,2.2721,53.347,4.7368,221.19,0.016956,0.83487,65.458,19.047,44.485
285,2026-04-14T07:12:00,50.07,24.99,26.631,32.546,41.056,2705.1,3605.2,19.505,18.96,21.854,0.25629,0.098665,341.25,77.191,6.9733,13.983,32.389,4542.2,22.367,46.695,50.549,80.054,2.2338,1.6305,3102.3,42.2,54.435,94.724,9.3672,60.373,39.717,38.036,2634.0,62.96,25.16,45.475,0.32026,8.9055,26.307,120.4,1.33,74.531,24.322,2.2721,53.347,4.7368,221.17,0.016956,0.83487,65.462,19.047,44.485
286,2026-04-14T07:15:00,50.701,22.165,27.266,33.006,40.932,2706.3,3634.4,18.798,18.585,22.777,0.22593,0.10262,341.37,77.385,6.8648,13.878,32.075,4482.6,22.654,48.157,50.058,80.229,2.2546,1.6143,3101.2,42.538,54.0,94.637,9.2515,61.452,38.272,42.091,2635.1,62.637,25.669,45.41,0.35529,9.1133,26.052,120.39,1.2004,74.82,23.89,2.2672,53.598,4.8411,221.57,0.0094909,0.84521,65.448,18.933,43.73
287,2026-04-14T07:18:00,49.983,22.27,26.974,33.006,40.131,2703.2,3592.6,18.786,18.585,22.135,0.22486,0.10262,341.08,77.208,6.8648,13.878,32.075,4481.0,22.668,46.495,51.012,80.038,2.2546,1.6143,3100.4,42.381,54.02,94.765,9.4357,60.95,41.079,42.284,2630.7,63.356,25.328,45.51,0.3537,9.1133,26.052,120.4,1.2004,75.076,23.89,2.2672,53.598,4.8411,220.17,0.0094909,0.84521,65.449,18.933,43.73
288,2026-04-14T07:21:00,50.042,24.98,26.705,32.894,40.557,2704.9,3663.9,19.39,18.868,22.4,0.25711,0.10262,341.19,77.232,6.7752,13.631,32.734,4462.8,22.415,46.632,49.791,80.078,2.283,1.6264,3100.7,42.441,54.48,94.693,9.272,61.895,37.486,40.692,2633.0,63.046,25.317,45.189,0.34506,8.9526,26.288,120.4,1.3185,75.652,24.131,2.35,53.598,4.8958,223.49,0.0094909,0.84521,65.417,19.07,43.73
289,2026-04-14T07:24:00,51.247,25.072,27.076,32.894,41.102,2702.7,3630.4,18.113,18.868,22.462,0.25618,0.10262,341.13,77.161,6.7752,13.631,32.734,4517.8,22.958,49.421,51.495,79.99,2.283,1.6264,3099.8,42.244,53.822,94.655,9.3422,62.82,42.499,40.733,2632.1,63.622,26.634,45.273,0.34472,8.9526,26.288,120.4,1.3185,75.251,24.131,2.35,53.598,4.8958,222.3,0.0094909,0.84521,65.39,19.07,43.73
290,2026-04-14T07:27:00,49.272,18.718,26.84,32.737,41.189,2702.8,3690.9,15.988,18.673,22.491,0.18881,0.10262,341.41,77.2,6.7877,13.715,31.697,4532.5,23.852,44.849,50.949,80.078,2.2625,1.6237,3098.1,42.099,53.272,94.645,9.3727,60.487,40.894,37.345,2632.6,63.425,24.604,45.232,0.31734,8.8157,25.778,120.43,1.3206,74.977,24.537,2.3169,53.598,4.7718,222.51,0.0094909,0.84521,65.385,18.709,43.73
291,2026-04-14T07:30:00,48.126,18.554,26.869,32.737,40.647,2702.5,3660.4,19.201,18.673,22.154,0.19048,0.10203,340.5,77.554,6.7877,13.715,31.697,4523.3,22.484,42.197,50.808,80.232,2.2625,1.6237,3099.2,42.338,53.382,94.528,9.2757,61.873,40.478,37.449,2631.2,63.951,27.131,45.489,0.31648,8.8157,25.778,120.4,1.3206,74.589,24.537,2.3169,53.582,4.7718,222.42,0.0038031,0.82543,65.419,18.709,43.121
292,2026-04-14T07:33:00,51.801,28.494,26.835,33.156,41.569,2701.4,3658.3,19.613,18.318,21.896,0.28944,0.10203,340.06,76.928,6.8157,13.967,32.402,4512.9,22.334,50.702,48.639,80.077,2.238,1.6617,3100.9,42.563,54.374,94.571,9.3464,59.963,34.093,38.436,2630.7,63.971,26.644,45.528,0.32506,8.9958,26.098,120.43,1.1656,75.113,23.872,2.2746,53.582,4.8144,223.02,0.0038031,0.82543,65.424,19.049,43.121
293,2026-04-14T07:36:00,50.496,28.461,27.09,33.156,41.172,2701.3,3657.2,18.114,18.318,22.125,0.28977,0.10203,340.87,77.27,6.8157,13.967,32.402,4539.7,22.961,47.682,49.922,80.025,2.238,1.6617,3099.4,42.642,54.053,94.483,9.3002,60.987,37.87,38.268,2630.0,63.991,26.119,45.739,0.32644,8.9958,26.098,120.4,1.1656,74.739,23.872,2.2746,53.582,4.8144,221.72,0.0038031,0.82543,65.447,19.049,43.121
294,2026-04-14T07:39:00,48.949,21.741,26.542,32.912,40.711,2699.5,3703.3,18.306,19.032,21.358,0.22468,0.10203,340.11,76.938,6.899,14.071,31.846,4499.5,22.89,44.101,51.127,80.042,2.2812,1.6485,3097.6,42.171,53.683,94.716,9.3267,61.242,41.417,41.89,2626.9,63.027,24.817,45.765,0.35224,9.0307,26.332,120.4,1.2663,75.565,24.08,2.2883,53.582,4.9503,222.47,0.0038031,0.82543,65.437,18.961,43.121
295,2026-04-14T07:42:00,48.802,21.755,26.91,32.912,40.207,2697.1,3669.5,20.085,19.032,21.717,0.22454,0.10203,340.07,77.356,6.899,14.071,31.846,4502.3,22.137,43.763,50.394,80.004,2.2812,1.6485,3095.7,42.387,53.649,94.563,9.2454,63.264,39.26,42.154,2624.5,63.609,25.045,45.527,0.35008,9.0307,26.332,120.39,1.2663,74.869,24.08,2.2883,53.582,4.9503,226.22,0.0038031,0.82543,65.412,18.961,43.121
296,2026-04-14T07:45:00,51.604,27.471,26.959,32.803,40.822,2698.1,3684.6,18.332,18.77,21.425,0.27529,0.10778,339.81,77.658,6.9077,13.794,32.367,4493.4,22.864,50.246,50.141,80.135,2.2483,1.6609,3096.6,42.54,53.932,94.712,9.3829,62.943,38.515,43.403,2626.2,62.641,24.857,45.369,0.36505,8.7684,26.146,120.41,1.1206,75.812,23.73,2.2524,54.082,4.8005,223.37,0.03996,0.84777,65.409,19.111,44.154
297,2026-04-14T07:48:00,51.554,27.195,27.48,32.803,40.755,2699.1,3646.3,15.377,18.77,22.267,0.2781,0.10778,340.02,77.366,6.9077,13.794,32.367,4482.3,24.115,50.131,49.454,80.215,2.2483,1.6609,3097.4,42.266,54.065,94.585,9.3242,61.439,36.493,43.382,2626.7,63.301,26.786,45.405,0.36522,8.7684,26.146,120.39,1.1206,74.951,23.73,2.2524,54.082,4.8005,221.5,0.03996,0.84777,65.456,19.111,44.154
298,2026-04-14T07:51:00,49.793,22.534,27.217,32.739,40.641,2701.1,3646.2,16.284,18.693,21.863,0.22639,0.10778,340.07,78.06,6.8973,13.739,32.056,4473.2,23.699,46.055,50.065,80.578,2.2969,1.6075,3100.5,42.208,53.762,94.663,9.3369,59.195,38.291,40.578,2630.1,63.206,26.254,45.317,0.32879,8.8634,26.737,120.38,1.1971,75.449,23.832,2.3411,54.082,4.8098,221.04,0.03996,0.84777,65.512,19.095,44.154
299,2026-04-14T07:54:00,48.958,22.342,26.592,32.739,41.367,2701.2,3667.2,19.153,18.693,21.724,0.22834,0.10778,339.72,77.743,6.8973,13.739,32.056,4439.1,22.488,44.122,48.954,80.642,2.2969,1.6075,3101.0,42.835,54.17,94.569,9.2085,62.142,35.02,39.789,2630.4,62.845,25.288,45.277,0.33526,8.8634,26.737,120.41,1.1971,75.186,23.832,2.3411,54.082,4.8098,219.93,0.03996,0.84777,65.605,19.095,44.154
300,2026-04-14T07:57:00,49.154,25.122,26.632,32.609,40.692,2700.7,3650.9,18.211,18.28,21.699,0.25973,0.10778,339.62,77.1,6.8565,13.832,32.504,4462.6,22.901,44.577,50.038,80.479,2.2413,1.7018,3099.8,42.377,53.874,94.625,9.3995,59.996,38.211,39.422,2629.4,63.198,26.041,44.922,0.32555,8.8235,25.989,120.4,1.2798,74.14,23.721,2.3119,54.082,4.8917,222.37,0.03996,0.84777,65.641,18.728,44.154
301,2026-04-14T08:00:00,50.639,25.331,26.773,32.609,41.005,2697.5,3650.7,16.358,18.28,21.449,0.25761,0.11155,340.07,77.028,6.8565,13.832,32.504,4491.4,23.696,48.014,49.607,80.076,2.2413,1.7018,3096.6,42.377,53.529,94.73,9.3477,61.478,36.943,39.111,2625.9,63.201,25.876,45.438,0.3281,8.8235,25.989,120.39,1.2798,74.633,23.721,2.3119,53.401,4.8917,221.57,0.019026,0.84818,65.575,18.728,43.479
302,2026-04-14T08:03:00,50.137,20.936,27.015,32.4,40.824,2699.3,3713.0,17.468,18.799,21.681,0.21364,0.11155,340.22,77.29,6.8374,13.804,32.013,4554.3,23.221,46.851,51.367,80.223,2.2878,1.6753,3097.7,41.956,53.654,94.612,9.2642,61.286,42.123,39.838,2627.6,62.491,27.361,45.483,0.34199,8.9173,26.376,120.4,1.3643,74.397,23.889,2.3827,53.401,5.0048,222.43,0.019026,0.84818,65.487,19.17,43.479
303,2026-04-14T08:06:00,48.517,20.877,26.829,32.4,41.192,2700.3,3666.1,19.272,18.799,22.126,0.21423,0.11155,339.74,77.338,6.8374,13.804,32.013,4546.5,22.454,43.101,51.172,80.407,2.2878,1.6753,3097.6,42.302,53.747,94.647,9.3601,61.678,41.548,40.889,2629.6,63.298,26.561,45.544,0.33337,8.9173,26.376,120.41,1.3643,74.704,23.889,2.3827,53.401,5.0048,223.09,0.019026,0.84818,65.514,19.17,43.479
304,2026-04-14T08:09:00,49.992,25.485,27.143,32.745,40.819,2698.1,3710.1,17.424,18.708,21.622,0.26103,0.11155,339.61,77.171,6.7822,13.867,32.281,4510.9,23.242,46.516,50.461,80.131,2.2809,1.6092,3097.9,42.726,53.061,94.663,9.1851,63.016,39.457,39.803,2626.6,62.741,23.879,45.776,0.33611,8.9426,26.057,120.38,1.3083,75.608,24.139,2.2127,53.401,4.9331,221.83,0.019026,0.84818,65.528,18.863,43.479
305,2026-04-14T08:12:00,50.393,25.46,26.806,32.745,41.361,2698.8,3677.6,18.501,18.708,21.543,0.26128,0.11155,339.77,77.701,6.7822,13.867,32.281,4472.8,22.776,47.444,50.735,80.188,2.2809,1.6092,3098.6,42.238,53.517,94.61,9.4093,59.512,40.262,40.258,2626.4,63.301,25.508,45.834,0.33238,8.9426,26.057,120.39,1.3083,74.981,24.139,2.2127,53.401,4.9331,222.54,0.019026,0.84818,65.498,18.863,43.479
306,2026-04-14T08:15:00,49.226,23.247,26.552,32.847,40.47,2698.7,3725.6,18.389,19.004,21.415,0.23271,0.12195,339.85,77.21,6.8443,13.98,32.082,4445.3,22.833,44.744,50.599,80.302,2.2538,1.6728,3098.2,42.353,54.556,94.558,9.3497,62.273,39.862,41.029,2627.3,63.028,24.959,45.704,0.34005,8.9523,26.095,120.42,1.6372,74.148,23.661,2.2471,53.671,4.8956,225.71,0.017141,0.84974,65.507,18.896,43.569
307,2026-04-14T08:18:00,50.801,23.104,26.955,32.847,41.856,2697.5,3700.6,17.498,19.004,21.882,0.23416,0.12195,339.87,76.994,6.8443,13.98,32.082,4499.4,23.223,48.389,51.406,80.103,2.2538,1.6728,3096.4,42.164,53.909,94.52,9.2964,63.286,42.239,40.859,2626.2,63.457,24.745,46.103,0.34144,8.9523,26.095,120.41,1.6372,75.073,23.661,2.2471,53.671,4.8956,222.73,0.017141,0.84974,65.515,18.896,43.569
308,2026-04-14T08:21:00,50.684,24.953,26.595,32.724,40.54,2697.6,3675.2,18.363,18.726,21.347,0.25403,0.12195,339.87,77.25,6.9611,14.027,31.742,4490.9,22.855,48.116,48.685,80.139,2.2914,1.6033,3096.4,42.338,53.913,94.657,9.2527,63.068,34.23,42.455,2625.0,63.415,25.173,46.048,0.35437,8.8455,26.157,120.37,1.0899,75.323,24.278,2.3024,53.671,4.9474,224.85,0.017141,0.84974,65.491,18.688,43.569
309,2026-04-14T08:24:00,48.401,24.894,26.781,32.724,40.791,2697.3,3660.5,16.998,18.726,21.345,0.25463,0.12195,339.62,77.476,6.9611,14.027,31.742,4526.3,23.424,42.832,49.772,80.177,2.2914,1.6033,3097.3,42.532,53.489,94.511,9.3639,61.736,37.428,42.314,2625.9,63.668,24.108,46.158,0.35553,8.8455,26.157,120.4,1.0899,74.23,24.278,2.3024,53.671,4.9474,225.13,0.017141,0.84974,65.503,18.688,43.569
310,2026-04-14T08:27:00,49.319,28.398,26.888,32.891,40.101,2699.9,3667.9,15.67,18.525,21.402,0.29042,0.12195,339.74,77.466,6.8734,13.914,31.525,4540.3,23.98,44.957,49.163,80.342,2.2307,1.6677,3099.8,42.175,53.83,94.623,9.4403,60.424,35.636,43.043,2628.6,62.497,25.352,46.266,0.36213,8.9041,26.313,120.37,1.2798,75.283,24.391,2.2835,53.671,4.8695,225.41,0.017141,0.84974,65.537,18.816,43.569
311,2026-04-14T08:30:00,50.312,28.628,26.811,32.891,41.516,2702.2,3635.6,17.1,18.525,21.557,0.28808,0.091228,339.45,77.611,6.8734,13.914,31.525,4547.8,23.367,47.256,50.919,80.443,2.2307,1.6677,3102.3,42.741,53.741,94.59,9.3369,61.25,40.804,43.295,2630.1,63.052,26.118,46.432,0.36007,8.9041,26.313,120.41,1.2798,74.968,24.391,2.2835,53.72,4.8695,225.7,0.027845,0.84016,65.618,18.816,44.263
312,2026-04-14T08:33:00,48.726,31.265,26.906,32.562,41.342,2706.4,3674.5,15.623,19.097,21.711,0.31475,0.091228,340.0,77.735,6.7568,13.804,31.967,4522.8,23.976,43.586,50.592,80.551,2.251,1.6623,3105.3,42.656,53.729,94.507,9.4122,61.316,39.843,41.914,2634.2,63.119,24.881,46.615,0.34837,8.9171,26.207,120.39,1.2934,74.66,24.249,2.3638,53.72,4.8511,225.36,0.027845,0.84016,65.677,18.548,44.263
313,2026-04-14T08:36:00,52.166,31.077,26.543,32.562,41.932,2705.5,3692.4,18.373,19.097,21.549,0.31667,0.091228,340.35,77.641,6.7568,13.804,31.967,4521.7,22.818,51.546,50.745,80.425,2.251,1.6623,3105.4,42.246,53.742,94.571,9.3774,59.951,40.292,41.613,2634.5,62.81,24.945,46.651,0.35083,8.9171,26.207,120.43,1.2934,74.688,24.249,2.3638,53.72,4.8511,226.67,0.027845,0.84016,65.713,18.548,44.263
314,2026-04-14T08:39:00,47.999,27.389,27.048,33.132,40.549,2703.5,3682.8,17.11,18.638,21.751,0.27787,0.091228,341.07,76.971,6.8973,13.898,32.065,4549.4,23.371,41.903,50.964,80.191,2.217,1.6692,3103.7,42.351,54.084,94.379,9.4656,60.861,40.936,39.702,2632.7,64.061,24.506,46.692,0.34286,8.9775,26.37,120.39,1.1205,74.471,23.876,2.2962,53.72,4.9587,227.94,0.027845,0.84016,65.726,19.119,44.263
315,2026-04-14T08:42:00,50.651,27.516,26.943,33.132,42.332,2704.0,3726.9,17.927,18.638,21.997,0.27657,0.091228,340.74,77.378,6.8973,13.898,32.065,4484.6,23.022,48.041,49.953,80.067,2.217,1.6692,3102.6,42.195,54.859,94.54,9.2907,61.987,37.963,39.838,2633.0,63.304,25.333,46.867,0.34174,8.9775,26.37,120.47,1.1205,74.571,23.876,2.2962,53.72,4.9587,227.75,0.027845,0.84016,65.645,19.119,44.263
316,2026-04-14T08:45:00,50.378,26.756,26.997,32.795,40.9,2702.8,3641.7,17.811,18.505,21.812,0.26893,0.09749,340.57,77.31,6.9871,14.055,31.905,4481.1,23.073,47.409,50.903,80.119,2.2692,1.6841,3102.8,42.399,53.491,94.331,9.4831,58.453,40.758,41.476,2631.2,63.588,26.708,46.694,0.34921,8.9658,26.585,120.38,1.1744,75.053,23.846,2.3283,53.729,4.9506,228.91,0.02136,0.87048,65.62,19.558,44.325
317,2026-04-14T08:48:00,51.242,26.78,27.22,32.795,41.557,2703.7,3671.4,13.36,18.505,22.524,0.26868,0.09749,341.81,77.403,6.9871,14.055,31.905,4484.9,24.947,49.409,48.152,80.091,2.2692,1.6841,3100.7,42.377,53.446,94.694,9.3483,62.777,32.662,41.749,2632.6,63.077,25.645,46.68,0.34697,8.9658,26.585,120.41,1.1744,75.104,23.846,2.3283,53.729,4.9506,229.72,0.02136,0.87048,65.623,19.558,44.325
318,2026-04-14T08:51:00,51.277,28.37,26.933,33.073,39.898,2704.9,3674.1,16.28,18.91,22.405,0.28769,0.09749,341.31,77.909,6.9137,13.85,32.085,4425.4,23.693,49.489,50.661,80.361,2.2379,1.6534,3102.1,42.363,52.986,94.409,9.4678,61.07,40.044,44.27,2633.2,62.187,25.425,47.068,0.36252,8.8069,26.049,120.36,1.2949,76.203,24.099,2.3115,53.729,4.793,225.97,0.02136,0.87048,65.654,19.14,44.325
319,2026-04-14T08:54:00,49.721,28.337,26.74,33.073,42.491,2706.1,3663.0,17.673,18.91,22.223,0.28803,0.09749,341.6,77.986,6.9137,13.85,32.085,4454.5,23.091,45.889,51.538,80.459,2.2379,1.6534,3103.6,42.695,52.637,94.674,9.354,61.191,42.626,43.544,2634.9,62.377,26.235,46.788,0.36847,8.8069,26.049,120.44,1.2949,74.686,24.099,2.3115,53.729,4.793,229.69,0.02136,0.87048,65.729,19.14,44.325
320,2026-04-14T08:57:00,49.231,26.514,26.704,32.5,39.949,2706.2,3662.5,17.145,19.057,22.076,0.27582,0.09749,342.19,77.273,6.7945,13.805,32.083,4477.6,23.326,44.755,49.17,80.444,2.2636,1.6246,3103.1,41.879,53.29,94.507,9.3509,59.776,35.659,41.066,2635.0,62.965,26.484,47.17,0.34551,8.8264,26.486,120.36,1.2634,74.283,23.755,2.2747,53.729,4.8528,225.94,0.02136,0.87048,65.805,18.509,44.325
321,2026-04-14T09:00:00,50.672,26.794,27.171,32.5,41.491,2702.6,3680.5,16.833,19.057,22.339,0.27298,0.10378,342.5,77.096,6.7945,13.805,32.083,4469.2,23.473,48.088,50.898,80.029,2.2636,1.6246,3100.3,42.639,53.391,94.601,9.3206,62.803,40.742,40.788,2631.5,62.656,25.174,47.566,0.3478,8.8264,26.486,120.43,1.2634,74.636,23.755,2.2747,53.688,4.8528,231.17,0.021538,0.83483,65.781,18.509,42.877
322,2026-04-14T09:03:00,48.708,26.847,26.714,32.958,41.486,2702.3,3716.6,18.601,18.403,21.956,0.275,0.10378,342.34,77.102,6.688,13.96,32.506,4519.6,22.736,43.544,49.775,79.928,2.2785,1.6601,3100.3,42.608,54.328,94.556,9.365,60.347,37.439,40.661,2630.9,63.106,25.947,47.917,0.33884,8.77,26.002,120.4,1.292,75.288,23.611,2.3404,53.688,4.9454,231.8,0.021538,0.83483,65.75,18.304,42.877
323,2026-04-14T09:06:00,50.613,27.195,27.095,32.958,41.241,2705.1,3686.6,16.194,18.403,22.73,0.27146,0.10378,342.82,77.319,6.688,13.96,32.506,4505.6,23.743,47.954,47.229,80.017,2.2785,1.6601,3100.9,41.898,54.496,94.474,9.3615,60.661,29.946,40.514,2634.1,63.622,25.124,48.138,0.34005,8.77,26.002,120.42,1.292,75.474,23.611,2.3404,53.688,4.9454,233.89,0.021538,0.83483,65.74,18.304,42.877
324,2026-04-14T09:09:00,49.655,22.782,27.057,33.062,41.305,2705.7,3704.5,17.046,18.121,22.586,0.23227,0.10378,342.53,77.606,7.0152,13.682,32.462,4567.6,23.374,45.735,50.318,80.207,2.2819,1.6433,3102.7,42.402,54.318,94.463,9.3424,62.533,39.037,42.887,2634.2,64.382,24.497,48.617,0.35546,8.9512,26.53,120.41,1.242,74.381,23.698,2.168,53.688,4.7874,233.05,0.021538,0.83483,65.78,18.994,42.877
325,2026-04-14T09:12:00,50.452,22.992,26.746,33.062,42.45,2704.8,3741.0,15.629,18.121,22.02,0.23015,0.10378,342.54,77.343,7.0152,13.682,32.462,4576.0,23.973,47.581,49.809,80.219,2.2819,1.6433,3103.3,42.426,54.217,94.223,9.3606,62.594,37.539,42.261,2633.5,63.754,25.017,48.802,0.36059,8.9512,26.53,120.44,1.242,74.207,23.698,2.168,53.688,4.7874,235.44,0.021538,0.83483,65.857,18.994,42.877
326,2026-04-14T09:15:00,48.863,22.855,26.889,33.163,40.985,2705.2,3641.7,18.569,18.296,22.622,0.2338,0.083057,342.52,77.651,6.8421,13.774,32.638,4498.2,22.718,43.902,49.884,80.366,2.2539,1.6465,3099.6,42.459,53.477,94.491,9.332,62.608,37.757,38.932,2635.8,62.621,25.089,48.406,0.32679,8.9284,26.216,120.37,1.0738,74.318,23.725,2.2686,53.995,4.8535,234.46,0.023768,0.84839,65.917,18.796,43.294
327,2026-04-14T09:18:00,50.57,23.02,26.779,33.163,40.947,2704.1,3646.3,18.179,18.296,22.573,0.23211,0.083057,342.78,77.334,6.8421,13.774,32.638,4499.5,22.891,47.853,47.705,80.26,2.2539,1.6465,3098.9,42.6,53.461,94.47,9.2629,60.949,31.345,39.237,2634.1,62.542,24.003,48.461,0.32429,8.9284,26.216,120.39,1.0738,75.568,23.725,2.2686,53.995,4.8535,233.96,0.023768,0.84839,65.974,18.796,43.294
328,2026-04-14T09:21:00,51.501,20.979,26.886,32.84,40.609,2701.8,3694.0,20.325,18.706,22.038,0.21145,0.083057,342.1,76.79,6.7945,13.805,32.65,4557.4,22.011,50.008,48.932,79.998,2.2608,1.5917,3098.1,42.418,53.235,94.692,9.3339,59.869,34.958,40.208,2630.4,63.196,25.657,48.536,0.33531,8.7879,26.546,120.38,1.1677,74.628,24.385,2.3583,53.995,4.8582,233.29,0.023768,0.84839,65.942,18.742,43.294
329,2026-04-14T09:24:00,50.313,20.968,26.666,32.84,40.572,2700.1,3682.3,17.359,18.706,22.509,0.21155,0.083057,342.16,77.081,6.7945,13.805,32.65,4504.5,23.266,47.258,48.553,79.8,2.2608,1.5917,3095.3,42.301,53.868,94.633,9.3783,61.556,33.841,40.114,2628.8,63.396,25.484,48.348,0.33607,8.7879,26.546,120.4,1.1677,73.978,24.385,2.3583,53.995,4.8582,235.63,0.023768,0.84839,65.842,18.742,43.294
330,2026-04-14T09:27:00,48.167,20.534,26.77,33.2,42.251,2701.3,3670.4,16.628,17.887,22.347,0.2041,0.083057,342.29,77.614,6.7809,13.679,32.594,4492.3,23.559,42.292,50.115,79.997,2.302,1.6333,3096.6,42.066,54.148,94.579,9.4464,60.642,38.439,40.548,2629.9,64.079,24.378,48.216,0.33894,8.9454,25.812,120.4,1.2474,75.139,24.089,2.4196,53.995,4.8624,237.35,0.023768,0.84839,65.798,18.25,43.294
331,2026-04-14T09:30:00,50.19,20.145,26.663,33.2,41.052,2700.5,3693.2,16.724,17.887,22.354,0.20806,0.091132,341.92,77.314,6.7809,13.679,32.594,4531.4,23.524,46.975,50.812,80.137,2.302,1.6333,3097.4,42.052,53.68,94.577,9.3035,61.031,40.491,40.51,2629.5,63.687,26.687,48.697,0.33924,8.9454,25.812,120.4,1.2474,75.644,24.089,2.4196,53.338,4.8624,236.14,0.0090612,0.83568,65.858,18.25,43.617
332,2026-04-14T09:33:00,49.549,20.238,27.091,32.945,42.092,2701.9,3685.0,15.342,18.943,22.275,0.20899,0.091132,341.93,77.604,6.9774,13.895,32.59,4589.6,24.091,45.49,50.395,80.346,2.2246,1.6355,3100.2,42.54,54.238,94.391,9.4553,60.953,39.262,38.912,2631.3,64.036,25.3,48.868,0.32384,8.7979,26.564,120.43,1.1685,76.349,23.971,2.3023,53.338,4.824,236.12,0.0090612,0.83568,65.92,18.593,43.617
333,2026-04-14T09:36:00,49.243,20.382,27.13,32.945,41.707,2703.7,3722.8,19.243,18.943,22.249,0.20753,0.091132,341.0,77.715,6.9774,13.895,32.59,4586.5,22.432,44.783,50.144,80.58,2.2246,1.6355,3101.3,42.529,54.276,94.501,9.4009,62.13,38.522,38.789,2632.9,63.385,25.04,49.05,0.32485,8.7979,26.564,120.39,1.1685,75.811,23.971,2.3023,53.338,4.824,235.89,0.0090612,0.83568,66.048,18.593,43.617
334,2026-04-14T09:39:00,49.624,19.871,27.178,32.865,41.488,2700.7,3652.4,16.156,18.383,22.047,0.20508,0.091132,340.33,77.065,6.9298,13.824,32.089,4514.2,23.752,45.665,50.239,80.366,2.2799,1.6545,3099.4,42.33,54.358,94.502,9.2187,62.129,38.803,41.888,2628.6,62.876,24.002,49.187,0.34634,9.0323,25.936,120.4,1.4448,74.897,24.465,2.2959,53.338,4.8163,236.16,0.0090612,0.83568,66.107,18.748,43.617
335,2026-04-14T09:42:00,50.005,20.186,26.992,32.865,40.286,2698.5,3657.0,16.319,18.383,21.84,0.20188,0.091132,340.4,77.199,6.9298,13.824,32.089,4549.4,23.683,46.546,49.891,80.225,2.2799,1.6545,3096.6,42.219,53.936,94.67,9.265,62.668,37.778,41.243,2626.6,62.796,24.762,49.113,0.35162,9.0323,25.936,120.36,1.4448,75.632,24.465,2.2959,53.338,4.8163,238.82,0.0090612,0.83568,66.14,18.748,43.617
336,2026-04-14T09:45:00,51.022,24.781,26.774,32.807,41.691,2698.5,3669.1,17.399,18.749,21.588,0.24879,0.098152,340.31,77.274,6.9026,13.666,31.869,4515.8,23.228,48.9,50.569,80.178,2.2211,1.6635,3096.7,42.357,53.975,94.631,9.4683,59.287,39.773,40.929,2627.0,62.938,25.48,49.093,0.33908,8.8589,26.629,120.4,1.1297,74.62,23.642,2.4219,54.44,4.9568,237.36,0.025943,0.8236,66.093,18.781,44.38
337,2026-04-14T09:48:00,51.13,24.833,27.088,32.807,40.282,2699.7,3685.0,17.518,18.749,22.169,0.24827,0.098152,340.16,77.416,6.9026,13.666,31.869,4541.5,23.176,49.15,48.923,80.223,2.2211,1.6635,3097.7,42.458,53.667,94.675,9.3023,62.004,34.932,40.679,2628.4,62.665,24.918,48.995,0.34113,8.8589,26.629,120.36,1.1297,75.141,23.642,2.4219,54.44,4.9568,238.77,0.025943,0.8236,66.06,18.781,44.38
338,2026-04-14T09:51:00,50.136,26.913,26.905,32.708,41.566,2699.2,3660.2,17.209,18.574,21.838,0.27408,0.098152,340.56,77.146,6.827,13.712,31.661,4501.2,23.322,46.849,49.279,80.101,2.2579,1.6922,3097.7,42.374,54.071,94.625,9.2815,61.662,35.977,38.467,2628.3,63.297,25.568,49.286,0.32364,8.8477,26.328,120.41,1.1219,76.071,24.807,2.293,54.44,4.9268,235.84,0.025943,0.8236,66.037,18.837,44.38
339,2026-04-14T09:54:00,51.675,26.876,27.052,32.708,41.095,2700.0,3700.1,18.422,18.574,21.762,0.27445,0.098152,340.2,77.265,6.827,13.712,31.661,4502.7,22.809,50.41,50.971,80.115,2.2579,1.6922,3099.1,42.417,54.053,94.681,9.278,59.92,40.956,38.343,2628.7,62.611,25.434,49.314,0.32465,8.8477,26.328,120.4,1.1219,75.177,24.807,2.293,54.44,4.9268,235.87,0.025943,0.8236,66.026,18.837,44.38
340,2026-04-14T09:57:00,49.562,29.017,26.654,32.81,41.969,2705.5,3725.1,17.506,18.66,21.752,0.3017,0.098152,340.74,77.936,6.6042,13.822,32.083,4496.5,23.17,45.52,51.556,80.464,2.2461,1.6379,3102.9,42.203,53.986,94.368,9.378,62.508,42.68,39.148,2634.0,62.861,24.29,49.29,0.32655,8.8173,26.105,120.41,1.2863,75.125,24.502,2.3116,54.44,4.9707,236.46,0.025943,0.8236,66.042,19.314,44.38
341,2026-04-14T10:00:00,48.062,29.265,26.966,32.81,41.908,2706.2,3670.3,19.657,18.66,22.156,0.29918,0.085818,340.18,77.797,6.6042,13.822,32.083,4490.6,22.256,42.048,48.628,80.541,2.2461,1.6379,3105.2,42.55,54.056,94.505,9.3298,61.713,34.062,38.797,2634.7,63.804,25.181,49.148,0.32942,8.8173,26.105,120.43,1.2863,74.464,24.502,2.3116,53.379,4.9707,234.72,0.021518,0.8227,66.107,19.314,44.077
342,2026-04-14T10:03:00,48.84,25.821,27.186,33.096,41.945,2702.3,3765.7,20.298,18.434,21.872,0.25925,0.085818,340.09,76.973,7.0085,13.934,32.329,4419.3,22.013,43.849,50.675,80.334,2.2346,1.6804,3102.1,42.736,53.687,94.19,9.3765,61.274,40.087,40.548,2631.3,64.274,26.691,48.977,0.33848,8.9173,26.312,120.4,1.2597,76.117,23.698,2.3763,53.379,4.9392,235.36,0.021518,0.8227,66.14,19.064,44.077
343,2026-04-14T10:06:00,50.143,25.693,27.269,33.096,41.228,2697.5,3754.2,19.977,18.434,21.643,0.26055,0.085818,340.04,76.893,7.0085,13.934,32.329,4444.4,22.161,46.864,50.631,80.02,2.2346,1.6804,3097.0,42.194,53.387,94.503,9.3233,60.378,39.957,40.536,2625.7,64.471,24.335,48.886,0.33858,8.9173,26.312,120.42,1.2597,75.594,23.698,2.3763,53.379,4.9392,235.14,0.021518,0.8227,66.092,19.064,44.077
344,2026-04-14T10:09:00,51.098,23.316,27.379,32.71,41.163,2692.8,3681.2,18.799,18.868,22.231,0.23672,0.085818,340.32,77.103,6.7708,13.748,32.121,4499.7,22.67,49.075,51.389,79.744,2.2578,1.6687,3090.4,42.45,53.27,94.56,9.2486,60.503,42.187,41.656,2621.1,62.252,24.397,48.927,0.3546,8.7985,26.539,120.37,1.2031,74.813,23.503,2.3819,53.379,4.8906,233.51,0.021518,0.8227,65.948,19.245,44.077
345,2026-04-14T10:12:00,52.139,23.336,26.959,32.71,40.745,2695.3,3629.6,19.94,18.868,21.916,0.23652,0.085818,340.44,77.415,6.7708,13.748,32.121,4477.0,22.178,51.485,48.499,80.133,2.2578,1.6687,3091.9,42.231,53.542,94.82,9.2864,59.929,33.682,41.926,2623.5,63.139,23.693,48.806,0.35239,8.7985,26.539,120.37,1.2031,75.349,23.503,2.3819,53.379,4.8906,233.72,0.021518,0.8227,65.898,19.245,44.077
346,2026-04-14T10:15:00,50.514,25.176,27.225,32.72,41.799,2696.0,3698.1,17.893,18.735,21.789,0.25732,0.066751,340.1,77.19,6.9424,13.72,32.31,4459.2,23.047,47.723,50.496,80.205,2.2667,1.6167,3095.5,42.459,53.246,94.501,9.4773,59.85,39.56,39.196,2623.8,64.04,25.144,48.608,0.3343,8.8264,26.774,120.4,1.2048,75.733,24.134,2.2386,52.503,4.8489,234.24,0.017753,0.83998,65.91,18.482,43.654
347,2026-04-14T10:18:00,50.487,25.297,27.099,32.72,40.976,2698.0,3739.0,18.024,18.735,21.652,0.25609,0.066751,340.05,77.757,6.9424,13.72,32.31,4468.4,22.97,47.66,49.639,80.392,2.2667,1.6167,3096.8,42.26,53.136,94.562,9.259,62.422,37.037,39.812,2626.7,63.336,24.749,48.445,0.32925,8.8264,26.774,120.39,1.2048,74.868,24.134,2.2386,52.503,4.8489,234.64,0.017753,0.83998,65.961,18.482,43.654
348,2026-04-14T10:21:00,48.566,23.3,27.008,32.661,41.409,2701.2,3693.3,15.501,18.291,21.996,0.23922,0.066751,340.53,77.457,6.9643,13.782,32.102,4536.7,24.027,43.215,51.628,80.696,2.2618,1.6322,3098.2,42.316,54.177,94.458,9.3023,60.881,42.89,39.328,2630.4,62.64,23.809,48.503,0.32594,8.8924,26.21,120.4,1.1545,74.899,24.015,2.248,52.503,4.8901,232.5,0.017753,0.83998,66.037,18.591,43.654
349,2026-04-14T10:24:00,50.367,23.673,26.861,32.661,41.475,2698.4,3653.9,16.226,18.291,21.551,0.23543,0.066751,339.66,77.323,6.9643,13.782,32.102,4526.9,23.723,47.382,51.576,80.481,2.2618,1.6322,3098.8,42.351,54.295,94.636,9.327,62.231,42.739,38.815,2627.2,63.318,24.811,48.368,0.33015,8.8924,26.21,120.41,1.1545,74.649,24.015,2.248,52.503,4.8901,232.48,0.017753,0.83998,66.113,18.591,43.654
350,2026-04-14T10:27:00,50.436,25.397,27.104,32.778,41.473,2698.7,3644.6,20.744,18.68,21.683,0.25775,0.066751,339.82,77.324,6.9961,13.757,32.087,4527.1,21.819,47.543,50.386,80.424,2.2569,1.6882,3097.1,42.272,54.065,94.516,9.2519,59.929,39.235,40.117,2627.6,63.22,24.779,48.366,0.33216,8.9261,26.781,120.4,1.2754,75.374,23.558,2.3359,52.503,4.9448,231.0,0.017753,0.83998,66.095,18.92,43.654
351,2026-04-14T10:30:00,50.728,25.533,26.796,32.778,40.488,2696.5,3677.9,17.018,18.68,21.337,0.25636,0.083469,339.79,77.06,6.9961,13.757,32.087,4527.7,23.402,48.22,50.464,80.205,2.2569,1.6882,3096.3,42.654,54.058,94.811,9.3088,61.286,39.467,39.737,2624.3,62.647,24.721,48.427,0.33527,8.9261,26.781,120.37,1.2754,74.463,23.558,2.3359,53.905,4.9448,233.75,0.024018,0.84332,66.074,18.92,43.267
352,2026-04-14T10:33:00,49.867,25.559,26.948,32.688,41.817,2696.5,3651.2,18.238,19.104,21.739,0.26099,0.083469,339.75,77.419,6.8906,13.865,31.946,4472.6,22.882,46.227,50.517,80.18,2.2086,1.6516,3095.8,42.195,53.911,94.572,9.1558,62.729,39.62,39.811,2625.5,62.733,25.087,48.435,0.32846,8.9888,26.175,120.44,1.2902,75.122,23.854,2.3749,53.905,4.9019,234.35,0.024018,0.84332,66.002,18.615,43.267
353,2026-04-14T10:36:00,50.516,25.439,26.982,32.688,39.739,2698.1,3637.4,18.672,19.104,21.842,0.26221,0.083469,339.79,77.355,6.8906,13.865,31.946,4450.3,22.699,47.728,49.931,80.312,2.2086,1.6516,3096.3,42.294,54.179,94.738,9.3511,60.055,37.898,39.537,2626.1,62.972,24.525,48.717,0.3307,8.9888,26.175,120.35,1.2902,75.527,23.854,2.3749,53.905,4.9019,231.88,0.024018,0.84332,65.989,18.615,43.267
354,2026-04-14T10:39:00,50.225,27.131,26.886,32.901,41.683,2697.8,3681.3,16.459,18.861,21.508,0.2758,0.083469,339.63,77.277,6.7123,14.0,31.74,4480.0,23.637,47.054,50.977,80.268,2.234,1.6287,3098.1,42.454,54.574,94.654,9.2766,60.658,40.974,40.813,2625.6,63.084,25.528,48.597,0.34395,8.7518,26.431,120.42,1.285,74.084,24.324,2.373,53.905,4.8609,233.91,0.024018,0.84332,65.987,18.716,43.267
355,2026-04-14T10:42:00,48.394,27.178,26.733,32.901,40.795,2698.7,3682.7,17.661,18.861,21.585,0.27532,0.083469,339.87,77.767,6.7123,14.0,31.74,4526.5,23.116,42.816,50.364,80.318,2.234,1.6287,3099.2,42.312,54.017,94.602,9.3326,61.339,39.173,40.653,2627.4,63.06,24.268,48.528,0.34526,8.7518,26.431,120.37,1.285,75.045,24.324,2.373,53.905,4.8609,235.37,0.024018,0.84332,65.982,18.716,43.267
356,2026-04-14T10:45:00,50.006,29.396,26.881,32.719,41.827,2700.5,3719.7,16.704,18.696,21.55,0.2997,0.098715,339.94,77.527,6.8326,13.757,32.118,4481.8,23.519,46.549,49.609,80.458,2.2614,1.6507,3101.0,42.456,54.324,94.423,9.2726,62.043,36.949,42.609,2628.7,64.064,23.28,48.974,0.36019,8.779,26.136,120.43,1.327,75.746,23.628,2.3011,53.68,4.9131,232.1,0.016983,0.83505,66.005,19.183,42.959
357,2026-04-14T10:48:00,48.483,29.612,26.601,32.719,41.172,2699.2,3710.1,17.336,18.696,21.371,0.2975,0.098715,339.6,77.392,6.8326,13.757,32.118,4429.6,23.253,43.024,50.307,80.449,2.2614,1.6507,3099.0,42.216,54.949,94.458,9.3073,59.877,39.004,42.807,2627.5,64.228,25.656,48.665,0.35856,8.779,26.136,120.41,1.327,75.007,23.628,2.3011,53.68,4.9131,236.66,0.016983,0.83505,66.085,19.183,42.959
358,2026-04-14T10:51:00,50.449,26.157,26.973,32.555,41.962,2697.6,3715.9,19.15,18.732,21.865,0.26501,0.098715,340.1,77.119,6.7956,13.81,32.323,4465.2,22.494,47.572,50.369,80.474,2.2735,1.6624,3096.0,42.607,53.347,94.427,9.1599,63.547,39.185,39.547,2626.7,63.177,25.275,48.872,0.33247,8.8047,26.259,120.42,1.1989,75.249,23.886,2.2546,53.68,4.8254,235.44,0.016983,0.83505,66.098,19.205,42.959
359,2026-04-14T10:54:00,47.935,26.116,26.695,32.555,40.981,2696.1,3666.6,20.313,18.732,21.753,0.26543,0.098715,340.07,77.358,6.7956,13.81,32.323,4445.4,21.998,41.755,50.204,80.408,2.2735,1.6624,3094.1,42.207,53.585,94.475,9.4182,60.481,38.7,39.817,2624.8,64.025,24.547,49.127,0.33026,8.8047,26.259,120.4,1.1989,75.421,23.886,2.2546,53.68,4.8254,233.66,0.016983,0.83505,66.11,19.205,42.959
360,2026-04-14T10:57:00,50.776,24.06,26.926,32.995,41.542,2691.4,3690.2,19.566,18.783,21.616,0.24592,0.098715,339.83,76.934,6.8021,13.938,31.925,4398.9,22.333,48.33,50.44,80.128,2.2409,1.6929,3090.8,42.278,54.014,94.559,9.1834,61.651,39.394,40.052,2619.8,64.007,24.485,49.03,0.33952,8.9017,26.508,120.4,1.5355,75.373,23.483,2.3091,53.68,5.0538,235.84,0.016983,0.83505,66.111,19.105,42.959
361,2026-04-14T11:00:00,49.316,24.455,27.023,32.995,41.026,2691.2,3717.9,16.149,18.783,21.876,0.24191,0.078028,339.83,76.835,6.8021,13.938,31.925,4490.2,23.785,44.951,52.335,80.09,2.2409,1.6929,3088.3,41.897,52.922,94.575,9.3176,62.343,44.972,40.229,2619.5,63.531,25.2,48.949,0.33806,8.9017,26.508,120.4,1.5355,75.307,23.483,2.3091,53.863,5.0538,235.62,0.018943,0.83854,66.041,19.105,43.767
362,2026-04-14T11:03:00,48.932,28.182,27.17,33.083,40.287,2688.5,3735.5,19.098,18.516,21.53,0.28236,0.078028,339.7,77.114,6.9984,13.662,32.156,4427.2,22.547,44.063,51.098,79.941,2.2788,1.7016,3089.2,42.246,53.859,94.667,9.3351,61.613,41.33,41.53,2615.9,63.248,25.948,49.048,0.3562,8.8381,26.538,120.38,1.2186,75.378,23.766,2.2843,53.863,4.8499,234.69,0.018943,0.83854,65.961,18.625,43.767
363,2026-04-14T11:06:00,51.094,27.901,26.466,33.083,41.511,2691.5,3689.9,18.023,18.516,21.443,0.28522,0.078028,340.51,77.449,6.9984,13.662,32.156,4428.7,22.992,49.065,50.569,80.24,2.2788,1.7016,3089.6,42.063,53.841,94.428,9.2716,61.452,39.774,41.697,2620.3,64.034,25.841,48.911,0.35484,8.8381,26.538,120.42,1.2186,75.238,23.766,2.2843,53.863,4.8499,236.4,0.018943,0.83854,65.958,18.625,43.767
364,2026-04-14T11:09:00,51.208,26.06,27.096,32.707,41.535,2694.2,3647.5,18.225,18.733,21.794,0.2624,0.078028,339.84,77.817,7.0369,13.945,32.267,4509.3,22.887,49.329,50.224,80.579,2.2435,1.6719,3091.7,41.796,54.04,94.538,9.2363,59.758,38.761,38.33,2623.2,63.024,25.699,49.088,0.3215,8.8933,26.347,120.38,1.527,75.498,23.682,2.2332,53.863,4.8078,234.52,0.018943,0.83854,66.037,18.874,43.767
365,2026-04-14T11:12:00,49.403,25.89,27.074,32.707,41.241,2697.2,3643.6,18.209,18.733,21.976,0.26413,0.078028,340.15,77.735,7.0369,13.945,32.267,4512.4,22.878,45.152,50.464,80.854,2.2435,1.6719,3095.3,42.667,54.003,94.512,9.3291,63.393,39.464,38.207,2626.6,63.091,24.835,49.194,0.32251,8.8933,26.347,120.39,1.527,75.826,23.682,2.2332,53.863,4.8078,233.35,0.018943,0.83854,66.154,18.874,43.767
366,2026-04-14T11:15:00,50.618,24.655,26.369,33.027,40.898,2695.3,3640.8,16.757,18.571,21.397,0.25469,0.099732,339.92,77.683,6.9647,13.979,32.03,4532.3,23.488,47.964,49.855,80.655,2.2795,1.6249,3094.1,42.316,53.157,94.663,9.2923,61.429,37.673,42.105,2623.4,62.674,25.64,49.113,0.35255,9.0032,26.447,120.38,1.2133,75.215,23.669,2.2969,53.919,4.885,235.28,0.0081714,0.83674,66.241,18.366,43.796
367,2026-04-14T11:18:00,49.225,24.769,26.933,33.027,40.973,2693.9,3661.4,18.897,18.571,21.704,0.25353,0.099732,339.99,77.298,6.9647,13.979,32.03,4501.9,22.593,44.74,49.575,80.516,2.2795,1.6249,3093.4,42.421,53.521,94.708,9.333,59.572,36.85,41.923,2622.1,62.32,24.398,49.18,0.35404,9.0032,26.447,120.39,1.2133,75.02,23.669,2.2969,53.919,4.885,235.01,0.0081714,0.83674,66.266,18.366,43.796
368,2026-04-14T11:21:00,51.353,27.078,27.256,33.27,40.625,2693.5,3681.8,16.767,18.733,21.771,0.27663,0.099732,340.11,77.195,7.0127,13.788,31.905,4537.0,23.499,49.664,50.546,80.335,2.2411,1.6467,3092.9,42.299,54.374,94.626,9.4008,59.003,39.706,42.653,2621.9,62.49,26.833,48.989,0.35724,8.8429,25.834,120.4,1.0938,75.251,23.594,2.3368,53.919,5.0577,237.65,0.0081714,0.83674,66.208,18.812,43.796
369,2026-04-14T11:24:00,48.68,27.039,26.594,33.27,41.087,2695.8,3645.1,20.701,18.733,21.603,0.27703,0.099732,340.2,77.439,7.0127,13.788,31.905,4563.7,21.833,43.48,50.06,80.462,2.2411,1.6467,3094.0,42.084,54.055,94.692,9.3778,62.11,38.276,42.882,2623.6,63.122,22.265,49.043,0.35537,8.8429,25.834,120.39,1.0938,73.792,23.594,2.3368,53.919,5.0577,237.57,0.0081714,0.83674,66.19,18.812,43.796
370,2026-04-14T11:27:00,51.922,28.456,26.509,32.56,40.856,2694.8,3638.4,19.884,18.786,21.363,0.29153,0.099732,339.99,77.506,7.067,13.911,32.183,4490.4,22.176,50.981,49.772,80.406,2.2916,1.6684,3094.8,41.904,53.869,94.715,9.3116,64.109,37.428,40.331,2623.6,62.715,26.264,49.323,0.335,8.993,26.066,120.42,1.4459,75.718,24.002,2.2982,53.919,4.8837,234.94,0.0081714,0.83674,66.187,19.088,43.796
371,2026-04-14T11:30:00,49.356,28.563,26.94,32.56,41.33,2698.0,3636.0,19.636,18.786,22.2,0.29044,0.086988,340.46,77.595,7.067,13.911,32.183,4479.0,22.272,45.043,49.484,80.52,2.2916,1.6684,3094.8,41.886,54.004,94.581,9.4221,62.055,36.581,40.164,2626.9,62.757,25.925,49.139,0.33638,8.993,26.066,120.39,1.4459,74.802,24.002,2.2982,53.639,4.8837,237.01,0.027577,0.8248,66.184,19.088,42.993
372,2026-04-14T11:33:00,50.041,26.198,26.792,33.317,41.068,2697.1,3605.3,16.278,19.152,21.928,0.2637,0.086988,340.59,77.201,7.0544,13.797,31.777,4427.5,23.695,46.63,49.93,80.468,2.3094,1.6351,3094.7,42.37,53.916,94.729,9.2568,60.968,37.895,41.664,2625.3,62.659,26.278,49.23,0.35133,8.7917,26.168,120.41,1.3466,74.84,23.664,2.2891,53.639,4.9481,236.27,0.027577,0.8248,66.198,19.152,42.993
373,2026-04-14T11:36:00,51.194,26.075,26.612,33.317,40.548,2694.9,3641.5,18.405,19.152,21.851,0.26496,0.086988,340.82,76.958,7.0544,13.797,31.777,4461.3,22.815,49.297,49.348,80.214,2.3094,1.6351,3092.6,41.902,53.511,94.81,9.3101,58.793,36.181,42.093,2622.8,62.036,25.361,49.272,0.34781,8.7917,26.168,120.36,1.3466,74.767,23.664,2.2891,53.639,4.9481,236.11,0.027577,0.8248,66.192,19.152,42.993
374,2026-04-14T11:39:00,49.741,30.144,27.046,32.855,41.373,2696.1,3623.8,16.757,18.925,22.162,0.30645,0.086988,341.32,77.351,6.6889,13.837,32.139,4421.0,23.502,45.934,50.731,80.121,2.3013,1.6725,3091.9,41.941,53.776,94.733,9.2396,60.559,40.25,40.807,2624.3,62.283,25.718,49.081,0.33378,8.981,26.459,120.39,1.235,74.33,23.835,2.2886,53.639,4.9091,238.65,0.027577,0.8248,66.097,18.866,42.993
375,2026-04-14T11:42:00,49.952,30.237,26.636,32.855,40.706,2699.2,3601.2,18.114,18.925,22.14,0.3055,0.086988,341.57,77.735,6.6889,13.837,32.139,4418.0,22.916,46.423,48.432,80.35,2.3013,1.6725,3095.8,42.26,53.813,94.793,9.3557,61.207,33.487,40.366,2628.2,62.672,24.323,49.293,0.3374,8.981,26.459,120.4,1.235,74.677,23.835,2.2886,53.639,4.9091,236.6,0.027577,0.8248,66.069,18.866,42.993
376,2026-04-14T11:45:00,50.445,27.071,26.724,32.784,41.399,2701.3,3735.5,19.014,18.73,22.141,0.2724,0.089222,341.63,77.644,6.8001,13.819,32.243,4464.6,22.534,47.564,50.102,80.498,2.2103,1.6498,3097.5,42.103,53.919,94.426,9.2791,61.212,38.4,40.91,2630.1,63.576,25.832,49.109,0.3416,8.8537,26.303,120.44,1.3454,74.841,23.675,2.3337,54.556,4.8986,235.47,0.013181,0.82253,66.118,18.661,43.454
377,2026-04-14T11:48:00,47.751,26.827,26.897,32.784,41.737,2700.1,3744.2,18.884,18.73,22.043,0.27488,0.089222,341.56,77.578,6.8001,13.819,32.243,4490.0,22.586,41.329,50.389,80.447,2.2103,1.6498,3098.8,42.177,53.615,94.444,9.3103,61.737,39.246,40.858,2628.7,63.427,24.537,48.94,0.34202,8.8537,26.303,120.43,1.3454,74.747,23.675,2.3337,54.556,4.8986,236.14,0.013181,0.82253,66.124,18.661,43.454
378,2026-04-14T11:51:00,49.19,25.892,27.105,33.364,41.642,2697.6,3667.2,17.254,18.656,21.914,0.26419,0.089222,341.77,77.317,6.9871,13.741,32.477,4509.7,23.28,44.659,48.235,80.325,2.324,1.6784,3096.7,42.221,53.884,94.324,9.3526,61.36,32.907,40.71,2626.3,63.907,25.032,49.037,0.33928,9.0029,26.691,120.41,1.2326,74.88,23.631,2.3327,54.556,4.9549,233.83,0.013181,0.82253,66.142,18.913,43.454
379,2026-04-14T11:54:00,49.731,25.811,26.822,33.364,41.411,2696.1,3670.1,17.144,18.656,22.079,0.26501,0.089222,341.76,77.279,6.9871,13.741,32.477,4502.5,23.332,45.911,50.773,80.2,2.324,1.6784,3093.6,42.079,53.97,94.458,9.3053,61.972,40.376,40.385,2624.9,63.856,23.849,48.871,0.34193,9.0029,26.691,120.42,1.2326,74.547,23.631,2.3327,54.556,4.9549,234.51,0.013181,0.82253,66.105,18.913,43.454
380,2026-04-14T11:57:00,49.347,23.348,26.65,33.322,40.69,2694.7,3607.7,17.879,18.952,21.798,0.24114,0.089222,341.94,77.049,7.0117,13.65,32.78,4459.8,23.031,45.023,49.52,80.15,2.229,1.6461,3091.3,42.37,53.861,94.685,9.3665,61.724,36.688,39.746,2623.1,63.279,25.345,48.843,0.32972,8.8872,25.911,120.41,1.2452,75.321,23.407,2.4618,54.556,4.9049,233.65,0.013181,0.82253,66.055,18.786,43.454
381,2026-04-14T12:00:00,50.748,23.561,27.185,33.322,40.419,2694.4,3634.6,17.179,18.952,22.24,0.23897,0.087159,342.25,77.249,7.0117,13.65,32.78,4457.9,23.33,48.265,50.892,80.018,2.229,1.6461,3091.0,42.442,53.884,94.661,9.4275,60.956,40.724,38.97,2622.1,62.815,27.736,48.522,0.33609,8.8872,25.911,120.38,1.2452,75.303,23.407,2.4618,53.569,4.9049,235.25,0.010063,0.83167,65.992,18.786,43.685
382,2026-04-14T12:03:00,49.623,20.296,26.425,32.86,40.972,2697.7,3599.9,19.238,18.848,22.328,0.20438,0.087159,342.44,77.674,7.0038,13.801,32.421,4499.8,22.446,45.66,51.046,80.335,2.2787,1.6604,3092.2,42.596,53.681,94.78,9.4776,60.213,41.177,38.295,2627.1,63.087,24.082,48.461,0.31999,8.8098,26.485,120.4,1.1222,74.518,23.536,2.2694,53.569,4.9544,234.42,0.010063,0.83167,65.959,19.151,43.685
383,2026-04-14T12:06:00,51.826,20.093,26.701,32.86,40.435,2698.4,3648.5,16.561,18.848,22.228,0.20643,0.087159,342.14,77.263,7.0038,13.801,32.421,4461.3,23.581,50.761,47.37,80.325,2.2787,1.6604,3093.5,42.095,54.142,94.712,9.3745,61.679,30.362,37.917,2627.3,62.25,24.11,48.374,0.32309,8.8098,26.485,120.38,1.1222,76.048,23.536,2.2694,53.569,4.9544,233.84,0.010063,0.83167,65.979,19.151,43.685
384,2026-04-14T12:09:00,48.997,23.318,27.17,33.269,40.439,2697.8,3673.5,20.523,18.438,22.102,0.23461,0.087159,342.2,77.085,6.7121,13.663,32.569,4477.7,21.921,44.212,48.129,80.221,2.2906,1.6572,3093.8,42.356,53.016,94.804,9.3304,61.86,32.595,40.047,2626.4,61.771,24.41,48.17,0.33757,8.6739,26.506,120.37,1.2676,74.173,23.664,2.2527,53.569,4.8813,234.61,0.010063,0.83167,65.973,18.723,43.685
385,2026-04-14T12:12:00,48.46,22.993,26.795,33.269,40.473,2699.4,3630.0,20.288,18.438,22.224,0.23792,0.087159,342.12,77.497,6.7121,13.663,32.569,4473.4,22.014,42.969,50.629,80.097,2.2906,1.6572,3093.7,42.568,53.068,94.619,9.4559,63.401,39.951,40.562,2627.4,62.519,24.474,48.157,0.33334,8.6739,26.506,120.42,1.2676,74.68,23.664,2.2527,53.569,4.8813,233.27,0.010063,0.83167,65.906,18.723,43.685
386,2026-04-14T12:15:00,50.93,21.223,27.047,32.845,41.412,2702.6,3666.1,17.136,18.364,22.647,0.22096,0.099865,342.83,77.677,6.9191,13.874,32.313,4441.1,23.328,48.687,49.772,80.356,2.2559,1.6718,3097.9,42.424,54.48,94.739,9.4252,60.19,37.43,38.428,2632.1,64.48,27.36,48.31,0.31941,8.8781,26.156,120.43,1.397,74.516,23.68,2.2431,54.071,4.9334,232.52,-0.00099979,0.83528,65.901,19.108,43.162
387,2026-04-14T12:18:00,50.117,21.421,27.286,32.845,41.598,2704.4,3689.2,17.034,18.364,22.692,0.21894,0.099865,342.08,77.632,6.9191,13.874,32.313,4521.1,23.361,46.804,51.63,80.568,2.2559,1.6718,3100.7,42.812,53.522,94.113,9.3197,60.539,42.896,38.63,2634.4,64.082,24.372,48.22,0.31776,8.8781,26.156,120.42,1.397,74.307,23.68,2.2431,54.071,4.9334,233.05,-0.00099979,0.83528,65.966,19.108,43.162
388,2026-04-14T12:21:00,50.591,23.627,27.062,33.178,41.386,2701.7,3675.6,18.619,18.496,22.209,0.24078,0.099865,342.62,76.909,6.8269,13.789,32.559,4446.3,22.714,47.902,49.771,80.308,2.2632,1.6387,3098.6,42.364,53.449,94.764,9.3013,61.48,37.426,40.938,2631.0,62.563,25.327,48.182,0.34459,9.0546,25.912,120.39,1.1947,75.209,23.782,2.3143,54.071,4.8935,232.96,-0.00099979,0.83528,66.003,18.873,43.162
389,2026-04-14T12:24:00,51.569,23.822,27.05,33.178,41.538,2700.2,3640.5,19.072,18.496,22.179,0.2388,0.099865,342.48,77.246,6.8269,13.789,32.559,4435.5,22.522,50.166,50.665,80.049,2.2632,1.6387,3097.8,42.716,53.578,94.429,9.4154,62.54,40.057,41.125,2629.0,63.166,23.549,48.096,0.34305,9.0546,25.912,120.4,1.1947,74.86,23.782,2.3143,54.071,4.8935,233.51,-0.00099979,0.83528,65.944,18.873,43.162
390,2026-04-14T12:27:00,50.429,21.074,26.656,33.358,40.578,2700.7,3698.0,19.422,18.267,22.413,0.21394,0.099865,342.79,77.362,6.7488,13.889,32.143,4464.2,22.37,47.527,49.515,80.139,2.247,1.6508,3096.8,42.0,53.775,94.694,9.3319,61.603,36.672,39.759,2629.7,62.994,24.453,48.213,0.33562,8.9848,26.766,120.39,1.2966,75.125,23.611,2.2918,54.071,4.9103,231.78,-0.00099979,0.83528,65.893,18.692,43.162
391,2026-04-14T12:30:00,50.118,21.176,26.462,33.358,41.801,2701.2,3706.1,20.278,18.267,22.306,0.2129,0.078704,343.12,77.184,6.7488,13.889,32.143,4524.6,22.019,46.806,49.971,80.08,2.247,1.6508,3096.4,42.446,53.052,94.52,9.3486,63.132,38.015,39.41,2629.8,62.855,25.008,48.02,0.33848,8.9848,26.766,120.4,1.2966,75.073,23.611,2.2918,54.811,4.9103,234.57,0.03331,0.83101,65.853,18.692,43.963
392,2026-04-14T12:33:00,49.217,24.786,26.919,33.229,41.392,2702.1,3693.9,17.981,18.382,22.282,0.25327,0.078704,342.78,77.298,6.8899,13.684,31.725,4475.5,22.986,44.721,50.017,80.099,2.2388,1.6522,3098.2,42.56,54.082,94.642,9.4505,63.206,38.151,41.606,2631.0,63.839,23.381,48.141,0.34256,9.0632,26.371,120.4,1.2553,74.098,23.873,2.3537,54.811,4.8378,233.24,0.03331,0.83101,65.825,18.737,43.963
393,2026-04-14T12:36:00,50.283,24.807,26.752,33.229,42.45,2704.1,3687.8,20.369,18.382,22.181,0.25305,0.078704,342.6,77.487,6.8899,13.684,31.725,4489.4,21.972,47.189,50.477,80.237,2.2388,1.6522,3100.8,42.429,53.916,94.327,9.4632,60.202,39.504,41.073,2633.0,63.943,23.814,48.246,0.34692,9.0632,26.371,120.45,1.2553,74.664,23.873,2.3537,54.811,4.8378,232.11,0.03331,0.83101,65.83,18.737,43.963
394,2026-04-14T12:39:00,49.411,29.138,26.934,33.34,40.805,2706.5,3672.1,17.79,18.85,22.49,0.29523,0.078704,343.07,77.363,7.0272,13.478,32.168,4487.7,23.056,45.171,50.19,80.274,2.2764,1.618,3101.8,42.479,53.836,94.553,9.3728,62.397,38.659,38.651,2635.2,63.034,25.202,48.139,0.32151,8.784,26.576,120.39,1.2788,74.233,23.66,2.2374,54.811,4.8866,233.31,0.03331,0.83101,65.863,18.194,43.963
395,2026-04-14T12:42:00,49.083,29.245,26.609,33.34,41.569,2707.0,3649.1,20.328,18.85,22.122,0.29414,0.078704,343.11,77.714,7.0272,13.478,32.168,4488.3,21.974,44.411,50.071,80.256,2.2764,1.618,3104.7,42.646,53.829,94.3,9.2949,64.02,38.31,38.481,2636.4,63.432,24.37,48.221,0.3229,8.784,26.576,120.41,1.2788,74.982,23.66,2.2374,54.811,4.8866,232.38,0.03331,0.83101,65.892,18.194,43.963
396,2026-04-14T12:45:00,50.608,25.139,26.768,33.306,41.517,2711.3,3631.1,17.649,18.695,22.985,0.25513,0.11006,343.42,78.107,6.7958,13.756,32.69,4522.0,23.079,47.94,49.381,80.481,2.2096,1.6504,3106.0,42.479,54.81,94.533,9.4055,63.145,36.279,35.375,2640.9,62.464,25.016,48.189,0.30012,8.9484,26.672,120.38,1.1841,75.131,23.724,2.2251,53.045,4.8763,231.43,0.015994,0.8181,65.948,18.326,44.292
397,2026-04-14T12:48:00,49.516,24.886,26.698,33.306,41.277,2713.1,3615.1,17.121,18.695,22.775,0.2577,0.11006,343.48,77.316,6.7958,13.756,32.69,4568.4,23.316,45.413,49.21,80.414,2.2096,1.6504,3108.3,42.083,54.255,94.479,9.4795,60.871,35.775,35.601,2643.0,62.74,24.411,48.138,0.29827,8.9484,26.672,120.38,1.1841,75.379,23.724,2.2251,53.045,4.8763,231.38,0.015994,0.8181,65.995,18.326,44.292
398,2026-04-14T12:51:00,50.568,19.904,27.066,33.07,41.89,2710.0,3705.2,22.601,18.385,22.535,0.20238,0.11006,343.8,77.173,6.8785,13.783,32.506,4510.5,21.02,47.849,48.596,80.02,2.2524,1.6471,3106.6,42.355,54.711,94.518,9.4593,58.296,33.97,39.001,2638.8,63.191,23.925,48.082,0.32898,8.9303,26.462,120.42,1.2065,74.684,23.92,2.2809,53.045,4.7839,231.45,0.015994,0.8181,65.953,18.634,44.292
399,2026-04-14T12:54:00,51.474,19.738,27.437,33.07,40.939,2708.3,3679.6,18.767,18.385,23.136,0.20406,0.11006,343.84,77.006,6.8785,13.783,32.506,4571.1,22.65,49.945,50.713,79.784,2.2524,1.6471,3103.7,42.413,53.986,94.544,9.4732,60.969,40.197,38.937,2638.1,63.632,25.62,48.15,0.3295,8.9303,26.462,120.38,1.2065,75.212,23.92,2.2809,53.045,4.7839,230.2,0.015994,0.8181,65.817,18.634,44.292
400,2026-04-14T12:57:00,49.187,21.285,27.245,33.295,40.95,2708.0,3640.0,18.263,18.245,23.073,0.21539,0.11006,343.46,77.34,6.7831,13.821,31.91,4504.5,22.855,44.652,49.287,79.877,2.237,1.6728,3103.5,42.256,54.078,94.502,9.2564,61.949,36.003,39.136,2637.4,63.631,27.063,48.006,0.33322,8.8317,26.597,120.4,1.3276,74.871,24.045,2.3595,53.045,4.8613,231.36,0.015994,0.8181,65.743,18.75,44.292
401,2026-04-14T13:00:00,50.955,21.229,26.762,33.295,41.429,2709.0,3671.4,17.96,18.245,22.738,0.21595,0.082505,343.81,77.409,6.7831,13.821,31.91,4515.4,22.979,48.744,49.196,80.007,2.237,1.6728,3104.4,42.739,53.947,94.525,9.2397,62.755,35.734,39.351,2639.0,63.09,24.869,47.426,0.33146,8.8317,26.597,120.38,1.3276,75.436,24.045,2.3595,54.109,4.8613,233.47,0.012815,0.81881,65.737,18.75,43.951
402,2026-04-14T13:03:00,49.503,26.715,26.75,33.121,41.448,2709.5,3684.7,17.506,18.379,22.351,0.27505,0.082505,343.14,77.462,6.9148,13.866,32.085,4465.6,23.169,45.383,49.936,79.993,2.2595,1.638,3106.7,42.49,54.272,94.432,9.4632,60.734,37.912,39.577,2638.2,63.745,25.021,47.596,0.3376,9.0843,26.299,120.4,1.2765,74.84,23.864,2.2251,54.109,4.7601,229.38,0.012815,0.81881,65.729,18.651,43.951
403,2026-04-14T13:06:00,49.06,26.995,26.511,33.121,41.267,2711.2,3704.7,19.44,18.379,22.569,0.27219,0.082505,343.43,77.566,6.9148,13.866,32.085,4514.7,22.345,44.358,51.39,80.179,2.2595,1.638,3106.7,42.351,53.684,94.421,9.4278,62.534,42.192,40.18,2641.5,63.401,27.159,47.395,0.33266,9.0843,26.299,120.41,1.2765,75.545,23.864,2.2251,54.109,4.7601,229.43,0.012815,0.81881,65.751,18.651,43.951
404,2026-04-14T13:09:00,49.436,25.566,26.713,32.93,41.752,2711.2,3668.3,18.293,18.128,23.108,0.25685,0.082505,343.88,77.431,6.8717,13.791,31.821,4555.1,22.828,45.229,50.89,80.184,2.207,1.6974,3104.6,41.991,53.456,94.45,9.2535,62.121,40.718,40.152,2641.4,62.903,25.267,47.443,0.34311,8.7885,26.59,120.4,1.3295,75.797,23.846,2.3009,54.109,4.7919,226.67,0.012815,0.81881,65.774,18.581,43.951
405,2026-04-14T13:12:00,50.182,25.578,26.844,32.93,41.744,2709.6,3631.2,16.903,18.128,22.883,0.25673,0.082505,343.71,76.883,6.8717,13.791,31.821,4507.6,23.433,46.955,49.658,80.022,2.207,1.6974,3103.9,42.315,54.025,94.512,9.2915,60.519,37.095,40.573,2638.3,63.541,26.166,46.895,0.33966,8.7885,26.59,120.39,1.3295,75.86,23.846,2.3009,54.109,4.7919,230.6,0.012815,0.81881,65.765,18.581,43.951
406,2026-04-14T13:15:00,50.883,28.299,26.796,33.212,40.869,2707.5,3674.6,18.64,18.644,22.644,0.28496,0.091592,343.78,76.826,6.9724,13.575,32.603,4477.6,22.713,48.576,49.98,79.774,2.2418,1.6484,3102.7,42.265,54.583,94.544,9.4288,60.608,38.042,39.241,2635.7,63.164,27.239,46.911,0.33409,8.9857,26.113,120.38,1.3119,74.26,23.784,2.3051,52.747,4.8221,228.16,0.024204,0.81789,65.686,18.676,44.345
407,2026-04-14T13:18:00,51.443,28.231,26.887,33.212,42.171,2711.6,3699.4,15.959,18.644,23.467,0.28565,0.091592,344.22,77.593,6.9724,13.575,32.603,4500.5,23.822,49.875,47.313,80.003,2.2418,1.6484,3103.7,42.394,54.309,94.481,9.3399,61.741,30.193,39.689,2640.5,62.736,24.798,46.717,0.33041,8.9857,26.113,120.42,1.3119,75.282,23.784,2.3051,52.747,4.8221,228.16,0.024204,0.81789,65.632,18.676,44.345
408,2026-04-14T13:21:00,51.666,20.532,26.967,32.729,40.745,2711.3,3636.3,20.411,17.938,23.063,0.21216,0.091592,343.46,77.224,6.8847,13.953,32.047,4503.6,21.949,50.39,48.95,80.147,2.2687,1.5834,3105.3,42.023,54.064,94.582,9.4333,60.099,35.01,36.149,2640.4,62.9,25.228,46.803,0.31044,8.8631,26.848,120.36,1.1652,75.181,23.474,2.3719,52.747,4.8269,224.97,0.024204,0.81789,65.65,18.359,44.345
409,2026-04-14T13:24:00,49.661,20.683,27.075,32.729,41.08,2710.1,3644.1,19.378,17.938,23.441,0.21063,0.091592,344.27,77.263,6.8847,13.953,32.047,4527.2,22.387,45.75,49.295,79.945,2.2687,1.5834,3103.1,42.002,53.781,94.638,9.3874,60.796,36.025,36.195,2639.3,62.766,24.937,46.563,0.31006,8.8631,26.848,120.41,1.1652,75.205,23.474,2.3719,52.747,4.8269,225.46,0.024204,0.81789,65.608,18.359,44.345
410,2026-04-14T13:27:00,49.82,25.75,26.891,33.186,40.791,2710.2,3674.4,21.208,17.977,22.878,0.26378,0.091592,344.03,77.201,6.8195,13.778,32.37,4552.8,21.623,46.117,49.184,79.872,2.2903,1.6461,3104.5,42.294,54.296,94.558,9.2766,61.658,35.697,41.552,2639.4,62.971,25.977,46.236,0.34821,8.7654,26.486,120.38,1.192,75.449,24.386,2.3537,52.747,4.8296,226.97,0.024204,0.81789,65.584,18.608,44.345
411,2026-04-14T13:30:00,49.449,25.811,26.752,33.186,40.859,2709.4,3679.4,17.756,17.977,22.696,0.26316,0.097392,343.62,77.174,6.8195,13.778,32.37,4525.3,23.08,45.259,49.135,79.854,2.2903,1.6461,3104.0,42.049,54.625,94.63,9.2708,61.131,35.555,41.474,2638.6,62.885,26.403,46.114,0.34885,8.7654,26.486,120.39,1.192,74.952,24.386,2.3537,54.537,4.8296,225.57,0.011906,0.81547,65.534,18.608,43.216
412,2026-04-14T13:33:00,50.644,22.69,26.848,32.895,40.597,2709.1,3692.3,19.637,17.851,22.727,0.23205,0.097392,343.72,77.24,6.8533,13.801,32.137,4491.0,22.291,48.024,51.805,79.855,2.274,1.6653,3104.4,42.169,54.474,94.53,9.3116,60.61,43.411,39.137,2638.3,63.263,24.484,45.97,0.33028,8.8074,26.363,120.41,1.3508,75.1,24.012,2.2713,54.537,4.7824,224.8,0.011906,0.81547,65.485,18.474,43.216
413,2026-04-14T13:36:00,50.388,22.751,26.786,32.895,41.456,2708.8,3693.8,18.228,17.851,22.978,0.23142,0.097392,343.71,77.385,6.8533,13.801,32.137,4502.2,22.877,47.432,51.293,79.978,2.274,1.6653,3104.3,42.345,54.34,94.533,9.2995,60.136,41.905,39.293,2638.6,63.237,23.466,45.819,0.32901,8.8074,26.363,120.42,1.3508,75.357,24.012,2.2713,54.537,4.7824,224.1,0.011906,0.81547,65.479,18.474,43.216
414,2026-04-14T13:39:00,49.042,24.699,26.972,33.134,41.047,2707.5,3648.2,17.948,18.514,22.796,0.25542,0.097392,343.44,77.219,6.755,13.713,31.947,4559.9,23.003,44.316,50.632,79.959,2.2352,1.6471,3103.6,42.67,54.019,94.463,9.2618,61.207,39.961,39.057,2637.9,63.768,25.414,45.401,0.33558,8.8063,26.142,120.41,1.2123,75.855,24.618,2.2763,54.537,4.8347,226.37,0.011906,0.81547,65.472,18.098,43.216
415,2026-04-14T13:42:00,49.473,24.799,26.97,33.134,41.447,2709.1,3644.2,17.21,18.514,22.544,0.2544,0.097392,343.29,77.58,6.755,13.713,31.947,4526.2,23.3,45.315,51.571,80.123,2.2352,1.6471,3103.8,42.327,54.423,94.569,9.4051,61.457,42.723,39.521,2638.4,63.837,23.457,45.43,0.33177,8.8063,26.142,120.41,1.2123,74.835,24.618,2.2763,54.537,4.8347,223.65,0.011906,0.81547,65.477,18.098,43.216
416,2026-04-14T13:45:00,49.25,26.82,26.901,33.207,41.852,2708.8,3712.7,17.023,18.242,22.545,0.2736,0.11055,343.04,77.313,6.8629,13.564,32.596,4544.0,23.384,44.798,51.051,80.059,2.2284,1.6621,3105.2,42.392,55.212,94.412,9.2474,61.635,41.193,38.344,2638.1,63.594,24.34,45.11,0.32116,8.8357,26.857,120.41,1.0857,75.355,23.995,2.2836,54.616,4.7403,223.76,0.0079849,0.83547,65.462,18.438,43.758
417,2026-04-14T13:48:00,50.376,26.848,26.359,33.207,41.491,2709.0,3700.1,16.994,18.242,22.293,0.27332,0.11055,343.22,77.123,6.8629,13.564,32.596,4533.2,23.405,47.404,51.098,80.016,2.2284,1.6621,3104.8,42.482,55.341,94.459,9.4677,60.473,41.332,37.896,2638.5,63.811,23.702,44.969,0.32483,8.8357,26.857,120.44,1.0857,75.029,23.995,2.2836,54.616,4.7403,222.47,0.0079849,0.83547,65.467,18.438,43.758
418,2026-04-14T13:51:00,50.568,20.574,26.549,33.233,41.91,2707.8,3667.9,14.915,18.865,22.964,0.20974,0.11055,343.35,77.069,6.8377,13.627,32.099,4567.1,24.286,47.849,50.344,79.971,2.2924,1.6857,3101.4,42.201,54.188,94.49,9.2028,60.747,39.113,36.01,2636.7,63.488,23.804,45.01,0.30542,8.8103,25.711,120.42,1.256,75.053,24.08,2.2344,54.616,4.7668,219.19,0.0079849,0.83547,65.418,18.061,43.758
419,2026-04-14T13:54:00,49.203,20.721,26.95,33.233,40.691,2705.0,3634.9,17.096,18.865,22.844,0.20825,0.11055,342.68,77.012,6.8377,13.627,32.099,4543.9,23.371,44.69,50.707,79.966,2.2924,1.6857,3099.5,42.129,54.465,94.513,9.3973,59.548,40.182,35.971,2634.2,64.055,22.589,44.612,0.30574,8.8103,25.711,120.37,1.256,75.562,24.08,2.2344,54.616,4.7668,220.83,0.0079849,0.83547,65.39,18.061,43.758
420,2026-04-14T13:57:00,49.971,25.082,26.663,33.427,41.758,2705.1,3680.6,18.981,18.134,22.229,0.25673,0.11055,342.13,77.13,6.8744,13.606,32.43,4562.0,22.575,46.467,51.07,80.035,2.2729,1.624,3101.1,42.806,55.264,94.576,9.3859,57.986,41.249,36.848,2633.7,63.519,24.391,44.564,0.30969,8.9286,26.19,120.43,1.1768,76.256,23.574,2.3059,54.616,4.7532,218.56,0.0079849,0.83547,65.361,18.664,43.758
421,2026-04-14T14:00:00,51.878,25.152,26.867,33.427,41.164,2703.2,3654.9,16.495,18.134,22.193,0.25602,0.09597,342.05,77.147,6.8744,13.606,32.43,4583.2,23.627,50.881,47.971,79.885,2.2729,1.624,3099.9,42.427,55.01,94.534,9.1358,60.961,32.13,37.03,2631.6,63.962,24.449,44.662,0.3082,8.9286,26.19,120.37,1.1768,75.028,23.574,2.3059,54.105,4.7532,220.21,0.02958,0.83308,65.322,18.664,43.782
422,2026-04-14T14:03:00,49.956,21.829,26.614,33.078,41.532,2704.0,3676.0,19.875,18.415,22.338,0.22426,0.09597,341.79,77.36,6.9425,13.865,32.405,4539.6,22.196,46.431,49.062,80.126,2.2484,1.6682,3099.1,42.072,54.119,94.624,9.3742,61.001,35.339,36.391,2633.4,63.302,24.565,44.647,0.30629,8.9462,26.164,120.39,1.1319,76.44,23.883,2.395,54.105,4.8121,219.96,0.02958,0.83308,65.356,18.934,43.782
423,2026-04-14T14:06:00,48.65,21.977,26.913,33.078,40.786,2702.6,3694.6,18.067,18.415,22.573,0.22276,0.09597,341.6,77.19,6.9425,13.865,32.405,4500.5,22.959,43.41,49.773,80.205,2.2484,1.6682,3097.8,42.401,54.588,94.569,9.2668,59.677,37.432,36.373,2632.4,62.981,25.278,44.596,0.30644,8.9462,26.164,120.39,1.1319,75.887,23.883,2.395,54.105,4.8121,220.12,0.02958,0.83308,65.37,18.934,43.782
424,2026-04-14T14:09:00,49.464,22.157,26.595,33.168,41.451,2697.0,3667.2,18.25,18.228,21.809,0.22102,0.09597,341.12,76.884,6.9155,13.931,32.228,4518.4,22.899,45.293,48.945,79.981,2.2712,1.6737,3094.9,42.474,53.708,94.686,9.241,60.949,34.995,39.522,2625.7,62.831,25.28,44.601,0.33635,8.9966,25.661,120.38,1.1609,75.435,23.676,2.2981,54.105,4.7724,219.64,0.02958,0.83308,65.397,18.909,43.782
425,2026-04-14T14:12:00,49.523,21.845,26.485,33.168,40.755,2695.9,3675.1,17.904,18.228,22.006,0.22419,0.09597,340.8,77.116,6.9155,13.931,32.228,4493.5,23.04,45.431,51.215,80.012,2.2712,1.6737,3092.8,42.318,54.007,94.701,9.1139,63.032,41.674,40.023,2624.2,62.694,23.936,44.854,0.33225,8.9966,25.661,120.37,1.1609,75.833,23.676,2.2981,54.105,4.7724,216.4,0.02958,0.83308,65.356,18.909,43.782
426,2026-04-14T14:15:00,48.239,23.489,26.614,33.163,40.928,2693.8,3663.5,18.611,18.811,21.584,0.23892,0.10429,339.92,77.153,6.8829,13.724,31.802,4480.1,22.751,42.459,51.034,79.995,2.2828,1.6437,3092.5,42.413,54.205,94.877,9.2832,61.466,41.143,40.981,2622.1,63.087,25.849,44.648,0.33979,8.6389,26.065,120.39,1.3792,74.84,24.178,2.2806,53.892,4.9279,217.62,0.0089313,0.83846,65.318,18.593,44.063
427,2026-04-14T14:18:00,49.56,23.582,26.769,33.163,40.939,2693.7,3661.9,16.897,18.811,21.935,0.23798,0.10429,339.81,77.277,6.8829,13.724,31.802,4449.9,23.474,45.515,50.224,80.064,2.2828,1.6437,3091.3,42.141,54.566,94.74,9.2139,61.446,38.759,40.957,2621.8,63.115,25.857,44.405,0.33999,8.6389,26.065,120.39,1.3792,75.269,24.178,2.2806,53.892,4.9279,219.67,0.0089313,0.83846,65.315,18.593,44.063
428,2026-04-14T14:21:00,49.408,27.857,26.661,32.562,40.52,2699.0,3664.3,18.915,18.721,22.076,0.28066,0.10429,340.09,77.621,6.8826,13.771,32.304,4542.4,22.607,45.164,50.429,80.472,2.2614,1.6451,3094.4,42.33,54.236,94.69,9.2654,62.247,39.362,38.458,2627.5,63.342,24.809,44.452,0.31519,9.1248,26.375,120.4,1.1639,75.076,23.605,2.2416,53.892,4.8599,218.39,0.0089313,0.83846,65.36,19.216,44.063
429,2026-04-14T14:24:00,50.242,27.744,26.941,32.562,41.097,2698.9,3682.4,18.038,18.721,21.765,0.28181,0.10429,339.68,77.449,6.8826,13.771,32.304,4542.2,22.971,47.094,51.619,80.566,2.2614,1.6451,3097.3,42.334,54.238,94.513,9.2491,61.257,42.864,37.804,2627.1,63.032,24.331,44.513,0.32055,9.1248,26.375,120.41,1.1639,75.997,23.605,2.2416,53.892,4.8599,216.93,0.0089313,0.83846,65.443,19.216,44.063
430,2026-04-14T14:27:00,50.83,23.208,26.832,32.927,40.003,2697.3,3673.8,16.457,19.014,21.667,0.23358,0.10429,339.11,77.295,7.0089,14.049,32.274,4444.5,23.635,48.454,50.396,80.571,2.275,1.6684,3095.9,42.678,53.859,94.689,9.1238,59.807,39.267,38.556,2625.9,63.181,25.701,44.581,0.32383,8.922,25.8,120.35,1.3239,75.972,23.588,2.2984,53.892,4.933,215.35,0.0089313,0.83846,65.508,19.159,44.063
431,2026-04-14T14:30:00,50.785,23.104,26.935,32.927,41.72,2693.9,3685.7,18.176,19.014,21.984,0.23464,0.1163,339.43,76.992,7.0089,14.049,32.274,4482.8,22.922,48.35,50.594,80.383,2.275,1.6684,3092.3,41.996,53.401,94.557,9.3542,59.846,39.849,38.225,2622.6,62.976,26.468,44.575,0.32653,8.922,25.8,120.42,1.3239,74.835,23.588,2.2984,54.999,4.933,216.17,0.029358,0.85662,65.53,19.159,43.385
432,2026-04-14T14:33:00,51.014,23.241,26.987,32.49,40.427,2688.6,3648.5,19.475,18.788,21.368,0.23685,0.1163,339.15,77.082,6.8746,13.911,32.27,4496.2,22.383,48.881,52.702,80.147,2.2323,1.6925,3088.6,42.39,53.311,94.951,9.2476,58.775,46.053,42.244,2617.1,62.449,23.908,44.549,0.35547,8.9245,26.131,120.35,1.2895,75.75,23.549,2.2779,54.999,4.8705,216.37,0.029358,0.85662,65.474,18.949,43.385
433,2026-04-14T14:36:00,50.285,23.369,26.77,32.49,40.481,2690.1,3621.0,20.031,18.788,21.543,0.23556,0.1163,339.34,77.732,6.8746,13.911,32.27,4489.1,22.128,47.193,48.955,80.394,2.2323,1.6925,3088.9,42.261,53.396,94.767,9.2649,61.827,35.024,42.162,2618.0,62.922,25.626,44.43,0.35615,8.9245,26.131,120.39,1.2895,75.616,23.549,2.2779,54.999,4.8705,217.64,0.029358,0.85662,65.439,18.949,43.385
434,2026-04-14T14:39:00,49.917,23.277,27.131,32.955,41.363,2690.9,3646.1,19.381,19.262,21.457,0.23555,0.1163,338.67,77.153,6.7549,13.912,32.444,4482.2,22.414,46.342,50.985,80.503,2.2929,1.7045,3089.2,42.035,53.946,94.798,9.2353,62.009,40.998,40.747,2619.0,63.613,24.99,44.352,0.33941,8.7762,26.247,120.38,1.3471,74.898,23.688,2.4089,54.999,4.9607,218.4,0.029358,0.85662,65.474,19.166,43.385
435,2026-04-14T14:42:00,49.237,23.208,27.072,32.955,40.459,2689.1,3661.9,22.59,19.262,21.437,0.23625,0.1163,338.28,77.257,6.7549,13.912,32.444,4504.9,21.063,44.769,50.231,80.424,2.2929,1.7045,3089.0,42.438,53.674,94.759,9.332,61.043,38.781,40.675,2616.8,63.34,26.47,44.418,0.34,8.7762,26.247,120.4,1.3471,74.616,23.688,2.4089,54.999,4.9607,217.57,0.029358,0.85662,65.472,19.166,43.385
436,2026-04-14T14:45:00,50.162,21.265,27.061,33.13,41.669,2686.5,3687.2,18.01,19.411,21.204,0.21878,0.11225,338.11,76.809,6.8212,13.978,31.929,4429.1,23.011,46.908,51.185,80.295,2.2449,1.6408,3086.9,41.941,54.002,94.759,9.2346,62.391,41.588,40.839,2614.4,64.017,25.641,44.681,0.34005,8.7869,26.388,120.43,1.3795,74.123,23.454,2.4354,54.008,4.8044,219.97,0.019662,0.85507,65.481,18.822,43.648
437,2026-04-14T14:48:00,48.172,21.581,26.973,33.13,41.072,2685.8,3728.3,17.449,19.411,21.268,0.21557,0.11225,337.71,77.495,6.8212,13.978,31.929,4451.8,23.23,42.304,50.89,80.407,2.2449,1.6408,3086.2,42.329,53.731,94.727,9.3983,58.507,40.719,40.815,2614.0,63.311,25.497,45.062,0.34025,8.7869,26.388,120.4,1.3795,74.537,23.454,2.4354,54.008,4.8044,218.0,0.019662,0.85507,65.454,18.822,43.648
438,2026-04-14T14:51:00,49.483,26.304,26.94,32.65,40.989,2686.7,3703.8,20.123,18.447,20.975,0.26728,0.11225,337.29,77.665,6.866,13.869,32.277,4510.3,22.092,45.336,49.375,80.638,2.2606,1.6448,3088.5,42.364,53.838,94.599,9.2555,59.924,36.261,41.887,2615.1,63.24,24.952,44.976,0.34729,8.9731,25.863,120.4,1.4505,75.516,23.674,2.3179,54.008,4.8481,221.2,0.019662,0.85507,65.527,18.558,43.648
439,2026-04-14T14:54:00,51.511,26.356,27.122,32.65,42.058,2687.9,3678.8,17.528,18.447,20.95,0.26675,0.11225,337.42,77.379,6.866,13.869,32.277,4505.9,23.185,50.031,50.331,80.726,2.2606,1.6448,3090.5,42.114,53.891,94.643,9.2794,60.979,39.074,42.086,2615.5,63.669,26.663,45.365,0.34566,8.9731,25.863,120.4,1.4505,75.371,23.674,2.3179,54.008,4.8481,219.02,0.019662,0.85507,65.61,18.558,43.648
440,2026-04-14T14:57:00,51.108,23.136,26.723,32.552,40.829,2683.6,3670.5,18.171,18.963,20.22,0.23398,0.11225,336.47,76.878,7.0001,13.674,31.457,4518.3,22.938,49.098,48.461,80.414,2.2814,1.6711,3088.2,42.573,54.404,94.741,9.3474,61.845,33.571,40.581,2610.6,63.456,25.326,45.394,0.33529,9.1067,25.943,120.39,1.3674,73.933,23.614,2.353,54.008,4.8807,220.89,0.019662,0.85507,65.654,18.872,43.648
441,2026-04-14T15:00:00,50.199,23.049,26.853,32.552,41.494,2685.1,3671.0,19.953,18.963,20.961,0.23487,0.10075,337.13,77.408,7.0001,13.674,31.457,4524.4,22.176,46.995,50.64,80.46,2.2814,1.6711,3086.0,41.967,54.331,94.767,9.3287,59.282,39.984,40.635,2611.6,63.448,26.114,45.579,0.33484,9.1067,25.943,120.4,1.3674,74.963,23.614,2.353,53.932,4.8807,221.0,0.012916,0.8678,65.622,18.872,44.236
442,2026-04-14T15:03:00,50.742,31.074,26.772,32.891,40.669,2688.0,3631.9,16.642,19.162,20.89,0.31863,0.10075,337.0,77.206,6.9645,13.735,31.781,4512.4,23.575,48.252,48.736,80.582,2.2957,1.666,3089.3,41.923,53.715,94.644,9.399,61.165,34.38,38.077,2615.2,62.896,25.071,45.693,0.31239,9.0682,25.883,120.37,1.2055,74.792,23.377,2.2158,53.932,4.9773,221.9,0.012916,0.8678,65.626,19.173,44.236
443,2026-04-14T15:06:00,51.36,31.242,26.86,32.891,41.219,2689.6,3667.0,18.111,19.162,20.532,0.31692,0.10075,336.92,77.656,6.9645,13.735,31.781,4481.6,22.939,49.682,51.274,80.692,2.2957,1.666,3092.6,42.412,54.083,94.689,9.3062,60.797,41.848,38.293,2616.5,62.291,24.74,45.747,0.31062,9.0682,25.883,120.39,1.2055,74.999,23.377,2.2158,53.932,4.9773,223.46,0.012916,0.8678,65.666,19.173,44.236
444,2026-04-14T15:09:00,50.786,28.534,26.416,32.705,40.297,2691.7,3650.4,18.941,19.191,20.895,0.29352,0.10075,337.61,77.352,6.8862,14.011,32.026,4506.4,22.592,48.352,50.102,80.766,2.2892,1.66,3092.8,42.044,53.006,94.675,9.28,60.396,38.399,38.417,2620.1,62.794,25.337,45.866,0.32163,8.8959,25.806,120.39,1.2989,74.5,23.473,2.3676,53.932,4.9765,224.23,0.012916,0.8678,65.755,19.143,44.236
445,2026-04-14T15:12:00,50.241,28.666,26.329,32.705,41.556,2691.8,3666.1,15.199,19.191,20.899,0.29218,0.10075,338.01,77.466,6.8862,14.011,32.026,4439.5,24.162,47.092,49.764,80.689,2.2892,1.66,3093.0,42.318,53.807,94.605,9.2299,61.347,37.406,38.35,2619.6,62.524,25.43,46.192,0.32219,8.8959,25.806,120.42,1.2989,74.388,23.473,2.3676,53.932,4.9765,222.7,0.012916,0.8678,65.769,19.143,44.236
446,2026-04-14T15:15:00,48.689,26.699,27.246,33.053,41.157,2690.2,3692.4,18.621,19.024,21.44,0.27069,0.094299,337.48,77.373,6.8316,13.844,31.293,4459.9,22.724,43.501,48.427,80.584,2.2883,1.6692,3091.3,42.065,53.571,94.732,9.2882,58.209,33.471,42.361,2617.8,62.718,26.804,46.554,0.35046,8.9177,25.858,120.41,1.3036,75.411,23.116,2.3536,53.743,4.9435,224.91,0.017989,0.85291,65.794,19.118,44.35
447,2026-04-14T15:18:00,50.321,26.62,26.956,33.053,40.305,2687.6,3684.6,17.254,19.024,20.732,0.27149,0.094299,337.28,77.12,6.8316,13.844,31.293,4441.2,23.312,47.277,49.682,80.403,2.2883,1.6692,3090.6,42.154,53.795,94.689,9.2909,59.406,37.164,42.238,2615.0,62.852,25.525,46.8,0.35146,8.9177,25.858,120.38,1.3036,75.499,23.116,2.3536,53.743,4.9435,226.1,0.017989,0.85291,65.786,19.118,44.35
448,2026-04-14T15:21:00,49.419,34.228,26.851,32.721,41.7,2689.7,3702.2,16.988,19.432,21.265,0.34702,0.094299,338.7,77.386,6.8729,13.955,32.307,4492.0,23.421,45.19,51.506,80.445,2.2843,1.636,3090.6,42.178,53.19,94.66,9.125,64.466,42.532,39.938,2618.3,63.05,24.881,47.055,0.33497,8.873,26.477,120.41,1.3429,75.091,24.112,2.3475,53.743,4.9354,227.19,0.017989,0.85291,65.795,19.428,44.35
449,2026-04-14T15:24:00,49.483,34.087,26.678,32.721,41.459,2692.6,3682.4,18.483,19.432,21.298,0.34846,0.094299,338.84,77.555,6.8729,13.955,32.307,4473.9,22.781,45.338,49.761,80.589,2.2843,1.636,3092.2,42.298,53.407,94.446,9.4686,59.822,37.396,40.295,2621.1,63.391,25.599,47.275,0.33205,8.873,26.477,120.42,1.3429,75.476,24.112,2.3475,53.743,4.9354,228.62,0.017989,0.85291,65.806,19.428,44.35
450,2026-04-14T15:27:00,51.583,25.023,26.64,33.216,40.694,2690.2,3656.2,16.122,19.358,21.147,0.25249,0.094299,338.89,77.308,6.883,13.961,32.217,4445.8,23.78,50.197,50.606,80.533,2.2445,1.6474,3090.1,42.635,52.897,94.637,9.417,59.248,39.882,41.645,2618.0,63.507,26.039,47.569,0.34629,8.9211,26.243,120.39,1.5242,74.883,23.116,2.3578,53.743,4.8627,229.22,0.017989,0.85291,65.874,19.304,44.35
451,2026-04-14T15:30:00,51.259,24.857,26.678,33.216,42.515,2688.6,3653.5,16.369,19.358,21.177,0.25418,0.090711,338.75,77.406,6.883,13.961,32.217,4448.3,23.669,49.447,51.111,80.606,2.2445,1.6474,3087.9,42.183,52.868,94.566,9.2323,60.212,41.369,41.829,2617.2,63.554,26.026,47.516,0.34478,8.9211,26.243,120.41,1.5242,73.601,23.116,2.3578,53.914,4.8627,229.89,0.016099,0.8314,65.927,19.304,43.99
452,2026-04-14T15:33:00,49.299,25.608,26.972,32.851,40.44,2687.7,3671.1,18.404,18.98,21.43,0.26243,0.090711,339.18,77.291,7.0871,13.929,31.852,4458.8,22.811,44.911,50.59,80.637,2.2736,1.6396,3087.3,42.549,52.948,94.683,9.3721,61.204,39.837,41.8,2616.0,63.166,24.967,47.877,0.34783,8.997,25.485,120.38,1.1367,74.326,22.908,2.4066,53.914,4.8043,228.03,0.016099,0.8314,65.976,19.193,43.99
453,2026-04-14T15:36:00,50.373,25.64,27.034,32.851,41.807,2686.2,3684.3,20.512,18.98,21.239,0.26211,0.090711,339.11,77.126,7.0871,13.929,31.852,4414.0,21.933,47.397,49.336,80.466,2.2736,1.6396,3085.7,42.564,53.485,94.618,9.239,62.182,36.145,41.592,2614.0,62.94,25.351,47.725,0.34954,8.997,25.485,120.41,1.1367,74.311,22.908,2.4066,53.914,4.8043,231.94,0.016099,0.8314,65.964,19.193,43.99
454,2026-04-14T15:39:00,50.543,29.362,27.216,32.827,40.502,2684.7,3623.6,19.205,18.824,20.977,0.29808,0.090711,339.01,76.923,6.8809,13.929,32.092,4431.1,22.503,47.79,48.36,80.18,2.305,1.6629,3084.8,42.354,53.473,94.808,9.4708,61.464,33.273,41.328,2611.5,62.096,26.584,48.059,0.34617,8.9249,26.064,120.39,1.28,74.503,23.256,2.2815,53.914,4.876,230.43,0.016099,0.8314,65.925,19.083,43.99
455,2026-04-14T15:42:00,50.981,29.234,26.744,32.827,40.421,2688.2,3653.9,16.134,18.824,21.548,0.29938,0.090711,339.7,77.273,6.8809,13.929,32.092,4409.8,23.791,48.805,50.763,80.243,2.305,1.6629,3086.0,42.573,53.727,94.807,9.3907,62.616,40.344,41.102,2616.7,61.575,24.761,48.156,0.34802,8.9249,26.064,120.37,1.28,74.032,23.256,2.2815,53.914,4.876,231.64,0.016099,0.8314,65.852,19.083,43.99
456,2026-04-14T15:45:00,50.579,27.198,26.688,33.055,40.686,2692.1,3667.4,17.782,18.927,21.498,0.27817,0.10438,340.33,77.329,7.0946,13.825,32.073,4485.8,23.091,47.874,51.037,80.514,2.2838,1.706,3090.7,42.236,53.027,94.788,9.4326,62.391,41.153,41.141,2619.5,63.055,25.803,47.822,0.34911,9.01,26.479,120.41,1.1244,74.65,23.264,2.4168,53.534,4.7874,231.58,0.021009,0.85334,65.878,19.217,43.809
457,2026-04-14T15:48:00,50.117,27.062,27.196,33.055,41.404,2694.4,3624.2,14.727,18.927,21.658,0.27956,0.10438,340.21,77.852,7.0946,13.825,32.073,4457.2,24.355,46.804,49.227,80.652,2.2838,1.706,3093.6,42.41,53.368,94.49,9.3651,61.075,35.825,41.261,2622.3,63.798,25.106,47.713,0.34813,9.01,26.479,120.41,1.1244,74.542,23.264,2.4168,53.534,4.7874,232.39,0.021009,0.85334,65.917,19.217,43.809
458,2026-04-14T15:51:00,50.325,27.802,26.744,33.036,41.325,2696.9,3595.9,15.943,18.971,21.657,0.27787,0.10438,340.44,77.512,6.7904,13.743,32.064,4465.6,23.84,47.287,50.219,80.729,2.2431,1.6849,3093.8,42.331,52.876,94.675,9.3063,61.176,38.743,40.092,2624.8,62.311,25.978,47.849,0.33554,8.8839,25.816,120.38,1.4274,74.402,23.443,2.3072,53.534,4.8665,230.4,0.021009,0.85334,65.997,19.299,43.809
459,2026-04-14T15:54:00,49.438,27.71,26.746,33.036,40.554,2696.9,3628.8,17.113,18.971,21.856,0.2788,0.10438,340.96,77.96,6.7904,13.743,32.064,4462.6,23.329,45.234,50.543,80.592,2.2431,1.6849,3094.4,42.578,52.912,94.726,9.4716,60.091,39.699,40.138,2625.8,61.744,22.728,47.785,0.33516,8.8839,25.816,120.38,1.4274,73.78,23.443,2.3072,53.534,4.8665,230.65,0.021009,0.85334,66.013,19.299,43.809
460,2026-04-14T15:57:00,50.017,27.961,26.889,32.668,41.584,2698.0,3671.0,18.099,18.526,21.861,0.28045,0.10438,341.66,77.302,6.8507,13.824,32.056,4412.4,22.93,46.574,50.082,80.446,2.2616,1.7136,3098.2,42.479,53.229,94.476,9.4788,62.226,38.342,38.91,2626.8,63.63,26.012,47.745,0.32672,8.9093,25.971,120.43,1.2801,74.455,23.687,2.2616,53.534,4.9007,230.65,0.021009,0.85334,66.024,19.377,43.809
461,2026-04-14T16:00:00,50.337,27.904,26.879,32.668,40.815,2698.5,3693.7,14.772,18.526,21.964,0.28103,0.10288,342.14,77.42,6.8507,13.824,32.056,4430.2,24.333,47.313,50.766,80.263,2.2616,1.7136,3097.3,42.566,53.016,94.509,9.3355,62.804,40.355,39.23,2626.6,63.24,22.785,48.148,0.3241,8.9093,25.971,120.39,1.2801,73.236,23.687,2.2616,53.828,4.9007,232.16,0.014779,0.86594,65.966,19.377,43.812
462,2026-04-14T16:03:00,49.54,28.009,27.153,33.269,41.077,2701.1,3643.0,18.198,18.772,22.548,0.28418,0.10288,342.44,77.235,6.7023,13.928,32.707,4421.2,22.892,45.469,49.128,80.393,2.3133,1.6645,3096.7,42.695,52.839,94.448,9.401,61.885,35.533,39.692,2630.2,63.641,23.285,48.213,0.33751,8.8796,26.309,120.42,1.3321,75.132,23.597,2.3504,53.828,4.9199,233.84,0.014779,0.86594,65.942,18.667,43.812
463,2026-04-14T16:06:00,51.177,28.007,26.551,33.269,41.433,2699.6,3689.4,16.353,18.772,22.122,0.2842,0.10288,342.93,77.343,6.7023,13.928,32.707,4377.9,23.668,49.259,49.959,80.196,2.3133,1.6645,3097.1,42.681,53.356,94.575,9.5365,63.205,37.979,39.579,2628.5,62.842,23.854,48.588,0.33844,8.8796,26.309,120.4,1.3321,74.495,23.597,2.3504,53.828,4.9199,232.04,0.014779,0.86594,65.914,18.667,43.812
464,2026-04-14T16:09:00,49.293,21.568,26.975,33.368,41.907,2700.8,3706.2,18.453,18.748,22.391,0.2197,0.10288,343.51,77.397,6.867,13.697,32.222,4474.5,22.78,44.898,49.463,80.251,2.2351,1.6461,3095.3,42.592,53.903,94.365,9.3526,62.646,36.52,40.711,2629.3,63.955,26.147,48.722,0.35273,9.0872,25.925,120.41,1.3502,74.966,23.605,2.2739,53.828,4.8837,232.94,0.014779,0.86594,65.902,18.79,43.812
465,2026-04-14T16:12:00,49.04,21.925,27.19,33.368,41.65,2700.3,3711.6,18.964,18.748,22.682,0.21607,0.10288,343.29,77.691,6.867,13.697,32.222,4464.4,22.553,44.312,49.748,80.294,2.2351,1.6461,3096.5,42.732,54.024,94.498,9.6214,62.037,37.359,40.789,2628.9,63.861,23.885,48.749,0.35209,9.0872,25.925,120.43,1.3502,74.444,23.605,2.2739,53.828,4.8837,235.02,0.014779,0.86594,65.935,18.79,43.812
466,2026-04-14T16:15:00,51.719,26.036,26.78,33.168,42.155,2702.7,3646.5,16.071,18.337,22.637,0.26239,0.09872,343.34,77.667,6.7863,13.87,32.499,4463.0,23.763,50.512,49.539,80.437,2.2757,1.6103,3099.2,42.331,53.745,94.27,9.3937,63.54,36.742,38.289,2632.5,63.63,25.929,49.171,0.32169,8.9169,26.296,120.42,1.327,75.056,23.517,2.3369,53.906,4.883,236.74,0.0060729,0.83647,65.995,18.823,44.67
467,2026-04-14T16:18:00,49.771,26.023,26.771,33.168,41.228,2703.9,3689.8,18.693,18.337,22.357,0.26252,0.09872,343.54,77.533,6.7863,13.87,32.499,4456.6,22.661,46.004,48.821,80.345,2.2757,1.6103,3099.9,42.461,53.822,94.574,9.3516,64.423,34.631,38.121,2632.9,62.884,26.319,49.525,0.32307,8.9169,26.296,120.41,1.327,74.359,23.517,2.3369,53.906,4.883,236.87,0.0060729,0.83647,66.053,18.823,44.67
468,2026-04-14T16:21:00,49.3,23.11,27.047,33.551,41.686,2704.0,3706.9,20.19,18.293,22.523,0.23482,0.09872,344.11,77.68,7.0974,13.881,32.248,4465.2,22.022,44.914,50.367,80.294,2.259,1.6667,3099.2,42.909,53.634,94.321,9.3555,62.57,39.179,40.477,2633.7,63.35,24.604,49.709,0.34128,8.7225,26.031,120.42,1.264,74.541,23.542,2.2765,53.906,5.011,238.9,0.0060729,0.83647,66.065,19.001,44.67
469,2026-04-14T16:24:00,50.572,23.264,27.045,33.551,40.805,2705.0,3698.4,19.391,18.293,22.813,0.23326,0.09872,344.01,77.548,7.0974,13.881,32.248,4485.6,22.359,47.858,49.505,80.285,2.259,1.6667,3098.9,42.372,53.39,94.447,9.4071,63.279,36.644,40.398,2634.5,63.496,25.475,50.02,0.34193,8.7225,26.031,120.38,1.264,75.426,23.542,2.2765,53.906,5.011,239.5,0.0060729,0.83647,66.113,19.001,44.67
470,2026-04-14T16:27:00,49.262,25.396,27.065,33.073,41.05,2703.9,3631.4,16.394,18.703,23.006,0.25647,0.09872,344.44,77.092,6.8321,13.86,32.53,4449.1,23.637,44.825,51.159,80.096,2.2743,1.6924,3098.0,42.805,53.366,94.616,9.4789,62.221,41.51,40.691,2632.8,61.864,26.902,50.313,0.34264,8.9084,26.108,120.41,1.2457,74.55,23.432,2.3595,53.906,4.8926,240.28,0.0060729,0.83647,66.143,18.41,44.67
471,2026-04-14T16:30:00,49.424,25.209,26.861,33.073,40.195,2704.6,3588.9,18.985,18.703,23.073,0.25837,0.092169,344.95,77.223,6.8321,13.86,32.53,4449.6,22.552,45.202,49.685,79.869,2.2743,1.6924,3098.1,42.128,53.36,94.675,9.4748,62.991,37.172,40.091,2633.3,62.596,24.261,49.91,0.34756,8.9084,26.108,120.35,1.2457,75.276,23.432,2.3595,53.554,4.8926,240.78,0.0055046,0.83236,66.074,18.41,42.927
472,2026-04-14T16:33:00,49.445,22.311,26.833,33.255,41.376,2708.0,3662.5,16.236,19.007,23.133,0.22894,0.092169,345.44,77.69,7.0771,13.768,32.753,4536.7,23.698,45.251,49.903,79.91,2.3107,1.6662,3100.4,42.463,53.78,94.588,9.4944,63.391,37.814,40.045,2636.9,63.577,24.045,50.069,0.34394,8.9541,26.384,120.4,1.2042,73.899,23.847,2.4156,53.554,4.8582,239.63,0.0055046,0.83236,66.02,18.496,42.927
473,2026-04-14T16:36:00,49.823,22.263,27.011,33.255,41.29,2711.3,3676.4,19.339,19.007,23.252,0.22943,0.092169,344.97,78.071,7.0771,13.768,32.753,4496.7,22.373,46.123,50.213,80.192,2.3107,1.6662,3105.0,42.173,54.259,94.492,9.3411,64.047,38.728,40.63,2641.2,63.339,24.461,49.985,0.33914,8.9541,26.384,120.41,1.2042,74.825,23.847,2.4156,53.554,4.8582,241.15,0.0055046,0.83236,66.067,18.496,42.927
474,2026-04-14T16:39:00,50.41,19.625,26.862,33.343,41.321,2715.6,3630.5,19.31,17.709,23.9,0.20365,0.092169,345.67,77.863,6.9688,13.943,32.947,4550.7,22.376,47.483,49.858,80.413,2.2232,1.6407,3104.8,41.82,53.455,94.488,9.4429,63.79,37.682,38.868,2646.0,61.911,24.875,49.987,0.33312,8.9477,26.252,120.4,1.157,73.607,23.534,2.3276,53.554,4.864,241.62,0.0055046,0.83236,66.138,18.531,42.927
475,2026-04-14T16:42:00,50.739,19.834,26.767,33.343,41.826,2714.4,3598.6,17.731,17.709,23.542,0.20152,0.092169,345.68,77.169,6.9688,13.943,32.947,4502.0,23.061,48.244,49.457,80.2,2.2232,1.6407,3107.2,42.324,54.038,94.577,9.5734,60.168,36.503,38.769,2645.0,62.459,23.509,50.198,0.33394,8.9477,26.252,120.39,1.157,74.886,23.534,2.3276,53.554,4.864,239.77,0.0055046,0.83236,66.176,18.531,42.927
476,2026-04-14T16:45:00,48.968,17.201,27.051,33.904,40.773,2712.5,3654.7,19.778,17.919,23.531,0.17715,0.090756,345.87,77.018,6.7434,13.949,32.339,4527.8,22.209,44.146,49.802,79.863,2.2829,1.6187,3105.6,42.373,53.689,94.692,9.4899,61.225,37.517,41.779,2642.8,62.311,24.811,50.169,0.34812,8.8251,25.693,120.38,1.0747,74.119,23.724,2.3071,53.445,4.81,239.44,0.026377,0.80449,66.116,18.862,43.568
477,2026-04-14T16:48:00,49.735,17.31,26.826,33.904,40.498,2712.2,3653.9,17.685,17.919,23.425,0.17605,0.090756,346.17,77.124,6.7434,13.949,32.339,4529.2,23.099,45.921,49.577,79.671,2.2829,1.6187,3104.9,42.409,53.672,94.599,9.5148,62.465,36.855,41.437,2642.6,62.326,23.918,50.143,0.35092,8.8251,25.693,120.37,1.0747,74.57,23.724,2.3071,53.445,4.81,239.84,0.026377,0.80449,66.013,18.862,43.568
478,2026-04-14T16:51:00,50.391,22.559,26.706,33.093,41.738,2715.0,3719.7,15.531,18.074,23.432,0.23084,0.090756,346.01,77.214,6.6462,13.83,32.693,4503.2,24.009,47.439,50.431,79.631,2.2182,1.6293,3107.1,42.369,53.184,94.658,9.45,62.847,39.369,41.534,2644.5,63.195,25.042,50.067,0.35304,8.8939,26.451,120.41,1.2188,74.263,23.996,2.3002,53.445,4.9032,240.83,0.026377,0.80449,65.943,18.562,43.568
479,2026-04-14T16:54:00,48.429,22.724,26.753,33.093,41.84,2715.9,3725.4,14.915,18.074,23.402,0.22917,0.090756,345.71,77.448,6.6462,13.83,32.693,4457.6,24.261,42.899,50.75,79.789,2.2182,1.6293,3108.0,42.433,53.729,94.36,9.3646,62.93,40.308,41.146,2646.1,63.096,25.904,50.148,0.35623,8.8939,26.451,120.42,1.2188,74.58,23.996,2.3002,53.445,4.9032,240.06,0.026377,0.80449,65.904,18.562,43.568
480,2026-04-14T16:57:00,50.161,19.091,26.715,33.531,42.59,2719.3,3712.1,18.965,18.408,23.693,0.19068,0.090756,346.15,77.888,6.7782,13.771,32.378,4530.5,22.533,46.908,49.538,80.035,2.2452,1.634,3111.9,42.749,53.604,94.371,9.337,62.751,36.74,40.034,2649.4,64.355,25.72,49.973,0.33985,8.8818,26.352,120.43,1.3251,74.556,23.895,2.3226,53.445,4.7849,242.1,0.026377,0.80449,65.919,18.465,43.568
481,2026-04-14T17:00:00,50.31,18.904,26.765,33.531,41.24,2718.6,3698.3,20.663,18.408,23.082,0.19258,0.094183,345.99,77.287,6.7782,13.771,32.378,4492.1,21.831,47.25,49.34,80.061,2.2452,1.634,3112.9,42.349,54.063,94.158,9.4071,62.115,36.157,39.934,2648.6,64.592,24.844,49.442,0.34068,8.8818,26.352,120.42,1.3251,74.755,23.895,2.3226,54.22,4.7849,239.78,0.0033768,0.80196,65.997,18.465,42.883
482,2026-04-14T17:03:00,49.148,21.756,27.279,33.454,41.78,2717.9,3701.7,16.413,17.472,23.606,0.21726,0.094183,346.03,77.467,6.6801,13.744,32.912,4474.2,23.615,44.563,50.657,79.904,2.2282,1.7131,3110.6,42.344,54.561,94.326,9.4014,62.58,40.034,39.139,2647.7,63.535,24.554,49.191,0.33396,9.0262,25.934,120.44,1.3993,75.104,24.265,2.2348,54.22,4.7924,239.04,0.0033768,0.80196,66.006,18.459,42.883
483,2026-04-14T17:06:00,49.046,21.483,26.666,33.454,41.484,2718.1,3711.6,18.776,17.472,23.101,0.22004,0.094183,345.47,77.636,6.6801,13.744,32.912,4532.7,22.616,44.326,50.237,79.877,2.2282,1.7131,3112.5,42.409,53.861,94.289,9.4226,62.253,38.798,39.018,2647.9,63.365,26.181,48.961,0.33495,9.0262,25.934,120.39,1.3993,74.245,24.265,2.2348,54.22,4.7924,238.09,0.0033768,0.80196,65.933,18.459,42.883
484,2026-04-14T17:09:00,49.739,16.106,26.658,33.669,41.615,2717.9,3672.7,18.863,18.199,23.191,0.16206,0.094183,345.48,77.441,6.9226,13.669,32.313,4504.2,22.582,45.931,50.997,79.882,2.2614,1.6853,3112.0,42.383,54.268,94.447,9.37,61.768,41.033,39.472,2648.3,65.04,24.87,48.621,0.32472,8.7653,26.85,120.4,1.1752,75.104,24.143,2.2761,54.22,4.7774,238.39,0.0033768,0.80196,65.916,18.401,42.883
485,2026-04-14T17:12:00,49.626,16.06,27.017,33.669,40.828,2715.3,3759.3,17.157,18.199,23.442,0.16253,0.094183,345.43,77.224,6.9226,13.669,32.313,4472.1,23.312,45.67,50.975,79.769,2.2614,1.6853,3110.2,42.797,54.652,94.215,9.4302,63.825,40.97,38.646,2645.8,63.55,25.276,48.69,0.33149,8.7653,26.85,120.4,1.1752,76.019,24.143,2.2761,54.22,4.7774,234.12,0.0033768,0.80196,65.867,18.401,42.883
486,2026-04-14T17:15:00,50.512,21.426,27.236,33.221,40.974,2718.8,3683.4,17.648,18.259,23.714,0.21498,0.094867,345.26,77.6,6.9728,13.892,33.154,4515.6,23.094,47.72,49.749,79.863,2.2254,1.6667,3110.7,42.424,54.333,94.482,9.4813,59.996,37.362,37.809,2647.9,62.804,21.989,48.336,0.32046,8.8416,26.788,120.39,1.1059,74.383,24.185,2.251,53.151,4.7875,233.23,0.025004,0.79107,65.814,17.995,44.295
487,2026-04-14T17:18:00,50.627,21.3,27.071,33.221,41.518,2720.3,3657.5,18.76,18.259,23.51,0.21626,0.094867,345.65,77.325,6.9728,13.892,33.154,4505.9,22.63,47.984,49.261,79.928,2.2254,1.6667,3112.2,42.322,54.449,94.371,9.4516,60.304,35.926,37.918,2649.9,63.25,25.681,47.949,0.31957,8.8416,26.788,120.39,1.1059,74.889,24.185,2.251,53.151,4.7875,233.5,0.025004,0.79107,65.802,17.995,44.295
488,2026-04-14T17:21:00,48.694,12.602,26.949,33.507,41.706,2717.8,3624.2,18.049,17.994,23.276,0.13053,0.094867,344.79,77.217,6.7018,13.68,31.761,4595.5,22.936,43.512,49.764,79.774,2.2595,1.679,3110.3,42.205,54.471,94.648,9.6522,59.519,37.406,40.4,2647.1,63.319,20.707,47.776,0.34753,8.8279,26.704,120.37,1.2082,75.262,24.71,2.254,53.151,4.776,231.43,0.025004,0.79107,65.732,18.219,44.295
489,2026-04-14T17:24:00,47.808,12.701,26.764,33.507,40.368,2717.4,3639.8,17.353,17.994,23.376,0.12952,0.094867,344.52,77.157,6.7018,13.68,31.761,4582.7,23.234,41.461,50.03,79.716,2.2595,1.679,3109.3,42.329,54.624,94.606,9.4592,61.372,38.188,40.608,2647.0,63.052,24.305,47.359,0.34583,8.8279,26.704,120.36,1.2082,75.538,24.71,2.254,53.151,4.776,232.09,0.025004,0.79107,65.682,18.219,44.295
490,2026-04-14T17:27:00,49.469,25.831,26.651,33.078,41.458,2719.1,3720.3,18.353,17.932,23.076,0.25995,0.094867,344.45,77.262,6.9031,13.879,32.604,4553.4,22.821,45.306,49.226,79.617,2.2402,1.6748,3113.9,42.324,54.538,94.584,9.5388,59.006,35.823,37.657,2647.9,64.086,25.918,47.151,0.32304,8.7708,26.495,120.39,1.301,75.467,24.355,2.193,53.151,4.8719,230.48,0.025004,0.79107,65.619,18.205,44.295
491,2026-04-14T17:30:00,48.389,25.851,26.944,33.078,42.201,2721.9,3718.1,17.657,17.932,23.135,0.25975,0.11189,343.74,77.865,6.9031,13.879,32.604,4539.4,23.089,42.806,48.865,79.914,2.2402,1.6748,3116.8,42.48,54.705,94.25,9.4002,62.66,34.76,37.723,2652.1,64.124,24.911,46.754,0.3225,8.7708,26.495,120.42,1.301,75.677,24.355,2.193,52.459,4.8719,227.07,0.0096306,0.79504,65.568,18.205,43.332
492,2026-04-14T17:33:00,49.864,17.68,26.987,33.12,42.059,2721.6,3667.8,19.901,18.179,23.12,0.17981,0.11189,343.35,77.322,6.8406,13.718,32.05,4561.6,22.156,46.219,50.215,79.973,2.2595,1.6276,3115.5,42.319,54.568,94.51,9.4546,60.696,38.732,40.249,2650.8,63.298,25.115,46.314,0.34502,8.7647,26.833,120.39,1.3283,76.064,24.429,2.2723,52.459,4.805,226.29,0.0096306,0.79504,65.587,18.516,43.332
493,2026-04-14T17:36:00,50.023,17.706,26.853,33.12,40.471,2718.2,3672.2,15.625,18.179,22.86,0.17954,0.11189,343.72,77.42,6.8406,13.718,32.05,4561.1,23.956,46.588,50.032,79.798,2.2595,1.6276,3114.2,42.675,54.573,94.403,9.3391,60.697,38.195,40.186,2647.1,63.224,26.597,45.817,0.34553,8.7647,26.833,120.37,1.3283,75.579,24.429,2.2723,52.459,4.805,226.22,0.0096306,0.79504,65.544,18.516,43.332
494,2026-04-14T17:39:00,50.215,22.793,27.059,33.392,41.977,2718.1,3719.4,18.072,18.156,22.85,0.23217,0.11189,343.64,77.226,6.9456,13.783,32.054,4515.6,22.933,47.032,49.767,79.786,2.2502,1.6713,3113.8,42.555,54.424,94.671,9.3947,61.507,37.413,38.184,2647.6,62.968,25.984,45.477,0.32622,8.8521,27.221,120.41,1.2302,75.172,24.329,2.3177,52.459,4.7309,224.42,0.0096306,0.79504,65.468,18.011,43.332
495,2026-04-14T17:42:00,51.202,22.881,27.018,33.392,41.471,2720.4,3742.5,16.557,18.156,23.182,0.23126,0.11189,343.19,77.605,6.9456,13.783,32.054,4499.3,23.556,49.316,51.545,79.976,2.2502,1.6713,3114.6,42.142,54.619,94.337,9.262,61.039,42.646,38.395,2650.5,62.571,25.814,45.063,0.32449,8.8521,27.221,120.4,1.2302,75.766,24.329,2.3177,52.459,4.7309,223.47,0.0096306,0.79504,65.442,18.011,43.332
496,2026-04-14T17:45:00,51.747,22.82,27.038,33.201,42.09,2720.3,3677.2,17.879,18.222,22.859,0.23389,0.099058,343.17,77.009,6.9481,13.709,32.204,4572.0,23.014,50.576,49.582,79.995,2.2083,1.6639,3115.6,42.244,55.076,94.642,9.3862,60.772,36.869,39.385,2649.0,62.764,24.897,44.671,0.32987,9.0944,26.546,120.4,1.2005,75.983,24.934,2.3203,52.854,4.7471,222.53,0.036218,0.79679,65.419,18.847,43.348
497,2026-04-14T17:48:00,51.202,22.89,27.031,33.201,41.171,2717.0,3671.2,17.646,18.222,22.609,0.23318,0.099058,342.82,76.951,6.9481,13.709,32.204,4548.8,23.129,49.316,50.81,79.592,2.2083,1.6639,3112.7,42.09,55.353,94.442,9.2914,61.575,40.484,39.094,2645.3,62.867,23.405,44.52,0.33225,9.0944,26.546,120.39,1.2005,75.96,24.934,2.3203,52.854,4.7471,218.8,0.036218,0.79679,65.331,18.847,43.348
498,2026-04-14T17:51:00,48.618,21.525,26.787,32.847,40.646,2717.5,3681.1,17.927,18.055,23.001,0.21926,0.099058,343.32,77.229,6.9918,13.679,31.706,4480.4,23.007,43.336,51.885,79.7,2.2831,1.6448,3111.4,42.037,54.178,94.846,9.2788,60.373,43.647,37.813,2646.9,62.613,24.004,44.129,0.32561,8.8632,26.374,120.39,1.1743,75.456,24.493,2.3028,52.854,4.8634,217.84,0.036218,0.79679,65.238,18.647,43.348
499,2026-04-14T17:54:00,50.287,21.556,26.692,32.847,40.575,2717.5,3656.6,18.784,18.055,22.626,0.21895,0.099058,342.57,77.138,6.9918,13.679,31.706,4465.7,22.651,47.198,50.333,79.759,2.2831,1.6448,3112.6,42.356,54.354,94.552,9.5225,60.71,39.08,38.399,2646.2,63.035,24.081,43.703,0.32081,8.8632,26.374,120.38,1.1743,75.131,24.493,2.3028,52.854,4.8634,217.28,0.036218,0.79679,65.147,18.647,43.348
500,2026-04-14T17:57:00,47.51,26.395,26.858,33.135,41.111,2717.7,3634.7,20.471,18.091,22.995,0.27092,0.099058,343.0,77.27,6.8651,13.765,32.18,4506.2,21.941,40.771,49.48,79.734,2.2235,1.5741,3113.0,42.184,54.366,94.76,9.3847,61.234,36.568,37.261,2647.1,62.946,24.668,43.45,0.32201,8.7132,26.471,120.41,1.2999,76.284,25.177,2.2815,52.854,4.828,214.81,0.036218,0.79679,65.075,18.754,43.348
501,2026-04-14T18:00:00,49.605,26.586,27.339,33.135,40.367,2718.7,3683.4,17.388,18.091,23.069,0.26898,0.077007,342.61,77.316,6.8651,13.765,32.18,4553.8,23.242,45.621,48.205,79.77,2.2235,1.5741,3114.3,42.323,53.795,94.678,9.2757,60.659,32.817,37.695,2647.4,62.107,26.57,42.901,0.31845,8.7132,26.471,120.4,1.2999,74.818,25.177,2.2815,53.822,4.828,215.39,0.012896,0.82124,65.024,18.754,43.619
502,2026-04-14T18:03:00,47.923,22.277,27.396,32.4,41.183,2719.6,3675.3,19.316,18.374,23.377,0.22621,0.077007,342.83,77.342,6.9272,13.854,31.95,4525.1,22.43,41.726,50.561,79.828,2.2904,1.6302,3113.7,42.284,53.89,94.587,9.3306,61.292,39.75,38.657,2649.4,63.315,25.488,42.661,0.32804,8.8381,26.774,120.4,1.3149,75.927,24.208,2.2276,53.822,4.748,212.69,0.012896,0.82124,64.965,18.875,43.619
503,2026-04-14T18:06:00,50.915,22.29,26.796,32.4,40.671,2718.7,3685.8,16.645,18.374,22.664,0.22608,0.077007,342.17,77.628,6.9272,13.854,31.95,4529.5,23.544,48.651,49.437,79.952,2.2904,1.6302,3114.4,42.516,53.838,94.54,9.3439,59.973,36.444,38.66,2648.3,63.134,25.693,42.252,0.32801,8.8381,26.774,120.37,1.3149,75.454,24.208,2.2276,53.822,4.748,211.85,0.012896,0.82124,64.979,18.875,43.619
504,2026-04-14T18:09:00,51.209,24.624,27.585,32.799,41.599,2719.8,3647.6,17.329,17.782,23.193,0.24946,0.077007,342.48,77.494,6.8468,13.898,31.996,4538.7,23.247,49.332,49.746,80.189,2.2498,1.6614,3115.4,42.263,53.424,94.61,9.2621,61.558,37.354,39.677,2649.0,63.233,24.326,42.052,0.33915,8.8996,26.568,120.4,1.0625,75.742,24.157,2.24,53.822,4.7534,208.68,0.012896,0.82124,64.983,18.136,43.619
505,2026-04-14T18:12:00,51.485,24.539,26.911,32.799,40.737,2716.7,3639.6,19.362,17.782,22.539,0.25033,0.077007,341.95,77.006,6.8468,13.898,31.996,4475.7,22.406,49.971,50.827,79.974,2.2498,1.6614,3113.1,42.335,54.178,94.547,9.3407,61.711,40.532,39.976,2645.7,63.37,23.616,41.537,0.33669,8.8996,26.568,120.38,1.0625,75.892,24.157,2.24,53.822,4.7534,209.05,0.012896,0.82124,64.968,18.136,43.619
506,2026-04-14T18:15:00,51.594,24.44,26.624,32.88,40.731,2714.2,3697.8,20.077,18.149,22.491,0.24691,0.097143,342.28,77.073,6.7994,13.666,31.65,4587.2,22.113,50.223,50.344,79.742,2.2237,1.6412,3110.5,42.21,54.703,94.653,9.101,63.175,39.113,40.51,2644.3,63.069,24.556,41.739,0.34258,8.9904,26.91,120.39,1.2244,75.198,24.833,2.1977,53.732,4.8038,207.91,0.028839,0.83596,64.896,18.722,43.445
507,2026-04-14T18:18:00,48.582,24.283,26.754,32.88,41.057,2712.6,3674.2,17.285,18.149,22.427,0.24851,0.097143,341.64,76.943,6.7994,13.666,31.65,4559.9,23.301,43.253,50.579,79.685,2.2237,1.6412,3110.2,41.841,55.029,94.586,9.2271,62.153,39.803,40.216,2641.8,63.475,23.419,41.555,0.34499,8.9904,26.91,120.38,1.2244,75.944,24.833,2.1977,53.732,4.8038,207.5,0.028839,0.83596,64.802,18.722,43.445
508,2026-04-14T18:21:00,50.137,27.997,27.041,32.458,40.918,2712.3,3704.6,17.423,18.16,22.468,0.2853,0.097143,341.6,76.846,6.8506,13.732,32.155,4533.0,23.255,46.852,50.116,79.672,2.2353,1.6071,3109.5,42.303,53.972,94.606,9.3426,59.713,38.442,37.306,2641.6,63.424,24.73,41.446,0.31747,8.7841,26.749,120.4,1.3441,76.138,24.7,2.174,53.732,4.8334,206.25,0.028839,0.83596,64.746,18.543,43.445
509,2026-04-14T18:24:00,50.596,28.195,27.042,32.458,41.052,2710.9,3670.8,16.18,18.16,22.541,0.28329,0.097143,341.53,76.809,6.8506,13.732,32.155,4476.0,23.789,47.912,52.112,79.597,2.2353,1.6071,3108.1,42.567,54.654,94.581,9.2184,59.879,44.316,37.256,2639.5,64.005,24.565,41.031,0.31788,8.7841,26.749,120.4,1.3441,74.889,24.7,2.174,53.732,4.8334,208.48,0.028839,0.83596,64.684,18.543,43.445
510,2026-04-14T18:27:00,50.042,23.464,27.022,33.067,41.019,2712.5,3640.2,18.931,18.47,22.634,0.23965,0.097143,341.36,77.606,7.0514,13.868,32.373,4527.0,22.602,46.632,50.191,79.966,2.2882,1.6706,3108.5,42.219,54.508,94.665,9.2755,61.11,38.661,38.24,2641.7,64.136,25.648,41.101,0.32267,8.8618,26.668,120.39,1.3336,74.689,24.274,2.2326,53.732,4.7461,205.27,0.028839,0.83596,64.692,18.559,43.445
511,2026-04-14T18:30:00,49.586,23.757,26.781,33.067,41.72,2712.5,3697.1,16.214,18.47,22.706,0.23667,0.076376,341.04,77.428,7.0514,13.868,32.373,4524.9,23.746,45.576,48.45,80.147,2.2882,1.6706,3108.0,42.232,54.532,94.498,9.2781,61.252,33.537,38.822,2641.2,63.157,25.671,41.073,0.3179,8.8618,26.668,120.4,1.3336,76.233,24.274,2.2326,52.81,4.7461,207.16,0.010887,0.85884,64.717,18.559,43.389
512,2026-04-14T18:33:00,49.099,21.39,27.027,32.9,40.334,2708.5,3636.8,17.733,18.167,22.373,0.21698,0.076376,340.48,76.859,6.9485,13.863,31.982,4548.5,23.124,44.449,49.717,79.994,2.2373,1.6681,3105.5,42.177,54.248,94.776,9.1677,60.697,37.266,40.193,2637.0,62.368,26.525,41.171,0.33621,8.8834,26.741,120.38,1.256,75.51,24.05,2.2559,52.81,4.7284,205.32,0.010887,0.85884,64.774,18.951,43.389
513,2026-04-14T18:36:00,48.563,21.581,26.919,32.9,41.334,2706.6,3619.8,18.733,18.167,22.339,0.21504,0.076376,340.83,76.926,6.9485,13.863,31.982,4566.7,22.707,43.208,50.527,79.897,2.2373,1.6681,3102.6,41.794,54.03,94.851,9.2815,59.926,39.65,40.033,2634.4,62.661,27.006,41.151,0.33752,8.8834,26.741,120.4,1.256,74.691,24.05,2.2559,52.81,4.7284,204.83,0.010887,0.85884,64.778,18.951,43.389
514,2026-04-14T18:39:00,49.292,25.303,26.819,32.102,40.376,2706.0,3662.3,17.687,18.57,21.847,0.2529,0.076376,340.01,77.008,7.0192,13.844,32.24,4473.1,23.149,44.896,50.954,79.908,2.1904,1.6432,3103.0,42.539,54.191,94.788,9.1822,61.051,40.906,39.956,2634.1,62.72,26.705,41.085,0.33767,8.945,26.438,120.39,1.3277,75.018,23.918,2.3318,52.81,4.8204,204.89,0.010887,0.85884,64.738,18.563,43.389
515,2026-04-14T18:42:00,50.993,24.899,27.127,32.102,41.217,2706.7,3638.5,18.277,18.57,22.404,0.25701,0.076376,340.04,77.23,7.0192,13.844,32.24,4509.5,22.898,48.832,49.829,80.011,2.1904,1.6432,3103.1,42.656,53.755,94.843,9.4013,59.195,37.597,40.232,2635.5,63.131,23.657,41.038,0.33541,8.945,26.438,120.41,1.3277,74.054,23.918,2.3318,52.81,4.8204,204.74,0.010887,0.85884,64.69,18.563,43.389
516,2026-04-14T18:45:00,50.608,22.58,26.895,32.863,40.822,2706.0,3601.3,18.835,18.48,22.108,0.23238,0.10667,339.94,77.262,6.9318,14.002,31.953,4535.7,22.661,47.941,50.428,80.035,2.2686,1.5755,3103.7,42.267,54.399,94.783,9.3555,62.292,39.361,39.955,2634.0,63.054,27.331,41.582,0.33393,8.7254,26.51,120.39,1.2283,75.065,24.8,2.2649,54.071,4.8176,204.74,0.0085497,0.86678,64.726,18.891,44.822
517,2026-04-14T18:48:00,51.628,22.497,27.024,32.863,40.416,2707.6,3683.5,21.094,18.48,22.148,0.23323,0.10667,339.42,77.488,6.9318,14.002,31.953,4587.2,21.699,50.302,50.278,80.213,2.2686,1.5755,3105.2,42.386,53.782,94.798,9.3833,60.206,38.917,39.727,2636.1,61.641,25.651,41.519,0.3358,8.7254,26.51,120.38,1.2283,74.572,24.8,2.2649,54.071,4.8176,207.69,0.0085497,0.86678,64.787,18.891,44.822
518,2026-04-14T18:51:00,48.769,25.721,26.911,32.52,40.164,2705.4,3650.4,16.782,18.424,21.961,0.25781,0.10667,339.4,76.981,6.7662,13.802,31.719,4467.5,23.533,43.684,48.481,80.083,2.2509,1.6039,3104.2,42.655,54.418,94.774,9.192,62.691,33.629,42.208,2633.8,62.888,25.352,41.711,0.35122,8.8331,27.129,120.39,1.3229,75.613,24.292,2.205,54.071,4.8498,207.72,0.0085497,0.86678,64.831,18.852,44.822
519,2026-04-14T18:54:00,50.552,25.404,26.849,32.52,40.963,2703.6,3662.6,19.408,18.424,22.026,0.26103,0.10667,339.83,76.947,6.7662,13.802,31.719,4481.0,22.433,47.811,49.673,79.956,2.2509,1.6039,3101.0,42.333,54.256,94.764,9.2682,60.052,37.137,42.402,2631.3,62.678,24.952,41.773,0.34963,8.8331,27.129,120.39,1.3229,75.29,24.292,2.205,54.071,4.8498,209.24,0.0085497,0.86678,64.837,18.852,44.822
520,2026-04-14T18:57:00,49.752,28.349,27.054,32.72,41.108,2705.5,3702.2,20.413,18.159,21.8,0.28367,0.10667,339.19,76.982,6.7698,13.697,32.14,4529.7,22.006,45.959,51.027,80.137,2.1721,1.6631,3103.6,42.381,53.754,94.733,9.3026,57.926,41.123,39.403,2633.5,63.48,23.445,42.028,0.33128,8.8563,26.164,120.42,1.319,75.15,24.382,2.288,54.071,4.7914,208.58,0.0085497,0.86678,64.85,18.554,44.822
521,2026-04-14T19:00:00,50.259,28.184,26.534,32.72,40.877,2702.3,3721.3,18.707,18.159,21.342,0.28534,0.08884,339.51,77.004,6.7698,13.697,32.14,4479.9,22.733,47.134,50.725,79.933,2.1721,1.6631,3101.5,42.553,54.35,94.601,9.1713,61.372,40.233,39.659,2630.4,63.152,24.09,42.317,0.32919,8.8563,26.164,120.41,1.319,75.335,24.382,2.288,54.599,4.7914,210.38,0.047382,0.85317,64.873,18.554,43.87
522,2026-04-14T19:03:00,50.534,24.549,26.986,32.213,40.826,2701.9,3737.0,18.492,18.952,21.873,0.24627,0.08884,339.27,77.046,6.8176,13.891,31.891,4588.1,22.827,47.769,52.725,80.014,2.2442,1.6605,3100.2,42.134,53.798,94.734,9.2955,60.395,46.12,37.552,2630.6,62.956,25.408,42.638,0.32267,8.9451,26.261,120.42,1.2288,75.416,24.046,2.3407,54.599,4.8703,210.2,0.047382,0.85317,64.888,18.826,43.87
523,2026-04-14T19:06:00,50.666,24.214,26.972,32.213,41.479,2701.2,3730.2,18.285,18.952,21.89,0.24969,0.08884,338.59,77.338,6.8176,13.891,31.891,4529.8,22.905,48.075,50.279,80.14,2.2442,1.6605,3100.4,41.912,54.495,94.47,9.299,59.362,38.92,38.287,2630.1,63.074,24.138,42.518,0.31665,8.9451,26.261,120.41,1.2288,75.86,24.046,2.3407,54.599,4.8703,214.94,0.047382,0.85317,64.931,18.826,43.87
524,2026-04-14T19:09:00,49.36,27.093,26.754,32.845,40.799,2701.8,3678.4,19.397,18.377,21.601,0.27221,0.08884,338.25,77.435,6.9142,14.058,32.155,4542.2,22.423,45.052,50.052,80.438,2.2635,1.6189,3101.3,42.093,53.695,94.676,9.2684,60.955,38.253,40.051,2630.2,63.63,25.032,42.988,0.34441,8.9715,26.888,120.38,1.3916,75.553,24.249,2.3336,54.599,4.7497,213.0,0.047382,0.85317,65.03,18.797,43.87
525,2026-04-14T19:12:00,49.892,26.951,26.791,32.845,41.294,2699.1,3660.0,19.309,18.377,21.265,0.27366,0.08884,338.46,76.815,6.9142,14.058,32.155,4505.8,22.477,46.284,50.442,80.345,2.2635,1.6189,3099.4,41.93,54.131,94.47,9.2384,61.053,39.401,40.854,2627.3,63.946,23.776,43.282,0.33783,8.9715,26.888,120.4,1.3916,74.821,24.249,2.3336,54.599,4.7497,213.0,0.047382,0.85317,65.13,18.797,43.87
526,2026-04-14T19:15:00,47.391,24.448,26.803,32.36,40.513,2694.3,3674.8,16.439,18.57,21.298,0.2514,0.11068,337.87,76.881,6.9119,13.791,32.14,4526.1,23.695,40.495,49.052,80.077,2.2612,1.6984,3095.2,41.636,53.953,94.757,9.2138,60.986,35.309,42.856,2622.4,62.86,25.977,43.282,0.35972,8.8517,26.591,120.39,1.1976,74.877,23.766,2.2328,53.953,4.8369,212.89,0.014406,0.87702,65.121,19.271,42.697
527,2026-04-14T19:18:00,49.799,24.582,26.74,32.36,40.813,2694.5,3665.7,17.774,18.57,21.186,0.25003,0.11068,337.49,77.044,6.9119,13.791,32.14,4501.5,23.127,46.069,48.342,80.249,2.2612,1.6984,3094.8,42.207,54.248,94.695,9.1163,60.463,33.22,43.283,2622.5,63.016,25.552,43.362,0.35622,8.8517,26.591,120.39,1.1976,74.634,23.766,2.2328,53.953,4.8369,213.82,0.014406,0.87702,65.135,19.271,42.697
528,2026-04-14T19:21:00,50.775,24.579,26.93,32.036,41.189,2693.5,3683.2,20.113,19.02,21.322,0.25388,0.11068,337.63,76.973,6.8415,13.831,31.54,4457.9,22.145,48.327,51.843,80.291,2.2467,1.6019,3093.8,42.381,53.563,94.736,9.1832,60.483,43.524,39.454,2621.4,62.706,25.672,43.711,0.33035,8.8362,25.995,120.39,1.3526,75.251,24.116,2.3555,53.953,4.853,211.69,0.014406,0.87702,65.166,18.84,42.697
529,2026-04-14T19:24:00,49.929,24.962,26.745,32.036,40.12,2691.7,3666.1,20.254,19.02,20.861,0.24999,0.11068,337.7,76.941,6.8415,13.831,31.54,4458.0,22.094,46.37,48.777,80.153,2.2467,1.6019,3092.0,42.367,53.561,94.85,9.1935,62.833,34.502,39.481,2619.3,63.001,25.567,43.658,0.33013,8.8362,25.995,120.37,1.3526,75.542,24.116,2.3555,53.953,4.853,214.1,0.014406,0.87702,65.159,18.84,42.697
530,2026-04-14T19:27:00,51.083,30.639,27.012,32.41,41.071,2692.9,3675.5,18.021,19.245,21.329,0.31552,0.11068,337.39,77.292,6.8502,13.987,32.012,4521.4,23.031,49.041,50.282,80.128,2.229,1.6504,3093.4,42.405,53.813,94.67,9.3414,59.779,38.93,40.154,2620.7,63.462,27.426,43.767,0.33316,8.9057,26.098,120.41,1.2565,74.373,24.374,2.2796,53.953,4.8571,214.7,0.014406,0.87702,65.168,19.294,42.697
531,2026-04-14T19:30:00,50.682,30.861,26.854,32.41,41.147,2693.9,3695.4,17.202,19.245,20.834,0.31327,0.094167,337.11,77.528,6.8502,13.987,32.012,4494.4,23.369,48.113,51.204,80.308,2.229,1.6504,3096.3,42.479,54.136,94.678,9.2498,62.0,41.643,39.955,2622.0,63.118,25.01,44.503,0.33479,8.9057,26.098,120.42,1.2565,75.496,24.374,2.2796,53.826,4.8571,215.68,0.032685,0.86565,65.202,19.294,44.461
532,2026-04-14T19:33:00,50.407,26.749,27.034,32.146,41.005,2695.8,3670.1,20.886,19.138,21.077,0.27238,0.094167,337.15,77.375,6.9445,13.841,31.805,4488.4,21.811,47.476,51.104,80.564,2.2784,1.6542,3096.2,42.262,53.043,94.564,9.2391,61.438,41.35,42.444,2623.1,63.512,24.834,44.782,0.34983,9.0758,26.289,120.4,1.2209,75.019,23.775,2.336,53.826,4.8722,217.49,0.032685,0.86565,65.296,18.908,44.461
533,2026-04-14T19:36:00,49.733,26.835,26.783,32.146,40.704,2693.1,3704.1,15.129,19.138,21.218,0.2715,0.094167,337.39,77.409,6.9445,13.841,31.805,4474.5,24.233,45.915,51.743,80.464,2.2784,1.6542,3094.3,42.259,53.209,94.687,9.3167,61.977,43.231,42.102,2621.3,62.926,25.604,45.022,0.35263,9.0758,26.289,120.38,1.2209,74.635,23.775,2.336,53.826,4.8722,219.72,0.032685,0.86565,65.387,18.908,44.461
534,2026-04-14T19:39:00,47.959,29.008,26.855,32.703,41.62,2694.9,3690.0,20.393,18.822,20.557,0.29533,0.094167,337.14,77.595,7.0038,13.944,31.979,4533.0,22.0,41.809,48.87,80.68,2.2824,1.639,3097.3,42.008,53.403,94.563,9.288,58.652,34.773,40.576,2622.6,62.327,26.046,45.266,0.33406,8.792,25.939,120.42,1.2218,75.476,23.558,2.2955,53.826,4.8287,221.86,0.032685,0.86565,65.497,19.319,44.461
535,2026-04-14T19:42:00,50.305,28.942,26.722,32.703,40.581,2692.0,3667.5,15.599,18.822,20.777,0.29601,0.094167,337.35,77.249,7.0038,13.944,31.979,4546.2,24.034,47.241,48.014,80.317,2.2824,1.639,3094.6,42.168,53.246,94.782,9.2662,60.391,32.254,40.674,2619.9,62.715,26.236,45.624,0.33326,8.792,25.939,120.37,1.2218,75.446,23.558,2.2955,53.826,4.8287,222.68,0.032685,0.86565,65.558,19.319,44.461
536,2026-04-14T19:45:00,49.209,27.474,27.016,32.496,41.465,2691.3,3629.5,16.38,19.584,20.935,0.28335,0.10628,337.59,77.234,6.9381,13.752,32.135,4435.1,23.711,44.702,49.062,80.287,2.2785,1.6642,3093.1,42.206,53.51,94.778,9.1982,62.999,35.34,41.669,2618.8,62.762,25.589,45.795,0.34867,8.9561,26.226,120.4,1.356,74.458,23.695,2.291,53.418,4.9203,223.11,0.02658,0.88269,65.558,19.024,43.984
537,2026-04-14T19:48:00,51.589,27.503,27.093,32.496,40.289,2692.9,3664.9,18.947,19.584,21.245,0.28306,0.10628,338.08,77.468,6.9381,13.752,32.135,4470.2,22.621,50.211,51.186,80.415,2.2785,1.6642,3093.4,42.133,53.09,94.755,9.372,61.019,41.59,41.512,2621.2,62.153,25.88,45.939,0.34996,8.9561,26.226,120.38,1.356,74.471,23.695,2.291,53.418,4.9203,225.26,0.02658,0.88269,65.553,19.024,43.984
538,2026-04-14T19:51:00,48.367,26.387,26.904,32.853,41.561,2696.0,3662.9,18.571,19.461,21.252,0.26687,0.10628,338.26,77.427,6.7018,13.861,32.074,4447.2,22.768,42.755,49.279,80.594,2.2845,1.6429,3096.6,42.402,54.023,94.767,9.3478,58.915,35.978,39.324,2624.4,62.68,23.466,46.206,0.32601,8.9962,26.206,120.4,1.425,74.451,23.421,2.209,53.418,4.9624,225.96,0.02658,0.88269,65.624,19.125,43.984
539,2026-04-14T19:54:00,50.989,26.378,26.571,32.853,40.082,2695.4,3655.9,18.007,19.461,21.257,0.26696,0.10628,338.49,77.284,6.7018,13.861,32.074,4478.1,23.01,48.823,49.325,80.506,2.2845,1.6429,3095.8,42.4,53.652,94.656,9.3919,60.208,36.113,39.124,2624.2,62.801,24.761,46.506,0.32765,8.9962,26.206,120.39,1.425,74.978,23.421,2.209,53.418,4.9624,226.28,0.02658,0.88269,65.684,19.125,43.984
540,2026-04-14T19:57:00,51.286,26.934,27.296,32.738,41.775,2693.8,3715.9,17.502,19.125,21.348,0.27487,0.10628,338.12,77.091,6.8584,13.919,31.963,4496.4,23.231,49.509,50.146,80.372,2.2463,1.6267,3095.5,42.527,53.134,94.674,9.422,61.324,38.53,40.908,2622.4,63.899,26.403,46.883,0.33663,8.8918,26.009,120.43,1.3585,75.187,23.723,2.2894,53.418,4.9083,225.72,0.02658,0.88269,65.714,18.983,43.984
541,2026-04-14T20:00:00,51.218,27.023,26.942,32.738,40.651,2693.2,3759.0,20.088,19.125,21.163,0.27396,0.095578,338.51,77.182,6.8584,13.919,31.963,4485.4,22.14,49.354,49.653,80.329,2.2463,1.6267,3093.9,42.505,53.265,94.403,9.3722,61.61,37.078,40.757,2621.5,63.157,24.452,47.224,0.33787,8.8918,26.009,120.41,1.3585,75.002,23.723,2.2894,52.915,4.9083,231.25,0.0099094,0.87927,65.737,18.983,44.171
542,2026-04-14T20:03:00,50.031,28.072,26.549,32.756,41.395,2693.2,3676.1,20.757,18.918,21.231,0.28841,0.095578,338.56,77.21,6.7046,13.795,31.771,4463.1,21.858,46.605,50.005,80.371,2.2635,1.6528,3092.7,42.261,53.836,94.605,9.2768,62.42,38.114,41.223,2620.5,63.306,25.907,47.853,0.3476,9.0193,26.1,120.4,1.3481,74.488,23.647,2.2909,52.915,4.9218,230.33,0.0099094,0.87927,65.746,18.561,44.171
543,2026-04-14T20:06:00,49.911,28.009,26.876,32.756,41.077,2693.2,3689.9,17.005,18.918,21.563,0.28905,0.095578,338.55,77.454,6.7046,13.795,31.771,4425.7,23.431,46.329,52.688,80.434,2.2635,1.6528,3093.1,42.458,54.283,94.494,9.3143,61.118,46.011,41.637,2622.0,63.069,25.918,48.208,0.3442,9.0193,26.1,120.4,1.3481,75.455,23.647,2.2909,52.915,4.9218,232.45,0.0099094,0.87927,65.809,18.561,44.171
544,2026-04-14T20:09:00,49.33,30.335,27.28,32.826,41.929,2694.7,3687.5,20.571,18.894,20.93,0.30909,0.095578,338.08,77.559,6.8808,13.852,32.364,4524.5,21.916,44.983,49.43,80.605,2.2709,1.6615,3097.8,42.29,54.137,94.475,9.4228,61.898,36.424,39.811,2622.9,64.553,25.937,48.574,0.33253,9.0368,26.385,120.44,1.4453,73.94,23.925,2.3807,52.915,4.8494,234.36,0.0099094,0.87927,65.937,19.042,44.171
545,2026-04-14T20:12:00,49.716,30.506,26.434,32.826,41.135,2694.3,3740.7,20.597,18.894,21.053,0.30735,0.095578,338.28,77.182,6.8808,13.852,32.364,4520.9,21.914,45.878,50.657,80.541,2.2709,1.6615,3096.1,42.434,54.18,94.382,9.3243,61.168,40.033,39.884,2622.9,63.638,26.019,48.999,0.33194,9.0368,26.385,120.42,1.4453,74.56,23.925,2.3807,52.915,4.8494,235.59,0.0099094,0.87927,66.007,19.042,44.171
546,2026-04-14T20:15:00,50.429,24.997,27.05,32.693,40.83,2690.5,3679.4,19.646,19.245,21.447,0.25123,0.1017,338.62,76.838,6.7909,14.097,31.986,4474.7,22.334,47.527,50.237,80.223,2.3038,1.7058,3091.6,42.054,53.549,94.559,9.2024,63.415,38.797,40.11,2618.5,63.232,25.016,49.473,0.34249,8.924,25.604,120.4,1.3008,74.328,23.52,2.3457,53.381,4.8173,236.2,0.0087767,0.86341,66.042,18.789,44.041
547,2026-04-14T20:18:00,50.38,24.714,26.782,32.693,41.375,2689.5,3690.2,18.33,19.245,21.541,0.25411,0.1017,338.86,77.353,6.7909,14.097,31.986,4469.5,22.88,47.413,52.121,80.22,2.3038,1.7058,3089.9,42.394,53.611,94.584,9.5336,59.695,44.342,40.172,2617.4,63.046,25.388,49.71,0.34198,8.924,25.604,120.38,1.3008,74.672,23.52,2.3457,53.381,4.8173,239.54,0.0087767,0.86341,66.021,18.789,44.041
548,2026-04-14T20:21:00,50.177,28.613,26.961,32.608,42.058,2690.8,3680.3,17.196,19.057,21.406,0.28791,0.1017,338.82,77.404,6.9794,13.856,32.218,4490.3,23.352,46.945,50.693,80.402,2.2365,1.6601,3091.9,42.459,53.959,94.51,9.3235,62.487,40.138,44.19,2619.0,64.048,24.652,50.197,0.36476,8.8409,26.037,120.42,1.3853,74.491,23.543,2.3922,53.381,4.8828,240.03,0.0087767,0.86341,66.067,19.415,44.041
549,2026-04-14T20:24:00,50.933,28.62,27.231,32.608,41.014,2691.2,3707.0,18.234,19.057,21.226,0.28784,0.1017,338.51,77.209,6.9794,13.856,32.218,4516.0,22.915,48.693,51.005,80.505,2.2365,1.6601,3093.0,42.61,53.651,94.584,9.3072,59.774,41.057,44.186,2619.3,63.59,27.416,50.73,0.36479,8.8409,26.037,120.39,1.3853,74.866,23.543,2.3922,53.381,4.8828,239.94,0.0087767,0.86341,66.185,19.415,44.041
550,2026-04-14T20:27:00,48.698,26.244,27.022,32.552,41.091,2691.5,3660.6,15.744,18.697,21.403,0.26875,0.1017,338.81,77.582,7.0516,13.826,32.224,4368.4,23.947,43.521,51.027,80.617,2.2646,1.6699,3091.2,42.321,53.826,94.602,9.3603,60.183,41.122,40.63,2619.5,62.732,24.036,51.065,0.34281,8.8537,26.216,120.37,1.2408,75.631,23.862,2.252,53.381,4.9124,242.02,0.0087767,0.86341,66.277,18.891,44.041
551,2026-04-14T20:30:00,49.503,26.448,26.908,32.552,40.802,2693.0,3654.2,20.193,18.697,21.488,0.26667,0.094292,338.97,77.318,7.0516,13.826,32.224,4447.5,22.071,45.385,47.32,80.687,2.2646,1.6699,3092.1,42.305,52.879,94.563,9.3107,62.262,30.213,41.123,2620.6,62.841,25.695,51.146,0.33878,8.8537,26.216,120.39,1.2408,74.564,23.862,2.252,54.705,4.9124,243.06,0.019255,0.84348,66.375,18.891,43.336
552,2026-04-14T20:33:00,49.793,26.26,27.074,32.823,40.753,2690.5,3611.8,18.666,18.906,21.573,0.26678,0.094292,338.84,77.136,7.0066,13.882,32.476,4519.3,22.727,46.055,48.6,80.345,2.2952,1.6542,3089.7,42.139,53.242,94.798,9.408,61.099,33.98,40.084,2618.4,62.811,24.675,51.591,0.34103,8.7454,25.952,120.37,1.3552,75.025,23.397,2.3291,54.705,5.0225,242.19,0.019255,0.84348,66.403,19.27,43.336
553,2026-04-14T20:36:00,50.237,26.222,26.785,32.823,40.977,2691.0,3642.8,19.849,18.906,21.487,0.26716,0.094292,339.44,77.582,7.0066,13.882,32.476,4496.9,22.219,47.082,48.088,80.306,2.2952,1.6542,3091.2,42.079,53.511,94.699,9.2861,64.269,32.472,40.358,2618.8,62.279,25.946,51.666,0.33879,8.7454,25.952,120.4,1.3552,74.717,23.397,2.3291,54.705,5.0225,245.52,0.019255,0.84348,66.378,19.27,43.336
554,2026-04-14T20:39:00,48.998,23.743,26.951,32.666,40.597,2691.8,3637.2,16.992,18.672,21.59,0.24021,0.094292,339.9,77.437,6.8192,13.803,31.899,4448.5,23.429,44.215,51.174,80.312,2.2857,1.6741,3090.4,42.291,53.107,94.775,9.4023,59.612,41.555,41.231,2620.3,62.631,26.913,51.919,0.3442,8.9392,26.246,120.37,1.4498,74.328,24.0,2.3282,54.705,4.9771,246.83,0.019255,0.84348,66.404,19.364,43.336
555,2026-04-14T20:42:00,49.878,23.862,26.93,32.666,41.097,2693.7,3695.6,17.451,18.672,21.635,0.239,0.094292,339.89,77.233,6.8192,13.803,31.899,4473.3,23.239,46.252,50.267,80.361,2.2857,1.6741,3093.0,42.42,52.811,94.751,9.3671,60.721,38.887,40.953,2622.2,61.625,24.635,52.378,0.34648,8.9392,26.246,120.38,1.4498,75.151,24.0,2.3282,54.705,4.9771,245.83,0.019255,0.84348,66.435,19.364,43.336
556,2026-04-14T20:45:00,50.036,29.054,27.066,33.061,40.693,2695.0,3663.8,18.379,19.056,21.528,0.29789,0.11065,339.72,77.402,6.8659,13.873,31.779,4381.8,22.844,46.618,49.998,80.332,2.3059,1.6643,3094.4,42.468,53.586,94.568,9.2865,61.403,38.095,40.258,2622.7,63.787,25.287,52.197,0.33511,8.9846,25.918,120.4,1.4055,75.117,23.28,2.2849,53.673,4.883,246.59,0.019599,0.84391,66.454,19.031,43.616
557,2026-04-14T20:48:00,49.026,29.237,26.8,33.061,41.324,2698.8,3699.6,16.735,19.056,21.943,0.29603,0.11065,340.11,77.491,6.8659,13.873,31.779,4429.4,23.527,44.28,50.022,80.513,2.3059,1.6643,3097.4,42.417,53.016,94.56,9.4277,61.497,38.165,39.831,2627.0,63.171,25.313,52.409,0.33861,8.9846,25.918,120.43,1.4055,73.639,23.28,2.2849,53.673,4.883,245.98,0.019599,0.84391,66.459,19.031,43.616
558,2026-04-14T20:51:00,50.571,30.747,27.062,32.702,41.384,2699.7,3704.5,21.902,19.426,21.936,0.31119,0.11065,340.67,77.271,6.6449,13.928,31.872,4455.9,21.354,47.855,50.189,80.529,2.2421,1.6881,3098.1,42.506,53.444,94.395,9.3483,61.08,38.656,41.464,2628.6,62.714,26.115,52.635,0.34081,8.8873,26.005,120.4,1.2446,74.918,23.653,2.3663,53.673,4.907,245.19,0.019599,0.84391,66.529,19.02,43.616
559,2026-04-14T20:54:00,51.211,30.697,26.588,32.702,41.782,2697.9,3657.9,16.769,19.426,21.607,0.3117,0.11065,341.37,77.739,6.6449,13.928,31.872,4463.1,23.503,49.336,50.899,80.298,2.2421,1.6881,3097.6,42.51,53.359,94.466,9.5645,59.524,40.747,41.086,2626.8,63.516,25.663,52.474,0.34391,8.8873,26.005,120.44,1.2446,74.172,23.653,2.3663,53.673,4.907,248.72,0.019599,0.84391,66.531,19.02,43.616
560,2026-04-14T20:57:00,52.358,30.018,26.941,33.209,41.295,2700.2,3734.8,19.62,18.824,22.006,0.3082,0.11065,341.63,77.316,6.8276,14.005,31.998,4462.6,22.309,51.991,50.369,80.435,2.3138,1.649,3098.9,42.596,53.35,94.269,9.5219,60.437,39.187,41.494,2629.1,64.25,24.92,52.617,0.35351,8.9026,26.365,120.41,1.3165,74.694,23.734,2.2691,53.673,4.8823,248.84,0.019599,0.84391,66.544,19.167,43.616
561,2026-04-14T21:00:00,51.094,30.233,26.844,33.209,42.117,2700.3,3695.0,17.673,18.824,21.878,0.30602,0.096067,342.03,77.276,6.8276,14.005,31.998,4490.6,23.126,49.065,50.252,80.388,2.3138,1.649,3099.2,42.744,53.014,94.31,9.3647,61.045,38.841,41.768,2629.0,64.936,26.127,52.82,0.35127,8.9026,26.365,120.45,1.3165,75.733,23.734,2.2691,53.615,4.8823,248.57,0.028978,0.84898,66.561,19.167,43.647
562,2026-04-14T21:03:00,50.931,29.184,26.751,33.202,41.032,2698.1,3702.2,16.459,18.085,22.022,0.29751,0.096067,342.04,77.299,6.7454,13.942,32.64,4397.0,23.637,48.688,50.788,80.238,2.2791,1.653,3094.8,42.629,53.72,94.38,9.4146,61.471,40.418,42.533,2626.6,63.348,24.101,52.868,0.36368,8.8408,26.11,120.4,1.1999,74.387,23.719,2.3496,53.615,4.8815,249.87,0.028978,0.84898,66.592,19.1,43.647
563,2026-04-14T21:06:00,48.918,29.195,26.54,33.202,41.676,2699.4,3681.7,16.862,18.085,22.129,0.2974,0.096067,342.59,77.541,6.7454,13.942,32.64,4426.4,23.458,44.03,51.595,80.341,2.2791,1.653,3095.1,42.542,53.368,94.439,9.4413,61.083,42.793,42.824,2628.1,63.701,26.655,52.964,0.36129,8.8408,26.11,120.41,1.1999,74.736,23.719,2.3496,53.615,4.8815,250.65,0.028978,0.84898,66.59,19.1,43.647
564,2026-04-14T21:09:00,48.762,23.02,26.8,33.161,41.51,2698.7,3722.2,20.508,18.533,22.25,0.23335,0.096067,342.55,77.653,7.0984,13.769,32.18,4488.6,21.911,43.669,50.224,80.434,2.233,1.676,3094.5,42.255,52.73,94.356,9.3358,61.157,38.76,41.893,2627.6,63.813,24.269,53.051,0.35692,8.9046,26.415,120.41,1.1873,73.919,23.267,2.3047,53.615,4.933,251.49,0.028978,0.84898,66.624,18.445,43.647
565,2026-04-14T21:12:00,49.493,22.823,27.082,33.161,41.435,2697.4,3709.8,18.991,18.533,22.287,0.23535,0.096067,342.2,77.15,7.0984,13.769,32.18,4449.5,22.561,45.362,48.841,80.409,2.233,1.676,3093.2,42.303,53.198,94.379,9.4063,61.333,34.69,42.064,2625.7,64.027,26.693,53.27,0.35552,8.9046,26.415,120.4,1.1873,75.028,23.267,2.3047,53.615,4.933,250.81,0.028978,0.84898,66.687,18.445,43.647
566,2026-04-14T21:15:00,49.07,27.222,26.941,33.36,40.653,2696.6,3611.4,17.195,18.215,22.268,0.27493,0.11265,342.82,77.165,6.6513,13.789,32.554,4528.5,23.32,44.382,50.256,80.195,2.2966,1.6891,3091.7,42.679,53.859,94.552,9.4297,61.169,38.852,39.824,2625.0,62.587,24.933,53.399,0.33617,8.9277,26.024,120.36,1.4609,73.584,23.644,2.2961,53.723,4.944,252.84,0.023454,0.80097,66.681,18.58,44.481
567,2026-04-14T21:18:00,50.49,26.983,26.942,33.36,40.811,2698.2,3641.4,17.65,18.215,22.748,0.27736,0.11265,343.19,77.326,6.6513,13.789,32.554,4497.8,23.133,47.667,50.014,80.032,2.2966,1.6891,3093.1,42.358,54.226,94.696,9.4533,62.873,38.142,39.94,2627.2,62.071,24.184,53.618,0.33522,8.9277,26.024,120.37,1.4609,74.332,23.644,2.2961,53.723,4.944,252.97,0.023454,0.80097,66.62,18.58,44.481
568,2026-04-14T21:21:00,50.441,23.34,26.66,33.572,41.685,2699.3,3751.5,20.847,18.35,22.337,0.23836,0.11265,343.98,77.326,6.9034,13.787,31.921,4496.1,21.789,47.556,49.904,80.059,2.3044,1.7002,3095.1,42.71,53.96,94.446,9.4524,61.281,37.818,39.548,2629.0,64.105,25.704,54.017,0.34235,8.9043,26.498,120.4,1.353,75.431,23.775,2.284,53.723,4.817,251.08,0.023454,0.80097,66.596,18.609,44.481
569,2026-04-14T21:24:00,51.641,23.557,26.701,33.572,41.635,2701.4,3749.8,19.457,18.35,22.257,0.23615,0.11265,343.27,77.773,6.9034,13.787,31.921,4506.1,22.357,50.331,49.399,80.222,2.3044,1.7002,3097.4,42.261,53.84,94.367,9.4421,61.856,36.33,40.129,2630.0,64.133,23.784,53.924,0.33759,8.9043,26.498,120.42,1.353,74.35,23.775,2.284,53.723,4.817,254.68,0.023454,0.80097,66.63,18.609,44.481
570,2026-04-14T21:27:00,49.418,29.43,26.906,32.543,41.768,2704.0,3677.9,18.662,18.764,22.663,0.29791,0.11265,343.25,77.809,6.9614,13.858,32.806,4491.5,22.68,45.186,49.675,80.507,2.2747,1.6585,3099.8,42.523,53.974,94.336,9.3613,60.157,37.145,39.987,2634.0,63.258,23.664,54.117,0.33799,8.934,26.347,120.44,1.2663,74.304,23.73,2.2307,53.723,4.8725,255.0,0.023454,0.80097,66.699,18.65,44.481
571,2026-04-14T21:30:00,50.368,29.276,26.717,32.543,41.123,2702.5,3680.0,20.348,18.764,22.053,0.29948,0.096172,342.94,77.184,6.9614,13.858,32.806,4502.2,21.982,47.387,49.78,80.388,2.2747,1.6585,3100.9,42.408,53.846,94.379,9.5115,62.242,37.452,40.292,2631.4,63.223,23.697,53.171,0.33549,8.934,26.347,120.39,1.2663,74.386,23.73,2.2307,54.319,4.8725,254.06,0.021897,0.80453,66.785,18.65,44.14
572,2026-04-14T21:33:00,51.269,20.733,26.849,33.581,41.504,2699.6,3658.0,18.362,18.887,22.612,0.2114,0.096172,343.51,76.922,6.9127,13.728,32.788,4437.3,22.837,49.47,50.5,80.011,2.2467,1.7239,3094.8,42.385,54.546,94.588,9.4051,61.733,39.57,40.703,2629.5,63.045,23.028,53.173,0.34765,8.9055,26.346,120.39,1.4847,74.838,23.585,2.2731,54.319,4.9306,250.48,0.021897,0.80453,66.713,18.882,44.14
573,2026-04-14T21:36:00,49.595,20.723,26.739,33.581,40.988,2698.6,3667.3,17.577,18.887,22.632,0.21151,0.096172,344.02,76.931,6.9127,13.728,32.788,4534.7,23.172,45.597,49.323,79.963,2.2467,1.7239,3093.3,42.281,53.382,94.578,9.3844,61.826,36.109,40.771,2628.0,62.885,23.098,52.827,0.34709,8.9055,26.346,120.39,1.4847,75.524,23.585,2.2731,54.319,4.9306,250.86,0.021897,0.80453,66.631,18.882,44.14
574,2026-04-14T21:39:00,50.667,20.205,26.863,32.629,40.815,2699.1,3695.3,15.703,18.624,22.697,0.20759,0.096172,343.48,77.202,6.9918,14.001,32.525,4486.3,23.958,48.078,52.316,79.925,2.2681,1.6901,3093.0,42.237,53.393,94.606,9.3602,60.951,44.915,39.296,2628.7,62.779,26.479,52.782,0.33018,8.9489,26.397,120.39,1.3129,75.53,23.201,2.3415,54.319,5.0349,247.9,0.021897,0.80453,66.514,18.973,44.14
575,2026-04-14T21:42:00,51.486,20.426,26.475,32.629,41.671,2702.2,3690.5,18.775,18.624,22.597,0.20535,0.096172,343.89,77.53,6.9918,14.001,32.525,4457.0,22.651,49.973,49.97,80.168,2.2681,1.6901,3095.1,42.128,53.744,94.495,9.3638,60.249,38.013,38.9,2631.4,62.862,25.718,52.378,0.33343,8.9489,26.397,120.4,1.3129,75.23,23.201,2.3415,54.319,5.0349,248.96,0.021897,0.80453,66.466,18.973,44.14
576,2026-04-14T21:45:00,49.246,22.299,26.83,33.671,40.955,2703.8,3640.7,18.862,18.453,22.708,0.22747,0.12491,343.5,77.517,6.9119,13.807,32.424,4495.3,22.606,44.789,49.365,80.347,2.2805,1.6518,3098.2,42.411,53.037,94.704,9.4118,60.179,36.23,42.937,2631.7,62.957,23.168,52.03,0.36079,8.8931,25.882,120.39,1.2039,75.04,23.541,2.2524,54.371,4.9192,249.72,0.014008,0.81838,66.529,18.524,43.423
577,2026-04-14T21:48:00,49.431,22.305,26.645,33.671,41.56,2704.8,3626.8,18.304,18.453,23.158,0.22741,0.12491,343.63,77.629,6.9119,13.807,32.424,4489.2,22.832,45.217,50.296,80.4,2.2805,1.6518,3097.1,42.773,53.11,94.507,9.4124,62.392,38.97,42.169,2634.5,63.197,24.422,51.745,0.36708,8.8931,25.882,120.43,1.2039,74.478,23.541,2.2524,54.371,4.9192,249.57,0.014008,0.81838,66.53,18.524,43.423
578,2026-04-14T21:51:00,51.109,23.182,27.058,33.528,40.248,2705.1,3654.5,17.018,18.337,22.843,0.23209,0.12491,343.69,77.914,6.9245,13.873,32.722,4494.5,23.359,49.102,50.54,80.405,2.2797,1.6675,3099.9,42.421,54.151,94.623,9.4043,61.385,39.688,39.799,2634.7,63.355,24.132,51.741,0.3449,8.6206,26.454,120.4,1.2047,74.654,23.489,2.313,54.371,4.8586,246.27,0.014008,0.81838,66.527,18.448,43.423
579,2026-04-14T21:54:00,51.464,22.941,26.515,33.528,41.547,2706.6,3684.7,22.699,18.337,22.655,0.23455,0.12491,343.53,77.29,6.9245,13.873,32.722,4560.7,20.975,49.923,49.696,80.451,2.2797,1.6675,3101.6,42.595,53.359,94.445,9.4123,60.133,37.204,40.451,2636.3,62.835,24.624,51.563,0.33955,8.6206,26.454,120.43,1.2047,74.366,23.489,2.313,54.371,4.8586,244.88,0.014008,0.81838,66.574,18.448,43.423
580,2026-04-14T21:57:00,51.454,19.749,27.271,32.821,40.953,2704.4,3651.9,21.312,18.716,22.923,0.20137,0.12491,343.89,77.124,6.6598,13.769,32.384,4559.8,21.57,49.9,49.342,80.114,2.2821,1.6656,3098.4,42.22,53.607,94.621,9.39,62.658,36.164,41.08,2633.2,63.255,23.653,51.334,0.34909,8.8922,25.99,120.39,1.1798,74.629,24.16,2.277,54.371,4.8883,244.14,0.014008,0.81838,66.512,18.699,43.423
581,2026-04-14T22:00:00,49.293,19.645,26.733,32.821,40.73,2701.9,3659.2,15.057,18.716,22.671,0.20242,0.10061,343.26,77.319,6.6598,13.769,32.384,4529.1,24.208,44.898,50.006,79.864,2.2821,1.6656,3097.0,42.366,53.975,94.434,9.4532,62.681,38.117,41.228,2631.3,63.129,26.237,51.255,0.34788,8.8922,25.99,120.4,1.1798,74.317,24.16,2.277,54.264,4.8883,245.28,0.015772,0.78316,66.388,18.699,43.749
582,2026-04-14T22:03:00,49.785,22.388,27.024,33.299,41.585,2706.0,3746.8,19.667,18.365,22.833,0.2323,0.10061,343.36,77.8,6.928,13.788,32.277,4462.8,22.247,46.037,51.424,80.192,2.2076,1.635,3100.4,42.478,54.185,94.572,9.3247,62.438,42.29,39.421,2635.8,64.029,24.647,51.319,0.33999,8.9008,26.303,120.39,1.262,74.961,23.723,2.3274,54.264,4.8806,242.88,0.015772,0.78316,66.33,18.75,43.749
583,2026-04-14T22:06:00,49.348,22.5,26.891,33.299,42.082,2704.5,3722.8,17.694,18.365,22.319,0.23116,0.10061,343.22,77.457,6.928,13.788,32.277,4468.4,23.084,45.026,50.13,80.239,2.2076,1.635,3101.4,42.41,54.118,94.194,9.3628,63.78,38.483,39.889,2634.2,64.441,26.429,51.06,0.33615,8.9008,26.303,120.42,1.262,74.86,23.723,2.3274,54.264,4.8806,244.01,0.015772,0.78316,66.368,18.75,43.749
584,2026-04-14T22:09:00,48.904,23.677,26.823,33.686,41.495,2702.9,3655.1,15.651,18.255,22.197,0.23684,0.10061,343.01,77.358,6.6356,13.808,32.325,4546.3,23.951,43.998,51.326,80.055,2.2516,1.7216,3099.4,42.227,53.068,94.549,9.307,61.108,42.002,40.247,2631.6,63.337,25.658,50.886,0.33687,8.8897,26.409,120.38,1.256,74.115,23.443,2.2759,54.264,4.8297,244.22,0.015772,0.78316,66.328,18.956,43.749
585,2026-04-14T22:12:00,50.668,23.605,26.935,33.686,41.536,2704.7,3631.4,17.613,18.255,22.591,0.23757,0.10061,343.36,77.376,6.6356,13.808,32.325,4504.0,23.121,48.08,49.499,80.217,2.2516,1.7216,3099.7,42.337,53.574,94.475,9.3948,61.749,36.627,40.35,2633.4,63.745,26.302,50.842,0.33602,8.8897,26.409,120.39,1.256,76.137,23.443,2.2759,54.264,4.8297,243.02,0.015772,0.78316,66.311,18.956,43.749
586,2026-04-14T22:15:00,50.257,22.828,27.001,33.041,41.698,2702.9,3748.6,17.776,18.138,22.313,0.23397,0.090605,342.92,77.159,7.0255,13.833,32.23,4461.4,23.063,47.13,50.863,80.08,2.2252,1.6275,3101.3,42.289,53.568,94.423,9.3282,62.273,40.641,40.176,2632.5,64.387,23.443,50.035,0.34145,8.9367,26.242,120.41,1.1382,74.626,23.671,2.3123,53.924,4.8409,239.56,0.037172,0.80366,66.28,18.316,43.997
587,2026-04-14T22:18:00,49.663,22.785,26.759,33.041,41.823,2704.4,3764.7,19.732,18.138,22.572,0.23441,0.090605,342.7,77.435,7.0255,13.833,32.23,4459.2,22.233,45.755,51.966,80.144,2.2252,1.6275,3100.1,42.538,53.593,94.407,9.3532,59.927,43.886,40.107,2633.2,64.11,25.263,49.544,0.34201,8.9367,26.242,120.42,1.1382,75.312,23.671,2.3123,53.924,4.8409,238.7,0.037172,0.80366,66.211,18.316,43.997
588,2026-04-14T22:21:00,50.308,23.575,26.821,33.319,40.961,2705.3,3649.9,17.762,18.018,22.716,0.24287,0.090605,343.23,77.643,7.1039,13.734,32.304,4519.3,23.05,47.247,51.176,80.258,2.2677,1.67,3099.9,41.798,54.469,94.337,9.4764,61.102,41.562,40.555,2634.3,62.714,26.018,49.122,0.34384,9.0101,26.075,120.38,1.2487,75.38,23.794,2.2617,53.924,4.8849,237.09,0.037172,0.80366,66.16,18.847,43.997
589,2026-04-14T22:24:00,50.327,23.674,26.779,33.319,41.315,2706.0,3644.6,20.381,18.018,22.456,0.24187,0.090605,342.98,77.527,7.1039,13.734,32.304,4533.6,21.945,47.291,49.91,80.348,2.2677,1.67,3101.9,42.51,54.298,94.69,9.4055,62.374,37.835,40.76,2635.3,62.806,24.5,48.701,0.34216,9.0101,26.075,120.4,1.2487,75.572,23.794,2.2617,53.924,4.8849,235.43,0.037172,0.80366,66.174,18.847,43.997
590,2026-04-14T22:27:00,49.924,22.919,26.847,33.157,41.175,2705.3,3588.9,18.277,18.182,22.573,0.23358,0.090605,343.19,77.21,6.8512,13.999,32.656,4502.5,22.843,46.358,49.614,80.14,2.2881,1.707,3100.3,42.152,53.398,94.569,9.2745,62.35,36.964,39.168,2634.5,62.904,24.371,48.385,0.33306,8.6071,26.441,120.39,1.3752,75.088,24.438,2.1825,53.924,4.9792,232.64,0.037172,0.80366,66.112,18.617,43.997
591,2026-04-14T22:30:00,50.523,22.795,26.824,33.157,40.752,2707.0,3648.0,18.553,18.182,22.812,0.23484,0.10768,343.47,77.39,6.8512,13.999,32.656,4469.7,22.724,47.744,49.259,80.104,2.2881,1.707,3101.3,42.366,53.791,94.856,9.459,63.097,35.919,39.622,2636.1,61.887,26.029,47.982,0.32934,8.6071,26.441,120.4,1.3752,75.864,24.438,2.1825,53.015,4.9792,235.92,0.0021196,0.80234,66.001,18.617,43.439
592,2026-04-14T22:33:00,49.344,19.317,26.926,33.267,40.829,2707.5,3695.4,16.866,18.406,22.9,0.19594,0.10768,343.08,77.773,6.8895,13.846,32.986,4521.4,23.416,45.016,49.958,80.185,2.2593,1.6329,3102.8,42.353,53.745,94.529,9.3976,61.122,37.976,42.774,2636.5,63.198,24.226,48.036,0.36215,8.8568,26.547,120.41,1.182,75.487,23.784,2.3335,53.015,4.9651,231.26,0.0021196,0.80234,65.967,18.909,43.439
593,2026-04-14T22:36:00,49.349,19.318,26.876,33.267,40.667,2707.6,3662.3,18.868,18.406,22.574,0.19593,0.10768,342.69,77.266,6.8895,13.846,32.986,4528.6,22.583,45.028,49.048,80.275,2.2593,1.6329,3103.2,42.231,53.657,94.658,9.3604,62.104,35.298,43.085,2636.7,63.768,25.816,47.687,0.3596,8.8568,26.547,120.41,1.182,75.145,23.784,2.3335,53.015,4.9651,231.1,0.0021196,0.80234,65.936,18.909,43.439
594,2026-04-14T22:39:00,50.641,15.705,27.051,32.963,40.694,2703.2,3670.4,18.334,18.467,22.346,0.15576,0.10768,342.6,77.154,6.8649,13.739,32.684,4479.1,22.822,48.017,49.036,79.933,2.2723,1.5922,3099.7,42.411,53.537,94.593,9.5188,61.308,35.262,40.585,2631.6,63.303,25.133,47.465,0.34768,8.8563,26.881,120.4,1.208,74.958,24.116,2.3345,53.015,4.8863,229.56,0.0021196,0.80234,65.858,18.589,43.439
595,2026-04-14T22:42:00,48.948,15.624,26.558,32.963,41.335,2703.9,3654.4,19.446,18.467,22.555,0.15658,0.10768,342.54,77.143,6.8649,13.739,32.684,4490.1,22.357,44.1,47.872,79.99,2.2723,1.5922,3097.9,42.394,53.406,94.704,9.4438,60.733,31.837,40.891,2632.7,63.579,24.585,47.121,0.34518,8.8563,26.881,120.4,1.208,75.523,24.116,2.3345,53.015,4.8863,229.46,0.0021196,0.80234,65.789,18.589,43.439
596,2026-04-14T22:45:00,49.297,17.639,26.667,33.153,41.356,2702.8,3707.1,18.87,19.032,22.39,0.18093,0.092205,342.26,77.107,6.8462,13.851,32.355,4481.1,22.608,44.907,50.586,79.872,2.2512,1.6324,3099.1,42.578,54.303,94.657,9.4318,63.384,39.825,39.244,2631.6,62.891,27.04,46.808,0.3348,8.9682,26.791,120.4,1.2893,75.18,24.057,2.3582,53.91,4.8753,228.0,0.015448,0.80166,65.673,18.607,43.858
597,2026-04-14T22:48:00,50.422,17.838,26.388,33.153,40.989,2703.5,3638.9,14.908,19.032,21.832,0.1789,0.092205,342.06,77.432,6.8462,13.851,32.355,4484.1,24.275,47.51,50.07,79.887,2.2512,1.6324,3099.9,42.215,54.267,94.719,9.5318,61.918,38.305,39.12,2632.0,64.066,27.35,46.302,0.33582,8.9682,26.791,120.4,1.2893,74.333,24.057,2.3582,53.91,4.8753,229.34,0.015448,0.80166,65.612,18.607,43.858
598,2026-04-14T22:51:00,48.425,20.42,27.128,32.779,41.037,2708.4,3692.6,18.754,18.506,22.591,0.20955,0.092205,341.82,78.21,6.8438,13.715,31.933,4530.9,22.621,42.888,48.405,80.391,2.2591,1.6756,3105.2,42.245,53.692,94.517,9.4346,63.752,33.407,41.196,2637.8,63.33,26.039,46.23,0.34298,8.833,26.652,120.43,1.166,74.893,24.022,2.1909,53.91,4.8527,225.77,0.015448,0.80166,65.62,18.466,43.858
599,2026-04-14T22:54:00,51.59,20.322,26.846,32.779,41.46,2711.5,3659.7,16.794,18.506,22.595,0.21055,0.092205,341.89,77.83,6.8438,13.715,31.933,4502.9,23.443,50.213,51.055,80.578,2.2591,1.6756,3108.0,42.097,54.027,94.441,9.3053,61.162,41.204,41.079,2640.4,63.895,25.132,45.833,0.34394,8.833,26.652,120.43,1.166,75.22,24.022,2.1909,53.91,4.8527,225.8,0.015448,0.80166,65.694,18.466,43.858
600,2026-04-14T22:57:00,49.641,24.491,26.912,32.807,41.444,2710.4,3673.6,17.418,18.433,22.423,0.25067,0.092205,341.96,76.974,6.9595,13.845,32.389,4520.8,23.199,45.703,50.679,80.398,2.2716,1.6492,3107.0,42.089,54.199,94.507,9.4613,60.884,40.098,38.731,2639.9,63.713,23.6,45.671,0.33291,8.8661,26.9,120.41,1.0937,74.662,23.973,2.3404,53.91,4.8145,223.17,0.015448,0.80166,65.711,18.473,43.858
601,2026-04-14T23:00:00,48.666,24.599,27.004,32.807,41.588,2706.1,3647.1,17.093,18.433,21.695,0.24958,0.098979,341.47,76.895,6.9595,13.845,32.389,4521.3,23.354,43.447,49.838,79.858,2.2716,1.6492,3105.5,42.574,54.193,94.537,9.3483,61.839,37.623,38.968,2634.7,64.17,25.87,45.414,0.33096,8.8661,26.9,120.41,1.0937,74.689,23.973,2.3404,54.503,4.8145,220.82,0.024007,0.80421,65.625,18.473,44.132
602,2026-04-14T23:03:00,51.127,20.113,26.915,33.333,40.301,2705.2,3638.8,17.581,18.09,22.274,0.20753,0.098979,341.54,77.046,6.9027,13.811,31.927,4520.4,23.156,49.141,50.028,79.767,2.2689,1.6332,3102.8,42.198,54.238,94.652,9.3453,60.756,38.183,40.787,2633.8,63.278,26.584,45.083,0.34406,8.8093,26.869,120.37,1.306,74.939,24.025,2.2684,54.503,4.9307,219.92,0.024007,0.80421,65.437,18.721,44.132
603,2026-04-14T23:06:00,48.34,20.264,26.731,33.333,41.767,2709.2,3647.7,19.897,18.09,22.468,0.206,0.098979,341.89,77.586,6.9027,13.811,31.927,4550.7,22.162,42.692,50.598,80.071,2.2689,1.6332,3104.7,42.235,53.876,94.691,9.3698,60.844,39.861,40.787,2638.4,63.125,24.943,44.499,0.34406,8.8093,26.869,120.38,1.306,75.414,24.025,2.2684,54.503,4.9307,221.88,0.024007,0.80421,65.372,18.721,44.132
604,2026-04-14T23:09:00,51.288,24.744,26.65,33.074,40.964,2711.7,3665.3,19.442,18.317,22.435,0.25037,0.098979,341.87,77.66,6.7694,13.759,31.705,4510.1,22.347,49.516,50.978,80.251,2.228,1.6437,3107.8,42.092,53.785,94.566,9.2831,64.115,40.979,41.022,2640.4,63.274,23.838,44.465,0.33471,8.7993,26.722,120.4,1.1368,74.655,24.131,2.2151,54.503,4.8426,217.62,0.024007,0.80421,65.343,18.892,44.132
605,2026-04-14T23:12:00,49.478,24.764,26.901,33.074,40.968,2710.6,3632.7,18.182,18.317,21.982,0.25016,0.098979,341.27,77.187,6.7694,13.759,31.705,4525.3,22.893,45.326,51.843,80.069,2.228,1.6437,3109.2,42.771,53.603,94.65,9.334,60.654,43.524,40.493,2638.4,63.835,24.487,44.199,0.33905,8.7993,26.722,120.42,1.1368,74.886,24.131,2.2151,54.503,4.8426,215.97,0.024007,0.80421,65.342,18.892,44.132
606,2026-04-14T23:15:00,51.401,27.059,26.92,32.865,40.67,2712.0,3727.6,19.699,18.245,22.344,0.27759,0.093968,341.86,77.163,6.9901,13.684,32.106,4502.3,22.255,49.777,52.336,80.06,2.2268,1.6234,3109.0,42.499,53.452,94.48,9.4799,60.794,44.975,39.297,2640.3,63.415,25.54,43.676,0.33691,8.7738,27.046,120.39,1.2526,75.069,24.105,2.3156,53.841,4.8871,217.33,0.021699,0.81468,65.277,18.512,42.665
607,2026-04-14T23:18:00,49.137,27.028,26.858,32.865,41.537,2712.5,3708.6,15.739,18.245,22.206,0.27791,0.093968,341.62,77.68,6.9901,13.684,32.106,4511.8,23.906,44.538,49.292,80.145,2.2268,1.6234,3110.8,42.4,53.337,94.439,9.3139,62.353,36.017,39.944,2641.3,63.743,25.477,43.312,0.33162,8.7738,27.046,120.43,1.2526,74.949,24.105,2.3156,53.841,4.8871,216.87,0.021699,0.81468,65.246,18.512,42.665
608,2026-04-14T23:21:00,50.596,23.352,26.843,32.85,40.921,2713.8,3659.7,17.544,18.487,22.907,0.24351,0.093968,342.09,77.422,6.9217,13.734,31.981,4549.5,23.147,47.913,48.885,80.245,2.2683,1.6137,3109.3,41.99,53.832,94.373,9.2849,63.54,34.818,38.637,2643.6,62.649,23.935,43.204,0.32472,8.8787,26.877,120.41,1.1784,75.095,23.959,2.3244,53.841,4.8765,213.51,0.021699,0.81468,65.216,18.735,42.665
609,2026-04-14T23:24:00,51.211,23.525,27.123,32.85,40.665,2712.6,3667.6,17.46,18.487,22.615,0.24176,0.093968,342.0,77.096,6.9217,13.734,31.981,4471.1,23.197,49.337,49.221,80.023,2.2683,1.6137,3108.7,42.193,54.77,94.675,9.4427,62.404,35.809,38.636,2641.7,62.513,24.584,42.987,0.32474,8.8787,26.877,120.37,1.1784,75.86,23.959,2.3244,53.841,4.8765,211.44,0.021699,0.81468,65.169,18.735,42.665
610,2026-04-14T23:27:00,49.526,24.908,26.821,32.92,41.545,2711.9,3687.8,20.076,18.578,22.565,0.2549,0.093968,342.41,77.152,6.9631,13.726,31.835,4503.9,22.098,45.438,51.443,79.931,2.2648,1.5961,3108.1,42.292,53.857,94.506,9.2857,61.764,42.346,39.259,2641.7,62.697,24.494,42.461,0.32912,8.9309,26.641,120.4,1.125,75.616,24.497,2.3235,53.841,4.8893,212.89,0.021699,0.81468,65.098,18.251,42.665
611,2026-04-14T23:30:00,49.779,25.05,26.807,32.92,41.011,2712.2,3646.4,20.49,18.578,22.554,0.25345,0.098684,342.33,77.202,6.9631,13.726,31.835,4483.1,21.925,46.023,50.002,79.901,2.2648,1.5961,3107.4,42.228,54.106,94.611,9.3411,62.519,38.106,39.108,2641.5,63.408,26.33,42.271,0.33036,8.9309,26.641,120.38,1.125,74.715,24.497,2.3235,53.986,4.8893,213.09,0.020467,0.84069,65.026,18.251,44.079
612,2026-04-14T23:33:00,50.985,26.263,27.307,32.81,41.599,2712.9,3641.9,16.269,18.564,22.715,0.27515,0.098684,342.21,77.146,6.7792,13.764,32.412,4581.0,23.711,48.813,49.655,79.832,2.2608,1.6398,3109.6,42.323,54.169,94.631,9.3325,62.678,37.085,38.876,2641.7,63.065,25.536,42.265,0.32936,9.0838,26.757,120.4,1.193,76.735,24.379,2.3258,53.986,4.8522,209.83,0.020467,0.84069,64.945,18.253,44.079
613,2026-04-14T23:36:00,51.526,26.749,26.918,32.81,41.272,2715.2,3651.7,18.552,18.564,22.816,0.27021,0.098684,342.42,77.536,6.7792,13.764,32.412,4573.9,22.737,50.067,49.79,79.987,2.2608,1.6398,3111.1,42.203,54.254,94.592,9.404,62.218,37.481,39.065,2644.8,62.897,26.111,41.966,0.32781,9.0838,26.757,120.4,1.193,76.211,24.379,2.3258,53.986,4.8522,209.89,0.020467,0.84069,64.889,18.253,44.079
614,2026-04-14T23:39:00,49.065,21.304,26.681,32.991,41.139,2716.0,3729.2,16.76,18.487,22.447,0.21542,0.098684,342.08,77.478,6.91,13.785,32.234,4536.9,23.487,44.369,49.457,80.111,2.2696,1.609,3113.1,42.481,54.78,94.523,9.3606,61.42,36.503,39.366,2645.7,63.188,25.54,41.903,0.33295,8.9559,27.074,120.4,1.4539,75.201,24.36,2.2592,53.986,4.8024,207.27,0.020467,0.84069,64.908,18.675,44.079
615,2026-04-14T23:42:00,50.193,21.223,26.661,32.991,42.418,2714.3,3689.2,19.361,18.487,22.379,0.21625,0.098684,341.64,77.105,6.91,13.785,32.234,4552.3,22.404,46.98,49.71,80.012,2.2696,1.609,3112.4,42.188,54.596,94.47,9.3429,61.427,37.247,39.014,2643.5,63.876,26.112,41.473,0.33583,8.9559,27.074,120.42,1.4539,76.185,24.36,2.2592,53.986,4.8024,208.79,0.020467,0.84069,64.908,18.675,44.079
616,2026-04-14T23:45:00,49.823,22.903,26.875,32.683,40.47,2711.6,3653.6,17.318,18.368,22.314,0.23077,0.084019,342.07,76.985,7.0982,13.616,32.28,4507.1,23.273,46.124,49.763,79.879,2.2434,1.6488,3108.3,42.465,54.153,94.647,9.3136,61.212,37.403,39.571,2640.5,63.376,25.039,41.843,0.33508,8.7837,26.537,120.38,1.3444,75.497,24.512,2.2502,53.058,4.8025,208.66,0.032776,0.85333,64.85,18.813,43.838
617,2026-04-14T23:48:00,50.239,22.924,26.333,32.683,41.522,2710.5,3680.0,17.259,18.368,22.303,0.23056,0.084019,342.16,77.11,7.0982,13.616,32.28,4542.0,23.3,47.087,50.846,79.873,2.2434,1.6488,3106.7,42.001,53.736,94.6,9.3049,59.792,40.591,39.729,2639.7,62.922,24.209,41.9,0.33379,8.7837,26.537,120.42,1.3444,75.4,24.512,2.2502,53.058,4.8025,207.94,0.032776,0.85333,64.794,18.813,43.838
618,2026-04-14T23:51:00,48.276,22.416,27.389,32.338,40.319,2711.4,3624.6,19.004,18.098,23.178,0.22539,0.084019,342.16,77.268,6.99,13.643,31.937,4526.7,22.559,42.545,49.777,79.984,2.2595,1.6594,3106.2,42.113,53.586,94.76,9.2589,63.172,37.443,37.232,2641.1,62.109,25.5,41.893,0.31577,8.9366,26.918,120.36,1.2865,75.803,24.34,2.2343,53.058,4.8332,207.93,0.032776,0.85333,64.784,18.931,43.838
619,2026-04-14T23:54:00,50.15,22.38,27.133,32.338,41.052,2712.4,3619.9,17.521,18.098,22.909,0.22575,0.084019,341.59,77.419,6.99,13.643,31.937,4462.7,23.18,46.881,50.207,80.023,2.2595,1.6594,3107.5,42.232,54.352,94.72,9.3066,61.486,38.709,37.351,2641.4,62.19,25.798,41.798,0.3148,8.9366,26.918,120.4,1.2865,76.692,24.34,2.2343,53.058,4.8332,208.88,0.032776,0.85333,64.81,18.931,43.838
620,2026-04-14T23:57:00,49.982,25.79,26.946,32.787,40.134,2712.9,3647.9,17.363,18.742,22.456,0.25903,0.084019,341.59,77.03,7.1004,13.791,31.7,4488.7,23.257,46.493,48.928,79.983,2.2712,1.6319,3108.8,42.471,53.733,94.788,9.4081,62.24,34.945,37.663,2642.0,62.504,24.981,41.812,0.31576,8.6331,26.603,120.37,1.2307,75.594,24.773,2.2344,53.058,4.8676,208.64,0.032776,0.85333,64.826,18.446,43.838
621,2026-04-15T00:00:00,49.796,25.663,26.533,32.787,40.745,2713.3,3621.2,17.301,18.742,22.503,0.26032,0.090643,342.44,77.054,7.1004,13.791,31.7,4486.5,23.291,46.061,51.424,79.811,2.2712,1.6319,3108.6,41.85,53.76,94.682,9.3793,63.368,42.29,37.481,2641.6,62.963,25.731,42.051,0.31725,8.6331,26.603,120.41,1.2307,75.076,24.773,2.2344,53.992,4.8676,209.73,0.025875,0.83887,64.796,18.446,43.542
622,2026-04-15T00:03:00,49.381,28.389,26.835,32.923,39.908,2716.4,3624.9,17.461,18.49,22.782,0.28619,0.090643,342.46,77.323,6.8909,13.647,32.387,4556.9,23.218,45.101,50.241,79.888,2.2616,1.6257,3109.7,42.355,54.123,94.911,9.4346,60.72,38.81,39.071,2645.4,61.777,25.719,42.192,0.33538,8.9164,26.53,120.39,1.1551,75.706,24.11,2.3052,53.992,4.9319,209.76,0.025875,0.83887,64.782,18.717,43.542
623,2026-04-15T00:06:00,50.987,28.18,26.6,32.923,40.632,2718.0,3577.8,17.625,18.49,22.678,0.28831,0.090643,342.36,77.424,6.8909,13.647,32.387,4548.9,23.144,48.819,48.994,79.966,2.2616,1.6257,3113.0,42.489,54.219,94.584,9.4202,61.167,35.14,39.33,2647.2,62.588,26.444,42.267,0.33326,8.9164,26.53,120.41,1.1551,74.518,24.11,2.3052,53.992,4.9319,210.49,0.025875,0.83887,64.818,18.717,43.542
624,2026-04-15T00:09:00,48.812,21.877,27.029,32.5,41.032,2719.7,3653.1,17.231,18.128,23.239,0.22249,0.090643,342.74,77.63,6.8963,13.78,31.887,4535.8,23.298,43.785,49.136,80.087,2.2332,1.658,3114.2,42.336,53.743,94.808,9.4012,63.128,35.558,37.678,2649.3,63.024,24.612,42.319,0.31396,8.9444,26.668,120.39,1.2342,75.361,24.444,2.2818,53.992,4.8633,211.48,0.025875,0.83887,64.829,18.459,43.542
625,2026-04-15T00:12:00,50.861,21.689,27.162,32.5,41.613,2717.1,3638.9,18.151,18.128,22.716,0.2244,0.090643,342.47,76.658,6.8963,13.78,31.887,4496.0,22.944,48.526,50.242,79.845,2.2332,1.658,3113.4,42.348,54.22,94.625,9.3255,59.797,38.813,37.611,2646.2,63.268,23.985,42.417,0.3145,8.9444,26.668,120.43,1.2342,74.448,24.444,2.2818,53.992,4.8633,211.91,0.025875,0.83887,64.865,18.459,43.542
626,2026-04-15T00:15:00,48.403,26.64,26.591,32.868,40.258,2713.3,3691.2,20.347,18.649,22.174,0.27179,0.087633,342.58,76.762,6.777,13.652,32.315,4522.5,22.038,42.839,51.471,79.404,2.1991,1.6639,3109.5,42.477,54.569,94.717,9.4054,61.034,42.428,38.529,2641.6,62.309,27.213,42.061,0.33494,8.7992,27.021,120.39,1.1565,74.881,24.432,2.1983,53.736,4.7539,213.63,-0.0057018,0.85154,64.763,18.782,43.327
627,2026-04-15T00:18:00,50.071,26.849,26.812,32.868,41.487,2716.6,3678.7,18.912,18.649,22.717,0.26966,0.087633,342.72,77.254,6.777,13.652,32.315,4524.4,22.628,46.698,49.619,79.67,2.1991,1.6639,3112.3,42.575,54.546,94.603,9.3636,58.326,36.98,39.276,2645.1,62.525,25.18,42.257,0.32882,8.7992,27.021,120.43,1.1565,74.057,24.432,2.1983,53.736,4.7539,211.37,-0.0057018,0.85154,64.684,18.782,43.327
628,2026-04-15T00:21:00,48.87,22.744,26.965,32.663,41.046,2720.1,3688.7,18.526,18.128,23.232,0.23055,0.087633,342.55,77.492,6.9371,13.734,32.192,4542.0,22.772,43.918,51.169,80.058,2.2496,1.6581,3113.0,42.015,53.566,94.624,9.2945,61.408,41.539,37.363,2649.2,63.44,24.383,42.361,0.31511,8.883,26.673,120.4,1.4051,75.034,24.688,2.2565,53.736,4.9055,210.09,-0.0057018,0.85154,64.751,18.735,43.327
629,2026-04-15T00:24:00,50.883,22.801,26.947,32.663,40.967,2716.8,3720.2,18.864,18.128,22.76,0.22998,0.087633,342.25,77.313,6.9371,13.734,32.192,4501.5,22.634,48.578,48.866,79.999,2.2496,1.6581,3112.2,42.078,54.052,94.422,9.3673,60.187,34.764,37.133,2645.7,62.898,24.362,42.377,0.31699,8.883,26.673,120.43,1.4051,74.644,24.688,2.2565,53.736,4.9055,209.73,-0.0057018,0.85154,64.845,18.735,43.327
630,2026-04-15T00:27:00,48.107,23.815,27.043,32.935,41.157,2715.4,3654.2,18.908,18.148,22.684,0.24205,0.087633,342.39,77.118,7.0705,13.585,31.701,4526.3,22.615,42.153,50.21,79.983,2.2375,1.6209,3110.6,42.036,53.873,94.597,9.2718,63.118,38.719,38.101,2644.4,62.654,25.766,42.129,0.32547,8.961,26.96,120.4,1.1434,75.789,24.153,2.3594,53.736,4.8206,212.33,-0.0057018,0.85154,64.883,18.709,43.327
631,2026-04-15T00:30:00,48.136,23.809,27.233,32.935,41.053,2712.5,3648.4,18.948,18.148,22.538,0.24211,0.089409,342.41,76.507,7.0705,13.585,31.701,4539.3,22.624,42.22,51.027,79.81,2.2375,1.6209,3109.5,42.393,53.717,94.572,9.3524,59.996,41.122,38.032,2640.8,62.754,26.014,42.559,0.32604,8.961,26.96,120.38,1.1434,75.78,24.153,2.3594,53.739,4.8206,211.16,0.034197,0.84394,64.893,18.709,44.16
632,2026-04-15T00:33:00,50.511,28.681,26.674,32.438,40.841,2712.2,3614.8,17.615,18.149,22.643,0.29248,0.089409,342.46,77.024,7.0022,13.575,32.567,4523.5,23.183,47.716,50.654,79.542,2.2408,1.6307,3106.8,42.523,53.98,94.852,9.4183,59.273,40.026,36.357,2641.1,62.047,25.176,42.698,0.30506,8.7029,26.653,120.39,1.1675,75.514,24.373,2.274,53.739,4.8144,211.16,0.034197,0.84394,64.813,18.857,44.16
633,2026-04-15T00:36:00,50.102,28.661,26.912,32.438,40.679,2714.0,3611.5,16.44,18.149,22.963,0.29268,0.089409,342.78,76.866,7.0022,13.575,32.567,4533.0,23.692,46.769,49.429,79.593,2.2408,1.6307,3108.4,42.301,53.866,94.789,9.3187,62.629,36.42,36.267,2642.8,62.104,24.013,42.755,0.30579,8.7029,26.653,120.38,1.1675,74.693,24.373,2.274,53.739,4.8144,212.09,0.034197,0.84394,64.787,18.857,44.16
634,2026-04-15T00:39:00,48.417,20.654,27.163,32.56,40.901,2716.2,3676.4,17.234,18.405,23.175,0.20775,0.089409,343.32,77.541,7.0155,13.739,32.044,4534.1,23.332,42.87,49.665,79.816,2.1789,1.6773,3109.4,42.13,53.49,94.721,9.3794,61.126,37.113,35.923,2646.0,61.441,26.16,42.654,0.30341,8.7802,26.318,120.39,1.3616,75.105,24.836,2.3224,53.739,4.7363,214.78,0.034197,0.84394,64.794,18.785,44.16
635,2026-04-15T00:42:00,49.723,20.488,26.888,32.56,40.696,2718.5,3642.2,18.243,18.405,23.134,0.20944,0.089409,343.0,77.529,7.0155,13.739,32.044,4506.7,22.898,45.893,50.229,80.038,2.1789,1.6773,3111.5,42.186,53.817,94.804,9.3699,62.284,38.774,36.324,2647.7,62.03,24.903,42.982,0.30013,8.7802,26.318,120.41,1.3616,75.111,24.836,2.3224,53.739,4.7363,212.57,0.034197,0.84394,64.875,18.785,44.16
636,2026-04-15T00:45:00,48.318,25.323,27.033,33.107,40.546,2715.5,3591.2,17.774,18.275,22.513,0.25907,0.11062,342.05,77.082,6.8467,13.627,31.972,4508.5,23.111,42.641,49.891,79.867,2.2239,1.6662,3112.5,42.13,53.965,94.708,9.371,60.314,37.779,37.874,2644.7,62.671,25.316,42.609,0.32156,8.8348,26.248,120.41,1.4839,75.517,24.915,2.2509,53.892,4.8165,216.28,0.024167,0.84345,64.929,18.291,43.286
637,2026-04-15T00:48:00,49.252,25.247,27.034,33.107,40.438,2716.7,3605.3,20.081,18.275,23.003,0.25984,0.11062,343.0,77.141,6.8467,13.627,31.972,4523.5,22.145,44.804,51.73,79.732,2.2239,1.6662,3110.6,42.108,53.785,94.863,9.4027,59.302,43.191,37.55,2645.0,62.428,26.018,42.934,0.32422,8.8348,26.248,120.38,1.4839,75.559,24.915,2.2509,53.892,4.8165,213.29,0.024167,0.84345,64.932,18.291,43.286
638,2026-04-15T00:51:00,50.476,26.322,26.654,32.755,41.968,2718.9,3674.1,19.912,18.654,22.932,0.2666,0.11062,342.95,77.292,6.8235,13.654,32.142,4572.0,22.209,47.635,48.471,79.819,2.2351,1.6802,3113.2,42.275,54.457,94.621,9.3936,61.864,33.601,36.124,2648.6,62.678,26.299,42.956,0.30963,8.966,26.685,120.43,1.3361,74.93,24.234,2.3538,53.892,4.7579,213.71,0.024167,0.84345,64.899,18.811,43.286
639,2026-04-15T00:54:00,51.447,26.279,26.874,32.755,39.879,2717.7,3660.4,17.731,18.654,22.609,0.26704,0.11062,342.53,77.136,6.8235,13.654,32.142,4561.0,23.139,49.882,51.139,79.564,2.2351,1.6802,3113.8,42.272,54.588,94.719,9.3229,63.731,41.452,36.332,2646.6,62.914,25.418,43.037,0.30791,8.966,26.685,120.4,1.3361,74.797,24.234,2.3538,53.892,4.7579,213.48,0.024167,0.84345,64.88,18.811,43.286
640,2026-04-15T00:57:00,48.344,24.913,26.933,33.234,41.411,2720.2,3633.7,19.039,18.815,23.023,0.2508,0.11062,342.51,77.613,6.8609,13.861,32.086,4498.9,22.572,42.703,49.727,79.896,2.2358,1.6293,3114.8,42.383,54.094,94.467,9.3251,61.342,37.296,36.256,2649.4,63.622,25.427,42.994,0.31214,8.9375,26.343,120.43,1.3086,74.956,24.673,2.259,53.892,4.8362,214.64,0.024167,0.84345,64.845,18.744,43.286
641,2026-04-15T01:00:00,49.682,24.637,26.84,33.234,41.159,2717.4,3679.0,18.294,18.815,22.667,0.2536,0.1089,342.61,76.847,6.8609,13.861,32.086,4488.3,22.905,45.797,51.412,79.816,2.2358,1.6293,3113.8,42.39,54.221,94.553,9.2972,60.763,42.255,36.682,2646.7,62.841,24.401,43.087,0.30864,8.9375,26.343,120.4,1.3086,74.969,24.673,2.259,54.457,4.8362,214.26,0.0075138,0.86764,64.899,18.744,43.217
642,2026-04-15T01:03:00,49.798,25.443,26.719,32.908,41.356,2716.5,3649.4,18.597,18.17,22.902,0.25777,0.1089,342.72,77.19,6.7808,13.683,32.078,4506.5,22.773,46.067,50.413,79.708,2.2563,1.6478,3112.1,42.288,54.168,94.62,9.2208,63.061,39.315,39.334,2645.6,63.061,25.078,43.132,0.33164,8.8155,26.548,120.41,1.1341,74.654,24.72,2.2675,54.457,4.7489,214.42,0.0075138,0.86764,64.903,18.666,43.217
643,2026-04-15T01:06:00,49.268,25.492,26.712,32.908,41.6,2717.6,3685.5,16.712,18.17,22.868,0.25728,0.1089,343.24,77.497,6.7808,13.683,32.078,4558.7,23.553,44.84,49.957,79.868,2.2563,1.6478,3112.0,42.233,53.542,94.518,9.2659,59.959,37.973,39.651,2646.8,62.44,26.649,43.117,0.32904,8.8155,26.548,120.41,1.1341,74.736,24.72,2.2675,54.457,4.7489,215.22,0.0075138,0.86764,64.9,18.666,43.217
644,2026-04-15T01:09:00,50.133,25.526,26.906,32.904,41.459,2716.4,3692.9,20.128,18.432,22.602,0.26051,0.1089,342.72,77.151,6.9111,13.696,31.666,4527.0,22.122,46.842,51.72,79.859,2.2486,1.5827,3112.8,42.619,54.123,94.626,9.4117,59.823,43.163,36.88,2645.6,63.073,24.383,43.098,0.312,8.994,26.937,120.42,1.2314,75.449,24.2,2.3205,54.457,4.8532,216.06,0.0075138,0.86764,64.948,18.582,43.217
645,2026-04-15T01:12:00,51.286,25.528,26.892,32.904,41.203,2714.4,3689.1,20.037,18.432,22.786,0.26049,0.1089,342.44,77.051,6.9111,13.696,31.666,4528.3,22.17,49.511,50.044,79.671,2.2486,1.5827,3110.2,41.9,54.108,94.539,9.306,61.157,38.231,36.759,2643.0,63.138,24.118,43.249,0.31299,8.994,26.937,120.39,1.2314,75.644,24.2,2.3205,54.457,4.8532,215.03,0.0075138,0.86764,64.935,18.582,43.217
646,2026-04-15T01:15:00,48.114,29.719,26.793,32.559,40.852,2716.5,3668.6,19.73,18.696,22.88,0.30428,0.095255,342.65,77.444,6.9729,13.845,32.422,4515.8,22.289,42.169,49.617,79.799,2.2594,1.5978,3110.1,42.52,54.491,94.644,9.3178,60.906,36.972,37.063,2645.2,62.381,24.956,43.757,0.31183,8.8583,27.111,120.39,1.0683,75.009,24.391,2.1388,53.644,4.7843,217.31,0.022916,0.87659,64.963,18.78,42.663
647,2026-04-15T01:18:00,47.896,29.978,26.719,32.559,40.607,2714.6,3623.8,16.721,18.696,22.366,0.30165,0.095255,342.55,77.149,6.9729,13.845,32.422,4566.9,23.568,41.665,50.413,79.764,2.2594,1.5978,3112.0,42.62,53.879,94.531,9.3828,60.087,39.314,37.415,2643.7,63.153,24.735,44.237,0.30893,8.8583,27.111,120.4,1.0683,74.493,24.391,2.1388,53.644,4.7843,215.71,0.022916,0.87659,65.004,18.78,42.663
648,2026-04-15T01:21:00,49.935,22.664,26.775,32.782,40.431,2713.7,3622.0,18.71,18.762,22.976,0.23271,0.095255,342.81,77.089,7.0313,13.961,32.389,4462.5,22.731,46.384,50.545,79.745,2.244,1.6695,3108.2,42.4,54.658,94.77,9.405,60.048,39.703,38.968,2643.0,62.585,26.364,44.158,0.32826,8.7373,26.202,120.37,1.1544,76.062,24.401,2.2089,53.644,4.7261,220.4,0.022916,0.87659,65.029,18.215,42.663
649,2026-04-15T01:24:00,50.687,22.686,26.917,32.782,41.41,2711.8,3636.3,16.022,18.762,22.581,0.23249,0.095255,342.97,76.763,7.0313,13.961,32.389,4533.4,23.88,48.123,49.089,79.642,2.244,1.6695,3107.8,41.996,53.809,94.651,9.3804,58.987,35.418,39.073,2640.6,62.338,25.906,44.487,0.3274,8.7373,26.202,120.4,1.1544,74.982,24.401,2.2089,53.644,4.7261,220.5,0.022916,0.87659,65.042,18.215,42.663
650,2026-04-15T01:27:00,50.2,22.906,26.665,32.791,40.538,2713.2,3588.0,17.001,18.496,23.092,0.2321,0.095255,343.09,77.224,6.9828,13.794,32.058,4595.8,23.458,46.996,49.837,79.615,2.2569,1.6329,3106.1,42.112,54.496,94.948,9.329,62.385,37.621,40.546,2642.4,62.545,24.149,44.77,0.34157,8.9903,26.576,120.39,1.346,76.592,24.728,2.3823,53.644,4.8452,221.13,0.022916,0.87659,65.051,18.679,42.663
651,2026-04-15T01:30:00,50.024,22.693,26.998,32.791,40.148,2714.2,3581.7,16.171,18.496,23.042,0.23427,0.094414,342.64,77.44,6.9828,13.794,32.058,4532.7,23.798,46.589,49.562,79.803,2.2569,1.6329,3108.3,41.912,55.252,94.726,9.2036,62.224,36.811,40.925,2642.8,62.653,25.303,45.296,0.33846,8.9903,26.576,120.37,1.346,75.222,24.728,2.3823,54.519,4.8452,222.28,0.0051102,0.85692,65.081,18.679,43.201
652,2026-04-15T01:33:00,50.346,26.057,26.493,33.043,39.785,2715.4,3640.5,17.614,18.312,22.327,0.26343,0.094414,342.57,77.199,6.9111,13.823,32.229,4540.9,23.195,47.335,50.227,79.866,2.2784,1.6141,3110.9,42.259,54.069,94.835,9.3309,60.895,38.768,38.007,2643.9,61.948,25.328,45.739,0.32641,8.7693,26.499,120.41,1.1409,75.254,23.777,2.248,54.519,4.8038,222.44,0.0051102,0.85692,65.184,18.151,43.201
653,2026-04-15T01:36:00,49.842,25.958,27.435,33.043,41.1,2714.5,3601.7,18.121,18.312,22.796,0.26444,0.094414,342.32,77.188,6.9111,13.823,32.229,4522.2,22.985,46.168,50.253,79.705,2.2784,1.6141,3110.4,42.179,54.293,94.801,9.3236,61.167,38.844,38.148,2642.8,62.616,26.602,46.086,0.32525,8.7693,26.499,120.39,1.1409,74.138,23.777,2.248,54.519,4.8038,223.69,0.0051102,0.85692,65.232,18.151,43.201
654,2026-04-15T01:39:00,51.321,24.544,26.692,33.14,41.311,2717.3,3662.0,17.417,18.085,22.803,0.24662,0.094414,342.4,77.699,6.7144,13.718,31.815,4604.4,23.263,49.592,48.705,79.95,2.2796,1.6953,3112.5,42.662,54.668,94.621,9.2525,61.48,34.29,38.727,2647.1,62.147,24.874,46.164,0.32676,9.0247,26.244,120.41,1.0587,73.85,24.556,2.2502,54.519,4.72,227.93,0.0051102,0.85692,65.276,19.009,43.201
655,2026-04-15T01:42:00,47.553,24.439,27.04,33.14,40.917,2718.9,3637.3,19.399,18.085,22.843,0.24769,0.094414,342.2,77.487,6.7144,13.718,31.815,4601.5,22.42,40.871,48.63,80.193,2.2796,1.6953,3115.9,42.26,54.703,94.61,9.3689,62.389,34.068,38.696,2647.9,62.571,22.849,46.635,0.32701,9.0247,26.244,120.42,1.0587,75.636,24.556,2.2502,54.519,4.72,227.68,0.0051102,0.85692,65.409,19.009,43.201
656,2026-04-15T01:45:00,48.14,28.366,26.899,33.153,41.322,2716.5,3691.4,18.404,18.765,22.272,0.2913,0.11237,342.2,76.906,6.8719,13.881,32.071,4476.3,22.86,42.23,50.153,79.868,2.2645,1.6844,3114.3,42.327,54.127,94.491,9.2345,61.025,38.549,37.338,2645.2,63.431,26.174,46.752,0.3144,9.0169,26.565,120.43,1.333,74.617,24.662,2.2723,53.227,4.7732,226.33,0.011512,0.83914,65.478,18.872,43.817
657,2026-04-15T01:48:00,50.584,28.638,26.713,33.153,41.478,2713.5,3699.9,18.073,18.765,22.558,0.28853,0.11237,342.41,76.958,6.8719,13.881,32.071,4496.3,23.008,47.885,49.039,79.599,2.2645,1.6844,3110.4,42.381,53.888,94.604,9.1852,62.528,35.273,37.498,2642.9,63.285,24.792,46.861,0.31309,9.0169,26.565,120.4,1.333,75.444,24.662,2.2723,53.227,4.7732,227.98,0.011512,0.83914,65.454,18.872,43.817
658,2026-04-15T01:51:00,49.631,26.43,26.935,33.097,41.691,2712.9,3669.3,16.918,18.71,22.523,0.26653,0.11237,342.4,76.861,6.8171,13.596,32.567,4525.8,23.503,45.68,50.081,79.631,2.2657,1.6912,3108.2,42.373,53.843,94.558,9.3074,61.844,38.339,39.119,2640.9,62.513,24.973,47.036,0.33532,8.7289,26.949,120.42,1.0814,74.378,24.372,2.2991,53.227,4.7745,228.91,0.011512,0.83914,65.402,19.263,43.817
659,2026-04-15T01:54:00,51.42,26.236,26.589,33.097,40.133,2711.7,3655.1,16.572,18.71,22.603,0.26849,0.11237,342.44,77.343,6.8171,13.596,32.567,4551.9,23.636,49.821,50.335,79.691,2.2657,1.6912,3106.3,42.226,53.532,94.606,9.3099,60.316,39.085,39.717,2640.6,62.757,26.252,47.121,0.33042,8.7289,26.949,120.36,1.0814,75.187,24.372,2.2991,53.227,4.7745,230.84,0.011512,0.83914,65.427,19.263,43.817
660,2026-04-15T01:57:00,48.496,21.331,26.536,32.563,41.645,2714.4,3662.5,17.6,18.59,22.873,0.21968,0.11237,342.87,77.54,6.8448,13.877,32.057,4474.9,23.185,43.054,51.629,80.129,2.2728,1.6225,3107.8,42.075,53.445,94.573,9.4023,62.076,42.893,35.412,2644.1,63.147,23.626,47.26,0.30219,8.9629,26.627,120.42,1.2561,74.603,24.156,2.1974,53.227,4.6905,232.07,0.011512,0.83914,65.516,18.622,43.817
661,2026-04-15T02:00:00,51.661,21.564,26.631,32.563,40.224,2711.7,3675.1,19.073,18.59,22.253,0.21731,0.091348,341.96,77.277,6.8448,13.877,32.057,4507.0,22.565,50.379,49.957,80.071,2.2728,1.6225,3107.9,42.491,53.06,94.494,9.2252,60.127,37.973,36.165,2641.3,62.929,23.711,47.408,0.29602,8.9629,26.627,120.38,1.2561,75.518,24.156,2.1974,53.07,4.6905,228.31,-0.018927,0.87515,65.615,18.622,43.048
662,2026-04-15T02:03:00,49.475,26.408,26.669,33.226,41.681,2709.0,3639.4,18.161,18.56,22.442,0.26421,0.091348,342.03,76.809,6.8495,13.878,32.162,4521.7,22.972,45.318,49.124,79.747,2.2191,1.7006,3105.3,42.214,54.43,94.673,9.1912,62.301,35.523,39.66,2637.8,63.35,26.889,47.317,0.32787,8.8256,26.581,120.42,1.1208,75.837,24.142,2.3056,53.07,4.7506,229.97,-0.018927,0.87515,65.603,18.679,43.048
663,2026-04-15T02:06:00,50.744,26.316,26.558,33.226,40.058,2707.9,3677.2,16.688,18.56,22.111,0.26515,0.091348,342.37,76.833,6.8495,13.878,32.162,4529.4,23.599,48.256,47.42,79.7,2.2191,1.7006,3104.2,42.122,54.337,94.625,9.2169,61.584,30.509,39.334,2637.3,62.7,23.549,47.36,0.33055,8.8256,26.581,120.36,1.1208,75.309,24.142,2.3056,53.07,4.7506,230.19,-0.018927,0.87515,65.565,18.679,43.048
664,2026-04-15T02:09:00,51.107,25.08,26.752,32.62,41.585,2708.0,3645.1,20.341,18.406,22.646,0.25904,0.091348,341.66,77.001,6.9582,13.832,31.913,4516.9,22.06,49.096,49.806,79.704,2.288,1.6786,3103.8,42.399,54.369,94.734,9.2512,61.13,37.528,39.455,2636.4,63.242,24.52,47.5,0.33043,8.8405,26.467,120.41,1.2174,75.215,24.429,2.285,53.07,4.8054,229.34,-0.018927,0.87515,65.534,18.799,43.048
665,2026-04-15T02:12:00,50.186,25.44,26.589,32.62,40.418,2708.0,3645.6,19.131,18.406,22.47,0.25538,0.091348,342.08,77.561,6.9582,13.832,31.913,4536.9,22.555,46.965,51.046,79.817,2.288,1.6786,3103.6,42.469,54.13,94.573,9.3464,59.657,41.177,38.929,2637.8,63.235,23.324,47.56,0.33474,8.8405,26.467,120.37,1.2174,75.588,24.429,2.285,53.07,4.8054,229.38,-0.018927,0.87515,65.541,18.799,43.048
666,2026-04-15T02:15:00,49.214,28.002,26.73,33.008,41.978,2708.6,3620.0,17.741,18.089,22.504,0.28057,0.09815,342.09,77.093,6.9462,14.075,32.046,4524.9,23.151,44.715,48.898,79.91,2.2779,1.6356,3104.5,41.944,53.984,94.752,9.3671,59.72,34.858,38.737,2637.3,62.701,25.586,48.309,0.32663,8.9489,26.293,120.43,1.2605,75.691,24.342,2.3437,53.394,4.7383,232.38,0.03166,0.83107,65.623,19.083,44.155
667,2026-04-15T02:18:00,50.129,27.677,26.722,33.008,40.595,2710.4,3660.5,16.629,18.089,22.245,0.28387,0.09815,342.07,77.315,6.9462,14.075,32.046,4553.7,23.612,46.832,47.42,80.034,2.2779,1.6356,3106.4,42.431,53.639,94.682,9.3355,61.355,30.508,38.553,2639.2,62.004,26.856,48.609,0.32814,8.9489,26.293,120.38,1.2605,74.411,24.342,2.3437,53.394,4.7383,234.33,0.03166,0.83107,65.712,19.083,44.155
668,2026-04-15T02:21:00,49.487,26.928,26.953,32.977,41.212,2709.3,3609.1,19.332,18.214,22.274,0.27014,0.09815,342.42,77.216,6.7364,14.016,32.218,4495.8,22.474,45.347,48.878,79.972,2.2665,1.653,3106.1,42.562,53.607,94.796,9.1816,64.047,34.798,41.922,2637.7,62.927,26.231,48.896,0.35555,8.996,26.251,120.4,1.2896,74.311,23.747,2.284,53.394,4.7654,236.38,0.03166,0.83107,65.738,19.202,44.155
669,2026-04-15T02:24:00,50.294,26.455,26.839,32.977,40.597,2708.5,3640.9,16.731,18.214,22.505,0.27496,0.09815,342.3,77.313,6.7364,14.016,32.218,4536.6,23.568,47.215,51.877,79.891,2.2665,1.653,3104.5,42.323,53.118,94.697,9.3066,61.43,43.624,42.236,2637.7,62.381,23.689,49.241,0.35298,8.996,26.251,120.38,1.2896,75.415,23.747,2.284,53.394,4.7654,237.78,0.03166,0.83107,65.783,19.202,44.155
670,2026-04-15T02:27:00,48.588,25.001,27.105,32.677,41.691,2709.1,3696.7,16.138,18.589,22.476,0.25764,0.09815,341.87,77.426,6.7046,13.98,32.24,4464.8,23.808,43.267,48.75,80.025,2.2807,1.6601,3105.5,42.712,53.625,94.675,9.2794,61.195,34.421,41.425,2638.2,63.299,25.041,49.635,0.34928,9.105,26.461,120.42,1.1883,74.855,23.577,2.3677,53.394,4.768,238.57,0.03166,0.83107,65.861,18.889,44.155
671,2026-04-15T02:30:00,48.83,25.162,26.924,32.677,40.641,2709.2,3707.9,17.356,18.589,22.529,0.25601,0.10502,342.57,77.527,6.7046,13.98,32.24,4486.1,23.286,43.826,50.376,80.132,2.2807,1.6601,3104.9,42.525,53.37,94.515,9.2792,63.223,39.207,41.084,2637.8,63.105,26.473,49.265,0.35208,9.105,26.461,120.39,1.1883,74.05,23.577,2.3677,53.502,4.768,235.62,0.025434,0.82653,65.933,18.889,43.588
672,2026-04-15T02:33:00,50.386,24.939,26.825,33.078,42.176,2707.4,3730.9,19.33,18.166,22.21,0.25316,0.10502,341.77,77.163,6.9277,13.919,32.029,4504.5,22.463,47.426,48.919,80.063,2.2025,1.6805,3104.1,42.235,53.873,94.579,9.2853,59.632,34.918,40.872,2635.3,63.141,24.582,49.188,0.34799,8.9581,26.623,120.44,1.5005,74.505,24.131,2.2811,53.502,4.7951,236.29,0.025434,0.82653,65.974,19.089,43.588
673,2026-04-15T02:36:00,48.804,25.042,26.973,33.078,40.212,2703.8,3666.8,16.746,18.166,22.132,0.25212,0.10502,341.26,77.144,6.9277,13.919,32.029,4491.4,23.556,43.767,49.29,79.922,2.2025,1.6805,3102.4,42.383,54.029,94.488,9.2719,61.944,36.01,41.008,2632.2,64.245,25.714,49.278,0.34687,8.9581,26.623,120.37,1.5005,74.602,24.131,2.2811,53.502,4.7951,235.11,0.025434,0.82653,65.976,19.089,43.588
674,2026-04-15T02:39:00,49.421,26.926,26.649,33.002,41.709,2702.9,3642.1,18.412,18.282,22.414,0.27492,0.10502,341.73,77.318,6.9709,13.892,31.999,4470.0,22.855,45.194,49.919,79.881,2.2871,1.6531,3098.7,42.247,53.759,94.645,9.4448,59.707,37.862,40.056,2631.7,62.775,26.095,48.954,0.3429,9.0544,26.95,120.43,1.3197,74.529,24.029,2.208,53.502,4.8587,238.63,0.025434,0.82653,65.91,18.563,43.588
675,2026-04-15T02:42:00,49.669,26.951,26.929,33.002,40.918,2703.6,3641.5,16.632,18.282,22.535,0.27467,0.10502,342.08,76.763,6.9709,13.892,31.999,4487.9,23.62,45.768,50.115,79.947,2.2871,1.6531,3099.2,42.122,53.545,94.71,9.3399,61.298,38.439,40.435,2632.2,62.785,26.532,49.294,0.3398,9.0544,26.95,120.38,1.3197,74.792,24.029,2.208,53.502,4.8587,234.67,0.025434,0.82653,65.903,18.563,43.588
676,2026-04-15T02:45:00,51.888,27.251,27.148,33.046,40.802,2704.6,3621.4,19.491,18.474,22.894,0.28089,0.097327,342.34,77.103,6.8334,14.057,31.613,4520.1,22.411,50.904,51.21,79.855,2.2581,1.6474,3098.5,42.351,54.443,94.789,9.3609,60.262,41.662,40.615,2634.2,62.688,23.51,48.775,0.33348,9.1163,26.647,120.4,1.2236,75.22,23.94,2.3261,54.347,4.7857,238.93,0.01446,0.84817,65.897,18.523,44.038
677,2026-04-15T02:48:00,51.368,27.42,26.703,33.046,40.168,2706.3,3643.8,18.669,18.474,22.552,0.27917,0.097327,342.33,77.438,6.8334,14.057,31.613,4539.2,22.746,49.701,51.362,79.998,2.2581,1.6474,3101.8,42.411,54.214,94.626,9.3843,62.453,42.109,39.892,2635.0,62.302,25.787,48.8,0.33941,9.1163,26.647,120.39,1.2236,75.79,23.94,2.3261,54.347,4.7857,237.91,0.01446,0.84817,65.865,18.523,44.038
678,2026-04-15T02:51:00,50.949,31.478,27.243,33.126,41.142,2707.6,3707.9,18.488,18.697,22.499,0.32061,0.097327,342.11,77.309,7.0352,13.763,32.18,4533.8,22.824,48.731,50.483,80.007,2.2903,1.6523,3105.1,42.478,54.414,94.699,9.4784,58.165,39.52,42.307,2636.4,62.387,27.614,48.846,0.3575,8.9108,26.236,120.42,1.3879,74.167,24.448,2.3431,54.347,4.7591,236.64,0.01446,0.84817,65.899,19.004,44.038
679,2026-04-15T02:54:00,47.129,31.329,27.272,33.126,40.538,2708.3,3681.2,18.059,18.697,22.66,0.32212,0.097327,342.85,77.222,7.0352,13.763,32.18,4531.7,23.008,39.889,51.231,79.961,2.2903,1.6523,3105.1,42.133,54.439,94.485,9.3272,61.407,41.721,42.478,2637.0,62.846,24.945,48.908,0.35611,8.9108,26.236,120.39,1.3879,75.627,24.448,2.3431,54.347,4.7591,235.17,0.01446,0.84817,65.875,19.004,44.038
680,2026-04-15T02:57:00,50.018,26.418,27.667,32.721,41.033,2708.6,3608.1,14.586,18.774,22.934,0.26846,0.097327,342.57,77.785,6.7508,13.781,32.163,4451.4,24.452,46.576,49.125,80.015,2.2924,1.6832,3104.0,42.252,54.223,94.616,9.3598,62.15,35.526,38.403,2638.3,62.285,23.338,48.742,0.32616,9.0564,26.328,120.4,1.3801,75.972,23.761,2.2361,54.347,4.8373,236.31,0.01446,0.84817,65.877,18.875,44.038
681,2026-04-15T03:00:00,49.798,26.196,26.756,32.721,40.998,2712.1,3619.6,17.066,18.774,23.142,0.27072,0.094491,343.34,77.366,6.7508,13.781,32.163,4490.0,23.406,46.066,51.555,80.278,2.2924,1.6832,3105.6,42.298,53.761,94.658,9.3855,61.335,42.677,38.388,2641.4,62.088,24.88,49.215,0.32628,9.0564,26.328,120.41,1.3801,75.294,23.761,2.2361,54.412,4.8373,236.46,0.0081991,0.83786,65.933,18.875,43.81
682,2026-04-15T03:03:00,50.081,26.415,26.712,32.929,40.904,2711.3,3664.2,17.68,18.569,22.843,0.27216,0.094491,343.09,77.229,6.9322,14.015,32.364,4531.5,23.151,46.721,49.286,80.099,2.2601,1.6361,3105.7,42.223,53.554,94.576,9.3297,60.711,36.0,38.401,2640.5,63.804,23.558,49.101,0.32941,8.9042,26.368,120.43,1.2431,74.758,24.085,2.3418,54.412,4.8202,239.62,0.0081991,0.83786,65.991,18.903,43.81
683,2026-04-15T03:06:00,49.955,26.637,26.893,32.929,41.662,2709.4,3692.3,15.599,18.569,22.656,0.26991,0.094491,343.22,77.079,6.9322,14.015,32.364,4549.3,24.032,46.431,48.636,79.967,2.2601,1.6361,3104.8,42.579,53.341,94.476,9.328,62.352,34.087,38.991,2637.9,63.321,25.826,49.464,0.32457,8.9042,26.368,120.41,1.2431,74.652,24.085,2.3418,54.412,4.8202,237.47,0.0081991,0.83786,65.989,18.903,43.81
684,2026-04-15T03:09:00,49.411,24.67,26.732,33.13,41.053,2708.0,3606.4,20.284,18.92,22.749,0.24935,0.094491,343.29,77.063,6.7531,13.791,32.363,4490.1,22.063,45.17,50.518,79.843,2.211,1.6765,3101.7,42.258,53.961,94.672,9.3853,61.504,39.625,41.803,2635.5,63.246,23.635,49.511,0.35386,9.0788,26.385,120.39,1.1218,75.082,23.258,2.3282,54.412,4.8243,238.89,0.0081991,0.83786,65.959,19.439,43.81
685,2026-04-15T03:12:00,49.846,24.621,26.672,33.13,40.94,2704.1,3631.3,19.711,18.92,22.291,0.24985,0.094491,343.84,76.951,6.7531,13.791,32.363,4490.9,22.32,46.179,50.786,79.604,2.211,1.6765,3099.5,42.054,53.951,94.68,9.2282,61.773,40.412,41.785,2633.3,62.818,26.231,49.713,0.35401,9.0788,26.385,120.39,1.1218,75.438,23.258,2.3282,54.412,4.8243,238.61,0.0081991,0.83786,65.888,19.439,43.81
686,2026-04-15T03:15:00,52.329,24.4,27.463,33.362,40.692,2708.0,3674.3,18.382,17.987,23.33,0.24867,0.10425,343.31,77.756,6.8944,13.809,32.291,4432.8,22.849,51.925,49.014,79.971,2.3169,1.6569,3101.5,42.374,53.264,94.591,9.2872,60.07,35.198,39.213,2638.1,63.685,25.076,49.459,0.32679,8.9934,26.285,120.4,1.2724,74.943,24.153,2.3063,53.954,4.8254,240.64,0.032458,0.84795,65.869,18.875,44.448
687,2026-04-15T03:18:00,49.61,24.759,26.879,33.362,42.038,2709.1,3697.3,19.091,17.987,22.757,0.24502,0.10425,343.51,77.101,6.8944,13.809,32.291,4472.5,22.559,45.631,49.945,80.152,2.3169,1.6569,3103.2,42.301,52.789,94.524,9.351,61.331,37.939,38.917,2637.9,63.289,25.533,49.571,0.32921,8.9934,26.285,120.43,1.2724,74.42,24.153,2.3063,53.954,4.8254,240.07,0.032458,0.84795,65.983,18.875,44.448
688,2026-04-15T03:21:00,49.219,24.97,27.21,33.364,40.673,2707.7,3647.9,19.303,18.226,23.12,0.2539,0.10425,343.82,77.157,7.0956,13.905,32.226,4482.9,22.471,44.727,51.123,80.072,2.2772,1.685,3101.7,42.466,53.986,94.523,9.3266,61.198,41.405,39.393,2637.7,62.956,25.411,49.735,0.32915,9.0502,26.825,120.38,1.1643,74.578,23.867,2.2111,53.954,4.792,238.89,0.032458,0.84795,65.992,18.415,44.448
689,2026-04-15T03:24:00,49.625,24.854,27.094,33.364,40.831,2707.0,3670.0,16.962,18.226,22.914,0.25508,0.10425,343.3,77.22,7.0956,13.905,32.226,4501.5,23.45,45.667,50.322,79.983,2.2772,1.685,3101.6,42.276,53.764,94.527,9.4745,60.062,39.048,38.955,2636.0,62.575,25.062,49.869,0.33274,9.0502,26.825,120.4,1.1643,75.187,23.867,2.2111,53.954,4.792,238.06,0.032458,0.84795,66.015,18.415,44.448
690,2026-04-15T03:27:00,52.298,25.404,26.765,32.954,40.226,2707.8,3601.0,16.839,18.277,22.836,0.26055,0.10425,343.59,77.169,6.9884,13.76,32.659,4521.1,23.506,51.852,49.969,79.926,2.2367,1.6353,3102.4,42.503,54.678,94.752,9.4674,61.231,38.01,40.702,2636.8,61.89,25.283,49.817,0.33978,8.9044,26.312,120.35,1.2813,75.218,23.976,2.3552,53.954,4.7777,239.31,0.032458,0.84795,66.049,18.677,44.448
691,2026-04-15T03:30:00,49.587,25.493,26.669,32.954,41.859,2710.1,3581.3,18.161,18.277,22.842,0.25963,0.092717,344.01,77.475,6.9884,13.76,32.659,4569.5,22.936,45.578,49.287,80.048,2.2367,1.6353,3103.8,42.281,54.099,94.671,9.258,61.921,36.002,40.538,2639.3,62.23,23.916,50.197,0.34112,8.9044,26.312,120.41,1.2813,74.044,23.976,2.3552,53.631,4.7777,238.77,0.028022,0.82562,66.033,18.677,43.905
692,2026-04-15T03:33:00,49.979,21.072,26.76,33.633,40.912,2710.2,3629.9,17.931,18.329,22.973,0.21565,0.092717,343.72,77.153,6.7213,13.922,32.285,4486.7,23.043,46.485,49.576,79.913,2.3026,1.6835,3104.4,42.19,54.486,94.731,9.3284,60.553,36.853,38.837,2639.4,62.183,25.273,50.285,0.32348,9.0733,26.047,120.4,1.3961,74.63,24.016,2.2804,53.631,4.8359,239.75,0.028022,0.82562,66.073,18.65,43.905
693,2026-04-15T03:36:00,50.447,21.417,26.583,33.633,40.487,2710.6,3651.1,18.171,18.329,22.931,0.21215,0.092717,343.91,76.955,6.7213,13.922,32.285,4554.2,22.953,47.569,49.236,79.754,2.3026,1.6835,3104.3,42.141,53.677,94.795,9.4468,60.715,35.852,38.325,2639.0,61.817,25.928,50.516,0.32767,9.0733,26.047,120.37,1.3961,74.276,24.016,2.2804,53.631,4.8359,239.18,0.028022,0.82562,66.037,18.65,43.905
694,2026-04-15T03:39:00,51.155,24.645,26.929,32.873,41.096,2711.2,3673.6,17.407,18.054,23.08,0.2457,0.092717,344.24,77.12,6.693,13.941,32.339,4497.0,23.274,49.206,48.644,79.715,2.2866,1.6866,3105.7,42.463,54.448,94.579,9.3565,61.872,34.111,40.575,2640.0,63.8,25.504,50.328,0.34503,9.0637,26.126,120.4,1.1719,75.076,23.678,2.296,53.631,4.841,243.35,0.028022,0.82562,65.979,18.645,43.905
695,2026-04-15T03:42:00,48.79,24.369,27.174,32.873,41.403,2712.5,3690.2,17.857,18.054,23.518,0.2485,0.092717,344.2,77.471,6.693,13.941,32.339,4514.9,23.072,43.734,49.46,79.924,2.2866,1.6866,3106.6,42.186,54.234,94.485,9.224,63.402,36.511,40.987,2642.5,63.514,25.249,50.457,0.34166,9.0637,26.126,120.44,1.1719,74.081,23.678,2.296,53.631,4.841,243.93,0.028022,0.82562,65.989,18.645,43.905
696,2026-04-15T03:45:00,50.886,23.89,27.142,33.404,41.248,2712.5,3718.1,19.25,18.342,23.188,0.24037,0.12279,344.09,77.477,6.9447,13.684,32.06,4507.1,22.48,48.585,48.597,79.949,2.2841,1.635,3107.1,42.397,54.36,94.373,9.4394,61.42,33.97,40.895,2641.9,63.447,25.902,50.363,0.34771,8.754,26.518,120.42,1.2388,73.947,23.925,2.2927,53.939,4.7067,240.57,0.0025358,0.81957,66.002,18.314,44.179
697,2026-04-15T03:48:00,49.519,23.803,26.675,33.404,41.232,2711.8,3672.5,19.56,18.342,22.711,0.24125,0.12279,343.87,77.325,6.9447,13.684,32.06,4532.9,22.349,45.422,48.223,79.998,2.2841,1.635,3107.1,42.185,54.051,94.399,9.342,58.95,32.872,41.241,2641.2,64.232,23.965,50.236,0.34486,8.754,26.518,120.4,1.2388,74.079,23.925,2.2927,53.939,4.7067,241.21,0.0025358,0.81957,66.059,18.314,44.179
698,2026-04-15T03:51:00,50.318,26.412,26.67,33.785,41.653,2712.5,3659.2,17.904,18.318,22.854,0.26851,0.12279,344.0,77.166,6.9411,14.056,32.84,4579.9,23.054,47.271,52.372,79.924,2.2522,1.6242,3107.1,42.145,54.351,94.489,9.3794,61.019,45.08,37.845,2641.6,62.312,25.364,50.197,0.31638,8.8815,26.898,120.42,1.1562,74.726,23.706,2.2308,53.939,4.7661,240.85,0.0025358,0.81957,66.04,18.321,44.179
699,2026-04-15T03:54:00,49.365,26.24,26.752,33.785,40.718,2713.2,3666.1,17.216,18.318,22.805,0.27026,0.12279,343.63,77.255,6.9411,14.056,32.84,4623.0,23.339,45.064,49.306,79.906,2.2522,1.6242,3107.7,42.353,53.836,94.501,9.2976,60.907,36.057,38.073,2642.3,62.193,26.597,50.021,0.31451,8.8815,26.898,120.39,1.1562,74.452,23.706,2.2308,53.939,4.7661,242.04,0.0025358,0.81957,66.061,18.321,44.179
700,2026-04-15T03:57:00,50.162,18.687,27.054,33.268,40.981,2712.6,3628.5,19.997,18.455,22.939,0.19073,0.12279,343.69,77.292,6.785,13.822,32.615,4553.1,22.164,46.909,49.165,79.961,2.2596,1.6647,3106.2,41.946,54.733,94.577,9.3491,60.281,35.641,42.464,2641.8,62.814,25.313,50.221,0.3607,8.9632,26.212,120.38,1.2276,74.606,24.217,2.2911,53.939,4.7909,239.01,0.0025358,0.81957,66.027,18.428,44.179
701,2026-04-15T04:00:00,50.672,18.557,26.742,33.268,40.326,2711.5,3638.1,18.885,18.455,22.89,0.19205,0.11013,343.88,77.449,6.785,13.822,32.615,4531.8,22.628,48.089,50.724,79.897,2.2596,1.6647,3105.4,42.375,54.988,94.808,9.3041,62.285,40.231,42.741,2640.6,62.648,24.298,49.896,0.35842,8.9632,26.212,120.4,1.2276,74.67,24.217,2.2911,53.941,4.7909,239.87,0.015346,0.82352,66.033,18.428,44.862
702,2026-04-15T04:03:00,49.831,20.523,27.262,33.552,40.758,2710.8,3670.5,17.909,18.589,22.993,0.20435,0.11013,343.22,77.461,6.7887,13.927,32.0,4550.5,23.035,46.142,49.396,79.978,2.2438,1.6267,3107.3,42.02,54.568,94.495,9.3217,62.479,36.322,39.695,2640.1,63.479,23.809,49.641,0.33333,8.9573,26.236,120.41,1.3504,74.887,23.629,2.2739,53.941,4.7552,241.07,0.015346,0.82352,66.031,18.544,44.862
703,2026-04-15T04:06:00,50.414,20.071,26.67,33.552,40.642,2710.4,3670.4,17.9,18.589,22.426,0.20895,0.11013,342.77,76.876,6.7887,13.927,32.0,4569.9,23.055,47.492,49.27,79.945,2.2438,1.6267,3107.2,42.358,54.336,94.624,9.3199,59.612,35.953,39.603,2638.9,63.48,26.531,49.8,0.33409,8.9573,26.236,120.39,1.3504,74.641,23.629,2.2739,53.941,4.7552,237.64,0.015346,0.82352,66.018,18.544,44.862
704,2026-04-15T04:09:00,49.462,25.993,26.875,33.147,41.57,2709.7,3661.2,17.468,18.339,22.731,0.26525,0.11013,342.95,77.3,6.8009,14.04,32.361,4579.9,23.232,45.29,49.569,79.764,2.2314,1.6239,3105.7,42.66,53.981,94.469,9.4419,60.676,36.832,41.036,2638.2,63.696,23.85,49.459,0.34604,8.9812,26.535,120.39,1.3909,75.299,24.03,2.3071,53.941,4.7975,239.85,0.015346,0.82352,65.977,18.949,44.862
705,2026-04-15T04:12:00,51.05,26.181,26.873,33.147,41.451,2711.0,3672.3,20.907,18.339,22.472,0.26334,0.11013,342.68,77.48,6.8009,14.04,32.361,4562.7,21.772,48.964,50.843,80.041,2.2314,1.6239,3107.7,42.413,54.187,94.509,9.3902,61.637,40.581,41.19,2640.1,63.505,24.262,49.39,0.34478,8.9812,26.535,120.41,1.3909,75.151,24.03,2.3071,53.941,4.7975,239.0,0.015346,0.82352,65.94,18.949,44.862
706,2026-04-15T04:15:00,50.823,22.541,26.728,33.196,41.027,2708.6,3671.9,20.466,18.832,22.475,0.23064,0.098265,342.52,77.186,6.9242,13.956,32.958,4466.5,21.965,48.439,50.451,79.989,2.2514,1.6352,3105.5,42.374,54.349,94.482,9.2147,63.189,39.428,42.672,2637.4,63.487,23.879,49.231,0.35937,8.8907,25.944,120.41,1.1222,74.783,23.548,2.2889,53.682,4.7719,240.0,0.017407,0.80653,65.99,18.757,44.137
707,2026-04-15T04:18:00,48.716,22.484,26.934,33.196,41.278,2706.9,3680.1,19.126,18.832,22.564,0.23121,0.098265,341.97,77.536,6.9242,13.956,32.958,4495.0,22.52,43.563,51.075,79.951,2.2514,1.6352,3103.3,42.226,54.008,94.519,9.2399,61.692,41.263,42.315,2636.4,63.347,24.85,49.168,0.36229,8.8907,25.944,120.4,1.1222,75.751,23.548,2.2889,53.682,4.7719,239.46,0.017407,0.80653,65.975,18.757,44.137
708,2026-04-15T04:21:00,51.819,16.602,26.95,33.043,40.323,2705.6,3642.4,18.006,18.32,22.387,0.16566,0.098265,342.51,76.976,6.9782,13.883,32.298,4554.5,23.01,50.743,49.835,79.909,2.292,1.6521,3101.1,42.116,53.754,94.645,9.3941,59.606,37.615,41.928,2634.5,62.931,24.256,49.115,0.34922,8.9654,26.504,120.35,1.3691,74.932,23.697,2.3767,53.682,4.8421,238.82,0.017407,0.80653,65.961,18.857,44.137
709,2026-04-15T04:24:00,48.859,16.404,26.867,33.043,41.534,2704.3,3639.9,19.51,18.32,22.464,0.16767,0.098265,342.21,77.207,6.9782,13.883,32.298,4529.7,22.374,43.893,51.09,79.963,2.292,1.6521,3100.3,42.257,54.051,94.744,9.3746,62.076,41.308,42.083,2634.4,62.975,27.527,49.177,0.34794,8.9654,26.504,120.42,1.3691,75.02,23.697,2.3767,53.682,4.8421,236.88,0.017407,0.80653,65.933,18.857,44.137
710,2026-04-15T04:27:00,50.31,22.126,26.804,32.788,40.144,2707.0,3627.2,18.792,17.673,22.402,0.22802,0.098265,341.96,77.629,6.879,13.679,32.164,4552.8,22.657,47.251,50.257,80.103,2.2568,1.6637,3101.9,42.164,53.524,94.757,9.2558,62.903,38.857,40.649,2636.3,62.654,25.089,49.212,0.34489,8.887,26.578,120.37,1.2218,74.677,23.497,2.2378,53.682,4.7217,235.24,0.017407,0.80653,65.948,18.579,44.137
711,2026-04-15T04:30:00,50.962,22.311,26.987,32.788,41.449,2708.0,3636.7,18.102,17.673,22.329,0.22615,0.089151,341.67,77.3,6.879,13.679,32.164,4497.4,22.953,48.76,49.125,80.174,2.2568,1.6637,3104.8,42.573,54.187,94.708,9.2885,61.162,35.526,40.811,2636.4,62.49,24.975,48.598,0.34356,8.887,26.578,120.43,1.2218,74.638,23.497,2.2378,53.571,4.7217,235.59,0.020496,0.83002,65.954,18.579,43.442
712,2026-04-15T04:33:00,49.574,23.391,26.83,33.441,40.771,2706.7,3656.8,17.769,18.177,22.368,0.24031,0.089151,341.72,76.751,6.8168,13.908,32.12,4556.5,23.116,45.548,51.791,79.945,2.2228,1.6977,3104.8,42.821,54.172,94.809,9.2941,58.975,43.371,37.984,2635.4,62.97,25.368,48.332,0.32131,8.9686,26.571,120.39,1.2359,74.532,24.15,2.2441,53.571,4.7536,235.02,0.020496,0.83002,65.94,19.02,43.442
713,2026-04-15T04:36:00,50.508,23.695,27.178,33.441,40.808,2706.9,3638.0,19.072,18.177,22.257,0.23722,0.089151,341.83,77.149,6.8168,13.908,32.12,4515.8,22.565,47.709,50.885,79.814,2.2228,1.6977,3104.3,41.94,54.66,94.624,9.3726,61.439,40.705,38.057,2635.8,63.294,25.402,48.068,0.32071,8.9686,26.571,120.41,1.2359,74.943,24.15,2.2441,53.571,4.7536,234.53,0.020496,0.83002,65.834,19.02,43.442
714,2026-04-15T04:39:00,51.017,24.09,26.776,32.946,40.692,2708.2,3707.8,18.449,18.792,22.222,0.24249,0.089151,341.7,77.41,6.8161,13.879,32.423,4497.3,22.821,48.888,51.042,79.947,2.2548,1.6776,3104.9,42.265,53.795,94.735,9.358,61.387,41.167,41.193,2637.7,62.671,25.392,47.928,0.34491,8.9915,26.104,120.4,1.1538,75.235,24.488,2.3619,53.571,4.8419,232.66,0.020496,0.83002,65.767,18.466,43.442
715,2026-04-15T04:42:00,50.829,23.766,26.786,32.946,41.472,2709.3,3684.4,17.59,18.792,22.322,0.24579,0.089151,341.19,77.527,6.8161,13.879,32.423,4499.6,23.172,48.452,50.243,80.11,2.2548,1.6776,3106.7,42.384,53.768,94.455,9.4233,58.41,38.816,41.197,2638.4,63.074,25.578,47.713,0.34488,8.9915,26.104,120.41,1.1538,75.136,24.488,2.3619,53.571,4.8419,231.59,0.020496,0.83002,65.752,18.466,43.442
716,2026-04-15T04:45:00,49.227,21.124,26.792,32.393,40.923,2709.4,3676.8,20.142,18.455,22.222,0.21239,0.098421,341.34,77.448,6.937,13.775,32.457,4539.6,22.094,44.745,51.814,80.21,2.3208,1.6829,3106.9,42.372,54.654,94.602,9.3833,63.327,43.44,40.825,2637.9,63.273,24.304,47.842,0.34246,9.0095,26.718,120.41,1.1693,74.297,24.293,2.3433,52.663,4.791,233.05,0.013769,0.82081,65.794,18.977,44.205
717,2026-04-15T04:48:00,51.153,21.117,26.685,32.393,41.272,2707.3,3652.2,13.15,18.455,21.984,0.21246,0.098421,341.08,77.162,6.937,13.775,32.457,4566.3,25.051,49.203,51.373,80.03,2.3208,1.6829,3105.5,42.499,54.334,94.527,9.2905,61.845,42.139,40.181,2635.6,63.696,24.649,47.792,0.34774,9.0095,26.718,120.39,1.1693,74.547,24.293,2.3433,52.663,4.791,232.9,0.013769,0.82081,65.798,18.977,44.205
718,2026-04-15T04:51:00,50.038,20.377,26.99,32.923,41.282,2707.8,3633.3,18.419,18.56,22.593,0.20809,0.098421,340.96,77.325,6.8713,13.702,31.72,4479.3,22.824,46.622,48.954,80.133,2.2408,1.6378,3104.4,42.363,54.131,94.672,9.4101,61.302,35.023,39.635,2637.3,62.966,22.952,47.638,0.32937,8.9316,26.47,120.4,1.2691,75.308,24.429,2.2602,52.663,4.8133,233.96,0.013769,0.82081,65.801,18.648,44.205
719,2026-04-15T04:54:00,50.079,20.399,26.919,32.923,41.002,2706.2,3672.4,19.679,18.56,22.224,0.20787,0.098421,341.07,76.993,6.8713,13.702,31.72,4517.7,22.305,46.718,50.216,80.019,2.2408,1.6378,3104.4,42.767,53.672,94.648,9.4409,59.154,38.735,39.063,2634.4,62.294,24.695,47.901,0.33406,8.9316,26.47,120.37,1.2691,75.688,24.429,2.2602,52.663,4.8133,230.31,0.013769,0.82081,65.784,18.648,44.205
720,2026-04-15T04:57:00,50.54,27.46,26.471,32.664,41.617,2708.5,3653.8,16.864,18.496,22.081,0.28073,0.098421,340.66,77.261,6.8888,13.806,31.945,4546.0,23.487,47.784,50.234,79.952,2.2359,1.6982,3105.5,42.328,54.133,94.668,9.27,62.898,38.787,38.488,2637.6,63.168,26.269,47.754,0.32181,8.8592,26.513,120.41,1.1355,75.078,24.193,2.2973,52.663,4.9598,231.31,0.013769,0.82081,65.742,18.621,44.205
721,2026-04-15T05:00:00,48.411,27.521,26.856,32.664,40.742,2712.3,3640.3,17.33,18.496,22.366,0.28011,0.078726,340.97,77.742,6.8888,13.806,31.945,4527.0,23.271,42.856,49.067,80.234,2.2359,1.6982,3109.4,42.394,54.361,94.533,9.2821,60.891,35.353,38.446,2641.1,63.4,23.245,47.496,0.32216,8.8592,26.513,120.41,1.1355,75.224,24.193,2.2973,53.288,4.9598,230.7,0.019481,0.82685,65.74,18.621,42.649
722,2026-04-15T05:03:00,51.143,25.78,26.777,32.459,41.656,2711.9,3643.0,19.876,19.048,22.114,0.26164,0.078726,341.45,77.194,6.9616,13.868,32.397,4526.2,22.208,49.179,50.697,80.237,2.2653,1.6462,3110.4,42.511,54.461,94.535,9.2597,62.41,40.152,39.788,2641.5,63.202,24.255,47.34,0.33316,8.9636,26.804,120.41,1.344,74.901,23.983,2.2502,53.288,4.7372,230.51,0.019481,0.82685,65.771,19.044,42.649
723,2026-04-15T05:06:00,50.352,25.651,26.836,32.459,40.962,2709.0,3662.2,16.226,19.048,21.796,0.26295,0.078726,340.96,76.997,6.9616,13.868,32.397,4522.7,23.758,47.349,49.3,79.887,2.2653,1.6462,3107.6,42.527,54.503,94.658,9.2615,62.226,36.041,39.404,2637.4,62.873,24.605,47.308,0.3363,8.9636,26.804,120.4,1.344,75.736,23.983,2.2502,53.288,4.7372,228.96,0.019481,0.82685,65.736,19.044,42.649
724,2026-04-15T05:09:00,49.457,21.417,26.988,32.806,40.962,2707.7,3631.5,17.471,18.749,22.25,0.2189,0.078726,341.2,77.186,7.0599,13.893,32.252,4485.1,23.234,45.278,49.116,79.875,2.227,1.6392,3105.1,42.0,53.905,94.679,9.4747,63.139,35.5,40.591,2636.6,62.72,23.91,47.02,0.34031,8.8282,26.654,120.4,1.3044,75.673,24.12,2.2759,53.288,4.8184,230.34,0.019481,0.82685,65.665,18.784,42.649
725,2026-04-15T05:12:00,49.728,21.474,26.882,32.806,40.723,2707.9,3679.6,18.711,18.749,22.334,0.21832,0.078726,341.15,77.345,7.0599,13.893,32.252,4482.4,22.709,45.905,50.059,79.953,2.227,1.6392,3105.1,42.01,53.937,94.723,9.3043,60.862,38.275,40.641,2636.7,61.892,26.614,46.832,0.33989,8.8282,26.654,120.4,1.3044,75.542,24.12,2.2759,53.288,4.8184,230.62,0.019481,0.82685,65.601,18.784,42.649
726,2026-04-15T05:15:00,52.887,22.529,26.727,32.963,40.645,2709.5,3602.6,19.365,18.746,22.098,0.23283,0.083971,340.73,77.235,6.8556,13.962,31.963,4540.3,22.432,53.216,49.471,80.073,2.2469,1.6718,3107.4,41.978,53.86,94.834,9.3401,61.697,36.542,41.575,2637.7,62.235,25.6,46.784,0.33843,8.9745,26.767,120.39,1.3681,75.636,24.079,2.3435,53.635,4.7788,230.8,0.01884,0.84599,65.598,18.747,44.019
727,2026-04-15T05:18:00,50.147,22.741,26.6,32.963,40.572,2710.2,3620.2,20.017,18.746,22.055,0.23068,0.083971,340.98,77.185,6.8556,13.962,31.963,4524.9,22.156,46.875,48.93,80.107,2.2469,1.6718,3108.1,42.138,54.044,94.766,9.3922,60.843,34.951,40.766,2639.4,61.933,26.055,46.946,0.34506,8.9745,26.767,120.38,1.3681,74.634,24.079,2.3435,53.635,4.7788,227.78,0.01884,0.84599,65.628,18.747,44.019
728,2026-04-15T05:21:00,50.386,25.549,26.756,32.33,41.357,2711.5,3644.2,17.923,18.799,22.068,0.25967,0.083971,341.13,77.478,6.6495,13.821,32.136,4515.1,23.033,47.427,49.482,80.036,2.3175,1.6948,3108.9,42.269,54.253,94.737,9.4824,59.839,36.575,41.975,2639.6,63.24,23.454,46.668,0.3516,8.7062,26.725,120.42,1.3047,75.085,24.154,2.2379,53.635,4.7581,229.69,0.01884,0.84599,65.595,18.935,44.019
729,2026-04-15T05:24:00,48.772,25.595,26.731,32.33,40.364,2710.3,3670.9,17.8,18.799,21.927,0.2592,0.083971,340.97,77.052,6.6495,13.821,32.136,4502.3,23.1,43.693,50.231,79.916,2.3175,1.6948,3109.2,42.415,54.407,94.547,9.3543,60.561,38.779,41.706,2639.5,62.78,25.863,46.714,0.35381,8.7062,26.725,120.41,1.3047,75.278,24.154,2.2379,53.635,4.7581,228.01,0.01884,0.84599,65.566,18.935,44.019
730,2026-04-15T05:27:00,49.205,23.8,26.795,32.577,41.765,2710.7,3727.8,17.471,19.006,22.144,0.24702,0.083971,340.87,77.35,6.806,13.774,31.955,4492.7,23.23,44.694,50.612,79.958,2.271,1.6653,3109.3,42.812,54.048,94.636,9.5172,60.495,39.901,40.365,2639.9,63.732,25.69,46.695,0.33475,8.9041,26.403,120.43,1.2332,75.676,24.01,2.2945,53.635,4.7903,227.06,0.01884,0.84599,65.547,18.87,44.019
731,2026-04-15T05:30:00,50.267,24.08,26.654,32.577,41.506,2711.3,3667.7,20.171,19.006,22.028,0.24416,0.090913,341.28,77.54,6.806,13.774,31.955,4564.1,22.082,47.151,48.602,80.148,2.271,1.6653,3109.8,42.331,53.193,94.383,9.3157,60.808,33.985,40.715,2639.5,64.765,26.2,47.166,0.33188,8.9041,26.403,120.43,1.2332,75.837,24.01,2.2945,53.116,4.7903,226.09,0.022033,0.85054,65.583,18.87,43.811
732,2026-04-15T05:33:00,49.053,25.885,27.029,32.711,40.727,2709.6,3680.9,17.899,18.954,22.114,0.26381,0.090913,340.34,77.083,7.0037,13.838,32.142,4505.3,23.053,44.342,49.287,80.076,2.2778,1.6843,3108.4,42.494,54.035,94.575,9.3413,61.969,36.002,39.466,2637.4,63.311,24.771,47.095,0.33152,8.9333,26.268,120.41,1.2183,74.308,23.712,2.2641,53.116,4.7499,228.07,0.022033,0.85054,65.623,18.787,43.811
733,2026-04-15T05:36:00,50.61,25.886,26.684,32.711,40.936,2708.0,3697.0,17.84,18.954,21.714,0.26379,0.090913,340.51,77.107,7.0037,13.838,32.142,4561.3,23.08,47.946,51.589,79.973,2.2778,1.6843,3106.9,42.635,53.365,94.364,9.3604,59.838,42.778,39.531,2635.8,63.034,26.828,47.056,0.33099,8.9333,26.268,120.39,1.2183,75.582,23.712,2.2641,53.116,4.7499,229.71,0.022033,0.85054,65.606,18.787,43.811
734,2026-04-15T05:39:00,49.788,24.271,26.986,32.826,41.031,2709.5,3636.1,17.084,18.478,22.076,0.24692,0.090913,341.01,77.085,7.0334,13.935,32.099,4521.6,23.4,46.044,48.722,80.026,2.2179,1.6877,3105.5,42.405,54.037,94.65,9.2071,60.278,34.339,40.146,2637.3,62.326,25.46,47.107,0.33976,8.8858,26.308,120.4,1.3555,75.075,24.156,2.2686,53.116,4.7887,230.34,0.022033,0.85054,65.601,18.814,43.811
735,2026-04-15T05:42:00,48.83,24.172,26.857,32.826,40.744,2706.9,3637.0,20.196,18.478,22.265,0.24792,0.090913,340.98,77.209,7.0334,13.935,32.099,4490.9,22.087,43.827,50.44,79.924,2.2179,1.6877,3104.2,42.371,54.404,94.668,9.408,61.247,39.395,40.435,2635.7,62.31,27.338,47.152,0.33739,8.8858,26.308,120.39,1.3555,74.808,24.156,2.2686,53.116,4.7887,231.03,0.022033,0.85054,65.622,18.814,43.811
736,2026-04-15T05:45:00,49.648,24.466,26.923,33.01,40.777,2708.1,3662.3,20.373,18.533,22.305,0.25453,0.082972,341.23,77.317,6.7304,13.791,31.934,4538.4,22.012,45.719,50.677,79.964,2.3113,1.6229,3104.9,42.104,53.763,94.864,9.2756,61.839,40.093,41.664,2636.1,61.485,25.222,47.608,0.34939,9.0968,26.895,120.37,1.1676,75.329,24.597,2.2312,53.413,4.7837,228.67,0.0054965,0.83777,65.596,18.16,44.328
737,2026-04-15T05:48:00,48.449,24.749,27.062,33.01,40.682,2707.2,3616.8,19.125,18.533,22.214,0.25165,0.082972,341.02,76.871,6.7304,13.791,31.934,4467.6,22.556,42.945,50.429,79.799,2.3113,1.6229,3104.7,42.539,54.611,94.818,9.2476,61.77,39.364,41.797,2635.5,62.269,24.99,47.555,0.3483,9.0968,26.895,120.38,1.1676,74.856,24.597,2.2312,53.413,4.7837,231.17,0.0054965,0.83777,65.595,18.16,44.328
738,2026-04-15T05:51:00,49.526,26.536,26.958,32.674,40.503,2710.4,3666.4,15.81,18.779,22.231,0.26914,0.082972,341.07,77.248,6.7112,14.015,32.226,4545.4,23.947,45.436,49.695,79.853,2.2419,1.6272,3107.5,42.324,55.335,94.629,9.4152,60.268,37.204,39.73,2638.5,64.074,24.84,47.664,0.33407,8.9489,26.547,120.39,1.2914,75.139,24.247,2.2375,53.413,4.7717,231.85,0.0054965,0.83777,65.588,18.872,44.328
739,2026-04-15T05:54:00,50.86,26.705,27.287,32.674,41.902,2711.7,3683.3,16.777,18.779,22.58,0.26743,0.082972,340.87,77.163,6.7112,14.015,32.226,4569.7,23.541,48.524,50.622,80.037,2.2419,1.6272,3110.2,42.659,55.045,94.529,9.2947,61.131,39.93,39.306,2640.7,63.782,25.265,47.832,0.33754,8.9489,26.547,120.41,1.2914,75.314,24.247,2.2375,53.413,4.7717,231.84,0.0054965,0.83777,65.585,18.872,44.328
740,2026-04-15T05:57:00,48.95,23.83,26.77,32.734,42.0,2710.0,3698.6,17.996,18.693,21.772,0.24224,0.082972,340.42,77.361,6.7467,13.901,32.203,4511.0,23.019,44.104,51.137,80.008,2.2852,1.7023,3109.9,42.11,54.043,94.41,9.3269,59.765,41.446,42.82,2638.4,63.839,25.45,47.912,0.35888,8.8552,26.854,120.42,1.3571,75.004,23.952,2.283,53.413,4.7705,232.78,0.0054965,0.83777,65.651,18.668,44.328
741,2026-04-15T06:00:00,50.344,23.791,26.847,32.734,41.38,2707.9,3690.8,18.138,18.693,22.001,0.24264,0.10508,340.73,77.257,6.7467,13.901,32.203,4507.6,22.96,47.331,51.379,80.033,2.2852,1.7023,3107.7,42.328,54.084,94.467,9.4342,58.065,42.159,42.62,2637.4,63.974,24.391,47.871,0.36052,8.8552,26.854,120.4,1.3571,75.403,23.952,2.283,53.474,4.7705,231.57,0.0079065,0.82067,65.689,18.668,43.201
742,2026-04-15T06:03:00,49.767,23.935,27.057,32.748,42.163,2708.3,3687.6,19.332,18.757,22.051,0.24519,0.10508,340.21,77.384,6.7795,13.874,32.148,4502.9,22.449,45.995,47.295,80.171,2.2473,1.6226,3107.3,42.349,54.641,94.399,9.3649,61.657,30.138,41.347,2637.1,63.862,26.055,47.817,0.34746,8.9418,26.344,120.42,1.2272,74.854,24.319,2.2096,53.474,4.7496,232.45,0.0079065,0.82067,65.734,18.829,43.201
743,2026-04-15T06:06:00,50.807,23.997,26.68,32.748,41.89,2706.8,3692.7,18.155,18.757,21.995,0.24457,0.10508,340.09,77.648,6.7795,13.874,32.148,4557.6,22.93,48.402,49.854,80.289,2.2473,1.6226,3106.8,42.404,53.986,94.417,9.2298,62.272,37.669,41.108,2635.9,63.774,23.829,47.958,0.34942,8.9418,26.344,120.41,1.2272,74.311,24.319,2.2096,53.474,4.7496,231.15,0.0079065,0.82067,65.8,18.829,43.201
744,2026-04-15T06:09:00,50.722,24.301,26.71,32.956,40.793,2706.3,3712.2,19.956,18.34,21.709,0.25235,0.10508,340.0,77.423,6.9492,13.831,32.037,4500.5,22.17,48.206,48.396,80.372,2.2251,1.6262,3105.6,42.332,54.278,94.419,9.2105,59.7,33.38,40.946,2634.8,63.263,24.782,47.767,0.3456,8.7389,26.393,120.37,1.2211,75.433,24.388,2.3646,53.474,4.8255,233.5,0.0079065,0.82067,65.873,19.098,43.201
745,2026-04-15T06:12:00,50.198,24.599,26.583,32.956,41.628,2702.1,3698.9,18.632,18.34,21.491,0.24932,0.10508,339.59,77.009,6.9492,13.831,32.037,4509.2,22.744,46.993,49.768,80.144,2.2251,1.6262,3103.0,42.511,54.174,94.503,9.2157,61.09,37.417,41.184,2631.4,63.491,25.419,47.68,0.34365,8.7389,26.393,120.4,1.2211,75.731,24.388,2.3646,53.474,4.8255,234.7,0.0079065,0.82067,65.877,19.098,43.201
746,2026-04-15T06:15:00,51.533,25.824,26.794,32.673,41.002,2700.3,3644.3,18.669,19.06,21.694,0.26024,0.11256,340.02,77.163,6.9078,13.937,32.299,4478.4,22.727,50.081,49.586,80.048,2.294,1.6865,3099.2,41.688,53.853,94.617,9.3021,61.829,36.883,40.986,2629.3,62.959,24.421,47.646,0.3363,8.8167,26.432,120.38,1.3367,74.854,24.301,2.2487,53.592,4.8477,230.3,0.028984,0.84137,65.841,19.108,44.609
747,2026-04-15T06:18:00,49.563,25.893,26.78,32.673,41.512,2700.4,3670.1,18.964,19.06,21.645,0.25954,0.11256,339.95,76.875,6.9078,13.937,32.299,4498.2,22.616,45.523,48.02,80.014,2.294,1.6865,3099.0,42.33,53.615,94.773,9.3624,58.582,32.274,40.832,2628.8,62.514,23.388,47.393,0.33756,8.8167,26.432,120.4,1.3367,74.35,24.301,2.2487,53.592,4.8477,231.23,0.028984,0.84137,65.776,19.108,44.609
748,2026-04-15T06:21:00,48.377,23.088,27.128,32.522,41.001,2697.9,3645.2,16.039,18.715,21.947,0.2378,0.11256,339.85,76.937,6.8471,13.82,32.0,4501.7,23.857,42.778,50.6,79.865,2.232,1.6585,3097.1,42.321,53.492,94.741,9.3225,62.001,39.864,42.053,2625.9,63.263,24.765,47.283,0.35156,8.8003,26.671,120.35,1.2853,75.601,24.443,2.3036,53.592,4.8412,230.6,0.028984,0.84137,65.701,19.0,44.609
749,2026-04-15T06:24:00,50.211,23.251,26.767,32.522,40.767,2697.7,3655.3,18.524,18.715,21.422,0.23614,0.11256,339.11,77.217,6.8471,13.82,32.0,4487.2,22.811,47.023,49.686,79.889,2.232,1.6585,3097.1,42.515,53.667,94.854,9.2575,59.968,37.177,42.134,2625.2,63.089,25.27,47.384,0.35089,8.8003,26.671,120.41,1.2853,75.039,24.443,2.3036,53.592,4.8412,227.62,0.028984,0.84137,65.641,19.0,44.609
750,2026-04-15T06:27:00,49.242,26.157,26.987,32.877,41.103,2700.7,3676.9,18.348,18.779,21.858,0.2652,0.11256,339.48,77.421,6.8141,14.022,31.594,4453.8,22.875,44.779,49.017,80.183,2.2555,1.7033,3099.1,42.165,54.284,94.585,9.1487,64.058,35.208,40.236,2628.5,63.254,26.718,46.917,0.34153,8.9469,26.634,120.38,1.2713,75.809,24.209,2.2528,53.592,4.8451,231.0,0.028984,0.84137,65.649,19.105,44.609
751,2026-04-15T06:30:00,50.915,25.936,27.197,32.877,41.526,2701.7,3690.5,18.592,18.779,21.647,0.26744,0.09306,339.36,77.389,6.8141,14.022,31.594,4482.2,22.767,48.652,50.637,80.283,2.2555,1.7033,3101.3,42.219,53.945,94.662,9.2839,58.859,39.976,40.671,2629.4,63.02,24.796,47.319,0.33796,8.9469,26.634,120.43,1.2713,75.051,24.209,2.2528,53.834,4.8451,230.44,0.0022796,0.83344,65.718,19.105,44.046
752,2026-04-15T06:33:00,47.763,30.375,26.886,32.848,40.472,2702.9,3673.1,17.297,18.859,21.543,0.30902,0.09306,339.53,77.681,6.9067,13.896,31.768,4489.7,23.294,41.358,51.382,80.451,2.2713,1.673,3102.9,42.508,53.552,94.54,9.2959,60.991,42.167,43.439,2630.6,63.658,25.162,47.623,0.36063,8.9848,26.569,120.38,1.1908,74.591,23.861,2.3328,53.834,4.7641,227.62,0.0022796,0.83344,65.802,18.952,44.046
753,2026-04-15T06:36:00,49.593,30.32,26.639,32.848,41.623,2702.8,3651.2,18.273,18.859,21.415,0.30959,0.09306,339.58,77.369,6.9067,13.896,31.768,4486.8,22.887,45.592,47.509,80.425,2.2713,1.673,3102.6,42.626,53.587,94.491,9.2525,62.25,30.768,43.316,2630.3,64.035,24.257,47.508,0.36163,8.9848,26.569,120.43,1.1908,76.119,23.861,2.3328,53.834,4.7641,229.49,0.0022796,0.83344,65.84,18.952,44.046
754,2026-04-15T06:39:00,51.166,29.286,27.006,32.658,41.029,2701.1,3672.1,18.158,18.539,21.722,0.29704,0.09306,339.62,77.358,6.9452,13.857,31.413,4493.7,22.936,49.232,48.484,80.328,2.2878,1.7172,3101.0,42.808,53.836,94.615,9.241,61.752,33.639,41.527,2629.0,62.883,24.991,47.532,0.3504,8.9923,26.625,120.4,1.3904,75.979,23.672,2.2868,53.834,4.8793,229.8,0.0022796,0.83344,65.869,18.954,44.046
755,2026-04-15T06:42:00,48.117,29.206,26.593,32.658,41.125,2701.0,3686.1,18.55,18.539,21.703,0.29785,0.09306,340.22,77.257,6.9452,13.857,31.413,4465.0,22.776,42.175,50.585,80.214,2.2878,1.7172,3099.2,42.501,54.18,94.566,9.3444,61.692,39.823,41.421,2629.1,62.642,25.463,47.598,0.35126,8.9923,26.625,120.41,1.3904,74.783,23.672,2.2868,53.834,4.8793,229.67,0.0022796,0.83344,65.839,18.954,44.046
756,2026-04-15T06:45:00,50.063,33.387,26.64,32.05,40.134,2699.8,3634.5,19.599,18.611,21.67,0.33636,0.10193,339.93,77.018,6.9511,14.036,31.63,4511.1,22.35,46.679,51.782,79.966,2.2573,1.6215,3099.8,42.331,53.594,94.74,9.3539,59.789,43.345,41.001,2628.1,63.15,24.962,47.5,0.34681,9.1162,26.76,120.38,1.1653,75.012,23.834,2.322,54.571,4.9854,229.19,0.029585,0.85427,65.792,19.037,43.873
757,2026-04-15T06:48:00,49.517,33.327,26.818,32.05,41.685,2702.5,3654.6,16.17,18.611,22.068,0.33697,0.10193,340.65,77.156,6.9511,14.036,31.63,4509.4,23.794,45.416,49.651,80.033,2.2573,1.6215,3100.9,42.628,53.615,94.565,9.3164,60.134,37.072,40.956,2631.4,62.805,26.024,47.441,0.34719,9.1162,26.76,120.39,1.1653,74.696,23.834,2.322,54.571,4.9854,229.55,0.029585,0.85427,65.714,19.037,43.873
758,2026-04-15T06:51:00,49.352,31.752,26.49,32.946,40.545,2703.6,3635.1,17.998,18.756,21.768,0.32487,0.10193,340.66,77.325,6.8728,13.836,31.797,4480.7,23.02,45.034,49.324,80.092,2.2482,1.6747,3102.0,42.293,53.716,94.716,9.3921,61.866,36.111,43.553,2631.3,63.026,25.122,47.48,0.36656,8.8568,26.59,120.37,1.3309,75.079,23.618,2.413,54.571,4.8592,228.8,0.029585,0.85427,65.705,18.703,43.873
759,2026-04-15T06:54:00,50.28,31.73,27.096,32.946,42.081,2705.6,3656.1,17.057,18.756,22.362,0.3251,0.10193,341.49,77.48,6.8728,13.836,31.797,4458.5,23.409,47.181,50.876,80.145,2.2482,1.6747,3102.6,42.272,53.981,94.502,9.3311,60.992,40.679,43.649,2633.7,62.664,25.435,47.258,0.36578,8.8568,26.59,120.44,1.3309,74.175,23.618,2.413,54.571,4.8592,230.99,0.029585,0.85427,65.685,18.703,43.873
760,2026-04-15T06:57:00,49.682,30.723,26.93,32.75,41.661,2709.9,3650.7,19.904,18.809,22.626,0.31296,0.10193,342.21,78.026,6.7933,13.959,32.324,4530.2,22.18,45.799,49.895,80.486,2.2294,1.6732,3105.8,42.337,53.928,94.521,9.3244,62.214,37.79,41.14,2639.2,63.417,24.574,47.425,0.34394,9.0305,26.191,120.42,1.1342,75.123,23.541,2.3657,54.571,4.8224,228.77,0.029585,0.85427,65.757,18.716,43.873
761,2026-04-15T07:00:00,50.914,30.755,26.799,32.75,41.37,2710.6,3679.5,19.942,18.809,22.666,0.31263,0.11108,342.26,77.177,6.7933,13.959,32.324,4496.9,22.172,48.65,50.202,80.584,2.2294,1.6732,3107.2,42.487,54.327,94.416,9.3899,61.475,38.695,41.379,2640.2,62.92,26.415,47.796,0.34198,9.0305,26.191,120.42,1.1342,74.695,23.541,2.3657,54.808,4.8224,230.31,0.017657,0.85056,65.852,18.716,42.834
762,2026-04-15T07:03:00,50.724,25.719,27.159,32.952,41.594,2703.8,3678.6,18.048,18.994,22.313,0.2645,0.11108,341.83,77.28,7.0013,13.921,32.22,4525.0,22.975,48.21,49.723,80.055,2.2697,1.6756,3103.0,42.4,53.969,94.521,9.2663,60.404,37.285,42.898,2632.9,63.679,23.818,47.936,0.35734,8.915,26.532,120.41,1.3604,74.401,23.769,2.2881,54.808,4.7662,231.03,0.017657,0.85056,65.867,19.192,42.834
763,2026-04-15T07:06:00,49.998,25.684,27.055,32.952,41.786,2702.3,3663.3,17.023,18.994,22.143,0.26486,0.11108,342.21,76.879,7.0013,13.921,32.22,4554.1,23.424,46.53,50.891,79.95,2.2697,1.6756,3100.5,42.348,53.621,94.531,9.3833,62.925,40.723,42.649,2631.0,63.943,25.005,47.99,0.35937,8.915,26.532,120.41,1.3604,75.092,23.769,2.2881,54.808,4.7662,232.76,0.017657,0.85056,65.823,19.192,42.834
764,2026-04-15T07:09:00,50.631,26.658,27.064,33.163,40.986,2702.2,3616.0,18.834,18.53,22.732,0.27339,0.11108,342.91,77.085,6.8122,13.753,32.382,4449.6,22.662,47.994,49.559,79.897,2.2234,1.6465,3095.6,42.324,53.673,94.622,9.4724,60.205,36.802,41.912,2629.9,62.918,26.163,48.287,0.35856,9.0039,26.301,120.39,1.2639,75.221,23.842,2.2766,54.808,4.9107,231.78,0.017657,0.85056,65.772,18.672,42.834
765,2026-04-15T07:12:00,50.394,26.736,26.992,33.163,40.646,2702.6,3649.4,17.119,18.53,22.463,0.2726,0.11108,342.56,77.425,6.8122,13.753,32.382,4473.3,23.373,47.445,50.154,80.044,2.2234,1.6465,3097.8,42.22,53.39,94.71,9.3983,61.627,38.554,42.216,2631.3,62.343,25.888,48.243,0.35607,9.0039,26.301,120.38,1.2639,76.068,23.842,2.2766,54.808,4.9107,234.62,0.017657,0.85056,65.755,18.672,42.834
766,2026-04-15T07:15:00,50.104,24.958,26.813,33.386,41.665,2705.5,3677.8,19.578,18.67,22.699,0.25688,0.0894,342.77,77.587,6.8436,13.996,32.507,4514.4,22.326,46.774,50.278,80.259,2.2587,1.6402,3099.9,42.664,54.148,94.516,9.3305,61.905,38.918,39.957,2635.1,63.49,26.453,48.475,0.33785,8.7917,26.439,120.43,1.17,74.07,24.11,2.2885,54.38,4.8442,233.59,0.016926,0.84103,65.816,18.935,44.064
767,2026-04-15T07:18:00,49.261,25.259,26.912,33.386,41.14,2704.1,3677.3,19.356,18.67,22.439,0.25382,0.0894,342.48,77.372,6.8436,13.996,32.507,4479.3,22.42,44.824,49.001,80.287,2.2587,1.6402,3100.0,42.372,54.568,94.462,9.4676,62.256,35.161,40.411,2633.7,63.499,24.49,48.558,0.33413,8.7917,26.439,120.41,1.17,75.529,24.11,2.2885,54.38,4.8442,234.6,0.016926,0.84103,65.895,18.935,44.064
768,2026-04-15T07:21:00,51.449,23.7,26.786,33.137,41.041,2700.5,3696.3,20.081,18.511,22.433,0.24024,0.0894,342.65,76.962,6.7695,13.664,32.086,4514.9,22.133,49.888,50.24,80.007,2.2804,1.6827,3096.5,42.049,53.493,94.594,9.2362,62.541,38.807,43.128,2629.4,62.948,25.929,48.761,0.36582,9.0996,25.951,120.41,1.2235,76.286,23.751,2.3101,54.38,4.7992,234.25,0.016926,0.84103,65.912,18.922,44.064
769,2026-04-15T07:24:00,49.888,23.552,26.967,33.137,40.813,2698.7,3671.6,19.032,18.511,22.48,0.24174,0.0894,342.43,77.263,6.7695,13.664,32.086,4469.7,22.571,46.274,51.089,79.924,2.2804,1.6827,3094.9,42.783,54.034,94.553,9.3642,61.043,41.305,43.083,2627.9,63.372,27.048,48.803,0.36619,9.0996,25.951,120.39,1.2235,75.079,23.751,2.3101,54.38,4.7992,235.77,0.016926,0.84103,65.865,18.922,44.064
770,2026-04-15T07:27:00,50.514,27.566,27.243,33.365,41.658,2701.8,3699.9,19.071,18.518,22.706,0.28008,0.0894,342.45,77.377,6.9168,14.017,32.004,4490.7,22.549,47.724,50.153,80.18,2.2289,1.6606,3096.6,42.514,53.789,94.501,9.3939,61.579,38.551,39.189,2631.4,63.606,23.849,48.893,0.32527,8.7136,26.232,120.41,1.2381,74.416,23.664,2.3538,54.38,4.8362,236.71,0.016926,0.84103,65.901,18.792,44.064
771,2026-04-15T07:30:00,51.068,27.603,26.742,33.365,41.494,2701.4,3701.3,17.433,18.518,22.484,0.2797,0.089695,342.45,77.169,6.9168,14.017,32.004,4472.2,23.241,49.007,48.849,80.182,2.2289,1.6606,3096.9,42.604,54.01,94.455,9.3346,61.203,34.714,38.896,2630.9,63.582,25.41,48.845,0.32767,8.7136,26.232,120.42,1.2381,74.464,23.664,2.3538,54.275,4.8362,236.63,0.013913,0.83741,65.951,18.792,43.312
772,2026-04-15T07:33:00,48.712,28.263,26.808,32.989,41.067,2699.2,3654.2,19.043,18.121,22.187,0.29193,0.089695,341.99,77.33,7.0669,13.892,32.112,4469.8,22.56,43.553,50.345,80.107,2.2701,1.6506,3096.5,42.662,54.343,94.557,9.3574,60.806,39.116,43.716,2628.1,63.137,25.594,48.956,0.36584,8.9703,26.18,120.38,1.1908,74.745,23.866,2.2544,54.275,4.8735,236.2,0.013913,0.83741,65.978,18.638,43.312
773,2026-04-15T07:36:00,49.106,28.227,27.17,32.989,41.177,2700.7,3664.9,18.428,18.121,22.742,0.2923,0.089695,342.77,77.432,7.0669,13.892,32.112,4527.6,22.816,44.466,50.978,80.19,2.2701,1.6506,3096.7,42.523,53.651,94.515,9.3258,62.091,40.977,42.936,2630.1,62.954,26.237,48.965,0.37223,8.9703,26.18,120.39,1.1908,75.271,23.866,2.2544,54.275,4.8735,236.92,0.013913,0.83741,65.978,18.638,43.312
774,2026-04-15T07:39:00,50.457,27.67,26.86,33.095,40.793,2703.8,3592.6,17.657,18.28,22.952,0.27971,0.089695,342.87,77.757,6.8371,13.954,32.331,4506.5,23.121,47.591,51.204,80.401,2.2782,1.6524,3097.2,42.259,54.293,94.691,9.486,61.896,41.643,41.351,2633.4,62.777,22.983,49.083,0.35942,8.8241,25.717,120.37,1.2723,75.303,23.655,2.3279,54.275,4.8984,236.38,0.013913,0.83741,66.038,18.734,43.312
775,2026-04-15T07:42:00,47.795,27.509,26.668,33.095,41.107,2703.4,3658.0,17.587,18.28,22.518,0.28135,0.089695,342.8,77.167,6.8371,13.954,32.331,4509.7,23.166,41.432,49.919,80.266,2.2782,1.6524,3099.0,42.77,54.255,94.583,9.421,60.383,37.863,41.913,2632.5,61.652,24.195,49.355,0.35481,8.8241,25.717,120.37,1.2723,75.142,23.655,2.3279,54.275,4.8984,234.06,0.013913,0.83741,66.079,18.734,43.312
776,2026-04-15T07:45:00,50.662,25.306,27.081,33.758,41.337,2701.5,3644.3,16.825,18.877,22.685,0.26063,0.093674,343.16,77.128,7.0216,13.779,32.078,4564.2,23.496,48.066,49.142,79.971,2.2346,1.6706,3097.4,42.1,53.382,94.686,9.3745,62.745,35.574,42.805,2630.7,63.837,26.437,49.22,0.36233,8.8417,25.965,120.4,1.272,74.961,24.049,2.2898,53.9,4.8518,235.42,0.014668,0.84398,66.037,18.8,43.859
777,2026-04-15T07:48:00,50.56,25.25,26.508,33.758,40.834,2701.5,3677.6,16.908,18.877,22.123,0.2612,0.093674,342.97,77.312,7.0216,13.779,32.078,4499.4,23.454,47.831,50.083,80.017,2.2346,1.6706,3098.3,42.601,54.157,94.509,9.2693,61.618,38.344,42.777,2631.0,63.264,26.751,49.133,0.36256,8.8417,25.965,120.39,1.272,75.042,24.049,2.2898,53.9,4.8518,236.81,0.014668,0.84398,65.977,18.8,43.859
778,2026-04-15T07:51:00,50.209,27.812,26.813,32.868,41.16,2704.1,3604.9,18.705,18.232,22.668,0.28388,0.093674,343.41,77.251,6.8893,13.683,32.638,4506.9,22.696,47.018,50.009,80.157,2.2841,1.7317,3099.4,42.39,53.907,94.586,9.3572,60.631,38.126,40.811,2633.2,62.853,23.517,49.201,0.34092,8.738,25.921,120.4,1.1593,74.863,24.013,2.3181,53.9,4.852,236.45,0.014668,0.84398,65.995,18.611,43.859
779,2026-04-15T07:54:00,49.788,27.628,26.698,32.868,40.324,2703.2,3610.6,17.237,18.232,22.616,0.28576,0.093674,343.39,77.204,6.8893,13.683,32.638,4506.8,23.322,46.044,51.007,79.964,2.2841,1.7317,3097.6,42.407,53.908,94.728,9.265,62.984,41.065,40.542,2632.0,62.755,25.674,49.226,0.34313,8.738,25.921,120.37,1.1593,74.452,24.013,2.3181,53.9,4.852,236.56,0.014668,0.84398,65.984,18.611,43.859
780,2026-04-15T07:57:00,50.495,22.313,26.339,33.182,41.85,2705.6,3636.9,17.701,18.261,22.413,0.22776,0.093674,344.03,77.561,6.8046,13.788,32.669,4506.1,23.111,47.679,50.773,80.123,2.2865,1.6526,3100.1,42.696,54.391,94.538,9.4347,63.295,40.375,39.282,2634.4,63.393,25.901,49.073,0.33123,8.9221,26.235,120.43,1.3029,74.427,23.663,2.4302,53.9,4.8543,238.69,0.014668,0.84398,65.969,18.785,43.859
781,2026-04-15T08:00:00,50.558,22.62,26.999,33.182,41.15,2706.4,3656.2,18.261,18.261,22.577,0.22464,0.087659,343.67,77.555,6.8046,13.788,32.669,4535.7,22.871,47.826,50.744,80.229,2.2865,1.6526,3102.0,42.368,54.037,94.616,9.5011,58.257,40.288,39.456,2635.3,63.061,25.74,49.407,0.3298,8.9221,26.235,120.4,1.3029,73.924,23.663,2.4302,53.501,4.8543,237.3,0.00078288,0.81983,66.01,18.785,44.298
782,2026-04-15T08:03:00,49.151,21.717,27.02,32.901,41.847,2707.3,3686.0,15.726,18.474,23.001,0.21829,0.087659,343.54,77.904,6.7697,13.804,32.445,4519.3,23.918,44.57,49.094,80.343,2.2421,1.6471,3102.3,42.252,53.82,94.394,9.4244,59.655,35.435,40.683,2636.9,63.323,26.281,49.426,0.34164,8.7793,25.978,120.43,1.1772,74.593,23.473,2.328,53.501,4.7909,238.29,0.00078288,0.81983,66.071,18.563,44.298
783,2026-04-15T08:06:00,49.638,21.549,26.929,32.901,40.732,2705.9,3705.9,16.132,18.474,22.891,0.22,0.087659,343.29,77.281,6.7697,13.804,32.445,4493.0,23.755,45.696,50.234,80.37,2.2421,1.6471,3101.5,42.288,54.136,94.511,9.3317,60.55,38.787,40.578,2635.6,62.981,24.997,49.604,0.3425,8.7793,25.978,120.38,1.1772,75.226,23.473,2.328,53.501,4.7909,237.45,0.00078288,0.81983,66.133,18.563,44.298
784,2026-04-15T08:09:00,49.259,23.573,27.084,33.309,41.575,2704.1,3716.5,18.936,18.25,22.858,0.23509,0.087659,343.23,77.422,6.6874,13.807,31.88,4514.2,22.568,44.819,49.189,80.241,2.2746,1.6579,3099.2,42.531,54.444,94.386,9.3439,60.188,35.713,40.571,2633.1,63.195,23.525,49.74,0.34585,8.9406,26.481,120.4,0.99942,74.826,23.854,2.2671,53.501,4.8811,237.07,0.00078288,0.81983,66.171,18.467,44.298
785,2026-04-15T08:12:00,50.14,23.177,27.07,33.309,41.573,2700.9,3655.6,16.302,18.25,22.481,0.23911,0.087659,343.32,76.759,6.6874,13.807,31.88,4527.1,23.704,46.859,50.03,80.004,2.2746,1.6579,3096.2,42.454,54.29,94.48,9.3215,61.757,38.189,41.054,2630.0,64.243,24.282,49.488,0.34189,8.9406,26.481,120.4,0.99942,75.202,23.854,2.2671,53.501,4.8811,241.08,0.00078288,0.81983,66.17,18.467,44.298
786,2026-04-15T08:15:00,50.53,28.864,26.805,33.241,41.389,2699.2,3688.9,19.9,18.589,22.12,0.29113,0.10708,342.78,77.179,6.8548,13.852,32.43,4506.4,22.186,47.76,49.644,79.814,2.2981,1.6318,3095.7,42.614,54.816,94.484,9.3094,62.185,37.052,40.691,2627.1,64.537,25.742,49.215,0.34515,8.8513,26.108,120.41,1.1994,74.814,24.22,2.3623,53.927,4.8584,238.39,0.010643,0.82544,66.062,18.462,43.605
787,2026-04-15T08:18:00,48.555,28.715,27.382,33.241,40.565,2700.1,3744.5,17.365,18.589,22.527,0.29264,0.10708,342.76,77.498,6.8548,13.852,32.43,4516.7,23.247,43.191,50.186,80.019,2.2981,1.6318,3096.9,42.309,54.692,94.26,9.2066,61.232,38.648,40.588,2629.2,63.58,25.181,48.985,0.34599,8.8513,26.108,120.4,1.1994,74.554,24.22,2.3623,53.927,4.8584,239.19,0.010643,0.82544,65.99,18.462,43.605
788,2026-04-15T08:21:00,48.476,23.674,26.8,33.108,42.028,2698.3,3679.6,20.288,18.349,22.113,0.2382,0.10708,342.84,77.089,6.8055,14.005,32.295,4563.4,22.033,43.008,48.453,79.992,2.2465,1.6618,3094.8,42.36,54.197,94.564,9.3541,61.631,33.547,41.739,2627.6,63.333,25.388,49.1,0.34653,9.0017,26.555,120.41,1.2952,74.032,23.546,2.2767,53.927,4.8624,236.12,0.010643,0.82544,65.974,18.62,43.605
789,2026-04-15T08:24:00,51.322,23.423,26.868,33.108,40.909,2697.1,3676.9,15.847,18.349,22.081,0.24075,0.10708,342.84,77.148,6.8055,14.005,32.295,4540.3,23.91,49.593,50.463,79.891,2.2465,1.6618,3093.5,42.349,54.474,94.4,9.3986,61.258,39.462,41.355,2626.5,63.379,25.071,48.867,0.34968,9.0017,26.555,120.37,1.2952,75.929,23.546,2.2767,53.927,4.8624,236.96,0.010643,0.82544,65.926,18.62,43.605
790,2026-04-15T08:27:00,50.703,24.672,26.854,33.634,41.248,2700.0,3679.8,19.378,18.859,22.646,0.25043,0.10708,342.99,77.763,6.8621,13.81,32.692,4562.1,22.399,48.161,51.177,80.229,2.249,1.6191,3094.9,41.993,53.867,94.656,9.4058,60.091,41.563,43.847,2629.7,63.811,24.726,48.739,0.36421,8.7644,26.088,120.41,1.1803,74.772,23.946,2.3265,53.927,4.8543,236.64,0.010643,0.82544,65.923,19.042,43.605
791,2026-04-15T08:30:00,49.4,24.544,26.996,33.634,41.225,2700.0,3707.9,19.756,18.859,22.419,0.25174,0.095831,342.31,77.326,6.8621,13.81,32.692,4542.0,22.245,45.146,50.507,80.362,2.249,1.6191,3095.3,42.413,54.107,94.285,9.2465,61.72,39.593,43.487,2629.0,63.327,26.749,48.929,0.36716,8.7644,26.088,120.41,1.1803,75.242,23.946,2.3265,53.38,4.8543,234.01,0.011524,0.82873,66.019,19.042,44.807
792,2026-04-15T08:33:00,50.253,20.586,26.841,33.321,40.745,2697.2,3688.2,15.717,18.183,22.338,0.20887,0.095831,342.13,77.546,6.9787,13.874,32.857,4483.7,23.937,47.12,50.51,80.301,2.2982,1.6536,3091.9,42.192,53.759,94.678,9.3468,58.551,39.6,40.989,2626.8,63.215,24.663,48.728,0.34587,9.038,26.286,120.4,1.208,75.093,23.904,2.2902,53.38,4.7841,235.01,0.011524,0.82873,66.046,18.595,44.807
793,2026-04-15T08:36:00,49.96,20.434,26.872,33.321,41.808,2697.7,3690.0,15.907,18.183,22.573,0.21042,0.095831,342.11,77.608,6.9787,13.874,32.857,4493.4,23.847,46.442,50.343,80.469,2.2982,1.6536,3092.9,42.166,53.644,94.427,9.2056,63.668,39.109,40.827,2626.3,63.184,23.855,48.672,0.3472,9.038,26.286,120.45,1.208,75.403,23.904,2.2902,53.38,4.7841,234.38,0.011524,0.82873,66.08,18.595,44.807
794,2026-04-15T08:39:00,50.017,18.492,26.783,32.768,40.819,2694.3,3662.3,18.002,18.732,21.895,0.18607,0.095831,341.44,77.249,7.0161,13.86,32.605,4517.6,22.972,46.574,50.57,80.382,2.2927,1.6268,3091.4,41.557,54.444,94.761,9.3347,61.359,39.779,42.028,2622.4,62.601,26.208,48.6,0.3515,9.0038,26.547,120.37,1.227,74.99,23.416,2.3431,53.38,4.848,233.88,0.011524,0.82873,66.144,18.837,44.807
795,2026-04-15T08:42:00,48.604,18.396,26.717,32.768,40.692,2693.2,3654.7,16.513,18.732,21.998,0.18705,0.095831,341.39,77.061,7.0161,13.86,32.605,4501.4,23.608,43.303,51.116,80.304,2.2927,1.6268,3088.9,42.388,54.638,94.663,9.1259,62.278,41.383,42.12,2621.8,62.731,24.153,48.491,0.35074,9.0038,26.547,120.4,1.227,75.182,23.416,2.3431,53.38,4.848,233.85,0.011524,0.82873,66.129,18.837,44.807
796,2026-04-15T08:45:00,49.62,20.423,27.229,33.257,39.815,2691.5,3617.7,17.354,18.862,22.07,0.20384,0.096725,341.72,77.156,6.8984,13.939,32.808,4503.3,23.255,45.656,49.939,80.201,2.2954,1.6718,3087.2,41.884,54.031,94.751,9.1531,61.873,37.92,41.796,2619.7,62.933,27.034,48.46,0.35104,9.0163,26.23,120.34,1.3465,74.609,23.406,2.3632,54.256,4.9386,233.75,0.0052801,0.82978,66.045,18.998,43.936
797,2026-04-15T08:48:00,50.111,20.399,26.954,33.257,41.204,2692.0,3642.7,18.826,18.862,22.035,0.20408,0.096725,340.93,77.351,6.8984,13.939,32.808,4538.4,22.635,46.79,50.277,80.161,2.2954,1.6718,3088.6,42.127,53.611,94.824,9.3679,60.56,38.916,41.741,2620.3,62.502,26.275,48.563,0.3515,9.0163,26.23,120.39,1.3465,75.346,23.406,2.3632,54.256,4.9386,231.73,0.0052801,0.82978,66.006,18.998,43.936
798,2026-04-15T08:51:00,51.3,17.935,26.792,33.129,40.221,2693.3,3619.5,16.774,18.575,22.145,0.17919,0.096725,341.03,77.714,6.8996,13.833,31.969,4478.1,23.487,49.542,50.503,80.335,2.2566,1.6756,3088.2,41.936,53.915,94.727,9.3021,64.195,39.579,43.197,2621.9,63.863,25.712,48.393,0.35771,9.0615,26.317,120.38,1.0592,75.146,23.895,2.3719,54.256,4.8389,232.77,0.0052801,0.82978,65.975,19.134,43.936
799,2026-04-15T08:54:00,51.116,17.791,27.086,33.129,40.902,2694.2,3667.8,16.517,18.575,21.769,0.18065,0.096725,340.4,77.76,6.8996,13.833,31.969,4523.5,23.583,49.116,51.194,80.598,2.2566,1.6756,3091.5,42.301,53.372,94.732,9.1991,64.086,41.615,43.196,2622.6,63.031,25.862,48.545,0.35772,9.0615,26.317,120.41,1.0592,74.973,23.895,2.3719,54.256,4.8389,230.16,0.0052801,0.82978,66.023,19.134,43.936
800,2026-04-15T08:57:00,49.221,25.698,26.976,33.062,41.559,2694.4,3638.9,17.972,18.759,21.322,0.25825,0.096725,339.62,77.44,6.6751,13.778,32.308,4493.0,22.974,44.732,51.417,80.595,2.2608,1.6266,3094.3,42.714,53.354,94.624,9.5007,59.931,42.27,41.752,2622.1,63.503,25.788,48.33,0.3471,9.0523,25.706,120.41,1.2614,74.432,23.155,2.3686,54.256,4.9338,231.62,0.0052801,0.82978,66.12,18.762,43.936
801,2026-04-15T09:00:00,50.679,25.522,26.826,33.062,40.947,2694.4,3666.5,19.437,18.759,21.227,0.26004,0.094258,339.66,77.509,6.6751,13.778,32.308,4485.0,22.354,48.106,48.075,80.504,2.2608,1.6266,3094.5,42.549,53.45,94.586,9.4676,58.994,32.435,41.427,2622.1,63.027,23.415,48.393,0.34976,9.0523,25.706,120.4,1.2614,74.413,23.155,2.3686,53.15,4.9338,230.15,0.0398,0.8109,66.103,18.762,43.879
802,2026-04-15T09:03:00,48.886,22.296,27.188,32.543,41.478,2693.9,3719.0,17.346,18.805,21.566,0.22842,0.094258,339.3,77.56,6.9549,13.824,32.324,4539.0,23.236,43.955,51.39,80.414,2.2907,1.6431,3093.8,42.948,53.688,94.583,9.3488,60.281,42.19,40.832,2622.2,64.182,24.147,48.065,0.34245,8.9268,26.314,120.41,1.329,74.891,24.213,2.4249,53.15,4.9743,233.0,0.0398,0.8109,66.074,18.74,43.879
803,2026-04-15T09:06:00,48.402,22.559,26.59,32.543,42.291,2695.7,3717.6,17.713,18.805,21.678,0.22574,0.094258,339.44,77.533,6.9549,13.824,32.324,4525.4,23.076,42.837,49.258,80.619,2.2907,1.6431,3094.8,42.561,53.85,94.416,9.4107,59.5,35.915,41.17,2624.6,64.206,24.419,48.24,0.33968,8.9268,26.314,120.44,1.329,74.344,24.213,2.4249,53.15,4.9743,230.22,0.0398,0.8109,66.051,18.74,43.879
804,2026-04-15T09:09:00,50.05,21.917,26.738,32.66,41.076,2692.9,3648.7,19.298,18.727,21.279,0.22644,0.094258,339.36,77.149,6.8446,13.738,31.895,4567.7,22.421,46.65,52.323,80.446,2.278,1.6239,3092.9,42.428,53.401,94.522,9.4341,61.172,44.935,41.36,2621.7,63.001,24.914,48.112,0.34774,8.8955,26.561,120.39,1.2131,75.377,23.604,2.3413,53.15,4.9319,230.8,0.0398,0.8109,66.05,18.986,43.879
805,2026-04-15T09:12:00,50.993,22.075,26.847,32.66,41.857,2692.7,3666.6,17.748,18.727,21.237,0.22483,0.094258,339.13,77.542,6.8446,13.738,31.895,4487.2,23.065,48.832,50.137,80.387,2.278,1.6239,3093.0,42.867,54.364,94.778,9.4067,62.725,38.503,41.267,2620.8,62.693,26.23,47.976,0.34851,8.8955,26.561,120.41,1.2131,74.615,23.604,2.3413,53.15,4.9319,231.54,0.0398,0.8109,66.04,18.986,43.879
806,2026-04-15T09:15:00,51.063,26.355,27.006,32.446,40.382,2694.5,3693.2,19.109,19.314,21.671,0.26585,0.08686,339.77,77.185,6.997,13.829,31.878,4500.5,22.502,48.995,50.541,80.397,2.253,1.6591,3093.7,42.585,53.588,94.522,9.3923,62.308,39.693,40.651,2623.1,63.186,22.792,47.335,0.33426,8.8602,26.009,120.38,1.1728,75.605,23.964,2.3504,53.909,4.9383,232.21,0.029045,0.82556,65.988,18.655,43.759
807,2026-04-15T09:18:00,50.751,26.267,27.045,32.446,41.185,2695.0,3667.2,16.694,19.314,21.489,0.26675,0.08686,339.67,77.501,6.997,13.829,31.878,4498.0,23.514,48.273,49.478,80.36,2.253,1.6591,3095.2,42.053,53.618,94.625,9.4871,59.189,36.565,40.55,2623.7,63.634,25.225,47.224,0.33508,8.8602,26.009,120.41,1.1728,74.426,23.964,2.3504,53.909,4.9383,230.21,0.029045,0.82556,65.913,18.655,43.759
808,2026-04-15T09:21:00,50.229,26.749,26.903,32.786,41.319,2695.8,3647.2,21.352,18.682,21.483,0.27151,0.08686,339.49,77.364,7.0109,13.733,31.831,4511.4,21.557,47.065,49.974,80.35,2.257,1.6462,3096.2,42.321,54.261,94.573,9.4509,63.236,38.025,41.472,2624.3,62.605,25.795,46.97,0.34696,8.742,26.541,120.41,1.1869,74.023,23.907,2.3717,53.909,4.9213,229.83,0.029045,0.82556,65.865,18.984,43.759
809,2026-04-15T09:24:00,51.273,26.84,26.707,32.786,41.525,2697.1,3636.1,16.802,18.682,21.321,0.27058,0.08686,339.77,77.783,7.0109,13.733,31.831,4508.2,23.464,49.48,50.916,80.277,2.257,1.6462,3097.0,42.578,54.298,94.664,9.3377,61.739,40.796,41.243,2625.0,62.796,24.713,47.027,0.34884,8.742,26.541,120.4,1.1869,75.017,23.907,2.3717,53.909,4.9213,225.97,0.029045,0.82556,65.813,18.984,43.759
810,2026-04-15T09:27:00,49.505,27.475,26.897,32.508,40.752,2701.7,3642.1,17.697,19.092,21.628,0.28017,0.08686,340.08,77.95,6.8496,13.597,32.017,4467.6,23.071,45.388,50.861,80.612,2.3221,1.643,3100.3,42.362,53.97,94.577,9.3995,62.576,40.634,39.934,2629.6,62.456,24.535,46.772,0.338,8.7782,26.205,120.41,1.3151,74.719,23.883,2.312,53.909,4.8591,225.62,0.029045,0.82556,65.834,19.083,43.759
811,2026-04-15T09:30:00,51.006,27.51,26.968,32.508,40.39,2702.6,3676.2,20.047,19.092,22.104,0.27982,0.11062,340.62,77.493,6.8496,13.597,32.017,4490.4,22.089,48.862,49.957,80.591,2.3221,1.643,3100.8,42.253,53.697,94.587,9.3295,60.829,37.972,40.226,2631.6,61.868,25.738,46.679,0.3356,8.7782,26.205,120.41,1.3151,74.179,23.883,2.312,53.286,4.8591,227.27,0.014656,0.82693,65.856,19.083,43.576
812,2026-04-15T09:33:00,49.177,26.105,26.652,32.398,41.424,2703.7,3688.9,19.529,18.809,21.75,0.26363,0.11062,340.82,77.541,6.8584,13.521,32.072,4452.8,22.306,44.628,50.939,80.423,2.2712,1.6594,3102.5,42.554,53.861,94.608,9.4148,60.971,40.864,38.483,2632.1,63.019,25.817,46.535,0.31819,8.6948,26.162,120.42,1.2109,75.001,23.828,2.2729,53.286,4.8621,227.33,0.014656,0.82693,65.839,18.747,43.576
813,2026-04-15T09:36:00,51.187,25.993,26.749,32.398,41.702,2704.2,3636.8,20.23,18.809,21.886,0.26476,0.11062,341.02,77.469,6.8584,13.521,32.072,4491.2,22.009,49.28,50.478,80.447,2.2712,1.6594,3103.1,42.256,53.401,94.491,9.4165,61.07,39.508,37.602,2633.2,63.916,26.484,46.461,0.32542,8.6948,26.162,120.4,1.2109,75.272,23.828,2.2729,53.286,4.8621,226.66,0.014656,0.82693,65.798,18.747,43.576
814,2026-04-15T09:39:00,50.835,25.414,27.12,32.813,40.905,2704.0,3681.7,16.451,18.224,21.715,0.2629,0.11062,340.79,77.452,6.8735,13.722,32.211,4533.4,23.597,48.467,50.758,80.363,2.2693,1.6015,3104.0,42.37,53.698,94.461,9.3219,60.172,40.332,36.928,2632.1,63.093,24.854,46.504,0.31097,8.7543,25.922,120.39,1.535,74.266,23.956,2.2514,53.286,4.9865,224.65,0.014656,0.82693,65.775,18.763,43.576
815,2026-04-15T09:42:00,50.275,25.568,26.819,32.813,42.023,2703.7,3697.1,18.189,18.224,22.329,0.26133,0.11062,341.52,77.105,6.8735,13.722,32.211,4515.8,22.88,47.169,50.745,80.221,2.2693,1.6015,3100.5,42.511,53.909,94.454,9.2834,64.068,40.292,37.022,2633.2,62.828,25.385,46.49,0.3102,8.7543,25.922,120.42,1.535,73.928,23.956,2.2514,53.286,4.9865,223.31,0.014656,0.82693,65.741,18.763,43.576
816,2026-04-15T09:45:00,49.381,24.546,26.875,33.146,40.014,2700.5,3643.4,18.004,18.742,22.062,0.24576,0.1009,341.66,76.907,6.9625,13.724,32.007,4510.3,22.973,45.101,49.211,79.934,2.2758,1.6381,3099.3,42.736,53.94,94.656,9.324,60.443,35.777,39.666,2629.1,63.634,26.086,46.384,0.33018,8.926,26.471,120.37,1.1743,74.995,24.053,2.2759,53.509,4.9385,223.29,0.02436,0.85277,65.652,18.852,42.813
817,2026-04-15T09:48:00,50.048,24.357,26.677,33.146,41.619,2703.1,3683.7,17.562,18.742,22.23,0.24768,0.1009,341.5,77.509,6.9625,13.724,32.007,4523.0,23.148,46.646,48.905,80.068,2.2758,1.6381,3098.9,42.183,53.788,94.529,9.4838,62.098,34.876,39.233,2631.6,62.94,25.47,46.076,0.33373,8.926,26.471,120.41,1.1743,74.431,24.053,2.2759,53.509,4.9385,225.44,0.02436,0.85277,65.545,18.852,42.813
818,2026-04-15T09:51:00,49.674,26.452,27.049,32.972,40.696,2706.1,3650.8,18.458,18.594,22.473,0.26757,0.1009,341.99,77.774,6.9617,13.977,32.352,4529.4,22.756,45.78,51.426,80.376,2.2258,1.6339,3101.5,41.97,53.487,94.517,9.288,62.069,42.295,39.35,2635.2,62.693,24.374,45.982,0.33203,8.9417,26.258,120.4,1.2279,74.869,23.865,2.2942,53.509,4.8531,225.16,0.02436,0.85277,65.555,18.758,42.813
819,2026-04-15T09:54:00,49.891,26.538,26.928,32.972,41.31,2704.3,3647.2,16.432,18.594,22.376,0.26669,0.1009,342.11,77.288,6.9617,13.977,32.352,4481.5,23.626,46.282,50.822,80.165,2.2258,1.6339,3101.9,41.828,54.061,94.639,9.4512,60.894,40.52,38.983,2633.0,62.753,25.934,46.112,0.33504,8.9417,26.258,120.42,1.2279,75.49,23.865,2.2942,53.509,4.8531,222.35,0.02436,0.85277,65.587,18.758,42.813
820,2026-04-15T09:57:00,49.026,23.063,27.182,32.691,40.711,2703.4,3593.6,20.783,18.625,22.355,0.23542,0.1009,341.62,77.672,6.8295,14.014,32.305,4513.9,21.782,44.28,48.406,80.171,2.2678,1.6347,3100.0,42.52,53.899,94.622,9.3123,60.207,33.41,42.79,2632.0,63.607,24.825,45.805,0.35983,8.9408,26.039,120.4,1.4771,75.816,23.882,2.21,53.509,4.8032,224.47,0.02436,0.85277,65.559,19.072,42.813
821,2026-04-15T10:00:00,49.821,22.972,27.23,32.691,41.144,2704.0,3631.3,19.086,18.625,22.295,0.23635,0.10906,341.88,77.465,6.8295,14.014,32.305,4500.1,22.502,46.12,50.29,80.216,2.2678,1.6347,3100.1,42.53,54.064,94.583,9.4118,60.334,38.952,42.459,2632.9,62.959,24.961,46.37,0.36254,8.9408,26.039,120.41,1.4771,74.99,23.882,2.21,52.795,4.8032,224.28,0.019645,0.83285,65.585,19.072,44.261
822,2026-04-15T10:03:00,50.238,23.473,26.621,32.9,40.522,2703.2,3672.0,18.555,18.228,22.122,0.23747,0.10906,341.95,77.074,6.8268,13.626,32.177,4451.0,22.737,47.085,49.469,80.155,2.2441,1.6131,3099.6,42.288,53.857,94.64,9.3749,62.268,36.538,43.54,2631.1,63.406,25.275,46.396,0.36372,8.7743,26.181,120.41,1.2633,74.593,23.849,2.3688,52.795,4.9876,225.93,0.019645,0.83285,65.58,18.203,44.261
823,2026-04-15T10:06:00,50.453,23.262,27.027,32.9,41.067,2702.0,3669.5,16.411,18.228,22.241,0.23962,0.10906,342.06,77.203,6.8268,13.626,32.177,4472.8,23.641,47.582,51.006,80.057,2.2441,1.6131,3098.0,42.641,53.597,94.553,9.4248,61.406,41.06,43.43,2630.2,63.448,26.877,46.442,0.36462,8.7743,26.181,120.4,1.2633,74.69,23.849,2.3688,52.795,4.9876,227.34,0.019645,0.83285,65.588,18.203,44.261
824,2026-04-15T10:09:00,49.331,24.637,26.613,32.771,41.079,2703.0,3692.5,20.05,18.516,22.106,0.24935,0.10906,341.96,77.312,6.9985,13.653,32.233,4587.6,22.108,44.986,50.43,80.103,2.2233,1.6618,3100.1,42.172,54.378,94.553,9.3143,60.984,39.365,38.118,2632.4,63.127,24.148,46.701,0.32313,9.0806,27.114,120.42,1.2167,75.241,23.899,2.3683,52.795,4.8339,226.37,0.019645,0.83285,65.573,19.014,44.261
825,2026-04-15T10:12:00,48.893,24.524,26.765,32.771,40.969,2705.9,3663.0,21.002,18.516,22.471,0.25049,0.10906,342.27,77.548,6.9985,13.653,32.233,4531.7,21.7,43.972,50.259,80.218,2.2233,1.6618,3101.2,42.126,55.047,94.511,9.3868,61.985,38.863,38.179,2635.4,63.634,25.88,46.725,0.32263,9.0806,27.114,120.42,1.2167,73.746,23.899,2.3683,52.795,4.8339,228.03,0.019645,0.83285,65.572,19.014,44.261
826,2026-04-15T10:15:00,48.836,24.076,26.735,33.109,40.837,2705.1,3625.1,16.48,18.35,22.02,0.24387,0.10449,342.23,77.606,6.7602,13.558,32.293,4508.7,23.602,43.841,51.135,80.169,2.2281,1.64,3101.5,42.077,53.361,94.594,9.3081,62.94,41.44,38.195,2633.9,62.753,23.408,46.583,0.32606,8.7531,26.306,120.38,1.1651,75.137,24.019,2.2988,54.085,4.8302,225.95,0.023975,0.84412,65.596,17.999,43.685
827,2026-04-15T10:18:00,50.209,24.117,26.676,33.109,41.256,2706.8,3655.9,17.107,18.35,22.291,0.24345,0.10449,342.48,77.688,6.7602,13.558,32.293,4480.2,23.328,47.017,48.958,80.318,2.2281,1.64,3102.5,42.067,53.703,94.578,9.3916,60.739,35.035,38.317,2635.8,62.223,26.267,46.605,0.32506,8.7531,26.306,120.41,1.1651,74.566,24.019,2.2988,54.085,4.8302,225.17,0.023975,0.84412,65.653,17.999,43.685
828,2026-04-15T10:21:00,48.934,23.756,26.923,33.479,41.346,2707.6,3694.3,20.324,18.916,22.156,0.23391,0.10449,341.89,77.272,7.0015,13.702,32.438,4592.4,21.981,44.067,50.341,80.297,2.2835,1.6814,3105.7,42.117,54.894,94.531,9.4723,59.63,39.104,37.31,2636.8,63.654,24.294,46.391,0.30985,8.9634,26.907,120.4,1.3045,75.667,23.65,2.2668,54.085,4.8296,227.01,0.023975,0.84412,65.651,18.725,43.685
829,2026-04-15T10:24:00,49.912,23.157,26.606,33.479,41.538,2705.8,3704.5,18.403,18.916,22.091,0.24,0.10449,342.33,76.942,7.0015,13.702,32.438,4607.3,22.809,46.331,50.85,80.024,2.2835,1.6814,3103.7,42.58,54.715,94.458,9.272,62.575,40.601,36.784,2634.3,63.479,23.016,46.329,0.31416,8.9634,26.907,120.41,1.3045,74.025,23.65,2.2668,54.085,4.8296,227.17,0.023975,0.84412,65.664,18.725,43.685
830,2026-04-15T10:27:00,51.119,21.85,26.869,33.062,40.286,2704.9,3618.0,20.956,18.503,22.229,0.22154,0.10449,342.05,77.348,6.8166,13.576,31.669,4513.4,21.727,49.124,49.263,79.95,2.2664,1.6689,3102.0,42.679,54.127,94.642,9.3551,60.295,35.93,38.591,2632.7,62.851,23.499,46.331,0.3287,8.6851,26.02,120.36,1.4057,74.506,23.581,2.2725,54.085,4.9064,226.68,0.023975,0.84412,65.589,18.804,43.685
