sample,timestamp,tag_01,tag_02,tag_03,tag_04,tag_05,tag_06,tag_07,tag_08,tag_09,tag_10,tag_11,tag_12,tag_13,tag_14,tag_15,tag_16,tag_17,tag_18,tag_19,tag_20,tag_21,tag_22,tag_23,tag_24,tag_25,tag_26,tag_27,tag_28,tag_29,tag_30,tag_31,tag_32,tag_33,tag_34,tag_35,tag_36,tag_37,tag_38,tag_39,tag_40,tag_41,tag_42,tag_43,tag_44,tag_45,tag_46,tag_47,tag_48,tag_49,tag_50,tag_51,tag_52
1,2026-05-01T08:00:00,50.934,24.626,27.01,32.958,41.621,2705.6,3663.9,18.019,18.579,22.247,0.2507,0.098577,341.02,77.571,6.882,13.823,32.188,4473.3,22.973,48.695,49.505,80.272,2.2633,1.6567,3102.9,42.245,54.411,94.593,9.3312,60.515,36.643,40.209,2634.0,63.055,24.83,47.437,0.33593,8.8933,26.383,120.4,1.2565,75.491,23.978,2.2986,53.724,4.8436,230.36,0.017866,0.8357,65.778,18.776,43.828
2,2026-05-01T08:03:00,50.184,24.608,26.956,33.024,41.071,2702.9,3667.9,17.43,18.274,22.249,0.25097,0.098577,341.22,76.982,6.9303,13.886,32.489,4513.8,23.245,46.961,50.378,80.025,2.2227,1.6999,3101.1,42.451,53.925,94.628,9.3982,60.875,39.212,39.969,2631.3,62.986,27.392,47.464,0.33788,8.9226,26.227,120.4,1.4879,75.271,24.279,2.2951,53.724,4.9113,230.05,0.017866,0.8357,65.777,19.054,43.828
3,2026-05-01T08:06:00,50.274,24.61,27.049,33.024,40.811,2703.2,3682.1,17.895,18.274,21.951,0.25095,0.098577,341.37,77.207,6.9303,13.886,32.489,4555.4,23.043,47.168,50.94,80.033,2.2227,1.6999,3100.7,42.182,53.428,94.606,9.3214,59.651,40.867,39.937,2631.7,62.741,24.73,47.524,0.33815,8.9226,26.227,120.39,1.4879,75.157,24.279,2.2951,53.724,4.9113,229.36,0.017866,0.8357,65.744,19.054,43.828
4,2026-05-01T08:09:00,49.33,21.762,27.107,32.844,40.643,2701.3,3663.2,18.212,18.552,22.079,0.21853,0.098577,341.35,76.994,6.9776,13.872,32.571,4485.0,22.923,44.984,49.676,79.923,2.2213,1.6631,3098.4,42.148,53.566,94.651,9.2243,61.963,37.147,41.018,2629.8,62.621,25.706,47.41,0.34357,8.7602,26.523,120.37,1.3026,75.637,24.421,2.278,53.724,4.8888,230.66,0.017866,0.8357,65.719,18.743,43.828
5,2026-05-01T08:12:00,49.72,21.606,26.85,32.844,41.108,2700.5,3675.7,15.807,18.552,21.875,0.22012,0.089937,341.6,77.322,6.9776,13.872,32.571,4439.1,23.929,45.886,49.879,79.982,2.2213,1.6631,3097.8,42.282,54.115,94.826,9.2596,60.686,37.743,41.118,2630.0,62.405,24.84,47.413,0.34275,8.7602,26.523,120.4,1.3026,75.404,24.421,2.278,54.937,4.8888,230.67,0.021734,0.82995,65.661,18.743,43.661
6,2026-05-01T08:15:00,48.922,20.582,26.992,32.794,40.736,2703.2,3632.4,18.364,18.676,22.184,0.20758,0.089937,341.16,77.675,6.7984,13.878,32.337,4460.3,22.837,44.04,48.267,80.203,2.2606,1.669,3100.0,42.217,54.604,94.714,9.331,60.917,32.999,40.682,2631.3,62.667,26.158,47.658,0.34381,8.8268,26.856,120.38,1.2789,73.916,23.761,2.2179,54.937,4.8391,227.93,0.021734,0.82995,65.713,19.373,43.661
7,2026-05-01T08:18:00,48.789,20.493,26.898,32.794,41.107,2704.2,3619.5,17.297,18.676,21.978,0.20848,0.089937,340.9,77.995,6.7984,13.878,32.337,4469.1,23.267,43.732,50.373,80.37,2.2606,1.669,3102.8,41.829,54.499,94.669,9.299,62.981,39.198,40.59,2633.3,62.889,24.456,47.448,0.34456,8.8268,26.856,120.41,1.2789,74.349,23.761,2.2179,54.937,4.8391,230.27,0.021734,0.82995,65.742,19.373,43.661
8,2026-05-01T08:21:00,50.24,22.576,26.779,32.795,41.187,2705.3,3663.0,20.005,18.52,22.128,0.22703,0.089937,341.12,77.403,6.8542,13.765,31.932,4423.0,22.139,47.089,50.841,80.387,2.2515,1.6623,3102.4,42.118,53.458,94.637,9.3198,63.123,40.574,40.859,2634.2,63.707,25.63,47.279,0.34428,9.0863,26.291,120.41,1.3943,75.183,23.925,2.3369,54.937,4.786,232.1,0.021734,0.82995,65.835,18.42,43.661
9,2026-05-01T08:24:00,47.875,22.448,27.101,32.795,41.088,2704.3,3675.6,18.868,18.52,22.205,0.22833,0.089937,340.94,77.381,6.8542,13.765,31.932,4451.7,22.615,41.617,49.952,80.294,2.2515,1.6623,3103.0,42.328,53.114,94.607,9.3728,61.701,37.959,40.819,2632.6,63.491,23.406,47.544,0.34461,9.0863,26.291,120.42,1.3943,75.345,23.925,2.3369,54.937,4.786,229.04,0.021734,0.82995,65.851,18.42,43.661
10,2026-05-01T08:27:00,51.106,26.496,26.985,32.842,40.82,2703.8,3669.5,17.938,18.974,21.974,0.2665,0.087688,340.93,77.041,6.8836,13.82,31.814,4498.5,23.021,49.094,49.306,80.141,2.3079,1.6857,3102.0,42.315,54.872,94.572,9.3343,62.866,36.058,39.524,2632.1,63.159,25.599,47.324,0.33058,8.9095,26.196,120.39,1.1491,75.536,23.865,2.3952,53.388,4.9374,229.79,0.010083,0.84334,65.815,18.604,43.266
11,2026-05-01T08:30:00,50.599,26.266,26.961,32.842,40.946,2704.4,3673.7,17.101,18.974,21.986,0.26883,0.087688,341.05,77.412,6.8836,13.82,31.814,4482.4,23.366,47.92,50.286,80.037,2.3079,1.6857,3102.8,42.494,55.064,94.607,9.3713,62.501,38.942,39.466,2632.5,63.087,25.675,47.325,0.33106,8.9095,26.196,120.4,1.1491,75.532,23.865,2.3952,53.388,4.9374,229.05,0.010083,0.84334,65.749,18.604,43.266
12,2026-05-01T08:33:00,50.658,27.808,26.679,32.497,41.534,2706.0,3648.9,16.086,18.714,22.07,0.28264,0.087688,340.84,77.12,6.7233,13.637,32.587,4500.9,23.806,48.056,50.803,80.077,2.2997,1.671,3103.2,42.592,54.436,94.608,9.4066,59.773,40.464,40.17,2635.1,63.267,25.609,47.064,0.33699,8.8801,26.276,120.39,1.3139,74.852,24.292,2.2995,53.388,4.8387,231.25,0.010083,0.84334,65.713,19.0,43.266
13,2026-05-01T08:36:00,49.473,27.836,26.766,32.497,41.727,2708.5,3662.0,15.704,18.714,22.737,0.28235,0.087688,342.13,77.337,6.7233,13.637,32.587,4525.2,23.956,45.315,51.459,80.197,2.2997,1.671,3103.7,42.418,54.145,94.515,9.369,62.416,42.394,40.005,2638.2,63.042,25.739,47.151,0.33834,8.8801,26.276,120.41,1.3139,74.333,24.292,2.2995,53.388,4.8387,229.54,0.010083,0.84334,65.7,19.0,43.266
14,2026-05-01T08:39:00,50.611,20.443,27.084,32.968,40.977,2708.1,3728.4,19.504,18.704,22.346,0.20761,0.087688,341.54,77.343,6.7028,13.734,32.219,4503.6,22.351,47.948,48.052,80.273,2.2695,1.6322,3105.1,42.745,53.428,94.549,9.3859,62.632,32.366,37.459,2636.6,63.379,23.394,47.276,0.31791,9.0862,26.547,120.42,1.2658,75.774,24.043,2.2715,53.388,4.7947,227.39,0.010083,0.84334,65.737,19.022,43.266
15,2026-05-01T08:42:00,49.398,20.63,27.211,32.968,41.281,2703.3,3724.6,17.111,18.704,21.712,0.20571,0.10606,341.01,77.209,6.7028,13.734,32.219,4430.9,23.368,45.14,50.297,80.01,2.2695,1.6322,3103.7,41.898,54.298,94.417,9.3429,61.818,38.974,37.669,2632.1,63.445,26.225,47.407,0.31618,9.0862,26.547,120.4,1.2658,75.78,24.043,2.2715,54.195,4.7947,229.04,0.0082223,0.83571,65.713,19.022,43.916
16,2026-05-01T08:45:00,50.739,23.808,27.124,32.799,41.506,2704.7,3708.3,17.447,18.501,22.446,0.24024,0.10606,340.8,77.479,6.9328,13.943,32.132,4473.2,23.219,48.245,50.868,80.15,2.2704,1.6704,3101.9,42.605,53.697,94.387,9.3603,60.424,40.654,38.688,2633.9,64.064,26.171,47.498,0.32738,8.8765,25.916,120.4,1.3016,74.306,24.2,2.2655,54.195,4.8221,228.97,0.0082223,0.83571,65.703,18.734,43.916
17,2026-05-01T08:48:00,49.865,23.883,27.042,32.799,41.478,2703.7,3686.4,17.428,18.501,21.923,0.23949,0.10606,340.73,77.32,6.9328,13.943,32.132,4488.2,23.227,46.221,48.939,80.181,2.2704,1.6704,3102.1,42.402,53.518,94.4,9.4549,60.249,34.977,38.505,2631.6,64.442,24.099,47.471,0.32888,8.8765,25.916,120.4,1.3016,75.761,24.2,2.2655,54.195,4.8221,230.21,0.0082223,0.83571,65.751,18.734,43.916
18,2026-05-01T08:51:00,50.353,24.655,27.144,33.283,41.222,2702.7,3673.2,18.123,18.106,21.92,0.24858,0.10606,340.72,77.226,6.9538,13.864,32.28,4529.6,22.941,47.351,50.375,80.078,2.299,1.7039,3100.0,42.006,53.711,94.503,9.4986,60.956,39.203,41.776,2630.4,62.711,24.373,47.461,0.34819,8.8938,26.544,120.38,1.2103,75.142,24.248,2.2643,54.195,4.8002,231.25,0.0082223,0.83571,65.74,18.765,43.916
19,2026-05-01T08:54:00,50.145,24.633,27.051,33.283,40.977,2701.7,3639.7,20.388,18.106,22.036,0.2488,0.10606,340.58,76.995,6.9538,13.864,32.28,4468.6,21.994,46.869,51.617,80.096,2.299,1.7039,3100.0,42.348,54.441,94.691,9.3139,61.81,42.858,41.463,2630.9,63.287,26.654,47.735,0.35076,8.8938,26.544,120.38,1.2103,75.8,24.248,2.2643,54.195,4.8002,229.12,0.0082223,0.83571,65.757,18.765,43.916
20,2026-05-01T08:57:00,50.249,23.161,26.997,32.808,40.904,2701.7,3641.0,17.346,18.209,22.209,0.23477,0.09182,340.76,77.195,6.8822,13.914,32.113,4515.6,23.275,47.11,51.944,80.022,2.2784,1.6725,3099.2,42.329,53.807,94.653,9.4443,59.57,43.82,40.909,2630.6,63.024,24.353,47.542,0.33889,8.7162,26.234,120.4,1.2077,75.033,24.276,2.3085,53.139,4.8978,230.12,0.027964,0.82727,65.718,18.973,43.923
21,2026-05-01T09:00:00,50.273,23.282,26.953,32.808,40.896,2703.2,3680.3,18.893,18.209,22.137,0.23354,0.09182,341.0,76.978,6.8822,13.914,32.113,4484.5,22.63,47.166,50.088,80.102,2.2784,1.6725,3100.5,42.518,54.178,94.688,9.2574,63.052,38.359,40.643,2631.3,62.347,24.376,47.6,0.34106,8.7162,26.234,120.37,1.2077,75.701,24.276,2.3085,53.139,4.8978,229.47,0.027964,0.82727,65.717,18.973,43.923
22,2026-05-01T09:03:00,50.894,24.584,26.977,32.962,41.372,2702.5,3680.1,18.337,18.624,22.09,0.25248,0.09182,340.52,77.325,6.8568,13.817,32.267,4475.7,22.858,48.604,48.126,80.018,2.2478,1.6439,3100.5,42.135,53.758,94.672,9.3469,61.53,32.584,41.557,2631.8,62.944,25.704,47.586,0.34538,8.8723,26.169,120.39,1.2442,74.707,24.225,2.3514,53.139,4.8155,229.66,0.027964,0.82727,65.685,19.004,43.923
23,2026-05-01T09:06:00,49.605,24.687,27.308,32.962,40.645,2704.2,3642.6,16.144,18.624,22.218,0.25144,0.09182,340.63,77.528,6.8568,13.817,32.267,4442.1,23.773,45.62,48.452,80.202,2.2478,1.6439,3102.1,42.613,54.16,94.654,9.2798,61.146,33.544,41.378,2633.8,63.59,26.742,47.351,0.34685,8.8723,26.169,120.4,1.2442,74.916,24.225,2.3514,53.139,4.8155,232.3,0.027964,0.82727,65.721,19.004,43.923
24,2026-05-01T09:09:00,50.08,23.367,26.787,33.307,41.789,2707.7,3687.3,20.099,18.872,22.138,0.23505,0.09182,340.57,77.72,6.8229,13.853,32.198,4490.6,22.088,46.718,48.666,80.474,2.2706,1.6714,3104.7,42.292,53.469,94.533,9.3474,62.554,34.173,40.146,2636.1,63.056,24.856,47.69,0.3362,9.025,26.449,120.43,1.4275,74.602,24.198,2.4156,53.139,4.8115,228.48,0.027964,0.82727,65.791,18.923,43.923
25,2026-05-01T09:12:00,50.749,23.328,26.919,33.307,40.9,2705.8,3675.1,19.288,18.872,22.209,0.23545,0.088523,340.53,77.316,6.8229,13.853,32.198,4494.3,22.439,48.267,51.055,80.31,2.2706,1.6714,3104.2,41.913,53.425,94.544,9.3742,61.853,41.204,39.964,2634.3,63.266,25.026,47.357,0.3377,9.025,26.449,120.38,1.4275,75.257,24.198,2.4156,53.079,4.8115,229.66,0.017849,0.83219,65.829,18.923,42.98
26,2026-05-01T09:15:00,48.406,23.577,27.019,32.992,41.218,2704.0,3678.0,18.093,18.629,22.084,0.24529,0.088523,340.77,76.847,6.8907,13.717,32.074,4454.0,22.961,42.845,50.391,80.131,2.2917,1.6241,3102.0,42.379,54.075,94.568,9.4202,59.895,39.252,40.626,2632.6,63.554,24.323,47.192,0.3402,8.8533,26.532,120.42,1.4625,75.269,24.485,2.4149,53.079,4.8584,230.41,0.017849,0.83219,65.813,18.322,42.98
27,2026-05-01T09:18:00,50.527,23.736,27.142,32.992,40.456,2701.8,3674.7,21.52,18.629,21.969,0.24367,0.088523,340.6,76.985,6.8907,13.717,32.074,4475.6,21.517,47.754,50.606,80.004,2.2917,1.6241,3101.0,42.141,53.816,94.559,9.3932,61.959,39.883,40.412,2630.0,63.61,26.003,47.198,0.34195,8.8533,26.532,120.38,1.4625,75.563,24.485,2.4149,53.079,4.8584,229.29,0.017849,0.83219,65.735,18.322,42.98
28,2026-05-01T09:21:00,49.017,25.085,26.954,32.672,41.459,2700.7,3678.5,18.071,18.497,21.959,0.25499,0.088523,340.86,77.055,6.9949,13.771,31.807,4526.8,22.987,44.258,51.612,79.709,2.2611,1.6564,3099.5,42.305,54.703,94.716,9.3332,62.513,42.845,38.596,2629.3,62.973,26.586,47.021,0.32654,8.9237,26.631,120.42,1.171,74.771,24.007,2.3272,53.079,4.9232,230.27,0.017849,0.83219,65.611,18.811,42.98
29,2026-05-01T09:24:00,49.935,25.184,26.959,32.672,41.406,2706.0,3687.5,18.219,18.497,22.427,0.25399,0.088523,340.83,77.837,6.9949,13.771,31.807,4521.6,22.896,46.385,49.692,80.119,2.2611,1.6564,3103.5,42.708,54.765,94.629,9.469,60.91,37.194,38.626,2635.0,62.819,24.482,46.999,0.32629,8.9237,26.631,120.38,1.171,75.524,24.007,2.3272,53.079,4.9232,229.53,0.017849,0.83219,65.606,18.811,42.98
30,2026-05-01T09:27:00,51.117,27.735,27.027,33.036,41.292,2709.7,3639.3,18.408,18.543,22.293,0.28494,0.082568,340.85,77.531,6.7562,14.037,32.35,4492.6,22.813,49.12,50.41,80.426,2.2657,1.6442,3106.1,42.439,53.949,94.528,9.2626,60.796,39.308,39.234,2639.1,62.676,24.36,47.13,0.33222,8.9454,26.337,120.4,1.1919,74.914,23.815,2.2076,53.196,4.9074,228.26,0.0062543,0.84354,65.684,18.718,43.367
31,2026-05-01T09:30:00,50.509,27.857,26.819,33.036,40.922,2709.0,3638.6,16.713,18.543,22.14,0.28371,0.082568,341.24,77.423,6.7562,14.037,32.35,4477.6,23.53,47.711,49.935,80.248,2.2657,1.6442,3108.0,42.296,54.129,94.65,9.262,61.713,37.909,39.726,2638.2,62.689,24.688,47.032,0.32819,8.9454,26.337,120.39,1.1919,74.612,23.815,2.2076,53.196,4.9074,228.83,0.0062543,0.84354,65.731,18.718,43.367
32,2026-05-01T09:33:00,50.64,22.758,27.07,33.003,41.444,2708.6,3738.9,15.236,18.97,22.178,0.23278,0.082568,341.25,77.412,7.0275,13.65,32.283,4530.5,24.149,48.015,49.378,80.22,2.3013,1.6909,3106.3,42.404,53.725,94.591,9.4219,59.511,36.27,42.726,2637.5,63.062,26.243,46.894,0.363,8.8583,26.603,120.4,1.1871,74.09,23.933,2.3019,53.196,4.8834,229.86,0.0062543,0.84354,65.762,18.868,43.367
33,2026-05-01T09:36:00,50.069,22.913,27.034,33.003,41.187,2706.1,3736.5,18.002,18.97,21.921,0.23121,0.082568,340.59,77.1,7.0275,13.65,32.283,4496.6,22.99,46.694,49.365,80.169,2.3013,1.6909,3105.6,42.661,54.13,94.444,9.333,61.939,36.231,43.046,2634.9,63.104,24.782,47.067,0.36038,8.8583,26.603,120.41,1.1871,75.51,23.933,2.3019,53.196,4.8834,227.42,0.0062543,0.84354,65.735,18.868,43.367
34,2026-05-01T09:39:00,52.059,23.184,27.248,32.61,41.171,2703.6,3626.6,15.193,18.582,21.977,0.23864,0.082568,340.92,76.803,6.7874,13.726,32.526,4470.8,24.196,51.299,48.273,79.846,2.2657,1.7182,3102.3,42.288,54.069,94.686,9.4464,60.731,33.017,38.142,2631.8,62.606,24.663,46.73,0.31595,8.9492,26.079,120.4,1.0909,75.733,23.964,2.2919,53.196,4.9182,230.76,0.0062543,0.84354,65.654,18.872,43.367
35,2026-05-01T09:42:00,50.598,23.26,27.292,32.61,40.115,2706.7,3659.3,16.759,18.582,22.666,0.23787,0.090237,341.45,77.136,6.7874,13.726,32.526,4458.5,23.529,47.918,49.219,79.989,2.2657,1.7182,3102.3,42.347,54.216,94.735,9.2534,61.814,35.801,37.981,2636.0,62.044,26.12,46.997,0.31727,8.9492,26.079,120.38,1.0909,75.899,23.964,2.2919,54.091,4.9182,230.63,0.01996,0.84032,65.589,18.872,43.424
36,2026-05-01T09:45:00,50.264,20.843,26.586,33.028,41.376,2706.9,3709.8,18.11,18.673,22.088,0.21092,0.090237,341.22,77.23,6.8452,13.883,31.867,4457.3,22.957,47.145,48.726,80.038,2.286,1.6746,3104.0,42.428,54.203,94.663,9.4034,61.163,34.351,38.714,2636.0,63.256,25.614,47.42,0.32625,8.7302,26.335,120.42,1.049,75.136,24.027,2.3081,54.091,4.8058,226.86,0.01996,0.84032,65.616,19.058,43.424
37,2026-05-01T09:48:00,50.28,20.698,26.765,33.028,40.389,2706.2,3691.5,20.081,18.673,22.386,0.2124,0.090237,341.26,77.36,6.8452,13.883,31.867,4485.0,22.124,47.182,49.631,80.05,2.286,1.6746,3103.4,42.112,53.872,94.491,9.2712,62.074,37.015,39.125,2635.9,63.571,24.892,47.109,0.32288,8.7302,26.335,120.38,1.049,74.264,24.027,2.3081,54.091,4.8058,231.32,0.01996,0.84032,65.61,19.058,43.424
38,2026-05-01T09:51:00,49.525,27.024,26.87,33.162,41.956,2707.2,3712.3,20.535,18.372,22.034,0.27549,0.090237,341.05,77.221,6.9582,13.753,32.15,4452.8,21.934,45.434,48.864,80.124,2.257,1.6223,3104.6,42.056,53.768,94.579,9.2408,63.695,34.756,40.702,2635.8,62.768,23.397,47.371,0.34424,9.0543,26.396,120.43,1.1514,74.952,23.989,2.2949,54.091,4.8826,229.35,0.01996,0.84032,65.628,19.012,43.424
39,2026-05-01T09:54:00,50.25,27.301,26.93,33.162,40.33,2706.1,3677.1,18.044,18.372,22.144,0.27267,0.090237,340.87,77.672,6.9582,13.753,32.15,4480.4,22.976,47.112,49.666,80.031,2.257,1.6223,3105.3,42.031,53.438,94.497,9.3528,60.365,37.116,40.53,2635.0,63.374,25.909,47.237,0.34565,9.0543,26.396,120.37,1.1514,74.549,23.989,2.2949,54.091,4.8826,231.84,0.01996,0.84032,65.628,19.012,43.424
40,2026-05-01T09:57:00,50.039,24.594,26.803,32.47,41.676,2708.3,3646.9,20.637,18.446,22.157,0.24921,0.11257,340.91,77.339,6.876,13.908,32.234,4460.4,21.888,46.625,51.819,80.187,2.2742,1.6797,3104.6,42.265,53.749,94.637,9.3019,63.469,43.452,38.731,2637.0,62.885,27.807,47.426,0.3317,8.8425,26.412,120.42,1.2949,75.561,23.777,2.3104,53.386,4.8856,229.85,-0.00082378,0.82863,65.672,18.599,42.896
41,2026-05-01T10:00:00,50.79,24.618,26.674,32.47,40.845,2709.5,3631.6,17.453,18.446,22.287,0.24896,0.11257,341.22,77.989,6.876,13.908,32.234,4504.9,23.202,48.363,50.145,80.303,2.2742,1.6797,3106.9,42.208,53.215,94.56,9.4424,61.506,38.527,39.198,2639.0,63.148,26.903,47.451,0.32787,8.8425,26.412,120.38,1.2949,74.212,23.777,2.3104,53.386,4.8856,230.14,-0.00082378,0.82863,65.743,18.599,42.896
42,2026-05-01T10:03:00,49.452,23.571,26.579,32.793,41.783,2710.5,3707.8,16.488,18.53,22.003,0.24317,0.11257,340.99,77.432,6.7901,13.856,32.341,4489.0,23.613,45.265,49.452,80.373,2.2672,1.6714,3109.2,42.405,54.414,94.488,9.403,60.591,36.487,40.864,2639.1,62.524,24.29,47.487,0.34835,8.793,26.207,120.42,1.2936,75.187,24.12,2.3721,53.386,4.8323,230.26,-0.00082378,0.82863,65.797,18.988,42.896
43,2026-05-01T10:06:00,48.645,23.685,26.562,32.793,40.448,2706.2,3695.0,17.051,18.53,21.917,0.24201,0.11257,341.04,76.742,6.7901,13.856,32.341,4551.2,23.408,43.399,49.057,79.914,2.2672,1.6714,3105.7,42.261,53.67,94.732,9.3824,62.547,35.325,40.911,2634.1,62.743,24.814,47.472,0.34796,8.793,26.207,120.38,1.2936,74.228,24.12,2.3721,53.386,4.8323,230.97,-0.00082378,0.82863,65.792,18.988,42.896
44,2026-05-01T10:09:00,49.323,22.35,26.895,32.7,41.14,2706.3,3705.3,18.3,18.678,22.139,0.23278,0.11257,341.42,77.409,6.8628,13.825,31.736,4443.7,22.872,44.968,50.846,79.848,2.2995,1.6526,3104.5,41.914,54.0,94.5,9.3869,60.058,40.589,40.507,2634.4,63.366,24.692,47.579,0.34056,8.9549,26.824,120.39,1.167,74.328,24.043,2.225,53.386,4.8841,230.42,-0.00082378,0.82863,65.695,18.849,42.896
45,2026-05-01T10:12:00,48.883,22.534,26.874,32.7,41.643,2707.7,3718.7,21.548,18.678,21.992,0.23091,0.10108,341.16,77.534,6.8628,13.825,31.736,4464.5,21.494,43.949,51.88,80.137,2.2995,1.6526,3106.0,42.793,53.751,94.554,9.4255,61.672,43.633,40.55,2636.6,63.135,25.186,47.199,0.34021,8.9549,26.824,120.4,1.167,75.304,24.043,2.225,53.756,4.8841,231.9,0.027239,0.83961,65.675,18.849,43.521
46,2026-05-01T10:15:00,49.779,28.62,27.132,33.141,40.971,2706.4,3663.3,18.93,18.788,21.869,0.28914,0.10108,340.87,77.256,6.9078,13.732,31.771,4474.0,22.608,46.022,50.362,79.963,2.2738,1.6546,3105.4,42.787,53.955,94.481,9.3909,59.989,39.165,40.064,2635.1,63.504,23.94,46.98,0.33769,8.915,26.292,120.41,1.4797,74.767,24.035,2.2596,53.756,4.8404,233.51,0.027239,0.83961,65.662,18.707,43.521
47,2026-05-01T10:18:00,49.759,28.6,26.809,33.141,41.523,2709.0,3667.0,18.097,18.788,22.152,0.28935,0.10108,341.23,77.473,6.9078,13.732,31.771,4516.6,22.952,45.977,50.78,80.09,2.2738,1.6546,3107.2,42.763,53.445,94.518,9.4952,60.69,40.396,39.82,2638.0,63.441,24.696,47.103,0.33969,8.915,26.292,120.42,1.4797,75.481,24.035,2.2596,53.756,4.8404,231.24,0.027239,0.83961,65.631,18.707,43.521
48,2026-05-01T10:21:00,49.061,28.47,26.6,32.618,41.392,2711.8,3663.3,19.258,18.811,22.356,0.29307,0.10108,341.75,77.525,6.878,13.808,32.018,4509.1,22.459,44.361,50.805,80.188,2.2552,1.6557,3108.9,42.289,53.881,94.566,9.3504,61.463,40.47,38.856,2641.4,63.106,25.95,47.365,0.32666,8.8083,26.202,120.38,1.2689,74.692,24.059,2.2416,53.756,4.8661,227.45,0.027239,0.83961,65.681,18.788,43.521
49,2026-05-01T10:24:00,49.687,28.841,26.519,32.618,41.695,2712.5,3682.9,20.302,18.811,22.267,0.28929,0.10108,342.18,77.479,6.878,13.808,32.018,4517.5,22.017,45.809,48.898,80.099,2.2552,1.6557,3110.4,42.128,53.78,94.438,9.3737,62.198,34.856,39.122,2640.9,62.769,25.94,46.991,0.32448,8.8083,26.202,120.42,1.2689,75.096,24.059,2.2416,53.756,4.8661,230.76,0.027239,0.83961,65.694,18.788,43.521
50,2026-05-01T10:27:00,50.262,26.669,27.072,32.303,40.643,2713.2,3692.9,17.961,18.446,22.486,0.26962,0.10551,342.22,77.717,6.9453,13.814,32.215,4518.4,22.996,47.14,48.703,80.091,2.2489,1.6535,3108.5,42.264,53.575,94.537,9.2872,62.896,34.284,39.805,2642.1,62.849,24.3,47.294,0.33477,8.711,26.437,120.41,1.1808,75.494,23.886,2.2809,53.589,4.8502,229.61,0.025446,0.83064,65.671,18.841,43.421
51,2026-05-01T10:30:00,49.53,26.523,26.7,32.303,41.216,2711.3,3657.0,19.6,18.446,22.365,0.2711,0.10551,342.3,76.891,6.9453,13.814,32.215,4519.5,22.328,45.446,49.487,79.954,2.2489,1.6535,3107.7,42.034,53.563,94.457,9.3122,60.712,36.59,39.558,2640.3,63.466,24.128,47.382,0.3368,8.711,26.437,120.39,1.1808,74.455,23.886,2.2809,53.589,4.8502,229.1,0.025446,0.83064,65.701,18.841,43.421
52,2026-05-01T10:33:00,48.448,24.761,27.14,32.755,41.703,2709.6,3678.5,16.693,18.262,22.653,0.25251,0.10551,342.51,77.217,7.0131,13.732,31.897,4497.8,23.554,42.943,49.391,79.757,2.2607,1.6342,3105.0,42.225,53.687,94.734,9.4532,59.429,36.309,39.42,2638.5,62.477,25.572,47.339,0.33906,8.8517,26.828,120.41,1.3789,74.196,23.963,2.3287,53.589,4.8649,230.09,0.025446,0.83064,65.641,18.44,43.421
53,2026-05-01T10:36:00,51.367,24.813,26.568,32.755,40.535,2709.9,3637.7,17.552,18.262,22.544,0.25198,0.10551,342.75,77.385,7.0131,13.732,31.897,4479.1,23.189,49.697,51.197,79.845,2.2607,1.6342,3105.3,42.169,53.911,94.628,9.4417,61.283,41.623,39.839,2639.4,63.179,24.639,47.334,0.33563,8.8517,26.828,120.36,1.3789,74.45,23.963,2.3287,53.589,4.8649,230.7,0.025446,0.83064,65.591,18.44,43.421
54,2026-05-01T10:39:00,50.327,27.772,26.778,33.115,41.333,2713.3,3676.7,19.251,18.131,22.513,0.28616,0.10551,342.78,77.276,6.909,13.894,32.124,4547.2,22.473,47.291,49.988,80.002,2.2059,1.6696,3108.2,42.386,54.101,94.624,9.5028,60.592,38.065,38.754,2642.3,61.822,25.917,47.191,0.32612,8.9843,26.48,120.41,1.2692,74.909,24.494,2.2847,53.589,4.8403,232.82,0.025446,0.83064,65.626,18.591,43.421
55,2026-05-01T10:42:00,49.782,28.085,26.553,33.115,40.942,2715.2,3659.4,18.045,18.131,22.842,0.28298,0.11365,342.88,77.928,6.909,13.894,32.124,4578.4,22.959,46.029,49.857,80.057,2.2059,1.6696,3110.4,42.617,53.727,94.652,9.4093,59.9,37.68,38.553,2644.0,62.12,23.87,47.249,0.32776,8.9843,26.48,120.41,1.2692,74.347,24.494,2.2847,53.794,4.8403,230.08,0.022428,0.81894,65.636,18.591,44.578
56,2026-05-01T10:45:00,47.377,26.134,26.766,33.501,41.435,2716.1,3710.3,18.893,18.415,22.767,0.26258,0.11365,343.13,77.636,6.7808,13.924,32.381,4555.8,22.601,40.464,50.84,80.191,2.2665,1.6223,3112.6,42.304,53.672,94.409,9.2566,61.17,40.572,40.939,2646.1,62.083,27.399,47.197,0.34349,9.0491,26.068,120.43,1.173,74.672,24.457,2.2647,53.794,4.7827,230.01,0.022428,0.81894,65.693,19.134,44.578
57,2026-05-01T10:48:00,50.546,26.04,26.694,33.501,40.785,2714.7,3666.0,17.352,18.415,22.461,0.26354,0.11365,342.62,77.089,6.7808,13.924,32.381,4541.3,23.265,47.799,49.036,79.981,2.2665,1.6223,3112.1,42.6,53.846,94.676,9.409,61.617,35.264,40.618,2643.2,62.844,26.226,47.193,0.34613,9.0491,26.068,120.39,1.173,74.484,24.457,2.2647,53.794,4.7827,229.39,0.022428,0.81894,65.697,19.134,44.578
58,2026-05-01T10:51:00,50.461,23.677,26.952,33.23,41.728,2713.5,3661.8,18.949,18.625,23.0,0.2364,0.11365,343.44,77.093,6.9842,13.671,32.218,4465.2,22.594,47.6,50.85,79.939,2.2457,1.6484,3109.1,42.497,53.411,94.451,9.3847,62.136,40.601,41.297,2643.5,64.077,24.901,47.2,0.34816,8.9219,27.133,120.42,1.0618,75.755,24.436,2.2669,53.794,4.7732,228.7,0.022428,0.81894,65.669,18.793,44.578
59,2026-05-01T10:54:00,49.818,23.504,26.979,33.23,41.638,2708.4,3714.9,15.934,18.625,22.543,0.23816,0.11365,342.96,77.123,6.9842,13.671,32.218,4467.6,23.877,46.114,50.332,79.589,2.2457,1.6484,3104.1,42.53,53.381,94.535,9.411,60.415,39.078,41.22,2636.6,63.162,25.571,46.955,0.34879,8.9219,27.133,120.4,1.0618,75.337,24.436,2.2669,53.794,4.7732,230.86,0.022428,0.81894,65.589,18.793,44.578
60,2026-05-01T10:57:00,50.868,24.758,26.834,33.524,40.845,2710.2,3622.2,19.031,18.453,22.778,0.25477,0.094132,343.26,77.199,6.7437,13.907,32.497,4502.0,22.572,48.543,49.966,79.757,2.2445,1.6766,3104.4,42.572,53.774,94.826,9.4226,61.433,37.999,38.015,2639.5,62.973,25.843,46.778,0.31938,8.9494,26.603,120.39,1.1643,74.36,23.987,2.2918,54.493,4.7783,228.73,0.021115,0.82441,65.523,18.861,43.666
61,2026-05-01T11:00:00,50.223,24.989,27.083,33.524,40.467,2712.7,3653.2,16.932,18.453,23.204,0.25242,0.094132,343.63,77.359,6.7437,13.907,32.497,4495.3,23.45,47.05,50.751,79.891,2.2445,1.6766,3105.5,42.126,53.854,94.488,9.3177,63.218,40.31,37.503,2641.1,62.439,27.722,46.497,0.32357,8.9494,26.603,120.39,1.1643,74.3,23.987,2.2918,54.493,4.7783,229.76,0.021115,0.82441,65.518,18.861,43.666
62,2026-05-01T11:03:00,49.907,22.098,26.793,33.079,41.529,2713.4,3687.5,17.606,18.123,23.075,0.22433,0.094132,343.73,77.506,6.851,13.831,32.373,4490.0,23.159,46.319,50.448,80.017,2.2281,1.666,3107.5,42.57,53.743,94.616,9.2806,58.83,39.419,41.333,2643.1,63.975,25.425,46.473,0.34352,8.7473,26.465,120.41,1.2465,75.181,23.918,2.2755,54.493,4.8116,227.91,0.021115,0.82441,65.52,18.372,43.666
63,2026-05-01T11:06:00,49.912,21.923,27.158,33.079,41.241,2711.5,3691.6,18.983,18.123,22.798,0.22611,0.094132,342.64,77.432,6.851,13.831,32.373,4494.1,22.571,46.33,52.201,80.126,2.2281,1.666,3107.1,42.399,53.695,94.497,9.2849,62.24,44.578,41.036,2640.8,63.905,25.342,46.366,0.34596,8.7473,26.465,120.41,1.2465,75.475,23.918,2.2755,54.493,4.8116,226.92,0.021115,0.82441,65.583,18.372,43.666
64,2026-05-01T11:09:00,49.638,23.074,26.61,32.959,41.316,2710.2,3680.2,18.944,17.966,22.551,0.23321,0.094132,342.88,77.314,6.7904,13.744,32.468,4578.1,22.591,45.697,50.981,80.051,2.2333,1.6133,3105.1,42.319,53.915,94.487,9.3245,59.419,40.986,40.11,2639.0,63.241,25.564,46.242,0.33745,8.8386,26.74,120.39,0.98101,74.774,23.965,2.3563,54.493,4.7298,226.14,0.021115,0.82441,65.62,18.527,43.666
65,2026-05-01T11:12:00,50.316,23.052,27.169,32.959,41.166,2708.0,3681.5,14.947,17.966,22.819,0.23344,0.11973,342.72,77.436,6.7904,13.744,32.468,4497.6,24.274,47.265,49.785,79.915,2.2333,1.6133,3104.6,42.415,54.878,94.623,9.4004,61.011,37.467,40.227,2637.2,63.217,25.773,46.247,0.33649,8.8386,26.74,120.39,0.98101,75.865,23.965,2.3563,53.692,4.7298,225.24,0.016412,0.83455,65.568,18.527,43.438
66,2026-05-01T11:15:00,50.124,21.756,26.848,33.051,40.555,2709.0,3631.0,17.541,18.045,22.983,0.22342,0.11973,342.88,77.353,6.8391,13.882,31.968,4502.5,23.184,46.82,49.556,80.019,2.2917,1.6665,3103.8,42.353,54.493,94.4,9.3657,60.508,36.794,38.69,2638.5,64.676,23.502,45.902,0.32948,8.8379,26.961,120.39,1.2119,75.333,23.886,2.3357,53.692,4.8668,227.54,0.016412,0.83455,65.561,19.046,43.438
67,2026-05-01T11:18:00,50.183,21.94,27.03,33.051,41.679,2707.5,3702.6,18.748,18.045,22.342,0.22155,0.11973,342.64,77.186,6.8391,13.882,31.968,4503.9,22.683,46.957,50.464,79.938,2.2917,1.6665,3102.7,42.082,54.477,94.643,9.2314,62.381,39.466,38.693,2636.0,63.445,23.715,46.059,0.32946,8.8379,26.961,120.41,1.2119,75.811,23.886,2.3357,53.692,4.8668,224.22,0.016412,0.83455,65.514,19.046,43.438
68,2026-05-01T11:21:00,49.504,26.593,27.18,32.877,40.381,2703.4,3680.9,21.096,18.392,22.342,0.27034,0.11973,341.73,76.808,6.8771,13.822,31.978,4440.7,21.715,45.386,50.189,79.696,2.29,1.6496,3101.5,42.447,53.958,94.574,9.3884,61.866,38.657,40.339,2632.0,63.453,26.211,45.829,0.3462,8.9395,26.525,120.37,1.2425,75.083,24.16,2.2903,53.692,4.8568,225.26,0.016412,0.83455,65.471,18.572,43.438
69,2026-05-01T11:24:00,49.869,26.479,27.284,32.877,41.386,2706.6,3660.0,18.839,18.392,22.629,0.2715,0.11973,342.16,77.501,6.8771,13.822,31.978,4449.2,22.65,46.23,51.443,79.898,2.29,1.6496,3100.6,42.163,53.857,94.537,9.4219,60.344,42.347,40.689,2635.3,63.813,25.478,45.794,0.34334,8.9395,26.525,120.41,1.2425,75.414,24.16,2.2903,53.692,4.8568,224.16,0.016412,0.83455,65.414,18.572,43.438
70,2026-05-01T11:27:00,50.244,26.61,27.167,33.358,41.043,2707.5,3680.1,16.216,18.853,22.869,0.27258,0.087079,341.96,77.577,6.9426,13.814,32.087,4478.0,23.74,47.099,48.339,80.174,2.2618,1.6651,3102.8,42.2,54.67,94.614,9.2027,63.348,33.213,39.899,2637.4,63.157,25.543,45.707,0.337,9.105,26.34,120.4,1.1873,74.798,24.478,2.3304,53.326,4.8446,226.37,0.018986,0.82882,65.472,19.005,43.207
71,2026-05-01T11:30:00,49.675,26.945,27.02,33.358,41.871,2708.9,3679.9,18.724,18.853,22.628,0.26917,0.087079,342.04,77.329,6.9426,13.814,32.087,4546.1,22.686,45.781,50.147,80.26,2.2618,1.6651,3104.6,42.165,53.855,94.519,9.3723,61.831,38.532,40.121,2638.0,63.16,26.125,45.728,0.33519,9.105,26.34,120.4,1.1873,75.164,24.478,2.3304,53.326,4.8446,225.76,0.018986,0.82882,65.546,19.005,43.207
72,2026-05-01T11:33:00,48.933,25.854,26.554,32.568,40.911,2706.9,3651.4,14.765,18.595,22.289,0.26251,0.087079,342.31,76.908,7.0143,13.932,32.416,4449.1,24.372,44.064,50.14,79.976,2.2518,1.6331,3101.9,42.316,53.951,94.657,9.2086,60.977,38.511,39.898,2635.0,63.05,26.929,45.717,0.33525,8.861,26.422,120.4,1.0341,75.656,23.78,2.2429,53.326,4.8365,225.49,0.018986,0.82882,65.534,18.544,43.207
73,2026-05-01T11:36:00,49.801,25.873,26.928,32.568,41.047,2705.8,3656.8,18.137,18.595,22.659,0.26232,0.087079,342.4,76.95,7.0143,13.932,32.416,4490.2,22.957,46.073,49.586,79.87,2.2518,1.6331,3100.8,42.349,53.459,94.62,9.2722,59.497,36.881,39.663,2635.2,62.956,25.859,45.741,0.33718,8.861,26.422,120.39,1.0341,75.227,23.78,2.2429,53.326,4.8365,224.93,0.018986,0.82882,65.465,18.544,43.207
74,2026-05-01T11:39:00,49.852,22.435,26.934,32.66,40.99,2704.6,3627.0,16.79,18.403,22.682,0.2323,0.087079,342.5,77.184,6.6239,13.783,32.417,4519.5,23.522,46.192,48.877,79.822,2.2851,1.649,3099.5,42.232,54.24,94.812,9.4385,60.538,34.795,41.69,2632.9,62.75,25.599,45.733,0.347,9.0257,26.56,120.4,1.352,75.065,24.333,2.3714,53.326,4.8656,224.72,0.018986,0.82882,65.434,18.613,43.207
75,2026-05-01T11:42:00,51.9,22.478,27.011,32.66,40.523,2705.5,3640.9,18.501,18.403,22.85,0.23187,0.10614,342.45,77.556,6.6239,13.783,32.417,4553.0,22.79,50.931,50.75,79.975,2.2851,1.649,3101.2,42.094,53.84,94.788,9.3367,62.714,40.308,41.779,2634.7,62.51,25.951,45.609,0.34627,9.0257,26.56,120.37,1.352,75.254,24.333,2.3714,52.886,4.8656,224.11,0.025678,0.84712,65.414,18.613,43.33
76,2026-05-01T11:45:00,50.73,22.383,26.754,33.452,41.439,2708.3,3723.1,16.487,18.716,22.329,0.22786,0.10614,341.82,77.659,7.0758,13.957,31.85,4536.5,23.628,48.224,49.544,80.205,2.2251,1.6727,3105.6,42.504,53.9,94.437,9.3706,61.466,36.759,39.263,2637.9,64.579,24.656,45.551,0.33451,8.8859,26.598,120.44,1.295,74.422,24.17,2.3521,52.886,4.8684,223.68,0.025678,0.84712,65.463,18.648,43.33
77,2026-05-01T11:48:00,50.991,22.374,26.939,33.452,41.535,2707.3,3718.2,17.811,18.716,22.032,0.22796,0.10614,341.52,77.617,7.0758,13.957,31.85,4502.0,23.06,48.828,49.461,80.334,2.2251,1.6727,3105.5,42.414,54.313,94.362,9.3203,61.215,36.513,39.523,2636.2,64.665,26.009,45.482,0.33238,8.8859,26.598,120.44,1.295,74.315,24.17,2.3521,52.886,4.8684,223.31,0.025678,0.84712,65.531,18.648,43.33
78,2026-05-01T11:51:00,48.508,27.857,26.904,33.297,41.113,2706.9,3642.1,20.501,18.5,21.946,0.28298,0.10614,341.45,77.199,6.9296,13.926,31.735,4509.2,21.933,43.081,50.481,80.328,2.2793,1.6393,3103.5,42.552,54.167,94.6,9.3015,59.289,39.516,41.597,2635.6,62.04,25.076,45.362,0.35423,8.9592,26.231,120.41,1.2285,74.046,24.012,2.212,52.886,4.8041,223.5,0.025678,0.84712,65.581,18.562,43.33
79,2026-05-01T11:54:00,50.514,27.703,26.565,33.297,40.662,2702.5,3611.5,17.749,18.5,21.809,0.28455,0.10614,341.3,76.589,6.9296,13.926,31.735,4501.2,23.125,47.723,50.254,79.855,2.2793,1.6393,3100.1,42.412,54.261,94.774,9.3652,61.751,38.848,41.662,2630.8,62.567,26.95,45.521,0.35369,8.9592,26.231,120.35,1.2285,73.243,24.012,2.212,52.886,4.8041,220.63,0.025678,0.84712,65.546,18.562,43.33
80,2026-05-01T11:57:00,50.419,29.4,26.798,33.006,41.049,2703.6,3633.6,16.763,18.658,21.751,0.29785,0.088504,341.56,77.202,6.8054,13.796,32.097,4504.4,23.536,47.503,52.057,79.727,2.29,1.654,3102.2,42.29,54.462,94.642,9.4446,60.651,44.155,41.387,2631.5,63.355,24.482,45.856,0.35046,8.8343,26.359,120.4,1.2558,74.306,24.528,2.2999,53.909,4.8278,221.18,0.018091,0.84141,65.385,18.713,43.79
81,2026-05-01T12:00:00,49.111,29.414,26.516,33.006,41.864,2710.2,3625.2,19.855,18.658,22.431,0.29772,0.088504,341.77,77.781,6.8054,13.796,32.097,4545.4,22.207,44.478,49.769,80.182,2.29,1.654,3104.9,42.116,53.971,94.736,9.3771,62.104,37.419,41.688,2639.2,63.5,26.61,45.912,0.34799,8.8343,26.359,120.42,1.2558,74.788,24.528,2.2999,53.909,4.8278,221.83,0.018091,0.84141,65.383,18.713,43.79
82,2026-05-01T12:03:00,50.125,26.227,27.048,32.911,40.97,2711.3,3673.4,19.899,19.11,22.594,0.26576,0.088504,342.43,77.652,6.8233,13.682,32.474,4503.8,22.181,46.824,49.837,80.336,2.2791,1.7141,3107.5,42.265,54.124,94.369,9.1562,63.374,37.621,39.832,2639.5,63.773,26.302,45.76,0.33532,8.8167,26.736,120.41,1.3322,74.752,24.033,2.3028,53.909,4.9259,224.74,0.018091,0.84141,65.479,18.281,43.79
83,2026-05-01T12:06:00,50.01,26.418,26.774,32.911,41.745,2709.0,3674.3,16.514,19.11,22.394,0.26382,0.088504,341.91,77.527,6.8233,13.682,32.474,4494.8,23.605,46.556,50.511,80.245,2.2791,1.7141,3106.5,42.593,54.231,94.507,9.2687,61.521,39.605,39.929,2638.5,63.758,25.772,45.796,0.33452,8.8167,26.736,120.42,1.3322,75.043,24.033,2.3028,53.909,4.9259,225.49,0.018091,0.84141,65.559,18.281,43.79
84,2026-05-01T12:09:00,49.133,22.536,26.88,32.725,41.588,2709.2,3673.6,18.31,18.552,22.847,0.22821,0.088504,342.49,77.398,6.8875,13.8,32.543,4569.6,22.846,44.528,49.109,80.346,2.2563,1.6781,3105.3,42.215,54.443,94.478,9.378,60.523,35.479,38.473,2639.2,63.677,24.47,45.902,0.3203,8.9864,26.572,120.39,1.3179,75.766,24.234,2.2967,53.909,4.7901,225.45,0.018091,0.84141,65.588,18.44,43.79
85,2026-05-01T12:12:00,48.749,22.493,26.675,32.725,41.72,2704.6,3687.6,19.729,18.552,21.945,0.22864,0.097878,341.26,76.884,6.8875,13.8,32.543,4557.3,22.271,43.639,49.457,79.936,2.2563,1.6781,3102.8,42.42,54.591,94.426,9.2105,61.446,36.503,38.076,2633.2,63.435,25.135,45.911,0.32355,8.9864,26.572,120.42,1.3179,75.589,24.234,2.2967,53.23,4.7901,225.06,-0.00051265,0.86151,65.595,18.44,44.389
86,2026-05-01T12:15:00,48.606,21.392,26.869,32.988,40.41,2702.7,3686.3,17.081,18.569,22.318,0.21987,0.097878,341.36,76.775,7.0279,13.857,32.552,4552.2,23.398,43.308,50.065,79.888,2.2381,1.6282,3099.7,42.273,54.329,94.721,9.4726,60.597,38.292,39.908,2632.0,62.919,25.446,46.205,0.33353,8.8827,26.419,120.4,1.3687,75.822,23.808,2.3164,53.23,4.8744,222.36,-0.00051265,0.86151,65.538,19.013,44.389
87,2026-05-01T12:18:00,49.563,21.548,27.033,32.988,41.689,2701.5,3666.5,16.521,18.569,22.379,0.21829,0.097878,341.4,77.099,7.0279,13.857,32.552,4525.8,23.634,45.523,49.356,79.825,2.2381,1.6282,3098.5,42.004,54.645,94.531,9.3208,60.82,36.204,39.542,2630.5,63.261,24.608,46.157,0.33653,8.8827,26.419,120.41,1.3687,74.805,23.808,2.3164,53.23,4.8744,223.54,-0.00051265,0.86151,65.43,19.013,44.389
88,2026-05-01T12:21:00,48.559,21.313,26.984,32.828,40.285,2703.5,3644.0,17.295,18.598,22.388,0.21138,0.097878,341.22,77.685,6.8468,13.981,31.881,4461.2,23.282,43.199,48.943,80.197,2.2718,1.5906,3099.2,42.508,54.021,94.707,9.4039,60.578,34.988,40.385,2632.9,62.344,23.532,46.194,0.34208,8.9808,26.445,120.35,1.2574,74.77,24.023,2.3246,53.23,4.8579,223.7,-0.00051265,0.86151,65.467,19.528,44.389
89,2026-05-01T12:24:00,49.243,21.107,27.121,32.828,40.554,2701.9,3670.8,18.732,18.598,22.106,0.21347,0.097878,340.74,77.17,6.8468,13.981,31.881,4472.5,22.697,44.783,49.802,80.077,2.2718,1.5906,3099.4,42.342,53.886,94.794,9.3124,62.543,37.518,40.366,2629.5,61.884,26.203,46.116,0.34223,8.9808,26.445,120.39,1.2574,75.214,24.023,2.3246,53.23,4.8579,225.14,-0.00051265,0.86151,65.51,19.528,44.389
90,2026-05-01T12:27:00,51.057,27.374,26.858,32.928,40.367,2702.4,3666.9,19.85,18.813,21.879,0.27911,0.11284,340.62,77.166,6.9112,13.917,32.381,4458.5,22.226,48.981,49.988,80.105,2.2142,1.6539,3099.6,42.164,52.707,94.756,9.2476,61.513,38.064,41.931,2631.2,63.487,25.762,46.35,0.35775,8.7427,26.329,120.38,1.2846,75.168,23.988,2.3385,54.32,4.7786,229.16,0.020569,0.83972,65.533,18.477,44.1
91,2026-05-01T12:30:00,50.224,27.465,26.97,32.928,41.223,2700.9,3640.3,16.701,18.813,21.991,0.27819,0.11284,341.05,77.16,6.9112,13.917,32.381,4416.4,23.555,47.051,49.864,80.042,2.2142,1.6539,3098.6,42.042,53.21,94.666,9.2648,59.249,37.7,42.157,2629.3,63.944,24.486,47.007,0.3559,8.7427,26.329,120.42,1.2846,75.479,23.988,2.3385,54.32,4.7786,225.0,0.020569,0.83972,65.561,18.477,44.1
92,2026-05-01T12:33:00,50.561,22.825,27.046,33.242,39.905,2702.6,3692.2,16.708,18.121,22.315,0.22974,0.11284,340.81,77.434,6.9868,13.985,32.558,4509.8,23.541,47.833,51.32,80.19,2.2654,1.6919,3099.6,42.463,54.634,94.689,9.324,60.439,41.985,41.501,2630.9,62.489,23.756,46.962,0.34891,8.7927,26.414,120.37,1.1791,74.103,23.718,2.3278,54.32,4.9101,228.69,0.020569,0.83972,65.621,18.577,44.1
93,2026-05-01T12:36:00,49.086,22.754,26.827,33.242,41.351,2703.3,3648.6,17.154,18.121,22.013,0.23046,0.11284,340.78,77.375,6.9868,13.985,32.558,4530.8,23.35,44.418,50.587,80.357,2.2654,1.6919,3100.2,42.195,54.382,94.467,9.3953,62.767,39.826,41.734,2632.4,63.24,24.225,47.202,0.347,8.7927,26.414,120.4,1.1791,74.85,23.718,2.3278,54.32,4.9101,229.11,0.020569,0.83972,65.67,18.577,44.1
94,2026-05-01T12:39:00,50.344,20.645,26.579,33.165,41.342,2702.6,3663.3,17.565,18.709,22.169,0.21186,0.11284,341.03,77.354,6.8904,13.921,32.308,4554.6,23.173,47.331,50.772,80.257,2.2589,1.6422,3099.3,42.088,53.894,94.794,9.4025,62.268,40.373,42.34,2631.4,62.26,26.22,47.389,0.35833,8.9661,26.791,120.41,1.3879,75.126,24.217,2.2123,54.32,4.9327,230.13,0.020569,0.83972,65.731,18.754,44.1
95,2026-05-01T12:42:00,48.799,20.656,27.121,33.165,40.704,2700.9,3633.3,18.357,18.709,21.89,0.21175,0.095306,340.18,77.634,6.8904,13.921,32.308,4540.3,22.831,43.753,51.467,80.235,2.2589,1.6422,3099.7,42.759,54.065,94.685,9.386,60.111,42.418,42.3,2629.5,62.778,25.297,47.335,0.35866,8.9661,26.791,120.38,1.3879,74.69,24.217,2.2123,53.974,4.9327,227.87,0.014769,0.82959,65.758,18.754,43.749
96,2026-05-01T12:45:00,49.078,22.846,26.823,33.03,41.231,2703.7,3649.6,17.518,19.118,22.006,0.2328,0.095306,340.61,77.376,6.9355,13.86,32.118,4519.0,23.183,44.4,49.46,80.421,2.258,1.6839,3101.9,42.056,53.904,94.676,9.324,59.986,36.512,41.893,2632.1,63.289,24.097,47.282,0.34958,8.8081,26.589,120.4,1.2468,75.16,23.831,2.3173,53.974,4.8107,228.94,0.014769,0.82959,65.813,18.682,43.749
97,2026-05-01T12:48:00,50.603,22.779,26.717,33.03,40.809,2700.4,3642.0,17.494,19.118,21.507,0.23349,0.095306,340.03,77.054,6.9355,13.86,32.118,4537.2,23.206,47.929,51.499,80.201,2.258,1.6839,3100.8,42.159,53.686,94.702,9.3785,59.963,42.513,41.988,2628.0,63.419,25.015,47.263,0.34879,8.8081,26.589,120.39,1.2468,74.431,23.831,2.3173,53.974,4.8107,229.66,0.014769,0.82959,65.807,18.682,43.749
98,2026-05-01T12:51:00,49.851,24.684,27.008,33.008,40.813,2701.0,3635.3,17.804,18.875,21.878,0.25031,0.095306,340.25,76.96,7.0733,13.922,31.822,4515.9,23.085,46.19,48.681,80.076,2.2475,1.6367,3099.7,42.17,54.13,94.668,9.3495,63.064,34.217,41.241,2629.4,63.11,24.462,47.443,0.34251,8.8526,26.711,120.4,1.1735,75.142,23.867,2.3549,53.974,4.8815,228.17,0.014769,0.82959,65.764,19.255,43.749
99,2026-05-01T12:54:00,51.435,24.701,26.616,33.008,40.855,2701.7,3666.6,16.358,18.875,21.56,0.25015,0.095306,340.42,77.59,7.0733,13.922,31.822,4466.9,23.678,49.854,50.123,80.087,2.2475,1.6367,3100.6,42.514,54.716,94.737,9.2431,60.152,38.461,41.098,2630.0,62.57,26.73,47.409,0.34369,8.8526,26.711,120.39,1.1735,74.629,23.867,2.3549,53.974,4.8815,229.09,0.014769,0.82959,65.72,19.255,43.749
100,2026-05-01T12:57:00,50.317,27.438,26.957,32.78,41.216,2702.2,3604.3,19.504,18.915,22.03,0.28408,0.10014,340.53,77.152,6.9111,13.969,31.981,4457.2,22.371,47.268,50.767,80.063,2.2422,1.6858,3100.4,42.157,53.392,94.744,9.3715,62.706,40.358,42.127,2630.9,62.319,26.403,47.185,0.34961,8.6617,26.416,120.39,1.2563,74.885,24.564,2.2611,54.524,4.8614,229.24,0.0068752,0.83672,65.685,19.145,43.783
101,2026-05-01T13:00:00,50.366,27.885,27.323,32.78,40.25,2705.5,3617.9,18.649,18.915,22.215,0.27954,0.10014,340.79,77.678,6.9111,13.969,31.981,4446.1,22.712,47.381,49.474,80.195,2.2422,1.6858,3102.1,42.255,53.524,94.825,9.3198,62.0,36.552,42.195,2633.7,62.085,26.086,46.973,0.34906,8.6617,26.416,120.37,1.2563,75.845,24.564,2.2611,54.524,4.8614,230.88,0.0068752,0.83672,65.66,19.145,43.783
102,2026-05-01T13:03:00,50.04,26.376,26.675,32.486,41.956,2707.4,3636.2,17.39,18.627,22.124,0.2701,0.10014,341.0,77.864,6.8681,13.721,32.131,4484.9,23.231,46.626,50.394,80.34,2.2612,1.6747,3105.1,41.944,53.259,94.564,9.274,62.813,39.261,42.559,2636.4,63.089,24.416,47.03,0.35785,8.9607,26.637,120.43,1.3261,75.472,23.923,2.3356,54.524,4.865,229.51,0.0068752,0.83672,65.711,18.854,43.783
103,2026-05-01T13:06:00,50.651,26.432,26.72,32.486,40.788,2708.6,3648.7,17.56,18.627,22.012,0.26954,0.10014,341.42,77.604,6.8681,13.721,32.131,4481.6,23.156,48.041,48.555,80.409,2.2612,1.6747,3107.6,42.736,53.299,94.66,9.5085,59.483,33.847,42.79,2637.5,62.873,26.306,47.232,0.35595,8.9607,26.637,120.4,1.3261,74.632,23.923,2.3356,54.524,4.865,226.45,0.0068752,0.83672,65.788,18.854,43.783
104,2026-05-01T13:09:00,50.478,24.947,27.148,32.924,40.934,2708.1,3665.7,20.126,19.135,22.172,0.25839,0.10014,341.41,77.284,6.76,13.694,31.971,4492.6,22.084,47.641,50.558,80.248,2.2777,1.6589,3106.4,42.252,53.843,94.492,9.3225,62.39,39.743,39.692,2637.5,62.951,26.223,46.951,0.32723,8.8653,26.414,120.4,1.0402,74.713,24.05,2.2957,54.524,4.819,228.81,0.0068752,0.83672,65.792,18.935,43.783
105,2026-05-01T13:12:00,49.621,25.234,26.604,32.924,41.164,2708.3,3637.8,17.073,19.135,22.175,0.25548,0.11264,341.96,76.964,6.76,13.694,31.971,4517.4,23.386,45.656,49.835,80.014,2.2777,1.6589,3104.2,42.415,53.546,94.624,9.332,60.582,37.614,39.447,2636.6,63.431,25.8,47.093,0.32924,8.8653,26.414,120.4,1.0402,74.53,24.05,2.2957,54.551,4.819,228.48,0.014674,0.83536,65.717,18.935,43.685
106,2026-05-01T13:15:00,50.906,26.844,27.023,33.152,41.466,2705.9,3678.9,16.692,18.354,22.358,0.27281,0.11264,341.66,77.227,6.9294,13.739,31.9,4486.4,23.549,48.632,49.635,79.791,2.3144,1.6528,3104.3,42.118,53.7,94.573,9.4103,61.515,37.025,38.929,2635.0,63.737,26.125,47.138,0.32607,8.6219,26.038,120.41,1.1852,74.53,24.475,2.3039,54.551,4.8668,228.19,0.014674,0.83536,65.637,19.157,43.685
107,2026-05-01T13:18:00,50.898,26.857,27.039,33.152,41.518,2709.7,3650.3,17.392,18.354,22.389,0.27268,0.11264,342.02,77.631,6.9294,13.739,31.9,4500.7,23.238,48.613,51.173,80.051,2.3144,1.6528,3106.7,42.155,53.529,94.55,9.4305,64.191,41.553,38.343,2639.4,64.228,24.743,46.942,0.33088,8.6219,26.038,120.42,1.1852,74.203,24.475,2.3039,54.551,4.8668,230.59,0.014674,0.83536,65.599,19.157,43.685
108,2026-05-01T13:21:00,49.284,27.599,27.042,32.681,41.822,2711.8,3653.2,17.3,18.294,22.436,0.28425,0.11264,342.33,77.649,6.8552,13.604,32.014,4458.9,23.269,44.878,50.668,80.222,2.2524,1.6898,3108.3,42.487,53.438,94.406,9.4559,60.65,40.066,39.148,2640.6,62.727,25.669,47.051,0.33291,8.9089,26.404,120.39,1.0451,74.112,24.248,2.3131,54.551,4.825,229.54,0.014674,0.83536,65.62,19.076,43.685
109,2026-05-01T13:24:00,50.495,27.73,27.367,32.681,41.18,2714.1,3619.1,20.421,18.294,22.942,0.28292,0.11264,342.86,77.509,6.8552,13.604,32.014,4451.3,21.95,47.68,50.397,80.305,2.2524,1.6898,3109.0,42.525,53.529,94.492,9.4716,61.844,39.268,39.58,2644.2,63.314,25.832,46.894,0.32936,8.9089,26.404,120.39,1.0451,75.213,24.248,2.3131,54.551,4.825,231.42,0.014674,0.83536,65.67,19.076,43.685
110,2026-05-01T13:27:00,51.613,26.96,27.045,33.027,40.428,2712.6,3661.7,21.124,18.621,22.73,0.27333,0.098829,343.05,77.343,6.8247,13.945,31.962,4467.5,21.661,50.268,49.407,80.081,2.2334,1.6045,3108.3,42.471,53.477,94.508,9.3961,61.303,36.354,37.436,2641.9,63.224,25.647,47.093,0.31541,8.9439,26.455,120.39,1.2726,74.63,24.082,2.2888,54.775,4.8122,228.92,0.029649,0.82148,65.7,18.53,43.64
111,2026-05-01T13:30:00,50.057,26.951,27.059,33.027,41.739,2713.4,3688.4,17.835,18.621,22.855,0.27342,0.098829,343.37,77.362,6.8247,13.945,31.962,4459.9,23.046,46.665,48.184,79.969,2.2334,1.6045,3108.7,42.371,53.567,94.498,9.3376,63.37,32.756,37.697,2642.3,62.764,26.0,46.991,0.31328,8.9439,26.455,120.41,1.2726,74.541,24.082,2.2888,54.775,4.8122,230.04,0.029649,0.82148,65.686,18.53,43.64
112,2026-05-01T13:33:00,49.892,27.516,26.768,33.33,41.072,2713.6,3646.7,18.252,18.615,22.588,0.28189,0.098829,343.53,77.497,6.8193,13.699,32.056,4557.0,22.869,46.284,51.009,79.948,2.2789,1.6307,3109.6,42.558,53.74,94.386,9.3573,60.293,41.069,41.936,2642.7,63.788,25.372,47.142,0.3529,8.944,26.51,120.39,1.0654,75.387,24.166,2.2548,54.775,4.8448,228.37,0.029649,0.82148,65.661,18.216,43.64
113,2026-05-01T13:36:00,50.534,27.91,26.892,33.33,41.672,2715.2,3670.9,17.62,18.615,22.95,0.27789,0.098829,343.48,77.317,6.8193,13.699,32.056,4524.0,23.133,47.77,47.893,80.087,2.2789,1.6307,3109.5,42.376,54.135,94.528,9.2393,63.645,31.9,41.875,2644.4,63.372,27.125,46.964,0.3534,8.944,26.51,120.42,1.0654,76.116,24.166,2.2548,54.775,4.8448,230.37,0.029649,0.82148,65.655,18.216,43.64
114,2026-05-01T13:39:00,48.792,26.972,26.786,33.279,41.23,2714.5,3655.1,17.5,17.907,22.58,0.27298,0.098829,343.93,77.152,6.7012,13.655,32.597,4563.7,23.191,43.739,49.815,79.901,2.2091,1.6233,3109.8,42.345,54.498,94.412,9.3385,59.722,37.556,38.521,2642.8,63.748,25.543,46.982,0.32685,8.7322,26.666,120.4,1.3759,75.12,24.046,2.2871,54.775,4.7912,230.16,0.029649,0.82148,65.659,18.857,43.64
115,2026-05-01T13:42:00,48.413,26.876,26.506,33.279,42.144,2715.2,3685.6,19.391,17.907,22.786,0.27395,0.084666,343.84,77.567,6.7012,13.655,32.597,4579.8,22.383,42.862,49.926,79.936,2.2091,1.6233,3109.6,42.831,54.305,94.439,9.3183,61.54,37.881,37.99,2644.9,63.223,22.998,46.871,0.3312,8.7322,26.666,120.41,1.3759,74.746,24.046,2.2871,53.674,4.7912,227.29,0.012146,0.82885,65.611,18.857,42.862
116,2026-05-01T13:45:00,49.588,21.37,27.117,33.428,41.132,2712.0,3721.2,18.608,18.783,22.704,0.22252,0.084666,344.12,77.112,6.8197,13.756,31.723,4473.9,22.73,45.581,49.16,79.778,2.238,1.6408,3107.6,42.536,54.042,94.406,9.3613,60.838,35.628,37.969,2640.8,63.761,24.167,46.65,0.31993,8.7709,26.58,120.4,1.3771,75.222,23.876,2.259,53.674,4.8084,228.0,0.012146,0.82885,65.586,18.382,42.862
117,2026-05-01T13:48:00,49.826,21.853,27.302,33.428,41.05,2711.1,3714.9,18.647,18.783,23.026,0.21761,0.084666,343.87,77.084,6.8197,13.756,31.723,4509.2,22.719,46.132,48.613,79.772,2.238,1.6408,3105.7,42.207,53.619,94.468,9.3491,60.692,34.019,37.565,2640.1,63.87,27.361,46.436,0.32324,8.7709,26.58,120.4,1.3771,74.549,23.876,2.259,53.674,4.8084,228.66,0.012146,0.82885,65.532,18.382,42.862
118,2026-05-01T13:51:00,49.578,29.788,26.642,33.638,41.046,2712.3,3689.9,17.127,18.813,22.659,0.3066,0.084666,343.67,77.337,6.7897,13.738,32.425,4527.8,23.352,45.558,50.828,79.91,2.2598,1.639,3107.6,42.662,54.587,94.311,9.4134,60.235,40.535,39.197,2641.5,63.376,24.585,46.366,0.33054,8.8947,26.87,120.4,1.2787,75.32,24.375,2.3913,53.674,4.7729,227.71,0.012146,0.82885,65.502,18.704,42.862
119,2026-05-01T13:54:00,49.578,29.839,27.182,33.638,41.437,2714.4,3686.3,19.468,18.813,23.449,0.30609,0.084666,343.86,77.277,6.7897,13.738,32.425,4541.7,22.363,45.558,50.001,80.038,2.2598,1.639,3107.8,42.495,54.421,94.373,9.2554,62.098,38.104,39.081,2644.4,63.437,25.499,46.159,0.3315,8.8947,26.87,120.4,1.2787,75.661,24.375,2.3913,53.674,4.7729,228.29,0.012146,0.82885,65.5,18.704,42.862
120,2026-05-01T13:57:00,50.289,23.44,26.807,33.829,41.57,2710.0,3695.5,19.059,18.36,22.892,0.23757,0.098303,343.81,76.772,7.0551,13.868,32.258,4496.9,22.557,47.204,48.628,79.792,2.2436,1.6237,3104.3,42.185,54.208,94.416,9.3025,62.688,34.062,38.875,2640.0,63.614,24.735,46.39,0.32841,8.8906,26.443,120.39,1.3171,75.726,23.906,2.3553,53.96,4.7456,225.84,0.012857,0.81504,65.526,18.534,43.483
121,2026-05-01T14:00:00,50.104,23.275,26.636,33.829,41.659,2710.2,3707.4,16.386,18.36,23.042,0.23926,0.098303,343.89,77.439,7.0551,13.868,32.258,4467.9,23.662,46.774,49.801,79.915,2.2436,1.6237,3104.0,42.119,54.554,94.372,9.2488,62.204,37.514,39.028,2639.6,63.409,24.703,46.337,0.32716,8.8906,26.443,120.38,1.3171,74.623,23.906,2.3553,53.96,4.7456,225.54,0.012857,0.81504,65.509,18.534,43.483
122,2026-05-01T14:03:00,48.657,24.862,26.792,32.779,40.325,2708.6,3642.2,18.592,18.398,22.671,0.25229,0.098303,343.65,77.134,6.9186,13.703,32.431,4522.1,22.741,43.426,48.48,79.96,2.2165,1.6481,3104.1,42.512,54.348,94.589,9.2726,60.428,33.628,40.445,2638.0,62.165,25.208,45.986,0.34383,8.7434,26.199,120.36,1.364,75.138,23.987,2.3458,53.96,4.8836,228.54,0.012857,0.81504,65.534,18.583,43.483
123,2026-05-01T14:06:00,47.987,24.812,27.283,32.779,41.058,2709.4,3623.4,15.923,18.398,23.19,0.25281,0.098303,343.63,77.262,6.9186,13.703,32.431,4504.3,23.864,41.874,50.391,79.874,2.2165,1.6481,3102.5,42.378,54.562,94.671,9.3252,60.826,39.25,41.067,2639.0,62.489,26.385,46.044,0.33873,8.7434,26.199,120.38,1.364,75.021,23.987,2.3458,53.96,4.8836,226.97,0.012857,0.81504,65.501,18.583,43.483
124,2026-05-01T14:09:00,48.837,23.001,26.696,33.263,40.654,2708.8,3637.3,18.709,18.303,22.792,0.23453,0.098303,343.61,76.837,6.8464,13.743,32.413,4498.2,22.708,43.842,50.839,79.773,2.2678,1.6563,3103.0,42.161,54.55,94.731,9.271,59.711,40.57,38.288,2637.5,63.349,24.589,46.181,0.32491,8.8551,27.048,120.39,1.2912,74.668,24.196,2.2255,53.96,4.8308,224.56,0.012857,0.81504,65.487,18.83,43.483
125,2026-05-01T14:12:00,51.754,23.006,26.641,33.263,40.797,2710.3,3656.2,17.408,18.303,22.942,0.23448,0.087397,343.51,77.229,6.8464,13.743,32.413,4530.4,23.246,50.593,49.795,79.911,2.2678,1.6563,3103.3,42.388,54.166,94.665,9.4508,60.756,37.497,38.243,2639.7,63.022,24.808,45.811,0.32529,8.8551,27.048,120.38,1.2912,75.126,24.196,2.2255,53.905,4.8308,223.61,0.0096686,0.84203,65.426,18.83,43.846
126,2026-05-01T14:15:00,50.262,23.021,27.26,33.183,41.75,2709.7,3667.9,18.195,18.011,22.938,0.23293,0.087397,343.11,77.199,6.8287,13.815,32.092,4483.6,22.918,47.141,49.857,79.921,2.2568,1.6234,3104.4,42.527,54.133,94.615,9.3878,61.477,37.678,39.045,2638.7,63.455,25.368,45.452,0.32611,8.8465,26.508,120.41,1.1016,75.566,23.808,2.303,53.905,4.8149,224.91,0.0096686,0.84203,65.423,18.235,43.846
127,2026-05-01T14:18:00,50.507,23.046,26.814,33.183,40.676,2708.7,3691.2,16.027,18.011,22.826,0.23268,0.087397,343.53,77.304,6.8287,13.815,32.092,4527.7,23.833,47.708,51.455,79.812,2.2568,1.6234,3103.0,42.272,53.604,94.571,9.2458,60.339,42.381,38.738,2637.5,63.053,25.686,45.46,0.32862,8.8465,26.508,120.4,1.1016,75.025,23.808,2.303,53.905,4.8149,222.14,0.0096686,0.84203,65.402,18.235,43.846
128,2026-05-01T14:21:00,50.318,25.969,26.854,33.225,41.517,2710.5,3697.1,17.671,18.758,22.822,0.26369,0.087397,342.98,77.189,6.7529,13.93,32.44,4562.1,23.138,47.27,51.292,80.019,2.2532,1.6759,3106.0,42.076,54.694,94.558,9.2984,59.388,41.902,39.67,2639.4,63.15,26.123,45.041,0.33627,8.9308,26.561,120.43,1.1982,75.416,24.217,2.3221,53.905,4.8399,224.12,0.0096686,0.84203,65.395,18.817,43.846
129,2026-05-01T14:24:00,50.036,25.827,26.755,33.225,40.918,2709.9,3704.0,18.717,18.758,22.396,0.26512,0.087397,343.17,77.396,6.7529,13.93,32.44,4547.6,22.688,46.618,49.594,80.087,2.2532,1.6759,3106.1,42.6,54.868,94.54,9.3032,62.485,36.905,39.818,2639.0,63.031,24.187,45.255,0.33506,8.9308,26.561,120.4,1.1982,75.574,24.217,2.3221,53.905,4.8399,219.0,0.0096686,0.84203,65.414,18.817,43.846
130,2026-05-01T14:27:00,48.83,22.587,26.696,33.399,41.617,2706.8,3690.9,15.408,18.479,22.499,0.22905,0.11708,342.55,77.037,6.8601,13.935,32.242,4486.4,24.093,43.827,48.872,80.018,2.2578,1.6934,3103.3,42.045,54.213,94.463,9.3643,60.396,34.782,41.345,2635.7,64.006,24.199,45.391,0.34851,8.8789,26.581,120.42,1.4551,75.255,24.338,2.2622,54.064,4.7711,222.36,0.029499,0.82752,65.403,18.804,43.719
131,2026-05-01T14:30:00,51.42,22.697,27.103,33.399,40.802,2702.7,3691.9,19.848,18.479,22.321,0.22793,0.11708,342.26,77.165,6.8601,13.935,32.242,4520.9,22.227,49.82,50.428,79.822,2.2578,1.6934,3099.9,42.288,53.8,94.545,9.4313,59.548,39.358,41.191,2631.8,63.989,26.88,45.406,0.34978,8.8789,26.581,120.4,1.4551,75.766,24.338,2.2622,54.064,4.7711,222.8,0.029499,0.82752,65.383,18.804,43.719
132,2026-05-01T14:33:00,49.583,24.511,27.056,33.094,41.423,2704.4,3633.1,17.181,18.691,22.712,0.2447,0.11708,341.99,77.42,6.7755,13.756,32.389,4508.4,23.341,45.568,47.667,80.039,2.2533,1.6529,3099.1,41.966,53.976,94.558,9.4355,60.868,31.233,41.735,2633.1,64.132,23.877,45.412,0.34758,8.9253,26.376,120.4,1.3647,74.888,23.82,2.3632,54.064,4.8191,223.36,0.029499,0.82752,65.404,18.505,43.719
133,2026-05-01T14:36:00,49.408,24.137,26.953,33.094,41.531,2702.5,3680.5,19.146,18.691,22.3,0.24851,0.11708,342.06,77.289,6.7755,13.756,32.389,4488.3,22.518,45.164,50.468,80.067,2.2533,1.6529,3098.4,42.146,54.217,94.556,9.2479,62.563,39.478,41.446,2631.5,63.317,25.503,45.526,0.34995,8.9253,26.376,120.41,1.3647,74.088,23.82,2.3632,54.064,4.8191,222.64,0.029499,0.82752,65.429,18.505,43.719
134,2026-05-01T14:39:00,49.279,22.848,26.726,32.777,40.706,2702.8,3686.2,19.316,18.274,22.34,0.23047,0.11708,341.61,77.408,6.9241,13.813,31.947,4560.8,22.436,44.866,49.827,80.19,2.2299,1.6474,3099.6,42.226,54.101,94.563,9.4069,58.629,37.589,38.919,2632.1,64.021,23.172,45.361,0.33183,8.9771,26.234,120.41,1.168,74.65,24.057,2.2626,54.064,4.7882,225.07,0.029499,0.82752,65.476,18.522,43.719
135,2026-05-01T14:42:00,50.626,22.641,27.008,32.777,40.984,2703.3,3674.4,16.158,18.274,22.038,0.23257,0.097898,341.66,77.211,6.9241,13.813,31.947,4530.9,23.764,47.983,50.875,80.3,2.2299,1.6474,3100.6,42.458,54.46,94.411,9.3563,61.04,40.676,39.598,2632.2,64.224,25.6,45.39,0.32626,8.9771,26.234,120.41,1.168,74.971,24.057,2.2626,52.818,4.7882,221.08,-0.0041843,0.84623,65.527,18.522,43.65
136,2026-05-01T14:45:00,50.185,27.032,26.828,32.903,41.288,2703.7,3661.6,20.046,18.501,22.537,0.27384,0.097898,341.52,77.353,7.0503,13.785,32.357,4538.5,22.122,46.962,50.504,80.363,2.2656,1.6766,3100.4,42.679,54.373,94.582,9.172,62.037,39.583,40.137,2632.7,63.171,26.172,45.193,0.33389,8.7117,26.233,120.4,1.2634,75.333,24.275,2.3842,52.818,4.825,222.0,-0.0041843,0.84623,65.539,18.648,43.65
137,2026-05-01T14:48:00,49.425,26.971,26.912,32.903,41.68,2701.4,3658.9,15.265,18.501,22.475,0.27446,0.097898,341.42,77.059,7.0503,13.785,32.357,4545.2,24.145,45.204,50.114,80.143,2.2656,1.6766,3098.0,42.667,54.292,94.545,9.3106,59.654,38.435,39.953,2630.5,63.218,26.422,45.205,0.3354,8.7117,26.233,120.42,1.2634,75.177,24.275,2.3842,52.818,4.825,220.57,-0.0041843,0.84623,65.556,18.648,43.65
138,2026-05-01T14:51:00,49.302,23.243,27.027,32.789,39.913,2699.9,3648.3,16.523,18.732,22.123,0.23379,0.097898,340.68,77.233,6.9588,13.947,32.173,4541.1,23.612,44.918,49.869,80.122,2.264,1.5948,3096.8,42.449,54.065,94.819,9.2424,62.852,37.715,39.497,2628.1,62.194,24.34,45.108,0.33268,8.861,26.269,120.36,1.3409,75.439,23.851,2.3494,52.818,4.8154,220.37,-0.0041843,0.84623,65.519,18.634,43.65
139,2026-05-01T14:54:00,51.018,23.018,26.945,32.789,41.126,2698.1,3631.2,15.562,18.732,21.728,0.23608,0.097898,340.92,76.927,6.9588,13.947,32.173,4517.1,24.033,48.891,47.373,80.009,2.264,1.5948,3095.8,42.184,54.352,94.732,9.343,61.37,30.369,39.544,2625.7,62.488,24.184,44.962,0.3323,8.861,26.269,120.39,1.3409,74.853,23.851,2.3494,52.818,4.8154,220.8,-0.0041843,0.84623,65.471,18.634,43.65
140,2026-05-01T14:57:00,50.008,24.724,26.445,33.032,40.495,2698.6,3624.4,17.284,18.458,21.731,0.25282,0.096254,340.55,77.114,6.7661,13.89,31.613,4563.6,23.311,46.552,49.658,79.912,2.2251,1.6221,3095.5,42.25,53.851,94.912,9.3867,60.673,37.095,41.557,2626.2,63.293,24.654,45.154,0.35181,8.7973,26.063,120.38,1.3294,75.52,23.994,2.2947,53.958,4.8678,222.84,0.027648,0.84953,65.396,18.751,44.089
141,2026-05-01T15:00:00,50.853,24.826,27.292,33.032,40.632,2699.8,3680.6,15.548,18.458,22.41,0.25177,0.096254,340.73,77.833,6.7661,13.89,31.613,4546.0,24.021,48.509,49.639,80.124,2.2251,1.6221,3097.1,42.156,54.062,94.699,9.2939,62.941,37.039,41.795,2628.6,62.325,24.755,45.249,0.34985,8.7973,26.063,120.39,1.3294,74.884,23.994,2.2947,53.958,4.8678,222.93,0.027648,0.84953,65.387,18.751,44.089
142,2026-05-01T15:03:00,51.278,30.287,26.861,33.543,41.116,2704.5,3645.6,18.008,18.69,22.027,0.31064,0.096254,340.71,77.684,6.8368,14.024,31.893,4528.1,22.978,49.492,50.53,80.507,2.2623,1.6653,3102.5,42.249,54.002,94.623,9.2696,62.907,39.66,41.279,2633.0,64.636,24.447,45.55,0.34269,8.9166,26.544,120.43,1.4606,74.799,23.879,2.3465,53.958,4.8617,220.6,0.027648,0.84953,65.48,18.716,44.089
143,2026-05-01T15:06:00,50.13,30.603,27.084,33.543,41.118,2703.6,3717.6,16.311,18.69,21.687,0.30744,0.096254,340.39,77.688,6.8368,14.024,31.893,4505.5,23.681,46.835,50.822,80.57,2.2623,1.6653,3104.5,42.143,54.273,94.271,9.3627,61.04,40.518,41.042,2632.7,63.398,23.458,45.535,0.34464,8.9166,26.544,120.41,1.4606,75.64,23.879,2.3465,53.958,4.8617,221.78,0.027648,0.84953,65.579,18.716,44.089
144,2026-05-01T15:09:00,48.12,28.242,27.276,33.113,41.877,2701.4,3683.5,16.665,18.799,21.824,0.28641,0.096254,340.32,77.533,6.7814,13.889,31.991,4531.4,23.531,42.184,49.67,80.433,2.2509,1.6596,3101.7,42.286,54.057,94.591,9.2897,60.126,37.129,42.752,2629.5,63.44,22.705,45.55,0.36159,8.8585,26.164,120.41,1.2798,74.881,23.915,2.2456,53.958,4.8327,222.62,0.027648,0.84953,65.623,18.98,44.089
145,2026-05-01T15:12:00,48.968,28.213,26.665,33.113,41.454,2697.6,3660.3,19.271,18.799,21.607,0.28671,0.082786,340.14,76.76,6.7814,13.889,31.991,4561.2,22.461,44.145,50.943,80.25,2.2509,1.6596,3098.0,42.321,53.7,94.474,9.151,62.386,40.875,42.585,2626.1,63.84,26.759,45.705,0.36297,8.8585,26.164,120.39,1.2798,74.515,23.915,2.2456,54.051,4.8327,223.07,0.027236,0.835,65.652,18.98,43.061
146,2026-05-01T15:15:00,50.117,27.411,27.163,33.12,40.941,2694.5,3705.8,18.025,18.517,21.775,0.28095,0.082786,340.32,76.799,6.9181,14.011,32.018,4476.6,22.998,46.805,48.834,79.991,2.2756,1.6925,3093.5,42.167,54.052,94.532,9.2626,60.942,34.669,40.836,2622.8,63.61,25.342,45.949,0.34926,8.7251,26.367,120.42,1.1879,75.742,23.945,2.3303,54.051,4.9299,221.93,0.027236,0.835,65.602,18.687,43.061
147,2026-05-01T15:18:00,51.238,27.338,27.111,33.12,41.55,2695.0,3701.2,17.182,18.517,22.011,0.28169,0.082786,340.42,77.708,6.9181,14.011,32.018,4483.7,23.325,49.398,49.22,80.218,2.2756,1.6925,3092.6,42.66,53.967,94.593,9.2541,60.099,35.804,41.904,2624.3,63.69,24.567,45.904,0.34051,8.7251,26.367,120.43,1.1879,75.842,23.945,2.3303,54.051,4.9299,224.04,0.027236,0.835,65.544,18.687,43.061
148,2026-05-01T15:21:00,52.368,27.295,26.961,33.209,40.851,2694.9,3676.1,17.303,18.492,21.623,0.28066,0.082786,340.44,77.397,6.8162,13.809,31.975,4531.3,23.28,52.015,50.312,80.399,2.2153,1.6219,3092.9,42.379,54.107,94.587,9.3953,59.826,39.018,42.884,2623.9,62.953,24.766,45.986,0.36081,8.9519,25.779,120.37,1.3385,75.025,23.598,2.3405,54.051,4.854,224.66,0.027236,0.835,65.597,18.69,43.061
149,2026-05-01T15:24:00,51.413,27.318,26.69,33.209,41.528,2693.5,3658.0,18.756,18.492,21.501,0.28043,0.082786,340.34,77.215,6.8162,13.809,31.975,4520.2,22.674,49.805,50.393,80.338,2.2153,1.6219,3092.5,42.169,54.241,94.667,9.4701,59.62,39.255,43.127,2621.7,63.265,26.121,46.105,0.35882,8.9519,25.779,120.4,1.3385,74.173,23.598,2.3405,54.051,4.854,224.84,0.027236,0.835,65.64,18.69,43.061
150,2026-05-01T15:27:00,47.939,27.866,26.716,33.324,41.069,2695.5,3699.7,17.659,19.066,21.757,0.28725,0.092591,340.59,77.494,6.9193,13.875,32.272,4512.6,23.126,41.765,50.343,80.394,2.2762,1.6872,3093.1,42.334,54.338,94.482,9.3554,59.095,39.109,40.776,2623.9,63.456,25.705,46.027,0.3349,8.7528,25.889,120.41,1.3239,75.74,23.751,2.4241,53.705,4.918,223.22,0.012743,0.83711,65.652,19.252,44.369
151,2026-05-01T15:30:00,50.852,28.012,26.846,33.324,40.699,2693.5,3700.0,18.593,19.066,21.461,0.28577,0.092591,340.12,77.55,6.9193,13.875,32.272,4551.7,22.73,48.505,50.141,80.404,2.2762,1.6872,3093.1,42.561,53.87,94.544,9.3164,60.173,38.515,40.31,2621.4,63.451,26.962,46.017,0.33872,8.7528,25.889,120.39,1.3239,75.413,23.751,2.4241,53.705,4.918,223.07,0.012743,0.83711,65.673,19.252,44.369
152,2026-05-01T15:33:00,51.695,25.191,26.93,33.083,40.848,2694.0,3645.4,18.125,18.657,21.926,0.25838,0.092591,339.99,77.729,6.8898,13.924,32.325,4509.9,22.913,50.458,48.959,80.635,2.2771,1.7146,3091.7,42.558,52.96,94.589,9.2162,61.936,35.036,41.526,2623.0,63.499,26.154,45.831,0.34338,8.9754,26.188,120.4,1.2302,75.129,23.328,2.3051,53.705,4.8784,224.88,0.012743,0.83711,65.718,18.817,44.369
153,2026-05-01T15:36:00,50.334,25.197,26.888,33.083,41.082,2693.2,3676.0,17.796,18.657,21.63,0.25833,0.092591,339.84,77.36,6.8898,13.924,32.325,4460.5,23.053,47.307,50.42,80.707,2.2771,1.7146,3091.2,42.243,53.55,94.561,9.246,61.928,39.336,41.25,2621.8,62.972,25.554,45.959,0.34564,8.9754,26.188,120.38,1.2302,74.583,23.328,2.3051,53.705,4.8784,223.13,0.012743,0.83711,65.805,18.817,44.369
154,2026-05-01T15:39:00,49.607,24.611,26.779,32.976,41.178,2691.2,3663.2,19.591,18.864,21.814,0.2516,0.092591,339.72,77.307,6.9204,13.766,31.67,4512.2,22.297,45.625,48.733,80.602,2.2448,1.6994,3089.9,42.261,53.957,94.695,9.2634,60.606,34.371,41.949,2620.5,63.43,25.231,45.973,0.35169,8.9564,26.293,120.41,1.259,75.82,23.013,2.3325,53.705,4.9525,222.65,0.012743,0.83711,65.816,18.949,44.369
155,2026-05-01T15:42:00,50.75,24.605,27.087,32.976,39.862,2688.1,3671.8,17.289,18.864,21.696,0.25166,0.085551,339.7,76.773,6.9204,13.766,31.67,4516.2,23.291,48.269,50.376,80.292,2.2448,1.6994,3087.3,42.494,53.909,94.538,9.3029,61.404,39.206,42.11,2615.7,63.281,23.402,45.863,0.35038,8.9564,26.293,120.33,1.259,74.526,23.013,2.3325,53.891,4.9525,224.22,0.024766,0.83618,65.799,18.949,44.832
156,2026-05-01T15:45:00,49.927,31.158,27.052,32.908,41.197,2688.8,3661.8,18.617,18.834,21.441,0.3157,0.085551,339.49,77.084,6.8815,13.842,32.653,4492.3,22.731,46.365,50.292,80.239,2.2815,1.6868,3087.7,42.289,53.851,94.798,9.273,61.099,38.958,40.032,2616.8,63.163,24.453,46.188,0.33302,8.9998,26.082,120.41,1.3024,75.122,23.804,2.3407,53.891,4.9168,220.63,0.024766,0.83618,65.692,19.024,44.832
157,2026-05-01T15:48:00,49.865,31.183,26.75,32.908,40.785,2689.9,3692.5,17.432,18.834,21.694,0.31545,0.085551,340.26,77.508,6.8815,13.842,32.653,4494.2,23.224,46.222,47.109,80.256,2.2815,1.6868,3088.4,42.477,53.829,94.52,9.4023,60.136,29.592,39.924,2618.3,62.635,24.183,46.033,0.33391,8.9998,26.082,120.38,1.3024,74.435,23.804,2.3407,53.891,4.9168,222.46,0.024766,0.83618,65.631,19.024,44.832
158,2026-05-01T15:51:00,51.88,21.765,27.014,32.958,41.322,2690.5,3668.3,17.127,18.65,22.009,0.22174,0.085551,340.15,77.379,7.1785,13.839,32.301,4515.6,23.354,50.884,49.577,80.426,2.253,1.6604,3087.0,42.117,53.355,94.771,9.2707,63.012,36.855,40.892,2618.8,63.375,25.418,45.79,0.34228,8.8683,26.175,120.41,1.2292,75.487,23.232,2.274,53.891,4.9614,225.19,0.024766,0.83618,65.656,18.946,44.832
159,2026-05-01T15:54:00,49.827,21.634,26.616,32.958,40.823,2688.7,3647.6,17.072,18.65,21.494,0.22307,0.085551,339.88,77.2,7.1785,13.839,32.301,4432.9,23.378,46.134,48.155,80.462,2.253,1.6604,3087.8,42.129,54.344,94.495,9.3801,60.925,32.669,40.647,2617.5,63.731,25.176,45.855,0.34429,8.8683,26.175,120.38,1.2292,75.978,23.232,2.274,53.891,4.9614,224.49,0.024766,0.83618,65.685,18.946,44.832
160,2026-05-01T15:57:00,50.358,24.938,27.054,32.581,40.826,2689.3,3586.9,17.761,18.819,21.707,0.25148,0.099983,339.6,77.491,6.836,13.959,32.023,4469.6,23.086,47.364,49.779,80.571,2.2762,1.6538,3086.9,42.178,54.061,94.97,9.1873,61.565,37.45,40.655,2617.0,62.031,24.35,46.101,0.3438,8.9414,25.944,120.39,1.2073,74.815,23.65,2.3165,54.051,4.8547,221.47,0.015706,0.8496,65.699,19.596,43.51
161,2026-05-01T16:00:00,49.575,24.773,27.16,32.581,40.887,2689.8,3599.7,18.797,18.819,21.523,0.25316,0.099983,339.39,77.859,6.836,13.959,32.023,4491.2,22.632,45.55,49.373,80.654,2.2762,1.6538,3088.7,42.026,53.803,94.742,9.2106,61.871,36.255,40.39,2617.9,61.811,26.666,45.95,0.34597,8.9414,25.944,120.4,1.2073,75.269,23.65,2.3165,54.051,4.8547,223.04,0.015706,0.8496,65.761,19.596,43.51
162,2026-05-01T16:03:00,50.94,27.255,26.678,33.616,40.661,2690.3,3683.0,19.465,18.73,21.003,0.28215,0.099983,339.99,77.25,6.9086,13.962,32.366,4432.0,22.361,48.71,49.603,80.533,2.2622,1.6618,3090.2,42.527,52.831,94.932,9.3419,60.226,36.93,42.463,2617.9,63.264,25.885,45.918,0.3563,8.8857,26.447,120.39,1.3609,76.104,23.195,2.3853,54.051,4.9918,223.27,0.015706,0.8496,65.794,18.897,43.51
163,2026-05-01T16:06:00,48.877,27.7,27.044,33.616,41.305,2686.9,3680.6,17.256,18.73,21.275,0.27763,0.099983,339.26,77.305,6.9086,13.962,32.366,4418.4,23.296,43.936,49.041,80.295,2.2622,1.6618,3087.9,42.396,52.993,94.582,9.2796,61.962,35.278,42.846,2615.1,63.304,24.004,46.142,0.35316,8.8857,26.447,120.43,1.3609,74.481,23.195,2.3853,54.051,4.9918,220.65,0.015706,0.8496,65.754,18.897,43.51
164,2026-05-01T16:09:00,50.237,24.316,26.933,33.011,40.235,2688.6,3683.4,15.595,18.492,21.574,0.24566,0.099983,340.37,77.518,6.7525,13.742,32.355,4512.4,23.992,47.082,49.875,80.425,2.2467,1.6269,3087.8,42.296,53.507,94.776,9.3603,61.281,37.733,42.743,2617.2,62.628,24.447,45.841,0.35625,8.9141,26.235,120.4,1.1838,75.176,23.199,2.3537,54.051,4.9231,223.96,0.015706,0.8496,65.697,19.076,43.51
165,2026-05-01T16:12:00,49.027,24.305,27.245,33.011,41.795,2693.8,3666.3,21.263,18.492,21.995,0.24578,0.094675,340.18,78.068,6.7525,13.742,32.355,4472.5,21.577,44.283,48.592,80.969,2.2467,1.6269,3090.4,42.282,53.984,94.569,9.2948,62.038,33.957,42.787,2622.2,62.922,24.214,46.311,0.35589,8.9141,26.235,120.42,1.1838,75.152,23.199,2.3537,53.703,4.9231,222.54,0.0027064,0.83985,65.754,19.076,43.521
166,2026-05-01T16:15:00,51.246,23.983,27.35,33.201,40.727,2692.0,3732.1,16.345,19.345,21.598,0.2475,0.094675,339.81,77.405,6.8722,13.895,32.512,4458.8,23.663,49.419,51.321,80.749,2.2384,1.6658,3091.1,42.307,53.672,94.572,9.3778,60.735,41.988,40.212,2620.0,63.209,24.466,46.235,0.32924,8.9651,25.717,120.43,1.354,74.269,23.679,2.3151,53.703,4.9424,224.91,0.0027064,0.83985,65.884,19.121,43.521
167,2026-05-01T16:18:00,48.242,24.436,27.146,33.201,41.627,2690.0,3708.2,18.802,19.345,21.534,0.2429,0.094675,340.15,77.369,6.8722,13.895,32.512,4468.7,22.626,42.465,50.398,80.559,2.2384,1.6658,3089.8,42.368,53.553,94.405,9.2931,60.378,39.27,39.724,2617.6,63.619,25.187,46.609,0.33325,8.9651,25.717,120.42,1.354,75.045,23.679,2.3151,53.703,4.9424,222.29,0.0027064,0.83985,65.877,19.121,43.521
168,2026-05-01T16:21:00,50.825,22.488,26.886,33.185,40.816,2688.4,3680.3,17.628,18.562,21.612,0.22736,0.094675,340.19,77.288,6.8939,13.858,32.576,4463.0,23.133,48.444,49.653,80.479,2.2564,1.6328,3087.1,42.359,53.457,94.598,9.3355,60.153,37.08,41.608,2616.4,63.115,25.414,46.507,0.35117,8.9406,26.012,120.39,1.2282,75.497,23.653,2.3251,53.703,4.9564,225.05,0.0027064,0.83985,65.841,18.783,43.521
169,2026-05-01T16:24:00,48.99,22.655,26.767,33.185,40.906,2686.5,3693.5,15.809,18.562,21.08,0.22566,0.094675,339.53,77.133,6.8939,13.858,32.576,4465.8,23.906,44.195,50.305,80.31,2.2564,1.6328,3085.9,42.352,53.423,94.631,9.2399,64.008,38.998,41.814,2614.4,62.889,24.982,46.75,0.34948,8.9406,26.012,120.4,1.2282,75.456,23.653,2.3251,53.703,4.9564,223.96,0.0027064,0.83985,65.795,18.783,43.521
170,2026-05-01T16:27:00,49.723,21.484,26.584,33.227,40.924,2689.1,3636.8,17.117,18.742,21.548,0.21772,0.11342,340.31,77.582,7.1148,14.023,32.287,4494.6,23.342,45.893,49.941,80.523,2.2534,1.6518,3086.7,42.434,53.881,94.627,9.3844,61.289,37.925,41.479,2617.2,63.674,25.596,46.507,0.34487,9.0389,26.2,120.4,1.3553,74.606,23.737,2.4019,53.42,4.9431,225.69,0.010667,0.84047,65.781,18.974,42.443
171,2026-05-01T16:30:00,50.605,21.629,27.074,33.227,41.701,2688.5,3660.0,16.883,18.742,21.518,0.21625,0.11342,339.56,77.285,7.1148,14.023,32.287,4470.3,23.435,47.934,50.574,80.55,2.2534,1.6518,3087.5,42.802,54.172,94.742,9.3992,59.89,39.789,41.066,2616.3,63.273,25.977,46.709,0.34826,9.0389,26.2,120.41,1.3553,74.949,23.737,2.4019,53.42,4.9431,223.87,0.010667,0.84047,65.82,18.974,42.443
172,2026-05-01T16:33:00,50.451,23.758,26.929,33.194,39.936,2689.5,3608.7,17.815,18.914,21.462,0.24547,0.11342,339.67,77.238,6.7772,13.816,32.182,4468.3,23.046,47.578,50.118,80.536,2.2528,1.7062,3087.7,42.284,53.707,94.683,9.4302,63.011,38.447,43.777,2617.1,62.104,27.014,46.53,0.36367,8.7625,25.902,120.37,1.2277,74.773,23.568,2.2744,53.42,4.935,226.34,0.010667,0.84047,65.82,19.018,42.443
173,2026-05-01T16:36:00,50.676,24.045,26.811,33.194,40.244,2690.8,3602.9,17.751,18.914,21.753,0.24255,0.11342,340.03,77.554,6.7772,13.816,32.182,4480.6,23.063,48.099,51.158,80.477,2.2528,1.7062,3088.6,42.135,53.56,94.909,9.4253,61.07,41.509,43.661,2619.0,62.204,26.255,46.572,0.36462,8.7625,25.902,120.39,1.2277,75.225,23.568,2.2744,53.42,4.935,226.32,0.010667,0.84047,65.789,19.018,42.443
174,2026-05-01T16:39:00,48.522,24.746,27.032,33.017,41.395,2693.7,3681.7,17.272,19.101,21.927,0.25471,0.11342,340.69,77.58,6.9434,13.814,31.927,4431.0,23.261,43.115,48.437,80.524,2.2633,1.6776,3092.4,42.498,54.008,94.578,9.4926,61.453,33.5,41.049,2622.7,63.748,23.76,46.674,0.34179,9.0069,25.867,120.42,1.3373,74.338,23.231,2.3496,53.42,4.9086,225.68,0.010667,0.84047,65.77,18.442,42.443
175,2026-05-01T16:42:00,48.281,24.983,26.71,33.017,40.989,2693.6,3724.8,18.101,19.101,21.379,0.2523,0.074561,340.67,77.128,6.9434,13.814,31.927,4487.3,22.934,42.556,48.921,80.281,2.2633,1.6776,3092.5,42.571,53.335,94.604,9.4826,60.762,34.925,40.887,2621.0,63.007,26.666,46.715,0.34311,9.0069,25.867,120.42,1.3373,75.288,23.231,2.3496,54.358,4.9086,225.97,0.015289,0.83916,65.764,18.442,43.909
176,2026-05-01T16:45:00,48.685,27.324,27.313,32.839,41.27,2697.3,3633.5,16.637,18.895,22.102,0.28053,0.074561,341.14,77.805,6.8536,13.855,32.077,4549.7,23.532,43.49,48.23,80.423,2.31,1.6465,3095.2,42.649,54.01,94.573,9.4377,61.199,32.893,40.925,2625.8,63.141,25.716,46.816,0.34222,8.7091,26.561,120.39,1.3597,75.183,23.458,2.3007,54.358,4.917,225.48,0.015289,0.83916,65.716,19.104,43.909
177,2026-05-01T16:48:00,50.764,27.393,26.701,32.839,41.917,2698.9,3653.4,19.392,18.895,21.703,0.27983,0.074561,341.11,77.471,6.8536,13.855,32.077,4546.7,22.372,48.302,50.521,80.47,2.31,1.6465,3097.7,42.207,54.046,94.516,9.4069,63.064,39.633,41.243,2627.2,62.797,25.521,46.742,0.33962,8.7091,26.561,120.41,1.3597,74.492,23.458,2.3007,54.358,4.917,226.9,0.015289,0.83916,65.746,19.104,43.909
178,2026-05-01T16:51:00,48.846,26.083,26.924,33.061,41.466,2701.0,3677.0,18.8,18.416,22.197,0.26816,0.074561,341.54,77.712,7.0177,13.827,32.224,4470.9,22.61,43.863,50.984,80.442,2.2484,1.6174,3098.0,41.987,53.33,94.512,9.4738,61.143,40.996,41.739,2629.9,63.164,26.184,46.795,0.34473,8.9674,26.692,120.41,1.2635,73.74,23.476,2.3223,54.358,4.9576,226.92,0.015289,0.83916,65.749,18.321,43.909
179,2026-05-01T16:54:00,50.809,26.434,26.749,33.061,41.397,2700.9,3659.4,17.195,18.416,22.028,0.26459,0.074561,341.86,77.893,7.0177,13.827,32.224,4445.5,23.274,48.405,48.837,80.47,2.2484,1.6174,3099.8,42.272,53.635,94.431,9.4923,60.443,34.679,41.35,2630.4,63.467,25.82,46.89,0.34792,8.9674,26.692,120.4,1.2635,73.909,23.476,2.3223,54.358,4.9576,226.44,0.015289,0.83916,65.784,18.321,43.909
180,2026-05-01T16:57:00,50.669,24.757,26.974,33.503,41.625,2702.8,3651.8,19.777,18.278,22.144,0.25389,0.082863,341.74,77.342,6.8773,13.605,32.205,4546.3,22.194,48.083,48.842,80.517,2.2741,1.6192,3101.3,42.477,54.36,94.592,9.4947,63.132,34.692,40.873,2631.9,62.107,24.984,46.904,0.34579,8.8882,26.459,120.4,1.2068,74.792,23.787,2.4052,53.56,4.9021,226.56,0.006868,0.82014,65.807,18.43,43.172
181,2026-05-01T17:00:00,50.173,24.986,26.957,33.503,40.757,2703.0,3641.0,16.386,18.278,22.034,0.25156,0.082863,342.51,77.369,6.8773,13.605,32.205,4530.5,23.623,46.934,49.267,80.29,2.2741,1.6192,3100.6,42.5,54.549,94.606,9.3831,62.35,35.944,40.445,2631.3,62.293,25.848,46.868,0.3493,8.8882,26.459,120.4,1.2068,74.227,23.787,2.4052,53.56,4.9021,227.43,0.006868,0.82014,65.767,18.43,43.172
182,2026-05-01T17:03:00,49.231,25.091,26.993,33.405,41.589,2705.1,3665.8,17.478,18.726,22.565,0.2536,0.082863,342.61,77.604,6.989,13.772,31.813,4526.1,23.16,44.754,47.917,80.215,2.2724,1.655,3102.0,42.415,54.401,94.534,9.4567,62.481,31.969,38.324,2633.9,63.037,23.392,47.003,0.31669,8.8372,26.051,120.43,1.2101,74.858,23.9,2.4251,53.56,4.9641,226.44,0.006868,0.82014,65.709,18.933,43.172
183,2026-05-01T17:06:00,50.015,25.041,27.176,33.405,41.055,2707.1,3641.4,17.35,18.726,22.748,0.25411,0.082863,342.98,76.935,6.989,13.772,31.813,4534.6,23.23,46.569,49.847,80.159,2.2724,1.655,3102.6,42.249,54.299,94.422,9.5651,60.762,37.651,38.217,2636.0,63.457,26.196,46.95,0.31756,8.8372,26.051,120.41,1.2101,74.222,23.9,2.4251,53.56,4.9641,227.55,0.006868,0.82014,65.705,18.933,43.172
184,2026-05-01T17:09:00,49.046,29.033,26.571,33.777,41.627,2708.8,3664.2,18.631,18.347,22.582,0.29305,0.082863,343.76,77.6,7.0314,13.792,32.426,4502.3,22.675,44.327,49.78,80.123,2.2518,1.6113,3103.7,42.655,53.467,94.528,9.5499,60.119,37.454,39.761,2637.5,62.037,24.322,46.884,0.33988,8.7979,26.093,120.44,1.2149,74.891,24.089,2.3292,53.56,4.8857,228.82,0.006868,0.82014,65.623,18.684,43.172
185,2026-05-01T17:12:00,51.257,29.105,27.009,33.777,40.302,2709.6,3610.6,18.899,18.347,22.634,0.29232,0.085909,343.68,77.539,7.0314,13.792,32.426,4464.3,22.563,49.444,48.937,80.103,2.2518,1.6113,3105.6,42.54,53.921,94.61,9.5187,61.285,34.972,40.435,2638.4,62.958,23.249,46.478,0.33436,8.7979,26.093,120.36,1.2149,75.275,24.089,2.3292,54.466,4.8857,228.36,0.014765,0.81714,65.604,18.684,43.621
186,2026-05-01T17:15:00,51.877,23.096,27.074,33.306,41.87,2710.9,3668.0,19.506,18.514,22.788,0.23638,0.085909,344.02,77.57,6.8719,13.917,32.257,4508.2,22.308,50.877,51.723,80.082,2.2977,1.6349,3105.6,42.248,54.003,94.564,9.4869,59.335,43.17,40.363,2639.4,61.478,25.98,46.468,0.3389,8.9299,26.333,120.41,1.3007,74.492,23.549,2.248,54.466,4.8222,226.59,0.014765,0.81714,65.571,18.689,43.621
187,2026-05-01T17:18:00,49.7,23.286,27.114,33.306,40.642,2713.5,3661.3,18.706,18.514,23.28,0.23445,0.085909,344.65,77.829,6.8719,13.917,32.257,4523.0,22.633,45.839,49.838,80.207,2.2977,1.6349,3106.7,42.36,53.825,94.543,9.4559,62.182,37.623,39.993,2642.9,61.594,25.137,46.319,0.34193,8.9299,26.333,120.37,1.3007,74.899,23.549,2.248,54.466,4.8222,226.39,0.014765,0.81714,65.571,18.689,43.621
188,2026-05-01T17:21:00,50.646,24.559,26.826,33.407,41.537,2713.3,3654.5,18.948,18.629,23.084,0.25096,0.085909,344.59,77.407,6.8233,13.666,32.308,4471.6,22.543,48.03,50.021,80.131,2.2523,1.6407,3108.5,42.786,54.443,94.629,9.3656,61.796,38.161,41.816,2642.9,63.043,24.909,46.237,0.35479,8.8133,25.963,120.41,1.2701,74.696,23.961,2.3345,54.466,4.8174,225.43,0.014765,0.81714,65.587,18.981,43.621
189,2026-05-01T17:24:00,48.756,24.703,26.835,33.407,41.514,2714.1,3691.9,18.496,18.629,23.131,0.2495,0.085909,344.46,77.374,6.8233,13.666,32.308,4484.4,22.736,43.655,48.493,80.091,2.2523,1.6407,3108.2,42.554,54.29,94.352,9.5561,61.802,33.664,42.296,2643.8,62.4,23.874,45.996,0.35085,8.8133,25.963,120.43,1.2701,75.131,23.961,2.3345,54.466,4.8174,226.28,0.014765,0.81714,65.559,18.981,43.621
190,2026-05-01T17:27:00,49.817,23.968,27.07,33.327,41.487,2713.3,3675.4,17.142,18.027,23.419,0.24503,0.095727,345.15,77.115,6.7523,13.712,32.511,4512.7,23.321,46.111,52.024,79.813,2.2586,1.625,3106.2,42.351,53.226,94.698,9.4334,60.171,44.057,38.701,2642.6,63.142,26.698,45.781,0.32486,8.8049,26.595,120.4,1.3412,75.267,23.736,2.2022,54.151,4.8964,225.66,0.024226,0.81921,65.491,18.416,44.826
191,2026-05-01T17:30:00,50.94,23.9,26.835,33.327,41.392,2713.0,3657.4,18.91,18.027,23.132,0.24572,0.095727,345.34,77.421,6.7523,13.712,32.511,4418.9,22.576,48.708,50.899,79.848,2.2586,1.625,3106.3,42.713,54.349,94.316,9.4479,60.248,40.744,38.461,2643.1,63.453,27.287,45.678,0.32683,8.8049,26.595,120.39,1.3412,75.004,23.736,2.2022,54.151,4.8964,224.54,0.024226,0.81921,65.429,18.416,44.826
192,2026-05-01T17:33:00,51.301,21.606,26.938,33.577,41.503,2715.7,3701.2,16.845,18.402,23.071,0.22531,0.095727,345.14,77.676,6.8985,13.637,32.909,4579.7,23.432,49.544,49.058,80.026,2.3008,1.6001,3108.4,42.393,53.823,94.507,9.3475,62.894,35.328,39.053,2644.7,63.411,24.647,45.369,0.33051,8.7445,26.23,120.38,1.3988,74.667,24.071,2.2904,54.151,4.8279,225.7,0.024226,0.81921,65.4,18.157,44.826
193,2026-05-01T17:36:00,48.879,21.718,27.004,33.577,42.393,2716.6,3685.9,19.767,18.402,23.417,0.22416,0.095727,345.4,77.575,6.8985,13.637,32.909,4544.2,22.204,43.939,48.506,80.193,2.3008,1.6001,3110.1,42.562,54.249,94.267,9.5119,63.339,33.704,38.983,2645.9,63.674,23.911,45.567,0.33108,8.7445,26.23,120.44,1.3988,74.64,24.071,2.2904,54.151,4.8279,221.14,0.024226,0.81921,65.44,18.157,44.826
194,2026-05-01T17:39:00,50.978,17.546,27.015,33.163,40.274,2713.1,3643.0,16.188,17.891,22.968,0.17861,0.095727,344.89,77.147,6.7465,13.576,32.394,4562.0,23.727,48.797,49.383,79.902,2.2563,1.655,3108.1,42.352,54.752,94.513,9.3983,60.452,36.286,38.353,2642.1,63.183,25.457,44.968,0.31807,8.7504,26.527,120.36,1.2657,75.058,23.982,2.4025,54.151,4.7217,225.51,0.024226,0.81921,65.422,18.805,44.826
195,2026-05-01T17:42:00,50.372,17.65,26.866,33.163,42.013,2714.4,3639.1,18.62,17.891,23.532,0.17755,0.10814,345.06,77.645,6.7465,13.576,32.394,4558.3,22.688,47.396,50.285,79.998,2.2563,1.655,3107.3,42.833,54.797,94.462,9.4206,61.792,38.94,38.333,2644.7,63.25,25.189,45.119,0.31823,8.7504,26.527,120.41,1.2657,74.809,23.982,2.4025,54.817,4.7217,221.77,0.02417,0.81901,65.364,18.805,43.492
196,2026-05-01T17:45:00,50.29,22.205,27.185,33.633,40.835,2714.0,3704.5,17.134,18.579,23.267,0.22123,0.10814,344.35,77.116,6.9445,13.514,32.877,4491.8,23.33,47.204,50.748,79.903,2.2458,1.6485,3109.2,42.732,54.053,94.424,9.4704,61.082,40.301,36.711,2643.4,63.514,25.09,44.934,0.31541,8.8179,26.621,120.38,1.2182,75.82,24.46,2.3265,54.817,4.9383,221.66,0.02417,0.81901,65.367,17.993,43.492
197,2026-05-01T17:48:00,49.301,22.021,26.972,33.633,42.127,2712.5,3677.5,18.618,18.579,23.222,0.2231,0.10814,344.59,77.022,6.9445,13.514,32.877,4511.3,22.705,44.916,50.338,79.71,2.2458,1.6485,3107.1,42.235,53.819,94.518,9.4034,60.95,39.094,36.551,2642.5,63.978,24.565,44.794,0.31672,8.8179,26.621,120.4,1.2182,74.624,24.46,2.3265,54.817,4.9383,221.08,0.02417,0.81901,65.296,17.993,43.492
198,2026-05-01T17:51:00,53.472,16.949,27.558,33.092,41.312,2713.7,3671.9,17.031,18.124,23.651,0.17204,0.10814,344.77,77.29,6.8784,13.47,32.597,4617.2,23.373,54.568,49.157,79.779,2.2531,1.6527,3106.2,42.436,54.605,94.367,9.3767,61.374,35.621,35.889,2642.9,62.373,24.304,44.659,0.30523,8.8273,26.776,120.37,1.1526,75.242,24.251,2.2847,54.817,4.8867,220.47,0.02417,0.81901,65.233,18.229,43.492
199,2026-05-01T17:54:00,49.54,16.972,27.002,33.092,41.216,2712.5,3639.7,20.137,18.124,22.827,0.1718,0.10814,344.55,77.498,6.8784,13.47,32.597,4613.5,22.067,45.469,52.072,79.793,2.2531,1.6527,3108.3,42.662,54.65,94.786,9.4603,61.675,44.197,36.429,2642.1,62.927,25.453,44.494,0.30081,8.8273,26.776,120.4,1.1526,74.961,24.251,2.2847,54.817,4.8867,220.2,0.02417,0.81901,65.23,18.229,43.492
200,2026-05-01T17:57:00,48.933,19.155,26.884,33.275,40.973,2714.7,3650.4,17.646,17.893,23.192,0.19228,0.097727,344.16,77.169,6.9667,13.799,32.513,4584.2,23.118,44.066,50.971,79.851,2.2255,1.6352,3108.3,42.327,54.534,94.377,9.4011,62.466,40.956,35.077,2644.6,63.294,25.118,44.419,0.29825,9.0006,26.518,120.39,1.3058,74.913,24.311,2.3007,53.97,4.7845,218.55,0.0048676,0.80381,65.178,18.581,44.188
201,2026-05-01T18:00:00,50.238,19.007,26.992,33.275,40.656,2715.4,3665.6,18.431,17.893,23.214,0.19378,0.097727,343.77,77.242,6.9667,13.799,32.513,4560.7,22.795,47.085,50.06,79.827,2.2255,1.6352,3109.2,42.366,54.815,94.657,9.379,61.56,38.276,35.316,2644.7,63.032,26.3,44.23,0.2963,9.0006,26.518,120.39,1.3058,75.617,24.311,2.3007,53.97,4.7845,218.4,0.0048676,0.80381,65.156,18.581,44.188
202,2026-05-01T18:03:00,51.44,19.514,27.036,33.256,41.75,2714.6,3602.3,17.211,17.927,23.052,0.19727,0.097727,343.44,77.596,6.8489,13.796,32.289,4534.6,23.303,49.866,50.266,79.899,2.2634,1.6739,3109.0,42.321,54.328,94.47,9.4407,59.498,38.883,39.286,2644.2,63.31,24.56,44.074,0.33368,9.06,26.212,120.41,1.1777,75.948,24.244,2.1655,53.97,4.7624,217.88,0.0048676,0.80381,65.169,18.486,44.188
203,2026-05-01T18:06:00,51.258,19.368,27.184,33.256,40.569,2716.0,3688.4,18.632,17.927,23.19,0.19876,0.097727,343.47,77.485,6.8489,13.796,32.289,4534.8,22.7,49.446,48.934,80.063,2.2634,1.6739,3110.1,42.089,54.325,94.664,9.4272,61.454,34.962,39.795,2645.5,61.828,24.06,44.071,0.32951,9.06,26.212,120.39,1.1777,75.314,24.244,2.1655,53.97,4.7624,215.62,0.0048676,0.80381,65.175,18.486,44.188
204,2026-05-01T18:09:00,49.698,21.219,26.601,32.854,41.923,2716.9,3692.5,20.802,18.08,22.981,0.21883,0.097727,343.14,77.331,6.7667,13.725,31.882,4599.6,21.781,45.835,51.626,80.177,2.2485,1.6535,3111.5,42.378,53.824,94.525,9.5473,60.038,42.884,39.178,2646.3,62.765,25.904,43.763,0.33355,8.8546,26.671,120.41,1.245,74.521,24.077,2.3234,53.97,4.7256,216.76,0.0048676,0.80381,65.187,18.401,44.188
205,2026-05-01T18:12:00,50.138,21.458,26.959,32.854,40.532,2714.0,3652.5,19.458,18.08,22.672,0.2164,0.099411,343.11,77.145,6.7667,13.725,31.882,4529.4,22.355,46.854,49.98,79.964,2.2485,1.6535,3110.5,42.314,54.664,94.515,9.3804,60.503,38.04,39.598,2643.0,63.454,25.851,43.236,0.33011,8.8546,26.671,120.38,1.245,75.691,24.077,2.3234,52.952,4.7256,215.52,0.011597,0.821,65.207,18.401,44.072
206,2026-05-01T18:15:00,49.483,25.489,27.026,33.9,41.946,2713.7,3637.2,19.496,18.572,22.633,0.25633,0.099411,342.77,76.716,6.8007,13.728,32.404,4587.3,22.36,45.339,47.447,79.765,2.285,1.6396,3109.0,42.266,54.233,94.492,9.2608,60.755,30.588,38.199,2643.1,64.51,23.569,42.975,0.3253,8.7751,26.302,120.41,1.3969,74.911,24.588,2.1957,52.952,4.8085,214.1,0.011597,0.821,65.127,18.569,44.072
207,2026-05-01T18:18:00,50.766,25.445,26.741,33.9,41.08,2711.1,3703.1,18.087,18.572,22.726,0.25677,0.099411,342.88,77.071,6.8007,13.728,32.404,4545.3,22.959,48.307,50.971,79.575,2.285,1.6396,3106.5,42.476,54.737,94.631,9.4985,57.934,40.958,38.257,2640.8,63.375,24.7,42.838,0.32482,8.7751,26.302,120.38,1.3969,75.108,24.588,2.1957,52.952,4.8085,211.37,0.011597,0.821,64.997,18.569,44.072
208,2026-05-01T18:21:00,49.195,20.498,26.923,33.437,41.683,2711.4,3675.6,16.009,18.757,22.962,0.20703,0.099411,342.63,77.016,6.8642,13.609,32.158,4545.0,23.834,44.67,51.085,79.719,2.2309,1.6402,3106.0,42.261,54.378,94.475,9.2602,62.962,41.293,38.473,2640.8,63.642,25.089,42.41,0.32239,8.941,26.601,120.44,1.3019,75.126,24.415,2.3546,52.952,4.7311,211.92,0.011597,0.821,64.91,18.408,44.072
209,2026-05-01T18:24:00,49.597,20.503,27.249,33.437,40.66,2711.7,3683.5,19.858,18.757,23.0,0.20698,0.099411,342.31,77.254,6.8642,13.609,32.158,4563.1,22.215,45.601,50.244,79.877,2.2309,1.6402,3106.0,42.38,54.162,94.6,9.303,59.985,38.819,38.003,2640.0,63.507,25.179,42.128,0.32624,8.941,26.601,120.38,1.3019,75.014,24.415,2.3546,52.952,4.7311,210.85,0.011597,0.821,64.876,18.408,44.072
210,2026-05-01T18:27:00,49.428,22.536,26.387,33.081,41.545,2711.3,3649.5,18.461,18.109,22.404,0.23193,0.10978,341.96,77.366,6.9607,13.715,32.263,4580.3,22.8,45.211,49.077,79.984,2.2412,1.6543,3107.3,42.3,54.399,94.477,9.2981,61.735,35.384,36.945,2640.3,63.582,24.773,42.029,0.30697,8.951,26.264,120.4,1.1811,74.09,24.416,2.2703,53.539,4.7556,212.17,0.015804,0.82907,64.882,17.968,43.509
211,2026-05-01T18:30:00,49.763,22.795,26.776,33.081,41.135,2711.8,3725.5,18.084,18.109,22.726,0.2293,0.10978,342.02,77.279,6.9607,13.715,32.263,4572.4,22.962,45.986,48.614,80.013,2.2412,1.6543,3107.4,42.373,54.492,94.65,9.3052,57.797,34.021,36.454,2641.1,62.273,25.487,42.029,0.311,8.951,26.264,120.38,1.1811,74.902,24.416,2.2703,53.539,4.7556,209.83,0.015804,0.82907,64.895,17.968,43.509
212,2026-05-01T18:33:00,50.619,21.766,27.182,33.011,41.407,2711.3,3621.9,18.817,18.6,22.487,0.21906,0.10978,341.38,77.862,6.9963,13.773,32.38,4571.0,22.632,47.966,50.218,80.182,2.2754,1.6476,3108.1,42.56,55.687,94.517,9.2183,62.944,38.741,38.06,2640.7,63.181,24.51,42.141,0.3191,9.0257,26.609,120.38,1.3734,75.455,24.554,2.2571,53.539,4.8172,206.23,0.015804,0.82907,64.902,18.746,43.509
213,2026-05-01T18:36:00,48.908,21.753,27.16,33.011,40.348,2710.9,3667.7,18.211,18.6,22.376,0.2192,0.10978,340.89,77.154,6.9963,13.773,32.38,4565.9,22.909,44.006,48.782,80.182,2.2754,1.6476,3107.9,42.041,55.748,94.672,9.1871,60.05,34.517,37.946,2640.1,62.393,23.96,41.839,0.32004,9.0257,26.609,120.36,1.3734,75.035,24.554,2.2571,53.539,4.8172,207.27,0.015804,0.82907,64.956,18.746,43.509
214,2026-05-01T18:39:00,49.452,20.464,27.257,32.702,41.354,2707.5,3659.1,19.027,18.747,22.315,0.20681,0.10978,341.1,77.017,6.7312,13.899,31.858,4557.8,22.583,45.265,49.835,79.871,2.2353,1.628,3104.7,42.238,54.009,94.677,9.1522,61.733,37.615,38.858,2635.7,62.138,25.41,41.64,0.32433,8.7686,26.651,120.4,1.3068,75.805,24.339,2.2659,53.539,4.8107,207.15,0.015804,0.82907,64.904,18.442,43.509
215,2026-05-01T18:42:00,49.1,20.459,27.001,32.702,40.86,2707.0,3609.5,21.008,18.747,22.26,0.20686,0.090813,340.47,77.098,6.7312,13.899,31.858,4505.3,21.757,44.451,49.229,79.94,2.2353,1.628,3103.2,42.175,54.637,94.864,9.2536,61.232,35.83,39.087,2636.1,62.99,24.288,41.683,0.32246,8.7686,26.651,120.39,1.3068,76.187,24.339,2.2659,54.028,4.8107,206.52,0.033872,0.84902,64.837,18.442,42.459
216,2026-05-01T18:45:00,52.044,25.591,26.616,32.587,41.054,2708.4,3665.9,18.611,18.409,22.011,0.25718,0.090813,340.36,77.363,6.9441,13.803,32.003,4565.5,22.762,51.265,49.487,80.139,2.245,1.625,3105.5,42.49,54.693,94.603,9.2514,59.566,36.591,40.146,2637.4,64.363,25.572,41.476,0.34169,8.752,26.448,120.42,1.3843,76.148,24.301,2.2592,54.028,4.8248,207.46,0.033872,0.84902,64.837,18.539,42.459
217,2026-05-01T18:48:00,49.841,25.387,26.383,32.587,41.416,2707.6,3707.1,18.239,18.409,21.519,0.25926,0.090813,340.04,77.213,6.9441,13.803,32.003,4593.8,22.921,46.166,50.006,80.219,2.245,1.625,3105.9,42.256,54.355,94.571,9.2581,62.207,38.117,40.394,2635.6,63.655,24.162,41.441,0.33966,8.752,26.448,120.41,1.3843,75.284,24.301,2.2592,54.028,4.8248,206.45,0.033872,0.84902,64.863,18.539,42.459
218,2026-05-01T18:51:00,49.318,24.369,27.053,32.348,41.428,2705.2,3672.0,19.908,18.406,21.718,0.24693,0.090813,339.11,77.11,6.8428,13.989,31.629,4577.3,22.228,44.956,51.275,80.115,2.3074,1.663,3104.0,42.425,54.36,94.648,9.3097,60.057,41.851,39.613,2633.4,62.433,25.081,41.451,0.32534,8.813,26.602,120.41,1.1539,75.889,24.067,2.3865,54.028,4.7056,204.93,0.033872,0.84902,64.875,18.941,42.459
219,2026-05-01T18:54:00,48.5,24.281,27.007,32.348,40.265,2700.7,3662.6,16.941,18.406,21.499,0.24782,0.090813,339.02,76.821,6.8428,13.989,31.629,4554.3,23.489,43.063,52.323,79.852,2.3074,1.663,3101.2,42.233,54.636,94.757,9.3622,57.147,44.937,39.244,2628.2,62.593,25.772,41.286,0.32836,8.813,26.602,120.36,1.1539,75.595,24.067,2.3865,54.028,4.7056,205.43,0.033872,0.84902,64.825,18.941,42.459
220,2026-05-01T18:57:00,49.06,28.311,26.667,32.886,40.878,2700.7,3661.9,18.964,19.007,21.46,0.28689,0.10604,338.77,77.306,6.9351,13.857,31.563,4544.6,22.64,44.36,51.537,79.935,2.256,1.5994,3099.4,41.998,53.771,94.771,9.2471,61.078,42.623,41.58,2629.3,63.484,23.753,41.53,0.35084,8.9871,26.648,120.4,1.2057,76.281,23.689,2.3896,53.766,4.8293,207.16,0.019994,0.86136,64.767,19.207,44.165
221,2026-05-01T19:00:00,52.663,28.344,27.026,32.886,40.833,2701.3,3695.6,16.447,19.007,21.622,0.28656,0.10604,338.88,77.416,6.9351,13.857,31.563,4533.0,23.692,52.698,51.732,80.18,2.256,1.5994,3101.2,42.121,53.91,94.667,9.2412,60.986,43.197,41.945,2629.7,62.905,24.318,41.805,0.34785,8.9871,26.648,120.4,1.2057,75.76,23.689,2.3896,53.766,4.8293,205.24,0.019994,0.86136,64.794,19.207,44.165
222,2026-05-01T19:03:00,47.75,29.482,26.642,32.69,41.026,2703.5,3617.5,17.474,19.152,21.735,0.30003,0.10604,338.64,77.383,6.8893,13.857,31.608,4468.5,23.254,41.327,51.083,80.449,2.295,1.6666,3102.5,42.175,53.981,94.626,9.1618,62.113,41.286,40.409,2632.1,63.432,24.286,41.792,0.33269,8.9502,26.489,120.41,1.4594,76.219,23.644,2.25,53.766,4.8414,206.48,0.019994,0.86136,64.909,18.681,44.165
223,2026-05-01T19:06:00,50.001,29.494,26.779,32.69,41.423,2700.2,3671.5,18.084,19.152,21.207,0.29991,0.10604,338.33,76.855,6.8893,13.857,31.608,4519.1,23.011,46.537,50.73,80.178,2.295,1.6666,3100.5,42.473,53.375,94.652,9.237,60.805,40.249,40.192,2627.5,62.502,23.608,41.661,0.33446,8.9502,26.489,120.4,1.4594,75.202,23.644,2.25,53.766,4.8414,209.01,0.019994,0.86136,64.936,18.681,44.165
224,2026-05-01T19:09:00,49.608,29.858,26.691,32.41,40.67,2700.3,3669.8,19.168,18.679,21.572,0.30008,0.10604,338.68,77.252,6.8894,13.723,32.186,4544.2,22.549,45.626,50.198,80.152,2.2641,1.6657,3099.9,42.55,54.337,94.794,9.3843,61.446,38.684,39.984,2628.8,62.906,25.139,41.777,0.33663,8.9471,26.704,120.4,1.37,75.509,23.671,2.2532,53.766,4.795,208.84,0.019994,0.86136,64.935,19.171,44.165
225,2026-05-01T19:12:00,50.666,29.946,27.105,32.41,41.366,2700.5,3663.7,17.889,18.679,21.609,0.29918,0.10043,338.67,77.219,6.8894,13.723,32.186,4550.7,23.08,48.075,49.926,80.278,2.2641,1.6657,3100.5,42.043,54.259,94.612,9.2703,59.839,37.881,40.297,2628.8,63.01,25.826,42.137,0.33406,8.9471,26.704,120.42,1.37,75.774,23.671,2.2532,52.966,4.795,209.79,0.028214,0.86305,64.966,19.171,43.645
226,2026-05-01T19:15:00,49.812,24.519,27.093,32.672,41.631,2699.7,3684.8,19.446,19.525,21.672,0.2485,0.10043,338.92,77.657,6.9685,13.87,32.131,4470.3,22.414,46.1,48.719,80.476,2.2915,1.6723,3099.4,42.456,53.993,94.639,9.3081,58.35,34.33,38.339,2629.0,62.64,25.783,42.517,0.32024,8.6738,26.395,120.42,1.185,75.069,23.785,2.3153,52.966,4.7298,208.29,0.028214,0.86305,65.049,19.198,43.645
227,2026-05-01T19:18:00,49.339,24.628,27.096,32.672,40.935,2697.4,3669.4,18.578,19.525,21.355,0.24739,0.10043,338.34,77.167,6.9685,13.87,32.131,4473.2,22.79,45.004,51.676,80.482,2.2915,1.6723,3097.4,42.369,53.957,94.673,9.2569,60.356,43.033,38.654,2625.1,62.904,23.607,42.723,0.31765,8.6738,26.395,120.41,1.185,75.233,23.785,2.3153,52.966,4.7298,208.68,0.028214,0.86305,65.144,19.198,43.645
228,2026-05-01T19:21:00,48.158,25.063,27.071,32.77,40.455,2692.9,3619.5,18.368,18.822,20.982,0.25423,0.10043,337.9,77.016,7.1701,13.893,31.686,4434.6,22.888,42.272,50.836,80.251,2.2885,1.6445,3093.6,42.218,54.286,94.877,9.2497,60.657,40.562,40.405,2620.1,63.025,25.773,42.72,0.33521,8.8418,26.159,120.39,1.3073,75.152,23.961,2.3071,52.966,4.8691,211.39,0.028214,0.86305,65.149,18.795,43.645
229,2026-05-01T19:24:00,49.937,24.978,27.052,32.77,39.858,2690.8,3610.5,18.661,18.822,21.328,0.2551,0.10043,338.12,76.744,7.1701,13.893,31.686,4465.3,22.785,46.387,50.106,80.083,2.2885,1.6445,3089.5,42.066,53.919,94.841,9.1862,61.619,38.412,40.408,2618.3,63.179,25.816,42.804,0.33519,8.8418,26.159,120.35,1.3073,74.307,23.961,2.3071,52.966,4.8691,213.21,0.028214,0.86305,65.135,18.795,43.645
230,2026-05-01T19:27:00,50.706,29.433,27.039,32.388,41.094,2690.4,3568.5,18.903,19.084,21.407,0.30169,0.10899,338.22,77.018,6.8853,13.799,32.228,4548.5,22.684,48.169,49.752,80.024,2.2762,1.6065,3089.6,42.188,53.875,95.097,9.299,60.889,37.371,40.336,2617.4,61.958,25.647,43.212,0.34154,9.0015,26.507,120.4,1.2525,74.766,23.778,2.2996,53.689,4.8542,212.42,0.030792,0.88068,65.076,19.586,43.544
231,2026-05-01T19:30:00,51.074,29.512,26.53,32.388,39.979,2693.3,3600.5,15.534,19.084,21.366,0.30088,0.10899,338.44,77.236,6.8853,13.799,32.228,4484.7,24.097,49.02,50.44,80.135,2.2762,1.6065,3090.2,42.282,54.638,94.892,9.3626,60.303,39.396,40.754,2620.4,61.406,27.569,43.357,0.33811,9.0015,26.507,120.35,1.2525,74.262,23.778,2.2996,53.689,4.8542,214.0,0.030792,0.88068,65.086,19.586,43.544
232,2026-05-01T19:33:00,50.229,24.65,27.245,32.96,41.505,2693.7,3617.8,16.832,18.503,21.515,0.25024,0.10899,338.21,77.169,6.9521,13.972,32.057,4430.4,23.543,47.063,49.489,80.254,2.2731,1.656,3093.1,42.285,53.277,95.077,9.3473,60.981,36.597,39.444,2621.2,63.469,25.845,43.697,0.32856,9.0691,26.21,120.42,1.5182,74.78,23.686,2.3453,53.689,4.8888,213.34,0.030792,0.88068,65.122,18.921,43.544
233,2026-05-01T19:36:00,50.578,24.702,26.972,32.96,40.317,2693.0,3625.6,18.515,18.503,21.363,0.24971,0.10899,338.27,77.211,6.9521,13.972,32.057,4420.6,22.835,47.871,50.502,80.252,2.2731,1.656,3093.1,42.388,53.394,94.717,9.2336,62.496,39.577,39.51,2620.7,63.336,25.571,43.871,0.32802,9.0691,26.21,120.41,1.5182,75.089,23.686,2.3453,53.689,4.8888,214.53,0.030792,0.88068,65.162,18.921,43.544
234,2026-05-01T19:39:00,49.715,26.344,27.05,32.419,40.341,2694.0,3638.6,15.849,19.326,21.311,0.2672,0.10899,338.49,77.198,6.8644,13.95,32.047,4486.6,23.957,45.874,50.868,80.304,2.2511,1.719,3093.7,42.124,54.157,94.927,9.2627,59.825,40.655,41.932,2622.4,62.492,26.225,44.01,0.34676,8.8261,26.237,120.43,1.1896,75.738,23.65,2.3945,53.689,4.8761,216.1,0.030792,0.88068,65.199,19.39,43.544
235,2026-05-01T19:42:00,50.578,26.191,26.876,32.419,40.21,2696.7,3632.4,20.04,19.326,21.608,0.26876,0.094942,339.09,77.785,6.8644,13.95,32.047,4508.2,22.165,47.871,48.945,80.57,2.2511,1.719,3095.7,42.249,53.898,94.659,9.3574,60.175,34.995,42.1,2625.0,62.598,25.404,44.668,0.34538,8.8261,26.237,120.42,1.1896,73.956,23.65,2.3945,54.106,4.8761,217.6,0.0099681,0.88026,65.276,19.39,44.763
236,2026-05-01T19:45:00,48.9,26.511,26.689,32.282,41.067,2696.9,3651.6,18.115,19.138,21.305,0.27016,0.094942,337.85,77.325,6.8841,13.966,31.622,4468.5,22.978,43.989,50.914,80.633,2.2641,1.6357,3096.8,42.396,53.157,94.642,9.2682,61.017,40.791,41.429,2625.4,63.012,23.781,45.074,0.34784,8.6162,25.968,120.43,1.2513,75.907,23.646,2.3587,54.106,4.7977,218.57,0.0099681,0.88026,65.398,19.15,44.763
237,2026-05-01T19:48:00,51.0,26.74,26.736,32.282,40.699,2694.6,3660.1,19.177,19.138,20.88,0.26784,0.094942,338.55,76.839,6.8841,13.966,31.622,4456.4,22.533,48.847,49.51,80.379,2.2641,1.6357,3094.9,42.352,53.302,94.668,9.3051,61.416,36.657,41.535,2621.4,62.867,24.367,45.635,0.34697,8.6162,25.968,120.4,1.2513,75.12,23.646,2.3587,54.106,4.7977,217.77,0.0099681,0.88026,65.465,19.15,44.763
238,2026-05-01T19:51:00,50.148,30.854,27.151,32.478,41.113,2689.8,3619.1,16.811,19.002,21.037,0.3155,0.094942,338.55,76.55,6.8254,13.951,32.141,4482.0,23.557,46.877,50.698,79.876,2.2968,1.6573,3091.7,42.628,53.503,94.859,9.3766,59.745,40.155,42.122,2617.3,63.406,25.451,45.701,0.34726,9.0123,26.261,120.39,1.3188,74.471,23.378,2.3207,54.106,4.8198,222.61,0.0099681,0.88026,65.417,18.625,44.763
239,2026-05-01T19:54:00,50.515,30.894,27.007,32.478,40.422,2691.3,3639.9,15.992,19.002,21.252,0.3151,0.094942,339.03,77.12,6.8254,13.951,32.141,4433.5,23.895,47.727,51.099,79.846,2.2968,1.6573,3090.3,42.744,54.083,94.728,9.357,62.223,41.334,41.797,2618.4,63.049,24.909,46.099,0.34992,9.0123,26.261,120.4,1.3188,74.442,23.378,2.3207,54.106,4.8198,223.79,0.0099681,0.88026,65.33,18.625,44.763
240,2026-05-01T19:57:00,47.494,26.378,26.765,32.651,41.172,2695.2,3675.1,16.567,18.661,21.511,0.26708,0.11468,339.49,77.409,7.0536,13.7,31.929,4527.1,23.636,40.733,51.648,80.187,2.2436,1.6269,3093.4,42.036,54.231,94.737,9.3412,62.514,42.951,41.861,2623.6,62.983,25.84,46.457,0.34782,8.8254,25.857,120.42,1.2379,73.929,23.521,2.3459,53.612,4.8933,226.14,0.010577,0.87227,65.36,18.914,44.239
241,2026-05-01T20:00:00,49.656,26.418,26.684,32.651,41.271,2697.1,3682.6,17.031,18.661,21.49,0.26668,0.11468,339.72,77.964,7.0536,13.7,31.929,4535.7,23.41,45.738,49.688,80.479,2.2436,1.6269,3097.4,42.455,54.127,94.511,9.2409,63.693,37.181,41.662,2625.7,62.853,25.508,47.065,0.34944,8.8254,25.857,120.4,1.2379,73.903,23.521,2.3459,53.612,4.8933,225.15,0.010577,0.87227,65.476,18.914,44.239
242,2026-05-01T20:03:00,49.481,28.486,27.028,33.029,40.782,2701.1,3623.0,17.435,19.439,21.757,0.28993,0.11468,339.35,77.416,6.9142,13.935,32.199,4493.0,23.238,45.334,49.23,80.662,2.2378,1.6941,3100.2,42.422,53.933,94.651,9.3732,62.432,35.834,38.616,2628.9,61.823,25.85,47.152,0.3194,8.8023,26.177,120.41,1.3313,74.659,23.767,2.2428,53.612,4.9338,229.92,0.010577,0.87227,65.644,18.824,44.239
243,2026-05-01T20:06:00,48.736,28.574,27.186,33.029,41.086,2701.7,3623.0,17.353,19.439,22.187,0.28903,0.11468,340.15,77.493,6.9142,13.935,32.199,4487.2,23.274,43.61,51.626,80.562,2.2378,1.6941,3100.6,42.543,54.002,94.535,9.4564,61.273,42.886,38.255,2630.6,61.824,25.443,47.492,0.32236,8.8023,26.177,120.4,1.3313,73.86,23.767,2.2428,53.612,4.9338,231.8,0.010577,0.87227,65.776,18.824,44.239
244,2026-05-01T20:09:00,49.503,26.159,26.569,32.722,40.925,2701.4,3619.3,18.126,18.647,21.36,0.26394,0.11468,340.04,77.482,6.7664,13.793,32.43,4472.2,22.941,45.383,48.464,80.458,2.2408,1.6471,3101.0,42.527,54.385,94.701,9.4419,61.965,33.58,41.487,2629.7,63.014,24.613,47.905,0.34731,8.7274,26.015,120.39,1.1497,75.428,23.663,2.3913,53.612,4.8703,232.84,0.010577,0.87227,65.859,18.887,44.239
245,2026-05-01T20:12:00,50.501,25.931,26.798,32.722,40.299,2701.0,3653.0,16.033,18.647,21.761,0.26627,0.081407,340.39,76.947,6.7664,13.793,32.43,4505.1,23.836,47.693,50.361,80.333,2.2408,1.6471,3099.0,42.352,53.991,94.536,9.4089,60.691,39.163,41.583,2629.7,62.435,22.862,48.455,0.34653,8.7274,26.015,120.39,1.1497,74.727,23.663,2.3913,54.362,4.8703,230.88,0.024182,0.87427,65.885,18.887,43.597
246,2026-05-01T20:15:00,48.903,23.647,26.684,32.766,41.361,2698.8,3681.0,17.839,18.739,21.587,0.24213,0.081407,340.43,76.927,6.8474,13.649,32.247,4512.0,23.089,43.994,50.435,80.092,2.259,1.7041,3097.7,42.356,53.742,94.644,9.3565,63.614,39.379,39.847,2626.6,63.288,24.856,48.719,0.33011,8.916,26.46,120.43,1.3974,75.113,23.369,2.3478,54.362,4.898,232.96,0.024182,0.87427,65.864,19.011,43.597
247,2026-05-01T20:18:00,50.843,23.857,26.695,32.766,40.476,2696.7,3664.0,17.689,18.739,21.57,0.23999,0.081407,340.63,76.764,6.8474,13.649,32.247,4472.9,23.162,48.485,51.141,79.905,2.259,1.7041,3096.0,42.596,54.209,94.545,9.3573,63.673,41.458,39.678,2625.5,63.581,22.021,48.732,0.33149,8.916,26.46,120.37,1.3974,74.616,23.369,2.3478,54.362,4.898,237.9,0.024182,0.87427,65.84,19.011,43.597
248,2026-05-01T20:21:00,50.494,25.623,27.085,33.147,41.571,2699.7,3646.9,15.926,18.794,21.774,0.25434,0.081407,340.93,77.283,7.0355,13.818,31.806,4478.1,23.895,47.676,49.347,80.098,2.2787,1.6413,3097.7,42.218,53.814,94.604,9.4098,61.543,36.177,37.664,2628.3,63.235,25.587,49.225,0.31515,8.8613,26.366,120.4,1.191,74.1,23.875,2.3088,54.362,4.8595,237.46,0.024182,0.87427,65.809,19.623,43.597
249,2026-05-01T20:24:00,50.7,25.212,26.871,33.147,41.235,2702.1,3657.3,19.243,18.794,22.151,0.25851,0.081407,341.01,77.504,7.0355,13.818,31.806,4493.3,22.491,48.153,49.259,80.278,2.2787,1.6413,3099.6,42.188,53.632,94.483,9.3555,62.551,35.919,37.644,2631.1,63.056,24.907,49.49,0.31532,8.8613,26.366,120.4,1.191,73.897,23.875,2.3088,54.362,4.8595,239.53,0.024182,0.87427,65.888,19.623,43.597
250,2026-05-01T20:27:00,49.966,29.769,26.75,33.424,40.646,2703.1,3587.3,17.345,18.615,22.099,0.30075,0.094765,341.43,77.643,6.6541,13.846,32.194,4385.6,23.283,46.456,49.517,80.441,2.2897,1.6326,3100.7,42.408,53.327,94.629,9.4365,62.647,36.678,39.89,2631.9,62.555,25.356,50.196,0.33286,8.6613,26.282,120.39,1.4137,74.924,23.762,2.2719,52.631,4.8002,237.88,0.014412,0.85019,66.028,18.943,44.788
251,2026-05-01T20:30:00,49.929,29.929,26.915,33.424,42.043,2705.4,3615.6,19.641,18.615,22.322,0.29912,0.094765,341.44,77.638,6.6541,13.846,32.194,4438.4,22.311,46.369,51.612,80.535,2.2897,1.6326,3102.7,42.518,52.695,94.573,9.3907,61.826,42.843,39.618,2634.8,62.067,25.493,50.559,0.33509,8.6613,26.282,120.42,1.4137,75.692,23.762,2.2719,52.631,4.8002,239.28,0.014412,0.85019,66.124,18.943,44.788
252,2026-05-01T20:33:00,50.673,26.253,27.111,32.837,41.144,2704.0,3738.1,16.325,19.446,22.02,0.26538,0.094765,341.58,77.451,6.8008,13.765,32.158,4518.2,23.716,48.091,52.289,80.298,2.2792,1.6461,3104.1,42.74,53.325,94.537,9.5535,60.975,44.835,40.325,2632.8,63.34,25.999,50.474,0.33559,8.9225,26.467,120.4,1.2034,74.649,24.169,2.2616,52.631,4.9278,245.7,0.014412,0.85019,66.173,18.85,44.788
253,2026-05-01T20:36:00,50.906,26.09,27.249,32.837,42.582,2704.3,3692.5,19.506,19.446,22.57,0.26704,0.094765,342.45,77.506,6.8008,13.765,32.158,4439.8,22.376,48.632,49.734,80.189,2.2792,1.6461,3101.8,42.411,54.263,94.427,9.4189,62.687,37.317,39.767,2633.5,64.124,25.174,50.976,0.34016,8.9225,26.467,120.44,1.2034,74.011,24.169,2.2616,52.631,4.9278,245.52,0.014412,0.85019,66.213,18.85,44.788
254,2026-05-01T20:39:00,50.045,26.733,27.338,32.868,40.876,2704.0,3644.2,16.947,19.047,22.603,0.26781,0.094765,342.33,77.341,6.7513,13.783,32.14,4490.7,23.451,46.638,49.41,80.191,2.2582,1.652,3102.1,42.671,53.86,94.335,9.4517,61.188,36.362,38.912,2632.9,63.815,25.446,51.462,0.32924,8.8717,26.314,120.39,1.2875,74.972,23.634,2.3292,52.631,4.8246,245.51,0.014412,0.85019,66.253,18.559,44.788
255,2026-05-01T20:42:00,48.895,26.664,27.002,32.868,42.368,2703.6,3648.1,15.932,19.047,22.409,0.26851,0.10308,342.36,77.088,6.7513,13.783,32.14,4486.2,23.889,43.977,48.366,80.028,2.2582,1.652,3100.5,42.283,53.914,94.472,9.4096,62.218,33.292,38.979,2632.2,63.749,25.252,51.277,0.32868,8.8717,26.314,120.42,1.2875,74.734,23.634,2.3292,53.888,4.8246,246.65,0.021532,0.85766,66.272,18.559,43.397
256,2026-05-01T20:45:00,51.078,26.617,26.673,32.723,41.058,2704.9,3708.4,18.499,18.658,22.546,0.2733,0.10308,343.06,77.389,6.863,13.976,32.374,4516.3,22.8,49.029,51.337,80.014,2.3065,1.6278,3100.5,42.217,54.279,94.474,9.3042,61.885,42.035,38.898,2634.1,63.243,23.029,51.541,0.33261,8.9928,26.317,120.38,1.3214,74.802,23.834,2.3282,53.888,4.9132,246.37,0.021532,0.85766,66.263,19.262,43.397
257,2026-05-01T20:48:00,49.596,26.626,27.215,32.723,42.742,2706.2,3696.1,17.677,18.658,22.503,0.27321,0.10308,343.03,77.539,6.863,13.976,32.374,4567.2,23.133,45.599,51.248,80.218,2.3065,1.6278,3102.6,42.177,53.671,94.373,9.3117,61.558,41.773,38.803,2636.0,63.456,25.74,51.739,0.33339,8.9928,26.317,120.43,1.3214,74.229,23.834,2.3282,53.888,4.9132,246.8,0.021532,0.85766,66.288,19.262,43.397
258,2026-05-01T20:51:00,50.978,24.532,26.902,33.037,41.037,2704.1,3655.5,19.099,18.648,22.538,0.24766,0.10308,343.55,77.191,6.8975,13.793,32.182,4463.4,22.543,48.797,50.188,80.177,2.2584,1.6326,3100.1,42.159,53.167,94.465,9.354,61.834,38.653,41.524,2634.1,63.245,24.114,51.959,0.35421,8.9476,26.57,120.36,1.2869,74.971,23.604,2.3702,53.888,4.8132,246.95,0.021532,0.85766,66.35,18.813,43.397
259,2026-05-01T20:54:00,49.804,24.731,27.053,33.037,41.347,2703.6,3666.0,17.834,18.648,22.726,0.24564,0.10308,343.12,77.149,6.8975,13.793,32.182,4474.3,23.079,46.08,50.43,80.113,2.2584,1.6326,3098.9,42.615,53.037,94.486,9.3315,62.471,39.365,41.631,2633.1,63.066,24.595,52.114,0.35333,8.9476,26.57,120.38,1.2869,74.692,23.604,2.3702,53.888,4.8132,247.84,0.021532,0.85766,66.369,18.813,43.397
260,2026-05-01T20:57:00,50.613,26.215,26.935,33.253,41.543,2705.3,3647.2,18.095,18.097,22.742,0.26592,0.10048,343.19,77.122,7.0699,14.0,32.629,4524.1,22.971,47.953,48.835,80.145,2.2985,1.6918,3098.6,42.311,53.498,94.567,9.4116,61.372,34.672,39.49,2634.0,63.087,25.064,52.389,0.33154,8.8854,26.336,120.38,1.2886,75.22,23.496,2.3135,53.028,4.7663,249.85,0.0032327,0.82851,66.389,18.831,44.658
261,2026-05-01T21:00:00,48.531,26.165,27.032,33.253,41.602,2703.2,3653.4,18.814,18.097,22.516,0.26643,0.10048,343.36,77.121,7.0699,14.0,32.629,4503.5,22.677,43.133,51.695,79.918,2.2985,1.6918,3099.6,42.335,53.745,94.595,9.391,61.354,43.087,39.19,2632.3,62.981,26.983,52.659,0.334,8.8854,26.336,120.39,1.2886,75.429,23.496,2.3135,53.028,4.7663,250.54,0.0032327,0.82851,66.387,18.831,44.658
262,2026-05-01T21:03:00,50.751,21.785,27.137,33.412,40.933,2703.2,3575.9,17.403,18.358,22.803,0.21999,0.10048,343.45,77.249,6.8055,13.741,32.166,4511.8,23.275,48.272,50.731,79.834,2.2703,1.612,3097.4,42.484,53.594,94.676,9.2798,59.83,40.25,41.914,2631.9,62.706,27.732,53.112,0.35795,8.8653,26.056,120.37,1.302,74.372,24.088,2.289,53.028,4.9135,249.18,0.0032327,0.82851,66.37,19.006,44.658
263,2026-05-01T21:06:00,52.017,21.913,26.983,33.412,40.769,2705.3,3630.4,18.64,18.358,22.829,0.21869,0.10048,343.93,77.569,6.8055,13.741,32.166,4539.3,22.739,51.203,49.766,79.973,2.2703,1.612,3098.4,42.475,53.264,94.887,9.5539,60.405,37.412,42.263,2634.3,61.768,24.851,53.107,0.3551,8.8653,26.056,120.37,1.302,74.07,24.088,2.289,53.028,4.9135,252.96,0.0032327,0.82851,66.371,19.006,44.658
264,2026-05-01T21:09:00,50.355,25.943,27.117,33.604,42.219,2709.5,3684.4,19.26,18.384,22.906,0.26292,0.10048,344.0,77.592,6.9541,13.893,32.25,4478.8,22.468,47.357,49.568,80.203,2.2625,1.6678,3104.4,42.663,53.534,94.563,9.4542,61.307,36.829,38.533,2638.8,63.106,25.404,53.394,0.32925,8.6915,26.628,120.42,1.1868,74.859,23.823,2.2756,53.028,4.7858,253.39,0.0032327,0.82851,66.463,18.287,44.658
265,2026-05-01T21:12:00,48.835,25.885,27.206,33.604,41.426,2710.8,3688.0,16.375,18.384,23.197,0.26351,0.095913,343.66,77.544,6.9541,13.893,32.25,4501.3,23.674,43.838,49.568,80.184,2.2625,1.6678,3105.5,42.273,53.265,94.513,9.4974,62.273,36.828,38.953,2640.0,63.044,25.197,53.176,0.3258,8.6915,26.628,120.41,1.1868,75.326,23.823,2.2756,53.122,4.7858,251.23,0.025295,0.81514,66.505,18.287,43.905
266,2026-05-01T21:15:00,49.756,24.99,26.713,33.595,41.526,2710.0,3647.9,20.144,18.491,22.738,0.25582,0.095913,344.24,76.904,6.752,13.784,32.559,4514.4,22.109,45.969,49.21,80.025,2.2609,1.6702,3104.6,42.145,54.895,94.487,9.421,63.775,35.775,40.82,2639.2,62.433,26.227,53.196,0.34387,9.0126,26.034,120.39,1.1306,75.155,24.039,2.3218,53.122,4.8942,251.05,0.025295,0.81514,66.555,18.476,43.905
267,2026-05-01T21:18:00,50.742,25.283,27.063,33.595,40.72,2710.2,3629.8,17.9,18.491,23.074,0.25283,0.095913,344.65,77.394,6.752,13.784,32.559,4549.6,23.044,48.252,48.763,79.823,2.2609,1.6702,3103.2,42.465,54.473,94.668,9.3755,60.812,34.461,40.93,2639.4,62.745,27.281,52.827,0.34297,9.0126,26.034,120.37,1.1306,75.194,24.039,2.3218,53.122,4.8942,255.3,0.025295,0.81514,66.491,18.476,43.905
268,2026-05-01T21:21:00,50.095,22.101,26.987,33.78,41.589,2711.5,3656.1,16.686,18.232,23.008,0.2209,0.095913,344.63,77.294,7.1105,13.705,32.982,4535.9,23.557,46.753,50.147,80.031,2.2729,1.6848,3106.3,42.649,54.239,94.371,9.4574,59.797,38.532,39.392,2640.8,64.091,24.101,53.134,0.33175,8.8248,26.354,120.42,1.2419,74.474,23.562,2.3051,53.122,4.8219,251.94,0.025295,0.81514,66.475,18.334,43.905
269,2026-05-01T21:24:00,50.674,22.193,26.869,33.78,41.898,2711.4,3674.2,17.557,18.232,23.059,0.21997,0.095913,344.54,77.411,7.1105,13.705,32.982,4563.1,23.18,48.094,50.013,79.977,2.2729,1.6848,3106.5,42.647,53.914,94.494,9.3721,62.453,38.139,39.0,2640.7,63.779,23.637,53.162,0.33497,8.8248,26.354,120.43,1.2419,75.32,23.562,2.3051,53.122,4.8219,251.71,0.025295,0.81514,66.481,18.334,43.905
270,2026-05-01T21:27:00,50.465,17.377,27.235,33.801,40.497,2710.9,3559.2,14.939,18.714,23.264,0.17497,0.10855,344.05,77.5,6.7779,13.664,31.943,4555.4,24.269,47.61,48.932,80.02,2.282,1.661,3104.8,42.166,54.417,94.58,9.3705,61.922,34.958,38.188,2640.6,62.569,25.425,52.744,0.32335,8.9596,26.705,120.4,1.1555,74.972,24.182,2.3557,54.326,4.8328,252.35,0.016959,0.81711,66.488,18.372,43.73
271,2026-05-01T21:30:00,48.618,17.2,26.837,33.801,40.871,2712.0,3570.9,17.516,18.714,22.88,0.17677,0.10855,344.36,77.396,6.7779,13.664,31.943,4532.5,23.183,43.335,48.893,80.077,2.282,1.661,3105.6,42.035,54.692,94.757,9.4244,61.036,34.843,37.959,2641.3,62.366,24.373,52.793,0.32523,8.9596,26.705,120.36,1.1555,75.527,24.182,2.3557,54.326,4.8328,250.07,0.016959,0.81711,66.489,18.372,43.73
272,2026-05-01T21:33:00,50.511,26.859,26.932,33.566,41.403,2712.9,3672.0,17.736,18.637,22.624,0.27384,0.10855,343.76,77.186,6.9571,13.783,32.34,4534.3,23.107,47.718,49.25,79.906,2.2482,1.6537,3108.4,42.379,54.648,94.511,9.33,61.343,35.893,37.918,2641.5,63.485,25.344,52.74,0.31507,9.0215,26.427,120.41,1.403,75.376,24.522,2.2749,54.326,4.8027,248.95,0.016959,0.81711,66.488,18.708,43.73
273,2026-05-01T21:36:00,48.732,26.919,27.102,33.566,41.561,2713.9,3664.1,21.061,18.637,22.771,0.27323,0.10855,344.05,77.417,6.9571,13.783,32.34,4533.8,21.703,43.599,51.363,79.895,2.2482,1.6537,3109.7,42.91,54.654,94.473,9.3366,60.769,42.112,37.617,2643.2,63.621,26.044,52.524,0.31754,9.0215,26.427,120.4,1.403,75.629,24.522,2.2749,54.326,4.8027,249.71,0.016959,0.81711,66.447,18.708,43.73
274,2026-05-01T21:39:00,50.563,23.359,26.858,33.584,41.063,2714.0,3642.6,16.343,18.399,22.927,0.23374,0.10855,343.94,77.642,6.919,13.719,32.129,4486.2,23.685,47.838,51.06,79.908,2.2709,1.6477,3108.1,42.233,54.437,94.552,9.2832,61.61,41.22,39.062,2643.7,62.433,25.877,52.421,0.33051,8.9979,26.444,120.4,1.4377,75.038,24.186,2.365,54.326,4.8419,249.21,0.016959,0.81711,66.394,18.322,43.73
275,2026-05-01T21:42:00,49.856,23.324,26.753,33.584,41.027,2714.4,3679.7,18.332,18.399,22.965,0.2341,0.083712,344.16,77.229,6.919,13.719,32.129,4532.0,22.858,46.2,50.358,79.998,2.2709,1.6477,3109.0,42.694,53.889,94.539,9.3142,61.866,39.155,38.681,2644.4,61.795,24.438,52.204,0.33363,8.9979,26.444,120.41,1.4377,74.16,24.186,2.365,54.074,4.8419,250.13,0.016895,0.81089,66.385,18.322,44.227
276,2026-05-01T21:45:00,49.979,25.096,26.899,33.492,41.214,2716.1,3649.2,18.034,18.337,23.11,0.25577,0.083712,344.57,77.64,6.9363,13.778,32.392,4571.1,22.978,46.484,50.13,80.018,2.2165,1.6729,3110.5,42.356,54.415,94.635,9.3386,62.071,38.484,38.143,2645.4,62.601,25.187,52.231,0.32309,8.8038,26.219,120.41,1.3334,74.592,24.114,2.3228,54.074,4.8591,248.23,0.016895,0.81089,66.412,18.339,44.227
277,2026-05-01T21:48:00,51.407,25.237,26.935,33.492,41.769,2717.4,3631.6,14.538,18.337,23.089,0.25434,0.083712,344.62,77.041,6.9363,13.778,32.392,4532.0,24.462,49.789,50.54,80.058,2.2165,1.6729,3111.7,42.563,54.882,94.543,9.3586,62.127,39.689,38.016,2647.1,62.904,23.607,51.95,0.32414,8.8038,26.219,120.42,1.3334,75.169,24.114,2.3228,54.074,4.8591,249.78,0.016895,0.81089,66.416,18.339,44.227
278,2026-05-01T21:51:00,49.152,22.398,26.89,33.459,41.182,2714.4,3628.3,17.804,18.008,23.057,0.23088,0.083712,344.51,77.153,6.8703,13.87,32.601,4536.8,23.091,44.571,51.158,79.794,2.2731,1.6631,3109.3,42.459,54.857,94.597,9.283,61.538,41.507,38.704,2644.2,62.765,25.151,51.885,0.33052,8.8439,26.181,120.42,1.1568,75.284,23.719,2.3054,54.074,4.9016,248.92,0.016895,0.81089,66.363,18.215,44.227
279,2026-05-01T21:54:00,49.292,22.427,27.157,33.459,41.114,2714.8,3645.6,19.106,18.008,23.313,0.23059,0.083712,344.83,77.381,6.8703,13.87,32.601,4517.5,22.548,44.895,50.603,79.733,2.2731,1.6631,3108.4,42.299,55.089,94.672,9.2674,62.933,39.875,38.623,2643.7,62.468,26.244,51.779,0.33118,8.8439,26.181,120.39,1.1568,76.167,23.719,2.3054,54.074,4.9016,248.58,0.016895,0.81089,66.309,18.215,44.227
280,2026-05-01T21:57:00,48.61,20.431,26.963,33.519,41.023,2714.9,3640.4,19.423,18.389,23.197,0.20411,0.10299,344.43,77.284,6.7484,13.911,32.15,4558.0,22.422,43.317,51.62,79.811,2.2377,1.6766,3108.2,42.124,54.993,94.534,9.3059,59.049,42.867,40.104,2644.4,63.117,25.258,51.735,0.33936,8.8755,26.487,120.4,1.2385,75.273,24.085,2.3171,54.253,4.7645,245.32,0.015034,0.80941,66.275,18.323,43.638
281,2026-05-01T22:00:00,50.42,20.029,27.051,33.519,41.185,2712.3,3664.9,20.53,18.389,22.514,0.20819,0.10299,343.69,77.004,6.7484,13.911,32.15,4559.1,21.96,47.507,49.547,79.798,2.2377,1.6766,3108.0,42.322,54.98,94.676,9.3899,59.138,36.766,39.938,2641.4,62.695,24.938,51.58,0.34072,8.8755,26.487,120.41,1.2385,74.997,24.085,2.3171,54.253,4.7645,244.57,0.015034,0.80941,66.252,18.323,43.638
282,2026-05-01T22:03:00,48.185,24.148,27.03,33.204,41.176,2711.7,3697.9,18.281,18.527,22.654,0.24963,0.10299,343.82,77.11,6.6924,13.828,32.266,4543.5,22.909,42.335,48.925,79.757,2.2301,1.6534,3107.6,42.395,54.987,94.635,9.2289,62.476,34.935,40.785,2640.9,63.266,24.813,51.088,0.3435,8.8454,26.454,120.4,1.192,75.277,24.084,2.3501,54.253,4.8291,247.62,0.015034,0.80941,66.213,18.535,43.638
283,2026-05-01T22:06:00,48.94,24.495,26.997,33.204,42.085,2709.6,3676.2,16.744,18.527,22.57,0.24611,0.10299,343.12,77.354,6.6924,13.828,32.266,4584.8,23.555,44.081,48.34,79.686,2.2301,1.6534,3106.6,42.409,54.492,94.447,9.2755,60.813,33.216,40.476,2638.5,63.639,24.329,51.04,0.34604,8.8454,26.454,120.41,1.192,74.413,24.084,2.3501,54.253,4.8291,245.71,0.015034,0.80941,66.165,18.535,43.638
284,2026-05-01T22:09:00,50.797,23.282,26.76,33.178,41.355,2709.7,3690.6,17.209,18.333,22.439,0.23551,0.10299,343.0,77.149,6.998,13.712,32.064,4523.8,23.364,48.379,49.902,79.823,2.2752,1.6082,3105.8,42.22,54.761,94.462,9.2606,62.414,37.812,39.666,2638.5,64.034,24.896,51.006,0.33508,8.7748,26.547,120.4,1.3154,76.395,24.365,2.3164,54.253,4.813,243.66,0.015034,0.80941,66.158,18.767,43.638
285,2026-05-01T22:12:00,49.456,23.385,27.132,33.178,41.082,2708.8,3725.9,15.499,18.333,22.62,0.23446,0.08052,342.71,77.009,6.998,13.712,32.064,4602.1,24.084,45.274,51.555,79.927,2.2752,1.6082,3104.4,42.748,53.824,94.438,9.3247,60.28,42.675,39.503,2638.1,63.426,25.123,50.663,0.33642,8.7748,26.547,120.41,1.3154,74.133,24.365,2.3164,53.599,4.813,244.1,0.0099102,0.79788,66.165,18.767,43.861
286,2026-05-01T22:15:00,49.944,25.098,26.968,33.21,40.93,2707.7,3622.2,16.624,18.6,22.764,0.25671,0.08052,343.01,76.864,6.7843,13.676,32.51,4496.6,23.615,46.405,49.333,79.877,2.2758,1.6614,3102.4,42.351,54.538,94.607,9.3144,61.086,36.137,38.113,2637.0,62.565,25.763,50.45,0.32168,8.9561,26.274,120.38,1.1594,75.445,23.781,2.2244,53.599,4.655,243.63,0.0099102,0.79788,66.152,19.05,43.861
287,2026-05-01T22:18:00,49.67,25.173,26.949,33.21,41.082,2707.6,3643.1,19.715,18.6,22.87,0.25595,0.08052,342.68,77.325,6.7843,13.676,32.51,4536.9,22.297,45.77,49.53,79.925,2.2758,1.6614,3102.3,42.318,54.056,94.625,9.2088,61.712,36.717,38.135,2637.5,62.206,25.483,50.307,0.3215,8.9561,26.274,120.4,1.1594,76.156,23.781,2.2244,53.599,4.655,242.38,0.0099102,0.79788,66.143,19.05,43.861
288,2026-05-01T22:21:00,50.012,20.848,26.85,33.328,40.435,2707.6,3645.6,19.165,18.382,22.538,0.21161,0.08052,342.39,77.577,6.8719,13.922,32.516,4520.4,22.517,46.561,50.763,80.088,2.2415,1.6601,3103.4,42.209,53.536,94.666,9.3199,60.288,40.344,37.782,2636.5,64.029,23.11,50.074,0.31486,8.7387,26.316,120.41,1.1529,74.56,23.823,2.3077,53.599,4.8159,242.13,0.0099102,0.79788,66.123,18.411,43.861
289,2026-05-01T22:24:00,48.843,20.798,26.771,33.328,41.676,2706.4,3688.0,18.617,18.382,22.618,0.21212,0.08052,342.29,77.274,6.8719,13.922,32.516,4513.8,22.753,43.856,50.098,80.197,2.2415,1.6601,3101.6,42.314,53.615,94.504,9.1373,61.231,38.389,37.643,2635.7,63.299,24.019,49.857,0.31601,8.7387,26.316,120.41,1.1529,74.627,23.823,2.3077,53.599,4.8159,241.69,0.0099102,0.79788,66.177,18.411,43.861
290,2026-05-01T22:27:00,49.62,20.506,26.676,33.417,40.625,2702.2,3656.1,16.728,18.385,21.959,0.20711,0.10718,341.63,76.69,6.7619,13.774,32.24,4547.3,23.568,45.656,49.13,79.928,2.2325,1.637,3098.4,42.115,54.79,94.688,9.2378,61.949,35.54,41.027,2630.7,63.131,24.696,49.462,0.34206,9.0274,26.328,120.39,1.3264,75.655,24.251,2.3212,53.314,4.8125,239.29,0.015389,0.81131,66.153,18.733,43.469
291,2026-05-01T22:30:00,50.397,20.414,26.654,33.417,39.914,2698.6,3663.9,17.572,18.385,21.949,0.20804,0.10718,341.08,76.993,6.7619,13.774,32.24,4563.0,23.22,47.454,51.468,79.747,2.2325,1.637,3095.2,42.333,54.602,94.713,9.0855,61.44,42.421,40.795,2627.4,62.996,25.07,49.036,0.34396,9.0274,26.328,120.38,1.3264,74.84,24.251,2.3212,53.314,4.8125,239.57,0.015389,0.81131,66.043,18.733,43.469
292,2026-05-01T22:33:00,49.312,22.947,27.046,33.102,41.849,2701.0,3707.6,19.892,18.638,22.21,0.23179,0.10718,340.63,77.511,6.8659,13.888,32.381,4526.8,22.219,44.943,49.568,80.035,2.2922,1.7008,3097.8,42.284,54.28,94.646,9.3307,59.8,36.828,38.849,2628.7,63.27,27.04,48.851,0.32762,8.8498,26.413,120.42,1.0897,74.868,24.13,2.3573,53.314,4.8453,237.15,0.015389,0.81131,66.01,18.665,43.469
293,2026-05-01T22:36:00,51.603,22.929,26.581,33.102,41.166,2699.3,3680.6,18.264,18.638,21.603,0.23198,0.10718,340.09,77.185,6.8659,13.888,32.381,4589.7,22.913,50.244,49.306,80.144,2.2922,1.7008,3098.4,42.155,53.527,94.546,9.273,60.293,36.059,39.033,2628.0,63.735,25.935,48.729,0.32611,8.8498,26.413,120.41,1.0897,75.692,24.13,2.3573,53.314,4.8453,233.99,0.015389,0.81131,66.015,18.665,43.469
294,2026-05-01T22:39:00,50.146,21.603,26.799,33.023,40.772,2699.2,3658.3,16.647,18.32,22.015,0.2155,0.10718,339.65,77.1,7.0553,13.887,32.194,4569.5,23.588,46.871,50.827,80.283,2.2433,1.6569,3096.8,42.281,53.948,94.645,9.37,59.747,40.535,40.718,2627.9,63.271,23.358,48.232,0.33742,8.994,26.617,120.41,1.3954,75.918,23.524,2.2874,53.314,4.8216,235.04,0.015389,0.81131,66.021,18.274,43.469
295,2026-05-01T22:42:00,49.53,21.307,26.793,33.023,41.244,2694.1,3664.2,19.269,18.32,21.606,0.21851,0.10035,339.54,76.508,7.0553,13.887,32.194,4532.0,22.511,45.446,48.71,79.834,2.2433,1.6569,3092.8,42.447,54.397,94.693,9.2462,59.563,34.304,40.516,2621.6,63.168,25.363,48.116,0.33908,8.994,26.617,120.42,1.3954,75.434,23.524,2.2874,53.104,4.8216,235.09,0.023781,0.83761,65.972,18.274,44.168
296,2026-05-01T22:45:00,51.5,23.017,27.246,33.458,40.304,2692.2,3618.6,19.722,18.746,21.565,0.23538,0.10035,339.34,76.506,7.0145,13.903,32.354,4593.1,22.338,50.006,49.836,79.641,2.2229,1.653,3089.6,42.159,54.677,94.982,9.206,61.846,37.617,40.656,2619.5,62.218,25.711,48.176,0.33862,8.7677,26.68,120.37,1.1868,73.823,23.927,2.3389,53.104,4.8173,231.42,0.023781,0.83761,65.819,19.01,44.168
297,2026-05-01T22:48:00,50.535,23.077,26.784,33.458,39.643,2692.4,3614.0,17.752,18.746,21.323,0.23477,0.10035,338.77,77.373,7.0145,13.903,32.354,4579.5,23.151,47.771,50.549,79.759,2.2229,1.653,3092.4,42.165,54.841,94.993,9.2658,61.003,39.717,40.724,2620.2,62.298,26.765,47.74,0.33807,8.7677,26.68,120.36,1.1868,74.975,23.927,2.3389,53.104,4.8173,233.39,0.023781,0.83761,65.695,19.01,44.168
298,2026-05-01T22:51:00,52.104,21.333,27.033,32.867,41.225,2700.4,3626.8,18.56,18.722,21.811,0.21976,0.10035,339.12,78.341,7.1262,13.843,32.051,4530.1,22.766,51.402,50.459,80.548,2.3255,1.7046,3098.6,42.042,53.647,94.83,9.3172,60.401,39.451,40.763,2629.2,62.291,23.495,47.82,0.34194,8.8968,26.454,120.41,1.2413,74.974,23.352,2.2558,53.104,4.7553,229.51,0.023781,0.83761,65.742,18.604,44.168
299,2026-05-01T22:54:00,50.214,21.735,27.052,32.867,40.346,2702.6,3622.1,18.594,18.722,21.8,0.21567,0.10035,338.24,77.661,7.1262,13.843,32.051,4495.9,22.745,47.029,49.38,80.901,2.3255,1.7046,3102.6,41.964,54.056,94.706,9.2013,60.654,36.274,40.842,2631.3,62.372,24.774,47.319,0.3413,8.8968,26.454,120.39,1.2413,74.944,23.352,2.2558,53.104,4.7553,231.97,0.023781,0.83761,65.913,18.604,44.168
300,2026-05-01T22:57:00,49.706,24.477,26.787,32.785,40.331,2700.6,3573.6,18.736,18.665,21.383,0.24607,0.09945,338.75,77.002,6.9543,13.853,31.901,4494.0,22.699,45.853,49.667,80.605,2.2392,1.6622,3101.1,42.49,55.071,94.832,9.2613,60.922,37.121,40.295,2628.2,62.048,23.4,47.615,0.33326,9.0979,26.527,120.39,1.2209,74.49,24.081,2.1457,53.99,4.7696,232.8,0.0058627,0.83866,66.044,19.128,43.543
301,2026-05-01T23:00:00,50.774,24.667,26.923,32.785,39.917,2697.7,3577.9,19.431,18.665,21.465,0.24414,0.09945,337.9,77.129,6.9543,13.853,31.901,4524.8,22.412,48.326,47.677,80.25,2.2392,1.6622,3099.1,41.872,54.702,94.81,9.2706,61.807,31.265,39.821,2625.5,61.975,24.697,47.736,0.33715,9.0979,26.527,120.39,1.2209,75.14,24.081,2.1457,53.99,4.7696,231.57,0.0058627,0.83866,65.971,19.128,43.543
302,2026-05-01T23:03:00,47.544,26.091,26.733,32.445,40.604,2697.8,3654.1,17.396,18.613,21.515,0.26309,0.09945,338.3,76.841,6.8471,13.944,31.962,4500.4,23.291,40.85,48.845,80.068,2.3057,1.6805,3097.1,42.34,53.694,94.953,9.3223,60.028,34.702,40.257,2625.3,62.022,24.915,47.761,0.3361,8.9267,26.322,120.39,1.2998,75.374,23.503,2.3207,53.99,4.9723,231.45,0.0058627,0.83866,65.896,18.795,43.543
303,2026-05-01T23:06:00,50.806,25.891,27.235,32.445,40.585,2699.1,3622.1,16.05,18.613,21.841,0.26513,0.09945,338.88,77.494,6.8471,13.944,31.962,4458.2,23.844,48.399,51.184,80.194,2.3057,1.6805,3098.6,42.042,54.199,94.785,9.2481,60.631,41.583,40.313,2627.6,62.572,25.469,47.868,0.33564,8.9267,26.322,120.41,1.2998,74.688,23.503,2.3207,53.99,4.9723,230.46,0.0058627,0.83866,65.81,18.795,43.543
304,2026-05-01T23:09:00,50.357,25.671,26.946,32.567,40.343,2699.0,3654.3,16.772,19.33,21.506,0.26078,0.09945,338.36,77.282,6.663,13.689,31.569,4505.4,23.537,47.36,49.887,80.245,2.2542,1.6515,3101.0,42.512,54.418,94.805,9.3245,60.927,37.766,41.521,2627.2,62.941,25.317,48.017,0.34657,9.0509,26.291,120.41,1.1971,75.079,23.718,2.2298,53.99,4.8863,228.95,0.0058627,0.83866,65.815,19.384,43.543
305,2026-05-01T23:12:00,50.534,25.562,26.809,32.567,40.74,2700.9,3668.9,19.268,19.33,21.27,0.26189,0.085831,338.17,77.607,6.663,13.689,31.569,4521.8,22.471,47.769,49.563,80.41,2.2542,1.6515,3102.0,42.394,54.222,94.609,9.2755,63.375,36.814,41.524,2629.1,62.69,25.309,47.778,0.34655,9.0509,26.291,120.44,1.1971,75.246,23.718,2.2298,53.169,4.8863,232.14,0.0096663,0.85114,65.828,19.384,43.013
306,2026-05-01T23:15:00,49.908,30.08,26.925,32.013,41.296,2702.5,3713.5,17.911,18.704,21.398,0.30091,0.085831,338.92,77.418,6.8756,13.955,31.944,4441.1,23.044,46.321,48.103,80.458,2.2456,1.6444,3102.2,42.587,53.691,94.517,9.3536,60.468,32.518,38.439,2631.1,63.657,23.445,47.915,0.31579,8.863,26.104,120.44,1.371,75.502,24.006,2.3383,53.169,4.8024,230.87,0.0096663,0.85114,65.884,19.448,43.013
307,2026-05-01T23:18:00,50.247,30.031,26.892,32.013,41.895,2700.7,3708.5,17.708,18.704,21.364,0.30141,0.085831,338.83,77.375,6.8756,13.955,31.944,4484.1,23.131,47.106,50.155,80.363,2.2456,1.6444,3102.3,42.041,53.176,94.426,9.3606,61.066,38.555,38.502,2628.8,63.743,26.305,47.871,0.31527,8.863,26.104,120.45,1.371,75.338,24.006,2.3383,53.169,4.8024,231.62,0.0096663,0.85114,65.893,19.448,43.013
308,2026-05-01T23:21:00,50.164,26.84,26.98,33.082,40.346,2696.5,3663.7,16.853,19.142,21.36,0.27014,0.085831,338.72,77.033,6.8859,14.035,31.807,4421.4,23.498,46.914,49.813,80.252,2.2663,1.6754,3097.8,42.432,53.66,94.591,9.2501,61.696,37.549,41.74,2624.8,62.755,23.78,47.98,0.34706,8.9258,26.188,120.41,1.287,75.369,23.606,2.3717,53.169,4.8121,230.69,0.0096663,0.85114,65.898,19.31,43.013
309,2026-05-01T23:24:00,48.448,27.095,26.928,33.082,42.324,2695.7,3623.9,15.65,19.142,21.584,0.26755,0.085831,339.1,77.091,6.8859,14.035,31.807,4457.4,24.012,42.942,48.28,80.143,2.2663,1.6754,3094.8,42.172,53.23,94.73,9.2903,61.731,33.039,41.601,2623.8,63.441,24.317,48.038,0.3482,8.9258,26.188,120.42,1.287,74.808,23.606,2.3717,53.169,4.8121,230.35,0.0096663,0.85114,65.867,19.31,43.013
310,2026-05-01T23:27:00,50.381,28.421,26.999,32.705,40.025,2695.3,3624.0,15.422,19.079,21.617,0.28717,0.091603,339.37,77.276,6.8867,13.955,32.15,4469.2,24.107,47.416,49.255,80.161,2.2718,1.6972,3094.5,42.634,53.326,94.643,9.2063,61.739,35.907,42.848,2623.2,63.349,25.338,48.271,0.35779,8.8764,25.883,120.34,1.3227,75.047,24.09,2.2913,53.668,4.8631,231.84,0.029556,0.84414,65.835,18.937,42.762
311,2026-05-01T23:30:00,51.807,28.381,26.902,32.705,41.448,2696.3,3663.8,17.389,19.079,21.757,0.28757,0.091603,339.48,77.601,6.8867,13.955,32.15,4442.0,23.269,50.715,50.658,80.26,2.2718,1.6972,3095.8,42.702,53.652,94.666,9.4129,62.008,40.037,42.876,2624.8,62.664,24.612,48.292,0.35756,8.8764,25.883,120.44,1.3227,75.442,24.09,2.2913,53.668,4.8631,233.52,0.029556,0.84414,65.847,18.937,42.762
312,2026-05-01T23:33:00,52.338,25.26,26.619,33.096,39.922,2696.7,3652.2,18.352,18.826,21.449,0.25728,0.091603,339.5,77.228,7.0153,13.839,31.877,4494.1,22.871,51.945,48.004,80.385,2.2798,1.6997,3095.3,42.114,53.885,94.685,9.3493,62.049,32.226,41.802,2625.5,62.854,24.489,48.478,0.35075,9.0076,26.145,120.38,1.3012,74.41,23.717,2.2098,53.668,4.7795,233.35,0.029556,0.84414,65.901,18.815,42.762
313,2026-05-01T23:36:00,50.058,25.176,26.763,33.096,41.26,2697.5,3624.8,16.776,18.826,21.645,0.25813,0.091603,339.43,77.362,7.0153,13.839,31.877,4538.1,23.532,46.668,51.158,80.394,2.2798,1.6997,3096.6,42.328,53.359,94.664,9.3227,59.637,41.508,41.775,2625.6,63.324,24.896,48.67,0.35096,9.0076,26.145,120.41,1.3012,75.086,23.717,2.2098,53.668,4.7795,233.09,0.029556,0.84414,65.937,18.815,42.762
314,2026-05-01T23:39:00,50.45,28.02,27.297,32.885,40.196,2698.1,3624.9,19.141,18.972,21.872,0.28569,0.091603,340.16,77.385,6.7836,14.04,31.792,4513.3,22.535,47.576,50.651,80.286,2.269,1.697,3097.2,42.519,53.938,94.699,9.27,62.455,40.015,40.281,2626.1,62.131,24.414,48.687,0.33867,9.0032,26.255,120.38,1.1905,75.032,23.933,2.2694,53.668,4.8441,234.78,0.029556,0.84414,65.961,18.812,42.762
315,2026-05-01T23:42:00,50.195,28.085,27.204,32.885,40.967,2699.0,3613.1,17.234,18.972,21.802,0.28504,0.10797,340.22,77.009,6.7836,14.04,31.792,4485.3,23.349,46.985,50.769,80.242,2.269,1.697,3097.9,42.314,54.273,94.71,9.3568,61.504,40.363,40.329,2627.2,62.333,24.221,48.553,0.33828,9.0032,26.255,120.42,1.1905,75.277,23.933,2.2694,53.596,4.8441,236.4,0.0087746,0.85288,65.957,18.812,43.82
316,2026-05-01T23:45:00,49.502,29.121,27.179,32.564,41.122,2701.2,3684.1,17.329,18.949,22.171,0.29818,0.10797,340.22,77.537,7.0239,13.886,32.324,4480.7,23.288,45.381,50.249,80.338,2.2434,1.6458,3100.4,42.374,54.329,94.747,9.3961,61.705,38.832,42.835,2629.7,63.127,23.746,48.623,0.36331,8.7012,26.213,120.41,1.3695,74.883,24.028,2.4136,53.596,4.9779,236.74,0.0087746,0.85288,65.959,19.232,43.82
317,2026-05-01T23:48:00,51.582,29.223,26.934,32.564,40.89,2700.7,3664.5,17.273,18.949,21.477,0.29715,0.10797,340.29,77.359,7.0239,13.886,32.324,4467.5,23.322,50.196,49.7,80.244,2.2434,1.6458,3100.6,42.582,54.487,94.481,9.407,61.335,37.218,42.748,2628.0,63.464,25.016,48.919,0.36402,8.7012,26.213,120.4,1.3695,74.661,24.028,2.4136,53.596,4.9779,234.53,0.0087746,0.85288,65.966,19.232,43.82
318,2026-05-01T23:51:00,48.843,24.402,26.62,32.917,40.671,2700.7,3639.6,20.414,19.005,21.982,0.24605,0.10797,340.95,77.344,6.7376,13.945,32.149,4485.7,22.001,43.856,49.279,80.289,2.2455,1.64,3098.2,42.115,53.195,94.683,9.4262,62.968,35.978,40.955,2629.9,61.765,26.328,48.816,0.34659,8.9189,26.23,120.39,1.1751,74.177,23.558,2.3845,53.596,4.8843,236.79,0.0087746,0.85288,65.973,18.799,43.82
319,2026-05-01T23:54:00,49.731,24.272,27.321,32.917,41.064,2700.9,3585.1,17.868,19.005,22.293,0.24737,0.10797,340.81,77.559,6.7376,13.945,32.149,4463.6,23.061,45.911,50.032,80.245,2.2455,1.64,3098.6,42.056,53.461,94.753,9.4133,59.728,38.195,40.717,2629.2,62.703,26.391,48.992,0.34854,8.9189,26.23,120.38,1.1751,75.379,23.558,2.3845,53.596,4.8843,235.93,0.0087746,0.85288,65.97,18.799,43.82
320,2026-05-01T23:57:00,48.576,25.819,27.033,33.451,41.256,2700.3,3672.2,15.904,18.533,21.732,0.26446,0.090108,340.27,77.304,7.148,13.905,32.488,4514.9,23.893,43.24,49.693,80.189,2.3139,1.688,3100.3,42.237,53.871,94.65,9.3899,61.954,37.196,41.613,2629.0,63.716,24.811,49.21,0.35538,8.7425,26.356,120.41,1.1671,75.826,23.593,2.3672,53.0,4.8729,237.33,0.029911,0.84108,66.002,19.144,43.468
321,2026-05-02T00:00:00,50.151,25.97,27.184,33.451,41.133,2700.1,3721.6,18.964,18.533,21.908,0.26293,0.090108,340.57,77.281,7.148,13.905,32.488,4513.6,22.618,46.883,50.456,80.15,2.3139,1.688,3100.1,42.63,53.887,94.417,9.3926,61.324,39.443,41.825,2628.0,62.866,24.316,49.449,0.35364,8.7425,26.356,120.41,1.1671,74.16,23.593,2.3672,53.0,4.8729,236.97,0.029911,0.84108,66.008,19.144,43.468
322,2026-05-02T00:03:00,51.368,22.631,26.914,32.808,40.488,2700.4,3551.9,18.289,18.607,21.896,0.22852,0.090108,340.85,77.517,6.8248,13.853,32.159,4457.4,22.89,49.699,49.753,80.197,2.2648,1.665,3097.8,42.332,53.678,94.76,9.4148,60.7,37.373,41.611,2628.3,62.129,25.462,49.658,0.34783,8.9979,25.855,120.38,1.2528,74.218,23.184,2.4028,53.0,4.8338,236.94,0.029911,0.84108,66.01,19.079,43.468
323,2026-05-02T00:06:00,49.142,22.483,26.807,32.808,40.157,2702.1,3574.7,19.81,18.607,22.487,0.23003,0.090108,341.88,77.497,6.8248,13.853,32.159,4480.4,22.242,44.549,50.771,80.255,2.2648,1.665,3098.1,42.592,53.403,94.829,9.2971,62.619,40.369,41.189,2631.2,61.737,27.227,49.759,0.35129,8.9979,25.855,120.36,1.2528,75.333,23.184,2.4028,53.0,4.8338,238.11,0.029911,0.84108,66.053,19.079,43.468
324,2026-05-02T00:09:00,48.828,25.546,26.921,32.998,41.187,2703.6,3685.5,18.538,18.396,22.292,0.25975,0.090108,341.7,77.479,6.8845,13.755,32.391,4492.0,22.779,43.821,51.167,80.2,2.2849,1.6515,3100.6,42.377,53.367,94.665,9.4217,60.197,41.534,40.836,2631.7,62.565,26.482,49.728,0.34348,9.1274,25.841,120.4,1.3765,74.367,23.185,2.4,53.0,4.9114,240.7,0.029911,0.84108,66.095,18.937,43.468
325,2026-05-02T00:12:00,49.558,25.634,26.824,32.998,41.531,2703.4,3685.7,17.962,18.396,22.002,0.25886,0.082202,341.74,76.953,6.8845,13.755,32.391,4451.6,23.039,45.512,49.155,80.034,2.2849,1.6515,3101.2,42.659,53.851,94.7,9.4068,60.703,35.612,41.022,2630.6,62.563,26.37,49.859,0.34196,9.1274,25.841,120.4,1.3765,74.785,23.185,2.4,53.972,4.9114,238.35,0.036496,0.85394,66.055,18.937,44.097
326,2026-05-02T00:15:00,51.168,23.428,26.99,33.152,40.67,2703.0,3657.0,18.551,18.925,22.402,0.23463,0.082202,342.09,77.361,6.9644,13.874,32.296,4505.2,22.789,49.237,48.348,79.943,2.2241,1.6731,3100.6,42.625,53.519,94.644,9.5054,61.507,33.237,39.23,2631.6,62.558,24.929,49.934,0.33494,8.729,26.281,120.38,1.2698,73.83,23.654,2.3133,53.972,4.8586,238.47,0.036496,0.85394,65.997,19.008,44.097
327,2026-05-02T00:18:00,50.811,23.123,27.059,33.152,41.192,2706.0,3649.3,18.137,18.925,22.682,0.23773,0.082202,342.45,77.568,6.9644,13.874,32.296,4488.8,22.95,48.41,49.106,80.215,2.2241,1.6731,3101.8,42.329,53.715,94.615,9.3739,64.656,35.47,39.58,2635.5,62.692,25.02,49.942,0.33208,8.729,26.281,120.41,1.2698,74.409,23.654,2.3133,53.972,4.8586,239.32,0.036496,0.85394,66.003,19.008,44.097
328,2026-05-02T00:21:00,50.04,23.91,27.129,33.228,40.868,2710.2,3614.3,17.12,18.69,22.779,0.24481,0.082202,342.36,77.594,6.7033,13.835,32.5,4492.1,23.367,46.627,49.504,80.392,2.2816,1.6512,3105.4,42.268,53.468,94.555,9.4369,61.514,36.641,41.044,2639.3,62.553,23.807,49.945,0.34591,8.7658,26.565,120.41,1.2432,75.667,23.826,2.387,53.972,4.8799,240.16,0.036496,0.85394,66.075,18.571,44.097
329,2026-05-02T00:24:00,50.615,24.008,26.98,33.228,40.89,2711.8,3624.9,17.732,18.69,22.918,0.24382,0.082202,342.49,77.713,6.7033,13.835,32.5,4469.0,23.103,47.958,50.107,80.426,2.2816,1.6512,3105.8,42.136,53.745,94.574,9.4503,62.146,38.415,40.545,2641.1,62.371,24.236,50.192,0.35001,8.7658,26.565,120.41,1.2432,74.598,23.826,2.387,53.972,4.8799,238.25,0.036496,0.85394,66.13,18.571,44.097
330,2026-05-02T00:27:00,51.3,21.924,26.866,33.166,41.793,2709.1,3712.9,19.897,18.353,22.219,0.22119,0.11802,342.74,76.797,6.7847,13.731,31.811,4532.0,22.215,49.542,50.776,80.064,2.2739,1.6435,3106.1,42.277,54.061,94.565,9.3776,62.572,40.384,40.006,2637.7,63.191,25.427,50.473,0.34628,9.0393,26.383,120.42,1.3549,74.661,24.174,2.3132,53.49,4.9525,239.86,0.008578,0.82175,66.157,18.876,44.153
331,2026-05-02T00:30:00,50.056,22.034,27.062,33.166,40.888,2707.4,3701.0,18.109,18.353,22.45,0.22008,0.11802,342.64,77.1,6.7847,13.731,31.811,4524.4,22.963,46.664,48.924,79.775,2.2739,1.6435,3104.3,42.404,54.152,94.438,9.4203,61.181,34.934,40.243,2636.1,63.397,25.916,50.479,0.34434,9.0393,26.383,120.41,1.3549,75.022,24.174,2.3132,53.49,4.9525,242.45,0.008578,0.82175,66.069,18.876,44.153
332,2026-05-02T00:33:00,50.328,28.406,26.955,33.116,41.911,2709.6,3692.4,18.792,18.206,22.419,0.28916,0.11802,343.02,77.304,6.6579,13.956,32.734,4476.1,22.678,47.294,51.022,79.779,2.3106,1.6548,3105.4,42.565,53.991,94.563,9.5032,60.094,41.109,38.848,2637.8,62.96,24.496,50.695,0.33258,9.0016,26.184,120.44,1.0347,74.649,23.865,2.3308,53.49,4.9422,242.69,0.008578,0.82175,65.999,18.814,44.153
333,2026-05-02T00:36:00,48.236,28.506,27.075,33.116,40.916,2711.7,3664.4,16.503,18.206,22.759,0.28814,0.11802,343.61,77.34,6.6579,13.956,32.734,4526.4,23.642,42.452,50.795,79.827,2.3106,1.6548,3107.5,42.209,53.389,94.336,9.5044,60.733,40.441,39.319,2640.2,63.443,25.919,50.763,0.32872,9.0016,26.184,120.4,1.0347,74.534,23.865,2.3308,53.49,4.9422,244.61,0.008578,0.82175,65.982,18.814,44.153
334,2026-05-02T00:39:00,49.778,19.68,26.692,32.802,42.092,2710.8,3726.8,15.804,18.335,22.514,0.19776,0.11802,343.25,77.552,7.03,13.948,32.362,4498.6,23.929,46.019,50.452,79.882,2.2936,1.6496,3107.4,42.452,53.862,94.505,9.4928,61.1,39.429,42.422,2639.6,63.633,25.128,50.895,0.35292,9.0158,26.091,120.42,1.2896,74.615,24.3,2.3135,53.49,4.8153,245.77,0.008578,0.82175,65.991,18.387,44.153
335,2026-05-02T00:42:00,51.256,19.541,26.692,32.802,41.475,2712.2,3716.4,17.693,18.335,22.615,0.19917,0.12148,343.03,77.927,7.03,13.948,32.362,4484.0,23.11,49.44,49.562,80.201,2.2936,1.6496,3109.0,42.312,54.037,94.207,9.5155,60.35,36.812,41.926,2642.3,63.811,24.658,50.549,0.35699,9.0158,26.091,120.42,1.2896,74.485,24.3,2.3135,53.518,4.8153,243.05,0.028008,0.82806,66.029,18.387,43.861
336,2026-05-02T00:45:00,50.198,22.598,26.891,32.814,41.377,2712.5,3619.9,17.843,17.978,22.849,0.23251,0.12148,343.18,77.296,6.813,13.79,32.016,4550.1,23.059,46.991,49.736,80.162,2.242,1.6397,3107.6,42.412,54.322,94.615,9.4615,60.752,37.323,42.108,2642.0,62.245,27.841,50.489,0.35518,8.8572,27.021,120.38,0.99226,74.387,24.09,2.1996,53.518,4.7879,242.24,0.028008,0.82806,66.153,18.497,43.861
337,2026-05-02T00:48:00,48.777,22.58,26.864,32.814,41.464,2712.5,3605.9,19.892,17.978,22.499,0.2327,0.12148,343.38,77.401,6.813,13.79,32.016,4557.0,22.192,43.704,48.298,80.073,2.242,1.6397,3108.8,42.47,54.239,94.551,9.214,63.463,33.092,42.237,2641.2,62.484,23.946,50.436,0.35412,8.8572,27.021,120.41,0.99226,74.911,24.09,2.1996,53.518,4.7879,241.38,0.028008,0.82806,66.155,18.497,43.861
338,2026-05-02T00:51:00,49.009,26.152,27.029,33.408,40.49,2714.4,3664.8,18.916,18.303,22.88,0.26326,0.12148,343.76,77.243,6.9285,13.888,32.875,4533.3,22.602,44.242,48.884,79.891,2.227,1.603,3109.7,42.531,54.309,94.576,9.39,61.649,34.816,39.993,2643.3,63.337,26.481,50.078,0.33846,8.8408,26.496,120.38,1.1396,75.276,23.88,2.3063,53.518,4.7973,244.01,0.028008,0.82806,66.123,18.405,43.861
339,2026-05-02T00:54:00,49.655,26.085,26.775,33.408,41.831,2714.2,3672.2,18.19,18.303,22.468,0.26394,0.12148,343.55,76.907,6.9285,13.888,32.875,4506.3,22.921,45.736,49.476,79.808,2.227,1.603,3110.8,42.606,54.633,94.451,9.445,61.881,36.557,39.968,2643.0,63.21,24.46,50.258,0.33867,8.8408,26.496,120.4,1.1396,74.714,23.88,2.3063,53.518,4.7973,240.62,0.028008,0.82806,66.069,18.405,43.861
340,2026-05-02T00:57:00,48.299,17.434,26.849,32.935,40.611,2711.1,3635.4,17.44,18.25,22.63,0.18046,0.093465,344.21,77.04,6.7134,13.614,32.24,4578.9,23.237,42.597,50.858,79.495,2.2076,1.6978,3106.9,42.305,54.046,94.594,9.4288,62.499,40.626,40.907,2640.0,62.841,25.906,50.332,0.35258,8.5854,26.306,120.38,1.2498,74.81,24.23,2.334,53.498,4.9034,240.08,0.010791,0.83268,65.952,18.956,44.14
341,2026-05-02T01:00:00,49.863,17.782,26.783,32.935,41.08,2712.7,3667.6,17.478,18.25,22.949,0.17693,0.093465,343.52,77.543,6.7134,13.614,32.24,4529.8,23.215,46.216,49.433,79.579,2.2076,1.6978,3106.8,42.495,54.633,94.709,9.4812,62.092,36.431,41.114,2641.2,62.287,25.425,50.158,0.35088,8.5854,26.306,120.37,1.2498,74.53,24.23,2.334,53.498,4.9034,241.47,0.010791,0.83268,65.861,18.956,44.14
342,2026-05-02T01:03:00,49.708,23.248,26.978,33.507,42.124,2718.5,3719.2,18.126,18.156,22.893,0.23636,0.093465,343.6,77.363,6.8958,13.72,32.577,4472.8,22.932,45.859,50.229,80.033,2.2815,1.6903,3113.6,42.365,53.978,94.38,9.4011,61.361,38.775,37.742,2648.2,63.343,24.548,49.885,0.3176,8.6799,26.673,120.43,1.2693,73.47,24.155,2.2598,53.498,4.7941,243.89,0.010791,0.83268,65.908,18.486,44.14
343,2026-05-02T01:06:00,51.51,23.41,26.984,33.507,40.951,2718.3,3695.8,19.154,18.156,22.837,0.23471,0.093465,343.53,77.613,6.8958,13.72,32.577,4494.2,22.487,50.029,50.928,80.013,2.2815,1.6903,3115.6,42.323,53.721,94.414,9.4058,60.94,40.832,37.861,2647.3,63.745,23.22,50.082,0.31662,8.6799,26.673,120.4,1.2693,75.158,24.155,2.2598,53.498,4.7941,241.01,0.010791,0.83268,65.962,18.486,44.14
344,2026-05-02T01:09:00,51.233,19.741,27.226,32.729,42.023,2718.0,3676.2,19.505,18.111,23.213,0.20231,0.093465,343.69,77.497,6.8602,13.619,32.505,4561.3,22.342,49.388,50.833,79.981,2.2357,1.6826,3112.6,42.434,54.081,94.443,9.3937,62.643,40.551,38.835,2647.8,62.557,27.419,50.157,0.32994,8.7321,26.804,120.4,1.2993,75.227,24.175,2.2604,53.498,4.7468,239.51,0.010791,0.83268,66.008,19.165,44.14
345,2026-05-02T01:12:00,49.926,19.99,27.054,32.729,40.565,2717.2,3636.0,15.889,18.111,23.04,0.19979,0.094605,343.48,77.436,6.8602,13.619,32.505,4559.5,23.861,46.362,49.596,79.931,2.2357,1.6826,3112.6,42.634,54.102,94.483,9.4523,61.857,36.912,39.253,2646.4,63.249,24.419,50.041,0.32651,8.7321,26.804,120.39,1.2993,74.756,24.175,2.2604,53.734,4.7468,241.32,0.013851,0.81022,66.008,19.165,43.419
346,2026-05-02T01:15:00,48.789,20.084,26.727,33.07,41.789,2716.8,3676.0,16.243,18.256,22.638,0.20549,0.094605,343.62,77.075,6.6959,13.724,32.67,4496.9,23.722,43.731,49.256,79.879,2.1971,1.6609,3112.3,42.246,53.179,94.561,9.3969,62.526,35.91,37.427,2646.3,62.875,24.617,50.134,0.31756,8.8978,26.678,120.4,1.2053,75.052,24.381,2.3023,53.734,4.7551,240.13,0.013851,0.81022,66.013,18.742,43.419
347,2026-05-02T01:18:00,48.835,20.058,27.19,33.07,40.96,2715.1,3672.4,18.783,18.256,22.952,0.20575,0.094605,343.28,77.003,6.6959,13.724,32.67,4491.2,22.657,43.838,49.254,79.655,2.1971,1.6609,3110.5,42.337,53.247,94.627,9.465,58.815,35.904,37.467,2644.1,62.938,25.538,50.085,0.31723,8.8978,26.678,120.37,1.2053,75.089,24.381,2.3023,53.734,4.7551,240.58,0.013851,0.81022,65.967,18.742,43.419
348,2026-05-02T01:21:00,48.938,18.332,26.806,32.756,41.78,2715.7,3709.4,18.265,18.108,22.96,0.18306,0.094605,343.66,77.298,6.9362,13.635,32.132,4530.1,22.871,44.075,48.896,79.679,2.2446,1.6721,3109.8,42.218,53.788,94.475,9.3759,59.84,34.85,38.786,2644.9,63.839,25.251,49.939,0.32756,8.8312,26.511,120.4,1.208,75.468,24.278,2.3105,53.734,4.7994,242.15,0.013851,0.81022,65.901,18.714,43.419
349,2026-05-02T01:24:00,50.39,18.036,27.206,32.756,41.213,2716.3,3681.3,18.542,18.108,22.979,0.18607,0.094605,343.4,77.198,6.9362,13.635,32.132,4489.1,22.761,47.436,49.254,79.777,2.2446,1.6721,3111.3,42.225,54.279,94.47,9.3586,61.819,35.904,38.601,2645.6,64.324,25.1,49.831,0.32909,8.8312,26.511,120.39,1.208,74.269,24.278,2.3105,53.734,4.7994,243.3,0.013851,0.81022,65.897,18.714,43.419
350,2026-05-02T01:27:00,50.101,23.103,27.02,33.006,41.327,2716.5,3652.7,17.049,17.95,22.858,0.23411,0.094275,343.04,77.181,6.8104,13.735,32.525,4530.4,23.396,46.768,50.565,79.718,2.2948,1.6647,3111.6,42.079,53.861,94.477,9.3842,61.837,39.764,37.531,2645.7,62.77,26.036,49.44,0.31652,8.9697,26.484,120.4,1.2282,75.108,24.307,2.2679,53.787,4.8352,240.87,0.024944,0.83766,65.879,18.197,43.664
351,2026-05-02T01:30:00,49.852,23.162,26.922,33.006,41.172,2719.2,3626.1,16.776,17.95,22.898,0.2335,0.094275,343.35,77.446,6.8104,13.735,32.525,4493.7,23.508,46.192,51.387,79.878,2.2948,1.6647,3113.3,42.264,54.3,94.629,9.3383,62.677,42.182,37.034,2649.1,63.228,25.076,49.371,0.32059,8.9697,26.484,120.39,1.2282,75.015,24.307,2.2679,53.787,4.8352,238.63,0.024944,0.83766,65.868,18.197,43.664
352,2026-05-02T01:33:00,51.472,18.978,26.864,33.251,41.048,2719.5,3680.7,16.53,17.985,22.728,0.19709,0.094275,342.94,77.432,6.7917,13.84,32.232,4589.3,23.609,49.941,49.478,79.946,2.3072,1.6615,3115.2,42.516,54.48,94.495,9.3443,61.664,36.565,38.803,2648.8,63.4,25.039,49.171,0.32646,8.8309,26.29,120.42,1.4092,74.621,24.38,2.2901,53.787,4.7531,237.84,0.024944,0.83766,65.911,18.921,43.664
353,2026-05-02T01:36:00,49.14,19.056,26.97,33.251,41.591,2720.7,3694.4,15.281,17.985,23.195,0.19629,0.094275,343.03,77.755,6.7917,13.84,32.232,4563.1,24.114,44.543,50.67,80.079,2.3072,1.6615,3116.5,42.166,54.793,94.491,9.414,60.296,40.072,38.657,2651.0,63.165,24.043,48.937,0.32765,8.8309,26.29,120.39,1.4092,75.788,24.38,2.2901,53.787,4.7531,237.42,0.024944,0.83766,65.924,18.921,43.664
354,2026-05-02T01:39:00,49.28,21.489,27.011,32.797,40.748,2720.3,3709.8,18.659,18.956,22.929,0.22433,0.094275,342.84,77.168,6.8262,13.853,32.629,4527.7,22.701,44.867,50.112,80.137,2.2756,1.6118,3116.0,42.439,53.476,94.398,9.4107,63.023,38.431,40.171,2650.2,63.139,22.953,48.868,0.33786,8.9495,27.121,120.4,1.2196,74.182,24.719,2.22,53.787,4.8379,235.14,0.024944,0.83766,65.955,18.722,43.664
355,2026-05-02T01:42:00,50.285,21.648,26.838,32.797,41.152,2716.1,3672.7,17.214,18.956,22.631,0.22271,0.092871,342.35,76.918,6.8262,13.853,32.629,4507.0,23.333,47.193,49.676,79.718,2.2756,1.6118,3112.4,42.244,53.724,94.543,9.3224,59.86,37.146,39.829,2644.7,63.778,24.824,49.02,0.34065,8.9495,27.121,120.39,1.2196,75.661,24.719,2.22,53.348,4.8379,238.03,0.02608,0.80097,65.924,18.722,45.029
356,2026-05-02T01:45:00,52.032,17.785,26.819,32.682,41.093,2713.5,3667.6,17.441,18.62,22.266,0.18008,0.092871,341.57,76.911,6.8894,13.609,32.469,4514.7,23.247,51.236,50.262,79.583,2.2901,1.6104,3111.0,42.565,54.113,94.68,9.4137,59.762,38.871,40.521,2642.0,63.632,27.424,49.241,0.33804,8.7684,27.084,120.38,1.1426,76.189,24.313,2.246,53.348,4.7414,235.95,0.02608,0.80097,65.82,18.727,45.029
357,2026-05-02T01:48:00,50.876,17.603,27.044,32.682,40.912,2713.9,3713.4,18.219,18.62,22.799,0.18192,0.092871,341.95,77.244,6.8894,13.609,32.469,4553.0,22.913,48.561,50.003,79.757,2.2901,1.6104,3109.3,42.173,53.655,94.533,9.3827,62.195,38.108,40.178,2642.5,62.844,25.317,49.117,0.34086,8.7684,27.084,120.4,1.1426,74.17,24.313,2.246,53.348,4.7414,237.71,0.02608,0.80097,65.772,18.727,45.029
358,2026-05-02T01:51:00,49.466,18.844,26.798,32.627,39.958,2713.4,3667.2,17.401,18.156,22.213,0.19281,0.092871,341.67,77.027,6.782,13.935,32.036,4530.2,23.266,45.298,51.607,79.749,2.2386,1.6549,3110.1,42.498,53.923,94.706,9.3487,59.378,42.83,37.303,2642.0,63.108,25.798,49.149,0.30976,8.8835,27.073,120.38,1.2184,75.35,24.889,2.2283,53.348,4.9069,237.69,0.02608,0.80097,65.778,18.308,45.029
359,2026-05-02T01:54:00,49.282,18.834,26.584,32.627,40.794,2714.2,3646.6,16.968,18.156,22.275,0.19291,0.092871,341.34,77.049,6.782,13.935,32.036,4496.5,23.442,44.873,49.976,79.81,2.2386,1.6549,3109.5,42.594,54.326,94.709,9.2675,62.097,38.03,37.149,2643.2,63.462,25.509,48.928,0.31103,8.8835,27.073,120.39,1.2184,75.295,24.889,2.2283,53.348,4.9069,240.51,0.02608,0.80097,65.812,18.308,45.029
360,2026-05-02T01:57:00,49.235,23.03,26.914,32.58,41.08,2712.3,3697.7,18.854,18.378,22.26,0.23273,0.078367,340.98,76.643,6.932,13.694,31.625,4562.3,22.662,44.764,50.419,79.701,2.2845,1.6635,3110.4,42.059,54.611,94.547,9.3633,60.005,39.334,41.218,2640.9,63.569,25.458,48.481,0.34872,8.7625,26.968,120.4,1.2499,75.301,24.757,2.217,53.228,4.79,235.02,0.039942,0.81802,65.791,18.461,43.791
361,2026-05-02T02:00:00,49.136,22.973,27.25,32.58,39.951,2710.9,3682.7,19.194,18.378,22.13,0.23331,0.078367,340.53,76.984,6.932,13.694,31.625,4539.4,22.524,44.535,50.93,79.428,2.2845,1.6635,3109.0,42.556,54.885,94.71,9.3073,60.273,40.838,41.762,2638.4,63.827,25.117,48.1,0.34426,8.7625,26.968,120.38,1.2499,75.13,24.757,2.217,53.228,4.79,235.0,0.039942,0.81802,65.67,18.461,43.791
362,2026-05-02T02:03:00,51.795,27.147,27.057,32.845,41.297,2715.4,3635.3,15.562,18.831,22.518,0.27783,0.078367,340.78,77.51,6.8081,13.772,31.874,4569.7,24.032,50.688,50.585,79.829,2.2556,1.5964,3112.0,42.525,54.211,94.456,9.3895,61.196,39.823,38.199,2644.7,63.351,25.468,47.764,0.32033,8.766,26.731,120.39,1.1235,76.205,24.83,2.2488,53.228,4.8413,234.5,0.039942,0.81802,65.624,18.617,43.791
363,2026-05-02T02:06:00,48.737,27.202,26.647,32.845,40.668,2719.8,3656.8,18.164,18.831,22.299,0.27727,0.078367,341.05,77.511,6.8081,13.772,31.874,4599.5,22.933,43.612,50.453,80.182,2.2556,1.5964,3116.5,42.176,53.855,94.646,9.3315,61.27,39.434,37.771,2648.5,62.98,23.667,47.515,0.32383,8.766,26.731,120.42,1.1235,74.49,24.83,2.2488,53.228,4.8413,232.96,0.039942,0.81802,65.672,18.617,43.791
364,2026-05-02T02:09:00,48.732,25.347,27.308,32.817,41.984,2719.3,3698.7,16.557,17.831,22.249,0.2569,0.078367,340.49,77.814,6.9624,13.84,32.004,4514.1,23.596,43.6,49.858,80.232,2.1843,1.6648,3119.6,42.436,54.534,94.282,9.4355,59.713,37.682,39.171,2648.0,63.357,25.488,47.502,0.32844,9.1068,26.675,120.42,1.4273,76.323,24.597,2.2922,53.228,4.796,228.72,0.039942,0.81802,65.733,19.034,43.791
365,2026-05-02T02:12:00,47.883,25.338,26.47,32.817,41.53,2718.1,3678.4,18.104,17.831,22.079,0.257,0.090258,340.58,77.222,6.9624,13.84,32.004,4564.7,22.96,41.635,51.725,80.116,2.1843,1.6648,3116.3,42.432,53.929,94.554,9.2293,59.378,43.177,39.201,2646.4,63.705,24.5,47.388,0.32819,9.1068,26.675,120.42,1.4273,75.217,24.597,2.2922,53.401,4.796,229.97,0.030186,0.81396,65.775,19.034,44.466
366,2026-05-02T02:15:00,50.7,24.308,26.718,32.628,42.02,2713.8,3670.8,16.579,18.874,22.2,0.24768,0.090258,340.59,76.602,6.8354,13.702,31.415,4489.6,23.629,48.153,51.01,79.85,2.2613,1.6945,3112.1,42.402,53.797,94.491,9.4,60.295,41.073,39.942,2642.6,62.48,24.853,47.141,0.33676,8.8345,27.297,120.4,1.1397,75.916,24.99,2.2634,53.401,4.8793,230.3,0.030186,0.81396,65.715,18.338,44.466
367,2026-05-02T02:18:00,48.364,24.403,27.109,32.628,40.219,2710.3,3641.9,17.604,18.874,22.291,0.24672,0.090258,340.42,76.69,6.8354,13.702,31.415,4487.3,23.202,42.748,50.073,79.565,2.2613,1.6945,3108.2,42.406,53.825,94.873,9.3007,58.834,38.315,40.078,2638.6,62.978,24.467,46.929,0.33564,8.8345,27.297,120.34,1.1397,74.781,24.99,2.2634,53.401,4.8793,230.31,0.030186,0.81396,65.631,18.338,44.466
368,2026-05-02T02:21:00,49.61,30.369,26.843,32.184,41.726,2710.6,3701.6,17.987,18.51,21.911,0.30977,0.090258,340.38,76.837,6.6889,13.785,31.655,4618.6,23.049,45.632,49.682,79.495,2.2681,1.6398,3109.8,42.696,53.976,94.606,9.2999,60.88,37.163,38.226,2638.6,63.049,26.741,46.825,0.32,8.905,26.493,120.44,1.2559,74.581,24.725,2.2481,53.401,4.8441,229.18,0.030186,0.81396,65.502,19.361,44.466
369,2026-05-02T02:24:00,49.44,30.581,26.87,32.184,40.984,2714.1,3667.1,16.815,18.51,22.151,0.3076,0.090258,340.49,77.865,6.6889,13.785,31.655,4549.9,23.515,45.238,50.801,79.819,2.2681,1.6398,3112.5,42.193,54.798,94.62,9.3329,58.691,40.458,38.142,2642.9,63.642,24.803,46.539,0.32069,8.905,26.493,120.39,1.2559,75.519,24.725,2.2481,53.401,4.8441,230.09,0.030186,0.81396,65.43,19.361,44.466
370,2026-05-02T02:27:00,51.703,28.941,26.967,32.781,41.81,2719.0,3756.0,19.976,18.465,22.334,0.29145,0.10295,340.34,78.013,6.886,13.881,31.727,4483.4,22.156,50.476,48.711,80.454,2.2607,1.6941,3116.7,42.195,53.071,94.388,9.2421,61.745,34.307,39.292,2648.2,63.511,24.253,46.585,0.32846,8.8477,26.611,120.41,1.2701,75.75,24.605,2.2167,53.565,4.7329,225.62,0.025548,0.81959,65.525,18.669,43.426
371,2026-05-02T02:30:00,49.974,28.88,27.302,32.781,41.419,2714.6,3706.3,20.471,18.465,22.299,0.29207,0.10295,340.24,76.865,6.886,13.881,31.727,4438.0,21.968,46.474,49.017,80.284,2.2607,1.6941,3113.6,42.364,53.614,94.331,9.2104,60.355,35.208,39.053,2643.6,64.366,23.823,46.16,0.33042,8.8477,26.611,120.41,1.2701,75.644,24.605,2.2167,53.565,4.7329,227.24,0.025548,0.81959,65.659,18.669,43.426
372,2026-05-02T02:33:00,48.141,28.873,26.823,32.742,41.381,2708.9,3708.5,22.499,18.467,21.858,0.28869,0.10295,339.66,76.801,7.0956,13.745,31.877,4553.2,21.131,42.232,50.86,79.877,2.2279,1.6345,3108.7,42.522,53.893,94.483,9.3345,59.527,40.632,40.253,2637.3,62.689,25.869,46.135,0.34172,8.6705,26.224,120.42,1.1895,74.967,25.028,2.2443,53.565,4.8377,224.44,0.025548,0.81959,65.638,18.901,43.426
373,2026-05-02T02:36:00,48.828,28.418,27.219,32.742,40.536,2704.2,3696.2,17.55,18.467,21.71,0.29332,0.10295,339.71,76.643,7.0956,13.745,31.877,4538.8,23.239,43.821,50.466,79.531,2.2279,1.6345,3103.3,42.442,54.066,94.717,9.3711,60.311,39.471,40.436,2631.3,62.9,24.122,45.952,0.34021,8.6705,26.224,120.37,1.1895,75.319,25.028,2.2443,53.565,4.8377,223.51,0.025548,0.81959,65.503,18.901,43.426
374,2026-05-02T02:39:00,48.132,27.849,26.493,32.573,40.517,2705.7,3628.8,19.563,18.703,22.183,0.27803,0.10295,340.73,76.946,6.9794,13.689,32.093,4481.0,22.392,42.21,48.765,79.643,2.2953,1.6432,3100.2,42.026,54.187,94.756,9.2532,59.604,34.465,38.891,2634.7,62.119,25.173,45.4,0.32294,8.9426,26.729,120.36,1.5908,75.395,23.936,2.2835,53.565,4.8665,226.78,0.025548,0.81959,65.388,19.069,43.426
375,2026-05-02T02:42:00,50.888,27.686,27.124,32.573,40.569,2707.9,3615.4,15.46,18.703,22.196,0.27968,0.09389,340.74,77.651,6.9794,13.689,32.093,4534.4,24.104,48.588,50.345,79.885,2.2953,1.6432,3104.3,42.502,53.548,94.813,9.1883,60.836,39.117,38.862,2636.0,62.349,24.74,45.571,0.32318,8.9426,26.729,120.37,1.5908,75.09,23.936,2.2835,54.328,4.8665,223.18,0.015172,0.84704,65.339,19.069,43.697
376,2026-05-02T02:45:00,47.956,25.738,27.018,32.847,40.036,2709.3,3627.2,19.506,18.625,22.474,0.26203,0.09389,340.42,77.136,6.9842,13.799,31.857,4424.7,22.4,41.803,49.389,80.156,2.2763,1.6944,3106.2,42.221,54.414,94.708,9.2195,61.286,36.302,38.154,2638.7,63.019,25.046,45.327,0.31542,8.8684,26.475,120.4,1.2718,74.739,24.332,2.24,54.328,4.8076,223.46,0.015172,0.84704,65.386,18.83,43.697
377,2026-05-02T02:48:00,51.061,25.774,27.062,32.847,41.3,2706.5,3630.1,17.519,18.625,21.992,0.26166,0.09389,340.29,77.131,6.9842,13.799,31.857,4455.3,23.251,48.988,50.306,79.86,2.2763,1.6944,3104.6,41.68,54.048,94.881,9.2829,61.824,39.002,37.856,2634.9,62.969,25.203,45.14,0.31786,8.8684,26.475,120.39,1.2718,75.322,24.332,2.24,54.328,4.8076,223.12,0.015172,0.84704,65.404,18.83,43.697
378,2026-05-02T02:51:00,48.509,28.232,26.917,32.945,40.238,2708.8,3624.5,15.005,18.544,22.197,0.28675,0.09389,340.45,77.478,6.815,13.91,31.831,4491.8,24.297,43.082,50.391,80.089,2.2853,1.6837,3106.0,42.132,54.169,94.672,9.2541,59.846,39.252,39.394,2637.6,62.93,25.705,45.068,0.32851,8.9524,26.656,120.4,1.161,75.392,24.224,2.3082,54.328,4.7356,221.49,0.015172,0.84704,65.373,18.639,43.697
379,2026-05-02T02:54:00,50.13,28.108,26.834,32.945,40.988,2707.8,3665.0,19.442,18.544,22.013,0.28801,0.09389,340.68,76.847,6.815,13.91,31.831,4498.2,22.444,46.836,50.541,80.042,2.2853,1.6837,3105.4,42.081,54.092,94.722,9.2067,61.03,39.693,39.685,2637.0,62.232,25.869,45.135,0.32613,8.9524,26.656,120.39,1.161,75.15,24.224,2.3082,54.328,4.7356,218.3,0.015172,0.84704,65.408,18.639,43.697
380,2026-05-02T02:57:00,49.312,28.719,26.926,32.799,41.174,2706.9,3671.3,18.909,18.716,22.134,0.29387,0.086249,340.3,77.158,6.8168,13.781,32.351,4544.6,22.658,44.942,50.941,79.875,2.2648,1.6376,3104.2,42.15,54.013,94.675,9.3147,60.045,40.869,40.548,2635.3,63.592,25.194,45.196,0.34378,9.0109,26.338,120.43,1.2386,75.711,23.952,2.3308,53.044,4.7379,223.06,0.03735,0.85553,65.323,19.152,42.755
381,2026-05-02T03:00:00,51.318,28.71,27.012,32.799,40.785,2706.4,3688.2,19.446,18.716,22.262,0.29397,0.086249,340.52,77.423,6.8168,13.781,32.351,4524.3,22.428,49.584,48.597,80.03,2.2648,1.6376,3103.4,41.874,54.255,94.638,9.3081,60.623,33.971,40.773,2635.8,63.301,24.12,45.331,0.34194,9.0109,26.338,120.37,1.2386,74.386,23.952,2.3308,53.044,4.7379,222.54,0.03735,0.85553,65.318,19.152,42.755
382,2026-05-02T03:03:00,47.814,23.954,27.083,32.954,41.266,2704.8,3663.4,18.197,18.662,21.887,0.24371,0.086249,340.33,77.145,6.82,13.904,31.721,4482.0,22.957,41.476,50.569,80.115,2.2681,1.624,3103.3,42.77,53.482,94.499,9.301,61.98,39.776,39.342,2632.9,63.775,24.352,45.355,0.32555,8.8281,26.718,120.42,1.1713,74.881,24.18,2.2361,53.044,4.7895,223.23,0.03735,0.85553,65.384,18.307,42.755
383,2026-05-02T03:06:00,51.576,23.892,26.979,32.954,40.738,2701.4,3704.8,18.812,18.662,21.825,0.24435,0.086249,340.22,76.926,6.82,13.904,31.721,4464.3,22.703,50.182,50.152,79.901,2.2681,1.624,3099.7,42.519,53.695,94.705,9.3511,60.901,38.547,38.99,2629.8,63.062,24.878,45.472,0.32843,8.8281,26.718,120.4,1.1713,76.431,24.18,2.2361,53.044,4.7895,222.91,0.03735,0.85553,65.384,18.307,42.755
384,2026-05-02T03:09:00,51.93,30.26,26.918,32.876,40.818,2700.3,3674.1,20.782,18.506,21.675,0.30479,0.086249,339.55,77.18,6.9845,13.952,31.911,4591.9,21.867,51.0,50.02,79.919,2.2959,1.6712,3100.1,42.56,54.247,94.573,9.2331,59.707,38.158,40.793,2627.8,63.621,25.382,45.646,0.34087,9.0511,26.263,120.4,1.2952,75.27,24.455,2.3509,53.044,4.7748,221.95,0.03735,0.85553,65.364,18.87,42.755
385,2026-05-02T03:12:00,52.229,29.987,27.062,32.876,40.945,2702.9,3694.1,19.636,18.506,22.011,0.30757,0.10163,339.55,77.173,6.9845,13.952,31.911,4556.8,22.351,51.693,51.52,80.148,2.2959,1.6712,3100.7,42.359,54.667,94.61,9.2836,59.736,42.574,40.354,2630.7,63.278,25.033,45.739,0.34447,9.0511,26.263,120.41,1.2952,74.852,24.455,2.3509,54.195,4.7748,224.61,0.029974,0.86857,65.402,18.87,44.13
386,2026-05-02T03:15:00,51.111,28.802,26.961,32.819,40.484,2700.8,3623.0,16.73,19.036,21.703,0.29048,0.10163,339.77,77.214,7.029,13.839,31.971,4531.8,23.568,49.105,49.116,80.162,2.2486,1.6557,3100.3,42.488,53.618,94.705,9.3921,59.365,35.499,41.226,2628.6,63.039,26.208,45.916,0.34927,9.0568,26.62,120.41,1.3807,75.366,24.13,2.3086,54.195,4.8065,224.75,0.029974,0.86857,65.473,19.14,44.13
387,2026-05-02T03:18:00,49.526,28.692,27.167,32.819,40.969,2701.4,3655.2,17.35,19.036,21.934,0.2916,0.10163,339.82,77.18,7.029,13.839,31.971,4478.0,23.303,45.437,48.928,80.169,2.2486,1.6557,3099.8,42.069,54.262,94.696,9.2816,60.052,34.946,41.787,2628.7,62.485,25.192,46.153,0.34468,9.0568,26.62,120.4,1.3807,75.674,24.13,2.3086,54.195,4.8065,224.21,0.029974,0.86857,65.505,19.14,44.13
388,2026-05-02T03:21:00,48.839,28.221,27.202,32.607,40.232,2700.0,3610.1,20.282,18.614,22.076,0.28993,0.10163,339.78,76.985,7.084,13.88,31.839,4490.8,22.073,43.846,48.796,80.045,2.2521,1.6598,3097.5,42.442,53.406,94.723,9.1894,60.662,34.556,40.014,2628.0,62.752,25.166,46.082,0.33518,8.8077,25.775,120.39,1.284,75.495,23.946,2.2209,54.195,4.8681,227.1,0.029974,0.86857,65.529,18.572,44.13
389,2026-05-02T03:24:00,49.388,28.405,26.903,32.607,41.197,2701.7,3636.0,16.829,18.614,22.19,0.28806,0.10163,340.74,77.513,7.084,13.88,31.839,4504.5,23.504,45.118,50.942,80.279,2.2521,1.6598,3098.6,42.551,53.242,94.807,9.2699,61.811,40.872,40.028,2631.2,62.307,26.833,46.172,0.33506,8.8077,25.775,120.41,1.284,75.597,23.946,2.2209,54.195,4.8681,228.2,0.029974,0.86857,65.552,18.572,44.13
390,2026-05-02T03:27:00,50.583,29.806,27.096,32.529,40.331,2701.6,3620.3,19.088,18.182,22.004,0.30527,0.09943,340.06,77.211,6.8291,13.886,32.094,4543.3,22.555,47.884,51.574,80.35,2.2547,1.6812,3100.5,42.041,54.159,94.619,9.2811,61.967,42.731,40.503,2629.9,61.931,24.574,46.9,0.3406,8.9927,26.406,120.36,1.3042,74.701,24.107,2.2331,54.085,4.8644,226.34,0.028989,0.86197,65.656,18.912,44.023
391,2026-05-02T03:30:00,50.958,29.863,26.557,32.529,40.724,2701.1,3639.1,18.512,18.182,21.582,0.30469,0.09943,340.3,77.341,6.8291,13.886,32.094,4543.0,22.796,48.75,50.208,80.015,2.2547,1.6812,3099.7,42.623,54.163,94.978,9.328,61.182,38.711,40.596,2629.3,61.607,24.877,47.147,0.33984,8.9927,26.406,120.42,1.3042,74.328,24.107,2.2331,54.085,4.8644,227.47,0.028989,0.86197,65.647,18.912,44.023
392,2026-05-02T03:33:00,50.126,27.78,26.798,32.475,40.416,2701.1,3623.4,17.199,19.456,21.633,0.28115,0.09943,340.24,76.909,7.1097,13.78,32.201,4528.5,23.367,46.826,51.08,79.949,2.2756,1.7026,3099.8,42.426,53.506,94.667,9.4158,61.516,41.277,40.786,2629.5,64.042,26.599,47.103,0.34031,8.9376,25.741,120.4,1.2733,74.333,23.357,2.2678,54.085,4.8745,231.92,0.028989,0.86197,65.605,19.075,44.023
393,2026-05-02T03:36:00,50.578,27.501,26.368,32.475,40.885,2700.9,3655.7,16.566,19.456,21.667,0.28399,0.09943,340.57,77.178,7.1097,13.78,32.201,4481.6,23.626,47.871,50.304,79.918,2.2756,1.7026,3098.8,42.241,54.068,94.737,9.4334,60.121,38.994,40.903,2628.9,63.487,26.55,47.511,0.33935,8.9376,25.741,120.39,1.2733,74.313,23.357,2.2678,54.085,4.8745,231.3,0.028989,0.86197,65.606,19.075,44.023
394,2026-05-02T03:39:00,49.937,26.909,26.537,33.65,41.865,2702.4,3599.8,17.861,18.435,21.94,0.27009,0.09943,341.12,77.315,6.853,13.895,32.162,4480.1,23.076,46.388,50.166,80.223,2.2227,1.6751,3099.1,42.134,53.652,94.589,9.3344,62.308,38.588,39.328,2631.8,61.906,26.393,47.901,0.32908,8.6178,26.423,120.43,1.0838,75.248,24.18,2.2855,54.085,4.8929,230.82,0.028989,0.86197,65.648,18.978,44.023
395,2026-05-02T03:42:00,50.216,26.909,27.059,33.65,40.378,2702.2,3621.5,20.277,18.435,22.249,0.27009,0.084959,341.26,77.289,6.853,13.895,32.162,4511.4,22.058,47.035,49.625,80.101,2.2227,1.6751,3099.0,42.268,53.276,94.926,9.3508,62.709,36.997,39.632,2630.5,61.531,25.27,47.996,0.32659,8.6178,26.423,120.38,1.0838,74.697,24.18,2.2855,53.742,4.8929,232.33,0.014209,0.85988,65.714,18.978,43.691
396,2026-05-02T03:45:00,50.126,27.224,26.8,32.82,41.59,2703.3,3685.1,19.096,19.049,22.164,0.27465,0.084959,341.28,77.166,6.9527,13.867,31.967,4507.2,22.559,46.827,50.922,80.196,2.2644,1.6815,3099.5,42.532,53.522,94.685,9.3617,61.44,40.813,40.66,2631.7,62.596,23.052,48.331,0.34366,8.958,26.724,120.42,1.121,75.012,23.824,2.347,53.742,4.7764,231.85,0.014209,0.85988,65.767,19.105,43.691
397,2026-05-02T03:48:00,48.717,27.141,27.238,32.82,40.518,2701.6,3661.0,20.431,19.049,22.216,0.2755,0.084959,341.26,77.472,6.9527,13.867,31.967,4494.7,21.994,43.564,50.326,80.116,2.2644,1.6815,3100.1,42.563,53.672,94.664,9.4829,58.517,39.058,40.756,2630.2,63.011,25.843,48.461,0.34288,8.958,26.724,120.41,1.121,74.477,23.824,2.347,53.742,4.7764,233.67,0.014209,0.85988,65.791,19.105,43.691
398,2026-05-02T03:51:00,49.246,29.008,26.882,33.405,41.648,2704.6,3637.6,19.947,18.887,22.578,0.2968,0.084959,341.78,77.284,6.8639,13.906,32.13,4486.9,22.198,44.788,50.164,80.245,2.2777,1.6483,3099.4,42.255,53.409,94.665,9.2518,62.615,38.584,40.372,2632.5,62.518,25.98,48.71,0.3406,9.0539,26.483,120.42,1.2146,74.565,23.238,2.2852,53.742,4.8363,234.13,0.014209,0.85988,65.839,19.189,43.691
399,2026-05-02T03:54:00,50.046,29.045,27.127,33.405,40.89,2703.2,3639.2,18.019,18.887,22.419,0.29643,0.084959,341.95,77.508,6.8639,13.906,32.13,4466.2,23.0,46.64,50.023,80.12,2.2777,1.6483,3100.0,42.439,53.657,94.678,9.5026,60.097,38.167,40.236,2632.0,62.491,25.337,48.833,0.34172,9.0539,26.483,120.39,1.2146,74.405,23.238,2.2852,53.742,4.8363,236.0,0.014209,0.85988,65.865,19.189,43.691
400,2026-05-02T03:57:00,49.785,27.501,26.969,33.041,41.364,2703.0,3692.6,14.915,18.713,22.117,0.2834,0.10368,341.99,77.553,6.8813,13.817,32.442,4455.4,24.299,46.035,49.532,80.132,2.2397,1.6753,3100.9,42.495,53.518,94.575,9.3527,60.904,36.722,40.979,2631.5,62.326,24.185,49.152,0.34489,8.9108,25.978,120.43,1.229,75.137,23.609,2.2613,53.971,4.8882,235.54,0.025001,0.86235,65.91,18.941,44.054
401,2026-05-02T04:00:00,48.378,27.734,26.548,33.041,40.693,2703.3,3657.6,18.371,18.713,22.165,0.28104,0.10368,342.3,77.222,6.8813,13.817,32.442,4455.1,22.849,42.78,50.018,80.123,2.2397,1.6753,3098.9,42.275,53.521,94.595,9.4412,59.272,38.154,40.928,2632.3,62.928,25.125,49.293,0.3453,8.9108,25.978,120.41,1.229,74.789,23.609,2.2613,53.971,4.8882,237.14,0.025001,0.86235,65.951,18.941,44.054
402,2026-05-02T04:03:00,49.812,24.568,27.181,33.27,41.104,2702.9,3616.2,16.111,18.563,22.8,0.25085,0.10368,342.64,77.391,6.8987,13.907,32.442,4518.0,23.8,46.099,50.66,80.061,2.2867,1.6696,3098.1,42.537,53.328,94.564,9.2835,62.612,40.041,39.768,2632.2,63.496,23.854,49.449,0.33578,8.9828,26.311,120.39,1.1843,74.714,23.621,2.2299,53.971,4.883,238.55,0.025001,0.86235,65.97,18.736,44.054
403,2026-05-02T04:06:00,49.852,24.343,26.973,33.27,41.102,2701.1,3641.0,18.7,18.563,22.309,0.25314,0.10368,342.33,77.0,6.8987,13.907,32.442,4485.0,22.723,46.191,50.267,79.999,2.2867,1.6696,3098.3,42.694,53.723,94.745,9.3218,61.353,38.885,40.309,2630.3,63.07,24.315,49.665,0.33134,8.9828,26.311,120.42,1.1843,74.8,23.621,2.2299,53.971,4.883,239.3,0.025001,0.86235,65.978,18.736,44.054
404,2026-05-02T04:09:00,49.535,24.29,26.531,33.297,40.871,2699.3,3684.9,18.123,18.543,22.104,0.24846,0.10368,342.31,76.929,6.7403,14.003,32.407,4510.9,22.979,45.457,49.156,79.833,2.2639,1.6224,3096.7,42.332,53.906,94.6,9.454,62.512,35.615,40.776,2628.8,62.154,24.56,49.931,0.34769,8.9906,26.051,120.38,1.3754,74.704,23.552,2.266,53.971,4.7765,239.49,0.025001,0.86235,65.943,18.612,44.054
405,2026-05-02T04:12:00,50.57,24.288,27.104,33.297,41.316,2702.8,3643.8,18.035,18.543,22.765,0.24848,0.099748,342.93,77.622,6.7403,14.003,32.407,4521.0,22.997,47.854,49.622,80.001,2.2639,1.6224,3096.9,42.099,53.785,94.749,9.4255,61.8,36.987,40.953,2632.0,62.861,26.245,50.06,0.34624,8.9906,26.051,120.4,1.3754,74.141,23.552,2.266,52.901,4.7765,242.44,0.032489,0.84627,65.955,18.612,43.295
406,2026-05-02T04:15:00,49.477,24.319,27.502,33.591,41.172,2705.2,3675.0,17.311,18.267,22.766,0.24989,0.099748,341.9,77.735,6.9584,13.702,32.421,4521.4,23.289,45.324,49.463,80.278,2.2588,1.596,3101.2,41.986,54.103,94.522,9.3556,62.335,36.518,42.649,2634.1,63.773,25.98,50.429,0.35512,8.7883,26.005,120.42,1.4475,74.855,23.51,2.217,52.901,4.8053,241.94,0.032489,0.84627,66.042,18.872,43.295
407,2026-05-02T04:18:00,50.426,24.601,26.57,33.591,41.063,2705.8,3690.8,18.306,18.267,22.438,0.24703,0.099748,342.64,77.288,6.9584,13.702,32.421,4508.8,22.869,47.519,51.305,80.397,2.2588,1.596,3101.9,42.11,54.253,94.427,9.2846,60.597,41.941,42.313,2635.2,63.502,24.427,50.696,0.35788,8.7883,26.005,120.39,1.4475,75.293,23.51,2.217,52.901,4.8053,242.52,0.032489,0.84627,66.16,18.872,43.295
408,2026-05-02T04:21:00,50.59,24.17,26.703,33.375,40.816,2705.0,3635.2,18.85,18.681,22.37,0.2441,0.099748,343.01,77.442,6.8153,13.714,31.921,4522.4,22.63,47.899,50.637,80.277,2.2929,1.6721,3100.0,42.543,53.455,94.495,9.4275,59.916,39.974,38.56,2633.6,62.576,25.841,51.063,0.3229,8.9816,26.549,120.39,1.2053,74.439,24.147,2.2436,52.901,4.823,241.94,0.032489,0.84627,66.235,18.847,43.295
409,2026-05-02T04:24:00,50.964,24.128,26.787,33.375,41.753,2705.4,3649.1,18.029,18.681,22.498,0.24454,0.099748,342.71,77.312,6.8153,13.714,31.921,4509.5,22.981,48.766,48.825,80.278,2.2929,1.6721,3101.6,42.468,53.61,94.738,9.3337,60.992,34.641,38.714,2634.8,62.337,24.473,51.143,0.32164,8.9816,26.549,120.39,1.2053,73.628,24.147,2.2436,52.901,4.823,244.58,0.032489,0.84627,66.3,18.847,43.295
410,2026-05-02T04:27:00,49.562,28.747,26.98,32.915,41.947,2706.0,3676.7,22.536,18.404,22.457,0.29459,0.089225,342.84,77.432,7.0124,13.864,32.105,4526.5,21.077,45.521,49.927,80.17,2.2686,1.7096,3101.7,42.307,53.454,94.511,9.3867,61.648,37.885,38.618,2635.2,63.112,26.238,51.158,0.32372,8.7941,26.591,120.41,1.3659,74.471,23.716,2.3534,53.983,4.8622,243.7,0.011227000000000001,0.83398,66.313,18.862,43.924
411,2026-05-02T04:30:00,50.504,28.788,27.001,32.915,41.835,2706.5,3675.0,17.261,18.404,22.772,0.29418,0.089225,343.68,76.839,7.0124,13.864,32.105,4477.4,23.323,47.7,48.969,80.03,2.2686,1.7096,3101.1,42.437,54.041,94.481,9.3304,60.663,35.065,38.379,2635.7,63.141,26.643,51.068,0.32568,8.7941,26.591,120.4,1.3659,74.866,23.716,2.3534,53.983,4.8622,246.42,0.011227000000000001,0.83398,66.303,18.862,43.924
412,2026-05-02T04:33:00,50.777,27.296,27.02,33.363,40.538,2704.2,3576.2,15.757,18.366,22.889,0.27746,0.089225,343.76,76.892,6.8859,13.761,32.691,4502.4,23.965,48.332,49.563,79.75,2.2659,1.6486,3098.4,42.568,53.692,94.598,9.4903,59.333,36.815,40.698,2633.3,63.084,25.696,51.295,0.33908,8.9441,25.986,120.37,1.2828,74.675,24.247,2.3767,53.983,4.7985,245.63,0.011227000000000001,0.83398,66.226,18.708,43.924
413,2026-05-02T04:36:00,48.428,27.247,26.934,33.363,40.977,2704.0,3570.0,18.859,18.366,22.638,0.27795,0.089225,343.31,77.222,6.8859,13.761,32.691,4531.2,22.654,42.896,51.846,79.645,2.2659,1.6486,3099.6,42.381,53.347,94.71,9.4687,61.04,43.532,40.338,2632.6,63.19,28.154,51.45,0.34203,8.9441,25.986,120.39,1.2828,74.641,24.247,2.3767,53.983,4.7985,245.68,0.011227000000000001,0.83398,66.158,18.708,43.924
414,2026-05-02T04:39:00,49.646,21.692,26.677,33.432,40.866,2709.6,3674.5,16.582,18.6,23.276,0.2166,0.089225,344.15,77.736,6.9754,13.903,32.347,4556.3,23.59,45.716,50.261,80.074,2.2195,1.6933,3102.2,42.29,53.425,94.637,9.5053,60.682,38.868,38.946,2639.5,62.437,26.465,51.388,0.33081,8.8087,26.031,120.4,1.1689,75.043,23.422,2.3834,53.983,4.8453,248.16,0.011227000000000001,0.83398,66.135,18.773,43.924
415,2026-05-02T04:42:00,50.699,21.215,26.943,33.432,41.343,2711.0,3641.0,18.93,18.6,22.98,0.22144,0.091981,344.15,77.281,6.9754,13.903,32.347,4505.6,22.606,48.153,50.811,80.247,2.2195,1.6933,3104.7,42.556,54.031,94.48,9.3284,62.278,40.486,38.983,2641.7,63.014,23.631,51.332,0.33051,8.8087,26.031,120.4,1.1689,75.381,23.422,2.3834,52.407,4.8453,247.04,0.022727,0.80713,66.235,18.773,43.816
416,2026-05-02T04:45:00,49.229,24.39,26.816,33.722,41.014,2712.4,3643.8,19.326,18.516,23.397,0.24894,0.091981,344.39,77.799,6.7133,13.704,32.807,4540.3,22.426,44.751,50.108,80.188,2.2506,1.6443,3104.9,41.981,53.461,94.643,9.419,62.39,38.417,41.241,2642.1,62.135,22.972,51.402,0.34319,8.8936,26.274,120.43,1.215,73.835,23.912,2.2617,52.407,4.7835,246.45,0.022727,0.80713,66.272,18.51,43.816
417,2026-05-02T04:48:00,50.826,24.416,26.962,33.722,40.165,2710.5,3614.6,17.155,18.516,23.22,0.24867,0.091981,343.76,77.046,6.7133,13.704,32.807,4497.1,23.355,48.446,51.051,80.009,2.2506,1.6443,3104.8,42.231,53.979,94.627,9.364,61.035,41.192,40.593,2639.2,62.637,24.596,51.481,0.3485,8.8936,26.274,120.37,1.215,75.38,23.912,2.2617,52.407,4.7835,245.75,0.022727,0.80713,66.334,18.51,43.816
418,2026-05-02T04:51:00,50.464,19.797,26.868,33.371,41.618,2710.0,3718.5,16.936,18.204,22.861,0.19856,0.091981,344.58,77.067,6.7949,13.691,32.299,4521.6,23.447,47.608,48.297,79.862,2.2883,1.641,3104.6,41.998,54.354,94.559,9.3864,60.991,33.087,37.908,2638.7,63.184,24.025,51.606,0.32668,8.9316,26.383,120.45,1.3667,74.429,23.758,2.2852,52.407,4.8864,244.57,0.022727,0.80713,66.263,18.805,43.816
419,2026-05-02T04:54:00,49.549,19.639,26.986,33.371,41.314,2711.0,3725.9,20.842,18.204,23.484,0.20016,0.091981,344.14,77.637,6.7949,13.691,32.299,4557.4,21.783,45.491,51.465,80.047,2.2883,1.641,3105.0,42.12,53.926,94.372,9.3983,62.05,42.411,38.423,2641.4,63.056,24.433,51.42,0.32246,8.9316,26.383,120.39,1.3667,75.537,23.758,2.2852,52.407,4.8864,246.9,0.022727,0.80713,66.223,18.805,43.816
420,2026-05-02T04:57:00,50.765,24.076,26.608,33.261,41.299,2707.7,3659.4,20.753,18.306,22.65,0.24577,0.091435,343.58,76.683,6.6317,13.87,32.956,4484.1,21.85,48.305,47.238,79.793,2.2874,1.6853,3103.7,42.386,54.1,94.455,9.2848,61.97,29.972,37.673,2637.0,63.606,24.696,50.909,0.32419,8.8253,26.414,120.41,1.4726,74.428,23.853,2.2812,53.748,4.8561,244.85,0.025032,0.82601,66.234,18.454,44.182
421,2026-05-02T05:00:00,48.646,24.011,26.98,33.261,41.385,2708.3,3686.1,16.443,18.306,22.716,0.24643,0.091435,344.41,77.143,6.6317,13.87,32.956,4502.4,23.665,43.4,49.824,79.734,2.2874,1.6853,3103.2,42.604,53.881,94.499,9.486,61.257,37.581,38.023,2637.1,63.146,25.222,50.55,0.32132,8.8253,26.414,120.4,1.4726,74.684,23.853,2.2812,53.748,4.8561,245.69,0.025032,0.82601,66.13,18.454,44.182
422,2026-05-02T05:03:00,49.394,17.851,26.983,33.388,41.708,2707.4,3723.2,16.43,18.417,22.578,0.17272,0.091435,343.55,77.286,7.0263,13.795,32.446,4577.4,23.67,45.133,49.188,79.775,2.2603,1.6188,3103.2,42.648,53.867,94.479,9.4847,61.145,35.71,40.128,2636.5,64.099,25.832,50.491,0.34277,8.9446,26.999,120.41,1.039,74.394,24.247,2.318,53.748,4.8138,243.18,0.025032,0.82601,66.099,18.563,44.182
423,2026-05-02T05:06:00,52.522,17.352,26.849,33.388,42.367,2708.5,3685.5,18.711,18.417,22.649,0.1778,0.091435,343.6,77.507,7.0263,13.795,32.446,4510.7,22.695,52.371,51.474,80.075,2.2603,1.6188,3104.2,41.844,54.666,94.308,9.4012,62.863,42.437,40.282,2638.4,64.749,26.139,50.144,0.3415,8.9446,26.999,120.41,1.039,74.533,24.247,2.318,53.748,4.8138,243.89,0.025032,0.82601,66.078,18.563,44.182
424,2026-05-02T05:09:00,49.033,21.899,26.914,33.477,40.5,2708.6,3631.8,17.842,18.35,22.778,0.21961,0.091435,342.63,77.426,6.8768,13.925,32.02,4571.3,23.056,44.297,50.189,80.224,2.269,1.6322,3104.3,42.365,53.72,94.549,9.4153,60.544,38.656,39.644,2637.5,62.26,25.929,50.121,0.33038,8.9074,26.283,120.37,1.282,73.573,24.095,2.2901,53.748,4.8042,240.89,0.025032,0.82601,66.156,18.541,44.182
425,2026-05-02T05:12:00,48.791,21.762,26.683,33.477,41.385,2709.3,3647.8,18.358,18.35,22.66,0.22099,0.084545,342.98,77.756,6.8768,13.925,32.02,4525.0,22.822,43.735,50.212,80.181,2.269,1.6322,3105.1,42.408,54.274,94.608,9.5091,60.908,38.723,39.323,2638.7,61.984,25.029,50.184,0.33301,8.9074,26.283,120.4,1.282,74.966,24.095,2.2901,53.089,4.8042,241.98,-0.0018392,0.82312,66.184,18.541,44.204
426,2026-05-02T05:15:00,50.3,25.664,27.101,33.488,40.895,2709.3,3668.3,16.477,17.864,22.743,0.26273,0.084545,343.51,76.883,6.8864,13.901,32.04,4492.5,23.638,47.229,50.379,79.997,2.2379,1.6768,3105.3,42.133,54.754,94.525,9.4665,59.018,39.215,41.233,2638.2,62.878,23.706,50.127,0.34637,8.8814,26.611,120.39,1.1193,74.321,23.848,2.2751,53.089,4.7965,241.58,-0.0018392,0.82312,66.166,18.649,44.204
427,2026-05-02T05:18:00,49.98,25.701,26.748,33.488,40.187,2707.1,3661.6,19.382,17.864,22.205,0.26235,0.084545,342.9,77.221,6.8864,13.901,32.04,4534.3,22.415,46.488,50.136,79.711,2.2379,1.6768,3104.2,42.657,54.254,94.649,9.3997,64.04,38.499,41.326,2636.1,62.993,25.742,49.951,0.3456,8.8814,26.611,120.38,1.1193,74.265,23.848,2.2751,53.089,4.7965,242.58,-0.0018392,0.82312,66.093,18.649,44.204
428,2026-05-02T05:21:00,50.635,25.683,27.332,33.232,41.047,2711.4,3656.7,18.975,18.461,23.227,0.26205,0.084545,343.45,77.389,6.8232,14.009,32.31,4532.3,22.572,48.004,49.603,79.935,2.2904,1.703,3105.0,42.704,54.044,94.522,9.3818,60.984,36.93,40.584,2640.5,62.993,24.872,50.097,0.34754,9.0318,26.453,120.41,1.2322,75.338,23.963,2.2395,53.089,4.8412,240.0,-0.0018392,0.82312,66.006,18.551,44.204
429,2026-05-02T05:24:00,49.464,25.674,26.743,33.232,40.78,2711.6,3644.5,20.055,18.461,22.704,0.26215,0.084545,343.26,77.249,6.8232,14.009,32.31,4525.7,22.13,45.294,51.187,79.93,2.2904,1.703,3107.2,42.347,54.123,94.7,9.3103,59.639,41.592,40.964,2640.9,63.203,25.562,49.999,0.34442,9.0318,26.453,120.38,1.2322,74.723,23.963,2.2395,53.089,4.8412,240.13,-0.0018392,0.82312,66.026,18.551,44.204
430,2026-05-02T05:27:00,50.194,23.291,26.997,33.194,41.607,2711.1,3654.4,19.188,18.101,22.791,0.23438,0.10068,343.5,77.578,6.9487,13.824,32.396,4518.7,22.475,46.983,50.926,79.974,2.2864,1.662,3107.2,42.691,54.477,94.477,9.4763,60.319,40.824,42.442,2640.8,63.613,25.046,49.872,0.35749,8.9168,25.75,120.42,1.3629,74.048,24.183,2.262,53.349,4.8425,239.54,0.0097782,0.81659,65.998,18.435,44.464
431,2026-05-02T05:30:00,49.675,23.153,27.06,33.194,40.899,2713.0,3690.4,19.244,18.101,23.043,0.23578,0.10068,343.27,77.541,6.9487,13.824,32.396,4512.1,22.448,45.783,48.671,80.109,2.2864,1.662,3108.1,42.656,54.556,94.445,9.4201,59.496,34.188,42.627,2642.3,62.995,26.01,49.879,0.35598,8.9168,25.75,120.42,1.3629,75.158,24.183,2.262,53.349,4.8425,238.03,0.0097782,0.81659,66.041,18.435,44.464
432,2026-05-02T05:33:00,50.566,22.225,26.889,33.044,41.568,2712.1,3644.5,18.531,18.203,22.689,0.22519,0.10068,343.41,77.294,6.8487,13.89,32.249,4530.3,22.746,47.844,47.745,80.096,2.2376,1.6851,3107.0,42.478,54.669,94.529,9.4708,60.34,31.463,40.471,2642.2,62.68,24.749,49.6,0.33427,9.0231,26.282,120.4,1.1127,75.34,24.108,2.2272,53.349,4.7744,239.71,0.0097782,0.81659,66.059,18.315,44.464
433,2026-05-02T05:36:00,50.426,22.193,26.499,33.044,40.151,2710.6,3633.0,18.13,18.203,22.469,0.22551,0.10068,343.27,77.026,6.8487,13.89,32.249,4529.5,22.932,47.52,50.576,79.87,2.2376,1.6851,3105.2,42.49,54.678,94.575,9.3278,63.462,39.794,40.052,2639.3,62.877,25.368,49.53,0.3377,9.0231,26.282,120.36,1.1127,74.662,24.108,2.2272,53.349,4.7744,239.06,0.0097782,0.81659,66.02,18.315,44.464
434,2026-05-02T05:39:00,48.564,23.488,26.816,33.47,41.711,2710.1,3643.8,20.435,18.418,22.508,0.23791,0.10068,343.06,77.012,6.9391,13.609,32.294,4584.2,21.969,43.21,51.287,79.815,2.2473,1.6487,3106.4,42.356,54.386,94.684,9.3053,62.527,41.886,41.165,2639.1,63.553,25.211,49.597,0.34349,8.8578,26.229,120.42,1.2225,74.639,24.332,2.3924,53.349,4.8247,236.93,0.0097782,0.81659,65.98,18.614,44.464
435,2026-05-02T05:42:00,50.219,23.302,26.656,33.47,40.666,2711.3,3690.0,19.258,18.418,22.432,0.2398,0.087822,342.88,77.248,6.9391,13.609,32.294,4570.5,22.463,47.041,49.494,79.856,2.2473,1.6487,3106.6,42.631,54.55,94.457,9.3405,59.741,36.612,41.036,2640.3,62.757,25.481,49.157,0.34455,8.8578,26.229,120.4,1.2225,75.229,24.332,2.3924,54.162,4.8247,238.3,0.025342,0.81153,65.908,18.614,43.195
436,2026-05-02T05:45:00,49.204,23.153,27.182,33.544,40.898,2713.1,3657.8,19.077,18.295,22.895,0.23097,0.087822,342.98,77.26,6.7968,13.852,32.195,4498.2,22.53,44.692,51.54,80.024,2.2583,1.7006,3107.7,42.18,54.735,94.626,9.427,60.794,42.632,36.897,2642.8,62.508,25.661,49.03,0.31584,8.9853,26.356,120.41,1.3308,75.601,23.915,2.2958,54.162,4.8107,237.4,0.025342,0.81153,65.914,18.649,43.195
437,2026-05-02T05:48:00,48.11,22.812,26.719,33.544,40.698,2713.8,3636.7,15.845,18.295,22.615,0.23443,0.087822,342.74,76.92,6.7968,13.852,32.195,4535.1,23.897,42.16,48.963,79.986,2.2583,1.7006,3108.7,42.236,54.294,94.552,9.3759,61.274,35.049,37.519,2642.1,62.871,25.209,48.967,0.31074,8.9853,26.356,120.4,1.3308,75.862,23.915,2.2958,54.162,4.8107,235.77,0.025342,0.81153,65.927,18.649,43.195
438,2026-05-02T05:51:00,49.841,23.635,26.637,32.839,41.334,2713.4,3694.6,15.744,18.627,22.336,0.24408,0.087822,342.45,77.633,6.8224,13.804,32.743,4543.2,23.92,46.166,48.796,80.105,2.2785,1.6932,3110.1,42.26,54.135,94.465,9.3264,60.835,34.556,39.941,2642.3,63.135,23.694,48.569,0.34328,8.8486,26.296,120.4,1.1981,75.785,23.762,2.2495,54.162,4.7689,237.89,0.025342,0.81153,65.928,18.578,43.195
439,2026-05-02T05:54:00,52.189,23.781,26.872,32.839,40.897,2712.7,3703.9,20.418,18.627,22.414,0.24259,0.087822,342.86,77.258,6.8224,13.804,32.743,4529.3,21.957,51.601,49.888,80.042,2.2785,1.6932,3108.5,41.847,54.301,94.621,9.3211,62.041,37.771,40.237,2641.3,62.975,25.562,48.827,0.34085,8.8486,26.296,120.41,1.1981,75.453,23.762,2.2495,54.162,4.7689,232.65,0.025342,0.81153,65.923,18.578,43.195
440,2026-05-02T05:57:00,49.189,18.311,26.778,33.402,41.498,2709.0,3676.8,19.934,18.534,22.39,0.18619,0.090066,342.53,77.024,6.6915,13.68,32.392,4557.9,22.181,44.657,49.678,79.935,2.2608,1.6685,3105.2,42.126,54.16,94.467,9.3276,60.237,37.153,40.189,2637.5,63.286,23.322,48.255,0.33075,8.8671,26.897,120.39,1.1376,75.061,24.565,2.2836,53.589,4.767,234.85,0.0089617,0.82157,65.894,18.556,44.787
441,2026-05-02T06:00:00,47.77,18.192,26.436,33.402,41.656,2707.6,3709.4,16.416,18.534,22.35,0.1874,0.090066,342.05,77.009,6.6915,13.68,32.392,4513.0,23.676,41.374,49.75,79.855,2.2608,1.6685,3102.8,42.045,54.698,94.662,9.3878,61.634,37.365,39.363,2637.2,62.725,24.965,48.1,0.33752,8.8671,26.897,120.4,1.1376,75.666,24.565,2.2836,53.589,4.767,233.5,0.0089617,0.82157,65.814,18.556,44.787
442,2026-05-02T06:03:00,49.071,21.515,26.995,33.05,42.072,2706.1,3662.1,19.665,18.374,22.348,0.21379,0.090066,341.89,77.039,6.9195,13.769,32.384,4530.7,22.31,44.384,49.815,79.841,2.2686,1.6374,3103.5,42.546,54.575,94.452,9.332,60.288,37.556,38.19,2635.0,64.804,25.403,47.95,0.3188,8.7224,26.334,120.42,1.0273,74.491,24.111,2.2833,53.589,4.8296,232.11,0.0089617,0.82157,65.764,18.717,44.787
443,2026-05-02T06:06:00,50.439,21.244,26.867,33.05,40.95,2707.1,3701.0,16.849,18.374,22.562,0.21655,0.090066,341.54,77.099,6.9195,13.769,32.384,4564.4,23.494,47.549,50.747,79.993,2.2686,1.6374,3102.1,42.041,54.171,94.498,9.2589,64.12,40.299,37.683,2636.4,64.135,24.393,47.743,0.32295,8.7224,26.334,120.39,1.0273,75.888,24.111,2.2833,53.589,4.8296,231.37,0.0089617,0.82157,65.739,18.717,44.787
444,2026-05-02T06:09:00,49.813,21.151,26.741,33.121,41.25,2705.1,3675.3,18.221,18.1,22.132,0.21485,0.090066,341.07,76.964,6.9125,13.604,32.147,4513.7,22.913,46.101,50.678,80.048,2.2568,1.6357,3101.5,42.552,54.405,94.438,9.3628,60.038,40.095,39.044,2633.8,62.65,24.429,47.643,0.33021,8.9259,26.481,120.39,1.2826,74.875,24.171,2.2446,53.589,4.7172,229.41,0.0089617,0.82157,65.749,18.726,44.787
445,2026-05-02T06:12:00,48.377,21.253,27.069,33.121,40.478,2704.3,3662.9,19.569,18.1,22.313,0.21381,0.1005,340.64,77.096,6.9125,13.604,32.147,4551.2,22.351,42.777,51.599,79.956,2.2568,1.6357,3100.0,42.067,53.956,94.821,9.2234,58.881,42.804,38.957,2632.8,62.864,25.752,47.375,0.33093,8.9259,26.481,120.36,1.2826,74.835,24.171,2.2446,53.912,4.7172,231.85,0.023927,0.81145,65.718,18.726,43.328
446,2026-05-02T06:15:00,50.45,23.594,26.674,32.548,40.759,2703.5,3640.1,19.764,18.832,22.006,0.23428,0.1005,340.52,76.832,6.9293,13.69,32.273,4571.3,22.282,47.576,50.706,79.852,2.2567,1.6595,3100.4,42.441,53.705,94.62,9.2528,61.814,40.179,36.975,2631.7,63.285,24.969,47.405,0.30936,8.8675,26.327,120.41,1.2823,75.836,23.984,2.319,53.912,4.7611,229.58,0.023927,0.81145,65.666,18.64,43.328
447,2026-05-02T06:18:00,50.271,23.295,26.75,32.548,40.481,2703.8,3678.7,19.131,18.832,21.907,0.23732,0.1005,340.48,77.419,6.9293,13.69,32.273,4562.6,22.532,47.161,50.607,79.922,2.2567,1.6595,3100.9,42.169,53.809,94.703,9.4092,58.906,39.886,37.015,2631.7,62.621,25.684,47.225,0.30903,8.8675,26.327,120.38,1.2823,75.198,23.984,2.319,53.912,4.7611,229.67,0.023927,0.81145,65.624,18.64,43.328
448,2026-05-02T06:21:00,49.118,22.14,27.079,33.185,41.94,2705.0,3670.2,18.324,18.477,21.976,0.22423,0.1005,340.07,76.988,6.9296,13.781,32.58,4533.4,22.881,44.493,48.989,80.025,2.266,1.6492,3103.1,42.463,54.384,94.717,9.3913,61.233,35.126,38.175,2633.1,62.583,26.137,47.117,0.31619,9.1494,26.492,120.41,1.3675,75.401,24.276,2.2761,53.912,4.7867,228.92,0.023927,0.81145,65.647,19.196,43.328
449,2026-05-02T06:24:00,49.492,22.107,26.922,33.185,40.376,2706.9,3664.7,13.27,18.477,22.119,0.22457,0.1005,340.71,77.29,6.9296,13.781,32.58,4549.9,24.996,45.357,51.711,80.204,2.266,1.6492,3103.6,42.439,54.186,94.644,9.311,61.47,43.135,37.762,2635.0,62.678,26.206,47.018,0.31958,9.1494,26.492,120.41,1.3675,74.966,24.276,2.2761,53.912,4.7867,228.08,0.023927,0.81145,65.657,19.196,43.328
450,2026-05-02T06:27:00,49.497,18.955,26.621,32.878,41.06,2704.6,3651.8,18.215,18.61,21.604,0.19227,0.10957,340.08,77.252,6.8007,13.992,31.918,4443.8,22.912,45.37,49.931,80.249,2.2935,1.6632,3103.7,42.508,54.068,94.715,9.2492,60.547,37.896,39.336,2632.6,62.852,25.093,46.599,0.32567,8.9251,26.506,120.41,1.3121,74.343,24.119,2.3517,54.024,4.8461,227.51,0.024273,0.83293,65.688,19.356,44.303
451,2026-05-02T06:30:00,49.198,18.804,26.961,32.878,40.252,2704.2,3624.4,18.88,18.61,21.989,0.1938,0.10957,339.87,77.285,6.8007,13.992,31.918,4471.3,22.632,44.677,50.725,80.247,2.2935,1.6632,3102.0,41.983,53.738,94.714,9.2952,59.958,40.234,39.552,2631.8,63.324,25.598,46.35,0.3239,8.9251,26.506,120.39,1.3121,74.107,24.119,2.3517,54.024,4.8461,226.9,0.024273,0.83293,65.716,19.356,44.303
452,2026-05-02T06:33:00,49.602,25.02,26.916,32.842,41.131,2700.9,3694.2,18.65,18.891,21.958,0.25727,0.10957,339.47,77.117,7.0285,13.859,31.826,4453.9,22.741,45.612,49.145,80.005,2.2705,1.6403,3099.5,42.4,53.471,94.601,9.3206,58.949,35.585,41.883,2629.5,63.27,24.402,46.249,0.35189,8.7851,26.449,120.41,1.3352,76.2,23.735,2.3003,54.024,4.8092,224.65,0.024273,0.83293,65.653,18.672,44.303
453,2026-05-02T06:36:00,50.501,25.117,26.71,32.842,40.421,2699.5,3676.8,15.811,18.891,21.459,0.25629,0.10957,339.02,77.414,7.0285,13.859,31.826,4477.7,23.931,47.694,50.879,80.1,2.2705,1.6403,3099.3,42.175,53.187,94.652,9.237,60.408,40.687,42.025,2628.0,63.568,25.388,45.966,0.35072,8.7851,26.449,120.39,1.3352,75.698,23.735,2.3003,54.024,4.8092,224.49,0.024273,0.83293,65.59,18.672,44.303
454,2026-05-02T06:39:00,49.627,26.206,26.826,32.054,41.338,2701.8,3616.4,18.713,18.699,21.751,0.26959,0.10957,339.36,77.457,6.8153,14.016,31.579,4570.9,22.7,45.67,48.867,80.339,2.3006,1.6939,3100.3,42.479,53.708,94.735,9.2647,63.258,34.765,39.998,2630.7,62.579,23.736,45.864,0.33934,8.9115,26.839,120.4,1.303,74.444,23.945,2.2875,54.024,4.8863,222.28,0.024273,0.83293,65.586,18.443,44.303
455,2026-05-02T06:42:00,51.236,26.35,26.718,32.054,40.291,2701.3,3633.1,18.508,18.699,21.622,0.26813,0.10086,339.14,77.284,6.8153,14.016,31.579,4501.2,22.799,49.396,49.092,80.19,2.3006,1.6939,3100.9,42.25,54.543,94.691,9.2905,60.4,35.427,40.537,2629.3,62.292,24.691,46.035,0.33493,8.9115,26.839,120.39,1.303,75.733,23.945,2.2875,53.447,4.8863,222.89,0.013679,0.85023,65.6,18.443,43.436
456,2026-05-02T06:45:00,49.642,29.244,26.734,32.908,41.013,2702.1,3679.1,18.788,18.504,21.364,0.29665,0.10086,338.83,77.079,6.9262,13.783,32.06,4577.0,22.686,45.705,49.975,80.135,2.3093,1.6217,3102.7,41.89,54.236,94.736,9.4932,59.221,38.026,42.212,2630.2,63.332,27.321,45.576,0.35701,8.7794,26.599,120.39,1.5168,75.089,24.545,2.3462,53.447,4.9556,227.28,0.013679,0.85023,65.547,18.86,43.436
457,2026-05-02T06:48:00,52.393,29.238,26.721,32.908,41.458,2703.1,3681.7,16.333,18.504,21.773,0.2967,0.10086,339.3,77.382,6.9262,13.783,32.06,4570.1,23.727,52.072,50.537,80.123,2.3093,1.6217,3102.3,42.349,54.318,94.624,9.2009,61.858,39.68,42.594,2631.9,63.289,26.464,45.809,0.35388,8.7794,26.599,120.42,1.5168,74.818,24.545,2.3462,53.447,4.9556,223.93,0.013679,0.85023,65.526,18.86,43.436
458,2026-05-02T06:51:00,49.38,24.879,26.816,32.73,40.638,2704.6,3664.8,18.595,18.678,21.544,0.25569,0.10086,338.93,78.017,6.6674,13.952,32.108,4507.0,22.751,45.098,49.431,80.517,2.2656,1.6268,3104.8,42.2,54.071,94.622,9.2421,61.628,36.425,39.609,2633.5,62.616,22.376,45.753,0.3282,8.9969,26.679,120.39,1.0498,75.249,24.447,2.3079,53.447,4.9462,223.75,0.013679,0.85023,65.591,19.141,43.436
459,2026-05-02T06:54:00,49.882,24.98,27.257,32.73,41.378,2704.3,3655.9,18.145,18.678,21.535,0.25467,0.10086,338.86,77.065,6.6674,13.952,32.108,4525.8,22.952,46.26,50.787,80.533,2.2656,1.6268,3104.6,41.931,53.846,94.632,9.2907,60.269,40.416,38.97,2632.5,62.769,24.313,45.908,0.33344,8.9969,26.679,120.43,1.0498,75.077,24.447,2.3079,53.447,4.9462,221.16,0.013679,0.85023,65.678,19.141,43.436
460,2026-05-02T06:57:00,49.008,24.545,26.464,32.453,40.463,2700.5,3727.4,20.895,18.667,21.358,0.25199,0.10337,339.51,77.08,6.7911,13.997,31.978,4455.8,21.796,44.239,48.632,80.183,2.2722,1.6592,3100.6,42.339,53.955,94.662,9.2814,60.737,34.075,41.761,2629.0,63.89,25.275,46.129,0.34817,8.9523,26.601,120.4,1.1928,75.525,24.041,2.2741,53.624,4.9022,222.96,0.0066733,0.83861,65.658,18.859,42.943
461,2026-05-02T07:00:00,48.92,24.703,26.62,32.453,41.441,2697.1,3715.1,18.772,18.667,21.125,0.25039,0.10337,338.64,77.295,6.7911,13.997,31.978,4467.6,22.694,44.035,49.755,80.135,2.2722,1.6592,3097.9,42.54,53.814,94.444,9.2494,61.277,37.378,41.75,2624.9,64.101,26.47,46.142,0.34826,8.9523,26.601,120.42,1.1928,75.549,24.041,2.2741,53.624,4.9022,224.25,0.0066733,0.83861,65.599,18.859,42.943
462,2026-05-02T07:03:00,48.747,26.229,26.582,32.6,40.372,2695.5,3657.9,17.998,18.77,21.316,0.26296,0.10337,338.64,77.076,6.9411,14.04,32.334,4471.4,23.02,43.635,48.58,80.184,2.281,1.6737,3095.5,41.79,54.424,94.731,9.367,59.808,33.92,42.357,2623.7,64.144,25.844,46.151,0.35505,8.768,26.163,120.4,1.3304,74.285,23.972,2.2453,53.624,4.9288,225.61,0.0066733,0.83861,65.576,19.472,42.943
463,2026-05-02T07:06:00,49.809,26.204,27.146,32.6,41.15,2693.7,3683.6,18.169,18.77,21.409,0.26321,0.10337,338.36,76.779,6.9411,14.04,32.334,4499.9,22.956,46.092,49.948,80.092,2.281,1.6737,3094.1,42.447,54.083,94.515,9.2737,61.149,37.948,42.439,2620.5,63.702,26.685,46.363,0.35437,8.768,26.163,120.42,1.3304,74.91,23.972,2.2453,53.624,4.9288,224.66,0.0066733,0.83861,65.597,19.472,42.943
464,2026-05-02T07:09:00,50.282,22.688,26.858,32.481,40.845,2690.4,3672.8,18.104,18.695,21.18,0.23068,0.10337,337.83,76.938,6.9514,13.958,31.984,4449.7,22.989,47.187,50.259,79.984,2.2936,1.6764,3091.2,42.345,53.114,94.938,9.4109,58.805,38.862,42.835,2618.0,62.587,25.563,46.184,0.36274,9.0649,26.364,120.37,1.1107,73.855,23.96,2.337,53.624,4.9204,228.15,0.0066733,0.83861,65.547,19.045,42.943
465,2026-05-02T07:12:00,49.44,22.687,26.752,32.481,40.821,2693.5,3656.5,17.792,18.695,21.473,0.23069,0.11044,338.18,77.901,6.9514,13.958,31.984,4419.8,23.096,45.237,48.834,80.348,2.2936,1.6764,3092.6,42.195,53.471,94.609,9.3327,61.103,34.669,43.367,2621.8,62.868,23.853,46.281,0.35838,9.0649,26.364,120.39,1.1107,75.035,23.96,2.337,53.87,4.9204,225.36,0.028349,0.84636,65.521,19.045,43.46
466,2026-05-02T07:15:00,49.024,25.936,26.547,32.472,40.886,2696.1,3646.8,20.636,19.24,21.46,0.26602,0.11044,338.29,77.655,6.8807,13.943,31.59,4463.6,21.89,44.276,49.566,80.704,2.2974,1.6608,3096.0,42.381,53.914,94.862,9.3844,59.543,36.824,42.404,2625.2,62.884,24.062,46.255,0.35046,8.8742,26.286,120.42,1.3322,75.303,23.934,2.3541,53.87,4.8388,225.62,0.028349,0.84636,65.667,18.877,43.46
467,2026-05-02T07:18:00,50.324,25.967,26.605,32.472,40.574,2695.4,3684.1,16.553,19.24,20.874,0.26571,0.11044,337.48,77.105,6.8807,13.943,31.59,4487.3,23.614,47.284,48.924,80.566,2.2974,1.6608,3096.6,42.901,53.63,94.648,9.3272,64.723,34.935,42.403,2622.7,62.243,25.503,46.368,0.35046,8.8742,26.286,120.39,1.3322,75.279,23.934,2.3541,53.87,4.8388,224.29,0.028349,0.84636,65.768,18.877,43.46
468,2026-05-02T07:21:00,49.31,30.259,26.879,32.701,41.411,2694.6,3713.1,17.774,18.942,20.904,0.30659,0.11044,337.73,76.746,7.0257,13.964,31.869,4489.5,23.112,44.937,48.95,80.376,2.2679,1.6664,3096.7,42.382,53.984,94.665,9.2699,61.77,35.009,42.151,2621.6,62.33,25.094,46.309,0.35091,9.0203,26.162,120.41,1.2664,74.351,24.058,2.345,53.87,4.8956,224.92,0.028349,0.84636,65.759,18.778,43.46
469,2026-05-02T07:24:00,49.596,30.152,26.957,32.701,40.055,2692.7,3686.6,17.314,18.942,21.289,0.30767,0.11044,338.03,76.847,7.0257,13.964,31.869,4469.2,23.313,45.6,50.563,80.085,2.2679,1.6664,3094.5,42.352,54.227,94.652,9.2594,63.212,39.756,41.825,2620.5,62.788,26.702,46.225,0.35358,9.0203,26.162,120.37,1.2664,75.349,24.058,2.345,53.87,4.8956,225.91,0.028349,0.84636,65.68,18.778,43.46
470,2026-05-02T07:27:00,48.989,27.969,27.282,33.066,40.146,2694.9,3648.0,16.851,18.955,21.702,0.28554,0.081686,338.98,77.404,6.8478,13.81,31.151,4505.1,23.503,44.194,50.343,80.116,2.3175,1.6848,3094.0,42.044,54.032,94.806,9.2813,60.031,39.11,42.489,2622.8,62.112,26.91,46.429,0.35432,8.9043,26.598,120.39,1.1972,73.991,24.257,2.3422,52.622,4.9259,226.08,0.015572,0.87977,65.573,18.994,44.11
471,2026-05-02T07:30:00,50.844,28.047,26.818,33.066,40.298,2698.2,3606.0,18.666,18.955,21.385,0.28475,0.081686,338.75,77.472,6.8478,13.81,31.151,4475.6,22.73,48.488,48.618,80.354,2.3175,1.6848,3097.5,41.866,54.385,94.605,9.436,60.425,34.032,42.407,2626.1,62.834,26.09,46.428,0.35499,8.9043,26.598,120.37,1.1972,73.79,24.257,2.3422,52.622,4.9259,227.17,0.015572,0.87977,65.582,18.994,44.11
472,2026-05-02T07:33:00,51.421,35.502,26.616,32.82,41.195,2702.1,3682.7,18.587,19.123,21.361,0.36197,0.081686,338.81,77.174,6.9656,13.878,31.58,4456.3,22.767,49.823,50.43,80.472,2.2463,1.6626,3102.0,42.432,54.067,94.689,9.295,61.584,39.366,40.1,2630.9,63.023,24.517,46.612,0.34073,8.7805,26.525,120.45,1.3192,75.146,23.598,2.2501,52.622,4.8621,226.13,0.015572,0.87977,65.63,19.35,44.11
473,2026-05-02T07:36:00,49.543,35.696,27.347,32.82,41.41,2702.8,3676.1,16.011,19.123,21.554,0.36,0.081686,339.67,77.488,6.9656,13.878,31.58,4466.3,23.841,45.476,49.636,80.332,2.2463,1.6626,3103.2,42.569,53.946,94.41,9.4274,60.053,37.028,40.422,2631.3,63.137,25.166,46.61,0.3381,8.7805,26.525,120.41,1.3192,75.378,23.598,2.2501,52.622,4.8621,227.21,0.015572,0.87977,65.643,19.35,44.11
474,2026-05-02T07:39:00,51.007,32.223,27.432,32.631,41.263,2703.9,3645.5,19.004,19.422,21.877,0.32936,0.081686,339.81,77.599,6.628,13.974,31.761,4404.8,22.568,48.866,49.151,80.366,2.2993,1.6623,3104.1,42.249,53.743,94.683,9.3307,61.902,35.601,41.208,2631.7,62.608,24.315,46.657,0.34682,8.7629,25.706,120.41,1.4689,74.469,23.514,2.3658,52.622,4.8128,227.72,0.015572,0.87977,65.681,19.311,44.11
475,2026-05-02T07:42:00,49.567,32.543,26.948,32.631,40.989,2704.6,3653.1,15.833,19.422,22.011,0.3261,0.094794,341.06,77.61,6.628,13.974,31.761,4447.8,23.911,45.532,50.625,80.321,2.2993,1.6623,3102.7,42.182,53.228,94.475,9.3015,61.318,39.939,40.958,2632.6,62.476,26.672,47.466,0.34888,8.7629,25.706,120.41,1.4689,75.106,23.514,2.3658,54.099,4.8128,229.82,0.038457,0.83317,65.702,19.311,44.502
476,2026-05-02T07:45:00,49.341,31.001,27.058,32.619,41.876,2704.3,3731.0,19.687,18.981,21.804,0.31754,0.094794,341.37,77.413,6.946,13.832,32.269,4463.0,22.297,45.01,50.865,80.28,2.2463,1.6609,3103.1,42.432,53.049,94.547,9.3388,62.541,40.646,42.568,2632.6,64.178,26.877,47.919,0.35805,8.8641,26.134,120.44,1.2214,74.779,23.612,2.2977,54.099,4.8745,230.14,0.038457,0.83317,65.762,18.78,44.502
477,2026-05-02T07:48:00,49.732,30.912,27.022,32.619,41.715,2704.4,3731.4,19.233,18.981,22.225,0.31845,0.094794,341.68,77.772,6.946,13.832,32.269,4410.9,22.476,45.914,49.082,80.359,2.2463,1.6609,3102.1,42.0,53.673,94.18,9.3477,60.76,35.398,42.377,2632.9,64.17,23.876,48.229,0.35961,8.8641,26.134,120.42,1.2214,74.968,23.612,2.2977,54.099,4.8745,232.05,0.038457,0.83317,65.816,18.78,44.502
478,2026-05-02T07:51:00,49.694,26.301,26.488,33.226,41.188,2701.4,3655.9,16.368,19.023,21.811,0.27062,0.094794,341.44,77.326,6.9222,13.919,32.3,4518.2,23.686,45.825,49.348,80.239,2.2474,1.6968,3100.9,42.556,53.646,94.578,9.4984,61.478,36.181,40.49,2630.1,62.77,24.718,48.405,0.34494,8.9787,26.221,120.42,1.2403,74.679,23.816,2.2981,54.099,4.9676,235.44,0.038457,0.83317,65.869,18.436,44.502
479,2026-05-02T07:54:00,48.912,26.645,27.018,33.226,41.071,2700.1,3671.3,19.42,19.023,22.381,0.26712,0.094794,342.17,77.13,6.9222,13.919,32.3,4506.9,22.406,44.015,50.037,80.132,2.2474,1.6968,3097.4,42.453,53.781,94.449,9.3207,61.751,38.21,40.921,2629.4,62.506,24.778,48.873,0.34141,8.9787,26.221,120.39,1.2403,74.947,23.816,2.2981,54.099,4.9676,235.53,0.038457,0.83317,65.893,18.436,44.502
480,2026-05-02T07:57:00,50.779,25.868,26.805,33.177,41.119,2701.8,3647.9,19.293,19.016,22.085,0.26702,0.10477,342.22,77.191,6.8465,13.717,32.592,4569.0,22.459,48.336,49.063,80.098,2.2288,1.6319,3097.7,42.387,53.911,94.698,9.3658,60.742,35.342,41.715,2630.3,63.069,23.992,48.449,0.35471,9.0747,26.18,120.38,1.287,75.314,23.71,2.2977,52.804,4.8999,232.7,0.018924,0.85443,65.881,18.749,44.298
481,2026-05-02T08:00:00,52.624,26.146,26.721,33.177,41.561,2700.8,3651.2,18.598,19.016,22.417,0.2642,0.10477,342.24,77.29,6.8465,13.717,32.592,4532.9,22.741,52.607,49.934,80.112,2.2288,1.6319,3097.7,42.411,54.343,94.538,9.2788,62.164,37.905,41.643,2630.7,63.011,24.091,48.293,0.35529,9.0747,26.18,120.42,1.287,75.386,23.71,2.2977,52.804,4.8999,234.16,0.018924,0.85443,65.872,18.749,44.298
482,2026-05-02T08:03:00,48.344,23.21,26.685,33.407,40.624,2701.4,3665.0,17.33,18.917,22.194,0.23228,0.10477,342.59,77.221,6.8884,13.979,32.559,4512.9,23.28,42.7,49.974,80.11,2.2332,1.6207,3096.7,42.463,53.844,94.667,9.4082,61.847,38.023,39.293,2630.4,63.436,23.628,48.09,0.3301,8.9964,26.256,120.4,1.1691,74.293,23.473,2.3239,52.804,4.8959,236.17,0.018924,0.85443,65.859,19.012,44.298
483,2026-05-02T08:06:00,49.802,22.975,27.175,33.407,41.287,2699.6,3702.9,16.621,18.917,22.408,0.23466,0.10477,342.29,76.93,6.8884,13.979,32.559,4492.8,23.59,46.075,49.4,79.903,2.2332,1.6207,3096.1,42.541,54.085,94.417,9.4041,61.948,36.333,39.29,2627.7,62.782,24.936,48.285,0.33012,8.9964,26.256,120.39,1.1691,74.413,23.473,2.3239,52.804,4.8959,233.73,0.018924,0.85443,65.807,19.012,44.298
484,2026-05-02T08:09:00,50.462,22.858,27.234,33.485,40.87,2700.0,3646.1,20.077,18.922,22.576,0.23412,0.10477,342.45,77.613,6.6834,13.738,32.364,4444.0,22.116,47.602,50.655,80.007,2.2717,1.6132,3094.8,42.254,54.008,94.684,9.2645,62.172,40.026,42.363,2628.3,63.406,25.372,48.192,0.36263,8.92,26.335,120.39,1.3463,74.368,24.02,2.2537,52.804,4.8109,234.58,0.018924,0.85443,65.77,19.4,44.298
485,2026-05-02T08:12:00,50.814,23.085,26.87,33.485,41.085,2699.5,3667.2,16.587,18.922,22.376,0.23181,0.12019,342.16,77.222,6.6834,13.738,32.364,4480.3,23.592,48.418,49.167,80.076,2.2717,1.6132,3094.9,42.764,53.573,94.541,9.4234,61.362,35.647,42.582,2628.5,63.044,25.786,48.595,0.36082,8.92,26.335,120.39,1.3463,75.317,24.02,2.2537,53.622,4.8109,236.06,0.015602,0.84034,65.819,19.4,43.832
486,2026-05-02T08:15:00,48.069,24.735,27.052,33.249,41.195,2700.0,3726.5,16.399,18.905,22.208,0.24701,0.12019,342.37,77.421,6.8515,13.789,32.306,4445.1,23.665,42.066,50.533,80.13,2.3137,1.6277,3096.6,42.523,52.969,94.479,9.4461,62.621,39.67,39.716,2628.5,63.912,26.271,48.932,0.33185,9.0628,26.0,120.39,1.311,74.572,23.781,2.3205,53.622,4.8959,234.73,0.015602,0.84034,65.841,18.862,43.832
487,2026-05-02T08:18:00,48.598,24.64,26.756,33.249,41.784,2700.6,3749.9,19.01,18.905,22.485,0.24797,0.12019,342.42,77.446,6.8515,13.789,32.306,4463.9,22.568,43.29,50.674,80.197,2.3137,1.6277,3095.7,42.468,52.744,94.415,9.3858,61.719,40.082,39.568,2629.8,63.509,25.936,48.956,0.33306,9.0628,26.0,120.42,1.311,75.411,23.781,2.3205,53.622,4.8959,236.9,0.015602,0.84034,65.882,18.862,43.832
488,2026-05-02T08:21:00,51.224,24.869,26.793,33.048,40.84,2700.6,3673.0,18.049,18.593,22.447,0.25388,0.12019,342.41,77.49,6.9731,13.82,32.29,4522.9,22.969,49.367,51.017,80.266,2.2826,1.6544,3096.2,42.635,53.3,94.45,9.4447,60.294,41.094,40.307,2629.8,63.466,23.926,49.146,0.33749,8.9157,26.18,120.38,1.1892,74.835,23.631,2.3111,53.622,4.7982,237.16,0.015602,0.84034,65.948,19.029,43.832
489,2026-05-02T08:24:00,51.388,24.863,26.892,33.048,41.926,2701.2,3686.5,16.573,18.593,22.254,0.25395,0.12019,342.19,77.656,6.9731,13.82,32.29,4495.1,23.586,49.747,49.007,80.31,2.2826,1.6544,3097.3,42.46,53.632,94.456,9.4292,62.35,35.179,40.285,2629.3,63.233,26.047,49.283,0.33768,8.9157,26.18,120.44,1.1892,74.897,23.631,2.3111,53.622,4.7982,238.0,0.015602,0.84034,65.985,19.029,43.832
490,2026-05-02T08:27:00,48.649,25.244,26.908,33.149,40.563,2702.1,3636.7,18.372,18.788,22.437,0.25096,0.095282,342.67,77.423,7.0587,13.96,32.492,4454.6,22.831,43.408,51.4,80.383,2.2379,1.6351,3097.3,42.433,53.678,94.581,9.4017,61.215,42.221,40.735,2631.1,62.994,25.528,49.284,0.34057,8.9008,26.217,120.36,1.3098,74.811,23.768,2.3583,53.109,4.892,236.52,0.028201,0.83851,66.071,18.128,42.744
491,2026-05-02T08:30:00,49.536,24.974,26.806,33.149,41.595,2703.3,3658.5,18.967,18.788,22.175,0.25371,0.095282,342.63,77.411,7.0587,13.96,32.492,4459.9,22.575,45.461,49.457,80.294,2.2379,1.6351,3099.1,42.521,53.615,94.591,9.399,62.051,36.501,40.747,2631.6,62.62,25.681,49.325,0.34048,8.9008,26.217,120.41,1.3098,75.421,23.768,2.3583,53.109,4.892,236.75,0.028201,0.83851,66.087,18.128,42.744
492,2026-05-02T08:33:00,51.544,22.559,26.631,33.051,39.976,2701.5,3611.9,15.892,18.385,22.267,0.23496,0.095282,342.41,77.332,6.9355,13.87,31.975,4568.8,23.869,50.106,48.709,80.112,2.3205,1.6481,3096.8,42.431,54.554,94.706,9.355,61.478,34.301,42.502,2630.6,62.545,26.597,49.575,0.35768,8.8703,26.323,120.38,1.2722,74.455,23.832,2.3096,53.109,4.8573,234.64,0.028201,0.83851,66.101,18.406,42.744
493,2026-05-02T08:36:00,48.721,22.816,27.104,33.051,41.234,2704.3,3617.9,19.898,18.385,22.507,0.23234,0.095282,342.76,77.695,6.9355,13.87,31.975,4562.4,22.17,43.573,50.812,80.216,2.3205,1.6481,3100.0,42.129,54.631,94.789,9.4027,62.994,40.49,42.862,2633.4,62.442,25.435,49.429,0.35473,8.8703,26.323,120.4,1.2722,75.154,23.832,2.3096,53.109,4.8573,237.0,0.028201,0.83851,66.05,18.406,42.744
494,2026-05-02T08:39:00,49.8,27.749,26.779,33.086,40.329,2705.4,3660.5,17.998,18.51,22.496,0.28118,0.095282,343.23,77.294,6.8587,13.805,32.278,4524.2,22.977,46.071,49.602,80.074,2.2664,1.6543,3101.9,42.632,54.493,94.64,9.4711,62.06,36.928,41.33,2633.9,62.681,25.637,49.091,0.34872,8.8533,26.418,120.39,1.3232,75.241,23.345,2.3789,53.109,4.9044,241.51,0.028201,0.83851,66.055,18.728,42.744
495,2026-05-02T08:42:00,48.674,27.611,26.774,33.086,40.656,2706.1,3638.1,21.688,18.51,22.465,0.28259,0.083973,342.98,77.318,6.8587,13.805,32.278,4518.9,21.418,43.466,51.013,79.943,2.2664,1.6543,3102.8,42.738,54.557,94.731,9.435,63.268,41.08,41.561,2634.7,63.066,25.178,49.661,0.34683,8.8533,26.418,120.4,1.3232,74.906,23.345,2.3789,53.344,4.9044,235.42,0.018537,0.82264,66.0,18.728,42.733
496,2026-05-02T08:45:00,49.337,25.039,26.598,33.725,41.065,2707.8,3687.1,19.995,18.68,22.298,0.25143,0.083973,343.54,77.019,6.8106,13.686,31.757,4517.3,22.141,45.0,49.332,79.958,2.2511,1.6325,3102.9,42.231,53.82,94.356,9.3407,64.44,36.133,40.378,2636.5,62.882,27.366,49.358,0.34237,8.8728,26.399,120.4,1.386,74.461,23.602,2.2009,53.344,4.8867,239.37,0.018537,0.82264,65.96,19.044,42.733
497,2026-05-02T08:48:00,48.751,24.939,26.694,33.725,41.499,2707.9,3675.4,17.133,18.68,22.559,0.25245,0.083973,343.72,77.115,6.8106,13.686,31.757,4533.9,23.343,43.644,49.773,79.82,2.2511,1.6325,3102.7,42.093,53.621,94.7,9.3466,62.791,37.431,40.819,2636.7,63.084,25.316,49.441,0.33876,8.8728,26.399,120.42,1.386,75.355,23.602,2.2009,53.344,4.8867,239.07,0.018537,0.82264,65.892,19.044,42.733
498,2026-05-02T08:51:00,49.137,29.9,27.153,33.363,41.237,2710.6,3694.9,17.642,18.541,22.789,0.30638,0.083973,344.16,77.547,6.844,13.639,32.206,4431.9,23.117,44.537,51.08,79.918,2.2657,1.6204,3105.0,42.568,54.049,94.409,9.5233,60.556,41.279,38.529,2639.5,63.216,24.596,49.564,0.33038,8.9377,26.312,120.42,1.0667,75.005,23.949,2.3935,53.344,4.8985,238.31,0.018537,0.82264,65.858,18.605,42.733
499,2026-05-02T08:54:00,49.472,29.848,26.924,33.363,41.603,2712.9,3661.8,18.501,18.541,22.959,0.30691,0.083973,344.03,77.683,6.844,13.639,32.206,4461.3,22.748,45.311,51.897,80.048,2.2657,1.6204,3107.7,42.327,53.697,94.41,9.4699,61.822,43.683,38.566,2642.2,63.784,24.616,49.366,0.33008,8.9377,26.312,120.43,1.0667,74.86,23.949,2.3935,53.344,4.8985,241.12,0.018537,0.82264,65.868,18.605,42.733
500,2026-05-02T08:57:00,49.944,25.823,26.778,33.079,41.605,2714.8,3672.3,19.761,18.601,22.789,0.26522,0.084522,344.33,77.582,6.9229,13.889,32.179,4533.0,22.213,46.405,51.13,80.249,2.2318,1.6475,3109.6,42.703,53.907,94.299,9.3283,62.815,41.426,38.068,2643.8,63.362,24.73,49.419,0.32207,8.8498,26.112,120.42,1.3902,74.083,23.985,2.2591,53.726,4.8433,236.39,0.011569,0.83325,65.939,19.273,43.872
501,2026-05-02T09:00:00,47.603,26.279,26.944,33.079,41.855,2713.6,3675.8,18.783,18.601,22.879,0.26058,0.084522,344.66,77.468,6.9229,13.889,32.179,4553.4,22.631,40.987,50.011,80.087,2.2318,1.6475,3109.4,42.467,53.663,94.347,9.4787,61.525,38.133,37.665,2643.8,63.303,25.324,49.251,0.32538,8.8498,26.112,120.44,1.3902,75.478,23.985,2.2591,53.726,4.8433,236.78,0.011569,0.83325,65.965,19.273,43.872
502,2026-05-02T09:03:00,50.398,26.349,26.841,33.811,41.16,2712.6,3664.7,15.964,18.355,23.093,0.26505,0.084522,344.96,77.531,7.1187,13.731,32.509,4443.9,23.824,47.455,50.181,79.904,2.273,1.6683,3105.8,42.268,53.305,94.408,9.3701,61.916,38.634,40.784,2642.3,62.8,25.346,48.93,0.35398,8.8324,26.236,120.38,1.1828,75.45,23.495,2.2987,53.726,4.9176,238.93,0.011569,0.83325,65.962,18.308,43.872
503,2026-05-02T09:06:00,50.219,26.284,26.883,33.811,41.723,2713.2,3694.1,16.715,18.355,23.528,0.2657,0.084522,344.86,77.252,7.1187,13.731,32.509,4425.5,23.505,47.041,51.882,80.051,2.273,1.6683,3106.2,42.526,53.526,94.539,9.4526,63.093,43.64,41.407,2643.1,62.293,25.286,49.012,0.34887,8.8324,26.236,120.41,1.1828,74.829,23.495,2.2987,53.726,4.9176,236.54,0.011569,0.83325,65.944,18.308,43.872
504,2026-05-02T09:09:00,51.792,22.888,27.076,33.67,41.061,2712.9,3632.9,18.183,18.034,23.149,0.23315,0.084522,345.67,77.566,6.8182,13.739,32.87,4552.5,22.883,50.681,51.387,79.855,2.247,1.6819,3105.9,42.086,54.374,94.552,9.369,63.266,42.181,39.306,2642.1,61.498,23.912,48.94,0.33126,8.9179,26.174,120.37,1.2114,74.817,23.957,2.3032,53.726,4.8049,235.89,0.011569,0.83325,65.917,18.617,43.872
505,2026-05-02T09:12:00,49.406,22.794,26.965,33.67,41.185,2715.6,3595.0,16.368,18.034,23.522,0.23411,0.086536,345.75,77.696,6.8182,13.739,32.87,4563.2,23.637,45.159,50.047,79.942,2.247,1.6819,3108.4,42.703,54.246,94.799,9.4658,59.117,38.24,38.804,2645.7,62.15,24.449,48.988,0.33537,8.9179,26.174,120.37,1.2114,74.512,23.957,2.3032,54.068,4.8049,236.81,0.040812,0.82847,65.91,18.617,43.903
506,2026-05-02T09:15:00,50.702,19.062,27.122,33.443,41.094,2717.0,3705.4,19.705,18.394,23.703,0.19172,0.086536,345.72,77.633,6.7238,13.735,32.728,4508.7,22.234,48.159,51.406,80.078,2.2242,1.618,3109.6,42.339,54.192,94.426,9.4454,61.596,42.239,39.025,2647.8,62.806,24.981,48.961,0.33425,8.858,26.436,120.41,1.0947,74.778,23.751,2.2793,54.068,4.8112,236.91,0.040812,0.82847,65.912,18.211,43.903
507,2026-05-02T09:18:00,51.006,19.126,26.741,33.443,41.005,2716.0,3674.2,22.593,18.394,23.189,0.19107,0.086536,345.75,77.236,6.7238,13.735,32.728,4483.8,21.033,48.863,49.828,79.919,2.2242,1.618,3109.1,42.259,54.489,94.604,9.4069,60.956,37.592,38.971,2645.4,63.342,23.507,49.064,0.33469,8.858,26.436,120.4,1.0947,75.489,23.751,2.2793,54.068,4.8112,235.55,0.040812,0.82847,65.933,18.211,43.903
508,2026-05-02T09:21:00,50.154,19.541,26.87,33.321,41.18,2714.1,3683.0,18.728,18.248,23.24,0.20172,0.086536,345.08,77.272,6.8348,13.884,32.888,4554.1,22.67,46.889,49.044,79.741,2.2555,1.6331,3107.8,42.25,54.706,94.463,9.3699,63.595,35.286,38.777,2643.8,64.124,24.821,48.959,0.33425,8.8415,26.168,120.39,1.1494,74.972,24.09,2.2874,54.068,4.776,236.58,0.040812,0.82847,65.876,18.442,43.903
509,2026-05-02T09:24:00,50.331,19.937,26.808,33.321,41.474,2714.3,3707.7,16.78,18.248,23.248,0.1977,0.086536,345.02,77.751,6.8348,13.884,32.888,4596.4,23.482,47.3,50.707,79.797,2.2555,1.6331,3107.9,42.09,54.198,94.37,9.5148,60.946,40.181,39.243,2643.9,63.699,24.039,48.835,0.33043,8.8415,26.168,120.42,1.1494,75.028,24.09,2.2874,54.068,4.776,237.84,0.040812,0.82847,65.845,18.442,43.903
510,2026-05-02T09:27:00,49.74,17.589,26.873,33.944,41.723,2712.6,3677.3,18.815,17.675,23.124,0.17769,0.10289,344.81,77.125,6.5379,13.778,32.483,4560.5,22.621,45.932,49.144,79.964,2.2542,1.6715,3107.5,42.199,54.138,94.479,9.3364,61.571,35.58,41.152,2642.7,63.344,25.285,48.897,0.34724,8.8876,26.881,120.4,1.341,74.681,23.843,2.3444,53.251,4.8514,235.48,0.018791,0.78751,65.881,18.602,43.196
511,2026-05-02T09:30:00,49.709,17.546,26.559,33.944,41.762,2710.8,3673.3,17.169,17.675,22.73,0.17812,0.10289,343.96,77.365,6.5379,13.778,32.483,4554.8,23.315,45.861,51.307,79.822,2.2542,1.6715,3105.4,42.694,54.207,94.565,9.3905,59.715,41.946,40.511,2639.0,63.413,25.352,48.968,0.3525,8.8876,26.881,120.4,1.341,75.694,23.843,2.3444,53.251,4.8514,233.86,0.018791,0.78751,65.859,18.602,43.196
512,2026-05-02T09:33:00,47.402,21.011,26.631,33.228,41.831,2710.7,3759.7,17.469,18.504,23.103,0.21087,0.10289,344.07,77.292,6.9763,13.519,32.444,4511.9,23.193,40.523,49.871,79.928,2.2267,1.6447,3104.8,42.195,54.37,94.358,9.3938,61.429,37.722,39.553,2640.8,64.716,23.919,48.781,0.33726,8.8627,26.508,120.44,1.2079,75.062,24.355,2.2729,53.251,4.7894,235.14,0.018791,0.78751,65.876,18.112,43.196
513,2026-05-02T09:36:00,50.706,20.802,27.02,33.228,42.72,2708.7,3764.1,17.884,18.504,22.75,0.213,0.10289,343.4,77.177,6.9763,13.519,32.444,4554.7,23.021,48.169,50.758,79.917,2.2267,1.6447,3103.6,42.183,53.858,94.275,9.3398,62.45,40.331,40.046,2638.1,64.64,23.836,48.774,0.33322,8.8627,26.508,120.43,1.2079,75.718,24.355,2.2729,53.251,4.7894,234.39,0.018791,0.78751,65.909,18.112,43.196
514,2026-05-02T09:39:00,50.771,20.929,26.942,33.74,40.619,2707.2,3650.9,18.881,18.066,22.752,0.21347,0.10289,342.81,77.256,6.8291,13.93,32.19,4562.5,22.599,48.318,49.984,79.938,2.239,1.6378,3103.5,42.7,55.036,94.49,9.3336,61.952,38.053,36.187,2636.9,62.861,25.881,48.691,0.30593,8.8475,26.341,120.38,1.0502,75.863,24.52,2.2537,53.251,4.8479,234.53,0.018791,0.78751,65.878,18.389,43.196
515,2026-05-02T09:42:00,48.919,21.049,26.985,33.74,41.941,2708.7,3676.9,20.278,18.066,22.622,0.21224,0.082399,342.87,77.756,6.8291,13.93,32.19,4568.8,21.995,44.031,49.811,80.058,2.239,1.6378,3104.6,42.556,54.961,94.613,9.3433,60.103,37.543,36.477,2637.3,62.412,25.52,47.709,0.30356,8.8475,26.341,120.39,1.0502,75.378,24.52,2.2537,54.272,4.8479,232.41,0.03188,0.79234,65.852,18.389,44.231
516,2026-05-02T09:45:00,49.528,23.364,27.102,33.59,41.19,2709.1,3704.3,17.739,18.45,22.583,0.23509,0.082399,343.1,77.379,6.9654,13.79,32.356,4518.2,23.071,45.443,50.32,80.108,2.2876,1.6899,3104.1,42.175,54.976,94.393,9.3209,60.519,39.041,41.266,2638.3,63.212,24.062,47.355,0.35325,8.8221,26.213,120.39,1.386,74.216,24.44,2.3123,54.272,4.812,230.21,0.03188,0.79234,65.851,18.432,44.231
517,2026-05-02T09:48:00,49.666,23.075,26.865,33.59,41.174,2707.2,3683.4,20.713,18.45,22.332,0.23804,0.082399,342.38,77.024,6.9654,13.79,32.356,4563.6,21.839,45.761,48.889,80.003,2.2876,1.6899,3104.1,42.4,54.432,94.697,9.4213,60.16,34.83,41.443,2635.3,63.572,26.646,46.917,0.35181,8.8221,26.213,120.41,1.386,74.568,24.44,2.3123,54.272,4.812,228.98,0.03188,0.79234,65.804,18.432,44.231
518,2026-05-02T09:51:00,50.456,21.754,27.299,33.07,40.563,2705.3,3676.0,15.991,18.024,22.864,0.21767,0.082399,342.45,77.05,7.0228,13.82,32.158,4549.2,23.838,47.59,50.021,79.9,2.2744,1.6069,3100.7,42.172,54.561,94.44,9.2795,61.602,38.163,39.824,2634.3,62.49,24.365,46.387,0.33493,8.8374,26.611,120.37,1.3314,75.906,23.867,2.2549,54.272,4.8408,228.85,0.03188,0.79234,65.723,18.566,44.231
519,2026-05-02T09:54:00,50.24,21.554,27.248,33.07,41.463,2707.0,3658.4,17.122,18.024,22.797,0.2197,0.082399,342.01,77.826,7.0228,13.82,32.158,4549.8,23.335,47.09,49.563,80.065,2.2744,1.6069,3103.1,42.258,54.554,94.843,9.2862,61.543,36.815,39.516,2635.8,62.793,23.487,46.155,0.33745,8.8374,26.611,120.4,1.3314,75.404,23.867,2.2549,54.272,4.8408,225.39,0.03188,0.79234,65.654,18.566,44.231
520,2026-05-02T09:57:00,48.09,23.486,26.979,33.209,41.03,2707.5,3618.1,19.028,18.68,22.236,0.23683,0.11782,341.16,77.189,6.8622,13.912,32.209,4545.8,22.544,42.113,51.023,80.259,2.2534,1.6578,3105.2,42.231,54.319,94.559,9.234,62.069,41.109,40.177,2636.3,62.877,25.025,45.815,0.33836,8.6963,26.319,120.4,1.1765,74.735,23.763,2.1749,54.034,4.8602,223.57,0.004552,0.82465,65.659,18.509,44.039
521,2026-05-02T10:00:00,49.571,23.302,27.092,33.209,41.05,2706.5,3622.2,18.776,18.68,22.521,0.23871,0.11782,341.37,77.066,6.8622,13.912,32.209,4554.7,22.656,45.54,50.261,80.087,2.2534,1.6578,3103.6,42.29,54.212,94.821,9.4029,59.456,38.867,40.315,2635.8,62.807,23.434,45.517,0.33723,8.6963,26.319,120.39,1.1765,75.104,23.763,2.1749,54.034,4.8602,221.06,0.004552,0.82465,65.627,18.509,44.039
522,2026-05-02T10:03:00,50.883,22.906,26.952,32.622,40.872,2707.2,3687.6,20.067,18.602,22.677,0.23305,0.11782,341.65,77.7,6.9565,13.805,31.919,4565.7,22.092,48.577,50.227,80.155,2.2623,1.6825,3103.2,41.928,54.26,94.607,9.3448,61.877,38.768,41.304,2636.2,63.033,27.124,44.984,0.34974,9.0238,26.604,120.41,1.2924,75.344,24.264,2.2724,54.034,4.9151,221.26,0.004552,0.82465,65.543,18.516,44.039
523,2026-05-02T10:06:00,48.533,22.944,27.115,32.622,40.027,2707.2,3700.8,16.747,18.602,22.528,0.23265,0.11782,341.33,77.387,6.9565,13.805,31.919,4544.2,23.493,43.139,50.08,80.285,2.2623,1.6825,3104.2,42.852,54.517,94.651,9.1574,62.91,38.336,41.364,2635.9,62.805,26.336,44.607,0.34925,9.0238,26.604,120.39,1.2924,76.275,24.264,2.2724,54.034,4.9151,219.65,0.004552,0.82465,65.537,18.516,44.039
524,2026-05-02T10:09:00,49.66,25.987,26.954,32.988,41.24,2705.8,3656.9,17.25,18.827,22.148,0.26046,0.11782,341.24,77.646,6.8522,13.809,32.23,4542.3,23.279,45.748,49.893,80.182,2.2225,1.64,3103.2,42.126,54.569,94.67,9.1839,61.66,37.786,40.073,2634.6,62.708,25.251,44.158,0.33692,8.862,26.385,120.41,1.2805,76.228,24.075,2.2288,54.034,4.7451,218.91,0.004552,0.82465,65.467,18.405,44.039
525,2026-05-02T10:12:00,50.484,26.029,26.97,32.988,40.846,2705.3,3625.8,18.614,18.827,21.922,0.26004,0.098994,341.14,77.046,6.8522,13.809,32.23,4570.9,22.721,47.654,50.196,80.168,2.2225,1.64,3102.5,42.404,54.227,94.685,9.3198,61.836,38.676,39.763,2635.1,63.243,24.392,44.481,0.33946,8.862,26.385,120.38,1.2805,75.535,24.075,2.2288,54.278,4.7451,218.25,0.026329,0.82961,65.445,18.405,44.07
526,2026-05-02T10:15:00,48.987,22.794,27.227,33.213,40.652,2701.1,3676.8,14.662,18.796,22.009,0.23513,0.098994,340.57,76.812,6.8824,13.701,31.689,4601.1,24.408,44.189,49.393,79.857,2.2248,1.687,3099.9,42.521,54.189,94.71,9.3009,62.104,36.312,40.135,2629.0,63.259,27.607,44.329,0.33709,8.9464,26.606,120.41,1.2091,76.443,24.235,2.3076,54.278,4.8897,218.03,0.026329,0.82961,65.372,18.485,44.07
527,2026-05-02T10:18:00,49.995,23.073,27.043,33.213,41.091,2702.3,3684.9,17.746,18.796,22.202,0.23228,0.098994,340.72,77.224,6.8824,13.701,31.689,4566.1,23.098,46.523,51.286,80.088,2.2248,1.687,3099.5,42.31,54.607,94.591,9.2782,59.477,41.886,40.439,2631.1,63.119,25.068,44.443,0.3346,8.9464,26.606,120.4,1.2091,75.605,24.235,2.3076,54.278,4.8897,214.87,0.026329,0.82961,65.296,18.485,44.07
528,2026-05-02T10:21:00,50.126,28.398,26.747,32.976,40.885,2703.9,3697.6,18.282,18.512,21.784,0.28749,0.098994,340.36,77.251,6.9787,13.758,31.917,4549.2,22.868,46.825,50.987,80.295,2.2774,1.6533,3102.5,41.982,54.672,94.71,9.291,60.633,41.003,38.737,2631.8,62.65,24.125,44.126,0.32393,8.9956,26.493,120.41,1.1964,75.207,23.827,2.3336,54.278,4.8023,216.49,0.026329,0.82961,65.31,18.959,44.07
529,2026-05-02T10:24:00,50.882,28.386,27.287,32.976,41.301,2701.7,3682.7,15.835,18.512,21.986,0.28761,0.098994,340.1,76.952,6.9787,13.758,31.917,4538.6,23.917,48.575,49.891,80.114,2.2774,1.6533,3102.1,42.126,54.799,94.537,9.3084,60.693,37.781,38.849,2630.3,62.907,25.579,43.94,0.32301,8.9956,26.493,120.41,1.1964,76.264,23.827,2.3336,54.278,4.8023,216.67,0.026329,0.82961,65.325,18.959,44.07
530,2026-05-02T10:27:00,48.517,26.591,27.139,33.303,41.315,2702.6,3685.5,17.376,19.093,22.031,0.2698,0.11638,340.1,77.393,6.9417,13.893,32.372,4473.8,23.258,43.102,47.611,80.167,2.2628,1.6237,3099.8,42.218,54.418,94.643,9.4456,57.422,31.069,39.345,2631.0,61.968,25.249,43.761,0.33038,8.8544,25.888,120.37,1.244,76.21,24.147,2.3117,54.029,4.7443,218.03,0.020779,0.83901,65.296,19.332,43.476
531,2026-05-02T10:30:00,47.573,26.776,26.895,33.303,41.295,2699.8,3647.4,17.883,19.093,21.435,0.26792,0.11638,339.69,76.969,6.9417,13.893,32.372,4525.6,23.062,40.918,50.429,80.166,2.2628,1.6237,3100.0,42.435,53.798,94.767,9.2561,60.181,39.362,39.698,2628.5,62.624,26.226,43.802,0.32748,8.8544,25.888,120.4,1.244,74.913,24.147,2.3117,54.029,4.7443,216.21,0.020779,0.83901,65.291,19.332,43.476
532,2026-05-02T10:33:00,49.932,22.339,26.883,33.069,39.705,2698.9,3652.3,18.804,18.732,21.898,0.22587,0.11638,339.97,77.248,6.8787,13.86,31.9,4482.6,22.67,46.376,49.737,80.171,2.2733,1.6432,3095.5,42.123,53.337,94.742,9.3213,62.143,37.327,41.265,2627.3,62.79,24.132,43.671,0.3443,8.9242,25.945,120.36,1.3674,74.828,23.989,2.358,54.029,4.9466,216.33,0.020779,0.83901,65.271,18.933,43.476
533,2026-05-02T10:36:00,48.74,22.287,26.702,33.069,40.837,2696.6,3636.5,16.241,18.732,21.539,0.2264,0.11638,339.73,77.046,6.8787,13.86,31.9,4491.8,23.755,43.618,49.638,80.078,2.2733,1.6432,3095.5,42.442,53.227,94.838,9.2423,59.681,37.034,40.74,2624.2,63.063,24.095,43.617,0.3486,8.9242,25.945,120.42,1.3674,75.154,23.989,2.358,54.029,4.9466,215.6,0.020779,0.83901,65.245,18.933,43.476
534,2026-05-02T10:39:00,49.734,26.873,27.245,32.464,39.796,2697.2,3666.7,16.709,19.095,21.659,0.27209,0.11638,339.34,77.489,6.8561,13.773,32.244,4534.1,23.544,45.919,50.115,80.228,2.2414,1.686,3096.8,42.437,53.638,94.674,9.197,62.492,38.437,40.707,2625.5,63.069,25.381,43.52,0.34228,8.8491,26.124,120.38,1.14,74.681,24.258,2.3794,54.029,4.9499,215.35,0.020779,0.83901,65.234,18.648,43.476
535,2026-05-02T10:42:00,49.824,26.879,27.003,32.464,41.649,2699.1,3675.0,17.575,19.095,21.772,0.27204,0.093778,339.27,77.489,6.8561,13.773,32.244,4515.8,23.173,46.128,48.818,80.412,2.2414,1.686,3097.8,42.284,53.857,94.716,9.2132,62.725,34.622,40.961,2627.3,62.925,25.022,43.661,0.3402,8.8491,26.124,120.43,1.14,76.06,24.258,2.3794,54.641,4.9499,215.09,0.0083529,0.86378,65.263,18.648,43.472
536,2026-05-02T10:45:00,49.787,23.561,26.951,32.881,41.43,2697.1,3678.2,19.151,18.584,21.484,0.24168,0.093778,339.34,77.122,6.8648,13.918,31.924,4527.2,22.524,46.042,50.173,80.293,2.2796,1.6592,3095.2,42.272,54.417,94.71,9.338,60.942,38.609,39.594,2625.6,63.082,25.697,43.625,0.3321,8.8395,26.154,120.4,1.4593,74.628,23.945,2.3089,54.641,4.7838,215.27,0.0083529,0.86378,65.296,18.849,43.472
537,2026-05-02T10:48:00,47.314,23.57,27.195,32.881,41.037,2693.9,3684.9,18.691,18.584,21.372,0.24159,0.093778,339.38,77.472,6.8648,13.918,31.924,4538.2,22.716,40.318,50.547,80.144,2.2796,1.6592,3093.6,42.177,54.286,94.721,9.3203,60.393,39.711,39.359,2622.0,62.968,24.924,43.699,0.33403,8.8395,26.154,120.41,1.4593,75.483,23.945,2.3089,54.641,4.7838,214.26,0.0083529,0.86378,65.261,18.849,43.472
538,2026-05-02T10:51:00,50.002,27.096,26.965,33.022,41.346,2694.5,3670.9,17.262,19.475,21.62,0.26983,0.093778,338.55,77.237,6.9094,13.851,32.084,4518.5,23.329,46.538,49.104,80.261,2.302,1.6918,3094.0,42.347,54.034,94.688,9.4617,59.124,35.464,41.571,2623.0,63.152,27.387,43.782,0.34812,8.8162,26.203,120.42,1.2587,75.005,23.494,2.3757,54.641,4.8312,213.16,0.0083529,0.86378,65.234,19.34,43.472
539,2026-05-02T10:54:00,49.887,26.747,26.753,33.022,41.234,2695.3,3690.4,18.892,19.475,21.508,0.27337,0.093778,338.74,77.533,6.9094,13.851,32.084,4508.0,22.626,46.273,50.388,80.456,2.302,1.6918,3094.2,42.055,54.159,94.573,9.3365,59.418,39.241,41.968,2624.6,62.817,25.284,43.804,0.34486,8.8162,26.203,120.41,1.2587,75.454,23.494,2.3757,54.641,4.8312,212.72,0.0083529,0.86378,65.294,19.34,43.472
540,2026-05-02T10:57:00,51.425,25.429,27.108,32.485,41.343,2695.6,3654.7,19.592,19.221,21.422,0.25976,0.097075,338.84,77.517,6.9736,13.671,32.248,4468.2,22.333,49.832,49.4,80.578,2.2055,1.6283,3095.2,42.507,53.377,94.7,9.1525,60.937,36.333,41.118,2623.5,63.036,25.32,44.147,0.33782,8.9622,26.222,120.41,1.2397,75.603,23.318,2.318,53.558,4.9048,216.04,0.023063,0.87751,65.333,19.041,43.34
541,2026-05-02T11:00:00,50.383,25.451,26.704,32.485,39.949,2692.9,3686.4,15.546,19.221,21.112,0.25953,0.097075,338.41,77.212,6.9736,13.671,32.248,4454.4,24.041,47.421,50.413,80.442,2.2055,1.6283,3093.8,42.12,53.542,94.612,9.1761,63.257,39.315,40.528,2621.3,62.49,23.956,44.329,0.34266,8.9622,26.222,120.39,1.2397,75.094,23.318,2.318,53.558,4.9048,216.97,0.023063,0.87751,65.416,19.041,43.34
542,2026-05-02T11:03:00,49.967,24.303,27.033,32.465,40.963,2692.7,3617.0,18.513,18.782,21.552,0.23987,0.097075,338.88,77.169,6.9288,13.814,32.17,4496.8,22.791,46.457,49.658,80.408,2.2766,1.669,3093.0,42.031,53.697,94.813,9.2171,60.877,37.093,38.119,2620.7,63.065,26.301,44.45,0.32226,8.9054,25.949,120.4,1.2272,74.542,23.823,2.3597,53.558,4.9304,218.57,0.023063,0.87751,65.428,19.226,43.34
543,2026-05-02T11:06:00,50.813,24.194,27.253,32.465,40.36,2692.5,3643.7,16.271,18.782,21.46,0.24098,0.097075,338.37,77.302,6.9288,13.814,32.17,4460.1,23.728,48.416,49.689,80.349,2.2766,1.669,3092.5,42.363,54.137,94.825,9.2989,61.125,37.184,38.479,2620.6,62.606,24.275,44.677,0.31931,8.9054,25.949,120.37,1.2272,76.19,23.823,2.3597,53.558,4.9304,219.01,0.023063,0.87751,65.437,19.226,43.34
544,2026-05-02T11:09:00,49.551,24.78,26.922,32.665,41.09,2693.0,3669.7,15.639,18.988,21.594,0.24958,0.097075,338.9,77.173,6.9426,13.734,32.355,4483.2,23.998,45.494,50.87,80.26,2.2353,1.6455,3091.6,42.072,53.346,94.77,9.192,61.117,40.659,40.3,2620.6,62.485,25.105,44.934,0.33475,8.9715,25.868,120.42,1.0421,74.475,23.691,2.3726,53.558,4.9025,219.09,0.023063,0.87751,65.42,18.823,43.34
545,2026-05-02T11:12:00,50.017,24.749,27.062,32.665,40.529,2693.7,3643.0,16.726,18.988,21.722,0.2499,0.084079,338.79,77.31,6.9426,13.734,32.355,4433.6,23.544,46.572,49.921,80.46,2.2353,1.6455,3092.7,42.117,53.941,94.794,9.2529,60.912,37.867,40.606,2621.8,62.945,23.548,45.493,0.33223,8.9715,25.868,120.39,1.0421,75.092,23.691,2.3726,53.938,4.9025,220.41,0.0084164,0.84537,65.489,18.823,43.227
546,2026-05-02T11:15:00,49.556,22.942,26.778,32.718,40.91,2693.4,3673.2,18.288,18.696,21.462,0.23091,0.084079,338.56,76.976,6.8801,13.925,32.144,4473.0,22.891,45.506,51.506,80.381,2.3129,1.6785,3093.5,42.461,54.416,94.876,9.2212,61.768,42.532,39.709,2621.6,62.253,26.689,45.615,0.32135,8.9485,25.821,120.4,1.2841,75.163,23.738,2.3594,53.938,4.926,224.01,0.0084164,0.84537,65.512,18.894,43.227
547,2026-05-02T11:18:00,51.59,23.022,26.573,32.718,40.559,2693.6,3652.3,15.661,18.696,21.278,0.23011,0.084079,338.47,77.465,6.8801,13.925,32.144,4537.3,23.991,50.214,49.518,80.337,2.3129,1.6785,3093.0,42.334,53.646,94.771,9.2493,59.254,36.683,39.416,2622.1,62.613,22.917,45.973,0.32375,8.9485,25.821,120.4,1.2841,75.022,23.738,2.3594,53.938,4.926,224.92,0.0084164,0.84537,65.528,18.894,43.227
548,2026-05-02T11:21:00,48.687,25.027,26.908,32.567,40.912,2693.3,3690.3,16.065,19.074,21.301,0.2493,0.084079,338.48,76.988,7.01,13.8,31.826,4501.6,23.825,43.495,50.312,80.333,2.2394,1.6532,3094.0,42.293,53.886,94.701,9.3908,60.38,39.017,41.805,2621.1,62.48,24.832,46.328,0.34609,9.0742,26.007,120.39,1.3444,74.756,23.572,2.3373,53.938,4.9597,225.86,0.0084164,0.84537,65.572,18.927,43.227
549,2026-05-02T11:24:00,48.706,25.015,26.682,32.567,40.733,2692.2,3673.1,19.07,19.074,21.081,0.24943,0.084079,338.62,77.108,7.01,13.8,31.826,4465.6,22.558,43.539,50.29,80.185,2.2394,1.6532,3092.7,42.154,54.317,94.736,9.3959,61.412,38.952,41.946,2620.2,62.776,26.124,46.427,0.34494,9.0742,26.007,120.4,1.3444,75.16,23.572,2.3373,53.938,4.9597,229.68,0.0084164,0.84537,65.587,18.927,43.227
550,2026-05-02T11:27:00,50.433,27.729,26.869,32.351,41.363,2693.4,3629.3,16.91,19.201,21.183,0.28751,0.11625,338.37,77.14,7.0188,13.743,31.86,4493.1,23.465,47.535,51.218,80.253,2.2515,1.7204,3094.5,42.173,53.883,94.811,9.3961,61.947,41.684,39.803,2621.0,62.331,27.064,46.251,0.33572,8.9749,26.482,120.39,1.3166,75.07,24.121,2.3952,54.145,4.8215,227.89,0.015968,0.86318,65.585,19.291,42.826
551,2026-05-02T11:30:00,50.844,27.748,26.553,32.351,41.074,2697.7,3608.8,20.725,19.201,21.657,0.28731,0.11625,339.55,77.347,7.0188,13.743,31.86,4463.6,21.859,48.488,49.393,80.416,2.2515,1.7204,3095.8,42.043,54.236,94.608,9.433,60.783,36.313,40.368,2626.4,62.684,23.863,46.543,0.33109,8.9749,26.482,120.41,1.3166,74.308,24.121,2.3952,54.145,4.8215,225.71,0.015968,0.86318,65.615,19.291,42.826
552,2026-05-02T11:33:00,50.161,28.041,26.758,33.099,40.227,2699.5,3627.1,18.8,18.767,21.479,0.28509,0.11625,339.62,77.663,6.8897,13.982,32.48,4460.2,22.655,46.906,50.602,80.516,2.288,1.634,3098.8,42.343,53.33,94.844,9.4574,59.558,39.871,39.133,2627.4,62.167,24.464,46.653,0.32792,8.8392,26.425,120.39,1.1656,74.862,23.906,2.2487,54.145,4.7713,225.55,0.015968,0.86318,65.651,18.877,42.826
553,2026-05-02T11:36:00,50.084,28.076,27.073,33.099,40.944,2699.4,3608.9,16.63,18.767,21.567,0.28474,0.11625,339.25,77.291,6.8897,13.982,32.48,4499.1,23.57,46.729,49.677,80.377,2.288,1.634,3099.8,42.387,52.863,94.566,9.2694,62.324,37.148,38.711,2627.8,62.479,26.852,46.809,0.33138,8.8392,26.425,120.4,1.1656,75.578,23.906,2.2487,54.145,4.7713,224.88,0.015968,0.86318,65.697,18.877,42.826
554,2026-05-02T11:39:00,48.979,21.995,27.199,33.148,40.708,2699.5,3670.3,15.706,18.949,21.908,0.22695,0.11625,339.79,77.249,6.7148,13.928,32.271,4495.6,23.954,44.171,49.124,80.366,2.2817,1.6205,3099.3,42.151,53.87,94.854,9.3588,63.143,35.521,42.151,2627.8,62.486,25.533,46.635,0.35625,8.9653,26.131,120.39,1.3538,75.325,24.224,2.3707,54.145,4.9008,227.88,0.015968,0.86318,65.72,18.678,42.826
555,2026-05-02T11:42:00,51.383,21.961,26.788,33.148,41.196,2698.4,3646.7,17.699,18.949,21.418,0.2273,0.11766,339.73,77.16,6.7148,13.928,32.271,4447.1,23.121,49.734,49.314,80.288,2.2817,1.6205,3098.2,42.648,54.45,94.539,9.4834,60.167,36.081,42.267,2627.0,62.892,25.18,47.248,0.3553,8.9653,26.131,120.42,1.3538,75.228,24.224,2.3707,53.425,4.9008,227.57,0.02794,0.85136,65.727,18.678,44.381
556,2026-05-02T11:45:00,48.624,23.839,27.18,33.101,41.723,2697.5,3704.6,21.408,19.006,21.806,0.24464,0.11766,339.88,77.377,6.7161,13.742,32.307,4518.2,21.558,43.349,50.86,80.176,2.2662,1.6854,3098.2,42.189,54.087,94.647,9.504,60.483,40.632,41.858,2625.8,63.506,26.001,47.287,0.34843,8.7302,26.585,120.43,1.2395,74.78,23.675,2.3453,53.425,4.8538,230.62,0.02794,0.85136,65.705,18.754,44.381
557,2026-05-02T11:48:00,51.417,23.991,26.701,33.101,40.998,2698.2,3694.2,16.893,19.006,21.592,0.24309,0.11766,339.9,76.809,6.7161,13.742,32.307,4510.1,23.478,49.812,51.446,80.097,2.2662,1.6854,3096.7,42.199,54.184,94.646,9.3502,61.579,42.355,41.518,2626.6,63.685,25.389,47.655,0.35121,8.7302,26.585,120.42,1.2395,74.634,23.675,2.3453,53.425,4.8538,229.97,0.02794,0.85136,65.686,18.754,44.381
558,2026-05-02T11:51:00,49.138,23.481,27.37,32.588,41.243,2698.8,3697.6,13.545,18.562,21.53,0.23926,0.11766,339.14,77.679,6.8602,13.803,32.149,4531.7,24.868,44.54,49.505,80.271,2.2596,1.6034,3099.0,42.444,53.748,94.477,9.4451,61.07,36.643,39.359,2626.2,63.772,26.341,47.916,0.32818,8.7599,26.482,120.41,1.2562,74.548,23.715,2.4333,53.425,4.9449,230.51,0.02794,0.85136,65.693,19.21,44.381
559,2026-05-02T11:54:00,49.065,23.646,26.95,32.588,41.552,2701.0,3689.4,20.063,18.562,21.794,0.23758,0.11766,339.66,77.74,6.8602,13.803,32.149,4527.0,22.111,44.37,49.341,80.652,2.2596,1.6034,3100.6,42.402,53.804,94.393,9.4097,61.717,36.16,39.591,2629.9,63.913,25.25,48.036,0.32628,8.7599,26.482,120.41,1.2562,75.037,23.715,2.4333,53.425,4.9449,232.55,0.02794,0.85136,65.793,19.21,44.381
560,2026-05-02T11:57:00,49.885,24.947,26.816,32.941,40.822,2697.7,3682.2,21.209,18.81,21.27,0.25402,0.10213,339.46,77.002,7.0552,13.708,32.25,4471.9,21.646,46.267,50.979,80.427,2.2627,1.6519,3099.8,42.146,53.311,94.485,9.3422,60.968,40.981,39.863,2626.7,62.862,26.215,48.181,0.33686,8.9033,26.084,120.4,1.1999,74.322,23.726,2.2173,53.975,4.8963,231.29,0.0066994,0.84488,65.922,19.127,43.564
561,2026-05-02T12:00:00,49.623,24.881,26.813,32.941,41.155,2696.4,3662.2,17.658,18.81,21.423,0.25468,0.10213,339.76,77.039,7.0552,13.708,32.25,4478.7,23.151,45.663,49.674,80.187,2.2627,1.6519,3097.0,42.898,53.23,94.646,9.3818,61.064,37.139,40.278,2624.6,63.206,24.185,48.086,0.33346,8.9033,26.084,120.41,1.1999,74.777,23.726,2.2173,53.975,4.8963,234.44,0.0066994,0.84488,65.912,19.127,43.564
562,2026-05-02T12:03:00,51.632,23.876,27.046,33.216,40.645,2696.9,3616.7,18.513,18.769,21.803,0.24518,0.10213,340.02,77.143,7.0268,13.628,31.944,4480.5,22.793,50.31,50.716,80.016,2.3148,1.6737,3094.8,42.386,53.346,94.732,9.3137,63.339,40.209,38.992,2624.9,62.207,24.542,48.498,0.32223,8.7549,26.275,120.36,1.2735,75.724,24.108,2.3779,53.975,4.9484,231.97,0.0066994,0.84488,65.816,18.756,43.564
563,2026-05-02T12:06:00,51.13,24.024,27.112,33.216,40.653,2700.4,3643.2,17.234,18.769,21.925,0.24368,0.10213,340.57,77.604,7.0268,13.628,31.944,4457.6,23.32,49.15,50.949,80.213,2.3148,1.6737,3098.4,42.296,53.619,94.711,9.5071,60.357,40.893,38.863,2628.6,61.751,26.302,48.451,0.32329,8.7549,26.275,120.38,1.2735,74.004,24.108,2.3779,53.975,4.9484,234.65,0.0066994,0.84488,65.804,18.756,43.564
564,2026-05-02T12:09:00,49.31,27.133,26.74,33.053,40.97,2703.9,3611.0,18.018,18.925,21.855,0.27327,0.10213,340.5,77.265,7.0092,13.824,31.576,4514.9,22.994,44.936,50.132,80.204,2.2698,1.6494,3101.8,42.028,53.815,94.734,9.3464,61.335,38.488,37.497,2631.7,62.404,25.893,48.662,0.31504,8.9883,26.444,120.4,1.3078,75.137,23.696,2.2476,53.975,4.7982,234.39,0.0066994,0.84488,65.838,18.937,43.564
565,2026-05-02T12:12:00,50.764,27.112,26.765,33.053,39.883,2704.8,3633.4,19.534,18.925,21.904,0.27349,0.095501,340.92,77.182,7.0092,13.824,31.576,4557.2,22.36,48.303,50.909,80.098,2.2698,1.6494,3103.7,42.344,53.31,94.779,9.4013,61.962,40.774,37.528,2633.7,62.018,24.499,48.524,0.31479,8.9883,26.444,120.36,1.3078,73.92,23.696,2.2476,53.718,4.7982,236.43,0.013181,0.85019,65.852,18.937,43.464
566,2026-05-02T12:15:00,52.543,30.995,26.914,32.906,41.844,2708.5,3617.4,17.647,18.555,22.316,0.31403,0.095501,341.18,77.623,6.7557,13.752,31.99,4444.2,23.147,52.418,49.348,80.213,2.2852,1.67,3106.9,42.29,54.205,94.532,9.3558,62.502,36.182,39.917,2637.8,62.321,25.614,48.673,0.33701,8.8685,26.203,120.44,1.2644,74.222,23.972,2.3254,53.718,4.9435,236.18,0.013181,0.85019,65.835,19.08,43.464
567,2026-05-02T12:18:00,49.021,30.737,26.804,32.906,40.598,2712.9,3643.1,16.599,18.555,22.242,0.31665,0.095501,342.28,77.947,6.7557,13.752,31.99,4459.1,23.572,44.268,48.086,80.326,2.2852,1.67,3109.7,42.744,54.027,94.742,9.391,62.177,32.466,39.992,2642.2,61.878,25.72,48.983,0.3364,8.8685,26.203,120.39,1.2644,75.13,23.972,2.3254,53.718,4.9435,234.08,0.013181,0.85019,65.877,19.08,43.464
568,2026-05-02T12:21:00,49.21,27.297,26.848,33.048,42.084,2713.9,3683.3,19.2,18.585,22.431,0.2799,0.095501,342.71,77.571,6.8306,13.689,32.474,4491.2,22.472,44.706,49.747,80.312,2.2827,1.6491,3111.2,42.488,53.253,94.322,9.3724,61.553,37.356,38.832,2642.6,63.408,24.2,48.964,0.3298,9.1206,26.686,120.43,1.2872,74.583,23.616,2.2741,53.718,4.8059,235.64,0.013181,0.85019,65.944,19.158,43.464
569,2026-05-02T12:24:00,50.678,27.417,26.899,33.048,40.397,2710.7,3716.5,17.847,18.585,22.304,0.27867,0.095501,343.09,76.741,6.8306,13.689,32.474,4435.7,23.067,48.103,49.574,79.97,2.2827,1.6491,3107.5,42.587,53.918,94.605,9.4481,63.43,36.847,39.081,2639.6,62.837,25.999,49.109,0.32775,9.1206,26.686,120.39,1.2872,73.973,23.616,2.2741,53.718,4.8059,235.37,0.013181,0.85019,65.943,19.158,43.464
570,2026-05-02T12:27:00,49.017,22.708,26.992,32.93,41.565,2707.3,3663.9,18.686,18.37,22.648,0.23205,0.10029,343.35,76.817,6.7403,13.881,32.364,4468.0,22.722,44.259,49.781,79.65,2.2364,1.6806,3103.7,42.061,53.281,94.454,9.3385,61.117,37.456,38.654,2637.1,63.17,25.01,49.25,0.31617,8.8538,26.191,120.41,1.2925,74.744,23.767,2.2988,54.27,4.7914,237.01,0.016901,0.85047,65.844,18.779,42.672
571,2026-05-02T12:30:00,49.503,22.584,26.646,32.93,40.992,2709.2,3673.9,16.341,18.37,22.304,0.23332,0.10029,343.54,77.518,6.7403,13.881,32.364,4466.9,23.699,45.383,49.301,79.668,2.2364,1.6806,3104.0,42.724,53.295,94.636,9.5261,62.394,36.043,37.91,2637.6,62.998,25.875,49.433,0.32227,8.8538,26.191,120.38,1.2925,75.219,23.767,2.2988,54.27,4.7914,237.22,0.016901,0.85047,65.75,18.779,42.672
572,2026-05-02T12:33:00,49.773,23.741,27.114,33.062,41.889,2710.8,3691.1,17.447,17.736,22.776,0.23811,0.10029,343.17,77.615,6.821,13.691,32.19,4478.6,23.227,46.009,49.685,79.917,2.2733,1.6198,3106.0,42.602,54.052,94.43,9.4206,60.491,37.172,40.666,2640.1,63.586,23.846,49.509,0.34128,8.9725,26.451,120.41,1.1658,74.173,24.258,2.279,54.27,4.8268,238.57,0.016901,0.85047,65.766,19.088,42.672
573,2026-05-02T12:36:00,50.858,23.669,26.775,33.062,41.323,2712.7,3657.5,17.294,17.736,22.867,0.23884,0.10029,343.15,77.781,6.821,13.691,32.19,4510.9,23.272,48.521,50.547,80.176,2.2733,1.6198,3108.5,42.651,53.665,94.343,9.4726,62.476,39.709,40.594,2642.3,64.164,24.357,49.733,0.34188,8.9725,26.451,120.4,1.1658,74.857,24.258,2.279,54.27,4.8268,238.2,0.016901,0.85047,65.866,19.088,42.672
574,2026-05-02T12:39:00,50.51,25.21,26.915,33.169,41.623,2713.8,3664.4,19.345,18.655,22.826,0.25483,0.10029,343.34,77.523,6.8578,14.0,32.451,4455.3,22.421,47.715,49.619,80.276,2.2039,1.6865,3110.2,42.135,53.548,94.374,9.554,59.873,36.98,38.415,2643.0,63.433,25.075,49.772,0.31768,8.8215,26.316,120.42,1.3357,74.727,24.254,2.3404,54.27,4.7577,239.82,0.016901,0.85047,65.982,17.861,42.672
575,2026-05-02T12:42:00,51.587,25.02,27.187,33.169,41.403,2712.9,3677.2,19.061,18.655,22.954,0.25676,0.092378,343.97,77.268,6.8578,14.0,32.451,4439.2,22.548,50.207,48.796,80.062,2.2039,1.6865,3107.5,42.362,53.74,94.412,9.5573,60.255,34.557,37.742,2641.9,63.211,24.1,49.989,0.32319,8.8215,26.316,120.39,1.3357,74.15,24.254,2.3404,53.603,4.7577,239.83,0.013282,0.84361,66.044,17.861,43.646
576,2026-05-02T12:45:00,49.849,22.326,26.825,33.145,41.367,2711.8,3629.5,16.796,18.119,22.487,0.23098,0.092378,343.78,77.267,6.9007,13.68,31.871,4576.0,23.507,46.184,51.341,80.001,2.2328,1.6374,3106.9,41.943,55.163,94.517,9.3618,63.113,42.047,42.052,2640.1,63.751,25.071,50.118,0.35582,9.1047,26.582,120.41,1.1746,74.315,24.205,2.2745,53.603,4.8474,240.64,0.013282,0.84361,66.078,18.553,43.646
577,2026-05-02T12:48:00,51.608,22.485,26.738,33.145,41.059,2710.2,3675.2,18.793,18.119,22.615,0.22936,0.092378,343.65,77.312,6.9007,13.68,31.871,4609.2,22.675,50.255,50.238,79.847,2.2328,1.6374,3106.1,42.389,54.766,94.403,9.4015,62.272,38.8,41.894,2640.2,62.963,25.347,50.169,0.35711,9.1047,26.582,120.39,1.1746,75.126,24.205,2.2745,53.603,4.8474,242.32,0.013282,0.84361,66.036,18.553,43.646
578,2026-05-02T12:51:00,50.112,27.877,26.733,33.485,41.21,2714.9,3662.4,17.157,18.0,23.094,0.28727,0.092378,343.6,77.544,6.8868,13.853,32.372,4499.3,23.35,46.793,49.913,80.109,2.2679,1.6235,3109.4,42.216,54.48,94.482,9.2918,63.472,37.845,37.978,2645.6,62.811,24.184,50.412,0.3193,9.0572,26.479,120.41,1.1821,75.546,24.105,2.2877,53.603,4.7791,241.83,0.013282,0.84361,66.058,18.613,43.646
579,2026-05-02T12:54:00,48.418,27.998,26.765,33.485,42.38,2716.9,3649.5,18.823,18.0,22.937,0.28604,0.092378,344.04,77.831,6.8868,13.853,32.372,4492.4,22.631,42.873,50.532,80.181,2.2679,1.6235,3112.2,42.511,54.563,94.385,9.359,60.794,39.667,37.98,2647.5,63.032,24.099,50.575,0.31928,9.0572,26.479,120.41,1.1821,75.351,24.105,2.2877,53.603,4.7791,242.21,0.013282,0.84361,66.119,18.613,43.646
580,2026-05-02T12:57:00,51.802,23.461,26.754,33.176,41.373,2713.7,3682.3,19.427,18.35,22.578,0.2367,0.086855,343.75,77.103,6.6855,13.769,32.251,4537.0,22.399,50.705,49.392,79.89,2.2901,1.6516,3110.2,42.872,53.912,94.532,9.3812,62.472,36.311,40.403,2642.6,62.579,23.871,50.74,0.33666,8.777,26.384,120.37,1.0394,75.178,24.192,2.2849,53.39,4.8053,240.82,0.02636,0.82942,66.152,18.513,44.491
581,2026-05-02T13:00:00,50.636,23.358,26.876,33.176,40.758,2712.1,3661.2,20.334,18.35,22.787,0.23775,0.086855,344.15,76.874,6.6855,13.769,32.251,4543.8,22.031,48.005,49.737,79.7,2.2901,1.6516,3107.9,42.384,53.832,94.638,9.3458,61.641,37.326,39.773,2640.9,62.942,24.702,50.635,0.34182,8.777,26.384,120.37,1.0394,74.668,24.192,2.2849,53.39,4.8053,243.48,0.02636,0.82942,66.091,18.513,44.491
582,2026-05-02T13:03:00,50.195,24.371,26.976,33.102,41.917,2712.0,3701.6,17.684,17.873,23.245,0.24817,0.086855,343.89,76.974,6.7546,13.538,32.488,4518.0,23.149,46.985,50.778,79.592,2.2513,1.7075,3105.4,42.134,54.421,94.542,9.4727,60.608,40.388,39.025,2641.5,64.102,24.647,50.828,0.32944,8.9618,26.211,120.41,1.2913,74.423,24.004,2.3008,53.39,4.816,242.86,0.02636,0.82942,66.035,18.09,44.491
583,2026-05-02T13:06:00,49.395,24.206,26.992,33.102,41.727,2712.6,3707.7,16.717,17.873,23.048,0.24984,0.086855,343.88,77.067,6.7546,13.538,32.488,4522.7,23.555,45.134,49.569,79.696,2.2513,1.7075,3106.0,42.493,54.365,94.287,9.278,64.035,36.83,39.054,2641.9,63.998,24.456,50.769,0.3292,8.9618,26.211,120.4,1.2913,75.256,24.004,2.3008,53.39,4.816,245.03,0.02636,0.82942,65.989,18.09,44.491
584,2026-05-02T13:09:00,49.562,22.037,26.884,33.357,42.23,2713.8,3684.3,16.159,18.186,22.953,0.22237,0.086855,343.7,77.659,6.9233,13.802,32.241,4586.1,23.773,45.521,49.919,79.848,2.2816,1.6826,3108.1,42.455,54.725,94.478,9.4239,60.596,37.862,35.929,2643.4,63.948,24.484,50.732,0.30204,8.9288,26.187,120.43,1.403,75.233,23.724,2.2117,53.39,4.7889,246.96,0.02636,0.82942,66.025,18.141,44.491
585,2026-05-02T13:12:00,48.505,22.01,26.904,33.357,41.551,2712.8,3675.8,19.733,18.186,22.655,0.22265,0.082817,343.17,77.185,6.9233,13.802,32.241,4588.3,22.273,43.074,49.357,80.073,2.2816,1.6826,3110.2,42.397,54.698,94.202,9.3297,61.809,36.207,35.838,2643.0,64.094,24.453,50.788,0.30279,8.9288,26.187,120.39,1.403,74.997,23.724,2.2117,54.231,4.7889,243.69,0.020664,0.80854,66.109,18.141,44.255
586,2026-05-02T13:15:00,51.078,23.863,26.85,33.13,41.898,2711.4,3669.8,18.008,18.583,22.608,0.24788,0.082817,343.42,77.153,7.0162,13.82,32.025,4581.9,23.01,49.03,49.338,79.866,2.2864,1.6676,3106.3,42.317,54.761,94.614,9.4273,63.536,36.151,39.132,2640.2,62.757,26.048,50.792,0.33179,8.9069,26.258,120.38,1.1872,75.03,23.737,2.2924,54.231,4.6592,243.34,0.020664,0.80854,66.135,18.554,44.255
587,2026-05-02T13:18:00,49.881,24.19,27.044,33.13,40.934,2712.1,3662.3,20.824,18.583,22.747,0.24456,0.082817,343.13,77.356,7.0162,13.82,32.025,4585.5,21.815,46.259,49.644,80.004,2.2864,1.6676,3107.9,42.123,54.718,94.301,9.3361,61.761,37.053,39.029,2641.5,62.887,25.047,50.678,0.33264,8.9069,26.258,120.41,1.1872,76.476,23.737,2.2924,54.231,4.6592,244.28,0.020664,0.80854,66.137,18.554,44.255
588,2026-05-02T13:21:00,51.532,26.287,27.365,32.842,40.892,2712.4,3607.4,17.825,18.629,22.969,0.26612,0.082817,342.89,77.217,6.9383,13.797,32.429,4536.1,23.083,50.08,49.95,79.989,2.2094,1.6825,3106.8,42.071,54.368,94.788,9.3632,59.68,37.952,39.255,2641.9,62.935,23.363,50.726,0.33462,8.8543,26.221,120.38,1.2979,75.394,24.181,2.2276,54.231,4.8487,243.42,0.020664,0.80854,66.178,19.064,44.255
589,2026-05-02T13:24:00,49.186,26.329,26.928,32.842,40.802,2710.8,3623.2,18.272,18.629,22.8,0.26569,0.082817,342.78,76.966,6.9383,13.797,32.429,4565.1,22.908,44.651,51.082,79.778,2.2094,1.6825,3106.8,42.464,54.021,94.61,9.2243,59.839,41.283,39.427,2638.9,62.661,25.088,50.622,0.33321,8.8543,26.221,120.38,1.2979,75.35,24.181,2.2276,54.231,4.8487,244.26,0.020664,0.80854,66.148,19.064,44.255
590,2026-05-02T13:27:00,49.642,22.286,26.893,33.184,40.773,2708.9,3634.8,19.209,18.165,22.834,0.22788,0.092146,343.33,77.102,6.9426,13.704,32.303,4498.4,22.511,45.706,48.177,79.669,2.267,1.6723,3103.0,42.627,53.562,94.722,9.3059,61.668,32.734,38.856,2638.8,63.055,24.806,50.355,0.33264,8.6753,26.822,120.38,1.1644,75.383,23.707,2.3018,53.474,4.8083,240.67,0.015652,0.81611,66.061,17.939,43.159
591,2026-05-02T13:30:00,51.321,22.426,26.976,33.184,41.915,2711.4,3633.2,17.528,18.165,23.064,0.22645,0.092146,343.4,77.412,6.9426,13.704,32.303,4497.4,23.209,49.592,48.872,79.898,2.267,1.6723,3104.1,42.046,53.573,94.616,9.3538,62.907,34.78,39.194,2640.4,63.082,23.51,50.027,0.32987,8.6753,26.822,120.42,1.1644,76.153,23.707,2.3018,53.474,4.8083,241.35,0.015652,0.81611,66.012,17.939,43.159
592,2026-05-02T13:33:00,50.914,23.383,27.311,33.505,40.003,2713.3,3647.8,17.827,18.353,23.091,0.2375,0.092146,342.77,77.518,6.7512,13.831,32.443,4610.4,23.073,48.649,50.65,80.11,2.2652,1.663,3107.1,42.202,55.028,94.595,9.2249,59.785,40.014,37.617,2642.3,62.738,24.721,49.887,0.32162,8.8732,26.284,120.39,1.2386,75.133,24.073,2.2329,53.474,4.7452,239.87,0.015652,0.81611,66.054,18.634,43.159
593,2026-05-02T13:36:00,49.002,23.439,26.846,33.505,41.613,2713.1,3650.8,14.852,18.353,22.792,0.23692,0.092146,342.67,77.316,6.7512,13.831,32.443,4550.5,24.322,44.223,50.821,80.144,2.2652,1.663,3107.5,42.137,55.745,94.649,9.3533,59.924,40.516,38.318,2641.8,62.686,25.915,49.745,0.31588,8.8732,26.284,120.43,1.2386,75.053,24.073,2.2329,53.474,4.7452,238.37,0.015652,0.81611,66.116,18.634,43.159
594,2026-05-02T13:39:00,48.294,22.007,26.94,33.194,41.24,2709.9,3673.8,14.873,18.54,22.275,0.22051,0.092146,342.01,76.979,6.8425,13.873,32.181,4511.9,24.321,42.586,49.578,80.112,2.3085,1.6637,3107.4,42.86,54.584,94.528,9.3703,58.565,36.859,39.888,2638.8,64.004,22.433,49.354,0.33019,8.8419,26.102,120.38,1.2293,75.289,24.13,2.2304,53.474,4.7902,239.68,0.015652,0.81611,66.135,18.255,43.159
595,2026-05-02T13:42:00,50.392,21.859,26.748,33.194,41.831,2705.3,3662.0,17.065,18.54,22.013,0.22202,0.078998,341.34,76.648,6.8425,13.873,32.181,4544.8,23.415,47.441,49.105,79.829,2.3085,1.6637,3103.2,42.458,54.191,94.599,9.3285,59.433,35.467,39.382,2634.2,64.207,25.036,49.564,0.33434,8.8419,26.102,120.42,1.2293,74.793,24.13,2.2304,53.198,4.7902,236.0,-0.0029266,0.81317,66.057,18.255,44.791
596,2026-05-02T13:45:00,50.15,24.163,26.665,32.88,40.688,2701.2,3684.4,17.341,18.55,21.94,0.24666,0.078998,341.35,76.892,6.8079,13.726,32.369,4555.0,23.307,46.882,50.705,79.587,2.2368,1.6339,3099.5,42.436,55.055,94.628,9.3178,60.48,40.175,39.793,2630.0,63.101,24.53,49.177,0.34048,8.9801,26.417,120.4,1.2239,76.921,24.608,2.3369,53.198,4.8195,238.13,-0.0029266,0.81317,65.948,18.678,44.791
597,2026-05-02T13:48:00,49.541,24.306,26.939,32.88,41.234,2702.1,3658.3,15.62,18.55,22.344,0.24521,0.078998,341.49,77.022,6.8079,13.726,32.369,4533.8,24.03,45.471,51.714,79.762,2.2368,1.6339,3098.7,42.241,55.309,94.657,9.3445,58.854,43.146,40.473,2631.1,63.55,26.097,48.885,0.3349,8.9801,26.417,120.39,1.2239,76.014,24.608,2.3369,53.198,4.8195,239.22,-0.0029266,0.81317,65.878,18.678,44.791
598,2026-05-02T13:51:00,50.417,22.264,27.015,32.66,40.939,2702.1,3692.6,17.707,18.269,22.185,0.22769,0.078998,340.75,77.433,7.0414,13.645,31.779,4544.2,23.135,47.5,50.063,80.056,2.2218,1.6031,3100.0,42.407,54.196,94.593,9.3029,60.362,38.285,38.449,2630.9,63.317,25.858,48.965,0.31896,8.8334,26.147,120.39,1.4539,75.635,24.005,2.2319,53.198,4.8131,236.1,-0.0029266,0.81317,65.876,18.288,44.791
599,2026-05-02T13:54:00,48.541,22.425,26.729,32.66,40.866,2701.4,3678.7,19.707,18.269,21.925,0.22605,0.078998,340.24,77.242,7.0414,13.645,31.779,4532.8,22.294,43.157,49.091,80.236,2.2218,1.6031,3100.9,42.373,54.333,94.476,9.1833,61.35,35.425,38.248,2631.0,63.556,24.655,48.733,0.32061,8.8334,26.147,120.39,1.4539,75.907,24.005,2.2319,53.198,4.8131,236.44,-0.0029266,0.81317,65.954,18.288,44.791
600,2026-05-02T13:57:00,49.603,28.213,26.723,32.61,40.32,2701.1,3629.1,18.965,19.124,21.996,0.28389,0.093799,340.14,76.656,6.8741,13.961,31.691,4584.2,22.624,45.616,50.429,80.082,2.3,1.6114,3098.7,41.875,54.725,94.711,9.2612,60.832,39.362,37.298,2629.6,62.321,25.667,48.696,0.30886,8.926,25.878,120.38,1.3829,75.795,24.1,2.3209,53.946,4.8071,233.3,0.013396,0.82492,65.983,18.768,44.761
601,2026-05-02T14:00:00,49.323,28.193,26.948,32.61,40.928,2699.2,3635.4,17.316,19.124,21.743,0.2841,0.093799,339.52,77.18,6.8741,13.961,31.691,4530.8,23.32,44.967,49.074,79.906,2.3,1.6114,3097.8,42.427,55.365,94.668,9.1996,59.864,35.376,37.133,2627.1,62.212,26.394,48.573,0.31022,8.926,25.878,120.41,1.3829,75.401,24.1,2.3209,53.946,4.8071,231.91,0.013396,0.82492,65.901,18.768,44.761
602,2026-05-02T14:03:00,49.448,29.328,26.951,32.414,40.146,2701.0,3653.8,18.587,18.158,21.937,0.29886,0.093799,339.51,77.634,6.908,13.731,32.474,4574.8,22.772,45.256,49.078,80.199,2.2418,1.6554,3098.9,41.924,53.7,94.838,9.2332,60.971,35.387,41.242,2629.1,63.291,23.813,48.235,0.34578,9.1848,26.535,120.41,1.155,74.854,23.631,2.2332,53.946,4.8244,232.92,0.013396,0.82492,65.929,18.739,44.761
603,2026-05-02T14:06:00,48.945,29.311,27.161,32.414,40.811,2700.1,3685.0,16.244,18.158,21.798,0.29905,0.093799,339.27,77.414,6.908,13.731,32.474,4495.6,23.755,44.093,49.187,80.302,2.2418,1.6554,3099.4,42.278,54.649,94.555,9.1788,61.114,35.708,41.35,2628.0,62.755,24.013,48.092,0.3449,9.1848,26.535,120.42,1.155,74.593,23.631,2.2332,53.946,4.8244,231.72,0.013396,0.82492,65.938,18.739,44.761
604,2026-05-02T14:09:00,50.326,21.736,26.824,33.03,40.894,2697.5,3632.9,18.456,18.645,21.827,0.22689,0.093799,339.53,77.091,6.8549,13.852,31.843,4492.2,22.839,47.288,49.983,80.253,2.2751,1.7129,3096.4,42.266,54.766,94.744,9.3526,59.355,38.049,38.207,2626.1,63.345,24.182,47.745,0.32049,9.0699,26.531,120.4,1.2979,75.056,23.776,2.3065,53.946,4.8745,232.81,0.013396,0.82492,65.948,19.173,44.761
605,2026-05-02T14:12:00,49.749,22.228,26.958,33.03,41.067,2695.6,3659.6,19.079,18.645,21.662,0.22189,0.10216,338.78,77.159,6.8549,13.852,31.843,4499.2,22.576,45.953,51.93,80.211,2.2751,1.7129,3094.4,42.448,54.683,94.742,9.3405,60.882,43.778,38.098,2624.0,62.886,25.012,47.832,0.32138,9.0699,26.531,120.4,1.2979,75.946,23.776,2.3065,54.238,4.8745,232.07,0.024955,0.84767,65.94,19.173,43.52
606,2026-05-02T14:15:00,48.559,28.155,27.038,32.816,40.862,2694.8,3674.1,14.591,19.08,21.609,0.28417,0.10216,338.34,77.466,6.8401,13.827,31.757,4505.2,24.464,43.198,51.262,80.264,2.2992,1.6466,3094.0,42.284,53.515,94.657,9.3226,61.566,41.815,39.866,2623.0,63.102,24.996,47.619,0.33303,8.8202,25.964,120.4,1.2216,75.673,23.503,2.3635,54.238,4.8298,233.01,0.024955,0.84767,65.915,18.786,43.52
607,2026-05-02T14:18:00,51.067,28.172,27.47,32.816,40.937,2694.0,3656.5,20.489,19.08,22.102,0.28399,0.10216,339.24,77.431,6.8401,13.827,31.757,4499.3,21.978,49.004,49.869,80.327,2.2992,1.6466,3092.2,42.359,53.584,94.714,9.2425,57.678,37.714,39.665,2623.2,63.405,24.876,47.671,0.33468,8.8202,25.964,120.41,1.2216,75.39,23.503,2.3635,54.238,4.8298,230.97,0.024955,0.84767,65.936,18.786,43.52
608,2026-05-02T14:21:00,47.39,29.256,26.689,32.983,41.128,2691.8,3664.6,18.41,19.237,21.108,0.29782,0.10216,338.83,76.758,6.8755,13.86,31.715,4474.3,22.871,40.494,49.177,80.311,2.3074,1.6904,3092.6,42.215,54.799,94.672,9.2063,59.58,35.677,39.564,2619.6,63.428,26.393,47.54,0.33025,9.0002,25.923,120.39,1.1213,75.046,23.282,2.2797,54.238,4.9289,230.94,0.024955,0.84767,65.933,19.19,43.52
609,2026-05-02T14:24:00,51.313,29.08,26.612,32.983,40.728,2688.8,3662.8,18.071,19.237,21.478,0.29961,0.10216,338.39,77.108,6.8755,13.86,31.715,4504.1,23.011,49.572,51.289,80.056,2.3074,1.6904,3088.6,42.239,54.442,94.707,9.2453,60.727,41.893,39.455,2617.3,63.459,24.989,47.492,0.33114,9.0002,25.923,120.4,1.1213,75.614,23.282,2.2797,54.238,4.9289,230.05,0.024955,0.84767,65.882,19.19,43.52
610,2026-05-02T14:27:00,52.236,30.274,26.949,32.757,40.944,2688.1,3686.5,18.841,19.359,21.318,0.30494,0.10365,338.3,77.175,6.9927,13.795,31.753,4474.2,22.686,51.71,48.919,80.182,2.2484,1.6892,3088.8,42.068,53.773,94.704,9.2844,59.768,34.92,40.043,2616.1,62.765,26.018,47.886,0.33382,9.0996,26.449,120.39,1.117,75.109,23.548,2.3217,54.206,4.894,230.77,-0.0065505,0.84378,65.86,19.108,44.096
611,2026-05-02T14:30:00,50.304,30.195,26.686,32.757,40.774,2690.4,3626.5,18.261,19.359,21.127,0.30575,0.10365,338.38,77.368,6.9927,13.795,31.753,4492.3,22.912,47.239,50.08,80.468,2.2484,1.6892,3089.1,42.341,53.556,94.733,9.2384,60.493,38.336,39.967,2618.0,63.797,25.121,48.012,0.33444,9.0996,26.449,120.4,1.117,75.947,23.548,2.3217,54.206,4.894,230.74,-0.0065505,0.84378,65.877,19.108,44.096
612,2026-05-02T14:33:00,49.78,30.379,26.798,33.103,40.907,2691.7,3656.7,20.668,19.097,21.692,0.3059,0.10365,338.62,77.428,6.9607,13.917,32.115,4510.4,21.886,46.025,49.823,80.706,2.3081,1.631,3089.3,42.319,53.479,94.563,9.1001,61.712,37.58,39.011,2620.3,62.2,25.744,48.171,0.32812,8.9486,25.687,120.42,1.2394,75.451,24.005,2.315,54.206,4.8733,230.29,-0.0065505,0.84378,65.992,19.22,44.096
613,2026-05-02T14:36:00,49.993,30.349,26.83,33.103,39.849,2687.9,3650.5,16.765,19.097,21.311,0.3062,0.10365,338.23,76.924,6.9607,13.917,32.115,4447.9,23.548,46.518,47.907,80.318,2.3081,1.631,3088.1,42.317,54.226,94.846,9.2222,61.046,31.941,39.573,2615.9,62.307,26.304,48.148,0.32351,8.9486,25.687,120.38,1.2394,75.164,24.005,2.315,54.206,4.8733,231.88,-0.0065505,0.84378,66.011,19.22,44.096
614,2026-05-02T14:39:00,50.09,26.985,26.911,32.588,40.737,2685.6,3635.6,16.085,18.647,21.305,0.27572,0.10365,338.44,77.208,6.8202,13.843,31.892,4452.5,23.835,46.741,48.952,80.145,2.2937,1.67,3085.1,42.397,53.83,94.77,9.1429,59.951,35.017,41.126,2613.2,62.754,24.505,48.151,0.3379,8.9696,26.011,120.38,1.2624,74.794,23.549,2.2821,54.206,5.0021,233.23,-0.0065505,0.84378,65.967,18.973,44.096
615,2026-05-02T14:42:00,49.815,27.062,26.947,32.588,40.433,2688.9,3629.9,17.56,18.647,21.832,0.27494,0.11828,339.09,77.441,6.8202,13.843,31.892,4449.9,23.203,46.105,51.575,80.576,2.2937,1.67,3086.2,42.287,53.861,94.818,9.2388,60.638,42.734,40.809,2616.8,62.853,25.101,48.335,0.3405,8.9696,26.011,120.39,1.2624,75.619,23.549,2.2821,53.811,5.0021,231.62,0.019662,0.84167,65.961,18.973,44.46
616,2026-05-02T14:45:00,48.586,29.408,26.489,32.618,41.309,2687.1,3697.4,19.369,19.232,20.825,0.29814,0.11828,338.58,77.031,6.8365,13.924,32.63,4464.7,22.451,43.262,51.413,80.402,2.3127,1.6433,3086.9,41.914,54.238,94.7,9.3302,61.274,42.259,39.604,2614.1,62.916,25.185,48.391,0.33478,8.8272,25.916,120.42,1.3203,74.993,23.657,2.3351,53.811,4.8638,231.92,0.019662,0.84167,66.014,19.052,44.46
617,2026-05-02T14:48:00,49.248,29.371,26.992,32.618,41.236,2686.0,3688.6,18.012,19.232,20.979,0.29852,0.11828,338.36,76.942,6.8365,13.924,32.63,4481.3,23.023,44.794,50.151,80.245,2.3127,1.6433,3085.9,42.384,54.039,94.689,9.3682,59.052,38.545,39.817,2613.0,63.066,24.758,48.337,0.33303,8.8272,25.916,120.4,1.3203,75.244,23.657,2.3351,53.811,4.8638,233.5,0.019662,0.84167,65.983,19.052,44.46
618,2026-05-02T14:51:00,49.893,22.259,26.62,32.611,39.99,2684.2,3665.7,16.385,19.071,21.21,0.22646,0.11828,338.78,77.449,6.8664,13.832,32.516,4476.7,23.7,46.286,50.738,80.297,2.307,1.6889,3083.3,42.039,53.86,94.684,9.1852,59.772,40.272,41.196,2612.2,63.369,22.524,48.415,0.3403,8.7614,25.623,120.39,1.2378,75.101,23.553,2.2901,53.811,4.9293,233.61,0.019662,0.84167,65.96,19.503,44.46
619,2026-05-02T14:54:00,50.111,22.315,27.224,32.611,41.425,2683.9,3677.1,17.302,19.071,21.25,0.22589,0.11828,338.32,77.273,6.8664,13.832,32.516,4480.9,23.323,46.79,50.362,80.504,2.307,1.6889,3083.2,41.948,53.81,94.68,9.2822,61.351,39.166,41.364,2611.7,63.173,25.222,48.56,0.33892,8.7614,25.623,120.41,1.2378,75.194,23.553,2.2901,53.811,4.9293,232.92,0.019662,0.84167,66.009,19.503,44.46
620,2026-05-02T14:57:00,49.815,22.932,26.72,33.034,40.696,2683.5,3673.8,15.037,19.376,20.902,0.23365,0.10462,338.07,77.591,6.9332,14.168,32.136,4406.2,24.256,46.107,50.084,80.728,2.2735,1.6345,3084.1,42.22,53.514,94.683,9.2494,61.238,38.348,40.479,2611.7,62.995,23.951,48.582,0.32657,9.0511,25.695,120.4,1.3394,75.2,23.654,2.2879,52.998,4.8359,233.12,0.0061797,0.85236,66.074,19.191,43.705
621,2026-05-02T15:00:00,49.636,22.932,26.867,33.034,41.654,2683.7,3670.3,17.004,19.376,21.127,0.23365,0.10462,337.7,78.026,6.9332,14.168,32.136,4449.2,23.402,45.691,49.634,80.898,2.2735,1.6345,3084.9,42.227,52.999,94.62,9.2843,61.454,37.024,39.67,2612.4,63.055,24.565,48.57,0.33321,9.0511,25.695,120.41,1.3394,74.516,23.654,2.2879,52.998,4.8359,233.88,0.0061797,0.85236,66.184,19.191,43.705
622,2026-05-02T15:03:00,48.485,26.394,26.515,32.817,40.281,2681.4,3679.5,20.636,18.941,20.415,0.26901,0.10462,337.43,77.245,6.9153,13.888,31.818,4494.3,21.889,43.028,50.209,80.779,2.3268,1.6708,3082.6,42.395,53.127,94.702,9.3798,59.712,38.715,44.556,2609.2,62.296,25.258,48.977,0.3691,8.9713,25.761,120.37,1.3085,74.523,22.991,2.3172,52.998,4.9202,229.92,0.0061797,0.85236,66.238,19.467,43.705
623,2026-05-02T15:06:00,51.218,26.402,26.741,32.817,41.603,2679.8,3658.2,19.041,18.941,20.717,0.26893,0.10462,337.54,77.428,6.9153,13.888,31.818,4487.4,22.558,49.352,51.375,80.671,2.3268,1.6708,3081.8,42.271,53.21,94.832,9.3044,63.539,42.148,44.717,2607.5,62.662,24.77,48.869,0.36777,8.9713,25.761,120.4,1.3085,75.023,22.991,2.3172,52.998,4.9202,231.77,0.0061797,0.85236,66.233,19.467,43.705
624,2026-05-02T15:09:00,47.538,29.682,26.627,32.742,40.315,2680.7,3696.5,17.214,19.501,20.409,0.30161,0.10462,337.77,76.993,6.9752,13.904,31.991,4462.1,23.333,40.837,50.892,80.647,2.2777,1.709,3082.2,42.291,52.743,94.667,9.2088,64.822,40.726,40.912,2608.9,62.119,24.72,48.862,0.34007,9.0911,25.768,120.39,1.1786,74.254,22.745,2.3459,52.998,4.9772,232.5,0.0061797,0.85236,66.238,19.314,43.705
625,2026-05-02T15:12:00,48.878,29.551,26.861,32.742,40.425,2681.5,3667.8,20.181,19.501,21.122,0.30295,0.12556,338.04,77.487,6.9752,13.904,31.991,4434.5,22.073,43.938,49.346,80.469,2.2777,1.709,3081.6,42.44,53.074,94.859,9.2503,61.965,36.177,41.121,2609.1,62.613,26.643,49.135,0.33835,9.0911,25.768,120.4,1.1786,74.911,22.745,2.3459,54.134,4.9772,233.45,0.025424,0.87328,66.187,19.314,43.37
626,2026-05-02T15:15:00,50.507,28.108,26.36,32.525,40.385,2682.9,3646.4,15.357,18.948,20.838,0.29006,0.12556,338.58,77.373,6.8836,13.808,32.242,4454.5,24.107,47.707,51.148,80.575,2.2994,1.7082,3083.4,42.359,53.107,94.734,9.3373,60.391,41.479,41.056,2611.3,62.397,24.732,49.102,0.34315,8.8863,25.744,120.4,1.5093,73.391,23.034,2.3798,54.134,4.996,235.92,0.025424,0.87328,66.169,19.086,43.37
627,2026-05-02T15:18:00,50.856,28.32,26.757,32.525,39.971,2685.5,3637.3,19.387,18.948,21.399,0.28792,0.12556,338.91,77.129,6.8836,13.808,32.242,4425.3,22.412,48.514,50.573,80.606,2.2994,1.7082,3084.8,41.976,53.457,94.694,9.4485,61.432,39.787,41.129,2612.7,62.553,25.824,49.208,0.34255,8.8863,25.744,120.36,1.5093,74.423,23.034,2.3798,54.134,4.996,236.83,0.025424,0.87328,66.182,19.086,43.37
628,2026-05-02T15:21:00,50.662,25.988,26.653,32.875,41.211,2686.9,3653.3,16.852,19.2,21.305,0.26441,0.12556,338.94,77.449,6.7618,14.139,32.284,4486.9,23.478,48.067,51.24,80.594,2.2704,1.7042,3087.2,42.593,53.205,94.661,9.4869,59.359,41.748,39.632,2614.9,63.036,26.532,49.349,0.33421,8.9712,25.741,120.38,1.4935,75.051,22.798,2.262,54.134,4.877,237.37,0.025424,0.87328,66.177,19.003,43.37
629,2026-05-02T15:24:00,48.916,26.06,26.841,32.875,41.414,2688.1,3694.6,16.29,19.2,21.214,0.26368,0.12556,339.23,77.712,6.7618,14.139,32.284,4469.3,23.699,44.026,50.903,80.633,2.2704,1.7042,3087.8,42.299,53.417,94.567,9.3621,61.799,40.758,39.836,2615.8,62.326,25.953,49.621,0.33254,8.9712,25.741,120.41,1.4935,74.747,22.798,2.262,54.134,4.877,236.39,0.025424,0.87328,66.207,19.003,43.37
630,2026-05-02T15:27:00,49.7,25.494,27.381,33.13,40.871,2687.8,3675.8,20.447,19.367,21.42,0.25984,0.10147,339.74,77.485,6.8542,13.844,32.026,4482.3,21.947,45.839,48.914,80.601,2.3071,1.6445,3088.7,42.774,53.42,94.658,9.3415,62.501,34.905,44.425,2615.6,63.773,25.178,50.096,0.3693,9.0227,25.948,120.4,1.2798,73.543,23.066,2.3532,53.695,4.9523,239.68,0.015227,0.86347,66.246,19.005,43.765
631,2026-05-02T15:30:00,49.43,25.608,26.764,33.13,41.35,2689.4,3656.0,18.763,19.367,21.324,0.25868,0.10147,339.32,77.998,6.8542,13.844,32.026,4471.6,22.637,45.214,49.978,80.706,2.3071,1.6445,3088.5,42.426,53.548,94.408,9.3137,63.728,38.034,44.512,2617.3,64.114,24.355,50.502,0.36859,9.0227,25.948,120.41,1.2798,74.941,23.066,2.3532,53.695,4.9523,240.04,0.015227,0.86347,66.285,19.005,43.765
632,2026-05-02T15:33:00,49.648,27.987,27.022,33.397,41.853,2690.8,3648.5,19.236,18.736,21.493,0.28515,0.10147,340.12,77.664,7.0259,13.686,32.281,4477.2,22.444,45.72,50.354,80.771,2.3091,1.6656,3090.5,42.445,53.439,94.531,9.3773,64.565,39.141,40.738,2618.6,63.502,24.347,50.83,0.33687,9.061,26.093,120.41,1.3561,74.641,23.137,2.3808,53.695,4.8629,241.19,0.015227,0.86347,66.368,19.166,43.765
633,2026-05-02T15:36:00,50.515,28.094,26.88,33.397,41.072,2691.6,3698.3,18.922,18.736,21.444,0.28407,0.10147,339.68,77.28,7.0259,13.686,32.281,4513.8,22.587,47.726,49.076,80.73,2.3091,1.6656,3091.7,42.381,53.0,94.501,9.4089,62.099,35.38,40.353,2619.4,62.645,25.478,51.325,0.34002,9.061,26.093,120.4,1.3561,75.231,23.137,2.3808,53.695,4.8629,240.45,0.015227,0.86347,66.417,19.166,43.765
634,2026-05-02T15:39:00,49.023,25.602,27.171,33.165,40.929,2691.2,3633.0,16.929,19.004,21.85,0.26074,0.10147,340.34,77.385,6.9478,13.8,32.014,4447.6,23.427,44.272,49.713,80.557,2.3633,1.6651,3089.4,42.428,53.344,94.67,9.3724,61.559,37.255,38.557,2620.3,62.209,25.313,51.435,0.31942,8.877,25.865,120.41,1.2425,75.208,23.281,2.3584,53.695,4.9187,244.05,0.015227,0.86347,66.468,18.813,43.765
635,2026-05-02T15:42:00,50.061,25.607,26.896,33.165,40.388,2693.8,3613.7,18.054,19.004,22.017,0.26068,0.085058,341.13,77.765,6.9478,13.8,32.014,4462.6,22.935,46.675,50.919,80.572,2.3633,1.6651,3090.9,42.815,53.165,94.586,9.5333,61.892,40.804,38.078,2622.8,62.542,24.147,51.563,0.32335,8.877,25.865,120.38,1.2425,74.568,23.281,2.3584,53.796,4.9187,245.3,0.0055588,0.82428,66.458,18.813,44.642
636,2026-05-02T15:45:00,51.507,28.294,26.904,32.93,41.165,2694.3,3629.3,18.14,18.6,21.728,0.28591,0.085058,341.34,77.188,6.6778,13.887,32.358,4509.1,22.916,50.021,50.279,80.393,2.2979,1.6929,3093.3,42.052,53.439,94.778,9.3991,61.067,38.92,39.903,2622.7,62.858,24.0,51.826,0.33232,9.1024,26.141,120.4,1.4514,74.526,23.207,2.2772,53.796,5.0015,246.22,0.0055588,0.82428,66.477,18.957,44.642
637,2026-05-02T15:48:00,48.889,28.349,26.729,32.93,41.129,2696.7,3656.4,17.916,18.6,21.927,0.28536,0.085058,342.15,77.462,6.6778,13.887,32.358,4477.5,23.006,43.963,51.547,80.318,2.2979,1.6929,3093.8,42.582,53.817,94.535,9.3748,63.594,42.653,39.977,2625.6,62.392,23.85,52.025,0.33171,9.1024,26.141,120.37,1.4514,73.852,23.207,2.2772,53.796,5.0015,247.91,0.0055588,0.82428,66.442,18.957,44.642
638,2026-05-02T15:51:00,48.037,24.754,26.797,32.757,41.193,2698.1,3690.5,16.349,19.359,21.965,0.25535,0.085058,342.16,77.487,7.0168,13.968,32.239,4470.7,23.657,41.992,48.861,80.343,2.3011,1.655,3095.6,42.537,53.526,94.493,9.3777,62.721,34.749,40.533,2626.9,64.238,25.61,52.468,0.34654,8.7998,26.085,120.4,1.3076,73.884,23.259,2.3544,53.796,4.9258,246.84,0.0055588,0.82428,66.434,18.763,44.642
639,2026-05-02T15:54:00,50.44,24.729,26.588,32.757,41.685,2698.3,3702.2,15.165,19.359,21.83,0.2556,0.085058,342.15,77.601,7.0168,13.968,32.239,4453.2,24.151,47.552,50.439,80.485,2.3011,1.655,3097.7,42.823,53.736,94.307,9.3333,62.543,39.393,40.694,2627.6,64.037,24.832,52.595,0.34522,8.7998,26.085,120.41,1.3076,74.133,23.259,2.3544,53.796,4.9258,249.28,0.0055588,0.82428,66.479,18.763,44.642
640,2026-05-02T15:57:00,51.708,26.096,26.955,33.396,41.662,2698.7,3633.0,19.153,18.737,22.185,0.26244,0.10245,342.55,77.457,6.9871,13.983,32.534,4488.7,22.466,50.486,52.295,80.377,2.3029,1.6582,3095.1,42.215,53.773,94.513,9.3554,62.981,44.852,41.792,2627.0,62.288,26.381,52.091,0.35525,8.919,26.074,120.39,1.1727,74.881,22.795,2.3148,54.842,4.9141,247.68,0.022196,0.82639,66.532,19.092,43.818
641,2026-05-02T16:00:00,48.259,26.055,27.048,33.396,40.737,2697.2,3640.4,17.07,18.737,21.938,0.26286,0.10245,343.03,77.18,6.9871,13.983,32.534,4477.2,23.353,42.506,49.969,80.14,2.3029,1.6582,3094.7,42.817,53.911,94.533,9.485,59.915,38.008,42.072,2625.7,62.16,25.671,51.995,0.35296,8.919,26.074,120.38,1.1727,73.552,22.795,2.3148,54.842,4.9141,247.83,0.022196,0.82639,66.488,19.092,43.818
642,2026-05-02T16:03:00,52.109,23.011,26.997,33.422,40.767,2699.8,3631.0,17.444,18.881,22.536,0.23268,0.10245,343.01,77.748,6.8295,13.807,32.326,4456.9,23.178,51.415,48.906,80.215,2.2581,1.6637,3096.2,42.7,53.322,94.762,9.5748,61.385,34.879,42.689,2628.6,62.468,25.97,51.953,0.35311,8.9678,25.733,120.4,1.2444,73.83,23.511,2.3686,54.842,4.8921,247.4,0.022196,0.82639,66.427,19.147,43.818
643,2026-05-02T16:06:00,49.539,22.994,26.946,33.422,41.344,2703.6,3677.9,17.835,18.881,22.606,0.23285,0.10245,343.9,77.812,6.8295,13.807,32.326,4461.5,23.007,45.467,50.71,80.361,2.2581,1.6637,3098.4,42.453,53.268,94.543,9.4777,63.057,40.19,42.743,2632.8,61.662,26.816,52.129,0.35267,8.9678,25.733,120.39,1.2444,74.324,23.511,2.3686,54.842,4.8921,244.52,0.022196,0.82639,66.396,19.147,43.818
644,2026-05-02T16:09:00,50.084,24.695,26.925,33.885,41.331,2706.0,3664.1,18.205,18.323,22.764,0.25068,0.10245,344.04,77.688,7.0374,14.013,32.748,4484.3,22.843,46.728,48.559,80.448,2.3171,1.6755,3101.9,42.274,52.801,94.521,9.5128,61.602,33.859,40.185,2635.2,63.257,23.781,51.907,0.33579,8.8347,25.732,120.42,1.2305,74.017,23.495,2.2605,54.842,4.8932,246.06,0.022196,0.82639,66.44,18.58,43.818
645,2026-05-02T16:12:00,51.669,24.858,26.744,33.885,41.864,2705.0,3672.9,19.965,18.323,22.266,0.24902,0.097869,343.72,77.269,7.0374,14.013,32.748,4443.3,22.12,50.397,50.19,80.108,2.3171,1.6755,3102.4,42.388,53.292,94.532,9.4446,62.138,38.66,39.537,2633.1,63.105,25.33,51.693,0.34111,8.8347,25.732,120.41,1.2305,74.207,23.495,2.2605,53.732,4.8932,247.93,0.029635,0.81669,66.434,18.58,43.307
646,2026-05-02T16:15:00,50.74,20.006,26.91,34.074,40.744,2706.1,3626.7,15.914,18.269,23.016,0.20944,0.097869,344.78,77.794,6.6676,13.803,32.305,4499.1,23.818,48.247,49.624,79.997,2.2148,1.6855,3099.8,42.185,54.0,94.538,9.5669,61.278,36.994,42.845,2635.3,62.028,23.515,51.586,0.36036,8.8887,25.86,120.37,1.1227,74.437,23.6,2.3068,53.732,4.8894,248.44,0.029635,0.81669,66.346,18.179,43.307
647,2026-05-02T16:18:00,50.562,20.382,27.096,34.074,41.114,2709.1,3635.2,18.868,18.269,23.291,0.20562,0.097869,345.31,77.633,6.6676,13.803,32.305,4514.4,22.569,47.835,50.244,80.192,2.2148,1.6855,3102.9,42.624,53.817,94.692,9.4122,62.752,38.819,42.632,2638.6,61.883,24.248,51.737,0.36211,8.8887,25.86,120.38,1.1227,74.075,23.6,2.3068,53.732,4.8894,246.04,0.029635,0.81669,66.349,18.179,43.307
648,2026-05-02T16:21:00,50.488,24.088,27.048,33.79,41.103,2712.0,3687.5,19.793,18.432,23.052,0.24661,0.097869,345.44,77.525,6.9354,13.869,31.959,4559.8,22.18,47.664,50.165,80.124,2.2617,1.6726,3106.4,42.31,54.325,94.253,9.5375,63.09,38.587,40.119,2641.6,64.255,23.808,51.557,0.33757,8.7734,26.857,120.4,1.442,73.657,23.617,2.3578,53.732,4.8015,247.34,0.029635,0.81669,66.32,18.48,43.307
649,2026-05-02T16:24:00,49.748,24.071,27.606,33.79,41.78,2713.2,3711.1,18.021,18.432,23.492,0.24679,0.097869,345.69,77.397,6.9354,13.869,31.959,4559.7,22.937,45.952,50.709,79.994,2.2617,1.6726,3107.2,42.472,54.326,94.385,9.474,62.754,40.185,39.991,2642.5,63.849,24.897,51.426,0.33862,8.7734,26.857,120.42,1.442,73.879,23.617,2.3578,53.732,4.8015,248.14,0.029635,0.81669,66.274,18.48,43.307
650,2026-05-02T16:27:00,51.79,27.4,27.009,33.343,41.819,2714.6,3669.0,17.856,18.177,23.265,0.28094,0.098691,345.88,77.547,6.8027,13.902,32.335,4481.6,23.007,50.677,50.427,79.977,2.2809,1.7269,3108.1,42.549,54.596,94.251,9.4555,61.895,39.358,40.805,2644.1,62.3,24.989,51.386,0.3466,8.9712,25.887,120.42,1.1263,73.599,24.072,2.2893,53.395,4.8234,244.86,0.017865,0.81278,66.248,18.486,44.198
651,2026-05-02T16:30:00,48.066,27.798,26.886,33.343,41.285,2718.6,3631.6,16.172,18.177,23.572,0.27689,0.098691,345.95,77.792,6.8027,13.902,32.335,4533.1,23.707,42.059,49.869,80.155,2.2809,1.7269,3110.8,42.395,53.98,94.417,9.4597,63.585,37.714,40.515,2648.4,62.943,24.521,51.227,0.34897,8.9712,25.887,120.38,1.1263,74.594,24.072,2.2893,53.395,4.8234,244.65,0.017865,0.81278,66.224,18.486,44.198
652,2026-05-02T16:33:00,49.233,23.965,26.956,33.617,42.054,2718.8,3711.4,17.45,18.372,23.119,0.24406,0.098691,346.39,77.564,6.8111,13.748,32.972,4502.7,23.169,44.758,49.857,80.072,2.2504,1.6567,3111.9,42.567,54.377,94.244,9.453,62.153,37.678,41.268,2649.0,62.746,24.52,51.004,0.35083,8.8496,26.056,120.43,1.145,74.673,24.123,2.2682,53.395,4.8612,245.12,0.017865,0.81278,66.261,18.377,44.198
653,2026-05-02T16:36:00,49.366,23.843,27.072,33.617,41.792,2720.3,3670.4,19.101,18.372,23.835,0.2453,0.098691,346.82,77.665,6.8111,13.748,32.972,4530.2,22.462,45.067,50.705,80.14,2.2504,1.6567,3111.9,42.615,54.048,94.35,9.3874,62.198,40.175,40.742,2651.2,63.451,24.793,51.164,0.35514,8.8496,26.056,120.42,1.145,74.779,24.123,2.2682,53.395,4.8612,241.35,0.017865,0.81278,66.255,18.377,44.198
654,2026-05-02T16:39:00,51.393,17.473,26.605,33.909,41.895,2717.5,3693.8,16.211,18.108,23.329,0.17719,0.098691,346.77,77.128,6.865,13.851,32.71,4549.7,23.693,49.758,49.516,79.959,2.2848,1.6443,3110.1,42.723,54.142,94.351,9.3847,62.885,36.675,39.003,2647.7,63.047,24.715,50.76,0.33565,8.9952,26.482,120.41,1.1082,75.067,23.769,2.3073,53.395,4.779,243.87,0.017865,0.81278,66.237,18.346,44.198
655,2026-05-02T16:42:00,48.977,17.564,26.876,33.909,41.47,2716.8,3700.4,16.562,18.108,23.882,0.17626,0.10106,346.83,77.108,6.865,13.851,32.71,4534.7,23.545,44.165,48.056,79.806,2.2848,1.6443,3107.8,42.456,54.322,94.506,9.504,61.284,32.38,39.02,2647.5,62.932,24.963,50.564,0.3355,8.9952,26.482,120.42,1.1082,74.983,23.769,2.3073,53.603,4.779,242.55,0.025934,0.80529,66.174,18.346,44.707
656,2026-05-02T16:45:00,50.034,19.193,27.124,33.575,40.816,2714.8,3672.1,16.996,17.714,23.857,0.19676,0.10106,346.85,77.185,6.7239,13.82,32.694,4572.1,23.375,46.612,49.305,79.646,2.2475,1.6796,3105.6,42.036,54.02,94.392,9.5277,63.806,36.054,40.121,2644.8,62.988,23.919,50.351,0.34886,8.7697,26.345,120.38,1.4029,74.395,24.201,2.3199,53.603,4.8547,242.38,0.025934,0.80529,66.079,18.286,44.707
657,2026-05-02T16:48:00,50.965,19.365,26.688,33.575,41.993,2713.9,3674.6,17.199,17.714,23.296,0.19501,0.10106,345.93,77.169,6.7239,13.82,32.694,4527.9,23.298,48.768,50.526,79.534,2.2475,1.6796,3106.9,42.524,54.548,94.58,9.4658,59.947,39.647,40.882,2643.7,62.944,24.512,50.148,0.34263,8.7697,26.345,120.41,1.4029,75.092,24.201,2.3199,53.603,4.8547,242.11,0.025934,0.80529,65.992,18.286,44.707
658,2026-05-02T16:51:00,49.397,18.77,26.917,33.507,41.095,2717.6,3695.6,18.809,17.946,24.164,0.1935,0.10106,346.13,77.645,6.6577,13.752,33.046,4593.6,22.603,45.139,47.947,79.956,2.2896,1.6392,3108.9,42.414,53.987,94.426,9.5995,60.548,32.058,40.199,2648.6,63.904,25.882,49.82,0.34146,8.8278,26.711,120.38,1.1556,74.843,23.173,2.3247,53.603,4.8877,243.28,0.025934,0.80529,65.956,18.767,44.707
659,2026-05-02T16:54:00,51.355,18.609,27.293,33.507,42.652,2716.1,3713.4,19.374,17.946,23.38,0.19514,0.10106,346.04,76.873,6.6577,13.752,33.046,4546.9,22.388,49.671,49.586,79.801,2.2896,1.6392,3110.1,42.494,54.546,94.284,9.455,62.651,36.882,39.731,2645.2,63.598,26.101,49.913,0.34529,8.8278,26.711,120.45,1.1556,74.762,23.173,2.3247,53.603,4.8877,239.65,0.025934,0.80529,65.996,18.767,44.707
660,2026-05-02T16:57:00,49.317,14.897,26.961,33.892,41.127,2714.3,3741.6,16.021,17.7,23.393,0.15064,0.075975,345.64,77.552,6.851,13.629,32.128,4464.8,23.786,44.954,50.109,79.84,2.2532,1.6389,3107.3,42.027,54.39,94.393,9.3536,61.875,38.42,39.377,2644.7,63.873,25.126,49.354,0.33278,8.9194,26.384,120.41,1.2649,74.586,23.914,2.3423,53.839,4.6806,240.71,0.022759,0.77816,65.961,18.316,43.927
661,2026-05-02T17:00:00,49.964,15.092,26.806,33.892,42.153,2712.8,3767.0,18.146,17.7,23.508,0.14866,0.075975,345.26,77.241,6.851,13.629,32.128,4522.7,22.905,46.451,51.173,79.824,2.2532,1.6389,3105.8,42.317,53.697,94.298,9.3139,62.992,41.551,39.38,2642.8,63.436,22.672,49.268,0.33275,8.9194,26.384,120.4,1.2649,74.791,23.914,2.3423,53.839,4.6806,237.97,0.022759,0.77816,65.928,18.316,43.927
662,2026-05-02T17:03:00,50.249,23.162,27.2,33.895,41.657,2714.4,3642.1,19.511,18.026,22.943,0.23587,0.075975,344.78,77.572,7.188,13.898,32.366,4532.4,22.323,47.111,49.442,79.87,2.2824,1.6399,3108.5,42.737,54.728,94.381,9.3351,61.873,36.457,37.528,2644.0,64.011,24.958,49.014,0.31949,8.883,26.786,120.37,1.2222,75.076,24.045,2.2738,53.839,4.8173,237.13,0.022759,0.77816,65.901,18.378,43.927
663,2026-05-02T17:06:00,51.715,23.233,27.154,33.895,42.066,2716.0,3695.3,17.547,18.026,23.628,0.23515,0.075975,344.82,77.648,7.188,13.898,32.366,4565.2,23.142,50.503,51.133,79.98,2.2824,1.6399,3108.3,42.15,54.335,94.477,9.3688,61.564,41.434,37.648,2645.9,63.095,24.326,48.75,0.31851,8.883,26.786,120.42,1.2222,75.894,24.045,2.2738,53.839,4.8173,236.4,0.022759,0.77816,65.922,18.378,43.927
664,2026-05-02T17:09:00,49.631,20.947,26.762,33.572,40.258,2715.4,3583.6,18.868,18.378,23.282,0.21112,0.075975,344.73,77.395,7.0561,13.813,32.573,4550.7,22.584,45.681,48.692,80.117,2.2109,1.67,3108.8,42.174,54.428,94.578,9.3627,62.646,34.251,41.255,2645.9,61.931,26.62,48.62,0.34718,8.8194,26.707,120.36,1.183,75.747,24.144,2.308,53.839,4.7457,234.13,0.022759,0.77816,65.923,18.894,43.927
665,2026-05-02T17:12:00,49.149,21.039,26.816,33.572,41.083,2713.3,3609.0,18.088,18.378,22.992,0.21019,0.087828,344.03,76.936,7.0561,13.813,32.573,4533.9,22.935,44.564,50.672,79.758,2.2109,1.67,3106.7,42.02,54.629,94.865,9.1888,62.585,40.077,41.132,2642.1,61.494,25.077,47.619,0.34819,8.8194,26.707,120.38,1.183,75.329,24.144,2.308,53.559,4.7457,233.01,0.017587,0.79508,65.877,18.894,44.054
666,2026-05-02T17:15:00,49.274,18.643,27.264,33.164,40.129,2714.4,3652.4,18.794,18.212,23.464,0.18867,0.087828,344.48,77.247,6.9514,13.755,32.234,4474.2,22.637,44.854,48.778,79.764,2.2721,1.6442,3106.7,41.888,54.101,94.728,9.376,60.427,34.505,40.05,2642.9,61.678,24.749,47.152,0.33888,8.7181,26.561,120.36,1.3804,74.874,23.661,2.2312,53.559,4.8552,230.88,0.017587,0.79508,65.759,18.353,44.054
667,2026-05-02T17:18:00,51.838,18.694,26.962,33.164,41.201,2716.0,3608.3,18.443,18.212,23.574,0.18815,0.087828,344.82,77.343,6.9514,13.755,32.234,4517.0,22.786,50.787,50.469,79.7,2.2721,1.6442,3107.0,42.049,53.589,94.953,9.4767,60.198,39.48,39.962,2645.4,62.436,25.592,46.714,0.3396,8.7181,26.561,120.39,1.3804,75.305,23.661,2.2312,53.559,4.8552,228.47,0.017587,0.79508,65.644,18.353,44.054
668,2026-05-02T17:21:00,49.483,21.501,26.7,33.311,40.429,2718.7,3634.3,17.254,18.135,23.309,0.22065,0.087828,344.37,77.168,6.9227,13.773,32.629,4522.8,23.299,45.338,50.511,79.898,2.2822,1.6429,3111.4,41.713,54.873,94.67,9.4164,63.83,39.605,39.16,2648.4,62.793,26.525,46.101,0.33295,8.6801,26.665,120.4,1.1643,74.898,24.01,2.3073,53.559,4.7554,228.03,0.017587,0.79508,65.601,18.466,44.054
669,2026-05-02T17:24:00,51.848,21.744,26.96,33.311,41.043,2719.9,3660.5,17.395,18.135,23.481,0.21818,0.087828,344.66,77.46,6.9227,13.773,32.629,4537.7,23.23,50.81,49.834,79.93,2.2822,1.6429,3112.8,42.203,54.695,94.745,9.3966,62.02,37.611,39.262,2650.3,62.341,24.523,45.704,0.33212,8.6801,26.665,120.41,1.1643,75.556,24.01,2.3073,53.559,4.7554,225.2,0.017587,0.79508,65.543,18.466,44.054
670,2026-05-02T17:27:00,50.484,17.576,26.938,33.619,41.191,2722.5,3666.4,18.045,17.937,23.409,0.17903,0.10733,344.14,78.171,6.7457,13.745,32.423,4582.2,22.928,47.654,49.914,80.19,2.2227,1.61,3115.4,41.867,53.946,94.592,9.3465,59.391,37.848,39.085,2652.3,62.441,25.242,45.488,0.33684,8.9693,26.714,120.42,1.1214,75.612,24.777,2.2307,52.423,4.726,224.2,0.025548,0.81306,65.497,18.438,44.471
671,2026-05-02T17:30:00,49.288,17.613,26.706,33.619,40.439,2722.2,3693.2,20.96,17.937,23.055,0.17865,0.10733,344.03,77.58,6.7457,13.745,32.423,4505.2,21.706,44.886,51.237,80.278,2.2227,1.61,3116.2,42.409,54.868,94.588,9.4347,60.673,41.741,38.844,2651.6,61.98,24.588,45.297,0.33882,8.9693,26.714,120.4,1.1214,74.687,24.777,2.2307,52.423,4.726,220.72,0.025548,0.81306,65.546,18.438,44.471
672,2026-05-02T17:33:00,49.591,19.198,26.944,32.978,41.473,2718.2,3689.7,18.81,18.195,23.095,0.19548,0.10733,343.49,76.968,6.6636,13.848,31.667,4573.7,22.634,45.587,49.427,79.999,2.2494,1.6847,3113.4,42.265,54.172,94.527,9.4551,60.969,36.415,38.778,2647.9,63.637,23.229,44.825,0.33246,8.868,26.585,120.42,1.134,74.855,24.169,2.2697,52.423,4.7092,220.39,0.025548,0.81306,65.538,18.712,44.471
673,2026-05-02T17:36:00,49.139,19.289,27.172,32.978,41.774,2713.9,3720.8,16.394,18.195,22.979,0.19455,0.10733,342.87,76.765,6.6636,13.848,31.667,4518.4,23.672,44.542,49.307,79.583,2.2494,1.6847,3110.0,42.281,54.833,94.679,9.2921,61.026,36.062,39.092,2643.2,63.101,23.732,44.435,0.32989,8.868,26.585,120.41,1.134,76.091,24.169,2.2697,52.423,4.7092,219.27,0.025548,0.81306,65.385,18.712,44.471
674,2026-05-02T17:39:00,48.252,26.711,26.451,33.199,41.253,2714.3,3723.1,18.69,18.247,23.0,0.26829,0.10733,343.5,77.026,6.9236,13.91,32.381,4521.9,22.709,42.488,49.716,79.501,2.2633,1.6908,3107.8,41.858,54.153,94.44,9.2984,61.7,37.264,40.312,2643.8,63.949,25.536,44.147,0.34195,8.9174,26.619,120.43,1.2871,75.403,24.534,2.3181,52.423,4.894,217.11,0.025548,0.81306,65.2,18.873,44.471
675,2026-05-02T17:42:00,50.664,26.67,26.891,33.199,40.922,2714.6,3729.3,21.36,18.247,22.687,0.26871,0.10498,342.55,77.134,6.9236,13.91,32.381,4543.0,21.578,48.07,50.383,79.705,2.2633,1.6908,3109.4,42.319,53.901,94.521,9.3053,60.768,39.227,40.092,2643.6,63.842,24.61,43.783,0.34375,8.9174,26.619,120.38,1.2871,75.564,24.534,2.3181,53.103,4.894,220.31,0.02296,0.81967,65.104,18.873,42.933
676,2026-05-02T17:45:00,49.267,20.073,26.977,33.056,41.308,2712.7,3653.7,19.286,18.08,22.933,0.20102,0.10498,342.53,77.372,6.8515,13.802,32.198,4507.2,22.446,44.838,50.342,79.804,2.2043,1.6335,3106.9,42.11,53.93,94.624,9.4585,60.118,39.107,41.098,2642.7,62.947,24.009,43.694,0.35,8.947,26.353,120.41,1.3497,74.611,24.361,2.2142,53.103,4.7689,217.9,0.02296,0.81967,65.072,18.222,42.933
677,2026-05-02T17:48:00,49.513,19.71,26.907,33.056,40.813,2711.1,3649.9,17.899,18.08,22.684,0.20472,0.10498,342.36,77.402,6.8515,13.802,32.198,4489.3,23.028,45.407,49.558,79.838,2.2043,1.6335,3106.3,42.34,54.144,94.557,9.3659,63.922,36.799,41.502,2640.1,63.012,26.106,43.627,0.34669,8.947,26.353,120.37,1.3497,76.141,24.361,2.2142,53.103,4.7689,215.2,0.02296,0.81967,65.091,18.222,42.933
678,2026-05-02T17:51:00,51.15,21.517,26.981,32.736,41.739,2713.9,3671.3,17.266,18.071,23.032,0.21969,0.10498,342.39,77.453,6.905,13.878,32.546,4549.9,23.293,49.195,50.288,80.065,2.2681,1.6655,3108.2,42.414,55.055,94.675,9.2314,60.367,38.949,40.073,2643.4,63.272,23.026,43.423,0.33505,8.772,26.897,120.41,1.4818,76.297,24.343,2.2701,53.103,4.7288,214.05,0.02296,0.81967,65.098,18.774,42.933
679,2026-05-02T17:54:00,49.521,21.569,26.81,32.736,40.502,2713.0,3664.8,17.57,18.071,22.644,0.21916,0.10498,341.74,77.32,6.905,13.878,32.546,4581.2,23.169,45.424,51.272,80.03,2.2681,1.6655,3108.7,42.37,54.68,94.544,9.3473,62.296,41.842,40.092,2642.3,63.384,24.02,43.115,0.33489,8.772,26.897,120.38,1.4818,75.62,24.343,2.2701,53.103,4.7288,214.01,0.02296,0.81967,65.137,18.774,42.933
680,2026-05-02T17:57:00,50.412,18.009,26.484,32.543,41.831,2710.3,3645.7,17.898,18.15,22.377,0.1842,0.094906,341.73,77.025,6.899,13.739,32.039,4509.8,23.04,47.488,50.599,79.957,2.2312,1.6745,3106.5,42.386,54.229,94.748,9.281,60.52,39.862,41.099,2639.4,63.246,24.889,43.0,0.34343,8.8634,26.844,120.41,1.2699,74.602,24.449,2.3694,53.741,4.8467,213.35,0.0354,0.81429,65.115,18.737,44.069
681,2026-05-02T18:00:00,50.607,18.143,26.697,32.543,40.662,2707.6,3647.1,20.178,18.15,22.256,0.18283,0.094906,341.41,76.964,6.899,13.739,32.039,4566.1,22.084,47.94,49.352,79.877,2.2312,1.6745,3104.1,42.33,53.555,94.724,9.3252,60.287,36.194,41.179,2636.5,63.222,23.91,42.694,0.34277,8.8634,26.844,120.37,1.2699,75.86,24.449,2.3694,53.741,4.8467,214.04,0.0354,0.81429,65.059,18.737,44.069
682,2026-05-02T18:03:00,49.952,22.826,26.972,32.616,41.157,2708.3,3648.0,19.359,18.433,22.352,0.23112,0.094906,341.19,77.264,6.8935,13.969,31.902,4583.5,22.428,46.422,48.981,79.93,2.2464,1.6714,3104.9,42.205,53.441,94.68,9.3411,59.368,35.1,39.246,2636.9,63.241,25.651,42.736,0.32809,8.7549,26.698,120.42,1.2845,76.086,24.256,2.2669,53.741,4.8156,210.83,0.0354,0.81429,65.01,18.636,44.069
683,2026-05-02T18:06:00,50.374,22.863,27.16,32.616,41.066,2708.5,3665.4,18.98,18.433,22.264,0.23073,0.094906,340.1,77.335,6.8935,13.969,31.902,4491.2,22.59,47.4,50.47,80.006,2.2464,1.6714,3105.9,42.188,54.545,94.802,9.4311,60.943,39.482,39.16,2637.1,62.94,24.027,42.611,0.32879,8.7549,26.698,120.4,1.2845,74.778,24.256,2.2669,53.741,4.8156,209.51,0.0354,0.81429,64.967,18.636,44.069
684,2026-05-02T18:09:00,49.656,24.31,26.606,32.947,40.472,2707.0,3650.4,20.168,18.554,21.987,0.247,0.094906,340.17,77.142,6.8359,13.762,31.948,4555.9,22.097,45.738,49.345,79.926,2.2284,1.6539,3105.4,42.094,54.032,94.663,9.2372,61.883,36.173,42.175,2635.2,63.233,23.24,42.323,0.35475,8.7123,26.554,120.37,1.141,75.725,24.411,2.3437,53.741,4.7702,210.01,0.0354,0.81429,64.963,18.623,44.069
685,2026-05-02T18:12:00,50.335,24.384,26.825,32.947,41.428,2707.1,3672.9,17.44,18.554,22.129,0.24625,0.091901,340.47,77.06,6.8359,13.762,31.948,4559.9,23.253,47.31,49.488,79.876,2.2284,1.6539,3104.1,42.03,53.985,94.748,9.2723,60.567,36.594,42.23,2635.3,62.846,23.73,42.078,0.3543,8.7123,26.554,120.4,1.141,74.976,24.411,2.3437,53.467,4.7702,208.16,0.02851,0.84353,64.904,18.623,43.228
686,2026-05-02T18:15:00,47.817,24.138,27.0,32.735,40.659,2706.4,3669.6,16.836,18.599,22.154,0.24542,0.091901,340.34,77.303,6.975,13.849,32.087,4521.8,23.502,41.483,51.292,79.902,2.232,1.632,3105.0,42.218,54.497,94.654,9.282,60.993,41.903,39.381,2635.0,63.425,23.963,41.815,0.33275,8.8557,26.495,120.4,0.87871,74.769,24.399,2.2717,53.467,4.8729,207.61,0.02851,0.84353,64.862,18.914,43.228
687,2026-05-02T18:18:00,51.883,24.163,26.666,32.735,41.436,2709.8,3657.7,21.302,18.599,22.048,0.24516,0.091901,340.01,77.581,6.975,13.849,32.087,4499.1,21.607,50.891,48.079,80.256,2.232,1.632,3107.2,42.386,54.77,94.594,9.2602,61.798,32.448,39.801,2638.3,63.629,25.613,41.461,0.32931,8.8557,26.495,120.41,0.87871,74.69,24.399,2.2717,53.467,4.8729,208.07,0.02851,0.84353,64.856,18.914,43.228
688,2026-05-02T18:21:00,49.723,23.191,27.023,32.222,40.469,2708.5,3646.9,17.902,18.32,21.694,0.23169,0.091901,340.05,77.32,6.909,13.899,31.762,4526.7,23.047,45.894,50.959,80.295,2.2558,1.6437,3107.5,42.327,53.725,94.644,9.3037,62.473,40.924,40.591,2636.7,62.573,24.781,41.145,0.3418,8.9007,26.739,120.38,1.2314,75.453,24.76,2.3818,53.467,4.8133,208.03,0.02851,0.84353,64.911,18.454,43.228
689,2026-05-02T18:24:00,48.466,23.113,26.837,32.222,41.047,2707.0,3629.1,18.088,18.32,21.989,0.23249,0.091901,339.66,77.093,6.909,13.899,31.762,4510.9,22.967,42.983,51.36,80.121,2.2558,1.6437,3105.1,42.491,53.915,94.88,9.3762,60.919,42.101,40.5,2635.0,62.88,26.214,41.225,0.34255,8.9007,26.739,120.43,1.2314,74.235,24.76,2.3818,53.467,4.8133,203.59,0.02851,0.84353,64.899,18.454,43.228
690,2026-05-02T18:27:00,50.505,26.429,26.816,33.078,40.228,2707.2,3657.5,19.1,18.809,21.781,0.26714,0.10262,339.74,77.277,6.9266,13.773,31.651,4573.8,22.541,47.703,48.067,80.194,2.2453,1.6217,3106.4,42.134,54.308,94.651,9.2512,61.032,32.411,41.138,2636.0,62.913,25.137,41.466,0.34877,9.028,26.336,120.39,1.3827,74.661,24.37,2.2448,53.046,4.8728,205.62,0.001563,0.84469,64.909,18.724,42.827
691,2026-05-02T18:30:00,51.542,26.299,26.483,33.078,41.104,2708.2,3671.2,20.988,18.809,21.717,0.26846,0.10262,339.34,77.268,6.9266,13.773,31.651,4556.9,21.749,50.103,47.872,80.236,2.2453,1.6217,3107.1,42.657,54.509,94.745,9.3291,60.633,31.839,41.472,2636.5,62.676,23.67,41.541,0.34604,9.028,26.336,120.4,1.3827,73.977,24.37,2.2448,53.046,4.8728,204.84,0.001563,0.84469,64.913,18.724,42.827
692,2026-05-02T18:33:00,51.895,27.987,26.608,32.493,40.153,2707.1,3652.7,20.054,18.617,21.721,0.28272,0.10262,339.5,77.449,6.7876,13.757,31.861,4528.1,22.14,50.921,48.53,80.194,2.2615,1.6817,3107.6,42.443,54.223,94.691,9.2544,60.769,33.774,39.829,2635.6,62.808,23.326,41.409,0.33215,8.8136,26.37,120.39,1.3478,74.922,24.435,2.3192,53.046,4.7669,206.4,0.001563,0.84469,64.883,19.218,42.827
693,2026-05-02T18:36:00,48.935,28.029,26.891,32.493,41.465,2704.9,3658.8,16.892,18.617,21.529,0.28229,0.10262,339.68,76.572,6.7876,13.757,31.861,4527.3,23.496,44.068,49.514,79.927,2.2615,1.6817,3105.6,42.292,54.232,94.662,9.2261,60.904,36.668,40.12,2633.2,62.703,26.299,41.618,0.32976,8.8136,26.37,120.39,1.3478,75.151,24.435,2.3192,53.046,4.7669,204.13,0.001563,0.84469,64.886,19.218,42.827
694,2026-05-02T18:39:00,49.793,26.492,26.822,32.653,41.195,2707.4,3716.1,18.978,18.734,21.901,0.26622,0.10262,339.68,77.368,6.8299,13.811,31.647,4501.6,22.598,46.056,48.336,80.14,2.2397,1.6506,3105.3,42.011,53.295,94.65,9.2655,60.701,33.203,39.267,2636.4,62.959,23.705,41.371,0.33248,8.7641,26.769,120.41,1.3216,74.865,24.364,2.3475,53.046,4.8144,207.04,0.001563,0.84469,64.798,19.014,42.827
695,2026-05-02T18:42:00,50.286,26.329,26.508,32.653,41.089,2704.9,3666.5,20.247,18.734,21.661,0.26788,0.10254,339.44,77.205,6.8299,13.811,31.647,4515.5,22.073,47.195,48.651,80.062,2.2397,1.6506,3103.5,42.276,53.129,94.563,9.275,61.136,34.129,39.484,2634.2,63.813,27.909,41.728,0.3307,8.7641,26.769,120.4,1.3216,75.274,24.364,2.3475,53.689,4.8144,203.64,0.012908,0.84861,64.806,19.014,42.772
696,2026-05-02T18:45:00,51.405,28.892,26.919,32.355,41.244,2704.5,3680.3,21.273,18.868,21.616,0.29232,0.10254,339.07,77.435,6.9064,13.898,31.904,4481.1,21.633,49.786,49.003,80.057,2.2596,1.6307,3104.3,42.32,53.982,94.62,9.2728,59.106,35.165,39.965,2632.3,63.274,25.621,41.446,0.33827,8.8917,26.11,120.41,1.2789,75.589,24.242,2.3397,53.689,4.8106,207.14,0.012908,0.84861,64.784,19.099,42.772
697,2026-05-02T18:48:00,48.445,28.862,26.995,32.355,42.008,2704.8,3662.2,15.889,18.868,21.876,0.29262,0.10254,339.2,76.973,6.9064,13.898,31.904,4473.1,23.912,42.934,50.552,80.051,2.2596,1.6307,3103.6,42.774,54.079,94.473,9.2292,62.809,39.724,40.343,2632.8,63.585,25.184,41.647,0.33518,8.8917,26.11,120.43,1.2789,75.531,24.242,2.3397,53.689,4.8106,205.23,0.012908,0.84861,64.793,19.099,42.772
698,2026-05-02T18:51:00,50.683,26.555,26.915,32.494,40.061,2703.1,3693.1,21.262,19.05,21.879,0.27492,0.10254,339.52,77.085,6.7902,13.77,31.657,4487.2,21.646,48.116,52.386,79.986,2.2336,1.6588,3101.6,42.288,53.653,94.735,9.2901,61.569,45.122,41.575,2631.4,62.395,25.183,41.418,0.34446,8.7191,26.541,120.36,1.2665,74.788,24.289,2.3062,53.689,4.7784,208.13,0.012908,0.84861,64.772,18.833,42.772
699,2026-05-02T18:54:00,49.551,26.65,26.811,32.494,41.81,2702.7,3685.3,19.27,19.05,22.109,0.27396,0.10254,340.11,77.201,6.7902,13.77,31.657,4526.9,22.487,45.495,49.855,79.966,2.2336,1.6588,3099.7,42.647,53.179,94.622,9.3016,59.938,37.674,41.231,2631.4,62.529,26.025,41.501,0.34727,8.7191,26.541,120.42,1.2665,75.23,24.289,2.3062,53.689,4.7784,207.56,0.012908,0.84861,64.727,18.833,42.772
700,2026-05-02T18:57:00,52.371,29.513,26.864,32.539,40.629,2705.8,3693.4,16.228,18.736,22.099,0.30117,0.10845,339.97,77.578,6.9346,13.924,32.109,4495.5,23.762,52.021,49.888,80.311,2.2871,1.6806,3104.3,42.277,54.177,94.632,9.2329,60.917,37.769,39.956,2635.5,63.44,25.105,41.657,0.32983,8.7591,26.384,120.4,1.3669,75.442,24.05,2.2863,53.702,4.8374,207.47,0.025569,0.86009,64.786,18.92,43.626
701,2026-05-02T19:00:00,49.9,29.57,26.626,32.539,41.538,2703.9,3715.6,18.085,18.736,21.558,0.30058,0.10845,339.96,76.818,6.9346,13.924,32.109,4486.0,22.992,46.303,49.248,80.164,2.2871,1.6806,3103.5,42.607,54.291,94.338,9.3389,61.698,35.886,39.786,2631.7,63.059,25.895,41.776,0.33123,8.7591,26.384,120.41,1.3669,74.556,24.05,2.2863,53.702,4.8374,207.0,0.025569,0.86009,64.864,18.92,43.626
702,2026-05-02T19:03:00,49.827,25.395,26.853,32.806,40.343,2701.6,3678.7,18.962,19.11,21.777,0.262,0.10845,339.83,77.317,7.0446,13.984,31.71,4432.7,22.61,46.133,49.281,79.913,2.242,1.6692,3099.6,42.648,54.698,94.789,9.3258,59.837,35.985,41.318,2629.0,62.445,25.076,41.717,0.35262,8.8445,26.578,120.37,1.2768,75.13,23.82,2.3135,53.702,4.9214,208.59,0.025569,0.86009,64.797,18.844,43.626
703,2026-05-02T19:06:00,48.81,25.587,26.96,32.806,41.719,2701.3,3637.9,18.692,19.11,21.939,0.26005,0.10845,339.86,77.439,7.0446,13.984,31.71,4496.5,22.723,43.779,50.664,80.051,2.242,1.6692,3099.6,42.111,53.935,94.677,9.3629,61.25,40.053,41.5,2629.0,63.148,26.368,41.885,0.35113,8.8445,26.578,120.41,1.2768,75.573,23.82,2.3135,53.702,4.9214,207.6,0.025569,0.86009,64.809,18.844,43.626
704,2026-05-02T19:09:00,53.129,29.663,26.674,32.488,40.73,2704.1,3668.5,19.399,18.682,21.996,0.30159,0.10845,339.99,77.802,6.8346,13.764,31.749,4495.2,22.415,53.776,50.384,80.321,2.2225,1.6994,3101.5,42.4,54.117,94.699,9.3154,61.134,39.231,41.888,2633.3,61.555,24.197,41.919,0.36269,9.0248,26.633,120.38,1.3107,74.298,23.93,2.3484,53.702,4.7558,208.1,0.025569,0.86009,64.847,18.946,43.626
705,2026-05-02T19:12:00,49.923,29.766,27.141,32.488,41.068,2706.0,3644.5,17.408,18.682,22.125,0.30053,0.10908,340.05,77.666,6.8346,13.764,31.749,4501.4,23.254,46.356,50.585,80.466,2.2225,1.6994,3104.1,42.74,54.044,94.716,9.3335,61.984,39.821,42.288,2634.8,61.968,24.734,42.165,0.35941,9.0248,26.633,120.41,1.3107,74.542,23.93,2.3484,54.107,4.7558,209.82,0.029077,0.87337,64.95,18.946,43.322
706,2026-05-02T19:15:00,51.624,29.766,27.355,33.033,40.718,2704.4,3669.6,18.272,18.772,21.99,0.30236,0.10908,339.92,77.169,6.8446,13.78,32.019,4463.8,22.903,50.292,47.859,80.252,2.274,1.5999,3105.6,42.433,54.224,94.593,9.2716,62.367,31.799,39.532,2632.7,63.323,25.013,42.375,0.33435,8.8508,26.599,120.38,1.3852,74.683,24.001,2.2732,54.107,4.8519,209.86,0.029077,0.87337,65.016,18.897,43.322
707,2026-05-02T19:18:00,52.364,29.674,27.019,33.033,41.305,2705.5,3671.8,20.226,18.772,21.914,0.3033,0.10908,340.4,77.293,6.8446,13.78,32.019,4530.4,22.075,52.005,49.901,80.239,2.274,1.5999,3105.6,42.473,53.428,94.526,9.4167,61.019,37.808,39.295,2633.1,63.285,25.284,42.759,0.33628,8.8508,26.599,120.42,1.3852,74.881,24.001,2.2732,54.107,4.8519,207.95,0.029077,0.87337,65.038,18.897,43.322
708,2026-05-02T19:21:00,51.031,27.638,27.132,32.664,41.398,2705.1,3655.7,17.333,19.153,22.169,0.27817,0.10908,340.87,76.955,6.6955,13.86,31.66,4502.9,23.307,48.92,50.672,80.125,2.2368,1.6295,3101.9,42.305,53.851,94.509,9.2574,61.735,40.077,39.605,2633.8,63.516,23.997,42.651,0.33661,8.8979,26.427,120.41,1.111,74.976,23.798,2.2999,54.107,4.8232,211.56,0.029077,0.87337,65.051,19.215,43.322
709,2026-05-02T19:24:00,47.634,27.602,26.936,32.664,41.027,2703.2,3701.2,15.854,19.153,21.937,0.27854,0.10908,340.85,76.901,6.6955,13.86,31.66,4537.7,23.927,41.059,49.676,79.973,2.2368,1.6295,3100.7,42.691,53.434,94.759,9.2703,60.078,37.148,40.016,2631.3,62.733,25.598,42.794,0.33324,8.8979,26.427,120.39,1.111,74.857,23.798,2.2999,54.107,4.8232,212.39,0.029077,0.87337,65.015,19.215,43.322
710,2026-05-02T19:27:00,48.114,31.251,26.908,32.833,41.525,2702.6,3717.4,16.705,19.026,22.496,0.31804,0.10095,340.95,77.367,6.9104,13.752,31.945,4438.7,23.559,42.17,50.733,80.015,2.2744,1.6285,3100.8,42.179,53.794,94.447,9.259,60.31,40.258,40.821,2632.3,63.868,24.511,43.42,0.3442,8.7664,26.265,120.41,1.2025,74.296,23.665,2.3087,53.475,4.9539,212.24,0.029502,0.87057,64.984,19.028,43.232
711,2026-05-02T19:30:00,48.662,31.284,26.914,32.833,41.223,2702.8,3730.8,19.771,19.026,21.99,0.3177,0.10095,341.03,76.994,6.9104,13.752,31.945,4487.4,22.278,43.437,50.17,80.091,2.2744,1.6285,3100.8,42.272,53.21,94.471,9.3328,60.155,38.6,40.884,2631.8,63.636,25.126,43.724,0.34369,8.7664,26.265,120.41,1.2025,75.055,23.665,2.3087,53.475,4.9539,213.17,0.029502,0.87057,65.031,19.028,43.232
712,2026-05-02T19:33:00,51.9,28.904,27.124,33.026,40.833,2699.8,3643.0,17.546,18.315,22.055,0.2949,0.10095,341.3,77.188,6.8487,13.864,31.829,4501.9,23.215,50.931,50.218,79.945,2.2997,1.6686,3098.2,42.823,53.437,94.534,9.286,62.907,38.743,39.401,2628.5,63.338,25.047,43.883,0.33201,8.9567,26.545,120.39,1.2292,74.543,24.082,2.2698,53.475,4.9204,215.7,0.029502,0.87057,65.053,18.652,43.232
713,2026-05-02T19:36:00,50.047,29.121,27.114,33.026,41.429,2701.8,3665.5,17.865,18.315,22.436,0.29269,0.10095,341.92,77.037,6.8487,13.864,31.829,4481.9,23.084,46.643,49.96,80.116,2.2997,1.6686,3097.8,42.632,53.677,94.661,9.2807,60.658,37.982,39.577,2630.9,62.95,25.61,44.073,0.33057,8.9567,26.545,120.42,1.2292,74.219,24.082,2.2698,53.475,4.9204,217.87,0.029502,0.87057,65.11,18.652,43.232
714,2026-05-02T19:39:00,51.224,30.485,26.824,32.846,40.935,2700.8,3659.1,17.911,18.778,21.972,0.30757,0.10095,341.27,77.208,7.0184,13.717,32.069,4526.4,23.06,49.368,50.453,79.959,2.271,1.6709,3098.3,42.597,54.056,94.525,9.4929,61.636,39.432,40.739,2628.4,63.604,25.021,44.439,0.34544,8.853,26.758,120.39,1.3154,75.605,23.785,2.276,53.475,4.9457,218.04,0.029502,0.87057,65.126,18.155,43.232
715,2026-05-02T19:42:00,49.788,30.358,26.887,32.846,41.802,2703.5,3678.8,20.118,18.778,22.575,0.30887,0.096855,342.27,77.504,7.0184,13.717,32.069,4522.3,22.109,46.043,51.208,80.17,2.271,1.6709,3099.4,42.17,54.105,94.588,9.4669,61.676,41.656,40.445,2632.8,63.265,25.46,44.503,0.34785,8.853,26.758,120.4,1.3154,74.634,23.785,2.276,54.473,4.9457,221.51,0.018556,0.86193,65.186,18.155,43.351
716,2026-05-02T19:45:00,49.616,28.108,27.167,33.214,40.538,2704.1,3622.3,19.282,18.496,22.215,0.29016,0.096855,341.2,77.472,6.9117,13.766,32.113,4578.0,22.464,45.645,50.43,80.212,2.2704,1.6716,3101.1,42.343,54.721,94.449,9.2792,60.796,39.367,39.005,2632.6,62.7,27.325,44.918,0.32694,8.9158,26.722,120.39,1.3162,75.373,24.184,2.2881,54.473,4.8667,221.01,0.018556,0.86193,65.262,18.774,43.351
717,2026-05-02T19:48:00,48.797,28.162,26.879,33.214,41.623,2705.2,3620.1,15.355,18.496,22.052,0.28961,0.096855,342.19,77.435,6.9117,13.766,32.113,4537.5,24.113,43.75,51.009,80.25,2.2704,1.6716,3101.9,42.417,55.206,94.666,9.3154,62.749,41.068,38.541,2634.6,62.738,27.063,45.214,0.33074,8.9158,26.722,120.4,1.3162,75.318,24.184,2.2881,54.473,4.8667,221.84,0.018556,0.86193,65.35,18.774,43.351
718,2026-05-02T19:51:00,49.67,28.157,27.059,33.206,40.768,2706.5,3635.0,18.237,18.37,22.832,0.28328,0.096855,342.19,77.424,6.9237,13.682,32.429,4477.3,22.897,45.771,51.33,80.373,2.2315,1.6436,3103.0,42.61,54.459,94.409,9.2784,61.099,42.014,39.182,2637.1,63.338,25.882,45.452,0.33533,8.9428,25.945,120.4,1.1675,74.483,23.505,2.3561,54.473,4.8423,223.26,0.018556,0.86193,65.428,18.964,43.351
719,2026-05-02T19:54:00,49.143,27.86,27.229,33.206,41.487,2706.4,3642.9,18.776,18.37,22.77,0.2863,0.096855,342.29,77.512,6.9237,13.682,32.429,4524.8,22.654,44.55,50.563,80.311,2.2315,1.6436,3102.5,42.256,53.89,94.592,9.3165,58.943,39.757,39.845,2635.8,63.202,24.755,45.906,0.3299,8.9428,25.945,120.4,1.1675,75.179,23.505,2.3561,54.473,4.8423,222.22,0.018556,0.86193,65.514,18.964,43.351
720,2026-05-02T19:57:00,50.362,24.962,27.231,32.724,41.245,2704.1,3663.0,19.095,18.725,22.742,0.25286,0.10371,342.47,77.402,6.9401,13.839,32.442,4489.3,22.533,47.372,50.255,80.123,2.2577,1.6415,3099.3,42.465,53.833,94.498,9.3839,60.875,38.85,38.888,2632.6,62.717,26.79,46.143,0.3181,8.8182,26.335,120.39,1.1773,74.853,23.721,2.2866,54.677,4.7908,221.78,0.011411,0.85714,65.542,19.27,44.095
721,2026-05-02T20:00:00,48.01,24.916,27.13,32.724,41.061,2702.1,3689.2,18.277,18.725,22.623,0.25333,0.10371,342.01,77.473,6.9401,13.839,32.442,4499.3,22.873,41.929,48.513,80.164,2.2577,1.6415,3099.5,42.31,53.712,94.66,9.1823,62.675,33.724,38.439,2631.6,62.266,25.651,46.233,0.32179,8.8182,26.335,120.38,1.1773,74.856,23.721,2.2866,54.677,4.7908,224.02,0.011411,0.85714,65.541,19.27,44.095
722,2026-05-02T20:03:00,49.063,24.616,27.032,33.18,40.508,2697.8,3647.9,17.337,18.653,22.212,0.2487,0.10371,342.34,76.593,6.7174,13.641,32.502,4461.6,23.295,44.366,49.737,79.81,2.2535,1.7012,3094.8,42.624,53.358,94.678,9.2355,62.528,37.327,40.493,2626.8,62.786,26.482,46.393,0.33858,8.8889,26.112,120.38,1.1567,75.714,24.034,2.3497,54.677,4.7554,225.5,0.011411,0.85714,65.527,19.2,44.095
723,2026-05-02T20:06:00,49.842,24.553,26.705,33.18,40.452,2696.2,3655.3,15.642,18.653,22.103,0.24934,0.10371,342.29,76.813,6.7174,13.641,32.502,4458.9,24.021,46.167,48.368,79.652,2.2535,1.7012,3091.1,42.05,53.39,94.707,9.4282,60.043,33.296,40.098,2624.4,62.659,24.424,46.565,0.34182,8.8889,26.112,120.38,1.1567,75.424,24.034,2.3497,54.677,4.7554,226.89,0.011411,0.85714,65.455,19.2,44.095
724,2026-05-02T20:09:00,47.058,23.631,26.821,33.487,41.333,2699.1,3685.3,17.173,18.496,22.587,0.24121,0.10371,342.82,77.353,6.844,13.876,31.859,4453.7,23.359,39.725,50.462,79.843,2.2574,1.5977,3092.4,42.515,53.546,94.65,9.3463,60.973,39.459,37.509,2628.1,64.147,24.554,46.699,0.31861,9.1483,26.09,120.4,1.2258,74.535,24.015,2.3852,54.677,4.9017,228.74,0.011411,0.85714,65.417,18.498,44.095
725,2026-05-02T20:12:00,48.813,23.947,27.072,33.487,41.148,2700.3,3708.3,18.354,18.496,22.614,0.238,0.09369,342.53,77.293,6.844,13.876,31.859,4464.3,22.861,43.787,50.971,80.109,2.2574,1.5977,3095.7,42.271,53.419,94.465,9.2778,62.303,40.959,37.69,2629.7,63.751,25.902,46.877,0.31713,9.1483,26.09,120.41,1.2258,74.507,24.015,2.3852,53.464,4.9017,229.12,0.034282,0.85158,65.484,18.498,44.196
726,2026-05-02T20:15:00,51.179,30.077,27.14,33.217,42.029,2700.6,3708.8,18.684,18.466,22.317,0.30016,0.09369,342.05,77.698,6.8209,13.882,32.423,4510.4,22.702,49.262,49.0,80.2,2.2669,1.6376,3097.6,42.484,54.578,94.398,9.3831,61.892,35.156,40.549,2629.5,62.727,24.468,47.057,0.34454,9.0277,26.4,120.41,1.192,75.606,23.296,2.2859,53.464,4.8336,229.92,0.034282,0.85158,65.577,18.802,44.196
727,2026-05-02T20:18:00,52.362,29.895,27.212,33.217,41.346,2703.7,3670.7,17.551,18.466,22.316,0.30201,0.09369,342.09,77.598,6.8209,13.882,32.423,4484.0,23.163,52.0,50.097,80.375,2.2669,1.6376,3100.6,42.247,54.894,94.423,9.3751,62.744,38.386,40.261,2632.2,63.383,24.255,47.165,0.34691,9.0277,26.4,120.43,1.192,75.237,23.296,2.2859,53.464,4.8336,231.47,0.034282,0.85158,65.675,18.802,44.196
728,2026-05-02T20:21:00,49.417,24.551,27.053,33.002,41.6,2701.1,3656.7,19.332,18.701,22.292,0.24826,0.09369,342.37,77.581,6.8657,13.807,32.046,4508.4,22.408,45.184,50.483,80.246,2.2986,1.6697,3098.3,42.395,53.877,94.489,9.3225,62.542,39.522,41.281,2630.7,63.873,23.244,47.529,0.34049,8.757,26.167,120.39,1.3261,75.031,23.815,2.249,53.464,4.8849,230.13,0.034282,0.85158,65.756,18.231,44.196
729,2026-05-02T20:24:00,49.76,24.281,26.883,33.002,41.42,2701.4,3664.8,18.044,18.701,22.163,0.25101,0.09369,342.69,77.154,6.8657,13.807,32.046,4496.9,22.959,45.978,49.518,80.318,2.2986,1.6697,3097.1,42.343,54.014,94.492,9.3654,60.941,36.681,40.667,2630.6,63.734,25.233,47.726,0.34552,8.757,26.167,120.4,1.3261,74.536,23.815,2.249,53.464,4.8849,230.65,0.034282,0.85158,65.816,18.231,44.196
730,2026-05-02T20:27:00,50.614,28.174,26.871,32.911,40.798,2700.1,3695.9,17.858,18.421,22.385,0.28337,0.12072,342.28,77.093,6.7401,13.863,32.653,4538.1,23.039,47.956,48.989,80.085,2.2848,1.7028,3097.5,42.565,54.966,94.563,9.3479,59.837,35.126,40.045,2629.0,62.842,24.378,47.694,0.33446,8.8422,25.955,120.39,1.3556,74.41,23.532,2.3225,53.335,4.853,232.54,0.014402,0.85507,65.82,18.74,43.862
731,2026-05-02T20:30:00,49.848,28.08,27.053,32.911,41.476,2699.4,3700.1,19.37,18.421,22.247,0.28433,0.12072,342.45,77.192,6.7401,13.863,32.653,4562.9,22.403,46.183,51.598,80.016,2.2848,1.7028,3095.9,42.498,54.67,94.332,9.3438,59.865,42.803,40.137,2628.0,62.769,25.049,47.995,0.3337,8.8422,25.955,120.39,1.3556,74.978,23.532,2.3225,53.335,4.853,231.36,0.014402,0.85507,65.82,18.74,43.862
732,2026-05-02T20:33:00,50.234,22.201,26.976,33.681,41.248,2699.0,3707.4,19.565,18.495,22.054,0.22344,0.12072,342.15,77.036,6.8331,13.757,32.363,4516.4,22.323,47.075,49.161,80.079,2.2734,1.6554,3096.1,42.442,54.026,94.558,9.3257,64.48,35.632,40.539,2627.2,63.821,24.96,48.175,0.34282,8.9724,26.064,120.39,1.1708,74.18,23.7,2.2809,53.335,4.8819,231.6,0.014402,0.85507,65.794,18.766,43.862
733,2026-05-02T20:36:00,48.402,21.936,27.14,33.681,41.71,2697.8,3686.9,19.405,18.495,22.091,0.22613,0.12072,342.22,77.756,6.8331,13.757,32.363,4502.1,22.377,42.835,50.879,80.082,2.2734,1.6554,3094.4,42.553,54.198,94.364,9.3033,63.673,40.686,40.715,2626.5,64.173,26.315,48.221,0.34138,8.9724,26.064,120.41,1.1708,74.479,23.7,2.2809,53.335,4.8819,233.3,0.014402,0.85507,65.787,18.766,43.862
734,2026-05-02T20:39:00,49.068,24.657,26.744,33.75,41.407,2699.9,3687.5,18.401,18.674,22.394,0.24779,0.12072,341.99,77.685,6.5982,13.902,31.832,4470.0,22.79,44.377,49.34,80.354,2.2525,1.6395,3095.5,42.293,54.52,94.541,9.3971,61.68,36.159,39.121,2629.0,63.437,27.515,48.386,0.33109,8.9686,26.283,120.39,1.219,76.038,23.262,2.2314,53.335,4.8176,233.61,0.014402,0.85507,65.853,18.577,43.862
735,2026-05-02T20:42:00,49.374,24.588,27.103,33.75,41.331,2697.4,3680.8,17.584,18.674,22.368,0.24849,0.099842,341.79,77.242,6.5982,13.902,31.832,4512.7,23.143,45.085,51.405,80.19,2.2525,1.6395,3093.8,42.574,54.009,94.44,9.4065,62.002,42.234,38.951,2626.6,63.552,26.695,48.484,0.33248,8.9686,26.283,120.39,1.219,75.155,23.262,2.2314,53.757,4.8176,236.03,0.015059,0.83244,65.916,18.577,44.101
736,2026-05-02T20:45:00,50.327,29.604,27.082,33.728,42.281,2699.1,3757.0,17.983,18.734,22.003,0.30211,0.099842,341.8,77.501,7.0396,13.844,32.628,4538.5,22.967,47.29,48.846,80.288,2.2643,1.6772,3096.5,42.394,54.182,94.364,9.3797,58.432,34.705,40.917,2627.0,64.459,24.419,48.929,0.34814,8.6008,25.905,120.41,1.3122,74.14,23.813,2.2406,53.757,4.9078,233.78,0.015059,0.83244,65.944,18.559,44.101
737,2026-05-02T20:48:00,49.558,29.779,27.01,33.728,42.292,2699.1,3760.2,20.163,18.734,21.978,0.30034,0.099842,341.79,77.418,7.0396,13.844,32.628,4534.8,22.052,45.512,49.797,80.436,2.2643,1.6772,3096.7,42.634,54.226,94.152,9.2222,61.469,37.504,41.495,2627.6,64.403,24.584,48.938,0.3434,8.6008,25.905,120.4,1.3122,74.752,23.813,2.2406,53.757,4.9078,236.37,0.015059,0.83244,65.999,18.559,44.101
738,2026-05-02T20:51:00,48.063,21.915,27.046,32.827,41.489,2696.4,3640.0,20.135,18.692,22.07,0.22549,0.099842,341.45,77.731,6.9581,14.057,32.773,4520.8,22.052,42.051,51.351,80.458,2.2901,1.6534,3093.5,42.336,54.474,94.585,9.3665,59.756,42.076,40.162,2625.7,62.659,25.544,49.212,0.34224,8.9049,26.467,120.39,1.4938,75.311,23.878,2.4086,53.757,4.8941,235.97,0.015059,0.83244,66.073,18.762,44.101
739,2026-05-02T20:54:00,49.414,21.992,26.921,32.827,40.559,2695.3,3626.9,20.806,18.692,22.186,0.22471,0.099842,341.39,77.416,6.9581,14.057,32.773,4522.6,21.777,45.177,48.529,80.48,2.2901,1.6534,3092.3,42.207,54.452,94.523,9.3802,57.268,33.771,40.564,2624.7,62.886,23.966,49.21,0.33894,8.9049,26.467,120.36,1.4938,75.683,23.878,2.4086,53.757,4.8941,238.61,0.015059,0.83244,66.158,18.762,44.101
740,2026-05-02T20:57:00,49.543,20.317,27.091,32.963,40.789,2691.3,3650.3,17.628,18.412,21.727,0.20294,0.096402,341.0,76.788,6.871,13.999,32.992,4517.8,23.143,45.477,50.52,80.177,2.3212,1.6829,3089.0,42.531,54.031,94.741,9.3229,59.949,39.63,43.502,2619.5,63.087,25.46,49.238,0.36323,8.5304,26.181,120.4,1.3444,75.23,23.302,2.3206,54.447,4.887,234.62,0.012776,0.84556,66.147,18.239,43.567
741,2026-05-02T21:00:00,49.186,20.03,27.026,32.963,40.353,2688.7,3641.0,15.535,18.412,21.858,0.20585,0.096402,340.69,77.187,6.871,13.999,32.992,4543.1,24.018,44.651,47.993,79.993,2.3212,1.6829,3086.4,42.2,53.728,94.731,9.3303,61.753,32.194,43.707,2616.9,63.247,25.895,49.136,0.36154,8.5304,26.181,120.38,1.3444,74.999,23.302,2.3206,54.447,4.887,235.73,0.012776,0.84556,66.048,18.239,43.567
742,2026-05-02T21:03:00,50.966,17.091,27.181,33.275,40.734,2691.4,3702.0,18.425,19.174,22.051,0.17898,0.096402,340.52,77.51,6.9323,13.821,32.668,4557.5,22.794,48.771,50.263,80.352,2.277,1.6506,3088.1,42.335,54.886,94.686,9.3559,62.335,38.875,42.35,2619.5,62.931,24.32,49.189,0.3624,8.7887,25.665,120.39,1.2874,75.023,23.677,2.3451,54.447,4.9727,235.09,0.012776,0.84556,66.044,19.204,43.567
743,2026-05-02T21:06:00,51.914,17.121,26.815,33.275,41.549,2691.6,3623.6,20.088,19.174,21.817,0.17867,0.096402,340.18,77.351,6.9323,13.821,32.668,4557.9,22.088,50.963,49.424,80.552,2.277,1.6506,3089.3,42.142,54.882,94.688,9.3167,57.873,36.405,43.269,2620.3,64.279,24.33,49.056,0.35487,8.7887,25.665,120.42,1.2874,74.846,23.677,2.3451,54.447,4.9727,236.45,0.012776,0.84556,66.128,19.204,43.567
744,2026-05-02T21:09:00,51.023,19.942,26.599,32.965,41.115,2690.9,3675.1,19.971,18.804,21.22,0.19937,0.096402,339.34,77.464,6.7998,14.055,32.465,4455.4,22.135,48.902,50.064,80.562,2.2882,1.6897,3089.4,42.316,53.749,94.688,9.3633,60.546,38.288,40.6,2618.4,62.837,26.244,49.017,0.33874,8.8451,26.092,120.4,1.3455,74.664,23.413,2.3215,54.447,4.8086,236.76,0.012776,0.84556,66.182,18.944,43.567
745,2026-05-02T21:12:00,48.932,19.511,27.192,32.965,40.837,2687.8,3677.5,19.114,18.804,21.415,0.20375,0.088919,338.94,77.412,6.7998,14.055,32.465,4479.2,22.503,44.061,50.687,80.426,2.2882,1.6897,3087.6,42.469,53.464,94.677,9.2686,60.9,40.122,40.669,2615.1,62.796,26.493,49.558,0.33818,8.8451,26.092,120.38,1.3455,74.313,23.413,2.3215,53.805,4.8086,234.37,0.027755,0.82698,66.189,18.944,43.637
746,2026-05-02T21:15:00,49.539,21.251,26.885,32.999,41.166,2689.9,3686.7,15.484,18.806,21.504,0.21744,0.088919,339.03,77.867,6.8787,13.927,32.138,4542.9,24.01,45.467,50.793,80.785,2.3023,1.6476,3089.1,41.924,53.288,94.627,9.3022,60.694,40.433,43.817,2618.6,63.815,25.956,49.449,0.36501,8.9035,25.971,120.41,1.1103,75.853,23.187,2.3441,53.805,4.9371,237.1,0.027755,0.82698,66.251,18.61,43.637
747,2026-05-02T21:18:00,49.938,21.453,26.968,32.999,40.795,2686.3,3725.2,19.047,18.806,21.102,0.21538,0.088919,337.75,77.238,6.8787,13.927,32.138,4482.0,22.523,46.391,48.514,80.688,2.3023,1.6476,3087.3,42.238,54.017,94.491,9.1774,62.674,33.727,43.722,2614.1,63.153,24.744,49.641,0.36579,8.9035,25.971,120.42,1.1103,75.091,23.187,2.3441,53.805,4.9371,236.39,0.027755,0.82698,66.332,18.61,43.637
748,2026-05-02T21:21:00,49.931,24.346,26.985,32.625,41.033,2684.3,3695.0,17.009,18.85,20.673,0.24684,0.088919,337.68,77.249,6.9523,13.67,32.443,4560.4,23.384,46.374,51.667,80.417,2.2472,1.6598,3086.2,42.401,53.899,94.747,9.3982,62.513,43.005,41.92,2611.4,63.019,24.351,49.661,0.35463,8.8879,26.24,120.4,1.4666,74.829,23.174,2.2906,53.805,4.9328,237.67,0.027755,0.82698,66.292,18.924,43.637
749,2026-05-02T21:24:00,51.655,24.356,27.233,32.625,41.077,2685.5,3634.2,17.443,18.85,21.1,0.24674,0.088919,338.0,77.081,6.9523,13.67,32.443,4558.9,23.214,50.364,48.842,80.426,2.2472,1.6598,3087.0,42.435,53.917,94.576,9.2733,61.962,34.693,42.57,2613.2,64.066,25.336,49.776,0.3493,8.8879,26.24,120.39,1.4666,74.395,23.174,2.2906,53.805,4.9328,237.9,0.027755,0.82698,66.264,18.924,43.637
750,2026-05-02T21:27:00,48.991,21.314,26.84,32.532,41.424,2688.3,3707.6,17.053,19.007,21.08,0.21651,0.11232,337.58,77.531,6.9305,13.741,31.764,4500.6,23.354,44.199,50.188,80.605,2.2722,1.6489,3088.8,42.143,53.845,94.806,9.4761,57.5,38.654,38.765,2615.7,62.126,25.868,49.63,0.32372,8.9601,26.006,120.4,1.3063,75.979,23.738,2.3501,53.78,4.8873,235.75,0.010814,0.83852,66.254,18.622,44.404
751,2026-05-02T21:30:00,49.644,21.304,26.724,32.532,41.07,2687.9,3632.2,16.638,19.007,20.922,0.2166,0.11232,337.73,77.187,6.9305,13.741,31.764,4497.7,23.54,45.71,49.775,80.598,2.2722,1.6489,3089.7,42.454,53.88,94.587,9.3297,60.514,37.438,39.147,2616.0,63.424,27.093,49.663,0.32059,8.9601,26.006,120.37,1.3063,74.866,23.738,2.3501,53.78,4.8873,234.57,0.010814,0.83852,66.245,18.622,44.404
752,2026-05-02T21:33:00,49.798,27.832,26.825,32.784,41.59,2690.0,3637.6,18.06,18.354,20.912,0.28338,0.11232,337.42,77.759,6.9524,13.767,31.893,4548.2,22.927,46.068,49.415,80.549,2.2511,1.7132,3092.4,42.13,54.016,94.714,9.3239,62.481,36.379,39.542,2617.5,63.466,26.48,49.525,0.33157,8.9418,26.543,120.43,1.2709,75.098,23.349,2.2643,53.78,4.9527,235.32,0.010814,0.83852,66.257,19.116,44.404
753,2026-05-02T21:36:00,47.846,28.004,26.846,32.784,39.905,2691.5,3672.0,18.675,18.354,20.784,0.28163,0.11232,337.76,77.213,6.9524,13.767,31.893,4544.9,22.681,41.549,48.904,80.626,2.2511,1.7132,3094.5,42.502,54.056,94.53,9.3121,63.294,34.875,39.582,2619.4,62.875,25.54,49.441,0.33125,8.9418,26.543,120.38,1.2709,74.325,23.349,2.2643,53.78,4.9527,235.44,0.010814,0.83852,66.254,19.116,44.404
754,2026-05-02T21:39:00,50.326,27.068,26.654,32.695,41.164,2691.5,3668.1,15.323,19.24,21.027,0.27361,0.11232,338.26,77.805,6.9377,13.846,32.2,4510.6,24.083,47.289,51.23,80.509,2.2851,1.6564,3093.1,42.704,53.24,94.709,9.413,59.998,41.72,40.152,2620.1,62.692,26.264,49.388,0.33143,9.0302,26.284,120.41,1.364,74.334,23.833,2.3801,53.78,4.8318,235.27,0.010814,0.83852,66.21,18.996,44.404
755,2026-05-02T21:42:00,51.026,27.159,26.419,32.695,41.052,2693.4,3665.9,19.309,19.24,21.117,0.27268,0.10681,338.42,77.735,6.9377,13.846,32.2,4478.4,22.405,48.908,49.46,80.637,2.2851,1.6564,3093.9,42.316,53.626,94.589,9.2451,60.868,36.511,39.885,2621.7,62.731,24.214,49.536,0.33362,9.0302,26.284,120.41,1.364,74.534,23.833,2.3801,53.426,4.8318,236.07,0.0048022,0.84828,66.214,18.996,44.355
756,2026-05-02T21:45:00,50.568,24.277,27.149,32.834,41.086,2692.8,3653.8,16.436,19.251,21.109,0.24558,0.10681,338.24,77.622,6.7389,13.915,31.865,4479.6,23.611,47.849,49.419,80.618,2.2475,1.6777,3094.4,42.345,53.858,94.682,9.4356,60.625,36.391,41.182,2621.0,63.009,25.752,49.773,0.34004,8.8656,25.953,120.42,1.2205,74.79,23.575,2.3451,53.426,4.9347,234.01,0.0048022,0.84828,66.255,19.083,44.355
757,2026-05-02T21:48:00,49.283,24.209,26.769,32.834,40.718,2694.4,3663.1,20.517,19.251,21.015,0.24628,0.10681,338.61,77.594,6.7389,13.915,31.865,4475.3,21.893,44.876,50.657,80.76,2.2475,1.6777,3095.1,42.34,53.908,94.583,9.4977,59.438,40.033,41.022,2622.4,62.849,26.081,49.487,0.34136,8.8656,25.953,120.38,1.2205,74.587,23.575,2.3451,53.426,4.9347,237.8,0.0048022,0.84828,66.289,19.083,44.355
758,2026-05-02T21:51:00,50.148,27.665,26.97,32.9,40.913,2694.8,3699.1,18.371,19.161,21.408,0.27924,0.10681,338.65,77.317,6.9065,13.608,32.23,4461.7,22.797,46.876,50.636,80.798,2.2723,1.6441,3095.8,42.31,53.814,94.545,9.3377,63.967,39.972,41.977,2623.8,64.015,23.047,49.523,0.34948,9.108,26.636,120.43,1.4579,75.253,23.22,2.2905,53.426,4.9084,237.96,0.0048022,0.84828,66.316,18.79,44.355
759,2026-05-02T21:54:00,50.155,27.401,26.832,32.9,41.394,2691.9,3698.4,19.932,19.161,21.019,0.28193,0.10681,337.93,77.229,6.9065,13.608,32.23,4482.6,22.142,46.892,49.616,80.549,2.2723,1.6441,3094.0,42.852,53.563,94.381,9.3162,59.121,36.971,41.78,2619.3,64.026,25.899,49.667,0.35109,9.108,26.636,120.41,1.4579,75.395,23.22,2.2905,53.426,4.9084,236.93,0.0048022,0.84828,66.31,18.79,44.355
760,2026-05-02T21:57:00,49.052,24.152,27.216,33.242,41.867,2690.7,3682.6,21.077,19.03,21.165,0.24727,0.096979,338.49,77.457,6.8372,13.765,31.768,4518.9,21.656,44.341,48.996,80.505,2.2369,1.6456,3092.5,42.298,53.821,94.646,9.3757,60.706,35.146,37.629,2619.3,62.884,25.623,49.949,0.31705,9.0819,25.949,120.42,1.3428,75.024,23.444,2.3672,54.142,4.9707,237.34,0.01532,0.84195,66.295,18.795,43.227
761,2026-05-02T22:00:00,48.889,24.318,26.722,33.242,40.731,2688.9,3652.5,16.976,19.03,20.787,0.24558,0.096979,338.12,76.723,6.8372,13.765,31.768,4490.1,23.418,43.963,50.278,80.25,2.2369,1.6456,3090.4,42.357,54.166,94.495,9.3885,61.983,38.919,38.062,2616.8,63.402,25.432,49.946,0.3135,9.0819,25.949,120.4,1.3428,75.332,23.444,2.3672,54.142,4.9707,239.29,0.01532,0.84195,66.249,18.795,43.227
762,2026-05-02T22:03:00,49.085,28.951,26.591,33.027,41.456,2690.2,3688.9,16.091,19.032,21.282,0.29175,0.096979,338.82,77.25,7.082,13.891,31.828,4465.5,23.782,44.417,51.864,80.186,2.2648,1.6846,3090.4,42.17,54.445,94.701,9.3627,59.71,43.586,39.846,2618.7,63.394,25.629,50.152,0.3316,8.946,25.883,120.41,1.3528,75.069,23.724,2.335,54.142,5.0456,238.98,0.01532,0.84195,66.142,19.448,43.227
763,2026-05-02T22:06:00,49.344,28.721,27.032,33.027,40.689,2691.9,3688.5,18.019,19.032,21.316,0.29409,0.096979,338.44,77.165,7.082,13.891,31.828,4507.3,22.971,45.015,49.297,80.299,2.2648,1.6846,3092.6,42.335,53.945,94.56,9.3964,61.877,36.03,39.598,2618.9,63.4,27.394,50.217,0.33364,8.946,25.883,120.37,1.3528,73.425,23.724,2.335,54.142,5.0456,240.18,0.01532,0.84195,66.167,19.448,43.227
764,2026-05-02T22:09:00,48.661,28.622,27.037,32.638,40.206,2691.5,3615.5,16.211,18.706,21.382,0.29163,0.096979,338.74,77.599,6.9121,13.829,32.309,4408.4,23.715,43.434,48.864,80.414,2.2898,1.6963,3091.7,42.748,53.467,94.717,9.4049,61.116,34.756,41.257,2619.6,62.435,26.086,50.357,0.34778,8.8442,26.146,120.37,1.2816,74.563,23.355,2.2759,54.142,4.7847,240.56,0.01532,0.84195,66.18,19.115,43.227
765,2026-05-02T22:12:00,49.484,28.606,27.329,32.638,41.592,2693.0,3623.1,15.806,18.706,21.766,0.29179,0.081534,339.31,77.794,6.9121,13.829,32.309,4410.8,23.881,45.339,50.789,80.484,2.2898,1.6963,3093.1,42.309,53.439,94.612,9.3715,60.914,40.423,40.802,2621.8,62.305,25.335,50.458,0.35151,8.8442,26.146,120.41,1.2816,74.632,23.355,2.2759,54.128,4.7847,239.68,0.013677,0.83739,66.204,19.115,43.597
766,2026-05-02T22:15:00,47.062,24.252,26.739,32.646,40.696,2695.1,3711.2,15.94,19.052,21.336,0.24542,0.081534,339.24,77.678,6.9197,13.734,32.168,4471.4,23.818,39.735,49.745,80.632,2.2486,1.6781,3094.8,42.482,53.446,94.662,9.3389,60.313,37.349,40.784,2623.9,62.17,24.699,50.469,0.33839,8.8197,25.897,120.39,1.1437,75.225,23.196,2.378,54.128,4.9531,240.72,0.013677,0.83739,66.295,19.154,43.597
767,2026-05-02T22:18:00,49.305,24.309,27.172,32.646,41.056,2695.2,3631.5,18.324,19.052,21.628,0.24484,0.081534,339.6,77.538,6.9197,13.734,32.168,4486.1,22.818,44.927,49.651,80.567,2.2486,1.6781,3094.8,42.317,53.27,94.554,9.2502,62.478,37.072,40.248,2622.8,63.542,24.865,50.542,0.34278,8.8197,25.897,120.42,1.1437,74.521,23.196,2.378,54.128,4.9531,241.02,0.013677,0.83739,66.349,19.154,43.597
768,2026-05-02T22:21:00,51.78,25.541,27.149,32.437,40.728,2695.4,3685.5,17.905,18.611,21.671,0.25866,0.081534,340.06,77.461,6.9156,13.986,32.167,4460.3,22.995,50.654,49.855,80.571,2.2327,1.6229,3095.1,42.253,53.424,94.592,9.367,60.782,37.673,39.555,2624.1,62.515,24.792,50.766,0.32728,8.8715,26.306,120.39,1.3727,75.133,23.3,2.3413,54.128,4.8798,239.65,0.013677,0.83739,66.372,18.888,43.597
769,2026-05-02T22:24:00,49.264,25.364,26.714,32.437,41.857,2697.7,3646.4,18.117,18.611,21.875,0.26046,0.081534,339.79,77.717,6.9156,13.986,32.167,4455.3,22.891,44.831,49.284,80.755,2.2327,1.6229,3095.7,42.207,53.484,94.59,9.3583,60.938,35.993,38.78,2627.2,63.188,25.343,50.742,0.33363,8.8715,26.306,120.43,1.3727,75.497,23.3,2.3413,54.128,4.8798,241.02,0.013677,0.83739,66.402,18.888,43.597
770,2026-05-02T22:27:00,51.318,25.662,26.927,32.954,41.16,2697.3,3665.6,16.787,18.867,21.711,0.25802,0.10019,340.22,77.477,6.9334,13.718,32.574,4456.9,23.456,49.584,50.25,80.737,2.2843,1.6554,3096.0,42.351,54.077,94.462,9.4028,59.846,38.835,42.571,2625.2,62.859,24.817,50.824,0.35823,8.9919,25.881,120.39,1.1274,74.03,23.444,2.3549,53.568,4.9164,239.95,0.011309,0.85126,66.479,18.917,43.398
771,2026-05-02T22:30:00,51.874,25.54,26.662,32.954,41.321,2697.3,3674.7,19.862,18.867,21.544,0.25925,0.10019,340.34,77.542,6.9334,13.718,32.574,4508.3,22.162,50.87,50.498,80.665,2.2843,1.6554,3095.9,42.577,53.462,94.631,9.3614,60.716,39.564,42.748,2625.1,62.701,24.994,50.875,0.35677,8.9919,25.881,120.41,1.1274,75.389,23.444,2.3549,53.568,4.9164,239.92,0.011309,0.85126,66.48,18.917,43.398
772,2026-05-02T22:33:00,49.051,21.542,26.847,33.656,40.912,2692.6,3638.4,16.846,18.922,21.554,0.21734,0.10019,340.45,76.84,6.9326,14.029,32.206,4466.5,23.462,44.339,50.281,80.24,2.2915,1.6754,3091.9,42.542,53.868,94.62,9.4081,60.629,38.926,39.167,2621.3,63.132,24.789,50.811,0.32776,8.9483,26.29,120.38,1.2151,75.094,23.394,2.2531,53.568,4.981,241.22,0.011309,0.85126,66.446,18.836,43.398
773,2026-05-02T22:36:00,49.712,21.683,26.983,33.656,40.794,2693.5,3641.7,15.165,18.922,21.691,0.21591,0.10019,340.29,77.222,6.9326,14.029,32.206,4462.2,24.173,45.867,49.716,80.163,2.2915,1.6754,3091.4,42.026,53.919,94.839,9.3696,62.922,37.265,39.301,2621.0,63.074,24.114,50.8,0.32666,8.9483,26.29,120.38,1.2151,75.294,23.394,2.2531,53.568,4.981,241.99,0.011309,0.85126,66.351,18.836,43.398
774,2026-05-02T22:39:00,51.358,24.441,26.886,32.804,40.542,2692.4,3652.7,19.323,18.677,21.61,0.25475,0.10019,339.97,77.183,6.8773,13.939,32.049,4492.9,22.42,49.677,48.548,80.135,2.3108,1.6723,3091.3,42.411,53.734,94.592,9.3283,61.691,33.827,43.121,2620.7,62.843,25.62,50.97,0.36412,9.0667,26.088,120.4,1.3722,75.279,23.39,2.3253,53.568,4.9522,240.75,0.011309,0.85126,66.287,18.782,43.398
775,2026-05-02T22:42:00,51.059,24.717,26.901,32.804,40.976,2694.0,3654.0,17.297,18.677,21.93,0.25195,0.088922,340.6,77.253,6.8773,13.939,32.049,4512.8,23.275,48.984,50.816,80.18,2.3108,1.6723,3090.9,42.203,53.496,94.883,9.3295,64.531,40.502,43.474,2622.5,62.821,26.269,50.976,0.36122,9.0667,26.088,120.38,1.3722,75.212,23.39,2.3253,54.909,4.9522,245.52,0.02361,0.842,66.243,18.782,44.026
776,2026-05-02T22:45:00,50.28,26.347,27.012,32.771,41.362,2697.2,3646.8,19.826,18.714,22.007,0.26705,0.088922,340.74,77.707,6.8096,13.944,32.714,4489.5,22.193,47.182,49.849,80.506,2.2864,1.6703,3095.8,42.435,53.903,94.496,9.5067,59.47,37.655,42.402,2626.8,63.408,25.764,51.349,0.35207,8.8014,26.202,120.44,1.2199,74.568,23.586,2.3602,54.909,4.7669,243.78,0.02361,0.842,66.263,18.619,44.026
777,2026-05-02T22:48:00,51.454,26.337,26.727,32.771,40.327,2698.7,3689.9,17.071,18.714,21.945,0.26715,0.088922,340.84,77.742,6.8096,13.944,32.714,4467.7,23.352,49.9,49.02,80.481,2.2864,1.6703,3097.0,42.015,54.164,94.6,9.3029,62.259,35.217,42.238,2627.2,62.666,23.729,51.745,0.35342,8.8014,26.202,120.39,1.2199,75.416,23.586,2.3602,54.909,4.7669,241.71,0.02361,0.842,66.365,18.619,44.026
778,2026-05-02T22:51:00,52.658,19.755,26.705,32.655,41.46,2698.5,3688.3,19.141,18.687,21.689,0.20152,0.088922,340.68,77.483,6.8885,13.862,32.042,4511.1,22.484,52.684,49.177,80.543,2.2172,1.6531,3097.1,42.059,54.056,94.406,9.3932,60.28,35.678,42.405,2626.1,63.324,23.662,51.715,0.35459,8.8104,25.82,120.42,1.3564,75.14,23.568,2.2845,54.909,4.8506,244.42,0.02361,0.842,66.436,19.031,44.026
779,2026-05-02T22:54:00,48.765,19.761,26.948,32.655,40.776,2696.4,3686.5,20.15,18.687,21.686,0.20146,0.088922,339.96,77.553,6.8885,13.862,32.042,4502.0,22.054,43.677,48.446,80.487,2.2172,1.6531,3095.7,42.423,54.165,94.609,9.3784,61.84,33.527,42.436,2624.5,63.356,25.912,51.931,0.35434,8.8104,25.82,120.4,1.3564,75.207,23.568,2.2845,54.909,4.8506,244.35,0.02361,0.842,66.518,19.031,44.026
780,2026-05-02T22:57:00,50.026,26.204,26.892,33.052,41.849,2697.0,3662.5,19.479,18.913,21.632,0.2619,0.094634,340.33,77.402,6.9065,13.791,32.415,4464.8,22.344,46.595,50.58,80.471,2.2653,1.7076,3096.1,42.802,53.591,94.5,9.5407,58.639,39.807,41.37,2625.2,63.108,25.873,51.605,0.34606,8.8557,26.59,120.42,1.0958,74.608,23.751,2.2695,53.34,4.9347,247.9,0.0062972,0.83944,66.518,18.727,42.939
781,2026-05-02T23:00:00,51.066,26.171,26.818,33.052,40.864,2696.7,3678.5,19.355,18.913,21.633,0.26223,0.094634,340.17,77.526,6.9065,13.791,32.415,4457.8,22.401,49.002,50.25,80.434,2.2653,1.7076,3096.1,42.679,53.675,94.667,9.4131,60.974,38.835,41.727,2625.3,62.833,25.144,51.964,0.34313,8.8557,26.59,120.38,1.0958,74.624,23.751,2.2695,53.34,4.9347,245.15,0.0062972,0.83944,66.515,18.727,42.939
782,2026-05-02T23:03:00,50.038,22.273,26.99,32.699,40.678,2695.9,3625.1,18.315,18.81,21.563,0.22897,0.094634,340.38,77.121,6.8704,13.67,32.072,4514.5,22.847,46.621,49.986,80.331,2.301,1.6817,3095.7,41.978,53.725,94.53,9.3935,60.205,38.057,40.339,2624.3,63.578,25.57,51.879,0.339,9.0604,26.413,120.39,1.2685,75.095,23.694,2.3267,53.34,4.9141,247.39,0.0062972,0.83944,66.529,18.937,42.939
783,2026-05-02T23:06:00,50.796,22.354,26.834,32.699,41.568,2696.5,3701.1,19.43,18.81,21.687,0.22815,0.094634,340.81,77.425,6.8704,13.67,32.072,4512.8,22.381,48.377,49.239,80.207,2.301,1.6817,3094.5,42.772,53.745,94.722,9.4727,60.093,35.862,40.224,2623.9,62.27,24.745,52.079,0.33994,9.0604,26.413,120.4,1.2685,74.54,23.694,2.3267,53.34,4.9141,246.47,0.0062972,0.83944,66.474,18.937,42.939
784,2026-05-02T23:09:00,52.125,25.846,27.289,32.802,41.194,2698.9,3677.4,15.41,18.492,22.382,0.25768,0.094634,341.11,77.379,6.8485,13.677,32.74,4493.0,24.063,51.452,50.063,80.33,2.2415,1.686,3095.3,42.246,53.457,94.49,9.3814,61.105,38.286,38.419,2627.2,62.989,25.508,52.135,0.32723,9.0998,26.272,120.38,1.2971,75.13,23.987,2.3179,53.34,4.9513,247.16,0.0062972,0.83944,66.441,18.798,42.939
785,2026-05-02T23:12:00,50.643,25.533,26.855,32.802,42.125,2701.2,3653.1,20.605,18.492,22.08,0.26086,0.09388,340.95,77.387,6.8485,13.677,32.74,4455.9,21.872,48.022,51.221,80.39,2.2415,1.686,3098.7,42.507,53.902,94.529,9.5473,61.555,41.694,38.665,2630.4,63.407,27.078,52.133,0.3252,9.0998,26.272,120.42,1.2971,74.798,23.987,2.3179,53.17,4.9513,247.85,0.01374,0.82972,66.49,18.798,42.432
786,2026-05-02T23:15:00,47.625,18.887,26.594,32.985,40.939,2699.3,3676.0,18.835,18.683,21.966,0.19478,0.09388,341.23,77.286,6.8955,13.758,31.907,4517.7,22.629,41.038,50.672,80.255,2.2397,1.7048,3097.6,42.083,53.487,94.595,9.3768,60.835,40.079,38.643,2628.6,63.227,26.227,51.988,0.32512,8.8632,26.321,120.39,1.2332,74.697,23.815,2.2756,53.17,4.9038,250.51,0.01374,0.82972,66.494,18.755,42.432
787,2026-05-02T23:18:00,50.295,19.063,26.919,32.985,41.092,2699.0,3649.4,18.523,18.683,22.153,0.19298,0.09388,341.62,77.357,6.8955,13.758,31.907,4491.5,22.749,47.218,49.521,80.229,2.2397,1.7048,3095.5,42.052,53.8,94.572,9.3493,60.35,36.69,38.74,2628.7,63.685,23.683,52.399,0.32432,8.8632,26.321,120.43,1.2332,74.728,23.815,2.2756,53.17,4.9038,246.91,0.01374,0.82972,66.507,18.755,42.432
788,2026-05-02T23:21:00,48.633,26.78,27.046,33.034,40.547,2699.4,3658.4,18.844,18.368,21.782,0.27289,0.09388,340.7,77.516,6.6962,13.71,32.567,4486.4,22.609,43.37,49.416,80.249,2.3,1.657,3099.0,42.25,53.968,94.563,9.213,63.455,36.381,39.407,2627.7,63.127,26.387,52.367,0.33516,8.7053,26.273,120.37,1.4089,75.237,23.704,2.2149,53.17,4.9515,248.29,0.01374,0.82972,66.498,18.832,42.432
789,2026-05-02T23:24:00,50.037,26.666,27.08,33.034,41.8,2701.0,3640.4,18.794,18.368,22.359,0.27405,0.09388,341.36,77.441,6.6962,13.71,32.567,4471.5,22.632,46.619,49.219,80.224,2.3,1.657,3099.0,42.605,54.146,94.523,9.4773,61.466,35.801,39.974,2630.2,63.436,25.987,52.245,0.33052,8.7053,26.273,120.43,1.4089,74.249,23.704,2.2149,53.17,4.9515,250.68,0.01374,0.82972,66.499,18.832,42.432
790,2026-05-02T23:27:00,50.651,20.444,27.144,32.426,41.478,2701.7,3750.2,15.835,18.467,22.364,0.20862,0.098931,341.31,77.271,6.9629,13.703,31.935,4462.8,23.885,48.04,49.467,80.289,2.2941,1.6775,3099.5,42.053,54.058,94.537,9.4681,59.749,36.532,38.681,2630.3,63.376,23.759,52.241,0.32969,8.8328,26.331,120.39,1.2742,74.327,23.377,2.3248,53.83,4.8883,248.94,0.025089,0.81074,66.493,19.233,43.577
791,2026-05-02T23:30:00,49.298,20.463,27.021,32.426,42.394,2701.0,3735.9,20.78,18.467,22.313,0.20842,0.098931,341.01,77.255,6.9629,13.703,31.935,4526.5,21.804,44.909,47.999,80.242,2.2941,1.6775,3097.8,42.426,53.295,94.403,9.4203,61.379,32.211,38.792,2629.9,63.621,23.982,52.393,0.32878,8.8328,26.331,120.43,1.2742,74.917,23.377,2.3248,53.83,4.8883,247.05,0.025089,0.81074,66.472,19.233,43.577
792,2026-05-02T23:33:00,50.095,26.559,26.891,32.965,39.902,2698.6,3608.4,16.912,18.506,21.969,0.26727,0.098931,341.25,76.9,6.87,13.985,31.924,4461.4,23.446,46.754,50.709,80.035,2.2619,1.6246,3096.6,42.201,53.047,94.622,9.3037,61.153,40.187,38.719,2627.0,63.526,25.464,52.2,0.3263,8.843,26.313,120.37,1.1584,74.873,23.327,2.4266,53.83,4.7988,249.0,0.025089,0.81074,66.454,18.682,43.577
793,2026-05-02T23:36:00,51.082,26.472,27.162,32.965,41.629,2700.6,3689.9,16.658,18.506,22.363,0.26816,0.098931,341.47,77.33,6.87,13.985,31.924,4427.5,23.539,49.039,50.105,80.139,2.2619,1.6246,3097.0,42.152,53.453,94.533,9.4469,61.937,38.408,38.902,2629.9,62.124,24.16,52.227,0.32479,8.843,26.313,120.42,1.1584,74.363,23.327,2.4266,53.83,4.7988,248.55,0.025089,0.81074,66.421,18.682,43.577
794,2026-05-02T23:39:00,50.53,26.883,27.149,32.816,40.581,2701.5,3665.1,20.523,18.532,21.93,0.27164,0.098931,340.83,77.442,6.9421,13.785,32.289,4507.3,21.91,47.76,49.673,80.182,2.2705,1.6563,3099.8,42.677,53.821,94.707,9.4459,60.455,37.137,42.675,2629.5,63.334,24.595,52.216,0.35599,8.8865,26.421,120.39,1.2368,74.314,23.745,2.3623,53.83,4.8215,248.51,0.025089,0.81074,66.419,18.777,43.577
795,2026-05-02T23:42:00,49.699,26.759,26.705,32.816,41.579,2704.5,3672.7,19.104,18.532,21.817,0.2729,0.099083,341.74,77.63,6.9421,13.785,32.289,4503.9,22.5,45.838,49.576,80.436,2.2705,1.6563,3101.8,42.355,53.861,94.331,9.383,62.036,36.854,42.577,2634.0,63.202,25.282,51.818,0.35679,8.8865,26.421,120.41,1.2368,74.623,23.745,2.3623,53.454,4.8215,247.01,0.014741,0.82345,66.446,18.777,44.09
796,2026-05-02T23:45:00,51.081,23.551,26.948,32.949,41.741,2704.4,3658.6,20.347,18.498,22.223,0.23647,0.099083,341.31,77.592,6.7723,13.534,32.341,4467.2,21.972,49.036,47.06,80.335,2.2841,1.6697,3102.4,42.532,54.075,94.633,9.3311,62.818,29.447,39.55,2632.7,62.79,24.922,51.601,0.33859,9.011,26.228,120.42,1.2932,74.889,23.967,2.3948,53.454,4.8436,246.73,0.014741,0.82345,66.465,18.622,44.09
797,2026-05-02T23:48:00,49.05,23.348,27.126,32.949,41.203,2704.2,3649.0,18.778,18.498,22.299,0.23853,0.099083,341.35,77.347,6.7723,13.534,32.341,4462.7,22.64,44.336,50.14,80.327,2.2841,1.6697,3102.5,42.153,54.128,94.456,9.4324,62.579,38.512,39.977,2633.4,62.955,26.556,51.596,0.33509,9.011,26.228,120.36,1.2932,75.137,23.967,2.3948,53.454,4.8436,244.05,0.014741,0.82345,66.488,18.622,44.09
798,2026-05-02T23:51:00,49.132,22.666,26.638,32.891,41.344,2705.8,3689.4,18.459,18.369,22.114,0.23285,0.099083,342.07,77.537,7.0464,13.9,32.035,4513.0,22.773,44.526,51.206,80.251,2.246,1.6312,3103.1,42.322,53.92,94.577,9.3896,63.126,41.648,36.57,2634.2,63.773,26.607,51.237,0.3058,8.9885,26.674,120.41,1.2387,75.365,23.465,2.3233,53.454,4.8911,245.42,0.014741,0.82345,66.428,18.339,44.09
799,2026-05-02T23:54:00,49.925,22.737,27.092,32.891,41.448,2705.2,3711.6,16.107,18.369,22.215,0.23212,0.099083,342.04,77.32,7.0464,13.9,32.035,4521.9,23.776,46.361,49.841,80.223,2.246,1.6312,3103.1,42.568,53.814,94.383,9.3275,62.198,37.632,36.866,2634.1,63.392,25.269,51.137,0.30337,8.9885,26.674,120.4,1.2387,75.15,23.465,2.3233,53.454,4.8911,243.86,0.014741,0.82345,66.421,18.339,44.09
800,2026-05-02T23:57:00,49.553,25.756,26.684,33.156,40.708,2704.7,3650.1,18.37,18.242,22.163,0.26049,0.097972,341.91,77.344,6.9367,13.575,32.286,4546.6,22.811,45.5,49.327,80.208,2.2458,1.6789,3102.1,42.129,54.262,94.654,9.3216,60.376,36.118,41.19,2633.7,62.019,24.903,51.207,0.34711,8.943,26.481,120.37,1.193,75.203,23.841,2.1856,53.229,4.8644,243.69,0.014764,0.8322,66.408,18.692,43.18
801,2026-05-03T00:00:00,49.965,25.649,27.068,33.156,41.696,2704.4,3626.9,18.858,18.242,22.142,0.26158,0.097972,341.72,77.199,6.9367,13.575,32.286,4536.1,22.606,46.454,50.339,80.092,2.2458,1.6789,3101.8,42.29,54.387,94.569,9.2173,63.646,39.097,40.731,2632.5,62.417,24.024,50.992,0.35087,8.943,26.481,120.4,1.193,75.018,23.841,2.1856,53.229,4.8644,244.89,0.014764,0.8322,66.35,18.692,43.18
