sample,timestamp,tag_01,tag_02,tag_03,tag_04,tag_05,tag_06,tag_07,tag_08,tag_09,tag_10,tag_11,tag_12,tag_13,tag_14,tag_15,tag_16,tag_17,tag_18,tag_19,tag_20,tag_21,tag_22,tag_23,tag_24,tag_25,tag_26,tag_27,tag_28,tag_29,tag_30,tag_31,tag_32,tag_33,tag_34,tag_35,tag_36,tag_37,tag_38,tag_39,tag_40,tag_41,tag_42,tag_43,tag_44,tag_45,tag_46,tag_47,tag_48,tag_49,tag_50,tag_51,tag_52
1,2026-04-26T23:00:00,50.11,25.443,26.528,32.56,41.733,2711.5,3650.4,21.26,18.813,21.802,0.26155,0.092072,340.33,77.388,6.8186,13.713,32.025,4594.1,21.637,46.789,49.019,80.024,2.3184,1.6286,3110.4,42.279,53.524,94.652,9.2972,64.581,35.213,38.639,2640.6,62.341,27.11,46.749,0.32257,8.8087,26.756,120.42,1.1122,75.671,24.61,2.3665,53.036,4.7886,229.34,0.024785,0.81058,65.615,18.494,44.686
2,2026-04-26T23:03:00,51.713,24.786,27.188,32.291,41.042,2715.7,3646.9,16.325,18.918,22.427,0.25531,0.088537,340.56,77.784,6.8916,13.811,31.791,4529.8,23.698,50.497,51.397,80.277,2.2784,1.636,3112.6,42.091,54.559,94.624,9.366,61.074,42.213,38.807,2644.7,63.929,23.105,46.542,0.32342,8.9416,26.619,120.42,1.2904,75.637,24.504,2.2376,54.147,4.8068,227.66,0.0056897,0.84193,65.611,18.659,44.313
3,2026-04-26T23:06:00,50.356,24.808,27.08,32.291,41.208,2713.4,3674.6,17.38,18.918,21.835,0.25508,0.088537,339.59,77.004,6.8916,13.811,31.791,4557.3,23.268,47.357,50.012,80.23,2.2784,1.636,3114.0,42.161,54.229,94.478,9.4159,62.047,38.134,38.748,2642.1,63.452,25.299,46.292,0.32391,8.9416,26.619,120.42,1.2904,76.456,24.504,2.2376,54.147,4.8068,227.08,0.0056897,0.84193,65.664,18.659,44.313
4,2026-04-26T23:09:00,51.076,27.487,26.765,32.254,40.791,2710.5,3650.7,17.318,18.359,21.84,0.27888,0.088537,340.2,77.338,6.7535,13.915,31.563,4550.1,23.294,49.025,50.67,79.918,2.2792,1.6395,3109.5,42.395,53.944,94.659,9.291,62.111,40.073,39.746,2638.8,63.248,23.002,46.125,0.33643,8.9546,26.739,120.41,1.327,75.086,24.099,2.2815,54.147,4.8459,225.63,0.0056897,0.84193,65.611,18.789,44.313
5,2026-04-26T23:12:00,49.417,27.329,27.018,32.254,41.056,2709.6,3635.2,17.743,18.359,21.697,0.28048,0.088537,339.87,76.862,6.7535,13.915,31.563,4545.6,23.129,45.185,51.721,79.92,2.2792,1.6395,3109.7,42.568,53.998,94.495,9.2883,59.529,43.164,39.84,2637.6,63.515,25.082,45.85,0.33566,8.9546,26.739,120.4,1.327,75.304,24.099,2.2815,54.147,4.8459,225.44,0.0056897,0.84193,65.532,18.789,44.313
6,2026-04-26T23:15:00,49.541,30.263,26.907,32.87,41.539,2709.4,3701.7,17.685,18.805,22.093,0.30539,0.088537,339.85,77.223,6.8691,13.742,31.55,4516.8,23.149,45.473,49.308,79.914,2.2171,1.6426,3108.9,42.384,54.033,94.692,9.2041,61.912,36.064,41.101,2638.0,63.638,25.179,45.754,0.34858,9.0009,26.817,120.42,1.1382,74.562,24.216,2.3968,54.147,4.8167,223.27,0.0056897,0.84193,65.462,19.121,44.313
7,2026-04-26T23:18:00,51.942,30.056,26.946,32.87,41.437,2709.5,3690.6,15.619,18.805,21.823,0.30749,0.092462,340.13,77.28,6.8691,13.742,31.55,4539.5,24.018,51.027,49.361,79.96,2.2171,1.6426,3108.7,42.62,53.762,94.383,9.2596,62.493,36.219,41.102,2637.8,63.829,26.197,45.915,0.34857,9.0009,26.817,120.42,1.1382,74.674,24.216,2.3968,53.795,4.8167,227.03,0.0019074,0.85674,65.445,19.121,43.698
8,2026-04-26T23:21:00,48.889,30.937,26.703,32.977,41.664,2708.5,3671.7,20.24,18.795,21.702,0.31431,0.092462,339.82,77.041,6.9639,13.874,31.616,4453.9,22.078,43.962,50.443,79.996,2.2383,1.6785,3108.3,42.488,53.94,94.654,9.3762,60.841,39.403,38.996,2637.0,63.207,24.068,46.039,0.3281,8.8054,26.668,120.4,1.1339,75.219,24.808,2.2502,53.795,4.8997,226.2,0.0019074,0.85674,65.468,18.722,43.698
9,2026-04-26T23:24:00,50.046,31.048,27.228,32.977,40.993,2707.8,3653.9,18.292,18.795,22.112,0.31318,0.092462,340.59,76.879,6.9639,13.874,31.616,4469.6,22.915,46.64,48.631,79.776,2.2383,1.6785,3106.5,42.536,53.752,94.52,9.4336,58.331,34.072,39.176,2635.8,63.513,25.866,46.128,0.32661,8.8054,26.668,120.39,1.1339,74.882,24.808,2.2502,53.795,4.8997,225.81,0.0019074,0.85674,65.431,18.722,43.698
10,2026-04-26T23:27:00,49.204,31.049,26.872,32.886,41.076,2708.0,3668.7,15.673,19.063,21.968,0.31283,0.092462,340.98,77.338,7.0041,13.775,32.094,4506.8,24.01,44.692,50.115,79.829,2.2453,1.6794,3105.6,42.463,54.261,94.72,9.4319,58.191,38.438,40.794,2636.1,62.394,25.782,45.878,0.34215,8.8239,26.254,120.42,1.2523,74.562,24.357,2.3293,53.795,4.8136,229.23,0.0019074,0.85674,65.389,18.789,43.698
11,2026-04-26T23:30:00,50.413,30.967,27.115,32.886,40.981,2710.5,3625.8,19.093,19.063,22.557,0.31367,0.092462,341.27,77.338,7.0041,13.775,32.094,4555.7,22.563,47.489,49.639,80.097,2.2453,1.6794,3107.4,42.514,53.676,94.566,9.2985,62.721,37.038,40.597,2639.4,63.132,26.338,46.304,0.34377,8.8239,26.254,120.4,1.2523,75.179,24.357,2.3293,53.795,4.8136,225.02,0.0019074,0.85674,65.425,18.789,43.698
12,2026-04-26T23:33:00,49.757,26.855,26.713,32.891,41.001,2711.6,3617.9,18.296,18.703,22.753,0.27009,0.10187,341.28,77.609,6.8561,13.805,32.044,4536.3,22.883,45.971,49.177,80.293,2.2664,1.649,3107.6,42.18,53.749,94.574,9.225,60.359,35.677,39.695,2641.2,62.82,24.607,46.439,0.32932,8.7462,26.644,120.4,1.1891,75.183,24.61,2.1869,54.397,4.8075,228.55,0.026155,0.84885,65.522,18.648,43.779
13,2026-04-26T23:36:00,48.266,26.555,26.872,32.891,41.433,2712.4,3656.0,19.501,18.703,22.835,0.27314,0.10187,341.21,77.433,6.8561,13.805,32.044,4488.9,22.369,42.522,50.227,80.351,2.2664,1.649,3106.9,42.294,54.316,94.683,9.3029,61.514,38.767,39.571,2642.1,62.163,25.425,46.765,0.33033,8.7462,26.644,120.39,1.1891,75.633,24.61,2.1869,54.397,4.8075,227.33,0.026155,0.84885,65.599,18.648,43.779
14,2026-04-26T23:39:00,47.605,27.363,26.843,33.238,40.903,2709.1,3688.0,18.215,18.342,22.344,0.27695,0.10187,341.12,76.572,6.8417,13.697,32.219,4502.9,22.939,40.992,49.796,80.051,2.2611,1.6598,3104.9,42.303,54.503,94.55,9.2498,61.901,37.499,39.876,2637.3,62.865,24.506,46.779,0.33414,8.7847,26.35,120.4,1.232,74.727,24.166,2.3474,54.397,4.8041,229.6,0.026155,0.84885,65.643,18.41,43.779
15,2026-04-26T23:42:00,49.037,27.246,26.82,33.238,41.455,2703.7,3707.7,20.599,18.342,21.754,0.27813,0.10187,340.84,76.887,6.8417,13.697,32.219,4548.3,21.946,44.304,47.71,79.596,2.2611,1.6598,3102.2,42.14,53.96,94.781,9.3195,61.715,31.361,40.031,2631.8,62.527,24.251,47.048,0.33287,8.7847,26.35,120.41,1.232,75.915,24.166,2.3474,54.397,4.8041,229.12,0.026155,0.84885,65.56,18.41,43.779
16,2026-04-26T23:45:00,52.121,25.871,26.725,32.722,39.694,2702.6,3705.0,17.732,18.855,21.907,0.25957,0.10187,340.97,76.931,6.6773,13.725,32.063,4568.7,23.166,51.442,49.795,79.52,2.2853,1.647,3099.9,42.418,54.341,94.633,9.4228,59.544,37.496,38.292,2631.1,62.73,25.667,47.302,0.32239,8.7678,26.709,120.37,1.1154,75.261,24.438,2.3322,54.397,4.8889,228.85,0.026155,0.84885,65.466,18.94,43.779
17,2026-04-26T23:48:00,48.261,25.511,27.127,32.722,40.859,2706.4,3660.0,20.158,18.855,22.472,0.26323,0.095937,340.88,77.466,6.6773,13.725,32.063,4528.9,22.126,42.51,51.537,79.981,2.2853,1.647,3103.1,42.09,54.817,94.661,9.1887,60.687,42.622,38.149,2635.4,63.504,26.154,47.249,0.32356,8.7678,26.709,120.38,1.1154,75.195,24.438,2.3322,53.608,4.8889,230.09,0.035814,0.85902,65.454,18.94,43.536
18,2026-04-26T23:51:00,49.111,27.165,27.296,32.882,41.6,2706.0,3737.1,17.72,18.682,22.007,0.2775,0.095937,340.64,77.056,6.8087,13.671,32.368,4518.2,23.159,44.476,49.946,80.096,2.2511,1.6383,3105.2,42.563,53.664,94.409,9.2255,60.877,37.942,38.356,2633.9,63.736,24.298,47.566,0.32671,8.7097,26.309,120.43,1.345,75.275,23.962,2.2652,53.608,4.7975,228.14,0.035814,0.85902,65.57,18.978,43.536
19,2026-04-26T23:54:00,48.58,27.224,26.584,32.882,41.754,2705.2,3730.0,19.617,18.682,22.063,0.27691,0.095937,340.76,77.32,6.8087,13.671,32.368,4509.0,22.347,43.247,47.918,80.149,2.2511,1.6383,3103.0,42.51,53.773,94.445,9.2815,62.61,31.974,38.636,2634.2,63.858,25.738,47.585,0.32441,8.7097,26.309,120.41,1.345,75.013,23.962,2.2652,53.608,4.7975,229.5,0.035814,0.85902,65.64,18.978,43.536
20,2026-04-26T23:57:00,50.6,24.555,26.962,32.492,41.253,2703.8,3663.2,18.384,18.947,22.203,0.24445,0.095937,340.44,77.592,6.9461,13.795,32.179,4498.3,22.853,47.922,50.141,80.317,2.2691,1.6656,3100.7,41.894,53.775,94.423,9.2327,60.983,38.514,38.097,2632.4,63.986,22.911,47.751,0.31549,8.8583,26.571,120.4,1.2122,75.753,24.183,2.252,53.608,4.7943,229.22,0.035814,0.85902,65.738,18.771,43.536
21,2026-04-27T00:00:00,50.593,24.214,27.059,32.492,41.555,2699.7,3659.8,16.372,18.947,21.879,0.24791,0.095937,340.25,77.065,6.9461,13.795,32.179,4522.3,23.715,47.907,50.237,80.188,2.2691,1.6656,3097.9,42.196,53.489,94.468,9.2763,58.473,38.798,37.649,2628.6,64.043,24.295,47.795,0.31916,8.8583,26.571,120.39,1.2122,75.259,24.183,2.252,53.608,4.7943,230.23,0.035814,0.85902,65.801,18.771,43.536
22,2026-04-27T00:03:00,50.518,25.86,26.908,32.827,40.869,2696.5,3668.5,17.998,18.74,22.034,0.26607,0.10406,339.72,77.041,6.8862,13.778,32.297,4566.2,23.033,47.732,51.052,80.059,2.2627,1.6598,3094.4,41.926,53.456,94.647,9.1504,60.168,41.196,39.402,2624.7,62.693,25.525,48.237,0.33102,8.9053,26.142,120.38,1.2351,76.158,23.665,2.289,53.829,4.8482,230.11,0.030071,0.84562,65.835,18.903,43.693
23,2026-04-27T00:06:00,50.315,25.916,27.163,32.827,41.122,2694.4,3648.2,17.85,18.74,21.88,0.2655,0.10406,339.59,77.033,6.8862,13.778,32.297,4504.3,23.102,47.262,49.323,80.075,2.2627,1.6598,3093.1,41.793,54.197,94.753,9.2532,61.077,36.109,39.253,2623.3,63.043,25.095,48.039,0.33224,8.9053,26.142,120.38,1.2351,75.431,23.665,2.289,53.829,4.8482,235.26,0.030071,0.84562,65.845,18.903,43.693
24,2026-04-27T00:09:00,51.867,24.945,26.451,32.974,41.179,2693.0,3640.3,16.642,18.547,21.3,0.25139,0.10406,339.2,76.858,6.9278,13.97,32.334,4489.0,23.621,50.855,47.881,79.974,2.2566,1.6558,3092.2,42.175,54.046,94.662,9.3868,60.635,31.865,39.316,2620.9,63.672,24.995,48.44,0.32753,8.8856,26.34,120.38,1.4138,75.25,23.914,2.3206,53.829,4.9169,233.73,0.030071,0.84562,65.855,19.103,43.693
25,2026-04-27T00:12:00,50.949,24.853,27.026,32.974,40.725,2692.4,3699.6,18.697,18.547,21.607,0.25233,0.10406,339.14,77.108,6.9278,13.97,32.334,4493.8,22.752,48.729,49.476,80.054,2.2566,1.6558,3092.3,42.218,53.989,94.76,9.1909,62.114,36.557,39.613,2620.8,62.652,25.969,48.568,0.3251,8.8856,26.34,120.36,1.4138,75.503,23.914,2.3206,53.829,4.9169,235.27,0.030071,0.84562,65.849,19.103,43.693
26,2026-04-27T00:15:00,49.393,24.284,27.031,32.722,41.298,2693.0,3667.0,17.376,18.878,21.797,0.24843,0.10406,339.15,77.309,6.7758,13.688,32.57,4499.4,23.3,45.129,51.463,80.231,2.2989,1.6141,3091.6,42.358,53.393,94.736,9.3338,61.626,42.407,41.72,2621.3,62.824,24.453,48.992,0.35039,8.9091,26.189,120.42,1.3329,75.701,23.627,2.3324,53.829,4.9279,233.42,0.030071,0.84562,65.875,18.9,43.693
27,2026-04-27T00:18:00,49.524,24.322,27.306,32.722,40.143,2694.0,3659.3,20.997,18.878,21.778,0.24804,0.098898,339.32,77.682,6.7758,13.688,32.57,4476.1,21.759,45.433,50.473,80.438,2.2989,1.6141,3092.0,42.088,53.671,94.681,9.087,61.858,39.491,41.425,2622.0,62.957,25.945,48.723,0.35281,8.9091,26.189,120.39,1.3329,74.087,23.627,2.3324,52.768,4.9279,235.81,0.01504,0.84947,65.959,18.9,44.352
28,2026-04-27T00:21:00,50.588,21.822,26.621,32.733,41.311,2693.6,3691.6,19.1,19.107,21.145,0.22218,0.098898,338.22,77.185,7.112,13.985,32.247,4527.9,22.565,47.895,50.407,80.5,2.2892,1.6238,3093.8,41.863,53.511,94.673,9.2261,60.151,39.299,38.126,2621.7,63.763,25.044,48.874,0.31819,8.921,26.02,120.42,1.3432,75.383,23.731,2.2399,52.768,4.8485,235.43,0.01504,0.84947,66.058,19.225,44.352
29,2026-04-27T00:24:00,49.538,21.744,26.881,32.733,41.362,2691.6,3701.6,16.799,19.107,21.522,0.22297,0.098898,337.9,77.224,7.112,13.985,32.247,4529.3,23.528,45.464,49.765,80.538,2.2892,1.6238,3091.8,42.367,53.493,94.581,9.3227,59.318,37.409,38.501,2619.9,63.591,24.136,48.926,0.31512,8.921,26.02,120.39,1.3432,75.316,23.731,2.2399,52.768,4.8485,236.13,0.01504,0.84947,66.117,19.225,44.352
30,2026-04-27T00:27:00,51.274,24.896,26.834,32.764,40.901,2690.0,3606.3,20.723,19.153,21.14,0.24892,0.098898,338.05,77.193,6.8925,14.032,32.014,4435.6,21.875,49.483,48.671,80.45,2.2673,1.6762,3088.7,41.964,53.77,94.801,9.3038,60.425,34.189,42.261,2617.4,62.223,26.331,49.092,0.34957,8.9342,26.592,120.39,1.4657,76.194,23.384,2.2888,52.768,4.9148,235.54,0.01504,0.84947,66.139,18.688,44.352
31,2026-04-27T00:30:00,50.709,24.62,27.33,32.764,39.461,2687.2,3606.2,16.974,19.153,21.262,0.25172,0.098898,338.25,77.211,6.8925,14.032,32.014,4445.8,23.462,48.175,51.744,80.211,2.2673,1.6762,3086.8,42.14,53.648,94.929,9.2555,60.511,43.232,41.692,2614.3,62.225,23.767,49.088,0.35423,8.9342,26.592,120.38,1.4657,75.8,23.384,2.2888,52.768,4.9148,236.88,0.01504,0.84947,66.131,18.688,44.352
32,2026-04-27T00:33:00,50.599,27.034,26.986,32.798,41.129,2690.2,3693.0,18.751,18.94,21.347,0.27335,0.10993,337.88,77.452,7.0029,13.902,31.826,4555.5,22.707,47.921,50.2,80.364,2.2451,1.6604,3089.4,41.791,53.621,94.834,9.3687,60.137,38.69,42.821,2617.3,62.543,26.059,49.221,0.35745,8.942,25.819,120.42,1.3551,74.904,23.606,2.3625,54.392,4.8905,238.07,0.023456,0.83941,66.093,19.018,43.42
33,2026-04-27T00:36:00,49.055,27.159,27.144,32.798,40.736,2690.8,3655.4,17.205,18.94,21.15,0.27208,0.10993,337.64,77.568,7.0029,13.902,31.826,4554.6,23.347,44.348,49.06,80.536,2.2451,1.6604,3092.3,42.022,53.632,94.684,9.2103,62.883,35.333,42.479,2618.6,63.19,24.056,49.56,0.36025,8.942,25.819,120.39,1.3551,75.235,23.606,2.3625,54.392,4.8905,236.13,0.023456,0.83941,66.163,19.018,43.42
34,2026-04-27T00:39:00,49.471,28.949,26.82,32.939,41.028,2691.3,3643.8,16.184,19.173,20.942,0.29584,0.10993,337.66,77.485,6.9858,13.997,32.504,4495.5,23.775,45.31,49.633,80.578,2.2442,1.6869,3092.7,42.841,53.517,94.796,9.2732,62.44,37.02,41.315,2619.2,62.359,25.173,49.616,0.34308,8.9949,26.264,120.41,1.4165,73.926,23.385,2.312,54.392,4.9107,237.34,0.023456,0.83941,66.196,19.392,43.42
35,2026-04-27T00:42:00,50.053,29.181,27.073,32.939,40.909,2691.7,3667.2,20.796,19.173,20.922,0.29349,0.10993,337.59,77.246,6.9858,13.997,32.504,4457.4,21.84,46.658,49.117,80.457,2.2442,1.6869,3094.1,42.587,53.973,94.747,9.2093,61.873,35.501,41.654,2619.1,61.957,24.416,49.718,0.3403,8.9949,26.264,120.41,1.4165,74.635,23.385,2.312,54.392,4.9107,238.02,0.023456,0.83941,66.222,19.392,43.42
36,2026-04-27T00:45:00,49.894,22.602,26.632,32.93,41.048,2689.6,3603.9,17.133,18.956,21.083,0.22976,0.10993,338.54,76.941,6.8475,13.779,32.346,4434.3,23.4,46.29,50.869,80.186,2.267,1.6823,3089.7,42.38,53.26,94.846,9.4123,61.016,40.658,42.742,2617.0,63.091,25.231,49.774,0.35387,8.9995,26.165,120.4,1.3435,75.458,23.732,2.3017,54.392,4.9274,239.28,0.023456,0.83941,66.18,18.926,43.42
37,2026-04-27T00:48:00,49.508,22.581,26.605,32.93,40.967,2689.3,3622.7,16.773,18.956,21.13,0.22998,0.10453,338.81,77.276,6.8475,13.779,32.346,4409.1,23.546,45.395,51.084,80.231,2.267,1.6823,3089.0,42.353,53.561,94.856,9.3999,60.911,41.289,42.544,2617.4,62.766,25.861,49.594,0.35549,8.9995,26.165,120.4,1.3435,74.042,23.732,2.3017,52.924,4.9274,240.49,0.016358,0.83697,66.139,18.926,43.788
38,2026-04-27T00:51:00,50.963,23.829,26.641,32.597,40.89,2692.7,3664.0,19.039,18.856,21.134,0.24281,0.10453,338.31,77.377,6.8396,14.064,31.93,4469.5,22.585,48.762,49.902,80.48,2.2929,1.6389,3092.7,42.24,53.917,94.634,9.281,61.653,37.812,39.428,2621.3,63.238,27.122,49.893,0.33391,8.8211,26.255,120.4,1.2069,74.44,23.82,2.2897,52.924,4.9155,237.83,0.016358,0.83697,66.125,19.489,43.788
39,2026-04-27T00:54:00,49.692,23.848,27.021,32.597,41.441,2693.0,3650.0,17.92,18.856,21.257,0.24262,0.10453,338.51,77.415,6.8396,14.064,31.93,4493.4,23.051,45.822,49.408,80.488,2.2929,1.6389,3094.5,42.407,53.631,94.727,9.421,59.547,36.358,40.009,2620.8,63.478,25.504,49.843,0.32915,8.8211,26.255,120.43,1.2069,74.918,23.82,2.2897,52.924,4.9155,239.05,0.016358,0.83697,66.204,19.489,43.788
40,2026-04-27T00:57:00,52.614,28.029,26.922,32.84,41.263,2694.1,3669.5,19.06,18.782,21.252,0.28163,0.10453,338.52,77.756,7.0339,13.972,32.028,4398.8,22.553,52.583,50.618,80.617,2.2657,1.6498,3094.8,42.729,53.309,94.488,9.3094,59.893,39.919,44.047,2622.3,63.247,23.194,49.832,0.35977,8.9597,26.472,120.43,1.3023,74.869,23.77,2.3875,52.924,4.8602,239.83,0.016358,0.83697,66.217,18.787,43.788
41,2026-04-27T01:00:00,50.671,27.781,27.14,32.84,41.071,2692.3,3679.8,19.915,18.782,21.415,0.28415,0.10453,338.52,77.29,7.0339,13.972,32.028,4461.4,22.202,48.086,49.15,80.497,2.2657,1.6498,3093.7,42.574,52.56,94.744,9.4303,60.368,35.599,43.314,2620.7,63.071,23.421,49.84,0.36578,8.9597,26.472,120.4,1.3023,73.797,23.77,2.3875,52.924,4.8602,240.36,0.016358,0.83697,66.268,18.787,43.788
42,2026-04-27T01:03:00,49.481,27.215,27.333,32.449,39.811,2690.9,3647.0,18.338,19.521,21.143,0.27539,0.10361,338.85,77.058,7.0432,13.801,31.635,4467.3,22.88,45.334,48.488,80.241,2.2159,1.6878,3093.3,42.682,54.151,94.648,9.3786,61.621,33.651,42.467,2618.7,61.879,26.013,49.898,0.35502,8.8948,26.141,120.41,1.294,74.145,23.499,2.2599,54.332,4.9912,239.76,0.01809,0.8391,66.216,18.805,42.969
43,2026-04-27T01:06:00,50.777,26.965,27.253,32.449,41.755,2694.5,3612.7,17.105,19.521,21.663,0.27793,0.10361,339.36,77.596,7.0432,13.801,31.635,4513.8,23.386,48.333,48.367,80.265,2.2159,1.6878,3093.3,42.447,53.594,94.858,9.2805,64.233,33.295,42.515,2622.7,62.469,25.731,49.812,0.35463,8.8948,26.141,120.41,1.294,73.653,23.499,2.2599,54.332,4.9912,241.13,0.01809,0.8391,66.163,18.805,42.969
44,2026-04-27T01:09:00,49.543,31.316,26.556,32.63,40.963,2699.7,3586.8,20.172,18.817,21.695,0.31699,0.10361,339.81,77.624,7.1195,13.861,31.887,4517.8,22.087,45.476,50.823,80.534,2.2782,1.6706,3097.7,42.602,53.5,94.665,9.3364,61.447,40.523,40.18,2628.6,62.686,25.658,50.041,0.33686,9.0921,26.38,120.39,1.1227,75.394,23.481,2.2283,54.332,5.0145,238.96,0.01809,0.8391,66.168,19.215,42.969
45,2026-04-27T01:12:00,49.027,31.06,26.649,32.63,41.806,2701.7,3599.9,18.112,18.817,21.313,0.31959,0.10361,340.3,77.827,7.1195,13.861,31.887,4487.4,22.946,44.282,49.081,80.399,2.2782,1.6706,3101.9,42.101,53.863,94.805,9.3623,62.881,35.394,40.432,2630.1,62.46,23.174,50.144,0.33479,9.0921,26.38,120.44,1.1227,74.453,23.481,2.2283,54.332,5.0145,238.19,0.01809,0.8391,66.202,19.215,42.969
46,2026-04-27T01:15:00,51.21,29.442,26.933,32.344,39.884,2704.8,3619.0,19.854,18.932,22.079,0.29635,0.10361,341.13,77.46,6.831,14.1,32.271,4458.3,22.216,49.334,50.635,80.423,2.2866,1.6611,3102.4,42.114,53.167,94.649,9.423,61.496,39.968,40.848,2632.7,61.274,25.537,49.966,0.34476,8.9543,25.925,120.38,1.3316,74.189,23.475,2.3722,54.332,4.9345,240.55,0.01809,0.8391,66.235,18.487,42.969
47,2026-04-27T01:18:00,50.198,29.348,26.461,32.344,41.248,2708.9,3592.5,18.671,18.932,22.253,0.29731,0.10351,342.09,77.6,6.831,14.1,32.271,4436.7,22.702,46.993,48.569,80.453,2.2866,1.6611,3103.8,42.514,53.426,94.763,9.4693,61.133,33.889,41.347,2637.9,61.73,25.913,50.077,0.34067,8.9543,25.925,120.41,1.3316,75.303,23.475,2.3722,53.509,4.9345,240.35,0.023389,0.82992,66.195,18.487,44.197
48,2026-04-27T01:21:00,49.591,25.739,26.508,33.033,40.24,2706.2,3680.3,17.434,18.722,21.937,0.26192,0.10351,342.41,77.3,6.7976,13.953,31.963,4539.4,23.232,45.588,51.564,80.207,2.294,1.6457,3104.3,42.709,53.97,94.571,9.5039,60.691,42.702,43.987,2635.9,62.662,26.04,49.975,0.37329,9.0028,26.315,120.39,1.3987,74.482,23.617,2.3671,53.509,4.8519,242.18,0.023389,0.82992,66.173,18.699,44.197
49,2026-04-27T01:24:00,51.019,25.599,26.973,33.033,41.914,2705.4,3630.0,18.062,18.722,22.09,0.26334,0.10351,342.49,76.954,6.7976,13.953,31.963,4483.0,22.986,48.893,50.296,79.927,2.294,1.6457,3103.7,42.524,54.645,94.555,9.5509,61.181,38.972,44.242,2633.9,63.527,26.34,49.967,0.3712,9.0028,26.315,120.41,1.3987,73.935,23.617,2.3671,53.509,4.8519,243.02,0.023389,0.82992,66.109,18.699,44.197
50,2026-04-27T01:27:00,50.925,28.806,27.366,32.621,41.384,2707.1,3698.9,18.266,18.437,22.3,0.29181,0.10351,342.49,77.402,6.7246,13.763,32.226,4494.9,22.892,48.674,50.95,79.916,2.2945,1.6501,3103.8,42.22,54.013,94.574,9.3882,61.008,40.895,42.047,2635.7,62.698,25.652,50.084,0.35933,8.8476,26.225,120.43,1.3002,74.906,23.84,2.3635,53.509,4.961,242.5,0.023389,0.82992,66.032,19.077,44.197
51,2026-04-27T01:30:00,49.014,28.598,26.757,32.621,41.225,2709.8,3672.0,19.498,18.437,22.291,0.29392,0.10351,343.11,77.356,6.7246,13.763,32.226,4522.0,22.367,44.253,51.218,80.109,2.2945,1.6501,3105.8,42.38,53.689,94.415,9.3277,62.83,41.686,41.558,2638.5,63.162,25.436,50.36,0.36333,8.8476,26.225,120.4,1.3002,74.195,23.84,2.3635,53.509,4.961,240.16,0.023389,0.82992,66.027,19.077,44.197
52,2026-04-27T01:33:00,49.484,26.207,26.969,32.949,41.982,2711.3,3682.2,17.235,18.765,22.723,0.26918,0.098657,343.61,77.707,6.897,13.853,32.388,4475.6,23.303,45.339,48.684,80.183,2.2402,1.6566,3107.1,42.76,53.299,94.375,9.5468,60.576,34.228,39.324,2640.6,63.741,25.266,50.194,0.3405,8.8362,26.119,120.43,1.2473,74.143,23.509,2.3168,54.46,4.7473,240.11,0.0030851,0.85038,66.05,18.959,43.544
53,2026-04-27T01:36:00,50.665,26.345,26.393,32.949,40.905,2710.2,3704.7,18.026,18.765,22.4,0.26779,0.098657,343.56,77.375,6.897,13.853,32.388,4468.6,22.978,48.073,50.641,80.106,2.2402,1.6566,3107.0,42.277,53.382,94.384,9.5024,61.732,39.985,40.064,2640.0,63.353,24.417,50.179,0.33443,8.8362,26.119,120.37,1.2473,74.433,23.509,2.3168,54.46,4.7473,239.84,0.0030851,0.85038,66.081,18.959,43.544
54,2026-04-27T01:39:00,49.963,24.73,26.715,33.426,42.318,2709.9,3649.6,19.565,18.256,23.029,0.25042,0.098657,344.66,77.538,6.7783,13.813,32.789,4428.0,22.326,46.449,51.091,80.042,2.2453,1.6454,3104.8,42.539,54.116,94.356,9.2586,63.247,41.311,41.052,2640.4,62.856,25.349,50.062,0.34586,8.9345,26.021,120.43,1.079,73.958,23.909,2.28,54.46,4.8053,240.75,0.0030851,0.85038,66.039,18.139,43.544
55,2026-04-27T01:42:00,50.335,24.787,27.113,33.426,41.504,2707.8,3695.6,18.951,18.256,22.442,0.24983,0.098657,344.36,76.967,6.7783,13.813,32.789,4445.1,22.606,47.309,50.84,79.761,2.2453,1.6454,3104.1,42.392,53.911,94.589,9.416,62.644,40.571,40.91,2636.4,62.064,25.591,49.928,0.34703,8.9345,26.021,120.39,1.079,74.757,23.909,2.28,54.46,4.8053,241.87,0.0030851,0.85038,66.029,18.139,43.544
56,2026-04-27T01:45:00,50.667,20.426,26.985,33.291,41.751,2710.9,3670.6,16.066,18.184,23.27,0.20835,0.098657,344.64,77.82,6.8455,13.785,32.799,4555.3,23.798,48.077,49.618,79.902,2.2533,1.611,3104.3,42.324,54.642,94.413,9.5697,61.836,36.976,40.793,2640.7,63.579,25.117,50.082,0.33945,8.842,26.738,120.43,1.0105,74.058,24.151,2.2503,54.46,4.8071,239.79,0.0030851,0.85038,65.961,18.545,43.544
57,2026-04-27T01:48:00,50.5,20.388,27.174,33.291,41.044,2716.3,3685.8,18.77,18.184,23.27,0.20873,0.10199,344.72,77.958,6.8455,13.785,32.799,4592.6,22.637,47.692,49.08,80.326,2.2533,1.611,3109.7,42.337,54.195,94.306,9.4041,61.745,35.393,40.384,2646.3,63.316,24.761,50.452,0.34281,8.842,26.738,120.4,1.0105,74.554,24.151,2.2503,53.086,4.8071,241.18,0.031324,0.82287,66.044,18.545,43.008
58,2026-04-27T01:51:00,51.683,19.863,27.096,34.016,41.993,2714.0,3652.5,20.903,18.493,23.034,0.19948,0.10199,344.34,77.143,6.9143,13.857,32.446,4490.1,21.754,50.429,46.868,80.206,2.2663,1.6754,3109.7,42.527,54.5,94.432,9.4225,62.988,28.884,40.542,2643.7,63.366,26.34,50.587,0.3349,8.8652,26.436,120.43,1.0984,75.586,23.836,2.3018,53.086,4.7158,241.78,0.031324,0.82287,66.123,18.298,43.008
59,2026-04-27T01:54:00,49.338,19.73,26.562,34.016,41.155,2711.2,3689.3,19.152,18.493,22.864,0.20083,0.10199,344.66,76.868,6.9143,13.857,32.446,4527.9,22.507,45.002,49.093,79.859,2.2663,1.6754,3106.0,42.701,54.047,94.43,9.5866,61.86,35.43,39.679,2640.9,62.734,25.399,50.698,0.34197,8.8652,26.436,120.38,1.0984,74.769,23.836,2.3018,53.086,4.7158,242.68,0.031324,0.82287,66.118,18.298,43.008
60,2026-04-27T01:57:00,51.313,22.605,27.11,33.261,41.2,2712.8,3666.5,18.47,18.183,23.26,0.23087,0.10199,344.97,77.359,6.7866,13.849,32.226,4557.7,22.787,49.574,50.941,79.771,2.2642,1.6885,3105.5,42.131,54.356,94.537,9.3441,60.425,40.87,41.174,2641.4,62.523,25.847,50.585,0.34557,8.9603,26.41,120.4,1.279,75.219,24.045,2.369,53.086,4.8103,246.15,0.031324,0.82287,66.048,18.45,43.008
61,2026-04-27T02:00:00,49.477,22.466,27.212,33.261,40.424,2713.6,3677.1,15.654,18.183,22.996,0.23228,0.10199,344.7,77.404,6.7866,13.849,32.226,4555.8,23.97,45.323,48.66,79.834,2.2642,1.6885,3108.0,42.295,54.379,94.493,9.4689,62.229,34.157,40.607,2642.7,62.341,23.982,50.987,0.35021,8.9603,26.41,120.38,1.279,74.966,24.045,2.369,53.086,4.8103,243.83,0.031324,0.82287,66.048,18.45,43.008
62,2026-04-27T02:03:00,48.962,24.465,26.947,33.388,42.283,2715.6,3723.7,19.081,18.081,22.786,0.2515,0.084004,344.36,77.536,6.7576,13.872,32.266,4523.9,22.519,44.132,48.971,79.971,2.2753,1.6474,3112.3,42.151,54.455,94.507,9.5217,61.889,35.072,40.826,2645.2,62.69,25.128,50.571,0.34706,8.9661,26.59,120.4,1.1731,74.941,24.02,2.2851,53.138,4.7698,242.81,0.010242,0.81569,66.043,18.773,44.433
63,2026-04-27T02:06:00,48.754,24.71,26.696,33.388,41.086,2717.3,3694.9,17.494,18.081,23.184,0.24901,0.084004,345.03,77.503,6.7576,13.872,32.266,4537.2,23.185,43.65,49.254,79.964,2.2753,1.6474,3111.4,42.365,54.295,94.367,9.3873,62.33,35.905,40.548,2646.8,63.185,24.32,50.449,0.34934,8.9661,26.59,120.38,1.1731,74.357,24.02,2.2851,53.138,4.7698,242.92,0.010242,0.81569,66.053,18.773,44.433
64,2026-04-27T02:09:00,50.997,24.133,26.891,33.42,41.496,2714.5,3674.8,18.993,18.025,22.547,0.24586,0.084004,344.61,77.099,6.7424,13.711,32.446,4497.7,22.568,48.84,50.943,79.813,2.271,1.6702,3112.7,42.299,54.003,94.405,9.5038,61.884,40.875,40.952,2643.9,63.89,25.635,50.359,0.35157,8.7383,26.445,120.39,1.2449,74.591,24.142,2.3147,53.138,4.9071,242.67,0.010242,0.81569,66.071,18.35,44.433
65,2026-04-27T02:12:00,48.953,24.297,26.806,33.42,42.338,2715.1,3700.6,16.63,18.025,23.074,0.2442,0.084004,344.95,77.296,6.7424,13.711,32.446,4491.3,23.561,44.11,50.805,79.782,2.271,1.6702,3110.8,42.149,54.08,94.274,9.5021,62.677,40.468,41.345,2645.5,63.445,25.44,50.353,0.34835,8.7383,26.445,120.4,1.2449,75.77,24.142,2.3147,53.138,4.9071,241.52,0.010242,0.81569,65.995,18.35,44.433
66,2026-04-27T02:15:00,49.539,22.232,27.184,33.187,41.039,2716.7,3711.9,20.967,17.753,23.285,0.22686,0.084004,344.55,77.389,6.844,13.897,32.562,4576.5,21.73,45.467,49.734,79.834,2.1907,1.6203,3111.4,42.405,54.135,94.462,9.3284,62.167,37.316,38.947,2646.7,63.508,23.937,50.062,0.33222,8.7301,26.594,120.4,1.189,75.413,23.97,2.3547,53.138,4.716,243.59,0.010242,0.81569,66.007,17.96,44.433
67,2026-04-27T02:18:00,49.567,22.225,26.672,33.187,41.413,2716.5,3681.1,15.884,17.753,23.092,0.22693,0.10683,344.54,77.227,6.844,13.897,32.562,4546.4,23.873,45.533,49.815,79.846,2.1907,1.6203,3111.2,42.43,54.495,94.284,9.3939,60.928,37.555,39.303,2646.3,64.037,24.644,49.825,0.3293,8.7301,26.594,120.4,1.189,75.492,23.97,2.3547,53.167,4.716,242.61,0.026598,0.79328,66.007,17.96,43.895
68,2026-04-27T02:21:00,48.628,21.044,27.053,33.07,41.515,2715.5,3614.9,17.043,18.331,22.85,0.21006,0.10683,344.58,77.442,7.0363,13.775,32.384,4589.3,23.379,43.358,50.304,79.877,2.2755,1.6466,3111.1,42.206,55.044,94.472,9.4172,61.83,38.996,41.655,2645.5,64.37,25.028,49.819,0.35065,8.7984,26.449,120.38,1.0329,74.621,24.354,2.3056,53.167,4.7692,240.43,0.026598,0.79328,66.0,18.292,43.895
69,2026-04-27T02:24:00,50.596,20.795,26.659,33.07,41.714,2717.0,3678.8,16.846,18.331,22.985,0.2126,0.10683,344.32,77.601,7.0363,13.775,32.384,4605.4,23.453,47.914,48.798,80.007,2.2755,1.6466,3110.8,42.007,54.852,94.336,9.2929,61.972,34.564,41.369,2646.6,63.27,25.554,49.687,0.35299,8.7984,26.449,120.42,1.0329,75.569,24.354,2.3056,53.167,4.7692,239.64,0.026598,0.79328,65.985,18.292,43.895
70,2026-04-27T02:27:00,51.204,22.204,27.192,33.276,41.353,2715.8,3646.5,17.581,18.298,23.372,0.22674,0.10683,344.31,77.152,6.8255,13.786,32.542,4578.1,23.152,49.32,49.083,79.984,2.2798,1.6668,3110.3,42.313,54.472,94.574,9.4472,58.589,35.403,40.015,2645.4,62.085,23.191,49.516,0.3374,8.8301,26.34,120.37,1.2821,75.285,24.456,2.3249,53.167,4.8468,239.26,0.026598,0.79328,66.021,18.689,43.895
71,2026-04-27T02:30:00,48.138,22.145,26.923,33.276,40.834,2716.6,3634.5,16.102,18.298,22.781,0.22733,0.10683,343.61,77.42,6.8255,13.786,32.542,4550.6,23.764,42.225,49.938,79.969,2.2798,1.6668,3110.8,42.181,54.801,94.565,9.3055,60.506,37.917,40.106,2645.3,62.292,25.834,49.345,0.33665,8.8301,26.34,120.4,1.2821,75.276,24.456,2.3249,53.167,4.8468,238.9,0.026598,0.79328,66.007,18.689,43.895
72,2026-04-27T02:33:00,49.032,20.701,27.171,33.351,40.972,2716.8,3719.5,17.075,17.764,23.357,0.20572,0.11363,344.4,77.48,6.8042,13.787,32.53,4506.6,23.353,44.293,49.983,79.938,2.2915,1.6315,3110.1,41.967,54.401,94.631,9.4686,61.378,38.05,40.411,2646.7,62.631,23.504,48.885,0.33618,8.9423,26.746,120.38,1.0143,75.805,24.129,2.2939,54.219,4.8369,234.74,0.031444,0.80357,65.979,18.486,44.531
73,2026-04-27T02:36:00,51.253,20.528,26.705,33.351,40.771,2715.6,3689.2,18.742,17.764,22.842,0.20748,0.11363,343.69,77.095,6.8042,13.787,32.53,4543.1,22.66,49.435,49.893,79.925,2.2915,1.6315,3110.8,42.494,53.964,94.484,9.4702,59.876,37.784,40.087,2644.7,63.152,25.496,48.298,0.33884,8.9423,26.746,120.37,1.0143,75.237,24.129,2.2939,54.219,4.8369,236.01,0.031444,0.80357,65.957,18.486,44.531
74,2026-04-27T02:39:00,49.818,20.217,26.883,33.058,40.874,2712.1,3673.5,14.781,18.582,22.74,0.20569,0.11363,343.45,76.9,6.8564,13.692,32.312,4527.0,24.341,46.112,49.637,79.748,2.234,1.6523,3107.6,42.499,54.688,94.606,9.3133,62.084,37.031,39.944,2641.2,63.673,24.647,47.851,0.33969,8.8359,26.463,120.39,1.0424,75.177,24.059,2.2865,54.219,4.8514,235.77,0.031444,0.80357,65.873,18.278,44.531
75,2026-04-27T02:42:00,50.387,20.096,26.784,33.058,40.74,2712.6,3656.6,18.187,18.582,22.873,0.20691,0.11363,343.12,77.116,6.8564,13.692,32.312,4536.1,22.905,47.43,50.63,79.813,2.234,1.6523,3106.5,42.105,54.58,94.538,9.3374,62.58,39.953,39.947,2641.2,63.965,24.839,47.641,0.33967,8.8359,26.463,120.4,1.0424,75.315,24.059,2.2865,54.219,4.8514,232.92,0.031444,0.80357,65.779,18.278,44.531
76,2026-04-27T02:45:00,50.849,21.994,27.39,32.707,41.14,2712.1,3670.5,20.165,18.394,23.208,0.22493,0.11363,343.11,77.05,6.6832,13.722,32.126,4544.5,22.079,48.498,50.579,79.75,2.2132,1.6642,3106.2,42.111,55.055,94.55,9.2667,61.247,39.805,38.942,2640.7,63.315,24.846,47.424,0.32614,8.9229,26.327,120.39,1.017,75.519,24.487,2.3096,54.219,4.8395,230.17,0.031444,0.80357,65.705,18.64,44.531
77,2026-04-27T02:48:00,49.643,21.96,27.02,32.707,41.209,2711.4,3665.7,17.968,18.394,22.94,0.22528,0.093839,342.85,76.997,6.6832,13.722,32.126,4577.8,23.01,45.707,49.128,79.738,2.2132,1.6642,3106.7,42.329,54.656,94.539,9.3817,61.164,35.534,38.442,2640.8,63.399,25.493,46.97,0.33024,8.9229,26.327,120.39,1.017,76.03,24.487,2.3096,54.002,4.8395,232.31,0.012148,0.79412,65.643,18.64,44.136
78,2026-04-27T02:51:00,49.19,23.858,27.136,33.282,40.984,2709.4,3711.6,17.987,18.223,22.426,0.24125,0.093839,342.47,77.172,6.9105,13.669,32.517,4507.8,23.005,44.659,49.276,79.703,2.2715,1.684,3105.9,42.232,54.659,94.574,9.3863,59.67,35.968,39.341,2637.8,64.233,24.246,46.76,0.32797,8.9176,26.857,120.42,1.2573,75.044,24.245,2.2624,54.002,4.8014,230.49,0.012148,0.79412,65.594,18.784,44.136
79,2026-04-27T02:54:00,49.795,23.654,27.221,33.282,41.846,2710.8,3741.1,17.697,18.223,22.835,0.24332,0.093839,342.09,77.541,6.9105,13.669,32.517,4551.7,23.112,46.06,48.891,80.012,2.2715,1.684,3107.2,42.376,54.134,94.365,9.4176,57.71,34.837,38.716,2640.5,63.726,25.644,46.432,0.3331,8.9176,26.857,120.41,1.2573,74.766,24.245,2.2624,54.002,4.8014,229.98,0.012148,0.79412,65.557,18.784,44.136
80,2026-04-27T02:57:00,49.198,20.119,27.079,33.096,41.26,2709.1,3679.3,19.508,17.719,22.36,0.20101,0.093839,341.91,77.077,6.8261,13.63,31.997,4520.5,22.359,44.678,51.595,80.07,2.2702,1.5967,3105.6,42.248,54.165,94.472,9.3153,59.259,42.792,38.573,2637.4,62.876,27.406,46.331,0.3211,9.0161,26.942,120.4,1.1928,74.73,24.185,2.2571,54.002,4.7865,226.88,0.012148,0.79412,65.626,18.852,44.136
81,2026-04-27T03:00:00,50.822,19.922,27.006,33.096,42.082,2708.2,3676.7,18.098,17.719,22.322,0.20302,0.093839,341.51,77.5,6.8261,13.63,31.997,4512.8,22.941,48.437,48.646,80.08,2.2702,1.5967,3104.6,42.238,54.258,94.647,9.3789,60.766,34.116,38.661,2637.3,62.92,24.417,46.066,0.32038,9.0161,26.942,120.4,1.1928,75.891,24.185,2.2571,54.002,4.7865,225.67,0.012148,0.79412,65.588,18.852,44.136
82,2026-04-27T03:03:00,51.01,24.771,27.11,32.864,40.79,2707.7,3692.1,19.142,18.452,22.591,0.25286,0.086867,341.3,77.389,6.7647,13.581,32.066,4539.5,22.507,48.872,51.132,80.048,2.2886,1.6282,3104.3,41.877,53.764,94.517,9.4037,59.405,41.432,37.681,2637.0,63.409,23.753,45.809,0.31781,9.0077,26.362,120.4,1.3109,75.92,23.859,2.295,53.88,4.8216,220.92,0.021599,0.80702,65.556,18.218,43.707
83,2026-04-27T03:06:00,48.508,24.665,26.864,32.864,41.077,2706.4,3659.7,18.685,18.452,22.308,0.25394,0.086867,340.81,77.103,6.7647,13.581,32.066,4505.2,22.707,43.082,51.637,80.021,2.2886,1.6282,3103.3,42.184,54.174,94.633,9.2334,61.849,42.919,36.995,2634.8,63.967,27.456,45.304,0.32344,9.0077,26.362,120.41,1.3109,75.456,23.859,2.295,53.88,4.8216,220.92,0.021599,0.80702,65.527,18.218,43.707
84,2026-04-27T03:09:00,48.194,24.216,27.417,33.169,41.425,2705.6,3713.2,16.671,18.526,22.144,0.24833,0.086867,340.52,77.326,6.8274,13.815,32.083,4604.3,23.549,42.354,49.95,80.089,2.1976,1.6084,3106.0,42.184,54.583,94.433,9.2036,60.619,37.954,37.233,2633.8,63.665,26.762,44.785,0.30799,8.8713,26.594,120.42,1.3311,76.086,24.072,2.3197,53.88,4.8491,221.09,0.021599,0.80702,65.496,19.014,43.707
85,2026-04-27T03:12:00,51.433,24.538,26.896,33.169,41.901,2706.3,3701.5,19.121,18.526,22.037,0.24505,0.086867,340.14,77.431,6.8274,13.815,32.083,4541.1,22.511,49.851,50.875,80.175,2.1976,1.6084,3104.9,42.295,55.34,94.585,9.2643,62.352,40.675,36.426,2634.8,63.867,24.76,44.451,0.3146,8.8713,26.594,120.4,1.3311,75.714,24.072,2.3197,53.88,4.8491,219.21,0.021599,0.80702,65.469,19.014,43.707
86,2026-04-27T03:15:00,50.017,24.305,26.686,33.072,41.637,2703.2,3678.1,19.033,18.94,21.705,0.24647,0.086867,340.05,77.169,7.008,13.768,32.277,4515.3,22.553,46.573,51.994,80.264,2.2316,1.6428,3102.3,42.265,53.723,94.412,9.137,61.51,43.969,40.004,2632.4,63.802,23.703,44.206,0.33512,8.714,26.292,120.4,1.2104,74.778,24.158,2.2746,53.88,4.7631,216.31,0.021599,0.80702,65.457,19.078,43.707
87,2026-04-27T03:18:00,49.066,24.213,27.254,33.072,41.397,2699.3,3675.9,18.979,18.94,21.769,0.2474,0.10335,339.76,76.905,7.008,13.768,32.277,4507.2,22.592,44.372,49.424,80.023,2.2316,1.6428,3098.6,42.018,53.821,94.6,9.1698,60.695,36.403,39.911,2626.8,63.839,24.984,44.071,0.33588,8.714,26.292,120.36,1.2104,75.983,24.158,2.2746,54.62,4.7631,215.23,0.023548,0.84338,65.4,19.078,44.575
88,2026-04-27T03:21:00,49.157,22.518,27.159,32.956,40.494,2696.6,3673.2,16.178,18.894,22.037,0.22738,0.10335,339.58,77.068,7.0061,13.645,32.079,4510.3,23.778,44.584,48.177,79.889,2.2317,1.6569,3094.0,42.297,53.581,94.832,9.0724,63.297,32.736,39.474,2624.8,62.267,23.464,43.739,0.3289,8.8204,26.46,120.38,1.4513,76.247,24.367,2.3196,54.62,4.9008,214.72,0.023548,0.84338,65.296,19.137,44.575
89,2026-04-27T03:24:00,50.615,22.384,27.012,32.956,40.55,2696.4,3694.4,17.878,18.894,21.939,0.22874,0.10335,339.18,77.005,7.0061,13.645,32.079,4539.3,23.069,47.958,49.253,79.993,2.2317,1.6569,3093.8,42.453,53.233,94.797,9.2877,61.586,35.902,39.487,2624.6,61.904,25.035,43.212,0.32879,8.8204,26.46,120.38,1.4513,75.723,24.367,2.3196,54.62,4.9008,216.42,0.023548,0.84338,65.24,19.137,44.575
90,2026-04-27T03:27:00,48.593,24.333,26.71,32.456,40.822,2697.7,3645.6,19.412,18.419,21.867,0.24742,0.10335,339.86,77.418,7.1309,13.825,31.933,4497.3,22.409,43.277,49.426,80.18,2.2821,1.6705,3093.6,42.073,53.536,94.841,9.2754,64.824,36.411,37.856,2626.1,62.641,25.302,43.295,0.31357,9.062,26.475,120.38,1.3199,75.591,23.946,2.2163,54.62,4.8831,211.29,0.023548,0.84338,65.182,18.998,44.575
91,2026-04-27T03:30:00,50.548,24.493,26.994,32.456,40.765,2698.1,3648.7,17.316,18.419,21.446,0.2458,0.10335,338.83,76.932,7.1309,13.825,31.933,4472.9,23.308,47.803,47.065,80.227,2.2821,1.6705,3096.6,41.958,53.829,94.779,9.2898,59.83,29.462,37.666,2626.5,62.587,26.128,42.899,0.31513,9.062,26.475,120.4,1.3199,75.082,23.946,2.2163,54.62,4.8831,211.52,0.023548,0.84338,65.19,18.998,44.575
92,2026-04-27T03:33:00,49.339,25.743,26.623,32.137,39.474,2697.7,3591.3,17.925,18.745,21.588,0.26498,0.073604,339.01,77.372,6.8361,13.883,32.337,4512.8,23.044,45.004,50.571,80.137,2.2426,1.7177,3096.1,42.126,53.641,94.95,9.2667,61.224,39.78,40.053,2626.0,62.304,23.295,43.17,0.33401,9.0196,26.3,120.35,1.1765,75.116,24.049,2.283,53.642,4.7932,214.52,-0.00062365,0.84733,65.148,18.457,44.109
93,2026-04-27T03:36:00,50.943,25.886,26.659,32.137,41.321,2700.7,3604.9,16.744,18.745,21.801,0.26352,0.073604,339.04,77.293,6.8361,13.883,32.337,4452.8,23.543,48.717,51.263,80.311,2.2426,1.7177,3097.3,42.255,54.36,94.88,9.3017,61.089,41.818,39.534,2628.7,62.071,24.929,43.238,0.33827,9.0196,26.3,120.43,1.1765,74.716,24.049,2.283,53.642,4.7932,214.02,-0.00062365,0.84733,65.159,18.457,44.109
94,2026-04-27T03:39:00,49.454,22.079,27.209,32.898,40.797,2698.3,3689.5,13.081,18.884,21.606,0.22527,0.073604,339.05,77.121,6.8516,13.572,31.925,4566.5,25.093,45.269,50.793,80.152,2.2657,1.6431,3098.4,42.309,54.336,94.913,9.2924,59.622,40.435,40.522,2626.4,63.104,25.432,43.309,0.34342,9.0828,26.49,120.37,1.3299,75.039,23.957,2.2355,53.642,4.8718,213.48,-0.00062365,0.84733,65.176,19.315,44.109
95,2026-04-27T03:42:00,48.912,22.074,27.363,32.898,41.26,2700.1,3657.7,18.807,18.884,21.791,0.22532,0.073604,338.96,77.53,6.8516,13.572,31.925,4527.7,22.66,44.015,51.26,80.463,2.2657,1.6431,3100.1,42.361,54.799,94.664,9.2268,60.803,41.809,40.882,2628.4,63.652,25.943,43.403,0.34047,9.0828,26.49,120.43,1.3299,75.719,23.957,2.2355,53.642,4.8718,212.65,-0.00062365,0.84733,65.205,19.315,44.109
96,2026-04-27T03:45:00,50.63,26.208,26.889,32.665,40.925,2699.3,3656.8,19.166,18.837,21.517,0.26412,0.073604,338.44,77.33,6.8898,13.532,32.023,4444.1,22.509,47.991,49.436,80.47,2.2423,1.6058,3100.0,42.568,53.675,94.654,9.3512,61.635,36.44,36.335,2627.5,63.568,24.048,43.507,0.30819,9.0577,26.604,120.42,1.3776,74.978,24.203,2.3548,53.642,4.9372,211.65,-0.00062365,0.84733,65.277,19.193,44.109
97,2026-04-27T03:48:00,50.021,25.863,27.222,32.665,41.177,2696.5,3675.1,17.279,18.837,21.497,0.26764,0.076748,338.36,76.995,6.8898,13.532,32.023,4483.0,23.323,46.583,48.933,80.187,2.2423,1.6058,3096.2,42.445,53.209,94.629,9.298,62.691,34.961,36.741,2624.3,63.253,24.34,43.628,0.30486,9.0577,26.604,120.44,1.3776,75.006,24.203,2.3548,53.563,4.9372,211.84,0.0050592,0.88123,65.285,19.193,44.092
98,2026-04-27T03:51:00,51.98,25.5,26.849,32.373,40.34,2695.8,3651.8,18.309,18.573,21.095,0.25679,0.076748,338.22,76.983,6.7478,13.622,31.891,4464.9,22.897,51.117,50.626,80.117,2.2312,1.6084,3095.8,42.165,53.646,94.713,9.2954,60.702,39.944,35.655,2623.1,63.33,23.711,43.493,0.30184,8.9431,26.496,120.39,1.2565,74.991,23.708,2.3321,53.563,4.905,214.19,0.0050592,0.88123,65.216,18.663,44.092
99,2026-04-27T03:54:00,49.592,25.433,27.015,32.373,41.244,2698.2,3673.5,16.944,18.573,21.687,0.25747,0.076748,338.38,77.52,6.7478,13.622,31.891,4491.2,23.452,45.59,50.936,80.364,2.2312,1.6084,3095.9,42.518,53.332,94.689,9.2826,60.71,40.855,35.947,2625.9,62.955,24.634,43.466,0.29944,8.9431,26.496,120.44,1.2565,75.94,23.708,2.3321,53.563,4.905,215.31,0.0050592,0.88123,65.191,18.663,44.092
100,2026-04-27T03:57:00,48.757,27.315,27.027,32.58,40.879,2697.7,3705.9,20.142,18.74,21.231,0.26868,0.076748,338.27,77.28,6.8803,13.842,31.735,4504.1,22.106,43.657,50.431,80.48,2.285,1.6748,3098.8,42.11,54.452,94.561,9.3571,59.118,39.367,36.789,2626.6,63.703,25.628,43.596,0.30935,8.8693,26.11,120.4,1.2266,74.817,24.387,2.2644,53.563,4.827,214.62,0.0050592,0.88123,65.254,19.009,44.092
101,2026-04-27T04:00:00,53.681,26.614,26.854,32.58,41.674,2696.8,3723.5,17.619,18.74,21.158,0.2758,0.076748,338.06,76.909,6.8803,13.842,31.735,4515.9,23.185,55.052,49.173,80.292,2.285,1.6748,3098.6,42.214,54.311,94.532,9.3176,60.126,35.666,37.034,2624.9,63.402,26.704,43.615,0.30735,8.8693,26.11,120.43,1.2266,74.374,24.387,2.2644,53.563,4.827,215.18,0.0050592,0.88123,65.283,19.009,44.092
102,2026-04-27T04:03:00,49.434,28.77,26.582,32.041,40.85,2696.2,3683.9,16.903,19.004,21.267,0.29182,0.11903,338.06,77.042,6.946,13.925,32.242,4524.5,23.482,45.224,51.042,80.285,2.2497,1.6394,3096.5,42.177,53.349,94.595,9.2523,61.268,41.168,39.807,2624.3,62.985,23.086,44.586,0.33169,8.8771,26.481,120.42,1.2841,74.398,23.617,2.412,53.702,4.8661,215.39,0.02025,0.84797,65.282,19.064,43.804
103,2026-04-27T04:06:00,47.768,28.636,27.063,32.041,41.598,2696.0,3687.0,18.852,19.004,21.265,0.29318,0.11903,338.31,77.466,6.946,13.925,32.242,4482.4,22.65,41.368,49.679,80.385,2.2497,1.6394,3096.9,42.215,53.853,94.648,9.2604,61.65,37.154,39.817,2624.1,62.932,25.631,44.837,0.33161,8.8771,26.481,120.42,1.2841,75.64,23.617,2.412,53.702,4.8661,217.81,0.02025,0.84797,65.333,19.064,43.804
104,2026-04-27T04:09:00,50.453,24.207,27.2,32.934,41.009,2693.3,3617.1,17.722,19.36,21.378,0.24442,0.11903,338.08,77.021,7.0133,13.842,31.61,4450.9,23.14,47.581,48.771,80.301,2.2618,1.6347,3094.1,42.862,54.051,94.724,9.2336,59.901,34.482,41.015,2621.1,63.528,25.868,45.121,0.34077,8.8978,26.338,120.37,1.4446,74.944,23.787,2.2479,53.702,4.852,219.82,0.02025,0.84797,65.368,19.011,43.804
105,2026-04-27T04:12:00,50.334,24.206,26.95,32.934,41.357,2692.6,3678.2,18.9,19.36,21.295,0.24444,0.11903,337.48,77.755,7.0133,13.842,31.61,4460.5,22.625,47.306,49.563,80.301,2.2618,1.6347,3092.9,42.368,53.936,94.819,9.3191,59.764,36.814,41.488,2620.1,62.476,24.723,45.141,0.33689,8.8978,26.338,120.42,1.4446,74.994,23.787,2.2479,53.702,4.852,224.81,0.02025,0.84797,65.411,19.011,43.804
106,2026-04-27T04:15:00,50.16,30.497,26.639,32.422,40.651,2695.4,3627.0,17.73,18.615,20.896,0.30819,0.11903,337.78,77.447,6.9652,13.766,31.932,4487.1,23.119,46.903,50.034,80.564,2.305,1.6365,3095.4,42.128,53.703,94.788,9.2139,60.045,38.199,40.002,2622.9,62.675,25.502,45.646,0.33159,8.9312,26.134,120.38,1.3474,75.272,23.613,2.2307,53.702,4.92,224.28,0.02025,0.84797,65.501,19.51,43.804
107,2026-04-27T04:18:00,50.198,30.519,26.635,32.422,41.071,2694.3,3678.2,19.138,18.615,21.121,0.30796,0.087721,338.05,77.098,6.9652,13.766,31.932,4455.6,22.539,46.992,51.761,80.377,2.305,1.6365,3096.2,42.26,54.08,94.772,9.3324,61.775,43.283,40.184,2622.5,61.794,24.237,45.414,0.3301,8.9312,26.134,120.4,1.3474,75.493,23.613,2.2307,53.631,4.92,223.03,0.015739,0.87766,65.565,19.51,43.567
108,2026-04-27T04:21:00,49.912,27.807,27.168,32.683,40.615,2694.2,3644.0,18.993,19.159,21.533,0.28184,0.087721,338.39,77.221,6.9921,14.012,31.612,4366.8,22.6,46.331,51.444,80.272,2.3061,1.5991,3093.8,42.499,53.836,94.787,9.3466,62.042,42.35,38.777,2623.0,62.704,24.374,45.598,0.32462,8.8177,25.994,120.36,1.3742,75.111,23.955,2.3538,53.631,4.8738,222.22,0.015739,0.87766,65.545,19.034,43.567
109,2026-04-27T04:24:00,51.989,27.845,26.636,32.683,40.872,2692.9,3666.9,19.906,19.159,21.346,0.28146,0.087721,339.06,77.157,6.9921,14.012,31.612,4419.2,22.226,51.136,51.582,80.089,2.3061,1.5991,3092.9,42.573,53.209,94.859,9.2405,60.83,42.756,38.958,2621.4,62.309,25.131,45.524,0.32314,8.8177,25.994,120.39,1.3742,74.618,23.955,2.3538,53.631,4.8738,224.32,0.015739,0.87766,65.504,19.034,43.567
110,2026-04-27T04:27:00,48.552,30.995,26.56,32.224,40.642,2695.7,3621.7,18.366,18.936,21.566,0.31999,0.087721,339.03,77.279,6.704,13.952,31.923,4485.3,22.874,43.184,52.362,80.211,2.257,1.6572,3094.0,42.128,53.502,94.736,9.2935,61.683,45.05,42.081,2623.7,62.76,26.142,45.909,0.35248,8.9201,26.097,120.4,1.239,75.053,23.852,2.2724,53.631,4.8987,221.29,0.015739,0.87766,65.473,19.364,43.567
111,2026-04-27T04:30:00,49.819,31.213,26.791,32.224,40.568,2697.4,3646.9,17.516,18.936,21.62,0.31776,0.087721,339.4,77.351,6.704,13.952,31.923,4475.0,23.226,46.115,50.472,80.338,2.257,1.6572,3096.7,42.497,53.626,94.747,9.4234,58.564,39.49,41.957,2624.9,62.327,24.707,45.924,0.35349,8.9201,26.097,120.39,1.239,74.641,23.852,2.2724,53.631,4.8987,222.38,0.015739,0.87766,65.483,19.364,43.567
112,2026-04-27T04:33:00,50.648,57.411,27.242,32.52,40.752,2693.0,3705.5,17.238,19.04,21.691,-3.5838e-07,0.09166,339.02,77.687,6.9521,14.152,32.582,4402.8,23.322,48.034,49.147,80.492,2.2847,1.6635,3092.6,42.425,53.609,94.768,9.32,61.588,35.591,41.527,2621.4,63.877,26.606,46.608,0.34573,8.8535,26.529,120.4,1.3449,74.449,23.323,2.3436,54.038,4.9082,224.99,0.0076654,0.87036,65.58,19.215,44.095
113,2026-04-27T04:36:00,47.843,57.248,26.909,32.52,41.325,2689.4,3695.7,18.312,19.04,21.264,0.0016654,0.09166,338.11,77.434,6.9521,14.152,32.582,4417.9,22.865,41.541,48.767,80.629,2.2847,1.6635,3089.2,42.128,53.427,94.608,9.3157,61.625,34.47,41.571,2617.7,64.045,24.389,46.632,0.34537,8.8535,26.529,120.42,1.3449,74.814,23.323,2.3436,54.038,4.9082,229.8,0.0076654,0.87036,65.7,19.215,44.095
114,2026-04-27T04:39:00,50.954,44.543,26.555,32.406,40.168,2683.9,3663.5,16.832,18.63,20.857,0.0019711,0.09166,337.11,76.823,6.9457,13.889,32.289,4394.4,23.506,48.742,48.181,80.555,2.2667,1.6547,3083.8,42.237,53.989,94.972,9.3759,63.217,32.748,44.181,2611.2,62.474,26.7,47.206,0.37058,8.9557,25.611,120.39,1.3605,75.475,23.658,2.3622,54.038,4.8902,228.41,0.0076654,0.87036,65.786,19.117,44.095
115,2026-04-27T04:42:00,50.278,44.845,26.957,32.406,39.934,2677.7,3654.4,19.165,18.63,20.366,-0.0010979,0.09166,335.65,77.037,6.9457,13.889,32.289,4440.7,22.525,47.177,48.961,80.259,2.2667,1.6547,3079.5,42.211,53.434,95.05,9.3452,61.511,35.044,44.443,2604.1,62.631,25.16,47.576,0.36843,8.9557,25.611,120.36,1.3605,75.255,23.658,2.3622,54.038,4.8902,229.34,0.0076654,0.87036,65.801,19.117,44.095
116,2026-04-27T04:45:00,50.738,49.789,26.626,32.46,39.74,2678.5,3645.7,17.547,18.726,20.528,0.00013782,0.09166,335.39,77.181,7.0391,13.756,31.075,4450.1,23.206,48.242,51.563,80.427,2.3151,1.7327,3080.1,42.121,53.496,95.1,9.3767,61.884,42.699,41.072,2605.7,62.774,26.302,47.866,0.34076,8.8428,26.471,120.38,1.4192,74.968,23.532,2.3285,54.038,4.9208,231.18,0.0076654,0.87036,65.806,18.948,44.095
117,2026-04-27T04:48:00,49.205,49.543,26.712,32.46,40.328,2681.0,3630.4,15.783,18.726,20.216,0.0026405,0.097456,333.78,77.564,7.0391,13.756,31.075,4471.2,23.931,44.693,50.261,80.768,2.3151,1.7327,3084.3,42.23,53.244,95.054,9.3316,62.98,38.867,41.751,2608.0,63.037,24.498,48.281,0.33519,8.8428,26.471,120.37,1.4192,74.334,23.532,2.3285,52.993,4.9208,230.22,0.016464,0.85395,65.893,18.948,44.282
118,2026-04-27T04:51:00,51.733,73.734,27.112,32.108,40.38,2683.9,3615.9,17.407,18.562,20.257,0.001924,0.097456,333.11,77.476,6.9582,13.707,31.84,4471.8,23.238,50.544,49.149,80.952,2.3145,1.662,3088.1,42.208,53.609,95.043,9.4811,61.458,35.595,39.552,2610.6,62.363,24.536,48.343,0.32413,9.0229,26.444,120.4,1.2293,73.42,23.842,2.3254,52.993,4.9045,233.9,0.016464,0.85395,65.987,18.874,44.282
119,2026-04-27T04:54:00,51.001,73.934,27.132,32.108,39.377,2684.6,3618.7,18.702,18.562,19.836,-0.00011023,0.097456,331.96,77.034,6.9582,13.707,31.84,4482.4,22.701,48.85,49.655,80.875,2.3145,1.662,3092.3,42.062,53.482,95.051,9.5228,63.707,37.085,39.125,2610.8,62.315,23.979,48.705,0.32763,9.0229,26.444,120.37,1.2293,73.935,23.842,2.3254,52.993,4.9045,234.17,0.016464,0.85395,66.077,18.874,44.282
120,2026-04-27T04:57:00,48.252,60.871,26.64,31.852,39.442,2683.6,3625.5,17.828,19.026,19.115,6.2715e-05,0.097456,330.81,77.123,6.9546,13.878,31.523,4485.9,23.078,42.488,52.382,80.554,2.2835,1.6623,3092.5,42.205,53.601,95.185,9.4017,62.886,45.11,38.785,2609.0,62.797,24.847,48.935,0.31851,8.8741,26.541,120.41,1.3957,74.505,24.297,2.4115,52.993,4.9464,235.97,0.016464,0.85395,66.084,19.262,44.282
121,2026-04-27T05:00:00,50.177,60.937,26.922,31.852,40.495,2687.6,3618.2,18.413,19.026,19.64,-0.00060421,0.097456,331.0,77.114,6.9546,13.878,31.523,4486.2,22.838,46.944,49.141,80.613,2.2835,1.6623,3094.8,42.381,53.597,95.1,9.3517,61.639,35.571,38.972,2613.5,62.923,24.828,49.215,0.31697,8.8741,26.541,120.39,1.3957,74.544,24.297,2.4115,52.993,4.9464,237.23,0.016464,0.85395,66.053,19.262,44.282
122,2026-04-27T05:03:00,48.62,68.129,26.91,31.695,39.747,2688.6,3603.3,16.652,19.178,19.28,-0.0018809,0.081251,329.7,77.625,6.9575,13.771,31.102,4412.4,23.562,43.341,48.275,80.686,2.2736,1.6703,3098.4,42.525,53.479,95.243,9.6212,62.552,33.023,41.159,2615.1,63.142,25.459,49.256,0.33626,9.0222,26.764,120.39,1.1977,74.399,24.549,2.3743,53.612,5.0557,237.0,0.026516,0.84023,66.054,19.129,43.786
123,2026-04-27T05:06:00,48.584,68.206,26.768,31.695,40.384,2693.5,3643.8,18.264,19.178,19.378,-0.002663,0.081251,329.7,77.277,6.9575,13.771,31.102,4444.0,22.886,43.257,51.447,80.898,2.2736,1.6703,3103.2,41.878,53.101,94.943,9.593,63.164,42.359,41.205,2619.4,62.444,26.292,49.484,0.33589,9.0222,26.764,120.41,1.1977,72.869,24.549,2.3743,53.612,5.0557,236.97,0.026516,0.84023,66.058,19.129,43.786
124,2026-04-27T05:09:00,50.037,77.719,26.703,31.028,39.98,2697.8,3637.1,17.084,19.207,19.089,0.00020128,0.081251,329.32,77.772,6.9556,13.747,31.317,4472.6,23.365,46.62,49.766,80.919,2.3058,1.6755,3108.3,41.851,53.013,95.099,9.691,62.84,37.412,39.489,2623.7,62.465,26.514,49.529,0.32646,9.0699,26.999,120.41,1.4749,73.894,24.438,2.3725,53.612,4.8014,239.0,0.026516,0.84023,66.122,19.312,43.786
125,2026-04-27T05:12:00,49.712,77.795,26.964,31.028,40.25,2700.4,3623.8,16.086,19.207,19.115,-0.00056589,0.081251,328.85,77.367,6.9556,13.747,31.317,4453.8,23.79,45.868,50.343,80.924,2.3058,1.6755,3112.2,42.261,53.237,94.9,9.5411,62.637,39.109,39.814,2626.1,62.694,26.185,49.779,0.3238,9.0699,26.999,120.42,1.4749,74.126,24.438,2.3725,53.612,4.8014,238.71,0.026516,0.84023,66.144,19.312,43.786
126,2026-04-27T05:15:00,50.904,75.56,26.888,31.021,39.97,2702.9,3634.9,18.758,19.449,18.988,0.0010201,0.081251,328.35,77.077,7.0806,13.856,31.295,4459.4,22.675,48.626,50.086,80.721,2.3107,1.6592,3114.6,42.399,52.647,95.127,9.6631,61.608,38.354,39.181,2628.4,62.448,25.709,49.984,0.3229,9.0392,26.785,120.39,1.2925,73.286,24.951,2.3615,53.612,5.065,238.93,0.026516,0.84023,66.144,19.225,43.786
127,2026-04-27T05:18:00,49.677,75.625,26.689,31.021,39.563,2703.9,3643.6,18.027,19.449,18.926,0.00035421,0.096559,328.57,77.181,7.0806,13.856,31.295,4408.7,22.99,45.787,50.013,80.479,2.3107,1.6592,3117.0,42.107,53.254,95.007,9.5997,62.111,38.138,39.179,2629.3,62.299,24.982,49.727,0.32292,9.0392,26.785,120.4,1.2925,72.551,24.951,2.3615,54.711,5.065,240.7,0.023155,0.83693,66.051,19.225,44.45
128,2026-04-27T05:21:00,50.605,77.765,26.827,30.821,39.732,2708.9,3585.0,18.187,19.679,19.119,0.0011711,0.096559,328.49,77.546,6.8859,13.859,30.831,4397.0,22.91,47.934,49.297,80.556,2.2987,1.6968,3120.3,41.905,53.525,95.088,9.6031,63.145,36.031,40.989,2634.3,62.082,23.829,49.875,0.33165,8.9924,27.55,120.39,1.2454,73.537,24.823,2.3757,54.711,4.9154,240.03,0.023155,0.83693,66.008,18.885,44.45
129,2026-04-27T05:24:00,49.48,77.725,26.773,30.821,40.151,2712.7,3617.7,18.495,19.679,19.031,0.001571,0.096559,327.95,77.273,6.8859,13.859,30.831,4396.1,22.788,45.332,48.788,80.491,2.2987,1.6968,3125.4,42.062,53.536,95.206,9.6501,63.59,34.534,41.003,2637.4,61.52,24.59,50.036,0.33154,8.9924,27.55,120.41,1.2454,73.626,24.823,2.3757,54.711,4.9154,239.23,0.023155,0.83693,65.964,18.885,44.45
130,2026-04-27T05:27:00,49.886,88.888,26.998,30.417,39.254,2716.8,3641.2,17.483,19.515,19.048,0.0011064,0.096559,327.66,77.294,6.9423,13.737,30.423,4476.3,23.221,46.27,49.826,80.316,2.2775,1.6525,3131.8,42.445,53.363,95.001,9.6628,63.997,37.589,40.502,2642.0,62.728,25.402,50.168,0.3367,8.9883,27.489,120.4,1.2098,74.347,25.584,2.2606,54.711,4.8272,238.8,0.023155,0.83693,65.901,19.219,44.45
131,2026-04-27T05:30:00,50.546,89.046,26.795,30.417,40.001,2724.1,3640.6,17.614,19.515,19.185,-0.00050195,0.096559,327.65,77.772,6.9423,13.737,30.423,4482.3,23.149,47.799,50.38,80.486,2.2775,1.6525,3138.4,42.588,53.291,95.052,9.6225,64.826,39.219,40.607,2648.9,62.738,24.85,50.105,0.33584,8.9883,27.489,120.41,1.2098,74.208,25.584,2.2606,54.711,4.8272,240.58,0.023155,0.83693,65.839,19.219,44.45
132,2026-04-27T05:33:00,47.494,99.957,26.67,30.174,40.868,2728.2,3620.9,17.217,19.275,19.202,-0.0022958,0.085271,328.35,77.217,6.6881,13.831,30.186,4405.7,23.324,40.735,50.271,80.505,2.227,1.6641,3143.7,42.419,53.342,94.772,9.7719,64.566,38.899,39.402,2654.1,62.552,23.606,49.951,0.31881,8.7448,28.125,120.41,1.3306,73.957,25.897,2.2201,53.669,4.9258,242.43,0.013933,0.8357,65.873,19.027,43.898
133,2026-04-27T05:36:00,49.789,99.47,26.653,30.174,40.778,2729.8,3592.0,19.265,19.275,19.021,0.0026568,0.085271,328.14,76.751,6.6881,13.831,30.186,4412.1,22.486,46.047,48.592,80.072,2.227,1.6641,3144.5,42.431,53.265,95.094,9.64,63.752,33.956,39.273,2654.7,63.049,23.737,50.113,0.31987,8.7448,28.125,120.42,1.3306,72.85,25.897,2.2201,53.669,4.9258,241.31,0.013933,0.8357,65.809,19.027,43.898
134,2026-04-27T05:39:00,49.606,99.805,26.627,29.628,40.615,2732.5,3683.7,17.519,18.771,19.02,-0.0010025,0.085271,327.8,77.02,6.8616,13.666,30.144,4440.6,23.228,45.621,50.354,79.813,2.2661,1.673,3148.9,42.387,53.336,94.839,9.7769,63.209,39.143,40.046,2657.9,63.763,25.637,50.008,0.33359,8.9567,27.866,120.4,1.3633,72.951,26.126,2.2038,53.669,4.8753,243.28,0.013933,0.8357,65.664,19.268,43.898
135,2026-04-27T05:42:00,47.86,99.481,26.997,29.628,41.123,2738.2,3670.8,18.678,18.771,19.13,0.0022904,0.085271,327.67,77.283,6.8616,13.666,30.144,4414.4,22.734,41.582,50.128,79.971,2.2661,1.673,3155.0,42.621,53.65,94.738,9.701,64.955,38.477,40.357,2663.8,63.986,24.773,50.153,0.33104,8.9567,27.866,120.44,1.3633,73.871,26.126,2.2038,53.669,4.8753,242.47,0.013933,0.8357,65.563,19.268,43.898
136,2026-04-27T05:45:00,50.052,99.815,26.746,29.73,40.227,2743.9,3657.4,19.604,18.866,19.547,-0.00045296,0.085271,328.52,77.118,6.7458,13.66,30.351,4424.3,22.35,46.654,49.638,80.01,2.2516,1.6486,3157.6,42.465,52.876,94.696,9.7281,63.812,37.034,38.336,2669.0,62.795,24.906,50.026,0.31045,8.7585,28.482,120.4,1.2334,73.077,26.52,2.2263,53.669,4.819,244.7,0.013933,0.8357,65.537,18.819,43.898
137,2026-04-27T05:48:00,50.559,99.645,27.027,29.73,40.704,2745.8,3619.7,19.193,18.866,19.451,0.0011919,0.11059,328.2,76.848,6.7458,13.66,30.351,4476.4,22.543,47.827,48.439,79.711,2.2516,1.6486,3161.8,42.104,52.253,94.833,9.8365,64.316,33.506,38.275,2670.8,63.445,27.613,50.012,0.31095,8.7585,28.482,120.42,1.2334,73.983,26.52,2.2263,54.11,4.819,245.35,0.025478,0.83049,65.496,18.819,43.094
138,2026-04-27T05:51:00,50.601,99.777,27.085,30.014,41.365,2750.7,3701.1,18.266,18.93,19.681,-0.0011947,0.11059,328.16,77.285,6.8866,13.813,29.843,4436.5,22.925,47.924,49.325,79.736,2.1783,1.6339,3168.0,42.627,53.788,94.664,9.7991,64.228,36.115,37.832,2677.0,63.133,25.326,49.924,0.31147,8.7521,28.617,120.44,1.3528,74.376,27.142,2.2619,54.11,4.7916,247.06,0.025478,0.83049,65.415,18.896,43.094
139,2026-04-27T05:54:00,49.952,99.74,27.03,30.014,40.365,2757.4,3654.2,20.197,18.93,19.552,-0.00081976,0.11059,328.42,77.247,6.8866,13.813,29.843,4496.6,22.11,46.422,50.108,79.787,2.1783,1.6339,3173.1,42.321,53.069,94.723,9.6339,65.393,38.418,37.51,2682.4,63.94,25.085,50.009,0.31411,8.7521,28.617,120.4,1.3528,73.504,27.142,2.2619,54.11,4.7916,246.82,0.025478,0.83049,65.39,18.896,43.094
140,2026-04-27T05:57:00,49.778,99.471,26.889,29.929,41.195,2758.0,3660.6,20.026,19.071,19.599,0.0027912,0.11059,328.39,76.957,6.9,13.69,30.437,4471.0,22.204,46.021,49.178,79.38,2.2049,1.5966,3174.9,42.231,53.172,94.676,9.771,64.119,35.68,39.941,2683.6,62.657,25.3,50.041,0.32668,8.6557,28.652,120.41,1.1762,73.524,27.374,2.2776,54.11,4.5895,247.2,0.025478,0.83049,65.363,18.47,43.094
141,2026-04-27T06:00:00,48.953,99.624,26.865,29.929,40.321,2764.6,3622.4,22.164,19.071,20.011,0.0012382,0.11059,328.58,77.063,6.9,13.69,30.437,4453.3,21.303,44.112,50.556,79.488,2.2049,1.5966,3179.2,42.694,53.384,94.826,9.7764,65.428,39.736,40.114,2690.1,63.315,26.31,50.153,0.32526,8.6557,28.652,120.38,1.1762,73.37,27.374,2.2776,54.11,4.5895,246.75,0.025478,0.83049,65.267,18.47,43.094
142,2026-04-27T06:03:00,49.373,92.71,27.274,29.653,40.717,2769.0,3625.0,17.497,18.833,20.178,-0.00072851,0.10876,328.72,77.007,6.9049,13.585,29.642,4542.2,23.276,45.083,50.644,79.394,2.2393,1.6666,3185.0,42.528,53.384,94.746,9.6991,64.531,39.994,38.369,2694.5,63.142,26.911,50.212,0.3116,8.7806,28.608,120.41,1.376,73.951,27.89,2.1979,53.7,4.6539,245.34,0.0026578,0.8303,65.235,19.047,43.844
143,2026-04-27T06:06:00,51.019,92.445,27.158,29.653,40.262,2774.4,3641.4,19.314,18.833,20.507,0.0019671,0.10876,329.18,77.065,6.9049,13.585,29.642,4493.6,22.514,48.893,49.935,79.275,2.2393,1.6666,3189.4,42.56,53.964,94.799,9.7773,62.814,37.908,37.873,2700.4,62.858,24.294,50.232,0.31567,8.7806,28.608,120.38,1.376,74.059,27.89,2.1979,53.7,4.6539,245.25,0.0026578,0.8303,65.182,19.047,43.844
144,2026-04-27T06:09:00,50.8,99.532,26.999,28.945,40.534,2780.5,3624.0,18.187,18.26,20.052,0.0026284,0.10876,328.47,77.433,6.9858,13.43,29.856,4453.3,22.976,48.385,49.68,79.413,2.1572,1.5839,3196.5,42.544,53.032,94.751,9.8072,65.713,37.159,36.25,2706.5,63.096,25.021,50.049,0.3037,8.6645,29.093,120.4,1.1545,75.05,28.31,2.1211,53.7,4.6472,247.47,0.0026578,0.8303,65.163,18.743,43.844
145,2026-04-27T06:12:00,48.404,99.807,26.473,28.945,40.447,2784.1,3637.4,21.186,18.26,20.182,-0.0012374,0.10876,329.0,76.68,6.9858,13.43,29.856,4437.6,21.733,42.841,48.673,79.27,2.1572,1.5839,3198.8,42.461,53.22,94.701,9.8157,62.735,34.194,36.602,2710.3,62.866,23.896,50.101,0.30082,8.6645,29.093,120.38,1.1545,74.342,28.31,2.1211,53.7,4.6472,247.04,0.0026578,0.8303,65.183,18.743,43.844
146,2026-04-27T06:15:00,49.204,99.544,27.27,28.991,40.433,2786.3,3606.3,18.96,18.47,20.325,0.0014284,0.10876,328.86,76.814,6.7018,13.696,29.586,4519.6,22.682,44.693,48.988,78.879,2.162,1.5892,3201.0,42.217,52.964,94.826,9.6928,63.782,35.123,34.056,2711.8,62.631,24.57,49.956,0.28382,8.5774,29.327,120.4,1.094,74.141,28.239,2.1752,53.7,4.6895,248.86,0.0026578,0.8303,65.065,18.749,43.844
147,2026-04-27T06:18:00,49.028,99.816,26.751,28.991,39.924,2790.3,3643.4,21.348,18.47,20.731,-0.0013335,0.10502,329.73,76.743,6.7018,13.696,29.586,4512.1,21.691,44.284,49.502,78.726,2.162,1.5892,3204.7,42.052,53.055,94.94,9.7088,63.481,36.633,33.872,2717.1,61.994,25.37,49.986,0.28533,8.5774,29.327,120.38,1.094,74.826,28.239,2.1752,54.126,4.6895,248.64,0.035955,0.84114,64.957,18.749,43.167
148,2026-04-27T06:21:00,48.812,99.555,27.196,28.827,40.988,2793.8,3706.1,19.079,18.559,20.484,0.00041329,0.10502,329.58,76.48,6.8446,13.511,29.644,4502.3,22.669,43.785,49.927,78.537,2.1935,1.6188,3209.7,42.463,53.162,94.683,9.6416,63.687,37.886,37.299,2719.5,63.442,26.888,50.182,0.31261,8.8116,29.559,120.4,1.3383,74.624,28.848,2.1744,54.126,4.6437,246.69,0.035955,0.84114,64.856,18.698,43.167
149,2026-04-27T06:24:00,51.334,99.501,27.048,28.827,40.542,2796.6,3709.3,17.929,18.559,20.466,0.00095807,0.10502,329.63,76.306,6.8446,13.511,29.644,4485.2,23.173,49.622,51.776,78.322,2.1935,1.6188,3211.9,42.651,53.367,94.758,9.9057,64.547,43.328,37.59,2722.2,63.387,24.348,49.975,0.31023,8.8116,29.559,120.39,1.3383,74.728,28.848,2.1744,54.126,4.6437,249.32,0.035955,0.84114,64.755,18.698,43.167
150,2026-04-27T06:27:00,50.552,99.759,27.025,28.774,40.945,2801.4,3660.7,18.876,18.295,20.73,-7.3199e-05,0.10502,329.35,76.572,6.9561,13.626,29.885,4480.5,22.775,47.811,49.687,78.426,2.1912,1.611,3216.4,42.586,53.558,94.67,9.6321,66.496,37.178,35.088,2727.4,63.073,25.41,50.02,0.28742,8.52,30.147,120.43,1.3096,74.173,29.169,2.1285,54.126,4.5364,249.13,0.035955,0.84114,64.645,18.638,43.167
151,2026-04-27T06:30:00,48.478,99.673,26.415,28.774,40.017,2805.8,3666.1,16.386,18.295,20.4,0.00059685,0.10502,329.29,76.769,6.9561,13.626,29.885,4451.1,23.822,43.011,49.645,78.458,2.1912,1.611,3221.0,42.157,53.91,94.82,9.7837,64.945,37.054,34.698,2732.0,62.98,24.412,49.936,0.29062,8.52,30.147,120.37,1.3096,73.942,29.169,2.1285,54.126,4.5364,250.41,0.035955,0.84114,64.632,18.638,43.167
152,2026-04-27T06:33:00,48.562,99.649,26.816,29.028,41.168,2810.3,3595.1,18.873,18.14,21.008,0.00077816,0.11992,329.46,76.338,6.8787,13.614,29.397,4503.6,22.795,43.205,50.471,78.419,2.1668,1.596,3224.7,42.064,53.446,94.799,9.5543,62.987,39.486,36.116,2736.8,63.206,25.803,50.105,0.3012,8.6597,29.999,120.42,1.1694,75.143,29.947,2.1206,53.697,4.4486,251.92,0.016587,0.83441,64.643,18.795,45.153
153,2026-04-27T06:36:00,51.097,99.568,27.102,29.028,40.039,2811.4,3625.2,20.435,18.14,20.833,0.00099657,0.11992,328.77,76.377,6.8787,13.614,29.397,4479.3,22.153,49.073,50.015,78.124,2.1668,1.596,3226.3,42.38,53.736,94.893,9.7454,62.751,38.143,36.264,2736.8,62.689,25.594,50.428,0.29998,8.6597,29.999,120.38,1.1694,75.012,29.947,2.1206,53.697,4.4486,250.01,0.016587,0.83441,64.589,18.795,45.153
154,2026-04-27T06:39:00,50.317,99.65,27.044,28.477,40.327,2814.9,3687.3,20.078,18.249,20.951,0.00059698,0.11992,329.36,76.097,6.5972,13.68,29.629,4496.0,22.325,47.267,50.63,77.972,2.1593,1.6007,3229.6,42.225,53.163,94.944,9.7671,62.188,39.953,35.862,2740.7,62.265,24.254,50.377,0.298,8.4804,30.096,120.39,1.1367,75.128,29.671,2.0405,53.697,4.4865,252.33,0.016587,0.83441,64.534,19.081,45.153
155,2026-04-27T06:42:00,47.683,99.752,26.858,28.477,39.999,2817.7,3656.7,18.039,18.249,20.996,-0.00044123,0.11992,329.16,76.236,6.5972,13.68,29.629,4502.5,23.193,41.171,51.566,77.914,2.1593,1.6007,3232.1,42.297,53.085,94.805,9.5655,64.139,42.708,35.722,2743.7,62.792,25.857,50.336,0.29915,8.4804,30.096,120.37,1.1367,75.992,29.671,2.0405,53.697,4.4865,254.56,0.016587,0.83441,64.484,19.081,45.153
156,2026-04-27T06:45:00,48.589,99.591,26.799,28.707,40.822,2821.8,3690.7,15.692,17.969,20.972,0.0014973,0.11992,328.76,76.163,6.7346,13.426,29.283,4417.1,24.194,43.268,50.563,77.931,2.136,1.5642,3236.8,42.641,53.377,94.837,9.6649,63.466,39.756,36.231,2748.4,64.812,23.409,50.638,0.3074,8.7012,30.259,120.41,1.3777,75.709,29.941,2.0659,53.697,4.4159,252.93,0.016587,0.83441,64.448,18.236,45.153
157,2026-04-27T06:48:00,50.18,99.818,26.551,28.707,40.725,2822.0,3742.9,20.415,17.969,20.71,-0.0009202,0.1095,328.87,76.266,6.7346,13.426,29.283,4427.8,22.211,46.95,50.17,77.89,2.136,1.5642,3238.0,42.281,53.248,94.658,9.6626,63.45,38.6,37.058,2748.5,63.913,24.059,50.564,0.30061,8.7012,30.259,120.39,1.3777,75.116,29.941,2.0659,53.764,4.4159,253.63,0.024564,0.85569,64.43,18.236,43.111
158,2026-04-27T06:51:00,49.497,99.51,26.766,28.285,41.121,2822.3,3706.0,21.661,18.447,20.745,0.0022702,0.1095,328.13,75.972,6.8087,13.413,28.901,4485.6,21.715,45.369,50.048,77.659,2.1412,1.5708,3240.3,42.207,54.651,94.863,9.5589,63.528,38.24,33.28,2748.1,63.547,26.211,50.638,0.27272,8.5383,31.139,120.42,1.2755,75.541,30.228,2.0182,53.764,4.3729,253.77,0.024564,0.85569,64.389,18.343,43.111
159,2026-04-27T06:54:00,50.808,99.724,26.738,28.285,39.912,2826.3,3728.8,21.117,18.447,20.794,9.7635e-05,0.1095,328.06,76.271,6.8087,13.413,28.901,4504.8,21.949,48.403,50.916,77.66,2.1412,1.5708,3242.1,42.142,54.42,94.752,9.6273,62.962,40.795,33.182,2752.6,63.154,24.961,50.557,0.27352,8.5383,31.139,120.39,1.2755,75.574,30.228,2.0182,53.764,4.3729,255.69,0.024564,0.85569,64.312,18.343,43.111
160,2026-04-27T06:57:00,49.964,99.86,26.956,28.348,40.881,2830.2,3722.1,20.525,17.864,20.905,-0.0018792,0.1095,327.97,76.339,6.8139,13.526,28.605,4513.3,22.203,46.451,50.89,77.788,2.1032,1.5823,3245.1,42.05,54.139,94.732,9.5667,61.852,40.719,32.81,2756.5,62.724,25.019,50.666,0.26869,8.5375,30.906,120.42,1.1193,75.928,30.981,2.0368,53.764,4.4235,255.45,0.024564,0.85569,64.346,18.193,43.111
161,2026-04-27T07:00:00,49.763,99.698,27.195,28.348,39.671,2832.4,3700.5,20.47,17.864,21.235,-0.00023542,0.1095,327.41,75.934,6.8139,13.526,28.605,4499.2,22.246,45.985,50.441,77.767,2.1032,1.5823,3247.7,42.363,54.308,94.898,9.5548,60.192,39.397,32.277,2758.6,63.096,25.168,50.829,0.27305,8.5375,30.906,120.39,1.1193,75.873,30.981,2.0368,53.764,4.4235,254.59,0.024564,0.85569,64.362,18.193,43.111
162,2026-04-27T07:03:00,50.329,99.678,27.118,27.912,40.239,2830.3,3662.0,19.28,18.147,20.845,0.00072344,0.10027,327.01,75.657,6.8878,13.35,28.867,4538.8,22.778,47.296,47.755,77.383,2.1158,1.5798,3247.9,41.979,54.288,94.786,9.456,63.249,31.493,34.06,2756.2,63.78,25.009,51.021,0.27897,8.7198,30.921,120.39,1.2439,76.279,30.946,1.9828,53.08,4.2286,259.73,0.013704,0.88698,64.335,18.463,43.565
163,2026-04-27T07:06:00,48.66,99.543,26.905,27.912,41.064,2833.8,3689.5,20.226,18.147,20.676,0.00104,0.10027,326.47,75.883,6.8878,13.35,28.867,4550.3,22.387,43.433,48.351,77.422,2.1158,1.5798,3250.9,42.264,54.15,94.961,9.5511,63.602,33.248,33.642,2758.9,63.307,25.377,51.351,0.28239,8.7198,30.921,120.38,1.2439,76.089,30.946,1.9828,53.08,4.2286,259.8,0.013704,0.88698,64.268,18.463,43.565
164,2026-04-27T07:09:00,49.498,99.866,26.991,28.052,39.82,2835.9,3647.8,19.792,18.249,20.948,-0.0010796,0.10027,325.94,75.929,6.8588,13.336,28.446,4507.4,22.582,45.372,49.756,77.437,2.0847,1.57,3252.2,42.294,54.076,94.906,9.5456,61.242,37.383,31.001,2761.1,63.406,26.618,51.699,0.26083,8.6237,30.624,120.37,1.3233,76.216,31.202,1.9647,53.08,4.3447,259.65,0.013704,0.88698,64.29,17.984,43.565
165,2026-04-27T07:12:00,48.029,100.05,27.126,28.052,40.62,2837.4,3670.3,18.07,18.249,20.786,-0.0029713,0.10027,325.33,75.943,6.8588,13.336,28.446,4557.9,23.315,41.972,49.355,77.469,2.0847,1.57,3255.4,41.752,53.472,95.068,9.3334,62.171,36.201,31.728,2763.6,63.019,22.475,52.014,0.25488,8.6237,30.624,120.4,1.3233,75.444,31.202,1.9647,53.08,4.3447,259.84,0.013704,0.88698,64.343,17.984,43.565
166,2026-04-27T07:15:00,50.904,99.616,26.767,27.598,39.931,2835.7,3695.4,19.218,17.418,20.273,-6.5261e-05,0.10027,324.46,75.196,6.9318,13.386,28.901,4594.7,22.878,48.625,50.689,77.134,2.1263,1.5215,3256.2,42.35,54.3,95.042,9.3333,62.256,40.126,30.746,2760.8,62.848,25.474,52.064,0.25403,8.5462,30.692,120.37,1.3586,75.5,31.134,1.976,53.08,4.2807,263.0,0.013704,0.88698,64.317,18.851,43.565
167,2026-04-27T07:18:00,49.133,99.533,27.307,27.598,40.092,2838.2,3653.4,20.968,17.418,20.291,0.00077452,0.099989,324.02,75.902,6.9318,13.386,28.901,4591.2,22.14,44.527,50.707,77.171,2.1263,1.5215,3257.4,42.337,54.343,95.108,9.3649,64.674,40.18,31.036,2763.5,63.571,22.743,52.986,0.25165,8.5462,30.692,120.38,1.3586,75.281,31.134,1.976,53.589,4.2807,266.13,0.013701,0.87585,64.292,18.851,43.334
168,2026-04-27T07:21:00,50.396,98.107,27.137,27.168,39.842,2840.5,3679.8,19.572,17.519,20.345,0.00036583,0.099989,323.52,75.477,6.8449,13.518,28.398,4481.9,22.748,47.45,48.734,77.379,2.0889,1.6299,3260.1,42.268,53.583,95.125,9.5098,61.016,34.374,31.364,2766.1,62.465,24.105,53.546,0.25435,8.4646,31.202,120.37,1.166,75.877,31.495,1.9546,53.589,4.2177,267.79,0.013701,0.87585,64.345,18.676,43.334
169,2026-04-27T07:24:00,50.113,98.176,26.943,27.168,39.658,2840.2,3648.0,20.65,17.519,20.222,-0.00033751,0.099989,322.73,75.367,6.8449,13.518,28.398,4481.0,22.321,46.796,49.908,77.129,2.0889,1.6299,3259.8,41.965,53.594,95.248,9.2929,62.451,37.829,31.025,2764.7,63.011,24.346,54.007,0.25712,8.4646,31.202,120.4,1.166,76.457,31.495,1.9546,53.589,4.2177,270.54,0.013701,0.87585,64.385,18.676,43.334
170,2026-04-27T07:27:00,50.455,99.598,26.955,26.849,39.103,2838.6,3687.6,17.75,18.35,19.816,0.00014169,0.099989,321.64,75.546,6.9657,13.566,28.181,4456.0,23.557,47.588,49.481,77.049,2.1004,1.601,3260.7,41.855,54.324,95.171,9.334,60.353,36.573,32.683,2763.5,63.087,24.591,54.54,0.26796,8.5773,31.296,120.37,1.3649,75.584,32.013,1.9202,53.589,4.2214,272.47,0.013701,0.87585,64.389,18.973,43.334
171,2026-04-27T07:30:00,50.36,99.714,26.883,26.849,40.633,2840.4,3660.1,19.096,18.35,20.108,-0.0010335,0.099989,321.36,75.559,6.9657,13.566,28.181,4492.9,23.005,47.366,50.905,77.106,2.1004,1.601,3260.8,41.879,53.882,95.28,9.2965,61.608,40.762,32.422,2765.3,63.559,23.314,54.946,0.2701,8.5773,31.296,120.41,1.3649,76.688,32.013,1.9202,53.589,4.2214,275.8,0.013701,0.87585,64.453,18.973,43.334
172,2026-04-27T07:33:00,49.013,99.871,26.66,26.719,38.27,2838.6,3646.2,22.49,18.143,19.487,-0.0015159,0.10991,320.64,75.204,7.0128,13.465,28.043,4539.4,21.602,44.249,49.813,77.113,2.0921,1.5451,3261.5,42.466,52.589,95.334,9.2191,61.761,37.55,33.141,2762.7,62.717,24.628,55.293,0.27137,8.6245,31.711,120.36,1.2848,76.058,32.075,1.9155,53.736,4.3302,277.47,0.010581,0.90506,64.524,18.294,42.776
173,2026-04-27T07:36:00,48.542,99.637,27.15,26.719,39.916,2837.6,3625.3,19.979,18.143,19.545,0.00086401,0.10991,320.43,75.122,7.0128,13.465,28.043,4471.0,22.687,43.159,49.727,76.909,2.0921,1.5451,3261.8,42.346,53.408,95.407,9.3764,60.49,37.297,33.257,2761.5,63.076,24.992,55.755,0.27042,8.6245,31.711,120.39,1.2848,76.081,32.075,1.9155,53.736,4.3302,279.16,0.010581,0.90506,64.533,18.294,42.776
174,2026-04-27T07:39:00,49.313,99.703,26.853,27.152,38.849,2840.9,3633.0,20.969,18.745,19.484,0.00059606,0.10991,319.84,75.154,6.9063,13.474,27.581,4495.0,22.287,44.944,51.134,77.036,2.0582,1.5459,3263.2,41.986,54.811,95.5,9.3843,60.342,41.436,31.52,2764.2,62.43,25.151,56.186,0.25867,8.4694,31.996,120.39,1.1501,76.516,31.82,1.9552,53.736,4.2449,281.18,0.010581,0.90506,64.547,18.907,42.776
175,2026-04-27T07:42:00,48.644,99.841,27.236,27.152,39.608,2843.2,3662.3,22.751,18.745,19.631,-0.0015124,0.10991,319.01,75.619,6.9063,13.474,27.581,4503.1,21.536,43.396,50.639,77.119,2.0582,1.5459,3267.2,41.845,54.714,95.494,9.2995,59.419,39.979,31.559,2766.8,61.925,25.78,56.754,0.25835,8.4694,31.996,120.41,1.1501,76.971,31.82,1.9552,53.736,4.2449,281.62,0.010581,0.90506,64.617,18.907,42.776
176,2026-04-27T07:45:00,50.026,99.555,26.819,25.604,38.94,2845.5,3668.5,20.262,18.741,19.163,0.0014139,0.10991,317.83,75.219,7.0772,13.495,27.482,4465.5,22.605,46.594,46.847,77.24,2.1116,1.5406,3270.5,42.544,53.689,95.43,9.2775,59.443,28.822,31.568,2767.8,62.679,25.73,56.991,0.25598,8.7099,31.808,120.37,1.3671,75.556,32.162,1.9331,53.736,4.1588,285.72,0.010581,0.90506,64.735,19.076,42.776
177,2026-04-27T07:48:00,50.606,99.69,27.095,25.604,39.49,2842.3,3688.7,19.468,18.741,18.552,3.9073e-05,0.092668,316.47,74.935,7.0772,13.495,27.482,4466.6,22.971,47.936,50.548,77.008,2.1116,1.5406,3271.5,42.028,53.676,95.564,9.3247,61.767,39.712,31.583,2765.4,62.333,24.687,58.301,0.25586,8.7099,31.808,120.39,1.3671,76.313,32.162,1.9331,54.062,4.1588,287.25,0.015506,0.95154,64.778,19.076,42.482
178,2026-04-27T07:51:00,49.538,99.783,26.82,25.807,38.937,2843.0,3623.7,18.983,18.911,18.689,9.3016e-05,0.092668,316.07,75.136,6.8441,13.439,27.103,4477.6,23.188,45.465,49.916,76.981,2.1479,1.5235,3270.4,42.072,53.092,95.477,9.1909,60.196,37.852,31.648,2765.9,61.849,25.105,58.917,0.25577,8.7405,31.32,120.38,1.3755,76.176,32.416,1.9728,54.062,4.2104,291.21,0.015506,0.95154,64.828,19.299,42.482
179,2026-04-27T07:54:00,49.206,99.881,27.136,25.807,39.132,2843.4,3631.5,21.865,18.911,18.967,-0.0013983,0.092668,316.01,75.045,6.8441,13.439,27.103,4441.1,21.995,44.696,49.763,77.033,2.1479,1.5235,3271.3,41.757,53.529,95.85,9.3245,59.103,37.403,31.706,2766.8,61.714,25.728,59.702,0.25529,8.7405,31.32,120.41,1.3755,76.405,32.416,1.9728,54.062,4.2104,293.22,0.015506,0.95154,64.903,19.299,42.482
180,2026-04-27T07:57:00,48.098,99.913,26.223,25.391,38.456,2844.4,3688.7,22.835,19.027,18.176,-0.0012723,0.092668,315.11,74.97,6.9391,13.324,27.407,4452.0,21.606,42.132,49.784,76.969,2.0828,1.5606,3273.1,42.132,52.784,95.558,9.3555,60.785,37.464,30.866,2767.4,62.701,24.12,60.316,0.24567,8.7763,32.125,120.39,1.3518,76.352,32.323,1.9618,54.062,4.1684,297.11,0.015506,0.95154,64.958,19.49,42.482
181,2026-04-27T08:00:00,52.081,100.09,26.918,25.391,39.168,2843.8,3687.6,20.824,19.027,18.152,-0.0033043,0.092668,313.76,75.057,6.9391,13.324,27.407,4471.9,22.471,51.349,49.592,76.897,2.0828,1.5606,3274.9,42.173,52.546,95.607,9.1719,62.92,36.898,30.663,2766.2,62.72,25.384,60.944,0.24733,8.7763,32.125,120.39,1.3518,75.801,32.323,1.9618,54.062,4.1684,300.85,0.015506,0.95154,65.019,19.49,42.482
182,2026-04-27T08:03:00,51.22,99.636,26.866,25.092,38.49,2845.6,3620.5,19.013,18.924,18.217,0.0010491,0.10433,313.15,74.815,7.0263,13.544,26.981,4379.0,23.257,49.357,50.011,76.991,2.0928,1.559,3276.4,42.058,53.085,95.53,9.3415,58.192,38.133,28.881,2768.5,63.031,24.796,62.865,0.23138,8.7437,32.268,120.39,1.3249,75.975,32.949,1.9251,54.646,4.2086,305.21,0.0022534,0.96994,65.143,19.276,43.166
183,2026-04-27T08:06:00,50.067,99.835,26.509,25.092,39.618,2845.3,3599.0,21.443,18.924,17.622,-0.0014175,0.10433,312.69,74.481,7.0263,13.544,26.981,4459.4,22.268,46.689,50.813,76.826,2.0928,1.559,3276.5,42.324,52.123,95.809,9.1985,62.462,40.493,28.758,2766.7,63.402,26.724,63.983,0.23239,8.7437,32.268,120.4,1.3249,76.753,32.949,1.9251,54.646,4.2086,309.94,0.0022534,0.96994,65.236,19.276,43.166
184,2026-04-27T08:09:00,50.772,99.805,26.922,24.89,38.08,2843.4,3598.0,20.402,19.226,17.585,-0.0010919,0.10433,311.75,74.559,7.1518,13.524,26.823,4409.1,22.729,48.32,50.96,76.678,2.083,1.5721,3277.4,42.434,53.147,95.745,9.2453,60.151,40.926,31.623,2764.7,62.558,24.698,65.105,0.25237,8.8203,32.292,120.38,1.2199,76.019,32.968,1.9577,54.646,4.2246,314.59,0.0022534,0.96994,65.312,19.514,43.166
185,2026-04-27T08:12:00,49.087,99.673,26.761,24.89,38.487,2845.5,3600.4,20.654,19.226,17.694,0.00024672,0.10433,311.02,74.921,7.1518,13.524,26.823,4399.2,22.634,44.422,51.162,76.74,2.083,1.5721,3278.6,42.172,53.266,95.821,9.3855,58.317,41.519,31.772,2767.2,62.517,25.977,66.15,0.25115,8.8203,32.292,120.41,1.2199,76.44,32.968,1.9577,54.646,4.2246,320.09,0.0022534,0.96994,65.405,19.514,43.166
186,2026-04-27T08:15:00,48.089,99.694,26.653,24.468,37.706,2848.5,3583.6,18.351,18.98,17.644,0.00026057,0.10433,311.1,75.069,6.8585,13.699,26.769,4405.2,23.616,42.111,49.037,76.849,2.1137,1.5805,3279.8,41.929,52.505,95.825,9.1337,59.887,35.267,31.078,2769.8,61.511,24.963,67.192,0.24909,8.5692,32.063,120.37,1.3113,75.056,32.925,1.8149,54.646,4.1962,325.52,0.0022534,0.96994,65.563,19.399,43.166
187,2026-04-27T08:18:00,50.839,99.764,26.659,24.468,38.819,2850.7,3554.4,20.902,18.98,17.062,-0.001562,0.11927,310.05,74.732,6.8585,13.699,26.769,4396.9,22.566,48.476,52.452,76.86,2.1137,1.5805,3285.9,41.887,52.606,96.01,9.3199,58.098,45.315,30.869,2771.5,62.013,26.316,68.997,0.2508,8.5692,32.063,120.43,1.3113,76.187,32.925,1.8149,53.233,4.1962,330.11,0.021632,1.0147,65.707,19.399,43.405
188,2026-04-27T08:21:00,49.62,99.668,26.832,24.651,37.472,2853.2,3645.2,19.205,19.633,17.092,5.0194e-05,0.11927,309.41,74.903,7.059,13.515,26.183,4409.6,23.292,45.655,49.404,76.882,2.1042,1.5843,3289.0,41.795,52.62,95.824,9.3933,60.563,36.347,33.554,2773.5,62.906,25.961,70.519,0.26447,8.9546,31.751,120.37,1.3414,75.543,33.107,1.9607,53.233,4.1611,333.42,0.021632,1.0147,65.888,20.308,43.405
189,2026-04-27T08:24:00,50.084,99.678,26.778,24.651,39.11,2854.4,3664.3,20.448,19.633,16.928,-4.8414e-05,0.11927,308.56,74.783,7.059,13.515,26.183,4369.5,22.784,46.729,49.29,76.902,2.1042,1.5843,3292.4,42.017,53.1,95.786,9.359,59.088,36.01,33.1,2776.0,62.579,25.977,71.858,0.2682,8.9546,31.751,120.45,1.3414,75.748,33.107,1.9607,53.233,4.1611,338.68,0.021632,1.0147,66.029,20.308,43.405
190,2026-04-27T08:27:00,51.966,99.674,26.982,24.352,37.895,2854.3,3612.5,20.607,19.254,16.707,0.00056709,0.11927,308.45,74.517,7.0041,13.514,26.556,4299.0,22.745,51.083,51.857,76.791,2.0764,1.5739,3292.3,42.443,51.531,95.865,9.2145,60.644,43.565,30.485,2774.8,61.639,24.174,73.08,0.24678,8.8266,32.004,120.4,1.3108,75.933,33.691,1.857,53.233,4.089,345.2,0.021632,1.0147,66.215,20.038,43.405
191,2026-04-27T08:30:00,48.955,99.802,27.08,24.352,37.916,2856.3,3577.8,21.261,19.254,17.188,-0.00074001,0.11927,308.45,74.665,7.0041,13.514,26.556,4317.6,22.482,44.116,49.964,76.737,2.0764,1.5739,3293.4,41.729,51.308,95.941,9.1521,61.309,37.995,30.72,2777.1,62.235,24.206,74.484,0.24486,8.8266,32.004,120.39,1.3108,74.107,33.691,1.857,53.233,4.089,349.64,0.021632,1.0147,66.304,20.038,43.405
192,2026-04-27T08:33:00,49.933,99.598,26.582,23.946,37.544,2856.8,3590.0,21.396,19.477,16.464,0.001648,0.10453,307.32,74.414,7.044,13.517,26.019,4315.6,22.458,46.38,49.028,76.6,2.046,1.6017,3296.6,41.795,51.759,95.914,9.3698,59.738,35.241,30.139,2776.8,62.367,25.182,76.949,0.24558,8.8008,32.357,120.4,1.3791,74.099,32.915,1.8584,53.976,4.1459,358.07,0.023221,1.0553,66.469,19.834,43.373
193,2026-04-27T08:36:00,48.686,99.679,27.072,23.946,38.028,2860.0,3590.8,20.257,19.477,16.689,0.00082137,0.10453,307.1,74.516,7.044,13.517,26.019,4359.1,22.956,43.492,49.018,76.51,2.046,1.6017,3299.2,42.187,51.239,95.928,9.2696,59.983,35.21,30.658,2780.9,62.352,25.234,78.535,0.24133,8.8008,32.357,120.39,1.3791,75.483,32.915,1.8584,53.976,4.1459,367.31,0.023221,1.0553,66.578,19.834,43.373
194,2026-04-27T08:39:00,49.897,99.794,26.655,23.467,38.572,2864.8,3599.8,20.499,20.149,16.699,-0.00034868,0.10453,306.91,74.671,7.1284,13.352,25.502,4363.8,22.861,46.295,48.96,76.667,2.0726,1.5383,3304.6,41.799,51.488,95.869,9.2258,60.933,35.039,30.571,2785.2,61.715,26.982,80.403,0.23903,8.7935,32.19,120.42,1.4971,75.822,33.251,1.8135,53.976,4.0835,373.29,0.023221,1.0553,66.801,19.984,43.373
195,2026-04-27T08:42:00,49.677,99.587,26.769,23.467,37.873,2869.3,3627.0,21.139,20.149,16.546,0.0017607,0.10453,306.44,75.03,7.1284,13.352,25.502,4344.8,22.588,45.788,48.385,76.755,2.0726,1.5383,3310.4,42.185,51.715,95.973,9.209,61.836,33.349,29.931,2789.0,61.246,26.206,82.48,0.24427,8.7935,32.19,120.4,1.4971,75.335,33.251,1.8135,53.976,4.0835,376.8,0.023221,1.0553,66.996,19.984,43.373
196,2026-04-27T08:45:00,49.534,99.706,26.442,23.465,38.635,2872.2,3535.1,20.779,19.949,16.385,-0.00014151,0.10453,305.8,74.575,7.0346,13.779,25.724,4298.5,22.76,45.455,50.543,76.729,2.1191,1.5156,3314.4,42.387,51.712,95.822,9.3587,59.437,39.699,27.486,2793.0,61.894,25.904,84.176,0.22337,8.9681,32.513,120.42,1.5101,75.28,33.556,1.8751,53.976,4.0212,384.43,0.023221,1.0553,67.256,19.472,43.373
197,2026-04-27T08:48:00,48.328,99.668,26.867,23.465,38.359,2875.4,3589.4,22.271,19.949,16.549,-0.00061897,0.09304,306.23,74.604,7.0346,13.779,25.724,4346.4,22.147,42.666,49.725,76.58,2.1191,1.5156,3318.4,42.339,51.138,95.993,9.4623,61.789,37.29,27.726,2796.0,60.96,26.01,87.13,0.2214,8.9681,32.513,120.39,1.5101,74.793,33.556,1.8751,54.6,4.0212,393.56,0.029499,1.0269,67.493,19.472,42.646
198,2026-04-27T08:51:00,50.696,99.634,27.158,23.386,38.174,2878.3,3576.7,20.948,19.699,16.56,0.0009193,0.09304,305.78,74.578,6.913,13.631,25.379,4372.7,22.72,48.146,49.111,76.415,2.0509,1.5358,3322.2,42.204,51.921,95.887,9.2538,61.647,35.483,33.569,2798.1,61.813,26.604,89.353,0.26411,8.7042,32.687,120.39,1.484,75.046,34.163,1.952,54.6,4.1361,401.96,0.029499,1.0269,67.693,20.033,42.646
199,2026-04-27T08:54:00,49.533,99.534,26.485,23.386,38.089,2882.7,3593.5,20.768,19.699,16.368,0.0018068,0.09304,305.67,74.627,6.913,13.631,25.379,4355.9,22.807,45.454,50.776,76.352,2.0509,1.5358,3326.5,42.422,52.122,95.934,9.4441,61.35,40.385,33.654,2802.1,61.523,26.956,91.615,0.26341,8.7042,32.687,120.42,1.484,75.53,34.163,1.952,54.6,4.1361,409.85,0.029499,1.0269,67.859,20.033,42.646
200,2026-04-27T08:57:00,48.941,99.729,26.935,23.162,38.122,2885.3,3593.1,21.009,19.737,16.531,0.00027317,0.09304,306.02,74.314,6.8656,13.574,26.268,4266.3,22.729,44.084,50.084,76.292,2.0322,1.5344,3329.7,42.032,51.653,95.896,9.3669,62.97,38.346,31.5,2805.8,62.511,26.565,93.919,0.24719,8.8577,32.698,120.41,1.4976,75.805,34.142,1.8679,54.6,4.1001,417.17,0.029499,1.0269,68.086,19.919,42.646
201,2026-04-27T09:00:00,48.639,99.694,26.897,23.162,38.906,2887.4,3639.4,20.65,19.737,16.554,-0.00087139,0.09304,305.38,74.406,6.8656,13.574,26.268,4264.5,22.901,43.385,48.683,76.045,2.0322,1.5344,3332.4,42.218,51.674,95.84,9.4087,62.15,34.224,31.407,2807.5,61.713,23.869,96.306,0.24795,8.8577,32.698,120.41,1.4976,75.297,34.142,1.8679,54.6,4.1001,423.47,0.029499,1.0269,68.271,19.919,42.646
202,2026-04-27T09:03:00,48.551,95.673,26.982,23.399,38.427,2891.5,3635.0,19.573,19.566,16.693,0.00044175,0.10245,305.45,74.151,6.9408,13.683,25.675,4328.1,23.379,43.18,49.86,76.034,2.0595,1.6046,3335.5,42.206,50.989,95.768,9.2757,60.295,37.687,30.068,2811.7,62.199,26.058,98.093,0.24378,8.9226,33.588,120.42,1.4449,75.059,34.266,1.8548,55.152,4.032,432.38,0.026347,1.0284,68.429,19.925,43.758
203,2026-04-27T09:06:00,48.308,95.478,26.968,23.399,37.839,2893.2,3636.8,18.78,19.566,16.475,0.0024228,0.10245,305.03,73.812,6.9408,13.683,25.675,4351.8,23.748,42.619,50.709,75.795,2.0595,1.6046,3338.6,41.968,50.706,95.862,9.318,63.22,40.186,30.423,2813.5,62.167,25.472,100.01,0.24087,8.9226,33.588,120.41,1.4449,74.344,34.266,1.8548,55.152,4.032,439.1,0.026347,1.0284,68.636,19.925,43.758
204,2026-04-27T09:09:00,48.847,99.621,26.991,23.0,38.395,2895.4,3624.3,21.404,20.253,16.763,0.001345,0.10245,305.64,74.252,6.794,13.55,24.859,4289.3,22.658,43.866,50.953,75.548,2.0578,1.538,3341.2,42.14,51.246,95.809,9.4334,63.503,40.906,31.964,2815.5,61.703,25.676,100.2,0.24973,8.7047,33.059,120.41,1.1896,74.334,34.333,1.7928,55.152,4.0126,440.95,0.026347,1.0284,68.634,19.793,43.758
205,2026-04-27T09:12:00,49.513,99.847,27.056,23.0,38.009,2900.6,3591.6,22.299,20.253,16.645,-0.00095457,0.10245,305.03,74.564,6.794,13.55,24.859,4275.1,22.28,45.408,51.112,75.74,2.0578,1.538,3347.5,41.989,51.416,95.897,9.3686,63.559,41.371,31.755,2820.7,62.266,25.652,100.15,0.25144,8.7047,33.059,120.4,1.1896,74.783,34.333,1.7928,55.152,4.0126,441.88,0.026347,1.0284,68.703,19.793,43.758
206,2026-04-27T09:15:00,48.418,99.809,26.507,22.807,39.562,2906.6,3635.5,21.564,20.059,16.451,-0.00022268,0.10245,305.51,74.22,7.0335,13.57,25.344,4256.7,22.61,42.873,51.067,75.829,2.0695,1.5906,3352.8,42.43,51.779,95.68,9.3404,61.239,41.24,29.954,2826.4,62.812,24.923,100.08,0.23441,8.7525,33.131,120.44,1.5847,74.19,34.533,1.7233,55.152,4.0529,441.43,0.026347,1.0284,68.814,19.636,43.758
207,2026-04-27T09:18:00,50.794,99.711,26.777,22.807,38.599,2909.1,3645.3,22.631,20.059,16.659,0.00077351,0.11391,305.41,74.042,7.0335,13.57,25.344,4307.8,22.183,48.372,50.66,75.649,2.0695,1.5906,3356.5,41.871,51.167,95.748,9.5082,61.693,40.042,29.479,2829.9,62.642,26.975,100.03,0.2383,8.7525,33.131,120.41,1.5847,75.287,34.533,1.7233,53.317,4.0529,440.86,0.0097331,1.0313,68.831,19.636,42.617
208,2026-04-27T09:21:00,48.864,99.736,27.155,22.13,38.349,2911.1,3641.1,23.489,20.054,16.605,-0.00041341,0.11391,305.29,74.087,6.754,13.699,25.148,4322.0,21.845,43.905,51.744,75.379,2.0048,1.5296,3358.0,42.33,51.225,95.642,9.4327,61.083,43.232,29.788,2830.8,60.585,24.847,100.03,0.23713,8.8262,33.309,120.41,1.4956,74.23,35.381,1.81,53.317,3.9186,441.38,0.0097331,1.0313,68.774,20.007,42.617
209,2026-04-27T09:24:00,48.947,99.709,26.8,22.13,39.255,2916.4,3598.5,20.605,20.054,17.042,-0.00013828,0.11391,305.63,73.741,6.754,13.699,25.148,4284.8,23.091,44.097,49.654,75.251,2.0048,1.5296,3361.7,42.211,51.67,95.924,9.4315,62.039,37.081,29.701,2835.7,61.319,25.794,99.868,0.23784,8.8262,33.309,120.43,1.4956,74.664,35.381,1.81,53.317,3.9186,443.31,0.0097331,1.0313,68.666,20.007,42.617
210,2026-04-27T09:27:00,48.936,99.825,26.862,22.441,37.697,2917.8,3651.4,21.658,19.937,16.466,-0.00077247,0.11391,305.44,73.957,7.1371,13.415,25.222,4221.9,22.672,44.071,52.076,74.987,2.0037,1.5022,3365.2,42.132,51.336,95.791,9.4616,61.165,44.209,31.341,2837.4,62.848,23.648,99.585,0.25025,8.8245,33.76,120.38,1.3395,73.634,35.409,1.7579,53.317,3.9131,447.22,0.0097331,1.0313,68.548,19.854,42.617
211,2026-04-27T09:30:00,49.118,99.842,26.957,22.441,39.755,2922.9,3644.8,19.121,19.937,17.168,-0.00094446,0.11391,305.73,74.145,7.1371,13.415,25.222,4240.1,23.75,44.492,49.794,75.005,2.0037,1.5022,3370.2,42.296,51.119,95.637,9.55,60.801,37.494,30.995,2843.2,62.961,25.636,99.9,0.25308,8.8245,33.76,120.44,1.3395,75.283,35.409,1.7579,53.317,3.9131,447.92,0.0097331,1.0313,68.472,19.854,42.617
212,2026-04-27T09:33:00,48.834,99.64,26.914,22.536,37.289,2929.3,3592.6,22.774,19.716,17.134,0.0013142,0.11997,306.49,74.086,6.9828,13.517,25.138,4216.7,22.226,43.837,49.382,75.06,2.0332,1.5702,3374.5,42.417,51.581,95.781,9.6387,62.051,36.28,27.131,2849.3,60.439,25.521,100.08,0.21924,8.7475,33.704,120.37,1.3014,75.56,36.085,1.7544,54.17,3.7254,445.48,0.020365,1.0226,68.452,19.615,43.011
213,2026-04-27T09:36:00,49.121,99.669,27.004,22.536,39.313,2933.7,3528.6,19.63,19.716,17.496,-1.8045e-05,0.11997,306.7,73.773,6.9828,13.517,25.138,4226.7,23.58,44.5,50.655,74.92,2.0332,1.5702,3378.2,42.142,51.461,95.768,9.4413,61.842,40.028,27.683,2854.8,61.54,25.893,100.15,0.21471,8.7475,33.704,120.44,1.3014,73.435,36.085,1.7544,54.17,3.7254,445.69,0.020365,1.0226,68.432,19.615,43.011
214,2026-04-27T09:39:00,49.923,99.769,26.933,22.397,36.927,2939.6,3593.7,22.168,19.662,17.586,-4.7551e-05,0.11997,307.04,74.005,7.0023,13.522,24.877,4301.3,22.52,46.355,51.407,74.777,2.0425,1.5337,3384.4,42.446,50.991,95.868,9.5032,61.438,42.24,28.294,2859.5,61.606,25.176,100.08,0.22775,8.9168,34.192,120.33,1.3555,74.583,35.768,1.7548,54.17,3.7884,447.82,0.020365,1.0226,68.36,18.978,43.011
215,2026-04-27T09:42:00,48.661,99.652,26.678,22.397,39.125,2947.1,3605.6,21.873,19.662,17.649,0.00070152,0.11997,307.47,74.113,7.0023,13.522,24.877,4281.8,22.649,43.434,49.533,74.829,2.0425,1.5337,3390.1,42.223,51.225,95.624,9.547,64.189,36.725,28.172,2867.6,61.401,26.314,99.865,0.22875,8.9168,34.192,120.44,1.3555,74.259,35.768,1.7548,54.17,3.7884,449.54,0.020365,1.0226,68.3,18.978,43.011
216,2026-04-27T09:45:00,49.201,99.719,26.603,22.272,37.234,2950.5,3594.4,20.255,19.761,17.331,0.00070014,0.11997,306.95,73.703,6.9104,13.399,24.752,4329.1,23.359,44.686,50.235,74.597,2.0313,1.4947,3398.1,42.134,52.136,95.824,9.404,60.9,38.793,27.947,2870.7,61.32,23.769,100.02,0.22799,8.5083,34.193,120.36,1.3661,74.083,35.738,1.6392,54.17,3.823,449.09,0.020365,1.0226,68.276,19.2,43.011
217,2026-04-27T09:48:00,48.81,99.625,26.836,22.272,38.792,2955.1,3606.1,21.468,19.761,17.787,0.0011473,0.093421,307.2,73.604,6.9104,13.399,24.752,4346.2,22.875,43.78,50.762,74.302,2.0313,1.4947,3400.6,42.414,51.932,95.688,9.6038,60.894,40.341,28.001,2875.6,61.118,26.652,100.1,0.22755,8.5083,34.193,120.43,1.3661,74.064,35.738,1.6392,54.829,3.823,449.34,0.023553,0.99381,68.195,19.2,42.412
218,2026-04-27T09:51:00,50.58,99.938,26.915,22.129,38.019,2959.1,3589.1,21.011,19.272,17.795,-0.0013941,0.093421,307.61,73.303,6.7133,13.356,25.352,4345.0,23.101,47.876,49.787,74.064,2.0265,1.4963,3405.4,42.334,51.347,95.836,9.5347,64.318,37.474,26.06,2879.6,62.147,24.062,99.895,0.21225,8.7195,34.625,120.39,1.1333,74.485,36.816,1.718,54.829,3.776,452.31,0.023553,0.99381,68.079,19.488,42.412
219,2026-04-27T09:54:00,49.586,99.725,26.55,22.129,39.377,2964.3,3583.9,23.187,19.272,17.884,0.00048112,0.093421,308.15,73.411,6.7133,13.356,25.352,4359.5,22.21,45.575,48.793,73.831,2.0265,1.4963,3408.5,42.087,51.174,95.644,9.5048,61.239,34.547,26.265,2885.0,62.236,26.992,100.0,0.21058,8.7195,34.625,120.42,1.1333,74.212,36.816,1.718,54.829,3.776,453.17,0.023553,0.99381,67.932,19.488,42.412
220,2026-04-27T09:57:00,48.265,99.709,26.912,22.246,38.503,2969.5,3637.9,19.661,19.053,18.209,0.00071275,0.093421,308.55,73.513,6.985,13.419,24.742,4283.9,23.715,42.518,50.813,73.71,2.0361,1.5067,3414.4,42.158,51.275,95.738,9.6288,61.311,40.492,24.961,2889.7,63.103,25.538,100.31,0.20646,8.8569,34.584,120.42,1.3629,73.968,37.017,1.6657,54.829,3.7618,453.38,0.023553,0.99381,67.807,19.595,42.412
221,2026-04-27T10:00:00,50.454,99.658,26.952,22.246,39.183,2974.9,3650.0,23.214,19.053,18.387,-0.0004499,0.093421,308.57,73.392,6.985,13.419,24.742,4264.4,22.24,47.584,50.023,73.75,2.0361,1.5067,3419.5,42.244,51.509,95.353,9.5138,63.066,38.167,24.589,2895.6,62.894,25.96,100.05,0.20951,8.8569,34.584,120.42,1.3629,75.007,37.017,1.6657,54.829,3.7618,456.2,0.023553,0.99381,67.739,19.595,42.412
222,2026-04-27T10:03:00,48.766,99.594,26.746,22.17,39.408,2979.3,3592.5,24.398,18.625,18.389,0.0018273,0.090127,308.87,73.345,6.757,13.538,25.03,4261.0,21.763,43.677,50.026,73.633,2.0204,1.5023,3422.6,42.047,51.159,95.811,9.6946,63.625,38.176,25.584,2898.8,61.529,26.045,100.12,0.2097,8.6666,34.958,120.41,1.2529,74.212,36.786,1.6632,53.901,3.5436,455.93,0.0071322,1.0017,67.734,19.377,42.263
223,2026-04-27T10:06:00,49.623,99.735,26.999,22.17,38.046,2981.7,3587.4,22.125,18.625,18.732,-0.00010512,0.090127,309.29,73.244,6.757,13.538,25.03,4252.0,22.747,45.662,48.449,73.396,2.0204,1.5023,3425.1,42.732,51.267,95.554,9.417,63.821,33.535,25.607,2902.4,61.617,27.997,100.12,0.20952,8.6666,34.958,120.38,1.2529,75.243,36.786,1.6632,53.901,3.5436,456.81,0.0071322,1.0017,67.677,19.377,42.263
224,2026-04-27T10:09:00,48.57,99.621,26.949,21.596,38.91,2987.3,3655.5,22.944,18.761,18.944,0.0010763,0.090127,309.61,73.555,6.8157,13.589,24.94,4298.0,22.414,43.224,51.058,73.29,2.0013,1.4835,3430.1,42.168,51.131,95.709,9.5885,62.074,41.213,26.974,2908.7,62.456,24.319,99.971,0.2203,8.7728,35.092,120.39,1.4814,74.199,37.36,1.6189,53.901,3.5459,459.4,0.0071322,1.0017,67.564,19.556,42.263
225,2026-04-27T10:12:00,49.229,99.732,27.273,21.596,39.953,2993.9,3633.8,23.761,18.761,18.995,-0.0010405,0.090127,309.69,73.335,6.8157,13.589,24.94,4340.2,22.087,44.75,51.648,73.328,2.0013,1.4835,3435.7,42.212,50.626,95.438,9.5968,61.529,42.949,27.195,2914.3,62.831,26.063,99.892,0.21849,8.7728,35.092,120.42,1.4814,75.299,37.36,1.6189,53.901,3.5459,460.79,0.0071322,1.0017,67.566,19.556,42.263
226,2026-04-27T10:15:00,48.332,99.694,26.964,21.709,37.643,2994.6,3656.0,23.358,18.489,18.912,0.00055979,0.090127,309.63,73.021,6.8857,13.565,25.51,4254.9,22.291,42.674,50.93,73.041,1.9386,1.5003,3437.5,42.202,51.093,95.658,9.6374,61.729,40.837,27.458,2915.6,62.025,24.65,100.09,0.22446,8.7551,34.822,120.38,1.274,74.682,36.973,1.5532,53.901,3.5189,458.82,0.0071322,1.0017,67.516,19.17,42.263
227,2026-04-27T10:18:00,48.966,99.511,26.966,21.709,39.923,2998.1,3637.6,24.986,18.489,19.352,0.0024249,0.10697,310.07,73.274,6.8857,13.565,25.51,4264.8,21.62,44.141,48.017,72.887,1.9386,1.5003,3440.1,42.101,50.975,95.481,9.4925,63.301,32.266,27.677,2918.9,62.341,22.829,100.01,0.22266,8.7551,34.822,120.44,1.274,74.821,36.973,1.5532,54.692,3.5189,461.76,0.010673,1.0166,67.453,19.17,43.193
228,2026-04-27T10:21:00,49.507,99.747,26.848,21.57,38.597,3000.0,3622.6,24.102,18.779,18.303,0.0,0.10697,310.29,72.916,6.9578,13.559,25.378,4302.7,22.049,45.394,50.361,72.832,1.9898,1.4927,3441.8,42.308,51.368,95.868,9.6352,62.161,39.164,26.888,2920.9,62.013,25.244,100.05,0.22088,8.6109,35.032,120.38,1.2576,74.547,37.477,1.704,54.692,3.5083,461.24,0.010673,1.0166,67.416,19.055,43.193
229,2026-04-27T10:24:00,49.507,99.747,26.848,21.57,38.487,3000.0,3622.6,24.25,18.779,16.779,0.0,0.10697,310.29,72.916,6.9578,13.559,25.378,4302.7,22.049,45.394,50.361,72.832,1.9898,1.4927,3441.8,42.308,51.368,95.868,9.6352,62.219,39.164,26.888,2920.9,62.013,25.244,100.05,0.22088,8.6109,35.032,120.38,1.2576,74.547,37.477,1.704,54.692,3.5083,461.24,0.010673,1.0166,67.416,19.055,43.193
230,2026-04-27T10:27:00,49.507,100.0,26.848,21.582,38.366,3000.0,3622.6,24.398,18.305,15.254,0.0,0.10697,310.29,72.916,6.8019,13.694,24.564,4302.7,22.049,45.394,50.361,72.832,1.951,1.5395,3441.8,42.308,51.593,95.868,9.6352,62.276,39.164,26.323,2920.9,61.343,25.244,100.05,0.22088,8.6526,35.307,120.38,1.3267,74.547,37.839,1.6186,54.692,3.4409,461.24,0.010673,1.0166,67.416,19.138,43.193
231,2026-04-27T10:30:00,49.507,100.0,26.848,21.582,38.234,3000.0,3622.6,24.545,18.305,13.73,0.0,0.10697,310.29,72.916,6.8019,13.694,24.564,4302.7,22.049,45.394,50.361,72.832,1.951,1.5395,3441.8,42.308,51.593,95.868,9.6352,62.333,39.164,26.323,2920.9,61.343,25.244,100.05,0.22088,8.6526,35.307,120.38,1.3267,74.547,37.839,1.6186,54.692,3.4409,461.24,0.010673,1.0166,67.416,19.138,43.193
232,2026-04-27T10:33:00,49.507,100.0,26.848,21.61,38.092,3000.0,3622.6,24.693,18.319,12.206,0.0,0.11949,310.29,72.916,6.7676,13.483,24.875,4302.7,22.049,45.394,50.361,72.832,1.9062,1.528,3441.8,42.308,51.337,95.868,9.6352,62.39,39.164,29.668,2920.9,62.713,25.244,100.06,0.22088,8.7389,35.367,120.38,1.3286,74.547,38.455,1.5269,54.751,3.4313,461.24,0.030253,1.0368,67.416,18.634,42.521
233,2026-04-27T10:36:00,49.507,100.0,26.848,21.61,37.938,3000.0,3622.6,24.841,18.319,10.682,0.0,0.11949,310.29,72.916,6.7676,13.483,24.875,4302.7,22.049,45.394,50.361,72.832,1.9062,1.528,3441.8,42.308,51.337,95.868,9.6352,62.447,39.164,29.668,2920.9,62.713,25.244,100.06,0.22088,8.7389,35.367,120.38,1.3286,74.547,38.455,1.5269,54.751,3.4313,461.24,0.030253,1.0368,67.416,18.634,42.521
234,2026-04-27T10:39:00,49.507,100.0,26.848,21.544,37.773,3000.0,3622.6,24.988,18.379,9.158,0.0,0.11949,310.29,72.916,7.0142,13.562,24.461,4302.7,22.049,45.394,50.361,72.832,1.9585,1.4674,3441.8,42.308,52.554,95.868,9.6352,62.504,39.164,23.651,2920.9,63.105,25.244,100.06,0.22088,8.6034,35.351,120.38,1.2481,74.547,38.101,1.5801,54.751,3.4888,461.24,0.030253,1.0368,67.416,19.01,42.521
235,2026-04-27T10:42:00,49.507,100.0,26.848,21.544,37.597,3000.0,3622.6,25.136,18.379,7.6339,0.0,0.11949,310.29,72.916,7.0142,13.562,24.461,4302.7,22.049,45.394,50.361,72.832,1.9585,1.4674,3441.8,42.308,52.554,95.868,9.6352,62.562,39.164,23.651,2920.9,63.105,25.244,100.06,0.22088,8.6034,35.351,120.38,1.2481,74.547,38.101,1.5801,54.751,3.4888,461.24,0.030253,1.0368,67.416,19.01,42.521
236,2026-04-27T10:45:00,49.507,100.0,26.848,21.316,37.41,3000.0,3622.6,25.284,18.23,6.1098,0.0,0.11949,310.29,72.916,6.9056,13.49,24.727,4302.7,22.049,45.394,50.361,72.832,1.9755,1.5285,3441.8,42.308,51.624,95.868,9.6352,62.619,39.164,25.336,2920.9,60.934,25.244,100.06,0.22088,8.5693,35.575,120.38,1.266,74.547,37.976,1.5326,54.751,3.4735,461.24,0.030253,1.0368,67.416,19.015,42.521
237,2026-04-27T10:48:00,49.507,100.0,26.848,21.316,37.212,3000.0,3622.6,25.431,18.23,4.5857,0.0,0.1075,310.29,72.916,6.9056,13.49,24.727,4302.7,22.049,45.394,50.361,72.832,1.9755,1.5285,3441.8,42.308,51.624,95.868,9.6352,62.676,39.164,25.336,2920.9,60.934,25.244,100.07,0.22088,8.5693,35.575,120.38,1.266,74.547,37.976,1.5326,55.492,3.4735,461.24,0.0090742,1.0169,67.416,19.015,43.764
238,2026-04-27T10:51:00,49.507,100.0,26.848,22.552,37.003,3000.0,3622.6,25.579,18.41,3.0616,0.0,0.1075,310.29,72.916,6.9252,13.486,24.972,4302.7,22.049,45.394,50.361,72.832,1.9439,1.5054,3441.8,42.308,51.572,95.868,9.6352,62.733,39.164,22.956,2920.9,61.813,25.244,100.07,0.22088,8.6636,35.494,120.38,1.2596,74.547,38.418,1.5232,55.492,3.5054,461.24,0.0090742,1.0169,67.416,18.782,43.764
239,2026-04-27T10:54:00,49.507,100.0,26.848,22.552,36.783,3000.0,3622.6,25.727,18.41,1.5375,0.0,0.1075,310.29,72.916,6.9252,13.486,24.972,4302.7,22.049,45.394,50.361,72.832,1.9439,1.5054,3441.8,42.308,51.572,95.868,9.6352,62.79,39.164,22.956,2920.9,61.813,25.244,100.07,0.22088,8.6636,35.494,120.38,1.2596,74.547,38.418,1.5232,55.492,3.5054,461.24,0.0090742,1.0169,67.416,18.782,43.764
240,2026-04-27T10:57:00,49.507,100.0,26.848,21.682,36.552,3000.0,3622.6,25.874,18.559,0.013377,0.0,0.1075,310.29,72.916,6.7494,13.431,24.722,4302.7,22.049,45.394,50.361,72.832,1.9847,1.4896,3441.8,42.308,52.124,95.868,9.6352,62.847,39.164,22.377,2920.9,61.609,25.244,100.07,0.22088,8.4857,36.08,120.38,1.1469,74.547,37.806,1.636,55.492,3.414,461.24,0.0090742,1.0169,67.416,19.177,43.764
241,2026-04-27T11:00:00,49.507,100.0,26.848,21.682,36.31,3000.0,3622.6,26.022,18.559,-0.025402,0.0,0.1075,310.29,72.916,6.7494,13.431,24.722,4302.7,22.049,45.394,50.361,72.832,1.9847,1.4896,3441.8,42.308,52.124,95.868,9.6352,62.904,39.164,22.377,2920.9,61.609,25.244,100.07,0.22088,8.4857,36.08,120.38,1.1469,74.547,37.806,1.636,55.492,3.414,461.24,0.0090742,1.0169,67.416,19.177,43.764
242,2026-04-27T11:03:00,49.507,100.0,26.848,21.877,36.056,3000.0,3622.6,26.17,17.711,-0.025402,0.0,0.098189,310.29,72.916,6.9317,13.235,25.039,4302.7,22.049,45.394,50.361,72.832,1.9812,1.4999,3441.8,42.308,51.121,95.868,9.6352,62.962,39.164,20.341,2920.9,63.193,25.244,100.06,0.22088,8.7598,35.415,120.38,1.3984,74.547,38.11,1.4544,54.391,3.3942,461.24,0.025913,1.0373,67.416,18.646,42.993
243,2026-04-27T11:06:00,49.507,100.0,26.848,21.877,35.792,3000.0,3622.6,26.317,17.711,-0.025402,0.0,0.098189,310.29,72.916,6.9317,13.235,25.039,4302.7,22.049,45.394,50.361,72.832,1.9812,1.4999,3441.8,42.308,51.121,95.868,9.6352,63.019,39.164,20.341,2920.9,63.193,25.244,100.06,0.22088,8.7598,35.415,120.38,1.3984,74.547,38.11,1.4544,54.391,3.3942,461.24,0.025913,1.0373,67.416,18.646,42.993
244,2026-04-27T11:09:00,49.507,100.0,26.848,21.779,35.517,3000.0,3622.6,26.465,18.535,-0.025402,0.0,0.098189,310.29,72.916,6.8166,13.637,24.925,4302.7,22.049,45.394,50.361,72.832,1.9359,1.5078,3441.8,42.308,52.401,95.868,9.6352,63.076,39.164,14.385,2920.9,61.634,25.244,100.06,0.22088,8.6075,35.513,120.38,1.2577,74.547,37.926,1.5761,54.391,3.4495,461.24,0.025913,1.0373,67.416,18.758,42.993
245,2026-04-27T11:12:00,49.507,100.0,26.848,21.779,35.231,3000.0,3622.6,26.613,18.535,-0.025402,0.0,0.098189,310.29,72.916,6.8166,13.637,24.925,4302.7,22.049,45.394,50.361,72.832,1.9359,1.5078,3441.8,42.308,52.401,95.868,9.6352,63.133,39.164,14.385,2920.9,61.634,25.244,100.06,0.22088,8.6075,35.513,120.38,1.2577,74.547,37.926,1.5761,54.391,3.4495,461.24,0.025913,1.0373,67.416,18.758,42.993
246,2026-04-27T11:15:00,49.507,100.0,26.848,21.989,34.934,3000.0,3622.6,26.76,18.247,-0.025402,0.0,0.098189,310.29,72.916,6.8876,13.522,25.047,4302.7,22.049,45.394,50.361,72.832,1.9754,1.5001,3441.8,42.308,52.138,95.868,9.6352,63.19,39.164,24.563,2920.9,62.651,25.244,100.06,0.22088,8.5983,35.755,120.38,1.2936,74.547,38.354,1.5795,54.391,3.5221,461.24,0.025913,1.0373,67.416,19.308,42.993
247,2026-04-27T11:18:00,49.507,100.0,26.848,21.989,34.626,3000.0,3622.6,26.908,18.247,-0.025402,0.0,0.10543,310.29,72.916,6.8876,13.522,25.047,4302.7,22.049,45.394,50.361,72.832,1.9754,1.5001,3441.8,42.308,52.138,95.868,9.6352,63.247,39.164,24.563,2920.9,62.651,25.244,100.07,0.22088,8.5983,35.755,120.38,1.2936,74.547,38.354,1.5795,54.235,3.5221,461.24,0.032268,1.0204,67.416,19.308,42.558
248,2026-04-27T11:21:00,49.507,100.0,26.848,21.979,34.307,3000.0,3622.6,27.056,18.666,-0.025402,0.0,0.10543,310.29,72.916,6.8052,13.463,24.682,4302.7,22.049,45.394,50.361,72.832,2.0014,1.5346,3441.8,42.308,50.744,95.868,9.6352,63.305,39.164,21.129,2920.9,62.056,25.244,100.07,0.22088,8.6442,35.278,120.38,1.4288,74.547,38.342,1.5326,54.235,3.5396,461.24,0.032268,1.0204,67.416,18.619,42.558
249,2026-04-27T11:24:00,49.507,100.0,26.848,21.979,33.976,3000.0,3622.6,27.203,18.666,-0.025402,0.0,0.10543,310.29,72.916,6.8052,13.463,24.682,4302.7,22.049,45.394,50.361,72.832,2.0014,1.5346,3441.8,42.308,50.744,95.868,9.6352,63.362,39.164,21.129,2920.9,62.056,25.244,100.07,0.22088,8.6442,35.278,120.38,1.4288,74.547,38.342,1.5326,54.235,3.5396,461.24,0.032268,1.0204,67.416,18.619,42.558
290,2026-04-27T13:27:00,49.507,100.0,26.848,21.396,10.95,3000.0,3622.6,33.258,18.041,-0.025402,0.0,0.11914,310.29,72.916,6.9034,13.514,24.619,4302.7,22.049,45.394,50.361,72.832,1.9833,1.5046,3441.8,42.308,53.121,95.868,9.6352,65.705,39.164,6.9031,2920.9,63.54,25.244,100.09,0.22088,8.8729,35.715,120.38,1.5488,74.547,37.501,1.555,53.404,3.3925,461.24,0.026128,1.0426,67.416,18.144,43.322
291,2026-04-27T13:30:00,49.507,100.0,26.848,21.396,10.157,3000.0,3622.6,33.406,18.041,-0.025402,0.0,0.11914,310.29,72.916,6.9034,13.514,24.619,4302.7,22.049,45.394,50.361,72.832,1.9833,1.5046,3441.8,42.308,53.121,95.868,9.6352,65.762,39.164,6.9031,2920.9,63.54,25.244,100.09,0.22088,8.8729,35.715,120.38,1.5488,74.547,37.501,1.555,53.404,3.3925,461.24,0.026128,1.0426,67.416,18.144,43.322
292,2026-04-27T13:33:00,49.507,100.0,26.848,21.893,9.353,3000.0,3622.6,33.553,18.151,-0.025402,0.0,0.10114,310.29,72.916,6.9096,13.551,24.602,4302.7,22.049,45.394,50.361,72.832,1.9506,1.4877,3441.8,42.308,53.722,95.868,9.6352,65.819,39.164,9.8861,2920.9,62.201,25.244,100.09,0.22088,8.6017,35.241,120.38,1.3928,74.547,37.947,1.5671,54.388,3.485,461.24,0.022909,1.034,67.416,18.918,43.079
293,2026-04-27T13:36:00,49.507,100.0,26.848,21.893,8.5379,3000.0,3622.6,33.701,18.151,-0.025402,0.0,0.10114,310.29,72.916,6.9096,13.551,24.602,4302.7,22.049,45.394,50.361,72.832,1.9506,1.4877,3441.8,42.308,53.722,95.868,9.6352,65.877,39.164,9.8861,2920.9,62.201,25.244,100.09,0.22088,8.6017,35.241,120.38,1.3928,74.547,37.947,1.5671,54.388,3.485,461.24,0.022909,1.034,67.416,18.918,43.079
294,2026-04-27T13:39:00,49.507,100.0,26.848,21.774,7.7118,3000.0,3622.6,33.849,18.551,-0.025402,0.0,0.10114,310.29,72.916,6.9974,13.549,24.879,4302.7,22.049,45.394,50.361,72.832,1.9753,1.469,3441.8,42.308,51.863,95.868,9.6352,65.934,39.164,10.458,2920.9,62.124,25.244,100.09,0.22088,8.7072,35.768,120.38,1.3844,74.547,37.708,1.5263,54.388,3.4302,461.24,0.022909,1.034,67.416,19.271,43.079
295,2026-04-27T13:42:00,49.507,100.0,26.848,21.774,6.8748,3000.0,3622.6,33.997,18.551,-0.025402,0.0,0.10114,310.29,72.916,6.9974,13.549,24.879,4302.7,22.049,45.394,50.361,72.832,1.9753,1.469,3441.8,42.308,51.863,95.868,9.6352,65.991,39.164,10.458,2920.9,62.124,25.244,100.09,0.22088,8.7072,35.768,120.38,1.3844,74.547,37.708,1.5263,54.388,3.4302,461.24,0.022909,1.034,67.416,19.271,43.079
296,2026-04-27T13:45:00,49.507,100.0,26.848,21.886,6.0266,3000.0,3622.6,34.144,18.019,-0.025402,0.0,0.10114,310.29,72.916,6.8456,13.515,24.668,4302.7,22.049,45.394,50.361,72.832,1.9928,1.504,3441.8,42.308,50.945,95.868,9.6352,66.048,39.164,9.9955,2920.9,61.286,25.244,100.09,0.22088,8.5729,35.428,120.38,1.4064,74.547,38.401,1.5473,54.388,3.4536,461.24,0.022909,1.034,67.416,18.733,43.079
297,2026-04-27T13:48:00,49.507,100.0,26.848,21.886,5.1675,3000.0,3622.6,34.292,18.019,-0.025402,0.0,0.095268,310.29,72.916,6.8456,13.515,24.668,4302.7,22.049,45.394,50.361,72.832,1.9928,1.504,3441.8,42.308,50.945,95.868,9.6352,66.105,39.164,9.9955,2920.9,61.286,25.244,100.1,0.22088,8.5729,35.428,120.38,1.4064,74.547,38.401,1.5473,53.534,3.4536,461.24,0.034575,1.0258,67.416,18.733,44.094
298,2026-04-27T13:51:00,49.507,100.0,26.848,21.76,4.2974,3000.0,3622.6,34.44,18.372,-0.025402,0.0,0.095268,310.29,72.916,6.9403,13.59,25.191,4302.7,22.049,45.394,50.361,72.832,1.961,1.5029,3441.8,42.308,52.226,95.868,9.6352,66.162,39.164,8.6646,2920.9,62.581,25.244,100.1,0.22088,8.5009,35.24,120.38,1.309,74.547,38.274,1.5498,53.534,3.4696,461.24,0.034575,1.0258,67.416,19.135,44.094
299,2026-04-27T13:54:00,49.507,100.0,26.848,21.76,3.4162,3000.0,3622.6,34.587,18.372,-0.025402,0.0,0.095268,310.29,72.916,6.9403,13.59,25.191,4302.7,22.049,45.394,50.361,72.832,1.961,1.5029,3441.8,42.308,52.226,95.868,9.6352,66.22,39.164,8.6646,2920.9,62.581,25.244,100.1,0.22088,8.5009,35.24,120.38,1.309,74.547,38.274,1.5498,53.534,3.4696,461.24,0.034575,1.0258,67.416,19.135,44.094
300,2026-04-27T13:57:00,49.507,100.0,26.848,21.779,2.524,3000.0,3622.6,34.735,18.14,-0.025402,0.0,0.095268,310.29,72.916,6.9263,13.447,24.545,4302.7,22.049,45.394,50.361,72.832,1.9836,1.4759,3441.8,42.308,51.214,95.868,9.6352,66.277,39.164,10.275,2920.9,61.739,25.244,100.1,0.22088,8.7215,35.506,120.38,1.238,74.547,37.846,1.5761,53.534,3.4266,461.24,0.034575,1.0258,67.416,19.392,44.094
301,2026-04-27T14:00:00,49.507,100.0,26.848,21.779,1.6208,3000.0,3622.6,34.883,18.14,-0.025402,0.0,0.095268,310.29,72.916,6.9263,13.447,24.545,4302.7,22.049,45.394,50.361,72.832,1.9836,1.4759,3441.8,42.308,51.214,95.868,9.6352,66.334,39.164,10.275,2920.9,61.739,25.244,100.1,0.22088,8.7215,35.506,120.38,1.238,74.547,37.846,1.5761,53.534,3.4266,461.24,0.034575,1.0258,67.416,19.392,44.094
302,2026-04-27T14:03:00,49.507,100.0,26.848,21.496,0.70659,3000.0,3622.6,35.03,18.837,-0.025402,0.0,0.099651,310.29,72.916,6.9858,13.514,24.842,4302.7,22.049,45.394,50.361,72.832,1.9471,1.4627,3441.8,42.308,50.5,95.868,9.6352,66.391,39.164,5.9795,2920.9,61.814,25.244,100.1,0.22088,8.8353,35.251,120.38,1.1648,74.547,37.911,1.4732,54.303,3.4801,461.24,0.0095367,1.0348,67.416,18.939,42.476
303,2026-04-27T14:06:00,49.507,100.0,26.848,21.496,-0.015511,3000.0,3622.6,35.178,18.837,-0.025402,0.0,0.099651,310.29,72.916,6.9858,13.514,24.842,4302.7,22.049,45.394,50.361,72.832,1.9471,1.4627,3441.8,42.308,50.5,95.868,9.6352,66.448,39.164,5.9795,2920.9,61.814,25.244,100.1,0.22088,8.8353,35.251,120.38,1.1648,74.547,37.911,1.4732,54.303,3.4801,461.24,0.0095367,1.0348,67.416,18.939,42.476
304,2026-04-27T14:09:00,49.507,100.0,26.848,21.613,-0.015695,3000.0,3622.6,35.326,18.209,-0.025402,0.0,0.099651,310.29,72.916,6.7587,13.584,25.221,4302.7,22.049,45.394,50.361,72.832,1.9972,1.4674,3441.8,42.308,51.546,95.868,9.6352,66.505,39.164,7.2666,2920.9,61.222,25.244,100.1,0.22088,8.6217,35.431,120.38,1.3425,74.547,38.268,1.6744,54.303,3.5058,461.24,0.0095367,1.0348,67.416,18.642,42.476
305,2026-04-27T14:12:00,49.507,100.0,26.848,21.613,-0.015878,3000.0,3622.6,35.473,18.209,-0.025402,0.0,0.099651,310.29,72.916,6.7587,13.584,25.221,4302.7,22.049,45.394,50.361,72.832,1.9972,1.4674,3441.8,42.308,51.546,95.868,9.6352,66.562,39.164,7.2666,2920.9,61.222,25.244,100.1,0.22088,8.6217,35.431,120.38,1.3425,74.547,38.268,1.6744,54.303,3.5058,461.24,0.0095367,1.0348,67.416,18.642,42.476
306,2026-04-27T14:15:00,49.507,100.0,26.848,21.91,-0.016062,3000.0,3622.6,35.621,18.383,-0.025402,0.0,0.099651,310.29,72.916,6.9431,13.33,24.957,4302.7,22.049,45.394,50.361,72.832,1.9853,1.4854,3441.8,42.308,52.274,95.868,9.6352,66.62,39.164,8.7306,2920.9,63.224,25.244,100.1,0.22088,8.5975,35.34,120.38,1.2502,74.547,37.943,1.5087,54.303,3.523,461.24,0.0095367,1.0348,67.416,18.625,42.476
307,2026-04-27T14:18:00,49.507,100.0,26.848,21.91,-0.016246,3000.0,3622.6,35.769,18.383,-0.025402,0.0,0.1058,310.29,72.916,6.9431,13.33,24.957,4302.7,22.049,45.394,50.361,72.832,1.9853,1.4854,3441.8,42.308,52.274,95.868,9.6352,66.677,39.164,8.7306,2920.9,63.224,25.244,100.1,0.22088,8.5975,35.34,120.38,1.2502,74.547,37.943,1.5087,55.159,3.523,461.24,0.02886,1.0129,67.416,18.625,43.476
308,2026-04-27T14:21:00,49.507,100.0,26.848,21.787,-0.016429,3000.0,3622.6,35.916,18.365,-0.025402,0.0,0.1058,310.29,72.916,6.8561,13.471,24.475,4302.7,22.049,45.394,50.361,72.832,1.9815,1.5149,3441.8,42.308,52.338,95.868,9.6352,66.734,39.164,1.3871,2920.9,61.635,25.244,100.1,0.22088,8.6574,35.721,120.38,1.3541,74.547,38.157,1.6181,55.159,3.4748,461.24,0.02886,1.0129,67.416,18.657,43.476
309,2026-04-27T14:24:00,49.507,100.0,26.848,21.787,-0.016613,3000.0,3622.6,36.064,18.365,-0.025402,0.0,0.1058,310.29,72.916,6.8561,13.471,24.475,4302.7,22.049,45.394,50.361,72.832,1.9815,1.5149,3441.8,42.308,52.338,95.868,9.6352,66.791,39.164,1.3871,2920.9,61.635,25.244,100.1,0.22088,8.6574,35.721,120.38,1.3541,74.547,38.157,1.6181,55.159,3.4748,461.24,0.02886,1.0129,67.416,18.657,43.476
310,2026-04-27T14:27:00,49.507,100.0,26.848,21.084,-0.016797,3000.0,3622.6,36.212,18.395,-0.025402,0.0,0.1058,310.29,72.916,6.7596,13.223,24.311,4302.7,22.049,45.394,50.361,72.832,1.9623,1.4812,3441.8,42.308,52.284,95.868,9.6352,66.848,39.164,4.5376,2920.9,62.382,25.244,100.1,0.22088,8.5551,35.565,120.38,1.3567,74.547,38.123,1.6128,55.159,3.5307,461.24,0.02886,1.0129,67.416,19.062,43.476
311,2026-04-27T14:30:00,49.507,100.0,26.848,21.084,-0.01698,3000.0,3622.6,36.359,18.395,-0.025402,0.0,0.1058,310.29,72.916,6.7596,13.223,24.311,4302.7,22.049,45.394,50.361,72.832,1.9623,1.4812,3441.8,42.308,52.284,95.868,9.6352,66.905,39.164,4.5376,2920.9,62.382,25.244,100.1,0.22088,8.5551,35.565,120.38,1.3567,74.547,38.123,1.6128,55.159,3.5307,461.24,0.02886,1.0129,67.416,19.062,43.476
312,2026-04-27T14:33:00,49.507,100.0,26.848,21.801,-0.017164,3000.0,3622.6,36.507,18.54,-0.025402,0.0,0.1078,310.29,72.916,7.0133,13.497,24.734,4302.7,22.049,45.394,50.361,72.832,1.9188,1.4846,3441.8,42.308,51.275,95.868,9.6352,66.963,39.164,0.0,2920.9,63.298,25.244,100.1,0.22088,8.7017,35.772,120.38,1.1482,74.547,38.181,1.5853,54.206,3.396,461.24,0.01764,1.0206,67.416,18.851,42.061
313,2026-04-27T14:36:00,49.507,100.0,26.848,21.801,-0.017347,3000.0,3622.6,36.655,18.54,-0.025402,0.0,0.1078,310.29,72.916,7.0133,13.497,24.734,4302.7,22.049,45.394,50.361,72.832,1.9188,1.4846,3441.8,42.308,51.275,95.868,9.6352,67.02,39.164,0.0,2920.9,63.298,25.244,100.1,0.22088,8.7017,35.772,120.38,1.1482,74.547,38.181,1.5853,54.206,3.396,461.24,0.01764,1.0206,67.416,18.851,42.061
314,2026-04-27T14:39:00,49.507,100.0,26.848,22.143,-0.017531,3000.0,3622.6,36.802,17.83,-0.025402,0.0,0.1078,310.29,72.916,6.7994,13.299,24.573,4302.7,22.049,45.394,50.361,72.832,1.9355,1.48,3441.8,42.308,51.763,95.868,9.6352,67.077,39.164,6.6597,2920.9,61.068,25.244,100.1,0.22088,8.7094,35.601,120.38,1.3257,74.547,37.832,1.5612,54.206,3.4323,461.24,0.01764,1.0206,67.416,18.852,42.061
315,2026-04-27T14:42:00,49.507,100.0,26.848,22.143,-0.017715,3000.0,3622.6,36.95,17.83,-0.025402,0.0,0.1078,310.29,72.916,6.7994,13.299,24.573,4302.7,22.049,45.394,50.361,72.832,1.9355,1.48,3441.8,42.308,51.763,95.868,9.6352,67.134,39.164,6.6597,2920.9,61.068,25.244,100.1,0.22088,8.7094,35.601,120.38,1.3257,74.547,37.832,1.5612,54.206,3.4323,461.24,0.01764,1.0206,67.416,18.852,42.061
316,2026-04-27T14:45:00,49.507,100.0,26.848,22.064,-0.017898,3000.0,3622.6,37.098,17.286,-0.025402,0.0,0.1078,310.29,72.916,6.7963,13.408,25.026,4302.7,22.049,45.394,50.361,72.832,1.9629,1.4712,3441.8,42.308,51.747,95.868,9.6352,67.191,39.164,0.71603,2920.9,62.922,25.244,100.1,0.22088,8.537,35.602,120.38,1.3073,74.547,38.261,1.5092,54.206,3.4653,461.24,0.01764,1.0206,67.416,18.809,42.061
317,2026-04-27T14:48:00,49.507,100.0,26.848,22.064,-0.018082,3000.0,3622.6,37.245,17.286,-0.025402,0.0,0.095529,310.29,72.916,6.7963,13.408,25.026,4302.7,22.049,45.394,50.361,72.832,1.9629,1.4712,3441.8,42.308,51.747,95.868,9.6352,67.248,39.164,0.71603,2920.9,62.922,25.244,100.1,0.22088,8.537,35.602,120.38,1.3073,74.547,38.261,1.5092,54.643,3.4653,461.24,0.016306,1.0163,67.416,18.809,43.785
318,2026-04-27T14:51:00,49.507,100.0,26.848,21.975,-0.018266,3000.0,3622.6,37.393,18.645,-0.025402,0.0,0.095529,310.29,72.916,6.8047,13.505,25.107,4302.7,22.049,45.394,50.361,72.832,1.9773,1.5189,3441.8,42.308,51.843,95.868,9.6352,67.305,39.164,2.941,2920.9,63.028,25.244,100.1,0.22088,8.6313,35.278,120.38,1.3622,74.547,37.972,1.5429,54.643,3.4879,461.24,0.016306,1.0163,67.416,18.68,43.785
319,2026-04-27T14:54:00,49.507,100.0,26.848,21.975,-0.018449,3000.0,3622.6,37.541,18.645,-0.025402,0.0,0.095529,310.29,72.916,6.8047,13.505,25.107,4302.7,22.049,45.394,50.361,72.832,1.9773,1.5189,3441.8,42.308,51.843,95.868,9.6352,67.363,39.164,2.941,2920.9,63.028,25.244,100.1,0.22088,8.6313,35.278,120.38,1.3622,74.547,37.972,1.5429,54.643,3.4879,461.24,0.016306,1.0163,67.416,18.68,43.785
320,2026-04-27T14:57:00,49.507,100.0,26.848,21.79,-0.018633,3000.0,3622.6,37.688,18.177,-0.025402,0.0,0.095529,310.29,72.916,6.7755,13.509,24.966,4302.7,22.049,45.394,50.361,72.832,1.9627,1.4769,3441.8,42.308,52.165,95.868,9.6352,67.42,39.164,5.0093,2920.9,63.031,25.244,100.1,0.22088,8.4229,35.308,120.38,1.4056,74.547,38.415,1.553,54.643,3.4698,461.24,0.016306,1.0163,67.416,19.082,43.785
321,2026-04-27T15:00:00,49.507,100.0,26.848,21.79,-0.018817,3000.0,3622.6,37.836,18.177,-0.025402,0.0,0.095529,310.29,72.916,6.7755,13.509,24.966,4302.7,22.049,45.394,50.361,72.832,1.9627,1.4769,3441.8,42.308,52.165,95.868,9.6352,67.477,39.164,5.0093,2920.9,63.031,25.244,100.1,0.22088,8.4229,35.308,120.38,1.4056,74.547,38.415,1.553,54.643,3.4698,461.24,0.016306,1.0163,67.416,19.082,43.785
322,2026-04-27T15:03:00,49.507,100.0,26.848,22.009,-0.019,3000.0,3622.6,37.984,18.128,-0.025402,0.0,0.091175,310.29,72.916,6.7788,13.505,24.554,4302.7,22.049,45.394,50.361,72.832,1.9258,1.5018,3441.8,42.308,51.162,95.868,9.6352,67.534,39.164,4.6356,2920.9,63.374,25.244,100.1,0.22088,8.8098,35.626,120.38,1.1961,74.547,37.909,1.5173,54.385,3.3926,461.24,0.019324,1.0451,67.416,18.624,43.292
323,2026-04-27T15:06:00,49.507,100.0,26.848,22.009,-0.019184,3000.0,3622.6,38.131,18.128,-0.025402,0.0,0.091175,310.29,72.916,6.7788,13.505,24.554,4302.7,22.049,45.394,50.361,72.832,1.9258,1.5018,3441.8,42.308,51.162,95.868,9.6352,67.591,39.164,4.6356,2920.9,63.374,25.244,100.1,0.22088,8.8098,35.626,120.38,1.1961,74.547,37.909,1.5173,54.385,3.3926,461.24,0.019324,1.0451,67.416,18.624,43.292
324,2026-04-27T15:09:00,49.507,100.0,26.848,21.626,-0.019368,3000.0,3622.6,38.279,18.65,-0.025402,0.0,0.091175,310.29,72.916,6.7461,13.33,24.82,4302.7,22.049,45.394,50.361,72.832,1.9732,1.4719,3441.8,42.308,52.273,95.868,9.6352,67.648,39.164,4.0756,2920.9,63.444,25.244,100.1,0.22088,8.6302,35.629,120.38,1.4063,74.547,37.854,1.5467,54.385,3.4619,461.24,0.019324,1.0451,67.416,19.27,43.292
325,2026-04-27T15:12:00,49.507,100.0,26.848,21.626,-0.019551,3000.0,3622.6,38.427,18.65,-0.025402,0.0,0.091175,310.29,72.916,6.7461,13.33,24.82,4302.7,22.049,45.394,50.361,72.832,1.9732,1.4719,3441.8,42.308,52.273,95.868,9.6352,67.706,39.164,4.0756,2920.9,63.444,25.244,100.1,0.22088,8.6302,35.629,120.38,1.4063,74.547,37.854,1.5467,54.385,3.4619,461.24,0.019324,1.0451,67.416,19.27,43.292
326,2026-04-27T15:15:00,49.507,100.0,26.848,22.213,-0.019735,3000.0,3622.6,38.574,18.652,-0.025402,0.0,0.091175,310.29,72.916,6.8368,13.341,25.24,4302.7,22.049,45.394,50.361,72.832,1.9556,1.5092,3441.8,42.308,50.658,95.868,9.6352,67.763,39.164,0.0,2920.9,63.844,25.244,100.1,0.22088,8.7938,34.818,120.38,1.253,74.547,38.182,1.6124,54.385,3.4444,461.24,0.019324,1.0451,67.416,19.246,43.292
327,2026-04-27T15:18:00,49.507,100.0,26.848,22.213,-0.019919,3000.0,3622.6,38.722,18.652,-0.025402,0.0,0.11869,310.29,72.916,6.8368,13.341,25.24,4302.7,22.049,45.394,50.361,72.832,1.9556,1.5092,3441.8,42.308,50.658,95.868,9.6352,67.82,39.164,0.0,2920.9,63.844,25.244,100.11,0.22088,8.7938,34.818,120.38,1.253,74.547,38.182,1.6124,55.029,3.4444,461.24,0.030836,1.0327,67.416,19.246,42.419
328,2026-04-27T15:21:00,49.507,100.0,26.848,22.331,-0.020102,3000.0,3622.6,38.87,18.277,-0.025402,0.0,0.11869,310.29,72.916,6.9954,13.53,25.21,4302.7,22.049,45.394,50.361,72.832,1.9597,1.4981,3441.8,42.308,50.636,95.868,9.6352,67.877,39.164,0.0,2920.9,63.133,25.244,100.11,0.22088,8.6819,35.858,120.38,1.4055,74.547,38.235,1.5805,55.029,3.4806,461.24,0.030836,1.0327,67.416,19.173,42.419
329,2026-04-27T15:24:00,49.507,100.0,26.848,22.331,-0.020286,3000.0,3622.6,39.018,18.277,-0.025402,0.0,0.11869,310.29,72.916,6.9954,13.53,25.21,4302.7,22.049,45.394,50.361,72.832,1.9597,1.4981,3441.8,42.308,50.636,95.868,9.6352,67.934,39.164,0.0,2920.9,63.133,25.244,100.11,0.22088,8.6819,35.858,120.38,1.4055,74.547,38.235,1.5805,55.029,3.4806,461.24,0.030836,1.0327,67.416,19.173,42.419
330,2026-04-27T15:27:00,49.507,100.0,26.848,21.697,-0.02047,3000.0,3622.6,39.165,18.263,-0.025402,0.0,0.11869,310.29,72.916,6.832,13.453,24.848,4302.7,22.049,45.394,50.361,72.832,1.9306,1.5443,3441.8,42.308,50.742,95.868,9.6352,67.991,39.164,4.5068,2920.9,61.71,25.244,100.11,0.22088,8.5172,35.143,120.38,1.3466,74.547,38.244,1.4514,55.029,3.4989,461.24,0.030836,1.0327,67.416,18.812,42.419
331,2026-04-27T15:30:00,49.507,100.0,26.848,21.697,-0.020653,3000.0,3622.6,39.313,18.263,-0.025402,0.0,0.11869,310.29,72.916,6.832,13.453,24.848,4302.7,22.049,45.394,50.361,72.832,1.9306,1.5443,3441.8,42.308,50.742,95.868,9.6352,68.049,39.164,4.5068,2920.9,61.71,25.244,100.11,0.22088,8.5172,35.143,120.38,1.3466,74.547,38.244,1.4514,55.029,3.4989,461.24,0.030836,1.0327,67.416,18.812,42.419
332,2026-04-27T15:33:00,49.507,100.0,26.848,21.785,-0.020837,3000.0,3622.6,39.461,18.291,-0.025402,0.0,0.10653,310.29,72.916,6.9043,13.425,24.618,4302.7,22.049,45.394,50.361,72.832,1.9884,1.4688,3441.8,42.308,51.592,95.868,9.6352,68.106,39.164,1.9358,2920.9,63.114,25.244,100.11,0.22088,8.7223,35.359,120.38,1.3333,74.547,38.211,1.4994,54.848,3.473,461.24,0.019413,1.0111,67.416,19.1,42.1
333,2026-04-27T15:36:00,49.507,100.0,26.848,21.785,-0.02102,3000.0,3622.6,39.608,18.291,-0.025402,0.0,0.10653,310.29,72.916,6.9043,13.425,24.618,4302.7,22.049,45.394,50.361,72.832,1.9884,1.4688,3441.8,42.308,51.592,95.868,9.6352,68.163,39.164,1.9358,2920.9,63.114,25.244,100.11,0.22088,8.7223,35.359,120.38,1.3333,74.547,38.211,1.4994,54.848,3.473,461.24,0.019413,1.0111,67.416,19.1,42.1
334,2026-04-27T15:39:00,49.507,100.0,26.848,21.584,-0.021204,3000.0,3622.6,39.756,18.392,-0.025402,0.0,0.10653,310.29,72.916,6.8556,13.475,24.563,4302.7,22.049,45.394,50.361,72.832,1.9637,1.4765,3441.8,42.308,50.854,95.868,9.6352,68.22,39.164,0.63338,2920.9,62.492,25.244,100.11,0.22088,8.7698,35.743,120.38,1.1732,74.547,37.676,1.6013,54.848,3.419,461.24,0.019413,1.0111,67.416,19.099,42.1
335,2026-04-27T15:42:00,49.507,100.0,26.848,21.584,-0.021388,3000.0,3622.6,39.904,18.392,-0.025402,0.0,0.10653,310.29,72.916,6.8556,13.475,24.563,4302.7,22.049,45.394,50.361,72.832,1.9637,1.4765,3441.8,42.308,50.854,95.868,9.6352,68.277,39.164,0.63338,2920.9,62.492,25.244,100.11,0.22088,8.7698,35.743,120.38,1.1732,74.547,37.676,1.6013,54.848,3.419,461.24,0.019413,1.0111,67.416,19.099,42.1
336,2026-04-27T15:45:00,49.507,100.0,26.848,22.111,-0.021571,3000.0,3622.6,40.051,18.061,-0.025402,0.0,0.10653,310.29,72.916,6.7958,13.503,24.272,4302.7,22.049,45.394,50.361,72.832,1.9472,1.4948,3441.8,42.308,50.802,95.868,9.6352,68.334,39.164,1.421,2920.9,62.921,25.244,100.11,0.22088,8.5991,35.262,120.38,1.3047,74.547,37.905,1.5569,54.848,3.4704,461.24,0.019413,1.0111,67.416,18.567,42.1
337,2026-04-27T15:48:00,49.507,100.0,26.848,22.111,-0.021755,3000.0,3622.6,40.199,18.061,-0.025402,0.0,0.12389,310.29,72.916,6.7958,13.503,24.272,4302.7,22.049,45.394,50.361,72.832,1.9472,1.4948,3441.8,42.308,50.802,95.868,9.6352,68.391,39.164,1.421,2920.9,62.921,25.244,100.11,0.22088,8.5991,35.262,120.38,1.3047,74.547,37.905,1.5569,54.69,3.4704,461.24,0.017433,1.0354,67.416,18.567,42.335
338,2026-04-27T15:51:00,49.507,100.0,26.848,22.134,-0.021939,3000.0,3622.6,40.347,18.209,-0.025402,0.0,0.12389,310.29,72.916,6.7423,13.274,24.485,4302.7,22.049,45.394,50.361,72.832,1.9488,1.4912,3441.8,42.308,52.098,95.868,9.6352,68.449,39.164,1.6779,2920.9,63.499,25.244,100.11,0.22088,8.7385,34.901,120.38,1.4734,74.547,38.076,1.5893,54.69,3.5258,461.24,0.017433,1.0354,67.416,19.093,42.335
339,2026-04-27T15:54:00,49.507,100.0,26.848,22.134,-0.022122,3000.0,3622.6,40.494,18.209,-0.025402,0.0,0.12389,310.29,72.916,6.7423,13.274,24.485,4302.7,22.049,45.394,50.361,72.832,1.9488,1.4912,3441.8,42.308,52.098,95.868,9.6352,68.506,39.164,1.6779,2920.9,63.499,25.244,100.11,0.22088,8.7385,34.901,120.38,1.4734,74.547,38.076,1.5893,54.69,3.5258,461.24,0.017433,1.0354,67.416,19.093,42.335
340,2026-04-27T15:57:00,49.507,100.0,26.848,22.121,-0.022306,3000.0,3622.6,40.642,18.386,-0.025402,0.0,0.12389,310.29,72.916,7.0122,13.567,24.459,4302.7,22.049,45.394,50.361,72.832,1.9509,1.4826,3441.8,42.308,50.799,95.868,9.6352,68.563,39.164,0.0,2920.9,64.075,25.244,100.11,0.22088,8.5998,35.225,120.38,1.4494,74.547,38.354,1.6203,54.69,3.479,461.24,0.017433,1.0354,67.416,19.248,42.335
341,2026-04-27T16:00:00,49.507,100.0,26.848,22.121,-0.02249,3000.0,3622.6,40.79,18.386,-0.025402,0.0,0.12389,310.29,72.916,7.0122,13.567,24.459,4302.7,22.049,45.394,50.361,72.832,1.9509,1.4826,3441.8,42.308,50.799,95.868,9.6352,68.62,39.164,0.0,2920.9,64.075,25.244,100.11,0.22088,8.5998,35.225,120.38,1.4494,74.547,38.354,1.6203,54.69,3.479,461.24,0.017433,1.0354,67.416,19.248,42.335
342,2026-04-27T16:03:00,49.507,100.0,26.848,21.665,-0.022673,3000.0,3622.6,40.937,17.905,-0.025402,0.0,0.10256,310.29,72.916,6.7896,13.312,24.763,4302.7,22.049,45.394,50.361,72.832,1.9557,1.4292,3441.8,42.308,50.353,95.868,9.6352,68.677,39.164,7.2664,2920.9,61.712,25.244,100.12,0.22088,8.7012,35.675,120.38,1.2875,74.547,38.055,1.5256,54.207,3.4857,461.24,0.021254,1.0328,67.416,19.188,43.004
343,2026-04-27T16:06:00,49.507,100.0,26.848,21.665,-0.022857,3000.0,3622.6,41.085,17.905,-0.025402,0.0,0.10256,310.29,72.916,6.7896,13.312,24.763,4302.7,22.049,45.394,50.361,72.832,1.9557,1.4292,3441.8,42.308,50.353,95.868,9.6352,68.734,39.164,7.2664,2920.9,61.712,25.244,100.12,0.22088,8.7012,35.675,120.38,1.2875,74.547,38.055,1.5256,54.207,3.4857,461.24,0.021254,1.0328,67.416,19.188,43.004
344,2026-04-27T16:09:00,49.507,100.0,26.848,22.081,-0.023041,3000.0,3622.6,41.233,18.512,-0.025402,0.0,0.10256,310.29,72.916,6.9012,13.584,24.582,4302.7,22.049,45.394,50.361,72.832,1.9495,1.5316,3441.8,42.308,50.425,95.868,9.6352,68.792,39.164,0.0,2920.9,63.647,25.244,100.12,0.22088,8.6567,35.774,120.38,1.2072,74.547,37.867,1.4558,54.207,3.4816,461.24,0.021254,1.0328,67.416,18.926,43.004
345,2026-04-27T16:12:00,49.507,100.0,26.848,22.081,-0.023224,3000.0,3622.6,41.38,18.512,-0.025402,0.0,0.10256,310.29,72.916,6.9012,13.584,24.582,4302.7,22.049,45.394,50.361,72.832,1.9495,1.5316,3441.8,42.308,50.425,95.868,9.6352,68.849,39.164,0.0,2920.9,63.647,25.244,100.12,0.22088,8.6567,35.774,120.38,1.2072,74.547,37.867,1.4558,54.207,3.4816,461.24,0.021254,1.0328,67.416,18.926,43.004
346,2026-04-27T16:15:00,49.507,100.0,26.848,22.127,-0.023408,3000.0,3622.6,41.528,17.717,-0.025402,0.0,0.10256,310.29,72.916,6.9041,13.569,24.679,4302.7,22.049,45.394,50.361,72.832,1.9631,1.4625,3441.8,42.308,51.019,95.868,9.6352,68.906,39.164,6.7191,2920.9,62.703,25.244,100.12,0.22088,8.5435,35.1,120.38,1.3072,74.547,38.087,1.6108,54.207,3.5188,461.24,0.021254,1.0328,67.416,19.111,43.004
347,2026-04-27T16:18:00,49.507,100.0,26.848,22.127,-0.023592,3000.0,3622.6,41.676,17.717,-0.025402,0.0,0.12235,310.29,72.916,6.9041,13.569,24.679,4302.7,22.049,45.394,50.361,72.832,1.9631,1.4625,3441.8,42.308,51.019,95.868,9.6352,68.963,39.164,6.7191,2920.9,62.703,25.244,100.12,0.22088,8.5435,35.1,120.38,1.3072,74.547,38.087,1.6108,54.979,3.5188,461.24,0.0071035,1.0329,67.416,19.111,43.78
348,2026-04-27T16:21:00,49.507,100.0,26.848,21.946,-0.023775,3000.0,3622.6,41.823,18.271,-0.025402,0.0,0.12235,310.29,72.916,6.8264,13.558,24.456,4302.7,22.049,45.394,50.361,72.832,1.9159,1.5262,3441.8,42.308,50.525,95.868,9.6352,69.02,39.164,5.9626,2920.9,62.657,25.244,100.12,0.22088,8.63,35.638,120.38,1.1419,74.547,38.076,1.5313,54.979,3.3694,461.24,0.0071035,1.0329,67.416,18.682,43.78
349,2026-04-27T16:24:00,49.507,100.0,26.848,21.946,-0.023959,3000.0,3622.6,41.971,18.271,-0.025402,0.0,0.12235,310.29,72.916,6.8264,13.558,24.456,4302.7,22.049,45.394,50.361,72.832,1.9159,1.5262,3441.8,42.308,50.525,95.868,9.6352,69.077,39.164,5.9626,2920.9,62.657,25.244,100.12,0.22088,8.63,35.638,120.38,1.1419,74.547,38.076,1.5313,54.979,3.3694,461.24,0.0071035,1.0329,67.416,18.682,43.78
350,2026-04-27T16:27:00,49.507,100.0,26.848,21.791,-0.024142,3000.0,3622.6,42.119,18.648,-0.025402,0.0,0.12235,310.29,72.916,6.8692,13.379,25.248,4302.7,22.049,45.394,50.361,72.832,1.9313,1.5093,3441.8,42.308,51.557,95.868,9.6352,69.134,39.164,5.2666,2920.9,63.355,25.244,100.12,0.22088,8.8675,35.65,120.38,1.2681,74.547,38.361,1.5532,54.979,3.4764,461.24,0.0071035,1.0329,67.416,19.074,43.78
351,2026-04-27T16:30:00,49.507,100.0,26.848,21.791,-0.024326,3000.0,3622.6,42.266,18.648,-0.025402,0.0,0.12235,310.29,72.916,6.8692,13.379,25.248,4302.7,22.049,45.394,50.361,72.832,1.9313,1.5093,3441.8,42.308,51.557,95.868,9.6352,69.192,39.164,5.2666,2920.9,63.355,25.244,100.12,0.22088,8.8675,35.65,120.38,1.2681,74.547,38.361,1.5532,54.979,3.4764,461.24,0.0071035,1.0329,67.416,19.074,43.78
352,2026-04-27T16:33:00,49.507,99.938,26.848,21.845,-0.02451,3000.0,3622.6,42.414,18.615,-0.025402,0.0,0.09937,310.29,72.916,6.6915,13.291,24.619,4302.7,22.049,45.394,50.361,72.832,1.9739,1.4452,3441.8,42.308,50.579,95.868,9.6352,69.249,39.164,0.0,2920.9,63.011,25.244,100.12,0.22088,8.5873,35.361,120.38,1.1959,74.547,38.305,1.5489,54.232,3.408,461.24,0.027371,1.019,67.416,19.271,42.785
353,2026-04-27T16:36:00,49.507,99.938,26.848,21.845,-0.024693,3000.0,3622.6,42.562,18.615,-0.025402,0.0,0.09937,310.29,72.916,6.6915,13.291,24.619,4302.7,22.049,45.394,50.361,72.832,1.9739,1.4452,3441.8,42.308,50.579,95.868,9.6352,69.306,39.164,0.0,2920.9,63.011,25.244,100.12,0.22088,8.5873,35.361,120.38,1.1959,74.547,38.305,1.5489,54.232,3.408,461.24,0.027371,1.019,67.416,19.271,42.785
354,2026-04-27T16:39:00,49.507,100.0,26.848,21.467,-0.024877,3000.0,3622.6,42.709,18.084,-0.025402,0.0,0.09937,310.29,72.916,6.7647,13.529,24.85,4302.7,22.049,45.394,50.361,72.832,1.9678,1.4742,3441.8,42.308,50.027,95.868,9.6352,69.363,39.164,0.0,2920.9,64.667,25.244,100.12,0.22088,8.6154,35.499,120.38,1.2438,74.547,38.164,1.5888,54.232,3.5212,461.24,0.027371,1.019,67.416,18.732,42.785
355,2026-04-27T16:42:00,49.507,100.0,26.848,21.467,-0.025061,3000.0,3622.6,42.857,18.084,-0.025402,0.0,0.09937,310.29,72.916,6.7647,13.529,24.85,4302.7,22.049,45.394,50.361,72.832,1.9678,1.4742,3441.8,42.308,50.027,95.868,9.6352,69.42,39.164,0.0,2920.9,64.667,25.244,100.12,0.22088,8.6154,35.499,120.38,1.2438,74.547,38.164,1.5888,54.232,3.5212,461.24,0.027371,1.019,67.416,18.732,42.785
356,2026-04-27T16:45:00,49.507,100.0,26.848,22.152,-0.025244,3000.0,3622.6,43.005,18.411,-0.025402,0.0,0.09937,310.29,72.916,6.9498,13.757,24.863,4302.7,22.049,45.394,50.361,72.832,1.9428,1.5025,3441.8,42.308,51.314,95.868,9.6352,69.477,39.164,5.7758,2920.9,64.169,25.244,100.12,0.22088,8.856,35.385,120.38,1.3498,74.547,37.788,1.5073,54.232,3.4246,461.24,0.027371,1.019,67.416,18.454,42.785
357,2026-04-27T16:48:00,49.507,100.0,26.848,22.152,-0.025428,3000.0,3622.6,43.152,18.411,-0.025402,0.0,0.1062,310.29,72.916,6.9498,13.757,24.863,4302.7,22.049,45.394,50.361,72.832,1.9428,1.5025,3441.8,42.308,51.314,95.868,9.6352,69.535,39.164,5.7758,2920.9,64.169,25.244,100.12,0.22088,8.856,35.385,120.38,1.3498,74.547,37.788,1.5073,53.7,3.4246,461.24,0.034539,1.0351,67.416,18.454,42.071
358,2026-04-27T16:51:00,49.507,100.0,26.848,21.627,-0.025612,3000.0,3622.6,43.3,18.127,-0.025402,0.0,0.1062,310.29,72.916,6.973,13.288,24.928,4302.7,22.049,45.394,50.361,72.832,1.9399,1.5219,3441.8,42.308,52.027,95.868,9.6352,69.592,39.164,11.61,2920.9,62.57,25.244,100.12,0.22088,8.6173,35.804,120.38,1.3652,74.547,38.25,1.5232,53.7,3.4066,461.24,0.034539,1.0351,67.416,19.348,42.071
359,2026-04-27T16:54:00,49.507,100.0,26.848,21.627,-0.025795,3000.0,3622.6,43.448,18.127,-0.025402,0.0,0.1062,310.29,72.916,6.973,13.288,24.928,4302.7,22.049,45.394,50.361,72.832,1.9399,1.5219,3441.8,42.308,52.027,95.868,9.6352,69.649,39.164,11.61,2920.9,62.57,25.244,100.12,0.22088,8.6173,35.804,120.38,1.3652,74.547,38.25,1.5232,53.7,3.4066,461.24,0.034539,1.0351,67.416,19.348,42.071
360,2026-04-27T16:57:00,49.507,100.0,26.848,22.189,-0.025979,3000.0,3622.6,43.595,18.133,-0.025402,0.0,0.1062,310.29,72.916,6.8497,13.511,24.918,4302.7,22.049,45.394,50.361,72.832,1.9078,1.501,3441.8,42.308,49.811,95.868,9.6352,69.706,39.164,0.0,2920.9,62.291,25.244,100.12,0.22088,8.7785,36.007,120.38,1.1967,74.547,38.293,1.5565,53.7,3.3473,461.24,0.034539,1.0351,67.416,18.642,42.071
361,2026-04-27T17:00:00,49.507,100.0,26.848,22.189,-0.026163,3000.0,3622.6,43.743,18.133,-0.025402,0.0,0.1062,310.29,72.916,6.8497,13.511,24.918,4302.7,22.049,45.394,50.361,72.832,1.9078,1.501,3441.8,42.308,49.811,95.868,9.6352,69.763,39.164,0.0,2920.9,62.291,25.244,100.12,0.22088,8.7785,36.007,120.38,1.1967,74.547,38.293,1.5565,53.7,3.3473,461.24,0.034539,1.0351,67.416,18.642,42.071
362,2026-04-27T17:03:00,49.507,100.0,26.848,21.773,-0.026346,3000.0,3622.6,43.891,18.067,-0.025402,0.0,0.10602,310.29,72.916,6.7138,13.574,24.89,4302.7,22.049,45.394,50.361,72.832,1.9873,1.4704,3441.8,42.308,51.508,95.868,9.6352,69.82,39.164,5.3426,2920.9,63.345,25.244,100.13,0.22088,8.5739,35.545,120.38,1.2767,74.547,38.368,1.5056,54.665,3.495,461.24,0.016434,1.0311,67.416,19.103,42.222
363,2026-04-27T17:06:00,49.507,100.0,26.848,21.773,-0.02653,3000.0,3622.6,44.039,18.067,-0.025402,0.0,0.10602,310.29,72.916,6.7138,13.574,24.89,4302.7,22.049,45.394,50.361,72.832,1.9873,1.4704,3441.8,42.308,51.508,95.868,9.6352,69.878,39.164,5.3426,2920.9,63.345,25.244,100.13,0.22088,8.5739,35.545,120.38,1.2767,74.547,38.368,1.5056,54.665,3.495,461.24,0.016434,1.0311,67.416,19.103,42.222
364,2026-04-27T17:09:00,49.507,100.0,26.848,21.89,-0.026714,3000.0,3622.6,44.186,18.237,-0.025402,0.0,0.10602,310.29,72.916,6.9813,13.398,24.623,4302.7,22.049,45.394,50.361,72.832,1.995,1.4742,3441.8,42.308,50.36,95.868,9.6352,69.935,39.164,6.6204,2920.9,64.631,25.244,100.13,0.22088,8.5405,35.102,120.38,1.2346,74.547,38.042,1.5091,54.665,3.4857,461.24,0.016434,1.0311,67.416,18.63,42.222
365,2026-04-27T17:12:00,49.507,100.0,26.848,21.89,-0.026897,3000.0,3622.6,44.334,18.237,-0.025402,0.0,0.10602,310.29,72.916,6.9813,13.398,24.623,4302.7,22.049,45.394,50.361,72.832,1.995,1.4742,3441.8,42.308,50.36,95.868,9.6352,69.992,39.164,6.6204,2920.9,64.631,25.244,100.13,0.22088,8.5405,35.102,120.38,1.2346,74.547,38.042,1.5091,54.665,3.4857,461.24,0.016434,1.0311,67.416,18.63,42.222
366,2026-04-27T17:15:00,49.507,100.0,26.848,21.74,-0.027081,3000.0,3622.6,44.482,18.367,-0.025402,0.0,0.10602,310.29,72.916,6.9712,13.332,24.359,4302.7,22.049,45.394,50.361,72.832,1.938,1.4408,3441.8,42.308,51.505,95.868,9.6352,70.049,39.164,1.4131,2920.9,62.318,25.244,100.13,0.22088,8.7246,35.495,120.38,1.1967,74.547,38.544,1.526,54.665,3.455,461.24,0.016434,1.0311,67.416,18.315,42.222
367,2026-04-27T17:18:00,49.507,100.0,26.848,21.74,-0.027265,3000.0,3622.6,44.629,18.367,-0.025402,0.0,0.096806,310.29,72.916,6.9712,13.332,24.359,4302.7,22.049,45.394,50.361,72.832,1.938,1.4408,3441.8,42.308,51.505,95.868,9.6352,70.106,39.164,1.4131,2920.9,62.318,25.244,100.13,0.22088,8.7246,35.495,120.38,1.1967,74.547,38.544,1.526,54.76,3.455,461.24,0.021867,1.0379,67.416,18.315,43.547
368,2026-04-27T17:21:00,49.507,100.0,26.848,22.009,-0.027448,3000.0,3622.6,44.777,18.357,-0.025402,0.0,0.096806,310.29,72.916,6.9078,13.713,24.693,4302.7,22.049,45.394,50.361,72.832,1.9709,1.4992,3441.8,42.308,52.33,95.868,9.6352,70.163,39.164,0.0,2920.9,62.317,25.244,100.13,0.22088,8.8501,35.676,120.38,1.4887,74.547,38.374,1.5825,54.76,3.4995,461.24,0.021867,1.0379,67.416,18.525,43.547
369,2026-04-27T17:24:00,49.507,100.0,26.848,22.009,-0.027632,3000.0,3622.6,44.925,18.357,-0.025402,0.0,0.096806,310.29,72.916,6.9078,13.713,24.693,4302.7,22.049,45.394,50.361,72.832,1.9709,1.4992,3441.8,42.308,52.33,95.868,9.6352,70.22,39.164,0.0,2920.9,62.317,25.244,100.13,0.22088,8.8501,35.676,120.38,1.4887,74.547,38.374,1.5825,54.76,3.4995,461.24,0.021867,1.0379,67.416,18.525,43.547
370,2026-04-27T17:27:00,49.507,100.0,26.848,21.488,-0.027815,3000.0,3622.6,45.072,18.294,-0.025402,0.0,0.096806,310.29,72.916,6.9207,13.642,24.827,4302.7,22.049,45.394,50.361,72.832,1.9744,1.4979,3441.8,42.308,51.874,95.868,9.6352,70.278,39.164,9.7468,2920.9,62.819,25.244,100.13,0.22088,8.7626,35.295,120.38,1.2503,74.547,38.332,1.4735,54.76,3.5118,461.24,0.021867,1.0379,67.416,18.565,43.547
371,2026-04-27T17:30:00,49.507,100.0,26.848,21.488,-0.027999,3000.0,3622.6,45.22,18.294,-0.025402,0.0,0.096806,310.29,72.916,6.9207,13.642,24.827,4302.7,22.049,45.394,50.361,72.832,1.9744,1.4979,3441.8,42.308,51.874,95.868,9.6352,70.335,39.164,9.7468,2920.9,62.819,25.244,100.13,0.22088,8.7626,35.295,120.38,1.2503,74.547,38.332,1.4735,54.76,3.5118,461.24,0.021867,1.0379,67.416,18.565,43.547
372,2026-04-27T17:33:00,49.507,100.0,26.848,21.928,-0.028183,3000.0,3622.6,45.368,18.739,-0.025402,0.0,0.095705,310.29,72.916,6.8299,13.56,24.84,4302.7,22.049,45.394,50.361,72.832,1.9703,1.485,3441.8,42.308,51.816,95.868,9.6352,70.392,39.164,7.6277,2920.9,62.675,25.244,100.13,0.22088,8.6911,35.206,120.38,1.4103,74.547,37.892,1.5077,54.321,3.4653,461.24,0.018466,1.0278,67.416,18.648,41.987
373,2026-04-27T17:36:00,49.507,100.0,26.848,21.928,-0.028366,3000.0,3622.6,45.515,18.739,-0.025402,0.0,0.095705,310.29,72.916,6.8299,13.56,24.84,4302.7,22.049,45.394,50.361,72.832,1.9703,1.485,3441.8,42.308,51.816,95.868,9.6352,70.449,39.164,7.6277,2920.9,62.675,25.244,100.13,0.22088,8.6911,35.206,120.38,1.4103,74.547,37.892,1.5077,54.321,3.4653,461.24,0.018466,1.0278,67.416,18.648,41.987
374,2026-04-27T17:39:00,49.507,100.0,26.848,21.883,-0.02855,3000.0,3622.6,45.663,18.165,-0.025402,0.0,0.095705,310.29,72.916,6.9052,13.481,25.033,4302.7,22.049,45.394,50.361,72.832,1.9128,1.4347,3441.8,42.308,51.64,95.868,9.6352,70.506,39.164,5.1062,2920.9,63.478,25.244,100.13,0.22088,8.66,35.312,120.38,1.1908,74.547,38.065,1.5777,54.321,3.3566,461.24,0.018466,1.0278,67.416,18.818,41.987
375,2026-04-27T17:42:00,49.507,100.0,26.848,21.883,-0.028734,3000.0,3622.6,45.811,18.165,-0.025402,0.0,0.095705,310.29,72.916,6.9052,13.481,25.033,4302.7,22.049,45.394,50.361,72.832,1.9128,1.4347,3441.8,42.308,51.64,95.868,9.6352,70.563,39.164,5.1062,2920.9,63.478,25.244,100.13,0.22088,8.66,35.312,120.38,1.1908,74.547,38.065,1.5777,54.321,3.3566,461.24,0.018466,1.0278,67.416,18.818,41.987
376,2026-04-27T17:45:00,49.507,100.0,26.848,21.758,-0.028917,3000.0,3622.6,45.958,18.585,-0.025402,0.0,0.095705,310.29,72.916,6.892,13.35,24.925,4302.7,22.049,45.394,50.361,72.832,1.9491,1.4968,3441.8,42.308,51.23,95.868,9.6352,70.621,39.164,2.5594,2920.9,62.831,25.244,100.13,0.22088,8.7727,35.803,120.38,1.2848,74.547,37.831,1.5367,54.321,3.4039,461.24,0.018466,1.0278,67.416,19.109,41.987
377,2026-04-27T17:48:00,49.507,100.0,26.848,21.758,-0.029101,3000.0,3622.6,46.106,18.585,-0.025402,0.0,0.11034,310.29,72.916,6.892,13.35,24.925,4302.7,22.049,45.394,50.361,72.832,1.9491,1.4968,3441.8,42.308,51.23,95.868,9.6352,70.678,39.164,2.5594,2920.9,62.831,25.244,100.13,0.22088,8.7727,35.803,120.38,1.2848,74.547,37.831,1.5367,55.547,3.4039,461.24,0.0091944,1.0362,67.416,19.109,42.172
378,2026-04-27T17:51:00,49.507,100.0,26.848,21.542,-0.029285,3000.0,3622.6,46.254,18.183,-0.025402,0.0,0.11034,310.29,72.916,6.7343,13.588,24.909,4302.7,22.049,45.394,50.361,72.832,1.9685,1.5266,3441.8,42.308,50.484,95.868,9.6352,70.735,39.164,0.0,2920.9,62.931,25.244,100.13,0.22088,8.5664,35.413,120.38,1.421,74.547,38.23,1.5622,55.547,3.4177,461.24,0.0091944,1.0362,67.416,18.485,42.172
379,2026-04-27T17:54:00,49.507,100.0,26.848,21.542,-0.029468,3000.0,3622.6,46.401,18.183,-0.025402,0.0,0.11034,310.29,72.916,6.7343,13.588,24.909,4302.7,22.049,45.394,50.361,72.832,1.9685,1.5266,3441.8,42.308,50.484,95.868,9.6352,70.792,39.164,0.0,2920.9,62.931,25.244,100.13,0.22088,8.5664,35.413,120.38,1.421,74.547,38.23,1.5622,55.547,3.4177,461.24,0.0091944,1.0362,67.416,18.485,42.172
380,2026-04-27T17:57:00,49.507,100.0,26.848,21.971,-0.029652,3000.0,3622.6,46.549,17.812,-0.025402,0.0,0.11034,310.29,72.916,6.8616,13.446,24.967,4302.7,22.049,45.394,50.361,72.832,1.9689,1.4725,3441.8,42.308,52.011,95.868,9.6352,70.849,39.164,5.8406,2920.9,64.38,25.244,100.13,0.22088,8.5196,35.125,120.38,1.5268,74.547,37.78,1.531,55.547,3.4803,461.24,0.0091944,1.0362,67.416,18.902,42.172
381,2026-04-27T18:00:00,49.507,100.0,26.848,21.971,-0.029836,3000.0,3622.6,46.697,17.812,-0.025402,0.0,0.11034,310.29,72.916,6.8616,13.446,24.967,4302.7,22.049,45.394,50.361,72.832,1.9689,1.4725,3441.8,42.308,52.011,95.868,9.6352,70.906,39.164,5.8406,2920.9,64.38,25.244,100.13,0.22088,8.5196,35.125,120.38,1.5268,74.547,37.78,1.531,55.547,3.4803,461.24,0.0091944,1.0362,67.416,18.902,42.172
382,2026-04-27T18:03:00,49.507,100.0,26.848,21.922,-0.030019,3000.0,3622.6,46.844,18.08,-0.025402,0.0,0.10262,310.29,72.916,6.6865,13.519,24.715,4302.7,22.049,45.394,50.361,72.832,1.9636,1.5329,3441.8,42.308,51.002,95.868,9.6352,70.963,39.164,1.5804,2920.9,63.342,25.244,100.14,0.22088,8.8074,35.282,120.38,1.2345,74.547,37.545,1.5178,54.249,3.4277,461.24,0.0036775,1.0281,67.416,19.327,42.745
383,2026-04-27T18:06:00,49.507,100.0,26.848,21.922,-0.030203,3000.0,3622.6,46.992,18.08,-0.025402,0.0,0.10262,310.29,72.916,6.6865,13.519,24.715,4302.7,22.049,45.394,50.361,72.832,1.9636,1.5329,3441.8,42.308,51.002,95.868,9.6352,71.021,39.164,1.5804,2920.9,63.342,25.244,100.14,0.22088,8.8074,35.282,120.38,1.2345,74.547,37.545,1.5178,54.249,3.4277,461.24,0.0036775,1.0281,67.416,19.327,42.745
384,2026-04-27T18:09:00,49.507,100.0,26.848,22.009,-0.030387,3000.0,3622.6,47.14,18.039,-0.025402,0.0,0.10262,310.29,72.916,6.8244,13.429,24.765,4302.7,22.049,45.394,50.361,72.832,1.9474,1.4627,3441.8,42.308,49.903,95.868,9.6352,71.078,39.164,3.0537,2920.9,64.98,25.244,100.14,0.22088,8.6054,35.107,120.38,1.2603,74.547,37.954,1.5451,54.249,3.496,461.24,0.0036775,1.0281,67.416,19.087,42.745
385,2026-04-27T18:12:00,49.507,100.0,26.848,22.009,-0.03057,3000.0,3622.6,47.287,18.039,-0.025402,0.0,0.10262,310.29,72.916,6.8244,13.429,24.765,4302.7,22.049,45.394,50.361,72.832,1.9474,1.4627,3441.8,42.308,49.903,95.868,9.6352,71.135,39.164,3.0537,2920.9,64.98,25.244,100.14,0.22088,8.6054,35.107,120.38,1.2603,74.547,37.954,1.5451,54.249,3.496,461.24,0.0036775,1.0281,67.416,19.087,42.745
386,2026-04-27T18:15:00,49.507,100.0,26.848,21.71,-0.030754,3000.0,3622.6,47.435,18.144,-0.025402,0.0,0.10262,310.29,72.916,6.9312,13.485,25.256,4302.7,22.049,45.394,50.361,72.832,1.9392,1.4867,3441.8,42.308,50.42,95.868,9.6352,71.192,39.164,0.12022,2920.9,63.889,25.244,100.14,0.22088,8.5882,35.21,120.38,1.1838,74.547,38.294,1.5381,54.249,3.4747,461.24,0.0036775,1.0281,67.416,18.705,42.745
387,2026-04-27T18:18:00,49.507,100.0,26.848,21.71,-0.030937,3000.0,3622.6,47.583,18.144,-0.025402,0.0,0.1114,310.29,72.916,6.9312,13.485,25.256,4302.7,22.049,45.394,50.361,72.832,1.9392,1.4867,3441.8,42.308,50.42,95.868,9.6352,71.249,39.164,0.12022,2920.9,63.889,25.244,100.14,0.22088,8.5882,35.21,120.38,1.1838,74.547,38.294,1.5381,54.778,3.4747,461.24,0.036657,1.0428,67.416,18.705,43.299
388,2026-04-27T18:21:00,49.507,100.0,26.848,22.09,-0.031121,3000.0,3622.6,47.73,17.912,-0.025402,0.0,0.1114,310.29,72.916,6.8758,13.467,25.143,4302.7,22.049,45.394,50.361,72.832,1.9945,1.512,3441.8,42.308,51.335,95.868,9.6352,71.306,39.164,1.073,2920.9,62.957,25.244,100.14,0.22088,8.6815,35.452,120.38,1.3161,74.547,38.055,1.5098,54.778,3.3963,461.24,0.036657,1.0428,67.416,18.689,43.299
389,2026-04-27T18:24:00,49.507,100.0,26.848,22.09,-0.031305,3000.0,3622.6,47.878,17.912,-0.025402,0.0,0.1114,310.29,72.916,6.8758,13.467,25.143,4302.7,22.049,45.394,50.361,72.832,1.9945,1.512,3441.8,42.308,51.335,95.868,9.6352,71.364,39.164,1.073,2920.9,62.957,25.244,100.14,0.22088,8.6815,35.452,120.38,1.3161,74.547,38.055,1.5098,54.778,3.3963,461.24,0.036657,1.0428,67.416,18.689,43.299
390,2026-04-27T18:27:00,49.507,100.0,26.848,21.886,-0.031488,3000.0,3622.6,48.026,18.394,-0.025402,0.0,0.1114,310.29,72.916,7.0186,13.423,24.862,4302.7,22.049,45.394,50.361,72.832,1.9045,1.4865,3441.8,42.308,51.389,95.868,9.6352,71.421,39.164,0.081629,2920.9,63.422,25.244,100.14,0.22088,8.6432,35.789,120.38,1.331,74.547,37.959,1.4931,54.778,3.4646,461.24,0.036657,1.0428,67.416,18.203,43.299
391,2026-04-27T18:30:00,49.507,100.0,26.848,21.886,-0.031672,3000.0,3622.6,48.173,18.394,-0.025402,0.0,0.1114,310.29,72.916,7.0186,13.423,24.862,4302.7,22.049,45.394,50.361,72.832,1.9045,1.4865,3441.8,42.308,51.389,95.868,9.6352,71.478,39.164,0.081629,2920.9,63.422,25.244,100.14,0.22088,8.6432,35.789,120.38,1.331,74.547,37.959,1.4931,54.778,3.4646,461.24,0.036657,1.0428,67.416,18.203,43.299
392,2026-04-27T18:33:00,49.507,100.0,26.848,21.862,-0.031856,3000.0,3622.6,48.321,18.826,-0.025402,0.0,0.11239,310.29,72.916,6.8064,13.232,24.465,4302.7,22.049,45.394,50.361,72.832,1.9635,1.4902,3441.8,42.308,52.638,95.868,9.6352,71.535,39.164,0.0,2920.9,62.108,25.244,100.14,0.22088,8.6942,35.403,120.38,1.2837,74.547,38.046,1.5701,55.016,3.4755,461.24,0.023601,1.0469,67.416,18.775,43.549
393,2026-04-27T18:36:00,49.507,100.0,26.848,21.862,-0.032039,3000.0,3622.6,48.469,18.826,-0.025402,0.0,0.11239,310.29,72.916,6.8064,13.232,24.465,4302.7,22.049,45.394,50.361,72.832,1.9635,1.4902,3441.8,42.308,52.638,95.868,9.6352,71.592,39.164,0.0,2920.9,62.108,25.244,100.14,0.22088,8.6942,35.403,120.38,1.2837,74.547,38.046,1.5701,55.016,3.4755,461.24,0.023601,1.0469,67.416,18.775,43.549
394,2026-04-27T18:39:00,49.507,100.0,26.848,21.664,-0.032223,3000.0,3622.6,48.616,18.633,-0.025402,0.0,0.11239,310.29,72.916,6.8906,13.427,24.731,4302.7,22.049,45.394,50.361,72.832,1.9571,1.5012,3441.8,42.308,51.28,95.868,9.6352,71.649,39.164,0.0,2920.9,63.941,25.244,100.14,0.22088,8.6449,35.241,120.38,1.3341,74.547,37.813,1.561,55.016,3.4549,461.24,0.023601,1.0469,67.416,18.592,43.549
395,2026-04-27T18:42:00,49.507,100.0,26.848,21.664,-0.032407,3000.0,3622.6,48.764,18.633,-0.025402,0.0,0.11239,310.29,72.916,6.8906,13.427,24.731,4302.7,22.049,45.394,50.361,72.832,1.9571,1.5012,3441.8,42.308,51.28,95.868,9.6352,71.706,39.164,0.0,2920.9,63.941,25.244,100.14,0.22088,8.6449,35.241,120.38,1.3341,74.547,37.813,1.561,55.016,3.4549,461.24,0.023601,1.0469,67.416,18.592,43.549
396,2026-04-27T18:45:00,49.507,100.0,26.848,21.945,-0.03259,3000.0,3622.6,48.912,18.012,-0.025402,0.0,0.11239,310.29,72.916,6.7013,13.685,24.51,4302.7,22.049,45.394,50.361,72.832,1.9643,1.4962,3441.8,42.308,51.745,95.868,9.6352,71.764,39.164,4.4872,2920.9,63.234,25.244,100.14,0.22088,8.7712,35.497,120.38,1.2207,74.547,37.636,1.5429,55.016,3.417,461.24,0.023601,1.0469,67.416,19.024,43.549
397,2026-04-27T18:48:00,49.507,100.0,26.848,21.945,-0.032774,3000.0,3622.6,49.06,18.012,-0.025402,0.0,0.12182,310.29,72.916,6.7013,13.685,24.51,4302.7,22.049,45.394,50.361,72.832,1.9643,1.4962,3441.8,42.308,51.745,95.868,9.6352,71.821,39.164,4.4872,2920.9,63.234,25.244,100.15,0.22088,8.7712,35.497,120.38,1.2207,74.547,37.636,1.5429,54.913,3.417,461.24,0.020137,1.0296,67.416,19.024,43.103
398,2026-04-27T18:51:00,49.507,100.0,26.848,21.42,-0.032958,3000.0,3622.6,49.207,18.459,-0.025402,0.0,0.12182,310.29,72.916,6.7804,13.605,24.884,4302.7,22.049,45.394,50.361,72.832,1.9547,1.507,3441.8,42.308,50.68,95.868,9.6352,71.878,39.164,10.986,2920.9,64.975,25.244,100.15,0.22088,8.6435,35.311,120.38,1.3911,74.547,38.23,1.4765,54.913,3.497,461.24,0.020137,1.0296,67.416,18.766,43.103
399,2026-04-27T18:54:00,49.507,100.0,26.848,21.42,-0.033141,3000.0,3622.6,49.355,18.459,-0.025402,0.0,0.12182,310.29,72.916,6.7804,13.605,24.884,4302.7,22.049,45.394,50.361,72.832,1.9547,1.507,3441.8,42.308,50.68,95.868,9.6352,71.935,39.164,10.986,2920.9,64.975,25.244,100.15,0.22088,8.6435,35.311,120.38,1.3911,74.547,38.23,1.4765,54.913,3.497,461.24,0.020137,1.0296,67.416,18.766,43.103
400,2026-04-27T18:57:00,49.507,100.0,26.848,21.666,-0.033325,3000.0,3622.6,49.503,18.275,-0.025402,0.0,0.12182,310.29,72.916,6.854,13.435,24.692,4302.7,22.049,45.394,50.361,72.832,1.9362,1.464,3441.8,42.308,51.293,95.868,9.6352,71.992,39.164,8.5835,2920.9,64.415,25.244,100.15,0.22088,8.6603,35.652,120.38,1.2915,74.547,37.726,1.5084,54.913,3.4866,461.24,0.020137,1.0296,67.416,19.011,43.103
401,2026-04-27T19:00:00,49.507,100.0,26.848,21.666,-0.033509,3000.0,3622.6,49.65,18.275,-0.025402,0.0,0.12182,310.29,72.916,6.854,13.435,24.692,4302.7,22.049,45.394,50.361,72.832,1.9362,1.464,3441.8,42.308,51.293,95.868,9.6352,72.049,39.164,8.5835,2920.9,64.415,25.244,100.15,0.22088,8.6603,35.652,120.38,1.2915,74.547,37.726,1.5084,54.913,3.4866,461.24,0.020137,1.0296,67.416,19.011,43.103
402,2026-04-27T19:03:00,49.507,100.0,26.848,21.882,-0.033692,3000.0,3622.6,49.798,18.092,-0.025402,0.0,0.10817,310.29,72.916,6.7715,13.442,24.597,4302.7,22.049,45.394,50.361,72.832,1.9343,1.4955,3441.8,42.308,50.672,95.868,9.6352,72.107,39.164,3.5986,2920.9,63.83,25.244,100.15,0.22088,8.5729,35.502,120.38,1.4477,74.547,38.462,1.6885,54.862,3.4443,461.24,0.017497,1.0432,67.416,19.0,42.601
403,2026-04-27T19:06:00,49.507,100.0,26.848,21.882,-0.033876,3000.0,3622.6,49.946,18.092,-0.025402,0.0,0.10817,310.29,72.916,6.7715,13.442,24.597,4302.7,22.049,45.394,50.361,72.832,1.9343,1.4955,3441.8,42.308,50.672,95.868,9.6352,72.164,39.164,3.5986,2920.9,63.83,25.244,100.15,0.22088,8.5729,35.502,120.38,1.4477,74.547,38.462,1.6885,54.862,3.4443,461.24,0.017497,1.0432,67.416,19.0,42.601
404,2026-04-27T19:09:00,49.507,100.0,26.848,22.092,-0.03406,3000.0,3622.6,50.093,18.143,-0.025402,0.0,0.10817,310.29,72.916,6.7639,13.409,24.726,4302.7,22.049,45.394,50.361,72.832,1.9867,1.5398,3441.8,42.308,50.661,95.868,9.6352,72.221,39.164,3.2233,2920.9,64.62,25.244,100.15,0.22088,8.5803,35.105,120.38,1.5193,74.547,37.954,1.4909,54.862,3.4697,461.24,0.017497,1.0432,67.416,18.983,42.601
405,2026-04-27T19:12:00,49.507,100.0,26.848,22.092,-0.034243,3000.0,3622.6,50.241,18.143,-0.025402,0.0,0.10817,310.29,72.916,6.7639,13.409,24.726,4302.7,22.049,45.394,50.361,72.832,1.9867,1.5398,3441.8,42.308,50.661,95.868,9.6352,72.278,39.164,3.2233,2920.9,64.62,25.244,100.15,0.22088,8.5803,35.105,120.38,1.5193,74.547,37.954,1.4909,54.862,3.4697,461.24,0.017497,1.0432,67.416,18.983,42.601
406,2026-04-27T19:15:00,49.507,100.0,26.848,21.799,-0.034427,3000.0,3622.6,50.389,17.896,-0.025402,0.0,0.10817,310.29,72.916,6.8742,13.43,24.792,4302.7,22.049,45.394,50.361,72.832,1.9265,1.5103,3441.8,42.308,50.666,95.868,9.6352,72.335,39.164,1.7391,2920.9,64.794,25.244,100.15,0.22088,8.5871,35.633,120.38,1.3372,74.547,38.244,1.5532,54.862,3.4681,461.24,0.017497,1.0432,67.416,18.828,42.601
407,2026-04-27T19:18:00,49.507,100.0,26.848,21.799,-0.03461,3000.0,3622.6,50.536,17.896,-0.025402,0.0,0.11173,310.29,72.916,6.8742,13.43,24.792,4302.7,22.049,45.394,50.361,72.832,1.9265,1.5103,3441.8,42.308,50.666,95.868,9.6352,72.392,39.164,1.7391,2920.9,64.794,25.244,100.15,0.22088,8.5871,35.633,120.38,1.3372,74.547,38.244,1.5532,54.777,3.4681,461.24,0.029182,1.0273,67.416,18.828,42.929
408,2026-04-27T19:21:00,49.507,100.0,26.848,21.687,-0.034794,3000.0,3622.6,50.684,18.337,-0.025402,0.0,0.11173,310.29,72.916,6.779,13.381,24.79,4302.7,22.049,45.394,50.361,72.832,1.9655,1.4783,3441.8,42.308,51.026,95.868,9.6352,72.45,39.164,1.6994,2920.9,63.886,25.244,100.15,0.22088,8.5533,35.476,120.38,1.1387,74.547,38.248,1.5149,54.777,3.4432,461.24,0.029182,1.0273,67.416,18.429,42.929
409,2026-04-27T19:24:00,49.507,100.0,26.848,21.687,-0.034978,3000.0,3622.6,50.832,18.337,-0.025402,0.0,0.11173,310.29,72.916,6.779,13.381,24.79,4302.7,22.049,45.394,50.361,72.832,1.9655,1.4783,3441.8,42.308,51.026,95.868,9.6352,72.507,39.164,1.6994,2920.9,63.886,25.244,100.15,0.22088,8.5533,35.476,120.38,1.1387,74.547,38.248,1.5149,54.777,3.4432,461.24,0.029182,1.0273,67.416,18.429,42.929
410,2026-04-27T19:27:00,49.507,100.0,26.848,22.387,-0.035161,3000.0,3622.6,50.979,18.405,-0.025402,0.0,0.11173,310.29,72.916,6.8981,13.658,25.543,4302.7,22.049,45.394,50.361,72.832,1.9347,1.4893,3441.8,42.308,52.028,95.868,9.6352,72.564,39.164,0.0,2920.9,64.773,25.244,100.15,0.22088,8.6171,35.153,120.38,1.2473,74.547,37.743,1.6001,54.777,3.509,461.24,0.029182,1.0273,67.416,18.577,42.929
411,2026-04-27T19:30:00,49.507,100.0,26.848,22.387,-0.035345,3000.0,3622.6,51.127,18.405,-0.025402,0.0,0.11173,310.29,72.916,6.8981,13.658,25.543,4302.7,22.049,45.394,50.361,72.832,1.9347,1.4893,3441.8,42.308,52.028,95.868,9.6352,72.621,39.164,0.0,2920.9,64.773,25.244,100.15,0.22088,8.6171,35.153,120.38,1.2473,74.547,37.743,1.6001,54.777,3.509,461.24,0.029182,1.0273,67.416,18.577,42.929
412,2026-04-27T19:33:00,49.507,100.0,26.848,22.006,-0.035529,3000.0,3622.6,51.275,18.42,-0.025402,0.0,0.11315,310.29,72.916,6.9014,13.564,24.511,4302.7,22.049,45.394,50.361,72.832,1.9779,1.4806,3441.8,42.308,51.712,95.868,9.6352,72.678,39.164,6.9779,2920.9,63.769,25.244,100.15,0.22088,8.7046,35.724,120.38,1.3278,74.547,37.969,1.5949,53.868,3.4037,461.24,0.047213,1.0384,67.416,18.598,42.647
413,2026-04-27T19:36:00,49.507,100.0,26.848,22.006,-0.035712,3000.0,3622.6,51.422,18.42,-0.025402,0.0,0.11315,310.29,72.916,6.9014,13.564,24.511,4302.7,22.049,45.394,50.361,72.832,1.9779,1.4806,3441.8,42.308,51.712,95.868,9.6352,72.735,39.164,6.9779,2920.9,63.769,25.244,100.15,0.22088,8.7046,35.724,120.38,1.3278,74.547,37.969,1.5949,53.868,3.4037,461.24,0.047213,1.0384,67.416,18.598,42.647
414,2026-04-27T19:39:00,49.507,100.0,26.848,21.47,-0.035896,3000.0,3622.6,51.57,18.301,-0.025402,0.0,0.11315,310.29,72.916,6.9991,13.57,25.301,4302.7,22.049,45.394,50.361,72.832,1.9972,1.489,3441.8,42.308,51.693,95.868,9.6352,72.792,39.164,4.1278,2920.9,63.724,25.244,100.15,0.22088,8.5331,35.785,120.38,1.3212,74.547,38.042,1.5184,53.868,3.4366,461.24,0.047213,1.0384,67.416,18.641,42.647
415,2026-04-27T19:42:00,49.507,100.0,26.848,21.47,-0.03608,3000.0,3622.6,51.718,18.301,-0.025402,0.0,0.11315,310.29,72.916,6.9991,13.57,25.301,4302.7,22.049,45.394,50.361,72.832,1.9972,1.489,3441.8,42.308,51.693,95.868,9.6352,72.85,39.164,4.1278,2920.9,63.724,25.244,100.15,0.22088,8.5331,35.785,120.38,1.3212,74.547,38.042,1.5184,53.868,3.4366,461.24,0.047213,1.0384,67.416,18.641,42.647
416,2026-04-27T19:45:00,49.507,99.879,26.848,21.937,-0.036263,3000.0,3622.6,51.865,18.312,-0.025402,0.0,0.11315,310.29,72.916,6.8859,13.413,25.023,4302.7,22.049,45.394,50.361,72.832,1.9174,1.5006,3441.8,42.308,51.614,95.868,9.6352,72.907,39.164,3.9256,2920.9,62.802,25.244,100.15,0.22088,8.6249,35.495,120.38,1.239,74.547,38.015,1.574,53.868,3.3871,461.24,0.047213,1.0384,67.416,18.629,42.647
417,2026-04-27T19:48:00,49.507,99.879,26.848,21.937,-0.036447,3000.0,3622.6,52.013,18.312,-0.025402,0.0,0.13325,310.29,72.916,6.8859,13.413,25.023,4302.7,22.049,45.394,50.361,72.832,1.9174,1.5006,3441.8,42.308,51.614,95.868,9.6352,72.964,39.164,3.9256,2920.9,62.802,25.244,100.16,0.22088,8.6249,35.495,120.38,1.239,74.547,38.015,1.574,54.189,3.3871,461.24,0.017703,1.0439,67.416,18.629,42.951
418,2026-04-27T19:51:00,49.507,100.0,26.848,21.933,-0.036631,3000.0,3622.6,52.161,18.274,-0.025402,0.0,0.13325,310.29,72.916,6.7594,13.56,24.77,4302.7,22.049,45.394,50.361,72.832,1.9741,1.4713,3441.8,42.308,51.666,95.868,9.6352,73.021,39.164,0.0,2920.9,63.738,25.244,100.16,0.22088,8.6215,35.304,120.38,1.3268,74.547,38.245,1.6669,54.189,3.4122,461.24,0.017703,1.0439,67.416,18.211,42.951
419,2026-04-27T19:54:00,49.507,100.0,26.848,21.933,-0.036814,3000.0,3622.6,52.308,18.274,-0.025402,0.0,0.13325,310.29,72.916,6.7594,13.56,24.77,4302.7,22.049,45.394,50.361,72.832,1.9741,1.4713,3441.8,42.308,51.666,95.868,9.6352,73.078,39.164,0.0,2920.9,63.738,25.244,100.16,0.22088,8.6215,35.304,120.38,1.3268,74.547,38.245,1.6669,54.189,3.4122,461.24,0.017703,1.0439,67.416,18.211,42.951
420,2026-04-27T19:57:00,49.507,100.0,26.848,21.556,-0.036998,3000.0,3622.6,52.456,18.508,-0.025402,0.0,0.13325,310.29,72.916,6.9685,13.428,24.439,4302.7,22.049,45.394,50.361,72.832,1.9588,1.4197,3441.8,42.308,52.751,95.868,9.6352,73.135,39.164,3.4417,2920.9,64.904,25.244,100.16,0.22088,8.7292,35.157,120.38,1.1906,74.547,38.239,1.5043,54.189,3.465,461.24,0.017703,1.0439,67.416,18.971,42.951
421,2026-04-27T20:00:00,49.507,100.0,26.848,21.556,-0.037182,3000.0,3622.6,52.604,18.508,-0.025402,0.0,0.13325,310.29,72.916,6.9685,13.428,24.439,4302.7,22.049,45.394,50.361,72.832,1.9588,1.4197,3441.8,42.308,52.751,95.868,9.6352,73.193,39.164,3.4417,2920.9,64.904,25.244,100.16,0.22088,8.7292,35.157,120.38,1.1906,74.547,38.239,1.5043,54.189,3.465,461.24,0.017703,1.0439,67.416,18.971,42.951
422,2026-04-27T20:03:00,49.507,100.0,26.848,22.083,-0.037365,3000.0,3622.6,52.751,17.968,-0.025402,0.0,0.11335,310.29,72.916,6.9598,13.533,24.663,4302.7,22.049,45.394,50.361,72.832,1.9325,1.5174,3441.8,42.308,50.919,95.868,9.6352,73.25,39.164,0.0,2920.9,63.086,25.244,100.16,0.22088,8.6459,35.295,120.38,1.346,74.547,37.816,1.6074,54.057,3.4973,461.24,0.036105,1.031,67.416,18.377,42.824
423,2026-04-27T20:06:00,49.507,100.0,26.848,22.083,-0.037549,3000.0,3622.6,52.899,17.968,-0.025402,0.0,0.11335,310.29,72.916,6.9598,13.533,24.663,4302.7,22.049,45.394,50.361,72.832,1.9325,1.5174,3441.8,42.308,50.919,95.868,9.6352,73.307,39.164,0.0,2920.9,63.086,25.244,100.16,0.22088,8.6459,35.295,120.38,1.346,74.547,37.816,1.6074,54.057,3.4973,461.24,0.036105,1.031,67.416,18.377,42.824
424,2026-04-27T20:09:00,49.507,100.0,26.848,21.403,-0.037732,3000.0,3622.6,53.047,18.621,-0.025402,0.0,0.11335,310.29,72.916,6.8365,13.53,24.868,4302.7,22.049,45.394,50.361,72.832,1.9719,1.4877,3441.8,42.308,52.393,95.868,9.6352,73.364,39.164,2.3023,2920.9,63.086,25.244,100.16,0.22088,8.4658,35.389,120.38,1.3017,74.547,38.165,1.5436,54.057,3.4981,461.24,0.036105,1.031,67.416,18.839,42.824
425,2026-04-27T20:12:00,49.507,100.0,26.848,21.403,-0.037916,3000.0,3622.6,53.194,18.621,-0.025402,0.0,0.11335,310.29,72.916,6.8365,13.53,24.868,4302.7,22.049,45.394,50.361,72.832,1.9719,1.4877,3441.8,42.308,52.393,95.868,9.6352,73.421,39.164,2.3023,2920.9,63.086,25.244,100.16,0.22088,8.4658,35.389,120.38,1.3017,74.547,38.165,1.5436,54.057,3.4981,461.24,0.036105,1.031,67.416,18.839,42.824
426,2026-04-27T20:15:00,49.507,100.0,26.848,22.068,-0.0381,3000.0,3622.6,53.342,17.67,-0.025402,0.0,0.11335,310.29,72.916,6.9305,13.493,24.666,4302.7,22.049,45.394,50.361,72.832,1.9573,1.5345,3441.8,42.308,51.287,95.868,9.6352,73.478,39.164,1.7941,2920.9,64.152,25.244,100.16,0.22088,8.5117,35.596,120.38,1.3866,74.547,37.819,1.5668,54.057,3.5186,461.24,0.036105,1.031,67.416,18.73,42.824
427,2026-04-27T20:18:00,49.507,100.0,26.848,22.068,-0.038283,3000.0,3622.6,53.49,17.67,-0.025402,0.0,0.12597,310.29,72.916,6.9305,13.493,24.666,4302.7,22.049,45.394,50.361,72.832,1.9573,1.5345,3441.8,42.308,51.287,95.868,9.6352,73.535,39.164,1.7941,2920.9,64.152,25.244,100.16,0.22088,8.5117,35.596,120.38,1.3866,74.547,37.819,1.5668,54.751,3.5186,461.24,0.025283,1.0285,67.416,18.73,43.013
428,2026-04-27T20:21:00,49.507,100.0,26.848,22.049,-0.038467,3000.0,3622.6,53.637,18.451,-0.025402,0.0,0.12597,310.29,72.916,6.7188,13.58,24.463,4302.7,22.049,45.394,50.361,72.832,1.9831,1.5256,3441.8,42.308,51.553,95.868,9.6352,73.593,39.164,0.33637,2920.9,63.326,25.244,100.16,0.22088,8.7549,35.281,120.38,1.1312,74.547,38.033,1.518,54.751,3.5062,461.24,0.025283,1.0285,67.416,18.996,43.013
429,2026-04-27T20:24:00,49.507,100.0,26.848,22.049,-0.038651,3000.0,3622.6,53.785,18.451,-0.025402,0.0,0.12597,310.29,72.916,6.7188,13.58,24.463,4302.7,22.049,45.394,50.361,72.832,1.9831,1.5256,3441.8,42.308,51.553,95.868,9.6352,73.65,39.164,0.33637,2920.9,63.326,25.244,100.16,0.22088,8.7549,35.281,120.38,1.1312,74.547,38.033,1.518,54.751,3.5062,461.24,0.025283,1.0285,67.416,18.996,43.013
430,2026-04-27T20:27:00,49.507,100.0,26.848,22.057,-0.038834,3000.0,3622.6,53.933,18.206,-0.025402,0.0,0.12597,310.29,72.916,6.8152,13.456,24.685,4302.7,22.049,45.394,50.361,72.832,1.9507,1.5023,3441.8,42.308,50.887,95.868,9.6352,73.707,39.164,2.2308,2920.9,65.237,25.244,100.16,0.22088,8.5362,35.102,120.38,1.2244,74.547,38.195,1.5409,54.751,3.4265,461.24,0.025283,1.0285,67.416,18.786,43.013
431,2026-04-27T20:30:00,49.507,100.0,26.848,22.057,-0.039018,3000.0,3622.6,54.081,18.206,-0.025402,0.0,0.12597,310.29,72.916,6.8152,13.456,24.685,4302.7,22.049,45.394,50.361,72.832,1.9507,1.5023,3441.8,42.308,50.887,95.868,9.6352,73.764,39.164,2.2308,2920.9,65.237,25.244,100.16,0.22088,8.5362,35.102,120.38,1.2244,74.547,38.195,1.5409,54.751,3.4265,461.24,0.025283,1.0285,67.416,18.786,43.013
432,2026-04-27T20:33:00,49.507,100.0,26.848,22.254,-0.039202,3000.0,3622.6,54.228,18.082,-0.025402,0.0,0.10483,310.29,72.916,6.9852,13.48,24.712,4302.7,22.049,45.394,50.361,72.832,2.0037,1.5083,3441.8,42.308,51.382,95.868,9.6352,73.821,39.164,0.0,2920.9,64.5,25.244,100.16,0.22088,8.6685,35.894,120.38,1.23,74.547,38.056,1.5867,54.369,3.5349,461.24,0.020632,1.0225,67.416,19.134,43.04
433,2026-04-27T20:36:00,49.507,100.0,26.848,22.254,-0.039385,3000.0,3622.6,54.376,18.082,-0.025402,0.0,0.10483,310.29,72.916,6.9852,13.48,24.712,4302.7,22.049,45.394,50.361,72.832,2.0037,1.5083,3441.8,42.308,51.382,95.868,9.6352,73.878,39.164,0.0,2920.9,64.5,25.244,100.16,0.22088,8.6685,35.894,120.38,1.23,74.547,38.056,1.5867,54.369,3.5349,461.24,0.020632,1.0225,67.416,19.134,43.04
434,2026-04-27T20:39:00,49.507,100.0,26.848,21.898,-0.039569,3000.0,3622.6,54.524,18.469,-0.025402,0.0,0.10483,310.29,72.916,6.9521,13.512,25.082,4302.7,22.049,45.394,50.361,72.832,1.9805,1.5099,3441.8,42.308,50.497,95.868,9.6352,73.936,39.164,0.10685,2920.9,62.992,25.244,100.16,0.22088,8.6347,35.116,120.38,1.4177,74.547,38.137,1.4974,54.369,3.4011,461.24,0.020632,1.0225,67.416,18.674,43.04
435,2026-04-27T20:42:00,49.507,100.0,26.848,21.898,-0.039753,3000.0,3622.6,54.671,18.469,-0.025402,0.0,0.10483,310.29,72.916,6.9521,13.512,25.082,4302.7,22.049,45.394,50.361,72.832,1.9805,1.5099,3441.8,42.308,50.497,95.868,9.6352,73.993,39.164,0.10685,2920.9,62.992,25.244,100.16,0.22088,8.6347,35.116,120.38,1.4177,74.547,38.137,1.4974,54.369,3.4011,461.24,0.020632,1.0225,67.416,18.674,43.04
436,2026-04-27T20:45:00,49.507,100.0,26.848,21.803,-0.039936,3000.0,3622.6,54.819,18.148,-0.025402,0.0,0.10483,310.29,72.916,6.8387,13.509,24.492,4302.7,22.049,45.394,50.361,72.832,1.9615,1.5065,3441.8,42.308,51.604,95.868,9.6352,74.05,39.164,0.49407,2920.9,63.201,25.244,100.16,0.22088,8.5955,35.694,120.38,1.3773,74.547,38.506,1.5694,54.369,3.4318,461.24,0.020632,1.0225,67.416,19.161,43.04
437,2026-04-27T20:48:00,49.507,100.0,26.848,21.803,-0.04012,3000.0,3622.6,54.967,18.148,-0.025402,0.0,0.11795,310.29,72.916,6.8387,13.509,24.492,4302.7,22.049,45.394,50.361,72.832,1.9615,1.5065,3441.8,42.308,51.604,95.868,9.6352,74.107,39.164,0.49407,2920.9,63.201,25.244,100.16,0.22088,8.5955,35.694,120.38,1.3773,74.547,38.506,1.5694,55.118,3.4318,461.24,0.031406,1.0432,67.416,19.161,42.461
438,2026-04-27T20:51:00,49.507,100.0,26.848,21.78,-0.040304,3000.0,3622.6,55.114,18.105,-0.025402,0.0,0.11795,310.29,72.916,6.8707,13.578,25.223,4302.7,22.049,45.394,50.361,72.832,1.9256,1.4939,3441.8,42.308,50.385,95.868,9.6352,74.164,39.164,0.0,2920.9,64.182,25.244,100.16,0.22088,8.6604,35.636,120.38,1.1856,74.547,37.684,1.6046,55.118,3.543,461.24,0.031406,1.0432,67.416,18.693,42.461
439,2026-04-27T20:54:00,49.507,100.0,26.848,21.78,-0.040487,3000.0,3622.6,55.262,18.105,-0.025402,0.0,0.11795,310.29,72.916,6.8707,13.578,25.223,4302.7,22.049,45.394,50.361,72.832,1.9256,1.4939,3441.8,42.308,50.385,95.868,9.6352,74.221,39.164,0.0,2920.9,64.182,25.244,100.16,0.22088,8.6604,35.636,120.38,1.1856,74.547,37.684,1.6046,55.118,3.543,461.24,0.031406,1.0432,67.416,18.693,42.461
440,2026-04-27T20:57:00,49.507,100.0,26.848,22.056,-0.040671,3000.0,3622.6,55.41,17.974,-0.025402,0.0,0.11795,310.29,72.916,7.1598,13.47,24.639,4302.7,22.049,45.394,50.361,72.832,1.9726,1.4944,3441.8,42.308,51.509,95.868,9.6352,74.279,39.164,1.4278,2920.9,63.927,25.244,100.16,0.22088,8.6269,35.201,120.38,1.261,74.547,37.966,1.5514,55.118,3.4762,461.24,0.031406,1.0432,67.416,18.981,42.461
441,2026-04-27T21:00:00,49.507,100.0,26.848,22.056,-0.040855,3000.0,3622.6,55.557,17.974,-0.025402,0.0,0.11795,310.29,72.916,7.1598,13.47,24.639,4302.7,22.049,45.394,50.361,72.832,1.9726,1.4944,3441.8,42.308,51.509,95.868,9.6352,74.336,39.164,1.4278,2920.9,63.927,25.244,100.16,0.22088,8.6269,35.201,120.38,1.261,74.547,37.966,1.5514,55.118,3.4762,461.24,0.031406,1.0432,67.416,18.981,42.461
442,2026-04-27T21:03:00,49.507,100.0,26.848,21.646,-0.041038,3000.0,3622.6,55.705,18.053,-0.025402,0.0,0.096633,310.29,72.916,6.7439,13.462,24.641,4302.7,22.049,45.394,50.361,72.832,1.9607,1.4657,3441.8,42.308,50.792,95.868,9.6352,74.393,39.164,0.0,2920.9,61.266,25.244,100.17,0.22088,8.6774,35.268,120.38,1.2584,74.547,38.326,1.483,54.418,3.5023,461.24,0.013902,1.0207,67.416,19.007,42.423
443,2026-04-27T21:06:00,49.507,100.0,26.848,21.646,-0.041222,3000.0,3622.6,55.853,18.053,-0.025402,0.0,0.096633,310.29,72.916,6.7439,13.462,24.641,4302.7,22.049,45.394,50.361,72.832,1.9607,1.4657,3441.8,42.308,50.792,95.868,9.6352,74.45,39.164,0.0,2920.9,61.266,25.244,100.17,0.22088,8.6774,35.268,120.38,1.2584,74.547,38.326,1.483,54.418,3.5023,461.24,0.013902,1.0207,67.416,19.007,42.423
444,2026-04-27T21:09:00,49.507,100.0,26.848,21.856,-0.041405,3000.0,3622.6,56.0,18.634,-0.025402,0.0,0.096633,310.29,72.916,6.85,13.544,24.609,4302.7,22.049,45.394,50.361,72.832,1.9622,1.4752,3441.8,42.308,50.691,95.868,9.6352,74.507,39.164,0.0,2920.9,64.848,25.244,100.17,0.22088,8.7312,35.478,120.38,1.4231,74.547,37.831,1.643,54.418,3.5606,461.24,0.013902,1.0207,67.416,18.831,42.423
445,2026-04-27T21:12:00,49.507,100.0,26.848,21.856,-0.041589,3000.0,3622.6,56.148,18.634,-0.025402,0.0,0.096633,310.29,72.916,6.85,13.544,24.609,4302.7,22.049,45.394,50.361,72.832,1.9622,1.4752,3441.8,42.308,50.691,95.868,9.6352,74.564,39.164,0.0,2920.9,64.848,25.244,100.17,0.22088,8.7312,35.478,120.38,1.4231,74.547,37.831,1.643,54.418,3.5606,461.24,0.013902,1.0207,67.416,18.831,42.423
446,2026-04-27T21:15:00,49.507,100.0,26.848,21.733,-0.041773,3000.0,3622.6,56.296,17.926,-0.025402,0.0,0.096633,310.29,72.916,6.8631,13.488,24.762,4302.7,22.049,45.394,50.361,72.832,1.9588,1.4773,3441.8,42.308,51.1,95.868,9.6352,74.621,39.164,1.7229,2920.9,63.997,25.244,100.17,0.22088,8.5818,35.78,120.38,1.3736,74.547,38.169,1.6097,54.418,3.4431,461.24,0.013902,1.0207,67.416,19.129,42.423
447,2026-04-27T21:18:00,49.507,100.0,26.848,21.733,-0.041956,3000.0,3622.6,56.443,17.926,-0.025402,0.0,0.094855,310.29,72.916,6.8631,13.488,24.762,4302.7,22.049,45.394,50.361,72.832,1.9588,1.4773,3441.8,42.308,51.1,95.868,9.6352,74.679,39.164,1.7229,2920.9,63.997,25.244,100.17,0.22088,8.5818,35.78,120.38,1.3736,74.547,38.169,1.6097,54.338,3.4431,461.24,0.023498,1.0259,67.416,19.129,42.265
448,2026-04-27T21:21:00,49.507,100.0,26.848,21.788,-0.04214,3000.0,3622.6,56.591,18.329,-0.025402,0.0,0.094855,310.29,72.916,6.8882,13.635,25.083,4302.7,22.049,45.394,50.361,72.832,1.9885,1.5097,3441.8,42.308,50.334,95.868,9.6352,74.736,39.164,0.0,2920.9,63.907,25.244,100.17,0.22088,8.6876,35.616,120.38,1.2374,74.547,38.196,1.5146,54.338,3.3767,461.24,0.023498,1.0259,67.416,18.771,42.265
449,2026-04-27T21:24:00,49.507,100.0,26.848,21.788,-0.042324,3000.0,3622.6,56.739,18.329,-0.025402,0.0,0.094855,310.29,72.916,6.8882,13.635,25.083,4302.7,22.049,45.394,50.361,72.832,1.9885,1.5097,3441.8,42.308,50.334,95.868,9.6352,74.793,39.164,0.0,2920.9,63.907,25.244,100.17,0.22088,8.6876,35.616,120.38,1.2374,74.547,38.196,1.5146,54.338,3.3767,461.24,0.023498,1.0259,67.416,18.771,42.265
450,2026-04-27T21:27:00,49.507,100.0,26.848,21.744,-0.042507,3000.0,3622.6,56.886,18.961,-0.025402,0.0,0.094855,310.29,72.916,6.6253,13.484,24.611,4302.7,22.049,45.394,50.361,72.832,1.9774,1.529,3441.8,42.308,51.183,95.868,9.6352,74.85,39.164,3.565,2920.9,63.692,25.244,100.17,0.22088,8.6589,35.422,120.38,1.1139,74.547,38.184,1.5889,54.338,3.5063,461.24,0.023498,1.0259,67.416,18.972,42.265
451,2026-04-27T21:30:00,49.507,100.0,26.848,21.744,-0.042691,3000.0,3622.6,57.034,18.961,-0.025402,0.0,0.094855,310.29,72.916,6.6253,13.484,24.611,4302.7,22.049,45.394,50.361,72.832,1.9774,1.529,3441.8,42.308,51.183,95.868,9.6352,74.907,39.164,3.565,2920.9,63.692,25.244,100.17,0.22088,8.6589,35.422,120.38,1.1139,74.547,38.184,1.5889,54.338,3.5063,461.24,0.023498,1.0259,67.416,18.972,42.265
452,2026-04-27T21:33:00,49.507,100.0,26.848,21.945,-0.042875,3000.0,3622.6,57.182,18.295,-0.025402,0.0,0.10573,310.29,72.916,6.7338,13.615,24.722,4302.7,22.049,45.394,50.361,72.832,1.9829,1.4578,3441.8,42.308,50.674,95.868,9.6352,74.964,39.164,0.0,2920.9,66.117,25.244,100.17,0.22088,8.7072,35.121,120.38,1.2886,74.547,37.988,1.5408,55.539,3.4541,461.24,0.03115,1.0306,67.416,18.443,43.156
453,2026-04-27T21:36:00,49.507,100.0,26.848,21.945,-0.043058,3000.0,3622.6,57.329,18.295,-0.025402,0.0,0.10573,310.29,72.916,6.7338,13.615,24.722,4302.7,22.049,45.394,50.361,72.832,1.9829,1.4578,3441.8,42.308,50.674,95.868,9.6352,75.022,39.164,0.0,2920.9,66.117,25.244,100.17,0.22088,8.7072,35.121,120.38,1.2886,74.547,37.988,1.5408,55.539,3.4541,461.24,0.03115,1.0306,67.416,18.443,43.156
454,2026-04-27T21:39:00,49.507,100.0,26.848,21.671,-0.043242,3000.0,3622.6,57.477,18.331,-0.025402,0.0,0.10573,310.29,72.916,6.8842,13.349,24.737,4302.7,22.049,45.394,50.361,72.832,1.9806,1.5161,3441.8,42.308,51.983,95.868,9.6352,75.079,39.164,3.098,2920.9,65.356,25.244,100.17,0.22088,8.6977,35.341,120.38,1.1603,74.547,38.486,1.5216,55.539,3.5005,461.24,0.03115,1.0306,67.416,18.582,43.156
455,2026-04-27T21:42:00,49.507,100.0,26.848,21.671,-0.043426,3000.0,3622.6,57.625,18.331,-0.025402,0.0,0.10573,310.29,72.916,6.8842,13.349,24.737,4302.7,22.049,45.394,50.361,72.832,1.9806,1.5161,3441.8,42.308,51.983,95.868,9.6352,75.136,39.164,3.098,2920.9,65.356,25.244,100.17,0.22088,8.6977,35.341,120.38,1.1603,74.547,38.486,1.5216,55.539,3.5005,461.24,0.03115,1.0306,67.416,18.582,43.156
456,2026-04-27T21:45:00,49.507,100.0,26.848,21.618,-0.043609,3000.0,3622.6,57.772,18.593,-0.025402,0.0,0.10573,310.29,72.916,7.0101,13.502,25.061,4302.7,22.049,45.394,50.361,72.832,1.9623,1.5319,3441.8,42.308,51.686,95.868,9.6352,75.193,39.164,0.0,2920.9,64.105,25.244,100.17,0.22088,8.5996,35.422,120.38,1.2714,74.547,37.992,1.6041,55.539,3.4568,461.24,0.03115,1.0306,67.416,18.535,43.156
457,2026-04-27T21:48:00,49.507,100.0,26.848,21.618,-0.043793,3000.0,3622.6,57.92,18.593,-0.025402,0.0,0.10179,310.29,72.916,7.0101,13.502,25.061,4302.7,22.049,45.394,50.361,72.832,1.9623,1.5319,3441.8,42.308,51.686,95.868,9.6352,75.25,39.164,0.0,2920.9,64.105,25.244,100.18,0.22088,8.5996,35.422,120.38,1.2714,74.547,37.992,1.6041,53.769,3.4568,461.24,0.012899,1.0251,67.416,18.535,42.659
458,2026-04-27T21:51:00,49.507,100.0,26.848,21.807,-0.043977,3000.0,3622.6,58.068,18.081,-0.025402,0.0,0.10179,310.29,72.916,6.8462,13.565,24.736,4302.7,22.049,45.394,50.361,72.832,1.985,1.5255,3441.8,42.308,51.839,95.868,9.6352,75.307,39.164,3.5105,2920.9,62.94,25.244,100.18,0.22088,8.4273,35.313,120.38,1.2163,74.547,38.361,1.6016,53.769,3.4571,461.24,0.012899,1.0251,67.416,19.342,42.659
459,2026-04-27T21:54:00,49.507,100.0,26.848,21.807,-0.04416,3000.0,3622.6,58.215,18.081,-0.025402,0.0,0.10179,310.29,72.916,6.8462,13.565,24.736,4302.7,22.049,45.394,50.361,72.832,1.985,1.5255,3441.8,42.308,51.839,95.868,9.6352,75.364,39.164,3.5105,2920.9,62.94,25.244,100.18,0.22088,8.4273,35.313,120.38,1.2163,74.547,38.361,1.6016,53.769,3.4571,461.24,0.012899,1.0251,67.416,19.342,42.659
460,2026-04-27T21:57:00,49.507,100.0,26.848,21.963,-0.044344,3000.0,3622.6,58.363,18.148,-0.025402,0.0,0.10179,310.29,72.916,6.821,13.496,24.705,4302.7,22.049,45.394,50.361,72.832,1.9511,1.4809,3441.8,42.308,49.831,95.868,9.6352,75.422,39.164,4.7582,2920.9,64.334,25.244,100.18,0.22088,8.505,35.094,120.38,1.2278,74.547,38.522,1.5436,53.769,3.493,461.24,0.012899,1.0251,67.416,19.067,42.659
461,2026-04-27T22:00:00,49.507,100.0,26.848,21.963,-0.044528,3000.0,3622.6,58.511,18.148,-0.025402,0.0,0.10179,310.29,72.916,6.821,13.496,24.705,4302.7,22.049,45.394,50.361,72.832,1.9511,1.4809,3441.8,42.308,49.831,95.868,9.6352,75.479,39.164,4.7582,2920.9,64.334,25.244,100.18,0.22088,8.505,35.094,120.38,1.2278,74.547,38.522,1.5436,53.769,3.493,461.24,0.012899,1.0251,67.416,19.067,42.659
462,2026-04-27T22:03:00,49.507,100.0,26.848,21.565,-0.044711,3000.0,3622.6,58.658,18.276,-0.025402,0.0,0.1024,310.29,72.916,6.8527,13.59,24.591,4302.7,22.049,45.394,50.361,72.832,1.995,1.5144,3441.8,42.308,50.433,95.868,9.6352,75.536,39.164,2.48,2920.9,64.6,25.244,100.18,0.22088,8.5699,35.483,120.38,1.2623,74.547,37.447,1.6639,53.972,3.4719,461.24,0.010565,1.0337,67.416,18.801,42.012
463,2026-04-27T22:06:00,49.507,100.0,26.848,21.565,-0.044895,3000.0,3622.6,58.806,18.276,-0.025402,0.0,0.1024,310.29,72.916,6.8527,13.59,24.591,4302.7,22.049,45.394,50.361,72.832,1.995,1.5144,3441.8,42.308,50.433,95.868,9.6352,75.593,39.164,2.48,2920.9,64.6,25.244,100.18,0.22088,8.5699,35.483,120.38,1.2623,74.547,37.447,1.6639,53.972,3.4719,461.24,0.010565,1.0337,67.416,18.801,42.012
464,2026-04-27T22:09:00,49.507,100.0,26.848,21.313,-0.045078,3000.0,3622.6,58.954,18.213,-0.025402,0.0,0.1024,310.29,72.916,6.7114,13.468,24.813,4302.7,22.049,45.394,50.361,72.832,1.9789,1.5103,3441.8,42.308,51.06,95.868,9.6352,75.65,39.164,4.5972,2920.9,64.365,25.244,100.18,0.22088,8.7522,35.562,120.38,1.4006,74.547,37.862,1.6216,53.972,3.439,461.24,0.010565,1.0337,67.416,18.902,42.012
465,2026-04-27T22:12:00,49.507,100.0,26.848,21.313,-0.045262,3000.0,3622.6,59.102,18.213,-0.025402,0.0,0.1024,310.29,72.916,6.7114,13.468,24.813,4302.7,22.049,45.394,50.361,72.832,1.9789,1.5103,3441.8,42.308,51.06,95.868,9.6352,75.707,39.164,4.5972,2920.9,64.365,25.244,100.18,0.22088,8.7522,35.562,120.38,1.4006,74.547,37.862,1.6216,53.972,3.439,461.24,0.010565,1.0337,67.416,18.902,42.012
466,2026-04-27T22:15:00,49.507,100.0,26.848,21.626,-0.045446,3000.0,3622.6,59.249,18.324,-0.025402,0.0,0.1024,310.29,72.916,6.9518,13.45,24.803,4302.7,22.049,45.394,50.361,72.832,1.985,1.4588,3441.8,42.308,50.798,95.868,9.6352,75.765,39.164,0.90137,2920.9,65.699,25.244,100.18,0.22088,8.7903,35.375,120.38,1.3944,74.547,37.642,1.5097,53.972,3.4619,461.24,0.010565,1.0337,67.416,19.069,42.012
467,2026-04-27T22:18:00,49.507,100.0,26.848,21.626,-0.045629,3000.0,3622.6,59.397,18.324,-0.025402,0.0,0.11327,310.29,72.916,6.9518,13.45,24.803,4302.7,22.049,45.394,50.361,72.832,1.985,1.4588,3441.8,42.308,50.798,95.868,9.6352,75.822,39.164,0.90137,2920.9,65.699,25.244,100.18,0.22088,8.7903,35.375,120.38,1.3944,74.547,37.642,1.5097,54.011,3.4619,461.24,0.01781,1.0356,67.416,19.069,43.702
468,2026-04-27T22:21:00,49.507,100.0,26.848,22.085,-0.045813,3000.0,3622.6,59.545,18.107,-0.025402,0.0,0.11327,310.29,72.916,6.7175,13.57,24.768,4302.7,22.049,45.394,50.361,72.832,1.9544,1.4725,3441.8,42.308,50.354,95.868,9.6352,75.879,39.164,0.0,2920.9,63.638,25.244,100.18,0.22088,8.6979,35.641,120.38,1.3231,74.547,38.213,1.5024,54.011,3.4839,461.24,0.01781,1.0356,67.416,18.806,43.702
469,2026-04-27T22:24:00,49.507,100.0,26.848,22.085,-0.045997,3000.0,3622.6,59.692,18.107,-0.025402,0.0,0.11327,310.29,72.916,6.7175,13.57,24.768,4302.7,22.049,45.394,50.361,72.832,1.9544,1.4725,3441.8,42.308,50.354,95.868,9.6352,75.936,39.164,0.0,2920.9,63.638,25.244,100.18,0.22088,8.6979,35.641,120.38,1.3231,74.547,38.213,1.5024,54.011,3.4839,461.24,0.01781,1.0356,67.416,18.806,43.702
470,2026-04-27T22:27:00,49.507,100.0,26.848,21.611,-0.04618,3000.0,3622.6,59.84,18.081,-0.025402,0.0,0.11327,310.29,72.916,6.8799,13.517,25.24,4302.7,22.049,45.394,50.361,72.832,1.96,1.5001,3441.8,42.308,50.972,95.868,9.6352,75.993,39.164,2.7299,2920.9,65.737,25.244,100.18,0.22088,8.6113,35.278,120.38,1.0611,74.547,37.915,1.6601,54.011,3.4916,461.24,0.01781,1.0356,67.416,18.751,43.702
471,2026-04-27T22:30:00,49.507,100.0,26.848,21.611,-0.046364,3000.0,3622.6,59.988,18.081,-0.025402,0.0,0.11327,310.29,72.916,6.8799,13.517,25.24,4302.7,22.049,45.394,50.361,72.832,1.96,1.5001,3441.8,42.308,50.972,95.868,9.6352,76.05,39.164,2.7299,2920.9,65.737,25.244,100.18,0.22088,8.6113,35.278,120.38,1.0611,74.547,37.915,1.6601,54.011,3.4916,461.24,0.01781,1.0356,67.416,18.751,43.702
472,2026-04-27T22:33:00,49.507,100.0,26.848,21.668,-0.046548,3000.0,3622.6,60.135,18.472,-0.025402,0.0,0.11245,310.29,72.916,6.748,13.512,24.239,4302.7,22.049,45.394,50.361,72.832,1.9762,1.5039,3441.8,42.308,51.107,95.868,9.6352,76.107,39.164,0.90634,2920.9,64.392,25.244,100.18,0.22088,8.6072,35.594,120.38,1.2034,74.547,38.436,1.5333,54.983,3.3976,461.24,0.0039317,1.0342,67.416,19.069,42.928
473,2026-04-27T22:36:00,49.507,100.0,26.848,21.668,-0.046731,3000.0,3622.6,60.283,18.472,-0.025402,0.0,0.11245,310.29,72.916,6.748,13.512,24.239,4302.7,22.049,45.394,50.361,72.832,1.9762,1.5039,3441.8,42.308,51.107,95.868,9.6352,76.165,39.164,0.90634,2920.9,64.392,25.244,100.18,0.22088,8.6072,35.594,120.38,1.2034,74.547,38.436,1.5333,54.983,3.3976,461.24,0.0039317,1.0342,67.416,19.069,42.928
474,2026-04-27T22:39:00,49.507,100.0,26.848,22.098,-0.046915,3000.0,3622.6,60.431,18.609,-0.025402,0.0,0.11245,310.29,72.916,6.7839,13.53,24.6,4302.7,22.049,45.394,50.361,72.832,1.9942,1.4991,3441.8,42.308,50.304,95.868,9.6352,76.222,39.164,0.3227,2920.9,65.613,25.244,100.18,0.22088,8.6633,35.619,120.38,1.2969,74.547,38.369,1.5014,54.983,3.4057,461.24,0.0039317,1.0342,67.416,18.998,42.928
475,2026-04-27T22:42:00,49.507,100.0,26.848,22.098,-0.047099,3000.0,3622.6,60.578,18.609,-0.025402,0.0,0.11245,310.29,72.916,6.7839,13.53,24.6,4302.7,22.049,45.394,50.361,72.832,1.9942,1.4991,3441.8,42.308,50.304,95.868,9.6352,76.279,39.164,0.3227,2920.9,65.613,25.244,100.18,0.22088,8.6633,35.619,120.38,1.2969,74.547,38.369,1.5014,54.983,3.4057,461.24,0.0039317,1.0342,67.416,18.998,42.928
476,2026-04-27T22:45:00,49.507,100.0,26.848,21.924,-0.047282,3000.0,3622.6,60.726,18.182,-0.025402,0.0,0.11245,310.29,72.916,6.801,13.366,24.888,4302.7,22.049,45.394,50.361,72.832,1.9442,1.4773,3441.8,42.308,50.435,95.868,9.6352,76.336,39.164,0.3593,2920.9,65.408,25.244,100.18,0.22088,8.73,35.517,120.38,1.347,74.547,38.299,1.5573,54.983,3.5371,461.24,0.0039317,1.0342,67.416,19.062,42.928
477,2026-04-27T22:48:00,49.507,100.0,26.848,21.924,-0.047466,3000.0,3622.6,60.874,18.182,-0.025402,0.0,0.08978,310.29,72.916,6.801,13.366,24.888,4302.7,22.049,45.394,50.361,72.832,1.9442,1.4773,3441.8,42.308,50.435,95.868,9.6352,76.393,39.164,0.3593,2920.9,65.408,25.244,100.19,0.22088,8.73,35.517,120.38,1.347,74.547,38.299,1.5573,54.391,3.5371,461.24,0.012822,1.0323,67.416,19.062,41.886
478,2026-04-27T22:51:00,49.507,100.0,26.848,21.981,-0.04765,3000.0,3622.6,61.021,18.473,-0.025402,0.0,0.08978,310.29,72.916,7.0897,13.49,24.741,4302.7,22.049,45.394,50.361,72.832,1.9508,1.526,3441.8,42.308,50.235,95.868,9.6352,76.45,39.164,0.0,2920.9,65.342,25.244,100.19,0.22088,8.5892,35.537,120.38,1.387,74.547,38.08,1.4503,54.391,3.4631,461.24,0.012822,1.0323,67.416,19.431,41.886
479,2026-04-27T22:54:00,49.507,100.0,26.848,21.981,-0.047833,3000.0,3622.6,61.169,18.473,-0.025402,0.0,0.08978,310.29,72.916,7.0897,13.49,24.741,4302.7,22.049,45.394,50.361,72.832,1.9508,1.526,3441.8,42.308,50.235,95.868,9.6352,76.508,39.164,0.0,2920.9,65.342,25.244,100.19,0.22088,8.5892,35.537,120.38,1.387,74.547,38.08,1.4503,54.391,3.4631,461.24,0.012822,1.0323,67.416,19.431,41.886
480,2026-04-27T22:57:00,49.507,100.0,26.848,21.487,-0.048017,3000.0,3622.6,61.317,18.194,-0.025402,0.0,0.08978,310.29,72.916,6.7896,13.514,24.94,4302.7,22.049,45.394,50.361,72.832,1.9869,1.5193,3441.8,42.308,49.249,95.868,9.6352,76.565,39.164,2.7316,2920.9,62.75,25.244,100.19,0.22088,8.4461,34.959,120.38,1.3854,74.547,37.681,1.5542,54.391,3.4848,461.24,0.012822,1.0323,67.416,19.125,41.886
481,2026-04-27T23:00:00,49.507,100.0,26.848,21.487,-0.0482,3000.0,3622.6,61.464,18.194,-0.025402,0.0,0.08978,310.29,72.916,6.7896,13.514,24.94,4302.7,22.049,45.394,50.361,72.832,1.9869,1.5193,3441.8,42.308,49.249,95.868,9.6352,76.622,39.164,2.7316,2920.9,62.75,25.244,100.19,0.22088,8.4461,34.959,120.38,1.3854,74.547,37.681,1.5542,54.391,3.4848,461.24,0.012822,1.0323,67.416,19.125,41.886
482,2026-04-27T23:03:00,49.507,100.0,26.848,21.868,-0.048384,3000.0,3622.6,61.612,18.126,-0.025402,0.0,0.10914,310.29,72.916,6.8733,13.612,24.504,4302.7,22.049,45.394,50.361,72.832,1.9793,1.467,3441.8,42.308,49.916,95.868,9.6352,76.679,39.164,2.8935,2920.9,65.328,25.244,100.19,0.22088,8.7666,34.989,120.38,1.3745,74.547,37.984,1.5401,53.876,3.4985,461.24,0.041583,1.0352,67.416,19.306,42.917
483,2026-04-27T23:06:00,49.507,100.0,26.848,21.868,-0.048568,3000.0,3622.6,61.76,18.126,-0.025402,0.0,0.10914,310.29,72.916,6.8733,13.612,24.504,4302.7,22.049,45.394,50.361,72.832,1.9793,1.467,3441.8,42.308,49.916,95.868,9.6352,76.736,39.164,2.8935,2920.9,65.328,25.244,100.19,0.22088,8.7666,34.989,120.38,1.3745,74.547,37.984,1.5401,53.876,3.4985,461.24,0.041583,1.0352,67.416,19.306,42.917
484,2026-04-27T23:09:00,49.507,100.0,26.848,21.811,-0.048751,3000.0,3622.6,61.907,18.266,-0.025402,0.0,0.10914,310.29,72.916,6.9337,13.6,24.469,4302.7,22.049,45.394,50.361,72.832,1.9831,1.5201,3441.8,42.308,49.398,95.868,9.6352,76.793,39.164,5.1442,2920.9,64.641,25.244,100.19,0.22088,8.8214,35.226,120.38,1.4166,74.547,37.617,1.5532,53.876,3.518,461.24,0.041583,1.0352,67.416,18.944,42.917
485,2026-04-27T23:12:00,49.507,100.0,26.848,21.811,-0.048935,3000.0,3622.6,62.055,18.266,-0.025402,0.0,0.10914,310.29,72.916,6.9337,13.6,24.469,4302.7,22.049,45.394,50.361,72.832,1.9831,1.5201,3441.8,42.308,49.398,95.868,9.6352,76.851,39.164,5.1442,2920.9,64.641,25.244,100.19,0.22088,8.8214,35.226,120.38,1.4166,74.547,37.617,1.5532,53.876,3.518,461.24,0.041583,1.0352,67.416,18.944,42.917
486,2026-04-27T23:15:00,49.507,100.0,26.848,21.664,-0.049119,3000.0,3622.6,62.203,18.413,-0.025402,0.0,0.10914,310.29,72.916,6.9865,13.419,24.676,4302.7,22.049,45.394,50.361,72.832,1.9518,1.4795,3441.8,42.308,50.228,95.868,9.6352,76.908,39.164,4.486,2920.9,64.091,25.244,100.19,0.22088,8.9096,35.38,120.38,1.3098,74.547,37.979,1.5523,53.876,3.4843,461.24,0.041583,1.0352,67.416,18.737,42.917
487,2026-04-27T23:18:00,49.507,100.0,26.848,21.664,-0.049302,3000.0,3622.6,62.35,18.413,-0.025402,0.0,0.10843,310.29,72.916,6.9865,13.419,24.676,4302.7,22.049,45.394,50.361,72.832,1.9518,1.4795,3441.8,42.308,50.228,95.868,9.6352,76.965,39.164,4.486,2920.9,64.091,25.244,100.19,0.22088,8.9096,35.38,120.38,1.3098,74.547,37.979,1.5523,55.154,3.4843,461.24,0.029704,1.0234,67.416,18.737,43.815
488,2026-04-27T23:21:00,49.507,100.0,26.848,22.056,-0.049486,3000.0,3622.6,62.498,18.476,-0.025402,0.0,0.10843,310.29,72.916,6.8713,13.494,24.74,4302.7,22.049,45.394,50.361,72.832,1.9413,1.4361,3441.8,42.308,50.725,95.868,9.6352,77.022,39.164,0.0,2920.9,63.555,25.244,100.19,0.22088,8.7147,35.38,120.38,1.3641,74.547,38.059,1.5309,55.154,3.469,461.24,0.029704,1.0234,67.416,19.088,43.815
489,2026-04-27T23:24:00,49.507,100.0,26.848,22.056,-0.04967,3000.0,3622.6,62.646,18.476,-0.025402,0.0,0.10843,310.29,72.916,6.8713,13.494,24.74,4302.7,22.049,45.394,50.361,72.832,1.9413,1.4361,3441.8,42.308,50.725,95.868,9.6352,77.079,39.164,0.0,2920.9,63.555,25.244,100.19,0.22088,8.7147,35.38,120.38,1.3641,74.547,38.059,1.5309,55.154,3.469,461.24,0.029704,1.0234,67.416,19.088,43.815
490,2026-04-27T23:27:00,49.507,100.0,26.848,21.927,-0.049853,3000.0,3622.6,62.793,18.471,-0.025402,0.0,0.10843,310.29,72.916,6.8991,13.575,25.195,4302.7,22.049,45.394,50.361,72.832,1.9362,1.5102,3441.8,42.308,49.84,95.868,9.6352,77.136,39.164,1.4876,2920.9,64.52,25.244,100.19,0.22088,8.6945,35.138,120.38,1.3199,74.547,38.09,1.5764,55.154,3.4585,461.24,0.029704,1.0234,67.416,19.127,43.815
491,2026-04-27T23:30:00,49.507,100.0,26.848,21.927,-0.050037,3000.0,3622.6,62.941,18.471,-0.025402,0.0,0.10843,310.29,72.916,6.8991,13.575,25.195,4302.7,22.049,45.394,50.361,72.832,1.9362,1.5102,3441.8,42.308,49.84,95.868,9.6352,77.193,39.164,1.4876,2920.9,64.52,25.244,100.19,0.22088,8.6945,35.138,120.38,1.3199,74.547,38.09,1.5764,55.154,3.4585,461.24,0.029704,1.0234,67.416,19.127,43.815
492,2026-04-27T23:33:00,49.507,100.0,26.848,21.754,-0.050221,3000.0,3622.6,63.089,18.85,-0.025402,0.0,0.092234,310.29,72.916,6.8327,13.564,25.005,4302.7,22.049,45.394,50.361,72.832,1.9406,1.4684,3441.8,42.308,49.688,95.868,9.6352,77.251,39.164,3.2131,2920.9,64.274,25.244,100.19,0.22088,8.5598,35.038,120.38,1.3161,74.547,37.756,1.5188,54.422,3.4874,461.24,0.019678,1.0449,67.416,18.978,43.341
493,2026-04-27T23:36:00,49.507,100.0,26.848,21.754,-0.050404,3000.0,3622.6,63.236,18.85,-0.025402,0.0,0.092234,310.29,72.916,6.8327,13.564,25.005,4302.7,22.049,45.394,50.361,72.832,1.9406,1.4684,3441.8,42.308,49.688,95.868,9.6352,77.308,39.164,3.2131,2920.9,64.274,25.244,100.19,0.22088,8.5598,35.038,120.38,1.3161,74.547,37.756,1.5188,54.422,3.4874,461.24,0.019678,1.0449,67.416,18.978,43.341
494,2026-04-27T23:39:00,49.507,100.0,26.848,22.184,-0.050588,3000.0,3622.6,63.384,18.359,-0.025402,0.0,0.092234,310.29,72.916,6.7263,13.536,24.969,4302.7,22.049,45.394,50.361,72.832,1.9743,1.4785,3441.8,42.308,50.008,95.868,9.6352,77.365,39.164,2.5455,2920.9,64.872,25.244,100.19,0.22088,8.5759,35.92,120.38,1.2768,74.547,38.27,1.5583,54.422,3.4109,461.24,0.019678,1.0449,67.416,18.672,43.341
495,2026-04-27T23:42:00,49.507,100.0,26.848,22.184,-0.050772,3000.0,3622.6,63.532,18.359,-0.025402,0.0,0.092234,310.29,72.916,6.7263,13.536,24.969,4302.7,22.049,45.394,50.361,72.832,1.9743,1.4785,3441.8,42.308,50.008,95.868,9.6352,77.422,39.164,2.5455,2920.9,64.872,25.244,100.19,0.22088,8.5759,35.92,120.38,1.2768,74.547,38.27,1.5583,54.422,3.4109,461.24,0.019678,1.0449,67.416,18.672,43.341
496,2026-04-27T23:45:00,49.507,100.0,26.848,22.098,-0.050955,3000.0,3622.6,63.679,18.396,-0.025402,0.0,0.092234,310.29,72.916,6.9639,13.445,24.805,4302.7,22.049,45.394,50.361,72.832,2.0283,1.4729,3441.8,42.308,50.752,95.868,9.6352,77.479,39.164,1.39,2920.9,65.902,25.244,100.19,0.22088,8.7028,35.462,120.38,1.3157,74.547,38.287,1.4752,54.422,3.4795,461.24,0.019678,1.0449,67.416,18.893,43.341
497,2026-04-27T23:48:00,49.507,100.0,26.848,22.098,-0.051139,3000.0,3622.6,63.827,18.396,-0.025402,0.0,0.11285,310.29,72.916,6.9639,13.445,24.805,4302.7,22.049,45.394,50.361,72.832,2.0283,1.4729,3441.8,42.308,50.752,95.868,9.6352,77.536,39.164,1.39,2920.9,65.902,25.244,100.2,0.22088,8.7028,35.462,120.38,1.3157,74.547,38.287,1.4752,54.336,3.4795,461.24,0.003406,1.0213,67.416,18.893,43.936
498,2026-04-27T23:51:00,49.507,100.0,26.848,21.894,-0.051323,3000.0,3622.6,63.975,18.29,-0.025402,0.0,0.11285,310.29,72.916,6.9304,13.586,25.022,4302.7,22.049,45.394,50.361,72.832,1.934,1.5132,3441.8,42.308,50.207,95.868,9.6352,77.594,39.164,0.0,2920.9,63.852,25.244,100.2,0.22088,8.855,35.22,120.38,1.4751,74.547,37.853,1.5177,54.336,3.4253,461.24,0.003406,1.0213,67.416,19.153,43.936
499,2026-04-27T23:54:00,49.507,100.0,26.848,21.894,-0.051506,3000.0,3622.6,64.123,18.29,-0.025402,0.0,0.11285,310.29,72.916,6.9304,13.586,25.022,4302.7,22.049,45.394,50.361,72.832,1.934,1.5132,3441.8,42.308,50.207,95.868,9.6352,77.651,39.164,0.0,2920.9,63.852,25.244,100.2,0.22088,8.855,35.22,120.38,1.4751,74.547,37.853,1.5177,54.336,3.4253,461.24,0.003406,1.0213,67.416,19.153,43.936
500,2026-04-27T23:57:00,49.507,100.0,26.848,21.764,-0.05169,3000.0,3622.6,64.27,18.368,-0.025402,0.0,0.11285,310.29,72.916,6.6932,13.44,24.675,4302.7,22.049,45.394,50.361,72.832,1.9629,1.554,3441.8,42.308,49.529,95.868,9.6352,77.708,39.164,3.3042,2920.9,64.084,25.244,100.2,0.22088,8.6437,35.671,120.38,1.126,74.547,38.164,1.5495,54.336,3.4541,461.24,0.003406,1.0213,67.416,19.061,43.936
501,2026-04-28T00:00:00,49.507,100.0,26.848,21.764,-0.051873,3000.0,3622.6,64.418,18.368,-0.025402,0.0,0.11285,310.29,72.916,6.6932,13.44,24.675,4302.7,22.049,45.394,50.361,72.832,1.9629,1.554,3441.8,42.308,49.529,95.868,9.6352,77.765,39.164,3.3042,2920.9,64.084,25.244,100.2,0.22088,8.6437,35.671,120.38,1.126,74.547,38.164,1.5495,54.336,3.4541,461.24,0.003406,1.0213,67.416,19.061,43.936
502,2026-04-28T00:03:00,49.507,100.0,26.848,21.776,-0.052057,3000.0,3622.6,64.566,18.24,-0.025402,0.0,0.10321,310.29,72.916,6.8605,13.5,24.235,4302.7,22.049,45.394,50.361,72.832,1.9272,1.4699,3441.8,42.308,49.699,95.868,9.6352,77.822,39.164,0.0,2920.9,66.232,25.244,100.2,0.22088,8.5708,35.456,120.38,1.2524,74.547,37.901,1.6356,54.068,3.4911,461.24,0.033741,1.0238,67.416,18.803,42.81
503,2026-04-28T00:06:00,49.507,100.0,26.848,21.776,-0.052241,3000.0,3622.6,64.713,18.24,-0.025402,0.0,0.10321,310.29,72.916,6.8605,13.5,24.235,4302.7,22.049,45.394,50.361,72.832,1.9272,1.4699,3441.8,42.308,49.699,95.868,9.6352,77.879,39.164,0.0,2920.9,66.232,25.244,100.2,0.22088,8.5708,35.456,120.38,1.2524,74.547,37.901,1.6356,54.068,3.4911,461.24,0.033741,1.0238,67.416,18.803,42.81
504,2026-04-28T00:09:00,49.507,100.0,26.848,21.991,-0.052424,3000.0,3622.6,64.861,17.967,-0.025402,0.0,0.10321,310.29,72.916,6.8844,13.527,24.686,4302.7,22.049,45.394,50.361,72.832,2.0228,1.4917,3441.8,42.308,50.306,95.868,9.6352,77.936,39.164,1.0826,2920.9,64.863,25.244,100.2,0.22088,8.6469,35.48,120.38,1.3368,74.547,37.911,1.4979,54.068,3.4586,461.24,0.033741,1.0238,67.416,18.878,42.81
505,2026-04-28T00:12:00,49.507,100.0,26.848,21.991,-0.052608,3000.0,3622.6,65.009,17.967,-0.025402,0.0,0.10321,310.29,72.916,6.8844,13.527,24.686,4302.7,22.049,45.394,50.361,72.832,2.0228,1.4917,3441.8,42.308,50.306,95.868,9.6352,77.994,39.164,1.0826,2920.9,64.863,25.244,100.2,0.22088,8.6469,35.48,120.38,1.3368,74.547,37.911,1.4979,54.068,3.4586,461.24,0.033741,1.0238,67.416,18.878,42.81
506,2026-04-28T00:15:00,49.507,100.0,26.848,21.786,-0.052792,3000.0,3622.6,65.156,18.492,-0.025402,0.0,0.10321,310.29,72.916,6.8119,13.355,24.561,4302.7,22.049,45.394,50.361,72.832,1.9704,1.4842,3441.8,42.308,50.111,95.868,9.6352,78.051,39.164,1.3511,2920.9,64.662,25.244,100.2,0.22088,8.5748,35.947,120.38,1.2509,74.547,37.925,1.5773,54.068,3.4272,461.24,0.033741,1.0238,67.416,19.089,42.81
507,2026-04-28T00:18:00,49.507,100.0,26.848,21.786,-0.052975,3000.0,3622.6,65.304,18.492,-0.025402,0.0,0.11514,310.29,72.916,6.8119,13.355,24.561,4302.7,22.049,45.394,50.361,72.832,1.9704,1.4842,3441.8,42.308,50.111,95.868,9.6352,78.108,39.164,1.3511,2920.9,64.662,25.244,100.2,0.22088,8.5748,35.947,120.38,1.2509,74.547,37.925,1.5773,54.29,3.4272,461.24,0.023159,1.0185,67.416,19.089,43.697
508,2026-04-28T00:21:00,49.507,100.0,26.848,21.814,-0.053159,3000.0,3622.6,65.452,18.4,-0.025402,0.0,0.11514,310.29,72.916,6.8486,13.432,24.707,4302.7,22.049,45.394,50.361,72.832,1.9314,1.4863,3441.8,42.308,49.558,95.868,9.6352,78.165,39.164,0.0,2920.9,65.33,25.244,100.2,0.22088,8.6255,35.868,120.38,1.2657,74.547,37.724,1.5508,54.29,3.4123,461.24,0.023159,1.0185,67.416,18.754,43.697
509,2026-04-28T00:24:00,49.507,100.0,26.848,21.814,-0.053343,3000.0,3622.6,65.599,18.4,-0.025402,0.0,0.11514,310.29,72.916,6.8486,13.432,24.707,4302.7,22.049,45.394,50.361,72.832,1.9314,1.4863,3441.8,42.308,49.558,95.868,9.6352,78.222,39.164,0.0,2920.9,65.33,25.244,100.2,0.22088,8.6255,35.868,120.38,1.2657,74.547,37.724,1.5508,54.29,3.4123,461.24,0.023159,1.0185,67.416,18.754,43.697
510,2026-04-28T00:27:00,49.507,100.0,26.848,21.901,-0.053526,3000.0,3622.6,65.747,18.461,-0.025402,0.0,0.11514,310.29,72.916,6.8194,13.616,25.16,4302.7,22.049,45.394,50.361,72.832,1.9407,1.5086,3441.8,42.308,50.355,95.868,9.6352,78.279,39.164,1.4498,2920.9,65.058,25.244,100.2,0.22088,8.6916,35.41,120.38,1.3986,74.547,37.701,1.6078,54.29,3.422,461.24,0.023159,1.0185,67.416,18.734,43.697
511,2026-04-28T00:30:00,49.507,100.0,26.848,21.901,-0.05371,3000.0,3622.6,65.895,18.461,-0.025402,0.0,0.11514,310.29,72.916,6.8194,13.616,25.16,4302.7,22.049,45.394,50.361,72.832,1.9407,1.5086,3441.8,42.308,50.355,95.868,9.6352,78.337,39.164,1.4498,2920.9,65.058,25.244,100.2,0.22088,8.6916,35.41,120.38,1.3986,74.547,37.701,1.6078,54.29,3.422,461.24,0.023159,1.0185,67.416,18.734,43.697
512,2026-04-28T00:33:00,49.507,100.0,26.848,21.493,-0.053894,3000.0,3622.6,66.042,17.879,-0.025402,0.0,0.093317,310.29,72.916,6.8304,13.321,24.355,4302.7,22.049,45.394,50.361,72.832,1.9479,1.4498,3441.8,42.308,50.408,95.868,9.6352,78.394,39.164,5.9136,2920.9,65.359,25.244,100.2,0.22088,8.6857,35.522,120.38,1.3377,74.547,37.981,1.6048,53.593,3.4561,461.24,0.022109,1.0571,67.416,18.815,42.925
513,2026-04-28T00:36:00,49.507,100.0,26.848,21.493,-0.054077,3000.0,3622.6,66.19,17.879,-0.025402,0.0,0.093317,310.29,72.916,6.8304,13.321,24.355,4302.7,22.049,45.394,50.361,72.832,1.9479,1.4498,3441.8,42.308,50.408,95.868,9.6352,78.451,39.164,5.9136,2920.9,65.359,25.244,100.2,0.22088,8.6857,35.522,120.38,1.3377,74.547,37.981,1.6048,53.593,3.4561,461.24,0.022109,1.0571,67.416,18.815,42.925
514,2026-04-28T00:39:00,49.507,100.0,26.848,21.684,-0.054261,3000.0,3622.6,66.338,17.773,-0.025402,0.0,0.093317,310.29,72.916,6.8611,13.462,24.965,4302.7,22.049,45.394,50.361,72.832,1.9531,1.4884,3441.8,42.308,50.211,95.868,9.6352,78.508,39.164,0.0,2920.9,65.316,25.244,100.2,0.22088,8.7261,35.412,120.38,1.2784,74.547,37.718,1.4383,53.593,3.4645,461.24,0.022109,1.0571,67.416,19.235,42.925
515,2026-04-28T00:42:00,49.507,100.0,26.848,21.684,-0.054445,3000.0,3622.6,66.485,17.773,-0.025402,0.0,0.093317,310.29,72.916,6.8611,13.462,24.965,4302.7,22.049,45.394,50.361,72.832,1.9531,1.4884,3441.8,42.308,50.211,95.868,9.6352,78.565,39.164,0.0,2920.9,65.316,25.244,100.2,0.22088,8.7261,35.412,120.38,1.2784,74.547,37.718,1.4383,53.593,3.4645,461.24,0.022109,1.0571,67.416,19.235,42.925
516,2026-04-28T00:45:00,49.507,100.0,26.848,21.67,-0.054628,3000.0,3622.6,66.633,18.399,-0.025402,0.0,0.093317,310.29,72.916,6.8139,13.444,24.901,4302.7,22.049,45.394,50.361,72.832,1.8943,1.4854,3441.8,42.308,49.137,95.868,9.6352,78.622,39.164,3.1414,2920.9,65.081,25.244,100.2,0.22088,8.6722,35.492,120.38,1.3217,74.547,37.738,1.5478,53.593,3.4538,461.24,0.022109,1.0571,67.416,19.321,42.925
517,2026-04-28T00:48:00,49.507,100.0,26.848,21.67,-0.054812,3000.0,3622.6,66.781,18.399,-0.025402,0.0,0.09877,310.29,72.916,6.8139,13.444,24.901,4302.7,22.049,45.394,50.361,72.832,1.8943,1.4854,3441.8,42.308,49.137,95.868,9.6352,78.68,39.164,3.1414,2920.9,65.081,25.244,100.21,0.22088,8.6722,35.492,120.38,1.3217,74.547,37.738,1.5478,53.712,3.4538,461.24,0.019549,1.0317,67.416,19.321,43.15
518,2026-04-28T00:51:00,49.507,100.0,26.848,21.993,-0.054995,3000.0,3622.6,66.928,18.263,-0.025402,0.0,0.09877,310.29,72.916,6.7084,13.586,24.962,4302.7,22.049,45.394,50.361,72.832,1.9443,1.4726,3441.8,42.308,48.843,95.868,9.6352,78.737,39.164,2.1043,2920.9,65.537,25.244,100.21,0.22088,8.6497,35.73,120.38,1.3467,74.547,37.725,1.6071,53.712,3.4578,461.24,0.019549,1.0317,67.416,18.749,43.15
519,2026-04-28T00:54:00,49.507,100.0,26.848,21.993,-0.055179,3000.0,3622.6,67.076,18.263,-0.025402,0.0,0.09877,310.29,72.916,6.7084,13.586,24.962,4302.7,22.049,45.394,50.361,72.832,1.9443,1.4726,3441.8,42.308,48.843,95.868,9.6352,78.794,39.164,2.1043,2920.9,65.537,25.244,100.21,0.22088,8.6497,35.73,120.38,1.3467,74.547,37.725,1.6071,53.712,3.4578,461.24,0.019549,1.0317,67.416,18.749,43.15
520,2026-04-28T00:57:00,49.507,100.0,26.848,22.055,-0.055363,3000.0,3622.6,67.224,18.339,-0.025402,0.0,0.09877,310.29,72.916,6.8752,13.614,24.62,4302.7,22.049,45.394,50.361,72.832,1.9324,1.5432,3441.8,42.308,50.203,95.868,9.6352,78.851,39.164,5.4415,2920.9,66.576,25.244,100.21,0.22088,8.6522,35.258,120.38,1.3557,74.547,38.346,1.5637,53.712,3.4387,461.24,0.019549,1.0317,67.416,18.731,43.15
521,2026-04-28T01:00:00,49.507,100.0,26.848,22.055,-0.055546,3000.0,3622.6,67.371,18.339,-0.025402,0.0,0.09877,310.29,72.916,6.8752,13.614,24.62,4302.7,22.049,45.394,50.361,72.832,1.9324,1.5432,3441.8,42.308,50.203,95.868,9.6352,78.908,39.164,5.4415,2920.9,66.576,25.244,100.21,0.22088,8.6522,35.258,120.38,1.3557,74.547,38.346,1.5637,53.712,3.4387,461.24,0.019549,1.0317,67.416,18.731,43.15
522,2026-04-28T01:03:00,49.507,100.0,26.848,22.127,-0.05573,3000.0,3622.6,67.519,17.931,-0.025402,0.0,0.10327,310.29,72.916,6.9584,13.391,24.76,4302.7,22.049,45.394,50.361,72.832,1.9423,1.5313,3441.8,42.308,50.253,95.868,9.6352,78.965,39.164,5.8769,2920.9,65.198,25.244,100.21,0.22088,8.6417,35.052,120.38,1.3393,74.547,38.073,1.5425,53.291,3.5554,461.24,0.030248,1.0262,67.416,18.808,41.935
523,2026-04-28T01:06:00,49.507,100.0,26.848,22.127,-0.055914,3000.0,3622.6,67.667,17.931,-0.025402,0.0,0.10327,310.29,72.916,6.9584,13.391,24.76,4302.7,22.049,45.394,50.361,72.832,1.9423,1.5313,3441.8,42.308,50.253,95.868,9.6352,79.022,39.164,5.8769,2920.9,65.198,25.244,100.21,0.22088,8.6417,35.052,120.38,1.3393,74.547,38.073,1.5425,53.291,3.5554,461.24,0.030248,1.0262,67.416,18.808,41.935
524,2026-04-28T01:09:00,49.507,100.0,26.848,21.748,-0.056097,3000.0,3622.6,67.814,18.253,-0.025402,0.0,0.10327,310.29,72.916,6.7634,13.279,24.898,4302.7,22.049,45.394,50.361,72.832,1.9603,1.4762,3441.8,42.308,50.066,95.868,9.6352,79.08,39.164,0.0,2920.9,64.436,25.244,100.21,0.22088,8.5509,35.516,120.38,1.3727,74.547,38.298,1.5465,53.291,3.4023,461.24,0.030248,1.0262,67.416,18.866,41.935
525,2026-04-28T01:12:00,49.507,100.0,26.848,21.748,-0.056281,3000.0,3622.6,67.962,18.253,-0.025402,0.0,0.10327,310.29,72.916,6.7634,13.279,24.898,4302.7,22.049,45.394,50.361,72.832,1.9603,1.4762,3441.8,42.308,50.066,95.868,9.6352,79.137,39.164,0.0,2920.9,64.436,25.244,100.21,0.22088,8.5509,35.516,120.38,1.3727,74.547,38.298,1.5465,53.291,3.4023,461.24,0.030248,1.0262,67.416,18.866,41.935
526,2026-04-28T01:15:00,49.507,100.0,26.848,21.955,-0.056465,3000.0,3622.6,68.11,18.412,-0.025402,0.0,0.10327,310.29,72.916,6.8216,13.589,24.539,4302.7,22.049,45.394,50.361,72.832,1.9904,1.521,3441.8,42.308,49.913,95.868,9.6352,79.194,39.164,0.0,2920.9,66.166,25.244,100.21,0.22088,8.5852,35.015,120.38,1.5091,74.547,37.913,1.4958,53.291,3.495,461.24,0.030248,1.0262,67.416,18.867,41.935
527,2026-04-28T01:18:00,49.507,100.0,26.848,21.955,-0.056648,3000.0,3622.6,68.257,18.412,-0.025402,0.0,0.1139,310.29,72.916,6.8216,13.589,24.539,4302.7,22.049,45.394,50.361,72.832,1.9904,1.521,3441.8,42.308,49.913,95.868,9.6352,79.251,39.164,0.0,2920.9,66.166,25.244,100.21,0.22088,8.5852,35.015,120.38,1.5091,74.547,37.913,1.4958,54.573,3.495,461.24,0.025557,1.0126,67.416,18.867,42.814
528,2026-04-28T01:21:00,49.507,100.0,26.848,21.573,-0.056832,3000.0,3622.6,68.405,18.263,-0.025402,0.0,0.1139,310.29,72.916,6.8306,13.448,24.987,4302.7,22.049,45.394,50.361,72.832,1.9385,1.5147,3441.8,42.308,49.894,95.868,9.6352,79.308,39.164,7.7229,2920.9,65.74,25.244,100.21,0.22088,8.6632,34.721,120.38,1.4294,74.547,38.354,1.4875,54.573,3.4,461.24,0.025557,1.0126,67.416,18.757,42.814
529,2026-04-28T01:24:00,49.507,100.0,26.848,21.573,-0.057016,3000.0,3622.6,68.553,18.263,-0.025402,0.0,0.1139,310.29,72.916,6.8306,13.448,24.987,4302.7,22.049,45.394,50.361,72.832,1.9385,1.5147,3441.8,42.308,49.894,95.868,9.6352,79.365,39.164,7.7229,2920.9,65.74,25.244,100.21,0.22088,8.6632,34.721,120.38,1.4294,74.547,38.354,1.4875,54.573,3.4,461.24,0.025557,1.0126,67.416,18.757,42.814
530,2026-04-28T01:27:00,49.507,100.0,26.848,21.861,-0.057199,3000.0,3622.6,68.7,18.473,-0.025402,0.0,0.1139,310.29,72.916,6.8999,13.531,24.853,4302.7,22.049,45.394,50.361,72.832,1.9567,1.5049,3441.8,42.308,50.158,95.868,9.6352,79.423,39.164,3.4992,2920.9,65.713,25.244,100.21,0.22088,8.6173,35.087,120.38,1.2276,74.547,37.962,1.5778,54.573,3.4412,461.24,0.025557,1.0126,67.416,18.909,42.814
531,2026-04-28T01:30:00,49.507,100.0,26.848,21.861,-0.057383,3000.0,3622.6,68.848,18.473,-0.025402,0.0,0.1139,310.29,72.916,6.8999,13.531,24.853,4302.7,22.049,45.394,50.361,72.832,1.9567,1.5049,3441.8,42.308,50.158,95.868,9.6352,79.48,39.164,3.4992,2920.9,65.713,25.244,100.21,0.22088,8.6173,35.087,120.38,1.2276,74.547,37.962,1.5778,54.573,3.4412,461.24,0.025557,1.0126,67.416,18.909,42.814
532,2026-04-28T01:33:00,49.507,100.0,26.848,22.226,-0.057567,3000.0,3622.6,68.996,17.906,-0.025402,0.0,0.11067,310.29,72.916,6.9998,13.372,24.542,4302.7,22.049,45.394,50.361,72.832,1.9742,1.481,3441.8,42.308,49.776,95.868,9.6352,79.537,39.164,5.2359,2920.9,65.122,25.244,100.21,0.22088,8.7039,35.281,120.38,1.3764,74.547,38.449,1.5505,53.665,3.3777,461.24,0.020873,1.0335,67.416,18.753,43.698
533,2026-04-28T01:36:00,49.507,100.0,26.848,22.226,-0.05775,3000.0,3622.6,69.144,17.906,-0.025402,0.0,0.11067,310.29,72.916,6.9998,13.372,24.542,4302.7,22.049,45.394,50.361,72.832,1.9742,1.481,3441.8,42.308,49.776,95.868,9.6352,79.594,39.164,5.2359,2920.9,65.122,25.244,100.21,0.22088,8.7039,35.281,120.38,1.3764,74.547,38.449,1.5505,53.665,3.3777,461.24,0.020873,1.0335,67.416,18.753,43.698
534,2026-04-28T01:39:00,49.507,100.0,26.848,22.043,-0.057934,3000.0,3622.6,69.291,18.422,-0.025402,0.0,0.11067,310.29,72.916,6.9229,13.492,25.034,4302.7,22.049,45.394,50.361,72.832,1.9473,1.4513,3441.8,42.308,50.151,95.868,9.6352,79.651,39.164,0.41443,2920.9,64.182,25.244,100.21,0.22088,8.6422,35.396,120.38,1.3479,74.547,37.63,1.4829,53.665,3.5263,461.24,0.020873,1.0335,67.416,18.564,43.698
535,2026-04-28T01:42:00,49.507,100.0,26.848,22.043,-0.058118,3000.0,3622.6,69.439,18.422,-0.025402,0.0,0.11067,310.29,72.916,6.9229,13.492,25.034,4302.7,22.049,45.394,50.361,72.832,1.9473,1.4513,3441.8,42.308,50.151,95.868,9.6352,79.708,39.164,0.41443,2920.9,64.182,25.244,100.21,0.22088,8.6422,35.396,120.38,1.3479,74.547,37.63,1.4829,53.665,3.5263,461.24,0.020873,1.0335,67.416,18.564,43.698
536,2026-04-28T01:45:00,49.507,100.0,26.848,21.765,-0.058301,3000.0,3622.6,69.587,18.797,-0.025402,0.0,0.11067,310.29,72.916,6.7349,13.34,24.985,4302.7,22.049,45.394,50.361,72.832,1.9675,1.5127,3441.8,42.308,50.634,95.868,9.6352,79.765,39.164,3.0513,2920.9,64.781,25.244,100.21,0.22088,8.7205,35.181,120.38,1.3053,74.547,38.176,1.5798,53.665,3.3763,461.24,0.020873,1.0335,67.416,19.348,43.698
537,2026-04-28T01:48:00,49.507,100.0,26.848,21.765,-0.058485,3000.0,3622.6,69.734,18.797,-0.025402,0.0,0.11807,310.29,72.916,6.7349,13.34,24.985,4302.7,22.049,45.394,50.361,72.832,1.9675,1.5127,3441.8,42.308,50.634,95.868,9.6352,79.823,39.164,3.0513,2920.9,64.781,25.244,100.22,0.22088,8.7205,35.181,120.38,1.3053,74.547,38.176,1.5798,54.451,3.3763,461.24,0.02523,1.0384,67.416,19.348,42.48
538,2026-04-28T01:51:00,49.507,100.0,26.848,21.341,-0.058668,3000.0,3622.6,69.882,18.234,-0.025402,0.0,0.11807,310.29,72.916,6.8706,13.363,24.528,4302.7,22.049,45.394,50.361,72.832,1.9796,1.5147,3441.8,42.308,48.68,95.868,9.6352,79.88,39.164,0.0,2920.9,66.48,25.244,100.22,0.22088,8.629,35.654,120.38,1.2383,74.547,38.035,1.5971,54.451,3.4699,461.24,0.02523,1.0384,67.416,18.669,42.48
539,2026-04-28T01:54:00,49.507,100.0,26.848,21.341,-0.058852,3000.0,3622.6,70.03,18.234,-0.025402,0.0,0.11807,310.29,72.916,6.8706,13.363,24.528,4302.7,22.049,45.394,50.361,72.832,1.9796,1.5147,3441.8,42.308,48.68,95.868,9.6352,79.937,39.164,0.0,2920.9,66.48,25.244,100.22,0.22088,8.629,35.654,120.38,1.2383,74.547,38.035,1.5971,54.451,3.4699,461.24,0.02523,1.0384,67.416,18.669,42.48
540,2026-04-28T01:57:00,49.507,100.0,26.848,21.941,-0.059036,3000.0,3622.6,70.177,18.052,-0.025402,0.0,0.11807,310.29,72.916,6.895,13.399,24.487,4302.7,22.049,45.394,50.361,72.832,1.9835,1.4549,3441.8,42.308,50.305,95.868,9.6352,79.994,39.164,0.0,2920.9,65.364,25.244,100.22,0.22088,8.6981,35.692,120.38,1.4234,74.547,38.159,1.5029,54.451,3.4295,461.24,0.02523,1.0384,67.416,18.988,42.48
541,2026-04-28T02:00:00,49.507,100.0,26.848,21.941,-0.059219,3000.0,3622.6,70.325,18.052,-0.025402,0.0,0.11807,310.29,72.916,6.895,13.399,24.487,4302.7,22.049,45.394,50.361,72.832,1.9835,1.4549,3441.8,42.308,50.305,95.868,9.6352,80.051,39.164,0.0,2920.9,65.364,25.244,100.22,0.22088,8.6981,35.692,120.38,1.4234,74.547,38.159,1.5029,54.451,3.4295,461.24,0.02523,1.0384,67.416,18.988,42.48
542,2026-04-28T02:03:00,49.507,100.0,26.848,21.948,-0.059403,3000.0,3622.6,70.473,18.22,-0.025402,0.0,0.12132,310.29,72.916,6.7896,13.564,24.613,4302.7,22.049,45.394,50.361,72.832,1.9805,1.4806,3441.8,42.308,49.515,95.868,9.6352,80.108,39.164,0.31624,2920.9,65.15,25.244,100.22,0.22088,8.7963,35.499,120.38,1.4403,74.547,37.771,1.5035,54.874,3.5649,461.24,0.019907,1.0391,67.416,19.072,43.073
543,2026-04-28T02:06:00,49.507,100.0,26.848,21.948,-0.059587,3000.0,3622.6,70.62,18.22,-0.025402,0.0,0.12132,310.29,72.916,6.7896,13.564,24.613,4302.7,22.049,45.394,50.361,72.832,1.9805,1.4806,3441.8,42.308,49.515,95.868,9.6352,80.166,39.164,0.31624,2920.9,65.15,25.244,100.22,0.22088,8.7963,35.499,120.38,1.4403,74.547,37.771,1.5035,54.874,3.5649,461.24,0.019907,1.0391,67.416,19.072,43.073
544,2026-04-28T02:09:00,49.507,100.0,26.848,21.376,-0.05977,3000.0,3622.6,70.768,17.763,-0.025402,0.0,0.12132,310.29,72.916,6.7286,13.344,24.788,4302.7,22.049,45.394,50.361,72.832,1.9564,1.4998,3441.8,42.308,49.267,95.868,9.6352,80.223,39.164,4.2294,2920.9,66.112,25.244,100.22,0.22088,8.5711,35.368,120.38,1.4321,74.547,38.275,1.5822,54.874,3.4076,461.24,0.019907,1.0391,67.416,18.594,43.073
545,2026-04-28T02:12:00,49.507,100.0,26.848,21.376,-0.059954,3000.0,3622.6,70.916,17.763,-0.025402,0.0,0.12132,310.29,72.916,6.7286,13.344,24.788,4302.7,22.049,45.394,50.361,72.832,1.9564,1.4998,3441.8,42.308,49.267,95.868,9.6352,80.28,39.164,4.2294,2920.9,66.112,25.244,100.22,0.22088,8.5711,35.368,120.38,1.4321,74.547,38.275,1.5822,54.874,3.4076,461.24,0.019907,1.0391,67.416,18.594,43.073
546,2026-04-28T02:15:00,49.507,100.0,26.848,21.998,-0.060138,3000.0,3622.6,71.063,18.353,-0.025402,0.0,0.12132,310.29,72.916,6.8943,13.424,25.007,4302.7,22.049,45.394,50.361,72.832,1.9376,1.5097,3441.8,42.308,50.429,95.868,9.6352,80.337,39.164,0.0,2920.9,66.763,25.244,100.22,0.22088,8.7012,35.016,120.38,1.2772,74.547,37.704,1.5027,54.874,3.3432,461.24,0.019907,1.0391,67.416,18.762,43.073
547,2026-04-28T02:18:00,49.507,100.0,26.848,21.998,-0.060321,3000.0,3622.6,71.211,18.353,-0.025402,0.0,0.094721,310.29,72.916,6.8943,13.424,25.007,4302.7,22.049,45.394,50.361,72.832,1.9376,1.5097,3441.8,42.308,50.429,95.868,9.6352,80.394,39.164,0.0,2920.9,66.763,25.244,100.22,0.22088,8.7012,35.016,120.38,1.2772,74.547,37.704,1.5027,54.545,3.3432,461.24,0.026261,1.0282,67.416,18.762,43.122
548,2026-04-28T02:21:00,49.507,100.0,26.848,21.986,-0.060505,3000.0,3622.6,71.359,18.49,-0.025402,0.0,0.094721,310.29,72.916,6.8301,13.389,25.086,4302.7,22.049,45.394,50.361,72.832,2.001,1.5156,3441.8,42.308,50.033,95.868,9.6352,80.451,39.164,1.4928,2920.9,65.376,25.244,100.22,0.22088,8.8774,35.449,120.38,1.3308,74.547,37.898,1.551,54.545,3.4438,461.24,0.026261,1.0282,67.416,19.027,43.122
549,2026-04-28T02:24:00,49.507,100.0,26.848,21.986,-0.060689,3000.0,3622.6,71.506,18.49,-0.025402,0.0,0.094721,310.29,72.916,6.8301,13.389,25.086,4302.7,22.049,45.394,50.361,72.832,2.001,1.5156,3441.8,42.308,50.033,95.868,9.6352,80.509,39.164,1.4928,2920.9,65.376,25.244,100.22,0.22088,8.8774,35.449,120.38,1.3308,74.547,37.898,1.551,54.545,3.4438,461.24,0.026261,1.0282,67.416,19.027,43.122
550,2026-04-28T02:27:00,49.507,100.0,26.848,21.871,-0.060872,3000.0,3622.6,71.654,18.271,-0.025402,0.0,0.094721,310.29,72.916,6.7563,13.587,24.899,4302.7,22.049,45.394,50.361,72.832,1.9921,1.4959,3441.8,42.308,49.364,95.868,9.6352,80.566,39.164,0.0,2920.9,65.958,25.244,100.22,0.22088,8.8427,35.586,120.38,1.3897,74.547,38.315,1.5157,54.545,3.4954,461.24,0.026261,1.0282,67.416,18.817,43.122
551,2026-04-28T02:30:00,49.507,100.0,26.848,21.871,-0.061056,3000.0,3622.6,71.802,18.271,-0.025402,0.0,0.094721,310.29,72.916,6.7563,13.587,24.899,4302.7,22.049,45.394,50.361,72.832,1.9921,1.4959,3441.8,42.308,49.364,95.868,9.6352,80.623,39.164,0.0,2920.9,65.958,25.244,100.22,0.22088,8.8427,35.586,120.38,1.3897,74.547,38.315,1.5157,54.545,3.4954,461.24,0.026261,1.0282,67.416,18.817,43.122
552,2026-04-28T02:33:00,49.507,100.0,26.848,21.814,-0.06124,3000.0,3622.6,71.949,18.174,-0.025402,0.0,0.10378,310.29,72.916,6.9614,13.447,25.048,4302.7,22.049,45.394,50.361,72.832,1.9928,1.4815,3441.8,42.308,49.853,95.868,9.6352,80.68,39.164,4.7992,2920.9,66.689,25.244,100.22,0.22088,8.6758,35.083,120.38,1.3653,74.547,38.185,1.4446,54.446,3.486,461.24,0.020197,1.0348,67.416,18.774,43.447
553,2026-04-28T02:36:00,49.507,100.0,26.848,21.814,-0.061423,3000.0,3622.6,72.097,18.174,-0.025402,0.0,0.10378,310.29,72.916,6.9614,13.447,25.048,4302.7,22.049,45.394,50.361,72.832,1.9928,1.4815,3441.8,42.308,49.853,95.868,9.6352,80.737,39.164,4.7992,2920.9,66.689,25.244,100.22,0.22088,8.6758,35.083,120.38,1.3653,74.547,38.185,1.4446,54.446,3.486,461.24,0.020197,1.0348,67.416,18.774,43.447
554,2026-04-28T02:39:00,49.507,100.0,26.848,21.859,-0.061607,3000.0,3622.6,72.245,18.562,-0.025402,0.0,0.10378,310.29,72.916,7.1091,13.577,24.868,4302.7,22.049,45.394,50.361,72.832,1.9876,1.4601,3441.8,42.308,49.956,95.868,9.6352,80.794,39.164,0.61986,2920.9,64.912,25.244,100.22,0.22088,8.7111,35.235,120.38,1.3518,74.547,38.01,1.5454,54.446,3.5304,461.24,0.020197,1.0348,67.416,18.839,43.447
555,2026-04-28T02:42:00,49.507,100.0,26.848,21.859,-0.06179,3000.0,3622.6,72.392,18.562,-0.025402,0.0,0.10378,310.29,72.916,7.1091,13.577,24.868,4302.7,22.049,45.394,50.361,72.832,1.9876,1.4601,3441.8,42.308,49.956,95.868,9.6352,80.851,39.164,0.61986,2920.9,64.912,25.244,100.22,0.22088,8.7111,35.235,120.38,1.3518,74.547,38.01,1.5454,54.446,3.5304,461.24,0.020197,1.0348,67.416,18.839,43.447
556,2026-04-28T02:45:00,49.507,100.0,26.848,21.421,-0.061974,3000.0,3622.6,72.54,18.598,-0.025402,0.0,0.10378,310.29,72.916,6.8448,13.454,24.387,4302.7,22.049,45.394,50.361,72.832,1.9255,1.504,3441.8,42.308,49.791,95.868,9.6352,80.909,39.164,3.6261,2920.9,63.472,25.244,100.22,0.22088,8.6417,35.55,120.38,1.3955,74.547,38.16,1.622,54.446,3.5812,461.24,0.020197,1.0348,67.416,19.011,43.447
557,2026-04-28T02:48:00,49.507,100.0,26.848,21.421,-0.062158,3000.0,3622.6,72.688,18.598,-0.025402,0.0,0.090214,310.29,72.916,6.8448,13.454,24.387,4302.7,22.049,45.394,50.361,72.832,1.9255,1.504,3441.8,42.308,49.791,95.868,9.6352,80.966,39.164,3.6261,2920.9,63.472,25.244,100.23,0.22088,8.6417,35.55,120.38,1.3955,74.547,38.16,1.622,54.112,3.5812,461.24,0.033765,1.0272,67.416,19.011,43.996
558,2026-04-28T02:51:00,49.507,100.0,26.848,21.878,-0.062341,3000.0,3622.6,72.835,17.962,-0.025402,0.0,0.090214,310.29,72.916,6.7061,13.427,24.876,4302.7,22.049,45.394,50.361,72.832,1.9584,1.4852,3441.8,42.308,49.345,95.868,9.6352,81.023,39.164,0.0,2920.9,65.7,25.244,100.23,0.22088,8.763,35.207,120.38,1.354,74.547,37.679,1.4889,54.112,3.4899,461.24,0.033765,1.0272,67.416,18.375,43.996
559,2026-04-28T02:54:00,49.507,100.0,26.848,21.878,-0.062525,3000.0,3622.6,72.983,17.962,-0.025402,0.0,0.090214,310.29,72.916,6.7061,13.427,24.876,4302.7,22.049,45.394,50.361,72.832,1.9584,1.4852,3441.8,42.308,49.345,95.868,9.6352,81.08,39.164,0.0,2920.9,65.7,25.244,100.23,0.22088,8.763,35.207,120.38,1.354,74.547,37.679,1.4889,54.112,3.4899,461.24,0.033765,1.0272,67.416,18.375,43.996
560,2026-04-28T02:57:00,49.507,100.0,26.848,21.879,-0.062709,3000.0,3622.6,73.131,18.128,-0.025402,0.0,0.090214,310.29,72.916,6.8041,13.438,25.368,4302.7,22.049,45.394,50.361,72.832,1.9669,1.5175,3441.8,42.308,50.92,95.868,9.6352,81.137,39.164,0.0,2920.9,67.017,25.244,100.23,0.22088,8.7915,35.308,120.38,1.1373,74.547,37.664,1.4405,54.112,3.5553,461.24,0.033765,1.0272,67.416,18.925,43.996
561,2026-04-28T03:00:00,49.507,100.0,26.848,21.879,-0.062892,3000.0,3622.6,73.278,18.128,-0.025402,0.0,0.090214,310.29,72.916,6.8041,13.438,25.368,4302.7,22.049,45.394,50.361,72.832,1.9669,1.5175,3441.8,42.308,50.92,95.868,9.6352,81.194,39.164,0.0,2920.9,67.017,25.244,100.23,0.22088,8.7915,35.308,120.38,1.1373,74.547,37.664,1.4405,54.112,3.5553,461.24,0.033765,1.0272,67.416,18.925,43.996
562,2026-04-28T03:03:00,49.507,100.0,26.848,21.809,-0.063076,3000.0,3622.6,73.426,17.877,-0.025402,0.0,0.097361,310.29,72.916,6.7707,13.391,25.295,4302.7,22.049,45.394,50.361,72.832,1.9606,1.4811,3441.8,42.308,49.59,95.868,9.6352,81.252,39.164,0.0,2920.9,66.278,25.244,100.23,0.22088,8.5352,35.646,120.38,1.2487,74.547,37.761,1.5855,54.751,3.4812,461.24,0.021806,1.0256,67.416,18.684,43.174
563,2026-04-28T03:06:00,49.507,100.0,26.848,21.809,-0.06326,3000.0,3622.6,73.574,17.877,-0.025402,0.0,0.097361,310.29,72.916,6.7707,13.391,25.295,4302.7,22.049,45.394,50.361,72.832,1.9606,1.4811,3441.8,42.308,49.59,95.868,9.6352,81.309,39.164,0.0,2920.9,66.278,25.244,100.23,0.22088,8.5352,35.646,120.38,1.2487,74.547,37.761,1.5855,54.751,3.4812,461.24,0.021806,1.0256,67.416,18.684,43.174
564,2026-04-28T03:09:00,49.507,100.0,26.848,21.617,-0.063443,3000.0,3622.6,73.721,18.442,-0.025402,0.0,0.097361,310.29,72.916,6.8133,13.445,24.943,4302.7,22.049,45.394,50.361,72.832,1.9546,1.4507,3441.8,42.308,50.178,95.868,9.6352,81.366,39.164,0.0,2920.9,66.66,25.244,100.23,0.22088,8.6319,35.658,120.38,1.2977,74.547,38.373,1.5748,54.751,3.4159,461.24,0.021806,1.0256,67.416,18.658,43.174
565,2026-04-28T03:12:00,49.507,100.0,26.848,21.617,-0.063627,3000.0,3622.6,73.869,18.442,-0.025402,0.0,0.097361,310.29,72.916,6.8133,13.445,24.943,4302.7,22.049,45.394,50.361,72.832,1.9546,1.4507,3441.8,42.308,50.178,95.868,9.6352,81.423,39.164,0.0,2920.9,66.66,25.244,100.23,0.22088,8.6319,35.658,120.38,1.2977,74.547,38.373,1.5748,54.751,3.4159,461.24,0.021806,1.0256,67.416,18.658,43.174
566,2026-04-28T03:15:00,49.507,100.0,26.848,22.296,-0.063811,3000.0,3622.6,74.017,18.033,-0.025402,0.0,0.097361,310.29,72.916,6.9537,13.68,24.55,4302.7,22.049,45.394,50.361,72.832,1.9553,1.513,3441.8,42.308,50.258,95.868,9.6352,81.48,39.164,0.83787,2920.9,66.371,25.244,100.23,0.22088,8.81,35.273,120.38,1.1734,74.547,37.506,1.6223,54.751,3.4292,461.24,0.021806,1.0256,67.416,19.002,43.174
567,2026-04-28T03:18:00,49.507,100.0,26.848,22.296,-0.063994,3000.0,3622.6,74.165,18.033,-0.025402,0.0,0.1079,310.29,72.916,6.9537,13.68,24.55,4302.7,22.049,45.394,50.361,72.832,1.9553,1.513,3441.8,42.308,50.258,95.868,9.6352,81.537,39.164,0.83787,2920.9,66.371,25.244,100.23,0.22088,8.81,35.273,120.38,1.1734,74.547,37.506,1.6223,55.16,3.4292,461.24,0.010529,1.0369,67.416,19.002,43.182
568,2026-04-28T03:21:00,49.507,100.0,26.848,21.623,-0.064178,3000.0,3622.6,74.312,18.384,-0.025402,0.0,0.1079,310.29,72.916,6.9394,13.456,25.081,4302.7,22.049,45.394,50.361,72.832,1.9727,1.5257,3441.8,42.308,49.405,95.868,9.6352,81.594,39.164,6.7294,2920.9,65.138,25.244,100.23,0.22088,8.5656,35.384,120.38,1.1144,74.547,37.851,1.542,55.16,3.3741,461.24,0.010529,1.0369,67.416,18.793,43.182
569,2026-04-28T03:24:00,49.507,100.0,26.848,21.623,-0.064362,3000.0,3622.6,74.46,18.384,-0.025402,0.0,0.1079,310.29,72.916,6.9394,13.456,25.081,4302.7,22.049,45.394,50.361,72.832,1.9727,1.5257,3441.8,42.308,49.405,95.868,9.6352,81.652,39.164,6.7294,2920.9,65.138,25.244,100.23,0.22088,8.5656,35.384,120.38,1.1144,74.547,37.851,1.542,55.16,3.3741,461.24,0.010529,1.0369,67.416,18.793,43.182
570,2026-04-28T03:27:00,49.507,100.0,26.848,22.177,-0.064545,3000.0,3622.6,74.608,18.608,-0.025402,0.0,0.1079,310.29,72.916,6.775,13.443,24.435,4302.7,22.049,45.394,50.361,72.832,1.9364,1.5206,3441.8,42.308,49.897,95.868,9.6352,81.709,39.164,0.379,2920.9,65.203,25.244,100.23,0.22088,8.5027,35.856,120.38,1.3075,74.547,38.333,1.5145,55.16,3.4492,461.24,0.010529,1.0369,67.416,18.679,43.182
571,2026-04-28T03:30:00,49.507,100.0,26.848,22.177,-0.064729,3000.0,3622.6,74.755,18.608,-0.025402,0.0,0.1079,310.29,72.916,6.775,13.443,24.435,4302.7,22.049,45.394,50.361,72.832,1.9364,1.5206,3441.8,42.308,49.897,95.868,9.6352,81.766,39.164,0.379,2920.9,65.203,25.244,100.23,0.22088,8.5027,35.856,120.38,1.3075,74.547,38.333,1.5145,55.16,3.4492,461.24,0.010529,1.0369,67.416,18.679,43.182
572,2026-04-28T03:33:00,49.507,100.0,26.848,21.832,-0.064913,3000.0,3622.6,74.903,18.155,-0.025402,0.0,0.10975,310.29,72.916,6.8964,13.554,24.663,4302.7,22.049,45.394,50.361,72.832,1.9191,1.4893,3441.8,42.308,50.184,95.868,9.6352,81.823,39.164,0.0,2920.9,66.668,25.244,100.24,0.22088,8.6603,35.567,120.38,1.4356,74.547,38.285,1.5299,54.951,3.4796,461.24,0.012101,1.0348,67.416,19.146,43.223
573,2026-04-28T03:36:00,49.507,100.0,26.848,21.832,-0.065096,3000.0,3622.6,75.051,18.155,-0.025402,0.0,0.10975,310.29,72.916,6.8964,13.554,24.663,4302.7,22.049,45.394,50.361,72.832,1.9191,1.4893,3441.8,42.308,50.184,95.868,9.6352,81.88,39.164,0.0,2920.9,66.668,25.244,100.24,0.22088,8.6603,35.567,120.38,1.4356,74.547,38.285,1.5299,54.951,3.4796,461.24,0.012101,1.0348,67.416,19.146,43.223
574,2026-04-28T03:39:00,49.507,100.0,26.848,21.481,-0.06528,3000.0,3622.6,75.198,18.105,-0.025402,0.0,0.10975,310.29,72.916,6.8168,13.619,24.914,4302.7,22.049,45.394,50.361,72.832,2.006,1.496,3441.8,42.308,49.015,95.868,9.6352,81.937,39.164,2.4943,2920.9,65.647,25.244,100.24,0.22088,8.7207,35.375,120.38,1.2493,74.547,38.023,1.5464,54.951,3.4585,461.24,0.012101,1.0348,67.416,18.7,43.223
575,2026-04-28T03:42:00,49.507,100.0,26.848,21.481,-0.065463,3000.0,3622.6,75.346,18.105,-0.025402,0.0,0.10975,310.29,72.916,6.8168,13.619,24.914,4302.7,22.049,45.394,50.361,72.832,2.006,1.496,3441.8,42.308,49.015,95.868,9.6352,81.995,39.164,2.4943,2920.9,65.647,25.244,100.24,0.22088,8.7207,35.375,120.38,1.2493,74.547,38.023,1.5464,54.951,3.4585,461.24,0.012101,1.0348,67.416,18.7,43.223
576,2026-04-28T03:45:00,49.507,100.0,26.848,21.657,-0.065647,3000.0,3622.6,75.494,18.587,-0.025402,0.0,0.10975,310.29,72.916,7.083,13.442,24.791,4302.7,22.049,45.394,50.361,72.832,1.9444,1.4831,3441.8,42.308,50.085,95.868,9.6352,82.052,39.164,3.8692,2920.9,66.369,25.244,100.24,0.22088,8.7029,35.55,120.38,1.3595,74.547,38.376,1.6081,54.951,3.5001,461.24,0.012101,1.0348,67.416,18.823,43.223
577,2026-04-28T03:48:00,49.507,100.0,26.848,21.657,-0.065831,3000.0,3622.6,75.641,18.587,-0.025402,0.0,0.09741,310.29,72.916,7.083,13.442,24.791,4302.7,22.049,45.394,50.361,72.832,1.9444,1.4831,3441.8,42.308,50.085,95.868,9.6352,82.109,39.164,3.8692,2920.9,66.369,25.244,100.24,0.22088,8.7029,35.55,120.38,1.3595,74.547,38.376,1.6081,54.15,3.5001,461.24,0.018349,1.0193,67.416,18.823,42.432
578,2026-04-28T03:51:00,49.507,100.0,26.848,21.686,-0.066014,3000.0,3622.6,75.789,18.002,-0.025402,0.0,0.09741,310.29,72.916,7.0222,13.557,25.11,4302.7,22.049,45.394,50.361,72.832,1.9582,1.4809,3441.8,42.308,49.786,95.868,9.6352,82.166,39.164,0.0,2920.9,63.97,25.244,100.24,0.22088,8.7509,35.131,120.38,1.3882,74.547,37.769,1.5703,54.15,3.4197,461.24,0.018349,1.0193,67.416,18.405,42.432
579,2026-04-28T03:54:00,49.507,100.0,26.848,21.686,-0.066198,3000.0,3622.6,75.937,18.002,-0.025402,0.0,0.09741,310.29,72.916,7.0222,13.557,25.11,4302.7,22.049,45.394,50.361,72.832,1.9582,1.4809,3441.8,42.308,49.786,95.868,9.6352,82.223,39.164,0.0,2920.9,63.97,25.244,100.24,0.22088,8.7509,35.131,120.38,1.3882,74.547,37.769,1.5703,54.15,3.4197,461.24,0.018349,1.0193,67.416,18.405,42.432
580,2026-04-28T03:57:00,49.507,100.0,26.848,21.854,-0.066382,3000.0,3622.6,76.084,18.317,-0.025402,0.0,0.09741,310.29,72.916,6.7811,13.58,24.759,4302.7,22.049,45.394,50.361,72.832,1.9606,1.5192,3441.8,42.308,50.839,95.868,9.6352,82.28,39.164,2.6075,2920.9,64.342,25.244,100.24,0.22088,8.5211,34.932,120.38,1.1945,74.547,37.875,1.5747,54.15,3.4865,461.24,0.018349,1.0193,67.416,19.037,42.432
581,2026-04-28T04:00:00,49.507,100.0,26.848,21.854,-0.066565,3000.0,3622.6,76.232,18.317,-0.025402,0.0,0.09741,310.29,72.916,6.7811,13.58,24.759,4302.7,22.049,45.394,50.361,72.832,1.9606,1.5192,3441.8,42.308,50.839,95.868,9.6352,82.337,39.164,2.6075,2920.9,64.342,25.244,100.24,0.22088,8.5211,34.932,120.38,1.1945,74.547,37.875,1.5747,54.15,3.4865,461.24,0.018349,1.0193,67.416,19.037,42.432
582,2026-04-28T04:03:00,49.507,100.0,26.848,22.528,-0.066749,3000.0,3622.6,76.38,18.255,-0.025402,0.0,0.097096,310.29,72.916,6.8782,13.511,24.859,4302.7,22.049,45.394,50.361,72.832,1.9964,1.4819,3441.8,42.308,49.298,95.868,9.6352,82.395,39.164,2.8523,2920.9,66.439,25.244,100.24,0.22088,8.6173,35.323,120.38,1.1814,74.547,37.911,1.4741,54.465,3.5187,461.24,0.0087334,1.0241,67.416,19.047,43.911
583,2026-04-28T04:06:00,49.507,100.0,26.848,22.528,-0.066933,3000.0,3622.6,76.527,18.255,-0.025402,0.0,0.097096,310.29,72.916,6.8782,13.511,24.859,4302.7,22.049,45.394,50.361,72.832,1.9964,1.4819,3441.8,42.308,49.298,95.868,9.6352,82.452,39.164,2.8523,2920.9,66.439,25.244,100.24,0.22088,8.6173,35.323,120.38,1.1814,74.547,37.911,1.4741,54.465,3.5187,461.24,0.0087334,1.0241,67.416,19.047,43.911
584,2026-04-28T04:09:00,49.507,100.0,26.848,22.047,-0.067116,3000.0,3622.6,76.675,18.054,-0.025402,0.0,0.097096,310.29,72.916,6.9318,13.454,25.342,4302.7,22.049,45.394,50.361,72.832,1.9131,1.5072,3441.8,42.308,49.227,95.868,9.6352,82.509,39.164,0.58761,2920.9,65.636,25.244,100.24,0.22088,8.8209,35.45,120.38,1.3308,74.547,38.159,1.6323,54.465,3.4448,461.24,0.0087334,1.0241,67.416,18.637,43.911
585,2026-04-28T04:12:00,49.507,100.0,26.848,22.047,-0.0673,3000.0,3622.6,76.823,18.054,-0.025402,0.0,0.097096,310.29,72.916,6.9318,13.454,25.342,4302.7,22.049,45.394,50.361,72.832,1.9131,1.5072,3441.8,42.308,49.227,95.868,9.6352,82.566,39.164,0.58761,2920.9,65.636,25.244,100.24,0.22088,8.8209,35.45,120.38,1.3308,74.547,38.159,1.6323,54.465,3.4448,461.24,0.0087334,1.0241,67.416,18.637,43.911
586,2026-04-28T04:15:00,49.507,100.0,26.848,21.794,-0.067484,3000.0,3622.6,76.97,18.016,-0.025402,0.0,0.097096,310.29,72.916,6.9423,13.59,24.955,4302.7,22.049,45.394,50.361,72.832,1.9518,1.5098,3441.8,42.308,50.222,95.868,9.6352,82.623,39.164,0.0,2920.9,65.144,25.244,100.24,0.22088,8.6931,35.852,120.38,1.1897,74.547,37.909,1.5357,54.465,3.5242,461.24,0.0087334,1.0241,67.416,18.846,43.911
587,2026-04-28T04:18:00,49.507,100.0,26.848,21.794,-0.067667,3000.0,3622.6,77.118,18.016,-0.025402,0.0,0.10586,310.29,72.916,6.9423,13.59,24.955,4302.7,22.049,45.394,50.361,72.832,1.9518,1.5098,3441.8,42.308,50.222,95.868,9.6352,82.68,39.164,0.0,2920.9,65.144,25.244,100.24,0.22088,8.6931,35.852,120.38,1.1897,74.547,37.909,1.5357,54.035,3.5242,461.24,0.027571,1.024,67.416,18.846,43.116
588,2026-04-28T04:21:00,49.507,100.0,26.848,21.952,-0.067851,3000.0,3622.6,77.266,18.44,-0.025402,0.0,0.10586,310.29,72.916,6.8583,13.351,24.942,4302.7,22.049,45.394,50.361,72.832,1.9462,1.5261,3441.8,42.308,49.717,95.868,9.6352,82.738,39.164,3.2077,2920.9,65.0,25.244,100.24,0.22088,8.6021,35.442,120.38,1.2903,74.547,37.679,1.5241,54.035,3.4299,461.24,0.027571,1.024,67.416,18.757,43.116
589,2026-04-28T04:24:00,49.507,100.0,26.848,21.952,-0.068035,3000.0,3622.6,77.413,18.44,-0.025402,0.0,0.10586,310.29,72.916,6.8583,13.351,24.942,4302.7,22.049,45.394,50.361,72.832,1.9462,1.5261,3441.8,42.308,49.717,95.868,9.6352,82.795,39.164,3.2077,2920.9,65.0,25.244,100.24,0.22088,8.6021,35.442,120.38,1.2903,74.547,37.679,1.5241,54.035,3.4299,461.24,0.027571,1.024,67.416,18.757,43.116
590,2026-04-28T04:27:00,49.507,100.0,26.848,21.864,-0.068218,3000.0,3622.6,77.561,18.495,-0.025402,0.0,0.10586,310.29,72.916,6.9434,13.47,24.46,4302.7,22.049,45.394,50.361,72.832,1.9503,1.5013,3441.8,42.308,49.93,95.868,9.6352,82.852,39.164,0.0,2920.9,65.72,25.244,100.24,0.22088,8.6665,35.426,120.38,1.5625,74.547,37.838,1.4911,54.035,3.4849,461.24,0.027571,1.024,67.416,18.46,43.116
591,2026-04-28T04:30:00,49.507,100.0,26.848,21.864,-0.068402,3000.0,3622.6,77.709,18.495,-0.025402,0.0,0.10586,310.29,72.916,6.9434,13.47,24.46,4302.7,22.049,45.394,50.361,72.832,1.9503,1.5013,3441.8,42.308,49.93,95.868,9.6352,82.909,39.164,0.0,2920.9,65.72,25.244,100.24,0.22088,8.6665,35.426,120.38,1.5625,74.547,37.838,1.4911,54.035,3.4849,461.24,0.027571,1.024,67.416,18.46,43.116
592,2026-04-28T04:33:00,49.507,100.0,26.848,21.673,-0.068585,3000.0,3622.6,77.856,18.317,-0.025402,0.0,0.11641,310.29,72.916,6.9314,13.399,24.915,4302.7,22.049,45.394,50.361,72.832,1.932,1.5229,3441.8,42.308,50.687,95.868,9.6352,82.966,39.164,2.5864,2920.9,64.956,25.244,100.24,0.22088,8.7879,35.392,120.38,1.2174,74.547,38.045,1.6081,54.67,3.4033,461.24,0.029683,1.0139,67.416,18.71,43.376
593,2026-04-28T04:36:00,49.507,100.0,26.848,21.673,-0.068769,3000.0,3622.6,78.004,18.317,-0.025402,0.0,0.11641,310.29,72.916,6.9314,13.399,24.915,4302.7,22.049,45.394,50.361,72.832,1.932,1.5229,3441.8,42.308,50.687,95.868,9.6352,83.023,39.164,2.5864,2920.9,64.956,25.244,100.24,0.22088,8.7879,35.392,120.38,1.2174,74.547,38.045,1.6081,54.67,3.4033,461.24,0.029683,1.0139,67.416,18.71,43.376
594,2026-04-28T04:39:00,49.507,100.0,26.848,21.82,-0.068953,3000.0,3622.6,78.152,18.398,-0.025402,0.0,0.11641,310.29,72.916,6.9034,13.576,24.755,4302.7,22.049,45.394,50.361,72.832,1.9704,1.4875,3441.8,42.308,50.105,95.868,9.6352,83.081,39.164,0.11265,2920.9,65.008,25.244,100.24,0.22088,8.4896,35.355,120.38,1.3164,74.547,37.958,1.5205,54.67,3.4244,461.24,0.029683,1.0139,67.416,18.432,43.376
595,2026-04-28T04:42:00,49.507,100.0,26.848,21.82,-0.069136,3000.0,3622.6,78.299,18.398,-0.025402,0.0,0.11641,310.29,72.916,6.9034,13.576,24.755,4302.7,22.049,45.394,50.361,72.832,1.9704,1.4875,3441.8,42.308,50.105,95.868,9.6352,83.138,39.164,0.11265,2920.9,65.008,25.244,100.24,0.22088,8.4896,35.355,120.38,1.3164,74.547,37.958,1.5205,54.67,3.4244,461.24,0.029683,1.0139,67.416,18.432,43.376
596,2026-04-28T04:45:00,49.507,100.0,26.848,21.947,-0.06932,3000.0,3622.6,78.447,18.2,-0.025402,0.0,0.11641,310.29,72.916,6.8575,13.615,25.052,4302.7,22.049,45.394,50.361,72.832,1.944,1.4895,3441.8,42.308,50.823,95.868,9.6352,83.195,39.164,4.3464,2920.9,65.221,25.244,100.24,0.22088,8.7763,35.657,120.38,1.2538,74.547,37.609,1.5206,54.67,3.4104,461.24,0.029683,1.0139,67.416,18.56,43.376
597,2026-04-28T04:48:00,49.507,100.0,26.848,21.947,-0.069504,3000.0,3622.6,78.595,18.2,-0.025402,0.0,0.10428,310.29,72.916,6.8575,13.615,25.052,4302.7,22.049,45.394,50.361,72.832,1.944,1.4895,3441.8,42.308,50.823,95.868,9.6352,83.252,39.164,4.3464,2920.9,65.221,25.244,100.24,0.22088,8.7763,35.657,120.38,1.2538,74.547,37.609,1.5206,54.388,3.4104,461.24,0.035645,1.0206,67.416,18.56,42.722
598,2026-04-28T04:51:00,49.507,100.0,26.848,21.846,-0.069687,3000.0,3622.6,78.742,18.368,-0.025402,0.0,0.10428,310.29,72.916,6.9548,13.48,24.803,4302.7,22.049,45.394,50.361,72.832,1.9934,1.5235,3441.8,42.308,50.556,95.868,9.6352,83.309,39.164,5.0496,2920.9,65.625,25.244,100.24,0.22088,8.8053,35.442,120.38,1.2833,74.547,38.184,1.5031,54.388,3.5868,461.24,0.035645,1.0206,67.416,18.805,42.722
599,2026-04-28T04:54:00,49.507,100.0,26.848,21.846,-0.069871,3000.0,3622.6,78.89,18.368,-0.025402,0.0,0.10428,310.29,72.916,6.9548,13.48,24.803,4302.7,22.049,45.394,50.361,72.832,1.9934,1.5235,3441.8,42.308,50.556,95.868,9.6352,83.366,39.164,5.0496,2920.9,65.625,25.244,100.24,0.22088,8.8053,35.442,120.38,1.2833,74.547,38.184,1.5031,54.388,3.5868,461.24,0.035645,1.0206,67.416,18.805,42.722
600,2026-04-28T04:57:00,49.507,100.0,26.848,21.617,-0.070055,3000.0,3622.6,79.038,17.995,-0.025402,0.0,0.10428,310.29,72.916,6.909,13.686,24.549,4302.7,22.049,45.394,50.361,72.832,1.9687,1.4995,3441.8,42.308,49.971,95.868,9.6352,83.423,39.164,1.0408,2920.9,64.748,25.244,100.24,0.22088,8.7471,35.424,120.38,1.3334,74.547,38.083,1.5525,54.388,3.3789,461.24,0.035645,1.0206,67.416,18.981,42.722
601,2026-04-28T05:00:00,49.507,100.0,26.848,21.617,-0.070238,3000.0,3622.6,79.186,17.995,-0.025402,0.0,0.10428,310.29,72.916,6.909,13.686,24.549,4302.7,22.049,45.394,50.361,72.832,1.9687,1.4995,3441.8,42.308,49.971,95.868,9.6352,83.481,39.164,1.0408,2920.9,64.748,25.244,100.24,0.22088,8.7471,35.424,120.38,1.3334,74.547,38.083,1.5525,54.388,3.3789,461.24,0.035645,1.0206,67.416,18.981,42.722
602,2026-04-28T05:03:00,49.507,100.0,26.848,21.978,-0.070422,3000.0,3622.6,79.333,18.423,-0.025402,0.0,0.099606,310.29,72.916,6.9291,13.606,25.017,4302.7,22.049,45.394,50.361,72.832,1.9871,1.5597,3441.8,42.308,49.518,95.868,9.6352,83.538,39.164,6.2018,2920.9,65.103,25.244,100.25,0.22088,8.6382,35.327,120.38,1.1085,74.547,38.052,1.6185,54.549,3.398,461.24,0.0095687,1.0365,67.416,19.355,43.656
603,2026-04-28T05:06:00,49.507,100.0,26.848,21.978,-0.070606,3000.0,3622.6,79.481,18.423,-0.025402,0.0,0.099606,310.29,72.916,6.9291,13.606,25.017,4302.7,22.049,45.394,50.361,72.832,1.9871,1.5597,3441.8,42.308,49.518,95.868,9.6352,83.595,39.164,6.2018,2920.9,65.103,25.244,100.25,0.22088,8.6382,35.327,120.38,1.1085,74.547,38.052,1.6185,54.549,3.398,461.24,0.0095687,1.0365,67.416,19.355,43.656
604,2026-04-28T05:09:00,49.507,100.0,26.848,21.405,-0.070789,3000.0,3622.6,79.629,18.132,-0.025402,0.0,0.099606,310.29,72.916,6.784,13.643,25.062,4302.7,22.049,45.394,50.361,72.832,2.0058,1.5117,3441.8,42.308,48.535,95.868,9.6352,83.652,39.164,3.7957,2920.9,64.892,25.244,100.25,0.22088,8.4588,35.422,120.38,1.232,74.547,38.047,1.5303,54.549,3.4713,461.24,0.0095687,1.0365,67.416,18.873,43.656
605,2026-04-28T05:12:00,49.507,100.0,26.848,21.405,-0.070973,3000.0,3622.6,79.776,18.132,-0.025402,0.0,0.099606,310.29,72.916,6.784,13.643,25.062,4302.7,22.049,45.394,50.361,72.832,2.0058,1.5117,3441.8,42.308,48.535,95.868,9.6352,83.709,39.164,3.7957,2920.9,64.892,25.244,100.25,0.22088,8.4588,35.422,120.38,1.232,74.547,38.047,1.5303,54.549,3.4713,461.24,0.0095687,1.0365,67.416,18.873,43.656
606,2026-04-28T05:15:00,49.507,100.0,26.848,21.897,-0.071157,3000.0,3622.6,79.924,18.429,-0.025402,0.0,0.099606,310.29,72.916,6.9673,13.507,24.909,4302.7,22.049,45.394,50.361,72.832,1.9566,1.5497,3441.8,42.308,49.66,95.868,9.6352,83.766,39.164,4.4873,2920.9,66.189,25.244,100.25,0.22088,8.889,35.646,120.38,1.2542,74.547,38.067,1.5597,54.549,3.4438,461.24,0.0095687,1.0365,67.416,19.237,43.656
607,2026-04-28T05:18:00,49.507,100.0,26.848,21.897,-0.07134,3000.0,3622.6,80.072,18.429,-0.025402,0.0,0.098077,310.29,72.916,6.9673,13.507,24.909,4302.7,22.049,45.394,50.361,72.832,1.9566,1.5497,3441.8,42.308,49.66,95.868,9.6352,83.824,39.164,4.4873,2920.9,66.189,25.244,100.25,0.22088,8.889,35.646,120.38,1.2542,74.547,38.067,1.5597,55.275,3.4438,461.24,0.010327,1.0208,67.416,19.237,42.443
608,2026-04-28T05:21:00,49.507,100.0,26.848,22.121,-0.071524,3000.0,3622.6,80.219,18.397,-0.025402,0.0,0.098077,310.29,72.916,6.8653,13.646,24.894,4302.7,22.049,45.394,50.361,72.832,1.9526,1.4858,3441.8,42.308,48.72,95.868,9.6352,83.881,39.164,0.49263,2920.9,64.587,25.244,100.25,0.22088,8.6783,35.374,120.38,1.3403,74.547,37.722,1.5724,55.275,3.4611,461.24,0.010327,1.0208,67.416,18.971,42.443
609,2026-04-28T05:24:00,49.507,100.0,26.848,22.121,-0.071708,3000.0,3622.6,80.367,18.397,-0.025402,0.0,0.098077,310.29,72.916,6.8653,13.646,24.894,4302.7,22.049,45.394,50.361,72.832,1.9526,1.4858,3441.8,42.308,48.72,95.868,9.6352,83.938,39.164,0.49263,2920.9,64.587,25.244,100.25,0.22088,8.6783,35.374,120.38,1.3403,74.547,37.722,1.5724,55.275,3.4611,461.24,0.010327,1.0208,67.416,18.971,42.443
610,2026-04-28T05:27:00,49.507,100.0,26.848,22.166,-0.071891,3000.0,3622.6,80.515,18.466,-0.025402,0.0,0.098077,310.29,72.916,6.8513,13.658,24.815,4302.7,22.049,45.394,50.361,72.832,1.9626,1.4912,3441.8,42.308,49.317,95.868,9.6352,83.995,39.164,3.8441,2920.9,65.449,25.244,100.25,0.22088,8.8582,35.296,120.38,1.3793,74.547,37.641,1.5767,55.275,3.4309,461.24,0.010327,1.0208,67.416,18.707,42.443
611,2026-04-28T05:30:00,49.507,100.0,26.848,22.166,-0.072075,3000.0,3622.6,80.662,18.466,-0.025402,0.0,0.098077,310.29,72.916,6.8513,13.658,24.815,4302.7,22.049,45.394,50.361,72.832,1.9626,1.4912,3441.8,42.308,49.317,95.868,9.6352,84.052,39.164,3.8441,2920.9,65.449,25.244,100.25,0.22088,8.8582,35.296,120.38,1.3793,74.547,37.641,1.5767,55.275,3.4309,461.24,0.010327,1.0208,67.416,18.707,42.443
612,2026-04-28T05:33:00,49.507,100.0,26.848,22.003,-0.072258,3000.0,3622.6,80.81,18.429,-0.025402,0.0,0.094132,310.29,72.916,6.8208,13.431,24.909,4302.7,22.049,45.394,50.361,72.832,1.9365,1.4884,3441.8,42.308,49.954,95.868,9.6352,84.109,39.164,3.9175,2920.9,65.594,25.244,100.25,0.22088,8.7826,35.48,120.38,1.2903,74.547,38.243,1.485,54.328,3.4347,461.24,0.032151,1.0164,67.416,18.772,42.995
613,2026-04-28T05:36:00,49.507,100.0,26.848,22.003,-0.072442,3000.0,3622.6,80.958,18.429,-0.025402,0.0,0.094132,310.29,72.916,6.8208,13.431,24.909,4302.7,22.049,45.394,50.361,72.832,1.9365,1.4884,3441.8,42.308,49.954,95.868,9.6352,84.166,39.164,3.9175,2920.9,65.594,25.244,100.25,0.22088,8.7826,35.48,120.38,1.2903,74.547,38.243,1.485,54.328,3.4347,461.24,0.032151,1.0164,67.416,18.772,42.995
614,2026-04-28T05:39:00,49.507,100.0,26.848,21.922,-0.072626,3000.0,3622.6,81.105,18.225,-0.025402,0.0,0.094132,310.29,72.916,6.8878,13.355,25.072,4302.7,22.049,45.394,50.361,72.832,1.9576,1.4937,3441.8,42.308,49.802,95.868,9.6352,84.224,39.164,0.0,2920.9,65.905,25.244,100.25,0.22088,8.5256,35.023,120.38,1.213,74.547,38.256,1.6371,54.328,3.4294,461.24,0.032151,1.0164,67.416,19.145,42.995
615,2026-04-28T05:42:00,49.507,100.0,26.848,21.922,-0.072809,3000.0,3622.6,81.253,18.225,-0.025402,0.0,0.094132,310.29,72.916,6.8878,13.355,25.072,4302.7,22.049,45.394,50.361,72.832,1.9576,1.4937,3441.8,42.308,49.802,95.868,9.6352,84.281,39.164,0.0,2920.9,65.905,25.244,100.25,0.22088,8.5256,35.023,120.38,1.213,74.547,38.256,1.6371,54.328,3.4294,461.24,0.032151,1.0164,67.416,19.145,42.995
616,2026-04-28T05:45:00,49.507,100.0,26.848,22.013,-0.072993,3000.0,3622.6,81.401,17.909,-0.025402,0.0,0.094132,310.29,72.916,6.8752,13.506,24.837,4302.7,22.049,45.394,50.361,72.832,1.9498,1.5227,3441.8,42.308,48.856,95.868,9.6352,84.338,39.164,0.0,2920.9,65.343,25.244,100.25,0.22088,8.6747,35.617,120.38,1.2927,74.547,38.09,1.6162,54.328,3.5094,461.24,0.032151,1.0164,67.416,19.033,42.995
617,2026-04-28T05:48:00,49.507,100.0,26.848,22.013,-0.073177,3000.0,3622.6,81.548,17.909,-0.025402,0.0,0.11522,310.29,72.916,6.8752,13.506,24.837,4302.7,22.049,45.394,50.361,72.832,1.9498,1.5227,3441.8,42.308,48.856,95.868,9.6352,84.395,39.164,0.0,2920.9,65.343,25.244,100.25,0.22088,8.6747,35.617,120.38,1.2927,74.547,38.09,1.6162,54.79,3.5094,461.24,0.03155,1.0328,67.416,19.033,43.417
618,2026-04-28T05:51:00,49.507,100.0,26.848,22.178,-0.07336,3000.0,3622.6,81.696,18.403,-0.025402,0.0,0.11522,310.29,72.916,6.9081,13.606,25.073,4302.7,22.049,45.394,50.361,72.832,1.9697,1.4736,3441.8,42.308,49.078,95.868,9.6352,84.452,39.164,3.4428,2920.9,65.455,25.244,100.25,0.22088,8.6968,35.349,120.38,1.3501,74.547,38.898,1.5355,54.79,3.4349,461.24,0.03155,1.0328,67.416,18.86,43.417
619,2026-04-28T05:54:00,49.507,100.0,26.848,22.178,-0.073544,3000.0,3622.6,81.844,18.403,-0.025402,0.0,0.11522,310.29,72.916,6.9081,13.606,25.073,4302.7,22.049,45.394,50.361,72.832,1.9697,1.4736,3441.8,42.308,49.078,95.868,9.6352,84.509,39.164,3.4428,2920.9,65.455,25.244,100.25,0.22088,8.6968,35.349,120.38,1.3501,74.547,38.898,1.5355,54.79,3.4349,461.24,0.03155,1.0328,67.416,18.86,43.417
620,2026-04-28T05:57:00,49.507,100.0,26.848,21.704,-0.073728,3000.0,3622.6,81.991,18.061,-0.025402,0.0,0.11522,310.29,72.916,6.6533,13.555,25.028,4302.7,22.049,45.394,50.361,72.832,1.9496,1.5068,3441.8,42.308,49.473,95.868,9.6352,84.567,39.164,5.7245,2920.9,65.157,25.244,100.25,0.22088,8.7303,35.591,120.38,1.3438,74.547,38.179,1.5495,54.79,3.3547,461.24,0.03155,1.0328,67.416,19.187,43.417
621,2026-04-28T06:00:00,49.507,100.0,26.848,21.704,-0.073911,3000.0,3622.6,82.139,18.061,-0.025402,0.0,0.11522,310.29,72.916,6.6533,13.555,25.028,4302.7,22.049,45.394,50.361,72.832,1.9496,1.5068,3441.8,42.308,49.473,95.868,9.6352,84.624,39.164,5.7245,2920.9,65.157,25.244,100.25,0.22088,8.7303,35.591,120.38,1.3438,74.547,38.179,1.5495,54.79,3.3547,461.24,0.03155,1.0328,67.416,19.187,43.417
622,2026-04-28T06:03:00,49.507,100.0,26.848,21.574,-0.074095,3000.0,3622.6,82.287,18.19,-0.025402,0.0,0.12009,310.29,72.916,6.7867,13.314,25.136,4302.7,22.049,45.394,50.361,72.832,1.9325,1.4913,3441.8,42.308,48.63,95.868,9.6352,84.681,39.164,3.9925,2920.9,67.488,25.244,100.26,0.22088,8.7152,35.095,120.38,1.4104,74.547,37.95,1.6168,54.571,3.4697,461.24,0.020118,1.0336,67.416,18.501,43.297
623,2026-04-28T06:06:00,49.507,100.0,26.848,21.574,-0.074279,3000.0,3622.6,82.434,18.19,-0.025402,0.0,0.12009,310.29,72.916,6.7867,13.314,25.136,4302.7,22.049,45.394,50.361,72.832,1.9325,1.4913,3441.8,42.308,48.63,95.868,9.6352,84.738,39.164,3.9925,2920.9,67.488,25.244,100.26,0.22088,8.7152,35.095,120.38,1.4104,74.547,37.95,1.6168,54.571,3.4697,461.24,0.020118,1.0336,67.416,18.501,43.297
624,2026-04-28T06:09:00,49.507,100.0,26.848,21.747,-0.074462,3000.0,3622.6,82.582,18.056,-0.025402,0.0,0.12009,310.29,72.916,6.9535,13.467,25.083,4302.7,22.049,45.394,50.361,72.832,2.0133,1.5435,3441.8,42.308,50.301,95.868,9.6352,84.795,39.164,0.0,2920.9,66.471,25.244,100.26,0.22088,8.6036,34.941,120.38,1.4715,74.547,37.993,1.4928,54.571,3.4483,461.24,0.020118,1.0336,67.416,18.817,43.297
625,2026-04-28T06:12:00,49.507,100.0,26.848,21.747,-0.074646,3000.0,3622.6,82.73,18.056,-0.025402,0.0,0.12009,310.29,72.916,6.9535,13.467,25.083,4302.7,22.049,45.394,50.361,72.832,2.0133,1.5435,3441.8,42.308,50.301,95.868,9.6352,84.852,39.164,0.0,2920.9,66.471,25.244,100.26,0.22088,8.6036,34.941,120.38,1.4715,74.547,37.993,1.4928,54.571,3.4483,461.24,0.020118,1.0336,67.416,18.817,43.297
626,2026-04-28T06:15:00,49.507,100.0,26.848,21.51,-0.07483,3000.0,3622.6,82.877,18.111,-0.025402,0.0,0.12009,310.29,72.916,6.8899,13.386,24.497,4302.7,22.049,45.394,50.361,72.832,1.9825,1.4999,3441.8,42.308,49.545,95.868,9.6352,84.91,39.164,3.4401,2920.9,65.018,25.244,100.26,0.22088,8.5337,35.775,120.38,1.4838,74.547,37.869,1.572,54.571,3.4625,461.24,0.020118,1.0336,67.416,19.198,43.297
627,2026-04-28T06:18:00,49.507,100.0,26.848,21.51,-0.075013,3000.0,3622.6,83.025,18.111,-0.025402,0.0,0.11087,310.29,72.916,6.8899,13.386,24.497,4302.7,22.049,45.394,50.361,72.832,1.9825,1.4999,3441.8,42.308,49.545,95.868,9.6352,84.967,39.164,3.4401,2920.9,65.018,25.244,100.26,0.22088,8.5337,35.775,120.38,1.4838,74.547,37.869,1.572,54.173,3.4625,461.24,0.023015,1.03,67.416,19.198,42.954
628,2026-04-28T06:21:00,49.507,100.0,26.848,21.8,-0.075197,3000.0,3622.6,83.173,18.106,-0.025402,0.0,0.11087,310.29,72.916,6.7738,13.55,24.718,4302.7,22.049,45.394,50.361,72.832,1.9762,1.4915,3441.8,42.308,48.57,95.868,9.6352,85.024,39.164,0.68419,2920.9,65.538,25.244,100.26,0.22088,8.5337,34.979,120.38,1.1996,74.547,37.976,1.5802,54.173,3.4729,461.24,0.023015,1.03,67.416,18.439,42.954
629,2026-04-28T06:24:00,49.507,100.0,26.848,21.8,-0.07538,3000.0,3622.6,83.32,18.106,-0.025402,0.0,0.11087,310.29,72.916,6.7738,13.55,24.718,4302.7,22.049,45.394,50.361,72.832,1.9762,1.4915,3441.8,42.308,48.57,95.868,9.6352,85.081,39.164,0.68419,2920.9,65.538,25.244,100.26,0.22088,8.5337,34.979,120.38,1.1996,74.547,37.976,1.5802,54.173,3.4729,461.24,0.023015,1.03,67.416,18.439,42.954
630,2026-04-28T06:27:00,49.507,100.0,26.848,21.201,-0.075564,3000.0,3622.6,83.468,18.294,-0.025402,0.0,0.11087,310.29,72.916,6.8389,13.408,24.914,4302.7,22.049,45.394,50.361,72.832,1.9377,1.4834,3441.8,42.308,50.426,95.868,9.6352,85.138,39.164,4.565,2920.9,66.605,25.244,100.26,0.22088,8.6358,35.149,120.38,1.3341,74.547,38.125,1.5754,54.173,3.4386,461.24,0.023015,1.03,67.416,18.7,42.954
631,2026-04-28T06:30:00,49.507,100.0,26.848,21.201,-0.075748,3000.0,3622.6,83.616,18.294,-0.025402,0.0,0.11087,310.29,72.916,6.8389,13.408,24.914,4302.7,22.049,45.394,50.361,72.832,1.9377,1.4834,3441.8,42.308,50.426,95.868,9.6352,85.195,39.164,4.565,2920.9,66.605,25.244,100.26,0.22088,8.6358,35.149,120.38,1.3341,74.547,38.125,1.5754,54.173,3.4386,461.24,0.023015,1.03,67.416,18.7,42.954
632,2026-04-28T06:33:00,49.507,100.0,26.848,22.159,-0.075931,3000.0,3622.6,83.763,18.306,-0.025402,0.0,0.086567,310.29,72.916,6.8036,13.619,24.917,4302.7,22.049,45.394,50.361,72.832,1.9746,1.4885,3441.8,42.308,49.822,95.868,9.6352,85.252,39.164,0.25337,2920.9,66.105,25.244,100.26,0.22088,8.747,35.465,120.38,1.2266,74.547,37.823,1.617,53.706,3.5657,461.24,0.014769,1.0281,67.416,18.818,43.271
633,2026-04-28T06:36:00,49.507,100.0,26.848,22.159,-0.076115,3000.0,3622.6,83.911,18.306,-0.025402,0.0,0.086567,310.29,72.916,6.8036,13.619,24.917,4302.7,22.049,45.394,50.361,72.832,1.9746,1.4885,3441.8,42.308,49.822,95.868,9.6352,85.31,39.164,0.25337,2920.9,66.105,25.244,100.26,0.22088,8.747,35.465,120.38,1.2266,74.547,37.823,1.617,53.706,3.5657,461.24,0.014769,1.0281,67.416,18.818,43.271
634,2026-04-28T06:39:00,49.507,100.0,26.848,21.979,-0.076299,3000.0,3622.6,84.059,18.035,-0.025402,0.0,0.086567,310.29,72.916,6.7767,13.493,24.93,4302.7,22.049,45.394,50.361,72.832,1.9729,1.5068,3441.8,42.308,49.535,95.868,9.6352,85.367,39.164,5.4395,2920.9,66.471,25.244,100.26,0.22088,8.5008,35.28,120.38,1.4298,74.547,38.075,1.7087,53.706,3.4967,461.24,0.014769,1.0281,67.416,18.617,43.271
635,2026-04-28T06:42:00,49.507,100.0,26.848,21.979,-0.076482,3000.0,3622.6,84.207,18.035,-0.025402,0.0,0.086567,310.29,72.916,6.7767,13.493,24.93,4302.7,22.049,45.394,50.361,72.832,1.9729,1.5068,3441.8,42.308,49.535,95.868,9.6352,85.424,39.164,5.4395,2920.9,66.471,25.244,100.26,0.22088,8.5008,35.28,120.38,1.4298,74.547,38.075,1.7087,53.706,3.4967,461.24,0.014769,1.0281,67.416,18.617,43.271
636,2026-04-28T06:45:00,49.507,100.0,26.848,21.92,-0.076666,3000.0,3622.6,84.354,18.464,-0.025402,0.0,0.086567,310.29,72.916,6.8413,13.615,24.673,4302.7,22.049,45.394,50.361,72.832,1.9679,1.503,3441.8,42.308,50.039,95.868,9.6352,85.481,39.164,1.6754,2920.9,66.795,25.244,100.26,0.22088,8.6395,35.316,120.38,1.3967,74.547,37.863,1.5034,53.706,3.4288,461.24,0.014769,1.0281,67.416,18.374,43.271
637,2026-04-28T06:48:00,49.507,100.0,26.848,21.92,-0.07685,3000.0,3622.6,84.502,18.464,-0.025402,0.0,0.097736,310.29,72.916,6.8413,13.615,24.673,4302.7,22.049,45.394,50.361,72.832,1.9679,1.503,3441.8,42.308,50.039,95.868,9.6352,85.538,39.164,1.6754,2920.9,66.795,25.244,100.27,0.22088,8.6395,35.316,120.38,1.3967,74.547,37.863,1.5034,54.426,3.4288,461.24,0.012407,1.0245,67.416,18.374,43.238
638,2026-04-28T06:51:00,49.507,100.0,26.848,21.745,-0.077033,3000.0,3622.6,84.65,18.614,-0.025402,0.0,0.097736,310.29,72.916,6.6997,13.307,24.844,4302.7,22.049,45.394,50.361,72.832,1.992,1.4696,3441.8,42.308,50.681,95.868,9.6352,85.595,39.164,4.5406,2920.9,66.296,25.244,100.27,0.22088,8.6702,34.993,120.38,1.2983,74.547,38.39,1.5569,54.426,3.5627,461.24,0.012407,1.0245,67.416,18.773,43.238
639,2026-04-28T06:54:00,49.507,100.0,26.848,21.745,-0.077217,3000.0,3622.6,84.797,18.614,-0.025402,0.0,0.097736,310.29,72.916,6.6997,13.307,24.844,4302.7,22.049,45.394,50.361,72.832,1.992,1.4696,3441.8,42.308,50.681,95.868,9.6352,85.653,39.164,4.5406,2920.9,66.296,25.244,100.27,0.22088,8.6702,34.993,120.38,1.2983,74.547,38.39,1.5569,54.426,3.5627,461.24,0.012407,1.0245,67.416,18.773,43.238
640,2026-04-28T06:57:00,49.507,100.0,26.848,21.775,-0.077401,3000.0,3622.6,84.945,18.412,-0.025402,0.0,0.097736,310.29,72.916,6.737,13.381,24.89,4302.7,22.049,45.394,50.361,72.832,1.9895,1.4439,3441.8,42.308,49.737,95.868,9.6352,85.71,39.164,0.0,2920.9,67.643,25.244,100.27,0.22088,8.6737,35.69,120.38,1.2275,74.547,37.685,1.5839,54.426,3.4647,461.24,0.012407,1.0245,67.416,18.729,43.238
641,2026-04-28T07:00:00,49.507,100.0,26.848,21.775,-0.077584,3000.0,3622.6,85.093,18.412,-0.025402,0.0,0.097736,310.29,72.916,6.737,13.381,24.89,4302.7,22.049,45.394,50.361,72.832,1.9895,1.4439,3441.8,42.308,49.737,95.868,9.6352,85.767,39.164,0.0,2920.9,67.643,25.244,100.27,0.22088,8.6737,35.69,120.38,1.2275,74.547,37.685,1.5839,54.426,3.4647,461.24,0.012407,1.0245,67.416,18.729,43.238
642,2026-04-28T07:03:00,49.507,100.0,26.848,21.73,-0.077768,3000.0,3622.6,85.24,17.725,-0.025402,0.0,0.11149,310.29,72.916,6.921,13.47,24.508,4302.7,22.049,45.394,50.361,72.832,1.9558,1.5233,3441.8,42.308,49.848,95.868,9.6352,85.824,39.164,1.2867,2920.9,67.471,25.244,100.27,0.22088,8.5493,35.812,120.38,1.2118,74.547,38.527,1.5682,54.473,3.4626,461.24,0.0066143,1.0282,67.416,18.943,42.991
643,2026-04-28T07:06:00,49.507,100.0,26.848,21.73,-0.077952,3000.0,3622.6,85.388,17.725,-0.025402,0.0,0.11149,310.29,72.916,6.921,13.47,24.508,4302.7,22.049,45.394,50.361,72.832,1.9558,1.5233,3441.8,42.308,49.848,95.868,9.6352,85.881,39.164,1.2867,2920.9,67.471,25.244,100.27,0.22088,8.5493,35.812,120.38,1.2118,74.547,38.527,1.5682,54.473,3.4626,461.24,0.0066143,1.0282,67.416,18.943,42.991
644,2026-04-28T07:09:00,49.507,100.0,26.848,21.95,-0.078135,3000.0,3622.6,85.536,17.866,-0.025402,0.0,0.11149,310.29,72.916,6.8629,13.568,25.341,4302.7,22.049,45.394,50.361,72.832,1.9111,1.4724,3441.8,42.308,49.314,95.868,9.6352,85.938,39.164,3.084,2920.9,65.907,25.244,100.27,0.22088,8.6487,35.183,120.38,1.4021,74.547,37.862,1.5411,54.473,3.4033,461.24,0.0066143,1.0282,67.416,18.687,42.991
645,2026-04-28T07:12:00,49.507,100.0,26.848,21.95,-0.078319,3000.0,3622.6,85.683,17.866,-0.025402,0.0,0.11149,310.29,72.916,6.8629,13.568,25.341,4302.7,22.049,45.394,50.361,72.832,1.9111,1.4724,3441.8,42.308,49.314,95.868,9.6352,85.995,39.164,3.084,2920.9,65.907,25.244,100.27,0.22088,8.6487,35.183,120.38,1.4021,74.547,37.862,1.5411,54.473,3.4033,461.24,0.0066143,1.0282,67.416,18.687,42.991
646,2026-04-28T07:15:00,49.507,99.021,26.848,21.605,-0.078503,3000.0,3622.6,85.831,18.324,-0.025402,0.0,0.11149,310.29,72.916,6.7999,13.6,24.497,4302.7,22.049,45.394,50.361,72.832,1.9694,1.469,3441.8,42.308,49.936,95.868,9.6352,86.053,39.164,5.2625,2920.9,66.407,25.244,100.27,0.22088,8.6884,35.15,120.38,1.3892,74.547,37.992,1.5519,54.473,3.5271,461.24,0.0066143,1.0282,67.416,18.665,42.991
647,2026-04-28T07:18:00,49.507,99.021,26.848,21.605,-0.078686,3000.0,3622.6,85.979,18.324,-0.025402,0.0,0.1078,310.29,72.916,6.7999,13.6,24.497,4302.7,22.049,45.394,50.361,72.832,1.9694,1.469,3441.8,42.308,49.936,95.868,9.6352,86.11,39.164,5.2625,2920.9,66.407,25.244,100.27,0.22088,8.6884,35.15,120.38,1.3892,74.547,37.992,1.5519,53.956,3.5271,461.24,0.021384,1.0278,67.416,18.665,42.082
648,2026-04-28T07:21:00,49.507,100.0,26.848,21.758,-0.07887,3000.0,3622.6,86.126,18.461,-0.025402,0.0,0.1078,310.29,72.916,6.7557,13.471,24.98,4302.7,22.049,45.394,50.361,72.832,1.9637,1.4872,3441.8,42.308,50.005,95.868,9.6352,86.167,39.164,5.7653,2920.9,67.007,25.244,100.27,0.22088,8.7854,35.586,120.38,1.3163,74.547,37.894,1.5076,53.956,3.4424,461.24,0.021384,1.0278,67.416,19.476,42.082
649,2026-04-28T07:24:00,49.507,100.0,26.848,21.758,-0.079053,3000.0,3622.6,86.274,18.461,-0.025402,0.0,0.1078,310.29,72.916,6.7557,13.471,24.98,4302.7,22.049,45.394,50.361,72.832,1.9637,1.4872,3441.8,42.308,50.005,95.868,9.6352,86.224,39.164,5.7653,2920.9,67.007,25.244,100.27,0.22088,8.7854,35.586,120.38,1.3163,74.547,37.894,1.5076,53.956,3.4424,461.24,0.021384,1.0278,67.416,19.476,42.082
650,2026-04-28T07:27:00,49.507,100.0,26.848,22.131,-0.079237,3000.0,3622.6,86.422,18.295,-0.025402,0.0,0.1078,310.29,72.916,6.8563,13.503,24.428,4302.7,22.049,45.394,50.361,72.832,1.9557,1.507,3441.8,42.308,47.967,95.868,9.6352,86.281,39.164,1.8767,2920.9,67.494,25.244,100.27,0.22088,8.5226,35.497,120.38,1.3082,74.547,38.057,1.6295,53.956,3.4429,461.24,0.021384,1.0278,67.416,19.011,42.082
651,2026-04-28T07:30:00,49.507,100.0,26.848,22.131,-0.079421,3000.0,3622.6,86.569,18.295,-0.025402,0.0,0.1078,310.29,72.916,6.8563,13.503,24.428,4302.7,22.049,45.394,50.361,72.832,1.9557,1.507,3441.8,42.308,47.967,95.868,9.6352,86.338,39.164,1.8767,2920.9,67.494,25.244,100.27,0.22088,8.5226,35.497,120.38,1.3082,74.547,38.057,1.6295,53.956,3.4429,461.24,0.021384,1.0278,67.416,19.011,42.082
652,2026-04-28T07:33:00,49.507,100.0,26.848,21.755,-0.079604,3000.0,3622.6,86.717,18.238,-0.025402,0.0,0.11844,310.29,72.916,6.7466,13.49,24.93,4302.7,22.049,45.394,50.361,72.832,1.9084,1.4842,3441.8,42.308,49.028,95.868,9.6352,86.396,39.164,2.2318,2920.9,66.683,25.244,100.27,0.22088,8.7777,35.263,120.38,1.2871,74.547,38.414,1.5718,54.582,3.4023,461.24,0.014059,1.0311,67.416,19.035,43.116
653,2026-04-28T07:36:00,49.507,100.0,26.848,21.755,-0.079788,3000.0,3622.6,86.865,18.238,-0.025402,0.0,0.11844,310.29,72.916,6.7466,13.49,24.93,4302.7,22.049,45.394,50.361,72.832,1.9084,1.4842,3441.8,42.308,49.028,95.868,9.6352,86.453,39.164,2.2318,2920.9,66.683,25.244,100.27,0.22088,8.7777,35.263,120.38,1.2871,74.547,38.414,1.5718,54.582,3.4023,461.24,0.014059,1.0311,67.416,19.035,43.116
654,2026-04-28T07:39:00,49.507,100.0,26.848,21.713,-0.079972,3000.0,3622.6,87.012,18.394,-0.025402,0.0,0.11844,310.29,72.916,7.004,13.405,24.938,4302.7,22.049,45.394,50.361,72.832,1.9651,1.5124,3441.8,42.308,48.929,95.868,9.6352,86.51,39.164,1.41,2920.9,67.721,25.244,100.27,0.22088,8.6936,35.571,120.38,1.2499,74.547,38.005,1.5443,54.582,3.4721,461.24,0.014059,1.0311,67.416,19.016,43.116
655,2026-04-28T07:42:00,49.507,100.0,26.848,21.713,-0.080155,3000.0,3622.6,87.16,18.394,-0.025402,0.0,0.11844,310.29,72.916,7.004,13.405,24.938,4302.7,22.049,45.394,50.361,72.832,1.9651,1.5124,3441.8,42.308,48.929,95.868,9.6352,86.567,39.164,1.41,2920.9,67.721,25.244,100.27,0.22088,8.6936,35.571,120.38,1.2499,74.547,38.005,1.5443,54.582,3.4721,461.24,0.014059,1.0311,67.416,19.016,43.116
656,2026-04-28T07:45:00,49.507,100.0,26.848,21.905,-0.080339,3000.0,3622.6,87.308,18.418,-0.025402,0.0,0.11844,310.29,72.916,6.934,13.633,25.074,4302.7,22.049,45.394,50.361,72.832,1.9645,1.4914,3441.8,42.308,48.933,95.868,9.6352,86.624,39.164,0.0,2920.9,65.469,25.244,100.27,0.22088,8.8112,35.402,120.38,1.3003,74.547,38.502,1.5523,54.582,3.4042,461.24,0.014059,1.0311,67.416,19.064,43.116
657,2026-04-28T07:48:00,49.507,100.0,26.848,21.905,-0.080523,3000.0,3622.6,87.455,18.418,-0.025402,0.0,0.095797,310.29,72.916,6.934,13.633,25.074,4302.7,22.049,45.394,50.361,72.832,1.9645,1.4914,3441.8,42.308,48.933,95.868,9.6352,86.681,39.164,0.0,2920.9,65.469,25.244,100.28,0.22088,8.8112,35.402,120.38,1.3003,74.547,38.502,1.5523,54.655,3.4042,461.24,0.022723,1.0355,67.416,19.064,43.402
658,2026-04-28T07:51:00,49.507,100.0,26.848,21.451,-0.080706,3000.0,3622.6,87.603,18.228,-0.025402,0.0,0.095797,310.29,72.916,6.8824,13.385,24.995,4302.7,22.049,45.394,50.361,72.832,1.9829,1.455,3441.8,42.308,48.772,95.868,9.6352,86.739,39.164,5.6571,2920.9,66.002,25.244,100.28,0.22088,8.6882,35.289,120.38,1.4227,74.547,38.025,1.621,54.655,3.4953,461.24,0.022723,1.0355,67.416,18.705,43.402
659,2026-04-28T07:54:00,49.507,100.0,26.848,21.451,-0.08089,3000.0,3622.6,87.751,18.228,-0.025402,0.0,0.095797,310.29,72.916,6.8824,13.385,24.995,4302.7,22.049,45.394,50.361,72.832,1.9829,1.455,3441.8,42.308,48.772,95.868,9.6352,86.796,39.164,5.6571,2920.9,66.002,25.244,100.28,0.22088,8.6882,35.289,120.38,1.4227,74.547,38.025,1.621,54.655,3.4953,461.24,0.022723,1.0355,67.416,18.705,43.402
660,2026-04-28T07:57:00,49.507,100.0,26.848,21.686,-0.081074,3000.0,3622.6,87.898,18.137,-0.025402,0.0,0.095797,310.29,72.916,6.7784,13.66,25.091,4302.7,22.049,45.394,50.361,72.832,1.9491,1.4476,3441.8,42.308,49.633,95.868,9.6352,86.853,39.164,0.0,2920.9,66.429,25.244,100.28,0.22088,8.7363,35.142,120.38,1.3323,74.547,38.283,1.5846,54.655,3.4646,461.24,0.022723,1.0355,67.416,19.118,43.402
661,2026-04-28T08:00:00,49.507,100.0,26.848,21.686,-0.081257,3000.0,3622.6,88.046,18.137,-0.025402,0.0,0.095797,310.29,72.916,6.7784,13.66,25.091,4302.7,22.049,45.394,50.361,72.832,1.9491,1.4476,3441.8,42.308,49.633,95.868,9.6352,86.91,39.164,0.0,2920.9,66.429,25.244,100.28,0.22088,8.7363,35.142,120.38,1.3323,74.547,38.283,1.5846,54.655,3.4646,461.24,0.022723,1.0355,67.416,19.118,43.402
662,2026-04-28T08:03:00,49.507,100.0,26.848,21.644,-0.081441,3000.0,3622.6,88.194,18.073,-0.025402,0.0,0.092552,310.29,72.916,6.7604,13.328,24.747,4302.7,22.049,45.394,50.361,72.832,1.9232,1.4792,3441.8,42.308,48.596,95.868,9.6352,86.967,39.164,6.9272,2920.9,67.39,25.244,100.28,0.22088,8.8185,35.157,120.38,1.3396,74.547,38.333,1.5528,55.15,3.3763,461.24,0.011378,1.0244,67.416,18.462,43.378
663,2026-04-28T08:06:00,49.507,100.0,26.848,21.644,-0.081625,3000.0,3622.6,88.341,18.073,-0.025402,0.0,0.092552,310.29,72.916,6.7604,13.328,24.747,4302.7,22.049,45.394,50.361,72.832,1.9232,1.4792,3441.8,42.308,48.596,95.868,9.6352,87.024,39.164,6.9272,2920.9,67.39,25.244,100.28,0.22088,8.8185,35.157,120.38,1.3396,74.547,38.333,1.5528,55.15,3.3763,461.24,0.011378,1.0244,67.416,18.462,43.378
664,2026-04-28T08:09:00,49.507,100.0,26.848,21.728,-0.081808,3000.0,3622.6,88.489,17.984,-0.025402,0.0,0.092552,310.29,72.916,6.9779,13.517,25.217,4302.7,22.049,45.394,50.361,72.832,1.955,1.4736,3441.8,42.308,50.205,95.868,9.6352,87.081,39.164,0.0,2920.9,67.655,25.244,100.28,0.22088,8.4815,35.63,120.38,1.4134,74.547,37.754,1.5629,55.15,3.4539,461.24,0.011378,1.0244,67.416,18.967,43.378
665,2026-04-28T08:12:00,49.507,100.0,26.848,21.728,-0.081992,3000.0,3622.6,88.637,17.984,-0.025402,0.0,0.092552,310.29,72.916,6.9779,13.517,25.217,4302.7,22.049,45.394,50.361,72.832,1.955,1.4736,3441.8,42.308,50.205,95.868,9.6352,87.139,39.164,0.0,2920.9,67.655,25.244,100.28,0.22088,8.4815,35.63,120.38,1.4134,74.547,37.754,1.5629,55.15,3.4539,461.24,0.011378,1.0244,67.416,18.967,43.378
666,2026-04-28T08:15:00,49.507,100.0,26.848,21.729,-0.082176,3000.0,3622.6,88.784,18.276,-0.025402,0.0,0.092552,310.29,72.916,6.8007,13.402,24.985,4302.7,22.049,45.394,50.361,72.832,1.9761,1.5001,3441.8,42.308,48.976,95.868,9.6352,87.196,39.164,4.4759,2920.9,65.759,25.244,100.28,0.22088,8.8104,35.494,120.38,1.2055,74.547,38.334,1.585,55.15,3.4663,461.24,0.011378,1.0244,67.416,18.662,43.378
667,2026-04-28T08:18:00,49.507,100.0,26.848,21.729,-0.082359,3000.0,3622.6,88.932,18.276,-0.025402,0.0,0.096988,310.29,72.916,6.8007,13.402,24.985,4302.7,22.049,45.394,50.361,72.832,1.9761,1.5001,3441.8,42.308,48.976,95.868,9.6352,87.253,39.164,4.4759,2920.9,65.759,25.244,100.28,0.22088,8.8104,35.494,120.38,1.2055,74.547,38.334,1.585,54.17,3.4663,461.24,0.011375,1.0322,67.416,18.662,42.959
668,2026-04-28T08:21:00,49.507,100.0,26.848,22.367,-0.082543,3000.0,3622.6,89.08,18.294,-0.025402,0.0,0.096988,310.29,72.916,6.9259,13.407,25.217,4302.7,22.049,45.394,50.361,72.832,1.9465,1.4857,3441.8,42.308,49.717,95.868,9.6352,87.31,39.164,0.85629,2920.9,67.306,25.244,100.28,0.22088,8.6457,35.471,120.38,1.384,74.547,37.471,1.6254,54.17,3.5177,461.24,0.011375,1.0322,67.416,19.073,42.959
669,2026-04-28T08:24:00,49.507,100.0,26.848,22.367,-0.082726,3000.0,3622.6,89.228,18.294,-0.025402,0.0,0.096988,310.29,72.916,6.9259,13.407,25.217,4302.7,22.049,45.394,50.361,72.832,1.9465,1.4857,3441.8,42.308,49.717,95.868,9.6352,87.367,39.164,0.85629,2920.9,67.306,25.244,100.28,0.22088,8.6457,35.471,120.38,1.384,74.547,37.471,1.6254,54.17,3.5177,461.24,0.011375,1.0322,67.416,19.073,42.959
670,2026-04-28T08:27:00,49.507,100.0,26.848,21.819,-0.08291,3000.0,3622.6,89.375,18.072,-0.025402,0.0,0.096988,310.29,72.916,6.7522,13.377,24.77,4302.7,22.049,45.394,50.361,72.832,1.9768,1.4801,3441.8,42.308,48.694,95.868,9.6352,87.424,39.164,0.36171,2920.9,66.226,25.244,100.28,0.22088,8.586,35.44,120.38,1.4729,74.547,38.001,1.6072,54.17,3.4164,461.24,0.011375,1.0322,67.416,18.842,42.959
671,2026-04-28T08:30:00,49.507,100.0,26.848,21.819,-0.083094,3000.0,3622.6,89.523,18.072,-0.025402,0.0,0.096988,310.29,72.916,6.7522,13.377,24.77,4302.7,22.049,45.394,50.361,72.832,1.9768,1.4801,3441.8,42.308,48.694,95.868,9.6352,87.482,39.164,0.36171,2920.9,66.226,25.244,100.28,0.22088,8.586,35.44,120.38,1.4729,74.547,38.001,1.6072,54.17,3.4164,461.24,0.011375,1.0322,67.416,18.842,42.959
672,2026-04-28T08:33:00,49.507,100.0,26.848,21.655,-0.083277,3000.0,3622.6,89.671,18.094,-0.025402,0.0,0.095323,310.29,72.916,6.733,13.471,24.663,4302.7,22.049,45.394,50.361,72.832,1.905,1.4856,3441.8,42.308,49.229,95.868,9.6352,87.539,39.164,0.0,2920.9,67.79,25.244,100.28,0.22088,8.7491,34.753,120.38,1.328,74.547,37.978,1.5698,54.03,3.4268,461.24,0.020193,1.0332,67.416,18.735,42.798
673,2026-04-28T08:36:00,49.507,100.0,26.848,21.655,-0.083461,3000.0,3622.6,89.818,18.094,-0.025402,0.0,0.095323,310.29,72.916,6.733,13.471,24.663,4302.7,22.049,45.394,50.361,72.832,1.905,1.4856,3441.8,42.308,49.229,95.868,9.6352,87.596,39.164,0.0,2920.9,67.79,25.244,100.28,0.22088,8.7491,34.753,120.38,1.328,74.547,37.978,1.5698,54.03,3.4268,461.24,0.020193,1.0332,67.416,18.735,42.798
674,2026-04-28T08:39:00,49.507,100.0,26.848,22.115,-0.083645,3000.0,3622.6,89.966,17.81,-0.025402,0.0,0.095323,310.29,72.916,6.7411,13.286,24.746,4302.7,22.049,45.394,50.361,72.832,1.977,1.497,3441.8,42.308,49.491,95.868,9.6352,87.653,39.164,1.9278,2920.9,68.089,25.244,100.28,0.22088,8.6898,35.448,120.38,1.2238,74.547,38.274,1.5241,54.03,3.363,461.24,0.020193,1.0332,67.416,18.533,42.798
675,2026-04-28T08:42:00,49.507,100.0,26.848,22.115,-0.083828,3000.0,3622.6,90.114,17.81,-0.025402,0.0,0.095323,310.29,72.916,6.7411,13.286,24.746,4302.7,22.049,45.394,50.361,72.832,1.977,1.497,3441.8,42.308,49.491,95.868,9.6352,87.71,39.164,1.9278,2920.9,68.089,25.244,100.28,0.22088,8.6898,35.448,120.38,1.2238,74.547,38.274,1.5241,54.03,3.363,461.24,0.020193,1.0332,67.416,18.533,42.798
676,2026-04-28T08:45:00,49.507,100.0,26.848,22.117,-0.084012,3000.0,3622.6,90.261,18.586,-0.025402,0.0,0.095323,310.29,72.916,6.893,13.406,24.429,4302.7,22.049,45.394,50.361,72.832,1.937,1.4851,3441.8,42.308,50.01,95.868,9.6352,87.767,39.164,0.0,2920.9,68.155,25.244,100.28,0.22088,8.7104,35.198,120.38,1.4736,74.547,38.445,1.6177,54.03,3.3996,461.24,0.020193,1.0332,67.416,18.683,42.798
677,2026-04-28T08:48:00,49.507,100.0,26.848,22.117,-0.084196,3000.0,3622.6,90.409,18.586,-0.025402,0.0,0.11779,310.29,72.916,6.893,13.406,24.429,4302.7,22.049,45.394,50.361,72.832,1.937,1.4851,3441.8,42.308,50.01,95.868,9.6352,87.824,39.164,0.0,2920.9,68.155,25.244,100.29,0.22088,8.7104,35.198,120.38,1.4736,74.547,38.445,1.6177,53.986,3.3996,461.24,0.017356,1.0294,67.416,18.683,42.735
678,2026-04-28T08:51:00,49.507,100.0,26.848,22.264,-0.084379,3000.0,3622.6,90.557,18.266,-0.025402,0.0,0.11779,310.29,72.916,7.0541,13.423,24.656,4302.7,22.049,45.394,50.361,72.832,1.9676,1.4944,3441.8,42.308,49.669,95.868,9.6352,87.882,39.164,2.497,2920.9,66.884,25.244,100.29,0.22088,8.7345,36.143,120.38,1.3141,74.547,38.15,1.544,53.986,3.49,461.24,0.017356,1.0294,67.416,18.745,42.735
679,2026-04-28T08:54:00,49.507,100.0,26.848,22.264,-0.084563,3000.0,3622.6,90.704,18.266,-0.025402,0.0,0.11779,310.29,72.916,7.0541,13.423,24.656,4302.7,22.049,45.394,50.361,72.832,1.9676,1.4944,3441.8,42.308,49.669,95.868,9.6352,87.939,39.164,2.497,2920.9,66.884,25.244,100.29,0.22088,8.7345,36.143,120.38,1.3141,74.547,38.15,1.544,53.986,3.49,461.24,0.017356,1.0294,67.416,18.745,42.735
680,2026-04-28T08:57:00,49.507,100.0,26.848,21.788,-0.084747,3000.0,3622.6,90.852,18.246,-0.025402,0.0,0.11779,310.29,72.916,6.8322,13.472,24.555,4302.7,22.049,45.394,50.361,72.832,1.9434,1.495,3441.8,42.308,49.527,95.868,9.6352,87.996,39.164,2.3482,2920.9,65.384,25.244,100.29,0.22088,8.7069,35.051,120.38,1.2916,74.547,38.424,1.5934,53.986,3.5031,461.24,0.017356,1.0294,67.416,18.945,42.735
681,2026-04-28T09:00:00,49.507,100.0,26.848,21.788,-0.08493,3000.0,3622.6,91.0,18.246,-0.025402,0.0,0.11779,310.29,72.916,6.8322,13.472,24.555,4302.7,22.049,45.394,50.361,72.832,1.9434,1.495,3441.8,42.308,49.527,95.868,9.6352,88.053,39.164,2.3482,2920.9,65.384,25.244,100.29,0.22088,8.7069,35.051,120.38,1.2916,74.547,38.424,1.5934,53.986,3.5031,461.24,0.017356,1.0294,67.416,18.945,42.735
682,2026-04-28T09:03:00,49.507,100.0,26.848,21.802,-0.085114,3000.0,3622.6,91.147,18.0,-0.025402,0.0,0.12752,310.29,72.916,6.7508,13.402,25.233,4302.7,22.049,45.394,50.361,72.832,1.9743,1.4918,3441.8,42.308,49.026,95.868,9.6352,88.11,39.164,3.1086,2920.9,67.273,25.244,100.29,0.22088,8.8043,35.174,120.38,1.2411,74.547,38.019,1.5953,54.88,3.5087,461.24,0.011344,1.0121,67.416,18.855,42.481
683,2026-04-28T09:06:00,49.507,100.0,26.848,21.802,-0.085298,3000.0,3622.6,91.295,18.0,-0.025402,0.0,0.12752,310.29,72.916,6.7508,13.402,25.233,4302.7,22.049,45.394,50.361,72.832,1.9743,1.4918,3441.8,42.308,49.026,95.868,9.6352,88.167,39.164,3.1086,2920.9,67.273,25.244,100.29,0.22088,8.8043,35.174,120.38,1.2411,74.547,38.019,1.5953,54.88,3.5087,461.24,0.011344,1.0121,67.416,18.855,42.481
684,2026-04-28T09:09:00,49.507,100.0,26.848,22.206,-0.085481,3000.0,3622.6,91.443,18.425,-0.025402,0.0,0.12752,310.29,72.916,6.894,13.552,25.13,4302.7,22.049,45.394,50.361,72.832,1.9907,1.4954,3441.8,42.308,49.226,95.868,9.6352,88.225,39.164,0.65883,2920.9,68.073,25.244,100.29,0.22088,8.6583,35.515,120.38,1.2973,74.547,37.453,1.5131,54.88,3.4561,461.24,0.011344,1.0121,67.416,18.89,42.481
685,2026-04-28T09:12:00,49.507,100.0,26.848,22.206,-0.085665,3000.0,3622.6,91.59,18.425,-0.025402,0.0,0.12752,310.29,72.916,6.894,13.552,25.13,4302.7,22.049,45.394,50.361,72.832,1.9907,1.4954,3441.8,42.308,49.226,95.868,9.6352,88.282,39.164,0.65883,2920.9,68.073,25.244,100.29,0.22088,8.6583,35.515,120.38,1.2973,74.547,37.453,1.5131,54.88,3.4561,461.24,0.011344,1.0121,67.416,18.89,42.481
686,2026-04-28T09:15:00,49.507,100.0,26.848,21.905,-0.085848,3000.0,3622.6,91.738,18.317,-0.025402,0.0,0.12752,310.29,72.916,6.8571,13.563,24.985,4302.7,22.049,45.394,50.361,72.832,1.9659,1.4798,3441.8,42.308,49.124,95.868,9.6352,88.339,39.164,4.1553,2920.9,66.873,25.244,100.29,0.22088,8.7701,35.567,120.38,1.4249,74.547,38.103,1.5689,54.88,3.4522,461.24,0.011344,1.0121,67.416,19.044,42.481
687,2026-04-28T09:18:00,49.507,100.0,26.848,21.905,-0.086032,3000.0,3622.6,91.886,18.317,-0.025402,0.0,0.10439,310.29,72.916,6.8571,13.563,24.985,4302.7,22.049,45.394,50.361,72.832,1.9659,1.4798,3441.8,42.308,49.124,95.868,9.6352,88.396,39.164,4.1553,2920.9,66.873,25.244,100.29,0.22088,8.7701,35.567,120.38,1.4249,74.547,38.103,1.5689,54.767,3.4522,461.24,0.036752,1.0171,67.416,19.044,43.071
688,2026-04-28T09:21:00,49.507,100.0,26.848,21.359,-0.086216,3000.0,3622.6,92.033,18.025,-0.025402,0.0,0.10439,310.29,72.916,6.7502,13.346,25.089,4302.7,22.049,45.394,50.361,72.832,1.9314,1.502,3441.8,42.308,48.714,95.868,9.6352,88.453,39.164,4.0567,2920.9,67.203,25.244,100.29,0.22088,8.5327,35.123,120.38,1.2678,74.547,37.799,1.5537,54.767,3.4688,461.24,0.036752,1.0171,67.416,19.013,43.071
689,2026-04-28T09:24:00,49.507,100.0,26.848,21.359,-0.086399,3000.0,3622.6,92.181,18.025,-0.025402,0.0,0.10439,310.29,72.916,6.7502,13.346,25.089,4302.7,22.049,45.394,50.361,72.832,1.9314,1.502,3441.8,42.308,48.714,95.868,9.6352,88.51,39.164,4.0567,2920.9,67.203,25.244,100.29,0.22088,8.5327,35.123,120.38,1.2678,74.547,37.799,1.5537,54.767,3.4688,461.24,0.036752,1.0171,67.416,19.013,43.071
690,2026-04-28T09:27:00,49.507,100.0,26.848,22.108,-0.086583,3000.0,3622.6,92.329,18.142,-0.025402,0.0,0.10439,310.29,72.916,6.9059,13.363,24.805,4302.7,22.049,45.394,50.361,72.832,1.976,1.4699,3441.8,42.308,48.747,95.868,9.6352,88.567,39.164,0.0,2920.9,68.214,25.244,100.29,0.22088,8.5244,35.151,120.38,1.4107,74.547,38.094,1.6161,54.767,3.4447,461.24,0.036752,1.0171,67.416,18.769,43.071
691,2026-04-28T09:30:00,49.507,100.0,26.848,22.108,-0.086767,3000.0,3622.6,92.476,18.142,-0.025402,0.0,0.10439,310.29,72.916,6.9059,13.363,24.805,4302.7,22.049,45.394,50.361,72.832,1.976,1.4699,3441.8,42.308,48.747,95.868,9.6352,88.625,39.164,0.0,2920.9,68.214,25.244,100.29,0.22088,8.5244,35.151,120.38,1.4107,74.547,38.094,1.6161,54.767,3.4447,461.24,0.036752,1.0171,67.416,18.769,43.071
692,2026-04-28T09:33:00,49.507,100.0,26.848,21.747,-0.08695,3000.0,3622.6,92.624,18.48,-0.025402,0.0,0.10634,310.29,72.916,6.9161,13.463,24.677,4302.7,22.049,45.394,50.361,72.832,1.9463,1.4946,3441.8,42.308,49.326,95.868,9.6352,88.682,39.164,0.0,2920.9,66.899,25.244,100.29,0.22088,8.7975,35.645,120.38,1.5053,74.547,38.188,1.5051,54.104,3.5103,461.24,0.038542,1.0285,67.416,18.58,43.282
693,2026-04-28T09:36:00,49.507,100.0,26.848,21.747,-0.087134,3000.0,3622.6,92.772,18.48,-0.025402,0.0,0.10634,310.29,72.916,6.9161,13.463,24.677,4302.7,22.049,45.394,50.361,72.832,1.9463,1.4946,3441.8,42.308,49.326,95.868,9.6352,88.739,39.164,0.0,2920.9,66.899,25.244,100.29,0.22088,8.7975,35.645,120.38,1.5053,74.547,38.188,1.5051,54.104,3.5103,461.24,0.038542,1.0285,67.416,18.58,43.282
694,2026-04-28T09:39:00,49.507,100.0,26.848,21.819,-0.087318,3000.0,3622.6,92.919,18.605,-0.025402,0.0,0.10634,310.29,72.916,7.0551,13.473,24.982,4302.7,22.049,45.394,50.361,72.832,1.9535,1.4833,3441.8,42.308,49.807,95.868,9.6352,88.796,39.164,2.0707,2920.9,66.783,25.244,100.29,0.22088,8.6135,35.421,120.38,1.4581,74.547,38.071,1.5975,54.104,3.4685,461.24,0.038542,1.0285,67.416,19.03,43.282
695,2026-04-28T09:42:00,49.507,100.0,26.848,21.819,-0.087501,3000.0,3622.6,93.067,18.605,-0.025402,0.0,0.10634,310.29,72.916,7.0551,13.473,24.982,4302.7,22.049,45.394,50.361,72.832,1.9535,1.4833,3441.8,42.308,49.807,95.868,9.6352,88.853,39.164,2.0707,2920.9,66.783,25.244,100.29,0.22088,8.6135,35.421,120.38,1.4581,74.547,38.071,1.5975,54.104,3.4685,461.24,0.038542,1.0285,67.416,19.03,43.282
696,2026-04-28T09:45:00,49.507,100.0,26.848,22.049,-0.087685,3000.0,3622.6,93.215,18.562,-0.025402,0.0,0.10634,310.29,72.916,6.6598,13.375,24.964,4302.7,22.049,45.394,50.361,72.832,1.9751,1.4693,3441.8,42.308,48.698,95.868,9.6352,88.91,39.164,1.8286,2920.9,65.466,25.244,100.29,0.22088,8.6069,35.499,120.38,1.4562,74.547,37.681,1.5228,54.104,3.4691,461.24,0.038542,1.0285,67.416,19.191,43.282
697,2026-04-28T09:48:00,49.507,100.0,26.848,22.049,-0.087869,3000.0,3622.6,93.362,18.562,-0.025402,0.0,0.091486,310.29,72.916,6.6598,13.375,24.964,4302.7,22.049,45.394,50.361,72.832,1.9751,1.4693,3441.8,42.308,48.698,95.868,9.6352,88.968,39.164,1.8286,2920.9,65.466,25.244,100.3,0.22088,8.6069,35.499,120.38,1.4562,74.547,37.681,1.5228,55.718,3.4691,461.24,0.025837,1.0359,67.416,19.191,43.466
698,2026-04-28T09:51:00,49.507,100.0,26.848,21.506,-0.088052,3000.0,3622.6,93.51,17.869,-0.025402,0.0,0.091486,310.29,72.916,6.8727,13.437,24.465,4302.7,22.049,45.394,50.361,72.832,1.9713,1.5077,3441.8,42.308,48.246,95.868,9.6352,89.025,39.164,0.0,2920.9,68.956,25.244,100.3,0.22088,8.752,35.912,120.38,1.1137,74.547,37.993,1.5294,55.718,3.4361,461.24,0.025837,1.0359,67.416,18.606,43.466
699,2026-04-28T09:54:00,49.507,100.0,26.848,21.506,-0.088236,3000.0,3622.6,93.658,17.869,-0.025402,0.0,0.091486,310.29,72.916,6.8727,13.437,24.465,4302.7,22.049,45.394,50.361,72.832,1.9713,1.5077,3441.8,42.308,48.246,95.868,9.6352,89.082,39.164,0.0,2920.9,68.956,25.244,100.3,0.22088,8.752,35.912,120.38,1.1137,74.547,37.993,1.5294,55.718,3.4361,461.24,0.025837,1.0359,67.416,18.606,43.466
700,2026-04-28T09:57:00,49.507,100.0,26.848,21.754,-0.08842,3000.0,3622.6,93.805,18.63,-0.025402,0.0,0.091486,310.29,72.916,6.8163,13.476,24.311,4302.7,22.049,45.394,50.361,72.832,1.9687,1.4755,3441.8,42.308,49.663,95.868,9.6352,89.139,39.164,1.0419,2920.9,67.198,25.244,100.3,0.22088,8.6927,35.418,120.38,1.204,74.547,38.153,1.4941,55.718,3.4604,461.24,0.025837,1.0359,67.416,18.617,43.466
701,2026-04-28T10:00:00,49.507,100.0,26.848,21.754,-0.088603,3000.0,3622.6,93.953,18.63,-0.025402,0.0,0.091486,310.29,72.916,6.8163,13.476,24.311,4302.7,22.049,45.394,50.361,72.832,1.9687,1.4755,3441.8,42.308,49.663,95.868,9.6352,89.196,39.164,1.0419,2920.9,67.198,25.244,100.3,0.22088,8.6927,35.418,120.38,1.204,74.547,38.153,1.4941,55.718,3.4604,461.24,0.025837,1.0359,67.416,18.617,43.466
702,2026-04-28T10:03:00,49.507,100.0,26.848,21.623,-0.088787,3000.0,3622.6,94.101,18.639,-0.025402,0.0,0.11789,310.29,72.916,6.866,13.439,24.176,4302.7,22.049,45.394,50.361,72.832,1.9455,1.4922,3441.8,42.308,49.662,95.868,9.6352,89.253,39.164,1.5579,2920.9,67.728,25.244,100.3,0.22088,8.6743,35.707,120.38,1.191,74.547,38.205,1.4989,54.209,3.3845,461.24,0.027511,1.0321,67.416,18.494,43.051
703,2026-04-28T10:06:00,49.507,100.0,26.848,21.623,-0.088971,3000.0,3622.6,94.249,18.639,-0.025402,0.0,0.11789,310.29,72.916,6.866,13.439,24.176,4302.7,22.049,45.394,50.361,72.832,1.9455,1.4922,3441.8,42.308,49.662,95.868,9.6352,89.311,39.164,1.5579,2920.9,67.728,25.244,100.3,0.22088,8.6743,35.707,120.38,1.191,74.547,38.205,1.4989,54.209,3.3845,461.24,0.027511,1.0321,67.416,18.494,43.051
704,2026-04-28T10:09:00,49.507,100.0,26.848,22.249,-0.089154,3000.0,3622.6,94.396,18.568,-0.025402,0.0,0.11789,310.29,72.916,6.9303,13.728,25.272,4302.7,22.049,45.394,50.361,72.832,1.9453,1.4961,3441.8,42.308,50.002,95.868,9.6352,89.368,39.164,0.02075,2920.9,67.33,25.244,100.3,0.22088,8.5662,35.37,120.38,1.4223,74.547,38.065,1.5753,54.209,3.4678,461.24,0.027511,1.0321,67.416,18.905,43.051
705,2026-04-28T10:12:00,49.507,100.0,26.848,22.249,-0.089338,3000.0,3622.6,94.544,18.568,-0.025402,0.0,0.11789,310.29,72.916,6.9303,13.728,25.272,4302.7,22.049,45.394,50.361,72.832,1.9453,1.4961,3441.8,42.308,50.002,95.868,9.6352,89.425,39.164,0.02075,2920.9,67.33,25.244,100.3,0.22088,8.5662,35.37,120.38,1.4223,74.547,38.065,1.5753,54.209,3.4678,461.24,0.027511,1.0321,67.416,18.905,43.051
706,2026-04-28T10:15:00,49.507,94.407,26.848,21.39,-0.089521,3000.0,3622.6,94.692,18.754,-0.025402,0.0,0.11789,310.29,72.916,6.7707,13.474,24.643,4302.7,22.049,45.394,50.361,72.832,1.9609,1.478,3441.8,42.308,49.007,95.868,9.6352,89.482,39.164,7.3877,2920.9,66.751,25.244,100.3,0.22088,8.2986,35.011,120.38,1.4459,74.547,37.946,1.5952,54.209,3.4987,461.24,0.027511,1.0321,67.416,18.957,43.051
707,2026-04-28T10:18:00,49.507,94.407,26.848,21.39,-0.089705,3000.0,3622.6,94.839,18.754,-0.025402,0.0,0.096135,310.29,72.916,6.7707,13.474,24.643,4302.7,22.049,45.394,50.361,72.832,1.9609,1.478,3441.8,42.308,49.007,95.868,9.6352,89.539,39.164,7.3877,2920.9,66.751,25.244,100.3,0.22088,8.2986,35.011,120.38,1.4459,74.547,37.946,1.5952,53.697,3.4987,461.24,0.015916,1.0323,67.416,18.957,42.429
708,2026-04-28T10:21:00,49.507,100.0,26.848,21.937,-0.089889,3000.0,3622.6,94.987,18.195,-0.025402,0.0,0.096135,310.29,72.916,6.9127,13.468,24.76,4302.7,22.049,45.394,50.361,72.832,1.9353,1.5386,3441.8,42.308,48.852,95.868,9.6352,89.596,39.164,0.26465,2920.9,68.181,25.244,100.3,0.22088,8.6407,35.109,120.38,1.1628,74.547,37.839,1.5924,53.697,3.5357,461.24,0.015916,1.0323,67.416,19.039,42.429
709,2026-04-28T10:24:00,49.507,100.0,26.848,21.937,-0.090072,3000.0,3622.6,95.135,18.195,-0.025402,0.0,0.096135,310.29,72.916,6.9127,13.468,24.76,4302.7,22.049,45.394,50.361,72.832,1.9353,1.5386,3441.8,42.308,48.852,95.868,9.6352,89.653,39.164,0.26465,2920.9,68.181,25.244,100.3,0.22088,8.6407,35.109,120.38,1.1628,74.547,37.839,1.5924,53.697,3.5357,461.24,0.015916,1.0323,67.416,19.039,42.429
710,2026-04-28T10:27:00,49.507,100.0,26.848,22.002,-0.090256,3000.0,3622.6,95.282,18.322,-0.025402,0.0,0.096135,310.29,72.916,6.8765,13.423,25.137,4302.7,22.049,45.394,50.361,72.832,1.9948,1.5187,3441.8,42.308,48.613,95.868,9.6352,89.711,39.164,0.0,2920.9,66.974,25.244,100.3,0.22088,8.7382,35.744,120.38,1.4441,74.547,38.269,1.5359,53.697,3.2922,461.24,0.015916,1.0323,67.416,18.756,42.429
711,2026-04-28T10:30:00,49.507,100.0,26.848,22.002,-0.09044,3000.0,3622.6,95.43,18.322,-0.025402,0.0,0.096135,310.29,72.916,6.8765,13.423,25.137,4302.7,22.049,45.394,50.361,72.832,1.9948,1.5187,3441.8,42.308,48.613,95.868,9.6352,89.768,39.164,0.0,2920.9,66.974,25.244,100.3,0.22088,8.7382,35.744,120.38,1.4441,74.547,38.269,1.5359,53.697,3.2922,461.24,0.015916,1.0323,67.416,18.756,42.429
712,2026-04-28T10:33:00,49.507,100.0,26.848,21.697,-0.090623,3000.0,3622.6,95.578,18.326,-0.025402,0.0,0.10122,310.29,72.916,6.865,13.546,24.788,4302.7,22.049,45.394,50.361,72.832,1.9629,1.4692,3441.8,42.308,49.287,95.868,9.6352,89.825,39.164,0.0,2920.9,67.279,25.244,100.3,0.22088,8.723,35.56,120.38,1.4915,74.547,37.913,1.6335,54.0,3.4207,461.24,0.009439,1.0452,67.416,18.799,43.089
713,2026-04-28T10:36:00,49.507,100.0,26.848,21.697,-0.090807,3000.0,3622.6,95.725,18.326,-0.025402,0.0,0.10122,310.29,72.916,6.865,13.546,24.788,4302.7,22.049,45.394,50.361,72.832,1.9629,1.4692,3441.8,42.308,49.287,95.868,9.6352,89.882,39.164,0.0,2920.9,67.279,25.244,100.3,0.22088,8.723,35.56,120.38,1.4915,74.547,37.913,1.6335,54.0,3.4207,461.24,0.009439,1.0452,67.416,18.799,43.089
714,2026-04-28T10:39:00,49.507,100.0,26.848,21.937,-0.090991,3000.0,3622.6,95.873,18.207,-0.025402,0.0,0.10122,310.29,72.916,6.901,13.244,24.708,4302.7,22.049,45.394,50.361,72.832,1.9631,1.5198,3441.8,42.308,49.183,95.868,9.6352,89.939,39.164,2.7881,2920.9,67.39,25.244,100.3,0.22088,8.7406,35.605,120.38,1.3949,74.547,38.129,1.569,54.0,3.4089,461.24,0.009439,1.0452,67.416,19.549,43.089
715,2026-04-28T10:42:00,49.507,100.0,26.848,21.937,-0.091174,3000.0,3622.6,96.021,18.207,-0.025402,0.0,0.10122,310.29,72.916,6.901,13.244,24.708,4302.7,22.049,45.394,50.361,72.832,1.9631,1.5198,3441.8,42.308,49.183,95.868,9.6352,89.996,39.164,2.7881,2920.9,67.39,25.244,100.3,0.22088,8.7406,35.605,120.38,1.3949,74.547,38.129,1.569,54.0,3.4089,461.24,0.009439,1.0452,67.416,19.549,43.089
716,2026-04-28T10:45:00,49.507,100.0,26.848,21.609,-0.091358,3000.0,3622.6,96.168,18.429,-0.025402,0.0,0.10122,310.29,72.916,6.8879,13.475,24.802,4302.7,22.049,45.394,50.361,72.832,1.9808,1.4286,3441.8,42.308,47.274,95.868,9.6352,90.054,39.164,0.0,2920.9,67.073,25.244,100.3,0.22088,8.7578,35.461,120.38,1.465,74.547,37.952,1.5584,54.0,3.4487,461.24,0.009439,1.0452,67.416,18.3,43.089
717,2026-04-28T10:48:00,49.507,100.0,26.848,21.609,-0.091542,3000.0,3622.6,96.316,18.429,-0.025402,0.0,0.094871,310.29,72.916,6.8879,13.475,24.802,4302.7,22.049,45.394,50.361,72.832,1.9808,1.4286,3441.8,42.308,47.274,95.868,9.6352,90.111,39.164,0.0,2920.9,67.073,25.244,100.31,0.22088,8.7578,35.461,120.38,1.465,74.547,37.952,1.5584,53.63,3.4487,461.24,0.012876,1.0437,67.416,18.3,43.074
718,2026-04-28T10:51:00,49.507,100.0,26.848,21.865,-0.091725,3000.0,3622.6,96.464,18.589,-0.025402,0.0,0.094871,310.29,72.916,6.7629,13.347,25.219,4302.7,22.049,45.394,50.361,72.832,1.9752,1.5239,3441.8,42.308,50.313,95.868,9.6352,90.168,39.164,5.5054,2920.9,67.177,25.244,100.31,0.22088,8.7439,35.496,120.38,1.4591,74.547,38.27,1.5244,53.63,3.4517,461.24,0.012876,1.0437,67.416,18.739,43.074
719,2026-04-28T10:54:00,49.507,100.0,26.848,21.865,-0.091909,3000.0,3622.6,96.611,18.589,-0.025402,0.0,0.094871,310.29,72.916,6.7629,13.347,25.219,4302.7,22.049,45.394,50.361,72.832,1.9752,1.5239,3441.8,42.308,50.313,95.868,9.6352,90.225,39.164,5.5054,2920.9,67.177,25.244,100.31,0.22088,8.7439,35.496,120.38,1.4591,74.547,38.27,1.5244,53.63,3.4517,461.24,0.012876,1.0437,67.416,18.739,43.074
720,2026-04-28T10:57:00,49.507,100.0,26.848,22.069,-0.092093,3000.0,3622.6,96.759,18.25,-0.025402,0.0,0.094871,310.29,72.916,6.7237,13.61,24.404,4302.7,22.049,45.394,50.361,72.832,1.9487,1.4747,3441.8,42.308,49.281,95.868,9.6352,90.282,39.164,1.4616,2920.9,68.327,25.244,100.31,0.22088,8.9333,35.364,120.38,1.3206,74.547,37.857,1.4406,53.63,3.5544,461.24,0.012876,1.0437,67.416,18.856,43.074
721,2026-04-28T11:00:00,49.507,100.0,26.848,22.069,-0.092276,3000.0,3622.6,96.907,18.25,-0.025402,0.0,0.094871,310.29,72.916,6.7237,13.61,24.404,4302.7,22.049,45.394,50.361,72.832,1.9487,1.4747,3441.8,42.308,49.281,95.868,9.6352,90.339,39.164,1.4616,2920.9,68.327,25.244,100.31,0.22088,8.9333,35.364,120.38,1.3206,74.547,37.857,1.4406,53.63,3.5544,461.24,0.012876,1.0437,67.416,18.856,43.074
722,2026-04-28T11:03:00,49.507,100.0,26.848,21.742,-0.09246,3000.0,3622.6,97.054,18.544,-0.025402,0.0,0.098667,310.29,72.916,6.846,13.395,24.698,4302.7,22.049,45.394,50.361,72.832,1.9306,1.5376,3441.8,42.308,48.989,95.868,9.6352,90.396,39.164,7.9992,2920.9,68.802,25.244,100.31,0.22088,8.6652,35.413,120.38,1.309,74.547,38.227,1.5747,54.377,3.4008,461.24,0.017705,1.0357,67.416,18.768,42.272
723,2026-04-28T11:06:00,49.507,100.0,26.848,21.742,-0.092643,3000.0,3622.6,97.202,18.544,-0.025402,0.0,0.098667,310.29,72.916,6.846,13.395,24.698,4302.7,22.049,45.394,50.361,72.832,1.9306,1.5376,3441.8,42.308,48.989,95.868,9.6352,90.454,39.164,7.9992,2920.9,68.802,25.244,100.31,0.22088,8.6652,35.413,120.38,1.309,74.547,38.227,1.5747,54.377,3.4008,461.24,0.017705,1.0357,67.416,18.768,42.272
724,2026-04-28T11:09:00,49.507,100.0,26.848,21.819,-0.092827,3000.0,3622.6,97.35,18.51,-0.025402,0.0,0.098667,310.29,72.916,6.8196,13.453,24.613,4302.7,22.049,45.394,50.361,72.832,1.9736,1.5049,3441.8,42.308,49.2,95.868,9.6352,90.511,39.164,1.7688,2920.9,67.82,25.244,100.31,0.22088,8.7853,35.106,120.38,1.3506,74.547,37.918,1.5998,54.377,3.4695,461.24,0.017705,1.0357,67.416,18.826,42.272
700,2026-04-28T09:57:00,49.507,100.0,26.848,21.754,-0.08842,3000.0,3622.6,93.805,18.63,-0.025402,0.0,0.091486,310.29,72.916,6.8163,13.476,24.311,4302.7,22.049,45.394,50.361,72.832,1.9687,1.4755,3441.8,42.308,49.663,95.868,9.6352,89.139,39.164,1.0419,2920.9,67.198,25.244,100.3,0.22088,8.6927,35.418,120.38,1.204,74.547,38.153,1.4941,55.718,3.4604,461.24,0.025837,1.0359,67.416,18.617,43.466
701,2026-04-28T10:00:00,49.507,100.0,26.848,21.754,-0.088603,3000.0,3622.6,93.953,18.63,-0.025402,0.0,0.091486,310.29,72.916,6.8163,13.476,24.311,4302.7,22.049,45.394,50.361,72.832,1.9687,1.4755,3441.8,42.308,49.663,95.868,9.6352,89.196,39.164,1.0419,2920.9,67.198,25.244,100.3,0.22088,8.6927,35.418,120.38,1.204,74.547,38.153,1.4941,55.718,3.4604,461.24,0.025837,1.0359,67.416,18.617,43.466
702,2026-04-28T10:03:00,49.507,100.0,26.848,21.623,-0.088787,3000.0,3622.6,94.101,18.639,-0.025402,0.0,0.11789,310.29,72.916,6.866,13.439,24.176,4302.7,22.049,45.394,50.361,72.832,1.9455,1.4922,3441.8,42.308,49.662,95.868,9.6352,89.253,39.164,1.5579,2920.9,67.728,25.244,100.3,0.22088,8.6743,35.707,120.38,1.191,74.547,38.205,1.4989,54.209,3.3845,461.24,0.027511,1.0321,67.416,18.494,43.051
703,2026-04-28T10:06:00,49.507,100.0,26.848,21.623,-0.088971,3000.0,3622.6,94.249,18.639,-0.025402,0.0,0.11789,310.29,72.916,6.866,13.439,24.176,4302.7,22.049,45.394,50.361,72.832,1.9455,1.4922,3441.8,42.308,49.662,95.868,9.6352,89.311,39.164,1.5579,2920.9,67.728,25.244,100.3,0.22088,8.6743,35.707,120.38,1.191,74.547,38.205,1.4989,54.209,3.3845,461.24,0.027511,1.0321,67.416,18.494,43.051
704,2026-04-28T10:09:00,49.507,100.0,26.848,22.249,-0.089154,3000.0,3622.6,94.396,18.568,-0.025402,0.0,0.11789,310.29,72.916,6.9303,13.728,25.272,4302.7,22.049,45.394,50.361,72.832,1.9453,1.4961,3441.8,42.308,50.002,95.868,9.6352,89.368,39.164,0.02075,2920.9,67.33,25.244,100.3,0.22088,8.5662,35.37,120.38,1.4223,74.547,38.065,1.5753,54.209,3.4678,461.24,0.027511,1.0321,67.416,18.905,43.051
705,2026-04-28T10:12:00,49.507,100.0,26.848,22.249,-0.089338,3000.0,3622.6,94.544,18.568,-0.025402,0.0,0.11789,310.29,72.916,6.9303,13.728,25.272,4302.7,22.049,45.394,50.361,72.832,1.9453,1.4961,3441.8,42.308,50.002,95.868,9.6352,89.425,39.164,0.02075,2920.9,67.33,25.244,100.3,0.22088,8.5662,35.37,120.38,1.4223,74.547,38.065,1.5753,54.209,3.4678,461.24,0.027511,1.0321,67.416,18.905,43.051
706,2026-04-28T10:15:00,49.507,94.407,26.848,21.39,-0.089521,3000.0,3622.6,94.692,18.754,-0.025402,0.0,0.11789,310.29,72.916,6.7707,13.474,24.643,4302.7,22.049,45.394,50.361,72.832,1.9609,1.478,3441.8,42.308,49.007,95.868,9.6352,89.482,39.164,7.3877,2920.9,66.751,25.244,100.3,0.22088,8.2986,35.011,120.38,1.4459,74.547,37.946,1.5952,54.209,3.4987,461.24,0.027511,1.0321,67.416,18.957,43.051
707,2026-04-28T10:18:00,49.507,94.407,26.848,21.39,-0.089705,3000.0,3622.6,94.839,18.754,-0.025402,0.0,0.096135,310.29,72.916,6.7707,13.474,24.643,4302.7,22.049,45.394,50.361,72.832,1.9609,1.478,3441.8,42.308,49.007,95.868,9.6352,89.539,39.164,7.3877,2920.9,66.751,25.244,100.3,0.22088,8.2986,35.011,120.38,1.4459,74.547,37.946,1.5952,53.697,3.4987,461.24,0.015916,1.0323,67.416,18.957,42.429
708,2026-04-28T10:21:00,49.507,100.0,26.848,21.937,-0.089889,3000.0,3622.6,94.987,18.195,-0.025402,0.0,0.096135,310.29,72.916,6.9127,13.468,24.76,4302.7,22.049,45.394,50.361,72.832,1.9353,1.5386,3441.8,42.308,48.852,95.868,9.6352,89.596,39.164,0.26465,2920.9,68.181,25.244,100.3,0.22088,8.6407,35.109,120.38,1.1628,74.547,37.839,1.5924,53.697,3.5357,461.24,0.015916,1.0323,67.416,19.039,42.429
709,2026-04-28T10:24:00,49.507,100.0,26.848,21.937,-0.090072,3000.0,3622.6,95.135,18.195,-0.025402,0.0,0.096135,310.29,72.916,6.9127,13.468,24.76,4302.7,22.049,45.394,50.361,72.832,1.9353,1.5386,3441.8,42.308,48.852,95.868,9.6352,89.653,39.164,0.26465,2920.9,68.181,25.244,100.3,0.22088,8.6407,35.109,120.38,1.1628,74.547,37.839,1.5924,53.697,3.5357,461.24,0.015916,1.0323,67.416,19.039,42.429
710,2026-04-28T10:27:00,49.507,100.0,26.848,22.002,-0.090256,3000.0,3622.6,95.282,18.322,-0.025402,0.0,0.096135,310.29,72.916,6.8765,13.423,25.137,4302.7,22.049,45.394,50.361,72.832,1.9948,1.5187,3441.8,42.308,48.613,95.868,9.6352,89.711,39.164,0.0,2920.9,66.974,25.244,100.3,0.22088,8.7382,35.744,120.38,1.4441,74.547,38.269,1.5359,53.697,3.2922,461.24,0.015916,1.0323,67.416,18.756,42.429
711,2026-04-28T10:30:00,49.507,100.0,26.848,22.002,-0.09044,3000.0,3622.6,95.43,18.322,-0.025402,0.0,0.096135,310.29,72.916,6.8765,13.423,25.137,4302.7,22.049,45.394,50.361,72.832,1.9948,1.5187,3441.8,42.308,48.613,95.868,9.6352,89.768,39.164,0.0,2920.9,66.974,25.244,100.3,0.22088,8.7382,35.744,120.38,1.4441,74.547,38.269,1.5359,53.697,3.2922,461.24,0.015916,1.0323,67.416,18.756,42.429
712,2026-04-28T10:33:00,49.507,100.0,26.848,21.697,-0.090623,3000.0,3622.6,95.578,18.326,-0.025402,0.0,0.10122,310.29,72.916,6.865,13.546,24.788,4302.7,22.049,45.394,50.361,72.832,1.9629,1.4692,3441.8,42.308,49.287,95.868,9.6352,89.825,39.164,0.0,2920.9,67.279,25.244,100.3,0.22088,8.723,35.56,120.38,1.4915,74.547,37.913,1.6335,54.0,3.4207,461.24,0.009439,1.0452,67.416,18.799,43.089
713,2026-04-28T10:36:00,49.507,100.0,26.848,21.697,-0.090807,3000.0,3622.6,95.725,18.326,-0.025402,0.0,0.10122,310.29,72.916,6.865,13.546,24.788,4302.7,22.049,45.394,50.361,72.832,1.9629,1.4692,3441.8,42.308,49.287,95.868,9.6352,89.882,39.164,0.0,2920.9,67.279,25.244,100.3,0.22088,8.723,35.56,120.38,1.4915,74.547,37.913,1.6335,54.0,3.4207,461.24,0.009439,1.0452,67.416,18.799,43.089
714,2026-04-28T10:39:00,49.507,100.0,26.848,21.937,-0.090991,3000.0,3622.6,95.873,18.207,-0.025402,0.0,0.10122,310.29,72.916,6.901,13.244,24.708,4302.7,22.049,45.394,50.361,72.832,1.9631,1.5198,3441.8,42.308,49.183,95.868,9.6352,89.939,39.164,2.7881,2920.9,67.39,25.244,100.3,0.22088,8.7406,35.605,120.38,1.3949,74.547,38.129,1.569,54.0,3.4089,461.24,0.009439,1.0452,67.416,19.549,43.089
715,2026-04-28T10:42:00,49.507,100.0,26.848,21.937,-0.091174,3000.0,3622.6,96.021,18.207,-0.025402,0.0,0.10122,310.29,72.916,6.901,13.244,24.708,4302.7,22.049,45.394,50.361,72.832,1.9631,1.5198,3441.8,42.308,49.183,95.868,9.6352,89.996,39.164,2.7881,2920.9,67.39,25.244,100.3,0.22088,8.7406,35.605,120.38,1.3949,74.547,38.129,1.569,54.0,3.4089,461.24,0.009439,1.0452,67.416,19.549,43.089
716,2026-04-28T10:45:00,49.507,100.0,26.848,21.609,-0.091358,3000.0,3622.6,96.168,18.429,-0.025402,0.0,0.10122,310.29,72.916,6.8879,13.475,24.802,4302.7,22.049,45.394,50.361,72.832,1.9808,1.4286,3441.8,42.308,47.274,95.868,9.6352,90.054,39.164,0.0,2920.9,67.073,25.244,100.3,0.22088,8.7578,35.461,120.38,1.465,74.547,37.952,1.5584,54.0,3.4487,461.24,0.009439,1.0452,67.416,18.3,43.089
717,2026-04-28T10:48:00,49.507,100.0,26.848,21.609,-0.091542,3000.0,3622.6,96.316,18.429,-0.025402,0.0,0.094871,310.29,72.916,6.8879,13.475,24.802,4302.7,22.049,45.394,50.361,72.832,1.9808,1.4286,3441.8,42.308,47.274,95.868,9.6352,90.111,39.164,0.0,2920.9,67.073,25.244,100.31,0.22088,8.7578,35.461,120.38,1.465,74.547,37.952,1.5584,53.63,3.4487,461.24,0.012876,1.0437,67.416,18.3,43.074
718,2026-04-28T10:51:00,49.507,100.0,26.848,21.865,-0.091725,3000.0,3622.6,96.464,18.589,-0.025402,0.0,0.094871,310.29,72.916,6.7629,13.347,25.219,4302.7,22.049,45.394,50.361,72.832,1.9752,1.5239,3441.8,42.308,50.313,95.868,9.6352,90.168,39.164,5.5054,2920.9,67.177,25.244,100.31,0.22088,8.7439,35.496,120.38,1.4591,74.547,38.27,1.5244,53.63,3.4517,461.24,0.012876,1.0437,67.416,18.739,43.074
719,2026-04-28T10:54:00,49.507,100.0,26.848,21.865,-0.091909,3000.0,3622.6,96.611,18.589,-0.025402,0.0,0.094871,310.29,72.916,6.7629,13.347,25.219,4302.7,22.049,45.394,50.361,72.832,1.9752,1.5239,3441.8,42.308,50.313,95.868,9.6352,90.225,39.164,5.5054,2920.9,67.177,25.244,100.31,0.22088,8.7439,35.496,120.38,1.4591,74.547,38.27,1.5244,53.63,3.4517,461.24,0.012876,1.0437,67.416,18.739,43.074
720,2026-04-28T10:57:00,49.507,100.0,26.848,22.069,-0.092093,3000.0,3622.6,96.759,18.25,-0.025402,0.0,0.094871,310.29,72.916,6.7237,13.61,24.404,4302.7,22.049,45.394,50.361,72.832,1.9487,1.4747,3441.8,42.308,49.281,95.868,9.6352,90.282,39.164,1.4616,2920.9,68.327,25.244,100.31,0.22088,8.9333,35.364,120.38,1.3206,74.547,37.857,1.4406,53.63,3.5544,461.24,0.012876,1.0437,67.416,18.856,43.074
721,2026-04-28T11:00:00,49.507,100.0,26.848,22.069,-0.092276,3000.0,3622.6,96.907,18.25,-0.025402,0.0,0.094871,310.29,72.916,6.7237,13.61,24.404,4302.7,22.049,45.394,50.361,72.832,1.9487,1.4747,3441.8,42.308,49.281,95.868,9.6352,90.339,39.164,1.4616,2920.9,68.327,25.244,100.31,0.22088,8.9333,35.364,120.38,1.3206,74.547,37.857,1.4406,53.63,3.5544,461.24,0.012876,1.0437,67.416,18.856,43.074
722,2026-04-28T11:03:00,49.507,100.0,26.848,21.742,-0.09246,3000.0,3622.6,97.054,18.544,-0.025402,0.0,0.098667,310.29,72.916,6.846,13.395,24.698,4302.7,22.049,45.394,50.361,72.832,1.9306,1.5376,3441.8,42.308,48.989,95.868,9.6352,90.396,39.164,7.9992,2920.9,68.802,25.244,100.31,0.22088,8.6652,35.413,120.38,1.309,74.547,38.227,1.5747,54.377,3.4008,461.24,0.017705,1.0357,67.416,18.768,42.272
723,2026-04-28T11:06:00,49.507,100.0,26.848,21.742,-0.092643,3000.0,3622.6,97.202,18.544,-0.025402,0.0,0.098667,310.29,72.916,6.846,13.395,24.698,4302.7,22.049,45.394,50.361,72.832,1.9306,1.5376,3441.8,42.308,48.989,95.868,9.6352,90.454,39.164,7.9992,2920.9,68.802,25.244,100.31,0.22088,8.6652,35.413,120.38,1.309,74.547,38.227,1.5747,54.377,3.4008,461.24,0.017705,1.0357,67.416,18.768,42.272
724,2026-04-28T11:09:00,49.507,100.0,26.848,21.819,-0.092827,3000.0,3622.6,97.35,18.51,-0.025402,0.0,0.098667,310.29,72.916,6.8196,13.453,24.613,4302.7,22.049,45.394,50.361,72.832,1.9736,1.5049,3441.8,42.308,49.2,95.868,9.6352,90.511,39.164,1.7688,2920.9,67.82,25.244,100.31,0.22088,8.7853,35.106,120.38,1.3506,74.547,37.918,1.5998,54.377,3.4695,461.24,0.017705,1.0357,67.416,18.826,42.272
725,2026-04-28T11:12:00,49.507,100.0,26.848,21.819,-0.093011,3000.0,3622.6,97.497,18.51,-0.025402,0.0,0.098667,310.29,72.916,6.8196,13.453,24.613,4302.7,22.049,45.394,50.361,72.832,1.9736,1.5049,3441.8,42.308,49.2,95.868,9.6352,90.568,39.164,1.7688,2920.9,67.82,25.244,100.31,0.22088,8.7853,35.106,120.38,1.3506,74.547,37.918,1.5998,54.377,3.4695,461.24,0.017705,1.0357,67.416,18.826,42.272
726,2026-04-28T11:15:00,49.507,100.0,26.848,22.127,-0.093194,3000.0,3622.6,97.645,18.412,-0.025402,0.0,0.098667,310.29,72.916,6.8559,13.664,24.38,4302.7,22.049,45.394,50.361,72.832,1.9661,1.5007,3441.8,42.308,49.052,95.868,9.6352,90.625,39.164,2.7257,2920.9,68.098,25.244,100.31,0.22088,8.8071,35.579,120.38,1.3118,74.547,37.971,1.6331,54.377,3.4441,461.24,0.017705,1.0357,67.416,18.708,42.272
727,2026-04-28T11:18:00,49.507,100.0,26.848,22.127,-0.093378,3000.0,3622.6,97.793,18.412,-0.025402,0.0,0.10085,310.29,72.916,6.8559,13.664,24.38,4302.7,22.049,45.394,50.361,72.832,1.9661,1.5007,3441.8,42.308,49.052,95.868,9.6352,90.682,39.164,2.7257,2920.9,68.098,25.244,100.31,0.22088,8.8071,35.579,120.38,1.3118,74.547,37.971,1.6331,53.277,3.4441,461.24,0.010661,1.0353,67.416,18.708,42.332
728,2026-04-28T11:21:00,49.507,100.0,26.848,22.062,-0.093562,3000.0,3622.6,97.94,18.344,-0.025402,0.0,0.10085,310.29,72.916,7.0083,13.52,24.592,4302.7,22.049,45.394,50.361,72.832,1.9763,1.4928,3441.8,42.308,49.345,95.868,9.6352,90.739,39.164,7.9804,2920.9,67.821,25.244,100.31,0.22088,8.5163,35.722,120.38,1.505,74.547,38.13,1.5534,53.277,3.4084,461.24,0.010661,1.0353,67.416,19.107,42.332
729,2026-04-28T11:24:00,49.507,100.0,26.848,22.062,-0.093745,3000.0,3622.6,98.088,18.344,-0.025402,0.0,0.10085,310.29,72.916,7.0083,13.52,24.592,4302.7,22.049,45.394,50.361,72.832,1.9763,1.4928,3441.8,42.308,49.345,95.868,9.6352,90.797,39.164,7.9804,2920.9,67.821,25.244,100.31,0.22088,8.5163,35.722,120.38,1.505,74.547,38.13,1.5534,53.277,3.4084,461.24,0.010661,1.0353,67.416,19.107,42.332
730,2026-04-28T11:27:00,49.507,100.0,26.848,22.004,-0.093929,3000.0,3622.6,98.236,17.85,-0.025402,0.0,0.10085,310.29,72.916,6.9275,13.379,24.616,4302.7,22.049,45.394,50.361,72.832,1.9335,1.5117,3441.8,42.308,48.343,95.868,9.6352,90.854,39.164,3.7797,2920.9,66.437,25.244,100.31,0.22088,8.7024,35.529,120.38,1.4017,74.547,38.077,1.5121,53.277,3.4953,461.24,0.010661,1.0353,67.416,18.578,42.332
731,2026-04-28T11:30:00,49.507,100.0,26.848,22.004,-0.094113,3000.0,3622.6,98.383,17.85,-0.025402,0.0,0.10085,310.29,72.916,6.9275,13.379,24.616,4302.7,22.049,45.394,50.361,72.832,1.9335,1.5117,3441.8,42.308,48.343,95.868,9.6352,90.911,39.164,3.7797,2920.9,66.437,25.244,100.31,0.22088,8.7024,35.529,120.38,1.4017,74.547,38.077,1.5121,53.277,3.4953,461.24,0.010661,1.0353,67.416,18.578,42.332
732,2026-04-28T11:33:00,49.507,100.0,26.848,21.855,-0.094296,3000.0,3622.6,98.531,18.343,-0.025402,0.0,0.10863,310.29,72.916,7.0421,13.514,24.396,4302.7,22.049,45.394,50.361,72.832,1.9554,1.4926,3441.8,42.308,49.631,95.868,9.6352,90.968,39.164,0.0,2920.9,67.065,25.244,100.32,0.22088,8.7834,35.537,120.38,1.2988,74.547,38.171,1.5657,55.134,3.4988,461.24,0.0078753,1.0099,67.416,18.681,42.38
733,2026-04-28T11:36:00,49.507,100.0,26.848,21.855,-0.09448,3000.0,3622.6,98.679,18.343,-0.025402,0.0,0.10863,310.29,72.916,7.0421,13.514,24.396,4302.7,22.049,45.394,50.361,72.832,1.9554,1.4926,3441.8,42.308,49.631,95.868,9.6352,91.025,39.164,0.0,2920.9,67.065,25.244,100.32,0.22088,8.7834,35.537,120.38,1.2988,74.547,38.171,1.5657,55.134,3.4988,461.24,0.0078753,1.0099,67.416,18.681,42.38
734,2026-04-28T11:39:00,49.507,100.0,26.848,21.944,-0.094664,3000.0,3622.6,98.826,18.343,-0.025402,0.0,0.10863,310.29,72.916,6.8198,13.359,24.636,4302.7,22.049,45.394,50.361,72.832,1.9959,1.4552,3441.8,42.308,49.401,95.868,9.6352,91.082,39.164,3.0381,2920.9,65.963,25.244,100.32,0.22088,8.6473,35.887,120.38,1.2058,74.547,38.082,1.574,55.134,3.4912,461.24,0.0078753,1.0099,67.416,18.566,42.38
735,2026-04-28T11:42:00,49.507,100.0,26.848,21.944,-0.094847,3000.0,3622.6,98.974,18.343,-0.025402,0.0,0.10863,310.29,72.916,6.8198,13.359,24.636,4302.7,22.049,45.394,50.361,72.832,1.9959,1.4552,3441.8,42.308,49.401,95.868,9.6352,91.14,39.164,3.0381,2920.9,65.963,25.244,100.32,0.22088,8.6473,35.887,120.38,1.2058,74.547,38.082,1.574,55.134,3.4912,461.24,0.0078753,1.0099,67.416,18.566,42.38
736,2026-04-28T11:45:00,49.507,100.0,26.848,21.887,-0.095031,3000.0,3622.6,99.122,18.347,-0.025402,0.0,0.10863,310.29,72.916,6.7286,13.25,24.633,4302.7,22.049,45.394,50.361,72.832,1.9638,1.4856,3441.8,42.308,49.71,95.868,9.6352,91.197,39.164,0.0,2920.9,67.867,25.244,100.32,0.22088,8.6186,35.177,120.38,1.2738,74.547,38.17,1.6193,55.134,3.444,461.24,0.0078753,1.0099,67.416,18.486,42.38
737,2026-04-28T11:48:00,49.507,100.0,26.848,21.887,-0.095215,3000.0,3622.6,99.27,18.347,-0.025402,0.0,0.099613,310.29,72.916,6.7286,13.25,24.633,4302.7,22.049,45.394,50.361,72.832,1.9638,1.4856,3441.8,42.308,49.71,95.868,9.6352,91.254,39.164,0.0,2920.9,67.867,25.244,100.31,0.22088,8.6186,35.177,120.38,1.2738,74.547,38.17,1.6193,54.27,3.444,461.24,0.027606,1.0312,67.416,18.486,43.15
738,2026-04-28T11:51:00,49.507,100.0,26.848,21.266,-0.095398,3000.0,3622.6,99.417,18.236,-0.025402,0.0,0.099613,310.29,72.916,6.8797,13.598,25.415,4302.7,22.049,45.394,50.361,72.832,1.961,1.5269,3441.8,42.308,49.949,95.868,9.6352,91.311,39.164,0.0,2920.9,68.768,25.244,100.31,0.22088,8.7972,35.569,120.38,1.3334,74.547,37.936,1.548,54.27,3.4088,461.24,0.027606,1.0312,67.416,19.213,43.15
739,2026-04-28T11:54:00,49.507,100.0,26.848,21.266,-0.095582,3000.0,3622.6,99.565,18.236,-0.025402,0.0,0.099613,310.29,72.916,6.8797,13.598,25.415,4302.7,22.049,45.394,50.361,72.832,1.961,1.5269,3441.8,42.308,49.949,95.868,9.6352,91.368,39.164,0.0,2920.9,68.768,25.244,100.31,0.22088,8.7972,35.569,120.38,1.3334,74.547,37.936,1.548,54.27,3.4088,461.24,0.027606,1.0312,67.416,19.213,43.15
740,2026-04-28T11:57:00,49.507,99.786,26.848,21.94,-0.095766,3000.0,3622.6,99.713,18.256,-0.025402,0.0,0.099613,310.29,72.916,7.2121,13.455,24.989,4302.7,22.049,45.394,50.361,72.832,1.9635,1.4772,3441.8,42.308,48.151,95.868,9.6352,91.425,39.164,8.7362,2920.9,67.516,25.244,100.31,0.22088,8.7446,35.491,120.38,1.3086,74.547,38.526,1.5918,54.27,3.3961,461.24,0.027606,1.0312,67.416,18.698,43.15
741,2026-04-28T12:00:00,49.507,99.786,26.848,21.94,-0.095949,3000.0,3622.6,99.86,18.256,-0.025402,0.0,0.099613,310.29,72.916,7.2121,13.455,24.989,4302.7,22.049,45.394,50.361,72.832,1.9635,1.4772,3441.8,42.308,48.151,95.868,9.6352,91.482,39.164,8.7362,2920.9,67.516,25.244,100.31,0.22088,8.7446,35.491,120.38,1.3086,74.547,38.526,1.5918,54.27,3.3961,461.24,0.027606,1.0312,67.416,18.698,43.15
742,2026-04-28T12:03:00,49.507,100.0,26.848,22.239,-0.096133,3000.0,3622.6,100.0,18.04,-0.025402,0.0,0.10232,310.29,72.916,6.8584,13.577,25.139,4302.7,22.049,45.394,50.361,72.832,1.9313,1.5211,3441.8,42.308,49.385,95.868,9.6352,91.54,39.164,4.4567,2920.9,64.446,25.244,100.32,0.22088,8.7316,35.856,120.38,1.3845,74.547,38.154,1.5348,55.368,3.4407,461.24,0.015791,1.0411,67.416,18.654,43.024
743,2026-04-28T12:06:00,49.507,100.0,26.848,22.239,-0.096316,3000.0,3622.6,100.0,18.04,-0.025402,0.0,0.10232,310.29,72.916,6.8584,13.577,25.139,4302.7,22.049,45.394,50.361,72.832,1.9313,1.5211,3441.8,42.308,49.385,95.868,9.6352,91.597,39.164,4.4567,2920.9,64.446,25.244,100.32,0.22088,8.7316,35.856,120.38,1.3845,74.547,38.154,1.5348,55.368,3.4407,461.24,0.015791,1.0411,67.416,18.654,43.024
744,2026-04-28T12:09:00,49.507,100.0,26.848,22.249,-0.0965,3000.0,3622.6,100.0,18.578,-0.025402,0.0,0.10232,310.29,72.916,6.8319,13.424,24.652,4302.7,22.049,45.394,50.361,72.832,1.9563,1.5077,3441.8,42.308,49.51,95.868,9.6352,91.654,39.164,7.2717,2920.9,67.404,25.244,100.32,0.22088,8.6807,35.203,120.38,1.1892,74.547,37.891,1.616,55.368,3.4998,461.24,0.015791,1.0411,67.416,18.996,43.024
745,2026-04-28T12:12:00,49.507,100.0,26.848,22.249,-0.096684,3000.0,3622.6,100.0,18.578,-0.025402,0.0,0.10232,310.29,72.916,6.8319,13.424,24.652,4302.7,22.049,45.394,50.361,72.832,1.9563,1.5077,3441.8,42.308,49.51,95.868,9.6352,91.711,39.164,7.2717,2920.9,67.404,25.244,100.32,0.22088,8.6807,35.203,120.38,1.1892,74.547,37.891,1.616,55.368,3.4998,461.24,0.015791,1.0411,67.416,18.996,43.024
746,2026-04-28T12:15:00,49.507,100.0,26.848,21.862,-0.096867,3000.0,3622.6,100.0,18.249,-0.025402,0.0,0.10232,310.29,72.916,6.8926,13.505,24.198,4302.7,22.049,45.394,50.361,72.832,1.9875,1.4622,3441.8,42.308,48.663,95.868,9.6352,91.768,39.164,2.6897,2920.9,67.671,25.244,100.32,0.22088,8.5944,35.688,120.38,1.2575,74.547,38.166,1.6759,55.368,3.4387,461.24,0.015791,1.0411,67.416,18.601,43.024
747,2026-04-28T12:18:00,49.507,100.0,26.848,21.862,-0.097051,3000.0,3622.6,100.0,18.249,-0.025402,0.0,0.12686,310.29,72.916,6.8926,13.505,24.198,4302.7,22.049,45.394,50.361,72.832,1.9875,1.4622,3441.8,42.308,48.663,95.868,9.6352,91.825,39.164,2.6897,2920.9,67.671,25.244,100.32,0.22088,8.5944,35.688,120.38,1.2575,74.547,38.166,1.6759,55.298,3.4387,461.24,0.0087292,1.0331,67.416,18.601,43.428
748,2026-04-28T12:21:00,49.507,100.0,26.848,21.213,-0.097235,3000.0,3622.6,100.0,17.955,-0.025402,0.0,0.12686,310.29,72.916,6.9439,13.61,24.85,4302.7,22.049,45.394,50.361,72.832,1.9466,1.5068,3441.8,42.308,49.628,95.868,9.6352,91.883,39.164,4.3258,2920.9,67.157,25.244,100.32,0.22088,8.7075,35.154,120.38,1.3079,74.547,38.269,1.6225,55.298,3.4722,461.24,0.0087292,1.0331,67.416,18.814,43.428
749,2026-04-28T12:24:00,49.507,100.0,26.848,21.213,-0.097418,3000.0,3622.6,100.0,17.955,-0.025402,0.0,0.12686,310.29,72.916,6.9439,13.61,24.85,4302.7,22.049,45.394,50.361,72.832,1.9466,1.5068,3441.8,42.308,49.628,95.868,9.6352,91.94,39.164,4.3258,2920.9,67.157,25.244,100.32,0.22088,8.7075,35.154,120.38,1.3079,74.547,38.269,1.6225,55.298,3.4722,461.24,0.0087292,1.0331,67.416,18.814,43.428
750,2026-04-28T12:27:00,49.507,100.0,26.848,22.017,-0.097602,3000.0,3622.6,100.0,18.202,-0.025402,0.0,0.12686,310.29,72.916,7.0069,13.483,24.824,4302.7,22.049,45.394,50.361,72.832,1.9257,1.4708,3441.8,42.308,49.116,95.868,9.6352,91.997,39.164,6.7623,2920.9,66.673,25.244,100.32,0.22088,8.5098,35.178,120.38,1.2081,74.547,38.137,1.5204,55.298,3.3857,461.24,0.0087292,1.0331,67.416,19.223,43.428
751,2026-04-28T12:30:00,49.507,100.0,26.848,22.017,-0.097786,3000.0,3622.6,100.0,18.202,-0.025402,0.0,0.12686,310.29,72.916,7.0069,13.483,24.824,4302.7,22.049,45.394,50.361,72.832,1.9257,1.4708,3441.8,42.308,49.116,95.868,9.6352,92.054,39.164,6.7623,2920.9,66.673,25.244,100.32,0.22088,8.5098,35.178,120.38,1.2081,74.547,38.137,1.5204,55.298,3.3857,461.24,0.0087292,1.0331,67.416,19.223,43.428
752,2026-04-28T12:33:00,49.507,100.0,26.848,21.521,-0.097969,3000.0,3622.6,100.0,18.563,-0.025402,0.0,0.11952,310.29,72.916,6.9201,13.499,24.896,4302.7,22.049,45.394,50.361,72.832,1.9366,1.4889,3441.8,42.308,48.072,95.868,9.6352,92.111,39.164,2.9553,2920.9,66.033,25.244,100.33,0.22088,8.5761,35.653,120.38,1.3238,74.547,38.127,1.4561,54.74,3.4203,461.24,0.02592,1.0163,67.416,19.075,42.94
753,2026-04-28T12:36:00,49.507,100.0,26.848,21.521,-0.098153,3000.0,3622.6,100.0,18.563,-0.025402,0.0,0.11952,310.29,72.916,6.9201,13.499,24.896,4302.7,22.049,45.394,50.361,72.832,1.9366,1.4889,3441.8,42.308,48.072,95.868,9.6352,92.168,39.164,2.9553,2920.9,66.033,25.244,100.33,0.22088,8.5761,35.653,120.38,1.3238,74.547,38.127,1.4561,54.74,3.4203,461.24,0.02592,1.0163,67.416,19.075,42.94
754,2026-04-28T12:39:00,49.507,100.0,26.848,21.823,-0.098337,3000.0,3622.6,100.0,18.416,-0.025402,0.0,0.11952,310.29,72.916,6.9272,13.319,24.6,4302.7,22.049,45.394,50.361,72.832,1.9523,1.5412,3441.8,42.308,48.373,95.868,9.6352,92.225,39.164,2.8948,2920.9,66.717,25.244,100.33,0.22088,8.7921,35.487,120.38,1.5408,74.547,37.882,1.4551,54.74,3.452,461.24,0.02592,1.0163,67.416,18.706,42.94
755,2026-04-28T12:42:00,49.507,100.0,26.848,21.823,-0.09852,3000.0,3622.6,100.0,18.416,-0.025402,0.0,0.11952,310.29,72.916,6.9272,13.319,24.6,4302.7,22.049,45.394,50.361,72.832,1.9523,1.5412,3441.8,42.308,48.373,95.868,9.6352,92.283,39.164,2.8948,2920.9,66.717,25.244,100.33,0.22088,8.7921,35.487,120.38,1.5408,74.547,37.882,1.4551,54.74,3.452,461.24,0.02592,1.0163,67.416,18.706,42.94
756,2026-04-28T12:45:00,49.507,100.0,26.848,21.831,-0.098704,3000.0,3622.6,100.0,18.14,-0.025402,0.0,0.11952,310.29,72.916,6.7464,13.613,24.887,4302.7,22.049,45.394,50.361,72.832,2.0053,1.5077,3441.8,42.308,49.258,95.868,9.6352,92.34,39.164,0.0,2920.9,66.616,25.244,100.33,0.22088,8.4205,35.236,120.38,1.5131,74.547,38.185,1.54,54.74,3.461,461.24,0.02592,1.0163,67.416,18.88,42.94
757,2026-04-28T12:48:00,49.507,100.0,26.848,21.831,-0.098888,3000.0,3622.6,100.0,18.14,-0.025402,0.0,0.11841,310.29,72.916,6.7464,13.613,24.887,4302.7,22.049,45.394,50.361,72.832,2.0053,1.5077,3441.8,42.308,49.258,95.868,9.6352,92.397,39.164,0.0,2920.9,66.616,25.244,100.32,0.22088,8.4205,35.236,120.38,1.5131,74.547,38.185,1.54,53.691,3.461,461.24,0.031725,1.0307,67.416,18.88,43.248
758,2026-04-28T12:51:00,49.507,100.0,26.848,22.018,-0.099071,3000.0,3622.6,100.0,18.673,-0.025402,0.0,0.11841,310.29,72.916,6.8197,13.311,24.411,4302.7,22.049,45.394,50.361,72.832,1.9486,1.4824,3441.8,42.308,48.829,95.868,9.6352,92.454,39.164,7.3524,2920.9,68.244,25.244,100.32,0.22088,8.6357,35.261,120.38,1.3169,74.547,38.069,1.4837,53.691,3.4233,461.24,0.031725,1.0307,67.416,18.715,43.248
759,2026-04-28T12:54:00,49.507,100.0,26.848,22.018,-0.099255,3000.0,3622.6,100.0,18.673,-0.025402,0.0,0.11841,310.29,72.916,6.8197,13.311,24.411,4302.7,22.049,45.394,50.361,72.832,1.9486,1.4824,3441.8,42.308,48.829,95.868,9.6352,92.511,39.164,7.3524,2920.9,68.244,25.244,100.32,0.22088,8.6357,35.261,120.38,1.3169,74.547,38.069,1.4837,53.691,3.4233,461.24,0.031725,1.0307,67.416,18.715,43.248
760,2026-04-28T12:57:00,49.507,100.0,26.848,21.783,-0.099438,3000.0,3622.6,100.0,17.941,-0.025402,0.0,0.11841,310.29,72.916,6.8596,13.498,25.0,4302.7,22.049,45.394,50.361,72.832,1.941,1.4496,3441.8,42.308,49.231,95.868,9.6352,92.568,39.164,0.0,2920.9,67.695,25.244,100.32,0.22088,8.6977,35.013,120.38,1.2751,74.547,37.874,1.5515,53.691,3.4539,461.24,0.031725,1.0307,67.416,18.92,43.248
761,2026-04-28T13:00:00,49.507,100.0,26.848,21.783,-0.099622,3000.0,3622.6,100.0,17.941,-0.025402,0.0,0.11841,310.29,72.916,6.8596,13.498,25.0,4302.7,22.049,45.394,50.361,72.832,1.941,1.4496,3441.8,42.308,49.231,95.868,9.6352,92.626,39.164,0.0,2920.9,67.695,25.244,100.32,0.22088,8.6977,35.013,120.38,1.2751,74.547,37.874,1.5515,53.691,3.4539,461.24,0.031725,1.0307,67.416,18.92,43.248
762,2026-04-28T13:03:00,49.507,100.0,26.848,21.851,-0.099806,3000.0,3622.6,100.0,18.461,-0.025402,0.0,0.11102,310.29,72.916,6.8619,13.422,24.958,4302.7,22.049,45.394,50.361,72.832,1.9356,1.5026,3441.8,42.308,48.719,95.868,9.6352,92.683,39.164,4.3936,2920.9,67.384,25.244,100.33,0.22088,8.6188,35.183,120.38,1.292,74.547,37.872,1.6018,53.902,3.4626,461.24,0.038508,1.0284,67.416,18.756,42.767
763,2026-04-28T13:06:00,49.507,100.0,26.848,21.851,-0.099989,3000.0,3622.6,100.0,18.461,-0.025402,0.0,0.11102,310.29,72.916,6.8619,13.422,24.958,4302.7,22.049,45.394,50.361,72.832,1.9356,1.5026,3441.8,42.308,48.719,95.868,9.6352,92.74,39.164,4.3936,2920.9,67.384,25.244,100.33,0.22088,8.6188,35.183,120.38,1.292,74.547,37.872,1.6018,53.902,3.4626,461.24,0.038508,1.0284,67.416,18.756,42.767
764,2026-04-28T13:09:00,49.507,100.0,26.848,21.953,-0.10017,3000.0,3622.6,100.0,18.608,-0.025402,0.0,0.11102,310.29,72.916,6.8497,13.545,25.058,4302.7,22.049,45.394,50.361,72.832,1.9723,1.4818,3441.8,42.308,49.113,95.868,9.6352,92.797,39.164,1.8065,2920.9,67.384,25.244,100.33,0.22088,8.5117,35.487,120.38,1.5444,74.547,38.036,1.5267,53.902,3.4949,461.24,0.038508,1.0284,67.416,19.107,42.767
765,2026-04-28T13:12:00,49.507,100.0,26.848,21.953,-0.10036,3000.0,3622.6,100.0,18.608,-0.025402,0.0,0.11102,310.29,72.916,6.8497,13.545,25.058,4302.7,22.049,45.394,50.361,72.832,1.9723,1.4818,3441.8,42.308,49.113,95.868,9.6352,92.854,39.164,1.8065,2920.9,67.384,25.244,100.33,0.22088,8.5117,35.487,120.38,1.5444,74.547,38.036,1.5267,53.902,3.4949,461.24,0.038508,1.0284,67.416,19.107,42.767
766,2026-04-28T13:15:00,49.507,100.0,26.848,22.23,-0.10054,3000.0,3622.6,100.0,18.217,-0.025402,0.0,0.11102,310.29,72.916,6.7063,13.553,24.521,4302.7,22.049,45.394,50.361,72.832,1.9619,1.459,3441.8,42.308,48.224,95.868,9.6352,92.911,39.164,4.6178,2920.9,67.516,25.244,100.33,0.22088,8.7822,35.913,120.38,1.4958,74.547,38.476,1.6092,53.902,3.4024,461.24,0.038508,1.0284,67.416,19.017,42.767
767,2026-04-28T13:18:00,49.507,100.0,26.848,22.23,-0.10072,3000.0,3622.6,100.0,18.217,-0.025402,0.0,0.11702,310.29,72.916,6.7063,13.553,24.521,4302.7,22.049,45.394,50.361,72.832,1.9619,1.459,3441.8,42.308,48.224,95.868,9.6352,92.969,39.164,4.6178,2920.9,67.516,25.244,100.33,0.22088,8.7822,35.913,120.38,1.4958,74.547,38.476,1.6092,54.281,3.4024,461.24,0.022267,1.0417,67.416,19.017,43.012
768,2026-04-28T13:21:00,49.507,100.0,26.848,21.771,-0.10091,3000.0,3622.6,100.0,18.786,-0.025402,0.0,0.11702,310.29,72.916,6.7976,13.684,24.635,4302.7,22.049,45.394,50.361,72.832,1.9905,1.5075,3441.8,42.308,48.398,95.868,9.6352,93.026,39.164,4.4127,2920.9,68.872,25.244,100.33,0.22088,8.8781,35.026,120.38,1.3038,74.547,38.204,1.5193,54.281,3.4679,461.24,0.022267,1.0417,67.416,19.221,43.012
769,2026-04-28T13:24:00,49.507,100.0,26.848,21.771,-0.10109,3000.0,3622.6,100.0,18.786,-0.025402,0.0,0.11702,310.29,72.916,6.7976,13.684,24.635,4302.7,22.049,45.394,50.361,72.832,1.9905,1.5075,3441.8,42.308,48.398,95.868,9.6352,93.083,39.164,4.4127,2920.9,68.872,25.244,100.33,0.22088,8.8781,35.026,120.38,1.3038,74.547,38.204,1.5193,54.281,3.4679,461.24,0.022267,1.0417,67.416,19.221,43.012
770,2026-04-28T13:27:00,49.507,100.0,26.848,21.58,-0.10127,3000.0,3622.6,100.0,18.179,-0.025402,0.0,0.11702,310.29,72.916,6.7616,13.537,24.925,4302.7,22.049,45.394,50.361,72.832,1.997,1.4824,3441.8,42.308,47.838,95.868,9.6352,93.14,39.164,7.6081,2920.9,68.194,25.244,100.33,0.22088,8.5045,35.699,120.38,1.2967,74.547,38.247,1.5722,54.281,3.4678,461.24,0.022267,1.0417,67.416,19.381,43.012
771,2026-04-28T13:30:00,49.507,100.0,26.848,21.58,-0.10146,3000.0,3622.6,100.0,18.179,-0.025402,0.0,0.11702,310.29,72.916,6.7616,13.537,24.925,4302.7,22.049,45.394,50.361,72.832,1.997,1.4824,3441.8,42.308,47.838,95.868,9.6352,93.197,39.164,7.6081,2920.9,68.194,25.244,100.33,0.22088,8.5045,35.699,120.38,1.2967,74.547,38.247,1.5722,54.281,3.4678,461.24,0.022267,1.0417,67.416,19.381,43.012
772,2026-04-28T13:33:00,49.507,100.0,26.848,21.588,-0.10164,3000.0,3622.6,100.0,18.168,-0.025402,0.0,0.10315,310.29,72.916,6.899,13.524,25.187,4302.7,22.049,45.394,50.361,72.832,1.9798,1.5085,3441.8,42.308,47.359,95.868,9.6352,93.254,39.164,3.3792,2920.9,68.606,25.244,100.34,0.22088,8.7075,35.422,120.38,1.2441,74.547,37.866,1.5544,54.974,3.421,461.24,0.037578,1.0076,67.416,18.588,43.016
773,2026-04-28T13:36:00,49.507,100.0,26.848,21.588,-0.10183,3000.0,3622.6,100.0,18.168,-0.025402,0.0,0.10315,310.29,72.916,6.899,13.524,25.187,4302.7,22.049,45.394,50.361,72.832,1.9798,1.5085,3441.8,42.308,47.359,95.868,9.6352,93.311,39.164,3.3792,2920.9,68.606,25.244,100.34,0.22088,8.7075,35.422,120.38,1.2441,74.547,37.866,1.5544,54.974,3.421,461.24,0.037578,1.0076,67.416,18.588,43.016
774,2026-04-28T13:39:00,49.507,100.0,26.848,22.071,-0.10201,3000.0,3622.6,100.0,17.977,-0.025402,0.0,0.10315,310.29,72.916,6.7165,13.436,24.665,4302.7,22.049,45.394,50.361,72.832,1.9669,1.5381,3441.8,42.308,49.268,95.868,9.6352,93.369,39.164,2.591,2920.9,67.45,25.244,100.34,0.22088,8.6223,35.216,120.38,1.3343,74.547,38.19,1.5443,54.974,3.5057,461.24,0.037578,1.0076,67.416,18.389,43.016
775,2026-04-28T13:42:00,49.507,100.0,26.848,22.071,-0.10219,3000.0,3622.6,100.0,17.977,-0.025402,0.0,0.10315,310.29,72.916,6.7165,13.436,24.665,4302.7,22.049,45.394,50.361,72.832,1.9669,1.5381,3441.8,42.308,49.268,95.868,9.6352,93.426,39.164,2.591,2920.9,67.45,25.244,100.34,0.22088,8.6223,35.216,120.38,1.3343,74.547,38.19,1.5443,54.974,3.5057,461.24,0.037578,1.0076,67.416,18.389,43.016
776,2026-04-28T13:45:00,49.507,100.0,26.848,21.587,-0.10238,3000.0,3622.6,100.0,18.493,-0.025402,0.0,0.10315,310.29,72.916,7.0179,13.54,24.82,4302.7,22.049,45.394,50.361,72.832,1.9466,1.4529,3441.8,42.308,49.806,95.868,9.6352,93.483,39.164,0.0,2920.9,69.12,25.244,100.34,0.22088,8.5374,35.559,120.38,1.3865,74.547,38.021,1.6039,54.974,3.5527,461.24,0.037578,1.0076,67.416,18.797,43.016
777,2026-04-28T13:48:00,49.507,100.0,26.848,21.587,-0.10256,3000.0,3622.6,100.0,18.493,-0.025402,0.0,0.11945,310.29,72.916,7.0179,13.54,24.82,4302.7,22.049,45.394,50.361,72.832,1.9466,1.4529,3441.8,42.308,49.806,95.868,9.6352,93.54,39.164,0.0,2920.9,69.12,25.244,100.33,0.22088,8.5374,35.559,120.38,1.3865,74.547,38.021,1.6039,53.584,3.5527,461.24,0.0097068,1.0123,67.416,18.797,44.756
778,2026-04-28T13:51:00,49.507,100.0,26.848,21.729,-0.10274,3000.0,3622.6,100.0,17.65,-0.025402,0.0,0.11945,310.29,72.916,6.9402,13.659,24.935,4302.7,22.049,45.394,50.361,72.832,1.9748,1.5185,3441.8,42.308,48.835,95.868,9.6352,93.597,39.164,2.2965,2920.9,66.491,25.244,100.33,0.22088,8.5108,35.889,120.38,1.331,74.547,38.386,1.5668,53.584,3.4005,461.24,0.0097068,1.0123,67.416,18.626,44.756
779,2026-04-28T13:54:00,49.507,100.0,26.848,21.729,-0.10293,3000.0,3622.6,100.0,17.65,-0.025402,0.0,0.11945,310.29,72.916,6.9402,13.659,24.935,4302.7,22.049,45.394,50.361,72.832,1.9748,1.5185,3441.8,42.308,48.835,95.868,9.6352,93.654,39.164,2.2965,2920.9,66.491,25.244,100.33,0.22088,8.5108,35.889,120.38,1.331,74.547,38.386,1.5668,53.584,3.4005,461.24,0.0097068,1.0123,67.416,18.626,44.756
780,2026-04-28T13:57:00,49.507,100.0,26.848,22.01,-0.10311,3000.0,3622.6,100.0,18.418,-0.025402,0.0,0.11945,310.29,72.916,6.7872,13.496,24.708,4302.7,22.049,45.394,50.361,72.832,1.9387,1.521,3441.8,42.308,49.266,95.868,9.6352,93.712,39.164,5.1653,2920.9,67.081,25.244,100.33,0.22088,8.7121,35.288,120.38,1.2213,74.547,38.529,1.584,53.584,3.4401,461.24,0.0097068,1.0123,67.416,18.809,44.756
781,2026-04-28T14:00:00,49.507,100.0,26.848,22.01,-0.1033,3000.0,3622.6,100.0,18.418,-0.025402,0.0,0.11945,310.29,72.916,6.7872,13.496,24.708,4302.7,22.049,45.394,50.361,72.832,1.9387,1.521,3441.8,42.308,49.266,95.868,9.6352,93.769,39.164,5.1653,2920.9,67.081,25.244,100.33,0.22088,8.7121,35.288,120.38,1.2213,74.547,38.529,1.584,53.584,3.4401,461.24,0.0097068,1.0123,67.416,18.809,44.756
782,2026-04-28T14:03:00,49.507,100.0,26.848,22.116,-0.10348,3000.0,3622.6,100.0,18.193,-0.025402,0.0,0.10079,310.29,72.916,7.0251,13.555,25.049,4302.7,22.049,45.394,50.361,72.832,1.9422,1.5222,3441.8,42.308,48.827,95.868,9.6352,93.826,39.164,0.41966,2920.9,68.44,25.244,100.34,0.22088,8.7586,35.334,120.38,1.263,74.547,38.057,1.566,54.21,3.4975,461.24,0.019144,1.0385,67.416,18.693,43.431
783,2026-04-28T14:06:00,49.507,100.0,26.848,22.116,-0.10366,3000.0,3622.6,100.0,18.193,-0.025402,0.0,0.10079,310.29,72.916,7.0251,13.555,25.049,4302.7,22.049,45.394,50.361,72.832,1.9422,1.5222,3441.8,42.308,48.827,95.868,9.6352,93.883,39.164,0.41966,2920.9,68.44,25.244,100.34,0.22088,8.7586,35.334,120.38,1.263,74.547,38.057,1.566,54.21,3.4975,461.24,0.019144,1.0385,67.416,18.693,43.431
784,2026-04-28T14:09:00,49.507,100.0,26.848,21.843,-0.10385,3000.0,3622.6,100.0,18.208,-0.025402,0.0,0.10079,310.29,72.916,6.8327,13.677,24.554,4302.7,22.049,45.394,50.361,72.832,1.9219,1.5055,3441.8,42.308,49.115,95.868,9.6352,93.94,39.164,1.5786,2920.9,66.331,25.244,100.34,0.22088,8.663,35.314,120.38,1.3497,74.547,38.506,1.5577,54.21,3.3966,461.24,0.019144,1.0385,67.416,18.661,43.431
785,2026-04-28T14:12:00,49.507,100.0,26.848,21.843,-0.10403,3000.0,3622.6,100.0,18.208,-0.025402,0.0,0.10079,310.29,72.916,6.8327,13.677,24.554,4302.7,22.049,45.394,50.361,72.832,1.9219,1.5055,3441.8,42.308,49.115,95.868,9.6352,93.997,39.164,1.5786,2920.9,66.331,25.244,100.34,0.22088,8.663,35.314,120.38,1.3497,74.547,38.506,1.5577,54.21,3.3966,461.24,0.019144,1.0385,67.416,18.661,43.431
786,2026-04-28T14:15:00,49.507,100.0,26.848,21.988,-0.10421,3000.0,3622.6,100.0,18.193,-0.025402,0.0,0.10079,310.29,72.916,6.8334,13.402,24.46,4302.7,22.049,45.394,50.361,72.832,1.9865,1.4978,3441.8,42.308,49.21,95.868,9.6352,94.054,39.164,4.5231,2920.9,67.974,25.244,100.34,0.22088,8.7066,35.193,120.38,1.1462,74.547,38.325,1.5767,54.21,3.4256,461.24,0.019144,1.0385,67.416,18.744,43.431
787,2026-04-28T14:18:00,49.507,100.0,26.848,21.988,-0.1044,3000.0,3622.6,100.0,18.193,-0.025402,0.0,0.11066,310.29,72.916,6.8334,13.402,24.46,4302.7,22.049,45.394,50.361,72.832,1.9865,1.4978,3441.8,42.308,49.21,95.868,9.6352,94.112,39.164,4.5231,2920.9,67.974,25.244,100.34,0.22088,8.7066,35.193,120.38,1.1462,74.547,38.325,1.5767,54.452,3.4256,461.24,0.022081,1.0217,67.416,18.744,43.77
788,2026-04-28T14:21:00,49.507,100.0,26.848,21.224,-0.10458,3000.0,3622.6,100.0,18.373,-0.025402,0.0,0.11066,310.29,72.916,6.7953,13.373,25.209,4302.7,22.049,45.394,50.361,72.832,1.994,1.5134,3441.8,42.308,49.02,95.868,9.6352,94.169,39.164,0.0,2920.9,68.014,25.244,100.34,0.22088,8.6339,35.213,120.38,1.4253,74.547,38.217,1.5844,54.452,3.4539,461.24,0.022081,1.0217,67.416,19.537,43.77
789,2026-04-28T14:24:00,49.507,100.0,26.848,21.224,-0.10476,3000.0,3622.6,100.0,18.373,-0.025402,0.0,0.11066,310.29,72.916,6.7953,13.373,25.209,4302.7,22.049,45.394,50.361,72.832,1.994,1.5134,3441.8,42.308,49.02,95.868,9.6352,94.226,39.164,0.0,2920.9,68.014,25.244,100.34,0.22088,8.6339,35.213,120.38,1.4253,74.547,38.217,1.5844,54.452,3.4539,461.24,0.022081,1.0217,67.416,19.537,43.77
790,2026-04-28T14:27:00,49.507,100.0,26.848,21.93,-0.10495,3000.0,3622.6,100.0,18.468,-0.025402,0.0,0.11066,310.29,72.916,7.0043,13.48,24.781,4302.7,22.049,45.394,50.361,72.832,1.9481,1.5112,3441.8,42.308,47.012,95.868,9.6352,94.283,39.164,0.0,2920.9,68.412,25.244,100.34,0.22088,8.6082,35.712,120.38,1.2748,74.547,38.259,1.5407,54.452,3.5157,461.24,0.022081,1.0217,67.416,18.949,43.77
791,2026-04-28T14:30:00,49.507,100.0,26.848,21.93,-0.10513,3000.0,3622.6,100.0,18.468,-0.025402,0.0,0.11066,310.29,72.916,7.0043,13.48,24.781,4302.7,22.049,45.394,50.361,72.832,1.9481,1.5112,3441.8,42.308,47.012,95.868,9.6352,94.34,39.164,0.0,2920.9,68.412,25.244,100.34,0.22088,8.6082,35.712,120.38,1.2748,74.547,38.259,1.5407,54.452,3.5157,461.24,0.022081,1.0217,67.416,18.949,43.77
792,2026-04-28T14:33:00,49.507,100.0,26.848,21.646,-0.10532,3000.0,3622.6,100.0,18.071,-0.025402,0.0,0.098338,310.29,72.916,6.7346,13.593,24.735,4302.7,22.049,45.394,50.361,72.832,1.981,1.4727,3441.8,42.308,48.376,95.868,9.6352,94.397,39.164,2.2875,2920.9,66.561,25.244,100.34,0.22088,8.6084,35.589,120.38,1.4441,74.547,37.964,1.5353,54.839,3.4239,461.24,0.018968,1.035,67.416,19.141,42.073
793,2026-04-28T14:36:00,49.507,100.0,26.848,21.646,-0.1055,3000.0,3622.6,100.0,18.071,-0.025402,0.0,0.098338,310.29,72.916,6.7346,13.593,24.735,4302.7,22.049,45.394,50.361,72.832,1.981,1.4727,3441.8,42.308,48.376,95.868,9.6352,94.455,39.164,2.2875,2920.9,66.561,25.244,100.34,0.22088,8.6084,35.589,120.38,1.4441,74.547,37.964,1.5353,54.839,3.4239,461.24,0.018968,1.035,67.416,19.141,42.073
794,2026-04-28T14:39:00,49.507,100.0,26.848,22.073,-0.10568,3000.0,3622.6,100.0,18.313,-0.025402,0.0,0.098338,310.29,72.916,6.7052,13.573,24.664,4302.7,22.049,45.394,50.361,72.832,1.9471,1.4988,3441.8,42.308,47.861,95.868,9.6352,94.512,39.164,4.8733,2920.9,68.94,25.244,100.34,0.22088,8.6934,35.258,120.38,1.4633,74.547,38.134,1.4781,54.839,3.3806,461.24,0.018968,1.035,67.416,19.323,42.073
795,2026-04-28T14:42:00,49.507,100.0,26.848,22.073,-0.10587,3000.0,3622.6,100.0,18.313,-0.025402,0.0,0.098338,310.29,72.916,6.7052,13.573,24.664,4302.7,22.049,45.394,50.361,72.832,1.9471,1.4988,3441.8,42.308,47.861,95.868,9.6352,94.569,39.164,4.8733,2920.9,68.94,25.244,100.34,0.22088,8.6934,35.258,120.38,1.4633,74.547,38.134,1.4781,54.839,3.3806,461.24,0.018968,1.035,67.416,19.323,42.073
796,2026-04-28T14:45:00,49.507,100.0,26.848,21.95,-0.10605,3000.0,3622.6,100.0,18.547,-0.025402,0.0,0.098338,310.29,72.916,6.9869,13.675,24.76,4302.7,22.049,45.394,50.361,72.832,1.9639,1.5182,3441.8,42.308,47.336,95.868,9.6352,94.626,39.164,4.0019,2920.9,69.35,25.244,100.34,0.22088,8.6676,35.475,120.38,1.3311,74.547,37.749,1.56,54.839,3.442,461.24,0.018968,1.035,67.416,18.466,42.073
797,2026-04-28T14:48:00,49.507,100.0,26.848,21.95,-0.10623,3000.0,3622.6,100.0,18.547,-0.025402,0.0,0.10489,310.29,72.916,6.9869,13.675,24.76,4302.7,22.049,45.394,50.361,72.832,1.9639,1.5182,3441.8,42.308,47.336,95.868,9.6352,94.683,39.164,4.0019,2920.9,69.35,25.244,100.35,0.22088,8.6676,35.475,120.38,1.3311,74.547,37.749,1.56,54.584,3.442,461.24,0.030981,1.0332,67.416,18.466,42.337
798,2026-04-28T14:51:00,49.507,100.0,26.848,21.047,-0.10642,3000.0,3622.6,100.0,18.822,-0.025402,0.0,0.10489,310.29,72.916,6.7858,13.456,24.936,4302.7,22.049,45.394,50.361,72.832,1.9571,1.4914,3441.8,42.308,49.421,95.868,9.6352,94.74,39.164,6.4176,2920.9,66.913,25.244,100.35,0.22088,8.6691,35.377,120.38,1.2603,74.547,38.426,1.5178,54.584,3.467,461.24,0.030981,1.0332,67.416,18.685,42.337
799,2026-04-28T14:54:00,49.507,100.0,26.848,21.047,-0.1066,3000.0,3622.6,100.0,18.822,-0.025402,0.0,0.10489,310.29,72.916,6.7858,13.456,24.936,4302.7,22.049,45.394,50.361,72.832,1.9571,1.4914,3441.8,42.308,49.421,95.868,9.6352,94.797,39.164,6.4176,2920.9,66.913,25.244,100.35,0.22088,8.6691,35.377,120.38,1.2603,74.547,38.426,1.5178,54.584,3.467,461.24,0.030981,1.0332,67.416,18.685,42.337
800,2026-04-28T14:57:00,49.507,100.0,26.848,22.023,-0.10678,3000.0,3622.6,100.0,18.404,-0.025402,0.0,0.10489,310.29,72.916,6.7691,13.479,24.653,4302.7,22.049,45.394,50.361,72.832,1.9759,1.5208,3441.8,42.308,48.916,95.868,9.6352,94.855,39.164,0.16973,2920.9,68.673,25.244,100.35,0.22088,8.638,35.118,120.38,1.336,74.547,37.869,1.5419,54.584,3.4522,461.24,0.030981,1.0332,67.416,19.147,42.337
801,2026-04-28T15:00:00,49.507,100.0,26.848,22.023,-0.10697,3000.0,3622.6,100.0,18.404,-0.025402,0.0,0.10489,310.29,72.916,6.7691,13.479,24.653,4302.7,22.049,45.394,50.361,72.832,1.9759,1.5208,3441.8,42.308,48.916,95.868,9.6352,94.912,39.164,0.16973,2920.9,68.673,25.244,100.35,0.22088,8.638,35.118,120.38,1.336,74.547,37.869,1.5419,54.584,3.4522,461.24,0.030981,1.0332,67.416,19.147,42.337
802,2026-04-28T15:03:00,49.507,100.0,26.848,21.975,-0.10715,3000.0,3622.6,100.0,18.358,-0.025402,0.0,0.10462,310.29,72.916,6.8762,13.373,24.707,4302.7,22.049,45.394,50.361,72.832,2.0088,1.4867,3441.8,42.308,47.76,95.868,9.6352,94.969,39.164,0.27054,2920.9,68.918,25.244,100.35,0.22088,8.8558,35.501,120.38,1.2673,74.547,38.095,1.5306,55.343,3.5142,461.24,0.011994,1.0076,67.416,18.917,43.053
803,2026-04-28T15:06:00,49.507,100.0,26.848,21.975,-0.10734,3000.0,3622.6,100.0,18.358,-0.025402,0.0,0.10462,310.29,72.916,6.8762,13.373,24.707,4302.7,22.049,45.394,50.361,72.832,2.0088,1.4867,3441.8,42.308,47.76,95.868,9.6352,95.026,39.164,0.27054,2920.9,68.918,25.244,100.35,0.22088,8.8558,35.501,120.38,1.2673,74.547,38.095,1.5306,55.343,3.5142,461.24,0.011994,1.0076,67.416,18.917,43.053
804,2026-04-28T15:09:00,49.507,100.0,26.848,21.525,-0.10752,3000.0,3622.6,100.0,18.166,-0.025402,0.0,0.10462,310.29,72.916,6.7962,13.368,25.324,4302.7,22.049,45.394,50.361,72.832,1.9441,1.5119,3441.8,42.308,48.279,95.868,9.6352,95.083,39.164,0.0,2920.9,68.035,25.244,100.35,0.22088,8.7916,35.201,120.38,1.3362,74.547,38.249,1.5199,55.343,3.4631,461.24,0.011994,1.0076,67.416,18.31,43.053
805,2026-04-28T15:12:00,49.507,100.0,26.848,21.525,-0.1077,3000.0,3622.6,100.0,18.166,-0.025402,0.0,0.10462,310.29,72.916,6.7962,13.368,25.324,4302.7,22.049,45.394,50.361,72.832,1.9441,1.5119,3441.8,42.308,48.279,95.868,9.6352,95.14,39.164,0.0,2920.9,68.035,25.244,100.35,0.22088,8.7916,35.201,120.38,1.3362,74.547,38.249,1.5199,55.343,3.4631,461.24,0.011994,1.0076,67.416,18.31,43.053
806,2026-04-28T15:15:00,49.507,100.0,26.848,22.138,-0.10789,3000.0,3622.6,100.0,18.497,-0.025402,0.0,0.10462,310.29,72.916,6.6924,13.612,25.22,4302.7,22.049,45.394,50.361,72.832,1.956,1.5046,3441.8,42.308,49.798,95.868,9.6352,95.198,39.164,0.0,2920.9,68.78,25.244,100.35,0.22088,8.6985,35.534,120.38,1.2474,74.547,38.147,1.5753,55.343,3.4911,461.24,0.011994,1.0076,67.416,18.508,43.053
807,2026-04-28T15:18:00,49.507,100.0,26.848,22.138,-0.10807,3000.0,3622.6,100.0,18.497,-0.025402,0.0,0.10211,310.29,72.916,6.6924,13.612,25.22,4302.7,22.049,45.394,50.361,72.832,1.956,1.5046,3441.8,42.308,49.798,95.868,9.6352,95.255,39.164,0.0,2920.9,68.78,25.244,100.35,0.22088,8.6985,35.534,120.38,1.2474,74.547,38.147,1.5753,54.504,3.4911,461.24,0.00095594,1.0204,67.416,18.508,42.998
808,2026-04-28T15:21:00,49.507,100.0,26.848,22.059,-0.10825,3000.0,3622.6,100.0,18.097,-0.025402,0.0,0.10211,310.29,72.916,6.8137,13.356,24.719,4302.7,22.049,45.394,50.361,72.832,1.9159,1.4872,3441.8,42.308,49.373,95.868,9.6352,95.312,39.164,6.0446,2920.9,69.82,25.244,100.35,0.22088,8.6332,35.388,120.38,1.4175,74.547,38.189,1.5802,54.504,3.4823,461.24,0.00095594,1.0204,67.416,18.445,42.998
809,2026-04-28T15:24:00,49.507,100.0,26.848,22.059,-0.10844,3000.0,3622.6,100.0,18.097,-0.025402,0.0,0.10211,310.29,72.916,6.8137,13.356,24.719,4302.7,22.049,45.394,50.361,72.832,1.9159,1.4872,3441.8,42.308,49.373,95.868,9.6352,95.369,39.164,6.0446,2920.9,69.82,25.244,100.35,0.22088,8.6332,35.388,120.38,1.4175,74.547,38.189,1.5802,54.504,3.4823,461.24,0.00095594,1.0204,67.416,18.445,42.998
810,2026-04-28T15:27:00,49.507,100.0,26.848,21.958,-0.10862,3000.0,3622.6,100.0,18.291,-0.025402,0.0,0.10211,310.29,72.916,6.9483,13.37,24.626,4302.7,22.049,45.394,50.361,72.832,1.9463,1.5355,3441.8,42.308,49.578,95.868,9.6352,95.426,39.164,0.0,2920.9,68.878,25.244,100.35,0.22088,8.6679,35.336,120.38,1.1894,74.547,38.01,1.5247,54.504,3.4307,461.24,0.00095594,1.0204,67.416,19.087,42.998
811,2026-04-28T15:30:00,49.507,100.0,26.848,21.958,-0.1088,3000.0,3622.6,100.0,18.291,-0.025402,0.0,0.10211,310.29,72.916,6.9483,13.37,24.626,4302.7,22.049,45.394,50.361,72.832,1.9463,1.5355,3441.8,42.308,49.578,95.868,9.6352,95.483,39.164,0.0,2920.9,68.878,25.244,100.35,0.22088,8.6679,35.336,120.38,1.1894,74.547,38.01,1.5247,54.504,3.4307,461.24,0.00095594,1.0204,67.416,19.087,42.998
812,2026-04-28T15:33:00,49.507,100.0,26.848,21.983,-0.10899,3000.0,3622.6,100.0,18.494,-0.025402,0.0,0.093308,310.29,72.916,6.697,13.495,24.769,4302.7,22.049,45.394,50.361,72.832,1.9604,1.4951,3441.8,42.308,48.005,95.868,9.6352,95.541,39.164,0.0,2920.9,67.698,25.244,100.35,0.22088,8.6068,35.363,120.38,1.3355,74.547,38.112,1.5896,55.07,3.4659,461.24,0.028159,1.0213,67.416,18.755,42.988
813,2026-04-28T15:36:00,49.507,100.0,26.848,21.983,-0.10917,3000.0,3622.6,100.0,18.494,-0.025402,0.0,0.093308,310.29,72.916,6.697,13.495,24.769,4302.7,22.049,45.394,50.361,72.832,1.9604,1.4951,3441.8,42.308,48.005,95.868,9.6352,95.598,39.164,0.0,2920.9,67.698,25.244,100.35,0.22088,8.6068,35.363,120.38,1.3355,74.547,38.112,1.5896,55.07,3.4659,461.24,0.028159,1.0213,67.416,18.755,42.988
814,2026-04-28T15:39:00,49.507,100.0,26.848,22.492,-0.10936,3000.0,3622.6,100.0,18.588,-0.025402,0.0,0.093308,310.29,72.916,6.7488,13.472,24.526,4302.7,22.049,45.394,50.361,72.832,1.9828,1.4625,3441.8,42.308,48.796,95.868,9.6352,95.655,39.164,2.7713,2920.9,69.959,25.244,100.35,0.22088,8.4795,35.344,120.38,1.286,74.547,38.429,1.5003,55.07,3.3906,461.24,0.028159,1.0213,67.416,18.454,42.988
815,2026-04-28T15:42:00,49.507,100.0,26.848,22.492,-0.10954,3000.0,3622.6,100.0,18.588,-0.025402,0.0,0.093308,310.29,72.916,6.7488,13.472,24.526,4302.7,22.049,45.394,50.361,72.832,1.9828,1.4625,3441.8,42.308,48.796,95.868,9.6352,95.712,39.164,2.7713,2920.9,69.959,25.244,100.35,0.22088,8.4795,35.344,120.38,1.286,74.547,38.429,1.5003,55.07,3.3906,461.24,0.028159,1.0213,67.416,18.454,42.988
816,2026-04-28T15:45:00,49.507,100.0,26.848,21.64,-0.10972,3000.0,3622.6,100.0,18.403,-0.025402,0.0,0.093308,310.29,72.916,6.8085,13.648,24.767,4302.7,22.049,45.394,50.361,72.832,1.9537,1.4971,3441.8,42.308,49.561,95.868,9.6352,95.769,39.164,1.6656,2920.9,69.654,25.244,100.35,0.22088,8.5882,35.236,120.38,1.4166,74.547,38.093,1.5711,55.07,3.4583,461.24,0.028159,1.0213,67.416,18.549,42.988
817,2026-04-28T15:48:00,49.507,100.0,26.848,21.64,-0.10991,3000.0,3622.6,100.0,18.403,-0.025402,0.0,0.11009,310.29,72.916,6.8085,13.648,24.767,4302.7,22.049,45.394,50.361,72.832,1.9537,1.4971,3441.8,42.308,49.561,95.868,9.6352,95.826,39.164,1.6656,2920.9,69.654,25.244,100.36,0.22088,8.5882,35.236,120.38,1.4166,74.547,38.093,1.5711,54.619,3.4583,461.24,0.020075,1.0378,67.416,18.549,42.222
818,2026-04-28T15:51:00,49.507,100.0,26.848,21.634,-0.11009,3000.0,3622.6,100.0,18.458,-0.025402,0.0,0.11009,310.29,72.916,6.762,13.421,24.56,4302.7,22.049,45.394,50.361,72.832,1.9621,1.5087,3441.8,42.308,49.375,95.868,9.6352,95.883,39.164,5.9934,2920.9,69.227,25.244,100.36,0.22088,8.6604,35.634,120.38,1.2734,74.547,37.555,1.5922,54.619,3.4435,461.24,0.020075,1.0378,67.416,18.562,42.222
819,2026-04-28T15:54:00,49.507,100.0,26.848,21.634,-0.11027,3000.0,3622.6,100.0,18.458,-0.025402,0.0,0.11009,310.29,72.916,6.762,13.421,24.56,4302.7,22.049,45.394,50.361,72.832,1.9621,1.5087,3441.8,42.308,49.375,95.868,9.6352,95.941,39.164,5.9934,2920.9,69.227,25.244,100.36,0.22088,8.6604,35.634,120.38,1.2734,74.547,37.555,1.5922,54.619,3.4435,461.24,0.020075,1.0378,67.416,18.562,42.222
820,2026-04-28T15:57:00,49.507,100.0,26.848,21.303,-0.11046,3000.0,3622.6,100.0,18.224,-0.025402,0.0,0.11009,310.29,72.916,6.8254,13.403,24.564,4302.7,22.049,45.394,50.361,72.832,1.9065,1.5194,3441.8,42.308,49.38,95.868,9.6352,95.998,39.164,0.0,2920.9,69.727,25.244,100.36,0.22088,8.5825,35.228,120.38,1.4479,74.547,38.447,1.5529,54.619,3.4116,461.24,0.020075,1.0378,67.416,18.283,42.222
821,2026-04-28T16:00:00,49.507,100.0,26.848,21.303,-0.11064,3000.0,3622.6,100.0,18.224,-0.025402,0.0,0.11009,310.29,72.916,6.8254,13.403,24.564,4302.7,22.049,45.394,50.361,72.832,1.9065,1.5194,3441.8,42.308,49.38,95.868,9.6352,96.055,39.164,0.0,2920.9,69.727,25.244,100.36,0.22088,8.5825,35.228,120.38,1.4479,74.547,38.447,1.5529,54.619,3.4116,461.24,0.020075,1.0378,67.416,18.283,42.222
822,2026-04-28T16:03:00,49.507,100.0,26.848,22.289,-0.11082,3000.0,3622.6,100.0,18.574,-0.025402,0.0,0.10015,310.29,72.916,6.8126,13.345,24.849,4302.7,22.049,45.394,50.361,72.832,1.9478,1.5242,3441.8,42.308,50.124,95.868,9.6352,96.112,39.164,0.0,2920.9,69.254,25.244,100.36,0.22088,8.4643,34.889,120.38,1.4169,74.547,38.201,1.625,54.087,3.4604,461.24,0.024023,1.0347,67.416,18.729,43.091
823,2026-04-28T16:06:00,49.507,100.0,26.848,22.289,-0.11101,3000.0,3622.6,100.0,18.574,-0.025402,0.0,0.10015,310.29,72.916,6.8126,13.345,24.849,4302.7,22.049,45.394,50.361,72.832,1.9478,1.5242,3441.8,42.308,50.124,95.868,9.6352,96.169,39.164,0.0,2920.9,69.254,25.244,100.36,0.22088,8.4643,34.889,120.38,1.4169,74.547,38.201,1.625,54.087,3.4604,461.24,0.024023,1.0347,67.416,18.729,43.091
824,2026-04-28T16:09:00,49.507,100.0,26.848,21.721,-0.11119,3000.0,3622.6,100.0,18.485,-0.025402,0.0,0.10015,310.29,72.916,6.8601,13.497,24.839,4302.7,22.049,45.394,50.361,72.832,1.9345,1.5407,3441.8,42.308,49.076,95.868,9.6352,96.226,39.164,0.0,2920.9,69.426,25.244,100.36,0.22088,8.6515,35.918,120.38,1.3885,74.547,38.42,1.6028,54.087,3.4498,461.24,0.024023,1.0347,67.416,18.983,43.091
825,2026-04-28T16:12:00,49.507,100.0,26.848,21.721,-0.11138,3000.0,3622.6,100.0,18.485,-0.025402,0.0,0.10015,310.29,72.916,6.8601,13.497,24.839,4302.7,22.049,45.394,50.361,72.832,1.9345,1.5407,3441.8,42.308,49.076,95.868,9.6352,96.284,39.164,0.0,2920.9,69.426,25.244,100.36,0.22088,8.6515,35.918,120.38,1.3885,74.547,38.42,1.6028,54.087,3.4498,461.24,0.024023,1.0347,67.416,18.983,43.091
826,2026-04-28T16:15:00,49.507,100.0,26.848,21.498,-0.11156,3000.0,3622.6,100.0,17.989,-0.025402,0.0,0.10015,310.29,72.916,6.8448,13.383,24.409,4302.7,22.049,45.394,50.361,72.832,1.9403,1.5081,3441.8,42.308,48.438,95.868,9.6352,96.341,39.164,3.4763,2920.9,69.052,25.244,100.36,0.22088,8.8745,35.798,120.38,1.4061,74.547,38.079,1.521,54.087,3.5103,461.24,0.024023,1.0347,67.416,18.539,43.091
827,2026-04-28T16:18:00,49.507,100.0,26.848,21.498,-0.11174,3000.0,3622.6,100.0,17.989,-0.025402,0.0,0.094797,310.29,72.916,6.8448,13.383,24.409,4302.7,22.049,45.394,50.361,72.832,1.9403,1.5081,3441.8,42.308,48.438,95.868,9.6352,96.398,39.164,3.4763,2920.9,69.052,25.244,100.36,0.22088,8.8745,35.798,120.38,1.4061,74.547,38.079,1.521,54.072,3.5103,461.24,0.024487,1.0367,67.416,18.539,42.42
828,2026-04-28T16:21:00,49.507,100.0,26.848,21.771,-0.11193,3000.0,3622.6,100.0,18.035,-0.025402,0.0,0.094797,310.29,72.916,6.8515,13.458,24.654,4302.7,22.049,45.394,50.361,72.832,1.9942,1.5045,3441.8,42.308,49.531,95.868,9.6352,96.455,39.164,0.0,2920.9,69.214,25.244,100.36,0.22088,8.5872,35.441,120.38,1.3329,74.547,38.712,1.5921,54.072,3.4069,461.24,0.024487,1.0367,67.416,19.098,42.42
829,2026-04-28T16:24:00,49.507,100.0,26.848,21.771,-0.11211,3000.0,3622.6,100.0,18.035,-0.025402,0.0,0.094797,310.29,72.916,6.8515,13.458,24.654,4302.7,22.049,45.394,50.361,72.832,1.9942,1.5045,3441.8,42.308,49.531,95.868,9.6352,96.512,39.164,0.0,2920.9,69.214,25.244,100.36,0.22088,8.5872,35.441,120.38,1.3329,74.547,38.712,1.5921,54.072,3.4069,461.24,0.024487,1.0367,67.416,19.098,42.42
830,2026-04-28T16:27:00,49.507,100.0,26.848,21.877,-0.11229,3000.0,3622.6,100.0,18.04,-0.025402,0.0,0.094797,310.29,72.916,6.9339,13.479,24.8,4302.7,22.049,45.394,50.361,72.832,1.964,1.4733,3441.8,42.308,48.152,95.868,9.6352,96.569,39.164,1.4253,2920.9,69.187,25.244,100.36,0.22088,8.6462,35.813,120.38,1.3103,74.547,38.494,1.5594,54.072,3.4975,461.24,0.024487,1.0367,67.416,18.835,42.42
831,2026-04-28T16:30:00,49.507,100.0,26.848,21.877,-0.11248,3000.0,3622.6,100.0,18.04,-0.025402,0.0,0.094797,310.29,72.916,6.9339,13.479,24.8,4302.7,22.049,45.394,50.361,72.832,1.964,1.4733,3441.8,42.308,48.152,95.868,9.6352,96.626,39.164,1.4253,2920.9,69.187,25.244,100.36,0.22088,8.6462,35.813,120.38,1.3103,74.547,38.494,1.5594,54.072,3.4975,461.24,0.024487,1.0367,67.416,18.835,42.42
832,2026-04-28T16:33:00,49.507,100.0,26.848,21.934,-0.11266,3000.0,3622.6,100.0,18.863,-0.025402,0.0,0.10004,310.29,72.916,6.882,13.362,24.62,4302.7,22.049,45.394,50.361,72.832,1.9304,1.4927,3441.8,42.308,48.765,95.868,9.6352,96.684,39.164,1.4509,2920.9,68.454,25.244,100.37,0.22088,8.7145,35.417,120.38,1.3681,74.547,38.224,1.6285,54.418,3.5006,461.24,0.014742,1.0481,67.416,19.129,43.384
833,2026-04-28T16:36:00,49.507,100.0,26.848,21.934,-0.11284,3000.0,3622.6,100.0,18.863,-0.025402,0.0,0.10004,310.29,72.916,6.882,13.362,24.62,4302.7,22.049,45.394,50.361,72.832,1.9304,1.4927,3441.8,42.308,48.765,95.868,9.6352,96.741,39.164,1.4509,2920.9,68.454,25.244,100.37,0.22088,8.7145,35.417,120.38,1.3681,74.547,38.224,1.6285,54.418,3.5006,461.24,0.014742,1.0481,67.416,19.129,43.384
834,2026-04-28T16:39:00,49.507,100.0,26.848,21.938,-0.11303,3000.0,3622.6,100.0,17.594,-0.025402,0.0,0.10004,310.29,72.916,6.8265,13.376,24.301,4302.7,22.049,45.394,50.361,72.832,2.0036,1.4761,3441.8,42.308,48.009,95.868,9.6352,96.798,39.164,0.0,2920.9,68.885,25.244,100.37,0.22088,8.5454,35.535,120.38,1.3255,74.547,38.128,1.4806,54.418,3.4382,461.24,0.014742,1.0481,67.416,19.094,43.384
835,2026-04-28T16:42:00,49.507,100.0,26.848,21.938,-0.11321,3000.0,3622.6,100.0,17.594,-0.025402,0.0,0.10004,310.29,72.916,6.8265,13.376,24.301,4302.7,22.049,45.394,50.361,72.832,2.0036,1.4761,3441.8,42.308,48.009,95.868,9.6352,96.855,39.164,0.0,2920.9,68.885,25.244,100.37,0.22088,8.5454,35.535,120.38,1.3255,74.547,38.128,1.4806,54.418,3.4382,461.24,0.014742,1.0481,67.416,19.094,43.384
836,2026-04-28T16:45:00,49.507,100.0,26.848,21.865,-0.1134,3000.0,3622.6,100.0,18.304,-0.025402,0.0,0.10004,310.29,72.916,6.8511,13.623,24.809,4302.7,22.049,45.394,50.361,72.832,1.9576,1.4652,3441.8,42.308,48.038,95.868,9.6352,96.912,39.164,0.0,2920.9,69.399,25.244,100.37,0.22088,8.6136,35.657,120.38,1.4816,74.547,37.915,1.5984,54.418,3.4129,461.24,0.014742,1.0481,67.416,19.484,43.384
837,2026-04-28T16:48:00,49.507,100.0,26.848,21.865,-0.11358,3000.0,3622.6,100.0,18.304,-0.025402,0.0,0.093164,310.29,72.916,6.8511,13.623,24.809,4302.7,22.049,45.394,50.361,72.832,1.9576,1.4652,3441.8,42.308,48.038,95.868,9.6352,96.969,39.164,0.0,2920.9,69.399,25.244,100.37,0.22088,8.6136,35.657,120.38,1.4816,74.547,37.915,1.5984,54.616,3.4129,461.24,0.015184,1.0113,67.416,19.484,43.141
838,2026-04-28T16:51:00,49.507,100.0,26.848,21.648,-0.11376,3000.0,3622.6,100.0,18.482,-0.025402,0.0,0.093164,310.29,72.916,6.8032,13.49,24.748,4302.7,22.049,45.394,50.361,72.832,1.9779,1.5185,3441.8,42.308,46.995,95.868,9.6352,97.027,39.164,6.1458,2920.9,69.223,25.244,100.37,0.22088,8.7467,35.635,120.38,1.3711,74.547,37.72,1.6325,54.616,3.35,461.24,0.015184,1.0113,67.416,18.878,43.141
839,2026-04-28T16:54:00,49.507,100.0,26.848,21.648,-0.11395,3000.0,3622.6,100.0,18.482,-0.025402,0.0,0.093164,310.29,72.916,6.8032,13.49,24.748,4302.7,22.049,45.394,50.361,72.832,1.9779,1.5185,3441.8,42.308,46.995,95.868,9.6352,97.084,39.164,6.1458,2920.9,69.223,25.244,100.37,0.22088,8.7467,35.635,120.38,1.3711,74.547,37.72,1.6325,54.616,3.35,461.24,0.015184,1.0113,67.416,18.878,43.141
840,2026-04-28T16:57:00,49.507,100.0,26.848,21.831,-0.11413,3000.0,3622.6,100.0,18.193,-0.025402,0.0,0.093164,310.29,72.916,6.8458,13.397,24.553,4302.7,22.049,45.394,50.361,72.832,1.9782,1.4803,3441.8,42.308,48.414,95.868,9.6352,97.141,39.164,2.1933,2920.9,69.695,25.244,100.37,0.22088,8.6812,35.101,120.38,1.2267,74.547,37.75,1.5967,54.616,3.5186,461.24,0.015184,1.0113,67.416,18.869,43.141
841,2026-04-28T17:00:00,49.507,100.0,26.848,21.831,-0.11431,3000.0,3622.6,100.0,18.193,-0.025402,0.0,0.093164,310.29,72.916,6.8458,13.397,24.553,4302.7,22.049,45.394,50.361,72.832,1.9782,1.4803,3441.8,42.308,48.414,95.868,9.6352,97.198,39.164,2.1933,2920.9,69.695,25.244,100.37,0.22088,8.6812,35.101,120.38,1.2267,74.547,37.75,1.5967,54.616,3.5186,461.24,0.015184,1.0113,67.416,18.869,43.141
842,2026-04-28T17:03:00,49.507,100.0,26.848,21.943,-0.1145,3000.0,3622.6,100.0,18.353,-0.025402,0.0,0.10056,310.29,72.916,6.8236,13.582,24.886,4302.7,22.049,45.394,50.361,72.832,2.0306,1.5033,3441.8,42.308,48.419,95.868,9.6352,97.255,39.164,0.0,2920.9,69.375,25.244,100.37,0.22088,8.6417,35.708,120.38,1.2611,74.547,38.131,1.6338,54.051,3.5544,461.24,0.047333,1.0095,67.416,19.477,42.506
843,2026-04-28T17:06:00,49.507,100.0,26.848,21.943,-0.11468,3000.0,3622.6,100.0,18.353,-0.025402,0.0,0.10056,310.29,72.916,6.8236,13.582,24.886,4302.7,22.049,45.394,50.361,72.832,2.0306,1.5033,3441.8,42.308,48.419,95.868,9.6352,97.312,39.164,0.0,2920.9,69.375,25.244,100.37,0.22088,8.6417,35.708,120.38,1.2611,74.547,38.131,1.6338,54.051,3.5544,461.24,0.047333,1.0095,67.416,19.477,42.506
844,2026-04-28T17:09:00,49.507,100.0,26.848,22.291,-0.11486,3000.0,3622.6,100.0,18.628,-0.025402,0.0,0.10056,310.29,72.916,6.8313,13.369,24.849,4302.7,22.049,45.394,50.361,72.832,1.9352,1.496,3441.8,42.308,46.86,95.868,9.6352,97.37,39.164,4.4656,2920.9,69.615,25.244,100.37,0.22088,8.8726,35.832,120.38,1.2372,74.547,38.247,1.5577,54.051,3.4351,461.24,0.047333,1.0095,67.416,18.51,42.506
845,2026-04-28T17:12:00,49.507,100.0,26.848,22.291,-0.11505,3000.0,3622.6,100.0,18.628,-0.025402,0.0,0.10056,310.29,72.916,6.8313,13.369,24.849,4302.7,22.049,45.394,50.361,72.832,1.9352,1.496,3441.8,42.308,46.86,95.868,9.6352,97.427,39.164,4.4656,2920.9,69.615,25.244,100.37,0.22088,8.8726,35.832,120.38,1.2372,74.547,38.247,1.5577,54.051,3.4351,461.24,0.047333,1.0095,67.416,18.51,42.506
846,2026-04-28T17:15:00,49.507,100.0,26.848,21.345,-0.11523,3000.0,3622.6,100.0,18.188,-0.025402,0.0,0.10056,310.29,72.916,7.0151,13.378,25.036,4302.7,22.049,45.394,50.361,72.832,2.0096,1.4747,3441.8,42.308,49.196,95.868,9.6352,97.484,39.164,0.0,2920.9,69.599,25.244,100.37,0.22088,8.6224,34.65,120.38,1.4395,74.547,38.111,1.4413,54.051,3.495,461.24,0.047333,1.0095,67.416,18.903,42.506
847,2026-04-28T17:18:00,49.507,100.0,26.848,21.345,-0.11542,3000.0,3622.6,100.0,18.188,-0.025402,0.0,0.10994,310.29,72.916,7.0151,13.378,25.036,4302.7,22.049,45.394,50.361,72.832,2.0096,1.4747,3441.8,42.308,49.196,95.868,9.6352,97.541,39.164,0.0,2920.9,69.599,25.244,100.37,0.22088,8.6224,34.65,120.38,1.4395,74.547,38.111,1.4413,54.308,3.495,461.24,0.012626,1.0303,67.416,18.903,42.372
848,2026-04-28T17:21:00,49.507,100.0,26.848,21.973,-0.1156,3000.0,3622.6,100.0,17.869,-0.025402,0.0,0.10994,310.29,72.916,6.9949,13.372,24.748,4302.7,22.049,45.394,50.361,72.832,1.9629,1.4922,3441.8,42.308,48.243,95.868,9.6352,97.598,39.164,0.0,2920.9,67.948,25.244,100.37,0.22088,8.6668,35.153,120.38,1.2215,74.547,38.222,1.5003,54.308,3.3897,461.24,0.012626,1.0303,67.416,18.625,42.372
849,2026-04-28T17:24:00,49.507,100.0,26.848,21.973,-0.11578,3000.0,3622.6,100.0,17.869,-0.025402,0.0,0.10994,310.29,72.916,6.9949,13.372,24.748,4302.7,22.049,45.394,50.361,72.832,1.9629,1.4922,3441.8,42.308,48.243,95.868,9.6352,97.655,39.164,0.0,2920.9,67.948,25.244,100.37,0.22088,8.6668,35.153,120.38,1.2215,74.547,38.222,1.5003,54.308,3.3897,461.24,0.012626,1.0303,67.416,18.625,42.372
850,2026-04-28T17:27:00,49.507,100.0,26.848,21.647,-0.11597,3000.0,3622.6,100.0,17.934,-0.025402,0.0,0.10994,310.29,72.916,6.8045,13.632,24.718,4302.7,22.049,45.394,50.361,72.832,1.9808,1.4866,3441.8,42.308,48.929,95.868,9.6352,97.712,39.164,0.0,2920.9,68.009,25.244,100.37,0.22088,8.6283,35.709,120.38,1.3981,74.547,37.9,1.6077,54.308,3.4354,461.24,0.012626,1.0303,67.416,18.847,42.372
