sample,timestamp,tag_01,tag_02,tag_03,tag_04,tag_05,tag_06,tag_07,tag_08,tag_09,tag_10,tag_11,tag_12,tag_13,tag_14,tag_15,tag_16,tag_17,tag_18,tag_19,tag_20,tag_21,tag_22,tag_23,tag_24,tag_25,tag_26,tag_27,tag_28,tag_29,tag_30,tag_31,tag_32,tag_33,tag_34,tag_35,tag_36,tag_37,tag_38,tag_39,tag_40,tag_41,tag_42,tag_43,tag_44,tag_45,tag_46,tag_47,tag_48,tag_49,tag_50,tag_51,tag_52
1,2026-04-28T07:00:00,50.618,20.736,27.28,33.21,40.734,2708.0,3718.5,19.763,17.816,22.775,0.21225,0.0909,343.05,76.835,6.8309,13.849,31.609,4555.9,22.252,47.964,49.791,79.892,2.2414,1.6387,3103.2,42.483,54.063,94.611,9.3458,62.468,37.485,41.286,2636.9,63.563,24.683,46.539,0.34461,8.8937,26.591,120.38,1.0659,74.371,24.145,2.321,53.131,4.9075,225.67,0.011894,0.83508,65.618,18.8,43.572
2,2026-04-28T07:03:00,48.564,20.89,26.88,33.21,41.234,2705.9,3741.2,18.145,17.816,22.412,0.21069,0.0909,342.71,77.36,6.8309,13.849,31.609,4532.2,22.928,43.21,50.365,79.784,2.2414,1.6387,3101.6,42.302,54.346,94.385,9.37,61.65,39.173,41.033,2634.7,63.173,25.381,46.376,0.34668,8.8937,26.591,120.4,1.0659,75.804,24.145,2.321,53.131,4.9075,226.45,0.011894,0.83508,65.53,18.8,43.572
3,2026-04-28T07:06:00,49.935,29.075,26.719,33.497,40.768,2707.3,3692.8,18.32,17.744,22.279,0.30165,0.089995,341.95,77.18,6.952,13.837,32.167,4507.2,22.862,46.383,50.769,79.914,2.2284,1.6249,3103.6,42.44,53.908,94.62,9.3172,62.464,40.363,40.595,2635.6,63.222,24.936,46.466,0.33884,9.0771,26.462,120.39,1.1908,74.994,23.831,2.345,53.27,4.8643,226.45,0.0093283,0.84692,65.522,18.578,44.364
4,2026-04-28T07:09:00,49.464,29.41,26.893,33.497,41.167,2708.8,3678.9,19.929,17.744,22.441,0.29825,0.089995,342.32,77.163,6.952,13.837,32.167,4536.6,22.185,45.294,49.409,79.984,2.2284,1.6249,3104.0,42.396,53.557,94.498,9.3306,59.896,36.36,40.061,2637.1,63.462,23.327,46.528,0.34322,9.0771,26.462,120.39,1.1908,75.53,23.831,2.345,53.27,4.8643,225.59,0.0093283,0.84692,65.523,18.578,44.364
5,2026-04-28T07:12:00,49.888,24.322,27.139,33.211,40.92,2708.6,3630.7,17.042,17.89,22.832,0.24839,0.089995,342.52,77.359,7.1941,13.892,31.722,4513.3,23.399,46.275,50.383,79.918,2.2522,1.6401,3102.9,42.108,54.393,94.624,9.393,60.841,39.228,40.224,2636.4,63.22,26.615,46.418,0.33952,8.8915,26.968,120.39,1.1765,74.443,24.495,2.1373,53.27,4.8663,226.65,0.0093283,0.84692,65.53,18.881,44.364
6,2026-04-28T07:15:00,48.809,24.277,26.655,33.211,41.433,2710.6,3647.0,19.016,17.89,22.742,0.24886,0.089995,342.17,77.865,7.1941,13.892,31.722,4515.1,22.542,43.777,50.925,80.221,2.2522,1.6401,3106.1,42.206,54.371,94.602,9.3318,60.362,40.822,40.218,2640.0,62.94,24.276,46.168,0.33957,8.8915,26.968,120.41,1.1765,75.461,24.495,2.1373,53.27,4.8663,229.26,0.0093283,0.84692,65.549,18.881,44.364
7,2026-04-28T07:18:00,51.151,28.867,26.868,32.712,41.557,2713.9,3563.6,19.18,18.665,23.039,0.29331,0.089995,342.86,77.762,6.905,13.651,32.057,4525.8,22.463,49.198,50.041,80.449,2.2226,1.6343,3107.4,42.167,53.509,94.601,9.4653,60.743,38.222,41.18,2644.0,62.07,24.769,46.29,0.34422,8.7406,26.684,120.41,1.2415,75.177,23.9,2.3788,53.27,4.8357,227.64,0.0093283,0.84692,65.644,18.287,44.364
8,2026-04-28T07:21:00,49.133,28.856,26.624,32.712,40.776,2713.9,3562.1,17.892,18.665,22.501,0.29342,0.098128,343.43,77.082,6.905,13.651,32.057,4496.0,23.023,44.528,49.714,80.128,2.2226,1.6343,3108.8,42.019,53.866,94.921,9.4762,62.442,37.258,41.098,2643.4,62.096,23.385,46.807,0.34489,8.7406,26.684,120.37,1.2415,75.207,23.9,2.3788,53.874,4.8357,225.07,0.021713,0.82962,65.682,18.287,45.145
9,2026-04-28T07:24:00,48.047,25.965,26.825,33.219,41.006,2712.2,3652.4,19.601,18.344,22.763,0.26425,0.098128,343.64,76.879,7.0183,13.584,32.205,4586.7,22.326,42.015,48.265,79.723,2.2474,1.6911,3106.9,42.222,54.269,94.708,9.4509,59.451,32.995,37.644,2641.5,62.921,25.231,46.593,0.31969,8.8597,26.479,120.41,1.1247,75.373,24.344,2.3263,53.874,4.877,228.82,0.021713,0.82962,65.612,18.56,45.145
10,2026-04-28T07:27:00,49.98,25.944,27.251,33.219,40.742,2713.1,3651.2,15.135,18.344,23.118,0.26447,0.098128,343.92,77.23,7.0183,13.584,32.205,4522.8,24.209,46.488,50.71,79.527,2.2474,1.6911,3106.7,42.008,55.034,94.722,9.3961,60.739,40.188,38.006,2642.4,62.94,25.562,46.701,0.31673,8.8597,26.479,120.37,1.1247,75.169,24.344,2.3263,53.874,4.877,229.03,0.021713,0.82962,65.489,18.56,45.145
11,2026-04-28T07:30:00,51.11,24.628,26.772,33.155,41.255,2716.3,3615.3,20.635,18.354,23.307,0.25032,0.098128,343.85,77.335,6.6601,13.743,32.316,4518.0,21.882,49.104,48.989,79.909,2.2284,1.6212,3109.2,42.27,54.483,94.675,9.3598,60.879,35.125,36.864,2645.8,62.49,24.869,46.921,0.30906,8.8245,26.763,120.4,1.3016,75.464,24.476,2.2598,53.874,4.8737,227.94,0.021713,0.82962,65.461,18.944,45.145
12,2026-04-28T07:33:00,50.112,24.612,26.888,33.155,41.068,2717.3,3604.0,20.387,18.354,23.042,0.25048,0.098128,343.73,77.257,6.6601,13.743,32.316,4502.7,21.987,46.793,47.791,79.936,2.2284,1.6212,3111.5,42.13,54.666,94.602,9.3489,62.433,31.598,36.431,2646.9,62.685,23.072,46.908,0.31261,8.8245,26.763,120.42,1.3016,74.799,24.476,2.2598,53.874,4.8737,229.44,0.021713,0.82962,65.498,18.944,45.145
13,2026-04-28T07:36:00,52.109,23.363,27.17,33.28,41.358,2715.4,3732.7,16.307,17.879,23.034,0.24028,0.10776,343.97,77.053,6.7861,13.634,32.347,4468.2,23.718,51.414,49.603,79.731,2.2394,1.6711,3110.9,42.382,54.14,94.631,9.3736,59.394,36.93,38.756,2644.5,63.652,23.689,46.726,0.32634,8.8696,26.765,120.4,1.2511,74.501,24.348,2.37,53.721,4.7153,227.93,0.027325,0.83825,65.491,18.548,43.651
14,2026-04-28T07:39:00,50.49,23.57,26.932,33.28,41.56,2714.4,3698.0,19.602,17.879,22.872,0.23818,0.10776,343.55,77.124,6.7861,13.634,32.347,4505.4,22.328,47.669,49.925,79.791,2.2394,1.6711,3108.9,42.261,53.694,94.315,9.3625,62.203,37.881,38.71,2643.6,64.248,24.578,46.675,0.32671,8.8696,26.765,120.41,1.2511,75.208,24.348,2.37,53.721,4.7153,227.75,0.027325,0.83825,65.479,18.548,43.651
15,2026-04-28T07:42:00,50.417,23.274,27.297,32.846,41.657,2713.3,3674.3,16.133,18.234,22.992,0.23221,0.10776,343.24,77.232,6.9098,13.748,32.708,4535.1,23.787,47.5,50.174,79.847,2.256,1.6474,3107.6,42.213,54.317,94.538,9.4385,60.846,38.611,37.009,2642.4,63.701,26.327,46.663,0.31521,9.0579,26.227,120.43,1.1537,75.505,24.611,2.3757,53.721,4.8445,227.12,0.027325,0.83825,65.491,18.492,43.651
16,2026-04-28T07:45:00,50.031,22.889,26.886,32.846,40.95,2713.0,3708.7,17.663,18.234,22.75,0.23612,0.10776,343.58,76.989,6.9098,13.748,32.708,4568.3,23.148,46.605,48.548,79.9,2.256,1.6474,3107.8,42.489,53.919,94.405,9.3837,59.45,33.827,37.201,2641.9,63.109,24.269,46.643,0.31363,9.0579,26.227,120.41,1.1537,74.863,24.611,2.3757,53.721,4.8445,226.55,0.027325,0.83825,65.517,18.492,43.651
17,2026-04-28T07:48:00,49.092,19.066,26.865,33.533,41.453,2712.1,3670.8,19.384,18.027,22.846,0.19811,0.10776,343.0,77.441,7.0648,13.805,32.492,4489.8,22.405,44.433,50.338,80.035,2.2425,1.6617,3105.9,42.602,55.039,94.512,9.3273,60.28,39.094,38.589,2641.3,62.708,24.064,46.634,0.32558,8.8226,26.378,120.4,1.1289,75.551,24.294,2.3028,53.721,4.7995,225.87,0.027325,0.83825,65.537,18.816,43.651
18,2026-04-28T07:51:00,51.725,19.342,27.18,33.533,40.326,2709.0,3697.9,18.304,18.027,22.425,0.1953,0.1174,342.76,77.014,7.0648,13.805,32.492,4559.6,22.876,50.527,50.294,79.864,2.2425,1.6617,3104.7,42.204,54.203,94.634,9.3644,58.499,38.964,38.431,2637.5,62.242,23.655,46.534,0.32687,8.8226,26.378,120.36,1.1289,75.413,24.294,2.3028,53.376,4.7995,228.62,0.017626,0.83215,65.537,18.816,42.631
19,2026-04-28T07:54:00,49.537,20.869,27.069,33.014,41.64,2706.6,3623.0,17.718,17.588,22.412,0.21304,0.1174,342.25,77.217,6.8909,13.77,31.934,4497.6,23.124,45.462,50.421,79.754,2.2348,1.6558,3103.5,42.131,54.171,94.721,9.2122,60.369,39.339,39.034,2635.8,62.072,24.961,46.673,0.33398,9.0351,26.699,120.39,1.1939,75.602,24.432,2.301,53.376,4.809,227.35,0.017626,0.83215,65.51,18.534,42.631
20,2026-04-28T07:57:00,50.74,20.841,26.749,33.014,39.968,2709.0,3575.5,21.221,17.588,22.479,0.21331,0.1174,342.23,77.319,6.8909,13.77,31.934,4515.0,21.647,48.247,49.377,79.881,2.2348,1.6558,3104.1,42.093,53.962,94.882,9.3038,61.015,36.266,39.252,2638.0,62.889,26.48,46.75,0.33219,9.0351,26.699,120.37,1.1939,75.639,24.432,2.301,53.376,4.809,226.78,0.017626,0.83215,65.509,18.534,42.631
21,2026-04-28T08:00:00,52.309,26.021,26.4,33.656,41.576,2711.8,3677.4,20.053,18.172,22.596,0.26807,0.1174,342.21,77.252,6.8617,13.818,32.736,4526.4,22.135,51.877,48.562,80.075,2.293,1.6232,3107.1,42.233,54.536,94.63,9.2664,61.909,33.867,39.174,2641.2,62.571,26.374,46.628,0.32464,8.8962,26.227,120.41,1.0925,75.477,24.356,2.2767,53.376,4.8383,228.42,0.017626,0.83215,65.515,18.836,42.631
22,2026-04-28T08:03:00,51.622,26.278,27.513,33.656,40.489,2712.1,3654.8,15.538,18.172,22.771,0.26546,0.1174,341.54,77.357,6.8617,13.818,32.736,4552.4,24.034,50.288,48.351,79.994,2.293,1.6232,3108.3,42.468,54.225,94.655,9.4155,61.404,33.247,38.527,2640.7,62.959,24.682,46.671,0.32995,8.8962,26.227,120.38,1.0925,74.978,24.356,2.2767,53.376,4.8383,228.18,0.017626,0.83215,65.576,18.836,42.631
23,2026-04-28T08:06:00,50.037,18.333,26.962,33.048,40.941,2711.2,3698.1,19.064,18.535,22.454,0.18801,0.092606,341.94,77.114,6.8029,13.819,32.216,4534.6,22.55,46.619,48.141,80.08,2.2478,1.6414,3107.4,42.368,53.71,94.559,9.3002,61.117,32.63,39.613,2640.0,62.476,24.616,46.663,0.33134,8.904,26.909,120.41,1.2574,75.58,24.214,2.2265,54.522,4.7865,226.77,-0.00064612,0.81808,65.6,18.777,44.543
24,2026-04-28T08:09:00,49.847,18.53,26.981,33.048,40.585,2707.5,3701.4,20.795,18.535,22.742,0.186,0.092606,342.44,77.115,6.8029,13.819,32.216,4509.2,21.828,46.181,50.136,79.906,2.2478,1.6414,3102.8,42.285,54.014,94.685,9.2238,61.356,38.501,39.615,2637.4,62.419,25.747,46.495,0.33133,8.904,26.909,120.38,1.2574,74.871,24.214,2.2265,54.522,4.7865,228.12,-0.00064612,0.81808,65.594,18.777,44.543
25,2026-04-28T08:12:00,50.057,23.157,27.073,33.165,40.583,2705.0,3685.9,16.939,18.273,22.314,0.23344,0.092606,341.6,76.726,6.8218,13.865,31.839,4531.2,23.476,46.667,51.192,79.624,2.2426,1.6219,3102.5,42.472,53.891,94.769,9.4436,60.992,41.609,39.328,2633.5,63.249,23.555,46.457,0.33378,9.0921,26.454,120.42,1.202,74.468,24.687,2.1997,54.522,4.8317,228.11,-0.00064612,0.81808,65.498,19.062,44.543
26,2026-04-28T08:15:00,49.161,22.954,26.848,33.165,41.032,2705.3,3699.0,16.891,18.273,22.231,0.2355,0.092606,341.16,76.835,6.8218,13.865,31.839,4543.8,23.501,44.593,49.389,79.701,2.2426,1.6219,3102.4,42.397,53.74,94.617,9.4132,61.605,36.303,39.39,2634.4,63.022,25.397,46.305,0.33327,9.0921,26.454,120.37,1.202,74.879,24.687,2.1997,54.522,4.8317,229.38,-0.00064612,0.81808,65.443,19.062,44.543
27,2026-04-28T08:18:00,49.554,26.794,26.614,33.088,41.408,2710.5,3691.9,15.525,18.651,22.299,0.27283,0.092606,341.46,77.872,7.112,13.779,32.711,4459.3,24.037,45.503,50.921,80.174,2.2587,1.663,3106.2,42.674,54.028,94.565,9.343,61.862,40.811,39.93,2638.1,63.045,24.665,46.336,0.33911,8.9901,26.516,120.39,1.3282,75.307,24.063,2.2636,54.522,4.7268,228.57,-0.00064612,0.81808,65.461,18.746,44.543
28,2026-04-28T08:21:00,48.617,26.689,26.657,33.088,42.014,2713.4,3710.9,16.109,18.651,22.705,0.2739,0.10084,341.2,77.42,7.112,13.779,32.711,4505.4,23.784,43.334,50.54,80.559,2.2587,1.663,3108.9,42.073,53.476,94.443,9.3676,62.108,39.688,39.814,2642.8,62.718,23.425,46.262,0.34006,8.9901,26.516,120.44,1.3282,74.921,24.063,2.2636,53.558,4.7268,224.57,0.01872,0.84665,65.595,18.746,44.607
29,2026-04-28T08:24:00,51.386,18.309,27.137,32.588,40.495,2707.5,3616.7,19.191,18.161,22.452,0.18856,0.10084,341.06,77.189,6.8489,13.988,32.124,4550.6,22.491,49.741,47.889,80.214,2.2535,1.6556,3104.3,42.35,53.69,94.669,9.2225,60.389,31.886,39.026,2636.8,61.714,24.738,45.966,0.32776,8.7654,26.723,120.37,1.2973,75.518,23.786,2.2437,53.558,4.8458,225.46,0.01872,0.84665,65.673,19.207,44.607
30,2026-04-28T08:27:00,50.847,18.379,26.643,32.588,40.678,2706.3,3618.3,18.428,18.161,22.386,0.18785,0.10084,341.27,77.124,6.8489,13.988,32.124,4528.3,22.821,48.495,50.298,80.002,2.2535,1.6556,3101.7,42.369,53.958,94.971,9.239,62.628,38.977,39.008,2634.6,61.687,24.108,45.899,0.32791,8.7654,26.723,120.38,1.2973,75.439,23.786,2.2437,53.558,4.8458,223.85,0.01872,0.84665,65.595,19.207,44.607
31,2026-04-28T08:30:00,49.114,23.869,26.622,32.862,40.474,2704.6,3647.8,17.214,18.495,22.007,0.24076,0.10084,340.85,76.889,6.9375,13.615,32.326,4449.3,23.349,44.483,49.378,79.771,2.2652,1.6117,3101.9,42.368,53.737,94.782,9.332,63.435,36.268,41.98,2632.8,63.393,25.159,45.741,0.34997,8.9293,26.621,120.37,1.3958,75.454,24.482,2.3123,53.558,4.8793,223.31,0.01872,0.84665,65.512,18.603,44.607
32,2026-04-28T08:33:00,49.998,23.885,27.015,32.862,41.27,2704.3,3671.5,17.506,18.495,22.397,0.2406,0.10084,341.14,77.154,6.9375,13.615,32.326,4500.6,23.228,46.53,48.689,79.78,2.2652,1.6117,3100.2,42.488,53.122,94.828,9.3179,60.554,34.243,41.935,2632.7,62.986,26.971,45.538,0.35034,8.9293,26.621,120.41,1.3958,74.39,24.482,2.3123,53.558,4.8793,223.35,0.01872,0.84665,65.409,18.603,44.607
33,2026-04-28T08:36:00,49.339,22.001,26.95,32.715,40.878,2705.2,3642.8,15.901,17.797,22.328,0.21995,0.08478,340.87,77.138,6.7473,13.678,32.114,4535.3,23.907,45.005,50.119,79.837,2.2715,1.6717,3101.7,42.291,54.169,94.668,9.2398,60.398,38.452,37.073,2633.8,62.691,25.515,46.041,0.30828,9.0585,27.048,120.38,1.1846,74.888,24.207,2.2368,53.755,4.9543,223.58,0.011592,0.83462,65.375,18.641,43.337
34,2026-04-28T08:39:00,50.651,21.754,26.728,32.715,41.089,2709.7,3644.4,19.274,17.797,22.559,0.22247,0.08478,341.42,77.807,6.7473,13.678,32.114,4559.8,22.455,48.04,51.173,80.307,2.2715,1.6717,3105.3,42.502,53.875,94.837,9.2671,62.73,41.553,37.121,2639.6,62.664,24.331,46.052,0.30788,9.0585,27.048,120.41,1.1846,74.759,24.207,2.2368,53.755,4.9543,224.7,0.011592,0.83462,65.419,18.641,43.337
35,2026-04-28T08:42:00,48.986,23.952,26.688,32.734,42.004,2711.9,3714.0,17.727,18.647,22.149,0.24055,0.08478,340.52,77.654,6.7359,13.954,32.141,4512.8,23.1,44.187,50.062,80.437,2.2285,1.6318,3109.4,42.573,54.37,94.383,9.2959,61.025,38.282,36.891,2641.2,63.173,25.584,46.123,0.32127,8.966,26.79,120.43,1.1207,75.622,24.652,2.2304,53.755,4.6789,225.05,0.011592,0.83462,65.525,18.683,43.337
36,2026-04-28T08:45:00,51.027,23.768,27.15,32.734,41.296,2708.0,3716.0,16.81,18.647,21.798,0.24242,0.08478,340.14,77.09,6.7359,13.954,32.141,4501.6,23.504,48.91,48.422,80.079,2.2285,1.6318,3108.8,42.368,54.505,94.714,9.3212,61.267,33.456,37.232,2635.8,63.138,25.677,46.155,0.31848,8.966,26.79,120.4,1.1207,75.138,24.652,2.2304,53.755,4.6789,225.83,0.011592,0.83462,65.595,18.683,43.337
37,2026-04-28T08:48:00,47.625,23.495,27.036,32.949,41.657,2705.7,3675.3,17.597,18.584,22.123,0.24109,0.08478,340.2,76.848,7.0311,13.725,32.274,4501.8,23.189,41.038,51.664,79.887,2.2772,1.6668,3104.5,42.306,54.418,94.502,9.2926,61.018,42.997,40.78,2633.9,64.071,24.223,46.401,0.34989,8.9782,26.749,120.42,1.2263,75.555,24.177,2.3415,53.755,4.9158,224.29,0.011592,0.83462,65.548,18.727,43.337
38,2026-04-28T08:51:00,49.882,23.677,26.92,32.949,41.114,2703.9,3711.5,20.357,18.584,21.946,0.23923,0.096635,340.06,77.283,7.0311,13.725,32.274,4504.4,22.02,46.26,51.346,79.863,2.2772,1.6668,3102.7,42.507,54.387,94.544,9.3081,61.717,42.061,41.035,2632.7,63.448,26.883,46.001,0.34779,8.9782,26.749,120.4,1.2263,75.124,24.177,2.3415,54.402,4.9158,226.65,0.023159,0.84853,65.475,18.727,43.964
39,2026-04-28T08:54:00,50.136,22.179,26.886,32.868,41.107,2700.5,3629.5,19.84,18.641,21.576,0.22842,0.096635,340.07,76.909,6.9346,13.82,32.328,4466.1,22.263,46.849,49.641,79.665,2.2488,1.6713,3100.0,42.082,54.75,94.798,9.3928,59.099,37.043,38.194,2628.4,62.267,24.353,45.991,0.3212,8.7868,26.406,120.39,1.2865,75.111,24.258,2.2776,54.402,4.8308,226.58,0.023159,0.84853,65.404,18.36,43.964
40,2026-04-28T08:57:00,49.922,22.473,26.869,32.868,40.632,2703.0,3612.6,19.195,18.641,21.895,0.22542,0.096635,340.04,77.346,6.9346,13.82,32.328,4531.9,22.529,46.354,51.619,79.8,2.2488,1.6713,3100.7,41.927,53.962,94.901,9.2918,62.046,42.864,38.233,2630.9,62.558,25.463,46.054,0.32088,8.7868,26.406,120.37,1.2865,74.5,24.258,2.2776,54.402,4.8308,225.72,0.023159,0.84853,65.362,18.36,43.964
41,2026-04-28T09:00:00,48.323,21.751,26.925,32.878,40.404,2707.4,3632.6,17.625,18.571,22.124,0.21992,0.096635,340.03,77.524,6.9676,13.849,32.037,4573.9,23.175,42.653,50.77,80.229,2.2717,1.6216,3105.2,42.269,54.4,94.79,9.2854,59.099,40.367,39.676,2635.8,62.966,26.469,46.201,0.32926,8.7565,26.725,120.39,1.2169,75.439,24.275,2.2829,54.402,4.7796,223.87,0.023159,0.84853,65.409,18.99,43.964
42,2026-04-28T09:03:00,49.963,21.661,26.911,32.878,41.856,2707.2,3676.9,17.029,18.571,21.649,0.22083,0.096635,339.0,77.567,6.9676,13.849,32.037,4524.1,23.42,46.449,48.974,80.231,2.2717,1.6216,3108.3,42.295,54.996,94.683,9.403,60.474,35.079,39.235,2635.1,62.203,24.988,46.098,0.33287,8.7565,26.725,120.43,1.2169,74.734,24.275,2.2829,54.402,4.7796,224.75,0.023159,0.84853,65.465,18.99,43.964
43,2026-04-28T09:06:00,49.691,24.397,27.185,32.51,40.79,2709.0,3616.8,18.081,18.734,21.819,0.24947,0.11068,339.45,77.365,6.7297,13.772,31.874,4480.8,22.973,45.818,49.464,80.372,2.2283,1.6854,3108.2,42.192,53.985,94.592,9.2115,61.866,36.522,40.009,2638.1,62.885,25.02,46.121,0.33298,8.9405,26.009,120.37,1.2997,75.097,24.3,2.2298,53.267,4.7925,228.29,0.012583,0.83282,65.553,18.793,44.211
44,2026-04-28T09:09:00,48.244,24.571,26.72,32.51,40.817,2708.8,3625.5,18.901,18.734,21.828,0.24769,0.11068,339.62,77.499,6.7297,13.772,31.874,4532.3,22.621,42.47,50.666,80.288,2.2283,1.6854,3107.9,42.398,53.369,94.798,9.396,61.127,40.061,39.939,2637.5,62.734,25.262,46.465,0.33356,8.9405,26.009,120.4,1.2997,75.39,24.3,2.2298,53.267,4.7925,225.91,0.012583,0.83282,65.602,18.793,44.211
45,2026-04-28T09:12:00,49.127,26.237,27.113,32.561,41.655,2709.3,3690.5,18.392,18.716,21.497,0.26721,0.11068,339.34,77.046,6.847,13.943,31.848,4499.4,22.851,44.514,51.649,80.095,2.2744,1.7384,3108.3,42.13,54.226,94.531,9.3892,60.478,42.953,39.038,2636.4,63.734,23.818,46.506,0.32396,8.9715,26.765,120.42,1.2708,74.47,24.251,2.2038,53.267,4.885,226.94,0.012583,0.83282,65.623,19.316,44.211
46,2026-04-28T09:15:00,50.211,26.12,26.948,32.561,41.417,2707.6,3703.2,13.946,18.716,21.806,0.2684,0.11068,339.43,77.152,6.847,13.943,31.848,4550.9,24.723,47.022,50.366,80.072,2.2744,1.7384,3108.3,42.412,53.608,94.572,9.343,61.619,39.178,39.034,2636.2,63.514,26.114,46.785,0.32399,8.9715,26.765,120.41,1.2708,75.347,24.251,2.2038,53.267,4.885,225.33,0.012583,0.83282,65.587,19.316,44.211
47,2026-04-28T09:18:00,49.156,26.712,26.585,32.732,41.92,2706.7,3690.4,17.603,18.766,21.623,0.2741,0.11068,339.67,77.288,6.7647,13.817,31.941,4460.9,23.181,44.58,48.247,80.01,2.2485,1.657,3105.9,42.364,53.356,94.57,9.3388,62.9,32.941,40.749,2634.6,62.795,25.08,46.79,0.34773,8.7673,26.676,120.42,1.2839,74.389,24.397,2.3399,53.267,4.8916,226.79,0.012583,0.83282,65.56,19.053,44.211
48,2026-04-28T09:21:00,50.346,26.852,27.008,32.732,40.417,2705.9,3634.2,17.265,18.766,21.884,0.27268,0.10498,339.51,77.045,6.7647,13.817,31.941,4407.3,23.331,47.336,50.134,80.06,2.2485,1.657,3106.4,42.46,53.997,94.605,9.371,62.791,38.494,41.196,2634.1,63.761,26.313,46.577,0.34407,8.7673,26.676,120.38,1.2839,74.909,24.397,2.3399,53.691,4.8916,226.29,0.022331,0.84169,65.554,19.053,42.545
49,2026-04-28T09:24:00,51.615,26.113,27.081,32.54,41.831,2707.1,3662.8,18.564,18.819,22.175,0.26829,0.10498,339.76,77.485,6.987,13.838,31.986,4480.4,22.771,50.272,52.268,80.097,2.2422,1.6822,3105.9,42.214,53.698,94.545,9.3368,62.35,44.774,39.379,2635.8,64.062,24.768,46.474,0.33213,8.8985,26.66,120.4,1.2865,74.798,24.349,2.3301,53.691,4.7813,227.08,0.022331,0.84169,65.554,19.141,42.545
50,2026-04-28T09:27:00,48.964,26.17,26.397,32.54,41.217,2706.0,3669.7,21.123,18.819,21.643,0.26771,0.10498,339.7,77.011,6.987,13.838,31.986,4484.8,21.707,44.136,51.081,80.082,2.2422,1.6822,3105.1,42.456,53.645,94.536,9.3262,62.016,41.281,39.493,2634.4,63.945,26.167,46.357,0.3312,8.8985,26.66,120.41,1.2865,74.785,24.349,2.3301,53.691,4.7813,227.97,0.022331,0.84169,65.554,19.141,42.545
51,2026-04-28T09:30:00,50.443,25.927,26.456,32.738,40.728,2703.4,3629.9,17.724,19.177,21.642,0.26628,0.10498,340.02,76.846,6.8544,13.82,32.154,4448.7,23.154,47.559,51.222,79.833,2.2503,1.7077,3102.1,42.497,53.809,94.704,9.4071,59.491,41.695,39.843,2631.9,62.685,24.379,46.189,0.333,8.9284,26.804,120.38,1.0851,74.883,23.933,2.1945,53.691,4.8988,229.47,0.022331,0.84169,65.511,18.924,42.545
52,2026-04-28T09:33:00,50.393,25.896,26.902,32.738,41.145,2705.7,3649.3,20.477,19.177,21.984,0.26659,0.10498,340.26,77.237,6.8544,13.82,32.154,4458.9,21.984,47.443,51.481,79.972,2.2503,1.7077,3102.6,42.028,53.687,94.75,9.236,62.466,42.459,39.868,2633.7,62.351,25.751,46.159,0.33279,8.9284,26.804,120.39,1.0851,74.633,23.933,2.1945,53.691,4.8988,229.48,0.022331,0.84169,65.465,18.924,42.545
53,2026-04-28T09:36:00,50.677,24.413,26.9,32.348,40.082,2705.3,3678.6,16.137,18.71,21.746,0.25152,0.10847,339.8,77.117,6.9986,13.976,31.968,4500.9,23.817,48.102,51.928,79.97,2.2423,1.6388,3105.1,42.494,53.674,94.648,9.3166,64.113,43.774,39.747,2633.3,62.974,23.595,46.581,0.32989,9.0815,26.275,120.38,1.2242,75.156,23.819,2.3022,52.965,4.8605,226.95,0.015911,0.84118,65.48,18.748,43.771
54,2026-04-28T09:39:00,51.216,24.692,26.797,32.348,41.119,2708.2,3696.6,19.214,18.71,21.749,0.24868,0.10847,339.89,77.428,6.9986,13.976,31.968,4536.4,22.506,49.349,50.929,80.184,2.2423,1.6388,3107.5,42.596,53.249,94.628,9.3726,58.058,40.834,39.829,2636.5,62.665,26.625,46.471,0.32922,9.0815,26.275,120.41,1.2242,74.626,23.819,2.3022,52.965,4.8605,228.91,0.015911,0.84118,65.513,18.748,43.771
55,2026-04-28T09:42:00,48.316,26.511,26.847,33.261,41.103,2708.4,3633.8,16.719,18.225,22.031,0.26878,0.10847,340.72,77.343,6.8031,14.009,32.319,4542.3,23.553,42.636,49.499,80.221,2.2682,1.6463,3106.5,42.941,53.6,94.636,9.4273,61.792,36.626,41.45,2637.4,62.438,26.326,46.757,0.35106,8.7532,26.223,120.38,1.1849,73.919,23.899,2.2546,52.965,4.6582,226.38,0.015911,0.84118,65.574,19.088,43.771
56,2026-04-28T09:45:00,49.674,26.365,27.251,33.261,41.462,2707.3,3636.2,15.765,18.225,22.044,0.27026,0.10847,340.53,77.024,6.8031,14.009,32.319,4490.8,23.967,45.779,49.73,80.006,2.2682,1.6463,3104.8,42.259,54.217,94.695,9.3715,60.205,37.305,41.892,2635.7,62.396,24.083,46.739,0.34743,8.7532,26.223,120.41,1.1849,74.695,23.899,2.2546,52.965,4.6582,227.25,0.015911,0.84118,65.61,19.088,43.771
57,2026-04-28T09:48:00,51.07,23.136,26.592,32.975,40.743,2707.6,3703.1,16.837,18.957,22.084,0.23626,0.10847,340.66,77.175,6.9752,13.797,32.108,4463.7,23.514,49.011,50.201,80.026,2.2295,1.6606,3104.2,42.067,53.682,94.706,9.3042,62.267,38.692,41.914,2636.5,62.942,23.203,46.772,0.35651,8.9708,26.85,120.41,1.4006,75.241,24.614,2.2919,52.965,4.8607,227.62,0.015911,0.84118,65.569,18.417,43.771
58,2026-04-28T09:51:00,50.947,23.199,26.877,32.975,41.013,2704.9,3689.4,20.136,18.957,21.663,0.23562,0.09525,340.26,76.616,6.9752,13.797,32.108,4497.6,22.146,48.725,48.56,79.884,2.2295,1.6606,3104.4,42.515,53.276,94.672,9.3931,63.448,33.861,42.112,2633.0,63.178,26.523,46.769,0.35489,8.9708,26.85,120.39,1.4006,74.517,24.614,2.2919,54.408,4.8607,228.35,0.0021965,0.85491,65.55,18.417,43.694
59,2026-04-28T09:54:00,50.726,25.226,26.674,32.725,40.64,2703.9,3633.6,19.994,18.579,21.947,0.25517,0.09525,340.07,76.846,6.8736,13.838,32.146,4488.8,22.214,48.215,51.018,79.61,2.2665,1.656,3102.0,42.231,55.031,94.722,9.3943,61.798,41.095,39.554,2632.0,62.622,24.772,46.699,0.33036,8.796,26.394,120.38,1.1011,74.999,24.493,2.3255,54.408,4.8674,229.93,0.0021965,0.85491,65.468,18.885,43.694
60,2026-04-28T09:57:00,50.128,25.204,27.327,32.725,41.174,2710.1,3605.8,18.079,18.579,22.628,0.2554,0.09525,340.93,77.804,6.8736,13.838,32.146,4531.5,22.985,46.83,50.262,80.107,2.2665,1.656,3107.2,42.386,54.52,94.731,9.4161,62.608,38.871,39.446,2639.2,63.1,26.484,46.737,0.33125,8.796,26.394,120.4,1.1011,74.341,24.493,2.3255,54.408,4.8674,230.28,0.0021965,0.85491,65.423,18.885,43.694
61,2026-04-28T10:00:00,51.769,24.952,26.941,32.589,41.701,2715.2,3675.5,19.609,18.676,22.155,0.25199,0.09525,340.95,77.879,6.9015,13.786,31.727,4522.5,22.315,50.628,47.856,80.522,2.2471,1.6711,3113.3,42.278,53.5,94.437,9.3558,63.513,31.79,39.764,2643.8,62.751,24.417,46.831,0.33749,8.8232,26.332,120.44,1.1709,74.297,23.902,2.3574,54.408,4.8385,229.86,0.0021965,0.85491,65.589,19.415,43.694
62,2026-04-28T10:03:00,47.239,24.831,27.111,32.589,41.383,2713.6,3673.3,17.115,18.676,22.065,0.25322,0.09525,340.8,77.242,6.9015,13.786,31.727,4517.2,23.376,40.144,49.911,80.43,2.2471,1.6711,3113.3,42.305,53.564,94.528,9.3117,61.881,37.837,39.672,2642.0,62.789,25.592,46.891,0.33824,8.8232,26.332,120.41,1.1709,75.52,23.902,2.3574,54.408,4.8385,229.79,0.0021965,0.85491,65.667,19.415,43.694
63,2026-04-28T10:06:00,50.02,29.216,26.728,32.451,40.86,2710.1,3671.7,16.882,18.71,22.251,0.29485,0.092666,341.29,76.706,6.8242,13.663,32.167,4456.8,23.502,46.581,50.838,79.849,2.3129,1.6301,3108.9,42.326,52.925,94.569,9.4142,60.813,40.568,39.252,2638.3,62.567,23.772,47.31,0.33017,8.9634,26.585,120.41,1.0959,74.776,24.36,2.2729,53.803,4.8125,229.93,0.014577,0.83875,65.673,19.101,43.907
64,2026-04-28T10:09:00,48.957,28.913,27.092,32.451,41.314,2711.8,3655.2,18.755,18.71,22.563,0.29793,0.092666,342.21,77.247,6.8242,13.663,32.167,4431.8,22.702,44.12,50.326,79.842,2.3129,1.6301,3108.3,42.38,53.224,94.576,9.3401,62.398,39.061,39.211,2640.5,62.852,23.615,47.447,0.33051,8.9634,26.585,120.42,1.0959,74.276,24.36,2.2729,53.803,4.8125,230.95,0.014577,0.83875,65.604,19.101,43.907
65,2026-04-28T10:12:00,50.128,25.247,27.236,32.879,41.158,2711.4,3674.5,18.389,18.695,22.321,0.25512,0.092666,341.35,77.364,6.9415,13.908,32.309,4452.5,22.857,46.831,51.855,79.774,2.2312,1.6941,3108.9,42.277,53.664,94.641,9.3176,61.658,43.558,37.531,2640.0,63.215,25.542,47.5,0.31602,8.7357,26.319,120.4,1.3279,75.554,24.12,2.3129,53.803,4.8959,232.9,0.014577,0.83875,65.539,18.71,43.907
66,2026-04-28T10:15:00,49.678,25.096,27.014,32.879,41.461,2714.9,3692.3,16.43,18.695,22.793,0.25666,0.092666,342.34,77.621,6.9415,13.908,32.309,4482.8,23.669,45.789,48.961,80.073,2.2312,1.6941,3110.1,42.196,53.302,94.431,9.5056,62.593,35.042,37.162,2644.9,62.909,25.862,47.842,0.31904,8.7357,26.319,120.4,1.3279,74.547,24.12,2.3129,53.803,4.8959,231.57,0.014577,0.83875,65.584,18.71,43.907
67,2026-04-28T10:18:00,49.091,23.729,26.876,32.528,41.288,2715.8,3619.6,20.219,18.451,22.566,0.24199,0.092666,341.7,77.541,6.8063,13.852,32.237,4517.2,22.063,44.43,50.283,80.233,2.2483,1.6624,3112.5,42.424,53.828,94.592,9.4193,61.033,38.933,40.909,2644.9,63.131,23.416,48.073,0.34179,8.7494,26.668,120.41,1.3475,74.416,24.132,2.294,53.803,4.816,231.43,0.014577,0.83875,65.675,19.016,43.907
68,2026-04-28T10:21:00,48.814,23.629,26.98,32.528,41.319,2713.6,3646.2,16.024,18.451,22.508,0.24302,0.11509,341.85,77.152,6.8063,13.852,32.237,4522.8,23.841,43.788,50.381,80.0,2.2483,1.6624,3110.2,42.361,53.761,94.533,9.3786,61.233,39.222,40.418,2642.4,62.674,25.252,47.88,0.34581,8.7494,26.668,120.42,1.3475,74.511,24.132,2.294,53.222,4.816,231.61,0.021495,0.84077,65.735,19.016,43.013
69,2026-04-28T10:24:00,49.602,24.445,26.356,33.136,40.624,2711.8,3702.1,18.116,19.069,22.138,0.247,0.11509,342.39,76.919,7.0742,13.848,32.076,4481.0,22.977,45.614,50.382,79.686,2.2946,1.6184,3108.6,42.345,53.496,94.722,9.2492,63.531,39.225,39.846,2640.0,62.905,25.792,47.756,0.33873,8.7992,26.911,120.38,1.2368,74.877,23.893,2.2404,53.222,4.8711,233.57,0.021495,0.84077,65.689,18.482,43.013
70,2026-04-28T10:27:00,49.819,24.423,27.029,33.136,40.588,2711.1,3686.7,16.435,19.069,22.767,0.24723,0.11509,342.87,77.03,7.0742,13.848,32.076,4471.2,23.69,46.116,48.857,79.617,2.2946,1.6184,3106.7,42.292,53.612,94.565,9.4364,62.168,34.736,40.013,2639.8,63.171,25.409,47.758,0.33736,8.7992,26.911,120.39,1.2368,75.007,23.893,2.2404,53.222,4.8711,234.14,0.021495,0.84077,65.633,18.482,43.013
71,2026-04-28T10:30:00,51.583,25.861,26.907,33.449,41.221,2713.7,3595.7,16.882,18.528,22.69,0.26431,0.11509,342.65,77.363,7.0114,13.951,32.333,4492.3,23.49,50.197,48.635,79.825,2.2717,1.677,3109.1,42.14,54.675,94.734,9.4015,62.342,34.084,39.882,2642.1,62.33,25.049,47.699,0.33794,8.9162,26.854,120.42,1.2767,74.128,24.324,2.2578,53.222,4.829,235.42,0.021495,0.84077,65.585,18.628,43.013
72,2026-04-28T10:33:00,50.532,25.671,26.685,33.449,40.394,2715.1,3582.4,18.427,18.528,22.503,0.26624,0.11509,342.68,77.438,7.0114,13.951,32.333,4499.7,22.837,47.764,51.021,79.832,2.2717,1.677,3111.3,42.439,54.587,94.731,9.5126,62.758,41.104,39.699,2644.2,62.559,22.839,48.006,0.33944,8.9162,26.854,120.38,1.2767,75.474,24.324,2.2578,53.222,4.829,232.55,0.021495,0.84077,65.6,18.628,43.013
73,2026-04-28T10:36:00,49.59,23.355,26.666,32.643,40.682,2718.1,3647.3,19.277,17.91,22.597,0.23966,0.10079,342.96,77.492,6.8123,13.882,32.067,4548.9,22.472,45.586,50.02,79.882,2.2338,1.7164,3113.2,42.378,53.678,94.716,9.4815,59.721,38.16,41.517,2646.4,61.842,25.353,47.922,0.34805,8.9756,26.31,120.39,1.0896,73.783,24.494,2.2151,53.292,4.7612,234.73,0.027619,0.83095,65.623,18.436,43.063
74,2026-04-28T10:39:00,51.233,23.352,26.968,32.643,41.276,2719.0,3637.5,18.018,17.91,23.042,0.23969,0.10079,343.33,76.998,6.8123,13.882,32.067,4522.7,23.017,49.386,50.651,79.888,2.2338,1.7164,3113.2,42.318,53.991,94.759,9.2595,64.076,40.016,40.852,2648.6,62.012,24.962,47.999,0.3535,8.9756,26.31,120.41,1.0896,75.259,24.494,2.2151,53.292,4.7612,234.72,0.027619,0.83095,65.628,18.436,43.063
75,2026-04-28T10:42:00,49.553,26.274,26.976,32.841,41.276,2719.1,3679.9,17.403,18.319,22.833,0.26135,0.10079,343.43,77.399,6.7177,13.927,31.878,4554.0,23.269,45.5,49.801,79.688,2.2443,1.6837,3115.2,42.149,54.128,94.574,9.5024,60.064,37.513,40.31,2648.3,63.0,23.787,48.142,0.34401,8.9946,26.524,120.4,1.1371,74.446,24.252,2.3764,53.292,4.7865,233.99,0.027619,0.83095,65.62,18.539,43.063
76,2026-04-28T10:45:00,51.532,26.169,26.942,32.841,41.243,2722.1,3660.1,16.112,18.319,23.068,0.26242,0.10079,344.0,77.244,6.7177,13.927,31.878,4537.1,23.813,50.08,50.536,79.884,2.2443,1.6837,3117.6,42.421,54.33,94.445,9.4295,62.96,39.677,40.402,2651.4,63.341,23.788,48.112,0.34326,8.9946,26.524,120.42,1.1371,74.071,24.252,2.3764,53.292,4.7865,235.19,0.027619,0.83095,65.607,18.539,43.063
77,2026-04-28T10:48:00,50.237,27.974,26.459,33.195,41.996,2722.0,3712.5,17.77,18.093,22.525,0.28497,0.10079,344.23,77.404,6.8812,13.68,32.522,4535.5,23.107,47.081,49.278,79.815,2.2743,1.6693,3117.8,42.479,54.145,94.399,9.3582,62.505,35.974,40.902,2651.1,63.378,25.912,48.34,0.3501,8.9297,26.959,120.44,1.273,74.626,23.748,2.3427,53.292,4.7265,233.47,0.027619,0.83095,65.621,18.908,43.063
78,2026-04-28T10:51:00,48.832,27.953,26.848,33.195,40.981,2721.4,3700.4,20.326,18.093,22.591,0.28519,0.094296,343.68,77.302,6.8812,13.68,32.522,4488.5,22.031,43.832,48.25,79.852,2.2743,1.6693,3119.3,42.466,54.707,94.468,9.4301,60.248,32.949,40.992,2651.1,63.586,25.501,48.124,0.34937,8.9297,26.959,120.4,1.273,75.243,23.748,2.3427,53.617,4.7265,233.95,0.022012,0.83178,65.673,18.908,43.709
79,2026-04-28T10:54:00,48.737,21.907,26.591,33.03,41.791,2719.9,3651.9,17.921,18.177,23.024,0.22186,0.094296,343.93,77.275,6.9542,13.587,32.196,4500.7,23.05,43.61,49.898,79.594,2.2556,1.633,3114.2,42.284,53.666,94.366,9.4095,61.955,37.8,37.352,2649.9,63.064,26.229,48.032,0.3247,8.7735,26.481,120.41,1.245,75.592,24.782,2.2499,53.617,4.7761,234.62,0.022012,0.83178,65.629,18.792,43.709
80,2026-04-28T10:57:00,49.77,21.995,26.774,33.03,41.527,2720.9,3658.4,16.666,18.177,23.314,0.22096,0.094296,344.05,77.16,6.9542,13.587,32.196,4511.6,23.581,46.001,49.067,79.714,2.2556,1.633,3114.2,42.423,53.535,94.697,9.4226,62.399,35.354,38.048,2650.3,62.952,24.709,48.076,0.31899,8.7735,26.481,120.4,1.245,75.094,24.782,2.2499,53.617,4.7761,233.77,0.022012,0.83178,65.63,18.792,43.709
81,2026-04-28T11:00:00,49.477,24.794,26.735,33.022,40.496,2721.7,3631.4,15.378,18.457,23.31,0.25199,0.094296,343.92,77.323,6.8787,13.748,32.576,4488.8,24.116,45.323,50.685,79.737,2.2629,1.6781,3115.7,42.048,54.079,94.398,9.2213,63.263,40.117,36.572,2651.7,62.744,25.79,48.076,0.30846,9.0466,26.615,120.39,1.2306,75.219,24.384,2.3308,53.617,4.7771,233.41,0.022012,0.83178,65.615,18.419,43.709
82,2026-04-28T11:03:00,48.873,24.774,26.852,33.022,41.829,2723.3,3635.0,21.007,18.457,23.205,0.2522,0.094296,344.11,77.241,6.8787,13.748,32.576,4547.6,21.74,43.927,48.849,79.867,2.2629,1.6781,3116.8,42.252,53.375,94.653,9.362,60.341,34.714,36.371,2653.5,62.681,23.996,48.024,0.31011,9.0466,26.615,120.41,1.2306,76.007,24.384,2.3308,53.617,4.7771,233.62,0.022012,0.83178,65.627,18.419,43.709
83,2026-04-28T11:06:00,49.52,21.047,26.706,32.983,41.901,2721.3,3672.2,19.306,17.863,22.931,0.21241,0.09543599999999999,344.3,77.087,6.8909,13.655,32.452,4504.6,22.464,45.422,50.263,79.683,2.2707,1.6011,3115.6,42.586,54.834,94.563,9.4204,62.575,38.873,38.57,2651.0,62.672,25.511,48.016,0.32537,8.8737,26.842,120.41,1.1516,75.603,24.771,2.2444,52.946,4.7258,233.47,0.0043086,0.80922,65.655,18.202,44.145
84,2026-04-28T11:09:00,48.875,20.899,27.241,32.983,40.804,2722.7,3643.6,17.904,17.863,23.57,0.21392,0.09543599999999999,343.93,77.328,6.8909,13.655,32.452,4509.9,23.048,43.93,52.026,79.703,2.2707,1.6011,3115.4,42.448,54.771,94.553,9.3279,61.431,44.061,38.486,2651.8,63.164,25.696,47.92,0.32606,8.8737,26.842,120.37,1.1516,74.957,24.771,2.2444,52.946,4.7258,234.27,0.0043086,0.80922,65.61,18.202,44.145
85,2026-04-28T11:12:00,49.248,21.925,26.917,32.883,41.168,2722.0,3658.4,20.613,18.253,23.181,0.22069,0.09543599999999999,344.37,77.155,6.9068,13.91,32.314,4559.4,21.91,44.794,51.58,79.777,2.2002,1.6606,3117.5,42.651,54.79,94.645,9.2519,60.701,42.751,37.101,2651.5,62.799,24.604,48.045,0.31571,8.7666,27.122,120.4,1.1264,74.156,24.848,2.2481,52.946,4.6156,232.57,0.0043086,0.80922,65.636,18.383,44.145
86,2026-04-28T11:15:00,51.348,21.671,26.969,32.883,40.891,2721.5,3679.1,17.856,18.253,23.447,0.22328,0.09543599999999999,344.0,76.878,6.9068,13.91,32.314,4579.1,23.084,49.654,49.653,79.555,2.2002,1.6606,3115.7,42.083,54.553,94.613,9.4181,61.8,37.08,37.396,2651.2,62.443,24.813,48.006,0.31329,8.7666,27.122,120.39,1.1264,74.103,24.848,2.2481,52.946,4.6156,232.72,0.0043086,0.80922,65.621,18.383,44.145
87,2026-04-28T11:18:00,48.88,22.868,26.918,33.102,41.418,2720.9,3701.4,17.832,18.006,23.169,0.23388,0.09543599999999999,343.45,76.891,6.9886,13.783,32.011,4556.1,23.098,43.942,49.37,79.506,2.2772,1.6257,3115.3,42.488,54.467,94.549,9.2798,60.597,36.247,40.422,2650.5,61.903,25.406,47.981,0.34379,8.7915,26.576,120.39,1.3088,74.925,24.787,2.292,52.946,4.7422,232.75,0.0043086,0.80922,65.565,18.49,44.145
88,2026-04-28T11:21:00,49.185,23.096,26.8,33.102,40.612,2720.0,3624.9,19.466,18.006,22.958,0.23155,0.094737,343.92,77.004,6.9886,13.783,32.011,4560.5,22.417,44.648,47.828,79.419,2.2772,1.6257,3113.4,41.868,54.415,94.761,9.2923,61.674,31.708,40.884,2649.3,63.22,26.06,47.475,0.34,8.7915,26.576,120.37,1.3088,74.777,24.787,2.292,53.936,4.7422,231.43,0.031237,0.82059,65.527,18.49,43.735
89,2026-04-28T11:24:00,50.071,25.839,26.936,32.919,41.5,2722.4,3618.2,17.431,17.723,23.248,0.26284,0.094737,344.18,77.56,6.897,13.779,32.432,4526.0,23.259,46.698,49.362,79.624,2.2326,1.645,3115.8,42.269,54.622,94.569,9.4776,59.174,36.222,38.47,2652.2,62.556,24.243,47.121,0.33216,8.9828,26.835,120.41,1.2258,74.864,24.616,2.297,53.936,4.8257,232.25,0.031237,0.82059,65.443,18.173,43.735
90,2026-04-28T11:27:00,50.313,25.951,26.652,32.919,40.876,2724.9,3620.6,18.998,17.723,23.144,0.2617,0.094737,343.75,77.51,6.897,13.779,32.432,4594.9,22.593,47.259,50.231,79.79,2.2326,1.645,3118.6,42.449,53.797,94.691,9.2421,60.274,38.781,38.796,2654.0,62.514,24.226,47.228,0.32949,8.9828,26.835,120.4,1.2258,74.486,24.616,2.297,53.936,4.8257,227.84,0.031237,0.82059,65.478,18.173,43.735
91,2026-04-28T11:30:00,51.216,21.601,27.111,32.944,42.178,2723.5,3656.0,16.623,18.773,23.593,0.22372,0.094737,344.07,77.213,6.8851,13.848,32.204,4601.5,23.599,49.348,50.126,79.706,2.2439,1.6679,3117.4,42.406,54.569,94.577,9.2862,62.547,38.469,38.537,2653.8,62.651,25.942,46.713,0.3304,8.7797,26.516,120.44,1.1968,75.417,24.465,2.2318,53.936,4.7425,230.44,0.031237,0.82059,65.494,18.612,43.735
92,2026-04-28T11:33:00,50.634,21.739,26.946,32.944,40.905,2721.6,3657.5,18.595,18.773,22.895,0.22231,0.094737,343.55,76.807,6.8851,13.848,32.204,4564.1,22.787,48.002,51.798,79.508,2.2439,1.6679,3117.2,42.974,55.017,94.68,9.3811,60.407,43.391,38.77,2650.6,62.626,24.398,46.575,0.32849,8.7797,26.516,120.37,1.1968,74.467,24.465,2.2318,53.936,4.7425,228.82,0.031237,0.82059,65.464,18.612,43.735
93,2026-04-28T11:36:00,47.824,23.959,26.724,32.816,41.703,2721.0,3640.6,17.078,17.637,22.931,0.24107,0.10065,343.69,76.906,6.7706,13.746,32.351,4549.6,23.43,41.498,51.796,79.426,2.2872,1.6199,3115.2,42.42,54.179,94.606,9.3354,61.69,43.384,39.942,2649.8,63.013,24.79,46.575,0.33373,9.0653,26.444,120.42,1.3627,75.816,24.368,2.296,53.175,4.8062,228.54,0.0066032,0.81334,65.383,18.536,43.731
94,2026-04-28T11:39:00,50.571,23.887,26.442,32.816,40.461,2721.0,3642.5,16.619,17.637,22.705,0.2418,0.10065,343.57,77.37,6.7706,13.746,32.351,4529.8,23.616,47.854,50.443,79.479,2.2872,1.6199,3116.4,42.472,54.416,94.642,9.3991,61.513,39.404,39.33,2650.3,62.98,24.772,46.285,0.33874,9.0653,26.444,120.4,1.3627,75.737,24.368,2.296,53.175,4.8062,229.99,0.0066032,0.81334,65.28,18.536,43.731
95,2026-04-28T11:42:00,49.233,22.289,27.11,33.229,41.638,2721.9,3711.4,18.133,18.38,23.201,0.22785,0.10065,343.46,77.223,6.8604,13.97,31.814,4548.1,22.98,44.76,51.134,79.632,2.2191,1.6525,3116.8,42.36,54.419,94.574,9.2978,60.42,41.438,38.257,2651.4,62.85,25.441,46.251,0.32496,8.9052,27.095,120.43,1.3537,75.523,24.827,2.2398,53.175,4.759,228.5,0.0066032,0.81334,65.296,19.038,43.731
96,2026-04-28T11:45:00,51.111,22.417,26.881,33.229,41.098,2723.3,3697.2,18.67,18.38,23.023,0.22656,0.10065,343.05,77.753,6.8604,13.97,31.814,4533.6,22.728,49.105,51.102,79.924,2.2191,1.6525,3118.7,42.513,54.592,94.492,9.3024,61.057,41.344,38.116,2652.4,63.094,24.288,46.332,0.32612,8.9052,27.095,120.41,1.3537,75.614,24.827,2.2398,53.175,4.759,225.7,0.0066032,0.81334,65.356,19.038,43.731
97,2026-04-28T11:48:00,51.612,27.649,26.885,33.149,41.754,2722.8,3662.1,21.055,18.444,22.78,0.27935,0.10065,342.82,77.364,6.8288,13.857,32.115,4522.0,21.726,50.265,50.53,79.99,2.2617,1.6606,3117.6,42.47,53.497,94.441,9.2073,62.26,39.66,41.064,2651.6,62.974,24.824,46.123,0.35145,8.941,27.025,120.41,1.0291,75.541,24.69,2.26,53.175,4.7718,226.08,0.0066032,0.81334,65.442,18.796,43.731
98,2026-04-28T11:51:00,50.307,27.749,26.463,33.149,41.275,2719.0,3692.1,20.313,18.444,22.839,0.27833,0.1034,343.2,76.862,6.8288,13.857,32.115,4519.4,22.06,47.244,49.114,79.618,2.2617,1.6606,3113.5,42.261,53.527,94.588,9.3001,60.781,35.492,41.041,2648.0,62.457,27.11,45.781,0.35163,8.941,27.025,120.4,1.0291,76.029,24.69,2.26,54.212,4.7718,225.54,0.015256,0.84134,65.434,18.796,44.022
99,2026-04-28T11:54:00,49.72,24.876,26.571,33.158,41.015,2717.1,3673.3,19.348,18.118,22.623,0.2541,0.1034,343.04,77.12,6.8683,13.908,31.899,4519.6,22.467,45.885,48.486,79.538,2.2865,1.6525,3112.3,42.205,54.095,94.53,9.4379,60.718,33.646,39.823,2646.0,63.092,24.887,45.586,0.33794,8.9284,26.968,120.38,1.1435,75.428,24.727,2.2049,54.212,4.8287,224.8,0.015256,0.84134,65.33,18.517,44.022
100,2026-04-28T11:57:00,50.665,25.068,26.409,33.158,41.124,2717.1,3697.2,18.694,18.118,22.939,0.25214,0.1034,343.21,76.993,6.8683,13.908,31.899,4527.5,22.748,48.073,48.9,79.592,2.2865,1.6525,3110.6,42.221,54.001,94.764,9.307,60.009,34.862,40.259,2646.5,62.681,24.529,45.202,0.33437,8.9284,26.968,120.41,1.1435,75.521,24.727,2.2049,54.212,4.8287,226.21,0.015256,0.84134,65.284,18.517,44.022
101,2026-04-28T12:00:00,50.99,27.363,26.624,32.872,40.897,2717.5,3669.2,19.709,18.296,22.706,0.27429,0.1034,342.93,77.244,6.8549,13.946,32.37,4563.6,22.31,48.826,49.851,79.76,2.1966,1.6117,3111.9,41.866,54.274,94.473,9.3461,59.168,37.662,40.521,2646.3,62.849,24.698,45.255,0.34419,8.7819,26.7,120.38,0.97956,75.095,24.262,2.269,54.212,4.766,222.71,0.015256,0.84134,65.265,18.496,44.022
102,2026-04-28T12:03:00,49.061,27.16,26.828,32.872,41.075,2716.2,3662.4,18.441,18.296,22.856,0.27635,0.1034,342.82,76.916,6.8549,13.946,32.37,4564.0,22.859,44.36,49.274,79.602,2.1966,1.6117,3110.8,42.486,54.269,94.639,9.3199,62.522,35.965,40.555,2644.9,62.965,24.981,45.02,0.34391,8.7819,26.7,120.37,0.97956,75.532,24.262,2.269,54.212,4.766,222.44,0.015256,0.84134,65.248,18.496,44.022
103,2026-04-28T12:06:00,50.835,22.599,27.05,33.102,41.385,2716.5,3687.4,17.475,18.626,23.224,0.23275,0.10646,343.11,77.458,6.9898,13.83,31.925,4560.0,23.252,48.466,48.847,79.722,2.2819,1.6104,3110.1,42.303,54.414,94.541,9.2368,60.435,34.707,41.033,2645.7,62.672,25.86,45.273,0.34965,8.7962,26.828,120.41,1.0619,74.769,24.725,2.1723,54.012,4.8921,224.6,0.023447,0.82935,65.204,18.54,44.093
104,2026-04-28T12:09:00,48.503,22.681,26.938,33.102,40.775,2716.0,3654.1,19.453,18.626,22.879,0.23192,0.10646,342.39,77.305,6.9898,13.83,31.925,4545.0,22.413,43.071,50.136,79.928,2.2819,1.6104,3111.1,42.07,54.594,94.656,9.372,58.808,38.501,41.606,2645.5,63.244,26.575,45.439,0.34495,8.7962,26.828,120.4,1.0619,75.611,24.725,2.1723,54.012,4.8921,223.22,0.023447,0.82935,65.259,18.54,44.093
105,2026-04-28T12:12:00,49.902,27.13,26.89,33.194,41.208,2714.7,3624.5,16.773,17.833,22.738,0.27354,0.10646,342.05,76.861,6.863,13.808,32.581,4548.8,23.559,46.308,48.513,79.76,2.2661,1.6411,3109.8,41.948,54.481,94.56,9.2741,61.452,33.725,39.714,2643.4,62.532,24.397,45.397,0.33574,8.883,26.965,120.4,1.0367,74.782,24.454,2.2238,54.012,4.6615,224.18,0.023447,0.82935,65.315,18.559,44.093
106,2026-04-28T12:15:00,49.931,26.812,27.055,33.194,40.269,2713.6,3621.4,19.597,17.833,22.831,0.27678,0.10646,342.41,77.031,6.863,13.808,32.581,4514.2,22.371,46.373,50.604,79.62,2.2661,1.6411,3107.6,42.197,54.896,94.867,9.5024,59.668,39.878,39.518,2641.8,62.586,24.076,45.554,0.33734,8.883,26.965,120.36,1.0367,75.271,24.454,2.2238,54.012,4.6615,222.94,0.023447,0.82935,65.252,18.559,44.093
107,2026-04-28T12:18:00,48.996,21.007,26.704,32.747,41.205,2711.5,3664.5,19.621,18.572,22.685,0.20766,0.10646,342.27,76.91,6.8002,13.747,32.342,4560.6,22.37,44.211,49.877,79.617,2.2764,1.6409,3107.6,42.102,54.334,94.587,9.1933,61.683,37.737,39.525,2640.6,62.915,25.167,45.546,0.3324,9.1613,26.569,120.39,1.2711,75.631,24.53,2.2715,54.012,4.8099,223.57,0.023447,0.82935,65.238,18.507,44.093
108,2026-04-28T12:21:00,49.25,20.804,27.223,32.747,41.107,2710.4,3682.1,19.483,18.572,22.705,0.20972,0.10838,341.51,76.924,6.8002,13.747,32.342,4532.9,22.433,44.797,50.926,79.587,2.2764,1.6409,3106.0,42.554,54.666,94.826,9.3101,60.018,40.825,39.32,2638.9,62.611,26.504,45.323,0.33408,9.1613,26.569,120.37,1.2711,74.37,24.53,2.2715,53.79,4.8099,223.15,0.016193,0.83349,65.226,18.507,42.949
109,2026-04-28T12:24:00,49.255,22.751,26.833,32.932,41.518,2711.0,3694.6,16.72,18.44,22.583,0.23043,0.10838,341.66,77.529,6.8077,13.682,32.4,4532.6,23.577,44.81,49.737,79.81,2.2797,1.7195,3107.8,42.028,54.837,94.563,9.2363,61.776,37.325,38.899,2640.5,62.996,25.489,45.138,0.32353,8.762,26.619,120.4,1.2418,74.318,24.086,2.3208,53.79,4.7013,224.26,0.016193,0.83349,65.215,18.46,42.949
110,2026-04-28T12:27:00,50.263,22.695,26.781,32.932,40.413,2711.6,3695.4,17.949,18.44,22.044,0.231,0.10838,340.49,77.345,6.8077,13.682,32.4,4592.0,23.059,47.142,50.025,79.998,2.2797,1.7195,3109.4,42.426,54.126,94.656,9.3697,60.683,38.174,38.608,2639.4,62.982,25.831,44.966,0.32592,8.762,26.619,120.39,1.2418,74.957,24.086,2.3208,53.79,4.7013,225.18,0.016193,0.83349,65.266,18.46,42.949
111,2026-04-28T12:30:00,51.91,21.948,26.681,32.219,41.775,2710.4,3648.7,19.547,18.661,22.343,0.22359,0.10838,340.78,77.063,6.8401,13.734,31.927,4537.9,22.393,50.955,50.036,80.001,2.2436,1.6404,3107.1,42.015,54.938,94.497,9.2631,62.013,38.207,37.742,2639.7,63.792,24.996,45.273,0.3174,8.7761,26.898,120.41,1.2033,75.768,24.592,2.3483,53.79,4.7675,220.68,0.016193,0.83349,65.319,19.071,42.949
112,2026-04-28T12:33:00,49.777,21.88,26.992,32.219,41.063,2709.2,3662.2,18.272,18.661,22.614,0.22428,0.10838,340.54,77.472,6.8401,13.734,31.927,4533.4,22.915,46.018,47.77,79.999,2.2436,1.6404,3106.3,42.572,54.993,94.643,9.3063,60.706,31.537,37.878,2637.6,63.56,24.505,45.08,0.31628,8.7761,26.898,120.4,1.2033,75.961,24.592,2.3483,53.79,4.7675,221.81,0.016193,0.83349,65.347,19.071,42.949
113,2026-04-28T12:36:00,50.372,26.364,26.796,32.64,41.155,2708.6,3689.9,20.008,18.651,21.855,0.27056,0.096213,340.57,76.735,6.8374,13.795,32.341,4452.9,22.202,47.394,50.727,80.119,2.2097,1.6181,3106.4,42.263,54.457,94.502,9.499,57.524,40.241,38.421,2636.7,62.856,24.584,45.201,0.32195,9.0384,27.023,120.4,1.1623,74.212,24.24,2.2723,53.612,4.8421,220.49,0.043091,0.84879,65.395,18.776,44.964
114,2026-04-28T12:39:00,50.405,26.313,26.811,32.64,40.892,2705.9,3672.3,18.987,18.651,21.884,0.27108,0.096213,339.98,76.901,6.8374,13.795,32.341,4496.0,22.633,47.471,49.71,79.941,2.2097,1.6181,3103.6,42.488,53.941,94.719,9.3796,60.294,37.246,38.725,2633.8,63.158,23.785,44.968,0.31946,9.0384,27.023,120.4,1.1623,75.478,24.24,2.2723,53.612,4.8421,222.55,0.043091,0.84879,65.363,18.776,44.964
115,2026-04-28T12:42:00,51.088,22.566,26.869,32.642,40.816,2701.2,3662.5,18.651,18.18,21.534,0.23034,0.096213,339.69,76.446,6.9871,13.678,31.995,4564.4,22.799,49.052,49.063,79.693,2.2587,1.6777,3100.4,42.912,53.823,94.712,9.3284,60.72,35.343,39.462,2629.2,63.392,27.172,45.112,0.32602,8.8466,26.757,120.39,1.3106,74.917,24.248,2.3982,53.612,4.6465,220.42,0.043091,0.84879,65.305,19.142,44.964
116,2026-04-28T12:45:00,50.458,22.865,26.714,32.642,40.393,2699.5,3706.2,18.22,18.18,21.416,0.22731,0.096213,339.42,76.829,6.9871,13.678,31.995,4540.7,22.981,47.594,50.315,79.621,2.2587,1.6777,3098.6,42.155,54.107,94.785,9.2421,63.111,39.027,39.682,2627.2,62.639,26.339,44.923,0.32422,8.8466,26.757,120.37,1.3106,75.108,24.248,2.3982,53.612,4.6465,222.07,0.043091,0.84879,65.237,19.142,44.964
117,2026-04-28T12:48:00,49.739,25.861,26.723,32.451,41.14,2702.9,3627.8,15.136,18.944,21.87,0.2642,0.096213,339.38,77.455,6.9163,13.899,31.638,4478.3,24.259,45.93,49.531,79.996,2.2702,1.6705,3100.6,42.538,53.922,94.735,9.2839,61.6,36.719,37.532,2631.5,62.647,25.433,44.925,0.31527,8.9337,26.724,120.4,1.341,76.033,23.993,2.3232,53.612,4.7831,221.59,0.043091,0.84879,65.192,19.099,44.964
118,2026-04-28T12:51:00,50.461,25.697,26.918,32.451,40.486,2704.8,3675.5,18.832,18.944,21.706,0.26588,0.09029,338.94,77.539,6.9163,13.899,31.638,4509.2,22.692,47.601,51.015,80.215,2.2702,1.6705,3104.0,42.412,53.552,94.794,9.3682,61.746,41.086,37.599,2632.6,61.826,24.997,45.093,0.31472,8.9337,26.724,120.41,1.341,74.794,23.993,2.3232,53.509,4.7831,223.66,0.0301,0.86003,65.278,19.099,44.436
119,2026-04-28T12:54:00,50.968,29.683,26.65,32.254,40.875,2706.9,3629.3,17.926,18.963,21.908,0.30204,0.09029,339.5,77.474,7.0078,13.776,31.989,4521.2,23.068,48.775,49.737,80.323,2.2574,1.6653,3105.6,42.203,53.458,94.675,9.2267,64.481,37.325,40.968,2635.4,63.176,25.328,45.498,0.33512,8.9178,26.655,120.39,1.2508,74.534,24.633,2.3111,53.509,4.8247,220.5,0.0301,0.86003,65.369,18.749,44.436
120,2026-04-28T12:57:00,49.878,29.77,26.818,32.254,40.801,2705.9,3636.2,20.429,18.963,21.848,0.30116,0.09029,339.68,77.23,7.0078,13.776,31.989,4488.8,22.016,46.251,48.958,80.275,2.2574,1.6653,3104.5,42.024,53.845,94.726,9.2182,61.109,35.033,40.369,2633.7,63.058,22.476,45.389,0.34002,8.9178,26.655,120.4,1.2508,75.587,24.633,2.3111,53.509,4.8247,223.04,0.0301,0.86003,65.468,18.749,44.436
121,2026-04-28T13:00:00,51.586,26.645,26.747,32.481,40.501,2701.9,3612.4,20.732,18.833,21.671,0.27288,0.09029,339.21,76.815,6.9649,13.809,31.518,4532.2,21.909,50.204,50.846,79.887,2.2526,1.6315,3101.0,42.426,54.161,94.766,9.2264,60.108,40.591,38.589,2629.8,62.588,26.881,45.402,0.32775,8.8565,26.759,120.4,1.1748,75.644,24.143,2.35,53.509,4.8362,224.27,0.0301,0.86003,65.43,19.199,44.436
122,2026-04-28T13:03:00,49.565,26.772,27.151,32.481,40.085,2702.2,3611.5,19.45,18.833,21.618,0.27159,0.09029,340.09,77.251,6.9649,13.809,31.518,4539.8,22.445,45.528,49.565,79.862,2.2526,1.6315,3101.5,42.629,54.07,94.838,9.2817,58.287,36.82,38.861,2630.3,62.604,25.974,45.444,0.32552,8.8565,26.759,120.41,1.1748,75.627,24.143,2.35,53.509,4.8362,225.22,0.0301,0.86003,65.381,19.199,44.436
123,2026-04-28T13:06:00,49.773,31.74,26.705,32.271,40.504,2705.0,3629.0,16.028,18.891,21.863,0.32129,0.081867,339.58,77.129,6.7809,14.005,31.992,4506.6,23.89,46.008,50.708,79.992,2.2746,1.6586,3102.9,42.493,53.329,94.782,9.0712,62.816,40.182,39.306,2632.8,62.582,23.818,45.893,0.32884,8.8811,26.265,120.4,1.1407,75.629,24.211,2.2556,53.881,4.875,225.19,0.028606,0.84453,65.369,18.869,43.486
124,2026-04-28T13:09:00,51.838,31.713,27.103,32.271,40.083,2706.3,3608.0,17.967,18.891,21.998,0.32157,0.081867,340.5,77.514,6.7809,14.005,31.992,4464.2,23.06,50.788,50.537,80.089,2.2746,1.6586,3104.8,42.468,53.836,94.654,9.255,62.661,39.679,39.416,2635.2,62.942,26.045,46.028,0.32794,8.8811,26.265,120.41,1.1407,74.707,24.211,2.2556,53.881,4.875,226.63,0.028606,0.84453,65.396,18.869,43.486
125,2026-04-28T13:12:00,48.981,27.432,27.044,32.737,40.712,2706.5,3663.1,16.838,19.046,21.868,0.28225,0.081867,340.28,77.371,6.8678,13.812,31.845,4535.1,23.529,44.175,50.089,80.208,2.2352,1.6764,3106.4,42.32,53.755,94.673,9.4262,61.654,38.363,41.762,2634.8,63.616,24.374,46.416,0.35271,8.9768,26.29,120.38,1.1876,75.017,23.98,2.3418,53.881,4.7277,225.19,0.028606,0.84453,65.462,18.478,43.486
126,2026-04-28T13:15:00,50.999,27.444,26.89,32.737,42.091,2705.4,3650.4,17.51,19.046,21.912,0.28213,0.081867,339.83,77.526,6.8678,13.812,31.845,4508.6,23.239,48.847,51.637,80.171,2.2352,1.6764,3105.1,42.594,54.072,94.508,9.13,64.325,42.919,41.846,2634.0,63.836,24.633,46.524,0.35202,8.9768,26.29,120.46,1.1876,75.449,23.98,2.3418,53.881,4.7277,226.83,0.028606,0.84453,65.544,18.478,43.486
127,2026-04-28T13:18:00,50.903,29.029,26.875,32.747,40.101,2707.3,3680.3,21.204,19.152,21.942,0.30008,0.081867,340.69,77.028,6.8944,14.068,32.331,4562.7,21.692,48.623,48.984,80.265,2.2783,1.642,3105.0,42.389,54.401,94.577,9.2429,61.024,35.111,39.876,2635.2,62.613,24.55,46.925,0.32686,8.9791,26.378,120.38,1.2679,74.733,24.209,2.3011,53.881,4.785,225.19,0.028606,0.84453,65.603,18.779,43.486
128,2026-04-28T13:21:00,51.373,29.355,26.446,32.747,42.491,2704.6,3668.3,20.608,19.152,21.778,0.29676,0.11597,340.69,77.154,6.8944,14.068,32.331,4564.7,21.944,49.712,50.052,80.042,2.2783,1.642,3103.4,42.486,54.376,94.62,9.2871,62.29,38.252,39.611,2633.9,62.819,23.301,46.595,0.32903,8.9791,26.378,120.45,1.2679,75.266,24.209,2.3011,53.526,4.785,227.63,0.017176,0.8553,65.597,18.779,43.992
129,2026-04-28T13:24:00,50.19,24.558,26.939,32.821,40.73,2704.0,3653.2,19.438,18.645,22.324,0.25358,0.11597,340.36,77.186,6.9379,13.984,32.458,4519.6,22.436,46.974,49.36,80.104,2.2548,1.6812,3100.6,41.833,54.203,94.615,9.2171,61.555,36.217,43.042,2633.6,62.846,25.586,46.881,0.35848,8.8948,25.926,120.38,1.1997,75.946,23.453,2.3595,53.526,4.7558,225.52,0.017176,0.8553,65.604,18.999,43.992
130,2026-04-28T13:27:00,50.102,24.972,26.57,32.821,40.94,2700.9,3703.5,18.054,18.645,21.855,0.24937,0.11597,340.17,77.029,6.9379,13.984,32.458,4525.4,23.021,46.77,48.096,80.055,2.2548,1.6812,3099.2,42.147,54.134,94.688,9.2919,61.831,32.496,42.638,2629.6,61.982,24.615,46.781,0.3618,8.8948,25.926,120.39,1.1997,75.02,23.453,2.3595,53.526,4.7558,227.7,0.017176,0.8553,65.597,18.999,43.992
131,2026-04-28T13:30:00,50.484,23.353,26.548,33.07,40.477,2697.9,3616.1,20.649,19.095,21.65,0.23698,0.11597,339.88,76.544,6.8486,14.129,32.339,4478.7,21.95,47.655,50.972,79.821,2.269,1.6327,3096.8,42.252,54.134,94.827,9.3582,60.374,40.96,41.993,2626.1,63.072,25.496,46.839,0.35104,8.9154,25.959,120.39,1.2452,75.605,23.737,2.3179,53.526,4.8486,228.14,0.017176,0.8553,65.569,19.131,43.992
132,2026-04-28T13:33:00,50.647,23.524,26.693,33.07,40.673,2696.6,3654.3,17.76,19.095,22.038,0.23524,0.11597,340.52,77.042,6.8486,14.129,32.339,4469.6,23.166,48.032,49.402,79.737,2.269,1.6327,3093.8,42.029,54.243,94.769,9.278,61.879,36.339,41.636,2623.9,62.414,24.975,46.75,0.35397,8.9154,25.959,120.38,1.2452,74.767,23.737,2.3179,53.526,4.8486,230.31,0.017176,0.8553,65.482,19.131,43.992
133,2026-04-28T13:36:00,50.438,24.267,26.742,32.837,40.727,2697.1,3679.2,17.147,18.741,21.581,0.24645,0.098658,339.98,77.184,6.9138,13.838,32.307,4520.5,23.422,47.548,49.503,79.879,2.3221,1.6885,3095.1,42.194,53.261,94.801,9.3997,60.8,36.638,44.103,2624.8,62.759,23.948,47.29,0.36842,8.8667,26.099,120.42,1.2674,74.888,24.037,2.3877,54.196,4.8196,228.76,0.018479,0.86644,65.474,19.024,43.861
134,2026-04-28T13:39:00,49.391,24.406,27.085,32.837,41.049,2698.6,3660.6,19.041,18.741,22.092,0.24504,0.098658,340.3,77.688,6.9138,13.838,32.307,4515.4,22.605,45.126,49.358,80.193,2.3221,1.6885,3096.4,42.359,53.321,94.665,9.3539,62.177,36.21,43.667,2627.5,63.078,25.651,47.198,0.37199,8.8667,26.099,120.41,1.2674,74.595,24.037,2.3877,54.196,4.8196,232.33,0.018479,0.86644,65.545,19.024,43.861
135,2026-04-28T13:42:00,50.972,24.359,26.958,32.761,41.621,2700.3,3629.3,18.093,18.645,21.825,0.24882,0.098658,339.97,77.392,6.9306,13.868,32.206,4519.4,23.003,48.783,50.712,80.367,2.2771,1.6552,3098.7,42.402,53.485,94.659,9.3958,59.813,40.195,40.495,2628.3,63.045,25.302,47.456,0.33611,8.8844,26.33,120.41,1.4539,74.614,24.048,2.2215,54.196,4.7205,231.93,0.018479,0.86644,65.668,18.903,43.861
136,2026-04-28T13:45:00,53.094,24.553,26.899,32.761,41.764,2702.1,3681.9,17.973,18.645,22.109,0.24684,0.098658,339.76,77.702,6.9306,13.868,32.206,4548.4,23.033,53.695,50.103,80.483,2.2771,1.6552,3099.5,42.357,53.138,94.645,9.4097,60.846,38.402,40.187,2630.5,62.139,25.975,47.844,0.33864,8.8844,26.33,120.41,1.4539,74.744,24.048,2.2215,54.196,4.7205,229.99,0.018479,0.86644,65.773,18.903,43.861
137,2026-04-28T13:48:00,50.512,25.237,27.043,32.577,40.024,2703.2,3600.1,20.03,18.9,21.875,0.25799,0.098658,339.84,77.668,6.8802,13.837,31.43,4508.1,22.152,47.72,52.512,80.698,2.2429,1.7217,3101.0,42.316,53.886,94.567,9.3586,61.454,45.493,40.97,2632.1,63.363,23.286,47.85,0.33921,8.8198,26.006,120.38,1.2614,73.905,23.736,2.3171,54.196,4.8458,232.3,0.018479,0.86644,65.897,18.458,43.861
138,2026-04-28T13:51:00,50.578,25.176,26.886,32.577,41.494,2699.4,3647.4,20.678,18.9,21.472,0.25862,0.088714,339.81,77.073,6.8802,13.837,31.43,4489.4,21.895,47.871,50.318,80.381,2.2429,1.7217,3099.9,42.096,54.109,94.673,9.3666,61.675,39.036,40.876,2628.0,62.548,24.433,48.297,0.33998,8.8198,26.006,120.39,1.2614,74.537,23.736,2.3171,53.225,4.8458,233.33,0.01787,0.85854,65.957,18.458,43.433
139,2026-04-28T13:54:00,51.474,32.913,26.762,33.037,40.839,2699.5,3660.5,16.358,18.785,21.647,0.33777,0.088714,339.85,76.875,6.7265,13.911,31.881,4523.3,23.733,49.946,50.901,80.006,2.2735,1.6829,3099.0,42.356,54.813,94.637,9.3845,60.727,40.753,40.127,2628.0,62.743,24.206,48.54,0.33966,9.1062,26.542,120.41,1.1525,74.362,23.823,2.3732,53.225,4.8897,234.63,0.01787,0.85854,65.911,18.711,43.433
140,2026-04-28T13:57:00,49.027,33.152,26.682,33.037,41.44,2702.2,3653.8,18.043,18.785,21.808,0.33533,0.088714,340.19,77.283,6.7265,13.911,31.881,4526.6,23.012,44.283,50.521,80.084,2.2735,1.6829,3101.3,42.405,54.773,94.643,9.2942,63.239,39.633,40.403,2630.4,62.86,23.898,48.772,0.3374,9.1062,26.542,120.41,1.1525,74.066,23.823,2.3732,53.225,4.8897,236.1,0.01787,0.85854,65.862,18.711,43.433
141,2026-04-28T14:00:00,50.319,29.172,27.116,32.83,40.709,2701.5,3707.6,18.882,18.991,21.438,0.29964,0.088714,340.44,76.886,6.8604,13.871,32.295,4531.1,22.678,47.273,49.879,79.942,2.2867,1.6831,3101.6,42.379,54.129,94.63,9.3848,60.926,37.744,41.171,2628.6,63.355,26.462,49.083,0.34794,8.8362,26.186,120.43,1.2231,74.376,23.979,2.3225,53.225,4.8785,236.66,0.01787,0.85854,65.855,19.107,43.433
142,2026-04-28T14:03:00,48.887,29.267,26.658,32.83,41.183,2702.9,3705.2,18.14,18.991,21.942,0.29867,0.088714,340.47,77.503,6.8604,13.871,32.295,4520.8,22.975,43.958,49.632,80.011,2.2867,1.6831,3101.3,42.313,54.253,94.405,9.4713,61.721,37.018,41.2,2631.8,63.397,24.876,49.443,0.3477,8.8362,26.186,120.41,1.2231,75.902,23.979,2.3225,53.225,4.8785,236.71,0.01787,0.85854,65.83,19.107,43.433
143,2026-04-28T14:06:00,49.737,25.61,26.869,33.031,41.694,2704.4,3668.7,17.751,18.65,22.12,0.25792,0.10372,340.95,77.459,6.7709,13.835,31.959,4512.0,23.132,45.926,51.452,80.241,2.2662,1.6633,3102.3,42.5,53.364,94.558,9.3496,60.984,42.372,40.649,2633.0,62.934,25.592,49.453,0.34421,8.7283,26.177,120.42,1.2416,74.435,23.611,2.3528,53.447,4.8971,238.87,0.033178,0.83181,65.882,19.185,43.387
144,2026-04-28T14:09:00,49.903,25.606,26.905,33.031,40.454,2702.8,3709.2,17.492,18.65,21.776,0.25797,0.10372,340.53,77.509,6.7709,13.835,31.959,4458.1,23.235,46.31,48.48,80.191,2.2662,1.6633,3101.5,42.66,54.009,94.465,9.4044,59.598,33.627,40.637,2630.8,62.237,24.47,49.658,0.3443,8.7283,26.177,120.39,1.2416,74.274,23.611,2.3528,53.447,4.8971,239.79,0.033178,0.83181,65.952,19.185,43.387
145,2026-04-28T14:12:00,48.297,28.81,26.962,33.177,41.656,2704.0,3699.8,16.557,18.503,21.95,0.29153,0.10372,341.35,77.501,6.9706,13.712,32.331,4507.4,23.623,42.592,50.386,80.291,2.2409,1.6312,3102.6,42.298,53.165,94.433,9.3417,62.965,39.236,40.473,2632.8,63.247,26.084,49.889,0.33809,8.7538,25.975,120.41,1.2916,74.378,24.103,2.2819,53.447,4.9367,240.4,0.033178,0.83181,66.023,19.091,43.387
146,2026-04-28T14:15:00,48.92,28.771,26.979,33.177,41.036,2702.9,3685.6,21.263,18.503,21.929,0.29193,0.10372,341.32,76.944,6.9706,13.712,32.331,4452.6,21.656,44.034,49.28,80.153,2.2409,1.6312,3101.3,42.326,53.821,94.483,9.4302,60.8,35.981,40.328,2631.7,63.491,24.887,50.102,0.33927,8.7538,25.975,120.42,1.2916,74.954,24.103,2.2819,53.447,4.9367,241.18,0.033178,0.83181,66.08,19.091,43.387
147,2026-04-28T14:18:00,50.035,25.232,26.821,32.995,41.286,2700.2,3646.9,17.093,18.557,22.032,0.25693,0.10372,341.88,76.848,6.8059,13.864,32.133,4461.8,23.426,46.615,51.935,79.868,2.3093,1.6536,3097.3,42.082,53.882,94.538,9.37,62.741,43.794,38.704,2628.7,62.415,25.096,50.335,0.32497,8.8357,26.296,120.38,1.2538,74.826,23.109,2.2662,53.447,4.8261,241.77,0.033178,0.83181,66.039,18.664,43.387
148,2026-04-28T14:21:00,50.652,25.359,27.012,32.995,41.187,2701.2,3630.8,19.98,18.557,22.449,0.25564,0.10996,342.1,77.498,6.8059,13.864,32.133,4474.6,22.189,48.043,48.874,79.971,2.3093,1.6536,3097.6,42.434,53.728,94.774,9.3927,59.968,34.788,38.961,2630.7,62.693,24.594,49.908,0.32287,8.8357,26.296,120.39,1.2538,74.595,23.109,2.2662,53.258,4.8261,242.29,0.01372,0.84121,66.02,18.664,43.279
149,2026-04-28T14:24:00,50.239,27.143,26.579,33.488,41.416,2703.2,3669.8,18.771,18.778,22.177,0.27494,0.10996,341.68,77.286,7.0382,13.769,32.61,4496.9,22.702,47.087,50.629,80.062,2.2466,1.6378,3100.4,42.413,54.493,94.577,9.3733,61.413,39.95,40.9,2632.1,63.46,27.0,50.04,0.33994,8.9217,26.195,120.4,1.2732,75.323,23.614,2.3601,53.258,4.879,240.75,0.01372,0.84121,66.06,18.651,43.279
150,2026-04-28T14:27:00,48.874,27.071,26.927,33.488,41.894,2706.0,3674.3,18.545,18.778,22.677,0.27568,0.10996,342.59,77.416,7.0382,13.769,32.61,4518.2,22.792,43.927,49.939,80.143,2.2466,1.6378,3101.8,42.467,54.238,94.666,9.3879,62.285,37.92,40.342,2635.4,63.383,25.582,50.027,0.34451,8.9217,26.195,120.41,1.2732,73.869,23.614,2.3601,53.258,4.879,240.82,0.01372,0.84121,66.079,18.651,43.279
151,2026-04-28T14:30:00,49.002,22.415,27.141,33.016,40.828,2706.2,3643.6,19.084,18.713,22.473,0.22686,0.10996,341.8,77.893,6.886,14.06,32.515,4533.3,22.545,44.224,49.591,80.186,2.2113,1.681,3103.2,42.921,54.108,94.616,9.3632,59.267,36.896,39.376,2634.8,61.836,25.271,49.952,0.33161,8.9469,26.687,120.39,1.188,74.41,23.498,2.342,53.258,4.8497,241.58,0.01372,0.84121,66.096,19.173,43.279
152,2026-04-28T14:33:00,49.466,22.28,26.794,33.016,41.216,2709.7,3637.5,19.413,18.713,22.698,0.22822,0.10996,342.15,77.406,6.886,14.06,32.515,4547.8,22.413,45.299,50.007,80.311,2.2113,1.681,3104.9,42.407,53.934,94.764,9.3503,58.667,38.12,39.751,2638.3,61.94,25.704,50.088,0.32854,8.9469,26.687,120.4,1.188,75.106,23.498,2.342,53.258,4.8497,239.94,0.01372,0.84121,66.126,19.173,43.279
153,2026-04-28T14:36:00,48.793,22.583,26.865,33.181,40.662,2708.3,3665.3,19.547,18.337,22.392,0.23581,0.087041,342.42,77.139,7.0441,13.792,32.399,4500.2,22.363,43.741,51.484,80.11,2.2658,1.6426,3105.0,42.52,53.2,94.844,9.3626,60.644,42.466,43.23,2637.1,62.721,25.314,50.223,0.36481,8.8133,26.125,120.4,1.3653,74.424,23.599,2.2991,52.12,4.7987,241.04,0.023088,0.86177,66.147,19.19,44.567
154,2026-04-28T14:39:00,49.884,22.901,26.575,33.181,41.158,2708.1,3674.9,18.157,18.337,22.242,0.23258,0.087041,342.19,77.264,7.0441,13.792,32.399,4497.8,22.95,46.265,50.28,79.909,2.2658,1.6426,3104.7,42.585,53.229,94.754,9.4041,61.057,38.924,43.178,2636.9,62.557,26.328,50.343,0.36524,8.8133,26.125,120.39,1.3653,74.463,23.599,2.2991,52.12,4.7987,240.81,0.023088,0.86177,66.112,19.19,44.567
155,2026-04-28T14:42:00,48.451,23.63,26.866,33.03,40.679,2713.9,3627.0,19.75,18.469,22.977,0.24189,0.087041,342.79,77.684,6.8581,13.719,32.293,4438.6,22.262,42.949,49.677,80.145,2.277,1.671,3107.7,42.658,53.827,94.86,9.3492,63.509,37.15,39.867,2642.6,61.916,24.982,50.321,0.33491,8.8321,26.082,120.39,1.2334,74.924,23.82,2.2666,52.12,4.8651,242.18,0.023088,0.86177,66.047,19.032,44.567
156,2026-04-28T14:45:00,49.034,23.521,26.85,33.03,40.758,2716.2,3601.2,20.899,18.469,22.808,0.243,0.087041,343.47,77.039,6.8581,13.719,32.293,4443.3,21.796,44.299,50.583,80.007,2.277,1.671,3111.0,42.62,53.771,94.888,9.391,60.967,39.816,39.544,2644.9,62.361,24.438,50.387,0.33756,8.8321,26.082,120.37,1.2334,75.117,23.82,2.2666,52.12,4.8651,242.55,0.023088,0.86177,66.062,19.032,44.567
157,2026-04-28T14:48:00,49.465,24.511,26.803,33.438,40.742,2721.0,3667.1,18.379,19.012,23.162,0.25021,0.087041,343.43,77.506,6.8488,14.063,32.292,4438.9,22.85,45.296,50.621,79.91,2.2433,1.6699,3116.1,42.231,54.157,94.795,9.4324,59.676,39.928,38.787,2649.8,62.792,25.426,50.481,0.327,9.0053,26.437,120.39,1.2405,74.031,23.61,2.3106,52.12,4.7711,242.67,0.023088,0.86177,66.015,19.048,44.567
158,2026-04-28T14:51:00,49.091,24.344,26.707,33.438,40.788,2726.7,3631.3,19.488,19.012,23.112,0.2519,0.10059,343.67,77.888,6.8488,14.063,32.292,4506.8,22.365,44.431,49.873,80.031,2.2433,1.6699,3120.7,42.735,53.344,94.824,9.5115,61.204,37.725,38.549,2656.0,63.408,24.059,51.07,0.32896,9.0053,26.437,120.42,1.2405,74.501,23.61,2.3106,53.032,4.7711,243.44,0.0070613,0.82323,65.975,19.048,44.765
159,2026-04-28T14:54:00,49.135,24.511,26.698,33.529,40.095,2729.8,3657.6,18.445,18.926,23.116,0.24815,0.10059,344.34,77.112,6.7612,13.597,31.988,4488.7,22.824,44.533,50.341,79.968,2.2906,1.6436,3123.8,42.435,53.476,94.785,9.5105,62.341,39.104,42.95,2658.7,63.064,24.313,51.276,0.36916,9.0163,26.307,120.39,1.2391,73.214,23.842,2.3352,53.032,4.7244,244.97,0.0070613,0.82323,66.008,18.616,44.765
160,2026-04-28T14:57:00,50.053,24.579,27.003,33.529,40.622,2730.5,3662.5,19.561,18.926,23.118,0.24746,0.10059,344.15,77.104,6.7612,13.597,31.988,4446.2,22.365,46.657,49.295,79.648,2.2906,1.6436,3126.1,42.521,53.985,94.923,9.4843,61.206,36.025,43.382,2659.6,62.979,24.807,51.521,0.36562,9.0163,26.307,120.4,1.2391,74.943,23.842,2.3352,53.032,4.7244,246.1,0.0070613,0.82323,65.973,18.616,44.765
161,2026-04-28T15:00:00,51.367,27.331,26.837,33.242,40.626,2739.8,3681.3,16.125,18.747,23.414,0.27939,0.10059,344.89,77.66,6.6421,13.71,32.083,4494.2,23.793,49.698,50.56,79.757,2.2421,1.6673,3133.3,42.356,54.462,94.685,9.4299,61.611,39.747,36.709,2669.3,63.497,25.211,51.645,0.31819,8.7041,26.292,120.41,1.184,74.178,24.126,2.1747,53.032,4.8383,248.63,0.0070613,0.82323,65.923,18.779,44.765
162,2026-04-28T15:03:00,51.08,27.264,26.878,33.242,40.583,2744.9,3663.2,18.114,18.747,23.264,0.28008,0.10059,344.77,77.426,6.6421,13.71,32.083,4524.2,22.958,49.034,48.925,79.778,2.2421,1.6673,3140.6,42.362,54.103,94.58,9.4413,61.213,34.935,37.007,2674.4,63.808,24.442,51.852,0.31575,8.7041,26.292,120.41,1.184,74.0,24.126,2.1747,53.032,4.8383,250.18,0.0070613,0.82323,65.926,18.779,44.765
163,2026-04-28T15:06:00,51.492,26.504,26.664,33.643,41.823,2749.1,3692.0,19.646,18.287,23.576,0.27265,0.086856,345.41,76.975,6.7724,13.844,31.869,4518.1,22.332,49.986,50.002,79.55,2.2278,1.6362,3143.6,42.45,53.787,94.602,9.4718,58.658,38.106,38.17,2678.5,64.529,27.412,51.436,0.32885,8.8205,26.52,120.45,1.1216,74.528,24.062,2.179,53.334,4.7044,247.84,0.013023,0.8367,65.915,18.844,44.472
164,2026-04-28T15:09:00,49.88,26.691,26.896,33.643,40.11,2753.2,3771.5,18.131,18.287,23.863,0.27074,0.086856,345.41,77.451,6.7724,13.844,31.869,4516.3,22.952,46.256,48.879,79.551,2.2278,1.6362,3148.0,42.197,53.809,94.666,9.3654,62.302,34.802,38.161,2682.4,63.16,24.619,51.215,0.32892,8.8205,26.52,120.39,1.1216,74.897,24.062,2.179,53.334,4.7044,249.52,0.013023,0.8367,65.843,18.844,44.472
165,2026-04-28T15:12:00,50.149,28.856,27.057,33.164,41.088,2757.3,3707.6,19.02,18.287,23.884,0.29441,0.086856,345.89,77.088,6.658,13.592,32.578,4532.9,22.588,46.88,51.923,79.508,2.2191,1.6948,3152.0,42.356,53.446,94.476,9.4061,62.396,43.761,39.927,2687.3,63.28,25.072,51.105,0.34338,8.6663,26.865,120.41,1.2906,75.676,24.335,2.1412,53.334,4.8068,249.96,0.013023,0.8367,65.799,18.269,44.472
166,2026-04-28T15:15:00,50.428,28.936,27.326,33.164,40.824,2760.7,3661.4,20.597,18.287,24.303,0.29359,0.086856,346.32,77.214,6.658,13.592,32.578,4487.5,21.932,47.525,50.521,79.21,2.2191,1.6948,3153.3,42.473,53.989,94.698,9.4803,63.213,39.633,40.114,2690.5,64.077,24.239,51.112,0.34185,8.6663,26.865,120.4,1.2906,74.272,24.335,2.1412,53.334,4.8068,249.13,0.013023,0.8367,65.689,18.269,44.472
167,2026-04-28T15:18:00,48.812,22.039,26.636,33.465,41.341,2767.3,3728.3,19.209,18.758,24.513,0.22588,0.086856,347.18,77.424,6.7555,13.715,32.562,4590.5,22.505,43.784,51.049,79.432,2.2237,1.6733,3158.5,42.338,54.204,94.517,9.4704,62.73,41.189,36.129,2697.8,64.085,27.46,51.156,0.31787,8.7575,26.237,120.4,1.1683,75.557,24.074,2.2498,53.334,4.7381,247.92,0.013023,0.8367,65.645,18.722,44.472
168,2026-04-28T15:21:00,48.436,22.14,27.065,33.465,40.897,2768.9,3684.4,20.011,18.758,24.805,0.22485,0.10499,346.67,76.831,6.7555,13.715,32.562,4534.4,22.187,42.915,48.266,79.26,2.2237,1.6733,3161.5,42.528,54.876,94.516,9.476,60.34,32.997,36.439,2699.2,64.841,24.467,51.317,0.31532,8.7575,26.237,120.4,1.1683,75.074,24.074,2.2498,52.582,4.7381,249.15,0.016222,0.84964,65.603,18.722,44.686
169,2026-04-28T15:24:00,51.806,21.923,27.142,33.465,41.655,2769.1,3701.7,20.43,18.384,24.431,0.22214,0.10499,346.29,76.611,6.7813,13.515,32.644,4501.2,22.026,50.713,50.926,78.993,2.2026,1.5814,3162.9,42.197,54.21,94.542,9.4299,62.529,40.826,38.11,2698.4,63.853,25.887,51.277,0.32669,8.6417,26.252,120.39,1.0499,74.646,24.39,2.1398,52.582,4.5874,250.58,0.016222,0.84964,65.548,18.777,44.686
170,2026-04-28T15:27:00,51.056,21.875,26.807,33.465,40.144,2771.1,3727.4,18.162,18.384,24.805,0.22264,0.10499,346.96,76.906,6.7813,13.515,32.644,4547.6,22.988,48.978,49.777,78.813,2.2026,1.5814,3161.7,42.047,53.654,94.771,9.5136,60.384,37.442,37.985,2701.1,63.412,24.482,51.263,0.3277,8.6417,26.252,120.37,1.0499,75.26,24.39,2.1398,52.582,4.5874,251.77,0.016222,0.84964,65.409,18.777,44.686
171,2026-04-28T15:30:00,49.789,20.546,27.253,33.319,41.5,2774.1,3678.5,16.621,18.67,24.788,0.21169,0.10499,346.97,76.669,6.7596,13.566,32.495,4533.5,23.652,46.045,51.371,78.778,2.2385,1.5967,3165.0,42.796,53.69,94.591,9.4242,61.096,42.134,34.846,2704.0,64.133,25.628,51.315,0.30702,8.7926,26.538,120.39,1.233,74.861,24.423,2.087,52.582,4.6481,252.27,0.016222,0.84964,65.334,18.672,44.686
172,2026-04-28T15:33:00,49.752,20.889,26.891,33.319,41.669,2775.8,3715.1,19.028,18.67,25.069,0.20821,0.10499,346.8,77.015,6.7596,13.566,32.495,4499.2,22.637,45.961,49.355,78.766,2.2385,1.5967,3167.0,42.311,54.101,94.725,9.383,61.057,36.202,35.22,2707.3,63.504,24.131,51.414,0.30396,8.7926,26.538,120.41,1.233,75.404,24.423,2.087,52.582,4.6481,252.23,0.016222,0.84964,65.282,18.672,44.686
173,2026-04-28T15:36:00,50.759,21.812,26.723,33.516,40.66,2778.0,3715.3,17.736,17.963,25.04,0.2197,0.10065,346.75,76.708,6.7984,13.65,32.12,4523.4,23.197,48.29,51.159,78.772,2.2507,1.6501,3169.0,42.313,54.079,94.611,9.2593,60.927,41.51,35.718,2708.2,63.797,25.336,51.567,0.30762,8.7645,27.164,120.41,0.96742,76.065,24.528,2.1386,54.177,4.5367,255.46,0.028168,0.84074,65.258,19.13,43.49
174,2026-04-28T15:39:00,49.957,21.807,26.877,33.516,40.471,2779.7,3714.2,18.355,17.963,24.98,0.21976,0.10065,346.48,76.812,6.7984,13.65,32.12,4552.8,22.938,46.434,49.154,78.793,2.2507,1.6501,3171.4,41.808,53.727,94.682,9.4281,61.778,35.61,36.077,2709.7,63.815,25.283,51.837,0.30468,8.7645,27.164,120.39,0.96742,74.981,24.528,2.1386,54.177,4.5367,255.18,0.028168,0.84074,65.266,19.13,43.49
175,2026-04-28T15:42:00,48.552,25.272,27.024,33.642,41.017,2779.7,3716.6,19.328,18.852,24.903,0.25449,0.10065,346.6,76.624,7.1008,13.509,32.68,4462.7,22.542,43.184,48.312,78.663,2.2344,1.5992,3171.5,42.209,53.66,94.589,9.3918,59.649,33.132,36.5,2710.0,63.53,22.737,52.18,0.31694,8.6286,26.443,120.4,1.0787,75.24,24.513,2.1005,54.177,4.5241,254.08,0.028168,0.84074,65.274,18.65,43.49
176,2026-04-28T15:45:00,50.402,25.359,26.688,33.642,40.868,2779.7,3710.6,20.327,18.852,24.489,0.25361,0.10065,346.27,76.358,7.1008,13.509,32.68,4461.2,22.143,47.463,49.433,78.539,2.2344,1.5992,3171.5,42.353,53.677,94.651,9.2432,60.794,36.431,36.692,2709.0,63.633,26.281,52.302,0.31537,8.6286,26.443,120.38,1.0787,75.582,24.513,2.1005,54.177,4.5241,255.49,0.028168,0.84074,65.249,18.65,43.49
177,2026-04-28T15:48:00,51.601,19.742,26.628,33.59,40.335,2777.7,3599.5,19.998,19.068,24.837,0.19815,0.10065,346.15,76.5,6.7859,13.498,32.103,4518.2,22.293,50.239,49.304,78.361,2.2045,1.6515,3168.3,42.245,54.155,94.789,9.2912,62.176,36.053,34.399,2708.2,62.83,26.119,52.335,0.30022,8.8549,26.797,120.38,1.2443,74.68,24.188,2.0524,54.177,4.4812,257.93,0.028168,0.84074,65.18,19.083,43.49
178,2026-04-28T15:51:00,50.528,19.71,27.182,33.59,40.898,2781.2,3613.5,21.706,19.068,25.079,0.19848,0.10374,346.46,76.478,6.7859,13.498,32.103,4507.4,21.584,47.756,47.803,78.48,2.2045,1.6515,3171.3,42.158,54.284,95.082,9.2411,62.42,31.633,34.976,2711.4,62.589,23.948,52.422,0.29548,8.8549,26.797,120.38,1.2443,75.268,24.188,2.0524,52.879,4.4812,257.4,0.0017234,0.87417,65.149,19.083,43.16
179,2026-04-28T15:54:00,48.707,24.834,27.033,32.859,40.839,2782.3,3685.5,17.528,18.927,25.212,0.25361,0.10374,346.13,76.749,6.7536,13.509,32.302,4506.4,23.349,43.542,52.985,78.366,2.2181,1.6254,3173.9,42.41,53.217,94.769,9.2478,60.075,46.886,34.195,2712.3,64.054,26.481,52.486,0.29574,8.7946,26.068,120.41,1.0663,74.766,24.749,2.0061,52.879,4.5775,258.48,0.0017234,0.87417,65.131,19.012,43.16
180,2026-04-28T15:57:00,48.667,24.971,26.804,32.859,40.718,2785.9,3675.3,18.606,18.927,24.88,0.25222,0.10374,346.32,76.669,6.7536,13.509,32.302,4462.9,22.899,43.45,50.248,78.559,2.2181,1.6254,3177.3,42.235,53.738,94.618,9.2668,60.869,38.831,34.049,2716.2,64.23,25.143,52.588,0.29694,8.7946,26.068,120.41,1.0663,75.953,24.749,2.0061,52.879,4.5775,259.11,0.0017234,0.87417,65.15,19.012,43.16
181,2026-04-28T16:00:00,49.499,22.927,27.027,32.729,41.047,2786.5,3718.3,17.896,18.646,25.02,0.23419,0.10374,346.27,76.521,6.5848,13.639,32.318,4470.9,23.208,45.375,48.718,78.542,2.1909,1.6266,3178.2,42.243,53.772,94.777,9.31,59.543,34.326,33.768,2716.7,63.879,23.453,52.781,0.29772,8.7385,26.615,120.42,1.0153,75.153,24.873,2.0521,52.879,4.58,258.67,0.0017234,0.87417,65.206,19.142,43.16
182,2026-04-28T16:03:00,50.69,22.828,26.962,32.729,41.251,2784.6,3702.4,17.228,18.646,24.716,0.2352,0.10374,345.96,76.324,6.5848,13.639,32.318,4491.1,23.51,48.13,49.668,78.325,2.1909,1.6266,3177.1,42.062,53.531,94.621,9.3495,60.317,37.122,34.278,2714.2,64.152,25.455,52.637,0.29353,8.7385,26.615,120.4,1.0153,75.531,24.873,2.0521,52.879,4.58,262.04,0.0017234,0.87417,65.193,19.142,43.16
183,2026-04-28T16:06:00,49.69,22.563,27.087,32.907,41.291,2782.7,3772.1,18.332,18.603,24.668,0.23227,0.099812,345.91,76.313,6.849,13.593,32.478,4502.8,23.062,45.817,49.936,78.168,2.1958,1.6103,3175.0,42.273,53.019,94.665,9.1778,62.029,37.912,36.02,2711.8,64.634,25.618,53.733,0.30476,8.7916,26.366,120.41,1.1877,74.603,24.65,2.0291,54.716,4.4975,261.58,0.010096,0.89713,65.138,18.686,43.679
184,2026-04-28T16:09:00,50.346,22.674,27.166,32.907,41.049,2781.1,3761.1,19.531,18.603,24.579,0.23114,0.099812,345.4,76.352,6.849,13.593,32.478,4484.7,22.568,47.336,50.241,78.194,2.1958,1.6103,3174.1,41.862,53.236,94.595,9.2327,58.624,38.811,35.479,2710.9,64.823,25.555,53.968,0.3092,8.7916,26.366,120.39,1.1877,75.1,24.65,2.0291,54.716,4.4975,265.1,0.010096,0.89713,65.147,18.686,43.679
185,2026-04-28T16:12:00,49.428,20.94,26.645,32.957,40.79,2782.4,3694.9,19.202,19.033,24.726,0.21357,0.099812,344.96,76.674,6.7382,13.705,32.401,4500.6,22.705,45.211,50.145,78.355,2.1996,1.5624,3173.2,42.197,54.14,94.768,9.325,60.892,38.526,34.981,2712.0,63.801,25.382,54.358,0.3008,8.6711,26.312,120.39,1.0934,74.981,24.605,2.0357,54.716,4.475,266.84,0.010096,0.89713,65.192,19.205,43.679
186,2026-04-28T16:15:00,49.922,20.678,26.75,32.957,40.509,2784.2,3699.8,18.059,19.033,24.442,0.21623,0.099812,344.6,76.694,6.7382,13.705,32.401,4540.6,23.183,46.354,49.852,78.66,2.1996,1.5624,3176.7,42.149,53.662,94.815,9.1801,61.785,37.664,34.453,2714.8,63.717,24.299,54.792,0.30513,8.6711,26.312,120.39,1.0934,76.836,24.605,2.0357,54.716,4.475,268.01,0.010096,0.89713,65.298,19.205,43.679
187,2026-04-28T16:18:00,49.031,21.683,26.964,33.496,40.78,2783.3,3738.7,19.603,18.959,24.564,0.21556,0.099812,344.85,76.53,6.8124,13.592,32.769,4476.9,22.54,44.292,49.759,78.641,2.2057,1.6012,3176.3,42.15,53.122,94.738,9.256,59.587,37.39,36.299,2712.4,64.103,24.462,55.315,0.31246,8.7538,26.402,120.39,0.99134,75.994,24.339,2.0832,54.716,4.4217,268.12,0.010096,0.89713,65.447,18.908,43.679
188,2026-04-28T16:21:00,50.473,21.578,26.562,33.496,40.631,2779.8,3748.6,19.651,18.959,24.149,0.21662,0.10438,343.74,76.093,6.8124,13.592,32.769,4451.3,22.542,47.63,50.944,78.497,2.2057,1.6012,3174.2,42.423,53.43,94.702,9.1444,62.178,40.879,36.348,2709.7,63.932,25.796,55.994,0.31206,8.7538,26.402,120.4,0.99134,76.353,24.339,2.0832,53.302,4.4217,274.02,0.016253,0.92573,65.546,18.908,42.841
189,2026-04-28T16:24:00,51.476,17.401,26.682,33.428,41.03,2779.0,3708.8,17.478,19.165,24.288,0.17962,0.10438,343.97,76.206,6.7221,13.728,32.578,4477.1,23.467,49.95,50.169,78.387,2.1797,1.6571,3172.5,42.435,53.803,94.967,9.2014,60.672,38.598,34.925,2708.8,64.066,24.644,56.781,0.29662,8.6601,26.784,120.39,1.0988,76.562,24.406,2.0634,53.302,4.5042,274.48,0.016253,0.92573,65.559,19.253,42.841
190,2026-04-28T16:27:00,49.767,17.618,27.048,33.428,40.137,2777.0,3694.7,18.04,19.165,24.053,0.17742,0.10438,343.2,76.162,6.7221,13.728,32.578,4485.1,23.242,45.994,48.634,78.351,2.1797,1.6571,3172.6,41.9,53.708,94.976,9.2417,60.411,34.079,34.542,2705.6,64.308,25.938,57.297,0.29976,8.6601,26.784,120.38,1.0988,75.938,24.406,2.0634,53.302,4.5042,277.9,0.016253,0.92573,65.619,19.253,42.841
191,2026-04-28T16:30:00,51.337,18.997,27.082,33.193,40.703,2776.8,3729.5,20.897,19.225,23.81,0.19027,0.10438,342.55,76.438,6.8492,13.458,32.089,4463.4,22.039,49.629,50.385,78.455,2.2,1.6547,3173.7,42.354,53.069,94.897,9.2942,58.209,39.232,36.372,2705.8,64.611,25.448,58.018,0.31272,8.7527,26.625,120.4,1.0187,75.623,24.393,1.9852,53.302,4.5033,279.02,0.016253,0.92573,65.678,19.554,42.841
192,2026-04-28T16:33:00,50.4,18.879,26.547,33.193,40.217,2776.3,3758.1,20.33,19.225,23.715,0.19147,0.10438,342.14,76.14,6.8492,13.458,32.089,4429.6,22.3,47.461,48.918,78.42,2.2,1.6547,3170.9,42.3,53.474,94.951,9.2084,60.434,34.917,36.536,2704.9,64.118,25.034,58.598,0.31137,8.7527,26.625,120.38,1.0187,75.967,24.393,1.9852,53.302,4.5033,281.67,0.016253,0.92573,65.76,19.554,42.841
193,2026-04-28T16:36:00,51.44,23.38,26.735,33.542,40.74,2776.9,3721.6,18.15,19.291,23.686,0.23735,0.082892,341.85,76.465,6.7432,13.685,32.088,4471.5,23.221,49.866,48.972,78.409,2.2424,1.6347,3172.1,42.239,52.129,94.964,9.1828,59.309,35.076,32.901,2705.4,63.722,23.759,60.001,0.27906,8.6872,26.524,120.4,1.0842,75.402,24.696,1.9806,53.261,4.4499,284.8,0.032747,0.95773,65.816,19.466,43.514
194,2026-04-28T16:39:00,50.135,23.307,26.961,33.542,40.34,2778.5,3746.6,18.951,19.291,23.824,0.2381,0.082892,341.28,76.285,6.7432,13.685,32.088,4434.2,22.893,46.845,51.908,78.591,2.2424,1.6347,3174.7,42.137,52.575,94.989,9.2727,59.547,43.715,32.91,2707.5,63.292,24.416,60.627,0.27899,8.6872,26.524,120.39,1.0842,75.901,24.696,1.9806,53.261,4.4499,291.07,0.032747,0.95773,65.954,19.466,43.514
195,2026-04-28T16:42:00,51.692,23.427,26.678,32.51,40.577,2780.7,3719.3,20.403,19.415,23.636,0.23907,0.082892,341.18,76.684,6.9633,13.671,31.839,4421.5,22.274,50.449,49.238,78.71,2.2093,1.6576,3177.5,42.09,52.818,94.94,9.1486,60.85,35.859,35.516,2709.8,64.773,25.85,61.572,0.30457,8.7531,26.312,120.4,1.0104,75.136,24.739,2.0256,53.261,4.5094,293.68,0.032747,0.95773,66.087,19.116,43.514
196,2026-04-28T16:45:00,51.035,23.297,27.329,32.51,40.282,2782.1,3758.1,19.049,19.415,23.613,0.24038,0.082892,340.66,76.605,6.9633,13.671,31.839,4439.9,22.839,48.93,49.956,78.914,2.2093,1.6576,3179.9,42.358,52.596,94.943,9.0614,62.4,37.971,35.361,2710.2,64.105,23.857,62.758,0.30584,8.7531,26.312,120.41,1.0104,76.367,24.739,2.0256,53.261,4.5094,293.49,0.032747,0.95773,66.299,19.116,43.514
197,2026-04-28T16:48:00,52.042,26.121,26.989,32.691,40.838,2780.2,3690.9,19.622,19.539,23.207,0.26458,0.082892,340.75,76.146,6.8137,13.527,31.76,4503.3,22.619,51.26,50.458,78.725,2.2015,1.6477,3179.3,42.049,52.611,94.963,9.1787,57.596,39.447,35.652,2708.4,63.359,26.17,63.514,0.29849,8.8266,26.35,120.38,0.99761,76.409,24.11,2.1134,53.261,4.5127,298.03,0.032747,0.95773,66.487,19.894,43.514
198,2026-04-28T16:51:00,50.082,26.083,26.693,32.691,39.991,2778.9,3673.9,17.743,19.539,22.988,0.26497,0.10503,340.26,75.615,6.8137,13.527,31.76,4472.7,23.447,46.724,49.225,78.4,2.2015,1.6477,3177.1,42.155,52.976,95.125,9.0294,60.415,35.82,34.832,2707.6,63.651,26.469,65.164,0.3052,8.8266,26.35,120.35,0.99761,75.79,24.11,2.1134,53.766,4.5127,303.89,0.016632,0.95538,66.548,19.894,42.599
199,2026-04-28T16:54:00,51.148,27.398,26.711,32.182,40.329,2780.0,3737.5,15.473,20.001,23.263,0.27501,0.10503,340.65,75.926,6.86,13.68,32.089,4366.3,24.415,49.192,49.264,78.248,2.2599,1.6092,3177.4,41.881,52.219,95.178,9.1699,58.477,35.933,33.315,2707.9,63.863,24.123,66.084,0.28337,8.7515,25.744,120.39,1.0487,75.092,24.113,2.0281,53.766,4.4501,311.57,0.016632,0.95538,66.552,19.878,42.599
200,2026-04-28T16:57:00,49.345,27.2,26.678,32.182,40.085,2780.5,3715.1,17.53,20.001,23.009,0.27703,0.10503,339.96,75.826,6.86,13.68,32.089,4355.7,23.565,45.018,50.766,78.236,2.2599,1.6092,3179.5,42.3,52.345,94.962,9.1854,62.337,40.355,33.124,2708.6,64.248,26.152,67.565,0.28494,8.7515,25.744,120.4,1.0487,75.343,24.113,2.0281,53.766,4.4501,312.89,0.016632,0.95538,66.601,19.878,42.599
201,2026-04-28T17:00:00,51.114,24.585,27.041,32.382,40.163,2784.0,3702.4,19.122,20.095,23.453,0.24542,0.10503,340.13,76.585,6.7466,13.584,31.725,4373.0,22.876,49.112,50.643,78.53,2.1894,1.6629,3182.5,42.34,51.992,95.212,9.2367,60.2,39.993,35.047,2712.6,64.103,24.28,68.683,0.30005,8.8205,26.06,120.41,1.0343,75.506,24.066,2.0406,53.766,4.4574,318.24,0.016632,0.95538,66.738,19.922,42.599
202,2026-04-28T17:03:00,52.102,24.111,26.951,32.382,39.797,2786.4,3687.2,20.328,20.095,23.272,0.25024,0.10503,339.38,76.287,6.7466,13.584,31.725,4348.0,22.372,51.399,48.899,78.777,2.1894,1.6629,3185.6,42.388,52.291,94.987,9.1596,59.428,34.859,34.821,2715.1,64.364,25.274,69.841,0.3019,8.8205,26.06,120.39,1.0343,75.766,24.066,2.0406,53.766,4.4574,322.98,0.016632,0.95538,66.973,19.922,42.599
203,2026-04-28T17:06:00,48.95,28.12,26.728,32.828,40.46,2788.3,3744.1,18.297,19.82,23.047,0.2858,0.12845,339.86,76.161,6.8885,13.779,31.761,4333.1,23.236,44.103,50.431,78.687,2.2136,1.6367,3187.4,42.12,52.17,95.027,9.1345,59.264,39.369,33.413,2716.2,64.455,26.4,71.109,0.29011,8.8488,26.369,120.4,1.0924,75.885,24.385,1.9962,55.144,4.4545,328.13,0.021705,0.96479,67.188,20.128,42.885
204,2026-04-28T17:09:00,50.116,28.223,26.932,32.828,40.236,2785.8,3773.0,20.171,19.82,23.062,0.28475,0.12845,340.02,76.052,6.8885,13.779,31.761,4323.2,22.461,46.803,50.231,78.474,2.2136,1.6367,3186.6,42.033,52.289,94.969,9.2176,60.904,38.779,33.907,2714.6,63.957,25.295,72.506,0.28605,8.8488,26.369,120.41,1.0924,75.824,24.385,1.9962,55.144,4.4545,330.8,0.021705,0.96479,67.345,20.128,42.885
205,2026-04-28T17:12:00,50.461,28.439,26.938,32.619,40.265,2785.6,3726.6,21.105,19.935,23.172,0.28466,0.12845,339.53,76.207,6.7559,13.738,32.059,4293.5,22.077,47.602,50.474,78.292,2.2037,1.6406,3186.1,42.448,51.929,95.097,9.2239,60.624,39.495,36.146,2712.6,63.572,26.558,73.611,0.30888,8.869,26.276,120.39,1.2046,75.495,24.096,2.1004,55.144,4.5667,336.77,0.021705,0.96479,67.392,19.955,42.885
206,2026-04-28T17:15:00,48.909,28.266,26.639,32.619,39.75,2789.5,3713.2,18.934,19.935,23.12,0.28642,0.12845,339.89,76.24,6.7559,13.738,32.059,4311.5,22.992,44.01,51.349,78.535,2.2037,1.6406,3188.7,42.236,51.713,95.138,9.2123,59.858,42.069,35.966,2717.6,63.802,24.98,74.798,0.31035,8.869,26.276,120.39,1.2046,75.601,24.096,2.1004,55.144,4.5667,341.72,0.021705,0.96479,67.521,19.955,42.885
207,2026-04-28T17:18:00,48.7,25.735,27.37,32.5,40.233,2789.9,3707.2,17.949,19.887,23.62,0.26047,0.12845,339.79,76.201,6.7715,13.749,31.933,4338.6,23.416,43.526,50.187,78.493,2.2102,1.6805,3189.4,42.04,51.602,95.014,9.1717,61.103,38.649,35.81,2718.3,65.125,24.481,76.138,0.30182,8.7618,25.602,120.42,0.81952,74.638,24.187,1.997,55.144,4.4653,344.87,0.021705,0.96479,67.668,18.976,42.885
208,2026-04-28T17:21:00,50.054,25.766,26.575,32.5,40.367,2791.6,3781.1,21.004,19.887,23.028,0.26015,0.1001,339.61,76.32,6.7715,13.749,31.933,4314.0,22.128,46.658,48.284,78.516,2.2102,1.6805,3192.0,42.417,51.896,94.994,9.2051,57.658,33.051,35.77,2719.5,63.854,25.034,77.841,0.30214,8.7618,25.602,120.4,0.81952,75.273,24.187,1.997,54.538,4.4653,349.1,0.018458,0.97853,67.838,18.976,42.714
209,2026-04-28T17:24:00,50.559,26.958,27.263,32.692,40.666,2790.4,3739.1,19.025,20.195,23.1,0.27637,0.1001,339.86,75.764,6.7732,13.585,32.211,4380.8,22.993,47.828,50.667,78.318,2.2295,1.6671,3192.1,42.494,53.382,94.918,9.2474,57.916,40.064,35.549,2718.3,64.551,24.7,79.052,0.30527,8.8282,25.951,120.41,0.9409,75.249,24.148,2.0056,54.538,4.5416,355.82,0.018458,0.97853,67.981,20.008,42.714
210,2026-04-28T17:27:00,49.635,27.142,26.517,32.692,40.058,2792.7,3716.6,20.079,20.195,22.931,0.27449,0.1001,339.51,75.86,6.7732,13.585,32.211,4377.2,22.56,45.688,50.481,78.194,2.2295,1.6671,3193.2,42.336,53.425,95.08,9.1866,60.418,39.515,35.538,2720.6,64.939,26.412,80.559,0.30537,8.8282,25.951,120.39,0.9409,75.532,24.148,2.0056,54.538,4.5416,359.23,0.018458,0.97853,68.068,20.008,42.714
211,2026-04-28T17:30:00,51.971,24.669,27.027,32.381,39.81,2793.4,3758.5,18.766,20.173,23.246,0.24822,0.1001,339.79,75.888,6.7936,13.777,31.789,4276.4,23.123,51.095,50.679,78.221,2.2649,1.624,3193.3,42.733,51.98,94.997,9.2068,59.013,40.097,33.252,2721.5,64.305,26.008,81.851,0.28624,8.6177,26.48,120.4,1.0796,75.185,23.906,1.9643,54.538,4.5822,364.98,0.018458,0.97853,68.18,19.549,42.714
212,2026-04-28T17:33:00,51.046,24.341,27.114,32.381,39.979,2795.9,3723.9,21.523,20.173,23.557,0.25155,0.1001,339.46,76.192,6.7936,13.777,31.789,4309.6,21.958,48.955,51.088,78.304,2.2649,1.624,3195.3,42.036,51.583,95.057,9.1744,59.108,41.303,33.581,2723.9,64.9,25.324,83.357,0.28354,8.6177,26.48,120.4,1.0796,75.863,23.906,1.9643,54.538,4.5822,368.27,0.018458,0.97853,68.303,19.549,42.714
213,2026-04-28T17:36:00,49.147,29.04,27.141,32.91,40.301,2797.4,3759.5,19.771,20.4,23.437,0.28939,0.10135,339.56,75.807,7.0132,13.753,31.319,4348.9,22.718,44.56,50.527,78.322,2.2012,1.661,3198.3,42.089,52.07,94.921,9.2216,60.206,39.651,36.028,2725.5,64.202,25.772,85.272,0.30391,8.6178,26.517,120.41,1.0144,75.262,24.101,1.9009,54.546,4.4828,373.54,0.00075132,0.9849,68.481,19.701,42.494
214,2026-04-28T17:39:00,51.153,28.891,26.996,32.91,40.124,2796.8,3729.1,19.556,20.4,23.049,0.29091,0.10135,339.61,75.929,7.0132,13.753,31.319,4360.9,22.822,49.203,52.245,78.067,2.2012,1.661,3198.3,42.534,51.927,95.01,9.2286,58.896,44.705,35.728,2723.7,64.725,25.726,86.639,0.30636,8.6178,26.517,120.42,1.0144,74.753,24.101,1.9009,54.546,4.4828,381.18,0.00075132,0.9849,68.589,19.701,42.494
215,2026-04-28T17:42:00,50.256,34.003,27.071,32.231,40.073,2801.3,3703.1,19.9,20.106,23.317,0.3429,0.10135,339.76,76.393,6.7352,13.761,31.791,4366.4,22.668,47.126,49.74,78.198,2.2384,1.6563,3202.1,42.634,51.345,95.071,9.2081,60.815,37.335,35.669,2729.0,63.227,24.932,88.506,0.30101,8.7984,26.407,120.38,0.95538,75.412,23.99,1.9897,54.546,4.5294,383.13,0.00075132,0.9849,68.724,19.825,42.494
216,2026-04-28T17:45:00,50.034,33.723,26.985,32.231,40.175,2808.5,3684.6,18.172,20.106,24.048,0.34574,0.10135,340.05,76.186,6.7352,13.761,31.791,4339.1,23.397,46.612,51.673,78.464,2.2384,1.6563,3207.2,42.225,51.671,95.026,9.2024,60.569,43.025,35.637,2736.6,63.544,26.476,89.873,0.30127,8.7984,26.407,120.4,0.95538,75.7,23.99,1.9897,54.546,4.5294,390.58,0.00075132,0.9849,68.964,19.825,42.494
217,2026-04-28T17:48:00,50.282,30.015,26.786,32.43,39.98,2809.0,3787.8,20.854,20.774,23.697,0.30542,0.10135,340.33,76.03,6.9228,13.765,31.518,4299.2,22.276,47.186,49.795,78.327,2.2426,1.6647,3210.0,42.381,51.679,94.917,9.1194,58.875,37.497,35.517,2738.2,64.214,25.892,91.72,0.3031,8.8025,26.367,120.4,1.0918,74.711,24.144,1.959,54.546,4.3589,392.52,0.00075132,0.9849,69.177,20.06,42.494
218,2026-04-28T17:51:00,48.31,30.023,27.141,32.43,40.558,2807.8,3754.9,20.22,20.774,23.589,0.30534,0.093332,340.59,75.71,6.9228,13.765,31.518,4315.6,22.562,42.623,50.425,78.088,2.2426,1.6647,3210.0,42.335,51.483,94.872,9.2874,60.065,39.349,35.47,2735.7,64.781,25.007,93.4,0.30349,8.8025,26.367,120.39,1.0918,75.254,24.144,1.959,55.382,4.3589,401.05,0.024178,0.97207,69.345,20.06,42.419
219,2026-04-28T17:54:00,50.368,33.065,26.983,32.374,40.436,2807.7,3735.1,20.026,20.111,23.71,0.33833,0.093332,340.81,75.852,6.8654,13.413,31.845,4305.1,22.655,47.386,50.298,77.895,2.2253,1.6492,3207.3,41.852,50.835,94.939,9.0959,60.775,38.976,35.041,2735.9,63.526,24.875,95.038,0.30721,8.6975,26.236,120.39,0.85008,75.168,23.416,1.9779,55.382,4.4653,407.34,0.024178,0.97207,69.426,20.262,42.419
220,2026-04-28T17:57:00,50.761,33.041,26.791,32.374,40.639,2808.9,3712.4,17.539,20.111,23.691,0.33857,0.093332,341.39,75.817,6.8654,13.413,31.845,4252.6,23.714,48.296,49.298,77.86,2.2253,1.6492,3208.9,42.331,51.464,95.092,9.2166,60.892,36.033,35.348,2737.3,63.916,25.953,96.758,0.30469,8.6975,26.236,120.41,0.85008,73.884,23.416,1.9779,55.382,4.4653,412.65,0.024178,0.97207,69.545,20.262,42.419
221,2026-04-28T18:00:00,49.47,30.291,26.83,32.977,39.709,2810.5,3751.1,19.462,20.836,23.683,0.3137,0.093332,341.79,75.899,6.8946,13.678,31.801,4253.5,22.911,45.307,52.038,77.84,2.2199,1.6817,3209.6,41.915,50.724,94.968,9.2253,60.539,44.096,30.903,2738.7,63.743,24.983,98.344,0.26113,8.8132,25.898,120.36,0.81825,74.755,23.617,1.9093,55.382,4.3953,419.39,0.024178,0.97207,69.697,20.369,42.419
222,2026-04-28T18:03:00,50.456,30.548,27.222,32.977,40.561,2813.0,3737.4,21.813,20.836,24.307,0.31108,0.093332,342.09,75.837,6.8946,13.678,31.801,4251.5,21.93,47.589,51.854,77.919,2.2199,1.6817,3211.5,42.448,50.748,94.963,9.1959,61.209,43.556,30.599,2742.0,63.978,24.696,99.981,0.26362,8.8132,25.898,120.41,0.81825,74.808,23.617,1.9093,55.382,4.3953,421.92,0.024178,0.97207,69.858,20.369,42.419
223,2026-04-28T18:06:00,50.097,31.173,27.05,32.665,39.923,2812.4,3669.6,17.488,20.127,24.104,0.32095,0.096545,342.21,75.745,6.6447,13.569,31.97,4161.3,23.766,46.759,50.723,77.715,2.2808,1.6322,3211.3,42.509,51.305,94.926,9.1642,60.575,40.228,33.681,2740.4,64.891,26.011,99.732,0.29293,8.8061,25.851,120.38,1.0967,75.168,23.397,1.9054,55.003,4.4051,425.12,0.019804,0.97543,69.979,19.762,41.854
224,2026-04-28T18:09:00,50.015,31.473,26.781,32.665,40.421,2814.0,3728.3,21.055,20.127,24.353,0.3179,0.096545,342.41,75.958,6.6447,13.569,31.97,4217.7,22.265,46.569,49.627,77.759,2.2808,1.6322,3211.4,42.211,50.63,94.843,9.2239,60.364,37.001,33.373,2743.7,63.88,27.99,100.12,0.29546,8.8061,25.851,120.4,1.0967,75.303,23.397,1.9054,55.003,4.4051,422.44,0.019804,0.97543,70.023,19.762,41.854
225,2026-04-28T18:12:00,52.01,30.051,26.912,33.402,41.22,2816.3,3778.5,19.484,20.034,24.406,0.30591,0.096545,343.26,75.975,6.6417,13.694,32.475,4267.2,22.926,51.186,49.545,77.834,2.2692,1.6647,3213.7,42.101,51.309,94.823,9.3113,60.325,36.762,32.217,2746.0,65.315,25.314,100.11,0.27866,8.7236,26.008,120.43,0.94148,74.867,23.738,1.9165,55.003,4.3352,422.48,0.019804,0.97543,70.104,20.109,41.854
226,2026-04-28T18:15:00,50.666,29.963,26.838,33.402,41.15,2815.7,3791.7,18.761,20.034,24.401,0.30681,0.096545,343.21,75.69,6.6417,13.694,32.475,4280.8,23.24,48.075,48.673,77.877,2.2692,1.6647,3212.6,42.262,51.147,94.446,9.1628,62.712,34.194,32.423,2744.6,65.087,27.643,99.898,0.27698,8.7236,26.008,120.42,0.94148,75.682,23.738,1.9165,55.003,4.3352,423.56,0.019804,0.97543,70.164,20.109,41.854
227,2026-04-28T18:18:00,49.146,25.221,26.992,33.206,41.961,2807.9,3755.5,22.283,19.991,24.08,0.2566,0.096545,343.0,75.17,6.6158,13.519,32.271,4228.8,21.786,44.558,49.464,77.623,2.2172,1.6787,3206.7,42.179,50.722,94.588,9.2081,61.841,36.524,33.656,2737.1,65.963,26.203,100.06,0.29198,8.9015,25.696,120.44,0.99371,75.743,24.232,1.8381,55.003,4.3188,420.62,0.019804,0.97543,70.193,19.995,41.854
228,2026-04-28T18:21:00,50.288,25.406,26.477,33.206,41.538,2798.9,3781.1,20.024,19.991,23.707,0.25471,0.11083,343.36,75.139,6.6158,13.519,32.271,4259.3,22.766,47.2,50.734,77.214,2.2172,1.6787,3197.1,42.237,50.357,94.493,9.1303,62.276,40.26,33.436,2727.4,65.522,26.78,100.06,0.29379,8.9015,25.696,120.44,0.99371,74.94,24.232,1.8381,55.159,4.3188,422.89,0.01838,0.96203,70.078,19.995,42.623
229,2026-04-28T18:24:00,49.649,27.163,26.689,33.018,41.79,2794.8,3792.6,18.221,20.297,24.072,0.27257,0.11083,343.1,75.451,6.8587,13.66,32.253,4254.0,23.526,45.721,48.724,77.394,2.257,1.6681,3192.0,42.402,50.486,94.357,9.2091,60.392,34.345,31.146,2723.7,65.79,25.283,100.09,0.27166,8.8149,26.11,120.42,0.83853,75.197,23.441,1.8984,55.159,4.3254,424.08,0.01838,0.96203,70.024,19.839,42.623
230,2026-04-28T18:27:00,51.07,26.947,26.977,33.018,41.535,2786.9,3811.2,18.189,20.297,23.832,0.27476,0.11083,342.49,74.971,6.8587,13.66,32.253,4267.6,23.567,49.01,52.172,77.449,2.257,1.6681,3186.0,42.582,50.324,94.276,9.0683,60.271,44.491,31.348,2715.9,65.469,25.581,99.706,0.27,8.8149,26.11,120.43,0.83853,76.519,23.441,1.8984,55.159,4.3254,425.4,0.01838,0.96203,70.073,19.839,42.623
231,2026-04-28T18:30:00,49.207,27.106,26.693,33.726,42.048,2780.1,3755.3,19.58,20.072,23.52,0.2751,0.11083,343.0,75.679,7.0032,13.685,32.2,4231.9,22.97,44.698,47.347,77.584,2.2459,1.6336,3177.6,42.431,50.941,94.279,9.0866,59.262,30.293,32.862,2709.0,64.436,26.757,99.832,0.28555,8.7958,25.696,120.41,0.95962,75.167,23.67,1.946,55.159,4.3934,423.74,0.01838,0.96203,70.085,20.117,42.623
232,2026-04-28T18:33:00,50.853,26.961,27.172,33.726,41.47,2774.8,3774.6,15.956,20.072,23.518,0.27658,0.11083,342.13,75.832,7.0032,13.685,32.2,4246.9,24.492,48.508,51.333,77.879,2.2459,1.6336,3173.7,42.635,50.763,94.268,9.1953,61.065,42.022,33.097,2703.5,64.105,26.869,100.03,0.28363,8.7958,25.696,120.41,0.95962,75.944,23.67,1.946,55.159,4.3934,421.69,0.01838,0.96203,70.166,20.117,42.623
233,2026-04-28T18:36:00,47.802,27.734,26.565,33.154,41.634,2769.1,3716.0,19.14,19.761,23.274,0.2781,0.09215,341.77,76.047,6.91,13.873,31.786,4164.9,23.131,41.446,49.406,78.306,2.3198,1.6806,3166.7,42.523,50.859,94.22,9.1147,61.951,36.352,32.945,2698.2,63.799,25.734,99.961,0.28863,8.7154,25.682,120.39,0.92438,75.336,23.115,1.8901,55.417,4.3533,420.53,-0.0038472,0.94321,70.345,19.897,41.641
234,2026-04-28T18:39:00,48.564,27.448,26.971,33.154,42.082,2758.9,3693.6,17.732,19.761,23.154,0.28101,0.09215,341.89,75.278,6.91,13.873,31.786,4180.0,23.744,43.21,50.392,78.229,2.3198,1.6806,3157.4,42.664,50.678,94.29,9.096,59.581,39.252,33.445,2687.9,64.185,26.699,100.07,0.28453,8.7154,25.682,120.4,0.92438,75.28,23.115,1.8901,55.417,4.3533,416.46,-0.0038472,0.94321,70.543,19.897,41.641
235,2026-04-28T18:42:00,48.303,31.534,27.13,33.352,41.434,2748.1,3755.9,20.705,19.862,22.918,0.32359,0.09215,342.1,75.09,6.9161,13.995,32.153,4205.9,22.513,42.607,51.397,77.977,2.3012,1.7033,3146.0,42.478,50.701,94.267,9.2079,59.011,42.21,36.031,2676.5,63.861,25.151,99.998,0.30408,8.8833,26.061,120.38,1.0383,75.488,22.951,1.9662,55.417,4.5385,416.98,-0.0038472,0.94321,70.579,19.871,41.641
236,2026-04-28T18:45:00,50.826,31.656,26.61,33.352,41.672,2736.6,3715.0,19.237,19.862,22.558,0.32235,0.09215,342.22,75.294,6.9161,13.995,32.153,4195.1,23.148,48.445,50.408,77.786,2.3012,1.7033,3135.4,42.425,50.831,94.269,9.1302,61.25,39.3,36.396,2664.6,64.564,24.718,99.925,0.30109,8.8833,26.061,120.4,1.0383,74.738,22.951,1.9662,55.417,4.5385,417.75,-0.0038472,0.94321,70.509,19.871,41.641
237,2026-04-28T18:48:00,49.408,28.547,27.217,33.141,41.864,2728.4,3692.2,19.107,19.543,23.084,0.28742,0.09215,342.12,75.524,7.0948,14.028,32.824,4229.5,23.201,45.163,49.209,78.002,2.3577,1.747,3125.9,42.653,50.295,94.232,9.2149,58.859,35.771,37.261,2656.8,64.875,25.314,99.73,0.32201,8.9997,25.665,120.4,0.93466,75.467,22.926,1.936,55.417,4.5906,418.38,-0.0038472,0.94321,70.505,19.812,41.641
238,2026-04-28T18:51:00,49.906,28.528,26.91,33.141,42.209,2720.4,3742.4,17.896,19.543,22.582,0.28761,0.089504,341.78,75.869,7.0948,14.028,32.824,4216.7,23.699,46.316,49.144,78.324,2.3577,1.747,3117.6,42.517,50.449,94.237,9.2648,60.331,35.581,38.119,2648.7,64.011,26.099,100.13,0.31497,8.9997,25.665,120.41,0.93466,74.729,22.926,1.936,55.2,4.5906,414.96,0.012572,0.94326,70.62,19.812,41.14
239,2026-04-28T18:54:00,48.592,21.777,26.498,32.785,41.424,2713.0,3696.9,18.833,19.544,22.522,0.22022,0.089504,341.47,76.206,6.8637,14.101,32.182,4209.9,23.281,43.275,51.046,78.757,2.3047,1.7315,3108.6,42.39,50.495,94.322,9.2717,59.516,41.179,38.324,2640.8,63.11,25.734,100.12,0.32295,9.0188,26.008,120.37,1.0987,74.504,23.162,2.0272,55.2,4.4786,411.94,0.012572,0.94326,70.779,19.592,41.14
240,2026-04-28T18:57:00,51.345,21.797,26.73,32.785,41.798,2703.7,3679.1,19.261,19.544,22.138,0.22002,0.089504,341.15,76.118,6.8637,14.101,32.182,4182.7,23.092,49.647,49.595,78.946,2.3047,1.7315,3100.7,42.67,50.822,94.368,9.059,63.923,36.908,38.47,2632.4,63.416,25.628,99.965,0.32175,9.0188,26.008,120.41,1.0987,75.875,23.162,2.0272,55.2,4.4786,410.55,0.012572,0.94326,70.963,19.592,41.14
241,2026-04-28T19:00:00,48.145,27.392,26.849,33.552,41.723,2698.4,3710.9,20.235,19.459,22.02,0.28092,0.089504,340.25,76.262,6.973,14.161,32.493,4222.2,22.661,42.241,50.603,79.246,2.3915,1.7607,3096.4,42.78,50.733,94.335,9.163,60.766,39.875,39.695,2626.8,64.804,27.445,99.821,0.33053,9.2019,25.632,120.4,1.2535,75.222,22.831,1.994,55.2,4.6075,409.76,0.012572,0.94326,71.151,19.442,41.14
242,2026-04-28T19:03:00,51.458,27.613,26.812,33.552,42.318,2687.5,3707.7,20.735,19.459,21.23,0.27868,0.089504,339.69,76.224,6.973,14.161,32.493,4181.8,22.447,49.908,50.267,79.171,2.3915,1.7607,3088.3,42.527,51.217,94.243,9.2731,61.224,38.886,39.463,2615.1,64.858,26.541,99.859,0.33243,9.2019,25.632,120.41,1.2535,74.11,22.831,1.994,55.2,4.6075,406.6,0.012572,0.94326,71.264,19.442,41.14
243,2026-04-28T19:06:00,50.129,24.46,26.777,32.786,41.264,2680.7,3706.1,17.701,19.194,21.197,0.24738,0.09813,339.67,76.159,6.7769,14.359,31.704,4206.2,23.72,46.832,49.253,79.247,2.4191,1.7906,3079.8,42.206,51.168,94.475,9.3123,61.99,35.902,40.7,2607.7,63.893,25.182,99.898,0.33929,9.0893,25.729,120.36,1.2546,73.655,22.573,2.1351,55.649,4.6803,407.36,0.0047105,0.90939,71.3,19.487,42.161
244,2026-04-28T19:09:00,51.34,24.157,27.213,32.786,42.059,2677.4,3722.0,19.828,19.194,21.459,0.25045,0.09813,339.75,76.748,6.7769,14.359,31.704,4235.8,22.793,49.636,50.657,79.568,2.4191,1.7906,3075.4,42.522,50.814,94.395,9.2622,61.076,40.033,40.629,2604.8,63.619,23.484,99.87,0.33987,9.0893,25.729,120.39,1.2546,74.276,22.573,2.1351,55.649,4.6803,404.88,0.0047105,0.90939,71.415,19.487,42.161
245,2026-04-28T19:12:00,49.156,31.798,26.728,33.293,41.678,2674.8,3721.9,18.536,19.302,20.888,0.32734,0.09813,339.47,76.67,7.0757,14.308,32.843,4239.9,23.322,44.58,50.913,79.79,2.4057,1.7922,3075.5,42.511,50.536,94.439,9.337,60.959,40.787,43.446,2602.7,65.349,24.287,99.877,0.36538,8.9967,25.69,120.38,1.1919,74.403,22.41,2.163,55.649,4.8051,403.74,0.0047105,0.90939,71.519,19.134,42.161
246,2026-04-28T19:15:00,49.388,31.78,26.886,33.293,41.982,2672.3,3743.6,19.19,19.302,21.171,0.32753,0.09813,339.93,76.672,7.0757,14.308,32.843,4235.5,23.031,45.118,50.233,79.852,2.4057,1.7922,3070.4,42.014,50.59,94.214,9.2146,60.17,38.787,43.378,2599.9,64.975,25.479,99.98,0.36594,8.9967,25.69,120.43,1.1919,73.081,22.41,2.163,55.649,4.8051,400.97,0.0047105,0.90939,71.646,19.134,42.161
247,2026-04-28T19:18:00,50.966,21.064,26.872,33.561,41.446,2670.6,3712.0,16.756,19.282,21.245,0.21437,0.09813,339.83,76.971,6.9284,14.284,32.645,4252.0,24.022,48.77,50.222,80.145,2.4215,1.8333,3068.1,42.379,51.17,94.556,9.3165,62.815,38.755,43.661,2598.2,62.856,25.68,99.903,0.35877,9.1467,25.462,120.39,1.207,73.546,22.425,2.3072,55.649,4.8859,399.42,0.0047105,0.90939,71.731,18.75,42.161
248,2026-04-28T19:21:00,50.135,21.073,26.78,33.561,40.936,2669.5,3711.2,17.935,19.282,21.361,0.21429,0.097931,339.71,77.248,6.9284,14.284,32.645,4231.0,23.492,46.846,51.399,80.351,2.4215,1.8333,3066.8,42.665,51.422,94.497,9.5085,60.637,42.217,43.613,2597.7,62.87,25.486,99.936,0.35916,9.1467,25.462,120.37,1.207,74.765,22.425,2.3072,54.693,4.8859,399.08,0.024616,0.84284,71.843,18.75,42.198
249,2026-04-28T19:24:00,50.325,22.359,26.651,33.058,41.416,2669.2,3718.2,18.057,18.96,20.831,0.22786,0.097931,339.71,77.034,6.7957,14.566,32.885,4288.8,23.423,47.287,51.641,80.413,2.5107,1.8165,3069.1,42.623,51.644,94.584,9.4065,61.602,42.929,43.524,2596.4,63.928,23.462,100.05,0.36033,9.1521,25.411,120.38,1.0017,74.244,22.718,2.235,54.693,4.93,396.44,0.024616,0.84284,71.955,19.158,42.198
250,2026-04-28T19:27:00,51.913,22.282,26.665,33.058,40.808,2668.0,3711.5,17.454,18.96,20.939,0.22866,0.097931,339.93,76.801,6.7957,14.566,32.885,4299.8,23.668,50.962,48.378,80.311,2.5107,1.8165,3068.0,42.206,51.512,94.452,9.4639,61.72,33.326,43.387,2595.3,64.043,25.093,99.9,0.36145,9.1521,25.411,120.39,1.0017,73.966,22.718,2.235,54.693,4.93,397.27,0.024616,0.84284,71.98,19.158,42.198
251,2026-04-28T19:30:00,50.18,19.4,26.747,32.909,41.784,2664.6,3765.7,17.378,18.496,20.431,0.19955,0.097931,339.24,76.793,7.0163,14.442,32.849,4261.8,23.692,46.951,51.621,80.097,2.4498,1.8005,3066.4,42.772,50.935,94.59,9.5276,62.244,42.87,47.984,2591.8,64.293,27.174,99.79,0.39297,9.2482,25.258,120.38,1.2677,73.713,22.104,2.3724,54.693,5.0209,397.78,0.024616,0.84284,71.954,18.83,42.198
252,2026-04-28T19:33:00,49.753,19.514,26.992,32.909,41.386,2665.9,3761.4,16.802,18.496,20.876,0.19839,0.097931,339.75,77.253,7.0163,14.442,32.849,4267.3,23.903,45.962,49.142,80.239,2.4498,1.8005,3066.4,42.303,50.87,94.492,9.4707,59.879,35.576,47.187,2593.4,64.368,25.76,99.839,0.3995,9.2482,25.258,120.41,1.2677,73.595,22.104,2.3724,54.693,5.0209,400.23,0.024616,0.84284,71.893,18.83,42.198
253,2026-04-28T19:36:00,50.979,19.291,26.909,33.363,41.274,2668.5,3683.1,16.081,19.005,21.274,0.19345,0.10078,340.44,77.095,6.8629,14.561,32.408,4290.8,24.192,48.799,51.171,80.41,2.4707,1.8122,3066.7,42.534,51.356,94.5,9.5629,63.484,41.546,46.191,2596.6,63.758,27.248,99.814,0.38869,9.3634,25.5,120.39,1.1832,73.291,22.666,2.2869,54.582,5.1382,397.56,0.017109,0.78074,71.92,18.969,42.607
254,2026-04-28T19:39:00,49.513,19.164,27.408,33.363,41.367,2673.2,3702.5,18.695,19.005,21.369,0.19474,0.10078,340.46,77.877,6.8629,14.561,32.408,4308.9,23.04,45.406,49.519,80.65,2.4707,1.8122,3072.2,42.566,51.139,94.572,9.4808,62.45,36.684,46.633,2600.8,63.423,24.394,99.954,0.38506,9.3634,25.5,120.41,1.1832,73.812,22.666,2.2869,54.582,5.1382,395.75,0.017109,0.78074,71.958,18.969,42.607
255,2026-04-28T19:42:00,50.411,22.777,27.056,33.014,41.779,2676.7,3719.9,18.501,18.611,21.263,0.23419,0.10078,340.39,77.661,7.2306,14.402,32.168,4274.3,23.099,47.484,49.669,80.822,2.4448,1.8186,3077.1,42.739,51.192,94.312,9.649,60.95,37.125,48.354,2604.7,64.415,26.075,99.949,0.40531,9.4084,25.639,120.41,1.2683,73.096,22.819,2.2753,54.582,5.0841,394.21,0.017109,0.78074,72.049,18.948,42.607
256,2026-04-28T19:45:00,50.391,22.976,26.822,33.014,42.144,2679.7,3716.6,15.702,18.611,21.243,0.23217,0.10078,340.8,77.622,7.2306,14.402,32.168,4226.7,24.259,47.439,50.524,80.62,2.4448,1.8186,3079.1,42.52,51.763,94.447,9.6295,62.523,39.643,47.981,2606.7,64.471,26.614,99.896,0.40837,9.4084,25.639,120.42,1.2683,72.417,22.819,2.2753,54.582,5.0841,395.42,0.017109,0.78074,72.099,18.948,42.607
257,2026-04-28T19:48:00,49.712,25.089,26.743,33.41,41.432,2683.7,3621.4,18.599,18.548,21.589,0.25509,0.10078,342.56,77.561,7.0729,14.405,32.101,4315.8,23.018,45.867,49.767,80.651,2.4894,1.7625,3081.9,42.349,50.716,94.402,9.7207,62.893,37.413,46.502,2612.1,62.73,24.784,99.955,0.39343,9.2217,25.874,120.41,1.0752,72.689,22.53,2.3006,54.582,5.0407,394.26,0.017109,0.78074,72.065,18.454,42.607
258,2026-04-28T19:51:00,49.19,24.992,26.872,33.41,41.006,2688.2,3612.7,16.456,18.548,21.832,0.25608,0.071642,343.04,77.792,7.0729,14.405,32.101,4295.0,23.895,44.659,50.21,80.491,2.4894,1.7625,3086.2,42.392,50.964,94.768,9.6038,62.775,38.718,46.783,2616.2,62.879,24.863,99.553,0.39113,9.2217,25.874,120.38,1.0752,72.745,22.53,2.3006,53.89,5.0407,392.63,0.016058,0.73216,72.032,18.454,42.614
259,2026-04-28T19:54:00,51.182,25.861,27.0,33.114,42.136,2694.1,3658.7,18.235,18.318,22.197,0.26135,0.071642,344.29,77.308,7.0416,14.444,32.358,4323.9,23.146,49.27,49.56,80.351,2.4366,1.8558,3091.3,42.255,51.845,94.42,9.7211,65.376,36.806,47.598,2622.8,63.217,25.803,99.75,0.39233,9.1651,25.898,120.43,1.09,72.677,23.117,2.299,53.89,5.023,394.95,0.016058,0.73216,71.975,18.541,42.614
260,2026-04-28T19:57:00,50.104,26.062,26.835,33.114,40.784,2699.1,3662.1,16.543,18.318,22.416,0.2593,0.071642,345.17,77.511,7.0416,14.444,32.358,4320.9,23.844,46.774,49.784,80.041,2.4366,1.8558,3096.4,42.444,51.88,94.6,9.7779,65.507,37.465,46.938,2627.9,63.158,25.744,99.66,0.39773,9.1651,25.898,120.39,1.09,73.149,23.117,2.299,53.89,5.023,399.81,0.016058,0.73216,71.852,18.541,42.614
261,2026-04-28T20:00:00,49.964,23.202,26.543,33.396,42.156,2708.0,3622.7,17.731,18.44,22.892,0.23776,0.071642,346.34,78.207,6.9767,14.262,32.746,4297.6,23.305,46.451,49.5,80.188,2.4321,1.7602,3102.7,42.358,51.994,94.34,9.768,65.334,36.63,48.078,2637.1,63.945,24.397,99.788,0.40416,9.2516,26.137,120.43,0.99826,73.63,23.182,2.3286,53.89,5.0478,399.41,0.016058,0.73216,71.795,18.01,42.614
262,2026-04-28T20:03:00,52.453,23.615,26.804,33.396,41.418,2714.7,3650.7,18.576,18.44,23.12,0.23356,0.071642,347.38,77.692,6.9767,14.262,32.746,4294.0,22.941,52.211,48.871,80.191,2.4321,1.7602,3109.0,42.34,52.037,94.405,9.776,64.635,34.777,47.8,2643.2,63.463,25.915,99.961,0.40644,9.2516,26.137,120.4,0.99826,73.162,23.182,2.3286,53.89,5.0478,397.76,0.016058,0.73216,71.812,18.01,42.614
263,2026-04-28T20:06:00,49.149,19.304,26.907,33.234,42.448,2721.7,3708.7,19.807,17.939,23.59,0.19465,0.089916,348.57,77.834,6.8971,14.172,32.907,4361.4,22.398,44.565,51.174,80.093,2.4432,1.7247,3115.1,42.512,52.616,94.387,9.8885,63.703,41.554,45.283,2650.7,62.914,24.459,99.224,0.39344,8.9891,26.323,120.46,0.95217,73.25,23.245,2.2855,53.776,4.9797,395.11,0.029408,0.70497,71.786,17.73,42.783
264,2026-04-28T20:09:00,49.86,19.272,26.869,33.234,41.247,2724.9,3670.5,18.289,17.939,23.732,0.19498,0.089916,349.97,77.43,6.8971,14.172,32.907,4387.1,23.041,46.209,49.984,79.725,2.4432,1.7247,3118.1,42.995,52.309,94.178,9.9468,66.423,38.054,45.678,2655.4,63.573,24.37,98.945,0.39021,8.9891,26.323,120.39,0.95217,73.227,23.245,2.2855,53.776,4.9797,396.15,0.029408,0.70497,71.687,17.73,42.783
265,2026-04-28T20:12:00,48.505,17.208,26.913,33.844,42.562,2733.2,3700.5,18.893,17.826,24.424,0.17167,0.089916,350.72,77.786,6.7966,14.045,33.257,4417.7,22.76,43.075,50.164,79.769,2.4087,1.7547,3123.8,42.708,52.781,94.253,9.7961,65.075,38.582,44.77,2663.8,63.702,24.737,98.673,0.3829,9.1088,26.632,120.41,1.0391,72.392,23.853,2.1954,53.776,4.9495,397.15,0.029408,0.70497,71.597,17.563,42.783
266,2026-04-28T20:15:00,51.326,17.209,26.852,33.844,41.947,2737.0,3707.9,16.484,17.826,24.05,0.17166,0.089916,350.83,77.634,6.7966,14.045,33.257,4398.2,23.769,49.603,48.883,79.49,2.4087,1.7547,3129.7,42.814,53.015,94.222,9.8998,64.517,34.813,44.365,2667.5,63.575,24.626,98.288,0.38621,9.1088,26.632,120.4,1.0391,72.783,23.853,2.1954,53.776,4.9495,399.47,0.029408,0.70497,71.467,17.563,42.783
267,2026-04-28T20:18:00,51.391,12.854,26.908,34.092,42.64,2743.6,3711.0,16.359,16.967,24.583,0.12949,0.089916,352.18,77.71,6.6506,14.128,32.743,4406.2,23.808,49.753,49.777,79.395,2.4226,1.7261,3134.1,42.655,53.519,94.005,9.8031,64.094,37.444,42.875,2673.6,64.437,24.968,98.08,0.3739,8.9479,26.514,120.4,1.0255,73.4,23.908,2.1861,53.776,4.8762,399.85,0.029408,0.70497,71.38,17.691,42.783
268,2026-04-28T20:21:00,49.611,12.868,26.946,34.092,42.242,2750.1,3750.9,15.788,16.967,25.222,0.12935,0.080429,352.27,77.658,6.6506,14.128,32.743,4468.3,24.037,45.633,50.921,79.392,2.4226,1.7261,3138.7,42.59,52.776,93.935,9.897,64.937,40.81,42.362,2681.3,63.75,24.12,97.294,0.3781,8.9479,26.514,120.43,1.0255,74.062,23.908,2.1861,54.746,4.8762,396.56,0.0208,0.66816,71.34,17.691,43.642
269,2026-04-28T20:24:00,49.504,16.787,26.894,33.849,43.165,2755.4,3804.1,19.244,16.629,25.358,0.17216,0.080429,352.92,77.52,6.7895,14.044,32.879,4440.6,22.57,45.385,52.178,79.353,2.3706,1.7634,3144.6,42.554,52.988,94.03,9.7759,63.328,44.508,44.11,2686.8,64.264,24.175,96.749,0.38529,8.7987,26.936,120.44,1.1048,73.363,24.364,2.2362,54.746,4.8914,396.34,0.0208,0.66816,71.287,17.931,43.642
270,2026-04-28T20:27:00,49.583,16.712,26.974,33.849,42.789,2757.9,3770.9,18.765,16.629,25.161,0.17292,0.080429,353.28,77.423,6.7895,14.044,32.879,4399.9,22.769,45.569,50.525,79.045,2.3706,1.7634,3148.1,42.781,53.475,93.816,9.8352,63.679,39.646,43.869,2688.6,64.836,26.206,96.313,0.38727,8.7987,26.936,120.42,1.1048,73.668,24.364,2.2362,54.746,4.8914,394.94,0.0208,0.66816,71.181,17.931,43.642
271,2026-04-28T20:30:00,49.864,15.022,27.119,34.42,43.104,2761.2,3755.7,17.523,16.565,25.51,0.15075,0.080429,353.56,77.504,6.6635,14.056,32.766,4423.5,23.284,46.219,50.079,78.883,2.3545,1.7074,3150.3,42.961,52.765,93.979,9.9138,63.563,38.334,42.833,2692.8,64.032,25.731,95.888,0.38052,8.9309,26.873,120.43,0.95862,73.174,24.609,2.1961,54.746,4.6966,393.49,0.0208,0.66816,71.071,17.241,43.642
272,2026-04-28T20:33:00,50.955,15.079,26.778,34.42,42.359,2767.1,3765.8,20.14,16.565,26.052,0.15018,0.080429,354.16,77.434,6.6635,14.056,32.766,4411.4,22.174,48.745,50.868,78.926,2.3545,1.7074,3153.0,42.669,52.909,93.929,9.9084,64.088,40.654,43.268,2699.5,63.858,25.991,95.412,0.37695,8.9309,26.873,120.39,0.95862,73.282,24.609,2.1961,54.746,4.6966,392.63,0.0208,0.66816,70.972,17.241,43.642
273,2026-04-28T20:36:00,49.166,15.357,26.668,34.723,42.747,2774.3,3757.1,18.509,16.277,26.331,0.15599,0.062204,354.39,78.142,6.5804,13.812,32.563,4509.8,22.826,44.603,49.292,79.023,2.3895,1.7576,3159.9,42.262,53.627,93.849,9.9331,63.26,36.016,43.244,2706.6,65.259,26.025,93.871,0.38247,8.7691,27.45,120.4,1.0144,73.832,24.969,2.1525,54.538,4.7136,390.21,0.025304,0.65984,70.864,17.084,43.603
274,2026-04-28T20:39:00,47.761,15.166,26.907,34.723,42.755,2777.5,3801.6,16.142,16.277,26.181,0.15793,0.062204,354.37,77.413,6.5804,13.812,32.563,4474.3,23.831,41.353,51.155,78.923,2.3895,1.7576,3164.9,42.489,54.052,93.749,9.8482,65.059,41.499,43.162,2709.3,64.494,24.057,93.188,0.38314,8.7691,27.45,120.4,1.0144,72.822,24.969,2.1525,54.538,4.7136,385.77,0.025304,0.65984,70.844,17.084,43.603
275,2026-04-28T20:42:00,49.106,16.822,26.732,33.983,43.478,2778.7,3749.1,19.12,16.696,26.078,0.17048,0.062204,354.9,76.759,6.7786,13.802,33.114,4506.8,22.601,44.464,48.999,78.477,2.3172,1.6964,3166.1,42.636,54.32,93.811,9.8146,62.817,35.155,40.556,2710.6,66.371,24.814,92.274,0.35222,9.0331,27.491,120.42,0.97845,74.634,25.31,2.3306,54.538,4.7204,384.06,0.025304,0.65984,70.729,17.008,43.603
276,2026-04-28T20:45:00,50.064,16.643,26.941,33.983,42.797,2781.6,3804.8,16.857,16.696,26.452,0.17231,0.062204,355.09,77.22,6.7786,13.802,33.114,4531.2,23.548,46.683,51.232,78.214,2.3172,1.6964,3166.7,42.926,54.027,93.779,9.6819,67.106,41.725,39.504,2713.5,65.413,26.14,91.261,0.36084,9.0331,27.491,120.4,0.97845,74.699,25.31,2.3306,54.538,4.7204,383.59,0.025304,0.65984,70.505,17.008,43.603
277,2026-04-28T20:48:00,49.983,11.12,26.876,34.089,42.236,2785.8,3788.1,21.019,16.554,26.572,0.10829,0.062204,354.89,77.15,6.8131,13.643,33.0,4567.7,21.792,46.494,49.393,78.334,2.3354,1.6677,3169.9,42.687,54.067,93.845,9.7594,64.18,36.313,39.887,2717.3,64.152,26.877,90.417,0.35546,8.8743,27.228,120.38,0.99986,74.676,25.673,2.156,54.538,4.6601,381.26,0.025304,0.65984,70.348,16.787,43.603
278,2026-04-28T20:51:00,49.372,10.966,27.113,34.089,42.98,2788.2,3724.9,19.772,16.554,27.248,0.10987,0.086518,355.59,77.333,6.8131,13.643,33.0,4546.0,22.312,45.081,51.678,78.215,2.3354,1.6677,3171.1,42.507,54.326,94.02,9.6965,63.147,43.038,39.965,2720.6,65.241,23.467,88.872,0.35481,8.8743,27.228,120.4,0.99986,74.46,25.673,2.156,53.86,4.6601,381.0,0.0028764,0.63722,70.207,16.787,43.816
279,2026-04-28T20:54:00,50.769,11.079,26.875,34.239,42.392,2790.9,3746.0,19.888,16.655,27.058,0.11272,0.086518,355.0,77.178,6.7664,13.791,32.716,4574.1,22.269,48.313,49.457,78.138,2.2763,1.7127,3174.3,42.174,54.849,93.918,9.7652,62.695,36.502,37.859,2723.4,64.654,24.271,88.075,0.33599,8.7383,27.902,120.36,1.0302,75.284,25.996,2.0504,53.86,4.5821,375.69,0.0028764,0.63722,70.085,17.074,43.816
280,2026-04-28T20:57:00,51.491,11.051,26.899,34.239,42.557,2794.7,3777.2,18.037,16.655,26.994,0.113,0.086518,354.38,77.096,6.7664,13.791,32.716,4561.6,23.052,49.984,50.018,78.17,2.2763,1.7127,3178.1,42.296,54.998,94.067,9.6593,62.412,38.154,37.713,2727.2,64.118,25.682,87.131,0.33718,8.7383,27.902,120.4,1.0302,74.844,25.996,2.0504,53.86,4.5821,372.11,0.0028764,0.63722,69.958,17.074,43.816
281,2026-04-28T21:00:00,50.403,13.133,26.596,34.1,41.978,2796.6,3748.8,19.858,16.447,26.833,0.13281,0.086518,354.47,76.807,6.8949,13.643,32.816,4517.1,22.289,47.468,50.09,78.143,2.2528,1.6784,3180.4,42.775,55.138,93.956,9.6329,64.684,38.365,39.264,2728.8,65.105,23.932,86.092,0.35569,8.8591,27.932,120.38,1.0313,74.362,26.189,2.0381,53.86,4.5859,369.6,0.0028764,0.63722,69.873,16.744,43.816
282,2026-04-28T21:03:00,49.572,13.245,26.938,34.1,42.894,2797.0,3757.4,20.256,16.447,26.988,0.13167,0.086518,354.29,76.74,6.8949,13.643,32.816,4539.1,22.13,45.543,50.464,77.876,2.2528,1.6784,3181.4,42.734,54.874,94.155,9.5985,64.293,39.465,39.531,2728.7,64.956,23.553,85.083,0.3535,8.8591,27.932,120.4,1.0313,75.768,26.189,2.0381,53.86,4.5859,366.86,0.0028764,0.63722,69.729,16.744,43.816
283,2026-04-28T21:06:00,49.482,11.656,26.755,33.769,42.352,2798.2,3723.8,17.181,15.8,27.185,0.11643,0.093985,353.64,76.895,7.0298,13.569,32.765,4602.0,23.427,45.334,48.799,77.823,2.3147,1.6566,3182.1,42.417,55.245,94.115,9.5542,62.357,34.567,37.159,2730.7,64.455,25.961,83.379,0.33902,8.6387,28.288,120.39,1.2396,74.465,26.195,2.0964,54.855,4.515,361.76,-0.0073267,0.64933,69.529,17.124,42.531
284,2026-04-28T21:09:00,50.974,11.424,26.756,33.769,42.296,2800.0,3772.5,16.539,15.8,26.906,0.11879,0.093985,353.42,77.25,7.0298,13.569,32.765,4569.8,23.688,48.788,49.74,77.911,2.3147,1.6566,3184.8,42.758,55.631,94.202,9.506,63.256,37.334,37.49,2732.4,63.618,24.631,82.101,0.33631,8.6387,28.288,120.38,1.2396,75.542,26.195,2.0964,54.855,4.515,357.73,-0.0073267,0.64933,69.393,17.124,42.531
285,2026-04-28T21:12:00,49.719,11.405,26.99,34.189,42.434,2804.7,3730.3,19.035,16.007,27.108,0.11646,0.093985,352.37,77.268,6.8592,13.613,32.343,4579.6,22.625,45.884,49.734,78.251,2.2543,1.6565,3187.1,42.467,54.892,94.337,9.3908,62.992,37.317,36.641,2737.7,63.085,25.825,80.629,0.32447,8.7871,28.256,120.38,1.0147,76.294,26.134,1.9736,54.855,4.423,355.86,-0.0073267,0.64933,69.314,17.049,42.531
286,2026-04-28T21:15:00,50.209,11.459,26.815,34.189,41.744,2804.6,3680.7,21.845,16.007,27.094,0.11591,0.093985,352.26,76.433,6.8592,13.613,32.343,4599.3,21.465,47.017,48.552,78.107,2.2543,1.6565,3188.8,42.595,54.656,94.298,9.3792,60.866,33.838,37.116,2736.9,63.939,24.578,79.623,0.32057,8.7871,28.256,120.38,1.0147,75.761,26.134,1.9736,54.855,4.423,348.79,-0.0073267,0.64933,69.242,17.049,42.531
287,2026-04-28T21:18:00,49.266,14.817,26.66,33.346,41.051,2802.7,3777.3,19.756,16.016,26.642,0.1558,0.093985,351.97,76.697,6.9427,13.36,32.408,4601.6,22.352,44.836,51.324,77.729,2.2962,1.6499,3186.9,42.546,55.097,94.372,9.371,62.091,41.996,36.454,2733.7,63.713,24.044,78.346,0.33278,8.7766,28.099,120.37,1.0329,75.783,26.383,2.0004,54.855,4.451,344.9,-0.0073267,0.64933,69.046,17.057,42.531
288,2026-04-28T21:21:00,50.481,14.929,26.857,33.346,41.663,2802.0,3730.1,17.804,16.016,26.721,0.15466,0.090445,351.8,76.537,6.9427,13.36,32.408,4610.1,23.188,47.648,48.407,77.719,2.2962,1.6499,3186.2,42.276,54.994,94.351,9.3053,61.11,33.412,37.077,2733.5,64.526,24.073,76.733,0.32768,8.7766,28.099,120.39,1.0329,77.043,26.383,2.0004,54.516,4.451,344.49,-0.0076075,0.66266,68.816,17.057,43.103
289,2026-04-28T21:24:00,50.546,14.43,26.925,33.148,40.332,2800.4,3748.8,17.74,16.197,26.801,0.14315,0.090445,351.17,76.056,6.8759,13.622,32.267,4606.2,23.242,47.797,51.487,77.587,2.2607,1.6242,3184.7,42.414,55.311,94.418,9.4241,61.198,42.475,33.811,2732.0,63.453,24.638,75.529,0.2949,8.5479,28.487,120.37,1.1996,76.235,26.521,2.0357,54.516,4.5766,339.79,-0.0076075,0.66266,68.663,17.298,43.103
290,2026-04-28T21:27:00,48.802,14.178,26.901,33.148,41.593,2798.0,3717.2,18.64,16.197,26.613,0.14571,0.090445,350.66,76.007,6.8759,13.622,32.267,4613.2,22.883,43.761,49.481,77.414,2.2607,1.6242,3183.8,42.585,55.227,94.586,9.1906,62.978,36.572,33.623,2729.8,63.996,26.64,74.098,0.29644,8.5479,28.487,120.39,1.1996,76.641,26.521,2.0357,54.516,4.5766,337.73,-0.0076075,0.66266,68.44,17.298,43.103
291,2026-04-28T21:30:00,50.064,15.348,26.714,32.988,40.735,2797.0,3714.3,19.798,16.678,26.195,0.15809,0.090445,349.98,76.436,6.929,13.724,32.523,4599.8,22.4,46.682,51.788,77.413,2.2321,1.6588,3181.3,42.061,55.066,94.459,9.2688,62.082,43.362,36.786,2728.0,64.607,26.205,72.901,0.32389,8.6715,28.261,120.36,1.1843,76.439,27.075,2.0543,54.516,4.4595,333.17,-0.0076075,0.66266,68.23,17.426,43.103
292,2026-04-28T21:33:00,49.695,15.435,26.688,32.988,41.652,2797.2,3765.6,17.626,16.678,26.36,0.15721,0.090445,349.5,76.255,6.929,13.724,32.523,4591.6,23.327,45.828,50.452,77.665,2.2321,1.6588,3182.0,42.325,55.165,94.613,9.2519,59.044,39.43,36.623,2728.6,63.724,23.672,71.706,0.32522,8.6715,28.261,120.41,1.1843,76.558,27.075,2.0543,54.516,4.4595,328.64,-0.0076075,0.66266,68.076,17.426,43.103
293,2026-04-28T21:36:00,49.967,12.709,26.854,33.087,40.217,2794.1,3728.9,15.997,17.011,26.139,0.13098,0.094534,348.6,76.592,6.9978,13.577,32.071,4620.4,24.015,46.459,50.561,77.647,2.2531,1.6751,3180.2,42.166,54.744,94.581,9.2254,62.731,39.752,38.12,2725.1,63.87,25.559,70.507,0.33362,8.789,28.071,120.36,1.3507,77.103,26.832,1.9733,54.367,4.4137,324.4,0.0075083,0.69372,67.953,17.546,43.626
294,2026-04-28T21:39:00,50.265,12.794,26.9,33.087,41.095,2792.4,3696.6,21.821,17.011,25.72,0.13011,0.094534,347.68,76.598,6.9978,13.577,32.071,4588.6,21.561,47.148,50.248,77.922,2.2531,1.6751,3179.6,42.366,55.124,94.684,9.1658,60.939,38.83,38.51,2722.3,64.427,25.989,69.458,0.33042,8.789,28.071,120.42,1.3507,76.456,26.832,1.9733,54.367,4.4137,318.37,0.0075083,0.69372,67.87,17.546,43.626
295,2026-04-28T21:42:00,49.147,16.997,27.128,33.195,40.729,2790.0,3692.0,19.056,17.201,25.789,0.17259,0.094534,346.9,76.5,7.2083,13.696,31.644,4588.2,22.73,44.561,49.584,78.033,2.2687,1.7171,3179.2,42.149,55.052,94.565,9.2879,60.486,36.877,36.121,2720.6,63.826,25.357,68.195,0.31574,8.9996,27.699,120.4,1.3143,77.798,26.353,1.967,54.367,4.5068,314.76,0.0075083,0.69372,67.804,17.538,43.626
296,2026-04-28T21:45:00,51.325,16.966,26.603,33.195,40.431,2789.2,3729.1,20.308,17.201,25.051,0.17291,0.094534,345.66,76.301,7.2083,13.696,31.644,4600.9,22.212,49.599,51.012,78.136,2.2687,1.7171,3178.6,42.326,54.9,94.872,9.0792,60.86,41.077,36.266,2718.7,63.187,26.412,67.112,0.31454,8.9996,27.699,120.36,1.3143,76.671,26.353,1.967,54.367,4.5068,309.19,0.0075083,0.69372,67.749,17.538,43.626
297,2026-04-28T21:48:00,48.402,21.175,27.17,32.483,40.781,2787.2,3672.2,17.725,16.887,25.566,0.21968,0.094534,345.02,76.546,7.0053,13.712,32.242,4665.8,23.298,42.836,50.979,78.186,2.2483,1.673,3175.0,41.867,54.348,94.758,9.0696,60.437,40.98,38.273,2717.3,62.113,25.458,65.999,0.3218,8.777,28.014,120.39,1.3037,77.699,26.344,2.0099,54.367,4.5836,304.0,0.0075083,0.69372,67.631,17.964,43.626
298,2026-04-28T21:51:00,50.348,21.523,26.551,32.483,39.237,2784.4,3659.1,19.695,16.887,24.696,0.21615,0.11216,344.57,76.424,7.0053,13.712,32.242,4606.3,22.478,47.339,48.938,78.187,2.2483,1.673,3174.5,42.033,55.061,94.976,9.1645,60.472,34.975,37.759,2714.3,62.336,24.067,65.234,0.32601,8.777,28.014,120.34,1.3037,76.845,26.344,2.0099,54.655,4.5836,300.72,0.038193,0.7421,67.537,17.964,42.272
299,2026-04-28T21:54:00,50.47,15.819,26.644,32.332,40.336,2780.5,3715.4,18.012,17.42,24.697,0.16342,0.11216,344.03,76.186,6.9214,13.679,31.626,4578.1,23.204,47.622,49.229,78.01,2.2417,1.687,3170.7,42.047,54.527,94.975,9.026,58.634,35.831,38.312,2709.6,62.937,23.207,63.87,0.32364,8.7758,27.502,120.39,1.3508,78.06,26.831,2.0801,54.655,4.5454,300.98,0.038193,0.7421,67.371,17.971,42.272
300,2026-04-28T21:57:00,50.354,16.027,26.73,32.332,40.697,2774.6,3679.3,20.612,17.42,24.645,0.1613,0.11216,343.52,75.902,6.9214,13.679,31.626,4561.6,22.136,47.353,51.773,77.919,2.2417,1.687,3165.4,42.036,54.724,95.053,9.0221,58.017,43.317,38.19,2704.3,63.558,26.153,62.975,0.32464,8.7758,27.502,120.39,1.3508,76.958,26.831,2.0801,54.655,4.5454,296.06,0.038193,0.7421,67.214,17.971,42.272
301,2026-04-28T22:00:00,49.947,22.213,26.768,32.438,39.965,2769.6,3707.6,18.81,17.314,24.325,0.22284,0.11216,342.31,75.98,6.9512,13.797,31.693,4583.5,22.906,46.411,50.322,77.943,2.2213,1.6787,3163.3,42.072,54.58,94.925,8.8663,59.534,39.048,37.772,2699.2,63.729,26.03,61.839,0.31935,8.7906,27.647,120.41,1.4032,77.156,26.2,2.1302,54.655,4.642,293.91,0.038193,0.7421,67.057,18.717,42.272
302,2026-04-28T22:03:00,48.482,22.008,26.368,32.438,41.676,2765.2,3701.2,19.744,17.314,23.351,0.22493,0.11216,341.25,76.152,6.9512,13.797,31.693,4570.4,22.518,43.021,50.474,78.137,2.2213,1.6787,3160.1,41.841,54.737,94.875,8.9268,59.783,39.495,37.469,2694.1,63.84,25.845,60.991,0.32184,8.7906,27.647,120.44,1.4032,76.294,26.2,2.1302,54.655,4.642,288.6,0.038193,0.7421,66.919,18.717,42.272
303,2026-04-28T22:06:00,48.966,21.874,26.775,32.221,39.853,2759.1,3711.4,19.112,17.828,23.439,0.22445,0.095894,340.34,75.956,7.1136,13.799,31.383,4528.1,22.794,44.141,50.333,78.34,2.2197,1.6787,3155.1,41.837,53.487,94.822,8.9664,59.044,39.08,39.671,2687.3,63.352,25.492,60.845,0.32855,8.7588,27.476,120.41,1.6097,77.049,26.156,2.1125,54.801,4.4233,286.91,0.012148,0.76896,66.88,18.426,42.862
304,2026-04-28T22:09:00,48.91,22.119,26.598,32.221,40.913,2749.8,3706.1,20.923,17.828,23.028,0.22197,0.095894,339.15,75.866,7.1136,13.799,31.383,4513.8,22.048,44.012,50.35,78.297,2.2197,1.6787,3145.6,42.185,53.657,94.837,8.9487,59.145,39.129,39.107,2678.8,63.443,23.613,60.13,0.33318,8.7588,27.476,120.42,1.6097,76.908,26.156,2.1125,54.801,4.4233,285.14,0.012148,0.76896,66.832,18.426,42.862
305,2026-04-28T22:12:00,51.084,25.747,26.972,31.648,39.708,2742.2,3677.6,19.561,18.169,22.82,0.25858,0.095894,338.45,76.287,7.2298,13.791,32.015,4518.8,22.618,49.042,51.917,78.495,2.2659,1.6391,3139.1,41.938,54.345,94.79,8.9568,58.32,43.742,39.331,2671.1,62.367,25.179,59.513,0.33148,8.7487,27.835,120.41,1.4082,77.173,25.597,2.0775,54.801,4.5342,282.27,0.012148,0.76896,66.805,18.344,42.862
306,2026-04-28T22:15:00,49.047,25.387,27.011,31.648,40.762,2736.0,3668.9,17.692,18.169,22.288,0.26224,0.095894,337.33,76.303,7.2298,13.791,32.015,4504.2,23.407,44.328,51.052,78.758,2.2659,1.6391,3133.6,42.002,54.52,94.818,8.8009,59.454,41.195,39.488,2663.8,62.516,25.225,58.941,0.33019,8.7487,27.835,120.4,1.4082,75.985,25.597,2.0775,54.801,4.5342,278.87,0.012148,0.76896,66.801,18.344,42.862
307,2026-04-28T22:18:00,50.2,20.02,26.969,31.581,40.323,2724.9,3606.3,18.809,18.336,22.002,0.20466,0.095894,336.35,75.871,7.2316,13.829,31.395,4552.9,22.953,46.998,49.793,78.865,2.275,1.7001,3123.6,42.316,54.205,94.938,8.8623,60.477,37.492,39.7,2652.9,62.302,24.858,58.388,0.32632,8.8423,27.102,120.4,1.6391,76.509,25.999,2.0685,54.801,4.5275,275.26,0.012148,0.76896,66.824,18.95,42.862
308,2026-04-28T22:21:00,49.72,19.872,26.849,31.581,41.005,2714.4,3601.8,19.05,18.336,21.26,0.20617,0.099625,335.07,76.108,7.2316,13.829,31.395,4524.9,22.853,45.886,50.281,78.925,2.275,1.7001,3114.8,41.71,54.54,94.945,8.873,58.891,38.927,39.626,2641.8,62.379,25.697,58.093,0.32694,8.8423,27.102,120.43,1.6391,77.757,25.999,2.0685,55.059,4.5275,274.84,0.017456,0.83861,66.842,18.95,42.935
309,2026-04-28T22:24:00,50.924,26.514,26.943,31.004,39.677,2703.4,3557.6,17.4,18.393,20.84,0.26858,0.099625,333.53,75.906,7.1564,13.9,31.102,4444.0,23.564,48.672,49.705,78.983,2.2953,1.7308,3105.8,41.927,54.043,94.997,8.6021,60.689,37.233,39.929,2630.5,62.796,26.155,57.568,0.33274,9.0721,27.033,120.38,1.67,76.478,25.997,2.0851,55.059,4.669,273.54,0.017456,0.83861,66.833,18.595,42.935
310,2026-04-28T22:27:00,51.832,26.167,26.617,31.004,41.033,2695.0,3593.7,21.916,18.393,20.453,0.27211,0.099625,332.89,75.801,7.1564,13.9,31.102,4507.1,21.673,50.774,48.887,79.215,2.2953,1.7308,3097.9,42.631,53.288,95.029,8.9623,58.042,34.825,40.043,2622.1,62.173,25.477,57.159,0.33181,9.0721,27.033,120.44,1.67,76.525,25.997,2.0851,55.059,4.669,270.96,0.017456,0.83861,66.883,18.595,42.935
311,2026-04-28T22:30:00,51.207,30.112,26.643,31.334,40.616,2683.9,3663.4,19.46,18.744,19.823,0.30828,0.099625,331.45,75.924,7.0216,13.841,30.845,4468.6,22.714,49.327,48.735,79.209,2.3422,1.7373,3089.5,42.411,54.62,94.917,8.8977,57.335,34.378,41.181,2610.4,61.34,25.883,56.743,0.33848,9.0275,27.594,120.39,1.6938,76.241,25.687,2.1081,55.059,4.6046,268.44,0.017456,0.83861,66.897,19.2,42.935
312,2026-04-28T22:33:00,49.691,30.305,27.447,31.334,40.843,2677.0,3608.7,15.335,18.744,20.153,0.30631,0.099625,330.56,76.619,7.0216,13.841,30.845,4542.3,24.43,45.819,50.464,79.618,2.3422,1.7373,3082.4,42.003,53.738,94.798,8.7772,60.001,39.467,41.088,2602.9,62.282,25.864,56.441,0.33925,9.0275,27.594,120.41,1.6938,76.783,25.687,2.1081,55.059,4.6046,264.62,0.017456,0.83861,66.919,19.2,42.935
313,2026-04-28T22:36:00,49.894,33.895,26.975,31.199,40.977,2671.1,3661.8,17.524,18.872,19.553,0.34478,0.12074,329.64,76.713,7.1083,14.061,30.862,4458.4,23.49,46.289,50.414,80.129,2.353,1.7142,3075.8,41.892,53.238,94.675,8.9183,58.403,39.319,40.554,2597.8,62.354,24.1,57.379,0.33117,9.1368,27.305,120.43,1.8288,76.91,24.933,2.2215,55.365,4.8441,266.12,0.030272,0.87195,67.089,19.205,44.197
314,2026-04-28T22:39:00,48.22,33.68,26.974,31.199,40.143,2658.5,3656.6,19.721,18.872,18.993,0.34696,0.12074,328.42,76.563,7.1083,14.061,30.862,4468.9,22.564,42.414,50.457,80.192,2.353,1.7142,3066.6,42.181,53.113,94.575,8.8836,60.283,39.445,40.338,2585.3,62.443,27.798,57.645,0.33295,9.1368,27.305,120.42,1.8288,75.915,24.933,2.2215,55.365,4.8441,264.13,0.030272,0.87195,67.312,19.205,44.197
315,2026-04-28T22:42:00,49.063,35.173,27.058,31.097,40.647,2647.3,3618.1,21.227,18.903,18.697,0.35617,0.12074,327.22,76.138,7.2759,14.194,30.856,4483.3,21.945,44.365,49.435,80.234,2.3574,1.7522,3056.1,42.364,52.856,94.803,8.8115,57.658,36.438,43.482,2573.1,62.174,27.724,57.745,0.35712,9.2751,26.544,120.38,1.9584,76.827,24.399,2.2827,55.365,4.9597,263.94,0.030272,0.87195,67.467,18.966,44.197
316,2026-04-28T22:45:00,50.236,35.102,26.946,31.097,40.929,2636.6,3603.0,20.839,18.903,18.376,0.35689,0.12074,326.74,76.458,7.2759,14.194,30.856,4459.2,22.103,47.081,51.69,80.222,2.3574,1.7522,3044.5,41.777,53.145,94.815,8.7784,58.528,43.074,43.919,2562.5,62.434,25.753,57.822,0.35354,9.2751,26.544,120.43,1.9584,76.425,24.399,2.2827,55.365,4.9597,264.01,0.030272,0.87195,67.525,18.966,44.197
317,2026-04-28T22:48:00,50.891,36.653,26.851,30.772,38.72,2627.6,3586.3,18.337,18.949,17.589,0.36988,0.12074,325.11,76.383,7.4313,14.505,30.716,4490.3,23.162,48.596,50.354,80.406,2.3751,1.7406,3038.8,42.414,53.305,95.053,9.0002,57.589,39.141,46.221,2552.3,60.958,25.425,57.829,0.36745,9.2932,26.372,120.34,1.8081,76.303,24.601,2.2785,55.365,4.9693,264.81,0.030272,0.87195,67.652,19.249,44.197
318,2026-04-28T22:51:00,50.031,36.548,26.771,30.772,40.739,2623.2,3595.8,18.573,18.949,17.542,0.37095,0.10475,325.14,76.832,7.4313,14.505,30.716,4502.7,23.041,46.607,49.971,80.733,2.3751,1.7406,3032.5,42.479,53.157,94.916,9.0313,58.797,38.015,45.844,2548.5,60.795,26.518,58.62,0.37054,9.2932,26.372,120.41,1.8081,75.955,24.601,2.2785,54.6,4.9693,266.73,0.028216,0.87768,67.757,19.249,43.524
319,2026-04-28T22:54:00,51.51,39.354,26.794,30.96,39.47,2618.6,3530.8,18.394,19.274,17.867,0.39885,0.10475,325.21,77.282,7.2339,14.332,30.292,4476.6,23.092,50.029,50.135,81.066,2.4007,1.7712,3027.3,42.143,52.718,95.136,8.9288,59.821,38.498,50.743,2544.3,60.106,24.184,59.1,0.40511,9.2418,26.34,120.37,1.763,75.943,24.231,2.3234,54.6,4.9579,266.39,0.028216,0.87768,67.938,18.929,43.524
320,2026-04-28T22:57:00,49.798,39.507,27.129,30.96,39.786,2616.8,3500.0,19.476,19.274,17.71,0.39729,0.10475,324.73,77.282,7.2339,14.332,30.292,4439.2,22.618,46.066,52.488,81.37,2.4007,1.7712,3025.7,41.79,53.166,95.241,8.9153,59.044,45.423,50.87,2540.9,60.635,25.974,59.319,0.40407,9.2418,26.34,120.38,1.763,74.904,24.231,2.3234,54.6,4.9579,268.86,0.028216,0.87768,68.171,18.929,43.524
321,2026-04-28T23:00:00,49.278,45.048,26.718,30.568,39.87,2614.5,3537.1,15.445,18.793,16.958,0.45789,0.10475,324.18,77.443,7.3009,14.316,30.54,4476.6,24.297,44.864,48.106,81.466,2.3998,1.7192,3025.6,42.246,53.451,95.072,9.1507,59.004,32.525,48.645,2539.6,61.303,27.831,59.808,0.39155,9.505,26.05,120.4,2.1693,75.221,23.441,2.4762,54.6,5.0618,268.24,0.028216,0.87768,68.362,19.128,43.524
322,2026-04-28T23:03:00,49.855,45.057,27.157,30.568,40.096,2613.7,3559.5,20.0,18.793,17.461,0.45779,0.10475,325.05,77.523,7.3009,14.316,30.54,4520.7,22.357,46.197,50.051,81.66,2.3998,1.7192,3025.4,42.436,52.923,94.943,9.0736,60.329,38.249,48.947,2538.8,60.918,25.958,60.12,0.38907,9.505,26.05,120.42,2.1693,75.168,23.441,2.4762,54.6,5.0618,269.52,0.028216,0.87768,68.519,19.128,43.524
323,2026-04-28T23:06:00,51.513,44.45,26.997,31.005,39.844,2612.4,3507.3,16.381,19.292,17.222,0.45277,0.090649,325.19,77.559,7.1469,14.382,30.791,4434.8,23.862,50.035,48.751,81.767,2.4464,1.7177,3023.3,42.424,53.421,95.029,9.1751,59.45,34.425,48.792,2537.3,60.865,23.648,60.909,0.39293,9.2642,26.406,120.39,1.9487,74.604,23.672,2.5155,54.045,5.023,267.84,0.024081,0.8524,68.685,19.226,43.898
324,2026-04-28T23:09:00,49.458,44.705,26.822,31.005,40.963,2612.6,3515.2,18.284,19.292,17.802,0.45018,0.090649,326.63,77.651,7.1469,14.382,30.791,4430.4,23.038,45.281,51.704,81.847,2.4464,1.7177,3021.3,42.101,53.474,94.857,9.1138,59.541,43.114,48.912,2538.6,60.729,25.354,61.329,0.39194,9.2642,26.406,120.43,1.9487,75.258,23.672,2.5155,54.045,5.023,268.88,0.024081,0.8524,68.82,19.226,43.898
325,2026-04-28T23:12:00,49.755,43.704,26.902,30.687,40.048,2610.6,3558.9,17.855,18.73,17.708,0.44352,0.090649,326.84,77.646,7.3136,14.422,31.131,4420.2,23.203,45.966,49.789,81.806,2.4197,1.7672,3020.3,42.292,53.289,94.973,9.1068,58.598,37.478,50.298,2536.3,61.004,24.736,61.633,0.40145,9.3962,25.646,120.4,1.91,74.774,23.516,2.575,54.045,5.208,271.18,0.024081,0.8524,68.904,19.109,43.898
326,2026-04-28T23:15:00,50.974,43.635,27.177,30.687,40.246,2608.2,3536.9,19.416,18.73,17.761,0.44423,0.090649,327.4,77.297,7.3136,14.422,31.131,4401.1,22.543,48.787,51.257,81.66,2.4197,1.7672,3017.4,42.223,53.518,94.831,9.3164,60.348,41.801,50.563,2533.5,61.383,27.002,62.08,0.39928,9.3962,25.646,120.41,1.91,73.798,23.516,2.575,54.045,5.208,271.85,0.024081,0.8524,68.951,19.109,43.898
327,2026-04-28T23:18:00,51.277,41.532,26.961,31.272,40.862,2607.8,3497.6,16.458,18.765,18.208,0.42547,0.090649,329.23,77.77,7.2631,14.262,30.797,4422.4,23.77,49.49,49.945,81.574,2.4144,1.7553,3013.7,42.426,53.484,95.044,9.2711,61.517,37.939,50.896,2533.5,60.269,25.599,62.413,0.41217,9.3391,25.525,120.42,1.7835,74.213,23.287,2.4888,54.045,5.2518,273.83,0.024081,0.8524,68.979,19.305,43.898
328,2026-04-28T23:21:00,48.902,41.999,26.813,31.272,39.69,2609.8,3521.7,20.274,18.765,18.202,0.42072,0.10096,330.14,77.953,7.2631,14.262,30.797,4427.6,22.134,43.992,49.647,81.904,2.4144,1.7553,3015.5,42.178,53.421,94.903,9.271,62.648,37.061,50.769,2536.6,59.855,25.741,62.379,0.41321,9.3391,25.525,120.38,1.7835,74.207,23.287,2.4888,53.274,5.2518,273.22,0.023665,0.80146,69.007,19.305,43.823
329,2026-04-28T23:24:00,51.249,45.989,26.97,31.768,40.727,2611.9,3472.9,17.881,18.561,18.388,0.47018,0.10096,330.73,77.87,7.085,14.435,31.493,4417.4,23.129,49.424,50.449,81.861,2.4474,1.7334,3018.2,42.075,52.989,95.027,9.4465,62.174,39.422,48.857,2538.1,60.754,25.442,62.75,0.40013,9.4123,26.042,120.45,1.7171,73.801,23.419,2.558,53.274,5.2511,271.82,0.023665,0.80146,69.05,19.204,43.823
330,2026-04-28T23:27:00,50.355,46.277,26.732,31.768,40.361,2616.7,3496.7,16.748,18.561,18.931,0.46725,0.10096,333.12,78.305,7.085,14.435,31.493,4451.6,23.573,47.356,50.311,81.942,2.4474,1.7334,3019.4,42.283,52.58,94.69,9.3243,60.207,39.015,48.78,2543.2,60.345,25.223,62.858,0.40076,9.4123,26.042,120.39,1.7171,73.886,23.419,2.558,53.274,5.2511,273.35,0.023665,0.80146,69.078,19.204,43.823
331,2026-04-28T23:30:00,49.474,40.692,26.974,32.2,41.708,2617.7,3561.0,17.968,18.489,19.047,0.41117,0.10096,334.43,78.105,7.0724,14.215,31.729,4483.2,23.046,45.316,51.68,81.883,2.4089,1.8404,3021.1,42.495,52.369,94.895,9.4496,61.016,43.044,51.726,2544.6,60.525,27.229,63.076,0.42091,9.4787,25.429,120.44,1.6462,72.86,22.949,2.6046,53.274,5.2518,273.61,0.023665,0.80146,69.151,18.965,43.823
332,2026-04-28T23:33:00,48.644,40.51,27.103,32.2,40.04,2619.1,3554.8,16.06,18.489,19.754,0.41302,0.10096,335.59,78.132,7.0724,14.215,31.729,4427.5,23.828,43.396,50.539,81.925,2.4089,1.8404,3021.2,42.488,53.035,94.478,9.3182,61.835,39.685,51.463,2546.3,60.632,23.506,63.024,0.42306,9.4787,25.429,120.39,1.6462,73.645,22.949,2.6046,53.274,5.2518,276.91,0.023665,0.80146,69.157,18.965,43.823
333,2026-04-28T23:36:00,50.017,38.963,27.171,32.368,41.236,2618.2,3508.1,19.533,18.505,19.357,0.39495,0.10103,336.94,77.614,6.8795,14.391,32.001,4423.4,22.371,46.573,49.82,81.561,2.4165,1.777,3020.7,42.756,53.619,94.913,9.565,62.272,37.569,49.01,2545.5,61.36,25.963,62.321,0.40101,9.2771,25.615,120.43,1.6095,73.029,22.698,2.594,54.075,5.2225,272.72,0.022137,0.76882,69.123,18.428,44.288
334,2026-04-28T23:39:00,49.234,38.841,27.076,32.368,40.289,2621.1,3568.3,17.55,18.505,20.361,0.39618,0.10103,338.79,78.153,6.8795,14.391,32.001,4463.8,23.181,44.76,49.695,81.501,2.4165,1.777,3019.7,42.278,53.135,94.391,9.5028,61.366,37.203,48.885,2549.2,60.325,25.414,61.957,0.40203,9.2771,25.615,120.4,1.6095,73.339,22.698,2.594,54.075,5.2225,273.18,0.022137,0.76882,69.028,18.428,44.288
335,2026-04-28T23:42:00,52.216,36.739,26.892,32.917,41.825,2624.7,3577.6,16.773,18.22,20.391,0.37175,0.10103,340.11,78.378,6.9156,14.266,32.516,4523.2,23.485,51.662,50.04,81.543,2.4326,1.724,3023.1,42.392,53.756,94.737,9.6011,61.024,38.218,51.338,2553.0,61.767,24.47,61.614,0.42637,9.1887,25.714,120.46,1.8604,73.486,22.811,2.5712,54.075,5.2386,273.44,0.022137,0.76882,68.922,18.036,44.288
336,2026-04-28T23:45:00,52.345,36.606,26.91,32.917,40.923,2629.7,3580.8,18.352,18.22,20.571,0.37309,0.10103,340.83,78.823,6.9156,14.266,32.516,4527.0,22.783,51.962,50.824,81.845,2.4326,1.724,3028.4,42.59,53.709,94.132,9.646,60.579,40.524,51.622,2558.3,61.713,24.881,61.668,0.42404,9.1887,25.714,120.43,1.8604,72.817,22.811,2.5712,54.075,5.2386,269.22,0.022137,0.76882,68.9,18.036,44.288
337,2026-04-28T23:48:00,49.839,31.685,27.07,33.442,42.425,2632.4,3574.4,14.939,17.144,20.759,0.32211,0.10103,341.67,78.504,6.9208,14.238,32.26,4553.2,24.203,46.161,48.861,81.876,2.4013,1.762,3031.0,42.632,54.449,94.433,9.5362,63.368,34.749,50.022,2561.1,61.491,23.896,61.13,0.41595,9.1909,25.711,120.45,1.7338,72.858,22.92,2.5686,54.075,5.2283,271.59,0.022137,0.76882,68.966,17.772,44.288
338,2026-04-28T23:51:00,50.108,31.886,26.934,33.442,41.973,2634.1,3598.3,18.048,17.144,20.901,0.32007,0.077063,342.9,78.536,6.9208,14.238,32.26,4528.3,22.874,46.784,48.795,81.695,2.4013,1.762,3031.2,42.44,54.747,94.183,9.675,63.41,34.554,49.696,2562.5,61.081,23.949,60.223,0.41862,9.1909,25.711,120.43,1.7338,72.663,22.92,2.5686,53.06,5.2283,267.77,0.020091,0.71968,68.915,17.772,44.78
339,2026-04-28T23:54:00,50.672,34.081,27.002,33.253,42.068,2636.1,3569.8,18.54,17.297,21.091,0.34296,0.077063,343.64,78.426,6.9317,14.193,33.272,4606.0,22.656,48.09,49.909,81.455,2.424,1.7588,3033.8,42.9,54.613,94.484,9.5766,63.155,37.831,49.97,2565.3,61.491,24.165,59.596,0.41529,8.9434,25.667,120.42,1.6636,73.655,22.922,2.6529,53.06,5.2833,266.73,0.020091,0.71968,68.785,18.22,44.78
340,2026-04-28T23:57:00,50.783,33.916,27.137,33.253,41.907,2642.7,3582.9,16.517,17.297,22.099,0.34465,0.077063,345.69,78.575,6.9317,14.193,33.272,4583.3,23.483,48.345,50.781,81.667,2.424,1.7588,3036.7,42.212,54.884,94.149,9.6788,63.436,40.399,49.83,2572.5,61.265,23.245,59.095,0.41643,8.9434,25.667,120.41,1.6636,73.151,22.922,2.6529,53.06,5.2833,264.36,0.020091,0.71968,68.698,18.22,44.78
341,2026-04-29T00:00:00,50.342,23.534,26.728,34.017,42.033,2643.3,3588.5,18.495,17.175,22.108,0.24245,0.077063,346.97,78.549,6.8799,14.047,32.42,4498.0,22.635,47.326,48.915,81.401,2.4018,1.7381,3036.1,42.492,54.939,94.399,9.7748,63.084,34.906,49.438,2572.8,61.031,26.027,58.511,0.41457,9.1891,25.808,120.43,1.7328,72.546,22.835,2.6452,53.06,5.2437,262.93,0.020091,0.71968,68.603,17.752,44.78
342,2026-04-29T00:03:00,51.189,23.809,26.746,34.017,41.852,2645.6,3577.6,17.904,17.175,22.157,0.23965,0.077063,347.21,78.524,6.8799,14.047,32.42,4583.4,22.87,49.285,48.995,81.3,2.4018,1.7381,3038.0,42.561,53.917,94.186,9.6422,61.454,35.142,49.14,2575.5,61.219,25.635,57.912,0.41701,9.1891,25.808,120.39,1.7328,73.16,22.835,2.6452,53.06,5.2437,261.74,0.020091,0.71968,68.457,17.752,44.78
343,2026-04-29T00:06:00,50.471,30.923,27.181,33.735,41.749,2652.7,3592.5,16.929,17.094,23.066,0.31853,0.090297,348.55,78.867,6.9807,14.051,32.927,4563.8,23.25,47.625,50.379,81.422,2.4272,1.7253,3043.1,42.319,55.431,94.261,9.6676,64.331,39.215,47.594,2583.3,61.394,24.71,56.298,0.40119,9.2614,26.011,120.41,1.5966,71.902,22.79,2.6658,52.406,5.1031,256.05,0.011549,0.66665,68.344,17.745,45.8
344,2026-04-29T00:09:00,50.729,31.214,26.843,33.735,41.834,2656.4,3560.9,17.165,17.094,22.968,0.31558,0.090297,349.84,78.095,6.9807,14.051,32.927,4584.4,23.159,48.22,49.938,81.231,2.4272,1.7253,3046.8,42.527,55.184,94.018,9.723,62.137,37.919,46.96,2586.7,61.939,24.672,55.394,0.40638,9.2614,26.011,120.4,1.5966,73.63,22.79,2.6658,52.406,5.1031,251.45,0.011549,0.66665,68.241,17.745,45.8
345,2026-04-29T00:12:00,50.628,25.851,27.012,34.31,41.965,2658.4,3554.1,16.29,17.047,23.04,0.26181,0.090297,350.72,78.35,6.7885,14.005,33.394,4598.3,23.516,47.987,50.444,80.911,2.3919,1.7586,3047.3,42.915,55.209,94.25,9.7093,66.238,39.407,47.839,2588.2,61.125,25.564,54.252,0.40295,9.0431,26.341,120.4,1.482,73.635,23.096,2.6236,52.406,5.0674,249.66,0.011549,0.66665,67.971,17.449,45.8
346,2026-04-29T00:15:00,48.422,25.829,27.105,34.31,42.344,2662.7,3594.7,18.184,17.047,23.845,0.26203,0.090297,351.89,78.637,6.7885,14.005,33.394,4612.2,22.701,42.882,47.07,80.836,2.3919,1.7586,3050.3,42.625,55.043,94.301,9.8953,62.56,29.477,46.912,2593.8,60.426,26.096,53.146,0.41054,9.0431,26.341,120.39,1.482,74.5,23.096,2.6236,52.406,5.0674,247.57,0.011549,0.66665,67.732,17.449,45.8
347,2026-04-29T00:18:00,50.315,20.265,26.847,34.612,42.206,2667.5,3603.7,15.5,17.101,23.696,0.20802,0.090297,352.38,78.757,6.94,13.929,33.436,4649.8,23.814,47.264,48.786,80.927,2.3699,1.7284,3055.4,42.591,55.517,94.101,9.7718,64.407,34.527,46.97,2598.8,61.956,25.575,52.243,0.40246,9.1178,26.108,120.41,1.4312,72.135,23.31,2.5417,52.406,5.0118,243.26,0.011549,0.66665,67.591,17.264,45.8
348,2026-04-29T00:21:00,49.981,20.39,26.739,34.612,42.429,2674.4,3593.0,17.872,17.101,24.104,0.20675,0.07258,353.31,79.005,6.94,13.929,33.436,4627.0,22.783,46.49,50.507,81.131,2.3699,1.7284,3059.9,42.478,55.791,94.104,9.9617,63.168,39.591,46.847,2605.6,62.14,24.123,49.984,0.40346,9.1178,26.108,120.41,1.4312,72.919,23.31,2.5417,52.303,5.0118,236.13,0.036727,0.66282,67.445,17.264,45.023
349,2026-04-29T00:24:00,50.925,18.673,26.928,34.538,42.093,2676.4,3580.3,17.184,16.648,24.366,0.19064,0.07258,353.47,78.471,7.1133,13.976,33.473,4637.2,23.072,48.675,48.53,81.011,2.3761,1.7147,3061.8,42.909,56.361,93.955,9.806,64.655,33.775,45.555,2608.6,61.047,25.016,48.692,0.39904,8.8772,26.686,120.4,1.4189,74.093,23.865,2.5144,52.303,4.965,228.45,0.036727,0.66282,67.28,16.806,45.023
350,2026-04-29T00:27:00,48.603,18.307,26.766,34.538,42.723,2680.4,3572.5,17.742,16.648,24.707,0.19436,0.07258,354.28,78.685,7.1133,13.976,33.473,4677.7,22.819,43.302,49.445,80.837,2.3761,1.7147,3064.7,42.384,55.877,94.214,9.8086,64.884,36.467,46.215,2611.7,61.18,21.8,47.107,0.39363,8.8772,26.686,120.39,1.4189,72.621,23.865,2.5144,52.303,4.965,224.13,0.036727,0.66282,67.063,16.806,45.023
351,2026-04-29T00:30:00,50.14,16.886,26.887,34.489,41.303,2682.3,3536.5,15.779,16.495,24.797,0.17537,0.07258,354.79,78.56,6.726,13.825,33.57,4743.6,23.642,46.858,50.298,80.634,2.3446,1.6887,3066.1,42.78,56.506,94.096,9.8255,62.492,38.978,46.645,2614.2,60.144,24.214,45.655,0.40207,8.8726,26.73,120.36,1.3473,73.587,23.829,2.4816,52.303,5.0593,218.5,0.036727,0.66282,66.811,17.606,45.023
352,2026-04-29T00:33:00,50.265,16.971,26.796,34.489,42.84,2686.7,3528.4,18.501,16.495,25.186,0.1745,0.07258,355.33,78.067,6.726,13.825,33.57,4715.8,22.505,47.148,50.845,80.417,2.3446,1.6887,3069.2,42.275,56.838,94.461,9.7621,63.468,40.586,46.445,2618.2,60.283,25.575,44.176,0.40372,8.8726,26.73,120.39,1.3473,73.667,23.829,2.4816,52.303,5.0593,213.3,0.036727,0.66282,66.497,17.606,45.023
353,2026-04-29T00:36:00,50.543,14.898,27.185,34.563,41.332,2690.2,3625.4,16.801,15.958,25.241,0.14897,0.095355,355.69,78.69,6.6701,13.725,33.482,4689.2,23.2,47.79,50.875,80.302,2.3231,1.6687,3073.6,42.824,55.456,94.109,9.7391,64.941,40.675,44.496,2622.5,61.975,24.03,42.301,0.3875,8.9103,26.718,120.36,1.3058,74.055,23.85,2.5351,53.005,5.0528,208.17,0.00051525,0.65111,66.176,16.893,44.999
354,2026-04-29T00:39:00,49.489,14.922,26.871,34.563,42.816,2696.0,3621.6,17.726,15.958,25.472,0.14873,0.095355,356.1,78.949,6.6701,13.725,33.482,4659.3,22.783,45.352,48.636,80.599,2.3231,1.6687,3077.5,42.58,55.815,94.083,9.7869,65.182,34.085,44.431,2628.6,62.04,23.722,40.525,0.38803,8.9103,26.718,120.41,1.3058,73.824,23.85,2.5351,53.005,5.0528,204.58,0.00051525,0.65111,65.935,16.893,44.999
355,2026-04-29T00:42:00,49.39,14.236,27.246,35.082,42.22,2697.9,3640.6,16.171,15.901,25.352,0.14486,0.095355,355.59,78.459,6.5465,13.73,33.332,4765.9,23.436,45.122,48.814,80.576,2.3118,1.6583,3082.3,42.674,56.546,93.815,9.8115,63.352,34.609,42.948,2630.4,62.378,23.755,39.533,0.3777,8.8014,26.603,120.38,1.3326,74.32,24.461,2.3868,53.005,4.8734,192.22,0.00051525,0.65111,65.779,16.823,44.999
356,2026-04-29T00:45:00,50.251,14.229,26.636,35.082,43.217,2699.7,3627.6,18.923,15.901,25.409,0.14493,0.095355,356.14,77.846,6.5465,13.73,33.332,4753.9,22.288,47.114,47.552,80.396,2.3118,1.6583,3081.4,43.069,56.689,94.066,9.8291,63.105,30.897,43.2,2631.6,62.601,24.83,37.656,0.37564,8.8014,26.603,120.44,1.3326,74.66,24.461,2.3868,53.005,4.8734,189.95,0.00051525,0.65111,65.524,16.823,44.999
357,2026-04-29T00:48:00,51.625,14.463,27.115,34.912,42.963,2695.3,3707.8,18.552,15.773,25.3,0.14635,0.095355,356.02,77.636,6.8176,13.621,33.592,4764.7,22.464,50.296,49.722,79.742,2.3068,1.6601,3080.6,42.772,57.054,93.892,9.8085,64.17,37.283,43.127,2627.2,62.564,24.417,36.132,0.37615,8.7829,26.843,120.41,1.3989,73.679,24.626,2.4888,53.005,4.8277,183.91,0.00051525,0.65111,65.174,16.787,44.999
358,2026-04-29T00:51:00,49.794,14.65,26.87,34.912,43.113,2697.8,3652.1,14.892,15.773,25.296,0.14445,0.078914,355.52,78.495,6.8176,13.621,33.592,4730.7,23.983,46.057,50.139,79.836,2.3068,1.6601,3080.9,42.697,57.46,93.805,9.6569,65.343,38.51,42.882,2630.7,63.522,24.007,34.297,0.37816,8.7829,26.843,120.4,1.3989,74.369,24.626,2.4888,52.47,4.8277,174.57,0.00010744,0.63171,64.792,16.787,45.388
359,2026-04-29T00:54:00,49.455,10.71,26.883,35.022,43.208,2702.3,3625.6,18.62,15.477,25.669,0.10757,0.078914,355.46,78.531,6.7753,13.843,33.852,4822.5,22.398,45.272,48.566,80.247,2.2665,1.6287,3084.1,42.625,56.782,93.956,9.6697,64.141,33.879,41.583,2635.2,61.789,23.337,32.247,0.36314,8.7233,27.098,120.41,1.225,74.917,24.557,2.4423,52.47,4.9443,171.65,0.00010744,0.63171,64.543,16.588,45.388
360,2026-04-29T00:57:00,49.188,10.718,27.274,35.022,42.578,2702.6,3636.1,14.929,15.477,25.982,0.10749,0.078914,355.56,78.203,6.7753,13.843,33.852,4787.1,23.955,44.654,50.158,80.195,2.2665,1.6287,3083.9,42.093,57.207,94.134,9.6965,62.051,38.564,41.52,2635.3,61.608,24.413,30.805,0.36365,8.7233,27.098,120.39,1.225,73.952,24.557,2.4423,52.47,4.9443,162.0,0.00010744,0.63171,64.359,16.588,45.388
361,2026-04-29T01:00:00,49.596,6.6735,26.918,35.01,42.711,2702.3,3647.3,18.773,15.311,25.354,0.066462,0.078914,354.53,78.57,6.674,13.64,32.93,4799.4,22.319,45.6,49.542,80.191,2.2418,1.6553,3085.2,42.363,57.899,93.968,9.6674,63.907,36.752,44.844,2635.1,61.868,27.381,29.31,0.38403,8.8946,26.954,120.39,1.4368,75.72,25.317,2.4055,52.47,4.7832,153.06,0.00010744,0.63171,64.085,16.747,45.388
362,2026-04-29T01:03:00,50.129,6.6096,26.938,35.01,41.754,2702.9,3629.2,16.116,15.311,25.393,0.067111,0.078914,354.25,78.045,6.674,13.64,32.93,4796.8,23.448,46.832,49.909,80.142,2.2418,1.6553,3086.0,42.341,57.93,94.31,9.7601,64.094,37.833,44.997,2634.2,62.179,25.377,27.575,0.38278,8.8946,26.954,120.37,1.4368,74.448,25.317,2.4055,52.47,4.7832,146.94,0.00010744,0.63171,63.833,16.747,45.388
363,2026-04-29T01:06:00,49.436,14.198,26.899,34.742,42.874,2705.2,3634.8,19.24,15.897,25.305,0.14329,0.078842,353.68,77.854,6.9043,13.741,33.061,4780.7,22.14,45.229,49.469,79.993,2.2838,1.6508,3087.4,42.611,58.087,93.975,9.6567,63.509,36.538,41.645,2636.2,63.12,24.132,25.315,0.36473,8.6661,27.794,120.41,1.2702,75.098,25.086,2.3847,52.288,4.8408,137.39,0.012196,0.65659,63.504,17.075,45.588
364,2026-04-29T01:09:00,50.033,13.983,26.997,34.742,41.639,2705.3,3625.6,19.742,15.897,25.092,0.14548,0.078842,353.26,77.873,6.9043,13.741,33.061,4821.9,21.933,46.61,50.553,79.871,2.2838,1.6508,3089.1,42.778,57.594,94.299,9.6586,60.309,39.726,41.968,2636.8,63.277,25.709,23.453,0.36207,8.6661,27.794,120.38,1.2702,75.475,25.086,2.3847,52.288,4.8408,128.91,0.012196,0.65659,63.164,17.075,45.588
365,2026-04-29T01:12:00,49.619,12.422,27.152,34.331,42.004,2707.5,3572.9,19.208,15.425,25.465,0.11918,0.078842,352.74,78.015,7.0131,13.676,32.993,4811.5,22.16,45.653,49.839,79.807,2.2394,1.5995,3089.2,42.431,57.229,94.245,9.5625,64.072,37.627,43.235,2638.7,62.253,23.723,21.627,0.37219,8.7897,27.156,120.38,1.5526,75.493,25.722,2.4138,52.288,4.8043,120.18,0.012196,0.65659,62.773,17.242,45.588
366,2026-04-29T01:15:00,51.443,11.793,26.975,34.331,41.056,2708.9,3575.8,13.722,15.425,25.048,0.12557,0.078842,352.5,77.919,7.0131,13.676,32.993,4778.6,24.472,49.873,51.114,79.882,2.2394,1.5995,3093.3,42.411,57.622,94.574,9.5892,63.399,41.378,43.301,2639.8,62.203,25.784,19.692,0.37166,8.7897,27.156,120.34,1.5526,75.287,25.722,2.4138,52.288,4.8043,112.83,0.012196,0.65659,62.457,17.242,45.588
367,2026-04-29T01:18:00,49.429,11.815,26.79,33.98,41.968,2716.1,3559.6,18.554,16.089,25.396,0.12114,0.078842,351.79,78.521,6.8539,13.746,32.804,4777.6,22.409,45.212,48.239,80.261,2.198,1.6336,3098.5,42.645,57.496,94.377,9.605,62.632,32.918,42.333,2647.3,61.453,22.285,17.757,0.36398,8.8803,27.967,120.39,1.3589,74.955,25.835,2.4748,52.288,4.6612,105.62,0.012196,0.65659,62.148,16.955,45.588
368,2026-04-29T01:21:00,49.884,11.743,26.993,33.98,40.335,2718.6,3549.0,17.933,16.089,25.383,0.12187,0.08745,351.74,78.31,6.8539,13.746,32.804,4788.1,22.67,46.266,49.785,80.121,2.198,1.6336,3101.6,41.899,57.371,94.806,9.5257,61.343,37.467,42.209,2649.6,61.637,26.84,16.531,0.365,8.8803,27.967,120.35,1.3589,75.679,25.835,2.4748,51.423,4.6612,93.834,0.021843,0.6698,61.886,16.955,45.446
369,2026-04-29T01:24:00,49.847,12.89,26.78,34.828,41.245,2722.4,3594.7,18.966,16.157,25.218,0.13202,0.08745,351.17,78.158,6.7885,13.421,32.88,4853.6,22.239,46.179,50.619,80.061,2.2615,1.627,3105.9,42.438,57.572,94.456,9.6261,59.373,39.921,42.858,2653.3,62.198,24.971,14.951,0.37362,8.8266,27.833,120.38,1.3567,76.062,25.616,2.3394,51.423,4.7496,84.366,0.021843,0.6698,61.511,16.496,45.446
370,2026-04-29T01:27:00,49.463,13.015,26.738,34.828,40.392,2723.7,3597.4,18.348,16.157,25.149,0.13075,0.08745,351.28,77.748,6.7885,13.421,32.88,4860.4,22.517,45.291,50.132,79.824,2.2615,1.627,3108.5,42.241,57.49,94.831,9.5385,62.983,38.488,43.313,2655.3,62.151,24.08,12.973,0.36989,8.8266,27.833,120.36,1.3567,74.828,25.616,2.3394,51.423,4.7496,79.508,0.021843,0.6698,61.16,16.496,45.446
371,2026-04-29T01:30:00,49.587,11.611,26.955,33.97,41.424,2728.0,3647.4,19.269,16.06,25.139,0.11673,0.08745,350.41,77.771,6.9422,13.52,32.614,4867.7,22.137,45.579,51.461,79.759,2.2296,1.6335,3113.4,42.352,58.875,94.596,9.4733,62.809,42.401,38.313,2659.5,61.923,24.481,11.308,0.33656,8.722,27.818,120.39,1.1149,75.133,26.357,2.3607,51.423,4.8441,71.344,0.021843,0.6698,60.78,17.478,45.446
372,2026-04-29T01:33:00,49.409,11.62,26.293,33.97,40.897,2732.8,3657.6,15.318,16.06,24.814,0.11664,0.08745,349.74,77.865,6.9422,13.52,32.614,4897.3,23.798,45.165,48.435,79.81,2.2296,1.6335,3118.2,42.167,58.521,94.672,9.5732,62.582,33.496,38.649,2664.4,61.747,22.939,9.8955,0.33381,8.722,27.818,120.41,1.1149,75.455,26.357,2.3607,51.423,4.8441,60.522,0.021843,0.6698,60.391,17.478,45.446
373,2026-04-29T01:36:00,48.268,13.452,27.365,33.422,40.703,2736.3,3567.3,18.351,16.34,25.006,0.1378,0.10827,349.14,77.976,6.8295,13.69,32.492,4776.9,22.519,42.526,49.982,79.838,2.2132,1.6429,3123.2,42.026,57.853,94.818,9.5215,62.55,38.047,40.12,2667.1,61.968,25.172,8.1338,0.33919,8.5603,28.21,120.37,1.333,76.109,26.041,2.4248,53.281,4.7759,54.137,0.019062,0.71682,60.003,17.242,45.041
374,2026-04-29T01:39:00,48.755,13.642,27.224,33.422,40.738,2740.1,3589.2,16.176,16.34,24.958,0.13587,0.10827,348.84,77.721,6.8295,13.69,32.492,4803.5,23.446,43.654,50.499,79.762,2.2132,1.6429,3126.3,41.98,57.535,94.853,9.4823,62.931,39.568,39.977,2670.5,61.591,22.694,6.6391,0.34037,8.5603,28.21,120.38,1.333,74.909,26.041,2.4248,53.281,4.7759,44.738,0.019062,0.71682,59.627,17.242,45.041
375,2026-04-29T01:42:00,50.209,14.17,27.144,33.11,39.655,2741.2,3587.6,17.4,16.53,24.875,0.14641,0.10827,348.42,77.669,6.9129,13.572,32.189,4860.8,22.946,47.017,48.896,79.449,2.2042,1.5319,3128.6,41.917,57.666,94.997,9.351,63.857,34.85,42.098,2672.3,62.603,24.346,5.1796,0.35773,8.6393,27.759,120.35,1.2701,75.842,26.307,2.3274,53.281,4.6867,35.141,0.019062,0.71682,59.182,17.31,45.041
376,2026-04-29T01:45:00,51.607,14.274,26.872,33.11,40.301,2746.0,3619.6,18.459,16.53,25.006,0.14534,0.10827,347.74,77.477,6.9129,13.572,32.189,4855.3,22.517,50.254,50.425,79.485,2.2042,1.5319,3132.9,42.196,57.732,94.971,9.4963,61.417,39.35,41.832,2676.7,62.052,25.038,3.5682,0.35992,8.6393,27.759,120.39,1.2701,75.988,26.307,2.3274,53.281,4.6867,27.459,0.019062,0.71682,58.759,17.31,45.041
377,2026-04-29T01:48:00,50.124,16.969,27.154,33.498,39.722,2752.7,3565.4,16.287,16.722,25.144,0.17352,0.10827,347.17,77.797,6.4819,13.601,32.081,4850.1,23.424,46.821,49.239,79.619,2.1337,1.6112,3139.2,42.142,57.88,95.027,9.4241,62.87,35.861,40.392,2683.7,62.264,25.735,1.9292,0.34344,8.7777,28.232,120.38,1.3048,76.014,26.24,2.3267,53.281,4.6766,20.266,0.019062,0.71682,58.336,17.705,45.041
378,2026-04-29T01:51:00,50.013,17.052,26.897,33.498,40.692,2757.9,3601.3,19.43,16.722,24.963,0.17268,0.10636,346.76,77.646,6.4819,13.601,32.081,4819.3,22.105,46.563,48.841,79.7,2.1337,1.6112,3146.4,42.468,58.249,95.007,9.2588,63.414,34.689,40.183,2688.9,61.647,24.968,1.3036,0.34515,8.7777,28.232,120.41,1.3048,75.99,26.24,2.3267,52.441,4.6766,12.446,0.016881,0.77522,58.021,17.705,45.471
379,2026-04-29T01:54:00,49.366,18.313,26.807,33.214,40.078,2759.3,3701.8,16.567,17.276,24.562,0.18185,0.10636,346.78,77.117,6.7502,13.494,31.926,4832.8,23.342,45.066,49.419,79.312,2.1933,1.5935,3149.3,42.397,57.332,94.848,9.3356,61.826,36.389,40.382,2690.5,63.872,24.95,0.18792,0.34709,8.7303,27.886,120.41,0.99698,76.428,26.091,2.3424,52.441,4.6485,4.3347,0.016881,0.77522,57.651,17.944,45.471
380,2026-04-29T01:57:00,48.832,18.171,26.877,33.214,41.493,2761.1,3705.4,20.496,17.276,24.668,0.18329,0.10636,345.68,77.385,6.7502,13.494,31.926,4817.3,21.695,43.832,48.904,79.228,2.1933,1.5935,3151.5,41.89,57.518,94.87,9.3327,60.102,34.875,40.331,2691.8,63.809,24.955,-0.036731,0.34751,8.7303,27.886,120.43,0.99698,76.799,26.091,2.3424,52.441,4.6485,2.7735,0.016881,0.77522,57.254,17.944,45.471
381,2026-04-29T02:00:00,49.823,19.696,26.901,32.798,39.467,2763.3,3627.4,17.448,16.918,24.774,0.20151,0.10636,345.36,77.563,6.7438,13.281,32.415,4773.3,22.984,46.124,49.738,79.28,2.1571,1.5971,3153.2,42.03,57.616,94.786,9.341,59.328,37.33,39.0,2693.3,63.049,24.574,0.16951,0.33164,8.5329,28.025,120.4,1.1777,75.533,26.16,2.3521,52.441,4.7111,-0.88429,0.016881,0.77522,56.98,17.991,45.471
382,2026-04-29T02:03:00,50.106,19.632,26.677,32.798,40.903,2764.9,3638.7,17.757,16.918,24.316,0.20217,0.10636,344.63,76.856,6.7438,13.281,32.415,4749.1,22.89,46.779,49.545,79.107,2.1571,1.5971,3156.0,42.259,57.906,95.076,9.4299,59.641,36.761,39.038,2694.1,62.855,25.628,0.041286,0.33132,8.5329,28.025,120.44,1.1777,76.535,26.16,2.3521,52.441,4.7111,1.0861,0.016881,0.77522,56.718,17.991,45.471
383,2026-04-29T02:06:00,49.402,14.951,26.556,32.433,39.12,2766.5,3662.8,17.819,17.496,24.51,0.15562,0.10552,344.29,77.02,6.9092,13.333,31.739,4829.5,22.88,45.151,50.772,78.973,2.1295,1.5746,3156.6,42.167,56.966,95.001,9.2702,61.415,40.373,36.1,2696.2,62.623,24.971,0.061922,0.30337,8.6523,27.616,120.35,1.2708,76.118,26.532,2.251,52.131,4.5524,0.95781,0.019046,0.87265,56.519,18.208,44.411
384,2026-04-29T02:09:00,49.751,15.107,26.755,32.433,41.025,2771.5,3652.1,18.329,17.496,24.481,0.15403,0.10552,343.08,77.379,6.9092,13.333,31.739,4761.6,22.66,45.959,50.282,79.219,2.1295,1.5746,3162.3,41.974,57.779,95.14,9.253,61.485,38.928,36.025,2701.2,62.809,23.827,0.03071,0.30399,8.6523,27.616,120.43,1.2708,77.286,26.532,2.251,52.131,4.5524,-0.08695,0.019046,0.87265,56.364,18.208,44.411
385,2026-04-29T02:12:00,48.294,21.741,26.73,32.761,39.015,2772.7,3615.6,17.151,17.251,24.249,0.21963,0.10552,343.01,77.048,6.718,13.221,31.941,4777.1,23.18,42.587,49.238,79.151,2.0899,1.5549,3164.9,42.002,57.175,95.017,9.2061,60.561,35.857,36.311,2702.5,62.037,25.544,0.34373,0.30688,8.4199,27.803,120.37,1.0903,76.409,26.281,2.2439,52.131,4.5283,-0.99889,0.019046,0.87265,56.33,18.423,44.411
386,2026-04-29T02:15:00,49.916,21.597,26.833,32.761,40.046,2776.2,3616.2,18.778,17.251,24.09,0.22109,0.10552,342.53,77.278,6.718,13.221,31.941,4781.6,22.503,46.341,48.046,79.122,2.0899,1.5549,3169.2,42.082,57.12,95.271,9.1749,59.892,32.35,35.475,2705.2,62.027,24.113,0.024439,0.31373,8.4199,27.803,120.41,1.0903,76.88,26.281,2.2439,52.131,4.5283,0.4552,0.019046,0.87265,56.271,18.423,44.411
387,2026-04-29T02:18:00,48.216,20.191,26.808,32.724,39.53,2780.1,3675.9,17.966,18.708,24.426,0.20346,0.10552,341.77,77.123,6.6993,13.315,31.375,4748.5,22.859,42.406,49.675,79.192,2.1367,1.5919,3172.1,42.195,57.066,95.085,9.1225,58.721,37.143,34.2,2709.2,62.741,25.549,0.2609,0.29295,8.3721,27.445,120.41,1.0726,76.748,26.133,2.2311,52.131,4.5574,-0.86623,0.019046,0.87265,56.16,18.632,44.411
388,2026-04-29T02:21:00,50.269,20.256,26.699,32.724,40.274,2779.4,3674.8,19.2,18.708,23.817,0.2028,0.098686,341.53,76.835,6.6993,13.315,31.375,4780.6,22.362,47.157,49.562,79.019,2.1367,1.5919,3173.7,42.07,56.682,95.0,9.2502,59.233,36.812,34.44,2708.9,62.761,24.04,1.0583,0.29098,8.3721,27.445,120.41,1.0726,77.413,26.133,2.2311,52.684,4.5574,4.3562,0.029878,0.96107,56.179,18.632,44.667
389,2026-04-29T02:24:00,50.716,25.948,27.106,32.421,39.157,2777.1,3692.6,19.261,17.976,23.448,0.2656,0.098686,340.87,76.639,6.81,13.273,31.283,4754.2,22.362,48.19,48.552,78.907,2.1126,1.5651,3174.3,42.229,56.525,94.972,9.1787,60.05,33.838,35.203,2706.0,62.781,24.836,0.82868,0.29848,8.4868,27.932,120.41,1.042,76.871,26.33,2.2455,52.684,4.466,5.5102,0.029878,0.96107,56.081,19.094,44.667
390,2026-04-29T02:27:00,49.079,26.138,27.182,32.421,41.122,2775.0,3655.0,18.491,17.976,23.267,0.26367,0.098686,339.98,76.566,6.81,13.273,31.283,4728.4,22.711,44.404,49.962,78.712,2.1126,1.5651,3173.3,42.165,56.834,95.035,9.1412,59.832,37.989,35.205,2703.8,63.428,25.179,0.7207,0.29847,8.4868,27.932,120.43,1.042,76.328,26.33,2.2455,52.684,4.466,5.3253,0.029878,0.96107,56.005,19.094,44.667
391,2026-04-29T02:30:00,48.489,27.52,26.628,32.341,39.384,2775.4,3687.3,20.893,18.868,23.456,0.28523,0.098686,339.87,76.744,6.8269,12.993,31.585,4672.2,21.71,43.036,49.565,78.869,2.0701,1.5384,3172.2,42.399,56.359,94.918,9.2557,58.657,36.821,34.219,2704.7,62.021,25.189,0.62434,0.29094,8.6842,27.87,120.38,1.0902,76.754,26.204,2.2584,52.684,4.4944,5.0457,0.029878,0.96107,55.973,18.935,44.667
392,2026-04-29T02:33:00,49.314,27.744,26.945,32.341,40.98,2774.7,3647.9,17.061,18.868,23.416,0.28296,0.098686,339.09,76.435,6.8269,12.993,31.585,4678.9,23.347,44.947,48.474,78.957,2.0701,1.5384,3172.2,42.509,56.28,95.008,9.0997,58.648,33.609,34.251,2703.0,62.699,24.903,0.64321,0.29068,8.6842,27.87,120.46,1.0902,76.951,26.204,2.2584,52.684,4.4944,3.4655,0.029878,0.96107,55.933,18.935,44.667
393,2026-04-29T02:36:00,48.33,25.675,26.877,32.278,39.978,2773.7,3646.8,16.392,18.715,23.483,0.26122,0.12674,339.03,77.072,6.8984,13.202,31.313,4729.0,23.622,42.67,50.5,79.069,2.1465,1.5347,3171.3,41.754,56.031,94.981,8.9332,60.372,39.571,29.896,2702.9,62.63,25.417,2.1477,0.25668,8.6237,27.488,120.37,1.0424,76.607,26.071,2.0685,52.012,4.4376,12.197,0.026492,1.0659,55.976,19.402,44.192
394,2026-04-29T02:39:00,49.993,25.786,26.688,32.278,40.408,2770.8,3636.6,19.326,18.715,23.215,0.2601,0.12674,338.22,76.326,6.8984,13.202,31.313,4720.6,22.416,46.519,51.653,79.17,2.1465,1.5347,3168.8,41.862,56.131,94.916,8.9237,59.409,42.965,30.138,2700.1,62.805,25.205,2.5512,0.25469,8.6237,27.488,120.43,1.0424,76.829,26.071,2.0685,52.012,4.4376,17.987,0.026492,1.0659,56.096,19.402,44.192
395,2026-04-29T02:42:00,50.24,28.959,26.778,32.115,39.951,2762.0,3630.7,18.417,19.398,22.554,0.29586,0.12674,337.66,76.011,6.7226,13.392,31.485,4681.3,22.836,47.089,47.92,78.681,2.1018,1.5944,3162.5,41.836,55.388,95.206,9.0565,57.575,31.978,32.273,2689.9,62.298,26.43,3.3341,0.27417,8.6871,27.364,120.38,0.98665,76.144,25.945,2.1831,52.012,4.4143,19.419,0.026492,1.0659,56.22,19.2,44.192
396,2026-04-29T02:45:00,50.456,28.871,26.826,32.115,39.82,2758.3,3589.9,19.402,19.398,22.779,0.29676,0.12674,337.31,76.339,6.7226,13.392,31.485,4660.3,22.437,47.589,51.34,78.717,2.1018,1.5944,3157.0,42.11,55.639,94.97,8.8682,59.085,42.042,32.528,2687.3,63.001,24.878,3.9502,0.27208,8.6871,27.364,120.41,0.98665,77.981,25.945,2.1831,52.012,4.4143,22.776,0.026492,1.0659,56.23,19.2,44.192
397,2026-04-29T02:48:00,50.31,28.269,27.096,31.598,40.259,2754.1,3665.1,22.881,19.105,22.545,0.28593,0.12674,336.82,75.911,6.7655,13.32,31.209,4689.1,21.009,47.251,49.186,78.731,2.1061,1.5505,3154.0,42.101,55.702,95.097,8.9546,60.668,35.703,34.581,2682.2,63.317,24.25,4.5826,0.29067,8.4932,27.805,120.41,1.1198,76.801,25.284,2.1599,52.012,4.5922,25.88,0.026492,1.0659,56.321,19.831,44.192
398,2026-04-29T02:51:00,48.931,28.101,27.071,31.598,40.082,2748.4,3699.2,20.862,19.105,22.094,0.28764,0.098967,335.95,76.177,6.7655,13.32,31.209,4654.6,21.876,44.06,49.696,78.772,2.1061,1.5505,3149.5,42.337,56.115,94.948,8.9738,58.427,37.204,34.723,2676.5,62.729,25.861,7.352,0.28951,8.4932,27.805,120.43,1.1198,76.323,25.284,2.1599,53.67,4.5922,38.6,0.022255,1.158,56.463,19.831,44.452
399,2026-04-29T02:54:00,48.964,31.795,27.186,31.539,40.132,2744.4,3654.6,18.641,19.399,21.929,0.32101,0.098967,334.94,76.561,6.6223,13.34,31.366,4615.3,22.816,44.136,50.282,78.987,2.1559,1.6156,3146.8,42.434,54.914,95.003,8.9693,59.686,38.93,33.51,2673.2,63.251,27.188,8.8002,0.27784,8.5765,27.483,120.41,1.2259,77.055,25.454,2.0759,53.67,4.4619,46.931,0.022255,1.158,56.817,20.245,44.452
400,2026-04-29T02:57:00,49.708,31.748,26.871,31.539,40.954,2743.9,3674.5,20.787,19.399,21.776,0.32149,0.098967,334.5,76.808,6.6223,13.34,31.366,4619.4,21.903,45.859,49.609,79.535,2.1559,1.6156,3145.2,41.958,54.866,94.817,8.8946,59.879,36.949,33.514,2671.2,62.908,25.561,10.306,0.27781,8.5765,27.483,120.42,1.2259,77.067,25.454,2.0759,53.67,4.4619,54.394,0.022255,1.158,57.214,20.245,44.452
401,2026-04-29T03:00:00,51.05,31.14,27.369,31.77,40.495,2736.1,3698.7,21.261,19.804,21.704,0.31603,0.098967,333.7,76.355,6.9214,13.423,31.558,4522.2,21.722,48.964,50.733,79.547,2.136,1.5474,3139.2,42.177,54.8,94.837,8.9775,56.042,40.258,33.564,2664.3,63.926,26.122,11.593,0.27581,8.6686,26.946,120.4,1.1136,76.665,25.333,2.1307,53.67,4.5945,64.087,0.022255,1.158,57.669,19.562,44.452
402,2026-04-29T03:03:00,48.956,31.036,26.847,31.77,40.97,2725.6,3703.8,16.259,19.804,20.839,0.31709,0.098967,332.14,75.79,6.9214,13.423,31.558,4564.4,23.864,44.117,48.859,79.353,2.136,1.5474,3130.8,42.093,54.294,94.861,8.9342,57.797,34.743,33.409,2652.2,63.837,25.833,13.159,0.27708,8.6686,26.946,120.42,1.1136,76.871,25.333,2.1307,53.67,4.5945,70.461,0.022255,1.158,58.081,19.562,44.452
403,2026-04-29T03:06:00,50.928,29.963,26.861,31.345,39.958,2716.0,3665.7,18.533,19.971,20.479,0.30606,0.1402,331.53,75.867,6.7544,13.76,31.087,4634.0,22.931,48.683,49.452,79.22,2.1712,1.5571,3122.5,42.346,54.947,95.005,8.9523,57.507,36.487,34.143,2642.6,61.973,27.811,16.751,0.2839,8.674,26.698,120.37,1.1096,75.847,25.197,2.2082,53.71,4.5631,86.016,0.010907,1.213,58.403,19.833,43.41
404,2026-04-29T03:09:00,50.224,29.953,26.784,31.345,39.918,2712.2,3625.8,17.863,19.971,20.536,0.30615,0.1402,331.72,76.254,6.7544,13.76,31.087,4550.9,23.217,47.052,51.027,79.428,2.1712,1.5571,3116.2,42.155,55.943,95.203,8.7949,58.105,41.123,34.448,2639.4,62.66,23.771,18.703,0.2814,8.674,26.698,120.38,1.1096,77.583,25.197,2.2082,53.71,4.5631,101.63,0.010907,1.213,58.873,19.833,43.41
405,2026-04-29T03:12:00,52.039,35.321,27.041,31.267,40.047,2707.6,3646.9,21.385,20.122,19.917,0.3606,0.1402,329.76,76.452,6.8193,13.643,31.464,4557.0,21.738,51.253,49.674,79.689,2.1955,1.6045,3114.4,41.933,55.049,94.989,8.741,60.423,37.139,38.862,2634.0,63.803,27.275,21.28,0.31651,9.0337,26.788,120.4,0.98524,76.039,24.505,2.2469,53.71,4.6417,109.95,0.010907,1.213,59.454,20.153,43.41
406,2026-04-29T03:15:00,49.858,35.494,26.765,31.267,39.799,2702.7,3700.4,16.837,20.122,19.425,0.35885,0.1402,328.94,76.636,6.8193,13.643,31.464,4586.5,23.652,46.206,49.133,79.987,2.1955,1.6045,3111.0,42.195,54.696,95.023,8.7641,60.171,35.549,38.979,2629.3,62.882,25.021,23.38,0.31556,9.0337,26.788,120.39,0.98524,76.189,24.505,2.2469,53.71,4.6417,123.36,0.010907,1.213,59.994,20.153,43.41
407,2026-04-29T03:18:00,52.412,32.737,26.943,31.144,40.51,2696.4,3643.5,19.588,20.148,19.248,0.33287,0.1402,327.94,76.397,6.8695,13.629,30.878,4547.3,22.503,52.115,49.442,80.144,2.1833,1.641,3107.0,42.416,54.173,94.968,8.9394,56.734,36.459,37.064,2622.8,63.382,24.37,25.724,0.30398,8.8545,26.365,120.42,1.0862,75.508,24.904,2.2649,53.71,4.5386,133.75,0.010907,1.213,60.611,20.064,43.41
408,2026-04-29T03:21:00,49.315,32.726,26.777,31.144,39.983,2689.9,3644.0,18.721,20.148,18.945,0.33298,0.13678,327.25,76.519,6.8695,13.629,30.878,4548.8,22.873,44.948,50.258,80.13,2.1833,1.641,3100.5,42.352,54.156,95.135,8.8743,57.348,38.858,37.467,2615.5,63.374,25.853,29.588,0.30067,8.8545,26.365,120.37,1.0862,76.405,24.904,2.2649,54.101,4.5386,149.7,0.042137,1.2275,61.149,20.064,44.333
409,2026-04-29T03:24:00,49.077,39.278,27.021,31.207,40.115,2686.7,3674.0,19.116,20.759,19.136,0.40092,0.13678,326.77,76.34,6.9357,13.735,30.677,4516.0,22.718,44.398,51.887,80.333,2.1974,1.6351,3096.5,42.219,54.545,94.98,8.888,59.993,43.654,37.11,2612.6,62.453,25.94,32.393,0.2983,8.9673,26.512,120.41,0.98045,77.034,23.845,2.2783,54.101,4.6488,164.33,0.042137,1.2275,61.783,20.515,44.333
410,2026-04-29T03:27:00,49.804,39.291,26.905,31.207,40.277,2680.5,3671.3,18.558,20.759,18.25,0.40078,0.13678,325.45,76.753,6.9357,13.735,30.677,4568.3,22.952,46.081,48.818,80.322,2.1974,1.6351,3092.7,42.31,53.919,95.149,8.7896,59.594,34.621,36.944,2605.8,62.498,24.283,35.44,0.29966,8.9673,26.512,120.38,0.98045,76.829,23.845,2.2783,54.101,4.6488,175.97,0.042137,1.2275,62.403,20.515,44.333
411,2026-04-29T03:30:00,50.975,42.78,26.7,31.362,40.781,2678.1,3622.5,20.386,20.849,18.192,0.43344,0.13678,325.19,76.709,6.854,13.849,31.322,4526.6,22.185,48.792,50.602,80.578,2.2174,1.6253,3090.0,42.239,53.056,94.986,8.8182,57.416,39.871,38.42,2603.6,62.739,24.723,38.241,0.30911,8.9364,25.938,120.41,1.2352,75.608,23.546,2.202,54.101,4.8229,190.1,0.042137,1.2275,62.969,20.455,44.333
412,2026-04-29T03:33:00,51.074,42.723,27.301,31.362,39.768,2673.8,3616.2,19.552,20.849,18.413,0.43402,0.13678,324.56,76.385,6.854,13.849,31.322,4467.0,22.55,49.019,50.713,80.593,2.2174,1.6253,3085.7,41.651,53.769,95.135,8.7885,59.325,40.199,38.317,2599.3,62.847,25.689,41.209,0.30995,8.9364,25.938,120.4,1.2352,75.381,23.546,2.202,54.101,4.8229,202.09,0.042137,1.2275,63.59,20.455,44.333
413,2026-04-29T03:36:00,50.626,37.836,27.037,30.95,39.774,2667.6,3655.0,18.256,20.947,18.252,0.38373,0.10922,324.83,76.608,6.9726,13.922,31.055,4451.4,23.098,47.983,49.824,80.576,2.1976,1.6432,3080.0,42.073,53.815,95.128,8.7864,58.169,37.583,40.108,2592.8,62.884,25.813,45.11,0.31998,8.9509,25.567,120.4,1.1418,75.83,23.651,2.3334,53.786,4.7788,215.26,0.013863,1.2011,64.128,20.191,42.476
414,2026-04-29T03:39:00,49.544,37.857,26.396,30.95,40.062,2663.6,3644.4,20.336,20.947,17.485,0.38352,0.10922,323.97,76.716,6.9726,13.922,31.055,4454.7,22.219,45.478,49.842,80.762,2.1976,1.6432,3077.6,42.291,53.776,95.194,8.8101,56.685,37.635,40.159,2589.2,63.067,26.404,48.167,0.31956,8.9509,25.567,120.41,1.1418,75.886,23.651,2.3334,53.786,4.7788,230.93,0.013863,1.2011,64.7,20.191,42.476
415,2026-04-29T03:42:00,49.279,41.45,26.705,30.81,39.767,2662.3,3648.9,19.837,21.515,17.608,0.41944,0.10922,323.26,76.869,7.0314,13.969,31.383,4450.0,22.42,44.866,49.637,81.007,2.2297,1.6376,3076.3,42.185,54.221,95.098,8.8756,59.944,37.033,40.836,2587.0,61.92,25.351,51.648,0.33085,8.8422,25.99,120.37,1.2677,76.105,23.094,2.3521,53.786,4.8492,241.57,0.013863,1.2011,65.31,20.413,42.476
416,2026-04-29T03:45:00,51.888,41.125,27.054,30.81,40.764,2657.2,3647.9,18.762,21.515,17.214,0.42274,0.10922,322.62,76.637,7.0314,13.969,31.383,4463.7,22.882,50.903,51.04,80.958,2.2297,1.6376,3074.5,42.383,54.057,95.166,8.8057,60.386,41.162,41.257,2581.3,61.936,23.488,54.84,0.3274,8.8422,25.99,120.41,1.2677,75.361,23.094,2.3521,53.786,4.8492,255.16,0.013863,1.2011,65.889,20.413,42.476
417,2026-04-29T03:48:00,49.95,39.28,27.154,31.807,39.286,2655.0,3611.0,18.189,21.47,17.175,0.39829,0.10922,322.42,76.842,6.9547,13.894,30.833,4459.8,23.122,46.417,49.796,81.011,2.2286,1.6439,3070.7,42.011,53.301,95.253,8.9933,56.395,37.5,41.774,2579.4,61.942,24.996,58.273,0.33486,8.9622,24.962,120.36,1.2755,75.15,22.492,2.3535,53.786,4.8577,265.86,0.013863,1.2011,66.418,20.515,42.476
418,2026-04-29T03:51:00,51.121,39.11,26.978,31.807,40.038,2653.6,3600.0,18.74,21.47,17.347,0.40002,0.11692,322.22,77.074,6.9547,13.894,30.833,4456.6,22.882,49.127,49.789,81.17,2.2286,1.6439,3068.7,42.175,53.34,95.156,8.9825,58.052,37.479,42.171,2577.5,62.131,24.543,61.5,0.33161,8.9622,24.962,120.41,1.2755,74.962,22.492,2.3535,54.222,4.8577,278.61,0.029251,1.1437,66.943,20.515,43.709
419,2026-04-29T03:54:00,49.462,45.594,27.22,31.114,40.24,2651.1,3618.5,20.104,21.367,17.153,0.4629,0.11692,322.35,76.863,7.0393,13.873,31.219,4402.3,22.307,45.289,50.869,81.321,2.3211,1.6949,3067.3,42.274,53.455,95.126,8.9578,58.066,40.656,40.99,2575.9,62.382,25.739,64.733,0.32625,8.9101,25.19,120.39,1.396,74.743,22.251,2.375,54.222,5.0325,291.07,0.029251,1.1437,67.478,20.68,43.709
420,2026-04-29T03:57:00,50.514,45.527,26.885,31.114,40.365,2646.2,3603.8,19.071,21.367,16.98,0.46358,0.11692,322.38,76.614,7.0393,13.873,31.219,4451.7,22.75,47.724,50.89,81.232,2.3211,1.6949,3063.3,42.421,52.863,94.883,8.9772,58.243,40.719,40.829,2571.6,62.634,24.914,68.29,0.32758,8.9101,25.19,120.42,1.396,75.346,22.251,2.375,54.222,5.0325,299.66,0.029251,1.1437,67.978,20.68,43.709
421,2026-04-29T04:00:00,50.435,43.046,26.584,31.52,40.134,2643.1,3610.9,17.68,21.11,17.305,0.43824,0.11692,323.57,77.126,6.884,13.998,31.493,4409.4,23.324,47.541,50.012,81.302,2.3125,1.6508,3057.7,42.307,52.658,95.012,8.8786,58.39,38.137,40.42,2568.5,61.662,24.543,71.613,0.3269,9.0396,24.687,120.41,1.4363,74.627,22.206,2.3504,54.222,4.934,310.69,0.029251,1.1437,68.436,21.064,43.709
422,2026-04-29T04:03:00,50.303,43.326,26.577,31.52,41.603,2638.0,3647.2,18.285,21.11,16.813,0.43539,0.11692,322.71,76.893,6.884,13.998,31.493,4391.0,23.067,47.234,50.194,81.45,2.3125,1.6508,3055.0,42.301,52.878,94.818,8.9808,57.321,38.67,40.619,2562.7,61.036,26.697,75.084,0.32526,9.0396,24.687,120.43,1.4363,74.72,22.206,2.3504,54.222,4.934,319.83,0.029251,1.1437,68.907,21.064,43.709
423,2026-04-29T04:06:00,48.576,41.166,26.839,31.936,40.29,2630.6,3624.3,14.963,22.128,16.917,0.42164,0.10743,322.79,76.681,6.9663,14.011,31.772,4371.6,24.474,43.237,50.213,81.369,2.2893,1.6631,3047.0,42.24,51.814,94.788,8.7814,60.66,38.727,42.098,2555.6,62.718,26.295,77.748,0.342,9.1678,24.406,120.4,1.5346,76.147,21.543,2.4307,53.159,4.9306,328.14,0.011241,1.0648,69.373,20.727,44.368
424,2026-04-29T04:09:00,52.379,41.423,26.82,31.936,41.136,2625.5,3609.6,19.922,22.128,16.746,0.41903,0.10743,322.31,76.968,6.9663,14.011,31.772,4336.2,22.368,52.04,51.941,81.585,2.2893,1.6631,3041.2,42.713,52.238,94.647,8.9053,57.43,43.814,42.594,2550.2,62.971,26.213,80.893,0.33793,9.1678,24.406,120.42,1.5346,75.438,21.543,2.4307,53.159,4.9306,336.32,0.011241,1.0648,69.793,20.727,44.368
425,2026-04-29T04:12:00,49.837,39.178,27.458,32.14,40.621,2617.3,3627.9,18.26,21.081,16.781,0.39955,0.10743,322.09,77.113,6.9642,14.198,31.329,4375.4,23.058,46.158,50.143,81.747,2.3028,1.6413,3034.2,42.298,52.241,94.674,8.9027,59.907,38.522,42.52,2542.6,61.893,25.166,83.963,0.34355,9.1848,24.485,120.41,1.4458,74.636,21.326,2.4455,53.159,4.9789,345.14,0.011241,1.0648,70.251,20.583,44.368
426,2026-04-29T04:15:00,49.823,39.022,26.582,32.14,41.485,2609.2,3600.2,19.425,21.081,16.12,0.40114,0.10743,322.16,76.935,6.9642,14.198,31.329,4398.3,22.572,46.124,50.229,81.668,2.3028,1.6413,3025.6,42.133,51.966,94.615,9.0151,58.923,38.772,42.782,2534.3,62.37,25.227,86.985,0.3414,9.1848,24.485,120.43,1.4458,74.769,21.326,2.4455,53.159,4.9789,354.32,0.011241,1.0648,70.653,20.583,44.368
427,2026-04-29T04:18:00,51.566,44.108,26.458,31.914,40.513,2600.7,3632.3,16.524,21.606,15.831,0.44841,0.10743,321.38,76.828,7.0551,14.248,31.481,4347.5,23.805,50.158,51.033,81.558,2.2683,1.7021,3017.2,42.617,52.612,94.634,9.2892,57.723,41.141,45.6,2524.9,61.757,25.108,90.085,0.36279,9.1846,24.074,120.39,1.5571,75.361,21.007,2.4871,53.159,5.0479,362.47,0.011241,1.0648,71.022,20.47,44.368
428,2026-04-29T04:21:00,50.158,43.948,27.19,31.914,41.761,2596.3,3588.6,16.67,21.606,16.451,0.45005,0.11418,322.08,77.296,7.0551,14.248,31.481,4361.6,23.727,46.9,50.249,81.783,2.2683,1.7021,3010.3,42.674,52.443,94.553,9.0008,59.778,38.833,46.041,2520.3,62.51,26.007,92.166,0.35918,9.1846,24.074,120.44,1.5571,75.414,21.007,2.4871,54.31,5.0479,364.67,0.00056566,0.97017,71.339,20.47,43.803
429,2026-04-29T04:24:00,50.535,43.312,26.908,32.641,40.916,2590.7,3566.7,16.949,21.197,16.206,0.44334,0.11418,322.01,77.498,7.1274,14.193,31.564,4384.5,23.593,47.772,51.541,82.125,2.2904,1.674,3006.1,42.375,52.15,94.604,9.0465,58.864,42.635,46.287,2515.4,61.969,27.159,94.628,0.37295,9.1614,23.97,120.41,1.6606,75.056,20.178,2.4821,54.31,5.1165,372.13,0.00056566,0.97017,71.725,20.525,43.803
430,2026-04-29T04:27:00,49.224,43.234,26.661,32.641,42.22,2585.3,3574.7,17.952,21.197,16.045,0.44413,0.11418,322.19,77.531,7.1274,14.193,31.564,4346.7,23.15,44.739,49.367,82.396,2.2904,1.674,2999.7,42.28,52.602,94.46,9.1234,60.155,36.237,46.528,2510.6,61.831,24.549,97.422,0.37098,9.1614,23.97,120.44,1.6606,74.113,20.178,2.4821,54.31,5.1165,375.65,0.00056566,0.97017,72.145,20.525,43.803
431,2026-04-29T04:30:00,49.761,43.528,27.249,31.922,40.87,2579.3,3562.5,18.479,21.199,16.042,0.43889,0.11418,322.52,77.665,7.1886,14.282,31.898,4316.4,22.913,45.981,51.3,82.435,2.3439,1.6867,2993.7,42.693,52.543,94.553,9.1652,58.786,41.926,46.511,2503.2,61.21,25.055,100.03,0.36393,9.2215,23.861,120.39,1.7554,74.155,20.739,2.5282,54.31,5.2166,381.08,0.00056566,0.97017,72.528,20.493,43.803
432,2026-04-29T04:33:00,51.484,43.17,26.84,31.922,41.225,2573.0,3544.0,18.076,21.199,16.057,0.44253,0.11418,322.49,77.361,7.1886,14.282,31.898,4329.0,23.084,49.968,51.456,82.446,2.3439,1.6867,2986.2,42.836,52.392,94.458,9.2139,59.165,42.384,46.524,2497.8,61.529,25.903,100.08,0.36382,9.2215,23.861,120.41,1.7554,74.093,20.739,2.5282,54.31,5.2166,381.95,0.00056566,0.97017,72.829,20.493,43.803
433,2026-04-29T04:36:00,50.396,40.734,26.892,32.32,41.141,2568.9,3551.9,16.757,21.211,16.336,0.4122,0.084581,324.05,78.058,6.9991,14.254,31.608,4344.4,23.598,47.452,48.774,82.818,2.3716,1.6888,2980.9,42.081,51.992,94.575,9.1077,60.721,34.492,47.454,2495.1,60.596,26.613,99.695,0.3808,9.3504,23.912,120.4,1.5688,74.889,20.304,2.6581,53.332,5.3004,382.64,0.018128,0.89251,73.078,20.455,43.72
434,2026-04-29T04:39:00,48.158,40.534,26.685,32.32,41.314,2563.0,3524.5,16.028,21.211,16.183,0.41423,0.084581,324.08,77.581,6.9991,14.254,31.608,4348.6,23.901,42.271,50.084,82.778,2.3716,1.6888,2974.6,42.222,51.941,94.513,9.1055,59.426,38.346,47.236,2489.4,61.066,25.996,99.993,0.38259,9.3504,23.912,120.41,1.5688,74.614,20.304,2.6581,53.332,5.3004,378.87,0.018128,0.89251,73.256,20.455,43.72
435,2026-04-29T04:42:00,50.405,43.729,27.121,33.144,40.87,2556.4,3573.5,18.11,21.19,16.188,0.44682,0.084581,324.11,77.069,7.1201,14.406,32.045,4330.9,23.041,47.471,48.078,82.411,2.4218,1.7075,2968.0,42.245,51.962,94.648,9.2759,61.535,32.443,47.698,2481.7,61.686,25.705,99.929,0.37792,9.3087,23.708,120.37,1.7053,74.435,20.244,2.5721,53.332,5.3638,377.81,0.018128,0.89251,73.301,20.177,43.72
436,2026-04-29T04:45:00,50.658,43.887,27.067,33.144,41.897,2550.6,3587.6,16.543,21.19,16.264,0.4452,0.084581,325.12,77.528,7.1201,14.406,32.045,4350.4,23.691,48.058,49.752,82.31,2.4218,1.7075,2963.1,42.704,51.729,94.512,9.3605,60.561,37.371,47.241,2476.9,61.443,28.705,99.819,0.38167,9.3087,23.708,120.41,1.7053,73.655,20.244,2.5721,53.332,5.3638,379.38,0.018128,0.89251,73.257,20.177,43.72
437,2026-04-29T04:48:00,51.311,40.016,26.939,32.982,40.639,2552.5,3564.5,18.455,20.59,16.623,0.40758,0.084581,326.84,78.537,6.9402,14.426,33.041,4341.3,22.836,49.568,48.762,82.84,2.3927,1.7588,2961.5,42.346,52.261,94.613,9.2972,61.724,34.456,49.799,2478.6,60.612,26.641,99.959,0.40012,9.466,24.007,120.37,1.4897,73.77,20.095,2.6099,53.332,5.4117,378.27,0.018128,0.89251,73.295,20.142,43.72
438,2026-04-29T04:51:00,50.094,40.04,27.044,32.982,41.513,2552.6,3550.7,16.49,20.59,16.614,0.40733,0.092981,326.7,78.379,6.9402,14.426,33.041,4351.6,23.642,46.753,48.432,83.164,2.3927,1.7588,2961.5,42.411,52.138,94.475,9.4385,60.67,33.485,49.699,2478.0,60.849,25.633,99.84,0.40094,9.466,24.007,120.42,1.4897,73.16,20.095,2.6099,53.582,5.4117,375.26,0.022266,0.81418,73.43,20.142,45.551
439,2026-04-29T04:54:00,50.098,30.147,27.062,33.769,41.24,2550.8,3552.6,17.546,20.515,16.296,0.30802,0.092981,327.28,78.588,6.9644,14.354,32.816,4380.1,23.162,46.761,48.807,83.32,2.3867,1.7269,2959.7,42.731,51.648,94.533,9.4671,60.739,34.589,50.605,2476.7,62.254,25.252,100.07,0.40527,9.2717,23.664,120.4,1.4232,73.348,19.746,2.735,53.582,5.2674,372.82,0.022266,0.81418,73.558,19.596,45.551
440,2026-04-29T04:57:00,51.1,30.279,27.007,33.769,42.277,2550.0,3574.9,18.905,20.515,17.289,0.30667,0.092981,329.14,78.564,6.9644,14.354,32.816,4335.2,22.564,49.079,50.867,83.383,2.3867,1.7269,2956.8,42.462,52.185,94.473,9.4015,62.605,40.653,50.833,2476.9,61.871,26.312,99.914,0.40339,9.2717,23.664,120.43,1.4232,74.726,19.746,2.735,53.582,5.2674,373.51,0.022266,0.81418,73.66,19.596,45.551
441,2026-04-29T05:00:00,50.078,31.56,26.681,33.741,41.221,2548.5,3589.5,18.482,20.312,16.846,0.32171,0.092981,329.44,78.082,6.8585,14.539,32.954,4372.5,22.732,46.714,48.695,83.398,2.4089,1.7015,2956.0,42.284,52.895,94.445,9.5971,59.974,34.259,49.76,2475.1,61.342,25.832,99.917,0.40327,9.2601,23.791,120.38,1.7077,71.867,19.666,2.7384,53.582,5.5918,370.61,0.022266,0.81418,73.742,19.534,45.551
442,2026-04-29T05:03:00,49.236,31.533,26.97,33.741,41.575,2546.7,3551.1,18.692,20.312,16.753,0.32198,0.092981,329.62,78.25,6.8585,14.539,32.954,4440.0,22.628,44.767,49.412,83.075,2.4089,1.7015,2953.3,42.643,52.087,94.485,9.5608,61.747,36.369,49.806,2471.8,62.003,24.119,100.06,0.40289,9.2601,23.791,120.39,1.7077,72.999,19.666,2.7384,53.582,5.5918,371.23,0.022266,0.81418,73.7,19.534,45.551
443,2026-04-29T05:06:00,50.414,29.426,26.265,33.894,40.576,2546.2,3577.6,15.224,19.467,16.722,0.30212,0.08195,331.24,78.193,6.9212,14.501,32.159,4350.2,24.081,47.491,50.024,82.938,2.4115,1.7306,2952.1,42.495,53.183,94.568,9.494,63.502,38.17,52.65,2472.7,62.447,26.167,99.486,0.42762,9.3005,24.24,120.4,1.5977,72.897,19.474,2.7267,54.096,5.6601,370.03,0.04822,0.73529,73.621,19.352,45.418
444,2026-04-29T05:09:00,48.614,29.675,26.236,33.894,42.127,2549.4,3593.6,16.911,19.467,17.384,0.29958,0.08195,332.48,78.97,6.9212,14.501,32.159,4407.9,23.328,43.326,49.691,83.187,2.4115,1.7306,2954.1,42.721,52.493,94.414,9.523,63.095,37.19,52.605,2476.4,62.171,24.211,99.674,0.42799,9.3005,24.24,120.41,1.5977,73.005,19.474,2.7267,54.096,5.6601,373.53,0.04822,0.73529,73.554,19.352,45.418
445,2026-04-29T05:12:00,51.0,36.731,26.906,34.263,42.358,2555.9,3571.4,17.78,19.297,17.383,0.374,0.08195,333.54,78.974,7.1359,14.612,32.964,4399.3,22.936,48.849,48.27,83.47,2.4373,1.7524,2960.1,42.654,52.928,94.361,9.6028,62.948,33.008,52.659,2482.6,61.996,25.852,99.964,0.42776,9.2917,23.545,120.43,1.5614,73.159,19.461,2.6644,54.096,5.548,370.72,0.04822,0.73529,73.64,18.856,45.418
446,2026-04-29T05:15:00,48.34,36.818,26.904,34.263,42.201,2560.5,3570.9,17.511,19.297,18.155,0.37312,0.08195,335.25,79.291,7.1359,14.612,32.964,4394.8,23.01,42.693,49.761,83.623,2.4373,1.7524,2964.2,42.484,52.983,94.225,9.5137,64.268,37.397,52.094,2488.8,62.004,26.553,99.88,0.43239,9.2917,23.545,120.41,1.5614,72.443,19.461,2.6644,54.096,5.548,372.67,0.04822,0.73529,73.739,18.856,45.418
447,2026-04-29T05:18:00,51.823,28.514,27.25,34.501,41.624,2564.5,3507.9,16.919,18.77,18.739,0.29402,0.08195,336.41,79.124,6.7814,14.56,33.432,4474.1,23.235,50.753,52.804,83.598,2.4312,1.755,2966.0,42.835,53.195,94.37,9.7359,62.695,46.352,54.944,2491.5,61.069,24.584,99.731,0.44219,9.3083,23.503,120.4,1.6342,72.997,19.67,2.7173,54.096,5.4787,371.58,0.04822,0.73529,73.792,19.45,45.418
448,2026-04-29T05:21:00,49.814,28.587,26.985,34.501,41.26,2566.5,3538.2,16.907,18.77,18.844,0.29328,0.077172,337.92,78.877,6.7814,14.56,33.432,4467.9,23.226,46.102,47.584,83.326,2.4312,1.755,2967.1,42.63,53.269,94.379,9.6208,64.258,30.99,54.093,2493.7,60.546,26.054,98.369,0.44916,9.3083,23.503,120.37,1.6342,73.116,19.67,2.7173,52.504,5.4787,368.49,0.01085,0.65442,73.752,19.45,44.566
449,2026-04-29T05:24:00,49.521,23.47,26.776,34.176,42.829,2569.2,3599.0,14.215,18.668,18.976,0.23381,0.077172,339.75,78.683,6.9503,14.236,33.62,4384.4,24.347,45.426,50.934,83.172,2.4178,1.7382,2969.0,42.517,52.749,94.26,9.6557,65.913,40.849,54.228,2497.3,62.537,24.689,98.073,0.44583,9.2431,23.274,120.42,1.5908,73.123,20.21,2.7199,52.504,5.5272,367.01,0.01085,0.65442,73.648,19.075,44.566
450,2026-04-29T05:27:00,51.48,23.26,26.822,34.176,41.166,2568.8,3629.3,16.302,18.668,19.05,0.23594,0.077172,339.94,78.542,6.9503,14.236,33.62,4356.5,23.461,49.959,51.861,82.776,2.4178,1.7382,2969.1,42.619,53.082,94.351,9.8124,64.316,43.578,53.9,2496.5,62.016,25.745,97.66,0.44852,9.2431,23.274,120.39,1.5908,71.858,20.21,2.7199,52.504,5.5272,366.9,0.01085,0.65442,73.487,19.075,44.566
451,2026-04-29T05:30:00,51.802,20.074,26.785,35.445,41.904,2575.6,3606.3,15.719,18.562,19.759,0.2041,0.077172,342.59,79.485,6.8208,14.19,33.385,4429.6,23.665,50.703,49.283,82.947,2.4337,1.737,2971.6,42.653,53.045,94.236,9.8373,64.953,35.991,50.02,2504.5,60.945,25.363,97.257,0.41634,9.1225,23.753,120.41,1.3556,71.693,20.448,2.8,52.504,5.5591,366.78,0.01085,0.65442,73.362,18.496,44.566
452,2026-04-29T05:33:00,48.436,19.995,26.555,35.445,41.388,2584.8,3575.2,16.29,18.562,20.202,0.20491,0.077172,343.62,79.749,6.8208,14.19,33.385,4420.4,23.38,42.915,49.596,83.364,2.4337,1.737,2980.0,42.298,53.155,94.216,9.7985,64.662,36.911,50.335,2513.6,61.48,24.348,96.949,0.41376,9.1225,23.753,120.39,1.3556,71.754,20.448,2.8,52.504,5.5591,365.51,0.01085,0.65442,73.356,18.496,44.566
453,2026-04-29T05:36:00,47.826,21.225,26.769,35.353,42.891,2590.3,3588.4,18.568,18.066,19.993,0.2106,0.081508,344.47,79.212,6.811,14.258,33.23,4505.5,22.411,41.503,48.258,83.23,2.3791,1.7053,2987.1,42.762,53.556,94.075,9.8813,63.785,32.973,49.729,2519.5,62.386,25.66,94.64,0.41337,9.0822,24.256,120.43,1.5281,72.651,20.405,2.7245,52.415,5.5227,360.63,0.018745,0.62268,73.367,17.958,45.476
454,2026-04-29T05:39:00,48.266,20.979,27.106,35.353,41.615,2594.0,3598.7,17.351,18.066,21.053,0.21311,0.081508,346.43,79.049,6.811,14.258,33.23,4500.7,22.914,42.522,50.061,82.899,2.3791,1.7053,2988.5,42.058,53.614,94.021,9.9158,65.069,38.279,49.632,2524.4,62.209,26.455,93.592,0.41416,9.0822,24.256,120.42,1.5281,71.668,20.405,2.7245,52.415,5.5227,356.43,0.018745,0.62268,73.209,17.958,45.476
455,2026-04-29T05:42:00,50.146,21.529,26.604,35.151,42.874,2597.5,3573.3,16.937,17.799,20.972,0.21413,0.081508,347.06,79.034,6.9018,14.085,34.023,4585.3,23.079,46.871,51.858,82.539,2.3497,1.6751,2992.2,42.268,54.013,94.088,10.074,64.041,43.568,51.044,2527.4,62.794,24.944,92.214,0.42236,9.1985,24.418,120.43,1.5099,72.226,20.979,2.7846,52.415,5.556,356.06,0.018745,0.62268,72.994,18.161,45.476
456,2026-04-29T05:45:00,51.405,21.383,26.745,35.151,41.924,2604.2,3614.4,16.476,17.799,21.42,0.21561,0.081508,348.45,78.901,6.9018,14.085,34.023,4503.4,23.267,49.786,50.59,82.432,2.3497,1.6751,2996.8,42.983,54.994,94.005,9.9696,63.806,39.836,50.702,2534.1,62.087,22.834,90.907,0.42517,9.1985,24.418,120.37,1.5099,72.437,20.979,2.7846,52.415,5.556,355.0,0.018745,0.62268,72.774,18.161,45.476
457,2026-04-29T05:48:00,51.16,12.039,26.804,35.462,42.982,2611.3,3605.0,17.523,17.529,22.112,0.12734,0.081508,349.97,79.291,6.6998,13.881,33.799,4564.1,22.797,49.218,49.718,82.548,2.3705,1.6779,3001.8,42.67,53.891,93.95,9.9141,66.514,37.271,48.377,2542.1,61.476,23.083,89.595,0.41037,8.921,24.67,120.4,1.5012,71.921,21.285,2.688,52.415,5.4896,354.06,0.018745,0.62268,72.603,17.344,45.476
458,2026-04-29T05:51:00,51.374,12.317,26.9,35.462,41.894,2616.0,3608.9,15.558,17.529,22.389,0.12451,0.072362,350.21,79.329,6.6998,13.881,33.799,4536.7,23.602,49.715,48.975,82.489,2.3705,1.6779,3006.7,42.189,54.219,94.087,9.9098,66.038,35.084,48.676,2547.2,61.409,26.058,87.811,0.40791,8.921,24.67,120.4,1.5012,72.316,21.285,2.688,52.756,5.4896,345.38,0.016722,0.58965,72.448,17.344,44.881
459,2026-04-29T05:54:00,48.392,12.56,26.617,35.423,43.58,2624.3,3609.6,14.372,17.06,22.391,0.12956,0.072362,351.69,79.423,6.8942,14.101,33.572,4663.6,24.08,42.812,49.128,82.57,2.3046,1.6775,3014.2,42.81,54.877,93.898,9.9564,64.229,35.534,46.015,2555.5,63.245,25.295,86.035,0.38689,9.0672,25.203,120.44,1.4229,72.74,21.348,2.7083,52.756,5.4215,344.06,0.016722,0.58965,72.317,17.743,44.881
460,2026-04-29T05:57:00,50.585,12.457,26.989,35.423,42.793,2628.1,3688.2,15.895,17.06,22.696,0.13061,0.072362,351.95,78.934,6.8942,14.101,33.572,4609.3,23.436,47.887,49.666,82.315,2.3046,1.6775,3018.6,42.907,55.526,93.807,9.9969,62.608,37.116,45.765,2559.4,61.892,23.453,84.835,0.38893,9.0672,25.203,120.41,1.4229,72.976,21.348,2.7083,52.756,5.4215,336.34,0.016722,0.58965,72.156,17.743,44.881
461,2026-04-29T06:00:00,50.305,13.331,27.201,35.645,42.661,2631.0,3613.3,12.447,17.004,23.111,0.13441,0.072362,352.85,78.997,6.6286,13.918,33.745,4583.3,24.876,47.24,50.336,82.063,2.3318,1.6208,3019.5,42.372,55.067,93.953,9.8605,64.845,39.09,48.706,2562.3,61.557,24.535,83.021,0.41533,8.9733,25.191,120.38,1.5178,73.762,21.537,2.6846,52.756,5.2992,335.64,0.016722,0.58965,71.956,17.093,44.881
462,2026-04-29T06:03:00,50.587,13.07,26.751,35.645,42.437,2635.5,3603.5,17.804,17.004,22.842,0.13707,0.072362,352.84,78.912,6.6286,13.918,33.745,4555.6,22.613,47.893,49.092,81.902,2.3318,1.6208,3024.9,42.864,55.398,94.006,9.8915,65.599,35.428,48.615,2566.2,61.725,26.211,81.356,0.41607,8.9733,25.191,120.41,1.5178,73.978,21.537,2.6846,52.756,5.2992,333.35,0.016722,0.58965,71.714,17.093,44.881
463,2026-04-29T06:06:00,51.026,10.359,26.968,35.483,42.1,2641.7,3688.0,16.162,16.749,23.406,0.1006,0.074736,353.65,79.259,6.8405,13.937,33.548,4688.9,23.284,48.907,49.45,81.912,2.3241,1.6542,3030.2,42.547,55.625,93.856,9.8911,64.901,36.482,46.637,2573.1,62.714,25.058,78.951,0.39424,8.782,25.765,120.38,1.2872,73.501,22.993,2.6101,52.103,5.2782,325.41,0.0083122,0.54625,71.453,17.621,45.408
464,2026-04-29T06:09:00,48.436,10.257,26.624,35.483,43.754,2647.0,3663.9,17.577,16.749,23.432,0.10164,0.074736,353.46,79.131,6.8405,13.937,33.548,4673.9,22.675,42.914,51.743,81.934,2.3241,1.6542,3035.4,42.028,55.806,93.885,9.9082,64.226,43.23,46.185,2579.1,63.129,24.594,77.071,0.39794,8.782,25.765,120.42,1.2872,72.957,22.993,2.6101,52.103,5.2782,319.61,0.0083122,0.54625,71.274,17.621,45.408
465,2026-04-29T06:12:00,52.047,10.653,26.625,35.482,42.709,2649.3,3617.1,17.643,16.149,23.583,0.1055,0.074736,354.51,78.964,6.8229,13.737,33.992,4617.7,22.643,51.272,49.36,81.738,2.299,1.6338,3036.9,42.182,55.422,93.767,9.887,65.624,36.218,46.113,2581.2,62.215,23.999,75.235,0.40396,8.7987,25.888,120.38,1.2136,73.526,22.702,2.5706,52.103,5.2631,313.42,0.0083122,0.54625,71.053,17.668,45.408
466,2026-04-29T06:15:00,48.357,10.594,27.267,35.482,42.441,2652.0,3616.7,17.318,16.149,23.859,0.1061,0.074736,354.31,78.585,6.8229,13.737,33.992,4634.2,22.788,42.731,50.39,81.457,2.299,1.6338,3038.6,42.669,55.224,94.12,9.8412,65.346,39.249,46.56,2583.0,62.222,24.128,73.15,0.40029,8.7987,25.888,120.39,1.2136,74.182,22.702,2.5706,52.103,5.2631,310.16,0.0083122,0.54625,70.751,17.668,45.408
467,2026-04-29T06:18:00,49.487,5.2464,26.858,35.599,42.53,2655.3,3619.7,17.155,16.187,23.766,0.053011,0.074736,354.9,78.907,6.9048,13.697,33.705,4618.9,22.849,45.348,49.365,81.269,2.2515,1.6602,3040.6,42.299,55.482,93.954,9.9683,63.984,36.232,43.948,2587.4,62.372,22.651,71.335,0.37799,8.6062,26.35,120.37,1.5466,73.821,23.195,2.6098,52.103,5.2283,304.04,0.0083122,0.54625,70.45,17.106,45.408
468,2026-04-29T06:21:00,49.655,5.5028,26.665,35.599,42.726,2661.5,3598.3,18.401,16.187,24.362,0.050404,0.066179,355.06,79.067,6.9048,13.697,33.705,4612.0,22.316,45.736,50.606,81.337,2.2515,1.6602,3044.7,42.465,55.564,94.113,9.8388,66.51,39.882,44.291,2593.6,62.741,25.226,68.225,0.37518,8.6062,26.35,120.41,1.5466,73.305,23.195,2.6098,52.456,5.2283,294.74,0.027147,0.54506,70.145,17.106,44.966
469,2026-04-29T06:24:00,49.614,6.291,26.564,35.381,42.353,2667.7,3602.4,15.429,15.973,24.625,0.063373,0.066179,355.27,79.226,6.7096,13.613,33.851,4692.8,23.552,45.64,48.35,81.453,2.2536,1.6329,3051.2,42.364,56.211,93.914,9.9366,64.337,33.243,43.566,2599.7,61.969,23.521,65.802,0.37103,8.9619,26.825,120.4,1.2926,73.907,23.579,2.6174,52.456,5.2061,287.92,0.027147,0.54506,69.873,17.176,44.966
470,2026-04-29T06:27:00,48.881,6.4131,27.09,35.381,41.854,2674.2,3610.8,14.93,15.973,24.856,0.062132,0.066179,355.0,79.168,6.7096,13.613,33.851,4717.9,23.744,43.945,49.092,81.728,2.2536,1.6329,3057.4,42.384,55.911,94.083,9.8954,63.826,35.429,43.164,2607.3,61.825,23.117,63.556,0.37432,8.9619,26.825,120.39,1.2926,73.552,23.579,2.6174,52.456,5.2061,279.15,0.027147,0.54506,69.682,17.176,44.966
471,2026-04-29T06:30:00,52.348,3.1987,26.842,35.481,42.631,2673.7,3645.1,18.8,16.059,24.276,0.033632,0.066179,354.87,78.783,6.6336,13.523,33.716,4697.3,22.116,51.967,49.359,81.329,2.2772,1.5756,3060.2,42.842,56.259,93.916,9.8734,61.471,36.215,42.139,2605.7,63.017,25.249,61.287,0.36247,8.7273,26.963,120.4,1.4582,74.433,24.065,2.458,52.456,5.1078,270.78,0.027147,0.54506,69.427,16.978,44.966
472,2026-04-29T06:33:00,49.16,3.2601,27.209,35.481,42.819,2675.1,3678.8,17.618,16.059,24.48,0.033007,0.066179,354.41,78.444,6.6336,13.523,33.716,4661.8,22.626,44.589,49.753,81.093,2.2772,1.5756,3061.6,42.494,56.684,93.987,9.7001,64.54,37.373,42.096,2605.8,62.437,23.047,58.755,0.36282,8.7273,26.963,120.4,1.4582,74.358,24.065,2.458,52.456,5.1078,265.54,0.027147,0.54506,69.092,16.978,44.966
473,2026-04-29T06:36:00,49.772,2.7996,26.921,34.874,42.255,2676.4,3684.7,16.234,15.656,24.493,0.030484,0.071277,354.29,78.202,6.8221,13.273,33.516,4721.1,23.22,46.006,49.056,80.886,2.2238,1.6323,3061.7,42.287,56.745,93.867,9.761,63.402,35.323,40.459,2608.5,63.201,24.14,55.963,0.35329,8.6553,26.636,120.38,1.2477,75.178,24.408,2.5495,52.308,5.1652,257.22,0.0020402,0.55863,68.702,17.119,44.896
474,2026-04-29T06:39:00,48.916,2.7406,27.002,34.874,42.694,2677.0,3655.1,14.695,15.656,24.318,0.031084,0.071277,353.66,78.156,6.8221,13.273,33.516,4751.8,23.882,44.025,47.375,80.644,2.2238,1.6323,3062.0,42.186,56.378,94.122,9.6338,64.625,30.374,40.296,2608.8,63.71,23.858,53.611,0.35462,8.6553,26.636,120.4,1.2477,74.512,24.408,2.5495,52.308,5.1652,247.69,0.0020402,0.55863,68.278,17.119,44.896
475,2026-04-29T06:42:00,50.926,3.2554,26.767,34.948,42.282,2677.7,3643.3,17.551,16.002,24.293,0.034925,0.071277,352.78,77.92,6.8023,13.485,32.743,4738.1,22.69,48.676,49.874,80.61,2.2027,1.6636,3062.7,42.1,56.487,94.004,9.6816,65.155,37.728,37.307,2608.7,62.404,25.221,51.245,0.31914,8.5921,26.966,120.38,1.3084,75.485,24.536,2.4896,52.308,5.0932,238.47,0.0020402,0.55863,67.907,16.581,44.896
476,2026-04-29T06:45:00,48.193,3.2737,26.525,34.948,41.913,2679.5,3650.0,16.806,16.002,24.272,0.034739,0.071277,352.68,78.314,6.8023,13.485,32.743,4764.6,23.0,42.352,50.797,80.568,2.2027,1.6636,3064.5,42.539,56.17,94.32,9.4908,64.391,40.444,37.776,2611.4,62.289,25.365,48.593,0.3153,8.5921,26.966,120.35,1.3084,74.289,24.536,2.4896,52.308,5.0932,232.62,0.0020402,0.55863,67.525,16.581,44.896
477,2026-04-29T06:48:00,49.129,9.7907,26.769,34.078,42.179,2686.0,3614.0,18.631,15.565,24.574,0.098371,0.071277,351.73,78.877,6.8584,13.619,32.924,4812.6,22.209,44.518,48.933,81.023,2.1896,1.6261,3071.3,42.127,57.241,94.077,9.5151,64.893,34.959,40.032,2618.8,63.149,26.32,46.195,0.33796,8.7128,27.298,120.41,1.3621,76.041,24.874,2.4708,52.308,4.9962,224.05,0.0020402,0.55863,67.214,16.97,44.896
478,2026-04-29T06:51:00,50.731,9.6716,26.965,34.078,41.617,2686.0,3631.9,14.123,15.565,24.209,0.099581,0.079892,351.24,78.155,6.8584,13.619,32.924,4810.8,24.128,48.225,49.359,80.803,2.1896,1.6261,3073.8,42.142,57.263,94.037,9.6313,62.54,36.213,39.844,2617.8,62.841,23.285,43.811,0.3395,8.7128,27.298,120.4,1.3621,75.465,24.874,2.4708,51.797,4.9962,213.6,0.022839,0.57478,66.969,16.97,45.473
479,2026-04-29T06:54:00,49.362,7.2999,26.964,34.144,41.96,2687.5,3625.9,18.364,15.834,24.224,0.075303,0.079892,350.96,78.325,6.9413,13.45,32.821,4748.9,22.344,45.058,51.796,80.739,2.234,1.6336,3074.1,42.254,57.385,94.099,9.526,63.029,43.384,41.147,2618.3,62.501,24.15,41.518,0.35482,8.6757,27.099,120.38,1.3593,76.003,24.866,2.4707,51.797,5.0657,203.34,0.022839,0.57478,66.602,16.995,45.473
480,2026-04-29T06:57:00,49.577,7.269,26.802,34.144,42.005,2686.8,3635.5,17.321,15.834,24.088,0.075617,0.079892,350.19,78.389,6.9413,13.45,32.821,4768.5,22.782,45.556,49.785,80.716,2.234,1.6336,3073.1,42.463,57.15,94.172,9.4936,61.263,37.467,41.448,2618.0,62.335,23.488,38.955,0.35236,8.6757,27.099,120.39,1.3593,76.284,24.866,2.4707,51.797,5.0657,196.26,0.022839,0.57478,66.254,16.995,45.473
481,2026-04-29T07:00:00,48.185,7.6711,26.6,34.016,42.215,2687.7,3583.6,18.852,15.901,24.015,0.077282,0.079892,349.31,78.443,6.8276,13.416,33.1,4783.5,22.136,42.333,49.694,80.841,2.1604,1.5499,3075.6,42.418,57.211,94.33,9.5163,63.105,37.201,38.941,2619.7,62.484,24.492,36.854,0.33243,8.5484,27.375,120.4,1.3938,75.298,25.47,2.5044,51.797,5.0411,184.16,0.022839,0.57478,65.921,17.112,45.473
482,2026-04-29T07:03:00,50.35,7.7904,26.873,34.016,41.649,2688.4,3596.4,18.015,15.901,24.11,0.076068,0.079892,348.88,78.19,6.8276,13.416,33.1,4758.7,22.495,47.344,49.114,80.89,2.1604,1.5499,3076.0,41.837,57.508,94.271,9.5338,60.903,35.493,38.902,2620.7,62.264,24.226,34.256,0.33276,8.5484,27.375,120.39,1.3938,75.717,25.47,2.5044,51.797,5.0411,177.78,0.022839,0.57478,65.617,17.112,45.473
483,2026-04-29T07:06:00,49.661,4.1254,27.241,33.605,41.161,2686.3,3653.0,16.64,16.323,23.677,0.043273,0.070856,347.94,78.013,6.9025,13.309,32.501,4760.4,23.083,45.749,50.428,80.782,2.2025,1.6041,3075.8,42.253,57.491,94.479,9.4909,61.882,39.358,38.483,2617.1,62.286,25.592,32.257,0.32391,8.6203,27.503,120.38,1.2921,77.204,25.102,2.4767,52.177,5.0129,164.06,0.018809,0.60894,65.292,17.485,44.627
484,2026-04-29T07:09:00,49.376,4.2716,26.933,33.605,42.308,2683.1,3656.9,17.617,16.323,23.223,0.041786,0.070856,346.94,77.745,6.9025,13.309,32.501,4798.9,22.687,45.09,47.944,80.623,2.2025,1.6041,3072.6,42.412,57.031,94.412,9.3309,60.594,32.048,38.21,2613.6,62.217,23.138,29.819,0.32615,8.6203,27.503,120.38,1.2921,76.335,25.102,2.4767,52.177,5.0129,155.9,0.018809,0.60894,64.892,17.485,44.627
485,2026-04-29T07:12:00,50.221,9.2235,27.158,33.658,41.283,2680.8,3631.7,15.678,16.444,23.382,0.094436,0.070856,345.64,77.597,6.8294,13.293,32.699,4716.2,23.521,47.046,48.87,80.502,2.1484,1.5802,3069.8,42.019,57.352,94.394,9.3738,61.424,34.774,36.619,2610.7,62.011,24.253,27.484,0.31015,8.7355,27.786,120.36,1.4055,77.711,25.297,2.5307,52.177,5.0507,146.77,0.018809,0.60894,64.477,17.621,44.627
486,2026-04-29T07:15:00,48.554,9.2333,26.703,33.658,41.052,2679.5,3609.8,18.534,16.444,23.145,0.094336,0.070856,345.15,77.83,6.8294,13.293,32.699,4734.9,22.323,43.188,49.939,80.571,2.1484,1.5802,3068.8,42.168,57.128,94.553,9.3868,60.962,37.92,37.161,2609.8,62.388,23.389,25.401,0.3057,8.7355,27.786,120.39,1.4055,76.718,25.297,2.5307,52.177,5.0507,135.01,0.018809,0.60894,64.049,17.621,44.627
487,2026-04-29T07:18:00,50.965,6.9278,26.825,33.577,40.667,2676.2,3677.1,16.77,16.873,22.758,0.070914,0.070856,343.96,77.962,7.0108,13.347,32.778,4739.3,23.073,48.767,50.424,80.569,2.179,1.659,3067.6,41.984,56.948,94.563,9.3969,60.216,39.348,36.176,2606.4,61.884,24.59,22.882,0.30409,8.7338,27.281,120.39,1.4187,77.463,26.273,2.4985,52.177,4.9088,128.31,0.018809,0.60894,63.681,17.395,44.627
488,2026-04-29T07:21:00,49.084,7.0437,27.202,33.577,41.088,2675.0,3670.8,17.487,16.873,22.703,0.069736,0.075941,342.73,77.929,7.0108,13.347,32.778,4737.2,22.774,44.414,49.591,80.851,2.179,1.659,3067.4,42.319,56.973,94.526,9.2353,60.846,36.897,36.423,2605.9,61.993,25.998,21.241,0.30207,8.7338,27.281,120.4,1.4187,76.412,26.273,2.4985,54.271,4.9088,116.8,0.014903,0.67944,63.354,17.395,44.393
489,2026-04-29T07:24:00,49.536,5.5047,26.612,32.827,40.789,2672.4,3601.6,16.534,16.828,22.099,0.058685,0.075941,341.59,77.896,6.7832,13.483,32.163,4813.7,23.184,45.46,49.748,80.885,2.1815,1.6025,3064.7,42.05,56.825,94.705,9.142,61.814,37.358,36.587,2602.0,61.557,25.361,19.138,0.30638,8.6616,27.709,120.39,1.4668,76.877,25.638,2.3806,54.271,4.9874,107.84,0.014903,0.67944,63.0,17.537,44.393
490,2026-04-29T07:27:00,49.668,5.667,26.905,32.827,40.575,2670.3,3598.6,15.071,16.828,21.868,0.057035,0.075941,340.17,77.892,6.7832,13.483,32.163,4781.0,23.803,45.765,50.62,80.99,2.1815,1.6025,3064.0,41.665,57.217,94.851,9.1471,62.797,39.925,36.588,2598.6,61.609,23.487,17.069,0.30638,8.6616,27.709,120.38,1.4668,75.907,25.638,2.3806,54.271,4.9874,98.636,0.014903,0.67944,62.716,17.537,44.393
491,2026-04-29T07:30:00,49.445,11.266,26.553,32.496,40.845,2668.5,3626.6,21.289,17.1,21.313,0.11318,0.075941,338.63,77.568,7.0113,13.325,32.147,4755.7,21.197,45.25,51.082,81.148,2.1882,1.5961,3065.1,42.327,57.392,94.595,9.185,59.521,41.285,38.413,2597.5,63.111,24.526,15.206,0.31632,8.7514,27.795,120.4,1.2696,77.29,25.286,2.4094,54.271,5.0509,87.241,0.014903,0.67944,62.44,18.053,44.393
492,2026-04-29T07:33:00,48.91,11.331,26.837,32.496,41.095,2662.3,3629.6,18.58,17.1,20.864,0.11252,0.075941,337.06,77.553,7.0113,13.325,32.147,4817.0,22.351,44.013,50.035,80.968,2.1882,1.5961,3060.7,42.216,56.657,94.8,9.0649,60.385,38.203,38.48,2591.2,63.058,22.877,13.178,0.31577,8.7514,27.795,120.39,1.2696,76.783,25.286,2.4094,54.271,5.0509,77.908,0.014903,0.67944,62.068,18.053,44.393
493,2026-04-29T07:36:00,48.719,11.248,26.99,32.514,39.758,2656.8,3569.5,20.926,17.358,20.705,0.11715,0.070193,335.74,77.343,7.0096,13.66,31.449,4712.9,21.388,43.569,48.694,80.798,2.1755,1.6417,3056.0,41.954,56.804,94.833,9.1127,61.324,34.258,35.985,2584.3,62.078,25.529,12.297,0.29655,8.7401,27.528,120.37,1.396,76.584,25.403,2.5029,52.689,5.0661,72.268,0.024457,0.72906,61.675,18.046,44.216
494,2026-04-29T07:39:00,49.439,11.315,26.9,32.514,40.058,2655.8,3572.6,19.222,17.358,20.652,0.11647,0.070193,335.01,77.62,7.0096,13.66,31.449,4732.1,22.112,45.235,48.292,80.948,2.1755,1.6417,3054.4,41.719,56.573,95.02,9.2044,59.539,33.073,35.965,2582.8,62.024,25.238,10.8,0.29672,8.7401,27.528,120.37,1.396,77.098,25.403,2.5029,52.689,5.0661,64.45,0.024457,0.72906,61.333,18.046,44.216
495,2026-04-29T07:42:00,50.052,18.429,27.048,32.057,40.645,2654.4,3545.6,16.649,17.562,20.039,0.18732,0.070193,333.37,77.881,6.9846,13.659,31.125,4759.5,23.197,46.654,50.581,81.109,2.1766,1.652,3055.6,42.075,56.385,94.955,9.1134,60.029,39.809,40.258,2582.3,62.383,25.969,9.2002,0.33095,8.7324,27.796,120.39,1.3246,77.605,25.858,2.4172,52.689,4.9908,57.877,0.024457,0.72906,61.065,18.15,44.216
496,2026-04-29T07:45:00,50.339,18.462,26.865,32.057,39.611,2652.2,3611.9,16.756,17.562,19.775,0.18698,0.070193,332.24,77.746,6.9846,13.659,31.125,4755.7,23.162,47.318,48.855,81.266,2.1766,1.652,3055.3,41.88,56.43,95.054,9.1022,60.393,34.729,40.907,2578.8,61.24,24.803,7.7987,0.32563,8.7324,27.796,120.38,1.3246,77.073,25.858,2.4172,52.689,4.9908,49.164,0.024457,0.72906,60.812,18.15,44.216
497,2026-04-29T07:48:00,48.943,22.438,27.054,31.479,41.24,2650.0,3619.3,17.427,18.39,19.348,0.22798,0.070193,330.68,77.865,6.881,13.634,30.972,4755.2,22.882,44.088,49.216,81.394,2.1868,1.6156,3055.5,41.821,56.294,95.075,9.0584,57.954,35.794,40.337,2576.7,61.224,25.273,6.3483,0.32803,8.7186,27.895,120.4,1.4565,76.482,25.68,2.4811,52.689,5.0327,41.118,0.024457,0.72906,60.586,18.475,44.216
498,2026-04-29T07:51:00,51.08,22.539,27.252,31.479,39.823,2649.6,3596.7,16.181,18.39,19.37,0.22695,0.091801,330.22,77.814,6.881,13.634,30.972,4724.5,23.41,49.034,49.277,81.587,2.1868,1.6156,3054.6,41.854,56.662,94.942,9.0785,59.494,35.971,40.864,2576.6,61.614,25.824,5.8713,0.32371,8.7186,27.895,120.4,1.4565,76.4,25.68,2.4811,52.669,5.0327,33.861,0.027508,0.78843,60.357,18.475,44.626
499,2026-04-29T07:54:00,48.867,25.222,26.617,31.441,40.764,2648.4,3617.1,19.003,18.313,19.084,0.25299,0.091801,329.6,77.997,6.948,13.617,31.124,4695.4,22.216,43.912,49.386,81.72,2.1959,1.6092,3053.5,41.967,56.291,94.979,9.0664,60.134,36.293,40.234,2575.6,62.123,22.332,4.4475,0.32134,8.7732,27.227,120.41,1.5042,76.553,25.579,2.5311,52.669,5.0461,30.73,0.027508,0.78843,60.183,18.27,44.626
500,2026-04-29T07:57:00,51.222,25.131,26.565,31.441,40.137,2642.8,3600.1,18.834,18.313,18.389,0.25392,0.091801,327.84,77.164,6.948,13.617,31.124,4687.4,22.322,49.362,49.599,81.581,2.1959,1.6092,3050.5,42.102,56.386,94.905,9.0047,60.692,36.921,40.06,2568.5,62.415,24.311,3.3034,0.32276,8.7732,27.227,120.38,1.5042,76.593,25.579,2.5311,52.669,5.0461,24.57,0.027508,0.78843,59.975,18.27,44.626
501,2026-04-29T08:00:00,48.052,24.664,26.518,30.843,40.898,2639.0,3617.7,20.497,18.837,18.153,0.25301,0.091801,327.2,77.423,6.7624,13.722,31.412,4740.5,21.629,42.026,52.143,81.448,2.1545,1.5579,3046.2,42.207,56.322,95.086,9.0006,59.455,44.407,39.776,2564.8,61.494,25.729,2.2567,0.31895,8.9139,27.419,120.42,1.3349,75.522,25.766,2.4454,52.669,5.1265,17.478,0.027508,0.78843,59.688,18.811,44.626
502,2026-04-29T08:03:00,50.572,24.848,26.892,30.843,39.794,2636.1,3602.8,19.846,18.837,18.508,0.25114,0.091801,326.45,77.534,6.7624,13.722,31.412,4737.7,21.914,47.857,50.302,81.465,2.1545,1.5579,3044.7,41.363,56.355,95.23,9.1222,57.86,38.989,39.756,2563.1,61.75,26.841,1.1294,0.31912,8.9139,27.419,120.38,1.3349,76.083,25.766,2.4454,52.669,5.1265,11.408,0.027508,0.78843,59.427,18.811,44.626
503,2026-04-29T08:06:00,50.892,22.761,27.081,31.159,39.884,2634.9,3642.1,16.061,18.844,17.903,0.23579,0.089421,325.3,77.56,6.9345,13.617,30.579,4642.5,23.52,48.598,49.939,81.547,2.1772,1.5577,3044.5,41.755,56.207,95.111,9.1792,56.883,37.921,40.664,2559.7,62.728,26.325,0.84348,0.33274,8.8311,26.929,120.4,1.2889,76.109,25.149,2.5276,53.479,5.1611,11.48,0.015443,0.87035,59.208,18.978,44.499
504,2026-04-29T08:09:00,50.942,23.066,27.072,31.159,39.517,2635.2,3620.9,17.062,18.844,17.903,0.23268,0.089421,324.61,78.074,6.9345,13.617,30.579,4636.2,23.081,48.714,50.523,81.979,2.1772,1.5577,3044.8,41.762,56.283,95.012,9.1469,58.215,39.639,41.23,2560.8,63.093,23.958,0.35097,0.32809,8.8311,26.929,120.41,1.2889,76.297,25.149,2.5276,53.479,5.1611,5.1357,0.015443,0.87035,59.09,18.978,44.499
505,2026-04-29T08:12:00,50.914,32.183,26.919,30.315,40.444,2635.9,3568.3,18.922,18.937,17.762,0.3259,0.089421,324.02,77.799,6.95,13.66,30.957,4660.0,22.302,48.649,49.297,82.159,2.1742,1.6372,3047.1,41.888,55.57,94.999,8.9539,59.031,36.031,39.928,2561.4,62.521,24.721,0.098263,0.31394,8.9829,27.213,120.41,1.5448,75.732,25.04,2.4466,53.479,5.038,0.74402,0.015443,0.87035,59.016,19.399,44.499
506,2026-04-29T08:15:00,50.287,31.859,26.902,30.315,39.402,2632.9,3592.9,16.01,18.937,17.34,0.32919,0.089421,323.0,77.361,6.95,13.66,30.957,4681.4,23.55,47.199,48.688,81.912,2.1742,1.6372,3045.5,41.893,55.313,95.304,9.0053,58.281,34.239,39.902,2557.8,62.097,25.575,0.042746,0.31415,8.9829,27.213,120.39,1.5448,75.543,25.04,2.4466,53.479,5.038,0.29593,0.015443,0.87035,58.901,19.399,44.499
507,2026-04-29T08:18:00,50.491,30.067,26.909,30.279,39.44,2633.2,3600.6,18.467,18.981,17.527,0.30372,0.089421,323.09,77.796,6.9822,13.673,30.642,4620.8,22.511,47.671,48.472,81.981,2.1911,1.6241,3045.4,42.15,54.936,95.125,9.1556,58.709,33.605,40.277,2559.3,61.771,25.563,0.21011,0.31824,8.9067,26.851,120.4,1.432,76.06,24.86,2.4983,53.479,5.0845,-0.99427,0.015443,0.87035,58.86,19.029,44.499
508,2026-04-29T08:21:00,50.72,30.006,26.961,30.279,39.096,2634.5,3613.7,17.839,18.981,17.352,0.30434,0.083103,322.82,77.612,6.9822,13.673,30.642,4629.9,22.788,48.199,49.395,81.991,2.1911,1.6241,3046.2,42.044,54.827,95.296,9.1299,57.297,36.319,40.145,2559.0,61.546,24.42,0.88442,0.31933,8.9067,26.851,120.39,1.432,76.04,24.86,2.4983,53.237,5.0845,3.0787,0.017183,0.91447,58.798,19.029,44.332
509,2026-04-29T08:24:00,49.529,34.477,26.672,30.769,39.466,2637.5,3570.1,14.946,20.011,17.337,0.34873,0.083103,322.68,77.73,6.997,13.55,30.426,4646.3,24.008,45.444,49.665,81.976,2.2125,1.6327,3049.0,41.955,55.464,95.45,9.0229,62.251,37.115,39.814,2562.6,61.934,23.528,0.54284,0.32298,8.9091,27.379,120.37,1.5505,75.978,24.768,2.601,53.237,5.2365,5.3505,0.017183,0.91447,58.773,19.055,44.332
510,2026-04-29T08:27:00,49.266,34.45,26.98,30.769,39.17,2640.3,3576.5,19.979,20.011,17.571,0.349,0.083103,322.84,77.656,6.997,13.55,30.426,4592.5,21.9,44.836,49.944,81.943,2.2125,1.6327,3052.3,41.55,56.109,95.304,9.1827,59.93,37.936,40.08,2565.2,61.825,24.762,0.47642,0.32081,8.9091,27.379,120.38,1.5505,75.224,24.768,2.601,53.237,5.2365,4.5814,0.017183,0.91447,58.702,19.055,44.332
511,2026-04-29T08:30:00,50.427,38.129,26.522,31.028,39.742,2643.9,3577.7,15.16,19.904,17.316,0.3878,0.083103,323.27,77.819,6.8336,13.838,30.618,4602.0,23.933,47.522,48.576,81.961,2.2016,1.5956,3056.2,41.843,55.885,95.427,9.0558,59.019,33.91,37.761,2569.2,61.573,25.803,0.46783,0.31033,8.8728,27.121,120.41,1.4403,75.681,24.294,2.5629,53.237,5.1911,3.1598,0.017183,0.91447,58.692,19.942,44.332
512,2026-04-29T08:33:00,50.416,38.279,26.901,31.028,40.007,2650.5,3587.7,18.022,19.904,18.111,0.38628,0.083103,324.48,77.822,6.8336,13.838,30.618,4645.8,22.728,47.497,49.921,82.075,2.2016,1.5956,3061.4,41.935,55.361,95.366,9.043,60.8,37.868,38.778,2575.8,61.4,26.11,0.52545,0.30199,8.8728,27.121,120.41,1.4403,75.424,24.294,2.5629,53.237,5.1911,1.0425,0.017183,0.91447,58.625,19.942,44.332
513,2026-04-29T08:36:00,49.199,38.16,26.899,30.335,38.911,2651.7,3648.8,17.04,19.908,17.478,0.38495,0.11724,323.32,77.872,6.9022,13.727,30.675,4545.2,23.144,44.681,50.165,81.939,2.1835,1.5696,3065.7,41.913,54.267,95.315,9.0167,61.148,38.584,42.22,2576.9,61.751,25.703,1.1163,0.33543,8.9669,26.426,120.4,1.3415,76.102,23.934,2.3908,53.617,5.2102,6.7574,0.023085,0.97615,58.616,19.991,45.616
514,2026-04-29T08:39:00,49.789,38.17,26.899,30.335,39.686,2653.5,3619.0,17.277,19.908,17.545,0.38485,0.11724,324.12,77.558,6.9022,13.727,30.675,4520.1,23.061,46.046,50.016,81.771,2.1835,1.5696,3067.7,42.022,54.567,95.247,9.1119,61.704,38.146,42.025,2578.5,62.265,24.386,1.4609,0.33703,8.9669,26.426,120.43,1.3415,74.966,23.934,2.3908,53.617,5.2102,7.4319,0.023085,0.97615,58.58,19.991,45.616
515,2026-04-29T08:42:00,48.747,39.05,27.03,31.075,38.774,2657.7,3590.2,19.25,20.389,18.037,0.39704,0.11724,325.07,77.572,6.9586,13.429,30.795,4473.8,22.242,43.633,48.096,81.717,2.2006,1.5677,3068.7,41.945,54.802,95.391,9.0946,59.922,32.495,40.331,2582.6,62.17,24.948,1.8681,0.32592,8.8044,26.362,120.4,1.2537,76.047,23.746,2.3884,53.617,5.1938,7.45,0.023085,0.97615,58.537,20.032,45.616
516,2026-04-29T08:45:00,50.073,39.059,26.874,31.075,39.469,2662.3,3600.2,16.26,20.389,18.385,0.39695,0.11724,326.02,77.998,6.9586,13.429,30.795,4517.7,23.497,46.703,50.708,81.695,2.2006,1.5677,3071.9,41.937,54.277,95.4,9.1781,59.839,40.182,40.793,2587.5,61.998,25.203,1.8266,0.32214,8.8044,26.362,120.39,1.2537,74.209,23.746,2.3884,53.617,5.1938,12.508,0.023085,0.97615,58.493,20.032,45.616
517,2026-04-29T08:48:00,50.719,39.481,27.175,30.822,39.155,2669.5,3587.3,16.176,20.304,18.725,0.39964,0.11724,326.74,77.974,6.8255,13.686,31.005,4468.0,23.532,48.199,48.594,81.862,2.1878,1.6451,3078.2,41.885,54.562,95.215,9.276,61.717,33.962,36.06,2595.3,61.68,26.06,2.253,0.29268,8.8313,26.366,120.43,1.3357,74.985,23.498,2.5089,53.617,5.1363,12.305,0.023085,0.97615,58.49,20.097,45.616
518,2026-04-29T08:51:00,49.593,39.462,27.056,30.822,39.699,2674.0,3581.6,16.962,20.304,18.671,0.39984,0.11895,327.83,77.738,6.8255,13.686,31.005,4473.1,23.21,45.592,49.359,81.716,2.1878,1.6451,3084.3,42.161,54.501,95.374,9.1248,60.96,36.213,36.13,2599.4,61.778,24.539,3.8554,0.2921,8.8313,26.366,120.4,1.3357,75.225,23.498,2.5089,53.08,5.1363,18.783,0.012936,1.0381,58.606,20.097,44.903
519,2026-04-29T08:54:00,50.604,38.859,27.252,30.798,39.582,2679.2,3582.3,17.116,20.431,19.189,0.39202,0.11895,328.72,77.737,6.8115,13.508,30.943,4511.7,23.149,47.931,48.453,81.645,2.1998,1.6204,3087.0,42.075,53.662,95.211,9.2753,60.2,33.546,39.195,2605.2,62.925,25.225,4.6184,0.32014,8.7031,25.996,120.41,1.1143,75.232,23.896,2.3974,53.08,4.9727,23.443,0.012936,1.0381,58.574,19.857,44.903
520,2026-04-29T08:57:00,50.056,38.854,26.887,30.798,39.629,2681.6,3605.6,16.151,20.431,19.029,0.39207,0.11895,329.45,77.385,6.8115,13.508,30.943,4510.8,23.574,46.663,50.819,81.346,2.1998,1.6204,3091.1,42.036,53.673,95.297,9.1877,60.095,40.51,39.46,2607.8,62.522,25.196,5.4404,0.31797,8.7031,25.996,120.43,1.1143,74.544,23.896,2.3974,53.08,4.9727,27.404,0.012936,1.0381,58.615,19.857,44.903
521,2026-04-29T09:00:00,51.257,40.675,26.736,31.446,39.979,2687.0,3616.4,17.654,20.491,19.252,0.41096,0.11895,330.26,77.51,6.8503,13.447,31.195,4534.7,22.95,49.443,50.777,81.179,2.1552,1.6538,3095.4,42.128,53.776,95.146,9.2387,62.353,40.387,37.048,2613.0,62.52,27.555,6.1012,0.29593,8.7669,26.402,120.42,1.2686,74.656,23.531,2.4886,53.08,4.9354,33.194,0.012936,1.0381,58.642,19.996,44.903
522,2026-04-29T09:03:00,51.065,40.621,26.631,31.446,40.206,2692.5,3652.9,16.942,20.491,19.673,0.41151,0.11895,331.4,77.294,6.8503,13.447,31.195,4508.2,23.271,48.998,49.171,80.988,2.1552,1.6538,3099.7,41.87,54.092,95.193,9.2626,60.613,35.66,36.763,2618.4,61.892,26.305,7.0624,0.29827,8.7669,26.402,120.44,1.2686,73.558,23.531,2.4886,53.08,4.9354,35.597,0.012936,1.0381,58.644,19.996,44.903
523,2026-04-29T09:06:00,51.265,39.231,26.931,31.527,39.287,2698.0,3585.8,21.07,20.497,20.034,0.40014,0.095458,332.54,77.653,7.0288,13.422,31.487,4482.9,21.529,49.461,50.083,80.956,2.2112,1.5763,3104.1,42.417,53.86,95.011,9.3879,61.242,38.344,35.346,2624.2,62.755,25.04,9.0634,0.29225,8.7489,25.79,120.4,1.1761,74.358,23.399,2.3911,53.195,4.913,47.514,0.020188,1.0697,58.744,20.198,44.018
524,2026-04-29T09:09:00,50.464,39.349,26.879,31.527,41.625,2705.3,3640.0,17.498,20.497,20.53,0.39894,0.095458,333.83,77.908,7.0288,13.422,31.487,4522.1,23.029,47.609,51.283,81.084,2.2112,1.5763,3109.7,41.971,53.391,95.126,9.2238,60.303,41.876,35.39,2632.6,61.822,24.921,10.532,0.29189,8.7489,25.79,120.45,1.1761,74.316,23.399,2.3911,53.195,4.913,53.308,0.020188,1.0697,58.941,20.198,44.018
525,2026-04-29T09:12:00,49.498,37.509,26.741,32.087,39.449,2711.0,3582.9,18.805,20.071,20.962,0.37865,0.095458,335.07,78.0,6.8117,13.442,31.466,4451.7,22.471,45.373,50.353,81.164,2.1229,1.6215,3114.6,42.067,53.516,95.047,9.2855,62.802,39.138,34.543,2638.6,61.185,25.019,11.695,0.28873,8.8377,26.363,120.37,1.2603,75.33,23.775,2.3611,53.195,4.9069,62.379,0.020188,1.0697,59.183,19.996,44.018
526,2026-04-29T09:15:00,50.298,37.374,26.785,32.087,40.889,2713.8,3576.4,17.852,20.071,21.122,0.38003,0.095458,335.95,77.535,6.8117,13.442,31.466,4456.1,22.889,47.224,52.148,80.921,2.1229,1.6215,3117.0,41.979,53.462,94.99,9.1908,60.728,44.422,34.596,2641.8,61.296,24.738,13.108,0.28829,8.8377,26.363,120.44,1.2603,74.382,23.775,2.3611,53.195,4.9069,68.56,0.020188,1.0697,59.373,19.996,44.018
527,2026-04-29T09:18:00,50.002,38.363,26.974,31.868,40.315,2717.0,3624.5,18.465,20.325,21.246,0.38892,0.095458,336.98,77.394,6.731,13.257,32.062,4512.9,22.646,46.538,50.51,80.614,2.1899,1.555,3119.8,42.708,53.055,95.0,9.3304,63.168,39.602,34.369,2644.2,62.336,26.549,14.286,0.28973,8.6249,26.582,120.41,1.0937,74.057,23.734,2.3121,53.195,4.8524,77.356,0.020188,1.0697,59.506,19.665,44.018
528,2026-04-29T09:21:00,48.883,38.265,27.135,31.868,40.407,2716.9,3637.0,18.008,20.325,21.415,0.38992,0.10559,337.34,77.152,6.731,13.257,32.062,4474.6,22.865,43.948,49.585,80.211,2.1899,1.555,3119.7,42.458,53.513,94.807,9.2833,62.108,36.88,34.813,2644.6,62.122,26.714,16.515,0.2861,8.6249,26.582,120.4,1.0937,74.643,23.734,2.3121,53.393,4.8524,87.761,0.013365,1.0731,59.646,19.665,44.353
529,2026-04-29T09:24:00,50.254,33.101,27.278,32.762,41.449,2719.7,3646.8,16.913,20.28,21.88,0.33586,0.10559,338.8,77.113,6.6792,13.722,31.765,4482.3,23.34,47.123,49.11,80.171,2.1358,1.5744,3120.4,42.456,54.057,94.906,9.3834,59.05,35.48,31.659,2648.3,62.765,24.904,18.09,0.26576,8.7124,25.949,120.44,1.155,74.492,23.409,2.432,53.393,4.8181,97.82,0.013365,1.0731,59.811,19.243,44.353
530,2026-04-29T09:27:00,50.757,33.158,26.799,32.762,41.317,2721.3,3656.2,17.32,20.28,21.75,0.33529,0.10559,339.18,77.312,6.6792,13.722,31.765,4519.4,23.172,48.286,49.963,80.172,2.1358,1.5744,3121.3,42.09,53.614,94.582,9.3391,61.111,37.992,31.612,2649.9,62.604,24.806,19.85,0.26615,8.7124,25.949,120.45,1.155,74.739,23.409,2.432,53.393,4.8181,105.67,0.013365,1.0731,60.043,19.243,44.353
531,2026-04-29T09:30:00,49.247,36.318,26.726,32.756,40.972,2720.8,3645.7,17.384,20.07,21.623,0.36636,0.10559,339.52,77.559,6.7642,13.568,31.923,4563.9,23.143,44.791,49.031,80.206,2.2307,1.5509,3122.1,42.601,54.001,94.422,9.4086,59.923,35.247,37.702,2649.2,63.405,25.513,21.556,0.31404,8.6965,26.045,120.44,0.9507,74.489,23.676,2.3379,53.393,4.7218,114.01,0.013365,1.0731,60.318,19.816,44.353
532,2026-04-29T09:33:00,50.769,36.184,27.093,32.756,41.876,2718.9,3674.1,19.561,20.07,21.482,0.36772,0.10559,339.22,77.172,6.7642,13.568,31.923,4529.5,22.243,48.314,51.243,80.182,2.2307,1.5509,3122.1,42.578,54.413,94.315,9.2798,60.637,41.759,37.565,2647.0,62.916,23.891,23.156,0.31516,8.6965,26.045,120.44,0.9507,74.566,23.676,2.3379,53.393,4.7218,123.36,0.013365,1.0731,60.603,19.816,44.353
533,2026-04-29T09:36:00,49.787,35.052,26.796,33.194,40.924,2715.3,3622.3,17.775,19.228,21.982,0.35579,0.090298,340.43,76.827,6.8843,13.496,32.33,4502.4,23.019,46.041,49.637,79.966,2.1582,1.5328,3115.6,42.641,53.205,94.331,9.2809,60.105,37.031,35.322,2643.7,63.214,25.837,25.218,0.29765,8.572,26.07,120.4,1.2161,74.77,23.588,2.3276,53.174,4.7408,133.1,0.008753,1.0809,60.949,19.425,43.441
534,2026-04-29T09:39:00,50.896,35.289,27.215,33.194,42.32,2712.4,3646.8,19.912,19.228,22.389,0.35338,0.090298,341.35,77.23,6.8843,13.496,32.33,4505.5,22.116,48.607,49.385,80.018,2.1582,1.5328,3111.3,42.355,53.168,94.205,9.3831,62.058,36.29,35.17,2641.7,62.791,24.487,26.965,0.2989,8.572,26.07,120.42,1.2161,74.765,23.588,2.3276,53.174,4.7408,143.03,0.008753,1.0809,61.206,19.425,43.441
535,2026-04-29T09:42:00,50.802,31.326,26.916,33.454,41.764,2707.7,3617.1,19.416,20.093,22.132,0.31632,0.090298,340.89,77.444,6.8152,13.391,32.132,4513.3,22.32,48.391,49.457,80.143,2.121,1.5148,3107.5,43.015,53.892,94.27,9.3407,60.196,36.502,33.877,2637.7,62.304,26.399,28.945,0.29025,8.6341,26.011,120.42,1.2254,73.598,23.8,2.2929,53.174,4.6795,150.15,0.008753,1.0809,61.592,19.499,43.441
536,2026-04-29T09:45:00,49.785,31.168,26.829,33.454,42.948,2704.3,3620.6,19.034,20.093,22.041,0.31792,0.090298,341.44,77.133,6.8152,13.391,32.132,4523.7,22.492,46.036,49.617,80.175,2.121,1.5148,3101.3,42.324,53.768,94.217,9.1844,61.736,36.972,34.298,2633.4,62.244,24.571,30.709,0.2868,8.6341,26.011,120.43,1.2254,75.183,23.8,2.2929,53.174,4.6795,159.49,0.008753,1.0809,62.009,19.499,43.441
537,2026-04-29T09:48:00,48.646,33.137,27.076,33.178,42.48,2697.4,3638.3,15.632,19.729,22.286,0.33522,0.090298,341.51,77.013,6.7449,13.523,32.348,4490.4,23.937,43.4,51.411,80.096,2.1059,1.6047,3096.0,42.428,53.868,94.085,9.2511,64.36,42.254,32.687,2627.6,62.575,25.773,32.687,0.27243,8.6196,25.905,120.41,1.1436,75.001,24.004,2.3014,53.174,4.6789,166.27,0.008753,1.0809,62.376,19.228,43.441
538,2026-04-29T09:51:00,50.39,33.236,26.857,33.178,42.996,2692.5,3656.9,14.972,19.729,22.298,0.33421,0.10623,341.68,77.374,6.7449,13.523,32.348,4490.6,24.205,47.437,49.333,80.154,2.1059,1.6047,3088.3,42.445,53.866,94.068,9.176,61.622,36.138,32.449,2621.6,62.255,24.394,34.934,0.27438,8.6196,25.905,120.4,1.1436,74.389,24.004,2.3014,53.592,4.6789,176.93,0.035828,1.0413,62.788,19.228,43.626
539,2026-04-29T09:54:00,48.888,31.027,27.104,33.92,43.186,2685.2,3633.3,19.44,19.147,22.057,0.31381,0.10623,341.89,77.221,6.8209,13.631,32.251,4531.7,22.326,43.96,49.992,80.31,2.1694,1.5881,3083.9,42.58,53.941,93.938,9.1974,60.227,38.075,34.396,2614.8,63.375,24.282,37.039,0.28294,8.5813,26.198,120.43,1.2406,75.216,23.055,2.3231,53.592,4.6997,184.98,0.035828,1.0413,63.198,19.374,43.626
540,2026-04-29T09:57:00,49.02,31.034,26.735,33.92,42.375,2674.1,3658.6,19.357,19.147,21.416,0.31374,0.10623,342.25,76.453,6.8209,13.631,32.251,4510.8,22.394,44.265,50.126,80.037,2.1694,1.5881,3071.9,42.413,54.191,93.983,9.2786,59.31,38.471,34.02,2602.9,62.939,22.75,39.219,0.28602,8.5813,26.198,120.4,1.2406,75.561,23.055,2.3231,53.592,4.6997,192.01,0.035828,1.0413,63.599,19.374,43.626
541,2026-04-29T10:00:00,49.877,31.695,26.96,33.008,42.568,2664.5,3615.7,20.911,19.182,21.913,0.32345,0.10623,341.84,76.805,6.8153,13.666,32.383,4472.5,21.744,46.249,50.136,80.025,2.201,1.5924,3060.9,42.278,54.202,93.869,9.3746,61.143,38.5,35.22,2594.3,63.104,27.118,41.037,0.29685,8.646,25.899,120.42,1.3126,75.511,23.045,2.3881,53.592,4.7952,202.95,0.035828,1.0413,63.97,19.22,43.626
542,2026-04-29T10:03:00,48.519,31.568,27.01,33.008,42.086,2657.5,3636.8,18.734,19.182,21.804,0.32473,0.10623,342.06,77.216,6.8153,13.666,32.383,4518.3,22.652,43.107,48.814,80.317,2.201,1.5924,3053.0,42.144,53.653,94.034,9.2723,60.054,34.609,34.963,2587.2,62.742,25.011,43.183,0.29896,8.646,25.899,120.42,1.3126,75.854,23.045,2.3881,53.592,4.7952,210.04,0.035828,1.0413,64.338,19.22,43.626
543,2026-04-29T10:06:00,49.899,30.405,26.66,33.468,43.049,2647.8,3638.9,21.235,19.003,21.092,0.30843,0.11399,341.45,77.249,6.894,13.933,32.53,4523.0,21.597,46.299,49.498,80.487,2.1749,1.6234,3045.3,42.346,53.889,93.759,9.1276,61.992,36.624,35.751,2577.4,62.814,26.467,44.605,0.2981,8.8201,25.901,120.42,1.1865,75.542,23.145,2.3529,53.884,4.8517,218.16,0.0038717,0.99661,64.817,19.223,44.306
544,2026-04-29T10:09:00,50.071,30.062,27.356,33.468,42.81,2641.3,3610.1,17.15,19.003,21.796,0.31192,0.11399,341.41,77.572,6.894,13.933,32.53,4540.3,23.303,46.698,49.17,80.758,2.1749,1.6234,3036.2,42.319,53.682,94.052,9.2821,59.63,35.659,35.806,2571.2,63.31,25.493,46.661,0.29764,8.8201,25.901,120.41,1.1865,75.23,23.145,2.3529,53.884,4.8517,222.82,0.0038717,0.99661,65.271,19.223,44.306
545,2026-04-29T10:12:00,49.015,28.781,26.585,33.417,43.295,2632.4,3660.5,16.839,18.822,20.611,0.29084,0.11399,340.57,77.663,6.7346,13.755,32.32,4461.3,23.416,44.254,50.17,81.166,2.2426,1.6386,3028.7,42.477,54.545,93.763,9.2627,58.305,38.601,39.358,2562.1,61.778,26.4,48.539,0.32687,8.7793,25.367,120.44,1.2104,74.785,22.862,2.3986,53.884,4.9053,229.22,0.0038717,0.99661,65.803,18.592,44.306
546,2026-04-29T10:15:00,52.067,28.703,26.773,33.417,42.981,2620.2,3623.1,18.301,18.822,20.378,0.29163,0.11399,339.65,77.256,6.7346,13.755,32.32,4481.8,22.805,51.317,49.064,81.162,2.2426,1.6386,3018.3,42.737,54.299,94.188,9.0848,60.759,35.347,39.549,2548.9,62.421,24.852,50.472,0.32531,8.7793,25.367,120.38,1.2104,75.849,22.862,2.3986,53.884,4.9053,234.81,0.0038717,0.99661,66.287,18.592,44.306
547,2026-04-29T10:18:00,49.628,30.672,26.625,33.862,42.693,2611.4,3657.9,15.982,18.707,20.089,0.30735,0.11399,338.65,77.555,6.8034,13.928,32.772,4583.7,23.768,45.673,51.972,81.28,2.2209,1.6556,3010.2,42.662,54.607,93.801,9.2724,57.891,43.904,36.883,2540.6,63.285,24.749,52.299,0.30822,8.818,25.769,120.38,1.3999,76.163,22.437,2.4186,53.884,4.9409,241.4,0.0038717,0.99661,66.705,19.085,44.306
548,2026-04-29T10:21:00,50.961,30.661,27.15,33.862,43.984,2603.2,3686.4,18.933,18.707,19.943,0.30746,0.11255,338.59,77.136,6.8034,13.928,32.772,4551.2,22.534,48.757,48.43,81.372,2.2209,1.6556,3002.0,42.558,54.995,94.043,9.0486,60.509,33.479,37.546,2531.6,62.794,23.811,53.602,0.30278,8.818,25.769,120.4,1.3999,75.237,22.437,2.4186,52.812,4.9409,244.55,0.025935,0.90569,67.105,19.085,43.914
549,2026-04-29T10:24:00,51.047,25.952,26.673,34.03,41.602,2590.5,3670.2,16.439,18.548,18.954,0.26056,0.11255,336.74,77.478,6.8903,14.225,32.387,4506.7,23.573,48.956,52.01,81.399,2.2887,1.6282,2989.7,42.466,54.308,93.893,9.175,59.609,44.014,39.506,2518.5,62.576,23.401,54.969,0.325,9.1021,25.486,120.35,1.196,76.425,22.294,2.5289,52.812,5.1734,252.02,0.025935,0.90569,67.438,18.576,43.914
550,2026-04-29T10:27:00,50.865,25.811,26.844,34.03,42.351,2582.8,3656.6,15.552,18.548,19.487,0.26199,0.11255,336.59,77.617,6.8903,14.225,32.387,4504.2,23.938,48.537,50.83,81.624,2.2887,1.6282,2981.1,42.815,54.338,94.254,9.2655,59.475,40.544,39.695,2511.7,62.809,25.872,56.603,0.32346,9.1021,25.486,120.36,1.196,75.358,22.294,2.5289,52.812,5.1734,256.33,0.025935,0.90569,67.78,18.576,43.914
551,2026-04-29T10:30:00,50.411,28.958,26.741,34.065,42.066,2575.2,3663.9,15.846,18.399,18.885,0.29622,0.11255,335.51,77.735,6.9622,14.214,32.314,4570.2,23.798,47.485,52.265,82.024,2.2684,1.6955,2975.3,42.471,54.788,93.926,9.2187,59.691,44.764,44.043,2504.0,61.956,24.591,58.572,0.35601,9.2561,25.38,120.38,1.42,75.291,22.13,2.6462,52.812,5.1604,256.7,0.025935,0.90569,68.146,18.662,43.914
552,2026-04-29T10:33:00,50.548,29.308,26.789,34.065,41.568,2569.4,3624.6,15.244,18.399,18.922,0.29266,0.11255,334.83,77.848,6.9622,14.214,32.314,4561.3,24.032,47.803,49.938,82.333,2.2684,1.6955,2968.8,42.172,54.895,94.338,9.0868,61.122,37.917,44.018,2498.0,62.632,24.944,60.078,0.35622,9.2561,25.38,120.37,1.42,75.718,22.13,2.6462,52.812,5.1604,262.06,0.025935,0.90569,68.551,18.662,43.914
553,2026-04-29T10:36:00,51.642,29.831,26.732,33.407,41.75,2563.6,3620.9,16.56,18.267,18.485,0.29819,0.098485,333.73,78.003,6.8903,14.299,32.418,4590.5,23.456,50.333,50.318,82.516,2.2896,1.6314,2963.3,42.008,54.359,94.103,9.1242,60.366,39.036,44.452,2491.2,62.024,25.395,59.963,0.35513,9.1914,24.855,120.37,1.4628,74.817,22.265,2.6117,52.689,5.3227,261.67,0.015562,0.82493,68.925,18.649,45.534
554,2026-04-29T10:39:00,49.045,29.585,26.877,33.407,41.927,2558.4,3608.4,16.594,18.267,18.458,0.30069,0.098485,332.92,78.201,6.8903,14.299,32.418,4549.7,23.422,44.325,51.184,82.663,2.2896,1.6314,2958.7,42.115,54.847,94.395,9.2287,60.004,41.585,43.73,2485.4,62.238,24.945,61.146,0.36104,9.1914,24.855,120.39,1.4628,76.087,22.265,2.6117,52.689,5.3227,260.06,0.015562,0.82493,69.218,18.649,45.534
555,2026-04-29T10:42:00,51.102,28.407,27.023,33.409,41.142,2551.4,3620.4,19.141,18.693,17.693,0.28876,0.098485,331.27,78.138,7.0192,14.296,32.398,4511.7,22.337,49.084,50.942,82.773,2.308,1.7491,2954.8,41.957,55.355,94.379,9.3567,59.35,40.873,45.632,2478.5,62.62,23.56,61.503,0.36919,9.3119,24.983,120.37,1.3507,74.494,22.04,2.6166,52.689,5.3872,267.59,0.015562,0.82493,69.457,19.142,45.534
556,2026-04-29T10:45:00,48.806,28.32,26.645,33.409,41.724,2546.9,3615.9,20.0,18.693,17.594,0.28964,0.098485,330.92,78.075,7.0192,14.296,32.398,4516.3,21.968,43.771,51.12,82.85,2.308,1.7491,2949.4,42.06,55.3,94.477,9.1942,59.836,41.397,46.115,2474.5,62.699,25.149,62.574,0.36524,9.3119,24.983,120.38,1.3507,74.876,22.04,2.6166,52.689,5.3872,267.04,0.015562,0.82493,69.645,19.142,45.534
557,2026-04-29T10:48:00,49.694,28.308,27.077,33.18,40.798,2543.1,3604.3,17.35,18.635,17.514,0.28913,0.098485,330.47,78.088,6.8649,14.375,32.718,4515.4,23.074,45.827,50.696,82.859,2.3062,1.6658,2945.7,42.232,54.082,94.564,9.1519,60.284,40.147,45.703,2469.3,61.7,25.211,63.572,0.37381,9.3289,24.591,120.36,1.6001,74.778,21.513,2.7257,52.689,5.4656,267.27,0.015562,0.82493,69.812,18.388,45.534
558,2026-04-29T10:51:00,51.088,28.679,26.927,33.18,40.35,2541.5,3591.8,16.257,18.635,17.581,0.28535,0.086093,330.08,78.503,6.8649,14.375,32.718,4554.2,23.507,49.051,49.972,83.163,2.3062,1.6658,2943.8,41.902,53.617,94.662,9.0084,63.614,38.019,46.355,2469.0,61.914,25.882,62.64,0.36846,9.3289,24.591,120.36,1.6001,74.926,21.513,2.7257,52.325,5.4656,266.47,0.017157,0.77402,69.95,18.388,44.523
559,2026-04-29T10:54:00,48.8,25.142,26.323,34.11,41.453,2540.4,3628.2,17.7,18.896,16.928,0.25164,0.086093,328.94,78.553,7.0369,14.521,32.223,4583.5,22.876,43.757,49.008,83.432,2.2772,1.6861,2945.5,42.277,55.117,94.477,9.2213,60.744,35.179,47.39,2468.2,62.584,25.2,62.842,0.38354,9.2919,24.086,120.39,1.4064,73.977,21.467,2.83,52.325,5.5162,265.62,0.017157,0.77402,70.088,18.788,44.523
560,2026-04-29T10:57:00,50.227,24.86,27.308,34.11,41.422,2537.6,3629.4,17.923,18.896,16.632,0.25451,0.086093,327.33,78.463,7.0369,14.521,32.223,4582.7,22.769,47.059,47.948,83.492,2.2772,1.6861,2944.6,42.254,55.126,94.579,9.3446,59.143,32.062,47.548,2464.3,62.564,26.165,62.851,0.38224,9.2919,24.086,120.4,1.4064,74.49,21.467,2.83,52.325,5.5162,266.92,0.017157,0.77402,70.243,18.788,44.523
561,2026-04-29T11:00:00,49.869,29.436,27.022,33.189,41.215,2538.6,3587.9,16.469,19.301,16.987,0.29797,0.086093,328.05,79.002,7.0247,14.465,32.318,4560.1,23.349,46.231,49.847,83.634,2.3369,1.6905,2942.9,42.062,54.449,94.648,9.1586,62.349,37.651,49.851,2465.0,61.704,26.436,63.158,0.40295,9.4123,24.626,120.4,1.4553,75.0,21.566,2.8698,52.325,5.6193,264.85,0.017157,0.77402,70.321,18.904,44.523
562,2026-04-29T11:03:00,48.686,29.649,26.553,33.189,41.407,2538.4,3596.8,18.102,19.301,16.769,0.2958,0.086093,327.61,78.823,7.0247,14.465,32.318,4551.0,22.645,43.493,48.991,83.84,2.3369,1.6905,2944.1,42.178,54.558,94.507,9.3291,59.074,35.131,50.603,2465.3,61.551,24.113,63.217,0.39679,9.4123,24.626,120.39,1.4553,74.238,21.566,2.8698,52.325,5.6193,265.49,0.017157,0.77402,70.406,18.904,44.523
563,2026-04-29T11:06:00,49.431,28.623,26.914,33.088,41.274,2535.9,3569.9,14.997,18.196,16.49,0.28604,0.1007,327.56,78.566,6.9672,14.538,32.661,4508.3,23.953,45.216,49.39,83.576,2.3652,1.6629,2943.3,42.124,54.771,94.772,9.2981,59.795,36.304,50.152,2461.9,61.98,26.814,61.992,0.39635,9.2602,24.442,120.4,1.7371,74.912,20.956,2.7211,53.018,5.5937,265.22,0.0037825,0.71232,70.414,19.052,45.172
564,2026-04-29T11:09:00,51.08,28.135,26.774,33.088,40.713,2536.9,3575.5,15.448,18.196,16.529,0.291,0.1007,327.5,78.871,6.9672,14.538,32.661,4506.0,23.741,49.034,49.437,83.622,2.3652,1.6629,2942.6,42.545,54.799,94.654,9.3113,61.768,36.442,49.697,2463.1,61.884,25.31,61.771,0.40008,9.2602,24.442,120.35,1.7371,74.574,20.956,2.7211,53.018,5.5937,262.41,0.0037825,0.71232,70.364,19.052,45.172
565,2026-04-29T11:12:00,49.501,24.952,26.922,33.199,40.4,2538.2,3601.3,16.963,18.824,16.575,0.25085,0.1007,327.97,79.312,6.956,14.405,31.835,4552.0,23.072,45.378,49.467,83.822,2.3009,1.731,2944.1,42.223,53.851,94.642,9.2076,62.528,36.53,51.337,2464.6,61.838,26.041,61.282,0.41085,9.2911,24.746,120.4,1.6853,74.397,21.319,2.8934,53.018,5.7483,262.58,0.0037825,0.71232,70.322,19.109,45.172
566,2026-04-29T11:15:00,49.707,24.906,27.069,33.199,40.969,2539.6,3624.7,16.779,18.824,16.798,0.25132,0.1007,327.49,78.911,6.956,14.405,31.835,4532.6,23.142,45.857,50.142,83.951,2.3009,1.731,2946.3,42.364,54.084,94.714,9.2876,63.094,38.517,51.57,2465.1,61.435,24.862,61.212,0.40894,9.2911,24.746,120.39,1.6853,74.629,21.319,2.8934,53.018,5.7483,258.02,0.0037825,0.71232,70.371,19.109,45.172
567,2026-04-29T11:18:00,50.958,32.655,27.236,33.523,41.321,2541.6,3599.5,15.669,18.785,16.425,0.33101,0.1007,327.21,79.241,7.0614,14.332,32.611,4517.9,23.585,48.752,49.682,83.967,2.3439,1.7048,2949.7,42.868,54.067,94.485,9.5175,59.286,37.163,50.217,2467.7,61.891,24.582,61.043,0.3987,9.1868,24.082,120.4,1.3773,75.106,21.062,2.8741,53.018,5.6655,254.61,0.0037825,0.71232,70.345,19.215,45.172
568,2026-04-29T11:21:00,50.62,32.54,26.813,33.523,41.305,2545.9,3602.8,17.234,18.785,16.951,0.33218,0.091446,328.87,79.503,7.0614,14.332,32.611,4505.2,22.898,47.97,49.444,84.078,2.3439,1.7048,2952.0,42.18,54.219,94.519,9.3696,62.994,36.463,50.273,2472.5,61.835,25.53,59.09,0.39824,9.1868,24.082,120.43,1.3773,75.26,21.062,2.8741,52.247,5.6655,251.66,0.01503,0.66686,70.301,19.215,45.648
569,2026-04-29T11:24:00,50.418,25.462,26.762,33.223,40.414,2544.8,3551.4,17.025,19.103,17.04,0.25337,0.091446,329.11,78.842,7.0763,14.333,32.328,4483.3,22.986,47.501,50.449,84.016,2.3437,1.6902,2949.9,42.663,54.157,94.539,9.4188,60.526,39.421,49.793,2471.7,61.674,24.859,58.046,0.39285,9.3369,24.715,120.36,1.6933,73.959,21.286,2.9906,52.247,5.6442,249.6,0.01503,0.66686,70.228,18.705,45.648
570,2026-04-29T11:27:00,51.029,25.245,26.82,33.223,41.528,2545.7,3586.7,16.466,19.103,17.168,0.25558,0.091446,330.31,78.76,7.0763,14.333,32.328,4494.3,23.216,48.917,50.737,83.755,2.3437,1.6902,2950.3,42.345,54.025,94.79,9.4306,61.739,40.27,49.838,2472.7,61.068,23.379,57.088,0.39248,9.3369,24.715,120.41,1.6933,73.457,21.286,2.9906,52.247,5.6442,246.69,0.01503,0.66686,70.075,18.705,45.648
571,2026-04-29T11:30:00,50.784,27.716,27.11,33.067,40.675,2546.7,3555.6,16.298,18.878,17.463,0.2792,0.091446,330.21,78.737,7.0489,14.31,32.374,4568.5,23.286,48.347,51.272,83.484,2.2956,1.6981,2951.6,42.681,54.359,94.672,9.4104,61.488,41.843,49.981,2473.2,61.296,26.542,56.314,0.39759,9.139,24.297,120.39,1.5728,73.505,21.021,2.8334,52.247,5.6336,241.8,0.01503,0.66686,69.851,18.8,45.648
572,2026-04-29T11:33:00,50.513,27.468,27.066,33.067,41.041,2553.7,3568.1,16.392,18.878,17.787,0.28172,0.091446,331.87,79.519,7.0489,14.31,32.374,4572.1,23.213,47.722,52.089,83.758,2.2956,1.6981,2956.6,41.868,54.316,94.729,9.5483,59.763,44.248,49.58,2481.5,61.081,23.92,55.299,0.40088,9.139,24.297,120.4,1.5728,73.574,21.021,2.8334,52.247,5.6336,239.73,0.01503,0.66686,69.674,18.8,45.648
573,2026-04-29T11:36:00,51.284,26.947,26.637,33.777,40.976,2559.8,3601.2,18.665,19.096,17.671,0.27469,0.05867,332.29,79.38,7.0767,14.28,32.384,4553.0,22.238,49.505,50.013,83.997,2.3432,1.6889,2963.1,42.489,54.315,94.615,9.3806,65.072,38.139,49.536,2487.8,60.58,26.267,53.216,0.40221,9.2571,24.869,120.42,1.5331,74.75,21.474,2.9103,53.261,5.7585,233.66,0.032782,0.65652,69.562,18.574,45.63
574,2026-04-29T11:39:00,49.734,26.784,27.161,33.777,40.957,2562.2,3562.7,13.782,19.096,17.871,0.27634,0.05867,332.48,79.179,7.0767,14.28,32.384,4567.2,24.284,45.92,51.115,83.858,2.3432,1.6889,2965.9,42.467,54.145,94.514,9.4675,59.912,41.381,49.829,2489.2,61.243,23.423,51.801,0.39981,9.2571,24.869,120.39,1.5331,74.632,21.474,2.9103,53.261,5.7585,229.19,0.032782,0.65652,69.434,18.574,45.63
575,2026-04-29T11:42:00,50.161,26.539,26.6,33.179,41.278,2566.4,3535.5,16.986,18.739,17.924,0.27311,0.05867,334.21,78.784,6.8407,14.341,32.576,4548.6,22.932,46.907,51.41,83.735,2.3372,1.6673,2968.5,42.589,54.936,94.645,9.5694,60.504,42.248,49.826,2494.5,61.297,23.493,50.466,0.39897,9.089,24.387,120.42,1.4077,74.016,21.268,2.9684,53.261,5.6192,223.93,0.032782,0.65652,69.218,18.6,45.63
576,2026-04-29T11:45:00,50.179,26.886,27.194,33.179,40.767,2568.4,3522.4,16.075,18.739,18.501,0.26959,0.05867,334.38,79.387,6.8407,14.341,32.576,4580.6,23.296,46.947,49.975,83.463,2.3372,1.6673,2971.4,42.51,54.553,94.602,9.6468,62.497,38.025,49.076,2496.4,61.523,22.998,49.139,0.40511,9.089,24.387,120.38,1.4077,74.102,21.268,2.9684,53.261,5.6192,218.72,0.032782,0.65652,68.965,18.6,45.63
577,2026-04-29T11:48:00,51.637,24.728,26.926,33.912,42.601,2572.3,3623.3,16.321,18.565,18.486,0.24829,0.05867,334.99,79.149,7.0036,14.016,32.375,4556.9,23.19,50.322,49.99,83.381,2.3083,1.6779,2975.3,42.687,54.805,94.471,9.5513,63.318,38.07,50.974,2499.6,61.784,24.778,47.873,0.40899,9.0611,24.67,120.44,1.3681,73.606,21.405,2.9317,53.261,5.678,212.96,0.032782,0.65652,68.696,18.988,45.63
578,2026-04-29T11:51:00,50.036,24.681,26.562,33.912,40.949,2577.2,3614.1,16.011,18.565,18.62,0.24878,0.081194,336.75,79.018,7.0036,14.016,32.375,4548.9,23.316,46.618,49.913,83.426,2.3083,1.6779,2977.6,42.321,54.901,94.454,9.515,64.078,37.843,50.571,2505.4,61.942,26.383,45.935,0.4123,9.0611,24.67,120.41,1.3681,73.673,21.405,2.9317,51.72,5.678,208.37,0.00011372,0.65571,68.418,18.988,45.004
579,2026-04-29T11:54:00,49.025,26.183,26.7,33.404,41.578,2581.0,3554.4,18.092,18.648,19.092,0.26632,0.081194,337.47,78.957,6.9022,14.055,32.516,4533.3,22.434,44.277,49.974,83.299,2.3081,1.6534,2980.8,42.276,54.132,94.441,9.7616,62.663,38.025,46.703,2509.0,61.503,25.048,44.275,0.37697,8.9877,25.051,120.41,1.4039,72.928,21.697,2.8864,51.72,5.6025,204.45,0.00011372,0.65571,68.168,18.231,45.004
580,2026-04-29T11:57:00,48.546,26.179,26.765,33.404,42.164,2586.1,3541.9,17.885,18.648,19.406,0.26635,0.081194,338.8,79.174,6.9022,14.055,32.516,4527.9,22.507,43.169,49.145,83.239,2.3081,1.6534,2984.5,42.692,54.197,94.638,9.7351,62.138,35.585,46.154,2514.5,61.718,24.572,42.61,0.38148,8.9877,25.051,120.43,1.4039,73.412,21.697,2.8864,51.72,5.6025,200.71,0.00011372,0.65571,67.866,18.231,45.004
581,2026-04-29T12:00:00,51.431,24.627,27.14,34.319,41.621,2589.0,3579.1,16.422,18.502,19.498,0.24963,0.081194,339.37,79.145,6.8722,14.276,33.053,4603.2,23.123,49.847,50.815,82.991,2.2915,1.678,2988.3,42.404,55.181,94.349,9.6506,63.333,40.499,46.833,2517.2,61.9,25.156,41.194,0.38707,9.123,25.405,120.41,1.4624,73.744,21.942,2.7857,51.72,5.5279,194.27,0.00011372,0.65571,67.626,18.287,45.004
582,2026-04-29T12:03:00,50.346,24.39,27.118,34.319,42.696,2595.0,3579.9,16.361,18.502,19.927,0.25204,0.081194,340.45,79.322,6.8722,14.276,33.053,4627.5,23.135,47.334,50.78,83.035,2.2915,1.678,2993.2,42.555,54.89,94.483,9.5715,64.355,40.395,47.091,2523.4,61.887,25.972,39.834,0.38495,9.123,25.405,120.43,1.4624,73.48,21.942,2.7857,51.72,5.5279,187.38,0.00011372,0.65571,67.358,18.287,45.004
583,2026-04-29T12:06:00,50.082,18.95,26.659,33.998,41.576,2600.1,3582.9,15.028,17.965,20.022,0.19094,0.083593,341.55,79.478,6.8922,13.96,32.835,4582.6,23.679,46.723,49.294,83.199,2.2959,1.63,2997.2,42.535,55.376,94.23,9.6042,65.703,36.022,50.284,2529.3,62.093,24.121,37.987,0.41142,8.7988,25.366,120.4,1.7379,73.912,21.652,2.7806,52.068,5.558,182.18,0.021188,0.65887,67.123,18.69,44.592
584,2026-04-29T12:09:00,50.152,18.737,27.248,33.998,42.046,2602.5,3567.7,18.742,17.965,19.943,0.19311,0.083593,341.47,79.214,6.8922,13.96,32.835,4664.8,22.109,46.886,49.818,83.112,2.2959,1.63,3001.1,42.565,54.393,94.381,9.7002,63.602,37.564,50.403,2531.9,62.356,23.977,36.475,0.41044,8.7988,25.366,120.41,1.7379,73.203,21.652,2.7806,52.068,5.558,175.5,0.021188,0.65887,66.861,18.69,44.592
585,2026-04-29T12:12:00,48.88,20.162,26.918,33.904,41.566,2606.3,3590.8,15.813,17.957,20.625,0.205,0.083593,342.65,79.268,6.9152,13.897,32.827,4605.5,23.336,43.943,49.695,82.943,2.3036,1.679,3003.1,42.253,54.163,94.301,9.8503,61.451,37.201,46.351,2535.9,61.783,25.407,34.761,0.37792,8.9726,25.374,120.42,1.4858,73.288,22.095,2.7503,52.068,5.4771,171.23,0.021188,0.65887,66.588,18.508,44.592
586,2026-04-29T12:15:00,51.434,20.202,26.984,33.904,42.344,2611.4,3640.4,15.629,17.957,20.795,0.2046,0.083593,342.83,79.178,6.9152,13.897,32.827,4625.2,23.407,49.852,47.724,82.904,2.3036,1.679,3007.3,42.535,53.926,94.328,9.7227,61.933,31.403,45.751,2540.3,60.929,24.725,33.098,0.38285,8.9726,25.374,120.44,1.4858,73.872,22.095,2.7503,52.068,5.4771,166.49,0.021188,0.65887,66.33,18.508,44.592
587,2026-04-29T12:18:00,49.393,19.523,26.851,33.955,40.983,2614.0,3566.6,16.484,17.693,21.026,0.19969,0.083593,343.72,78.82,6.8888,13.807,33.028,4577.3,23.055,45.129,50.805,82.609,2.2642,1.6143,3008.2,42.471,54.977,94.367,9.7621,65.696,40.469,44.902,2542.9,61.976,22.925,31.822,0.37715,8.9197,25.237,120.37,1.554,73.727,22.641,2.7141,52.068,5.5033,157.59,0.021188,0.65887,66.001,18.353,44.592
588,2026-04-29T12:21:00,50.313,19.513,27.054,33.955,41.826,2617.5,3568.9,15.083,17.693,21.379,0.1998,0.070435,344.94,78.878,6.8888,13.807,33.028,4590.1,23.644,47.258,49.603,82.396,2.2642,1.6143,3011.3,42.917,54.824,94.417,9.8112,62.798,36.932,44.511,2547.2,61.937,25.239,29.962,0.38036,8.9197,25.237,120.42,1.554,73.943,22.641,2.7141,52.692,5.5033,152.71,0.019171,0.65527,65.679,18.353,45.355
589,2026-04-29T12:24:00,49.725,16.851,26.794,34.09,41.077,2623.1,3579.8,16.103,17.651,21.777,0.17271,0.070435,345.97,79.123,6.7713,13.814,33.003,4574.3,23.203,45.897,49.355,82.471,2.2658,1.6345,3014.6,42.642,55.451,94.308,9.8104,63.07,36.203,43.681,2553.9,61.962,24.873,28.469,0.36772,9.074,25.746,120.38,1.3505,74.419,22.189,2.7471,52.692,5.3993,145.39,0.019171,0.65527,65.353,17.486,45.355
590,2026-04-29T12:27:00,51.085,16.985,26.596,34.09,41.652,2626.6,3574.2,16.507,17.651,21.451,0.17135,0.070435,346.0,78.896,6.7713,13.814,33.003,4609.0,23.039,49.045,51.421,82.29,2.2658,1.6345,3018.9,42.613,55.036,94.349,9.6457,64.104,42.281,43.811,2556.7,62.057,25.544,26.813,0.36666,9.074,25.746,120.38,1.3505,73.457,22.189,2.7471,52.692,5.3993,140.01,0.019171,0.65527,65.039,17.486,45.355
591,2026-04-29T12:30:00,49.574,16.343,27.06,34.865,42.273,2632.0,3645.2,17.044,17.251,22.34,0.16542,0.070435,346.5,79.058,6.8878,13.629,33.242,4646.5,22.805,45.548,48.865,82.308,2.2024,1.5692,3022.9,42.549,56.859,94.229,9.7936,63.638,34.761,44.033,2562.8,61.916,25.423,25.454,0.36631,8.9423,25.8,120.43,1.2946,73.357,22.687,2.6393,52.692,5.3997,131.47,0.019171,0.65527,64.73,18.026,45.355
592,2026-04-29T12:33:00,48.073,16.102,26.543,34.865,41.737,2636.4,3629.0,17.131,17.251,21.52,0.16787,0.070435,346.7,78.902,6.8878,13.629,33.242,4675.9,22.764,42.074,49.373,82.29,2.2024,1.5692,3029.0,42.929,56.508,94.168,9.7143,64.986,36.255,43.723,2566.2,62.194,24.883,23.951,0.36885,8.9423,25.8,120.4,1.2946,74.117,22.687,2.6393,52.692,5.3997,124.64,0.019171,0.65527,64.424,18.026,45.355
593,2026-04-29T12:36:00,49.744,13.196,26.816,34.064,41.929,2638.2,3614.0,17.259,16.86,22.021,0.1318,0.077693,346.97,78.797,6.8211,13.715,33.375,4630.1,22.716,45.942,48.911,82.081,2.2382,1.577,3029.5,42.386,55.903,94.24,9.59,63.004,34.894,41.426,2568.1,61.48,23.708,21.903,0.34589,8.8186,26.065,120.4,1.6002,74.748,23.533,2.637,52.109,5.2589,119.48,0.0084538,0.6672,64.099,17.896,45.127
594,2026-04-29T12:39:00,50.568,13.147,26.611,34.064,41.927,2641.1,3617.2,18.11,16.86,22.226,0.13229,0.077693,347.52,79.049,6.8211,13.715,33.375,4642.8,22.349,47.848,48.982,82.012,2.2382,1.577,3031.6,42.686,55.751,94.279,9.6911,62.778,35.105,41.111,2571.6,61.424,24.901,20.253,0.34848,8.8186,26.065,120.41,1.6002,73.263,23.533,2.637,52.109,5.2589,112.62,0.0084538,0.6672,63.764,17.896,45.127
595,2026-04-29T12:42:00,50.607,10.75,26.472,34.718,42.376,2644.5,3656.5,14.0,17.285,22.23,0.10756,0.077693,347.52,78.854,6.845,13.684,33.469,4665.4,24.083,47.939,48.832,82.004,2.2134,1.5936,3035.1,42.382,55.936,94.219,9.6928,65.138,34.662,42.167,2575.1,61.359,26.279,18.94,0.35689,8.6372,26.025,120.38,1.5004,75.699,23.446,2.5805,52.109,5.2681,102.11,0.0084538,0.6672,63.436,17.537,45.127
596,2026-04-29T12:45:00,48.453,10.753,26.662,34.718,41.507,2646.2,3627.2,14.519,17.285,22.436,0.10753,0.077693,347.61,78.765,6.845,13.684,33.469,4658.5,23.864,42.954,50.876,81.909,2.2134,1.5936,3036.5,42.636,56.019,94.253,9.5378,65.519,40.677,41.873,2576.1,61.864,23.787,17.189,0.3593,8.6372,26.025,120.39,1.5004,73.206,23.446,2.5805,52.109,5.2681,96.665,0.0084538,0.6672,63.103,17.537,45.127
597,2026-04-29T12:48:00,48.041,8.6267,27.216,34.276,42.046,2648.8,3610.6,13.453,17.129,22.707,0.085252,0.077693,347.81,79.048,6.7264,13.674,33.282,4744.9,24.301,42.0,47.528,81.944,2.2252,1.5948,3039.4,42.139,56.044,94.223,9.7307,62.731,30.824,41.624,2579.1,61.987,24.079,15.499,0.35305,8.6964,26.472,120.41,1.2921,74.298,23.489,2.5301,52.109,5.2847,90.688,0.0084538,0.6672,62.811,17.708,45.127
598,2026-04-29T12:51:00,48.662,8.264,26.97,34.276,40.99,2651.4,3595.5,14.911,17.129,22.441,0.088941,0.084133,347.24,78.905,6.7264,13.674,33.282,4724.1,23.687,43.437,50.528,81.976,2.2252,1.5948,3042.7,42.572,56.293,94.17,9.8005,60.881,39.654,41.477,2581.3,62.246,24.364,14.263,0.35425,8.6964,26.472,120.36,1.2921,74.145,23.489,2.5301,54.285,5.2847,79.632,0.0053197,0.64872,62.507,17.708,45.261
599,2026-04-29T12:54:00,50.902,8.9403,26.978,34.398,42.773,2652.3,3658.9,15.905,16.857,22.495,0.093646,0.084133,346.68,78.64,6.7914,13.666,32.791,4710.6,23.276,48.621,48.38,81.822,2.2186,1.6317,3044.4,42.768,56.228,94.156,9.6737,63.745,33.332,41.655,2582.3,62.286,25.083,12.654,0.34881,8.8765,26.521,120.4,1.1088,74.744,23.861,2.5336,54.285,5.2719,73.009,0.0053197,0.64872,62.209,17.551,45.261
600,2026-04-29T12:57:00,49.636,9.1358,26.94,34.398,42.127,2650.1,3625.7,18.396,16.857,22.173,0.091658,0.084133,346.65,78.253,6.7914,13.666,32.791,4716.9,22.251,45.692,49.428,81.428,2.2186,1.6317,3042.5,42.647,56.152,94.233,9.6708,63.575,36.416,41.977,2580.2,62.858,25.695,11.176,0.34617,8.8765,26.521,120.39,1.1088,74.725,23.861,2.5336,54.285,5.2719,65.076,0.0053197,0.64872,61.832,17.551,45.261
601,2026-04-29T13:00:00,51.036,12.769,27.032,34.025,42.484,2653.8,3646.7,17.318,16.942,22.806,0.13193,0.084133,346.94,78.924,6.7855,13.627,32.77,4732.6,22.691,48.932,49.474,81.549,2.1804,1.5694,3044.2,42.671,56.542,94.322,9.6945,65.355,36.553,41.435,2584.4,62.043,26.93,9.5747,0.34702,8.8616,26.688,120.43,1.37,74.157,23.982,2.6586,54.285,5.1581,58.691,0.0053197,0.64872,61.451,17.691,45.261
602,2026-04-29T13:03:00,48.107,12.904,27.051,34.025,41.637,2656.5,3655.2,17.862,16.942,22.77,0.13056,0.084133,346.71,78.7,6.7855,13.627,32.77,4780.0,22.465,42.154,48.445,81.713,2.1804,1.5694,3048.0,42.623,55.975,94.153,9.6613,62.496,33.524,41.52,2587.3,61.896,23.531,8.0821,0.34631,8.8616,26.688,120.39,1.37,74.273,23.982,2.6586,54.285,5.1581,51.216,0.0053197,0.64872,61.161,17.691,45.261
603,2026-04-29T13:06:00,48.422,12.616,26.926,34.314,41.943,2657.9,3617.9,17.956,17.074,22.442,0.12529,0.091634,346.12,78.668,6.7417,13.635,32.489,4700.6,22.426,42.881,48.255,81.638,2.2201,1.5903,3049.3,42.363,56.776,94.25,9.4506,66.296,32.965,40.841,2588.4,62.678,23.764,5.9315,0.34123,8.7748,26.818,120.41,1.4575,74.701,24.666,2.5699,52.307,5.1444,42.385,0.017064,0.71599,60.818,17.964,45.708
604,2026-04-29T13:09:00,48.92,12.605,26.404,34.314,41.779,2659.5,3652.3,16.532,17.074,22.491,0.1254,0.091634,346.23,78.534,6.7417,13.635,32.489,4719.5,23.033,44.034,49.679,81.587,2.2201,1.5903,3049.8,42.101,56.55,94.231,9.657,64.0,37.154,40.711,2590.2,62.086,24.802,4.4079,0.34229,8.7748,26.818,120.38,1.4575,74.966,24.666,2.5699,52.307,5.1444,31.697,0.017064,0.71599,60.479,17.964,45.708
605,2026-04-29T13:12:00,51.047,14.797,26.829,33.161,41.79,2660.0,3644.6,17.214,16.963,22.608,0.14824,0.091634,345.77,78.643,6.8961,13.615,32.603,4741.6,22.747,48.958,47.612,81.514,2.2172,1.5413,3051.8,42.311,55.775,94.226,9.4512,63.348,31.074,40.492,2590.7,62.714,23.381,2.9118,0.34353,8.5123,26.863,120.39,1.2863,74.945,24.573,2.5801,52.307,5.0263,20.84,0.017064,0.71599,60.141,17.611,45.708
606,2026-04-29T13:15:00,49.156,14.457,26.862,33.161,42.527,2661.0,3628.0,17.6,16.963,22.478,0.15169,0.091634,345.26,78.209,6.8961,13.615,32.603,4717.8,22.603,44.58,50.891,81.423,2.2172,1.5413,3052.5,42.148,56.06,94.182,9.5612,63.141,40.721,40.905,2590.9,63.001,25.298,1.1042,0.34015,8.5123,26.863,120.41,1.2863,75.142,24.573,2.5801,52.307,5.0263,13.677,0.017064,0.71599,59.762,17.611,45.708
607,2026-04-29T13:18:00,50.491,13.404,26.676,33.554,40.978,2662.9,3618.4,14.608,17.306,22.655,0.13292,0.091634,345.58,78.562,6.8856,13.563,32.811,4732.3,23.859,47.67,50.006,81.377,2.1876,1.5469,3052.8,42.392,56.92,94.486,9.555,61.802,38.119,40.642,2593.4,61.87,23.718,0.064985,0.33534,8.8714,26.971,120.39,1.3104,74.917,24.925,2.4968,52.307,5.0118,4.2653,0.017064,0.71599,59.342,17.526,45.708
608,2026-04-29T13:21:00,50.676,13.284,26.665,33.554,41.577,2663.6,3640.7,18.352,17.306,22.677,0.13415,0.094749,344.81,78.38,6.8856,13.563,32.811,4723.0,22.289,48.099,50.384,81.395,2.1876,1.5469,3054.6,42.354,57.031,94.358,9.5688,61.746,39.229,40.151,2593.8,61.488,23.922,0.26637,0.33937,8.8714,26.971,120.36,1.3104,75.686,24.925,2.4968,53.255,5.0118,0.15939,0.031182,0.74167,59.039,17.526,44.021
609,2026-04-29T13:24:00,49.166,10.623,26.88,33.839,42.05,2664.9,3636.5,17.947,17.291,22.653,0.1101,0.094749,344.68,78.453,6.8666,13.504,32.613,4767.5,22.46,44.603,49.367,81.424,2.1981,1.522,3056.5,42.206,56.91,94.517,9.4902,63.577,36.238,39.894,2595.6,61.642,24.017,0.21223,0.32735,8.6302,27.123,120.41,1.1987,74.98,24.913,2.533,53.255,5.0844,-0.17563,0.031182,0.74167,58.823,17.445,44.021
610,2026-04-29T13:27:00,51.98,10.946,26.588,33.839,40.734,2665.8,3608.7,16.433,17.291,22.458,0.10682,0.094749,344.16,78.277,6.8666,13.504,32.613,4792.8,23.106,51.115,49.977,81.4,2.1981,1.522,3056.9,42.343,56.607,94.474,9.6572,60.577,38.033,39.276,2595.8,62.12,24.375,-0.19045,0.33242,8.6302,27.123,120.38,1.1987,76.314,24.913,2.533,53.255,5.0844,2.7621,0.031182,0.74167,58.673,17.445,44.021
611,2026-04-29T13:30:00,50.774,12.078,26.817,33.17,41.842,2666.4,3627.9,17.13,16.683,22.294,0.12289,0.094749,343.5,78.318,6.6645,13.407,32.294,4769.4,22.814,48.325,48.496,81.447,2.1749,1.5661,3059.3,42.302,57.303,94.562,9.4734,61.718,33.673,38.347,2596.0,61.963,24.324,0.080073,0.32355,8.5721,27.193,120.39,1.322,75.77,25.081,2.4962,53.255,5.0318,0.19041,0.031182,0.74167,58.595,17.767,44.021
612,2026-04-29T13:33:00,51.608,12.003,27.212,33.17,40.911,2665.8,3631.3,15.251,16.683,22.23,0.12365,0.094749,342.8,78.208,6.6645,13.407,32.294,4773.6,23.614,50.255,48.997,81.342,2.1749,1.5661,3059.6,42.263,57.252,94.436,9.5409,60.2,35.147,38.836,2596.4,61.905,26.288,0.010841,0.31954,8.5721,27.193,120.39,1.322,76.083,25.081,2.4962,53.255,5.0318,0.34685,0.031182,0.74167,58.524,17.767,44.021
613,2026-04-29T13:36:00,49.031,14.976,26.617,33.105,42.131,2668.8,3686.6,15.761,17.349,22.002,0.14958,0.093415,342.56,78.458,6.6031,13.408,32.123,4761.0,23.395,44.291,49.236,81.461,2.085,1.5228,3063.2,42.205,56.811,94.427,9.5448,62.737,35.851,37.12,2598.7,62.836,23.772,-0.1448,0.30781,8.8438,26.942,120.43,1.3544,75.745,25.467,2.5305,52.549,5.0528,2.1835,0.030396,0.77398,58.432,17.4,43.984
614,2026-04-29T13:39:00,48.733,14.776,26.881,33.105,41.745,2667.5,3662.2,19.202,17.349,21.733,0.15161,0.093415,341.73,77.937,6.6031,13.408,32.123,4705.2,21.968,43.603,49.67,81.296,2.085,1.5228,3062.6,42.18,57.479,94.338,9.4389,62.493,37.13,37.415,2596.2,63.256,25.494,-0.093274,0.3054,8.8438,26.942,120.41,1.3544,75.607,25.467,2.5305,52.549,5.0528,1.8179,0.030396,0.77398,58.396,17.4,43.984
615,2026-04-29T13:42:00,50.269,16.419,26.648,32.501,42.285,2666.3,3696.3,18.999,17.122,21.332,0.16748,0.093415,340.94,78.187,6.8925,13.377,31.761,4809.8,22.061,47.157,50.612,81.123,2.1289,1.5605,3062.7,42.231,57.327,94.448,9.3971,61.075,39.9,36.757,2595.5,63.442,24.001,0.23907,0.30595,8.5504,27.109,120.43,1.0939,76.321,25.176,2.4556,52.549,5.0157,-1.9007,0.030396,0.77398,58.357,17.928,43.984
616,2026-04-29T13:45:00,49.342,16.619,26.956,32.501,41.554,2667.6,3695.2,16.176,17.122,21.655,0.16544,0.093415,340.43,78.501,6.8925,13.377,31.761,4787.7,23.243,45.012,50.506,81.391,2.1289,1.5605,3064.0,42.065,57.592,94.104,9.4532,61.323,39.588,36.542,2598.1,63.461,24.192,0.017721,0.30771,8.5504,27.109,120.41,1.0939,75.856,25.176,2.4556,52.549,5.0157,-0.06045,0.030396,0.77398,58.307,17.928,43.984
617,2026-04-29T13:48:00,48.041,19.939,26.945,32.637,41.568,2668.5,3633.1,15.457,17.735,21.469,0.2069,0.093415,339.71,78.208,6.7107,13.45,31.968,4734.6,23.555,42.001,49.598,81.437,2.1721,1.5726,3065.1,42.516,57.121,94.513,9.2837,62.479,36.918,36.267,2596.9,62.116,27.213,0.2827,0.29805,8.5991,27.95,120.39,1.1596,76.364,25.613,2.6011,52.549,5.075,-1.7822,0.030396,0.77398,58.352,17.705,43.984
618,2026-04-29T13:51:00,49.107,20.16,26.649,32.637,42.009,2668.1,3599.6,17.62,17.735,21.366,0.20465,0.12261,339.49,78.292,6.7107,13.45,31.968,4732.7,22.646,44.468,50.782,81.445,2.1721,1.5726,3065.0,42.442,57.143,94.46,9.3982,63.599,40.402,35.968,2597.1,62.694,25.897,0.043109,0.3005,8.5991,27.95,120.4,1.1596,75.598,25.613,2.6011,53.036,5.075,1.1694,0.018993,0.83622,58.357,17.705,45.391
619,2026-04-29T13:54:00,49.881,18.534,26.38,32.529,41.12,2666.4,3644.5,16.558,17.555,20.855,0.18791,0.12261,338.61,77.853,6.9107,13.436,31.848,4761.3,23.112,46.259,50.85,81.374,2.1085,1.548,3065.9,42.407,57.51,94.527,9.3569,59.385,40.602,36.723,2595.4,63.591,23.703,0.10608,0.30525,8.6821,27.235,120.39,1.2767,76.518,25.522,2.5518,53.036,5.0801,0.34424,0.018993,0.83622,58.358,18.487,45.391
620,2026-04-29T13:57:00,48.941,18.365,27.056,32.529,41.219,2664.0,3666.6,16.79,17.555,20.985,0.18963,0.12261,338.04,78.228,6.9107,13.436,31.848,4822.7,23.017,44.083,49.145,81.25,2.1085,1.548,3064.2,42.063,56.775,94.511,9.2607,61.258,35.585,36.678,2593.2,63.211,23.68,0.11004,0.30561,8.6821,27.235,120.39,1.2767,76.343,25.522,2.5518,53.036,5.0801,-0.043173,0.018993,0.83622,58.353,18.487,45.391
621,2026-04-29T14:00:00,49.743,19.969,26.65,32.379,41.093,2664.1,3596.7,17.493,17.886,20.881,0.20234,0.12261,337.3,78.171,6.7293,13.575,32.238,4716.7,22.728,45.94,48.507,81.392,2.0981,1.4978,3062.9,42.526,56.237,94.608,9.2709,59.862,33.708,36.485,2593.7,62.727,24.862,0.0056071,0.29969,8.7282,27.314,120.41,1.4571,77.182,24.984,2.6036,53.036,5.0513,1.3408,0.018993,0.83622,58.347,18.198,45.391
622,2026-04-29T14:03:00,50.029,19.982,26.632,32.379,40.41,2662.8,3626.8,18.333,17.886,20.945,0.2022,0.12261,337.13,77.905,6.7293,13.575,32.238,4716.1,22.388,46.6,50.523,81.437,2.0981,1.4978,3061.3,42.275,56.245,94.725,9.258,61.576,39.64,36.574,2592.0,62.209,24.778,0.15861,0.29896,8.7282,27.314,120.38,1.4571,76.001,24.984,2.6036,53.036,5.0513,-0.25194,0.018993,0.83622,58.356,18.198,45.391
623,2026-04-29T14:06:00,50.432,16.45,27.356,31.965,41.266,2659.6,3651.3,17.845,18.089,20.883,0.16558,0.10643,335.9,77.514,6.6675,13.743,31.89,4744.2,22.617,47.534,49.15,81.285,2.1058,1.5237,3060.1,42.142,56.691,94.699,9.371,59.636,35.598,37.937,2587.4,63.436,25.346,0.073415,0.31442,8.6301,27.526,120.4,1.1995,77.3,24.902,2.5015,53.072,5.1035,3.7652,0.0077393,0.87802,58.335,18.591,44.296
624,2026-04-29T14:09:00,48.39,16.322,27.136,31.965,40.175,2654.8,3681.2,16.978,18.089,19.918,0.16689,0.10643,334.34,77.577,6.6675,13.743,31.89,4736.8,22.998,42.807,50.537,81.101,2.1058,1.5237,3058.6,42.57,56.78,94.743,9.2449,59.469,39.679,38.221,2582.9,62.922,24.819,0.32963,0.3121,8.6301,27.526,120.37,1.1995,77.998,24.902,2.5015,53.072,5.1035,-0.4674,0.0077393,0.87802,58.327,18.591,44.296
625,2026-04-29T14:12:00,49.48,19.971,26.879,31.953,40.921,2652.8,3680.9,16.63,18.009,19.943,0.19967,0.10643,333.75,77.813,7.1628,13.648,31.418,4708.7,23.152,45.329,50.709,81.183,2.1539,1.5396,3055.5,42.254,56.215,94.811,9.2045,60.395,40.186,40.602,2580.7,63.643,26.679,0.16976,0.32748,8.6841,27.367,120.39,1.2269,76.37,24.966,2.5541,53.072,5.0357,0.89178,0.0077393,0.87802,58.266,18.445,44.296
626,2026-04-29T14:15:00,49.404,19.692,26.956,31.953,41.025,2652.6,3676.6,18.317,18.009,19.649,0.2025,0.10643,332.6,78.211,7.1628,13.648,31.418,4718.9,22.437,45.154,49.324,81.464,2.1539,1.5396,3055.7,42.447,56.094,94.634,9.1747,58.297,36.11,40.425,2579.9,63.716,23.851,0.27333,0.32892,8.6841,27.367,120.41,1.2269,76.336,24.966,2.5541,53.072,5.0357,-1.614,0.0077393,0.87802,58.288,18.445,44.296
627,2026-04-29T14:18:00,49.931,24.785,26.867,32.181,40.164,2655.0,3557.0,15.755,18.271,20.065,0.25313,0.10643,332.45,78.206,6.9536,13.609,31.477,4727.9,23.512,46.374,48.0,81.8,2.1151,1.5375,3056.3,41.872,56.388,94.789,9.2036,60.63,32.215,39.268,2583.2,61.398,25.028,0.079947,0.31584,8.7321,27.112,120.39,1.2241,77.066,25.227,2.4716,53.072,5.0146,1.3674,0.0077393,0.87802,58.401,18.932,44.296
628,2026-04-29T14:21:00,48.959,24.904,26.9,32.181,39.982,2654.7,3544.0,16.191,18.271,19.626,0.25192,0.10607,331.79,77.885,6.9536,13.609,31.477,4735.4,23.342,44.124,48.455,81.759,2.1151,1.5375,3057.1,41.741,56.298,95.051,9.2047,61.604,33.555,39.121,2582.3,61.622,24.06,0.63005,0.31705,8.7321,27.112,120.37,1.2241,76.709,25.227,2.4716,52.498,5.0146,0.88891,0.016754,0.90085,58.438,18.932,43.925
629,2026-04-29T14:24:00,49.196,25.016,26.916,31.241,40.3,2651.6,3625.5,15.548,18.646,19.343,0.25479,0.10607,331.03,77.726,7.1422,13.739,31.327,4717.2,23.632,44.673,48.068,81.549,2.0956,1.5008,3056.3,41.842,55.335,94.967,9.2091,59.125,32.413,38.569,2578.5,61.889,24.499,0.32161,0.31084,8.7687,27.303,120.37,1.3533,76.304,24.824,2.6077,52.498,5.121,3.0249,0.016754,0.90085,58.45,18.587,43.925
630,2026-04-29T14:27:00,49.303,25.037,26.726,31.241,40.349,2650.9,3626.7,16.926,18.646,19.355,0.25457,0.10607,330.77,77.547,7.1422,13.739,31.327,4693.9,23.07,44.921,50.009,81.495,2.0956,1.5008,3056.4,42.091,55.614,95.047,9.2099,60.285,38.127,38.302,2577.9,61.869,25.985,0.253,0.31303,8.7687,27.303,120.39,1.3533,75.336,24.824,2.6077,52.498,5.121,2.4652,0.016754,0.90085,58.482,18.587,43.925
631,2026-04-29T14:30:00,48.843,27.26,27.1,31.065,39.426,2651.8,3572.8,17.158,18.866,19.472,0.27743,0.10607,330.44,77.759,6.8902,13.496,31.207,4679.7,22.975,43.857,48.375,81.543,2.1186,1.5559,3055.9,41.924,56.634,95.096,9.1382,61.793,33.317,40.136,2578.2,60.986,26.155,0.13029,0.32457,8.9855,26.911,120.39,1.4035,76.781,24.427,2.5596,52.498,5.1336,2.5527,0.016754,0.90085,58.386,19.315,43.925
632,2026-04-29T14:33:00,51.582,27.138,26.813,31.065,39.92,2651.3,3569.6,16.648,18.866,19.002,0.27868,0.10607,330.1,77.627,6.8902,13.496,31.207,4732.4,23.206,50.196,49.658,81.53,2.1186,1.5559,3057.1,41.811,56.003,95.243,9.1323,61.972,37.092,40.368,2579.0,61.041,25.164,0.20999,0.32267,8.9855,26.911,120.38,1.4035,77.014,24.427,2.5596,52.498,5.1336,0.64154,0.016754,0.90085,58.414,19.315,43.925
633,2026-04-29T14:36:00,50.598,29.361,26.881,30.992,40.029,2654.3,3637.1,18.575,19.059,19.437,0.29837,0.11433,330.0,77.856,6.8368,13.556,30.95,4597.2,22.393,47.919,51.058,81.712,2.1584,1.5348,3060.1,42.221,55.804,94.981,9.1722,59.94,41.214,36.849,2581.5,61.962,25.867,0.66577,0.29583,8.8908,27.156,120.41,1.3439,76.088,24.418,2.4958,52.559,5.1691,2.183,0.034411,0.94703,58.384,19.745,45.038
634,2026-04-29T14:39:00,50.47,29.408,26.914,30.992,40.169,2653.9,3634.8,18.546,19.059,19.356,0.2979,0.11433,329.34,77.66,6.8368,13.556,30.95,4624.4,22.415,47.621,50.846,81.69,2.1584,1.5348,3059.9,41.85,55.479,94.998,9.1001,60.912,40.589,36.708,2580.8,62.002,26.444,0.62968,0.29698,8.8908,27.156,120.43,1.3439,75.813,24.418,2.4958,52.559,5.1691,4.5965,0.034411,0.94703,58.428,19.745,45.038
635,2026-04-29T14:42:00,49.47,33.056,27.169,31.387,39.652,2652.1,3576.8,15.931,19.357,18.758,0.33369,0.11433,328.73,77.851,6.914,13.429,31.829,4563.5,23.521,45.308,48.705,81.637,2.1245,1.5874,3061.0,42.6,55.026,94.935,9.0993,60.424,34.29,37.545,2578.7,63.485,26.125,0.80396,0.29962,8.824,26.281,120.42,1.4803,76.129,24.452,2.4321,52.559,5.1712,4.6171,0.034411,0.94703,58.502,19.849,45.038
636,2026-04-29T14:45:00,49.391,32.883,26.503,31.387,40.686,2653.0,3647.5,17.497,19.357,18.678,0.33544,0.11433,329.16,77.787,6.914,13.429,31.829,4583.0,22.867,45.124,47.686,81.804,2.1245,1.5874,3060.6,42.046,54.792,94.9,9.1063,60.797,31.289,37.266,2579.5,62.269,23.368,1.0079,0.30191,8.824,26.281,120.43,1.4803,75.58,24.452,2.4321,52.559,5.1712,4.3344,0.034411,0.94703,58.465,19.849,45.038
637,2026-04-29T14:48:00,50.33,25.443,27.072,30.948,39.632,2648.3,3649.2,18.99,19.643,18.9,0.25759,0.11433,328.87,77.555,7.0521,13.682,31.354,4546.4,22.256,47.298,49.865,81.54,2.1278,1.5999,3055.0,42.017,54.803,95.018,9.0935,58.363,37.702,35.391,2574.7,61.57,26.455,1.1303,0.2854,8.7834,27.141,120.38,1.3249,76.299,24.361,2.4958,52.559,5.0966,4.9529,0.034411,0.94703,58.475,19.547,45.038
638,2026-04-29T14:51:00,49.136,25.295,26.999,30.948,40.289,2647.2,3604.4,15.914,19.643,18.8,0.25909,0.11008,328.41,77.689,7.0521,13.682,31.354,4590.2,23.556,44.533,46.855,81.6,2.1278,1.5999,3053.7,42.088,54.279,95.04,8.9776,59.339,28.843,35.548,2573.6,62.34,23.493,2.0322,0.28411,8.7834,27.141,120.41,1.3249,75.562,24.361,2.4958,52.558,5.0966,11.843,0.026868,1.0147,58.532,19.547,44.708
639,2026-04-29T14:54:00,50.158,30.536,26.813,31.145,39.016,2647.5,3582.2,17.281,19.637,18.679,0.31013,0.11008,328.22,77.878,6.8581,13.651,31.199,4578.0,22.979,46.9,50.522,81.74,2.1633,1.54,3054.2,41.966,55.011,95.125,9.113,60.464,39.637,38.924,2573.9,61.416,25.472,2.9231,0.30882,8.7457,26.404,120.38,1.4273,76.087,24.129,2.4841,52.558,5.1188,10.276,0.026868,1.0147,58.635,19.102,44.708
640,2026-04-29T14:57:00,49.304,30.523,26.841,31.145,39.443,2647.8,3576.7,17.869,19.637,18.983,0.31027,0.11008,328.86,77.381,6.8581,13.651,31.199,4589.4,22.752,44.922,50.188,81.752,2.1633,1.54,3054.3,41.653,54.874,95.132,9.003,63.405,38.652,38.878,2574.6,61.51,25.376,3.2748,0.30919,8.7457,26.404,120.42,1.4273,75.699,24.129,2.4841,52.558,5.1188,14.749,0.026868,1.0147,58.714,19.102,44.708
641,2026-04-29T15:00:00,48.584,32.791,26.948,31.493,39.244,2644.1,3618.5,15.616,19.518,18.274,0.33612,0.11008,327.64,77.305,6.8899,13.725,31.199,4642.6,23.726,43.256,48.237,81.303,2.1512,1.5815,3053.5,42.31,55.238,95.102,9.0772,61.157,32.911,37.686,2569.5,62.423,25.156,3.5814,0.31017,8.8016,26.509,120.38,1.486,76.083,24.193,2.4687,52.558,5.0388,19.718,0.026868,1.0147,58.76,19.169,44.708
642,2026-04-29T15:03:00,49.918,33.007,26.928,31.493,40.638,2647.4,3628.4,17.247,19.518,18.45,0.33392,0.11008,328.4,77.974,6.8899,13.725,31.199,4626.1,23.028,46.345,51.546,81.572,2.1512,1.5815,3056.3,42.156,55.435,95.029,9.0918,60.429,42.649,38.344,2573.7,62.253,25.476,4.076,0.30478,8.8016,26.509,120.44,1.486,75.516,24.193,2.4687,52.558,5.0388,22.559,0.026868,1.0147,58.817,19.169,44.708
643,2026-04-29T15:06:00,50.454,33.918,27.16,31.036,39.955,2648.4,3614.3,16.632,20.001,18.58,0.34533,0.11203,327.64,78.062,6.7969,13.767,30.901,4618.8,23.29,47.585,49.757,81.651,2.1508,1.6137,3057.4,42.181,55.298,94.932,9.2405,62.054,37.384,39.29,2574.2,62.224,27.103,6.0113,0.31163,8.8023,26.311,120.4,1.4805,76.196,23.707,2.5525,52.599,5.0729,31.452,0.030781,0.9945,58.97,19.959,44.541
644,2026-04-29T15:09:00,51.378,33.889,27.03,31.036,40.746,2649.3,3602.4,17.802,20.001,18.725,0.34563,0.11203,328.26,77.872,6.7969,13.767,30.901,4646.1,22.802,49.723,50.809,81.816,2.1508,1.6137,3057.9,42.046,54.971,94.904,9.2295,57.137,40.479,38.577,2575.7,62.429,25.208,7.1064,0.31747,8.8023,26.311,120.43,1.4805,75.794,23.707,2.5525,52.599,5.0729,37.028,0.030781,0.9945,59.234,19.959,44.541
645,2026-04-29T15:12:00,49.202,37.823,26.953,31.395,40.122,2648.2,3654.7,16.238,20.218,18.454,0.38684,0.11203,327.77,77.672,7.0542,13.848,31.426,4515.9,23.47,44.686,47.991,81.797,2.1211,1.5244,3058.1,41.947,54.459,94.809,9.0437,61.277,32.188,39.523,2574.7,62.382,26.204,8.156,0.31796,8.9064,26.558,120.4,1.3679,75.923,23.868,2.4968,52.599,5.1085,42.993,0.030781,0.9945,59.486,19.971,44.541
646,2026-04-29T15:15:00,48.939,37.964,27.19,31.395,40.691,2649.2,3613.5,16.375,20.218,18.705,0.38541,0.11203,328.14,77.883,7.0542,13.848,31.426,4546.5,23.404,44.078,50.702,81.964,2.1211,1.5244,3058.0,42.176,54.093,94.704,9.1516,60.478,40.167,39.63,2576.7,63.091,24.098,9.0762,0.31708,8.9064,26.558,120.45,1.3679,75.935,23.868,2.4968,52.599,5.1085,50.335,0.030781,0.9945,59.692,19.971,44.541
647,2026-04-29T15:18:00,51.274,34.06,27.23,31.264,39.819,2646.9,3587.8,21.012,19.319,18.751,0.34492,0.11203,328.34,77.812,7.0292,13.755,31.315,4512.0,21.454,49.483,48.552,81.895,2.1575,1.5573,3054.6,42.022,54.274,94.906,9.1703,59.073,33.837,40.677,2573.1,61.235,25.187,10.199,0.32605,8.7931,26.128,120.4,1.5423,75.699,23.839,2.5507,52.599,5.038,55.229,0.030781,0.9945,59.982,19.393,44.541
648,2026-04-29T15:21:00,50.215,33.949,26.692,31.264,40.21,2644.2,3562.6,16.212,19.319,18.707,0.34606,0.11514,328.58,77.363,7.0292,13.755,31.315,4512.4,23.5,47.031,49.628,81.664,2.1575,1.5573,3051.5,41.779,54.27,94.943,9.2085,61.063,37.004,40.94,2570.3,61.668,26.235,11.326,0.3239,8.7931,26.128,120.38,1.5423,75.502,23.839,2.5507,53.115,5.038,57.638,0.019834,1.0128,60.166,19.393,44.49
649,2026-04-29T15:24:00,49.824,35.868,26.601,31.303,39.631,2644.6,3592.0,16.697,20.218,18.691,0.36487,0.11514,329.17,77.668,7.0476,13.574,31.651,4569.0,23.292,46.127,47.655,81.627,2.1473,1.5474,3052.0,42.05,54.859,95.142,9.0834,61.025,31.2,39.154,2571.1,61.231,24.132,12.271,0.31796,8.9478,26.363,120.37,1.3498,74.371,23.739,2.4807,53.115,5.145,63.42,0.019834,1.0128,60.286,19.924,44.49
650,2026-04-29T15:27:00,49.434,35.929,26.765,31.303,40.314,2645.2,3559.5,16.723,20.218,18.701,0.36425,0.11514,329.56,77.362,7.0476,13.574,31.651,4565.4,23.304,45.225,48.548,81.515,2.1473,1.5474,3052.3,42.009,54.902,95.03,9.1791,59.841,33.826,38.754,2571.6,61.789,24.377,13.265,0.32124,8.9478,26.363,120.39,1.3498,75.246,23.739,2.4807,53.115,5.145,68.541,0.019834,1.0128,60.453,19.924,44.49
651,2026-04-29T15:30:00,50.804,33.506,26.727,31.645,39.843,2647.6,3574.3,16.734,19.813,19.394,0.33854,0.11514,330.94,77.552,6.8557,13.928,32.012,4527.2,23.303,48.395,50.253,81.477,2.1577,1.5306,3050.7,42.012,53.906,95.061,9.1998,58.97,38.846,36.635,2574.7,61.227,25.079,14.142,0.29706,8.7707,26.211,120.41,1.415,75.283,23.684,2.4351,53.115,5.0946,74.939,0.019834,1.0128,60.599,19.643,44.49
652,2026-04-29T15:33:00,49.679,33.532,26.837,31.645,39.368,2651.0,3579.7,17.681,19.813,19.772,0.33827,0.11514,331.4,77.596,6.8557,13.928,32.012,4518.1,22.905,45.791,50.006,81.63,2.1577,1.5306,3053.9,41.791,54.016,95.096,9.1116,62.536,38.116,36.601,2577.8,61.134,24.481,15.172,0.29733,8.7707,26.211,120.39,1.415,75.55,23.684,2.4351,53.115,5.0946,79.512,0.019834,1.0128,60.818,19.643,44.49
653,2026-04-29T15:36:00,48.95,30.376,27.395,31.859,40.497,2652.1,3628.3,17.584,19.758,19.445,0.30804,0.12255,331.38,78.326,7.004,13.6,31.438,4562.8,22.92,44.105,49.297,81.822,2.1718,1.5407,3057.8,42.219,54.001,94.941,9.2891,59.571,36.032,41.248,2579.3,61.915,24.096,16.685,0.33595,8.9018,25.913,120.4,1.5018,74.418,23.163,2.478,52.686,5.1018,87.18,0.016487,1.0197,61.008,19.851,43.591
654,2026-04-29T15:39:00,50.68,30.492,26.605,31.859,40.568,2654.3,3631.0,17.513,19.758,19.368,0.30686,0.12255,331.21,78.189,7.004,13.6,31.438,4529.0,22.947,48.107,50.225,81.918,2.1718,1.5407,3060.3,42.385,54.405,94.989,9.1223,61.121,38.761,40.922,2581.5,61.868,23.404,17.907,0.33862,8.9018,25.913,120.41,1.5018,75.091,23.163,2.478,52.686,5.1018,93.091,0.016487,1.0197,61.319,19.851,43.591
655,2026-04-29T15:42:00,50.22,36.243,26.543,32.134,40.376,2655.1,3575.7,17.762,20.051,18.905,0.36911,0.12255,331.37,77.196,6.8075,13.57,31.626,4450.8,22.875,47.043,50.482,81.603,2.1551,1.5536,3061.3,42.374,54.668,95.065,9.2475,59.524,39.519,36.786,2581.3,61.474,27.458,19.204,0.29986,8.7133,26.144,120.38,1.6137,74.648,22.834,2.4725,52.686,5.0416,98.065,0.016487,1.0197,61.544,19.537,43.591
656,2026-04-29T15:45:00,48.935,36.404,26.948,32.134,39.838,2658.2,3580.1,17.765,20.051,19.902,0.36748,0.12255,332.74,77.858,6.8075,13.57,31.626,4512.6,22.868,44.069,50.612,81.355,2.1551,1.5536,3062.1,42.367,53.929,95.073,9.3063,60.448,39.901,36.623,2584.8,61.399,24.32,20.262,0.30119,8.7133,26.144,120.38,1.6137,75.35,22.834,2.4725,52.686,5.0416,105.7,0.016487,1.0197,61.681,19.537,43.591
657,2026-04-29T15:48:00,51.061,35.324,26.981,31.853,40.543,2664.0,3618.9,18.183,19.705,19.845,0.35559,0.12255,333.67,77.707,7.1343,13.706,31.619,4576.2,22.702,48.989,48.681,81.407,2.1489,1.5716,3067.5,42.627,53.783,95.064,9.2645,60.23,34.218,36.317,2591.2,62.433,25.287,21.509,0.29419,8.7715,25.56,120.4,1.6597,74.36,23.076,2.508,52.686,5.1185,111.15,0.016487,1.0197,61.832,19.665,43.591
658,2026-04-29T15:51:00,48.016,35.215,26.898,31.853,40.291,2669.8,3602.8,17.898,19.705,19.741,0.35669,0.11132,333.94,78.025,7.1343,13.706,31.619,4525.1,22.814,41.943,52.502,81.426,2.1489,1.5716,3074.5,42.061,54.395,94.861,9.3324,59.567,45.464,35.548,2596.7,62.709,25.749,22.941,0.3005,8.7715,25.56,120.4,1.6597,74.026,23.076,2.508,53.074,5.1185,120.02,0.033667,1.0022,62.016,19.665,45.035
659,2026-04-29T15:54:00,49.684,35.823,27.198,32.504,40.13,2676.0,3554.4,18.563,19.648,20.638,0.36381,0.11132,335.07,78.131,6.8318,13.786,31.653,4529.8,22.53,45.803,48.63,81.51,2.1627,1.5527,3077.4,42.406,53.886,95.091,9.2467,61.752,34.068,37.526,2603.0,60.591,24.27,24.287,0.31201,8.9843,25.854,120.4,1.4494,75.3,23.389,2.4654,53.074,4.9914,126.58,0.033667,1.0022,62.235,19.753,45.035
660,2026-04-29T15:57:00,50.629,35.954,26.887,32.504,39.715,2680.9,3513.3,17.607,19.648,20.775,0.36247,0.11132,335.92,77.686,6.8318,13.786,31.653,4488.8,22.943,47.989,50.863,81.398,2.1627,1.5527,3082.8,41.966,54.377,95.156,9.3453,63.558,40.638,37.354,2608.6,61.299,23.223,25.714,0.31341,8.9843,25.854,120.39,1.4494,73.575,23.389,2.4654,53.074,4.9914,132.14,0.033667,1.0022,62.439,19.753,45.035
661,2026-04-29T16:00:00,49.574,35.995,26.652,32.915,40.281,2686.0,3641.5,15.179,19.651,20.795,0.36689,0.11132,337.61,77.876,6.942,13.837,32.342,4522.0,23.97,45.549,51.416,81.085,2.1493,1.5981,3087.2,42.277,53.606,95.032,9.4426,60.517,42.266,38.6,2613.9,61.65,23.975,27.167,0.3196,8.9518,25.821,120.42,1.6774,74.297,23.208,2.5197,53.074,4.9746,137.35,0.033667,1.0022,62.593,19.307,45.035
662,2026-04-29T16:03:00,50.258,35.951,27.139,32.915,39.992,2695.2,3633.4,18.672,19.651,21.802,0.36734,0.11132,338.83,78.24,6.942,13.837,32.342,4524.7,22.486,47.13,48.181,81.194,2.1493,1.5981,3094.3,42.138,53.574,95.017,9.3522,60.549,32.747,38.082,2623.8,61.79,25.353,28.576,0.32385,8.9518,25.821,120.41,1.6774,73.877,23.208,2.5197,53.074,4.9746,143.0,0.033667,1.0022,62.753,19.307,45.035
663,2026-04-29T16:06:00,51.355,29.597,27.014,32.633,40.036,2698.5,3606.5,18.241,19.799,21.666,0.30258,0.10478,339.26,77.56,6.7324,13.503,32.269,4566.7,22.688,49.669,49.981,81.01,2.1649,1.5501,3098.5,42.425,54.04,95.09,9.3761,62.591,38.043,38.984,2626.8,61.281,25.971,29.786,0.32758,8.7997,25.124,120.37,1.6112,74.189,23.047,2.4166,53.745,5.0344,149.28,0.024315,0.97411,62.928,19.539,44.21
664,2026-04-29T16:09:00,50.281,29.557,26.698,32.633,39.791,2704.9,3611.9,17.099,19.799,22.088,0.303,0.10478,340.39,77.726,6.7324,13.503,32.269,4536.2,23.17,47.184,50.5,80.824,2.1649,1.5501,3102.3,42.509,54.405,94.989,9.3257,61.056,39.573,39.385,2633.4,61.189,26.587,30.941,0.32429,8.7997,25.124,120.4,1.6112,74.736,23.047,2.4166,53.745,5.0344,156.99,0.024315,0.97411,63.092,19.539,44.21
665,2026-04-29T16:12:00,49.424,30.168,26.675,32.893,40.643,2712.6,3631.3,19.202,19.577,22.029,0.30838,0.10478,341.0,77.802,6.8877,13.607,32.342,4521.1,22.286,45.2,48.407,80.734,2.1066,1.5057,3109.6,42.054,53.906,95.125,9.3991,58.966,33.413,34.503,2641.4,62.736,23.89,32.332,0.28926,8.8062,26.007,120.43,1.6373,74.138,23.08,2.4281,53.745,4.8845,161.99,0.024315,0.97411,63.186,19.823,44.21
666,2026-04-29T16:15:00,50.065,30.381,27.261,32.893,40.252,2716.7,3619.5,19.936,19.577,22.485,0.30622,0.10478,341.62,77.038,6.8877,13.607,32.342,4511.3,22.012,46.684,48.919,80.338,2.1066,1.5057,3114.0,42.33,54.023,94.96,9.3929,60.762,34.919,34.763,2644.3,62.939,24.655,33.479,0.28712,8.8062,26.007,120.39,1.6373,74.028,23.08,2.4281,53.745,4.8845,169.71,0.024315,0.97411,63.261,19.823,44.21
667,2026-04-29T16:18:00,48.687,29.321,26.911,33.016,39.477,2723.5,3616.5,17.193,19.752,22.863,0.30053,0.10478,342.81,77.651,6.9054,13.664,32.012,4477.7,23.163,43.496,49.916,80.179,2.1415,1.5253,3118.7,42.202,53.577,95.091,9.3345,61.612,37.851,35.398,2651.9,61.696,24.929,34.83,0.30134,8.7035,25.796,120.39,1.5295,73.659,23.193,2.388,53.745,4.7958,175.15,0.024315,0.97411,63.296,19.432,44.21
668,2026-04-29T16:21:00,49.761,29.462,26.63,33.016,40.237,2733.4,3614.9,18.226,19.752,23.545,0.29909,0.1021,343.56,77.572,6.9054,13.664,32.012,4442.4,22.734,45.981,48.423,80.305,2.1415,1.5253,3126.5,41.933,54.0,95.11,9.5195,62.535,33.459,35.656,2663.0,61.724,23.527,35.372,0.29923,8.7035,25.796,120.42,1.5295,74.457,23.193,2.388,52.71,4.7958,184.57,0.0021254,0.93953,63.408,19.432,43.813
669,2026-04-29T16:24:00,51.591,32.45,27.118,33.126,39.382,2741.5,3594.6,18.478,19.49,23.698,0.3327,0.1021,343.79,77.72,6.9151,13.516,32.299,4507.8,22.626,50.217,50.136,80.255,2.1282,1.5165,3135.9,42.462,54.032,95.115,9.3591,61.611,38.499,36.354,2671.5,61.904,25.733,36.958,0.30387,8.7268,25.777,120.38,1.4028,73.663,22.885,2.3263,52.71,4.9298,185.05,0.0021254,0.93953,63.532,19.215,43.813
670,2026-04-29T16:27:00,49.447,32.468,26.924,33.126,40.663,2751.1,3615.7,17.1,19.49,23.733,0.33252,0.1021,344.63,77.58,6.9151,13.516,32.299,4484.2,23.215,45.255,50.125,80.117,2.1282,1.5165,3144.8,42.121,54.315,95.101,9.4489,62.363,38.469,36.217,2679.9,61.54,24.53,37.985,0.305,8.7268,25.777,120.4,1.4028,73.926,22.885,2.3263,52.71,4.9298,191.74,0.0021254,0.93953,63.665,19.215,43.813
671,2026-04-29T16:30:00,49.497,29.734,27.161,33.22,39.103,2759.1,3592.4,18.85,19.205,24.223,0.30552,0.1021,345.73,77.391,6.9737,13.469,32.602,4504.7,22.494,45.369,47.784,79.813,2.1346,1.5555,3152.5,42.503,54.509,95.031,9.4041,63.489,31.578,34.367,2688.6,61.83,25.179,39.13,0.28477,8.6231,26.333,120.37,1.5429,73.43,23.392,2.3071,52.71,4.7936,197.07,0.0021254,0.93953,63.732,19.036,43.813
672,2026-04-29T16:33:00,50.008,29.935,26.962,33.22,40.327,2769.3,3592.6,18.756,19.205,25.051,0.30348,0.1021,346.34,77.579,6.9737,13.469,32.602,4538.6,22.539,46.552,49.461,79.662,2.1346,1.5555,3159.2,42.337,54.104,95.183,9.3855,64.475,36.512,33.79,2699.7,61.827,24.617,40.205,0.2895,8.6231,26.333,120.4,1.5429,75.049,23.392,2.3071,52.71,4.7936,203.22,0.0021254,0.93953,63.77,19.036,43.813
673,2026-04-29T16:36:00,49.921,26.669,26.694,33.58,39.898,2776.7,3588.9,18.855,19.168,24.652,0.27257,0.11579,347.19,77.314,6.8374,13.235,32.345,4520.1,22.511,46.351,50.306,79.466,2.1052,1.5642,3167.4,42.281,54.708,95.116,9.5723,62.232,38.999,32.777,2706.7,61.318,25.521,40.979,0.2836,8.7156,26.077,120.38,1.2581,73.944,23.355,2.3152,53.451,4.7294,205.2,0.025247,0.9126,63.802,19.391,44.13
674,2026-04-29T16:39:00,49.428,26.784,26.771,33.58,40.652,2785.4,3550.4,17.144,19.168,25.153,0.27139,0.11579,348.15,77.404,6.8374,13.235,32.345,4546.0,23.238,45.211,49.995,79.297,2.1052,1.5642,3176.5,42.377,54.398,95.184,9.3827,63.792,38.085,32.919,2715.8,61.98,24.621,41.666,0.28244,8.7156,26.077,120.43,1.2581,73.637,23.355,2.3152,53.451,4.7294,212.39,0.025247,0.9126,63.843,19.391,44.13
675,2026-04-29T16:42:00,49.722,28.946,26.983,34.089,39.747,2796.4,3617.1,18.44,19.29,25.827,0.29328,0.11579,349.03,77.497,6.9573,13.274,33.032,4486.8,22.699,45.89,51.868,79.197,2.106,1.5387,3184.7,42.756,54.159,94.983,9.5572,62.759,43.598,29.447,2727.1,62.006,25.958,42.804,0.25381,8.5659,26.208,120.38,1.3907,74.103,23.314,2.195,53.451,4.5044,214.55,0.025247,0.9126,63.833,19.122,44.13
676,2026-04-29T16:45:00,50.206,28.801,27.088,34.089,40.551,2804.0,3598.7,20.09,19.29,25.885,0.29474,0.11579,349.48,76.919,6.9573,13.274,33.032,4467.2,22.033,47.01,49.951,78.91,2.106,1.5387,3192.4,42.347,54.393,95.087,9.4636,61.166,37.957,29.446,2735.1,62.322,26.129,43.8,0.25381,8.5659,26.208,120.42,1.3907,73.589,23.314,2.195,53.451,4.5044,218.25,0.025247,0.9126,63.878,19.122,44.13
677,2026-04-29T16:48:00,50.769,22.139,26.905,33.976,40.343,2811.6,3585.9,17.092,18.624,26.634,0.21916,0.11579,349.83,76.974,6.7652,13.094,33.354,4563.8,23.307,48.314,48.859,78.67,2.0699,1.5243,3197.1,42.035,53.816,95.056,9.4467,60.463,34.744,29.411,2743.3,61.475,23.732,44.421,0.25571,8.5047,26.342,120.39,1.3735,73.394,23.594,2.1064,53.451,4.479,226.18,0.025247,0.9126,63.843,19.337,44.13
678,2026-04-29T16:51:00,48.751,21.813,26.824,33.976,39.502,2817.8,3570.6,16.883,18.624,26.738,0.22248,0.099052,350.68,76.705,6.7652,13.094,33.354,4568.6,23.417,43.643,47.701,78.452,2.0699,1.5243,3203.2,42.446,53.759,95.117,9.4435,62.822,31.335,29.146,2748.1,61.739,24.086,45.141,0.25788,8.5047,26.342,120.39,1.3735,73.766,23.594,2.1064,52.75,4.479,227.09,0.03054,0.91196,63.847,19.337,44.712
679,2026-04-29T16:54:00,51.906,17.765,26.772,34.473,39.737,2822.2,3613.0,17.662,19.127,26.852,0.18044,0.099052,351.23,76.264,6.6832,13.075,33.122,4544.6,23.127,50.946,51.668,78.073,2.0709,1.4668,3207.5,42.01,53.444,94.94,9.6911,60.365,43.009,26.23,2754.2,62.715,26.058,45.743,0.23465,8.3675,26.323,120.38,1.493,73.932,24.495,2.1121,52.75,4.3741,232.7,0.03054,0.91196,63.788,19.135,44.712
680,2026-04-29T16:57:00,49.841,17.632,27.203,34.473,40.749,2830.5,3633.4,22.943,19.127,27.5,0.1818,0.099052,351.09,76.873,6.6832,13.075,33.122,4515.6,20.898,46.166,50.161,78.13,2.0709,1.4668,3214.1,42.465,53.791,94.985,9.4005,62.645,38.575,26.395,2762.6,62.364,25.219,46.542,0.2333,8.3675,26.323,120.44,1.493,74.413,24.495,2.1121,52.75,4.3741,236.15,0.03054,0.91196,63.746,19.135,44.712
681,2026-04-29T17:00:00,51.103,19.029,26.496,34.376,40.339,2835.1,3635.4,18.096,19.118,27.357,0.19056,0.099052,351.32,76.437,6.6871,13.231,33.009,4511.3,22.97,49.087,49.754,77.941,2.0916,1.4985,3219.4,42.392,54.261,94.784,9.4779,60.443,37.375,26.042,2767.5,63.196,24.611,47.204,0.22298,8.3833,26.37,120.42,1.5323,74.686,24.294,2.0172,52.75,4.3995,241.05,0.03054,0.91196,63.772,19.143,44.712
682,2026-04-29T17:03:00,50.019,18.906,26.957,34.376,40.198,2837.3,3642.7,14.742,19.118,27.385,0.19181,0.099052,351.13,76.305,6.6871,13.231,33.009,4511.7,24.406,46.578,51.649,77.693,2.0916,1.4985,3222.4,42.184,54.256,94.926,9.4712,61.983,42.953,25.744,2769.4,63.07,25.157,48.041,0.22543,8.3833,26.37,120.36,1.5323,75.155,24.294,2.0172,52.75,4.3995,244.0,0.03054,0.91196,63.796,19.143,44.712
683,2026-04-29T17:06:00,50.435,19.112,26.985,34.429,41.087,2840.1,3677.3,17.938,18.777,27.682,0.19335,0.10336,351.79,76.241,6.7862,13.021,33.032,4521.7,23.082,47.54,50.745,77.519,2.0459,1.5377,3224.6,42.421,54.054,94.687,9.4696,60.878,40.294,26.758,2772.5,62.628,23.985,48.816,0.24325,8.3989,26.539,120.44,1.228,74.515,23.998,2.1172,53.449,4.2677,249.01,0.013828,0.92664,63.807,18.789,43.714
684,2026-04-29T17:09:00,49.304,19.0,27.209,34.429,40.39,2843.1,3633.5,20.674,18.777,27.679,0.19449,0.10336,351.69,76.483,6.7862,13.021,33.032,4516.5,21.942,44.924,51.173,77.468,2.0459,1.5377,3227.6,42.293,54.117,94.777,9.4381,62.143,41.553,27.119,2774.4,63.382,24.821,49.587,0.24029,8.3989,26.539,120.41,1.228,75.337,23.998,2.1172,53.449,4.2677,253.3,0.013828,0.92664,63.8,18.789,43.714
685,2026-04-29T17:12:00,49.919,18.173,26.869,34.385,41.781,2844.8,3632.6,18.528,19.007,27.366,0.1811,0.10336,351.62,76.199,7.1228,12.944,32.942,4547.4,22.872,46.346,49.903,77.364,2.0572,1.4631,3229.5,42.514,54.584,94.742,9.3531,60.719,37.815,24.087,2776.8,62.665,26.336,50.48,0.21057,8.5185,26.346,120.43,1.4081,74.726,24.202,2.0303,53.449,4.2479,256.16,0.013828,0.92664,63.853,18.836,43.714
686,2026-04-29T17:15:00,50.771,18.081,26.708,34.385,41.254,2846.3,3637.4,19.381,19.007,28.088,0.18202,0.10336,351.38,76.222,7.1228,12.944,32.942,4546.7,22.529,48.318,49.664,77.393,2.0572,1.4631,3228.3,42.317,54.593,94.636,9.3399,61.309,37.111,23.587,2779.2,62.581,26.191,51.279,0.21467,8.5185,26.346,120.43,1.4081,75.251,24.202,2.0303,53.449,4.2479,260.03,0.013828,0.92664,63.961,18.836,43.714
687,2026-04-29T17:18:00,48.778,17.907,26.802,34.001,40.157,2845.6,3513.0,20.106,19.043,27.905,0.18463,0.10336,351.6,75.987,6.7753,13.082,32.832,4549.4,22.245,43.707,48.086,77.298,1.995,1.5512,3227.1,42.288,54.438,94.759,9.3996,61.473,32.469,22.057,2778.0,61.703,24.063,52.266,0.20012,8.4354,26.931,120.37,1.4141,75.672,24.219,1.9073,53.449,4.239,261.73,0.013828,0.92664,64.053,18.624,43.714
688,2026-04-29T17:21:00,49.795,18.199,26.725,34.001,41.369,2842.3,3557.4,17.653,19.043,27.88,0.18166,0.11788,351.55,75.461,6.7753,13.082,32.832,4536.0,23.323,46.059,49.887,76.982,1.995,1.5512,3224.7,42.537,54.599,94.808,9.4233,61.599,37.767,22.447,2775.3,60.938,26.182,53.36,0.19692,8.4354,26.931,120.43,1.4141,75.58,24.219,1.9073,53.186,4.239,268.13,0.012988,0.95556,64.135,18.624,44.706
689,2026-04-29T17:24:00,48.984,18.422,27.026,34.273,40.199,2839.8,3644.9,20.382,18.764,27.602,0.18608,0.11788,351.55,75.679,6.8658,13.175,33.144,4592.6,22.192,44.182,51.159,76.887,2.0583,1.5128,3222.8,42.277,54.449,94.59,9.3514,60.029,41.511,23.606,2771.6,62.417,26.536,54.543,0.20787,8.3983,26.849,120.41,1.4788,75.848,24.946,1.9423,53.186,4.1355,270.17,0.012988,0.95556,64.166,19.214,44.706
690,2026-04-29T17:27:00,49.466,18.427,26.969,34.273,41.294,2835.3,3650.1,17.16,18.764,27.582,0.18603,0.11788,351.21,75.633,6.8658,13.175,33.144,4564.2,23.57,45.298,49.259,76.938,2.0583,1.5128,3218.5,41.964,54.79,94.396,9.2464,59.892,35.919,23.612,2768.7,62.327,23.788,55.455,0.20781,8.3983,26.849,120.42,1.4788,75.764,24.946,1.9423,53.186,4.1355,275.17,0.012988,0.95556,64.299,19.214,44.706
691,2026-04-29T17:30:00,47.676,14.47,26.823,34.247,41.399,2825.9,3594.1,20.208,18.556,27.525,0.1493,0.11788,350.71,75.149,6.654,13.307,33.079,4491.3,22.328,41.155,50.806,76.768,2.0907,1.5611,3208.1,42.3,54.191,94.562,9.1374,61.127,40.473,23.843,2758.4,62.555,26.494,56.261,0.21792,8.5134,26.988,120.41,1.2529,77.366,24.49,2.0018,53.186,4.0787,281.3,0.012988,0.95556,64.454,18.806,44.706
692,2026-04-29T17:33:00,50.326,14.482,26.956,34.247,41.877,2813.3,3628.9,18.809,18.556,26.951,0.14917,0.11788,350.56,75.743,6.654,13.307,33.079,4532.1,22.93,47.287,51.497,76.632,2.0907,1.5611,3198.9,42.242,53.703,94.388,9.1658,59.576,42.504,24.256,2744.7,61.957,26.831,57.472,0.21453,8.5134,26.988,120.44,1.2529,76.243,24.49,2.0018,53.186,4.0787,282.83,0.012988,0.95556,64.551,18.806,44.706
693,2026-04-29T17:36:00,49.893,14.244,26.716,34.037,41.304,2806.9,3654.3,18.574,18.022,26.961,0.14494,0.1149,349.99,75.43,6.7987,13.18,32.669,4537.6,23.05,46.287,49.415,77.04,2.0816,1.5035,3190.9,42.477,54.599,94.29,9.046,60.373,36.379,25.739,2739.3,63.492,25.941,59.18,0.22437,8.5189,27.331,120.42,1.1591,75.904,24.547,1.9459,53.599,4.1918,289.08,0.021672,0.95161,64.797,19.222,43.192
694,2026-04-29T17:39:00,48.695,14.399,26.493,34.037,41.849,2795.6,3657.3,19.199,18.022,26.088,0.14336,0.1149,349.24,75.754,6.7987,13.18,32.669,4558.2,22.786,43.515,50.164,77.334,2.0816,1.5035,3182.3,42.114,54.352,94.051,9.1268,59.928,38.582,25.693,2727.7,63.441,26.593,60.43,0.22475,8.5189,27.331,120.43,1.1591,76.493,24.547,1.9459,53.599,4.1918,294.39,0.021672,0.95161,65.109,19.222,43.192
695,2026-04-29T17:42:00,48.561,17.472,27.209,34.258,42.006,2782.3,3595.7,20.141,18.166,25.929,0.17717,0.1149,348.01,75.254,6.8746,13.342,32.87,4540.9,22.416,43.203,49.443,77.414,2.0801,1.56,3170.6,42.397,53.498,94.153,9.0803,59.403,36.46,23.738,2713.9,63.379,24.24,61.773,0.20587,8.4625,26.38,120.41,1.1,77.004,24.762,1.9067,53.599,4.1803,298.49,0.021672,0.95161,65.458,18.918,43.192
696,2026-04-29T17:45:00,51.069,17.466,26.727,34.258,42.608,2767.3,3634.1,23.384,18.166,25.423,0.17723,0.1149,347.74,75.299,6.8746,13.342,32.87,4485.5,21.07,49.009,51.076,77.355,2.0801,1.56,3154.9,42.562,54.161,94.1,9.0582,60.352,41.265,23.562,2698.4,62.717,25.5,63.091,0.20731,8.4625,26.38,120.42,1.1,75.769,24.762,1.9067,53.599,4.1803,302.73,0.021672,0.95161,65.757,18.918,43.192
697,2026-04-29T17:48:00,49.824,15.145,26.836,33.781,41.594,2751.2,3655.2,17.816,18.684,24.9,0.14982,0.1149,346.82,75.085,6.84,13.395,33.051,4526.7,23.445,46.126,50.035,77.369,2.1058,1.5572,3140.4,42.178,54.364,94.307,9.0094,58.728,38.203,25.427,2682.2,61.731,25.982,64.432,0.22082,8.5423,27.105,120.38,1.3227,77.32,25.006,2.0008,53.599,4.2812,306.63,0.021672,0.95161,66.042,19.24,43.192
698,2026-04-29T17:51:00,48.584,14.995,26.825,33.781,42.457,2736.4,3643.2,19.686,18.684,24.153,0.15135,0.11351,345.8,75.222,6.84,13.395,33.051,4542.1,22.675,43.257,50.268,77.481,2.1058,1.5572,3125.6,42.434,54.179,94.336,8.9461,57.359,38.889,25.32,2666.7,61.937,26.619,65.842,0.22171,8.5423,27.105,120.42,1.3227,75.996,25.006,2.0008,54.185,4.2812,310.85,0.027068,0.96953,66.3,19.24,44.344
699,2026-04-29T17:54:00,51.507,12.486,26.734,33.805,41.63,2724.0,3630.6,17.533,18.369,23.766,0.12589,0.11351,343.85,75.763,7.0142,13.742,32.762,4518.8,23.571,50.021,48.124,78.004,2.1341,1.577,3113.6,42.193,53.618,94.329,8.9745,57.797,32.58,26.024,2654.5,62.481,24.43,67.11,0.22207,8.8243,26.359,120.39,1.3533,77.296,24.376,2.0709,54.185,4.341,315.82,0.027068,0.96953,66.65,19.45,44.344
700,2026-04-29T17:57:00,49.726,12.39,26.739,33.805,42.14,2710.3,3638.5,20.036,18.369,23.19,0.12687,0.11351,342.47,75.831,7.0142,13.742,32.762,4546.8,22.511,45.9,50.005,78.523,2.1341,1.577,3102.1,41.954,53.282,94.233,8.8429,59.122,38.115,25.769,2640.6,62.346,26.71,68.724,0.22416,8.8243,26.359,120.38,1.3533,77.102,24.376,2.0709,54.185,4.341,316.64,0.027068,0.96953,67.097,19.45,44.344
701,2026-04-29T18:00:00,51.453,14.327,26.782,33.531,41.54,2692.9,3561.2,18.238,18.74,22.572,0.14817,0.11351,340.62,75.525,6.7996,13.766,32.345,4484.4,23.284,49.897,51.492,78.636,2.15,1.5806,3086.3,42.281,53.418,94.419,8.9066,59.619,42.491,30.795,2621.1,62.105,25.891,70.281,0.25597,8.8712,26.468,120.39,1.3616,77.836,24.049,2.0494,54.185,4.4434,317.9,0.027068,0.96953,67.509,18.772,44.344
702,2026-04-29T18:03:00,50.148,14.411,26.822,33.531,40.407,2675.0,3558.6,16.924,18.74,21.41,0.14731,0.11351,339.38,75.371,6.7996,13.766,32.345,4472.8,23.851,46.876,49.811,78.695,2.15,1.5806,3070.4,42.065,53.557,94.623,8.9376,58.429,37.543,30.962,2603.0,62.149,26.616,71.81,0.2546,8.8712,26.468,120.36,1.3616,76.672,24.049,2.0494,54.185,4.4434,319.34,0.027068,0.96953,67.887,18.772,44.344
703,2026-04-29T18:06:00,52.289,18.2,26.805,33.273,41.447,2663.1,3640.7,18.732,18.784,21.193,0.18182,0.095593,337.29,75.924,6.917,13.945,32.308,4502.2,23.077,51.832,49.771,79.132,2.2305,1.6204,3058.9,41.809,54.813,94.449,8.8535,58.229,37.427,31.058,2591.8,62.596,26.483,73.468,0.25809,9.1209,26.339,120.4,1.5309,76.72,23.517,2.1967,53.221,4.5583,326.84,0.014708,0.95454,68.229,19.19,44.659
704,2026-04-29T18:09:00,51.361,17.859,27.036,33.273,41.662,2649.7,3645.6,18.856,18.784,20.825,0.18528,0.095593,335.65,76.028,6.917,13.945,32.308,4529.8,23.015,49.684,50.495,79.638,2.2305,1.6204,3048.5,41.982,54.482,94.474,8.7831,56.721,39.558,31.158,2578.1,62.512,25.953,75.173,0.25727,9.1209,26.339,120.39,1.5309,77.022,23.517,2.1967,53.221,4.5583,329.25,0.014708,0.95454,68.69,19.19,44.659
705,2026-04-29T18:12:00,50.018,18.262,26.587,32.616,41.642,2632.9,3586.4,18.706,19.055,19.415,0.18532,0.095593,333.33,75.716,6.8477,14.18,31.855,4530.3,23.09,46.576,48.397,79.725,2.2558,1.6335,3033.8,42.199,53.415,94.371,8.8704,57.393,33.384,33.828,2560.2,62.523,25.219,76.956,0.27518,9.0961,25.982,120.39,1.6076,76.595,24.103,2.2594,53.221,4.7045,330.6,0.014708,0.95454,69.098,18.642,44.659
706,2026-04-29T18:15:00,48.422,18.222,26.649,32.616,40.049,2620.2,3608.8,19.795,19.055,18.965,0.18573,0.095593,331.48,75.993,6.8477,14.18,31.855,4494.1,22.623,42.881,51.306,80.072,2.2558,1.6335,3022.0,41.927,53.848,94.684,8.8749,57.458,41.942,33.619,2546.8,62.138,26.387,78.207,0.27689,9.0961,25.982,120.35,1.6076,77.015,24.103,2.2594,53.221,4.7045,337.78,0.014708,0.95454,69.463,18.642,44.659
707,2026-04-29T18:18:00,48.847,22.812,26.882,32.2,41.872,2605.4,3604.0,16.629,18.685,18.283,0.22903,0.095593,328.27,76.363,7.0415,14.329,31.527,4557.0,23.94,43.865,48.568,80.372,2.267,1.7172,3011.5,42.156,54.418,94.54,8.8721,57.832,33.887,37.411,2532.5,62.827,27.747,80.078,0.30017,9.2039,25.556,120.4,1.6638,76.862,23.408,2.3103,53.221,4.7613,337.83,0.014708,0.95454,69.816,18.873,44.659
708,2026-04-29T18:21:00,50.58,22.715,27.239,32.2,40.878,2595.4,3654.8,18.439,18.685,17.807,0.23001,0.09988,326.52,76.699,7.0415,14.329,31.527,4569.7,23.156,47.876,50.355,80.883,2.267,1.7172,3002.4,42.238,54.266,94.536,8.765,57.27,39.145,37.507,2521.5,61.953,24.372,81.633,0.29938,9.2039,25.556,120.38,1.6638,76.728,23.408,2.3103,53.52,4.7613,339.46,0.02668,0.92262,70.226,18.873,44.915
709,2026-04-29T18:24:00,48.514,26.404,26.949,31.838,40.76,2585.4,3568.1,18.937,19.937,17.393,0.26632,0.09988,324.45,76.854,7.0678,14.455,31.581,4517.5,22.925,43.096,49.709,81.302,2.3074,1.674,2992.7,42.559,54.326,94.653,8.9284,58.177,37.245,39.478,2511.3,61.687,25.107,83.071,0.32117,9.5211,25.731,120.37,1.5301,76.599,23.534,2.4193,53.52,4.9593,343.21,0.02668,0.92262,70.663,19.227,44.915
710,2026-04-29T18:27:00,50.768,26.128,26.972,31.838,40.708,2575.3,3574.6,21.854,19.937,16.474,0.26912,0.09988,321.94,76.855,7.0678,14.455,31.581,4521.9,21.679,48.312,51.112,81.682,2.3074,1.674,2985.9,42.267,54.273,94.718,8.8953,60.301,41.374,40.291,2500.8,61.575,24.324,84.669,0.3145,9.5211,25.731,120.39,1.5301,76.815,23.534,2.4193,53.52,4.9593,344.98,0.02668,0.92262,71.075,19.227,44.915
711,2026-04-29T18:30:00,49.449,26.31,26.801,31.368,40.797,2564.7,3562.9,16.417,19.697,15.717,0.27002,0.09988,319.46,76.749,7.0715,14.638,31.379,4477.7,23.96,45.259,51.008,81.802,2.4034,1.6913,2976.9,41.495,53.887,94.748,8.8346,58.247,41.068,41.987,2488.8,61.383,27.104,86.172,0.33517,9.337,25.265,120.37,1.4829,75.612,22.493,2.5383,53.52,5.049,347.66,0.02668,0.92262,71.44,19.664,44.915
712,2026-04-29T18:33:00,49.475,26.467,26.854,31.368,40.52,2555.1,3558.2,18.716,19.697,15.462,0.26843,0.09988,317.81,76.918,7.0715,14.638,31.379,4453.1,22.971,45.32,50.795,82.07,2.4034,1.6913,2969.0,42.349,54.182,94.88,8.9261,56.51,40.439,42.439,2479.0,61.463,25.036,87.894,0.33147,9.337,25.265,120.37,1.4829,76.563,22.493,2.5383,53.52,5.049,347.75,0.02668,0.92262,71.765,19.664,44.915
713,2026-04-29T18:36:00,49.541,29.072,27.043,31.229,40.372,2546.5,3521.6,17.887,19.668,14.935,0.29574,0.095748,316.25,77.179,7.206,14.895,31.1,4467.0,23.298,45.471,49.778,82.262,2.3632,1.7409,2960.8,42.124,52.83,94.971,8.941,58.216,37.448,45.556,2471.3,61.884,25.549,88.788,0.35481,9.4997,25.175,120.41,1.7516,75.265,22.247,2.5763,52.688,5.2359,349.93,0.028454,0.85047,72.029,19.839,45.238
714,2026-04-29T18:39:00,50.889,29.233,27.095,31.229,39.283,2541.5,3536.7,17.905,19.668,14.813,0.2941,0.095748,315.72,77.433,7.206,14.895,31.1,4432.1,23.264,48.591,49.918,82.592,2.3632,1.7409,2955.8,42.218,53.248,95.074,8.9108,59.842,37.858,45.411,2465.7,61.624,24.665,90.201,0.356,9.4997,25.175,120.36,1.7516,75.178,22.247,2.5763,52.688,5.2359,350.16,0.028454,0.85047,72.289,19.839,45.238
715,2026-04-29T18:42:00,50.15,32.745,26.663,31.061,39.879,2536.1,3484.7,17.669,19.207,14.147,0.33214,0.095748,313.52,77.655,7.0773,14.97,30.836,4461.5,23.339,46.88,49.144,82.82,2.4081,1.7757,2952.4,42.098,52.302,95.087,8.9809,57.796,35.58,49.736,2459.3,61.097,25.073,91.304,0.38848,9.6417,25.196,120.37,1.772,75.554,22.331,2.7564,52.688,5.4009,353.78,0.028454,0.85047,72.548,19.704,45.238
716,2026-04-29T18:45:00,50.294,32.762,27.176,31.061,39.942,2533.7,3497.0,17.207,19.207,14.307,0.33196,0.095748,312.98,78.235,7.0773,14.97,30.836,4375.8,23.488,47.215,47.687,83.233,2.4081,1.7757,2951.3,41.809,53.327,95.112,8.9261,59.146,31.294,49.912,2457.2,60.886,24.424,92.933,0.38704,9.6417,25.196,120.39,1.772,75.255,22.331,2.7564,52.688,5.4009,351.34,0.028454,0.85047,72.818,19.704,45.238
717,2026-04-29T18:48:00,48.425,36.452,26.711,30.981,39.451,2533.2,3532.4,18.068,19.989,13.909,0.37087,0.095748,312.2,78.211,7.2231,14.9,31.077,4418.0,23.095,42.889,52.099,83.545,2.4735,1.7456,2951.5,42.0,52.988,95.072,9.0134,60.982,44.277,51.747,2456.7,61.16,25.019,93.944,0.40183,9.5849,25.18,120.39,1.682,74.473,22.033,2.6873,52.688,5.4143,355.71,0.028454,0.85047,73.092,20.045,45.238
718,2026-04-29T18:51:00,50.354,36.507,26.798,30.981,40.014,2531.3,3532.2,18.568,19.989,13.848,0.37031,0.096322,312.31,77.904,7.2231,14.9,31.077,4407.2,22.863,47.354,49.429,83.671,2.4735,1.7456,2950.4,42.406,53.118,95.077,9.0522,60.785,36.419,51.79,2455.3,61.163,27.008,93.911,0.40148,9.5849,25.18,120.43,1.682,74.349,22.033,2.6873,51.77,5.4143,351.99,0.041636,0.79545,73.333,20.045,45.13
719,2026-04-29T18:54:00,50.401,35.364,26.963,31.214,39.145,2527.9,3463.3,21.355,19.652,13.651,0.36081,0.096322,312.3,77.954,6.9468,14.946,31.06,4377.3,21.669,47.461,49.969,83.545,2.4413,1.7478,2946.6,42.043,52.454,95.105,9.242,57.477,38.009,51.453,2451.5,60.817,26.432,94.386,0.40239,9.8833,24.429,120.34,1.4885,73.103,21.845,2.8431,51.77,5.5905,353.7,0.041636,0.79545,73.45,19.569,45.13
720,2026-04-29T18:57:00,49.493,35.518,27.019,31.214,39.815,2526.9,3500.4,18.493,19.652,13.645,0.35925,0.096322,312.52,77.953,6.9468,14.946,31.06,4372.5,22.857,45.361,51.012,83.465,2.4413,1.7478,2946.0,41.922,52.511,95.202,9.1611,62.599,41.079,51.315,2450.8,60.178,25.535,94.639,0.40353,9.8833,24.429,120.4,1.4885,74.581,21.845,2.8431,51.77,5.5905,357.9,0.041636,0.79545,73.494,19.569,45.13
721,2026-04-29T19:00:00,49.119,36.915,26.82,30.813,40.119,2529.0,3569.0,17.589,19.682,13.697,0.37166,0.096322,312.96,78.103,6.9258,14.908,31.211,4416.6,23.218,44.496,49.764,83.467,2.4599,1.8247,2948.0,42.361,52.977,95.103,9.2676,59.576,37.406,52.927,2451.7,61.231,25.062,95.295,0.41369,9.5442,24.587,120.41,1.6317,73.973,21.196,2.8384,51.77,5.6587,357.59,0.041636,0.79545,73.5,19.887,45.13
722,2026-04-29T19:03:00,50.273,36.879,27.183,30.813,39.923,2531.2,3543.6,16.171,19.682,13.92,0.37202,0.096322,313.88,78.13,6.9258,14.908,31.211,4411.0,23.792,47.166,50.317,83.615,2.4599,1.8247,2950.3,41.844,53.044,94.997,9.3058,60.925,39.034,53.189,2454.9,61.667,25.682,95.699,0.41154,9.5442,24.587,120.41,1.6317,72.994,21.196,2.8384,51.77,5.6587,360.08,0.041636,0.79545,73.56,19.887,45.13
723,2026-04-29T19:06:00,48.295,36.424,26.75,31.798,41.219,2534.3,3560.6,15.507,19.613,13.771,0.36938,0.10006,314.6,78.715,7.0399,14.928,31.079,4379.6,24.03,42.588,50.054,83.764,2.4315,1.7335,2953.0,42.193,52.478,94.926,9.3199,59.126,38.258,53.605,2458.2,61.509,25.201,95.242,0.41309,9.8042,24.596,120.44,1.4785,74.038,21.597,2.8686,52.877,5.635,356.14,0.018972,0.72549,73.588,19.881,45.357
724,2026-04-29T19:09:00,48.105,36.316,26.938,31.798,40.871,2537.6,3580.9,15.48,19.613,14.23,0.37048,0.10006,315.41,78.698,7.0399,14.928,31.079,4351.0,24.018,42.148,48.498,83.832,2.4315,1.7335,2955.7,42.799,52.821,94.822,9.3273,62.118,33.681,52.919,2461.3,61.158,25.008,95.299,0.4187,9.8042,24.596,120.41,1.4785,73.486,21.597,2.8686,52.877,5.635,355.48,0.018972,0.72549,73.622,19.881,45.357
725,2026-04-29T19:12:00,49.951,38.661,26.579,31.672,40.753,2540.8,3528.3,19.081,20.04,14.58,0.39373,0.10006,317.84,78.511,6.8769,14.872,31.667,4363.6,22.488,46.42,50.989,83.713,2.4363,1.7662,2957.7,42.394,52.5,94.837,9.4816,61.543,41.01,54.077,2464.2,60.967,25.163,95.097,0.42708,9.5655,24.521,120.41,1.5093,73.16,21.336,2.8715,52.877,5.5568,357.74,0.018972,0.72549,73.613,19.369,45.357
726,2026-04-29T19:15:00,51.375,38.743,26.649,31.672,40.474,2544.6,3560.8,18.824,20.04,14.695,0.3929,0.10006,319.83,78.654,6.8769,14.872,31.667,4382.5,22.572,49.717,48.117,83.574,2.4363,1.7662,2960.0,42.364,52.273,95.039,9.4885,61.859,32.559,54.125,2468.0,60.408,23.987,95.231,0.42669,9.5655,24.521,120.4,1.5093,73.027,21.336,2.8715,52.877,5.5568,356.28,0.018972,0.72549,73.561,19.369,45.357
727,2026-04-29T19:18:00,49.65,34.196,26.755,32.158,40.837,2551.5,3541.4,16.384,19.881,15.546,0.34251,0.10006,322.38,78.969,6.9164,14.886,31.349,4410.7,23.565,45.723,49.645,83.774,2.4482,1.7524,2965.3,42.588,53.048,94.66,9.4628,63.297,37.055,53.916,2477.1,62.099,26.311,95.131,0.42899,9.6248,24.763,120.42,1.526,72.217,21.588,2.9001,52.877,5.702,357.45,0.018972,0.72549,73.542,18.61,45.357
728,2026-04-29T19:21:00,50.062,33.936,27.17,32.158,41.212,2554.9,3582.8,15.333,19.881,15.774,0.34515,0.081375,322.68,78.912,6.9164,14.886,31.349,4392.9,23.988,46.676,48.939,83.606,2.4482,1.7524,2970.0,42.501,53.261,94.713,9.4815,62.888,34.978,54.463,2479.9,61.387,27.254,93.603,0.4245,9.6248,24.763,120.43,1.526,72.477,21.588,2.9001,53.008,5.702,353.06,0.029309,0.6978,73.5,18.61,44.881
729,2026-04-29T19:24:00,49.945,37.656,26.79,31.701,41.093,2561.3,3541.8,15.97,19.653,15.48,0.38283,0.081375,324.37,78.868,6.7868,14.75,32.048,4460.1,23.7,46.406,50.307,83.54,2.4155,1.7652,2976.7,42.329,54.286,94.638,9.5569,63.812,39.003,54.868,2486.0,61.732,24.957,92.978,0.43709,9.4879,24.983,120.41,1.5981,72.211,21.745,2.7611,53.008,5.5846,350.78,0.029309,0.6978,73.389,19.287,44.881
730,2026-04-29T19:27:00,49.699,37.651,26.94,31.701,40.988,2569.0,3585.7,17.38,19.653,16.531,0.38288,0.081375,327.07,79.261,6.7868,14.75,32.048,4471.7,23.075,45.838,49.824,83.497,2.4155,1.7652,2980.6,42.33,54.147,94.532,9.6484,62.211,37.581,54.497,2495.1,60.977,27.025,92.247,0.44013,9.4879,24.983,120.43,1.5981,72.515,21.745,2.7611,53.008,5.5846,349.77,0.029309,0.6978,73.264,19.287,44.881
731,2026-04-29T19:30:00,47.719,31.285,26.699,32.135,41.39,2577.0,3580.8,16.518,18.797,16.768,0.32257,0.081375,328.54,78.888,6.8621,14.671,31.548,4407.0,23.421,41.255,50.229,83.547,2.3897,1.763,2987.9,42.608,53.228,94.503,9.5589,66.801,38.774,53.602,2503.2,62.227,26.382,91.48,0.42965,9.5816,24.935,120.44,1.3894,71.887,21.312,2.8681,53.008,5.6458,349.22,0.029309,0.6978,73.166,19.017,44.881
732,2026-04-29T19:33:00,49.681,31.705,26.718,32.135,41.685,2582.1,3607.7,17.974,18.797,17.555,0.3183,0.081375,331.49,79.188,6.8621,14.671,31.548,4413.9,22.782,45.796,50.355,83.298,2.3897,1.763,2989.6,41.841,53.145,94.422,9.5332,65.782,39.143,53.342,2509.7,61.764,23.948,90.571,0.43178,9.5816,24.935,120.4,1.3894,73.083,21.312,2.8681,53.008,5.6458,350.3,0.029309,0.6978,73.033,19.017,44.881
733,2026-04-29T19:36:00,50.389,36.446,26.725,33.372,41.243,2588.5,3571.8,19.868,18.721,17.512,0.37493,0.080891,332.55,78.875,6.855,14.491,32.333,4457.3,21.977,47.435,51.623,83.077,2.37,1.7445,2997.7,42.529,53.226,94.569,9.7391,63.497,42.877,52.655,2515.6,61.776,25.585,89.121,0.43098,9.2871,25.077,120.39,1.3139,73.222,21.247,2.7853,52.466,5.6444,347.08,0.01936,0.64713,72.89,18.388,44.742
734,2026-04-29T19:39:00,50.307,36.903,26.962,33.372,41.697,2598.1,3565.3,16.616,18.721,18.616,0.37028,0.080891,335.52,78.919,6.855,14.491,32.333,4463.4,23.331,47.245,49.435,82.909,2.37,1.7445,3003.2,42.346,53.153,94.291,9.6645,63.752,36.437,52.824,2525.4,61.888,24.56,87.992,0.42959,9.2871,25.077,120.43,1.3139,72.727,21.247,2.7853,52.466,5.6444,346.3,0.01936,0.64713,72.656,18.388,44.742
735,2026-04-29T19:42:00,49.333,29.478,26.944,33.111,40.583,2608.1,3604.6,17.956,18.788,19.613,0.29924,0.080891,338.09,79.393,6.6842,14.448,32.532,4538.7,22.732,44.991,48.817,82.943,2.3415,1.7413,3009.9,42.45,53.81,94.495,9.8134,63.444,34.62,51.227,2536.3,61.296,25.858,87.153,0.41225,9.2542,25.165,120.36,1.3467,73.441,21.778,2.663,52.466,5.5593,342.33,0.01936,0.64713,72.481,18.787,44.742
736,2026-04-29T19:45:00,50.019,29.456,26.706,33.111,42.243,2616.2,3613.1,13.209,18.788,19.374,0.29946,0.080891,339.4,79.026,6.6842,14.448,32.532,4522.1,24.72,46.577,49.945,82.781,2.3415,1.7413,3017.6,42.516,54.008,94.216,9.7462,65.994,37.938,50.912,2544.0,61.149,23.408,86.17,0.41483,9.2542,25.165,120.42,1.3467,72.243,21.778,2.663,52.466,5.5593,340.01,0.01936,0.64713,72.36,18.787,44.742
737,2026-04-29T19:48:00,50.386,27.277,27.337,33.796,41.56,2623.1,3613.8,15.467,18.323,20.359,0.27798,0.080891,341.22,78.959,6.8455,14.446,32.948,4494.6,23.757,47.427,50.582,82.526,2.3332,1.6972,3024.1,42.644,53.39,94.509,9.7461,63.168,39.813,50.742,2551.2,62.741,25.172,85.075,0.41466,9.1506,25.334,120.41,1.2248,72.713,21.661,2.7928,52.466,5.4388,339.04,0.01936,0.64713,72.163,18.412,44.742
738,2026-04-29T19:51:00,49.93,27.385,26.78,33.796,42.319,2628.2,3617.5,15.398,18.323,20.439,0.27689,0.071324,342.67,78.65,6.8455,14.446,32.948,4459.4,23.789,46.371,48.503,82.22,2.3332,1.6972,3028.8,42.785,53.811,94.075,9.7325,64.824,33.695,50.026,2557.1,62.679,23.554,82.849,0.42053,9.1506,25.334,120.41,1.2248,72.985,21.661,2.7928,52.244,5.4388,333.06,0.0071105,0.60494,71.92,18.412,45.282
739,2026-04-29T19:54:00,51.009,22.702,26.799,33.709,41.945,2633.5,3595.6,16.046,17.486,20.849,0.23247,0.071324,344.37,78.471,6.5844,14.257,32.771,4518.6,23.519,48.868,49.404,81.752,2.3242,1.7715,3031.3,42.486,54.05,94.624,9.62,65.737,36.346,50.681,2561.9,61.75,26.75,81.364,0.42224,9.0858,25.185,120.39,1.2067,71.959,22.747,2.7326,52.244,5.4198,328.99,0.0071105,0.60494,71.604,18.569,45.282
740,2026-04-29T19:57:00,49.215,22.707,26.64,33.709,41.578,2645.1,3553.5,17.353,17.486,21.761,0.23242,0.071324,345.88,79.638,6.5844,14.257,32.771,4546.6,22.926,44.718,48.925,81.899,2.3242,1.7715,3040.2,42.525,53.716,94.264,10.013,64.8,34.936,50.367,2575.1,62.476,25.421,79.542,0.42482,9.0858,25.185,120.4,1.2067,72.891,22.747,2.7326,52.244,5.4198,328.87,0.0071105,0.60494,71.285,18.569,45.282
741,2026-04-29T20:00:00,49.765,23.782,26.847,34.384,42.682,2659.7,3631.3,15.568,17.315,22.29,0.24184,0.071324,347.05,79.796,6.8011,14.179,33.601,4532.4,23.644,45.99,48.744,82.295,2.3208,1.6913,3053.8,42.467,53.549,94.298,9.9314,65.504,34.404,48.156,2589.9,63.584,25.752,78.133,0.40787,9.2623,25.815,120.42,1.1404,72.869,22.854,2.6282,52.244,5.1838,324.13,0.0071105,0.60494,71.152,17.854,45.282
742,2026-04-29T20:03:00,51.025,23.856,26.71,34.384,42.643,2669.0,3625.1,15.823,17.315,22.476,0.24109,0.071324,348.4,79.405,6.8011,14.179,33.601,4511.0,23.522,48.905,48.936,82.21,2.3208,1.6913,3063.2,42.217,53.805,93.865,9.7949,67.808,34.969,47.856,2599.7,63.69,24.525,76.794,0.41033,9.2623,25.815,120.42,1.1404,73.488,22.854,2.6282,52.244,5.1838,318.61,0.0071105,0.60494,71.045,17.854,45.282
743,2026-04-29T20:06:00,50.669,14.833,26.633,34.003,41.847,2674.8,3644.1,16.889,17.205,22.63,0.15148,0.066257,349.83,78.78,6.5783,14.062,33.299,4567.8,23.076,48.083,47.72,81.815,2.2855,1.6499,3066.8,42.259,54.975,94.223,9.8049,66.369,31.389,46.842,2605.1,61.641,26.25,74.151,0.4065,9.1064,26.083,120.41,1.0829,72.544,23.325,2.6786,52.676,5.1777,311.53,0.032662,0.6023,70.815,17.898,45.387
744,2026-04-29T20:09:00,50.906,14.942,27.179,34.003,41.965,2680.2,3625.2,17.611,17.205,23.348,0.15037,0.066257,350.48,78.468,6.5783,14.062,33.299,4600.6,22.78,48.631,50.515,81.305,2.2855,1.6499,3070.9,42.63,54.581,94.283,9.8726,64.8,39.615,47.198,2609.8,61.968,24.4,72.009,0.40359,9.1064,26.083,120.39,1.0829,72.362,23.325,2.6786,52.676,5.1777,308.27,0.032662,0.6023,70.47,17.898,45.387
745,2026-04-29T20:12:00,50.248,16.427,27.299,34.725,42.092,2686.0,3674.7,17.71,16.765,23.77,0.16749,0.066257,351.48,78.198,6.5926,14.079,33.625,4579.2,22.753,47.108,49.885,80.842,2.2989,1.6695,3076.5,42.067,54.882,94.256,9.9721,63.445,37.762,45.626,2616.7,63.25,25.362,69.864,0.39426,8.9004,26.252,120.39,1.2273,73.161,23.34,2.6829,52.676,5.1425,305.24,0.032662,0.6023,70.036,17.591,45.387
746,2026-04-29T20:15:00,53.062,16.442,27.209,34.725,42.422,2695.6,3685.9,15.869,16.765,24.292,0.16734,0.066257,352.67,78.264,6.5926,14.079,33.625,4571.0,23.529,53.621,49.867,80.674,2.2989,1.6695,3083.7,42.801,54.98,94.232,10.02,62.991,37.708,45.931,2626.1,63.059,22.869,68.137,0.39175,8.9004,26.252,120.4,1.2273,73.029,23.34,2.6829,52.676,5.1425,297.71,0.032662,0.6023,69.624,17.591,45.387
747,2026-04-29T20:18:00,51.307,11.982,26.727,34.457,42.22,2703.5,3682.9,18.253,16.637,24.285,0.12313,0.066257,353.0,78.749,6.6878,13.924,33.072,4614.6,22.509,49.559,49.052,80.659,2.2389,1.6147,3092.6,42.983,55.386,94.188,9.8618,64.76,35.311,45.999,2635.6,63.263,23.407,66.189,0.39793,8.8504,26.713,120.4,1.1207,72.715,23.54,2.5521,52.676,5.1296,292.83,0.032662,0.6023,69.288,17.648,45.387
748,2026-04-29T20:21:00,49.704,12.096,27.341,34.457,42.124,2713.9,3703.7,16.843,16.637,24.982,0.12197,0.080279,353.33,79.024,6.6878,13.924,33.072,4621.8,23.085,45.85,49.329,80.818,2.2389,1.6147,3101.0,42.554,55.3,94.061,9.8971,64.006,36.125,45.612,2645.4,62.906,24.8,63.745,0.4011,8.8504,26.713,120.4,1.1207,73.626,23.54,2.5521,52.455,5.1296,288.18,0.005905,0.59605,68.987,17.648,44.371
749,2026-04-29T20:24:00,49.719,16.244,26.902,34.637,42.61,2722.5,3657.3,16.763,16.302,24.519,0.16258,0.080279,353.66,78.614,6.7058,13.787,33.368,4583.9,23.123,45.883,50.888,80.643,2.2083,1.6066,3110.4,42.767,55.807,94.156,9.7268,66.903,40.713,43.546,2653.6,63.097,25.791,61.808,0.38626,8.7607,26.769,120.39,1.2367,73.962,24.359,2.4093,52.455,4.9377,281.01,0.005905,0.59605,68.724,17.152,44.371
750,2026-04-29T20:27:00,49.591,16.283,27.06,34.637,42.797,2730.4,3670.9,16.538,16.302,25.185,0.16219,0.080279,353.96,78.446,6.7058,13.787,33.368,4618.8,23.219,45.587,49.781,80.527,2.2083,1.6066,3117.5,42.717,55.39,94.154,9.8572,65.281,37.455,43.825,2661.6,62.863,25.106,59.935,0.38397,8.7607,26.769,120.42,1.2367,73.873,24.359,2.4093,52.455,4.9377,273.27,0.005905,0.59605,68.425,17.152,44.371
751,2026-04-29T20:30:00,51.358,12.206,27.193,34.673,41.691,2737.2,3629.7,16.81,16.471,25.562,0.12493,0.080279,354.47,78.427,6.7136,13.492,33.584,4691.6,23.104,49.676,49.295,80.258,2.2273,1.6005,3124.2,42.689,55.967,94.204,9.7904,63.715,36.025,41.983,2669.0,63.59,25.208,57.789,0.36935,8.7035,27.174,120.39,1.0971,73.684,24.232,2.4184,52.455,4.9466,268.76,0.005905,0.59605,68.071,17.195,44.371
752,2026-04-29T20:33:00,49.641,12.219,26.934,34.673,42.138,2746.9,3653.6,18.113,16.471,26.096,0.12479,0.080279,354.85,78.815,6.7136,13.492,33.584,4697.6,22.54,45.702,49.327,80.282,2.2273,1.6005,3131.0,42.168,55.895,94.112,9.8181,66.091,36.119,41.707,2679.2,63.177,24.037,55.813,0.37161,8.7035,27.174,120.42,1.0971,73.523,24.232,2.4184,52.455,4.9466,262.5,0.005905,0.59605,67.764,17.195,44.371
753,2026-04-29T20:36:00,48.293,9.0697,26.626,34.373,41.888,2752.8,3647.2,20.869,16.561,25.939,0.088251,0.073975,354.77,77.99,6.833,13.52,33.476,4734.8,21.4,42.584,50.987,80.042,2.1603,1.6203,3136.7,42.759,55.616,94.242,9.8117,64.9,41.004,38.023,2685.1,63.383,23.388,53.522,0.33487,8.4884,27.139,120.39,1.042,74.3,25.055,2.432,52.828,4.8706,253.35,0.025213,0.59142,67.459,16.917,44.659
754,2026-04-29T20:39:00,49.569,8.7628,27.009,34.373,41.306,2755.8,3690.6,17.747,16.561,26.11,0.091372,0.073975,355.0,77.946,6.833,13.52,33.476,4681.8,22.73,45.538,48.505,79.554,2.1603,1.6203,3141.0,42.483,56.25,94.126,9.7279,65.396,33.7,38.133,2687.9,62.635,25.837,51.31,0.33397,8.4884,27.139,120.37,1.042,74.341,25.055,2.432,52.828,4.8706,247.24,0.025213,0.59142,67.022,16.917,44.659
755,2026-04-29T20:42:00,50.327,8.5543,26.953,34.512,42.534,2764.0,3638.5,17.97,16.7,26.765,0.086488,0.073975,354.81,78.289,6.5874,13.374,32.856,4703.1,22.629,47.29,48.87,79.609,2.1688,1.6145,3147.3,42.246,56.966,94.322,9.7387,63.44,34.775,37.99,2696.4,62.588,23.712,49.108,0.33741,8.5953,27.329,120.39,0.95744,73.587,25.426,2.4012,52.828,4.9423,241.21,0.025213,0.59142,66.599,17.006,44.659
756,2026-04-29T20:45:00,49.389,8.7135,26.611,34.512,41.867,2772.0,3648.8,18.441,16.7,26.93,0.084869,0.073975,354.75,78.11,6.5874,13.374,32.856,4769.8,22.434,45.12,48.923,79.667,2.1688,1.6145,3152.9,42.393,56.168,94.235,9.7039,62.618,34.932,37.955,2704.7,62.409,24.6,47.236,0.33771,8.5953,27.329,120.39,0.95744,75.266,25.426,2.4012,52.828,4.9423,231.63,0.025213,0.59142,66.245,17.006,44.659
757,2026-04-29T20:48:00,47.72,13.169,26.639,34.628,42.25,2775.3,3714.6,18.056,16.364,26.164,0.13904,0.073975,354.25,77.569,6.7075,13.436,32.712,4740.1,22.618,41.256,50.078,79.4,2.1339,1.6319,3160.7,42.313,56.611,94.284,9.7205,64.788,38.33,36.101,2708.2,63.593,24.303,45.139,0.31637,8.4786,27.398,120.38,0.89925,74.521,25.037,2.2402,52.828,4.7572,224.7,0.025213,0.59142,65.905,17.408,44.659
758,2026-04-29T20:51:00,48.561,13.265,27.282,34.628,42.268,2777.1,3709.8,16.722,16.364,26.576,0.13806,0.085092,354.37,77.115,6.7075,13.436,32.712,4766.2,23.215,43.203,50.784,78.865,2.1339,1.6319,3161.8,42.547,56.298,94.235,9.6754,62.822,40.407,36.233,2708.7,63.677,24.853,42.729,0.31528,8.4786,27.398,120.41,0.89925,75.423,25.037,2.2402,53.135,4.7572,215.35,0.0032946,0.63842,65.452,17.408,44.649
759,2026-04-29T20:54:00,50.003,14.404,27.108,34.559,41.355,2781.4,3689.3,17.025,16.401,27.021,0.142,0.085092,354.12,77.641,6.8147,13.552,32.653,4703.2,23.091,46.542,49.617,78.75,2.1114,1.5445,3163.2,42.244,56.328,94.245,9.5472,63.711,36.974,36.409,2713.9,63.196,26.163,40.501,0.32241,8.6423,27.714,120.41,0.94192,75.716,25.417,2.2666,53.135,4.6734,207.69,0.0032946,0.63842,64.956,17.546,44.649
760,2026-04-29T20:57:00,49.49,14.212,27.158,34.559,41.31,2783.9,3682.2,17.903,16.401,26.792,0.14395,0.085092,353.93,77.234,6.8147,13.552,32.653,4674.6,22.746,45.353,51.918,78.713,2.1114,1.5445,3166.7,42.537,56.67,94.294,9.6272,62.623,43.745,36.278,2716.2,63.318,24.053,38.283,0.32347,8.6423,27.714,120.37,0.94192,76.518,25.417,2.2666,53.135,4.6734,200.1,0.0032946,0.63842,64.537,17.546,44.649
761,2026-04-29T21:00:00,47.449,14.148,27.164,34.021,41.894,2785.4,3609.0,18.239,16.28,27.07,0.14577,0.085092,353.98,77.43,6.6507,13.359,33.015,4683.2,22.616,40.631,49.804,78.563,2.0928,1.5494,3167.6,42.186,56.447,94.314,9.452,62.015,37.524,37.993,2717.3,63.753,24.618,36.173,0.3309,8.5991,27.298,120.39,0.99571,75.465,25.609,2.1983,53.135,4.4866,191.48,0.0032946,0.63842,64.117,17.407,44.649
762,2026-04-29T21:03:00,50.844,14.432,26.72,34.021,41.136,2786.7,3665.3,19.97,16.28,26.883,0.14288,0.085092,353.51,77.302,6.6507,13.359,33.015,4681.7,21.905,48.487,49.861,78.519,2.0928,1.5494,3169.1,42.222,56.465,94.475,9.4079,62.792,37.692,37.726,2719.2,62.784,25.07,34.091,0.33308,8.5991,27.298,120.38,0.99571,75.939,25.609,2.1983,53.135,4.4866,182.71,0.0032946,0.63842,63.716,17.407,44.649
763,2026-04-29T21:06:00,49.116,10.489,26.898,33.754,41.798,2789.9,3675.3,16.938,16.413,26.812,0.099419,0.085273,353.24,77.532,6.6272,13.159,32.55,4679.2,23.184,44.489,50.392,78.676,2.1494,1.596,3172.3,42.39,57.056,94.372,9.5369,60.871,39.253,34.737,2722.6,64.191,26.403,32.699,0.31075,8.6617,27.654,120.39,0.83717,76.128,26.387,2.2385,53.028,4.5583,175.4,-0.0028175,0.68711,63.372,17.58,45.281
764,2026-04-29T21:09:00,50.696,10.321,26.563,33.754,42.369,2789.4,3725.4,18.684,16.413,26.52,0.10113,0.085273,352.65,77.4,6.6272,13.159,32.55,4729.6,22.46,48.144,49.115,78.72,2.1494,1.596,3173.0,42.113,56.452,94.216,9.5267,59.343,35.496,35.056,2722.3,63.328,23.59,31.148,0.30813,8.6617,27.654,120.41,0.83717,75.711,26.387,2.2385,53.028,4.5583,164.9,-0.0028175,0.68711,63.077,17.58,45.281
765,2026-04-29T21:12:00,48.388,14.0,26.607,33.984,41.958,2789.4,3725.9,19.035,17.278,26.702,0.14145,0.085273,351.78,76.952,6.5678,13.27,32.621,4697.9,22.337,42.802,49.967,78.609,2.1042,1.5481,3172.3,42.155,56.622,94.315,9.4087,62.516,38.002,32.274,2721.2,63.755,24.525,29.257,0.28021,8.5068,28.17,120.39,0.93599,75.788,25.736,2.1566,53.028,4.5938,158.34,-0.0028175,0.68711,62.804,17.142,45.281
766,2026-04-29T21:15:00,47.744,13.777,26.643,33.984,41.763,2785.9,3729.1,18.007,17.278,26.314,0.14371,0.085273,351.01,76.829,6.5678,13.27,32.621,4738.7,22.795,41.313,49.647,78.413,2.1042,1.5481,3170.2,42.631,56.134,94.276,9.2173,60.291,37.061,32.185,2717.3,63.701,23.445,27.35,0.28094,8.5068,28.17,120.41,0.93599,76.445,25.736,2.1566,53.028,4.5938,152.13,-0.0028175,0.68711,62.409,17.142,45.281
767,2026-04-29T21:18:00,51.032,12.766,27.103,33.791,41.724,2781.9,3736.3,18.577,16.681,26.392,0.13197,0.085273,350.46,76.527,6.8323,13.466,32.946,4732.3,22.587,48.923,47.898,78.262,2.0754,1.5681,3166.5,41.933,57.525,94.372,9.2723,62.146,31.913,33.136,2713.7,64.367,24.577,25.697,0.29015,8.3877,28.032,120.4,1.2494,77.565,26.478,2.1595,53.028,4.5628,143.26,-0.0028175,0.68711,62.057,17.844,45.281
768,2026-04-29T21:21:00,50.189,12.874,26.828,33.791,41.739,2777.8,3731.4,20.197,16.681,25.874,0.13088,0.089173,349.83,76.921,6.8323,13.466,32.946,4754.5,21.914,46.972,49.562,78.254,2.0754,1.5681,3164.9,42.573,57.26,94.412,9.3091,61.486,36.81,33.158,2709.2,64.45,23.606,24.582,0.28997,8.3877,28.032,120.39,1.2494,76.996,26.478,2.1595,52.522,4.5628,139.0,0.013875,0.75545,61.694,17.844,44.223
769,2026-04-29T21:24:00,49.863,9.4761,26.521,33.744,40.89,2773.7,3671.2,14.946,16.992,25.593,0.090155,0.089173,348.53,76.62,6.8415,13.306,32.306,4693.8,24.152,46.217,49.478,78.338,2.1425,1.5406,3159.0,42.4,56.48,94.43,9.1838,60.706,36.564,35.584,2705.1,63.337,24.078,23.194,0.30763,8.634,27.454,120.37,1.0798,76.997,26.066,2.1068,52.522,4.3385,131.99,0.013875,0.75545,61.443,17.694,44.223
770,2026-04-29T21:27:00,48.623,9.0974,27.25,33.744,40.667,2772.2,3681.1,18.255,16.992,25.768,0.094005,0.089173,346.81,77.052,6.8415,13.306,32.306,4699.7,22.757,43.346,49.244,78.607,2.1425,1.5406,3157.4,42.013,56.409,94.769,9.2274,59.386,35.874,36.04,2703.3,63.167,23.96,21.836,0.30388,8.634,27.454,120.37,1.0798,77.601,26.066,2.1068,52.522,4.3385,124.7,0.013875,0.75545,61.216,17.694,44.223
771,2026-04-29T21:30:00,50.368,14.867,26.949,33.318,41.126,2770.3,3640.7,18.43,17.311,25.432,0.15009,0.089173,346.49,76.763,6.7766,13.474,32.565,4720.9,22.7,47.385,49.788,78.794,2.1099,1.5425,3158.4,41.798,56.691,94.724,9.0918,60.331,37.476,33.308,2701.7,63.825,25.484,20.451,0.28585,8.422,27.53,120.41,1.0362,76.897,25.846,2.0822,52.522,4.4862,117.81,0.013875,0.75545,61.007,18.186,44.223
772,2026-04-29T21:33:00,49.789,15.098,26.399,33.318,40.478,2765.9,3665.4,19.768,17.311,24.657,0.14774,0.089173,345.04,76.415,6.7766,13.474,32.565,4745.0,22.163,46.045,49.167,78.665,2.1099,1.5425,3155.4,42.151,56.402,94.7,9.1872,58.698,35.647,33.394,2696.4,63.4,25.061,18.897,0.28513,8.422,27.53,120.36,1.0362,76.826,25.846,2.0822,52.522,4.4862,112.91,0.013875,0.75545,60.801,18.186,44.223
773,2026-04-29T21:36:00,48.641,12.15,26.696,32.986,40.034,2760.6,3703.9,17.065,17.741,24.482,0.12245,0.10247,344.48,76.392,6.7226,13.208,31.925,4689.3,23.324,43.389,48.821,78.567,2.106,1.5894,3150.1,42.105,56.003,94.905,9.0126,58.738,34.63,35.428,2690.1,63.375,23.784,18.961,0.30012,8.7487,27.464,120.38,0.95367,77.589,25.637,2.1442,53.989,4.638,107.31,0.015237,0.82111,60.577,18.12,43.35
774,2026-04-29T21:39:00,50.451,12.101,26.788,32.986,40.307,2756.2,3707.1,22.54,17.741,24.256,0.12295,0.10247,342.87,76.621,6.7226,13.208,31.925,4743.4,21.033,47.577,50.044,78.671,2.106,1.5894,3147.0,41.847,55.354,94.917,9.065,58.344,38.229,35.467,2685.7,63.32,27.634,18.21,0.2998,8.7487,27.464,120.38,0.95367,77.603,25.637,2.1442,53.989,4.638,101.17,0.015237,0.82111,60.334,18.12,43.35
775,2026-04-29T21:42:00,52.382,18.146,26.954,33.054,39.704,2752.8,3679.2,18.817,17.879,23.782,0.18398,0.10247,341.8,76.177,6.9817,13.392,31.816,4727.8,22.631,52.047,50.386,78.746,2.106,1.5633,3146.0,41.814,55.808,94.908,9.0588,61.39,39.236,31.733,2682.6,64.399,25.282,17.244,0.26607,8.9163,27.558,120.36,1.1834,77.014,26.611,2.1242,53.989,4.5087,97.487,0.015237,0.82111,60.18,18.618,43.35
776,2026-04-29T21:45:00,50.929,17.937,27.151,33.054,40.372,2751.4,3721.7,18.025,17.879,23.651,0.1861,0.10247,340.43,76.711,6.9817,13.392,31.816,4657.9,22.965,48.684,50.332,78.878,2.106,1.5633,3144.7,42.201,56.645,94.927,9.0695,58.096,39.076,31.91,2680.8,63.667,23.604,16.199,0.26461,8.9163,27.558,120.39,1.1834,77.27,26.611,2.1242,53.989,4.5087,94.763,0.015237,0.82111,60.024,18.618,43.35
777,2026-04-29T21:48:00,49.921,19.417,26.85,32.574,39.611,2749.9,3662.3,20.013,18.396,23.367,0.19881,0.10247,339.72,76.743,6.9565,13.663,31.81,4665.3,22.13,46.351,50.137,79.269,2.1187,1.5598,3143.5,41.595,55.402,95.033,8.9697,58.89,38.502,33.751,2679.2,62.444,24.202,15.372,0.28368,8.6854,27.811,120.37,1.1118,77.84,26.201,2.2476,53.989,4.4495,89.609,0.015237,0.82111,59.953,19.325,43.35
778,2026-04-29T21:51:00,48.932,19.42,26.613,32.574,39.275,2743.7,3642.8,22.559,18.396,22.471,0.19878,0.12173,338.21,75.936,6.9565,13.663,31.81,4654.1,21.099,44.063,50.085,79.103,2.1187,1.5598,3140.3,42.158,55.537,95.212,8.9468,58.562,38.35,33.941,2672.2,62.779,24.728,15.842,0.28212,8.6854,27.811,120.37,1.1118,77.762,26.201,2.2476,54.419,4.4495,87.848,0.016173,0.91233,59.879,19.325,43.358
779,2026-04-29T21:54:00,52.325,19.995,26.59,32.325,39.625,2738.7,3649.9,16.861,18.616,22.454,0.20197,0.12173,337.31,76.428,6.9516,13.616,30.876,4622.7,23.512,51.916,49.722,78.93,2.1148,1.6007,3134.9,41.78,54.146,95.29,8.9055,59.096,37.283,36.745,2666.2,62.797,24.807,15.287,0.31494,8.6999,27.499,120.37,1.3616,77.9,25.974,2.2212,54.419,4.5433,87.56,0.016173,0.91233,59.731,19.185,43.358
780,2026-04-29T21:57:00,50.236,19.897,26.924,32.325,38.437,2737.1,3658.6,17.32,18.616,22.486,0.20297,0.12173,336.55,76.49,6.9516,13.616,30.876,4564.1,23.324,47.08,49.514,79.263,2.1148,1.6007,3134.1,42.275,54.846,95.471,8.8456,59.019,36.67,37.507,2665.0,62.648,23.974,14.717,0.3087,8.6999,27.499,120.36,1.3616,77.868,25.974,2.2212,54.419,4.5433,87.456,0.016173,0.91233,59.662,19.185,43.358
781,2026-04-29T22:00:00,47.901,29.644,26.8,31.832,39.607,2736.4,3615.0,18.267,18.59,22.054,0.30208,0.12173,335.55,76.683,6.8458,13.604,31.439,4553.7,22.933,41.676,50.63,79.35,2.1305,1.5756,3134.9,42.21,55.235,95.358,8.9659,58.961,39.953,36.427,2663.8,63.373,25.218,14.497,0.30511,8.8353,27.193,120.39,1.0907,77.109,25.519,2.2368,54.419,4.5254,83.452,0.016173,0.91233,59.604,18.964,43.358
782,2026-04-29T22:03:00,50.3,29.767,26.71,31.832,39.126,2733.2,3659.2,20.233,18.59,21.816,0.30082,0.12173,334.64,76.447,6.8458,13.604,31.439,4589.8,22.13,47.227,50.3,79.271,2.1305,1.5756,3133.6,42.216,54.803,95.497,8.9184,58.236,38.984,36.789,2660.4,62.612,22.623,14.059,0.30213,8.8353,27.193,120.38,1.0907,76.858,25.519,2.2368,54.419,4.5254,81.878,0.016173,0.91233,59.555,18.964,43.358
783,2026-04-29T22:06:00,52.148,25.353,26.989,31.374,39.611,2732.5,3684.5,20.306,19.713,21.895,0.2583,0.13249,333.95,76.461,6.8277,13.557,31.085,4635.7,22.114,51.505,50.476,79.381,2.1399,1.5645,3133.7,41.823,54.746,95.36,8.9492,57.211,39.502,36.132,2659.1,63.088,25.602,15.42,0.30229,8.9314,27.191,120.43,1.3049,76.981,25.582,2.0888,53.429,4.6032,86.991,-0.0024791,1.0042,59.521,19.351,44.108
784,2026-04-29T22:09:00,50.024,25.487,27.042,31.374,39.107,2731.9,3673.3,19.56,19.713,21.314,0.25693,0.13249,333.12,76.972,6.8277,13.557,31.085,4578.7,22.419,46.59,48.712,79.685,2.1399,1.5645,3134.5,41.704,55.429,95.417,8.8396,58.073,34.311,36.355,2658.8,63.281,25.147,15.599,0.30046,8.9314,27.191,120.39,1.3049,77.208,25.582,2.0888,53.429,4.6032,90.149,-0.0024791,1.0042,59.594,19.351,44.108
785,2026-04-29T22:12:00,51.123,29.674,26.714,31.729,39.27,2730.0,3673.1,15.249,19.87,20.868,0.30201,0.13249,332.32,76.383,6.8375,13.705,31.339,4555.4,24.26,49.133,49.727,79.725,2.1854,1.5902,3135.0,41.81,54.691,95.297,8.9087,58.538,37.296,35.438,2656.6,63.487,25.408,16.013,0.29459,8.7599,26.862,120.39,1.1125,77.72,25.608,2.2045,53.429,4.6258,90.613,-0.0024791,1.0042,59.698,19.446,44.108
786,2026-04-29T22:15:00,52.649,29.644,26.793,31.729,39.57,2728.4,3665.5,20.703,19.87,20.598,0.30232,0.13249,331.71,76.468,6.8375,13.705,31.339,4558.5,21.972,52.665,50.576,79.723,2.1854,1.5902,3133.2,41.728,54.655,95.245,8.8612,58.142,39.796,35.583,2655.3,63.618,25.714,16.479,0.2934,8.7599,26.862,120.42,1.1125,77.392,25.608,2.2045,53.429,4.6258,90.465,-0.0024791,1.0042,59.763,19.446,44.108
787,2026-04-29T22:18:00,49.293,27.999,26.62,31.533,38.866,2723.9,3691.1,21.449,19.802,20.359,0.29023,0.13249,330.71,76.404,7.191,13.68,31.012,4557.5,21.675,44.898,48.597,79.68,2.1438,1.6011,3131.6,42.046,54.33,95.397,8.8688,59.033,33.97,37.209,2650.5,63.138,26.851,16.599,0.3103,8.9076,27.05,120.4,1.2451,76.563,25.332,2.1933,53.429,4.6445,94.185,-0.0024791,1.0042,59.83,19.45,44.108
788,2026-04-29T22:21:00,49.574,28.302,26.963,31.533,39.658,2722.7,3649.4,18.924,19.802,20.303,0.28715,0.11936,330.2,76.47,7.191,13.68,31.012,4530.6,22.747,45.549,51.089,79.723,2.1438,1.6011,3128.4,41.979,54.652,95.369,8.911,60.953,41.306,37.595,2649.0,63.855,26.131,18.985,0.30714,8.9076,27.05,120.4,1.2451,76.524,25.332,2.1933,53.01,4.6445,101.26,0.012915,1.0824,59.94,19.45,42.782
789,2026-04-29T22:24:00,48.125,32.313,26.894,31.518,38.109,2723.3,3598.2,17.944,20.556,20.118,0.33061,0.11936,329.52,76.845,7.1607,13.816,30.697,4516.7,23.151,42.195,49.25,79.996,2.1376,1.5619,3129.4,42.222,54.694,95.556,8.954,58.368,35.893,37.196,2648.9,61.511,24.563,19.913,0.30335,8.693,26.322,120.39,1.3651,77.601,24.505,2.1609,53.01,4.719,108.31,0.012915,1.0824,60.123,19.865,42.782
790,2026-04-29T22:27:00,50.257,32.736,26.558,31.518,39.104,2723.6,3561.3,18.643,20.556,20.063,0.32631,0.11936,329.07,76.696,7.1607,13.816,30.697,4549.2,22.874,47.13,51.115,79.949,2.1376,1.5619,3130.9,41.999,54.304,95.692,9.0033,59.611,41.383,37.234,2649.5,62.146,25.132,20.966,0.30304,8.693,26.322,120.38,1.3651,76.813,24.505,2.1609,53.01,4.719,113.81,0.012915,1.0824,60.374,19.865,42.782
791,2026-04-29T22:30:00,48.771,36.849,27.303,31.063,38.472,2725.7,3591.0,19.438,20.724,20.172,0.37312,0.11936,329.15,76.806,6.909,13.69,30.961,4470.9,22.54,43.689,52.023,80.07,2.1088,1.6438,3133.6,42.083,54.074,95.661,8.7636,59.71,44.053,38.523,2651.7,61.623,25.393,21.97,0.32143,8.87,26.441,120.39,1.2324,76.201,24.42,2.2204,53.01,4.7283,119.83,0.012915,1.0824,60.537,19.921,42.782
792,2026-04-29T22:33:00,50.33,36.948,26.559,31.063,39.739,2726.0,3613.0,18.529,20.724,19.779,0.37211,0.11936,328.73,76.705,6.909,13.69,30.961,4468.1,22.936,47.297,49.279,79.976,2.1088,1.6438,3134.4,42.347,54.109,95.635,9.111,58.051,35.979,38.955,2651.9,61.244,24.987,23.088,0.31789,8.87,26.441,120.4,1.2324,75.894,24.42,2.2204,53.01,4.7283,124.44,0.012915,1.0824,60.729,19.921,42.782
793,2026-04-29T22:36:00,48.87,35.403,27.233,30.829,39.093,2728.9,3656.6,17.937,20.747,20.114,0.36513,0.12226,328.73,76.887,6.8043,13.752,30.987,4465.1,23.182,43.919,50.486,80.107,2.1708,1.5621,3138.2,42.373,53.82,95.597,9.0082,59.329,39.531,36.769,2654.8,62.558,24.431,25.839,0.30739,8.9934,26.333,120.39,1.3185,76.273,24.008,2.2577,54.094,4.7605,137.26,0.013134,1.1236,60.965,20.496,43.886
794,2026-04-29T22:39:00,51.222,35.79,26.691,30.829,39.157,2728.3,3627.7,22.136,20.747,19.652,0.36119,0.12226,328.78,76.514,6.8043,13.752,30.987,4510.6,21.431,49.362,49.363,79.986,2.1708,1.5621,3139.4,42.178,53.276,95.485,9.1149,57.152,36.226,37.206,2653.7,63.056,26.963,27.612,0.3038,8.9934,26.333,120.43,1.3185,76.441,24.008,2.2577,54.094,4.7605,145.88,0.013134,1.1236,61.261,20.496,43.886
795,2026-04-29T22:42:00,49.25,36.708,27.115,31.282,39.517,2726.9,3663.1,19.374,20.34,19.858,0.37212,0.12226,328.9,76.589,6.7424,13.523,30.668,4418.7,22.61,44.799,51.192,79.779,2.1528,1.5616,3137.8,42.304,52.722,95.378,9.0492,60.743,41.606,37.875,2652.7,63.389,25.546,29.408,0.31062,8.8315,26.345,120.42,1.0911,74.355,24.051,2.1537,54.094,4.8469,154.14,0.013134,1.1236,61.501,20.614,43.886
796,2026-04-29T22:45:00,50.459,36.521,26.963,31.282,38.962,2727.4,3702.1,17.975,20.34,19.98,0.37401,0.12226,329.35,76.42,6.7424,13.523,30.668,4418.3,23.213,47.597,49.65,79.83,2.1528,1.5616,3137.1,42.193,52.726,95.325,8.9586,59.633,37.069,37.971,2652.7,62.717,26.924,31.197,0.30984,8.8315,26.345,120.41,1.0911,75.95,24.051,2.1537,54.094,4.8469,162.38,0.013134,1.1236,61.758,20.614,43.886
797,2026-04-29T22:48:00,51.601,40.98,27.052,31.529,39.924,2729.0,3663.8,19.504,20.728,19.811,0.41863,0.12226,329.26,76.64,6.7326,13.647,31.014,4405.7,22.573,50.239,49.195,79.878,2.1768,1.5846,3138.7,42.325,52.291,95.26,9.0229,59.903,35.73,34.375,2655.1,64.021,27.399,33.063,0.28683,8.7618,26.239,120.44,1.0906,75.158,23.58,2.1736,54.094,4.5925,169.61,0.013134,1.1236,62.013,20.971,43.886
798,2026-04-29T22:51:00,49.499,41.118,26.836,31.529,38.854,2731.1,3736.2,17.98,20.728,19.907,0.41724,0.11071,329.58,76.712,6.7326,13.647,31.014,4424.3,23.213,45.375,49.854,80.045,2.1768,1.5846,3141.1,41.916,52.067,95.053,9.0109,58.964,37.669,34.715,2657.6,62.775,26.899,35.983,0.28404,8.7618,26.239,120.41,1.0906,75.502,23.58,2.1736,53.907,4.5925,182.06,0.0042667,1.1454,62.377,20.971,42.168
799,2026-04-29T22:54:00,50.078,38.968,26.913,31.394,40.464,2729.0,3724.1,16.35,21.479,19.963,0.40025,0.11071,330.25,76.694,6.9408,13.644,31.2,4347.5,23.907,46.715,48.376,79.934,2.185,1.6328,3139.5,42.043,51.769,95.139,9.1607,58.015,33.321,35.906,2654.8,63.206,25.21,38.145,0.29854,8.8972,26.008,120.45,1.2757,75.376,23.948,2.2373,53.907,4.7382,193.09,0.0042667,1.1454,62.758,20.548,42.168
800,2026-04-29T22:57:00,50.186,39.091,26.751,31.394,39.741,2728.8,3707.0,18.984,21.479,19.953,0.39899,0.11071,330.2,76.521,6.9408,13.644,31.2,4356.2,22.812,46.965,51.32,79.907,2.185,1.6328,3139.1,42.223,51.666,95.075,9.1147,58.492,41.983,35.696,2654.4,63.501,27.508,40.518,0.30027,8.8972,26.008,120.42,1.2757,74.683,23.948,2.2373,53.907,4.7382,201.61,0.0042667,1.1454,63.109,20.548,42.168
801,2026-04-29T23:00:00,50.599,38.579,26.712,31.42,39.726,2729.5,3678.1,19.648,20.847,19.863,0.39068,0.11071,330.77,76.281,6.7329,13.746,31.188,4369.5,22.544,47.921,51.764,79.865,2.176,1.6195,3138.6,42.438,52.212,95.191,9.1304,59.569,43.291,35.978,2655.3,62.214,27.427,42.652,0.29522,8.708,26.023,120.39,1.188,74.936,23.716,2.1879,53.907,4.6854,212.66,0.0042667,1.1454,63.442,20.617,42.168
802,2026-04-29T23:03:00,50.073,38.446,27.164,31.42,39.692,2729.4,3631.2,18.897,20.847,20.238,0.39203,0.11071,330.62,76.391,6.7329,13.746,31.188,4368.2,22.872,46.702,50.984,79.725,2.176,1.6195,3138.5,42.314,52.227,95.362,9.1153,59.556,40.996,36.233,2654.9,63.021,25.203,44.903,0.29314,8.708,26.023,120.38,1.188,74.76,23.716,2.1879,53.907,4.6854,222.27,0.0042667,1.1454,63.756,20.617,42.168
803,2026-04-29T23:06:00,49.939,39.765,26.783,31.278,40.103,2732.2,3742.5,20.873,21.167,20.317,0.40153,0.12574,331.39,76.391,6.9992,13.708,31.419,4335.8,22.05,46.392,50.22,79.723,2.1523,1.6047,3140.4,42.317,52.141,95.169,9.1236,59.611,38.747,37.15,2658.6,62.972,24.672,48.18,0.30646,8.9703,25.855,120.42,1.165,74.417,23.602,2.1957,54.312,4.7451,232.47,0.018857,1.1382,64.087,20.716,43.25
804,2026-04-29T23:09:00,51.562,39.444,27.144,31.278,39.847,2734.0,3732.2,19.015,21.167,20.496,0.4048,0.12574,332.14,76.71,6.9992,13.708,31.419,4372.8,22.828,50.149,51.658,79.766,2.1523,1.6047,3142.5,42.519,51.699,95.086,9.2476,59.253,42.978,36.865,2660.3,63.149,26.104,50.558,0.3088,8.9703,25.855,120.41,1.165,75.562,23.602,2.1957,54.312,4.7451,245.65,0.018857,1.1382,64.43,20.716,43.25
805,2026-04-29T23:12:00,49.42,38.196,27.243,31.601,40.734,2738.2,3643.5,18.607,21.228,20.912,0.39127,0.12574,332.71,76.665,6.9284,13.767,31.814,4291.5,22.997,45.191,50.779,79.957,2.1854,1.6005,3144.4,42.168,52.11,95.169,9.1407,62.1,40.393,36.757,2664.6,62.355,25.888,53.166,0.30009,8.7509,25.942,120.42,1.1501,74.41,22.938,2.1999,54.312,4.705,256.07,0.018857,1.1382,64.861,21.096,43.25
806,2026-04-29T23:15:00,50.127,38.384,26.628,31.601,40.446,2738.9,3607.4,21.881,21.228,20.539,0.38935,0.12574,333.3,76.773,6.9284,13.767,31.814,4356.7,21.617,46.827,51.696,79.868,2.1854,1.6005,3146.2,42.155,51.329,95.155,9.18,56.963,43.092,36.458,2665.4,62.976,26.263,55.882,0.30254,8.7509,25.942,120.4,1.1501,74.935,22.938,2.1999,54.312,4.705,265.09,0.018857,1.1382,65.246,21.096,43.25
807,2026-04-29T23:18:00,49.584,35.118,27.035,32.475,39.567,2738.6,3638.5,18.353,21.059,21.182,0.35803,0.12574,334.55,76.395,6.9639,13.574,31.58,4278.5,23.126,45.57,49.732,79.619,2.1788,1.6213,3144.7,42.376,50.975,95.181,9.138,60.969,37.311,37.267,2665.3,62.984,27.235,58.244,0.30781,8.8437,25.62,120.4,1.0873,74.109,22.846,2.1271,54.312,4.7324,277.92,0.018857,1.1382,65.597,20.348,43.25
808,2026-04-29T23:21:00,50.846,35.198,26.744,32.475,39.533,2740.6,3685.0,17.153,21.059,21.073,0.35722,0.10438,335.12,76.578,6.9639,13.574,31.58,4294.8,23.632,48.492,51.097,79.553,2.1788,1.6213,3146.0,42.423,50.781,95.233,9.1327,62.785,41.329,36.946,2667.2,62.184,24.36,61.179,0.31044,8.8437,25.62,120.41,1.0873,74.768,22.846,2.1271,53.319,4.7324,288.29,-0.00084737,1.1138,65.907,20.348,42.971
809,2026-04-29T23:24:00,50.858,37.692,26.805,32.29,39.141,2744.3,3637.7,18.097,21.064,21.27,0.38736,0.10438,335.43,76.988,6.8134,13.809,32.354,4344.0,23.226,48.52,48.346,79.595,2.1819,1.6241,3149.6,42.345,51.699,95.058,9.2335,61.57,33.234,34.047,2671.2,62.628,24.78,63.93,0.2901,8.8384,25.658,120.39,1.306,74.324,23.226,2.1965,53.319,4.6799,298.27,-0.00084737,1.1138,66.258,20.934,42.971
810,2026-04-29T23:27:00,51.401,37.764,26.608,32.29,40.26,2749.4,3636.9,17.719,21.064,21.568,0.38663,0.10438,336.35,76.745,6.8134,13.809,32.354,4303.3,23.392,49.776,48.235,79.646,2.1819,1.6241,3153.1,42.592,52.186,95.092,9.1767,61.282,32.907,34.417,2676.3,62.641,24.803,66.681,0.28707,8.8384,25.658,120.42,1.306,74.153,23.226,2.1965,53.319,4.6799,308.05,-0.00084737,1.1138,66.641,20.934,42.971
811,2026-04-29T23:30:00,50.02,30.931,26.874,32.38,40.556,2750.8,3677.0,20.642,20.875,21.98,0.31094,0.10438,337.4,76.466,6.7582,13.629,31.656,4266.9,22.171,46.581,49.899,79.571,2.2425,1.6071,3152.7,42.27,50.871,94.957,9.2798,59.057,37.802,37.729,2678.7,63.265,26.039,69.617,0.30972,8.7847,25.288,120.41,1.1116,74.315,22.951,2.1651,53.319,4.6767,315.6,-0.00084737,1.1138,66.983,20.446,42.971
812,2026-04-29T23:33:00,50.161,30.911,27.007,32.38,40.491,2748.8,3659.4,15.862,20.875,21.899,0.31115,0.10438,337.6,76.381,6.7582,13.629,31.656,4269.7,24.195,46.906,51.33,79.312,2.2425,1.6071,3152.6,42.387,50.838,94.93,9.2695,62.492,42.013,37.511,2676.1,63.567,24.995,72.42,0.31151,8.7847,25.288,120.4,1.1116,74.64,22.951,2.1651,53.319,4.6767,324.55,-0.00084737,1.1138,67.301,20.446,42.971
813,2026-04-29T23:36:00,50.555,37.666,26.984,32.419,41.072,2753.0,3716.4,19.79,20.423,22.027,0.38138,0.092715,338.57,76.612,6.8361,13.601,31.937,4303.7,22.54,47.817,51.114,79.276,2.2428,1.6269,3155.4,42.264,51.305,94.834,9.3092,62.613,41.379,35.271,2680.7,63.162,25.127,74.845,0.28924,8.7512,25.586,120.42,1.3321,74.293,22.836,2.1407,54.177,4.7436,336.44,0.025733,1.0538,67.568,20.044,42.996
814,2026-04-29T23:39:00,49.989,37.512,27.21,32.419,40.875,2755.7,3657.9,18.391,20.423,22.48,0.38295,0.092715,339.5,76.427,6.8361,13.601,31.937,4297.7,23.142,46.509,51.765,79.207,2.2428,1.6269,3157.6,42.731,51.377,94.851,9.3428,61.284,43.295,35.043,2683.0,64.168,25.919,77.755,0.29111,8.7512,25.586,120.42,1.3321,74.251,22.836,2.1407,54.177,4.7436,343.39,0.025733,1.0538,67.866,20.044,42.996
815,2026-04-29T23:42:00,48.919,35.433,26.514,33.149,41.369,2756.5,3657.2,20.978,20.53,22.357,0.35779,0.092715,340.08,76.224,6.6781,13.53,32.412,4305.6,22.067,44.033,49.079,79.039,2.2078,1.6012,3158.7,42.181,52.021,94.753,9.3924,60.089,35.39,34.216,2683.9,63.577,25.473,80.231,0.2892,8.7376,25.756,120.42,1.1565,73.923,22.582,2.0913,54.177,4.6389,355.1,0.025733,1.0538,68.153,20.358,42.996
816,2026-04-29T23:45:00,50.67,35.236,26.761,33.149,40.592,2759.5,3657.5,17.262,20.53,22.458,0.35979,0.092715,340.63,76.723,6.6781,13.53,32.412,4307.6,23.625,48.085,51.223,78.98,2.2078,1.6012,3160.2,42.588,51.997,94.755,9.3481,60.476,41.7,34.065,2687.4,63.571,24.099,82.945,0.29044,8.7376,25.756,120.39,1.1565,73.982,22.582,2.0913,54.177,4.6389,364.04,0.025733,1.0538,68.408,20.358,42.996
817,2026-04-29T23:48:00,49.425,30.77,26.784,32.798,41.75,2764.7,3721.6,20.806,20.239,23.116,0.31371,0.092715,341.35,76.89,6.8896,13.661,31.778,4285.4,22.12,45.204,51.151,79.293,2.2006,1.5916,3164.1,42.246,51.253,94.574,9.413,60.905,41.487,32.764,2693.5,63.971,24.77,85.809,0.28231,8.8457,25.516,120.44,1.0416,74.394,22.963,2.0994,54.177,4.5313,371.1,0.025733,1.0538,68.744,20.036,42.996
818,2026-04-29T23:51:00,49.317,30.746,26.447,32.798,40.923,2764.9,3761.5,17.644,20.239,22.76,0.31395,0.096906,342.0,76.524,6.8896,13.661,31.778,4281.4,23.463,44.954,51.875,79.163,2.2006,1.5916,3165.1,42.32,51.302,94.534,9.4109,62.06,43.619,33.385,2693.8,63.284,27.943,87.857,0.27722,8.8457,25.516,120.41,1.0416,73.901,22.963,2.0994,53.65,4.5313,374.9,0.026734,1.0184,69.063,20.036,44.362
819,2026-04-29T23:54:00,49.006,37.048,26.998,33.086,41.687,2767.4,3659.1,19.615,20.018,23.446,0.3744,0.096906,343.06,76.477,6.7638,13.61,32.466,4297.9,22.635,44.234,51.417,79.038,2.2081,1.6443,3165.0,42.309,51.654,94.471,9.4098,60.69,42.27,34.375,2695.3,63.286,24.616,89.984,0.29514,8.7806,26.022,120.44,1.0309,74.361,23.078,2.1472,53.65,4.6275,384.64,0.026734,1.0184,69.342,20.326,44.362
820,2026-04-29T23:57:00,49.512,36.84,26.804,33.086,41.397,2768.8,3668.2,18.72,20.018,23.398,0.37651,0.096906,344.06,76.532,6.7638,13.61,32.466,4300.5,23.015,45.405,49.122,78.918,2.2081,1.6443,3165.9,42.424,51.622,94.696,9.2488,61.671,35.516,34.633,2697.0,63.129,25.289,92.303,0.29303,8.7806,26.022,120.41,1.0309,74.109,23.078,2.1472,53.65,4.6275,392.12,0.026734,1.0184,69.578,20.326,44.362
821,2026-04-30T00:00:00,48.629,30.295,26.775,33.938,40.835,2768.4,3721.6,17.459,20.043,23.52,0.31125,0.096906,344.48,76.473,6.6366,13.619,32.392,4276.1,23.555,43.36,49.58,78.745,2.2361,1.656,3164.3,42.413,50.968,94.537,9.3398,60.779,36.863,33.578,2697.6,63.365,25.199,94.827,0.28834,9.0178,25.539,120.39,1.0368,75.41,22.709,2.1347,53.65,4.6231,397.22,0.026734,1.0184,69.8,19.701,44.362
822,2026-04-30T00:03:00,48.131,30.41,26.868,33.938,41.671,2767.5,3733.4,18.353,20.043,23.895,0.31009,0.096906,345.06,76.191,6.6366,13.619,32.392,4260.0,23.196,42.209,50.163,78.587,2.2361,1.656,3163.9,42.076,51.161,94.6,9.3338,61.84,38.581,33.681,2697.1,63.162,22.955,96.936,0.2875,9.0178,25.539,120.41,1.0368,74.264,22.709,2.1347,53.65,4.6231,406.9,0.026734,1.0184,69.997,19.701,44.362
823,2026-04-30T00:06:00,49.335,30.86,26.713,33.636,41.209,2768.7,3762.5,19.461,19.685,23.904,0.31493,0.11914,345.71,76.282,6.5492,13.694,32.446,4334.0,22.734,44.994,50.908,78.484,2.2041,1.6042,3163.6,42.738,51.6,94.455,9.3008,62.651,40.772,33.562,2698.1,63.949,26.916,98.971,0.28782,8.6189,25.608,120.41,1.1013,74.248,22.664,2.0925,54.589,4.5067,411.21,0.021874,0.968,70.169,19.723,42.173
824,2026-04-30T00:09:00,47.565,30.906,26.647,33.636,41.497,2770.5,3718.9,18.304,19.685,24.212,0.31445,0.11914,346.06,76.671,6.5492,13.694,32.446,4311.4,23.209,40.899,50.974,78.632,2.2041,1.6042,3165.1,42.686,51.871,94.345,9.3958,60.365,40.965,33.161,2699.9,64.698,22.782,99.953,0.2911,8.6189,25.608,120.42,1.1013,74.195,22.664,2.0925,54.589,4.5067,416.65,0.021874,0.968,70.381,19.723,42.173
825,2026-04-30T00:12:00,50.081,30.152,26.977,34.274,42.074,2771.9,3737.1,21.334,19.687,24.532,0.30674,0.11914,346.53,76.65,6.7625,13.673,32.708,4308.1,21.929,46.722,50.086,78.781,2.205,1.5868,3165.4,42.858,51.699,94.255,9.3463,62.459,38.353,34.491,2702.1,65.424,23.688,100.21,0.2946,8.7379,25.874,120.43,0.96291,74.732,22.776,2.0305,54.589,4.5479,414.67,0.021874,0.968,70.607,20.09,42.173
826,2026-04-30T00:15:00,49.229,30.191,26.659,34.274,42.015,2767.9,3790.4,20.331,19.687,23.996,0.30635,0.11914,346.54,75.855,6.7625,13.673,32.708,4339.5,22.382,44.75,50.765,78.491,2.205,1.5868,3162.6,42.697,51.323,94.079,9.3892,60.886,40.351,34.482,2697.6,64.507,25.518,99.74,0.29468,8.7379,25.874,120.42,0.96291,74.943,22.776,2.0305,54.589,4.5479,414.89,0.021874,0.968,70.713,20.09,42.173
827,2026-04-30T00:18:00,48.738,27.416,27.267,34.188,42.022,2763.6,3715.1,20.623,19.416,24.678,0.27584,0.11914,347.59,76.265,6.8462,13.875,32.914,4276.9,22.26,43.614,50.82,78.311,2.264,1.6608,3157.5,42.555,50.979,94.394,9.2959,63.528,40.514,33.898,2693.4,64.147,23.842,99.934,0.29313,8.9097,25.769,120.39,0.96368,74.101,22.869,1.9783,54.589,4.5403,416.39,0.021874,0.968,70.703,19.994,42.173
828,2026-04-30T00:21:00,50.205,27.478,26.688,34.188,41.326,2762.8,3726.7,18.593,19.416,24.28,0.27521,0.10449,347.99,76.122,6.8462,13.875,32.914,4238.3,23.129,47.008,51.202,78.269,2.264,1.6608,3153.9,42.553,51.441,94.3,9.2302,64.421,41.638,33.735,2691.7,63.947,25.143,99.784,0.29447,8.9097,25.769,120.39,0.96368,74.454,22.869,1.9783,54.205,4.5403,417.11,0.0087936,0.90489,70.684,19.994,42.338
829,2026-04-30T00:24:00,51.164,24.61,26.62,33.893,41.454,2761.5,3746.3,18.674,19.439,24.723,0.25167,0.10449,348.25,76.664,6.958,13.66,33.018,4288.8,23.085,49.228,49.489,78.366,2.233,1.6592,3151.2,42.147,50.862,94.518,9.3114,60.587,36.595,36.432,2691.4,62.948,27.118,99.988,0.31605,8.7191,25.705,120.39,1.0617,73.282,23.439,2.0846,54.205,4.4836,415.77,0.0087936,0.90489,70.648,19.888,42.338
830,2026-04-30T00:27:00,49.35,24.73,27.198,33.893,41.435,2761.6,3700.1,16.109,19.439,24.681,0.25045,0.10449,348.2,76.67,6.958,13.66,33.018,4258.5,24.158,45.03,49.677,78.546,2.233,1.6592,3153.6,42.21,51.225,94.414,9.3846,62.186,37.15,36.462,2691.3,63.743,24.134,99.946,0.31581,8.7191,25.705,120.39,1.0617,74.003,23.439,2.0846,54.205,4.4836,415.32,0.0087936,0.90489,70.726,19.888,42.338
831,2026-04-30T00:30:00,49.566,22.602,27.199,34.275,41.074,2763.3,3669.6,18.797,18.485,25.026,0.23572,0.10449,348.44,76.763,6.6748,13.843,32.964,4264.7,23.013,45.53,50.771,78.768,2.2185,1.6721,3153.1,42.522,51.213,94.507,9.3566,59.997,40.368,33.533,2693.7,63.269,26.038,99.934,0.29202,8.8522,25.589,120.38,0.88149,74.035,23.247,2.067,54.205,4.4821,413.43,0.0087936,0.90489,70.851,18.885,42.338
832,2026-04-30T00:33:00,49.411,22.942,27.156,34.275,41.113,2761.4,3644.6,19.478,18.485,24.751,0.23226,0.10449,348.61,76.536,6.6748,13.843,32.964,4234.0,22.728,45.172,50.324,78.706,2.2185,1.6721,3152.4,42.327,51.579,94.569,9.3278,61.453,39.054,33.621,2691.2,63.699,24.446,99.948,0.2913,8.8522,25.589,120.36,0.88149,74.53,23.247,2.067,54.205,4.4821,410.94,0.0087936,0.90489,70.929,18.885,42.338
833,2026-04-30T00:36:00,50.266,22.354,27.03,34.813,41.44,2760.3,3731.9,19.138,19.412,24.761,0.23202,0.09286,348.74,76.289,6.776,13.795,32.669,4397.3,22.885,47.15,50.151,78.491,2.2439,1.6938,3150.7,42.742,51.985,94.477,9.5451,60.614,38.545,35.938,2690.8,64.743,26.324,100.08,0.31155,8.7781,25.735,120.41,1.0812,73.479,23.284,2.1422,53.815,4.523,409.3,0.0078244,0.86571,70.928,19.475,42.967
834,2026-04-30T00:39:00,49.186,22.744,26.873,34.813,41.367,2758.2,3736.2,18.746,19.412,24.561,0.22805,0.09286,349.19,76.174,6.776,13.795,32.669,4347.4,23.063,44.649,48.412,78.263,2.2439,1.6938,3148.9,42.563,52.582,94.406,9.3331,64.187,33.426,36.161,2687.6,64.668,24.706,100.11,0.30972,8.7781,25.735,120.41,1.0812,73.997,23.284,2.1422,53.815,4.523,411.19,0.0078244,0.86571,70.836,19.475,42.967
835,2026-04-30T00:42:00,49.009,24.787,26.928,34.715,41.952,2757.3,3737.6,18.817,19.139,24.935,0.25116,0.09286,349.02,76.663,6.5816,13.894,32.89,4299.9,23.023,44.24,50.736,78.302,2.2789,1.6582,3147.2,42.563,51.634,94.487,9.3967,59.963,40.267,34.951,2687.9,63.905,26.207,100.06,0.30923,9.0485,25.701,120.42,1.1207,74.337,23.038,2.0657,53.815,4.5717,412.94,0.0078244,0.86571,70.757,18.979,42.967
836,2026-04-30T00:45:00,51.126,24.88,26.645,34.715,41.441,2757.5,3702.0,16.508,19.139,24.725,0.25022,0.09286,349.16,76.528,6.5816,13.894,32.89,4303.4,24.0,49.141,50.316,78.421,2.2789,1.6582,3147.9,42.452,51.593,94.306,9.281,62.447,39.029,35.521,2688.4,64.517,25.271,100.07,0.30456,9.0485,25.701,120.39,1.1207,74.271,23.038,2.0657,53.815,4.5717,411.98,0.0078244,0.86571,70.797,18.979,42.967
837,2026-04-30T00:48:00,52.061,21.954,26.69,34.353,41.954,2758.1,3769.9,21.204,19.301,24.831,0.2249,0.09286,349.47,76.372,6.7382,13.961,32.606,4362.8,22.021,51.305,49.936,78.561,2.2699,1.6445,3148.2,42.486,52.022,94.318,9.3476,61.544,37.913,36.554,2689.1,65.244,27.17,100.12,0.31794,8.9707,26.071,120.42,1.1172,74.795,23.185,1.9904,53.815,4.564,410.14,0.0078244,0.86571,70.867,18.851,42.967
838,2026-04-30T00:51:00,48.803,22.125,26.76,34.353,42.452,2756.8,3772.2,17.291,19.301,24.744,0.22317,0.091055,349.18,76.456,6.7382,13.961,32.606,4364.3,23.662,43.765,48.772,78.647,2.2699,1.6445,3146.4,42.521,52.004,94.121,9.4598,61.175,34.485,36.409,2687.6,65.205,23.407,100.14,0.31913,8.9707,26.071,120.4,1.1172,73.939,23.185,1.9904,52.806,4.564,410.42,-0.0025167,0.83247,70.922,18.851,42.751
839,2026-04-30T00:54:00,50.15,24.213,27.101,33.786,41.927,2753.2,3755.8,20.018,18.415,24.956,0.24528,0.091055,349.28,76.079,7.0696,13.805,33.067,4369.5,22.526,46.881,50.879,78.504,2.2432,1.6788,3144.4,42.682,52.235,94.323,9.4471,62.344,40.687,37.75,2683.5,64.324,25.626,100.13,0.32421,8.8978,26.007,120.39,1.1546,75.058,22.991,2.1035,52.806,4.4411,410.05,-0.0025167,0.83247,70.963,19.213,42.751
840,2026-04-30T00:57:00,50.233,23.942,26.916,33.786,41.786,2751.6,3745.1,17.937,18.415,24.992,0.24803,0.091055,349.25,76.396,7.0696,13.805,33.067,4363.1,23.395,47.073,50.992,78.503,2.2432,1.6788,3141.7,42.064,52.311,94.198,9.3657,61.275,41.02,37.737,2681.8,64.507,24.701,99.881,0.32432,8.8978,26.007,120.38,1.1546,75.514,22.991,2.1035,52.806,4.4411,411.31,-0.0025167,0.83247,70.957,19.213,42.751
841,2026-04-30T01:00:00,48.864,19.245,27.002,34.043,41.531,2749.8,3665.2,16.378,18.961,25.12,0.19321,0.091055,349.6,76.411,6.8825,13.582,33.014,4321.4,24.049,43.906,50.773,78.415,2.2968,1.6673,3136.9,42.62,51.879,94.573,9.3535,61.81,40.375,35.298,2680.0,62.955,25.453,99.985,0.31073,8.8143,25.389,120.39,1.1631,74.482,23.219,2.0441,52.806,4.5549,411.03,-0.0025167,0.83247,70.96,18.668,42.751
842,2026-04-30T01:03:00,50.279,19.072,26.616,34.043,40.814,2750.6,3671.8,20.649,18.961,25.079,0.19497,0.091055,349.64,76.601,6.8825,13.582,33.014,4289.7,22.242,47.181,47.514,78.586,2.2968,1.6673,3138.2,42.424,52.259,94.654,9.4598,60.062,30.785,35.743,2681.7,62.841,25.619,100.03,0.30708,8.8143,25.389,120.38,1.1631,73.487,23.219,2.0441,52.806,4.5549,409.87,-0.0025167,0.83247,70.972,18.668,42.751
843,2026-04-30T01:06:00,50.304,18.815,26.973,34.001,40.864,2752.2,3686.5,18.163,18.708,24.921,0.19,0.10299,349.17,76.623,6.728,13.883,33.355,4360.7,23.282,47.237,49.265,78.711,2.2715,1.6468,3140.4,42.267,52.717,94.545,9.3225,64.174,35.936,32.723,2682.0,64.14,24.166,100.05,0.28141,8.9652,26.299,120.37,1.3136,74.106,23.433,2.0156,53.454,4.499,409.4,0.02,0.80954,71.023,18.665,43.621
844,2026-04-30T01:09:00,50.018,18.681,27.052,34.001,41.519,2751.9,3725.7,18.862,18.708,25.309,0.19137,0.10299,349.49,76.339,6.728,13.883,33.355,4367.4,22.995,46.576,49.068,78.58,2.2715,1.6468,3140.1,42.353,52.636,94.547,9.404,59.753,35.356,32.636,2682.8,63.465,25.921,99.896,0.28213,8.9652,26.299,120.4,1.3136,74.212,23.433,2.0156,53.454,4.499,409.43,0.02,0.80954,71.074,18.665,43.621
845,2026-04-30T01:12:00,48.108,14.506,26.458,34.293,40.757,2750.2,3758.8,20.427,18.256,24.799,0.14707,0.10299,348.92,76.549,6.968,14.003,33.324,4374.7,22.332,42.155,52.751,78.53,2.32,1.7031,3139.5,42.736,52.575,94.402,9.3906,62.127,46.196,36.523,2680.9,64.324,22.866,99.831,0.31525,8.9594,25.823,120.38,1.2834,74.383,23.265,2.1159,53.454,4.6011,410.73,0.02,0.80954,71.031,18.632,43.621
846,2026-04-30T01:15:00,50.767,14.544,26.971,34.293,42.76,2750.1,3766.0,19.951,18.256,24.738,0.14669,0.10299,348.96,76.706,6.968,14.003,33.324,4397.2,22.519,48.31,49.416,78.731,2.32,1.7031,3138.9,42.243,52.306,94.429,9.4026,61.431,36.381,36.299,2680.2,64.2,23.432,100.19,0.31709,8.9594,25.823,120.42,1.2834,74.86,23.265,2.1159,53.454,4.6011,407.42,0.02,0.80954,71.076,18.632,43.621
847,2026-04-30T01:18:00,49.783,13.777,26.885,34.328,40.816,2747.6,3679.3,17.162,18.393,24.558,0.13666,0.10299,348.68,76.715,6.9089,14.047,32.864,4389.8,23.684,46.032,48.797,78.807,2.2633,1.7262,3136.7,42.37,52.498,94.448,9.5427,61.075,34.559,37.861,2678.2,63.619,25.178,100.05,0.33204,8.9071,25.905,120.37,1.339,75.607,23.329,2.1201,53.454,4.6723,407.07,0.02,0.80954,71.136,19.018,43.621
848,2026-04-30T01:21:00,52.627,13.59,26.794,34.328,41.431,2745.4,3676.0,16.938,18.393,24.562,0.13857,0.096113,348.26,76.509,6.9089,14.047,32.864,4368.4,23.778,52.614,48.695,78.731,2.2633,1.7262,3134.5,42.177,52.754,94.673,9.3812,61.346,34.261,38.573,2675.5,63.677,26.426,99.994,0.3262,8.9071,25.905,120.39,1.339,75.17,23.329,2.1201,54.787,4.6723,406.84,0.013887,0.78244,71.175,19.018,43.646
849,2026-04-30T01:24:00,50.349,17.242,26.699,34.057,40.584,2744.3,3726.4,16.836,18.35,24.446,0.17145,0.096113,348.2,76.592,7.055,13.936,32.986,4387.9,23.816,47.341,49.076,78.743,2.2335,1.6493,3135.0,42.366,51.564,94.472,9.3354,60.094,35.379,38.548,2674.8,63.273,25.206,99.686,0.33836,8.851,25.77,120.38,1.4653,74.866,23.378,2.119,54.787,4.6193,409.24,0.013887,0.78244,71.183,18.614,43.646
850,2026-04-30T01:27:00,49.227,17.02,26.905,34.057,41.318,2742.6,3697.2,20.079,18.35,24.495,0.17371,0.096113,348.27,76.421,7.055,13.936,32.986,4358.1,22.454,44.745,50.628,78.679,2.2335,1.6493,3132.3,42.326,51.921,94.691,9.3944,63.273,39.948,38.927,2672.4,63.776,25.358,99.904,0.33525,8.851,25.77,120.4,1.4653,74.381,23.378,2.119,54.787,4.6193,406.9,0.013887,0.78244,71.228,18.614,43.646
851,2026-04-30T01:30:00,48.294,15.043,26.999,34.063,41.428,2741.8,3668.4,18.57,18.304,24.991,0.15486,0.096113,347.96,76.521,7.2518,13.912,32.448,4395.9,23.084,42.585,48.718,78.741,2.2465,1.6955,3129.5,42.434,52.453,94.477,9.2078,61.378,34.327,37.624,2672.1,62.897,25.058,99.836,0.3237,8.9979,25.994,120.38,1.6144,76.174,23.053,2.1978,54.787,4.6452,406.93,0.013887,0.78244,71.211,18.654,43.646
852,2026-04-30T01:33:00,50.814,15.188,27.086,34.063,40.732,2740.6,3664.7,21.969,18.304,24.591,0.15338,0.096113,347.37,76.491,7.2518,13.912,32.448,4390.5,21.653,48.419,49.241,78.69,2.2465,1.6955,3130.4,42.608,52.517,94.94,9.2875,62.619,35.866,37.319,2669.9,62.96,25.228,99.71,0.3262,8.9979,25.994,120.4,1.6144,74.886,23.053,2.1978,54.787,4.6452,408.05,0.013887,0.78244,71.198,18.654,43.646
853,2026-04-30T01:36:00,49.346,19.582,26.957,33.622,40.274,2739.9,3592.9,18.018,18.608,24.455,0.20184,0.075262,347.32,76.555,7.1733,13.951,32.445,4382.8,23.317,45.021,49.9,78.681,2.3175,1.6689,3130.3,42.225,52.536,94.498,9.4632,59.614,37.807,37.085,2670.1,62.214,26.111,99.724,0.32411,9.1413,25.661,120.37,1.6571,74.397,23.851,2.2077,53.772,4.6182,406.06,0.0054131,0.76657,71.201,18.479,43.418
854,2026-04-30T01:39:00,49.989,19.65,27.261,33.622,40.207,2742.7,3628.2,20.449,18.608,24.967,0.20115,0.075262,347.73,76.86,7.1733,13.951,32.445,4375.5,22.278,46.509,51.211,78.812,2.3175,1.6689,3131.7,42.602,52.623,94.991,9.3586,60.974,41.665,37.18,2672.6,61.606,25.228,99.901,0.32334,9.1413,25.661,120.39,1.6571,74.187,23.851,2.2077,53.772,4.6182,406.48,0.0054131,0.76657,71.187,18.479,43.418
855,2026-04-30T01:42:00,49.499,19.475,27.169,33.515,41.079,2744.0,3583.2,21.086,18.24,24.54,0.19808,0.075262,347.75,76.8,7.1217,13.976,32.548,4373.1,22.006,45.374,51.117,78.861,2.2741,1.6245,3133.6,42.529,53.117,94.568,9.4533,61.163,41.386,38.049,2673.9,62.758,26.946,99.924,0.32596,9.101,26.128,120.4,1.3745,74.223,23.223,2.1317,53.772,4.6624,405.86,0.0054131,0.76657,71.25,18.589,43.418
856,2026-04-30T01:45:00,50.641,19.548,26.579,33.515,40.644,2745.1,3621.3,18.79,18.24,24.326,0.19734,0.075262,348.15,76.862,7.1217,13.976,32.548,4370.9,22.971,48.017,49.003,78.799,2.2741,1.6245,3135.2,41.939,53.143,94.854,9.4171,59.694,35.166,37.608,2675.3,62.101,24.159,99.96,0.32958,9.101,26.128,120.4,1.3745,74.179,23.223,2.1317,53.772,4.6624,405.75,0.0054131,0.76657,71.231,18.589,43.418
857,2026-04-30T01:48:00,50.549,18.182,27.362,34.116,40.992,2746.6,3643.4,19.841,18.178,24.656,0.18496,0.075262,348.07,77.032,7.034,13.985,32.58,4382.0,22.513,47.804,49.362,78.927,2.2867,1.6822,3136.2,42.543,52.781,94.461,9.5473,60.395,36.223,38.665,2675.9,61.923,24.291,99.936,0.32819,9.0258,26.495,120.41,1.6137,74.281,23.633,2.1613,53.772,4.6672,405.8,0.0054131,0.76657,71.237,18.572,43.418
858,2026-04-30T01:51:00,50.866,18.06,27.367,34.116,40.985,2746.6,3630.8,17.035,18.178,24.956,0.1862,0.097561,348.41,76.874,7.034,13.985,32.58,4403.9,23.689,48.538,48.498,78.946,2.2867,1.6822,3136.1,42.396,52.519,94.626,9.5098,62.611,33.68,38.591,2678.0,62.14,25.682,99.916,0.32879,9.0258,26.495,120.4,1.6137,74.183,23.633,2.1613,54.632,4.6672,403.16,0.032109,0.75945,71.296,18.572,44.086
859,2026-04-30T01:54:00,49.062,17.583,26.882,33.603,41.05,2747.2,3678.0,20.455,17.917,24.639,0.17698,0.097561,348.43,76.693,7.0145,13.881,32.243,4389.5,22.246,44.363,48.439,78.949,2.2809,1.6854,3136.3,42.362,52.765,94.614,9.3851,61.337,33.506,38.204,2677.1,61.913,24.636,99.794,0.33587,8.8552,26.013,120.41,1.6731,74.6,23.875,2.2009,54.632,4.5501,404.92,0.032109,0.75945,71.325,18.395,44.086
860,2026-04-30T01:57:00,49.064,17.675,26.929,33.603,40.941,2745.3,3622.8,18.978,17.917,24.626,0.17605,0.097561,348.61,76.537,7.0145,13.881,32.243,4399.5,22.873,44.367,51.403,78.808,2.2809,1.6854,3135.2,42.64,52.646,94.509,9.4069,62.956,42.229,38.734,2675.9,62.863,23.623,99.707,0.33152,8.8552,26.013,120.4,1.6731,74.645,23.875,2.2009,54.632,4.5501,405.95,0.032109,0.75945,71.309,18.395,44.086
861,2026-04-30T02:00:00,50.472,20.355,26.612,33.772,40.97,2746.2,3639.5,19.778,18.121,24.684,0.2094,0.097561,348.75,76.933,6.8543,13.984,32.742,4423.1,22.524,47.626,50.019,78.74,2.3284,1.6731,3135.2,42.639,52.846,94.634,9.3431,62.812,38.154,37.651,2676.3,62.612,25.513,99.776,0.3188,8.9217,26.492,120.39,1.2719,74.854,23.858,2.1706,54.632,4.7258,405.63,0.032109,0.75945,71.222,17.897,44.086
862,2026-04-30T02:03:00,48.976,20.583,26.937,33.772,41.962,2748.7,3643.5,19.948,18.121,24.812,0.20709,0.097561,348.96,76.711,6.8543,13.984,32.742,4407.0,22.455,44.164,50.06,78.85,2.3284,1.6731,3137.0,42.102,53.04,94.394,9.3669,61.215,38.276,36.863,2678.7,62.544,25.648,99.667,0.32526,8.9217,26.492,120.43,1.2719,74.928,23.858,2.1706,54.632,4.7258,406.81,0.032109,0.75945,71.261,17.897,44.086
863,2026-04-30T02:06:00,51.707,15.407,26.768,34.046,41.493,2747.3,3683.8,18.498,17.399,24.635,0.15693,0.087276,348.75,76.729,6.7724,13.936,32.343,4440.0,23.062,50.485,50.071,78.716,2.3243,1.6983,3137.4,42.447,53.974,94.554,9.4304,63.72,38.31,38.59,2678.2,63.205,24.567,99.346,0.33512,9.049,26.692,120.4,1.5182,74.709,24.118,2.2501,55.29,4.6436,407.37,0.030643,0.73303,71.231,18.407,43.974
864,2026-04-30T02:09:00,48.746,15.507,27.084,34.046,41.717,2748.5,3671.1,20.811,17.399,24.66,0.15591,0.087276,348.58,76.965,6.7724,13.936,32.343,4472.8,22.077,43.633,50.194,78.797,2.3243,1.6983,3138.2,42.563,53.582,94.344,9.39,61.97,38.671,38.458,2678.3,63.424,25.036,99.506,0.3362,9.049,26.692,120.42,1.5182,74.032,24.118,2.2501,55.29,4.6436,404.49,0.030643,0.73303,71.23,18.407,43.974
865,2026-04-30T02:12:00,48.293,19.085,26.897,34.051,42.199,2747.8,3685.0,17.801,17.856,24.548,0.1893,0.087276,348.55,76.565,6.8608,13.952,32.279,4397.6,23.353,42.584,50.268,78.755,2.3322,1.6786,3138.8,42.32,53.334,94.417,9.4192,60.851,38.889,38.152,2677.9,63.967,27.7,99.465,0.32978,9.0517,26.553,120.41,1.2481,75.139,24.639,2.1862,55.29,4.5707,403.85,0.030643,0.73303,71.226,18.137,43.974
866,2026-04-30T02:15:00,49.298,18.869,26.892,34.051,42.15,2747.4,3728.1,20.252,17.856,24.689,0.1915,0.087276,348.51,76.76,6.8608,13.952,32.279,4452.2,22.315,44.909,49.027,78.738,2.3322,1.6786,3137.5,42.289,52.68,94.378,9.4741,63.371,35.237,38.101,2678.4,63.226,24.891,99.307,0.3302,9.0517,26.553,120.41,1.2481,75.34,24.639,2.1862,55.29,4.5707,404.57,0.030643,0.73303,71.225,18.137,43.974
867,2026-04-30T02:18:00,51.763,19.176,26.767,33.743,40.942,2748.5,3669.2,17.597,17.522,24.45,0.19822,0.087276,348.47,76.885,6.8184,14.126,32.577,4490.5,23.423,50.614,50.374,78.782,2.3273,1.6974,3138.2,42.508,52.968,94.369,9.4208,65.046,39.202,38.372,2679.0,63.525,24.42,98.949,0.33304,9.1109,27.043,120.37,1.2516,74.294,23.979,2.1096,55.29,4.5374,407.51,0.030643,0.73303,71.18,18.4,43.974
868,2026-04-30T02:21:00,49.899,19.298,27.172,33.743,42.063,2751.7,3668.5,17.966,17.522,24.643,0.19699,0.091645,348.5,77.071,6.8184,14.126,32.577,4466.5,23.252,46.3,52.583,78.959,2.3273,1.6974,3141.5,42.693,53.256,94.518,9.454,62.622,45.702,38.637,2681.9,63.538,24.756,98.598,0.33087,9.1109,27.043,120.43,1.2516,75.258,23.979,2.1096,54.135,4.5374,400.98,0.013873,0.73083,71.236,18.4,43.549
869,2026-04-30T02:24:00,50.734,16.486,26.919,33.807,40.756,2751.1,3685.6,21.2,17.599,24.925,0.16282,0.091645,348.03,77.084,6.8305,13.947,32.271,4437.3,21.881,48.233,50.066,78.96,2.3313,1.742,3142.1,42.513,53.046,94.304,9.3669,62.517,38.293,41.233,2681.3,63.656,24.944,98.02,0.35025,8.9117,26.842,120.38,1.1107,74.331,24.36,2.1948,54.135,4.5666,402.3,0.013873,0.73083,71.23,18.296,43.549
870,2026-04-30T02:27:00,50.788,16.181,26.872,33.807,40.914,2751.7,3698.3,18.993,17.599,24.805,0.16592,0.091645,348.34,76.929,6.8305,13.947,32.271,4437.2,22.806,48.358,48.949,78.935,2.3313,1.742,3141.0,42.287,53.048,94.479,9.5726,60.938,35.006,41.365,2682.1,63.437,23.806,97.807,0.34916,8.9117,26.842,120.41,1.1107,74.886,24.36,2.1948,54.135,4.5666,399.53,0.013873,0.73083,71.221,18.296,43.549
871,2026-04-30T02:30:00,49.75,18.793,27.148,33.014,41.497,2752.7,3684.5,18.507,18.041,24.561,0.1936,0.091645,348.32,77.006,6.906,14.146,32.389,4465.1,23.006,45.955,51.914,78.857,2.3504,1.7054,3142.9,42.293,53.04,94.469,9.4243,60.807,43.732,38.457,2682.6,63.623,24.652,97.282,0.33645,8.9435,26.718,120.41,1.1717,75.16,24.646,2.2043,54.135,4.539,400.31,0.013873,0.73083,71.17,17.775,43.549
872,2026-04-30T02:33:00,49.301,19.003,26.727,33.014,41.291,2754.9,3709.6,18.933,18.041,24.751,0.19146,0.091645,348.12,76.707,6.906,14.146,32.389,4455.3,22.831,44.917,50.077,78.886,2.3504,1.7054,3144.7,42.852,53.157,94.475,9.5876,59.863,38.325,39.262,2684.8,63.191,24.588,97.005,0.32985,8.9435,26.718,120.4,1.1717,74.533,24.646,2.2043,54.135,4.539,398.27,0.013873,0.73083,71.141,17.775,43.549
873,2026-04-30T02:36:00,49.945,17.522,26.748,33.711,41.145,2752.8,3664.0,19.143,17.199,24.379,0.18081,0.076137,348.13,76.47,6.8364,13.844,32.537,4498.1,22.756,46.407,49.743,78.577,2.2812,1.6829,3143.3,42.702,54.05,94.575,9.384,61.094,37.343,41.474,2682.5,63.326,24.598,96.334,0.35803,8.8839,27.213,120.4,1.0012,74.515,24.844,2.107,53.739,4.6383,398.0,0.030347,0.71499,71.07,18.145,43.472
874,2026-04-30T02:39:00,48.48,17.732,26.761,33.711,41.431,2756.9,3669.6,18.765,17.199,25.029,0.17867,0.076137,348.02,77.343,6.8364,13.844,32.537,4524.1,22.886,43.017,50.16,78.759,2.2812,1.6829,3145.6,42.144,53.739,94.748,9.3719,62.327,38.571,41.576,2687.1,63.229,26.272,96.034,0.35719,8.8839,27.213,120.4,1.0012,74.925,24.844,2.107,53.739,4.6383,395.21,0.030347,0.71499,70.935,18.145,43.472
875,2026-04-30T02:42:00,49.135,16.123,26.761,33.575,40.826,2760.2,3697.9,20.835,17.736,24.768,0.16079,0.076137,347.76,76.697,6.727,13.902,32.667,4476.3,22.027,44.532,50.448,78.846,2.3296,1.7085,3150.0,42.726,53.539,94.567,9.3286,61.303,39.419,37.346,2689.5,63.363,25.888,95.601,0.32769,8.9181,26.899,120.39,0.942,74.594,24.549,2.1827,53.739,4.6615,393.83,0.030347,0.71499,70.965,18.53,43.472
876,2026-04-30T02:45:00,49.134,15.89,26.85,33.575,41.335,2762.6,3678.6,16.889,17.736,25.155,0.16315,0.076137,347.93,76.856,6.727,13.902,32.667,4463.4,23.682,44.53,49.174,78.768,2.3296,1.7085,3151.6,42.217,53.693,94.618,9.428,62.847,35.671,37.765,2693.4,63.695,23.731,95.101,0.32426,8.9181,26.899,120.41,0.942,74.131,24.549,2.1827,53.739,4.6615,393.25,0.030347,0.71499,70.884,18.53,43.472
877,2026-04-30T02:48:00,50.297,14.256,26.743,33.417,41.065,2760.3,3725.5,19.178,17.771,24.238,0.14597,0.076137,347.66,76.046,6.7352,13.971,31.957,4454.8,22.752,47.222,49.719,78.398,2.3286,1.6718,3152.5,42.138,52.926,94.51,9.4117,62.888,37.274,38.309,2690.6,63.943,26.018,94.659,0.33307,8.8435,26.93,120.39,1.1193,75.132,25.013,2.0046,53.739,4.6285,392.08,0.030347,0.71499,70.808,18.176,43.472
878,2026-04-30T02:51:00,49.16,14.412,26.503,33.417,41.226,2763.1,3720.6,19.823,17.771,24.887,0.14439,0.093966,347.6,76.916,6.7352,13.971,31.957,4403.6,22.461,44.589,50.04,78.422,2.3286,1.6718,3153.3,42.22,53.539,94.768,9.4853,63.282,38.217,38.309,2693.2,64.027,25.851,93.601,0.33307,8.8435,26.93,120.38,1.1193,74.408,25.013,2.0046,53.916,4.6285,391.15,0.025614,0.73275,70.602,18.176,43.755
879,2026-04-30T02:54:00,48.518,20.903,27.097,33.26,41.33,2768.6,3763.3,17.846,17.846,24.586,0.21311,0.093966,347.17,76.91,6.775,14.005,32.376,4463.0,23.288,43.104,50.779,78.644,2.2804,1.688,3160.2,42.416,53.767,94.426,9.4363,61.913,40.392,39.397,2697.4,63.363,25.23,92.844,0.34085,8.871,27.084,120.43,1.1898,74.559,25.314,2.2241,53.916,4.5671,390.63,0.025614,0.73275,70.529,18.157,43.755
880,2026-04-30T02:57:00,51.367,20.965,26.899,33.26,41.506,2771.8,3694.4,17.503,17.846,24.982,0.21248,0.093966,347.09,76.956,6.775,14.005,32.376,4461.4,23.424,49.697,49.838,78.795,2.2804,1.688,3163.3,42.479,53.786,94.574,9.2761,61.718,37.624,39.081,2701.6,64.549,25.799,92.421,0.34343,8.871,27.084,120.4,1.1898,75.119,25.314,2.2241,53.916,4.5671,386.39,0.025614,0.73275,70.509,18.157,43.755
881,2026-04-30T03:00:00,49.347,17.065,26.998,33.44,41.617,2770.5,3728.9,18.265,17.618,24.527,0.17147,0.093966,346.39,76.466,6.7065,13.927,32.367,4514.5,23.121,45.022,51.235,78.542,2.2986,1.6676,3164.3,42.424,53.299,94.54,9.5536,60.502,41.735,40.132,2700.6,63.725,26.83,91.887,0.34423,8.9297,27.009,120.41,1.0815,75.439,25.259,2.1909,53.916,4.5441,383.4,0.025614,0.73275,70.483,17.917,43.755
882,2026-04-30T03:03:00,49.174,17.007,26.894,33.44,40.521,2771.9,3742.1,19.649,17.618,24.637,0.17206,0.093966,346.9,76.516,6.7065,13.927,32.367,4481.3,22.543,44.622,51.552,78.359,2.2986,1.6676,3164.1,42.378,53.696,94.713,9.3274,62.223,42.666,39.836,2701.5,63.498,26.96,90.925,0.34666,8.9297,27.009,120.38,1.0815,74.802,25.259,2.1909,53.916,4.5441,385.31,0.025614,0.73275,70.343,17.917,43.755
883,2026-04-30T03:06:00,50.197,16.987,26.792,32.884,41.509,2774.6,3728.6,17.108,17.758,24.569,0.17016,0.099257,346.75,76.725,6.9022,13.75,31.913,4503.4,23.609,46.99,51.052,78.415,2.3385,1.7272,3167.4,42.088,54.146,94.595,9.3989,62.286,41.196,38.893,2704.5,64.465,25.998,90.494,0.33895,8.7957,26.936,120.42,1.0254,74.405,26.031,2.1013,52.791,4.6178,384.19,0.03494,0.72773,70.213,18.471,42.766
884,2026-04-30T03:09:00,48.819,16.869,26.769,32.884,41.434,2779.3,3707.9,18.941,17.758,24.702,0.17136,0.099257,345.96,76.969,6.9022,13.75,31.913,4518.0,22.821,43.801,51.624,78.715,2.3385,1.7272,3171.0,42.234,53.972,94.555,9.4061,59.767,42.878,39.144,2709.1,64.82,23.45,90.172,0.3369,8.7957,26.936,120.41,1.0254,76.131,26.031,2.1013,52.791,4.6178,380.2,0.03494,0.72773,70.2,18.471,42.766
885,2026-04-30T03:12:00,49.799,21.329,26.863,33.131,40.821,2782.2,3666.2,20.045,17.744,24.568,0.215,0.099257,345.47,76.712,6.8341,13.753,32.084,4468.0,22.356,46.068,49.425,78.8,2.2722,1.6622,3174.5,42.349,53.308,94.668,9.414,61.73,36.407,36.492,2712.4,63.894,25.216,89.602,0.32005,8.873,26.917,120.39,0.94812,75.444,25.203,2.0886,52.791,4.6365,378.96,0.03494,0.72773,70.234,18.2,42.766
886,2026-04-30T03:15:00,50.882,21.446,26.947,33.131,40.701,2781.2,3710.6,16.103,17.744,24.625,0.21381,0.099257,345.88,76.434,6.8341,13.753,32.084,4465.8,24.032,48.576,51.36,78.414,2.2722,1.6622,3174.7,42.299,53.333,94.709,9.3166,62.128,42.102,36.798,2710.5,63.131,23.978,89.021,0.31754,8.873,26.917,120.38,0.94812,75.094,25.203,2.0886,52.791,4.6365,377.9,0.03494,0.72773,70.159,18.2,42.766
887,2026-04-30T03:18:00,48.645,19.762,26.795,32.886,40.533,2785.4,3706.0,18.6,18.166,24.325,0.20175,0.099257,345.82,76.722,6.9943,13.788,32.208,4493.4,22.972,43.397,50.055,78.437,2.2788,1.6498,3177.8,42.292,53.743,94.752,9.4101,60.946,38.262,36.921,2714.5,63.821,25.432,88.31,0.31619,8.6314,26.829,120.39,1.1033,75.264,25.02,2.1726,52.791,4.5087,378.39,0.03494,0.72773,70.019,18.271,42.766
888,2026-04-30T03:21:00,51.823,19.71,27.049,32.886,40.024,2786.5,3732.7,20.442,18.166,24.757,0.20229,0.080824,345.52,76.278,6.9943,13.788,32.208,4496.1,22.219,50.753,50.228,78.259,2.2788,1.6498,3178.7,42.153,53.711,94.795,9.3131,61.402,38.772,36.713,2715.6,63.36,25.126,87.686,0.3179,8.6314,26.829,120.39,1.1033,75.432,25.02,2.1726,53.996,4.5087,374.38,0.0011883,0.75085,69.91,18.271,43.359
889,2026-04-30T03:24:00,47.303,18.629,27.194,32.656,40.599,2785.0,3658.2,18.179,18.368,24.965,0.19004,0.080824,345.44,76.047,6.7028,13.831,32.333,4532.7,23.198,40.292,50.644,77.894,2.2291,1.6961,3176.5,42.171,53.189,95.024,9.3087,59.817,39.995,36.857,2714.1,63.208,25.256,86.923,0.32379,8.9225,27.083,120.38,1.0079,76.479,25.303,2.0984,53.996,4.5391,374.04,0.0011883,0.75085,69.744,18.744,43.359
890,2026-04-30T03:27:00,49.453,18.589,26.457,32.656,40.093,2789.8,3660.8,16.307,18.368,24.737,0.19044,0.080824,345.31,76.325,6.7028,13.831,32.333,4491.4,23.988,45.269,49.904,78.036,2.2291,1.6961,3180.4,42.053,53.683,94.975,9.1826,59.868,37.816,37.272,2719.2,63.162,25.373,85.965,0.32039,8.9225,27.083,120.4,1.0079,74.903,25.303,2.0984,53.996,4.5391,375.98,0.0011883,0.75085,69.541,18.744,43.359
891,2026-04-30T03:30:00,49.687,17.355,26.967,32.664,40.592,2792.6,3736.2,16.8,17.775,24.977,0.17722,0.080824,344.83,76.794,6.6995,13.852,31.96,4448.7,23.766,45.81,49.781,78.192,2.2472,1.6756,3185.5,42.247,53.079,94.984,9.3374,58.141,37.455,37.713,2722.6,64.454,25.026,85.558,0.32621,8.9289,27.26,120.4,1.045,75.877,25.494,2.0355,53.996,4.4866,371.75,0.0011883,0.75085,69.468,18.827,43.359
