sample,timestamp,tag_01,tag_02,tag_03,tag_04,tag_05,tag_06,tag_07,tag_08,tag_09,tag_10,tag_11,tag_12,tag_13,tag_14,tag_15,tag_16,tag_17,tag_18,tag_19,tag_20,tag_21,tag_22,tag_23,tag_24,tag_25,tag_26,tag_27,tag_28,tag_29,tag_30,tag_31,tag_32,tag_33,tag_34,tag_35,tag_36,tag_37,tag_38,tag_39,tag_40,tag_41,tag_42,tag_43,tag_44,tag_45,tag_46,tag_47,tag_48,tag_49,tag_50,tag_51,tag_52
1,2026-04-12T00:00:00,48.758,25.252,27.018,33.115,41.552,2697.6,3728.4,18.821,18.792,22.161,0.25697,0.10838,342.05,77.483,7.021,13.793,32.673,4512.5,22.632,43.66,50.586,80.165,2.2868,1.6568,3094.4,42.343,53.146,94.349,9.3414,59.535,39.825,41.359,2625.5,63.543,25.091,47.811,0.34401,8.7997,26.328,120.42,1.3026,74.942,23.319,2.2788,53.678,4.9276,231.46,0.016648,0.85025,65.746,19.13,43.808
2,2026-04-12T00:03:00,50.298,20.758,27.024,33.258,40.421,2700.5,3656.2,18.048,18.657,22.745,0.21039,0.10838,342.97,77.793,6.8415,13.912,31.98,4449.7,22.938,47.224,50.284,80.486,2.2674,1.6253,3094.4,42.203,53.447,94.54,9.3554,62.575,38.935,40.21,2629.7,62.136,22.876,47.763,0.33533,8.7168,26.046,120.39,1.3322,73.916,23.587,2.267,53.678,4.8894,232.09,0.016648,0.85025,65.811,18.455,43.808
3,2026-04-12T00:06:00,49.17,20.606,26.954,33.258,41.552,2701.8,3654.5,18.572,18.657,22.534,0.21194,0.10838,342.53,77.884,6.8415,13.912,31.98,4424.9,22.7,44.614,49.245,80.692,2.2674,1.6253,3096.9,41.94,53.743,94.443,9.4307,60.825,35.879,39.78,2631.0,62.165,25.737,47.869,0.33886,8.7168,26.046,120.41,1.3322,75.461,23.587,2.267,53.678,4.8894,230.95,0.016648,0.85025,65.909,18.455,43.808
4,2026-04-12T00:09:00,49.789,27.097,26.532,33.476,40.601,2702.4,3691.5,20.752,18.538,22.094,0.27708,0.10838,342.67,77.039,6.8852,13.935,32.552,4527.6,21.808,46.045,50.132,80.382,2.2909,1.6501,3098.9,42.214,54.167,94.717,9.4435,59.689,38.487,41.836,2630.6,63.057,23.691,47.917,0.34854,8.9345,26.115,120.39,1.3588,74.563,23.858,2.3011,53.678,4.8445,230.43,0.016648,0.85025,65.976,19.19,43.808
5,2026-04-12T00:12:00,50.18,27.09,26.916,33.476,41.203,2702.2,3663.4,17.788,18.538,22.323,0.27714,0.10838,342.71,77.559,6.8852,13.935,32.552,4508.5,23.045,46.95,50.926,80.232,2.2909,1.6501,3098.6,42.604,54.395,94.39,9.4575,62.159,40.825,41.714,2631.1,63.539,25.637,47.869,0.34955,8.9345,26.115,120.42,1.3588,74.647,23.858,2.3011,53.678,4.8445,231.06,0.016648,0.85025,65.895,19.19,43.808
6,2026-04-12T00:15:00,50.192,21.706,26.893,33.199,41.261,2702.5,3650.2,16.179,18.771,22.367,0.21959,0.11918,343.19,77.651,6.9943,13.902,32.451,4437.2,23.715,46.979,50.872,80.272,2.3107,1.6541,3096.1,42.424,53.436,94.578,9.4393,62.023,40.665,41.774,2631.8,63.4,24.679,47.946,0.35535,8.8364,26.443,120.38,1.1073,75.083,24.09,2.2956,54.454,4.8793,234.5,0.016959,0.82101,65.902,18.28,43.44
7,2026-04-12T00:18:00,49.199,21.667,26.681,33.199,40.672,2701.5,3672.6,21.045,18.771,22.602,0.21999,0.11918,343.3,77.307,6.9943,13.902,32.451,4464.3,21.674,44.68,50.93,80.297,2.3107,1.6541,3097.6,42.326,53.112,94.516,9.3212,64.463,40.838,41.809,2631.7,63.016,23.919,48.149,0.35505,8.8364,26.443,120.39,1.1073,74.752,24.09,2.2956,54.454,4.8793,234.13,0.016959,0.82101,65.894,18.28,43.44
8,2026-04-12T00:21:00,50.141,22.052,26.734,32.98,41.603,2700.6,3652.0,16.832,18.698,22.219,0.22916,0.11918,342.96,77.336,6.7142,13.644,32.293,4529.6,23.457,46.86,49.217,79.968,2.2011,1.6525,3096.3,42.26,54.57,94.768,9.2999,61.272,35.794,41.343,2629.1,62.358,26.567,48.335,0.35264,8.8557,25.873,120.39,1.2491,74.999,23.46,2.3283,54.454,4.9405,233.99,0.016959,0.82101,65.866,18.611,43.44
9,2026-04-12T00:24:00,50.656,22.589,27.252,32.98,42.02,2702.1,3631.2,18.927,18.698,22.696,0.2237,0.11918,343.24,77.339,6.7142,13.644,32.293,4534.9,22.579,48.053,48.329,80.004,2.2011,1.6525,3098.0,42.588,54.506,94.606,9.4606,62.538,33.181,41.561,2630.2,62.717,23.865,48.36,0.35084,8.8557,25.873,120.42,1.2491,74.943,23.46,2.3283,54.454,4.9405,235.69,0.016959,0.82101,65.837,18.611,43.44
10,2026-04-12T00:27:00,50.034,23.476,26.777,33.188,40.692,2705.6,3737.3,18.676,18.741,22.433,0.24134,0.11918,343.16,77.69,6.8482,13.738,31.955,4524.0,22.674,46.612,51.086,80.126,2.2512,1.6672,3102.0,42.622,53.881,94.598,9.3459,65.179,41.296,38.583,2635.3,63.374,25.857,48.638,0.31813,8.9606,26.741,120.4,1.226,74.969,23.308,2.2839,54.454,4.8642,234.51,0.016959,0.82101,65.84,18.265,43.44
11,2026-04-12T00:30:00,50.818,23.717,26.817,33.188,42.468,2710.0,3686.7,18.344,18.741,22.894,0.23889,0.10234,343.89,77.585,6.8482,13.738,31.955,4520.9,22.804,48.427,48.913,80.462,2.2512,1.6672,3105.0,42.406,53.919,94.158,9.4963,60.294,34.903,38.126,2640.3,64.244,24.491,47.957,0.32188,8.9606,26.741,120.44,1.226,74.468,23.308,2.2839,53.343,4.8642,235.66,0.017123,0.81736,65.879,18.265,43.008
12,2026-04-12T00:33:00,50.776,26.774,26.851,33.135,41.21,2709.4,3681.9,17.96,18.657,22.439,0.27459,0.10234,343.36,77.176,6.844,13.568,32.242,4537.4,22.975,48.331,49.422,80.277,2.2863,1.6813,3105.9,42.463,54.626,94.438,9.4878,61.904,36.4,38.913,2638.3,63.248,24.367,48.255,0.33445,8.8818,25.999,120.39,1.411,73.763,23.627,2.3422,53.343,4.8648,230.55,0.017123,0.81736,65.943,18.911,43.008
13,2026-04-12T00:36:00,52.123,26.82,27.031,33.135,42.384,2708.0,3673.1,20.244,18.657,22.416,0.27412,0.10234,343.13,77.402,6.844,13.568,32.242,4579.2,22.01,51.448,51.57,80.074,2.2863,1.6813,3105.8,42.216,54.126,94.323,9.4303,60.894,42.72,39.221,2637.1,63.398,24.716,47.949,0.33193,8.8818,25.999,120.42,1.411,74.733,23.627,2.3422,53.343,4.8648,232.25,0.017123,0.81736,65.882,18.911,43.008
14,2026-04-12T00:39:00,48.759,24.245,26.559,33.224,41.222,2709.7,3690.6,17.446,18.852,22.779,0.24665,0.10234,344.46,77.369,6.7846,13.622,32.534,4482.4,23.189,43.662,48.339,80.072,2.2718,1.6799,3104.5,42.359,53.731,94.382,9.4274,61.077,33.213,36.913,2638.6,63.167,24.842,47.72,0.31157,8.8778,26.174,120.4,1.3611,74.819,24.011,2.3377,53.343,4.8998,233.12,0.017123,0.81736,65.853,18.934,43.008
15,2026-04-12T00:42:00,51.375,24.284,27.025,33.224,41.729,2709.9,3696.0,18.439,18.852,22.706,0.24626,0.10234,344.24,77.322,6.7846,13.622,32.534,4480.5,22.775,49.715,49.722,79.995,2.2718,1.6799,3103.6,42.172,53.754,94.435,9.3693,63.811,37.281,37.011,2638.9,63.075,26.044,47.768,0.31077,8.8778,26.174,120.4,1.3611,75.086,24.011,2.3377,53.343,4.8998,230.91,0.017123,0.81736,65.796,18.934,43.008
16,2026-04-12T00:45:00,50.474,21.436,26.891,33.527,41.707,2710.1,3697.7,16.793,18.231,22.912,0.21446,0.10512,344.09,77.369,6.927,13.618,32.201,4494.9,23.46,47.63,48.391,80.192,2.2753,1.6385,3105.4,41.832,53.501,94.473,9.2985,62.561,33.365,37.526,2639.8,63.631,24.39,47.39,0.31555,8.8797,26.208,120.4,1.0741,75.576,23.871,2.332,53.393,4.8927,232.09,0.006864,0.82128,65.782,18.669,43.531
17,2026-04-12T00:48:00,50.735,21.248,27.481,33.527,41.597,2708.3,3736.4,18.038,18.231,23.09,0.21638,0.10512,344.1,77.196,6.927,13.618,32.201,4468.4,22.945,48.236,50.357,80.0,2.2753,1.6385,3103.1,42.589,53.818,94.387,9.4151,60.066,39.149,37.114,2637.7,62.964,26.052,47.352,0.31892,8.8797,26.208,120.4,1.0741,74.437,23.871,2.332,53.393,4.8927,230.23,0.006864,0.82128,65.777,18.669,43.531
18,2026-04-12T00:51:00,49.36,24.065,26.89,33.666,41.414,2705.7,3661.4,19.053,18.347,22.819,0.24856,0.10512,344.01,76.882,6.9273,13.735,32.555,4486.5,22.537,45.052,48.17,79.715,2.2832,1.6421,3100.8,42.737,54.247,94.539,9.3947,60.623,32.715,37.435,2634.9,63.03,27.221,47.092,0.31299,8.7542,26.02,120.36,1.1972,74.953,24.175,2.2546,53.393,4.7753,230.91,0.006864,0.82128,65.708,18.75,43.531
19,2026-04-12T00:54:00,49.92,24.327,27.046,33.666,40.901,2708.4,3672.6,15.915,18.347,23.099,0.24589,0.10512,344.24,77.452,6.9273,13.735,32.555,4484.5,23.85,46.349,49.267,79.782,2.2832,1.6421,3101.5,42.387,54.271,94.589,9.3787,61.9,35.942,37.254,2637.8,62.837,26.179,46.957,0.31446,8.7542,26.02,120.38,1.1972,74.659,24.175,2.2546,53.393,4.7753,230.28,0.006864,0.82128,65.603,18.75,43.531
20,2026-04-12T00:57:00,52.468,20.896,27.282,33.353,41.585,2711.5,3666.4,16.374,18.389,23.518,0.20823,0.10512,344.29,77.988,6.8455,13.999,32.43,4477.7,23.632,52.245,48.918,80.165,2.2834,1.626,3103.6,42.485,54.167,94.491,9.3198,64.548,34.916,39.127,2641.1,62.901,24.111,46.998,0.32302,8.8246,25.993,120.4,1.2256,75.344,23.963,2.342,53.393,4.7966,227.59,0.006864,0.82128,65.61,18.712,43.531
21,2026-04-12T01:00:00,49.1,20.647,26.766,33.353,41.159,2712.3,3628.4,19.165,18.389,22.951,0.21076,0.10656,344.02,77.642,6.8455,13.999,32.43,4526.7,22.452,44.451,50.018,80.368,2.2834,1.626,3106.2,42.254,53.579,94.449,9.3607,60.966,38.154,38.739,2642.0,63.553,24.239,46.984,0.3262,8.8246,25.993,120.4,1.2256,75.592,23.963,2.342,54.616,4.7966,226.27,0.014713,0.81785,65.709,18.712,44.038
22,2026-04-12T01:03:00,49.813,21.571,26.94,33.699,40.504,2710.9,3666.0,16.57,18.264,23.079,0.21931,0.10656,344.07,77.367,7.0831,13.662,31.995,4515.5,23.553,46.1,48.212,80.198,2.2661,1.6275,3104.9,42.409,53.812,94.55,9.3699,62.947,32.838,42.214,2640.1,63.62,25.066,46.857,0.35618,8.8549,26.253,120.39,1.1065,75.011,23.59,2.2347,54.616,4.7803,225.77,0.014713,0.81785,65.742,18.908,44.038
23,2026-04-12T01:06:00,50.551,21.691,26.601,33.699,40.893,2709.2,3700.4,16.573,18.264,22.7,0.21808,0.10656,343.63,77.1,7.0831,13.662,31.995,4474.5,23.56,47.809,48.644,80.086,2.2661,1.6275,3103.3,42.344,54.304,94.496,9.3872,61.059,34.111,42.17,2638.6,63.029,24.922,46.666,0.35654,8.8549,26.253,120.39,1.1065,75.462,23.59,2.2347,54.616,4.7803,226.0,0.014713,0.81785,65.696,18.908,44.038
24,2026-04-12T01:09:00,49.981,25.798,26.655,32.763,41.195,2708.4,3579.5,16.693,18.414,22.451,0.25988,0.10656,343.76,77.296,6.8252,13.608,32.586,4473.1,23.512,46.49,49.217,79.891,2.265,1.6672,3102.5,42.457,53.833,94.693,9.3079,63.483,35.795,37.9,2637.0,62.946,25.257,46.363,0.31755,8.8996,26.589,120.41,1.2301,74.59,23.925,2.3512,54.616,4.8289,227.55,0.014713,0.81785,65.652,18.758,44.038
25,2026-04-12T01:12:00,48.46,25.562,27.037,32.763,40.646,2711.9,3613.3,18.57,18.414,23.613,0.26228,0.10656,344.36,77.167,6.8252,13.608,32.586,4512.3,22.725,42.97,50.515,80.003,2.265,1.6672,3104.3,42.037,53.364,94.698,9.4671,61.573,39.614,37.699,2641.8,62.365,24.362,46.323,0.3192,8.8996,26.589,120.36,1.2301,74.891,23.925,2.3512,54.616,4.8289,226.18,0.014713,0.81785,65.581,18.758,44.038
26,2026-04-12T01:15:00,49.115,19.902,26.768,33.59,41.318,2710.9,3686.7,19.105,18.421,22.893,0.20352,0.11761,344.54,77.224,6.9906,13.673,32.04,4495.0,22.505,44.486,49.172,79.797,2.2618,1.6734,3104.6,42.375,53.931,94.637,9.3554,62.249,35.663,37.056,2640.3,63.297,24.369,46.136,0.31043,8.9824,26.52,120.41,0.98152,74.677,23.922,2.309,53.563,4.7678,225.16,0.023045,0.82329,65.516,18.42,44.947
27,2026-04-12T01:18:00,50.162,19.968,27.076,33.59,41.145,2711.9,3708.0,17.936,18.421,23.21,0.20284,0.11761,344.34,77.394,6.9906,13.673,32.04,4484.9,22.996,46.908,52.497,79.858,2.2618,1.6734,3104.8,42.367,54.052,94.483,9.318,59.645,45.449,36.796,2641.5,62.929,24.491,45.998,0.31256,8.9824,26.52,120.4,0.98152,75.433,23.922,2.309,53.563,4.7678,224.38,0.023045,0.82329,65.452,18.42,44.947
28,2026-04-12T01:21:00,50.782,24.734,26.996,33.286,41.297,2713.1,3651.0,18.1,18.451,23.244,0.25722,0.11761,344.23,77.413,6.8068,13.923,31.986,4505.3,22.929,48.345,49.475,79.88,2.229,1.6574,3106.3,42.199,54.669,94.648,9.402,60.364,36.556,37.637,2642.6,62.435,25.317,46.022,0.31781,8.8277,25.984,120.38,1.3209,75.008,24.364,2.3144,53.563,4.8476,221.78,0.023045,0.82329,65.421,18.355,44.947
29,2026-04-12T01:24:00,48.669,25.149,27.041,33.286,41.544,2714.7,3664.7,19.347,18.451,23.04,0.25301,0.11761,344.21,77.411,6.8068,13.923,31.986,4553.0,22.403,43.454,50.061,79.927,2.229,1.6574,3109.6,42.581,54.098,94.569,9.394,61.433,38.28,37.556,2644.4,62.199,26.57,45.683,0.31847,8.8277,25.984,120.43,1.3209,75.298,24.364,2.3144,53.563,4.8476,223.24,0.023045,0.82329,65.413,18.355,44.947
30,2026-04-12T01:27:00,50.109,25.655,26.739,33.406,41.704,2717.6,3685.0,19.243,18.464,23.043,0.26211,0.11761,344.26,77.494,6.9955,13.676,32.063,4493.7,22.441,46.785,49.187,80.021,2.2387,1.6563,3110.7,42.757,55.031,94.494,9.2906,60.191,35.708,40.311,2646.8,63.446,22.586,45.316,0.35039,8.7851,26.884,120.42,1.2228,75.294,24.096,2.2567,53.563,4.7777,225.03,0.023045,0.82329,65.39,18.703,44.947
31,2026-04-12T01:30:00,52.382,25.74,26.886,33.406,41.128,2715.3,3661.2,18.149,18.464,22.795,0.26125,0.088208,344.04,77.068,6.9955,13.676,32.063,4548.5,22.916,52.047,51.217,79.886,2.2387,1.6563,3111.4,42.323,54.376,94.522,9.4298,60.584,41.68,40.822,2644.4,63.856,26.502,45.277,0.34621,8.7851,26.884,120.4,1.2228,75.59,24.096,2.2567,53.432,4.7777,224.36,0.011176,0.81205,65.393,18.703,43.612
32,2026-04-12T01:33:00,49.316,25.301,27.149,33.419,41.782,2715.1,3583.7,19.668,18.602,23.365,0.2542,0.088208,345.0,77.471,6.6309,13.762,32.261,4536.2,22.271,44.952,50.27,79.744,2.2348,1.6118,3108.2,42.158,53.711,94.46,9.441,59.652,38.895,37.436,2644.8,63.516,25.094,45.229,0.31951,8.8812,26.338,120.41,1.2439,74.708,24.596,2.2258,53.432,4.7669,223.16,0.011176,0.81205,65.343,18.78,43.612
33,2026-04-12T01:36:00,49.171,25.161,27.042,33.419,41.266,2716.5,3621.1,18.118,18.602,23.385,0.25563,0.088208,345.13,77.344,6.6309,13.762,32.261,4540.0,22.929,44.616,51.194,79.802,2.2348,1.6118,3108.9,42.386,53.665,94.661,9.2948,60.762,41.615,37.542,2646.1,62.872,25.732,45.041,0.31865,8.8812,26.338,120.37,1.2439,74.938,24.596,2.2258,53.432,4.7669,223.54,0.011176,0.81205,65.293,18.78,43.612
34,2026-04-12T01:39:00,49.726,23.067,26.455,33.212,42.291,2717.8,3729.5,19.186,17.868,23.28,0.23917,0.088208,345.01,77.331,6.6874,13.781,31.877,4504.3,22.478,45.9,50.461,79.911,2.2471,1.6499,3110.5,42.237,53.91,94.532,9.411,61.838,39.457,38.645,2647.7,64.27,23.337,44.858,0.32708,8.7929,26.843,120.41,1.0131,76.141,23.828,2.3641,53.432,4.8359,223.88,0.011176,0.81205,65.281,18.288,43.612
35,2026-04-12T01:42:00,48.822,23.279,26.898,33.212,41.642,2713.9,3746.6,17.823,17.868,22.912,0.23701,0.088208,344.13,77.051,6.6874,13.781,31.877,4491.8,23.065,43.807,49.524,79.718,2.2471,1.6499,3108.6,42.514,54.059,94.323,9.3592,62.164,36.698,38.518,2643.6,63.976,25.882,44.88,0.32812,8.7929,26.843,120.39,1.0131,75.151,23.828,2.3641,53.432,4.8359,221.9,0.011176,0.81205,65.293,18.288,43.612
36,2026-04-12T01:45:00,50.449,26.967,26.818,33.382,42.198,2715.9,3762.3,18.049,17.905,23.17,0.27614,0.09151,344.3,77.516,6.827,13.746,32.301,4541.9,22.955,47.572,49.612,79.909,2.2588,1.6285,3109.2,42.475,54.707,94.392,9.3828,61.575,36.957,39.011,2645.8,63.421,25.803,44.66,0.3277,8.8847,26.727,120.43,1.1934,75.257,23.982,2.3014,52.981,4.8138,219.07,0.010025,0.82618,65.245,18.801,44.294
37,2026-04-12T01:48:00,48.617,27.21,26.953,33.382,41.21,2715.2,3702.8,16.117,17.905,23.077,0.27366,0.09151,343.6,77.506,6.827,13.746,32.301,4550.9,23.76,43.334,49.678,80.04,2.2588,1.6285,3110.0,42.366,54.6,94.191,9.4424,59.431,37.151,38.607,2644.3,64.444,24.471,44.223,0.33101,8.8847,26.727,120.4,1.1934,75.205,23.982,2.3014,52.981,4.8138,220.67,0.010025,0.82618,65.267,18.801,44.294
38,2026-04-12T01:51:00,49.002,22.959,26.573,33.329,42.148,2712.3,3687.4,19.82,18.05,22.709,0.23697,0.09151,343.85,76.976,6.9552,13.79,32.459,4520.6,22.216,44.224,51.344,79.968,2.2879,1.6019,3107.0,42.067,53.742,94.467,9.4315,60.29,42.055,38.479,2641.8,63.602,26.294,44.307,0.32376,8.8359,26.426,120.4,1.2844,75.437,24.105,2.3009,52.981,4.7829,216.4,0.010025,0.82618,65.298,18.023,44.294
39,2026-04-12T01:54:00,51.851,23.281,26.729,33.329,40.627,2709.0,3704.7,18.825,18.05,22.898,0.23369,0.09151,343.85,77.096,6.9552,13.79,32.459,4507.8,22.637,50.817,49.428,79.823,2.2879,1.6019,3102.6,42.355,53.895,94.544,9.3752,59.987,36.417,38.452,2639.0,63.305,24.409,44.036,0.32397,8.8359,26.426,120.38,1.2844,75.547,24.105,2.3009,52.981,4.7829,216.16,0.010025,0.82618,65.258,18.023,44.294
40,2026-04-12T01:57:00,50.608,21.465,26.95,33.341,41.591,2708.8,3628.8,19.344,18.34,23.176,0.21764,0.09151,343.69,77.337,6.9389,13.849,32.382,4568.7,22.41,47.941,48.838,80.005,2.2499,1.6558,3102.3,42.289,55.137,94.443,9.3056,60.369,34.68,39.206,2639.0,63.479,24.218,43.743,0.32674,9.0008,26.394,120.38,1.171,76.067,24.392,2.2287,52.981,4.8244,216.2,0.010025,0.82618,65.226,18.853,44.294
41,2026-04-12T02:00:00,48.879,21.216,26.742,33.341,40.747,2707.1,3658.7,18.414,18.34,22.645,0.22017,0.10383,343.52,77.11,6.9389,13.849,32.382,4597.8,22.81,43.939,49.942,79.905,2.2499,1.6558,3102.3,42.476,54.789,94.659,9.3341,58.652,37.931,38.928,2636.2,62.964,24.6,43.794,0.32903,9.0008,26.394,120.36,1.171,74.928,24.392,2.2287,53.864,4.8244,216.08,0.027277,0.85219,65.214,18.853,44.047
42,2026-04-12T02:03:00,51.154,22.137,26.736,33.412,41.918,2707.0,3646.9,17.21,18.414,22.955,0.22076,0.10383,343.07,77.218,7.0501,13.947,32.187,4479.0,23.319,49.205,49.78,79.908,2.251,1.643,3100.7,42.455,54.229,94.754,9.2631,63.049,37.453,39.739,2636.7,63.248,26.086,43.5,0.33514,8.8082,26.978,120.4,1.4319,75.343,23.936,2.343,53.864,4.8143,217.75,0.027277,0.85219,65.199,18.745,44.047
43,2026-04-12T02:06:00,51.582,21.957,26.872,33.412,40.442,2705.2,3659.9,17.877,18.414,22.477,0.22259,0.10383,342.68,77.087,7.0501,13.947,32.187,4513.2,23.043,50.196,49.731,79.951,2.251,1.643,3101.0,42.545,53.82,94.681,9.4529,58.744,37.309,40.147,2634.0,63.024,24.947,43.677,0.3318,8.8082,26.978,120.35,1.4319,75.382,23.936,2.343,53.864,4.8143,214.14,0.027277,0.85219,65.179,18.745,44.047
44,2026-04-12T02:09:00,51.082,23.678,26.925,32.798,40.98,2705.3,3630.1,20.255,18.436,22.837,0.24085,0.10383,342.61,77.206,6.8421,13.716,32.535,4493.3,22.04,49.038,50.0,79.934,2.2221,1.6442,3098.5,42.631,54.321,94.777,9.277,62.022,38.101,41.32,2634.0,62.456,26.476,43.482,0.34478,8.7479,26.447,120.39,1.208,75.196,23.99,2.2082,53.864,4.9051,214.73,0.027277,0.85219,65.149,18.578,44.047
45,2026-04-12T02:12:00,48.38,23.555,26.777,32.798,40.452,2703.9,3624.2,18.825,18.436,22.371,0.2421,0.10383,342.42,77.292,6.8421,13.716,32.535,4497.1,22.643,42.784,48.867,79.983,2.2221,1.6442,3099.7,42.581,54.276,94.816,9.3804,62.302,34.765,41.201,2633.7,62.557,24.191,43.476,0.34576,8.7479,26.447,120.38,1.208,75.697,23.99,2.2082,53.864,4.9051,213.19,0.027277,0.85219,65.139,18.578,44.047
46,2026-04-12T02:15:00,49.431,20.266,26.441,33.25,40.374,2704.6,3649.4,17.084,18.488,22.524,0.2047,0.083738,342.45,77.543,6.8808,13.786,32.29,4508.9,23.372,45.218,50.887,79.971,2.2832,1.6619,3099.1,41.887,54.562,94.671,9.2031,61.366,40.711,37.922,2633.8,63.888,25.673,43.665,0.32188,8.9946,26.524,120.41,1.3468,74.506,24.289,2.2881,54.643,4.853,217.01,0.012806,0.83742,65.135,18.784,43.48
47,2026-04-12T02:18:00,49.541,20.364,26.741,33.25,41.342,2705.7,3683.3,17.237,18.488,22.515,0.2037,0.083738,342.01,77.102,6.8808,13.786,32.29,4515.5,23.314,45.472,49.602,80.152,2.2832,1.6619,3100.8,42.451,54.484,94.724,9.3033,60.991,36.93,38.156,2634.9,63.304,25.068,43.823,0.31996,8.9946,26.524,120.41,1.3468,75.075,24.289,2.2881,54.643,4.853,216.88,0.012806,0.83742,65.167,18.784,43.48
48,2026-04-12T02:21:00,51.333,22.353,27.007,33.106,41.181,2702.7,3674.9,16.338,17.931,22.19,0.2262,0.083738,341.28,76.977,6.7329,13.791,31.964,4523.0,23.703,49.618,50.415,79.985,2.2705,1.632,3100.8,42.516,53.905,94.661,9.2543,62.999,39.321,39.472,2631.0,63.129,25.981,44.044,0.3237,9.0563,25.929,120.4,1.2747,75.816,23.922,2.2847,54.643,4.8527,216.04,0.012806,0.83742,65.198,18.831,43.48
49,2026-04-12T02:24:00,50.711,22.513,27.018,33.106,41.048,2703.0,3651.2,17.103,17.931,22.244,0.22456,0.083738,341.56,77.257,6.7329,13.791,31.964,4492.0,23.376,48.18,50.179,80.031,2.2705,1.632,3099.4,41.914,54.276,94.657,9.4387,59.957,38.626,38.868,2631.6,63.536,24.645,44.119,0.32865,9.0563,25.929,120.41,1.2747,74.608,23.922,2.2847,54.643,4.8527,216.85,0.012806,0.83742,65.191,18.831,43.48
50,2026-04-12T02:27:00,50.094,25.495,27.224,33.085,40.721,2702.3,3701.9,16.785,18.687,22.036,0.25846,0.083738,341.11,77.237,6.755,13.861,32.281,4512.5,23.512,46.751,50.137,80.041,2.2201,1.641,3101.7,42.224,53.91,94.537,9.3112,61.806,38.503,39.026,2630.1,64.033,25.811,44.208,0.3281,9.0032,26.845,120.41,1.1189,76.431,24.228,2.2944,54.643,4.8128,217.48,0.012806,0.83742,65.236,18.891,43.48
51,2026-04-12T02:30:00,49.528,25.468,26.663,33.085,41.602,2701.9,3726.3,15.737,18.687,21.9,0.25873,0.11261,340.7,77.416,6.755,13.861,32.281,4521.1,23.947,45.441,48.861,80.123,2.2201,1.641,3099.2,42.384,53.806,94.574,9.2788,60.025,34.747,39.118,2630.5,63.613,25.289,43.88,0.32735,9.0032,26.845,120.42,1.1189,76.289,24.228,2.2944,53.934,4.8128,218.72,0.031071,0.85203,65.238,18.891,43.095
52,2026-04-12T02:33:00,49.821,22.418,27.229,33.153,40.546,2700.1,3690.2,15.778,18.007,21.739,0.22983,0.11261,340.27,77.497,6.8194,13.734,32.194,4528.1,23.923,46.119,49.847,80.253,2.239,1.6432,3099.7,42.311,53.562,94.479,9.2437,63.228,37.65,39.957,2628.7,64.169,22.877,44.126,0.33589,9.069,26.679,120.42,1.3593,75.858,24.181,2.2962,53.934,4.9337,215.78,0.031071,0.85203,65.285,18.347,43.095
53,2026-04-12T02:36:00,50.691,22.589,26.895,33.153,41.164,2699.4,3704.0,16.815,18.007,21.799,0.2281,0.11261,340.17,77.417,6.8194,13.734,32.194,4444.2,23.484,48.134,51.874,80.354,2.239,1.6432,3098.4,42.316,54.566,94.507,9.3823,60.283,43.616,39.922,2627.4,63.932,26.472,44.013,0.33618,9.069,26.679,120.4,1.3593,75.432,24.181,2.2962,53.934,4.9337,216.84,0.031071,0.85203,65.329,18.347,43.095
54,2026-04-12T02:39:00,48.46,23.356,26.768,33.102,41.434,2696.4,3670.7,21.924,18.383,21.393,0.23623,0.11261,339.26,77.319,7.1345,13.868,32.102,4580.2,21.341,42.97,49.647,80.184,2.2736,1.6761,3097.8,42.634,54.3,94.61,9.1896,60.768,37.061,38.297,2624.1,64.03,25.931,44.158,0.32117,8.8887,26.192,120.41,1.4172,75.276,23.598,2.2762,53.934,4.8422,215.01,0.031071,0.85203,65.347,19.041,43.095
55,2026-04-12T02:42:00,49.404,23.253,26.993,33.102,40.738,2696.6,3702.8,20.175,18.383,21.626,0.23728,0.11261,339.52,77.66,7.1345,13.868,32.102,4589.5,22.064,45.155,48.916,80.362,2.2736,1.6761,3096.6,42.576,54.189,94.504,9.3248,61.393,34.909,38.514,2626.0,63.478,24.815,44.092,0.3194,8.8887,26.192,120.39,1.4172,76.024,23.598,2.2762,53.934,4.8422,215.56,0.031071,0.85203,65.357,19.041,43.095
56,2026-04-12T02:45:00,51.039,24.311,26.625,32.638,40.352,2696.9,3584.5,18.658,18.68,21.416,0.24498,0.11676,339.13,77.247,6.8342,13.838,31.799,4469.2,22.71,48.938,50.563,80.455,2.2957,1.6627,3096.1,42.495,53.939,94.822,9.3661,60.734,39.758,39.979,2626.3,62.66,26.262,44.375,0.33654,8.8656,26.425,120.37,1.5546,75.109,23.895,2.3825,53.295,4.9248,216.52,0.018489,0.83876,65.404,18.664,43.641
57,2026-04-12T02:48:00,50.8,23.919,26.634,32.638,40.351,2695.6,3621.4,20.668,18.68,21.286,0.24897,0.11676,339.05,77.211,6.8342,13.838,31.799,4510.3,21.871,48.385,50.088,80.261,2.2957,1.6627,3094.8,42.359,53.447,94.827,9.3148,59.685,38.36,40.404,2623.2,62.025,25.921,44.254,0.33306,8.8656,26.425,120.37,1.5546,74.817,23.895,2.3825,53.295,4.9248,219.57,0.018489,0.83876,65.409,18.664,43.641
58,2026-04-12T02:51:00,50.557,27.444,26.801,32.713,40.818,2696.3,3692.5,19.631,18.334,21.648,0.27674,0.11676,339.12,77.31,7.0719,13.79,31.825,4513.9,22.31,47.823,53.179,80.186,2.2635,1.6771,3095.3,42.29,54.317,94.832,9.3021,62.097,47.455,39.635,2624.5,63.339,25.401,44.59,0.33313,8.969,26.237,120.38,1.2287,74.681,23.696,2.3578,53.295,4.8929,217.52,0.018489,0.83876,65.389,18.864,43.641
59,2026-04-12T02:54:00,48.168,27.248,26.85,32.713,41.5,2698.9,3685.5,20.237,18.334,21.894,0.27874,0.11676,338.95,77.784,7.0719,13.79,31.825,4506.5,22.034,42.295,49.987,80.461,2.2635,1.6771,3097.8,42.061,54.405,94.58,9.3018,61.939,38.063,39.618,2627.2,63.46,24.169,44.616,0.33327,8.969,26.237,120.43,1.2287,75.202,23.696,2.3578,53.295,4.8929,218.92,0.018489,0.83876,65.404,18.864,43.641
60,2026-04-12T02:57:00,50.524,27.426,26.822,32.363,40.93,2698.7,3620.4,20.786,18.892,21.918,0.27971,0.11676,339.54,76.903,6.7567,13.941,31.767,4494.7,21.826,47.746,50.263,80.478,2.2523,1.6767,3097.1,42.429,54.057,94.731,9.2843,61.012,38.873,39.069,2627.6,62.428,23.961,44.849,0.32729,9.1527,26.194,120.38,1.1426,74.873,23.209,2.318,53.295,4.8951,217.93,0.018489,0.83876,65.469,19.083,43.641
61,2026-04-12T03:00:00,50.259,27.302,26.695,32.363,40.804,2697.3,3631.0,18.755,18.892,21.674,0.28098,0.092719,339.23,77.132,6.7567,13.941,31.767,4535.0,22.68,47.133,49.469,80.233,2.2523,1.6767,3097.5,42.348,53.575,94.83,9.3589,59.549,36.536,38.798,2625.3,62.246,25.466,44.527,0.32951,9.1527,26.194,120.39,1.1426,74.416,23.209,2.318,54.263,4.8951,219.61,0.040809,0.84548,65.443,19.083,43.974
62,2026-04-12T03:03:00,49.649,28.654,26.966,32.436,41.433,2699.3,3689.7,20.201,18.967,21.867,0.28658,0.092719,339.21,77.229,6.9109,13.908,31.785,4488.1,22.069,45.722,50.495,80.313,2.2734,1.6482,3097.0,42.486,53.566,94.557,9.208,60.962,39.558,41.008,2627.7,63.97,25.222,44.649,0.34499,8.8764,26.069,120.44,1.318,74.681,23.394,2.3191,54.263,5.0343,218.37,0.040809,0.84548,65.444,18.474,43.974
63,2026-04-12T03:06:00,50.311,28.62,26.919,32.436,40.977,2697.7,3723.0,16.879,18.967,21.555,0.28693,0.092719,339.44,77.161,6.9109,13.908,31.785,4488.8,23.474,47.254,49.414,80.215,2.2734,1.6482,3096.0,42.374,53.558,94.61,9.2885,60.188,36.374,41.172,2624.9,63.396,24.135,44.591,0.34365,8.8764,26.069,120.42,1.318,75.545,23.394,2.3191,54.263,5.0343,219.13,0.040809,0.84548,65.416,18.474,43.974
64,2026-04-12T03:09:00,51.632,28.605,26.742,33.038,41.257,2696.4,3636.4,17.161,18.984,21.318,0.29217,0.092719,339.45,77.376,7.0209,13.836,31.536,4543.8,23.351,50.31,49.783,80.266,2.2898,1.7013,3095.7,42.653,54.394,94.584,9.3608,57.832,37.461,40.776,2625.1,63.579,24.364,44.506,0.34083,8.9623,26.328,120.42,1.3536,75.273,23.402,2.2441,54.263,4.8772,220.22,0.040809,0.84548,65.387,19.387,43.974
65,2026-04-12T03:12:00,50.005,28.649,26.311,33.038,40.745,2696.9,3669.4,19.365,18.984,21.425,0.29172,0.092719,339.36,77.277,7.0209,13.836,31.536,4532.5,22.423,46.546,49.059,80.325,2.2898,1.7013,3096.1,42.314,54.529,94.74,9.2121,62.501,35.332,40.921,2625.8,63.013,25.355,44.639,0.33964,8.9623,26.328,120.4,1.3536,75.532,23.402,2.2441,54.263,4.8772,218.82,0.040809,0.84548,65.431,19.387,43.974
66,2026-04-12T03:15:00,50.663,31.562,26.852,33.124,41.13,2697.9,3644.4,18.272,19.471,21.598,0.32134,0.1052,339.73,77.408,7.1246,13.993,32.1,4433.7,22.877,48.069,48.11,80.442,2.2756,1.6672,3096.9,42.432,53.444,94.539,9.229,60.109,32.537,39.904,2626.1,62.399,24.322,44.975,0.33268,8.9629,26.179,120.41,1.3641,76.167,23.093,2.3435,53.861,4.9027,217.19,0.02332,0.84467,65.434,19.471,43.948
67,2026-04-12T03:18:00,49.413,31.346,26.433,33.124,40.803,2699.2,3650.3,17.305,19.471,21.632,0.32353,0.1052,339.65,77.33,7.1246,13.993,32.1,4466.7,23.284,45.176,50.034,80.45,2.2756,1.6672,3097.5,42.245,53.048,94.797,9.2686,59.709,38.2,39.935,2627.1,62.297,26.109,44.885,0.33243,8.9629,26.179,120.4,1.3641,74.774,23.093,2.3435,53.861,4.9027,219.18,0.02332,0.84467,65.493,19.471,43.948
68,2026-04-12T03:21:00,48.84,26.909,27.011,32.406,40.503,2698.5,3592.5,17.08,18.8,22.012,0.26725,0.1052,340.41,77.561,6.8474,13.745,32.285,4432.8,23.367,43.85,49.966,80.553,2.2997,1.6449,3096.1,42.191,53.139,94.621,9.3279,60.189,38.0,42.14,2627.1,62.201,24.655,44.978,0.35009,8.9754,26.128,120.36,1.2914,74.991,23.347,2.3352,53.861,4.8236,219.1,0.02332,0.84467,65.495,18.894,43.948
69,2026-04-12T03:24:00,48.49,26.681,26.885,32.406,40.619,2696.7,3565.9,17.503,18.8,22.09,0.26957,0.1052,340.66,76.912,6.8474,13.745,32.285,4418.4,23.211,43.039,49.183,80.216,2.2997,1.6449,3093.3,41.966,53.311,94.929,9.398,60.42,35.696,41.677,2624.0,62.659,24.769,45.103,0.35389,8.9754,26.128,120.39,1.2914,74.68,23.347,2.3352,53.861,4.8236,218.64,0.02332,0.84467,65.507,18.894,43.948
70,2026-04-12T03:27:00,51.762,24.651,26.814,32.922,39.896,2694.6,3636.4,16.037,18.857,21.657,0.2543,0.1052,340.4,77.361,6.9451,13.981,32.403,4493.7,23.824,50.612,49.69,80.057,2.2528,1.668,3093.7,42.344,53.759,94.803,9.4183,61.039,37.187,38.82,2623.9,63.779,24.245,45.288,0.32339,8.9792,25.958,120.37,1.4569,76.242,23.072,2.336,53.861,4.9134,217.6,0.02332,0.84467,65.441,18.682,43.948
71,2026-04-12T03:30:00,50.76,24.947,27.526,32.922,40.986,2696.1,3677.5,17.778,18.857,22.045,0.25129,0.10213,340.26,77.249,6.9451,13.981,32.403,4486.8,23.096,48.294,50.137,80.168,2.2528,1.668,3094.0,42.116,53.841,94.626,9.3556,62.956,38.504,39.118,2624.1,63.072,25.679,45.088,0.32095,8.9792,25.958,120.42,1.4569,75.176,23.072,2.336,53.951,4.9134,220.8,0.028462,0.8567,65.415,18.682,44.613
72,2026-04-12T03:33:00,51.274,23.617,26.858,32.936,40.476,2696.2,3622.1,19.116,18.753,22.041,0.23869,0.10213,340.94,77.281,6.6922,13.858,32.455,4525.2,22.534,49.481,48.679,80.2,2.268,1.6763,3092.8,41.972,53.899,94.753,9.2202,62.189,34.212,41.807,2624.7,63.156,24.893,45.198,0.35112,8.8302,25.794,120.4,1.3648,74.385,24.064,2.3491,53.951,4.7882,220.58,0.028462,0.8567,65.419,18.891,44.613
73,2026-04-12T03:36:00,50.507,23.478,26.946,32.936,40.51,2696.0,3655.7,18.742,18.753,21.869,0.24011,0.10213,340.3,77.541,6.6922,13.858,32.455,4478.1,22.682,47.708,50.346,80.262,2.268,1.6763,3094.3,42.18,54.462,94.799,9.3668,60.758,39.117,41.743,2625.0,62.576,27.167,45.266,0.35163,8.8302,25.794,120.41,1.3648,75.821,24.064,2.3491,53.951,4.7882,220.79,0.028462,0.8567,65.437,18.891,44.613
74,2026-04-12T03:39:00,49.566,22.7,27.183,33.257,41.45,2696.8,3709.2,18.321,18.99,21.894,0.23299,0.10213,340.01,77.388,7.0619,13.811,32.416,4505.9,22.858,45.53,48.861,80.434,2.3338,1.6396,3096.2,42.529,53.616,94.48,9.3508,60.413,34.748,40.248,2625.1,63.934,25.116,45.255,0.33821,8.8395,26.234,120.4,1.2525,75.463,23.577,2.321,53.951,4.7896,221.85,0.028462,0.8567,65.485,18.899,44.613
75,2026-04-12T03:42:00,50.442,22.816,26.804,33.257,41.207,2696.4,3690.7,17.424,18.99,22.019,0.23181,0.10213,339.94,77.573,7.0619,13.811,32.416,4476.4,23.229,47.557,51.363,80.448,2.3338,1.6396,3094.4,41.938,53.969,94.588,9.4406,60.716,42.112,40.327,2625.1,64.253,24.514,45.404,0.33755,8.8395,26.234,120.4,1.2525,74.722,23.577,2.321,53.951,4.7896,221.11,0.028462,0.8567,65.526,18.899,44.613
76,2026-04-12T03:45:00,50.589,22.898,26.609,32.596,40.74,2695.2,3633.2,16.859,18.491,21.798,0.2333,0.11249,339.85,77.033,6.9629,13.86,32.019,4478.7,23.477,47.898,50.315,80.47,2.3482,1.6387,3093.0,42.568,53.902,94.548,9.3849,61.598,39.028,39.945,2624.1,62.004,25.85,45.681,0.33053,9.0941,26.414,120.39,1.2767,74.594,23.542,2.3724,53.955,4.8081,222.66,0.0096285,0.85052,65.571,19.209,43.478
77,2026-04-12T03:48:00,49.022,23.044,26.628,32.596,40.619,2695.0,3618.3,16.204,18.491,21.521,0.2318,0.11249,340.01,77.413,6.9629,13.86,32.019,4498.3,23.742,44.27,50.629,80.345,2.3482,1.6387,3093.6,42.161,53.667,94.827,9.4247,61.708,39.952,39.687,2622.9,62.261,25.09,45.791,0.33264,9.0941,26.414,120.39,1.2767,75.147,23.542,2.3724,53.955,4.8081,223.96,0.0096285,0.85052,65.603,19.209,43.478
78,2026-04-12T03:51:00,50.079,26.724,26.849,32.932,40.696,2697.2,3676.6,18.532,19.232,21.765,0.2706,0.11249,340.18,77.58,7.0403,13.891,32.669,4451.2,22.754,46.716,50.108,80.439,2.2753,1.6553,3095.0,42.266,53.424,94.724,9.3481,61.745,38.417,40.377,2625.1,62.002,25.051,46.057,0.33774,8.9713,25.757,120.38,1.1747,74.799,24.05,2.3111,53.955,4.906,223.5,0.0096285,0.85052,65.621,18.922,43.478
79,2026-04-12T03:54:00,50.015,26.448,26.494,32.932,41.255,2698.4,3624.4,15.951,19.232,21.862,0.2734,0.11249,340.2,77.496,7.0403,13.891,32.669,4470.7,23.838,46.57,50.973,80.455,2.2753,1.6553,3096.9,42.398,53.19,94.686,9.4223,59.776,40.965,40.231,2627.1,62.902,25.231,46.274,0.33893,8.9713,25.757,120.4,1.1747,75.489,24.05,2.3111,53.955,4.906,223.58,0.0096285,0.85052,65.655,18.922,43.478
80,2026-04-12T03:57:00,50.039,20.285,26.885,32.852,40.901,2699.5,3613.9,20.033,18.193,22.267,0.20705,0.11249,340.65,77.424,6.8747,13.953,32.469,4493.6,22.113,46.625,47.271,80.581,2.2673,1.6603,3096.3,42.152,53.572,94.717,9.2677,62.53,30.069,40.663,2628.0,62.291,24.381,46.487,0.34283,9.0863,26.008,120.4,1.2849,74.934,23.873,2.3966,53.955,4.9252,223.67,0.0096285,0.85052,65.711,18.887,43.478
81,2026-04-12T04:00:00,49.25,20.334,26.699,32.852,41.05,2697.6,3662.6,20.271,18.193,21.799,0.20655,0.11864,340.88,76.982,6.8747,13.953,32.469,4462.5,22.029,44.799,49.71,80.268,2.2673,1.6603,3095.6,41.966,53.944,94.851,9.2469,62.048,37.247,40.546,2625.8,61.452,24.21,46.622,0.34379,9.0863,26.008,120.39,1.2849,73.83,23.873,2.3966,53.76,4.9252,223.22,0.018961,0.84835,65.702,18.887,44.177
82,2026-04-12T04:03:00,49.305,21.756,26.834,33.259,40.984,2697.0,3684.1,18.569,18.531,21.901,0.22288,0.11864,340.93,76.861,6.8698,13.799,31.947,4456.8,22.763,44.925,50.606,79.966,2.2451,1.6427,3094.6,42.417,54.075,94.79,9.3083,63.364,39.883,41.641,2624.6,62.464,24.871,46.66,0.34963,8.9674,26.354,120.4,1.2999,74.277,23.466,2.2154,53.76,4.8967,224.75,0.018961,0.84835,65.615,19.163,44.177
83,2026-04-12T04:06:00,49.726,22.034,26.723,33.259,40.943,2700.0,3666.0,19.164,18.531,22.223,0.22006,0.11864,341.4,77.447,6.8698,13.799,31.947,4500.0,22.498,45.901,49.744,80.189,2.2451,1.6427,3095.5,42.398,53.557,94.692,9.4307,62.571,37.348,41.792,2629.2,62.775,25.938,46.495,0.3484,8.9674,26.354,120.42,1.2999,74.107,23.466,2.2154,53.76,4.8967,228.56,0.018961,0.84835,65.556,19.163,44.177
84,2026-04-12T04:09:00,49.842,26.856,27.162,32.838,40.97,2703.6,3684.0,16.063,18.605,22.345,0.27151,0.11864,341.17,77.574,6.8092,13.846,32.471,4463.7,23.789,46.169,51.097,80.456,2.2543,1.673,3101.1,42.303,53.275,94.612,9.469,61.969,41.328,39.571,2632.3,62.517,23.622,46.702,0.3336,8.9321,26.025,120.4,1.446,74.022,23.922,2.2938,53.76,4.8259,228.16,0.018961,0.84835,65.625,18.981,44.177
85,2026-04-12T04:12:00,50.292,26.886,26.689,32.838,41.525,2703.6,3661.8,16.805,18.605,21.595,0.27121,0.11864,341.05,77.05,6.8092,13.846,32.471,4417.9,23.494,47.21,49.632,80.241,2.2543,1.673,3102.6,42.617,53.822,94.568,9.4526,62.006,37.018,39.636,2631.5,62.898,25.134,46.897,0.33306,8.9321,26.025,120.42,1.446,74.388,23.922,2.2938,53.76,4.8259,227.85,0.018961,0.84835,65.673,18.981,44.177
86,2026-04-12T04:15:00,51.389,21.812,26.932,33.288,40.276,2703.2,3670.5,17.073,19.08,22.036,0.22105,0.098238,341.65,77.342,7.0103,13.6,31.976,4478.6,23.375,49.749,50.654,80.131,2.2206,1.6346,3100.8,42.113,53.493,94.601,9.3248,61.774,40.025,39.984,2631.3,63.321,25.929,46.973,0.3404,9.0305,26.172,120.41,1.2205,74.367,23.501,2.3305,53.194,4.7521,228.55,0.0080558,0.84695,65.656,18.633,43.955
87,2026-04-12T04:18:00,49.703,21.785,26.927,33.288,41.16,2703.2,3657.0,16.327,19.08,22.036,0.22132,0.098238,341.5,77.262,7.0103,13.6,31.976,4492.9,23.695,45.846,49.429,80.087,2.2206,1.6346,3100.8,42.092,53.322,94.627,9.4564,60.968,36.42,40.495,2631.1,63.554,24.927,47.099,0.33621,9.0305,26.172,120.41,1.2205,73.786,23.501,2.3305,53.194,4.7521,228.91,0.0080558,0.84695,65.633,18.633,43.955
88,2026-04-12T04:21:00,49.041,26.184,26.933,32.75,41.584,2707.8,3600.9,17.586,18.84,22.599,0.27166,0.098238,342.45,77.647,7.0264,13.989,31.872,4482.6,23.149,44.314,49.539,80.252,2.2186,1.6897,3103.4,42.557,54.294,94.531,9.3943,63.388,36.742,37.177,2636.8,62.729,26.918,47.201,0.30831,9.046,25.986,120.41,1.3916,74.369,24.01,2.3619,53.194,4.8767,229.52,0.0080558,0.84695,65.658,18.671,43.955
89,2026-04-12T04:24:00,50.735,26.46,27.416,32.75,41.101,2710.3,3640.7,17.57,18.84,22.929,0.26887,0.098238,342.27,77.351,7.0264,13.989,31.872,4490.2,23.159,48.236,49.295,80.291,2.2186,1.6897,3106.1,42.308,54.203,94.614,9.4351,60.414,36.024,36.735,2639.2,62.043,22.769,47.49,0.31193,9.046,25.986,120.37,1.3916,74.956,24.01,2.3619,53.194,4.8767,228.0,0.0080558,0.84695,65.699,18.671,43.955
90,2026-04-12T04:27:00,50.124,27.72,27.366,33.251,41.223,2709.9,3610.1,17.675,18.347,22.64,0.28173,0.098238,342.77,77.231,6.8403,13.938,32.243,4497.9,23.121,46.821,48.563,80.039,2.2575,1.6749,3106.6,42.335,54.037,94.583,9.3866,63.374,33.873,41.777,2639.2,62.301,22.915,47.282,0.35545,8.8344,26.728,120.42,1.2195,74.949,24.042,2.3889,53.194,4.8127,232.06,0.0080558,0.84695,65.692,18.916,43.955
91,2026-04-12T04:30:00,48.535,27.736,27.189,33.251,40.292,2710.5,3588.2,18.615,18.347,22.643,0.28157,0.10521,342.96,77.072,6.8403,13.938,32.243,4510.5,22.74,43.143,48.714,79.779,2.2575,1.6749,3105.8,42.099,53.887,94.826,9.4516,63.162,34.316,42.011,2639.2,62.678,24.561,47.556,0.35353,8.8344,26.728,120.37,1.2195,75.312,24.042,2.3889,54.461,4.8127,230.62,0.028403,0.84775,65.615,18.916,44.168
92,2026-04-12T04:33:00,50.021,24.211,26.642,32.889,41.388,2711.2,3647.1,20.163,18.689,22.593,0.24833,0.10521,343.95,77.395,6.8457,13.651,31.701,4477.0,22.089,46.583,50.478,79.669,2.2738,1.6784,3106.8,42.707,53.682,94.614,9.5225,64.441,39.506,41.083,2639.9,63.248,26.68,47.572,0.35171,8.7492,26.073,120.4,1.1297,73.779,24.516,2.2788,54.461,4.9489,232.21,0.028403,0.84775,65.533,19.004,44.168
93,2026-04-12T04:36:00,49.747,24.381,26.932,32.889,40.627,2715.2,3651.2,18.656,18.689,22.984,0.24661,0.10521,343.41,77.656,6.8457,13.651,31.701,4538.8,22.714,45.95,48.47,79.861,2.2738,1.6784,3110.5,42.303,52.943,94.529,9.4018,62.232,33.598,41.493,2644.2,63.178,25.648,47.701,0.34835,8.7492,26.073,120.39,1.1297,74.252,24.516,2.2788,54.461,4.9489,232.51,0.028403,0.84775,65.505,19.004,44.168
94,2026-04-12T04:39:00,50.895,29.605,26.742,33.01,42.016,2721.6,3684.0,16.656,18.357,23.324,0.30284,0.10521,344.23,78.039,6.624,14.011,31.884,4456.2,23.536,48.605,48.901,80.198,2.2658,1.6614,3115.1,42.526,53.686,94.35,9.551,63.94,34.865,37.039,2652.2,62.602,25.18,47.937,0.32168,8.859,26.713,120.42,1.1571,74.285,24.251,2.2137,54.461,4.7973,231.57,0.028403,0.84775,65.578,18.371,44.168
95,2026-04-12T04:42:00,50.031,29.781,26.948,33.01,41.097,2724.4,3681.8,14.726,18.357,23.555,0.30105,0.10521,344.78,77.77,6.624,14.011,31.884,4502.9,24.34,46.606,48.061,80.295,2.2658,1.6614,3118.5,42.345,53.127,94.343,9.468,61.35,32.394,37.57,2654.5,62.641,25.099,47.924,0.31733,8.859,26.713,120.4,1.1571,74.614,24.251,2.2137,54.461,4.7973,233.33,0.028403,0.84775,65.677,18.371,44.168
96,2026-04-12T04:45:00,50.897,28.338,27.022,33.795,42.678,2724.5,3715.4,18.884,18.385,23.238,0.28847,0.086712,345.38,77.483,6.8923,13.859,32.381,4554.7,22.588,48.611,50.689,80.174,2.2393,1.6956,3118.2,42.449,54.074,94.233,9.3894,63.136,40.128,42.233,2654.1,64.146,24.068,48.074,0.35803,8.8494,26.135,120.45,1.3312,74.789,24.258,2.2015,53.447,4.7501,233.71,0.019626,0.82149,65.763,18.615,43.736
97,2026-04-12T04:48:00,49.577,28.123,26.751,33.795,40.818,2722.1,3713.5,17.665,18.385,23.132,0.29066,0.086712,345.19,77.326,6.8923,13.859,32.381,4557.2,23.104,45.554,49.522,80.029,2.2393,1.6956,3117.4,42.779,54.045,94.121,9.437,60.74,36.693,42.06,2652.0,64.178,25.937,48.346,0.35945,8.8494,26.135,120.38,1.3312,75.212,24.258,2.2015,53.447,4.7501,232.47,0.019626,0.82149,65.773,18.615,43.736
98,2026-04-12T04:51:00,49.106,23.896,26.954,33.533,41.941,2717.6,3643.5,19.795,18.314,23.255,0.2387,0.086712,345.32,77.028,6.9885,13.773,32.197,4539.0,22.225,44.465,50.109,79.603,2.283,1.6118,3111.4,42.427,53.713,94.418,9.4711,61.265,38.42,39.956,2646.1,63.146,25.018,48.241,0.34473,9.0023,26.356,120.43,1.205,75.456,24.283,2.267,53.447,4.9102,235.51,0.019626,0.82149,65.733,18.287,43.736
99,2026-04-12T04:54:00,49.415,23.869,26.434,33.533,40.931,2716.5,3679.5,18.807,18.314,23.409,0.23897,0.086712,346.04,77.148,6.9885,13.773,32.197,4533.0,22.652,45.181,50.539,79.436,2.283,1.6118,3108.3,41.555,53.784,94.454,9.404,61.002,39.687,40.422,2646.9,62.527,25.726,48.29,0.34091,9.0023,26.356,120.35,1.205,75.317,24.283,2.267,53.447,4.9102,236.89,0.019626,0.82149,65.614,18.287,43.736
100,2026-04-12T04:57:00,49.113,25.257,27.25,33.458,41.753,2717.7,3634.5,17.958,18.2,23.662,0.25828,0.086712,346.23,77.297,6.9586,13.805,32.441,4504.1,23.01,44.482,51.365,79.476,2.2671,1.6266,3110.2,42.202,54.99,94.598,9.4483,59.258,42.116,39.418,2647.7,62.402,26.259,48.331,0.33012,8.8784,25.956,120.39,1.0627,74.453,23.949,2.3251,53.447,4.8497,238.37,0.019626,0.82149,65.553,18.446,43.736
101,2026-04-12T05:00:00,49.112,25.373,26.977,33.458,40.931,2722.2,3663.7,17.941,18.2,24.144,0.25709,0.10448,346.52,77.638,6.9586,13.805,32.441,4586.2,23.004,44.479,49.812,79.703,2.2671,1.6266,3113.3,42.532,54.007,94.554,9.483,60.727,37.545,39.208,2652.4,61.899,26.082,48.323,0.33184,8.8784,25.956,120.41,1.0627,74.692,23.949,2.3251,54.113,4.8497,232.83,0.029832,0.80149,65.548,18.446,44.015
102,2026-04-12T05:03:00,53.164,22.837,27.139,33.407,41.091,2724.9,3619.3,20.544,17.959,23.935,0.23298,0.10448,346.37,77.682,6.8816,13.851,32.423,4543.4,21.897,53.856,51.314,79.944,2.2327,1.6375,3116.4,42.414,54.198,94.526,9.3624,62.337,41.966,39.728,2655.3,62.839,25.991,48.084,0.33437,8.9257,26.979,120.39,1.2979,74.822,24.369,2.282,54.113,4.7568,234.08,0.029832,0.80149,65.627,18.804,44.015
103,2026-04-12T05:06:00,48.248,22.87,26.911,33.407,40.772,2725.6,3672.2,17.742,17.959,23.651,0.23264,0.10448,346.15,77.492,6.8816,13.851,32.423,4512.9,23.073,42.478,49.658,79.959,2.2327,1.6375,3118.8,42.617,54.564,94.533,9.3839,60.872,37.093,39.651,2656.1,61.929,24.882,47.887,0.335,8.9257,26.979,120.39,1.2979,74.415,24.369,2.282,54.113,4.7568,234.83,0.029832,0.80149,65.72,18.804,44.015
104,2026-04-12T05:09:00,49.79,22.696,26.893,33.175,41.611,2722.7,3662.3,15.783,18.139,23.467,0.23288,0.10448,346.43,76.698,6.6671,13.607,32.604,4465.2,23.929,46.048,51.256,79.542,2.2882,1.6112,3116.5,42.986,54.282,94.54,9.5032,61.997,41.796,40.069,2651.3,62.738,24.235,47.887,0.34168,8.8434,26.363,120.39,1.2132,74.927,24.534,2.2421,54.113,4.7719,233.4,0.029832,0.80149,65.669,18.501,44.015
105,2026-04-12T05:12:00,51.125,22.74,26.915,33.175,40.844,2721.7,3667.5,17.016,18.139,23.974,0.23244,0.10448,346.99,77.091,6.6671,13.607,32.604,4494.6,23.411,49.137,48.701,79.27,2.2882,1.6112,3112.7,42.345,53.93,94.618,9.5352,63.063,34.278,39.752,2651.3,62.65,22.713,47.713,0.34429,8.8434,26.363,120.39,1.2132,75.176,24.534,2.2421,54.113,4.7719,234.03,0.029832,0.80149,65.548,18.501,44.015
106,2026-04-12T05:15:00,47.865,20.541,27.0,33.112,41.487,2723.0,3699.8,20.197,17.583,24.024,0.21296,0.087143,346.63,77.35,6.7588,13.542,32.298,4537.2,22.067,41.592,50.296,79.476,2.2438,1.6338,3114.9,42.578,54.184,94.394,9.3502,60.814,38.971,36.738,2653.3,64.076,26.362,47.356,0.31421,8.8423,26.286,120.43,1.1003,74.835,24.257,2.3423,53.871,4.6984,230.54,0.017416,0.83893,65.454,18.454,43.498
107,2026-04-12T05:18:00,51.033,20.72,26.805,33.112,41.74,2725.1,3726.0,17.341,17.583,23.852,0.21114,0.087143,346.71,77.37,6.7588,13.542,32.298,4568.8,23.267,48.926,49.878,79.591,2.2438,1.6338,3115.8,42.198,53.806,94.38,9.4206,60.532,37.742,36.848,2655.7,63.626,23.924,46.922,0.31331,8.8423,26.286,120.43,1.1003,74.432,24.257,2.3423,53.871,4.6984,231.37,0.017416,0.83893,65.456,18.454,43.498
108,2026-04-12T05:21:00,49.402,23.347,27.185,33.52,40.989,2724.0,3685.3,18.487,17.806,23.831,0.23825,0.087143,346.04,77.161,6.8305,13.839,32.36,4516.9,22.786,45.149,48.59,79.647,2.2244,1.6329,3117.1,42.137,54.591,94.3,9.4867,61.607,33.951,35.884,2654.7,63.682,23.545,46.682,0.30397,8.8035,26.969,120.39,1.1908,74.876,24.067,2.1922,53.871,4.6685,230.02,0.017416,0.83893,65.441,18.263,43.498
109,2026-04-12T05:24:00,48.513,23.368,26.895,33.52,41.614,2725.3,3695.1,19.597,17.806,23.919,0.23804,0.087143,346.64,77.201,6.8305,13.839,32.36,4516.9,22.317,43.092,49.581,79.687,2.2244,1.6329,3116.4,42.23,54.591,94.409,9.3802,61.066,36.867,35.765,2655.9,63.512,26.511,46.473,0.30495,8.8035,26.969,120.4,1.1908,75.216,24.067,2.1922,53.871,4.6685,228.34,0.017416,0.83893,65.446,18.263,43.498
110,2026-04-12T05:27:00,50.001,22.704,26.838,33.585,40.759,2721.4,3669.8,18.632,18.037,23.577,0.22987,0.087143,345.79,77.023,6.7958,13.796,32.787,4528.6,22.736,46.537,50.15,79.481,2.2667,1.663,3114.4,42.365,54.992,94.37,9.5273,59.405,38.542,39.29,2651.1,63.401,24.443,46.174,0.33963,8.7052,27.001,120.39,1.2786,75.989,24.391,2.2384,53.871,4.7172,227.69,0.017416,0.83893,65.398,18.524,43.498
111,2026-04-12T05:30:00,50.329,22.817,27.391,33.585,41.548,2722.8,3643.7,18.908,18.037,24.009,0.22872,0.099467,346.35,77.29,6.7958,13.796,32.787,4581.3,22.613,47.296,49.279,79.556,2.2667,1.663,3112.9,42.551,54.36,94.599,9.2979,60.932,35.978,39.341,2652.6,63.85,24.543,46.605,0.33921,8.7052,27.001,120.41,1.2786,74.566,24.391,2.2384,54.026,4.7172,229.31,0.021579,0.81665,65.379,18.524,44.673
112,2026-04-12T05:33:00,50.362,18.35,27.048,33.435,40.358,2720.4,3662.3,18.834,17.625,23.706,0.18353,0.099467,345.76,77.37,6.8572,13.83,32.299,4491.1,22.643,47.373,49.881,79.572,2.2519,1.6244,3112.1,42.091,54.863,94.366,9.4454,63.301,37.751,38.636,2650.2,63.9,25.285,46.763,0.33541,9.0315,27.042,120.38,1.223,75.465,24.232,2.2836,54.026,4.7509,228.08,0.021579,0.81665,65.376,18.149,44.673
113,2026-04-12T05:36:00,48.881,18.054,26.907,33.435,41.921,2721.4,3681.9,17.86,17.625,23.864,0.18653,0.099467,345.77,77.428,6.8572,13.83,32.299,4533.0,23.047,43.945,48.114,79.763,2.2519,1.6244,3111.5,42.237,54.362,94.487,9.3708,61.342,32.548,38.898,2651.2,63.563,25.892,46.845,0.33326,9.0315,27.042,120.41,1.223,75.81,24.232,2.2836,54.026,4.7509,227.67,0.021579,0.81665,65.43,18.149,44.673
114,2026-04-12T05:39:00,51.822,22.459,27.068,33.424,41.053,2720.4,3653.3,19.873,17.655,23.75,0.22878,0.099467,345.25,77.375,6.843,13.901,33.022,4558.2,22.195,50.75,50.104,79.861,2.2539,1.6589,3112.4,42.353,55.054,94.455,9.2604,61.406,38.405,39.629,2650.4,63.569,26.251,46.819,0.33465,8.7294,26.888,120.39,1.1324,75.777,24.397,2.2799,54.026,4.7931,228.45,0.021579,0.81665,65.466,18.179,44.673
115,2026-04-12T05:42:00,50.591,22.33,26.553,33.424,40.754,2719.1,3639.8,16.259,17.655,23.119,0.2301,0.099467,344.93,77.018,6.843,13.901,33.022,4564.6,23.729,47.902,49.317,79.774,2.2539,1.6589,3111.6,42.288,54.978,94.483,9.3362,59.252,36.091,39.669,2648.0,63.801,25.387,46.887,0.33432,8.7294,26.888,120.39,1.1324,76.025,24.397,2.2799,54.026,4.7931,228.15,0.021579,0.81665,65.54,18.179,44.673
116,2026-04-12T05:45:00,51.379,15.037,26.547,33.401,41.434,2715.3,3685.3,17.416,17.73,22.935,0.15457,0.10827,344.29,76.845,6.7617,13.624,32.241,4596.0,23.25,49.726,49.728,79.636,2.2718,1.6763,3108.1,41.93,54.631,94.674,9.392,59.952,37.3,40.295,2644.1,63.172,24.756,46.29,0.34529,8.8643,26.744,120.4,1.3522,74.704,24.565,2.2871,53.868,4.7508,228.79,0.024708,0.82127,65.497,18.39,44.773
117,2026-04-12T05:48:00,50.215,14.998,26.983,33.401,40.016,2712.4,3701.4,18.114,17.73,22.908,0.15497,0.10827,344.01,77.022,6.7617,13.624,32.241,4563.0,22.958,47.032,48.521,79.563,2.2718,1.6763,3106.3,42.256,55.027,94.625,9.3749,62.261,33.746,40.492,2641.2,62.895,25.145,46.358,0.34367,8.8643,26.744,120.34,1.3522,75.948,24.565,2.2871,53.868,4.7508,225.71,0.024708,0.82127,65.437,18.39,44.773
118,2026-04-12T05:51:00,50.514,22.181,26.933,32.91,41.522,2714.6,3693.3,20.318,18.023,23.125,0.22371,0.10827,343.25,77.348,6.9846,13.784,32.513,4539.1,22.02,47.724,50.334,79.833,2.2778,1.6662,3110.0,42.46,54.878,94.568,9.2282,63.226,39.083,36.601,2644.6,63.824,25.877,46.163,0.314,8.8313,26.793,120.41,1.3554,74.974,23.919,2.2525,53.868,4.7518,225.57,0.024708,0.82127,65.408,18.377,44.773
119,2026-04-12T05:54:00,50.499,22.194,26.567,32.91,41.292,2716.5,3697.7,18.971,18.023,23.222,0.22357,0.10827,342.93,77.569,6.9846,13.784,32.513,4569.1,22.572,47.689,50.126,80.075,2.2778,1.6662,3109.2,42.408,54.52,94.426,9.3621,61.726,38.47,36.806,2646.2,63.747,25.493,45.974,0.31231,8.8313,26.793,120.38,1.3554,75.354,23.919,2.2525,53.868,4.7518,225.33,0.024708,0.82127,65.476,18.377,44.773
120,2026-04-12T05:57:00,51.579,19.211,26.576,33.036,41.172,2711.7,3650.7,17.048,17.847,22.221,0.19727,0.10827,342.22,76.95,7.0348,13.812,32.301,4576.0,23.399,50.188,50.893,79.925,2.287,1.6548,3108.8,42.408,54.533,94.531,9.2638,61.591,40.727,38.696,2640.9,62.609,22.919,45.881,0.33047,8.9127,26.674,120.4,1.2809,75.044,23.959,2.2325,53.868,4.8445,223.98,0.024708,0.82127,65.525,17.983,44.773
121,2026-04-12T06:00:00,49.444,19.125,26.858,33.036,41.025,2710.3,3668.0,21.195,17.847,22.22,0.19813,0.087637,341.7,77.089,7.0348,13.812,32.301,4599.9,21.654,45.248,49.265,79.854,2.287,1.6548,3106.5,41.969,54.246,94.827,9.452,59.842,35.936,38.489,2638.8,62.311,25.729,45.593,0.33217,8.9127,26.674,120.38,1.2809,75.604,23.959,2.2325,53.214,4.8445,225.83,0.02603,0.83784,65.493,17.983,43.928
122,2026-04-12T06:03:00,51.358,21.268,26.861,33.131,40.313,2710.4,3642.4,18.557,18.282,22.584,0.21297,0.087637,341.68,77.355,6.8185,13.961,32.25,4597.3,22.761,49.676,49.139,79.837,2.2711,1.6345,3106.0,42.231,55.345,94.645,9.2562,60.156,35.565,39.166,2639.4,62.191,26.7,45.726,0.33264,9.0084,26.539,120.38,1.1775,74.397,24.631,2.3282,53.214,4.7711,222.46,0.02603,0.83784,65.448,18.59,43.928
123,2026-04-12T06:06:00,50.989,21.306,26.651,33.131,39.832,2712.6,3593.7,18.543,18.282,22.444,0.21259,0.087637,341.4,77.158,6.8185,13.961,32.25,4582.4,22.773,48.822,48.806,79.983,2.2711,1.6345,3106.8,42.165,55.524,94.902,9.3929,58.979,34.586,39.231,2640.9,63.03,23.969,45.559,0.3321,9.0084,26.539,120.38,1.1775,75.616,24.631,2.3282,53.214,4.7711,222.43,0.02603,0.83784,65.432,18.59,43.928
124,2026-04-12T06:09:00,48.264,21.565,27.078,33.237,40.74,2709.3,3680.4,18.662,18.33,22.491,0.21784,0.087637,340.77,77.208,6.8974,13.963,31.896,4563.3,22.728,42.516,50.827,79.784,2.2606,1.6585,3106.6,42.428,54.346,94.614,9.2873,61.441,40.533,41.284,2637.8,63.393,25.113,45.473,0.34863,8.846,26.453,120.41,1.326,75.865,24.693,2.3076,53.214,4.8459,221.55,0.02603,0.83784,65.368,18.49,43.928
125,2026-04-12T06:12:00,52.383,21.448,27.175,33.237,40.962,2707.1,3691.7,17.829,18.33,21.896,0.21903,0.087637,340.35,77.012,6.8974,13.963,31.896,4544.7,23.091,52.048,50.314,79.763,2.2606,1.6585,3106.2,41.969,54.568,94.751,9.3302,59.801,39.024,41.537,2635.1,63.199,25.55,45.124,0.34656,8.846,26.453,120.41,1.326,75.008,24.693,2.3076,53.214,4.8459,223.61,0.02603,0.83784,65.339,18.49,43.928
126,2026-04-12T06:15:00,51.734,24.985,27.137,32.137,41.287,2707.3,3684.3,17.557,18.553,22.205,0.25392,0.085412,340.1,77.419,6.9617,13.892,32.097,4568.0,23.195,50.546,49.766,79.928,2.298,1.6857,3105.3,42.344,54.576,94.7,9.3693,60.251,37.411,41.334,2636.3,62.655,25.839,45.315,0.35044,9.0356,26.495,120.4,1.1984,76.389,24.113,2.2809,53.011,4.8573,224.25,0.01468,0.83599,65.328,18.902,43.979
127,2026-04-12T06:18:00,48.599,25.039,26.853,32.137,40.851,2709.2,3634.2,20.099,18.553,21.984,0.25337,0.085412,339.87,77.349,6.9617,13.892,32.097,4569.9,22.12,43.293,50.669,80.203,2.298,1.6857,3106.7,42.481,54.553,94.666,9.3021,59.93,40.07,41.647,2638.0,63.519,27.22,45.278,0.34788,9.0356,26.495,120.39,1.1984,74.07,24.113,2.2809,53.011,4.8573,224.79,0.01468,0.83599,65.372,18.902,43.979
128,2026-04-12T06:21:00,48.241,23.354,26.914,32.702,41.261,2705.9,3678.0,15.449,19.41,21.783,0.23566,0.085412,339.68,77.021,6.8986,13.794,32.245,4538.0,24.092,42.462,49.606,79.984,2.2332,1.6792,3104.6,42.51,53.937,94.774,9.1998,63.902,36.94,40.926,2633.4,62.157,26.501,45.405,0.33946,8.8314,26.261,120.42,1.0548,74.889,24.343,2.2878,53.011,4.798,223.47,0.01468,0.83599,65.393,18.853,43.979
129,2026-04-12T06:24:00,48.629,23.273,26.707,32.702,40.413,2704.5,3631.2,16.862,19.41,21.718,0.23648,0.085412,339.68,77.129,6.8986,13.794,32.245,4524.8,23.501,43.361,49.538,79.946,2.2332,1.6792,3103.2,41.863,54.095,94.859,9.3106,59.746,36.739,40.477,2632.4,62.961,26.102,45.648,0.34315,8.8314,26.261,120.39,1.0548,74.95,24.343,2.2878,53.011,4.798,220.89,0.01468,0.83599,65.408,18.853,43.979
130,2026-04-12T06:27:00,50.295,21.814,27.096,32.445,41.082,2705.5,3645.5,17.42,18.72,21.961,0.22307,0.085412,339.26,77.082,6.8127,13.99,31.711,4511.3,23.264,47.217,49.881,80.194,2.2201,1.6535,3103.7,42.463,54.36,94.788,9.4232,57.096,37.75,39.756,2633.3,63.224,25.442,45.459,0.32773,8.9639,26.149,120.4,1.2573,76.224,24.185,2.3298,53.011,4.7528,223.12,0.01468,0.83599,65.427,18.644,43.979
131,2026-04-12T06:30:00,50.254,21.95,26.88,32.445,40.613,2704.7,3670.0,20.011,18.72,21.67,0.22168,0.089216,339.04,77.405,6.8127,13.99,31.711,4539.6,22.157,47.121,49.262,80.294,2.2201,1.6535,3103.1,41.628,54.021,94.703,9.3657,60.802,35.928,39.881,2633.1,62.801,25.824,45.445,0.32671,8.9639,26.149,120.38,1.2573,74.907,24.185,2.3298,52.734,4.7528,222.86,0.027215,0.85265,65.471,18.644,43.502
132,2026-04-12T06:33:00,51.136,27.159,26.758,32.172,40.376,2702.5,3667.1,19.554,18.825,21.246,0.27628,0.089216,338.17,77.082,6.9075,13.897,31.651,4525.8,22.362,49.164,51.173,80.188,2.2563,1.6656,3104.4,42.568,54.702,94.624,9.2219,60.913,41.551,42.291,2630.9,63.63,25.125,45.558,0.35091,8.8249,26.255,120.4,1.3412,74.733,24.175,2.3332,52.734,4.7785,221.43,0.027215,0.85265,65.491,18.981,43.502
133,2026-04-12T06:36:00,50.497,27.257,26.852,32.172,41.518,2702.0,3681.8,15.835,18.825,21.224,0.27529,0.089216,337.74,77.228,6.9075,13.897,31.651,4543.3,23.927,47.683,49.177,80.179,2.2563,1.6656,3103.2,42.682,54.493,94.786,9.4163,57.705,35.678,42.155,2630.1,63.376,27.432,45.578,0.35202,8.8249,26.255,120.4,1.3412,76.207,24.175,2.3332,52.734,4.7785,221.08,0.027215,0.85265,65.487,18.981,43.502
134,2026-04-12T06:39:00,49.106,28.522,27.071,32.077,40.418,2701.1,3665.5,19.435,18.818,21.286,0.28465,0.089216,338.1,77.416,6.9795,13.871,31.971,4530.2,22.405,44.466,50.754,80.214,2.2551,1.6612,3102.3,42.226,53.818,94.504,9.2657,59.964,40.318,41.422,2629.3,62.846,25.83,45.332,0.33897,9.0025,26.494,120.41,1.3691,75.72,24.26,2.3463,52.734,4.7596,223.72,0.027215,0.85265,65.474,19.628,43.502
135,2026-04-12T06:42:00,50.333,28.281,26.602,32.077,41.372,2699.5,3663.2,18.523,18.818,21.171,0.2871,0.089216,338.09,76.939,6.9795,13.871,31.971,4531.6,22.808,47.305,50.786,80.085,2.2551,1.6612,3100.5,42.337,53.801,94.881,9.2985,61.504,40.414,40.843,2627.3,62.886,25.875,45.419,0.34372,9.0025,26.494,120.39,1.3691,75.586,24.26,2.3463,52.734,4.7596,222.61,0.027215,0.85265,65.484,19.628,43.502
136,2026-04-12T06:45:00,49.594,25.829,26.809,32.458,40.928,2699.8,3643.4,18.023,19.37,21.572,0.25796,0.091794,338.54,77.119,6.9211,13.759,31.759,4421.8,23.017,45.595,51.232,80.12,2.2406,1.669,3097.8,42.224,53.439,94.68,9.1731,59.436,41.726,40.582,2627.8,62.538,25.459,45.752,0.341,8.8874,26.597,120.4,1.2847,75.513,23.829,2.4185,53.122,4.7778,223.73,0.034156,0.85589,65.449,19.285,43.927
137,2026-04-12T06:48:00,51.549,25.566,27.034,32.458,40.645,2698.4,3654.3,16.498,19.37,21.773,0.26063,0.091794,338.56,77.14,6.9211,13.759,31.759,4431.4,23.659,50.12,49.619,80.187,2.2406,1.669,3097.0,42.297,53.324,94.833,9.2348,60.117,36.979,40.632,2626.8,62.349,24.381,45.558,0.34059,8.8874,26.597,120.36,1.2847,74.827,23.829,2.4185,53.122,4.7778,227.94,0.034156,0.85589,65.476,19.285,43.927
138,2026-04-12T06:51:00,49.686,27.96,27.195,32.379,40.757,2698.7,3666.6,16.833,18.499,21.477,0.28411,0.091794,338.09,77.186,6.8661,13.957,32.043,4477.3,23.517,45.807,49.697,80.204,2.2808,1.6242,3099.4,42.337,53.5,94.772,9.2805,62.925,37.209,39.56,2625.9,62.586,25.253,46.264,0.32473,8.7762,26.309,120.4,1.2528,74.791,24.37,2.314,53.122,4.8011,222.02,0.034156,0.85589,65.516,19.252,43.927
139,2026-04-12T06:54:00,50.819,27.957,26.844,32.379,40.17,2697.8,3642.1,18.069,18.499,21.29,0.28414,0.091794,338.69,76.948,6.8661,13.957,32.043,4491.0,23.013,48.428,49.222,80.025,2.2808,1.6242,3097.5,42.09,53.336,94.886,9.1317,64.146,35.811,38.984,2625.7,63.007,27.105,46.059,0.32945,8.7762,26.309,120.39,1.2528,75.539,24.37,2.314,53.122,4.8011,226.33,0.034156,0.85589,65.522,19.252,43.927
140,2026-04-12T06:57:00,49.477,25.528,26.862,32.453,40.944,2699.2,3690.3,18.233,18.848,21.475,0.25991,0.091794,338.79,77.618,6.668,13.813,32.054,4468.1,22.921,45.323,50.606,80.268,2.3049,1.6627,3098.6,42.291,53.609,94.676,9.4541,58.17,39.882,41.861,2628.0,62.65,24.759,46.126,0.34968,8.9665,26.448,120.4,1.2439,74.938,24.047,2.2962,53.122,4.8175,227.6,0.034156,0.85589,65.495,19.292,43.927
141,2026-04-12T07:00:00,51.337,25.454,26.664,32.453,41.039,2698.6,3646.3,18.552,18.848,21.234,0.26067,0.10798,338.35,77.388,6.668,13.813,32.054,4492.1,22.789,49.628,50.523,80.303,2.3049,1.6627,3099.1,42.449,53.321,94.84,9.3147,62.085,39.64,41.942,2626.3,63.407,24.346,46.471,0.34901,8.9665,26.448,120.42,1.2439,74.563,24.047,2.2962,54.455,4.8175,227.0,0.028612,0.86718,65.592,19.292,43.708
142,2026-04-12T07:03:00,47.852,25.593,26.945,32.533,41.522,2698.1,3731.8,20.088,18.794,21.361,0.25998,0.10798,338.36,77.3,6.7903,13.744,32.533,4465.6,22.142,41.563,48.697,80.346,2.2409,1.672,3099.8,42.237,53.457,94.407,9.2651,63.159,34.265,39.961,2627.3,63.782,26.667,46.531,0.33443,8.9044,26.297,120.43,1.4901,75.256,24.027,2.3728,54.455,4.8153,228.82,0.028612,0.86718,65.645,18.988,43.708
143,2026-04-12T07:06:00,51.747,25.456,26.833,32.533,41.383,2698.0,3691.9,21.354,18.794,21.174,0.26137,0.10798,338.03,77.649,6.7903,13.744,32.533,4465.0,21.592,50.577,49.937,80.481,2.2409,1.672,3098.2,42.364,53.464,94.677,9.344,60.91,37.914,39.645,2625.8,64.469,23.064,47.029,0.33702,8.9044,26.297,120.42,1.4901,74.681,24.027,2.3728,54.455,4.8153,225.73,0.028612,0.86718,65.697,18.988,43.708
144,2026-04-12T07:09:00,49.809,20.751,26.892,32.776,41.217,2694.6,3715.7,18.049,18.92,21.208,0.21439,0.10798,337.85,77.246,6.9171,13.888,32.134,4531.0,22.996,46.091,50.624,80.358,2.2503,1.6767,3096.5,42.51,53.359,94.366,9.3186,60.87,39.937,38.879,2622.6,63.13,26.085,47.148,0.32765,8.8565,26.709,120.42,1.1152,75.921,23.608,2.3756,54.455,4.9199,226.85,0.028612,0.86718,65.755,19.196,43.708
145,2026-04-12T07:12:00,49.861,20.929,26.87,32.776,40.447,2692.5,3688.7,20.698,18.92,21.076,0.21257,0.10798,337.39,77.169,6.9171,13.888,32.134,4519.6,21.879,46.211,49.469,80.4,2.2503,1.6767,3094.8,42.607,53.496,94.741,9.3036,61.687,36.536,39.117,2620.0,63.595,24.658,47.15,0.3257,8.8565,26.709,120.37,1.1152,75.231,23.608,2.3756,54.455,4.9199,229.25,0.028612,0.86718,65.78,19.196,43.708
146,2026-04-12T07:15:00,49.94,24.663,27.08,32.341,41.569,2690.3,3666.6,18.142,18.624,20.962,0.24877,0.12212,337.71,77.374,6.9688,13.743,31.943,4444.0,22.954,46.396,50.073,80.319,2.263,1.6469,3092.8,42.117,53.839,94.717,9.3109,59.313,38.316,41.448,2618.0,62.889,23.284,47.745,0.3379,8.8551,26.677,120.41,1.3736,74.469,24.082,2.3153,54.744,4.9799,228.79,0.021525,0.85068,65.8,19.138,44.587
147,2026-04-12T07:18:00,49.668,24.367,27.105,32.341,40.18,2690.0,3667.2,17.583,18.624,20.89,0.25178,0.12212,337.29,76.865,6.9688,13.743,31.943,4500.5,23.21,45.765,50.468,80.205,2.263,1.6469,3091.3,42.155,53.162,94.755,9.2381,62.874,39.478,41.071,2617.5,62.879,25.689,47.893,0.34099,8.8551,26.677,120.39,1.3736,75.005,24.082,2.3153,54.744,4.9799,231.21,0.021525,0.85068,65.804,19.138,44.587
148,2026-04-12T07:21:00,48.945,26.457,26.817,32.777,40.042,2691.1,3665.1,17.303,19.076,21.023,0.27047,0.12212,336.9,77.063,6.9813,13.931,32.311,4484.4,23.326,44.091,50.405,80.254,2.2787,1.6954,3092.8,42.265,53.429,94.884,9.2975,60.419,39.291,39.17,2618.7,62.404,25.34,48.243,0.32486,9.1505,26.182,120.39,1.417,75.389,23.789,2.3241,54.744,4.9251,231.37,0.021525,0.85068,65.831,18.655,44.587
149,2026-04-12T07:24:00,48.389,26.504,26.84,32.777,40.075,2692.3,3647.1,19.882,19.076,21.175,0.27,0.12212,337.16,77.177,6.9813,13.931,32.311,4458.7,22.238,42.806,50.876,80.337,2.2787,1.6954,3093.8,42.235,53.736,94.772,9.1746,63.528,40.677,38.973,2620.1,62.713,26.401,48.139,0.32648,9.1505,26.182,120.36,1.417,75.875,23.789,2.3241,54.744,4.9251,236.61,0.021525,0.85068,65.867,18.655,44.587
150,2026-04-12T07:27:00,50.82,23.132,26.834,32.432,40.46,2693.8,3629.2,18.345,19.11,20.884,0.23437,0.12212,337.6,77.374,6.989,13.727,31.848,4506.6,22.877,48.431,51.431,80.409,2.2515,1.6634,3094.9,42.567,54.329,94.718,9.3212,62.037,42.31,41.181,2620.8,62.824,24.154,48.594,0.34965,8.9053,26.304,120.39,1.2234,74.383,23.97,2.2953,54.744,4.9322,235.52,0.021525,0.85068,65.906,19.06,44.587
151,2026-04-12T07:30:00,50.027,23.064,26.667,32.432,40.881,2694.9,3653.6,20.013,19.11,20.795,0.23507,0.1104,337.25,77.342,6.989,13.727,31.848,4476.5,22.173,46.596,48.786,80.458,2.2515,1.6634,3096.8,42.132,54.69,94.722,9.3905,60.236,34.527,41.528,2621.9,62.405,26.857,48.634,0.34681,8.9053,26.304,120.4,1.2234,74.543,23.97,2.2953,54.094,4.9322,234.79,0.015462,0.84689,65.964,19.06,44.245
152,2026-04-12T07:33:00,51.249,27.861,26.74,32.448,40.235,2697.4,3649.4,16.013,18.744,21.024,0.27824,0.1104,337.79,77.525,6.766,13.788,32.063,4437.4,23.847,49.425,47.985,80.488,2.2731,1.6299,3098.9,42.244,54.15,94.77,9.3626,63.34,32.169,38.821,2625.5,62.313,25.088,48.68,0.32436,9.0065,26.282,120.39,1.1537,74.71,24.221,2.3471,54.094,4.9142,236.4,0.015462,0.84689,65.997,18.668,44.245
153,2026-04-12T07:36:00,51.427,27.659,27.261,32.448,41.109,2698.9,3622.7,18.347,18.744,21.281,0.28029,0.1104,337.78,77.689,6.766,13.788,32.063,4477.6,22.854,49.837,50.746,80.555,2.2731,1.6299,3100.7,42.556,53.669,94.65,9.2533,62.121,40.295,38.43,2626.1,62.772,24.336,48.986,0.32756,9.0065,26.282,120.41,1.1537,74.794,24.221,2.3471,54.094,4.9142,235.08,0.015462,0.84689,66.058,18.668,44.245
154,2026-04-12T07:39:00,49.242,25.811,27.27,32.319,41.992,2700.4,3675.9,19.947,18.692,20.995,0.26234,0.1104,337.57,77.659,6.6726,13.973,32.009,4495.0,22.175,44.78,50.317,80.595,2.2998,1.6881,3104.3,42.337,54.408,94.666,9.3953,61.454,39.033,39.723,2628.2,63.815,26.081,49.126,0.32956,8.9237,26.127,120.44,1.2437,75.159,24.128,2.2452,54.094,4.9507,235.57,0.015462,0.84689,66.091,19.379,44.245
155,2026-04-12T07:42:00,49.324,25.572,26.549,32.319,41.055,2700.6,3680.1,17.453,18.692,20.76,0.26477,0.1104,337.83,77.316,6.6726,13.973,32.009,4501.3,23.229,44.97,50.884,80.564,2.2998,1.6881,3102.6,42.138,54.333,94.504,9.296,62.678,40.701,39.618,2628.2,63.744,25.931,49.447,0.33042,8.9237,26.127,120.39,1.2437,74.852,24.128,2.2452,54.094,4.9507,234.04,0.015462,0.84689,66.137,19.379,44.245
156,2026-04-12T07:45:00,48.991,26.543,26.983,32.555,41.933,2697.1,3724.7,20.166,18.548,20.926,0.26844,0.098251,337.81,77.167,6.8258,14.084,31.601,4447.3,22.092,44.2,48.812,80.43,2.3195,1.6725,3100.6,42.568,53.193,94.469,9.4394,59.101,34.604,41.979,2624.9,63.949,23.137,49.348,0.35238,9.011,26.106,120.44,1.1593,74.008,23.973,2.3458,53.917,4.875,236.39,0.017281,0.86754,66.142,19.028,43.148
157,2026-04-12T07:48:00,49.436,26.691,26.6,32.555,40.624,2693.4,3718.6,18.213,18.548,21.025,0.26693,0.098251,337.94,76.732,6.8258,14.084,31.601,4407.1,22.941,45.23,49.049,80.099,2.3195,1.6725,3095.6,42.333,53.674,94.609,9.3381,61.979,35.303,42.48,2621.5,64.055,23.367,49.561,0.34827,9.011,26.106,120.38,1.1593,74.901,23.973,2.3458,53.917,4.875,235.76,0.017281,0.86754,66.08,19.028,43.148
158,2026-04-12T07:51:00,50.833,30.877,27.102,32.591,41.04,2691.2,3699.5,21.892,19.018,20.841,0.31128,0.098251,338.24,77.021,6.8523,13.832,32.622,4470.9,21.396,48.462,49.486,79.938,2.3033,1.6818,3093.6,42.372,53.698,94.53,9.3204,61.452,36.588,43.837,2619.4,63.163,25.339,49.561,0.36402,8.8252,26.17,120.4,1.4099,74.766,24.112,2.3825,53.917,4.9648,237.57,0.017281,0.86754,65.972,19.248,43.148
159,2026-04-12T07:54:00,50.191,30.778,26.93,32.591,41.299,2694.0,3653.3,19.092,19.018,21.636,0.31229,0.098251,338.56,77.484,6.8523,13.832,32.622,4464.7,22.567,46.977,50.12,80.139,2.3033,1.6818,3093.9,42.574,53.773,94.531,9.3142,61.749,38.454,43.89,2622.0,63.959,25.648,49.567,0.36358,8.8252,26.17,120.38,1.4099,74.331,24.112,2.3825,53.917,4.9648,239.35,0.017281,0.86754,65.945,19.248,43.148
160,2026-04-12T07:57:00,50.516,21.207,26.828,32.491,41.799,2694.5,3711.4,20.713,18.744,21.357,0.21357,0.098251,338.67,77.706,7.0312,13.877,31.692,4467.0,21.866,47.727,50.657,80.451,2.2795,1.6656,3095.9,42.424,53.145,94.531,9.3639,62.18,40.033,40.197,2622.6,62.767,26.033,49.63,0.34016,8.9678,26.312,120.4,1.2738,74.436,23.568,2.2842,53.917,4.8686,240.39,0.017281,0.86754,66.005,18.82,43.148
161,2026-04-12T08:00:00,49.016,21.302,27.215,32.491,41.677,2696.8,3681.4,19.558,18.744,21.632,0.21261,0.090094,338.41,77.699,7.0312,13.877,31.692,4414.8,22.344,44.257,48.578,80.683,2.2795,1.6656,3096.8,42.266,53.77,94.584,9.3461,60.732,33.916,40.448,2625.5,63.283,25.099,50.455,0.3381,8.9678,26.312,120.42,1.2738,75.521,23.568,2.2842,53.729,4.8686,239.16,0.023112,0.84666,66.156,18.82,43.944
162,2026-04-12T08:03:00,51.031,30.07,26.821,32.705,41.257,2697.8,3616.8,20.724,19.241,21.072,0.30398,0.090094,337.78,77.605,7.0203,13.912,31.767,4505.7,21.843,48.919,50.5,80.758,2.3209,1.6715,3100.0,42.797,53.688,94.577,9.3982,61.902,39.573,41.238,2626.7,62.769,23.736,50.734,0.34185,8.9831,26.226,120.38,1.1921,74.263,23.819,2.2239,53.729,4.8365,240.39,0.023112,0.84666,66.271,18.638,43.944
163,2026-04-12T08:06:00,51.65,29.829,27.1,32.705,41.013,2697.5,3635.8,17.664,19.241,21.055,0.30644,0.090094,338.03,77.459,7.0203,13.912,31.767,4472.2,23.138,50.354,48.455,80.431,2.3209,1.6715,3099.7,42.344,54.088,94.676,9.3291,62.154,33.554,40.851,2624.9,62.444,24.512,50.94,0.34503,8.9831,26.226,120.41,1.1921,74.725,23.819,2.2239,53.729,4.8365,242.47,0.023112,0.84666,66.342,18.638,43.944
164,2026-04-12T08:09:00,49.022,29.757,27.121,32.62,39.967,2699.1,3629.8,17.713,18.924,21.61,0.30224,0.090094,339.17,77.276,6.8826,13.802,32.13,4530.1,23.123,44.27,50.358,80.375,2.3328,1.6748,3099.0,42.367,53.851,94.657,9.4173,60.716,39.155,41.364,2628.6,62.507,26.365,51.095,0.34944,8.9838,26.243,120.38,1.2538,74.502,23.761,2.3848,53.729,4.8986,245.15,0.023112,0.84666,66.324,19.237,43.944
165,2026-04-12T08:12:00,50.451,29.858,26.956,32.62,41.498,2699.5,3609.2,19.163,18.924,21.619,0.30121,0.090094,339.3,77.155,6.8826,13.802,32.13,4510.5,22.524,47.578,48.127,80.174,2.3328,1.6748,3100.8,42.217,54.086,94.63,9.4695,62.099,32.587,41.574,2627.2,62.861,24.773,51.536,0.34771,8.9838,26.243,120.41,1.2538,75.376,23.761,2.3848,53.729,4.8986,244.61,0.023112,0.84666,66.316,19.237,43.944
166,2026-04-12T08:15:00,50.153,26.475,26.895,32.598,39.874,2699.6,3637.6,20.367,18.535,21.393,0.27049,0.091785,339.46,77.294,6.7206,13.776,32.328,4445.0,22.015,46.888,48.896,80.118,2.2961,1.671,3100.7,42.896,53.372,94.681,9.2656,62.704,34.852,40.104,2627.0,63.515,25.351,51.159,0.33608,9.039,25.983,120.36,1.1859,74.903,23.455,2.3433,54.138,4.8708,247.72,0.021335,0.8451,66.283,18.92,42.808
167,2026-04-12T08:18:00,51.389,26.577,27.047,32.598,42.195,2701.3,3685.9,17.054,18.535,22.053,0.26945,0.091785,340.22,77.554,6.7206,13.776,32.328,4445.9,23.406,49.748,51.004,80.185,2.2961,1.671,3100.6,42.259,53.361,94.612,9.4346,61.12,41.055,39.777,2630.4,62.684,25.916,51.365,0.33876,9.039,25.983,120.42,1.1859,74.628,23.455,2.3433,54.138,4.8708,247.44,0.021335,0.8451,66.237,18.92,42.808
168,2026-04-12T08:21:00,50.118,24.606,27.191,32.691,41.398,2702.3,3716.4,18.926,18.383,21.677,0.2503,0.091785,339.99,77.306,6.7639,13.918,32.124,4485.6,22.62,46.806,51.004,80.242,2.2954,1.6819,3102.8,42.356,53.612,94.453,9.3993,60.979,41.056,40.145,2630.4,63.656,24.454,51.53,0.32949,8.9245,26.6,120.4,1.3822,74.352,23.507,2.2752,54.138,4.9075,247.57,0.021335,0.8451,66.294,19.078,42.808
169,2026-04-12T08:24:00,49.903,24.33,26.785,32.691,41.885,2701.9,3727.8,17.367,18.383,21.763,0.25312,0.091785,340.11,77.381,6.7639,13.918,32.124,4488.7,23.271,46.309,51.06,80.252,2.2954,1.6819,3101.8,42.714,53.576,94.386,9.5226,61.273,41.219,39.689,2630.4,63.459,25.983,51.872,0.33323,8.9245,26.6,120.4,1.3822,75.102,23.507,2.2752,54.138,4.9075,245.7,0.021335,0.8451,66.331,19.078,42.808
170,2026-04-12T08:27:00,49.287,26.571,26.869,32.65,41.496,2702.7,3687.4,18.669,18.83,21.753,0.26904,0.091785,340.06,77.599,6.8731,13.856,32.05,4506.6,22.709,44.885,49.464,80.437,2.2851,1.6478,3102.2,41.985,52.936,94.456,9.3287,62.602,36.524,41.897,2631.2,63.906,25.82,52.061,0.34674,8.8923,25.823,120.41,1.386,74.647,23.647,2.2598,54.138,4.7763,245.54,0.021335,0.8451,66.378,18.786,42.808
171,2026-04-12T08:30:00,51.276,26.374,27.124,32.65,41.803,2702.7,3706.1,19.131,18.83,21.933,0.27104,0.10406,340.46,77.66,6.8731,13.856,32.05,4480.6,22.503,49.486,48.435,80.502,2.2851,1.6478,3102.2,42.586,53.248,94.349,9.3924,60.067,33.496,41.721,2631.2,63.585,24.602,52.218,0.34818,8.8923,25.823,120.43,1.386,74.29,23.647,2.2598,53.921,4.7763,245.41,0.0034996,0.84106,66.455,18.786,43.846
172,2026-04-12T08:33:00,49.993,27.296,26.922,33.116,41.588,2701.5,3667.9,20.081,18.938,21.694,0.27803,0.10406,340.28,77.171,7.0051,13.963,32.063,4492.3,22.118,46.518,50.606,80.35,2.2771,1.6687,3100.8,42.461,53.798,94.476,9.3204,60.88,39.884,40.902,2629.6,63.345,25.256,52.185,0.34208,8.7338,26.44,120.38,1.2481,75.098,23.599,2.3095,53.921,4.945,247.56,0.0034996,0.84106,66.496,19.059,43.846
173,2026-04-12T08:36:00,51.465,27.195,27.309,33.116,41.273,2700.1,3678.3,18.275,18.938,22.092,0.27906,0.10406,340.86,77.173,7.0051,13.963,32.063,4459.1,22.888,49.924,49.679,80.095,2.2771,1.6687,3098.0,42.249,54.196,94.604,9.359,59.537,37.155,40.776,2628.2,63.166,24.991,52.366,0.3431,8.7338,26.44,120.4,1.2481,75.051,23.599,2.3095,53.921,4.945,247.35,0.0034996,0.84106,66.457,19.059,43.846
174,2026-04-12T08:39:00,50.966,27.287,27.004,33.042,40.454,2699.2,3627.5,19.093,19.026,21.739,0.2783,0.10406,340.77,77.105,6.9613,13.96,32.227,4469.6,22.548,48.769,49.84,80.07,2.3335,1.6183,3097.7,42.788,53.375,94.604,9.3164,62.354,37.63,42.369,2627.6,62.827,24.436,52.338,0.35437,8.9856,25.812,120.37,1.3187,74.358,23.596,2.2932,53.921,4.9164,249.51,0.0034996,0.84106,66.434,18.829,43.846
175,2026-04-12T08:42:00,50.373,27.013,27.05,33.042,40.012,2702.6,3652.7,19.725,19.026,22.221,0.28109,0.10406,341.55,77.53,6.9613,13.96,32.227,4497.5,22.267,47.397,49.981,80.211,2.3335,1.6183,3097.8,42.136,53.041,94.662,9.3904,60.07,38.044,41.972,2630.6,62.394,24.567,52.392,0.35763,8.9856,25.812,120.37,1.3187,74.575,23.596,2.2932,53.921,4.9164,250.73,0.0034996,0.84106,66.404,18.829,43.846
176,2026-04-12T08:45:00,49.544,25.721,27.084,32.869,40.767,2701.6,3656.6,16.676,18.798,22.074,0.26336,0.099519,341.34,77.235,6.9065,14.057,32.362,4470.0,23.559,45.478,51.721,80.186,2.2542,1.6434,3100.6,42.642,53.906,94.688,9.3333,60.585,43.165,41.907,2630.5,62.616,24.959,52.501,0.35935,8.7839,25.938,120.41,1.2783,74.562,23.631,2.1953,53.503,4.9137,250.31,0.033766,0.83018,66.466,18.939,43.737
177,2026-04-12T08:48:00,49.922,25.795,27.178,32.869,40.941,2703.3,3644.9,16.759,18.798,22.3,0.26261,0.099519,341.72,77.426,6.9065,14.057,32.362,4491.4,23.519,46.354,48.99,80.128,2.2542,1.6434,3100.2,42.33,53.65,94.665,9.3551,59.743,35.127,42.6,2631.1,62.817,25.106,52.536,0.35367,8.7839,25.938,120.38,1.2783,74.288,23.631,2.1953,53.503,4.9137,251.28,0.033766,0.83018,66.439,18.939,43.737
178,2026-04-12T08:51:00,50.706,24.348,26.935,33.004,41.076,2703.8,3667.3,19.174,18.735,22.335,0.24895,0.099519,342.05,77.336,6.9095,13.88,32.144,4454.1,22.502,48.169,50.346,80.197,2.2691,1.6669,3100.2,42.555,53.809,94.671,9.4118,61.436,39.118,43.438,2632.2,62.862,25.126,52.677,0.37029,8.8422,26.233,120.41,1.0115,73.893,23.995,2.264,53.503,4.829,251.07,0.033766,0.83018,66.47,18.675,43.737
179,2026-04-12T08:54:00,49.517,24.174,26.882,33.004,40.616,2703.2,3646.3,16.49,18.735,22.201,0.25073,0.099519,342.06,77.378,6.9095,13.88,32.144,4482.8,23.632,45.417,50.763,80.087,2.2691,1.6669,3099.3,42.268,53.466,94.585,9.4831,59.763,40.347,44.151,2631.4,63.225,22.815,52.855,0.36445,8.8422,26.233,120.4,1.0115,74.222,23.995,2.264,53.503,4.829,250.44,0.033766,0.83018,66.478,18.675,43.737
180,2026-04-12T08:57:00,49.585,26.582,27.066,33.0,41.115,2705.7,3665.6,21.002,18.861,22.511,0.26708,0.099519,342.47,77.742,6.9113,13.87,32.503,4470.2,21.718,45.573,50.515,80.242,2.2703,1.7098,3101.4,42.054,54.26,94.5,9.3616,61.987,39.614,41.725,2635.5,62.841,24.849,53.092,0.34727,8.7248,26.304,120.37,1.3456,75.138,24.06,2.2998,53.503,4.8735,249.15,0.033766,0.83018,66.483,18.711,43.737
181,2026-04-12T09:00:00,50.111,26.34,27.01,33.0,41.015,2706.8,3675.1,17.433,18.861,22.349,0.26953,0.086769,342.27,77.329,6.9113,13.87,32.503,4466.0,23.23,46.791,49.869,80.188,2.2703,1.7098,3103.5,42.273,54.31,94.593,9.4085,59.66,37.715,41.612,2635.0,62.678,24.008,52.871,0.3482,8.7248,26.304,120.41,1.3456,74.531,24.06,2.2998,52.928,4.8735,249.84,0.020379,0.82068,66.524,18.711,43.475
182,2026-04-12T09:03:00,49.761,22.902,26.556,33.242,40.613,2706.7,3663.5,21.382,18.472,22.106,0.2322,0.086769,342.32,77.348,6.7841,13.908,32.587,4472.2,21.563,45.981,51.102,80.163,2.2846,1.6809,3103.3,42.549,54.162,94.512,9.4326,61.312,41.344,41.339,2634.9,62.836,26.227,52.799,0.34881,8.7615,26.143,120.38,1.3392,75.473,24.297,2.3019,52.928,4.8297,250.62,0.020379,0.82068,66.533,18.736,43.475
183,2026-04-12T09:06:00,48.667,23.093,27.23,33.242,41.562,2707.2,3639.5,15.549,18.472,22.513,0.23026,0.086769,342.65,77.705,6.7841,13.908,32.587,4475.3,24.01,43.448,49.668,80.092,2.2846,1.6809,3104.0,42.551,54.124,94.617,9.426,61.7,37.123,41.282,2636.4,63.248,23.252,52.844,0.34928,8.7615,26.143,120.39,1.3392,75.211,24.297,2.3019,52.928,4.8297,250.12,0.020379,0.82068,66.501,18.736,43.475
184,2026-04-12T09:09:00,49.773,21.906,26.865,33.253,41.934,2707.7,3697.4,16.911,18.315,22.367,0.21874,0.086769,342.57,77.457,6.8884,13.71,32.846,4460.2,23.44,46.008,50.361,80.22,2.3064,1.6533,3105.7,42.616,54.251,94.424,9.5826,60.362,39.162,41.479,2636.7,63.4,24.169,52.694,0.3568,8.9227,26.218,120.4,1.2179,73.984,23.77,2.3846,52.928,4.8493,251.8,0.020379,0.82068,66.515,18.81,43.475
185,2026-04-12T09:12:00,49.231,21.644,26.954,33.253,41.762,2707.0,3686.4,18.472,18.315,22.429,0.2214,0.086769,342.52,77.369,6.8884,13.71,32.846,4521.8,22.785,44.754,49.817,80.046,2.3064,1.6533,3103.8,42.292,53.514,94.495,9.4477,60.202,37.563,41.738,2635.3,63.59,25.233,52.718,0.35468,8.9227,26.218,120.42,1.2179,74.265,23.77,2.3846,52.928,4.8493,251.52,0.020379,0.82068,66.505,18.81,43.475
186,2026-04-12T09:15:00,48.864,18.788,26.912,32.854,40.88,2707.8,3661.1,16.951,18.33,22.819,0.1893,0.082892,342.83,77.204,6.8713,13.857,32.131,4526.6,23.426,43.904,50.291,80.128,2.267,1.6434,3102.2,42.287,53.275,94.538,9.33,62.978,38.957,38.863,2637.7,63.154,23.545,52.737,0.33455,8.8407,26.271,120.39,1.1302,75.452,23.608,2.2721,53.294,4.8183,248.36,0.043407,0.8167,66.487,19.124,44.532
187,2026-04-12T09:18:00,51.402,18.546,26.815,32.854,40.951,2704.7,3652.9,15.713,18.33,22.12,0.19176,0.082892,342.5,77.167,6.8713,13.857,32.131,4455.4,23.955,49.778,49.624,79.951,2.267,1.6434,3102.8,42.516,54.128,94.618,9.4626,63.658,36.992,39.846,2633.8,63.293,25.694,52.486,0.3265,8.8407,26.271,120.4,1.1302,75.488,23.608,2.2721,53.294,4.8183,249.92,0.043407,0.8167,66.448,19.124,44.532
188,2026-04-12T09:21:00,49.332,25.487,26.793,33.373,41.403,2707.7,3677.8,17.106,18.596,22.541,0.25319,0.082892,342.59,77.278,6.9538,13.754,32.185,4450.2,23.363,44.987,51.737,80.049,2.2527,1.6758,3102.9,42.318,53.389,94.47,9.4103,61.13,43.21,41.204,2636.7,63.017,25.378,52.364,0.34727,8.8204,26.46,120.42,1.1617,74.84,23.816,2.2661,53.294,4.8708,250.07,0.043407,0.8167,66.412,18.455,44.532
189,2026-04-12T09:24:00,50.867,25.304,26.683,33.373,41.289,2707.2,3640.6,16.677,18.596,22.365,0.25505,0.082892,342.77,77.362,6.9538,13.754,32.185,4440.9,23.547,48.541,50.745,79.865,2.2527,1.6758,3104.2,43.002,53.5,94.576,9.3723,62.187,40.293,41.015,2635.8,63.658,26.814,52.561,0.34882,8.8204,26.46,120.39,1.1617,75.452,23.816,2.2661,53.294,4.8708,246.64,0.043407,0.8167,66.357,18.455,44.532
190,2026-04-12T09:27:00,48.825,24.785,26.76,32.792,41.672,2710.5,3660.6,17.285,18.226,22.459,0.25064,0.082892,343.07,77.57,7.0365,13.649,32.713,4479.3,23.282,43.814,50.026,80.062,2.2613,1.653,3106.7,42.366,54.677,94.569,9.3402,62.462,38.177,39.673,2639.3,62.561,23.574,52.134,0.33687,8.9029,26.746,120.4,1.0764,74.88,24.125,2.2731,53.294,4.8299,250.2,0.043407,0.8167,66.362,18.707,44.532
191,2026-04-12T09:30:00,49.641,24.888,26.951,32.792,41.485,2714.5,3629.5,19.609,18.226,23.0,0.2496,0.076966,343.35,77.544,7.0365,13.649,32.713,4511.2,22.295,45.704,49.948,80.269,2.2613,1.653,3109.5,42.301,54.296,94.497,9.4308,62.458,37.947,39.467,2643.9,63.095,25.869,52.121,0.33856,8.9029,26.746,120.43,1.0764,74.529,24.125,2.2731,53.255,4.8299,247.62,0.013291,0.79669,66.404,18.707,43.399
192,2026-04-12T09:33:00,48.304,19.385,27.123,33.176,40.58,2713.5,3630.6,20.836,18.477,22.916,0.19794,0.076966,343.21,77.286,6.8473,13.857,32.28,4494.8,21.785,42.61,50.589,80.04,2.286,1.6296,3108.9,42.32,53.908,94.616,9.4967,61.218,39.834,38.346,2642.7,62.246,23.123,51.97,0.32342,9.0472,26.368,120.41,1.1626,74.532,23.364,2.2319,53.255,4.7997,247.43,0.013291,0.79669,66.425,18.635,43.399
193,2026-04-12T09:36:00,48.829,19.423,26.869,33.176,41.156,2712.6,3629.6,19.527,18.477,22.699,0.19756,0.076966,343.69,77.334,6.8473,13.857,32.28,4509.3,22.342,43.823,51.182,79.837,2.286,1.6296,3107.8,42.112,53.735,94.672,9.4479,61.268,41.577,38.292,2641.2,62.263,24.922,51.713,0.32386,9.0472,26.368,120.39,1.1626,75.493,23.364,2.2319,53.255,4.7997,248.46,0.013291,0.79669,66.334,18.635,43.399
194,2026-04-12T09:39:00,49.175,23.198,26.789,32.895,40.584,2714.6,3646.6,20.622,18.409,22.758,0.23641,0.076966,343.58,77.376,7.0362,13.661,32.08,4512.5,21.882,44.625,49.383,79.833,2.3,1.6229,3109.7,42.495,53.89,94.652,9.4909,63.154,36.283,40.556,2643.6,63.573,25.194,51.619,0.34996,9.0237,26.671,120.41,1.169,75.102,23.717,2.3136,53.255,4.907,247.72,0.013291,0.79669,66.258,18.376,43.399
195,2026-04-12T09:42:00,49.817,23.122,27.197,32.895,41.213,2715.1,3696.3,17.053,18.409,23.011,0.23719,0.076966,343.75,77.526,7.0362,13.661,32.08,4471.1,23.382,46.11,49.474,79.83,2.3,1.6229,3110.4,42.586,54.386,94.506,9.419,61.294,36.551,41.109,2644.5,62.717,25.972,51.501,0.34542,9.0237,26.671,120.4,1.169,75.017,23.717,2.3136,53.255,4.907,247.26,0.013291,0.79669,66.208,18.376,43.399
196,2026-04-12T09:45:00,51.951,25.036,26.814,33.471,41.33,2717.9,3658.9,18.689,18.221,23.14,0.25675,0.10357,344.17,77.118,6.7531,13.756,32.367,4565.8,22.702,51.05,50.114,79.932,2.2589,1.6385,3113.0,42.005,53.935,94.606,9.3595,60.746,38.436,38.372,2648.0,61.647,27.506,51.077,0.32423,8.908,26.662,120.4,1.1341,74.573,24.266,2.2934,54.43,4.9024,243.88,0.021255,0.81818,66.2,18.25,44.159
197,2026-04-12T09:48:00,50.8,25.322,26.767,33.471,40.696,2718.9,3614.5,16.503,18.221,22.823,0.25385,0.10357,343.98,77.357,6.7531,13.756,32.367,4558.0,23.62,48.386,48.362,79.769,2.2589,1.6385,3114.3,42.344,54.027,94.555,9.4123,60.908,33.279,38.696,2647.7,62.412,26.063,50.617,0.32157,8.908,26.662,120.39,1.1341,74.557,24.266,2.2934,54.43,4.9024,244.53,0.021255,0.81818,66.152,18.25,44.159
198,2026-04-12T09:51:00,49.929,22.434,26.768,33.142,42.204,2723.3,3677.4,18.312,18.273,23.428,0.22696,0.10357,344.16,77.705,6.8496,13.595,32.772,4543.2,22.836,46.369,50.2,80.055,2.2687,1.6721,3117.2,42.409,54.591,94.461,9.5855,60.815,38.688,39.944,2654.1,63.8,25.51,50.492,0.33071,8.789,26.451,120.44,1.1515,74.667,24.052,2.2298,54.43,4.7614,241.43,0.021255,0.81818,66.103,18.512,44.159
199,2026-04-12T09:54:00,49.566,22.224,26.689,33.142,40.817,2722.9,3681.8,19.773,18.273,22.821,0.2291,0.10357,344.06,77.411,6.8496,13.595,32.772,4592.0,22.221,45.529,47.614,80.104,2.2687,1.6721,3118.7,42.504,54.006,94.377,9.568,60.869,31.079,39.096,2653.4,63.725,23.86,50.174,0.33766,8.789,26.451,120.4,1.1515,74.287,24.052,2.2298,54.43,4.7614,240.47,0.021255,0.81818,66.149,18.512,44.159
200,2026-04-12T09:57:00,50.813,17.985,26.942,33.421,41.937,2718.8,3628.6,19.112,18.112,23.075,0.18577,0.10357,344.39,77.004,6.8423,13.757,32.319,4523.8,22.519,48.415,48.171,79.686,2.2279,1.7049,3114.2,42.322,54.248,94.372,9.3104,60.086,32.716,37.161,2648.4,63.871,24.621,49.948,0.31652,8.8476,26.63,120.42,0.97159,75.079,24.454,2.2706,54.43,4.864,238.51,0.021255,0.81818,66.085,18.695,44.159
201,2026-04-12T10:00:00,48.647,18.111,27.031,33.421,40.687,2715.6,3670.4,16.117,18.112,23.142,0.18449,0.087983,343.85,76.86,6.8423,13.757,32.319,4525.3,23.796,43.403,48.908,79.498,2.2279,1.7049,3110.7,42.096,54.229,94.58,9.2634,63.525,34.887,37.318,2645.6,63.15,23.91,49.906,0.31523,8.8476,26.63,120.36,0.97159,75.736,24.454,2.2706,53.45,4.864,240.16,0.0039312,0.80547,65.993,18.695,43.797
202,2026-04-12T10:03:00,49.693,22.007,26.923,33.245,41.995,2714.9,3663.1,17.081,18.388,23.126,0.22523,0.087983,343.9,76.869,6.907,13.839,32.455,4497.7,23.403,45.822,49.586,79.369,2.2742,1.639,3110.2,42.395,54.139,94.561,9.5072,61.642,36.882,39.33,2644.1,63.374,25.141,49.622,0.33234,8.7611,26.979,120.42,1.4354,75.414,24.431,2.2866,53.45,4.8298,241.45,0.0039312,0.80547,65.863,18.671,43.797
203,2026-04-12T10:06:00,51.326,21.966,26.911,33.245,39.967,2716.9,3686.1,17.649,18.388,23.044,0.22564,0.087983,343.82,77.275,6.907,13.839,32.455,4524.2,23.156,49.602,50.108,79.544,2.2742,1.639,3111.1,42.765,53.822,94.585,9.4174,63.338,38.418,38.991,2646.0,62.978,25.306,49.673,0.33512,8.7611,26.979,120.36,1.4354,75.311,24.431,2.2866,53.45,4.8298,238.98,0.0039312,0.80547,65.751,18.671,43.797
204,2026-04-12T10:09:00,49.508,20.615,26.538,32.905,42.231,2718.6,3654.6,19.797,17.816,22.99,0.20888,0.087983,343.41,77.676,6.9143,13.784,32.304,4515.7,22.234,45.395,49.967,79.814,2.2424,1.6708,3112.8,42.089,53.997,94.577,9.3716,61.174,38.003,40.404,2648.1,62.961,24.59,49.422,0.3412,8.8526,26.685,120.43,1.2101,74.95,24.259,2.255,53.45,4.8425,239.86,0.0039312,0.80547,65.782,18.448,43.797
205,2026-04-12T10:12:00,49.401,20.518,26.941,32.905,40.689,2717.7,3688.3,17.56,17.816,23.034,0.20986,0.087983,343.62,76.924,6.9143,13.784,32.304,4467.0,23.194,45.148,51.811,79.893,2.2424,1.6708,3112.5,42.401,54.581,94.516,9.377,60.717,43.431,40.263,2647.6,62.381,23.851,49.429,0.34236,8.8526,26.685,120.38,1.2101,75.214,24.259,2.255,53.45,4.8425,237.81,0.0039312,0.80547,65.858,18.448,43.797
206,2026-04-12T10:15:00,49.013,21.877,26.63,33.044,41.027,2717.6,3660.9,17.277,18.168,22.9,0.22127,0.081621,343.44,77.165,6.8301,13.903,32.078,4516.1,23.31,44.25,48.766,79.698,2.2411,1.5957,3111.9,42.389,54.576,94.681,9.4584,61.838,34.468,39.907,2647.3,62.76,25.583,48.92,0.33307,8.7998,26.853,120.4,1.293,74.467,24.587,2.2735,53.921,4.702,237.44,0.016383,0.79544,65.838,18.11,43.73
207,2026-04-12T10:18:00,49.847,21.72,26.8,33.044,41.063,2717.8,3675.2,19.356,18.168,22.836,0.22287,0.081621,343.23,77.493,6.8301,13.903,32.078,4536.7,22.427,46.179,50.619,79.793,2.2411,1.5957,3113.3,42.269,54.329,94.631,9.3111,62.32,39.921,39.595,2646.8,62.514,25.956,48.602,0.33563,8.7998,26.853,120.38,1.293,75.085,24.587,2.2735,53.921,4.702,237.3,0.016383,0.79544,65.8,18.11,43.73
208,2026-04-12T10:21:00,49.495,23.974,26.837,33.3,41.889,2719.3,3667.0,19.185,18.607,22.863,0.24356,0.081621,343.13,77.832,6.78,14.018,32.204,4590.4,22.485,45.365,47.544,79.872,2.2866,1.6839,3114.7,42.515,54.601,94.444,9.2928,61.973,30.871,41.015,2648.1,63.403,25.509,48.465,0.35031,8.9676,27.024,120.4,1.2143,74.991,24.622,2.2022,53.921,4.7666,235.09,0.016383,0.79544,65.786,18.519,43.73
209,2026-04-12T10:24:00,50.329,24.028,27.006,33.3,40.695,2718.6,3653.3,17.761,18.607,22.696,0.24302,0.081621,343.03,77.243,6.78,14.018,32.204,4574.9,23.099,47.295,50.274,79.88,2.2866,1.6839,3116.1,42.664,54.787,94.506,9.3679,61.995,38.907,41.25,2647.8,63.639,25.629,48.11,0.34839,8.9676,27.024,120.37,1.2143,75.59,24.622,2.2022,53.921,4.7666,235.33,0.016383,0.79544,65.793,18.519,43.73
210,2026-04-12T10:27:00,49.929,22.788,26.99,32.897,41.845,2719.0,3662.7,17.057,17.802,22.85,0.23232,0.081621,342.91,77.252,6.622,13.573,32.314,4557.8,23.394,46.37,49.784,79.881,2.2455,1.6422,3114.1,42.381,54.065,94.518,9.2914,61.651,37.466,42.543,2647.7,63.99,23.992,47.925,0.36485,9.0053,27.017,120.43,1.1869,74.823,24.405,2.2607,53.921,4.8677,233.7,0.016383,0.79544,65.77,17.966,43.73
211,2026-04-12T10:30:00,51.855,22.736,26.979,32.897,41.204,2716.4,3711.3,17.307,17.802,22.914,0.23285,0.10477,342.92,77.019,6.622,13.573,32.314,4504.3,23.298,50.826,49.891,79.816,2.2455,1.6422,3111.9,42.251,54.706,94.513,9.4238,61.706,37.779,42.936,2645.9,63.154,24.269,47.333,0.36163,9.0053,27.017,120.41,1.1869,75.332,24.405,2.2607,53.6,4.8677,233.08,0.0056545,0.83002,65.737,17.966,43.612
212,2026-04-12T10:33:00,49.116,21.621,27.153,33.026,41.815,2715.8,3688.8,17.424,18.027,22.524,0.22139,0.10477,342.62,77.073,6.7306,13.633,32.593,4604.3,23.251,44.488,51.282,79.767,2.2225,1.6584,3113.1,42.628,54.954,94.419,9.3487,62.212,41.872,36.903,2645.1,65.096,26.211,47.008,0.31308,8.9187,27.092,120.42,1.1282,75.403,24.402,2.2342,53.6,4.8693,231.51,0.0056545,0.83002,65.67,18.627,43.612
213,2026-04-12T10:36:00,49.42,21.901,26.692,33.026,41.806,2715.1,3725.6,17.131,18.027,22.334,0.21854,0.10477,341.74,77.092,6.7306,13.633,32.593,4582.8,23.378,45.191,48.724,79.786,2.2225,1.6584,3112.1,42.058,55.211,94.359,9.2631,63.559,34.344,36.551,2644.1,64.464,25.417,46.721,0.31597,8.9187,27.092,120.41,1.1282,75.09,24.402,2.2342,53.6,4.8693,229.54,0.0056545,0.83002,65.593,18.627,43.612
214,2026-04-12T10:39:00,49.486,19.031,26.806,33.294,41.632,2711.0,3733.5,15.573,18.102,22.398,0.18825,0.10477,341.93,76.88,6.9202,13.703,32.486,4584.9,24.044,45.345,49.308,79.741,2.2534,1.6527,3108.9,42.635,53.646,94.437,9.2791,59.899,36.063,37.343,2640.0,63.569,23.878,46.345,0.31989,8.7405,26.66,120.39,1.2269,75.683,25.399,2.252,53.6,4.8211,228.61,0.0056545,0.83002,65.548,18.609,43.612
215,2026-04-12T10:42:00,51.581,18.756,26.897,33.294,41.33,2709.6,3706.4,15.826,18.102,22.201,0.19105,0.10477,341.02,76.951,6.9202,13.703,32.486,4528.4,23.937,50.192,50.079,79.857,2.2534,1.6527,3107.7,42.387,54.322,94.509,9.3506,59.494,38.333,37.635,2638.7,64.036,23.911,45.949,0.3175,8.7405,26.66,120.39,1.2269,75.453,25.399,2.252,53.6,4.8211,227.92,0.0056545,0.83002,65.51,18.609,43.612
216,2026-04-12T10:45:00,49.717,19.287,26.467,32.758,40.945,2708.5,3625.0,16.017,18.024,21.914,0.19909,0.089821,340.56,77.076,7.079,13.877,31.811,4501.3,23.854,45.879,48.3,79.892,2.246,1.6606,3105.4,42.061,54.717,94.517,9.171,60.165,33.097,38.564,2637.2,63.827,27.109,46.353,0.32346,8.813,26.868,120.39,1.2888,75.217,24.486,2.2988,54.05,4.7885,227.71,0.010712,0.81457,65.469,19.08,44.817
217,2026-04-12T10:48:00,50.56,19.447,26.621,32.758,40.376,2707.5,3672.0,17.536,18.024,21.924,0.19747,0.089821,340.11,77.109,7.079,13.877,31.811,4472.2,23.213,47.831,48.417,79.985,2.246,1.6606,3105.1,42.171,55.065,94.649,9.4089,61.327,33.441,38.291,2636.1,63.019,24.746,46.172,0.3257,8.813,26.868,120.37,1.2888,76.542,24.486,2.2988,54.05,4.7885,228.68,0.010712,0.81457,65.5,19.08,44.817
218,2026-04-12T10:51:00,49.258,25.815,26.746,33.152,40.373,2705.9,3619.1,17.004,18.626,22.021,0.26402,0.089821,340.02,76.946,7.0318,13.681,32.088,4468.3,23.449,44.817,49.449,79.844,2.2247,1.5899,3104.0,43.063,53.946,94.751,9.2578,61.036,36.478,40.97,2635.0,62.424,25.419,46.412,0.34151,8.6907,26.512,120.37,1.379,74.877,23.883,2.2051,54.05,4.7565,224.98,0.010712,0.81457,65.481,18.316,44.817
219,2026-04-12T10:54:00,51.479,25.763,26.643,33.152,41.054,2707.5,3604.7,15.416,18.626,22.138,0.26455,0.089821,340.34,77.029,7.0318,13.681,32.088,4469.6,24.119,49.957,49.425,79.924,2.2247,1.5899,3103.6,42.12,53.931,94.871,9.4048,60.675,36.407,40.499,2636.1,62.672,25.586,46.289,0.34537,8.6907,26.512,120.4,1.379,75.69,23.883,2.2051,54.05,4.7565,225.34,0.010712,0.81457,65.469,18.316,44.817
220,2026-04-12T10:57:00,49.33,23.352,26.661,32.026,39.492,2707.8,3631.5,15.441,18.518,21.894,0.24042,0.089821,339.97,77.14,6.9083,13.915,31.774,4535.6,24.106,44.983,51.527,79.974,2.2732,1.6953,3106.6,42.377,55.028,94.83,9.2666,59.621,42.595,38.314,2636.8,62.461,23.455,45.998,0.31975,8.978,26.826,120.35,1.2983,75.178,24.45,2.1951,54.05,4.8063,227.58,0.010712,0.81457,65.477,18.506,44.817
221,2026-04-12T11:00:00,50.554,23.381,26.822,32.026,40.95,2708.9,3642.5,15.89,18.518,21.979,0.24012,0.11081,339.61,77.026,6.9083,13.915,31.774,4551.0,23.923,47.815,49.923,79.922,2.2732,1.6953,3107.1,42.199,54.844,94.843,9.1465,62.228,37.873,37.861,2637.4,62.273,24.771,45.861,0.32346,8.978,26.826,120.43,1.2983,74.885,24.45,2.1951,53.666,4.8063,223.4,0.0079628,0.81994,65.467,18.506,44.058
222,2026-04-12T11:03:00,49.622,26.823,27.108,32.512,40.278,2710.3,3648.3,19.128,18.853,22.062,0.27122,0.11081,339.28,77.345,7.1024,13.97,32.011,4574.2,22.548,45.66,51.534,80.08,2.2409,1.6567,3110.0,42.209,54.161,94.716,9.202,62.136,42.614,41.198,2638.7,63.173,26.023,45.517,0.34713,8.924,26.243,120.39,1.1646,74.583,24.398,2.2909,53.666,4.9388,224.22,0.0079628,0.81994,65.428,18.347,44.058
223,2026-04-12T11:06:00,51.767,26.894,26.768,32.512,40.902,2709.4,3631.9,20.114,18.853,21.707,0.2705,0.11081,339.26,77.272,7.1024,13.97,32.011,4502.7,22.137,50.623,50.701,79.99,2.2409,1.6567,3109.2,42.13,55.016,94.549,9.1889,61.153,40.163,41.514,2637.2,63.454,26.061,45.275,0.34453,8.924,26.243,120.4,1.1646,75.183,24.398,2.2909,53.666,4.9388,223.88,0.0079628,0.81994,65.439,18.347,44.058
224,2026-04-12T11:09:00,50.167,24.764,26.915,32.462,40.34,2709.1,3632.5,16.903,19.288,21.502,0.2525,0.11081,339.06,77.357,6.668,13.889,31.88,4542.9,23.483,46.92,49.461,80.087,2.1996,1.6665,3109.7,42.215,54.983,94.945,9.261,61.154,36.513,42.017,2637.4,61.626,25.296,45.135,0.35395,8.7772,26.473,120.4,1.2479,74.919,24.241,2.3092,53.666,4.8048,222.4,0.0079628,0.81994,65.422,19.076,44.058
225,2026-04-12T11:12:00,49.278,24.631,26.934,32.462,40.614,2709.1,3619.3,19.072,19.288,21.768,0.25385,0.11081,339.31,77.428,6.668,13.889,31.88,4552.1,22.565,44.864,51.476,80.119,2.1996,1.6665,3108.6,42.472,54.874,94.871,9.3624,59.491,42.443,42.16,2637.4,61.852,24.392,45.005,0.35278,8.7772,26.473,120.4,1.2479,74.329,24.241,2.3092,53.666,4.8048,220.82,0.0079628,0.81994,65.411,19.076,44.058
226,2026-04-12T11:15:00,49.603,26.099,26.933,32.701,41.077,2707.5,3729.5,16.335,18.496,21.45,0.26929,0.094127,338.83,76.967,6.9856,13.802,31.795,4461.6,23.74,45.616,53.272,79.893,2.2447,1.6573,3108.7,42.109,54.18,94.682,9.3076,61.082,47.729,40.758,2634.6,63.763,25.246,44.802,0.34771,8.8181,26.112,120.42,1.1507,75.727,24.543,2.3628,54.398,4.7734,221.25,0.015261,0.86703,65.363,18.349,43.777
227,2026-04-12T11:18:00,51.91,26.299,26.855,32.701,41.061,2707.0,3728.9,20.638,18.496,21.647,0.26725,0.094127,338.89,77.101,6.9856,13.802,31.795,4464.8,21.923,50.954,50.06,79.996,2.2447,1.6573,3107.3,42.156,54.142,94.493,9.3649,60.86,38.276,41.219,2635.7,63.774,26.259,44.707,0.34394,8.8181,26.112,120.42,1.1507,74.147,24.543,2.3628,54.398,4.7734,219.86,0.015261,0.86703,65.319,18.349,43.777
228,2026-04-12T11:21:00,50.144,27.505,26.681,32.773,41.512,2706.2,3621.8,17.677,18.395,21.45,0.27879,0.094127,339.11,77.504,6.8189,13.809,31.605,4564.3,23.159,46.866,50.375,80.031,2.2233,1.6673,3107.3,42.367,54.745,94.66,9.3173,61.073,39.202,39.749,2634.2,62.884,27.717,44.452,0.33728,8.8109,26.761,120.44,1.1279,75.606,24.28,2.3587,54.398,4.8829,220.24,0.015261,0.86703,65.291,18.503,43.777
229,2026-04-12T11:24:00,48.766,27.663,26.958,32.773,40.959,2709.8,3630.6,18.599,18.395,22.113,0.27718,0.094127,339.15,77.779,6.8189,13.809,31.605,4532.9,22.757,43.677,51.757,80.301,2.2233,1.6673,3107.5,42.218,55.12,94.586,9.1738,60.702,43.271,40.196,2638.2,62.731,24.833,44.391,0.33363,8.8109,26.761,120.38,1.1279,75.756,24.28,2.3587,54.398,4.8829,218.46,0.015261,0.86703,65.282,18.503,43.777
230,2026-04-12T11:27:00,50.062,29.823,26.889,32.215,41.216,2708.2,3665.5,18.457,19.358,21.529,0.30204,0.094127,338.8,77.055,6.9513,13.886,31.928,4585.4,22.834,46.677,49.595,80.24,2.2518,1.6445,3109.9,42.319,54.172,94.574,9.2582,61.049,36.907,39.799,2637.0,63.573,25.998,44.225,0.33801,8.9872,26.448,120.42,1.2105,75.348,24.466,2.2997,54.398,4.7809,217.79,0.015261,0.86703,65.319,18.819,43.777
231,2026-04-12T11:30:00,50.119,29.769,26.808,32.215,41.703,2705.2,3690.5,19.059,19.358,21.273,0.3026,0.10435,338.77,76.912,6.9513,13.886,31.928,4511.1,22.593,46.809,50.217,79.917,2.2518,1.6445,3107.4,42.321,55.062,94.669,9.2338,59.859,38.738,40.301,2632.9,63.144,23.717,44.968,0.33389,8.9872,26.448,120.41,1.2105,75.213,24.466,2.2997,54.205,4.7809,220.66,0.027475,0.85108,65.297,18.819,43.384
232,2026-04-12T11:33:00,51.373,27.131,26.769,32.257,40.96,2704.5,3681.8,17.952,18.648,21.475,0.27568,0.10435,338.84,76.802,6.9572,13.808,31.146,4499.6,23.068,49.711,50.175,79.936,2.2487,1.6331,3104.3,42.431,54.445,94.568,9.2736,60.439,38.614,41.377,2632.5,62.13,24.123,45.256,0.34247,8.8895,26.629,120.38,1.3151,76.035,24.111,2.1694,54.205,4.8163,220.94,0.027475,0.85108,65.269,18.774,43.384
233,2026-04-12T11:36:00,51.143,27.08,26.893,32.257,41.243,2703.5,3666.5,18.486,18.648,21.673,0.27621,0.10435,339.0,77.329,6.9572,13.808,31.146,4515.1,22.828,49.179,49.828,80.016,2.2487,1.6331,3103.5,42.388,54.26,94.826,9.2479,60.043,37.594,41.019,2631.7,62.393,24.925,45.57,0.3454,8.8895,26.629,120.41,1.3151,75.921,24.111,2.1694,54.205,4.8163,220.91,0.027475,0.85108,65.281,18.774,43.384
234,2026-04-12T11:39:00,48.198,35.255,26.837,32.707,40.161,2705.2,3671.3,19.466,18.415,21.466,0.35788,0.10435,339.01,77.249,6.7431,13.882,31.688,4508.9,22.417,42.363,52.348,80.111,2.2858,1.6393,3105.0,42.308,54.44,94.646,9.3249,60.914,45.011,40.022,2633.7,62.191,25.324,45.644,0.33667,8.9283,26.5,120.38,1.3656,75.388,24.104,2.2391,54.205,4.8254,223.52,0.027475,0.85108,65.321,18.826,43.384
235,2026-04-12T11:42:00,50.464,35.199,27.176,32.707,40.978,2706.4,3661.7,17.986,18.415,21.685,0.35845,0.10435,339.13,77.485,6.7431,13.882,31.688,4566.5,23.039,47.609,50.401,80.069,2.2858,1.6393,3106.4,41.94,53.751,94.7,9.2379,61.26,39.28,39.683,2633.6,62.356,25.046,45.975,0.33945,8.9283,26.5,120.4,1.3656,74.667,24.104,2.2391,54.205,4.8254,223.24,0.027475,0.85108,65.37,18.826,43.384
236,2026-04-12T11:45:00,50.337,31.044,26.724,32.817,40.817,2707.3,3689.8,20.74,18.965,21.648,0.31183,0.10906,339.38,77.165,6.8959,13.771,31.718,4496.5,21.877,47.314,50.598,80.325,2.2679,1.6682,3105.9,42.415,54.457,94.454,9.3593,58.462,39.859,41.084,2636.5,63.78,23.74,45.859,0.3445,9.0051,26.154,120.41,1.2782,74.927,24.162,2.2256,54.027,4.8515,223.83,0.019681,0.85886,65.432,19.366,43.871
237,2026-04-12T11:48:00,49.996,30.844,26.961,32.817,41.124,2703.9,3673.1,15.885,18.965,21.671,0.31387,0.10906,339.43,77.126,6.8959,13.771,31.718,4479.2,23.927,46.524,49.419,80.058,2.2679,1.6682,3103.2,42.279,54.664,94.55,9.2603,62.644,36.39,41.227,2631.0,64.067,25.416,45.871,0.34333,9.0051,26.154,120.4,1.2782,76.13,24.162,2.2256,54.027,4.8515,225.27,0.019681,0.85886,65.473,19.366,43.871
238,2026-04-12T11:51:00,48.106,31.035,27.048,32.76,41.681,2700.8,3677.5,15.989,19.14,21.428,0.31639,0.10906,339.48,76.931,6.9536,13.68,31.715,4478.5,23.892,42.151,50.149,80.061,2.3216,1.6298,3100.3,42.436,53.294,94.537,9.215,60.56,38.538,39.765,2628.3,62.71,25.99,46.161,0.33088,8.8336,26.43,120.42,1.3455,75.434,24.05,2.193,54.027,4.8876,223.62,0.019681,0.85886,65.506,19.589,43.871
239,2026-04-12T11:54:00,49.88,31.137,26.675,32.76,40.417,2698.6,3646.5,22.003,19.14,21.95,0.31535,0.10906,339.96,77.033,6.9536,13.68,31.715,4514.2,21.367,46.255,48.751,79.908,2.3216,1.6298,3096.1,42.409,52.867,94.717,9.1362,60.236,34.424,39.327,2627.8,63.243,25.726,46.042,0.33447,8.8336,26.43,120.39,1.3455,75.148,24.05,2.193,54.027,4.8876,226.59,0.019681,0.85886,65.454,19.589,43.871
240,2026-04-12T11:57:00,49.41,31.428,26.679,32.801,40.978,2697.6,3667.3,17.955,19.024,21.784,0.32262,0.10906,340.1,76.878,6.8767,13.911,32.092,4441.8,23.085,45.167,49.057,79.869,2.2674,1.6601,3094.8,41.707,53.066,94.643,9.3349,60.031,35.325,37.899,2626.0,62.339,25.932,46.311,0.32507,8.9959,26.136,120.39,1.4043,74.942,23.959,2.3573,54.027,4.8765,225.22,0.019681,0.85886,65.426,19.066,43.871
241,2026-04-12T12:00:00,49.982,31.687,27.264,32.801,40.675,2697.8,3683.3,19.337,19.024,22.189,0.31999,0.09318,340.27,77.205,6.8767,13.911,32.092,4415.3,22.496,46.492,51.173,79.968,2.2674,1.6601,3095.2,42.299,53.383,94.853,9.364,57.455,41.553,38.394,2627.0,62.064,25.729,46.314,0.32101,8.9959,26.136,120.38,1.4043,74.79,23.959,2.3573,53.581,4.8765,229.44,0.029329,0.88251,65.444,19.066,43.413
242,2026-04-12T12:03:00,50.564,28.403,26.865,32.825,41.532,2699.0,3630.4,15.613,18.417,21.669,0.28647,0.09318,340.09,77.658,6.8932,14.046,32.24,4487.0,24.047,47.84,49.953,80.142,2.2603,1.6333,3096.7,42.581,53.716,94.534,9.2894,60.265,37.961,41.149,2626.6,63.618,25.173,46.577,0.34891,8.7305,26.049,120.41,1.3765,75.595,23.628,2.3245,53.581,4.7503,229.22,0.029329,0.88251,65.481,19.397,43.413
243,2026-04-12T12:06:00,52.218,28.52,27.088,32.825,41.313,2701.3,3663.6,17.276,18.417,22.103,0.28528,0.09318,340.34,77.879,6.8932,14.046,32.24,4463.7,23.324,51.668,51.092,80.519,2.2603,1.6333,3099.1,42.471,53.995,94.648,9.2747,62.331,41.315,41.273,2630.2,63.047,25.466,47.04,0.34789,8.7305,26.049,120.4,1.3765,76.178,23.628,2.3245,53.581,4.7503,226.66,0.029329,0.88251,65.615,19.397,43.413
244,2026-04-12T12:09:00,51.42,26.739,26.383,32.907,41.061,2698.5,3652.8,17.965,18.84,21.549,0.27527,0.09318,340.58,77.522,6.8048,13.813,32.14,4489.1,23.034,49.821,50.077,80.481,2.2646,1.6869,3096.8,42.341,52.804,94.484,9.2459,61.596,38.327,43.656,2626.9,63.084,25.585,47.088,0.35973,8.8018,26.064,120.4,1.196,74.671,24.053,2.3324,53.581,4.8935,228.69,0.029329,0.88251,65.738,19.056,43.413
245,2026-04-12T12:12:00,50.191,26.976,26.804,32.907,40.448,2695.3,3664.1,16.436,18.84,21.689,0.27285,0.09318,340.14,77.165,6.8048,13.813,32.14,4430.4,23.691,46.977,51.417,80.208,2.2646,1.6869,3093.5,42.729,53.506,94.725,9.4192,59.704,42.271,42.939,2622.8,62.89,26.723,47.216,0.36561,8.8018,26.064,120.38,1.196,75.204,24.053,2.3324,53.581,4.8935,229.85,0.029329,0.88251,65.778,19.056,43.413
246,2026-04-12T12:15:00,49.145,27.794,27.121,32.302,40.995,2694.9,3685.9,17.507,18.978,21.736,0.28379,0.10253,340.5,77.45,6.9763,13.763,32.063,4474.4,23.229,44.555,49.128,80.317,2.2658,1.6167,3093.8,42.023,53.74,94.608,9.2612,58.209,35.534,40.22,2623.9,63.321,23.496,48.2,0.33801,8.9706,26.332,120.39,1.2216,74.583,24.078,2.3247,53.698,4.9492,228.89,0.018682,0.87445,65.836,18.655,44.744
247,2026-04-12T12:18:00,50.977,27.844,27.085,32.302,40.867,2693.6,3697.3,21.667,18.978,21.673,0.28328,0.10253,340.12,77.33,6.9763,13.763,32.063,4487.0,21.478,48.794,50.371,80.279,2.2658,1.6167,3092.2,42.479,53.589,94.646,9.3574,59.612,39.193,40.508,2621.8,63.126,25.11,48.318,0.33565,8.9706,26.332,120.4,1.2216,74.858,24.078,2.3247,53.698,4.9492,233.37,0.018682,0.87445,65.876,18.655,44.744
248,2026-04-12T12:21:00,50.514,28.592,26.718,33.099,40.455,2694.1,3668.8,16.42,19.171,21.639,0.29226,0.10253,340.67,77.121,6.817,13.914,32.049,4466.3,23.696,47.723,49.374,80.208,2.2854,1.679,3091.6,42.285,54.808,94.712,9.2572,63.044,36.257,39.787,2621.3,62.103,26.637,48.764,0.33022,8.8975,25.9,120.37,1.1419,74.384,23.589,2.2425,53.698,4.8502,234.17,0.018682,0.87445,65.942,18.701,44.744
249,2026-04-12T12:24:00,50.912,28.835,26.709,33.099,41.411,2693.1,3673.8,17.257,19.171,21.344,0.28978,0.10253,340.25,77.352,6.817,13.914,32.049,4548.3,23.341,48.645,50.244,80.105,2.2854,1.679,3092.7,42.068,53.826,94.606,9.2592,61.325,38.817,39.786,2621.8,62.017,25.571,48.856,0.33023,8.8975,25.9,120.4,1.1419,74.227,23.589,2.2425,53.698,4.8502,238.93,0.018682,0.87445,65.933,18.701,44.744
250,2026-04-12T12:27:00,49.105,28.923,27.112,33.043,40.89,2697.3,3673.7,17.682,18.964,22.442,0.2945,0.10253,340.98,77.356,7.0101,13.912,32.072,4479.1,23.159,44.462,49.407,80.343,2.3248,1.6152,3094.0,42.194,54.558,94.764,9.4102,61.585,36.355,41.506,2625.5,63.402,23.675,49.723,0.34944,9.0486,26.207,120.4,1.3333,74.658,23.793,2.4129,53.698,4.7655,235.0,0.018682,0.87445,65.986,18.901,44.744
251,2026-04-12T12:30:00,51.11,28.95,27.044,33.043,41.871,2696.8,3673.4,19.167,18.964,21.836,0.29423,0.095438,340.53,77.607,7.0101,13.912,32.072,4528.3,22.52,49.103,51.241,80.363,2.3248,1.6152,3095.4,42.64,53.968,94.493,9.3794,62.223,41.752,41.228,2625.1,63.408,25.151,49.649,0.35172,9.0486,26.207,120.41,1.3333,74.902,23.793,2.4129,53.422,4.7655,240.1,0.020338,0.85803,66.055,18.901,43.635
252,2026-04-12T12:33:00,50.274,28.601,26.741,33.142,40.921,2699.8,3633.8,19.206,18.449,22.14,0.29602,0.095438,340.97,77.856,7.0881,13.822,32.226,4479.2,22.48,47.168,49.651,80.686,2.2461,1.6677,3096.2,42.559,54.063,94.503,9.3211,60.568,37.073,41.667,2628.6,62.366,25.288,50.234,0.3487,8.7688,26.1,120.4,1.1791,75.254,24.068,2.3765,53.422,4.8814,238.54,0.020338,0.85803,66.175,19.281,43.635
253,2026-04-12T12:36:00,51.652,28.896,26.997,33.142,41.62,2699.1,3646.5,19.908,18.449,21.967,0.29302,0.095438,340.91,77.541,7.0881,13.822,32.226,4483.4,22.187,50.357,50.571,80.627,2.2461,1.6677,3096.0,42.396,54.013,94.656,9.3051,59.874,39.782,41.805,2627.3,62.146,23.842,50.397,0.34757,8.7688,26.1,120.44,1.1791,75.146,24.068,2.3765,53.422,4.8814,241.69,0.020338,0.85803,66.297,19.281,43.635
254,2026-04-12T12:39:00,49.837,27.379,26.942,33.017,40.246,2695.1,3615.6,20.455,18.686,22.002,0.27935,0.095438,341.2,76.867,7.0904,13.769,32.426,4453.4,21.978,46.158,50.734,80.278,2.2279,1.664,3092.5,42.352,53.386,94.765,9.1875,60.472,40.261,40.732,2623.2,61.838,25.172,50.828,0.3373,8.9824,25.798,120.36,1.348,75.443,23.375,2.3312,53.422,4.8875,241.82,0.020338,0.85803,66.36,18.988,43.635
255,2026-04-12T12:42:00,50.783,27.273,27.247,33.017,40.968,2693.4,3651.4,16.849,18.686,22.363,0.28042,0.095438,341.62,76.699,7.0904,13.769,32.426,4409.5,23.515,48.346,49.32,79.964,2.2279,1.664,3089.2,42.292,53.91,94.921,9.3762,59.571,36.097,40.347,2621.6,61.221,24.644,51.07,0.34045,8.9824,25.798,120.4,1.348,74.676,23.375,2.3312,53.422,4.8875,244.14,0.020338,0.85803,66.275,18.988,43.635
256,2026-04-12T12:45:00,49.83,25.252,26.757,33.081,40.275,2694.6,3565.7,18.594,18.802,22.241,0.25945,0.10263,342.19,77.215,6.8226,13.887,32.824,4494.0,22.77,46.141,48.662,79.979,2.264,1.6707,3089.9,42.176,53.556,94.923,9.4574,61.974,34.161,39.832,2622.6,62.48,24.261,51.216,0.33263,8.9513,26.189,120.37,1.3927,75.314,23.519,2.3642,54.591,5.0093,243.48,0.029576,0.85271,66.217,19.113,43.621
257,2026-04-12T12:48:00,50.041,25.354,27.14,33.081,41.436,2697.4,3565.5,16.823,18.802,22.738,0.25842,0.10263,342.78,77.602,6.8226,13.887,32.824,4498.2,23.502,46.629,49.716,80.165,2.264,1.6707,3092.2,42.243,53.506,94.887,9.3647,63.085,37.263,40.014,2626.8,62.483,24.95,51.294,0.33114,8.9513,26.189,120.39,1.3927,74.394,23.519,2.3642,54.591,5.0093,245.86,0.029576,0.85271,66.25,19.113,43.621
258,2026-04-12T12:51:00,49.849,21.3,26.683,33.089,41.304,2699.0,3621.0,19.773,18.914,22.246,0.21357,0.10263,342.45,77.642,6.8032,13.797,32.4,4442.7,22.252,46.185,49.732,80.324,2.257,1.6559,3094.8,42.337,53.818,94.693,9.258,62.605,37.312,41.283,2628.5,63.807,25.107,51.549,0.34666,8.9957,26.099,120.41,1.3407,75.298,23.069,2.2682,54.591,4.7536,246.19,0.029576,0.85271,66.278,19.296,43.621
259,2026-04-12T12:54:00,50.426,21.199,26.779,33.089,40.621,2696.2,3647.7,19.531,18.914,22.116,0.21459,0.10263,342.44,76.774,6.8032,13.797,32.4,4417.2,22.385,47.52,50.418,80.028,2.257,1.6559,3093.0,42.678,54.123,94.722,9.35,60.929,39.331,40.819,2624.9,63.348,26.481,51.983,0.35046,8.9957,26.099,120.4,1.3407,74.298,23.069,2.2682,54.591,4.7536,244.53,0.029576,0.85271,66.326,19.296,43.621
260,2026-04-12T12:57:00,52.248,24.86,27.182,33.4,41.01,2697.9,3700.2,17.182,18.617,22.414,0.25053,0.10263,341.86,77.663,6.9236,13.703,32.609,4427.5,23.349,51.736,50.94,80.114,2.2442,1.6502,3094.3,42.528,53.479,94.614,9.3531,62.418,40.866,40.236,2626.6,62.68,24.961,52.009,0.3357,8.7775,25.822,120.4,0.98832,75.158,23.844,2.3243,54.591,4.8681,247.46,0.029576,0.85271,66.317,18.967,43.621
261,2026-04-12T13:00:00,49.784,24.932,27.139,33.4,41.421,2701.2,3647.9,19.97,18.617,22.444,0.24979,0.082262,342.23,77.672,6.9236,13.703,32.609,4449.0,22.16,46.035,48.452,80.464,2.2442,1.6502,3097.1,42.215,53.222,94.522,9.4187,60.571,33.543,39.881,2630.5,63.58,24.758,52.147,0.33861,8.7775,25.822,120.43,0.98832,75.339,23.844,2.3243,54.259,4.8681,247.94,0.0093503,0.82106,66.399,18.967,43.883
262,2026-04-12T13:03:00,47.274,22.525,27.097,33.005,41.077,2701.6,3614.3,15.333,18.273,22.435,0.22725,0.082262,342.34,77.824,7.0096,13.944,32.29,4464.5,24.099,40.225,48.765,80.542,2.3052,1.6803,3097.4,42.162,53.783,94.495,9.4412,64.215,34.466,39.071,2630.9,63.12,25.223,52.359,0.32384,8.9798,26.536,120.39,1.1369,74.575,23.712,2.364,54.259,4.781,248.15,0.0093503,0.82106,66.512,18.945,43.883
263,2026-04-12T13:06:00,49.718,22.445,27.083,33.005,41.971,2702.0,3649.5,19.56,18.273,22.219,0.22806,0.082262,342.78,77.454,7.0096,13.944,32.29,4472.7,22.319,45.882,49.994,80.51,2.3052,1.6803,3097.4,42.116,53.685,94.6,9.2522,61.806,38.082,38.801,2630.4,62.514,23.186,52.416,0.32606,8.9798,26.536,120.41,1.1369,74.19,23.712,2.364,54.259,4.781,250.07,0.0093503,0.82106,66.596,18.945,43.883
264,2026-04-12T13:09:00,47.825,25.06,26.62,33.274,40.569,2700.1,3613.3,18.031,18.774,22.401,0.25783,0.082262,343.18,77.168,6.8311,13.686,32.367,4451.7,22.976,41.5,51.224,80.22,2.2735,1.6507,3094.9,42.539,53.96,94.582,9.445,62.509,41.702,41.737,2629.5,62.303,25.48,52.797,0.35479,8.9189,26.561,120.39,1.255,74.503,23.183,2.4017,54.259,4.9355,248.39,0.0093503,0.82106,66.575,18.724,43.883
265,2026-04-12T13:12:00,51.2,25.373,26.726,33.274,40.341,2700.5,3600.2,15.255,18.774,22.465,0.25465,0.082262,343.53,77.579,6.8311,13.686,32.367,4433.6,24.135,49.312,52.322,80.116,2.2735,1.6507,3095.7,42.661,54.178,94.799,9.4465,61.694,44.932,41.969,2630.0,62.528,22.951,52.901,0.35289,8.9189,26.561,120.38,1.255,75.68,23.183,2.4017,54.259,4.9355,249.85,0.0093503,0.82106,66.565,18.724,43.883
266,2026-04-12T13:15:00,49.61,24.486,26.975,33.24,41.587,2703.9,3683.4,18.096,18.608,22.465,0.24581,0.095723,343.33,77.365,6.9288,13.858,32.698,4539.2,22.943,45.632,49.164,80.199,2.274,1.6823,3098.9,42.453,53.446,94.519,9.3972,62.38,35.64,38.728,2632.7,62.626,24.641,52.349,0.32286,8.7775,26.279,120.41,1.107,73.845,23.88,2.2622,53.213,4.8927,249.63,0.036219,0.83429,66.534,19.004,43.636
267,2026-04-12T13:18:00,49.048,24.24,27.109,33.24,41.236,2704.5,3666.3,18.989,18.608,22.816,0.24832,0.095723,343.72,77.714,6.9288,13.858,32.698,4458.2,22.559,44.332,48.68,80.077,2.274,1.6823,3099.7,42.516,54.415,94.654,9.3847,62.186,34.216,38.509,2633.7,62.92,24.024,52.215,0.32466,8.7775,26.279,120.42,1.107,74.753,23.88,2.2622,53.213,4.8927,249.83,0.036219,0.83429,66.468,19.004,43.636
268,2026-04-12T13:21:00,50.205,20.846,26.639,33.488,41.042,2703.9,3620.9,17.568,18.949,22.558,0.21161,0.095723,343.65,77.264,6.824,13.975,32.445,4477.4,23.169,47.008,50.959,80.053,2.2601,1.6386,3099.4,42.558,53.485,94.566,9.2769,64.726,40.922,40.501,2633.6,62.847,24.377,52.268,0.34539,8.9188,26.297,120.41,1.2719,74.205,23.673,2.2439,53.213,4.6995,247.95,0.036219,0.83429,66.46,19.018,43.636
269,2026-04-12T13:24:00,48.606,21.046,26.956,33.488,41.29,2705.3,3594.6,19.477,18.949,22.881,0.20957,0.095723,344.08,77.527,6.824,13.975,32.445,4493.9,22.357,43.307,50.553,80.043,2.2601,1.6386,3099.2,42.18,53.287,94.68,9.3997,62.468,39.729,40.56,2633.9,63.299,27.256,52.183,0.34491,8.9188,26.297,120.42,1.2719,73.582,23.673,2.2439,53.213,4.6995,247.64,0.036219,0.83429,66.413,19.018,43.636
270,2026-04-12T13:27:00,49.634,22.831,26.864,33.355,40.761,2706.6,3690.0,16.593,18.648,22.809,0.23249,0.095723,343.78,77.698,6.7991,13.888,32.684,4471.5,23.563,45.688,50.957,80.146,2.3286,1.6528,3101.9,42.516,53.481,94.574,9.4658,61.244,40.915,42.1,2636.2,62.581,23.614,52.071,0.35915,8.8629,26.366,120.39,1.2324,75.026,23.552,2.2601,53.213,4.8317,247.64,0.036219,0.83429,66.401,18.559,43.636
271,2026-04-12T13:30:00,49.215,22.894,26.912,33.355,41.283,2708.0,3668.5,17.55,18.648,22.491,0.23185,0.090763,343.86,77.314,6.7991,13.888,32.684,4494.2,23.165,44.717,50.478,80.201,2.3286,1.6528,3102.5,42.173,53.209,94.508,9.3812,62.878,39.508,42.433,2636.9,62.952,26.06,52.433,0.35642,8.8629,26.366,120.4,1.2324,73.979,23.552,2.2601,53.873,4.8317,245.92,0.012599,0.8085,66.426,18.559,44.215
272,2026-04-12T13:33:00,51.245,20.083,26.819,33.378,41.468,2706.8,3693.9,17.692,18.357,22.825,0.20621,0.090763,344.27,76.922,6.6795,13.777,32.104,4523.2,23.124,49.415,49.826,79.896,2.2613,1.7079,3100.5,42.642,53.985,94.505,9.4386,63.9,37.589,41.49,2635.3,62.799,27.363,52.297,0.34628,8.9544,25.99,120.38,1.0167,73.982,23.842,2.3605,53.873,4.8623,247.77,0.012599,0.8085,66.39,18.058,44.215
273,2026-04-12T13:36:00,48.049,20.293,26.756,33.378,42.66,2708.2,3678.7,16.927,18.357,23.042,0.20408,0.090763,344.53,77.515,6.6795,13.777,32.104,4477.6,23.43,42.02,49.25,79.943,2.2613,1.7079,3101.5,42.524,54.531,94.486,9.4524,62.141,35.893,41.702,2637.2,63.061,24.03,52.055,0.34455,8.9544,25.99,120.43,1.0167,75.151,23.842,2.3605,53.873,4.8623,250.86,0.012599,0.8085,66.355,18.058,44.215
274,2026-04-12T13:39:00,49.555,25.429,26.945,33.143,40.727,2710.0,3709.2,17.276,18.866,22.554,0.25973,0.090763,343.83,77.274,6.9603,13.766,32.541,4607.8,23.292,45.505,49.749,79.915,2.2822,1.6434,3106.6,42.627,54.282,94.418,9.4132,61.239,37.361,39.527,2638.8,63.72,24.902,52.244,0.33826,9.0614,26.354,120.38,1.1218,74.393,24.281,2.2888,53.873,4.9096,249.11,0.012599,0.8085,66.326,18.498,44.215
275,2026-04-12T13:42:00,48.793,25.387,27.047,33.143,41.68,2713.4,3663.1,15.349,18.866,22.957,0.26015,0.090763,344.02,77.6,6.9603,13.766,32.541,4566.8,24.091,43.74,49.746,80.053,2.2822,1.6434,3108.4,42.213,54.774,94.223,9.4181,62.737,37.353,39.378,2642.6,64.513,25.801,52.257,0.33948,9.0614,26.354,120.44,1.1218,74.961,24.281,2.2888,53.873,4.9096,249.32,0.012599,0.8085,66.314,18.498,44.215
276,2026-04-12T13:45:00,49.936,21.308,26.777,33.268,41.612,2712.5,3638.0,15.76,18.658,22.582,0.21437,0.09759,344.3,77.254,6.8645,13.782,32.547,4513.5,23.926,46.385,49.11,80.023,2.2666,1.6423,3107.1,42.561,54.415,94.514,9.5447,61.562,35.482,39.546,2641.8,62.541,25.639,51.827,0.33495,8.819,26.445,120.39,1.125,74.151,23.873,2.3317,53.684,4.8175,246.78,-0.002353,0.81245,66.332,18.73,44.163
277,2026-04-12T13:48:00,51.691,21.197,26.751,33.268,41.631,2713.8,3636.7,17.761,18.658,22.89,0.2155,0.09759,344.31,77.756,6.8645,13.782,32.547,4520.6,23.066,50.448,50.958,80.049,2.2666,1.6423,3107.6,42.266,54.33,94.52,9.427,61.202,40.919,39.507,2642.6,62.562,24.584,51.717,0.33527,8.819,26.445,120.39,1.125,74.372,23.873,2.3317,53.684,4.8175,245.03,-0.002353,0.81245,66.305,18.73,44.163
278,2026-04-12T13:51:00,49.84,20.666,27.111,33.571,41.175,2715.0,3663.5,16.993,18.17,23.022,0.21225,0.09759,344.56,77.476,6.7153,13.748,32.452,4473.4,23.388,46.163,50.094,80.093,2.2665,1.6857,3109.9,42.546,54.353,94.48,9.3692,64.204,38.375,39.597,2644.4,62.913,23.439,51.484,0.33757,8.8052,26.258,120.38,1.2213,74.788,24.366,2.3936,53.684,4.7899,244.61,-0.002353,0.81245,66.309,18.369,44.163
279,2026-04-12T13:54:00,48.444,20.676,26.587,33.571,41.672,2716.7,3691.5,19.009,18.17,23.042,0.21215,0.09759,344.63,77.539,6.7153,13.748,32.452,4508.5,22.53,42.932,50.032,80.111,2.2665,1.6857,3110.1,41.909,53.933,94.512,9.4215,60.788,38.193,39.741,2646.1,62.431,27.284,51.173,0.3364,8.8052,26.258,120.42,1.2213,75.284,24.366,2.3936,53.684,4.7899,245.11,-0.002353,0.81245,66.312,18.369,44.163
280,2026-04-12T13:57:00,49.642,21.365,26.924,33.415,41.584,2714.8,3724.2,16.839,18.152,22.79,0.21708,0.09759,344.43,77.314,6.9327,13.622,32.122,4535.5,23.454,45.705,49.843,79.949,2.2436,1.6813,3111.2,42.56,54.533,94.425,9.5402,59.622,37.638,39.184,2644.4,63.265,24.083,51.212,0.33261,8.8347,26.635,120.4,1.221,75.367,24.091,2.2492,53.684,4.8484,241.7,-0.002353,0.81245,66.288,18.179,44.163
281,2026-04-12T14:00:00,48.403,21.266,26.683,33.415,42.322,2715.7,3667.9,19.649,18.152,22.984,0.21808,0.1032,344.46,77.409,6.9327,13.622,32.122,4555.4,22.264,42.838,50.501,79.97,2.2436,1.6813,3110.0,42.279,54.295,94.411,9.3474,63.101,39.574,38.845,2645.6,64.234,25.354,50.853,0.33539,8.8347,26.635,120.43,1.221,75.307,24.091,2.2492,53.508,4.8484,243.42,0.0091051,0.8117,66.209,18.179,43.335
282,2026-04-12T14:03:00,51.295,24.42,27.215,33.478,40.779,2714.7,3642.3,16.8,17.871,23.325,0.24789,0.1032,344.65,77.098,6.6211,13.893,31.858,4595.4,23.477,49.532,49.385,79.848,2.263,1.646,3110.1,42.607,54.367,94.403,9.4041,63.448,36.289,37.717,2645.0,62.822,25.74,50.631,0.31535,8.877,26.732,120.4,1.3432,74.602,24.312,2.3277,53.508,4.7265,243.23,0.0091051,0.8117,66.189,18.607,43.335
283,2026-04-12T14:06:00,49.193,24.36,26.934,33.478,40.874,2716.5,3634.8,17.192,17.871,23.027,0.24851,0.1032,344.59,77.305,6.6211,13.893,31.858,4580.2,23.313,44.667,49.234,79.753,2.263,1.646,3111.5,42.535,54.549,94.585,9.3684,61.357,35.847,37.527,2646.3,62.949,24.661,50.433,0.31691,8.877,26.732,120.37,1.3432,75.024,24.312,2.3277,53.508,4.7265,242.87,0.0091051,0.8117,66.112,18.607,43.335
284,2026-04-12T14:09:00,50.04,26.999,27.011,33.303,42.277,2718.4,3714.7,19.136,18.325,23.217,0.27688,0.1032,344.27,77.543,6.8877,13.674,32.134,4529.8,22.488,46.627,49.195,79.782,2.2811,1.61,3112.5,42.413,54.167,94.304,9.3622,59.967,35.732,40.756,2648.3,64.407,23.451,50.31,0.34918,8.7384,26.762,120.45,1.1452,74.73,24.001,2.3546,53.508,4.8513,241.68,0.0091051,0.8117,66.052,18.461,43.335
285,2026-04-12T14:12:00,51.055,27.102,26.946,33.303,41.108,2716.9,3706.5,15.513,18.325,22.766,0.27584,0.1032,344.16,77.545,6.8877,13.674,32.134,4517.7,24.011,48.976,47.467,79.857,2.2811,1.61,3114.2,42.68,54.312,94.28,9.2702,64.43,30.645,40.678,2646.4,64.549,26.235,50.123,0.34982,8.7384,26.762,120.42,1.1452,74.593,24.001,2.3546,53.508,4.8513,241.18,0.0091051,0.8117,66.046,18.461,43.335
286,2026-04-12T14:15:00,49.044,24.54,26.404,33.533,41.87,2717.8,3655.5,16.496,18.16,23.046,0.25246,0.097084,344.68,77.181,6.8268,13.736,32.503,4532.5,23.608,44.321,49.387,79.892,2.1953,1.6475,3111.2,42.21,54.533,94.337,9.4636,60.973,36.297,37.816,2647.5,63.207,24.187,49.801,0.32483,8.7226,26.617,120.4,1.2523,74.626,24.234,2.3187,53.607,4.7476,241.5,0.022422,0.79299,66.026,18.083,43.383
287,2026-04-12T14:18:00,49.098,24.736,26.728,33.533,41.474,2716.0,3659.7,15.661,18.16,22.863,0.25047,0.097084,344.61,76.706,6.8268,13.736,32.503,4553.6,23.978,44.446,51.113,79.697,2.1953,1.6475,3110.9,42.439,54.28,94.468,9.3628,61.829,41.374,37.941,2644.7,63.136,25.242,49.634,0.3238,8.7226,26.617,120.4,1.2523,75.193,24.234,2.3187,53.607,4.7476,240.5,0.022422,0.79299,66.002,18.083,43.383
288,2026-04-12T14:21:00,48.523,21.099,26.823,32.863,41.682,2715.8,3686.8,17.769,17.876,23.314,0.21323,0.097084,345.07,77.648,6.9418,13.583,32.356,4592.0,23.068,43.117,49.341,79.693,2.2895,1.6205,3108.3,42.199,54.833,94.522,9.2781,62.236,36.161,38.546,2645.9,63.228,23.536,49.291,0.33092,8.7368,26.033,120.41,1.3225,75.682,23.606,2.3571,53.607,4.8052,241.53,0.022422,0.79299,65.912,18.95,43.383
289,2026-04-12T14:24:00,49.838,21.026,27.314,32.863,41.738,2715.6,3659.7,18.096,17.876,23.236,0.21397,0.097084,344.37,77.266,6.9418,13.583,32.356,4596.6,22.941,46.16,49.102,79.869,2.2895,1.6205,3109.9,42.248,54.777,94.461,9.3016,61.209,35.458,38.719,2645.4,63.694,24.758,49.08,0.32951,8.7368,26.033,120.41,1.3225,76.07,23.606,2.3571,53.607,4.8052,241.06,0.022422,0.79299,65.898,18.95,43.383
290,2026-04-12T14:27:00,50.094,22.023,26.822,33.634,40.599,2714.2,3637.3,17.372,18.188,22.848,0.22737,0.097084,344.14,77.02,6.8607,13.702,32.1,4505.9,23.255,46.751,50.233,79.767,2.2353,1.6698,3109.2,42.822,53.779,94.555,9.3431,62.185,38.784,36.643,2643.4,63.067,23.912,49.063,0.31098,8.856,26.723,120.37,1.2316,76.038,23.861,2.2861,53.607,4.6971,238.42,0.022422,0.79299,65.9,18.483,43.383
291,2026-04-12T14:30:00,49.811,22.066,26.636,33.634,42.124,2716.4,3662.3,18.071,18.188,23.007,0.22693,0.07864,343.88,77.576,6.8607,13.702,32.1,4501.9,22.941,46.096,51.276,79.939,2.2353,1.6698,3109.9,42.12,53.827,94.559,9.3034,62.619,41.856,36.858,2645.9,62.638,25.655,48.467,0.30922,8.856,26.723,120.41,1.2316,75.656,23.861,2.2861,54.077,4.6971,236.24,0.012518,0.80432,65.875,18.483,43.807
292,2026-04-12T14:33:00,51.436,24.415,27.438,33.026,40.619,2715.2,3675.0,17.016,18.594,23.019,0.25166,0.07864,343.84,77.18,6.791,13.828,32.369,4557.9,23.399,49.857,49.705,79.823,2.2469,1.651,3109.7,42.408,54.314,94.533,9.3839,59.139,37.231,37.785,2644.5,63.114,24.62,48.107,0.32546,9.0099,26.25,120.37,1.1411,75.661,24.519,2.2325,54.077,4.7673,234.83,0.012518,0.80432,65.848,18.317,43.807
293,2026-04-12T14:36:00,50.721,24.785,26.918,33.026,41.624,2712.3,3675.6,18.467,18.594,22.802,0.24789,0.07864,343.78,76.793,6.791,13.828,32.369,4553.2,22.807,48.202,50.198,79.635,2.2469,1.651,3108.6,42.578,54.371,94.563,9.2629,62.391,38.683,37.966,2641.8,63.103,27.312,47.913,0.32397,9.0099,26.25,120.4,1.1411,74.801,24.519,2.2325,54.077,4.7673,231.62,0.012518,0.80432,65.796,18.317,43.807
294,2026-04-12T14:39:00,50.643,22.052,26.716,33.452,40.976,2712.3,3662.9,18.209,18.478,22.839,0.22264,0.07864,343.83,77.039,6.7932,13.735,32.206,4583.0,22.919,48.021,49.883,79.584,2.2367,1.6627,3106.4,42.521,54.483,94.642,9.2866,61.098,37.756,39.954,2641.2,63.986,24.899,47.469,0.33478,8.9622,25.986,120.36,1.2682,76.761,23.992,2.3221,54.077,4.8037,231.29,0.012518,0.80432,65.698,18.4,43.807
295,2026-04-12T14:42:00,49.07,22.025,27.104,33.452,42.109,2712.6,3685.0,18.3,18.478,22.958,0.22291,0.07864,343.07,77.516,6.7932,13.735,32.206,4531.0,22.864,44.382,49.327,79.811,2.2367,1.6627,3107.7,42.218,55.105,94.513,9.2643,62.106,36.118,39.617,2642.1,63.605,27.426,47.159,0.33754,8.9622,25.986,120.44,1.2682,75.67,23.992,2.3221,54.077,4.8037,229.42,0.012518,0.80432,65.628,18.4,43.807
296,2026-04-12T14:45:00,50.939,23.314,26.869,32.999,40.988,2714.3,3694.9,19.234,18.083,22.58,0.23925,0.090332,342.53,77.505,6.8008,13.774,32.146,4569.1,22.463,48.707,50.417,80.134,2.2892,1.6689,3109.4,42.475,54.518,94.467,9.2204,59.889,39.327,38.616,2643.0,63.5,25.578,46.783,0.32474,8.8081,26.275,120.4,1.4054,75.881,24.494,2.2973,53.424,4.748,230.78,0.019809,0.81103,65.651,18.793,43.683
297,2026-04-12T14:48:00,50.526,23.443,27.013,32.999,41.916,2712.4,3688.3,18.516,18.083,22.722,0.23794,0.090332,342.54,77.353,6.8008,13.774,32.146,4535.3,22.764,47.751,49.617,80.147,2.2892,1.6689,3108.9,42.54,54.923,94.482,9.2179,60.064,36.973,38.202,2641.6,63.613,25.985,46.641,0.32813,8.8081,26.275,120.41,1.4054,75.735,24.494,2.2973,53.424,4.748,228.07,0.019809,0.81103,65.703,18.793,43.683
298,2026-04-12T14:51:00,48.066,23.811,26.764,33.242,41.136,2711.0,3685.1,19.617,18.595,22.707,0.24607,0.090332,342.54,77.277,6.9685,13.903,32.042,4561.8,22.3,42.059,50.366,80.087,2.2315,1.6271,3105.2,42.341,53.669,94.509,9.229,59.632,39.177,39.291,2640.3,63.683,25.722,46.56,0.32697,8.7835,26.282,120.41,1.1879,75.847,23.805,2.2429,53.424,4.8197,224.68,0.019809,0.81103,65.692,18.913,43.683
299,2026-04-12T14:54:00,50.234,23.917,26.953,33.242,41.075,2705.4,3688.7,17.455,18.595,22.164,0.24499,0.090332,341.91,76.625,6.9685,13.903,32.042,4546.9,23.24,47.076,49.682,79.781,2.2315,1.6271,3102.4,42.257,53.848,94.47,9.0473,61.736,37.165,38.901,2633.3,63.621,25.202,46.176,0.33017,8.7835,26.282,120.4,1.1879,75.625,23.805,2.2429,53.424,4.8197,224.76,0.019809,0.81103,65.645,18.913,43.683
300,2026-04-12T14:57:00,49.582,25.051,27.115,33.22,40.391,2701.8,3681.2,18.849,18.678,22.31,0.2555,0.090332,341.95,77.111,6.9038,13.806,31.858,4510.1,22.653,45.567,49.444,79.619,2.2096,1.6254,3098.3,42.303,53.982,94.781,9.1192,61.958,36.464,40.304,2630.2,62.276,25.584,45.731,0.34724,8.8513,26.446,120.36,1.3824,75.328,24.422,2.3105,53.424,4.8699,225.58,0.019809,0.81103,65.522,18.288,43.683
301,2026-04-12T15:00:00,50.715,25.198,26.92,33.22,40.82,2703.4,3658.4,16.508,18.678,22.531,0.25401,0.081883,341.46,77.353,6.9038,13.806,31.858,4514.7,23.631,48.189,50.193,79.972,2.2096,1.6254,3098.5,42.335,53.927,94.651,9.2356,59.962,38.669,40.7,2633.1,62.669,25.057,45.623,0.344,8.8513,26.446,120.38,1.3824,75.329,24.422,2.3105,53.476,4.8699,223.99,0.02938,0.83003,65.509,18.288,44.432
302,2026-04-12T15:03:00,50.872,27.025,27.02,32.71,41.074,2704.1,3649.2,19.255,18.381,22.527,0.27599,0.081883,341.56,77.066,7.0467,13.936,31.933,4605.0,22.479,48.553,51.31,80.103,2.2476,1.6196,3100.0,42.245,54.408,94.687,9.1921,61.128,41.957,39.252,2633.6,63.344,25.47,45.581,0.33485,9.0268,26.488,120.39,1.2256,75.691,24.044,2.2546,53.476,4.8499,220.87,0.02938,0.83003,65.485,18.64,44.432
303,2026-04-12T15:06:00,49.711,27.122,26.721,32.71,41.662,2703.2,3697.5,16.153,18.381,21.897,0.275,0.081883,341.04,76.995,7.0467,13.936,31.933,4585.8,23.792,45.865,50.286,80.034,2.2476,1.6196,3100.8,42.688,54.638,94.64,9.3044,59.604,38.94,39.45,2631.3,62.513,25.381,45.204,0.33323,9.0268,26.488,120.41,1.2256,75.742,24.044,2.2546,53.476,4.8499,221.49,0.02938,0.83003,65.494,18.64,44.432
304,2026-04-12T15:09:00,51.157,26.787,27.174,33.046,41.125,2703.0,3626.6,14.656,18.424,22.46,0.27011,0.081883,341.28,77.366,6.8332,13.876,31.88,4559.3,24.412,49.211,48.676,80.056,2.2644,1.682,3099.5,42.449,54.143,94.822,9.3178,58.203,34.204,41.204,2631.7,62.39,25.29,44.819,0.34795,8.8548,25.884,120.39,1.2356,75.679,24.016,2.3024,53.476,4.812,222.27,0.02938,0.83003,65.442,18.685,44.432
305,2026-04-12T15:12:00,50.997,26.46,27.135,33.046,40.839,2700.9,3608.9,18.618,18.424,22.065,0.27343,0.081883,340.67,76.873,6.8332,13.876,31.88,4559.7,22.763,48.841,49.68,79.928,2.2644,1.682,3098.1,42.418,54.139,94.728,9.2068,61.633,37.157,41.3,2628.3,62.695,24.112,44.745,0.34716,8.8548,25.884,120.4,1.2356,75.628,24.016,2.3024,53.476,4.812,219.53,0.02938,0.83003,65.428,18.685,44.432
306,2026-04-12T15:15:00,51.423,27.589,26.882,33.115,41.293,2702.5,3677.5,17.004,18.424,22.318,0.278,0.10899,341.41,77.252,6.9211,13.789,32.154,4553.5,23.437,49.827,49.672,80.005,2.2914,1.6989,3098.0,42.313,54.121,94.745,9.3499,60.396,37.134,40.72,2630.8,63.333,27.573,44.866,0.33971,8.8971,25.936,120.42,1.2472,76.007,24.018,2.264,54.131,4.9211,219.81,0.0054328,0.85542,65.339,18.971,43.706
307,2026-04-12T15:18:00,49.801,27.321,26.774,33.115,40.554,2703.9,3677.4,16.548,18.424,22.284,0.28072,0.10899,340.81,77.399,6.9211,13.789,32.154,4533.3,23.618,46.074,50.413,80.266,2.2914,1.6989,3099.9,42.444,54.363,94.599,9.2309,61.229,39.316,40.778,2632.7,63.334,22.947,44.855,0.33924,8.8971,25.936,120.4,1.2472,75.422,24.018,2.264,54.131,4.9211,218.61,0.0054328,0.85542,65.404,18.971,43.706
308,2026-04-12T15:21:00,50.719,25.049,27.002,33.275,41.086,2700.9,3677.3,18.458,18.798,21.976,0.25448,0.10899,340.46,77.171,6.7161,13.715,32.144,4534.4,22.818,48.198,50.332,80.229,2.2356,1.6094,3099.4,42.752,53.639,94.633,9.265,62.575,39.077,39.577,2629.7,62.571,26.763,44.805,0.3301,8.8971,26.325,120.4,1.1782,75.41,23.722,2.2805,54.131,4.8831,217.84,0.0054328,0.85542,65.403,18.69,43.706
309,2026-04-12T15:24:00,50.664,24.95,26.789,33.275,41.386,2700.3,3654.2,18.613,18.798,21.966,0.25549,0.10899,340.83,77.356,6.7161,13.715,32.144,4533.0,22.744,48.072,49.17,80.267,2.2356,1.6094,3097.2,42.43,53.656,94.627,9.24,61.0,35.658,39.144,2628.6,62.968,24.862,44.681,0.33364,8.8971,26.325,120.4,1.1782,75.731,23.722,2.2805,54.131,4.8831,217.91,0.0054328,0.85542,65.445,18.69,43.706
310,2026-04-12T15:27:00,48.653,25.176,26.859,32.53,40.989,2696.5,3690.6,17.381,19.033,21.651,0.2558,0.10899,340.37,76.672,7.0276,13.732,32.617,4560.6,23.29,43.417,48.918,80.062,2.2756,1.6136,3095.0,42.335,54.008,94.537,9.1835,61.879,34.915,38.446,2625.3,64.198,25.726,44.46,0.32229,8.7873,26.47,120.42,1.1512,75.116,23.939,2.2906,54.131,4.8668,219.08,0.0054328,0.85542,65.416,18.879,43.706
311,2026-04-12T15:30:00,50.578,25.112,27.34,32.53,40.945,2693.9,3736.0,18.888,19.033,21.987,0.25645,0.10554,340.01,77.049,7.0276,13.732,32.617,4548.7,22.655,47.872,50.812,79.935,2.2756,1.6136,3091.1,41.978,54.15,94.66,9.2465,61.581,40.49,38.721,2621.6,63.417,23.779,44.906,0.32004,8.7873,26.47,120.4,1.1512,74.965,23.939,2.2906,53.46,4.8668,220.23,0.011014,0.85347,65.375,18.879,43.79
312,2026-04-12T15:33:00,49.058,20.455,26.715,32.876,40.411,2692.3,3644.8,20.128,18.63,21.701,0.20842,0.10554,339.83,77.273,6.8909,13.775,32.381,4484.4,22.125,44.354,49.79,80.16,2.2785,1.6536,3090.2,42.355,54.453,94.72,9.2077,61.545,37.482,38.215,2621.1,62.264,24.819,44.897,0.32679,9.0671,25.8,120.39,1.4024,75.638,23.922,2.3226,53.46,4.8722,222.28,0.011014,0.85347,65.365,19.21,43.79
313,2026-04-12T15:36:00,49.528,20.483,27.148,32.876,41.117,2692.2,3617.4,17.525,18.63,21.924,0.20813,0.10554,339.06,77.496,6.8909,13.775,32.381,4502.4,23.213,45.442,51.748,80.323,2.2785,1.6536,3090.0,42.299,54.238,94.77,9.2769,60.551,43.245,38.272,2620.4,62.736,24.965,45.228,0.32632,9.0671,25.8,120.4,1.4024,75.61,23.922,2.3226,53.46,4.8722,220.48,0.011014,0.85347,65.413,19.21,43.79
314,2026-04-12T15:39:00,50.081,22.308,27.236,32.815,40.868,2691.6,3656.0,18.261,18.589,21.804,0.22875,0.10554,338.63,77.176,6.8751,13.931,31.951,4480.6,22.909,46.721,50.341,80.428,2.2645,1.7096,3090.7,42.235,53.641,94.845,9.2079,61.843,39.102,39.63,2620.3,63.198,25.59,45.391,0.32386,8.9992,25.86,120.41,1.3932,74.601,23.593,2.3017,53.46,4.7735,220.52,0.011014,0.85347,65.505,18.81,43.79
315,2026-04-12T15:42:00,51.338,22.352,27.18,32.815,40.617,2691.4,3658.2,17.352,18.589,21.641,0.22831,0.10554,338.61,77.39,6.8751,13.931,31.951,4442.3,23.281,49.63,51.509,80.484,2.2645,1.7096,3090.2,42.29,54.099,94.732,9.2839,60.569,42.542,39.096,2619.5,63.161,24.271,45.57,0.32823,8.9992,25.86,120.41,1.3932,75.124,23.593,2.3017,53.46,4.7735,220.33,0.011014,0.85347,65.566,18.81,43.79
316,2026-04-12T15:45:00,50.5,26.524,26.819,32.671,40.469,2690.2,3694.9,16.918,19.136,21.306,0.26942,0.085696,337.89,77.185,6.7578,13.7,32.28,4535.5,23.468,47.69,49.492,80.462,2.2585,1.6702,3091.3,42.426,53.927,94.705,9.3426,59.299,36.606,41.466,2617.1,62.666,23.534,45.479,0.34319,8.8884,25.976,120.41,1.0419,75.792,24.107,2.29,52.858,4.9417,222.97,0.023406,0.85963,65.621,18.558,43.945
317,2026-04-12T15:48:00,49.455,26.029,26.921,32.671,41.117,2688.8,3635.7,18.955,19.136,21.108,0.27445,0.085696,337.8,77.227,6.7578,13.7,32.28,4493.6,22.614,45.273,51.142,80.359,2.2585,1.6702,3090.1,42.179,54.429,94.653,9.3087,59.179,41.462,41.504,2616.6,63.684,25.319,45.674,0.34289,8.8884,25.976,120.41,1.0419,75.981,24.107,2.29,52.858,4.9417,222.52,0.023406,0.85963,65.597,18.558,43.945
318,2026-04-12T15:51:00,48.683,23.362,26.811,32.754,40.643,2688.5,3677.2,18.915,19.298,21.145,0.23947,0.085696,337.71,77.014,6.9545,13.859,31.985,4575.7,22.638,43.485,49.572,80.35,2.2823,1.689,3088.7,41.973,54.079,94.835,9.2772,61.698,36.841,38.284,2617.0,64.062,24.78,45.89,0.31863,8.8037,26.315,120.39,1.3075,74.601,23.717,2.2746,52.858,4.8025,221.86,0.023406,0.85963,65.604,18.362,43.945
319,2026-04-12T15:54:00,49.193,23.583,26.962,32.754,40.771,2687.1,3671.0,20.471,19.298,21.248,0.23723,0.085696,337.56,76.881,6.9545,13.859,31.985,4541.6,21.99,44.666,48.794,80.353,2.2823,1.689,3088.0,42.03,54.488,94.545,9.3975,59.003,34.55,38.304,2615.8,64.169,25.306,45.884,0.31847,8.8037,26.315,120.42,1.3075,75.376,23.717,2.2746,52.858,4.8025,223.67,0.023406,0.85963,65.628,18.362,43.945
320,2026-04-12T15:57:00,51.258,26.43,26.675,32.427,40.003,2684.8,3626.5,16.668,19.282,20.58,0.26652,0.085696,336.78,77.206,6.8886,13.841,31.658,4577.9,23.59,49.446,50.543,80.236,2.2629,1.6528,3087.5,42.245,54.589,94.828,9.2885,57.809,39.698,40.552,2611.9,63.232,26.909,46.105,0.33441,8.7023,25.64,120.38,1.2121,74.456,23.394,2.3484,52.858,5.0445,222.93,0.023406,0.85963,65.635,19.021,43.945
321,2026-04-12T16:00:00,51.318,26.24,26.848,32.427,41.157,2689.4,3608.7,15.12,19.282,21.142,0.26844,0.097082,337.31,77.57,6.8886,13.841,31.658,4553.0,24.223,49.585,49.502,80.684,2.2629,1.6528,3090.4,42.233,54.886,94.64,9.3343,61.812,36.636,40.341,2617.1,63.54,24.47,46.396,0.33615,8.7023,25.64,120.43,1.2121,74.98,23.394,2.3484,53.973,5.0445,223.59,0.013569,0.87464,65.667,19.021,43.749
322,2026-04-12T16:03:00,49.873,29.944,26.63,32.957,40.768,2688.7,3638.5,19.319,19.225,20.535,0.3017,0.097082,336.31,77.352,6.9089,13.841,31.973,4488.0,22.457,46.241,48.069,80.663,2.3187,1.6659,3092.5,42.333,54.06,94.686,9.2839,60.077,32.416,40.42,2616.6,63.567,26.179,46.667,0.33179,8.9554,25.901,120.38,1.3297,74.587,23.481,2.2794,53.973,4.8523,223.14,0.013569,0.87464,65.759,19.306,43.749
323,2026-04-12T16:06:00,49.91,29.971,27.136,32.957,41.674,2688.1,3648.2,18.371,19.225,20.614,0.30143,0.097082,336.59,77.237,6.9089,13.841,31.973,4476.8,22.859,46.326,49.749,80.631,2.3187,1.6659,3091.6,42.323,54.194,94.643,9.2594,60.079,37.361,40.173,2616.2,63.4,24.313,46.779,0.33382,8.9554,25.901,120.41,1.3297,75.532,23.481,2.2794,53.973,4.8523,224.48,0.013569,0.87464,65.8,19.306,43.749
324,2026-04-12T16:09:00,49.288,27.132,26.764,33.034,40.543,2687.0,3672.3,20.365,19.591,20.438,0.277,0.097082,336.69,77.303,7.0074,13.965,32.174,4430.6,22.012,44.886,51.207,80.612,2.2993,1.6974,3090.6,42.388,53.982,94.675,9.3089,61.905,41.651,40.423,2615.0,62.791,24.536,46.765,0.33199,8.9802,25.994,120.4,1.2833,74.806,23.516,2.2392,53.973,4.8988,227.24,0.013569,0.87464,65.819,19.186,43.749
325,2026-04-12T16:12:00,49.557,27.141,26.699,33.034,41.485,2687.0,3680.9,19.086,19.591,20.862,0.27691,0.097082,336.88,77.334,7.0074,13.965,32.174,4500.3,22.548,45.51,49.672,80.644,2.2993,1.6974,3089.1,41.929,53.147,94.671,9.2952,62.818,37.135,40.577,2614.9,62.644,26.269,47.199,0.33073,8.9802,25.994,120.42,1.2833,75.085,23.516,2.2392,53.973,4.8988,224.95,0.013569,0.87464,65.842,19.186,43.749
326,2026-04-12T16:15:00,48.814,25.302,26.833,32.28,40.551,2685.1,3646.1,18.049,19.03,20.664,0.25917,0.098212,336.79,77.403,6.8399,13.916,31.864,4468.3,22.983,43.789,49.069,80.601,2.2818,1.7062,3087.0,41.81,53.747,94.871,9.2727,61.65,35.361,42.049,2612.6,62.307,25.892,47.441,0.34682,8.9439,26.154,120.39,1.2399,74.562,22.912,2.3836,54.737,4.8893,229.73,0.004351,0.86206,65.911,19.157,43.401
327,2026-04-12T16:18:00,49.446,25.224,27.393,32.28,40.898,2684.6,3666.3,19.483,19.03,21.147,0.25996,0.098212,336.93,77.272,6.8399,13.916,31.864,4504.9,22.384,45.253,51.044,80.599,2.2818,1.7062,3085.9,42.332,53.309,94.75,9.3196,60.791,41.172,41.515,2611.9,61.958,27.065,47.936,0.3512,8.9439,26.154,120.39,1.2399,74.32,22.912,2.3836,54.737,4.8893,228.87,0.004351,0.86206,65.946,19.157,43.401
328,2026-04-12T16:21:00,51.116,28.417,27.193,32.866,40.303,2684.6,3665.9,18.453,19.669,20.707,0.29106,0.098212,336.53,77.465,6.9075,13.873,31.513,4487.5,22.813,49.116,50.698,80.589,2.3013,1.7053,3087.9,42.284,53.522,94.759,9.2669,59.3,40.156,41.598,2612.3,63.397,25.689,48.12,0.34113,9.0615,25.576,120.38,1.2626,74.037,23.305,2.3154,54.737,5.0001,231.51,0.004351,0.86206,65.956,19.424,43.401
329,2026-04-12T16:24:00,49.402,28.542,26.793,32.866,40.969,2685.5,3692.0,17.293,19.669,20.596,0.28979,0.098212,336.67,76.933,6.9075,13.873,31.513,4471.5,23.317,45.151,49.931,80.58,2.3013,1.7053,3086.6,42.056,53.713,94.633,9.2973,61.749,37.897,41.433,2611.9,62.946,25.974,48.446,0.34248,9.0615,25.576,120.42,1.2626,75.327,23.305,2.3154,54.737,5.0001,232.53,0.004351,0.86206,66.007,19.424,43.401
330,2026-04-12T16:27:00,50.771,32.207,27.116,32.76,40.563,2683.7,3701.0,17.981,19.547,20.867,0.33064,0.098212,337.28,77.472,6.8008,13.948,32.223,4426.4,23.02,48.318,50.51,80.451,2.2729,1.5911,3085.9,42.326,53.51,94.69,9.2039,60.177,39.6,41.24,2611.6,62.207,25.565,48.815,0.33568,8.8955,26.005,120.39,1.2426,75.482,23.156,2.3281,54.737,4.9424,233.05,0.004351,0.86206,66.013,18.854,43.401
331,2026-04-12T16:30:00,49.706,32.501,26.807,32.76,41.697,2686.6,3660.5,17.564,19.547,20.927,0.32765,0.11392,337.33,77.369,6.8008,13.948,32.223,4458.4,23.192,45.854,49.894,80.691,2.2729,1.5911,3088.9,42.23,53.127,94.654,9.3125,60.222,37.789,40.743,2614.3,62.904,25.484,48.824,0.33975,8.8955,26.005,120.41,1.2426,74.969,23.156,2.3281,53.208,4.9424,234.64,0.012459,0.85124,66.051,18.854,44.398
332,2026-04-12T16:33:00,48.882,25.904,27.224,32.893,40.47,2686.7,3701.6,19.055,18.915,21.202,0.26407,0.11392,338.18,77.532,6.9219,14.06,32.14,4512.3,22.552,43.946,49.717,80.776,2.2661,1.6605,3089.2,42.247,53.82,94.624,9.3616,58.765,37.268,41.622,2614.7,63.159,24.814,49.007,0.35005,9.0423,25.45,120.38,1.291,74.724,22.994,2.3978,53.208,4.9055,235.91,0.012459,0.85124,66.138,19.12,44.398
333,2026-04-12T16:36:00,51.228,25.745,27.049,32.893,42.237,2684.1,3673.3,16.542,18.915,20.636,0.26569,0.11392,337.25,77.453,6.9219,14.06,32.14,4522.7,23.617,49.376,49.379,80.524,2.2661,1.6605,3087.8,42.415,53.695,94.455,9.381,60.54,36.273,41.836,2611.3,63.646,23.959,49.453,0.3483,9.0423,25.45,120.44,1.291,75.096,22.994,2.3978,53.208,4.9055,234.2,0.012459,0.85124,66.169,19.12,44.398
334,2026-04-12T16:39:00,49.289,26.721,26.567,32.534,39.905,2684.4,3674.4,14.357,18.916,20.434,0.27201,0.11392,337.38,77.263,6.8209,14.09,32.022,4440.1,24.539,44.889,49.553,80.633,2.2718,1.6406,3086.5,42.411,53.998,94.674,9.3052,61.257,36.786,43.556,2612.5,62.583,26.057,49.619,0.36099,8.8494,25.906,120.39,1.2476,74.42,23.428,2.3492,53.208,4.9551,235.64,0.012459,0.85124,66.206,19.053,44.398
335,2026-04-12T16:42:00,49.574,26.977,27.28,32.534,41.358,2682.8,3666.6,17.517,18.916,20.913,0.2694,0.11392,337.32,77.28,6.8209,14.09,32.022,4460.7,23.207,45.548,49.692,80.578,2.2718,1.6406,3085.9,42.331,53.751,94.616,9.2423,62.125,37.192,43.387,2611.0,62.718,24.229,49.895,0.36236,8.8494,25.906,120.41,1.2476,74.684,23.428,2.3492,53.208,4.9551,235.82,0.012459,0.85124,66.223,19.053,44.398
336,2026-04-12T16:45:00,49.86,27.996,27.043,32.729,40.941,2683.5,3674.1,14.341,19.371,20.681,0.28401,0.10633,337.56,77.576,6.8438,14.053,31.818,4464.7,24.537,46.211,49.94,80.574,2.299,1.6719,3086.2,42.44,53.815,94.813,9.3071,59.665,37.924,44.021,2611.0,63.485,24.243,49.627,0.36663,8.934,25.492,120.37,1.2142,74.774,22.642,2.338,54.314,4.9124,239.41,0.0018534,0.86776,66.227,19.531,44.196
337,2026-04-12T16:48:00,51.166,28.02,27.285,32.729,42.175,2685.9,3688.4,16.934,19.371,21.228,0.28377,0.10633,337.88,77.79,6.8438,14.053,31.818,4476.5,23.43,49.233,51.395,80.814,2.299,1.6719,3086.3,42.295,53.673,94.342,9.2375,62.765,42.206,43.942,2614.4,63.238,24.981,49.93,0.36727,8.934,25.492,120.44,1.2142,74.922,22.642,2.338,54.314,4.9124,238.1,0.0018534,0.86776,66.303,19.531,44.196
338,2026-04-12T16:51:00,49.678,30.228,26.927,32.771,41.234,2684.2,3681.5,20.503,19.558,20.825,0.30648,0.10633,337.95,77.479,6.9279,13.975,31.675,4412.1,21.93,45.789,50.869,80.77,2.3061,1.694,3086.3,42.185,53.185,94.752,9.3197,61.046,40.656,43.336,2612.0,63.204,23.241,50.194,0.36734,9.0569,25.639,120.41,1.2609,75.004,23.056,2.3284,54.314,4.9735,237.16,0.0018534,0.86776,66.372,18.853,44.196
339,2026-04-12T16:54:00,48.653,30.245,26.864,32.771,41.727,2684.6,3671.5,20.994,19.558,20.835,0.30632,0.10633,338.07,77.465,6.9279,13.975,31.675,4446.5,21.723,43.418,51.042,80.741,2.3061,1.694,3086.6,42.765,52.774,94.401,9.2141,63.919,41.166,43.88,2612.0,63.375,25.383,50.103,0.36288,9.0569,25.639,120.38,1.2609,74.605,23.056,2.3284,54.314,4.9735,240.24,0.0018534,0.86776,66.392,18.853,44.196
340,2026-04-12T16:57:00,49.076,32.235,26.878,32.875,41.328,2684.4,3630.8,20.136,18.948,20.888,0.32288,0.10633,338.41,77.571,6.9861,13.923,32.003,4495.8,22.084,44.394,48.732,80.599,2.311,1.6518,3086.3,42.338,53.776,94.75,9.3033,63.685,34.369,42.599,2612.0,63.335,25.956,50.246,0.35845,8.9268,26.335,120.39,1.3367,73.819,23.208,2.2711,54.314,4.9523,240.69,0.0018534,0.86776,66.381,19.138,44.196
341,2026-04-12T17:00:00,50.286,32.073,26.563,32.875,40.86,2685.8,3648.0,17.12,18.948,21.001,0.32452,0.10821,338.62,77.32,6.9861,13.923,32.003,4495.3,23.363,47.196,49.061,80.508,2.311,1.6518,3086.5,42.14,53.782,94.503,9.4204,61.213,35.337,42.62,2613.3,63.039,26.742,50.83,0.35829,8.9268,26.335,120.4,1.3367,75.411,23.208,2.2711,54.447,4.9523,241.41,0.023055,0.85732,66.36,19.138,44.028
342,2026-04-12T17:03:00,51.191,29.346,27.016,33.279,41.569,2688.1,3624.5,20.654,18.871,21.562,0.29596,0.10821,339.49,77.656,6.97,13.855,32.094,4446.6,21.862,49.29,50.96,80.62,2.2659,1.7187,3086.6,42.29,53.629,94.706,9.4408,61.547,40.925,41.89,2616.1,62.862,24.353,51.126,0.35432,8.9037,26.079,120.4,1.2918,74.935,23.171,2.296,54.447,4.9416,242.43,0.023055,0.85732,66.386,19.328,44.028
343,2026-04-12T17:06:00,50.461,29.323,26.715,33.279,40.364,2689.1,3620.1,17.012,18.871,21.171,0.29619,0.10821,339.84,77.639,6.97,13.855,32.094,4477.4,23.391,47.602,48.147,80.657,2.2659,1.7187,3089.4,42.58,53.261,94.555,9.3054,63.034,32.648,42.139,2616.3,62.938,25.629,51.291,0.35228,8.9037,26.079,120.36,1.2918,73.829,23.171,2.296,54.447,4.9416,244.87,0.023055,0.85732,66.442,19.328,44.028
344,2026-04-12T17:09:00,51.335,28.516,26.76,32.854,41.64,2691.2,3625.3,17.186,19.119,21.445,0.28984,0.10821,340.42,77.708,7.0017,13.886,32.674,4447.5,23.309,49.623,50.071,80.67,2.2744,1.7203,3089.8,42.116,53.075,94.664,9.3705,61.837,38.309,41.022,2619.2,62.899,23.427,51.687,0.34734,8.7962,25.586,120.41,1.3062,74.741,23.286,2.3729,54.447,4.9404,244.68,0.023055,0.85732,66.509,19.16,44.028
345,2026-04-12T17:12:00,47.409,28.433,26.943,32.854,41.67,2693.9,3640.1,21.396,19.119,21.891,0.29069,0.10821,341.43,77.796,7.0017,13.886,32.674,4442.1,21.525,40.537,49.773,80.788,2.2744,1.7203,3090.9,42.772,53.139,94.513,9.2818,60.161,37.431,41.158,2622.8,62.644,25.561,52.029,0.34622,8.7962,25.586,120.39,1.3062,75.419,23.286,2.3729,54.447,4.9404,245.07,0.023055,0.85732,66.572,19.16,44.028
346,2026-04-12T17:15:00,48.533,22.849,26.66,32.9,40.441,2692.2,3623.9,18.25,18.774,21.912,0.23104,0.10149,341.49,77.336,6.8095,13.739,32.322,4464.6,22.863,43.14,50.739,80.616,2.3292,1.6629,3089.7,42.362,53.204,94.699,9.3751,61.641,40.276,41.698,2620.8,62.547,25.922,52.028,0.34928,8.7252,25.819,120.39,1.1623,74.751,23.141,2.2984,53.719,4.8814,246.82,0.024551,0.86335,66.594,19.126,43.425
347,2026-04-12T17:18:00,49.86,22.581,26.847,32.9,40.968,2690.0,3622.4,15.503,18.774,21.679,0.23376,0.10149,341.26,77.133,6.8095,13.739,32.322,4418.6,24.03,46.209,51.884,80.288,2.3292,1.6629,3087.8,42.141,53.754,94.707,9.4274,61.333,43.644,41.453,2618.2,62.573,25.561,52.294,0.35129,8.7252,25.819,120.38,1.1623,75.163,23.141,2.2984,53.719,4.8814,247.03,0.024551,0.86335,66.568,19.126,43.425
348,2026-04-12T17:21:00,51.839,25.617,26.883,33.218,40.675,2692.1,3652.8,20.57,19.12,21.955,0.26457,0.10149,341.96,77.498,6.6718,13.827,32.39,4389.2,21.888,50.789,50.385,80.331,2.3257,1.7011,3089.5,42.308,54.127,94.71,9.5282,61.476,39.232,39.492,2621.3,63.713,24.464,52.359,0.33506,8.8681,26.468,120.42,1.1908,74.761,23.071,2.277,53.719,4.9115,249.51,0.024551,0.86335,66.518,18.765,43.425
349,2026-04-12T17:24:00,51.713,25.631,26.982,33.218,42.002,2694.1,3640.1,18.047,19.12,22.294,0.26442,0.10149,342.04,77.771,6.6718,13.827,32.39,4436.6,22.939,50.498,49.391,80.453,2.3257,1.7011,3091.7,42.66,53.56,94.452,9.3272,58.87,36.307,39.445,2622.3,63.933,23.323,52.668,0.33544,8.8681,26.468,120.42,1.1908,74.537,23.071,2.277,53.719,4.9115,249.22,0.024551,0.86335,66.527,18.765,43.425
350,2026-04-12T17:27:00,49.566,25.005,26.895,33.385,41.514,2695.6,3711.6,21.448,18.895,22.297,0.25428,0.10149,342.21,77.622,6.7449,13.869,32.475,4467.4,21.505,45.531,49.502,80.52,2.26,1.6195,3093.8,42.336,54.049,94.418,9.468,61.992,36.633,40.72,2624.1,64.043,25.029,52.871,0.34377,9.0076,25.554,120.42,1.2508,74.726,23.245,2.2748,53.719,4.9223,250.09,0.024551,0.86335,66.581,18.915,43.425
351,2026-04-12T17:30:00,49.922,24.964,27.049,33.385,42.293,2694.4,3727.4,16.132,18.895,21.708,0.25469,0.090277,341.9,77.443,6.7449,13.869,32.475,4469.9,23.751,46.353,49.125,80.364,2.26,1.6195,3090.2,42.06,54.02,94.291,9.4371,61.028,35.526,40.697,2622.6,63.771,23.349,53.159,0.34395,9.0076,25.554,120.44,1.2508,75.946,23.245,2.2748,53.884,4.9223,252.22,0.0055918,0.81646,66.612,18.915,43.044
352,2026-04-12T17:33:00,51.722,23.902,26.837,33.453,41.521,2693.2,3727.7,18.613,18.536,22.104,0.24379,0.090277,342.67,77.188,6.7668,13.898,32.375,4465.0,22.716,50.518,48.854,80.317,2.2924,1.6479,3084.2,42.65,53.701,94.338,9.3831,63.789,34.727,41.155,2622.1,63.288,26.098,53.444,0.34975,9.0038,25.767,120.38,1.2175,74.813,23.341,2.4259,53.884,4.9576,253.11,0.0055918,0.81646,66.645,18.501,43.044
353,2026-04-12T17:36:00,49.479,24.04,26.931,33.453,42.826,2693.1,3729.9,16.252,18.536,22.152,0.24239,0.090277,342.45,77.594,6.7668,13.898,32.375,4482.5,23.697,45.328,49.363,80.327,2.2924,1.6479,3078.6,42.141,53.491,94.474,9.3936,62.784,36.225,41.674,2622.2,63.249,23.466,53.742,0.34549,9.0038,25.767,120.44,1.2175,74.034,23.341,2.4259,53.884,4.9576,253.88,0.0055918,0.81646,66.651,18.501,43.044
354,2026-04-12T17:39:00,50.198,24.684,26.711,33.524,40.439,2694.8,3679.3,16.761,18.629,21.934,0.25031,0.090277,342.42,77.604,6.8276,13.944,32.559,4501.4,23.477,46.993,49.129,80.459,2.3213,1.6697,3086.6,42.286,54.291,94.271,9.3309,62.531,35.535,41.878,2624.5,64.049,25.229,54.08,0.35076,8.8314,25.706,120.37,1.2632,75.368,23.105,2.2282,53.884,4.9315,254.15,0.0055918,0.81646,66.72,18.724,43.044
355,2026-04-12T17:42:00,48.036,24.683,26.945,33.524,42.141,2696.5,3714.9,18.816,18.629,22.11,0.25033,0.090277,342.44,77.694,6.8276,13.944,32.559,4536.2,22.6,41.99,51.365,80.627,2.3213,1.6697,3096.2,42.051,53.874,94.342,9.3056,62.407,42.118,42.333,2625.7,63.435,23.744,54.176,0.34703,8.8314,25.706,120.41,1.2632,74.712,23.105,2.2282,53.884,4.9315,257.07,0.0055918,0.81646,66.785,18.724,43.044
356,2026-04-12T17:45:00,48.246,22.767,26.924,33.363,41.482,2694.6,3678.3,17.352,18.236,21.76,0.22839,0.089668,342.29,77.595,6.8507,13.859,32.165,4525.8,23.213,42.474,49.472,80.517,2.3127,1.6469,3093.8,42.819,53.478,94.472,9.4438,61.823,36.547,42.562,2623.3,63.611,24.911,53.598,0.3564,8.8395,26.245,120.39,1.2288,73.847,23.487,2.302,52.909,4.9219,254.17,0.019322,0.804,66.849,18.433,43.405
357,2026-04-12T17:48:00,49.624,22.682,27.129,33.363,42.047,2693.0,3705.2,17.399,18.236,22.024,0.22926,0.089668,342.51,77.261,6.8507,13.859,32.165,4444.9,23.209,45.664,50.182,80.327,2.3127,1.6469,3082.6,42.401,54.446,94.47,9.3248,62.578,38.635,42.468,2622.0,63.148,24.691,53.628,0.35717,8.8395,26.245,120.41,1.2288,75.262,23.487,2.302,52.909,4.9219,252.02,0.019322,0.804,66.824,18.433,43.405
358,2026-04-12T17:51:00,50.459,26.292,27.006,33.522,40.89,2693.8,3694.1,20.324,18.72,21.902,0.26511,0.089668,342.78,76.984,6.9619,13.716,31.693,4538.2,21.99,47.596,47.529,80.207,2.2598,1.6522,3083,42.617,54.077,94.464,9.3435,61.991,30.829,41.741,2622.3,63.178,25.156,53.503,0.34551,8.9954,26.179,120.39,1.2158,74.435,23.229,2.3564,52.909,4.9267,251.68,0.019322,0.804,66.752,18.738,43.405
359,2026-04-12T17:54:00,47.462,26.444,26.733,33.522,41.24,2695.2,3684.2,16.801,18.72,22.091,0.26356,0.089668,342.79,77.533,6.9619,13.716,31.693,4522.3,23.465,40.66,50.274,80.22,2.2598,1.6522,3089.8,42.791,54.268,94.524,9.5289,63.112,38.908,41.39,2623.5,63.348,27.724,53.178,0.34839,8.9954,26.179,120.39,1.2158,74.09,23.229,2.3564,52.909,4.9267,253.61,0.019322,0.804,66.667,18.738,43.405
360,2026-04-12T17:57:00,50.296,30.943,26.912,33.885,41.028,2700.2,3666.0,18.483,18.411,22.264,0.31449,0.089668,342.95,78.031,7.0086,13.815,32.302,4491.4,22.733,47.22,50.995,80.442,2.2623,1.6656,3107.4,42.723,53.923,94.423,9.4551,63.058,41.028,39.212,2629.2,62.662,26.236,53.276,0.33445,8.9262,25.889,120.4,1.4469,75.363,23.415,2.2615,52.909,4.9291,250.78,0.019322,0.804,66.659,18.429,43.405
361,2026-04-12T18:00:00,49.462,30.814,26.924,33.885,42.082,2705.0,3697.4,16.341,18.411,22.676,0.31581,0.092981,343.38,77.913,7.0086,13.815,32.302,4501.0,23.629,45.289,50.775,80.606,2.2623,1.6656,3120.6,42.353,53.808,94.434,9.4771,61.975,40.38,39.237,2633.7,62.123,25.874,52.803,0.33425,8.9262,25.889,120.41,1.4469,74.842,23.415,2.2615,53.935,4.9291,250.24,0.002162,0.80003,66.703,18.429,43.615
362,2026-04-12T18:03:00,51.632,25.429,27.06,33.078,41.108,2705.6,3676.5,16.74,18.734,22.898,0.25678,0.092981,343.9,77.712,6.818,13.823,32.105,4557.4,23.457,50.311,49.95,80.624,2.2405,1.6844,3120.6,42.254,53.922,94.419,9.3174,60.592,37.952,40.67,2636.3,61.976,25.543,52.661,0.34356,8.9259,26.074,120.39,1.1684,74.417,23.66,2.3039,53.935,4.9236,248.27,0.002162,0.80003,66.748,18.767,43.615
363,2026-04-12T18:06:00,48.84,25.195,26.943,33.078,41.474,2705.3,3645.8,20.481,18.734,22.628,0.25915,0.092981,343.61,77.651,6.818,13.823,32.105,4512.8,21.876,43.849,49.918,80.498,2.2405,1.6844,3124.2,42.353,54.456,94.421,9.3694,61.765,37.857,40.3,2634.2,62.503,23.84,52.56,0.34659,8.9259,26.074,120.38,1.1684,74.335,23.66,2.3039,53.935,4.9236,245.84,0.002162,0.80003,66.745,18.767,43.615
364,2026-04-12T18:09:00,50.085,27.335,27.191,33.894,41.036,2704.7,3656.7,20.567,18.963,22.564,0.27514,0.092981,344.21,77.725,6.9465,13.715,32.88,4496.8,21.84,46.732,49.663,80.258,2.2734,1.7109,3122.6,42.489,53.848,94.522,9.417,60.079,37.11,40.404,2634.1,63.958,25.533,52.271,0.3475,8.9044,25.992,120.36,1.2587,74.942,23.741,2.3447,53.935,5.1033,245.57,0.002162,0.80003,66.658,18.252,43.615
365,2026-04-12T18:12:00,50.162,27.473,26.889,33.894,41.744,2702.9,3687.8,16.385,18.963,22.535,0.27374,0.092981,344.47,77.201,6.9465,13.715,32.88,4527.0,23.62,46.91,50.773,80.119,2.2734,1.7109,3116.2,42.358,53.486,94.338,9.4762,62.294,40.375,40.629,2632.0,63.423,26.052,52.059,0.34565,8.9044,25.992,120.4,1.2587,75.242,23.741,2.3447,53.935,5.1033,244.51,0.002162,0.80003,66.579,18.252,43.615
366,2026-04-12T18:15:00,49.884,19.626,26.857,33.501,40.711,2702.2,3672.9,18.55,18.309,22.721,0.19742,0.094183,344.77,76.965,6.9429,13.78,32.505,4557.1,22.722,46.265,50.559,79.99,2.2964,1.6735,3109.8,42.957,54.436,94.593,9.3306,62.421,39.744,39.305,2631.5,62.552,25.116,51.382,0.33204,8.8423,25.677,120.4,1.1211,74.645,23.605,2.3266,54.215,4.8643,246.9,0.021541,0.8081,66.468,18.56,43.23
367,2026-04-12T18:18:00,51.064,19.511,26.967,33.501,41.774,2704.0,3618.1,17.957,18.309,23.248,0.19859,0.094183,344.88,77.504,6.9429,13.78,32.505,4559.3,22.961,48.997,50.658,79.992,2.2964,1.6735,3105.8,42.275,54.409,94.481,9.3344,63.349,40.036,39.24,2633.8,63.495,23.575,51.12,0.33257,8.8423,25.677,120.4,1.1211,74.178,23.605,2.3266,54.215,4.8643,245.7,0.021541,0.8081,66.362,18.56,43.23
368,2026-04-12T18:21:00,49.885,22.62,26.939,33.833,40.64,2706.8,3646.9,20.121,18.69,23.195,0.22896,0.094183,344.85,77.781,6.8075,13.766,32.555,4503.6,22.032,46.268,49.578,80.341,2.2536,1.6701,3118.6,41.994,54.382,94.621,9.2621,62.453,36.858,39.706,2636.8,62.972,24.344,51.035,0.34205,8.8255,26.249,120.39,1.4412,75.224,23.532,2.3189,54.215,4.9281,242.5,0.021541,0.8081,66.345,18.424,43.23
369,2026-04-12T18:24:00,49.828,22.545,27.18,33.833,41.24,2705.3,3642.0,19.527,18.69,23.129,0.22972,0.094183,344.23,77.304,6.8075,13.766,32.555,4529.0,22.294,46.135,49.539,80.232,2.2536,1.6701,3117.4,42.243,54.077,94.508,9.4694,61.307,36.744,40.075,2634.9,63.057,26.366,50.729,0.33902,8.8255,26.249,120.39,1.4412,74.27,23.532,2.3189,54.215,4.9281,241.73,0.021541,0.8081,66.359,18.424,43.23
370,2026-04-12T18:27:00,49.733,21.83,26.8,33.418,40.963,2701.9,3702.5,17.563,18.54,22.395,0.22016,0.094183,344.18,77.125,6.853,13.796,32.86,4552.2,23.136,45.915,49.707,79.952,2.2543,1.6321,3111,42.448,54.182,94.573,9.4092,62.742,37.238,40.154,2631.7,63.21,24.363,50.293,0.33483,9.0211,26.256,120.41,1.3656,74.539,23.813,2.2845,54.215,4.8609,242.51,0.021541,0.8081,66.291,18.675,43.23
371,2026-04-12T18:30:00,50.995,21.739,26.882,33.418,41.743,2702.8,3670.5,17.558,18.54,22.797,0.22108,0.086921,344.34,77.571,6.853,13.796,32.86,4560.1,23.131,48.838,50.156,79.989,2.2543,1.6321,3110.6,42.167,54.088,94.437,9.3417,62.006,38.558,39.796,2632.2,63.76,24.815,50.111,0.33777,9.0211,26.256,120.41,1.3656,74.509,23.813,2.2845,54.647,4.8609,242.18,0.032042,0.79613,66.19,18.675,43.914
372,2026-04-12T18:33:00,50.032,18.482,26.983,33.721,41.077,2703.4,3655.2,17.064,18.88,22.811,0.18451,0.086921,344.44,77.502,6.9207,13.718,32.349,4504.3,23.337,46.609,49.512,80.178,2.2459,1.6736,3105.8,42.664,54.178,94.522,9.2912,61.723,36.665,40.232,2633.0,63.674,23.98,49.959,0.34031,8.8695,25.779,120.39,1.2247,75.54,23.692,2.3363,54.647,4.8447,240.55,0.032042,0.79613,66.182,18.536,43.914
373,2026-04-12T18:36:00,47.327,18.277,26.977,33.721,41.879,2703.3,3727.4,21.53,18.88,23.073,0.18659,0.086921,343.84,77.874,6.9207,13.718,32.349,4532.6,21.436,40.347,49.887,80.405,2.2459,1.6736,3110.2,42.18,53.839,94.478,9.3913,61.471,37.769,40.326,2633.6,62.432,25.262,49.646,0.33953,8.8695,25.779,120.41,1.2247,75.154,23.692,2.3363,54.647,4.8447,240.67,0.032042,0.79613,66.226,18.536,43.914
374,2026-04-12T18:39:00,50.419,22.639,26.777,33.629,40.821,2702.8,3664.7,17.855,18.729,22.702,0.23225,0.086921,343.31,77.341,6.8471,13.849,32.369,4520.4,22.995,47.504,48.295,80.33,2.254,1.6906,3107.4,42.177,54.354,94.567,9.2548,61.944,33.082,39.212,2632.1,62.911,26.1,49.505,0.33062,8.8467,26.19,120.37,0.91428,75.749,23.428,2.3719,54.647,4.7804,238.86,0.032042,0.79613,66.233,18.552,43.914
375,2026-04-12T18:42:00,50.119,22.698,26.295,33.629,41.414,2699.9,3662.0,17.236,18.729,22.139,0.23166,0.086921,343.45,76.814,6.8471,13.849,32.369,4516.7,23.284,46.809,50.459,79.98,2.254,1.6906,3103,42.399,54.398,94.643,9.425,61.512,39.451,39.084,2629.1,62.957,25.707,49.546,0.33167,8.8467,26.19,120.4,0.91428,75.94,23.428,2.3719,54.647,4.7804,235.06,0.032042,0.79613,66.178,18.552,43.914
376,2026-04-12T18:45:00,48.517,22.348,27.286,33.2,41.354,2701.1,3674.4,18.317,18.333,22.681,0.22797,0.092035,343.36,77.398,6.7625,13.689,32.501,4548.4,22.817,43.103,51.36,80.08,2.2816,1.6379,3103,42.271,54.019,94.652,9.4299,61.116,42.103,41.263,2629.6,63.388,25.102,48.915,0.34203,9.0572,26.162,120.42,1.1908,75.208,23.742,2.2329,54.005,4.9398,234.74,0.0085051,0.78235,66.066,18.777,43.936
377,2026-04-12T18:48:00,48.807,22.401,26.814,33.2,40.747,2700.0,3680.4,15.796,18.333,22.517,0.22743,0.092035,343.32,77.325,6.7625,13.689,32.501,4543.4,23.881,43.774,50.016,80.102,2.2816,1.6379,3102.2,42.587,54.079,94.537,9.4946,61.318,38.148,41.138,2629.3,63.284,24.072,48.373,0.34305,9.0572,26.162,120.4,1.1908,75.189,23.742,2.2329,54.005,4.9398,235.77,0.0085051,0.78235,66.022,18.777,43.936
378,2026-04-12T18:51:00,49.147,20.817,27.181,33.802,41.672,2699.8,3760.9,17.131,17.958,22.775,0.21278,0.092035,343.03,77.349,6.9351,13.68,32.352,4507.8,23.321,44.56,50.851,80.159,2.2795,1.6053,3098.6,42.289,53.971,94.595,9.3763,60.944,40.604,38.766,2629.8,62.713,24.89,48.162,0.32674,8.6579,26.457,120.38,1.2098,75.537,23.825,2.3206,54.005,4.7749,233.11,0.0085051,0.78235,65.994,18.13,43.936
379,2026-04-12T18:54:00,47.936,21.069,27.204,33.802,41.15,2698.6,3696.9,17.657,17.958,22.54,0.21021,0.092035,342.93,77.241,6.9351,13.68,32.352,4523.2,23.104,41.756,50.503,80.161,2.2795,1.6053,3097,42.418,53.787,94.47,9.3797,62.898,39.579,38.838,2628.0,63.815,26.714,47.82,0.32615,8.6579,26.457,120.4,1.2098,75.639,23.825,2.3206,54.005,4.7749,231.89,0.0085051,0.78235,65.956,18.13,43.936
380,2026-04-12T18:57:00,49.752,22.027,26.39,33.175,41.145,2698.1,3679.4,17.1,18.585,21.938,0.22424,0.092035,342.43,77.2,6.9607,13.775,32.271,4577.1,23.347,45.959,49.431,80.082,2.2495,1.6418,3095.4,42.408,54.784,94.593,9.3012,62.285,36.427,38.626,2626.9,62.634,23.894,47.387,0.32424,8.788,26.241,120.39,1.238,75.498,23.725,2.2197,54.005,4.7364,231.74,0.0085051,0.78235,65.911,18.723,43.936
381,2026-04-12T19:00:00,52.251,22.116,26.933,33.175,40.982,2699.2,3667.4,17.311,18.585,22.356,0.22333,0.083696,341.79,77.759,6.9607,13.775,32.271,4568.1,23.241,51.744,49.798,80.227,2.2495,1.6418,3102.2,42.291,54.892,94.618,9.2742,63.186,37.507,39.049,2628.0,62.84,24.895,46.675,0.32078,8.788,26.241,120.4,1.238,74.438,23.725,2.2197,53.494,4.7364,229.87,0.021483,0.80998,65.854,18.723,43.756
382,2026-04-12T19:03:00,49.853,22.758,26.66,33.224,41.355,2703.6,3664.4,19.643,18.52,22.545,0.22998,0.083696,341.82,78.222,6.8475,13.739,32.489,4513.6,22.224,46.193,48.677,80.76,2.2441,1.6475,3113,42.157,54.148,94.555,9.4249,60.97,34.207,39.395,2633.0,62.606,23.87,46.462,0.3377,8.9015,26.344,120.39,1.2773,75.529,23.565,2.3148,53.494,4.8078,225.11,0.021483,0.80998,65.876,18.688,43.756
383,2026-04-12T19:06:00,49.371,22.975,26.939,33.224,41.937,2702.6,3621.7,21.011,18.52,22.419,0.22778,0.083696,341.67,77.362,6.8475,13.739,32.489,4517.7,21.661,45.077,49.7,80.741,2.2441,1.6475,3116.6,41.933,54.099,94.531,9.4271,60.82,37.217,39.332,2632.1,63.34,26.008,45.812,0.33822,8.9015,26.344,120.43,1.2773,74.981,23.565,2.3148,53.494,4.8078,225.18,0.021483,0.80998,65.954,18.688,43.756
384,2026-04-12T19:09:00,46.788,20.5,27.038,32.969,40.723,2698.1,3690.4,21.612,18.464,22.148,0.20684,0.083696,341.6,77.223,7.0796,13.788,32.296,4555.1,21.417,39.1,50.314,80.393,2.2569,1.6383,3099.8,42.264,53.748,94.551,9.3457,60.481,39.024,39.5,2626.9,63.131,24.619,45.535,0.3282,8.9062,26.383,120.39,1.2221,75.692,23.802,2.2252,53.494,4.8958,221.15,0.021483,0.80998,65.899,18.793,43.756
385,2026-04-12T19:12:00,49.702,20.303,26.917,32.969,41.256,2695.1,3671.8,18.196,18.464,22.049,0.20884,0.083696,341.19,76.963,7.0796,13.788,32.296,4510.9,22.876,45.845,49.723,80.067,2.2569,1.6383,3083.8,42.482,54.277,94.732,9.3545,58.019,37.284,39.536,2623.4,63.45,24.881,45.202,0.3279,8.9062,26.383,120.41,1.2221,75.085,23.802,2.2252,53.494,4.8958,217.89,0.021483,0.80998,65.716,18.793,43.756
386,2026-04-12T19:15:00,50.916,22.141,26.788,33.406,40.436,2692.8,3588.8,17.617,18.85,22.021,0.22314,0.096685,341.01,77.081,6.8827,13.685,32.698,4527.6,23.125,48.653,48.71,80.036,2.2466,1.6496,3077.8,42.014,53.826,94.849,9.1996,63.578,34.304,40.302,2621.4,62.766,25.512,44.875,0.33155,8.9238,26.467,120.37,1.408,74.957,23.613,2.4298,54.733,5.0165,221.7,0.035175,0.84123,65.623,18.432,43.944
387,2026-04-12T19:18:00,48.185,22.008,27.083,33.406,40.353,2693.4,3599.9,20.599,18.85,21.977,0.2245,0.096685,340.61,77.107,6.8827,13.685,32.698,4485.1,21.876,42.333,50.888,80.068,2.2466,1.6496,3076.6,42.169,54.335,94.826,9.2801,59.958,40.714,39.778,2620.8,62.576,25.492,44.661,0.33585,8.9238,26.467,120.38,1.408,74.985,23.613,2.4298,54.733,5.0165,220.29,0.035175,0.84123,65.494,18.432,43.944
388,2026-04-12T19:21:00,48.982,17.846,26.91,33.548,40.774,2693.5,3644.7,18.465,18.561,21.93,0.18271,0.096685,340.49,77.221,6.8379,13.982,32.029,4548.3,22.78,44.177,52.276,80.062,2.2753,1.6612,3080.6,42.227,54.491,94.915,9.3167,61.646,44.797,38.371,2621.6,63.437,24.484,44.548,0.3237,8.8994,26.761,120.39,1.2228,74.07,23.852,2.2453,54.733,4.8264,217.76,0.035175,0.84123,65.441,18.713,43.944
389,2026-04-12T19:24:00,49.966,17.983,26.897,33.548,41.636,2695.4,3640.8,19.878,18.561,21.798,0.18131,0.096685,340.08,77.504,6.8379,13.982,32.029,4516.2,22.175,46.455,49.324,80.361,2.2753,1.6612,3093.4,42.32,54.876,94.655,9.2787,60.784,36.111,38.71,2624.3,63.504,25.746,44.202,0.32092,8.8994,26.761,120.41,1.2228,75.603,23.852,2.2453,54.733,4.8264,217.84,0.035175,0.84123,65.389,18.713,43.944
390,2026-04-12T19:27:00,50.398,24.191,27.098,33.082,40.812,2695.7,3693.5,17.067,18.381,21.681,0.24382,0.096685,339.71,77.521,6.6973,13.847,31.991,4522.7,23.353,47.455,49.617,80.486,2.2777,1.6699,3100.6,42.031,54.144,94.716,9.4079,61.121,36.974,42.49,2624.6,63.011,24.08,44.005,0.35518,8.8518,26.397,120.39,1.3772,74.512,23.574,2.2999,54.733,4.8801,216.23,0.035175,0.84123,65.4,18.68,43.944
391,2026-04-12T19:30:00,51.368,24.132,27.001,33.082,41.191,2695.5,3708.3,16.691,18.381,21.59,0.24442,0.088489,339.58,77.256,6.6973,13.847,31.991,4563.9,23.519,49.701,50.579,80.461,2.2777,1.6699,3099,42.561,53.651,94.508,9.33,58.992,39.803,42.235,2624.0,62.756,23.986,44.42,0.35728,8.8518,26.397,120.41,1.3772,75.689,23.574,2.2999,54.046,4.8801,216.51,0.013257,0.82432,65.439,18.68,43.81
392,2026-04-12T19:33:00,51.11,24.729,27.125,32.852,41.243,2694.9,3677.6,16.873,18.969,21.512,0.24944,0.088489,339.34,77.253,7.0166,13.644,32.345,4515.4,23.444,49.102,49.878,80.398,2.2986,1.6863,3097.8,42.225,54.326,94.699,9.2088,61.401,37.742,40.664,2622.7,64.625,23.546,44.419,0.3418,8.9024,25.851,120.42,1.18,75.208,23.575,2.312,54.046,4.9686,216.51,0.013257,0.82432,65.449,18.916,43.81
393,2026-04-12T19:36:00,49.379,24.684,26.927,32.852,42.129,2693.7,3716.1,17.142,18.969,21.445,0.24989,0.088489,339.22,77.128,7.0166,13.644,32.345,4515.9,23.336,45.097,49.997,80.414,2.2986,1.6863,3094.2,42.108,54.319,94.429,9.212,60.903,38.092,40.978,2622.3,63.963,25.067,44.259,0.33922,8.9024,25.851,120.41,1.18,74.938,23.575,2.312,54.046,4.9686,218.29,0.013257,0.82432,65.421,18.916,43.81
394,2026-04-12T19:39:00,50.104,21.37,26.785,32.469,39.742,2692.3,3633.9,20.615,18.776,21.617,0.2156,0.088489,339.64,77.292,6.9313,13.748,32.214,4497.2,21.871,46.775,50.59,80.4,2.1973,1.6535,3082.6,42.144,53.959,94.765,9.276,61.701,39.837,37.9,2620.5,62.601,25.312,44.414,0.31897,8.9325,26.555,120.37,1.182,74.848,23.499,2.3734,54.046,4.7777,216.56,0.013257,0.82432,65.418,18.656,43.81
395,2026-04-12T19:42:00,49.438,21.138,26.576,32.469,40.964,2692.0,3626.2,18.833,18.776,21.217,0.21796,0.088489,338.37,77.406,6.9313,13.748,32.214,4499.0,22.619,45.233,51.6,80.417,2.1973,1.6535,3084.6,42.412,53.938,94.736,9.264,60.329,42.809,38.44,2620.4,62.733,25.401,44.381,0.31454,8.9325,26.555,120.4,1.182,74.818,23.499,2.3734,54.046,4.7777,216.92,0.013257,0.82432,65.419,18.656,43.81
396,2026-04-12T19:45:00,49.38,22.515,27.189,32.505,41.332,2692.7,3655.7,19.05,19.089,21.551,0.22739,0.097215,339.18,77.207,7.1752,13.535,32.336,4527.3,22.532,45.099,50.583,80.441,2.3039,1.6348,3089.4,42.239,54.236,94.772,9.2196,59.759,39.816,39.248,2621.2,62.887,25.348,44.029,0.32918,8.6064,26.458,120.4,1.2785,74.514,23.982,2.3047,54.312,4.9245,215.96,0.023099,0.84381,65.43,18.924,43.701
397,2026-04-12T19:48:00,48.91,22.358,26.89,32.505,40.997,2692.5,3649.6,17.782,19.089,21.127,0.22899,0.097215,338.4,77.527,7.1752,13.535,32.336,4532.1,23.061,44.01,50.033,80.419,2.3039,1.6348,3091.4,42.328,54.179,94.675,9.3096,58.012,38.196,39.084,2620.9,62.992,24.137,44.082,0.33052,8.6064,26.458,120.39,1.2785,74.931,23.982,2.3047,54.312,4.9245,213.22,0.023099,0.84381,65.383,18.924,43.701
398,2026-04-12T19:51:00,49.093,21.207,27.046,32.858,40.398,2694.8,3582.6,20.302,18.993,21.51,0.21533,0.097215,338.54,77.677,6.9766,13.818,32.302,4499.3,21.988,44.435,49.662,80.592,2.3022,1.665,3095,42.198,53.911,94.883,9.3002,61.473,37.106,36.297,2622.5,61.844,23.952,43.804,0.30445,8.8844,26.389,120.37,1.2415,75.084,23.789,2.3563,54.312,4.8809,214.21,0.023099,0.84381,65.419,18.986,43.701
399,2026-04-12T19:54:00,50.378,21.153,26.812,32.858,40.517,2694.9,3572.8,17.973,18.993,21.53,0.21588,0.097215,338.64,77.164,6.9766,13.818,32.302,4521.3,22.989,47.408,50.395,80.449,2.3022,1.665,3092.6,42.154,53.648,94.875,9.2814,64.476,39.263,36.275,2621.9,62.014,25.837,43.758,0.30463,8.8844,26.389,120.4,1.2415,74.882,23.789,2.3563,54.312,4.8809,212.59,0.023099,0.84381,65.407,18.986,43.701
400,2026-04-12T19:57:00,50.416,21.414,26.904,32.631,40.498,2695.2,3623.6,18.01,19.011,21.687,0.21707,0.097215,338.59,77.231,6.9574,13.889,32.174,4505.7,22.973,47.497,49.88,80.409,2.2994,1.622,3095.8,42.223,53.653,94.911,9.3538,62.292,37.747,39.841,2623.5,62.698,24.902,43.507,0.33578,8.8686,26.568,120.38,1.4142,74.795,23.756,2.2407,54.312,4.941,213.33,0.023099,0.84381,65.349,19.467,43.701
401,2026-04-12T20:00:00,49.286,21.574,26.916,32.631,40.927,2696.1,3628.1,17.419,19.011,21.386,0.21544,0.10411,338.61,77.321,6.9574,13.889,32.174,4502.7,23.218,44.882,50.675,80.434,2.2994,1.622,3100.2,42.172,53.689,94.79,9.4078,60.658,40.085,39.805,2623.7,62.621,26.711,43.643,0.33607,8.8686,26.568,120.42,1.4142,74.44,23.756,2.2407,53.394,4.941,215.27,0.025975,0.85812,65.34,19.467,43.193
402,2026-04-12T20:03:00,51.612,22.455,27.286,32.718,40.068,2695.4,3644.0,16.3,19.244,21.712,0.23006,0.10411,338.16,77.291,6.8865,13.938,31.768,4406.1,23.69,50.266,47.705,80.496,2.2807,1.6698,3099,42.582,53.589,94.828,9.4361,60.286,31.345,41.287,2623.9,62.435,23.977,43.727,0.33978,8.9195,26.341,120.37,1.3772,75.297,23.503,2.2265,53.394,4.9029,214.66,0.025975,0.85812,65.323,19.51,43.193
403,2026-04-12T20:06:00,50.192,22.727,26.954,32.718,41.117,2694.1,3653.3,16.876,19.244,21.347,0.22729,0.10411,338.56,77.222,6.8865,13.938,31.768,4386.3,23.453,46.979,49.496,80.312,2.2807,1.6698,3094.2,42.085,53.826,94.814,9.2943,61.142,36.616,41.136,2622.6,62.276,24.582,43.845,0.34102,8.9195,26.341,120.41,1.3772,75.376,23.503,2.2265,53.394,4.9029,213.69,0.025975,0.85812,65.299,19.51,43.193
404,2026-04-12T20:09:00,49.965,26.49,26.848,32.967,40.979,2695.8,3642.3,16.143,19.088,21.228,0.27213,0.10411,338.59,77.242,6.8204,13.82,31.823,4435.6,23.766,46.453,49.865,80.316,2.2788,1.6465,3100.6,42.458,53.01,94.773,9.381,61.087,37.703,41.79,2623.5,63.048,24.301,43.731,0.34746,8.9006,26.03,120.39,1.1897,75.251,24.158,2.2116,53.394,4.9636,215.33,0.025975,0.85812,65.264,18.908,43.193
405,2026-04-12T20:12:00,50.297,26.596,26.696,32.967,41.176,2696.9,3661.3,19.371,19.088,21.64,0.27105,0.10411,339.39,77.341,6.8204,13.82,31.823,4405.1,22.411,47.222,50.221,80.273,2.2788,1.6465,3098.6,42.367,53.375,94.777,9.4056,61.035,38.751,41.777,2625.2,62.721,25.511,43.687,0.34757,8.9006,26.03,120.41,1.1897,75.253,24.158,2.2116,53.394,4.9636,216.22,0.025975,0.85812,65.214,18.908,43.193
406,2026-04-12T20:15:00,49.606,26.596,26.969,32.724,40.886,2697.5,3669.6,21.022,19.402,21.238,0.26856,0.1218,339.06,77.353,7.0093,13.819,31.871,4516.4,21.716,45.622,50.687,80.215,2.2757,1.7009,3110.2,42.439,53.447,94.644,9.4835,60.642,40.123,40.134,2624.7,63.185,26.65,44.155,0.33597,8.9443,26.102,120.4,1.4029,74.592,23.54,2.233,53.687,4.8724,215.75,0.015643,0.86309,65.228,18.934,44.47
407,2026-04-12T20:18:00,50.863,26.461,26.797,32.724,41.266,2700.4,3678.8,15.997,19.402,21.81,0.26993,0.1218,339.83,77.676,7.0093,13.819,31.871,4491.6,23.824,48.531,51.985,80.353,2.2757,1.7009,3119,42.349,53.744,94.668,9.3956,61.929,43.941,40.839,2628.8,63.027,25.99,44.379,0.3302,8.9443,26.102,120.42,1.4029,74.857,23.54,2.233,53.687,4.8724,215.55,0.015643,0.86309,65.22,18.934,44.47
408,2026-04-12T20:21:00,48.706,26.474,26.94,32.796,40.407,2701.2,3594.7,19.044,19.227,21.478,0.26762,0.1218,339.48,77.461,6.9348,13.883,32.365,4475.1,22.541,43.538,48.628,80.41,2.2889,1.6194,3123.8,42.301,53.853,94.514,9.3496,62.896,34.061,40.141,2628.9,62.786,25.538,44.446,0.33557,8.9299,26.134,120.4,1.1765,74.51,23.83,2.3365,53.687,4.875,217.06,0.015643,0.86309,65.257,18.903,44.47
409,2026-04-12T20:24:00,49.634,26.317,26.802,32.796,41.233,2703.2,3616.6,17.123,19.227,21.748,0.26922,0.1218,340.17,77.452,6.9348,13.883,32.365,4445.7,23.348,45.687,50.082,80.455,2.2889,1.6194,3130.6,42.472,54.205,94.678,9.3496,60.635,38.341,40.095,2632.7,62.409,25.608,44.613,0.33594,8.9299,26.134,120.41,1.1765,74.013,23.83,2.3365,53.687,4.875,217.44,0.015643,0.86309,65.304,18.903,44.47
410,2026-04-12T20:27:00,49.642,21.894,26.978,32.93,40.917,2705.2,3645.2,15.543,18.912,21.942,0.22018,0.1218,340.86,77.49,6.8324,13.952,32.367,4534.1,24.009,45.706,48.868,80.36,2.3019,1.6751,3131,42.327,53.198,94.661,9.4335,59.398,34.768,40.879,2633.6,62.485,24.742,44.773,0.34389,8.8323,26.251,120.4,1.2165,74.322,23.734,2.3354,53.687,4.9403,217.88,0.015643,0.86309,65.356,19.184,44.47
411,2026-04-12T20:30:00,50.343,21.856,26.983,32.93,41.708,2705.2,3632.6,18.616,18.912,22.01,0.22056,0.095577,340.94,77.22,6.8324,13.952,32.367,4469.0,22.722,47.328,50.384,80.294,2.3019,1.6751,3137,42.273,53.978,94.57,9.5674,60.958,39.229,41.005,2634.5,62.703,25.942,45.022,0.34286,8.8323,26.251,120.4,1.2165,74.889,23.734,2.3354,53.234,4.9403,219.25,0.0010803,0.86345,65.355,19.184,43.396
412,2026-04-12T20:33:00,48.637,21.822,27.011,33.192,41.095,2704.5,3681.7,14.918,18.362,22.042,0.21682,0.095577,341.02,77.423,6.6484,13.827,31.924,4474.1,24.277,43.38,49.624,80.104,2.2326,1.6717,3133,42.217,53.183,94.662,9.3795,60.559,36.993,41.657,2633.0,62.754,24.441,45.281,0.35382,8.853,26.702,120.38,1.2652,75.503,23.868,2.3885,53.234,4.7959,219.43,0.0010803,0.86345,65.325,18.698,43.396
413,2026-04-12T20:36:00,48.67,21.675,26.84,33.192,41.04,2705.0,3645.8,19.033,18.362,21.611,0.21831,0.095577,340.41,77.532,6.6484,13.827,31.924,4418.6,22.537,43.456,49.332,80.248,2.2326,1.6717,3139.4,42.55,53.848,94.584,9.4553,63.13,36.133,41.641,2633.8,63.372,23.737,45.308,0.35395,8.853,26.702,120.41,1.2652,74.969,23.868,2.3885,53.234,4.7959,222.21,0.0010803,0.86345,65.361,18.698,43.396
414,2026-04-12T20:39:00,48.844,25.843,26.889,33.084,41.767,2707.0,3735.1,14.19,18.932,22.025,0.26238,0.095577,340.44,77.752,6.8573,13.762,32.196,4504.8,24.568,43.858,50.474,80.287,2.295,1.6441,3144.2,42.479,53.979,94.463,9.3377,61.791,39.495,40.571,2635.8,63.583,23.998,45.475,0.33608,9.158,26.688,120.44,1.3712,74.001,23.88,2.2582,53.234,4.8557,223.37,0.0010803,0.86345,65.396,18.87,43.396
415,2026-04-12T20:42:00,50.753,25.9,27.045,33.084,41.914,2708.4,3735.6,18.056,18.932,22.007,0.26179,0.095577,340.97,77.682,6.8573,13.762,32.196,4511.3,22.934,48.276,50.562,80.412,2.295,1.6441,3154.6,42.339,53.901,94.3,9.5005,61.492,39.754,40.468,2637.3,63.575,24.359,45.893,0.33692,9.158,26.688,120.43,1.3712,74.908,23.88,2.2582,53.234,4.8557,221.7,0.0010803,0.86345,65.457,18.87,43.396
416,2026-04-12T20:45:00,51.286,23.681,27.096,32.857,41.011,2707.5,3681.9,17.0,18.85,21.905,0.23453,0.10804,340.85,77.196,7.0632,13.766,32.096,4491.6,23.389,49.511,49.842,80.268,2.2976,1.687,3144.2,42.424,53.714,94.411,9.4909,59.779,37.635,39.577,2635.4,62.787,23.918,45.991,0.32959,8.7167,26.363,120.4,1.1462,74.473,23.739,2.3142,53.191,4.7598,224.23,0.028545,0.84315,65.509,18.585,44.813
417,2026-04-12T20:48:00,49.078,23.327,26.811,32.857,41.961,2708.1,3634.1,19.9,18.85,22.349,0.23813,0.10804,341.4,77.187,7.0632,13.766,32.096,4495.8,22.167,44.4,49.261,80.237,2.2976,1.687,3140.6,42.033,53.664,94.642,9.4166,60.481,35.924,39.686,2637.0,63.61,28.653,46.121,0.3287,8.7167,26.363,120.4,1.1462,74.263,23.739,2.3142,53.191,4.7598,226.04,0.028545,0.84315,65.518,18.585,44.813
418,2026-04-12T20:51:00,50.69,24.465,27.092,33.135,40.578,2707.4,3612.7,20.267,18.558,22.418,0.24672,0.10804,341.29,77.461,6.7408,13.955,32.102,4538.7,22.011,48.131,50.199,80.096,2.2526,1.6531,3142.2,42.165,53.858,94.596,9.5184,60.973,38.686,39.487,2636.5,62.098,25.762,46.383,0.33042,8.7959,26.522,120.38,1.1823,75.823,24.063,2.2255,53.191,4.8393,226.41,0.028545,0.84315,65.531,18.862,44.813
419,2026-04-12T20:54:00,48.915,24.348,26.585,33.135,41.274,2708.0,3605.0,18.178,18.558,22.229,0.24791,0.10804,341.95,76.791,6.7408,13.955,32.102,4491.8,22.916,44.023,47.779,79.925,2.2526,1.6531,3139,42.001,54.42,94.802,9.3274,62.92,31.563,39.277,2636.8,62.232,25.769,46.732,0.33214,8.7959,26.522,120.39,1.1823,74.755,24.063,2.2255,53.191,4.8393,225.8,0.028545,0.84315,65.503,18.862,44.813
420,2026-04-12T20:57:00,50.686,24.335,26.535,32.773,40.859,2708.1,3682.1,18.772,18.671,22.268,0.24875,0.10804,341.88,77.3,7.1007,13.832,31.648,4485.1,22.664,48.121,50.98,79.743,2.2845,1.6476,3143.8,42.601,53.828,94.583,9.4334,61.714,40.984,41.788,2636.8,63.713,25.675,46.686,0.35363,8.6826,26.431,120.38,1.1996,74.735,24.161,2.314,53.191,4.8741,229.66,0.028545,0.84315,65.453,18.904,44.813
421,2026-04-12T21:00:00,48.557,24.498,26.882,32.773,41.314,2710.7,3632.4,19.343,18.671,22.231,0.24709,0.10752,342.21,77.564,7.1007,13.832,31.648,4496.9,22.411,43.196,51.586,80.0,2.2845,1.6476,3153.8,42.329,53.687,94.576,9.4298,61.507,42.768,41.701,2640.2,64.569,27.127,46.675,0.35434,8.6826,26.431,120.43,1.1996,74.785,24.161,2.314,54.321,4.8741,227.65,0.017418,0.84554,65.448,18.904,43.16
422,2026-04-12T21:03:00,51.259,29.113,27.313,32.469,40.899,2715.1,3619.9,19.21,18.798,23.023,0.29445,0.10752,342.32,77.551,6.8169,13.71,31.954,4474.4,22.461,49.448,51.654,80.264,2.2386,1.6445,3162.2,42.24,53.835,94.504,9.4567,62.491,42.967,40.243,2644.5,61.591,25.156,46.855,0.34021,8.8585,26.228,120.41,1.1189,74.391,24.571,2.2778,54.321,4.8117,226.54,0.017418,0.84554,65.49,18.914,43.16
423,2026-04-12T21:06:00,51.196,28.97,26.561,32.469,40.909,2718.2,3611.4,18.544,18.798,22.865,0.29591,0.10752,342.87,77.674,6.8169,13.71,31.954,4470.3,22.733,49.302,48.24,80.245,2.2386,1.6445,3170.6,42.788,53.884,94.731,9.5322,58.364,32.92,40.72,2647.1,61.737,25.326,46.674,0.33631,8.8585,26.228,120.39,1.1189,75.073,24.571,2.2778,54.321,4.8117,229.43,0.017418,0.84554,65.535,18.914,43.16
424,2026-04-12T21:09:00,50.876,26.348,26.679,32.878,41.428,2717.8,3674.9,17.955,18.63,22.542,0.27146,0.10752,343.08,77.326,6.7688,13.635,32.183,4479.0,22.992,48.562,49.94,80.002,2.25,1.6335,3179,42.08,53.734,94.487,9.5173,60.517,37.924,38.509,2646.9,63.062,24.724,46.742,0.32698,8.6945,26.431,120.42,1.1341,73.979,24.141,2.2405,54.321,4.7819,229.52,0.017418,0.84554,65.568,18.628,43.16
425,2026-04-12T21:12:00,49.47,26.605,26.866,32.878,40.786,2717.1,3627.0,17.574,18.63,22.759,0.26885,0.10752,343.6,76.975,6.7688,13.635,32.183,4481.1,23.169,45.307,48.71,79.759,2.25,1.6335,3167.4,42.447,53.709,94.485,9.4623,60.475,34.303,38.14,2646.3,63.885,23.905,46.791,0.33001,8.6945,26.431,120.42,1.1341,74.31,24.141,2.2405,54.321,4.7819,229.9,0.017418,0.84554,65.537,18.628,43.16
426,2026-04-12T21:15:00,49.709,24.252,27.109,32.725,41.387,2718.2,3687.9,17.661,18.087,23.077,0.25096,0.09686,343.71,77.559,6.967,13.755,32.663,4570.4,23.118,45.861,51.484,79.747,2.2923,1.6377,3175.4,42.503,53.341,94.582,9.3514,63.514,42.468,37.63,2647.2,63.344,25.544,47.025,0.31582,8.9131,26.638,120.4,1.2611,74.561,24.074,2.305,53.308,4.8386,229.09,0.011598,0.84354,65.47,18.703,44.076
427,2026-04-12T21:18:00,51.801,24.607,26.539,32.725,42.07,2720.2,3677.7,19.369,18.087,22.783,0.24735,0.09686,343.96,77.49,6.967,13.755,32.663,4500.8,22.396,50.702,50.275,79.921,2.2923,1.6377,3179.4,42.468,54.175,94.347,9.5653,61.519,38.911,37.379,2650.2,63.519,25.812,47.044,0.31788,8.9131,26.638,120.43,1.2611,74.903,24.074,2.305,53.308,4.8386,230.15,0.011598,0.84354,65.478,18.703,44.076
428,2026-04-12T21:21:00,49.351,19.508,26.977,32.984,40.502,2719.9,3609.1,22.162,18.74,23.295,0.20138,0.09686,343.91,77.558,6.9118,13.866,32.383,4502.1,21.215,45.032,48.367,79.968,2.2386,1.6461,3175,42.834,53.996,94.54,9.2922,61.133,33.294,38.476,2649.2,62.974,27.063,47.185,0.33363,8.8066,26.687,120.38,1.1719,75.501,24.615,2.2495,53.308,4.7894,229.85,0.011598,0.84354,65.521,18.51,44.076
429,2026-04-12T21:24:00,51.124,19.338,26.953,32.984,41.279,2718.1,3601.2,18.239,18.74,23.273,0.20311,0.09686,344.68,77.384,6.9118,13.866,32.383,4511.6,22.874,49.134,51.631,79.839,2.2386,1.6461,3169.4,42.174,53.882,94.555,9.4474,62.929,42.9,38.676,2648.5,63.11,24.219,47.322,0.33199,8.8066,26.687,120.39,1.1719,75.161,24.615,2.2495,53.308,4.7894,229.56,0.011598,0.84354,65.527,18.51,44.076
430,2026-04-12T21:27:00,49.107,22.074,26.875,33.33,40.593,2719.9,3625.7,17.669,18.346,22.9,0.22247,0.09686,343.96,77.771,6.7637,13.503,32.659,4508.7,23.099,44.467,50.916,79.933,2.2544,1.6659,3180.6,42.464,54.417,94.52,9.3801,62.616,40.796,40.352,2649.8,63.119,24.679,47.338,0.34251,8.929,27.09,120.37,1.1609,73.903,23.973,2.2777,53.308,4.8065,230.66,0.011598,0.84354,65.56,18.408,44.076
431,2026-04-12T21:30:00,48.906,21.999,26.779,33.33,41.157,2723.3,3643.0,18.83,18.346,23.314,0.22323,0.11617,344.68,77.216,6.7637,13.503,32.659,4499.8,22.618,44.001,49.314,80.039,2.2544,1.6659,3182.6,42.277,54.524,94.575,9.4185,61.578,36.082,40.06,2652.6,62.821,24.246,47.242,0.34491,8.929,27.09,120.4,1.1609,75.023,23.973,2.2777,52.897,4.8065,232.55,0.016125,0.82842,65.602,18.408,44.071
432,2026-04-12T21:33:00,48.559,19.088,26.964,32.822,41.079,2722.0,3691.6,18.037,17.91,23.227,0.19259,0.11617,344.23,77.23,6.837,13.943,32.762,4513.3,22.95,43.199,51.893,79.896,2.2257,1.6276,3187.8,42.369,54.666,94.39,9.4405,59.558,43.67,35.873,2651.7,63.326,22.891,47.42,0.29785,8.8612,26.92,120.4,1.1985,75.586,24.548,2.2834,52.897,4.7146,231.61,0.016125,0.82842,65.634,18.348,44.071
433,2026-04-12T21:36:00,49.559,19.253,26.933,32.822,41.52,2720.8,3693.0,17.369,17.91,22.893,0.19091,0.11617,344.46,77.417,6.837,13.943,32.762,4559.3,23.231,45.514,49.954,79.746,2.2257,1.6276,3183.8,41.855,54.116,94.58,9.4017,61.769,37.964,35.503,2649.8,63.302,23.803,47.575,0.30088,8.8612,26.92,120.42,1.1985,75.404,24.548,2.2834,52.897,4.7146,230.93,0.016125,0.82842,65.603,18.348,44.071
434,2026-04-12T21:39:00,50.215,17.232,26.77,33.631,41.024,2717.7,3663.7,18.477,18.195,22.611,0.1807,0.11617,343.31,76.879,6.7309,13.723,32.239,4542.6,22.786,47.032,50.479,79.649,2.2438,1.6344,3174.2,42.014,54.531,94.516,9.3403,62.731,39.51,40.706,2646.5,63.24,25.416,47.63,0.35366,8.8151,26.866,120.4,1.2568,74.853,24.837,2.3397,52.897,4.7656,231.41,0.016125,0.82842,65.572,18.971,44.071
435,2026-04-12T21:42:00,50.407,17.443,27.245,33.631,41.46,2715.8,3675.6,18.316,18.195,22.973,0.17856,0.11617,343.6,77.168,6.7309,13.723,32.239,4518.2,22.857,47.476,51.479,79.446,2.2438,1.6344,3162.2,42.441,54.822,94.677,9.4736,60.918,42.453,41.401,2644.5,63.035,25.91,47.715,0.34796,8.8151,26.866,120.4,1.2568,75.516,24.837,2.3397,52.897,4.7656,231.59,0.016125,0.82842,65.502,18.971,44.071
436,2026-04-12T21:45:00,49.777,22.05,27.163,32.572,41.791,2718.0,3694.9,19.333,18.064,23.132,0.22637,0.096455,343.41,77.146,6.9017,13.697,32.563,4463.1,22.434,46.018,50.196,79.629,2.2423,1.6405,3170.2,42.426,53.972,94.471,9.4192,62.633,38.678,38.285,2646.8,63.726,26.656,47.307,0.32538,8.791,26.903,120.42,1.1303,75.519,24.758,2.2484,52.543,4.7744,233.0,0.018413,0.80412,65.467,18.775,44.669
437,2026-04-12T21:48:00,49.445,22.179,26.931,32.572,41.082,2716.5,3717.0,17.139,18.064,22.66,0.22506,0.096455,343.14,77.073,6.9017,13.697,32.563,4491.6,23.366,45.25,48.377,79.549,2.2423,1.6405,3167.4,42.727,53.631,94.629,9.2815,61.441,33.324,38.092,2645.2,63.346,23.425,47.51,0.32695,8.791,26.903,120.42,1.1303,74.732,24.758,2.2484,52.543,4.7744,229.97,0.018413,0.80412,65.443,18.775,44.669
438,2026-04-12T21:51:00,49.625,18.685,26.64,33.184,40.745,2717.5,3638.2,17.302,18.605,22.985,0.19345,0.096455,343.0,77.494,6.8054,13.658,32.455,4499.2,23.284,45.667,50.172,79.753,2.2539,1.6466,3167,42.172,54.005,94.503,9.492,63.103,38.605,38.327,2647.0,63.267,24.5,47.499,0.31795,8.8759,27.124,120.39,1.1342,74.973,24.34,2.2687,52.543,4.7436,229.33,0.018413,0.80412,65.477,18.795,44.669
439,2026-04-12T21:54:00,50.076,18.759,26.767,33.184,41.252,2717.8,3692.0,19.189,18.605,23.078,0.19269,0.096455,343.11,77.243,6.8054,13.658,32.455,4489.5,22.493,46.709,51.107,79.846,2.2539,1.6466,3172.6,42.417,54.121,94.644,9.3191,61.099,41.359,37.535,2647.5,62.34,23.635,47.379,0.32444,8.8759,27.124,120.42,1.1342,74.824,24.34,2.2687,52.543,4.7436,229.87,0.018413,0.80412,65.514,18.795,44.669
440,2026-04-12T21:57:00,50.957,19.367,26.646,33.272,40.67,2717.2,3686.1,18.522,18.095,22.859,0.20078,0.096455,342.79,77.344,6.8787,13.669,32.407,4472.3,22.775,48.75,50.904,79.783,2.258,1.6529,3172.2,42.451,54.275,94.541,9.2799,62.367,40.762,37.209,2647.0,63.312,23.829,47.215,0.31668,8.8173,26.47,120.39,1.2451,75.365,24.149,2.205,52.543,4.7255,230.91,0.018413,0.80412,65.528,18.334,44.669
441,2026-04-12T22:00:00,49.605,19.401,26.71,33.272,41.391,2717.0,3708.1,17.617,18.095,22.716,0.20043,0.10604,342.68,76.827,6.8787,13.669,32.407,4536.2,23.175,45.621,50.086,79.657,2.258,1.6529,3167.8,42.479,53.51,94.616,9.423,61.191,38.352,37.274,2645.8,62.934,24.916,46.791,0.31615,8.8173,26.47,120.4,1.2451,75.009,24.149,2.205,53.45,4.7255,227.51,0.0075702,0.81206,65.521,18.334,44.373
442,2026-04-12T22:03:00,49.128,19.794,26.621,32.383,40.468,2717.5,3674.5,13.424,18.07,22.589,0.2007,0.10604,342.51,77.185,6.899,13.776,32.27,4540.1,24.933,44.515,51.214,79.741,2.2508,1.6467,3171.4,42.106,54.631,94.548,9.3021,62.812,41.674,37.641,2646.8,62.907,23.948,46.303,0.31368,8.9185,26.835,120.4,1.2893,75.103,24.662,2.2739,53.45,4.8573,229.02,0.0075702,0.81206,65.482,18.488,44.373
443,2026-04-12T22:06:00,50.04,19.759,26.869,32.383,41.407,2718.0,3662.4,19.858,18.07,22.722,0.20106,0.10604,342.11,77.333,6.899,13.776,32.27,4590.3,22.216,46.626,49.343,79.878,2.2508,1.6467,3179,42.311,54.03,94.63,9.2518,62.44,36.166,37.265,2646.3,63.116,24.273,45.991,0.31676,8.9185,26.835,120.4,1.2893,75.482,24.662,2.2739,53.45,4.8573,228.57,0.0075702,0.81206,65.454,18.488,44.373
444,2026-04-12T22:09:00,50.97,21.031,27.098,33.053,40.336,2717.5,3636.9,20.369,18.273,22.599,0.21149,0.10604,341.67,76.888,6.8573,13.804,31.77,4573.0,22.013,48.779,50.535,79.835,2.2465,1.6279,3178.2,42.547,53.921,94.617,9.3439,59.604,39.675,38.743,2646.2,63.37,25.367,45.935,0.32685,8.839,27.022,120.37,1.3901,75.102,24.672,2.3668,53.45,4.7358,225.22,0.0075702,0.81206,65.471,19.205,44.373
445,2026-04-12T22:12:00,50.576,21.054,27.104,33.053,41.001,2716.1,3672.6,19.128,18.273,22.794,0.21126,0.10604,341.45,77.115,6.8573,13.804,31.77,4573.6,22.536,47.867,51.475,79.724,2.2465,1.6279,3173.4,42.245,53.915,94.705,9.415,60.9,42.44,38.889,2645.4,62.756,23.953,45.587,0.32565,8.839,27.022,120.4,1.3901,75.233,24.672,2.3668,53.45,4.7358,225.21,0.0075702,0.81206,65.414,19.205,44.373
446,2026-04-12T22:15:00,49.569,25.812,26.99,32.767,40.413,2718.0,3662.7,15.695,18.527,22.769,0.26301,0.10405,341.64,77.487,6.8899,13.84,32.103,4450.2,23.97,45.537,52.321,79.808,2.2372,1.6309,3176.6,42.376,53.62,94.561,9.3903,62.572,44.929,39.325,2647.3,63.295,24.468,45.346,0.32796,8.7553,27.151,120.39,1.2611,75.354,24.781,2.3333,53.734,4.8207,225.74,0.018638,0.82575,65.342,18.253,44.147
447,2026-04-12T22:18:00,49.922,25.923,26.896,32.767,41.396,2720.0,3699.4,20.765,18.527,22.697,0.26189,0.10405,341.65,77.506,6.8899,13.84,32.103,4520.4,21.826,46.353,49.53,80.02,2.2372,1.6309,3188.6,42.644,52.78,94.511,9.2346,61.963,36.718,39.407,2648.9,62.664,23.244,45.261,0.32729,8.7553,27.151,120.4,1.2611,75.415,24.781,2.3333,53.734,4.8207,223.51,0.018638,0.82575,65.369,18.253,44.147
448,2026-04-12T22:21:00,49.787,22.936,27.149,32.499,40.686,2718.4,3686.5,15.548,18.047,22.633,0.233,0.10405,341.37,77.042,6.8183,13.696,31.929,4512.0,24.04,46.04,48.873,79.848,2.228,1.6824,3183.4,42.793,55.224,94.639,9.3761,61.109,34.783,39.68,2646.7,62.607,24.425,45.107,0.33297,8.9438,26.746,120.41,1.2823,74.906,24.595,2.2057,53.734,4.757,222.06,0.018638,0.82575,65.376,18.887,44.147
449,2026-04-12T22:24:00,48.143,23.097,27.158,32.499,40.921,2717.4,3672.5,13.507,18.047,22.485,0.23136,0.10405,341.66,77.068,6.8183,13.696,31.929,4564.8,24.9,42.237,50.379,79.812,2.228,1.6824,3181.8,42.597,54.592,94.645,9.4662,59.393,39.216,39.538,2646.7,62.849,25.152,44.801,0.33413,8.9438,26.746,120.4,1.2823,75.473,24.595,2.2057,53.734,4.757,222.37,0.018638,0.82575,65.322,18.887,44.147
450,2026-04-12T22:27:00,50.477,24.747,27.187,32.485,41.553,2718.2,3663.3,18.384,18.379,22.803,0.25199,0.10405,341.57,77.221,6.9519,13.645,31.986,4468.0,22.843,47.638,49.302,79.813,2.2461,1.7008,3178.2,42.82,54.23,94.635,9.2462,62.106,36.047,37.877,2647.0,63.661,24.564,44.634,0.31548,8.7996,26.584,120.42,1.104,74.829,25.112,2.3118,53.734,4.7862,221.13,0.018638,0.82575,65.267,18.622,44.147
451,2026-04-12T22:30:00,49.813,24.684,27.076,32.485,41.097,2716.0,3710.9,19.107,18.379,22.369,0.25263,0.10298,341.35,76.841,6.9519,13.645,31.986,4519.4,22.557,46.101,52.488,79.665,2.2461,1.7008,3171.4,42.458,53.615,94.538,9.1414,62.25,45.421,37.988,2645.0,62.842,25.868,44.768,0.31457,8.7996,26.584,120.39,1.104,75.01,25.112,2.3118,53.467,4.7862,220.13,0.018117,0.82968,65.205,18.622,44.351
452,2026-04-12T22:33:00,51.033,24.419,27.242,32.636,41.081,2716.2,3674.2,19.189,18.526,22.273,0.24904,0.10298,341.42,77.253,6.8115,14.056,31.873,4493.1,22.518,48.924,50.892,79.608,2.2817,1.6319,3177,42.009,54.584,94.797,9.2786,61.958,40.726,36.381,2645.0,62.298,26.524,44.667,0.31462,8.8402,26.714,120.39,1.1281,75.231,24.322,2.2753,53.467,4.7873,219.76,0.018117,0.82968,65.155,18.752,44.351
453,2026-04-12T22:36:00,50.711,24.349,27.048,32.636,40.207,2718.7,3668.0,16.881,18.526,22.418,0.24975,0.10298,341.32,77.213,6.8115,14.056,31.873,4526.7,23.487,48.181,48.642,79.875,2.2817,1.6319,3182.2,41.981,54.181,94.586,9.2854,60.731,34.104,36.589,2647.9,62.405,26.189,44.448,0.31292,8.8402,26.714,120.42,1.1281,75.052,24.322,2.2753,53.467,4.7873,220.72,0.018117,0.82968,65.145,18.752,44.351
454,2026-04-12T22:39:00,49.915,25.614,27.118,32.844,42.044,2719.4,3728.1,20.823,18.4,22.487,0.26406,0.10298,341.17,77.442,6.9239,13.843,32.028,4488.5,21.812,46.337,50.88,80.085,2.2843,1.6541,3187.4,42.629,54.334,94.665,9.3443,61.462,40.69,42.091,2648.4,62.603,25.87,44.421,0.35828,8.9291,26.711,120.43,0.9917,75.623,24.748,2.2579,53.467,4.6705,219.47,0.018117,0.82968,65.216,19.052,44.351
455,2026-04-12T22:42:00,50.352,25.67,26.865,32.844,40.65,2716.2,3685.0,18.128,18.4,21.962,0.26349,0.10298,340.84,76.929,6.9239,13.843,32.028,4533.0,22.962,47.348,51.107,79.892,2.2843,1.6541,3178.6,42.547,53.802,94.533,9.3439,60.084,41.356,42.55,2644.6,63.344,22.604,44.474,0.35452,8.9291,26.711,120.39,0.9917,75.319,24.748,2.2579,53.467,4.6705,217.31,0.018117,0.82968,65.219,19.052,44.351
456,2026-04-12T22:45:00,48.373,24.556,27.168,32.791,41.202,2713.2,3666.2,17.572,18.646,22.413,0.24985,0.091126,340.69,76.941,6.7934,13.779,32.329,4539.0,23.206,42.768,50.48,79.67,2.2495,1.6791,3163,42.351,52.971,94.786,9.342,61.371,39.512,39.638,2641.2,62.696,25.276,44.301,0.33325,8.8312,27.258,120.39,1.1809,75.481,24.046,2.2289,54.147,4.7387,218.72,0.0007705,0.82967,65.174,18.71,43.359
457,2026-04-12T22:48:00,50.046,24.449,27.288,32.791,40.516,2712.5,3651.8,16.23,18.646,22.424,0.25093,0.091126,340.84,77.012,6.7934,13.779,32.329,4503.8,23.775,46.641,49.236,79.596,2.2495,1.6791,3158.2,42.639,53.392,94.768,9.2712,62.659,35.85,39.437,2640.5,62.944,25.225,44.35,0.33489,8.8312,27.258,120.4,1.1809,74.895,24.046,2.2289,54.147,4.7387,217.13,0.0007705,0.82967,65.1,18.71,43.359
458,2026-04-12T22:51:00,49.687,21.816,26.776,32.731,41.121,2715.6,3706.7,17.545,18.468,22.568,0.21958,0.091126,341.16,77.658,6.9282,13.827,32.013,4501.6,23.198,45.81,49.23,79.924,2.264,1.6758,3163.4,41.976,54.241,94.588,9.354,60.099,35.835,38.348,2644.5,63.166,25.145,44.132,0.32951,8.9225,26.917,120.4,1.2939,74.62,25.292,2.3219,54.147,4.8437,218.53,0.0007705,0.82967,65.085,18.849,43.359
459,2026-04-12T22:54:00,49.908,21.897,27.226,32.731,41.266,2714.8,3684.1,18.812,18.468,22.453,0.21876,0.091126,340.94,77.083,6.9282,13.827,32.013,4526.0,22.678,46.32,49.646,80.013,2.264,1.6758,3168.2,42.596,53.948,94.649,9.2755,60.339,37.059,38.976,2643.5,63.554,26.94,44.055,0.32437,8.9225,26.917,120.41,1.2939,75.081,25.292,2.3219,54.147,4.8437,218.29,0.0007705,0.82967,65.159,18.849,43.359
460,2026-04-12T22:57:00,49.164,24.674,26.935,32.326,40.526,2711.9,3627.7,18.022,18.19,22.255,0.25201,0.091126,340.8,76.587,7.0502,13.888,32.268,4543.6,23.03,44.599,50.118,79.792,2.2395,1.6924,3156.6,41.855,53.398,94.632,9.2205,61.113,38.447,39.521,2639.6,63.363,26.977,43.996,0.33031,8.8826,26.928,120.4,1.2843,74.037,24.941,2.2912,54.147,4.7824,217.85,0.0007705,0.82967,65.167,18.675,43.359
461,2026-04-12T23:00:00,48.264,24.509,26.666,32.326,40.946,2711.9,3671.3,19.506,18.19,22.13,0.25369,0.095569,340.43,77.336,7.0502,13.888,32.268,4507.2,22.388,42.516,49.638,79.911,2.2395,1.6924,3159.8,42.516,53.834,94.778,9.2832,62.694,37.036,39.466,2640.7,62.611,25.528,43.907,0.33076,8.8826,26.928,120.38,1.2843,75.338,24.941,2.2912,54.419,4.7824,217.66,0.025598,0.85174,65.108,18.675,43.77
462,2026-04-12T23:03:00,51.063,22.447,26.669,32.548,40.379,2710.0,3621.4,17.898,19.094,21.823,0.22631,0.095569,340.45,76.973,7.1544,13.842,32.299,4547.6,23.08,48.994,50.73,79.746,2.2227,1.6734,3151.4,41.783,53.777,94.648,9.3966,59.752,40.249,40.423,2637.6,62.299,23.134,43.705,0.33674,9.0133,26.831,120.37,1.221,75.947,24.448,2.3082,54.419,4.8614,218.83,0.025598,0.85174,65.093,19.264,43.77
463,2026-04-12T23:06:00,50.494,22.252,27.206,32.548,40.919,2711.2,3598.0,19.578,19.094,22.451,0.2283,0.095569,340.59,76.924,7.1544,13.842,32.299,4516.2,22.381,47.677,51.925,79.73,2.2227,1.6734,3152.6,42.331,54.153,95.041,9.3759,60.921,43.766,40.066,2639.4,62.701,26.435,43.728,0.33966,9.0133,26.831,120.4,1.221,75.373,24.448,2.3082,54.419,4.8614,217.49,0.025598,0.85174,65.037,19.264,43.77
464,2026-04-12T23:09:00,50.461,21.995,27.33,32.55,39.961,2711.7,3597.1,17.625,18.312,22.58,0.22295,0.095569,340.29,77.47,6.8211,13.872,32.126,4476.6,23.186,47.601,48.831,79.815,2.2594,1.6582,3153,42.582,53.15,94.793,9.4272,59.987,34.658,39.23,2640.5,61.597,23.025,43.701,0.33697,8.726,26.712,120.36,0.9508,74.982,24.789,2.2612,54.419,4.7291,216.74,0.025598,0.85174,65.026,18.398,43.77
465,2026-04-12T23:12:00,49.345,22.053,26.828,32.55,41.198,2713.6,3590.1,18.666,18.312,22.263,0.22236,0.095569,340.52,77.305,6.8211,13.872,32.126,4428.3,22.75,45.019,50.33,79.926,2.2594,1.6582,3162.2,42.137,53.727,95.033,9.3392,60.394,39.071,39.48,2641.3,61.717,25.076,43.505,0.33493,8.726,26.712,120.42,0.9508,74.48,24.789,2.2612,54.419,4.7291,217.84,0.025598,0.85174,65.055,18.398,43.77
466,2026-04-12T23:15:00,51.0,23.61,26.84,32.502,39.833,2715.3,3672.5,17.828,18.52,22.116,0.23959,0.10975,340.39,77.108,6.9028,14.036,31.508,4532.1,23.111,48.848,46.814,79.852,2.2498,1.646,3170.6,42.0,54.602,94.828,9.269,61.484,28.725,40.065,2643.1,63.122,24.618,43.884,0.33711,8.8371,26.939,120.39,1.2884,74.271,24.623,2.2798,54.199,4.7277,218.92,0.031428,0.84483,65.068,18.33,43.637
467,2026-04-12T23:18:00,49.259,23.835,27.09,32.502,41.688,2714.3,3677.7,17.573,18.52,21.991,0.23731,0.10975,340.34,77.146,6.9028,14.036,31.508,4519.2,23.219,44.82,49.378,79.807,2.2498,1.646,3172.2,42.513,54.756,94.65,9.2673,60.821,36.27,40.132,2642.9,63.034,23.474,44.172,0.33656,8.8371,26.939,120.45,1.2884,74.777,24.623,2.2798,54.199,4.7277,217.4,0.031428,0.84483,65.055,18.33,43.637
468,2026-04-12T23:21:00,49.077,29.848,27.025,32.857,40.058,2715.8,3622.9,17.625,18.305,22.389,0.3034,0.10975,340.61,77.201,6.979,14.015,32.079,4577.6,23.2,44.398,49.905,79.852,2.219,1.6347,3175.4,42.596,54.295,94.736,9.3758,61.252,37.821,42.037,2644.7,63.278,23.855,44.127,0.35851,8.8656,26.393,120.4,1.0664,74.352,25.249,2.2626,54.199,4.7511,219.61,0.031428,0.84483,65.053,18.411,43.637
469,2026-04-12T23:24:00,51.863,29.749,26.616,32.857,41.826,2717.3,3659.5,18.993,18.305,21.958,0.30441,0.10975,340.03,77.195,6.979,14.015,32.079,4567.3,22.621,50.845,50.301,79.903,2.219,1.6347,3185,42.535,54.418,94.644,9.2339,62.897,38.987,42.339,2644.9,62.648,24.998,44.297,0.35603,8.8656,26.393,120.43,1.0664,75.556,25.249,2.2626,54.199,4.7511,219.41,0.031428,0.84483,65.081,18.411,43.637
470,2026-04-12T23:27:00,49.957,24.617,26.907,32.313,41.063,2718.9,3612.6,15.957,18.561,22.545,0.25423,0.10975,340.88,77.335,6.824,13.759,31.709,4569.9,23.893,46.434,51.912,79.992,2.2157,1.6599,3183,41.977,54.254,94.559,9.3954,59.361,43.727,42.329,2646.9,62.732,25.136,44.525,0.3539,8.8239,26.924,120.42,1.0253,75.127,24.514,2.2934,54.199,4.7831,218.54,0.031428,0.84483,65.081,18.535,43.637
471,2026-04-12T23:30:00,50.681,24.756,26.674,32.313,41.143,2717.8,3625.1,19.041,18.561,22.062,0.25282,0.10958,340.43,77.165,6.824,13.759,31.709,4563.1,22.593,48.11,48.01,79.982,2.2157,1.6599,3185.8,41.92,54.335,94.767,9.362,61.455,32.243,42.241,2646.4,62.517,24.724,44.545,0.35462,8.8239,26.924,120.41,1.0253,75.014,24.514,2.2934,54.257,4.7831,218.23,0.0055877,0.8571,65.158,18.535,44.098
472,2026-04-12T23:33:00,49.89,28.523,27.015,32.363,41.592,2717.1,3672.2,19.099,18.261,22.142,0.29226,0.10958,340.84,76.967,6.8876,13.945,31.627,4501.0,22.581,46.279,49.454,79.74,2.2382,1.6388,3185.4,42.368,54.827,94.554,9.3372,61.104,36.493,38.26,2644.7,63.046,24.634,44.261,0.3319,9.0364,26.72,120.41,1.3664,75.532,24.274,2.3419,54.257,4.7602,222.33,0.0055877,0.8571,65.142,18.832,44.098
473,2026-04-12T23:36:00,51.722,28.723,27.21,32.363,40.611,2716.7,3686.5,17.741,18.261,22.535,0.29022,0.10958,340.73,77.507,6.8876,13.945,31.627,4531.5,23.143,50.519,50.156,79.714,2.2382,1.6388,3179.4,42.662,54.462,94.631,9.4145,62.983,38.558,38.551,2646.4,62.801,24.803,44.558,0.32952,9.0364,26.72,120.41,1.3664,74.162,24.274,2.3419,54.257,4.7602,219.96,0.0055877,0.8571,65.106,18.832,44.098
474,2026-04-12T23:39:00,50.495,30.088,26.604,32.872,40.675,2718.5,3619.7,20.128,18.411,22.165,0.30296,0.10958,340.87,77.043,6.8404,13.566,31.568,4485.7,22.142,47.679,48.684,79.969,2.2149,1.6697,3186.6,42.647,54.296,94.434,9.2958,63.217,34.227,41.338,2647.3,63.418,25.801,44.818,0.34769,8.7446,26.477,120.41,1.0297,74.519,24.792,2.3178,54.257,4.7195,217.94,0.0055877,0.8571,65.137,19.125,44.098
475,2026-04-12T23:42:00,50.341,29.878,27.117,32.872,41.432,2718.9,3634.6,18.047,18.411,22.639,0.30509,0.10958,341.12,77.322,6.8404,13.566,31.568,4494.2,23.011,47.323,51.718,79.948,2.2149,1.6697,3185,42.353,54.195,94.651,9.3209,63.33,43.155,41.092,2647.7,63.16,25.318,44.627,0.34971,8.7446,26.477,120.41,1.0297,74.999,24.792,2.3178,54.257,4.7195,221.0,0.0055877,0.8571,65.134,19.125,44.098
476,2026-04-12T23:45:00,50.031,31.299,26.951,32.589,40.464,2717.2,3695.2,20.238,17.849,22.418,0.31443,0.093626,341.09,77.12,6.985,13.899,31.684,4498.8,22.096,46.605,49.968,79.741,2.307,1.6888,3182.2,42.342,53.388,94.433,9.2544,60.954,38.007,36.032,2645.5,62.548,26.341,44.891,0.30741,8.8869,26.77,120.38,1.1745,75.542,24.898,2.2561,53.694,4.736,222.78,0.0066571,0.84694,65.184,18.495,43.851
477,2026-04-12T23:48:00,49.714,30.979,27.149,32.589,41.768,2718.8,3685.6,21.208,17.849,22.589,0.31768,0.093626,341.53,77.686,6.985,13.899,31.684,4510.8,21.667,45.873,48.853,79.917,2.307,1.6888,3186.2,42.504,53.244,94.619,9.3477,58.393,34.724,36.2,2648.3,62.715,26.644,45.353,0.30604,8.8869,26.77,120.41,1.1745,74.1,24.898,2.2561,53.694,4.736,220.14,0.0066571,0.84694,65.197,18.495,43.851
478,2026-04-12T23:51:00,49.213,30.692,26.867,32.719,41.31,2719.1,3615.5,17.706,18.384,22.801,0.30975,0.093626,341.81,77.181,6.8899,13.773,32.156,4527.5,23.151,44.713,51.02,79.982,2.2622,1.6288,3182.2,41.946,54.582,94.481,9.334,61.164,41.103,40.294,2648.7,62.624,25.537,45.458,0.34432,8.9465,26.669,120.38,1.4421,74.482,24.637,2.327,53.694,4.7666,221.48,0.0066571,0.84694,65.237,19.25,43.851
479,2026-04-12T23:54:00,50.239,30.618,26.852,32.719,41.083,2716.0,3651.0,19.542,18.384,22.541,0.3105,0.093626,342.4,76.629,6.8899,13.773,32.156,4561.2,22.405,47.087,49.928,79.601,2.2622,1.6288,3168.2,42.453,54.179,94.753,9.4214,59.813,37.887,40.6,2644.3,62.012,24.098,45.628,0.34182,8.9465,26.669,120.38,1.4421,74.765,24.637,2.327,53.694,4.7666,222.1,0.0066571,0.84694,65.249,19.25,43.851
480,2026-04-12T23:57:00,51.469,26.31,26.828,32.833,41.1,2713.9,3654.1,16.831,18.51,22.907,0.26865,0.093626,342.63,76.973,6.8518,13.87,31.943,4493.7,23.553,49.933,50.225,79.344,2.2076,1.671,3152.6,42.465,53.118,94.705,9.3024,59.895,38.763,39.126,2642.9,62.741,24.126,45.606,0.32645,8.7944,26.52,120.38,1.1975,75.131,24.157,2.3129,53.694,4.8867,224.97,0.0066571,0.84694,65.15,18.68,43.851
481,2026-04-13T00:00:00,50.341,26.453,26.672,32.833,41.112,2713.8,3679.3,17.474,18.51,22.695,0.2672,0.10618,342.78,76.983,6.8518,13.87,31.943,4450.1,23.287,47.324,49.811,79.421,2.2076,1.671,3153.4,42.355,53.64,94.738,9.2993,60.925,37.545,38.643,2642.5,62.306,27.299,45.547,0.3304,8.7944,26.52,120.4,1.1975,75.352,24.157,2.3129,53.206,4.8867,225.66,0.012159,0.86361,65.078,18.68,44.058
482,2026-04-13T00:03:00,51.103,28.393,26.94,32.394,41.42,2714.4,3664.2,15.99,18.644,22.731,0.29164,0.10618,342.51,77.317,6.6356,13.824,31.953,4534.4,23.908,49.087,48.647,79.504,2.2874,1.6392,3163,42.093,53.998,94.611,9.3717,61.383,34.117,40.131,2642.9,62.911,26.726,45.612,0.33955,8.8512,26.613,120.41,1.2488,75.128,24.235,2.175,53.206,4.6903,226.4,0.012159,0.86361,65.077,19.027,44.058
483,2026-04-13T00:06:00,49.973,28.561,27.172,32.394,40.761,2718.9,3650.7,21.135,18.644,23.129,0.28992,0.10618,342.8,77.638,6.6356,13.824,31.953,4507.3,21.718,46.472,50.201,79.932,2.2874,1.6392,3174.6,41.97,54.322,94.547,9.2444,61.365,38.692,40.607,2647.8,63.143,24.383,45.941,0.33564,8.8512,26.613,120.39,1.2488,74.903,24.235,2.175,53.206,4.6903,224.12,0.012159,0.86361,65.154,19.027,44.058
484,2026-04-13T00:09:00,50.644,28.875,27.014,32.938,41.562,2718.2,3726.1,19.391,18.095,23.09,0.28969,0.10618,342.97,76.938,6.7241,13.713,32.102,4512.3,22.47,48.024,49.296,79.901,2.2439,1.6285,3172.6,42.365,53.398,94.416,9.3077,62.0,36.029,39.88,2648.2,63.874,23.886,46.104,0.33181,8.8363,26.519,120.44,1.1413,74.765,24.824,2.2681,53.206,4.7271,223.66,0.012159,0.86361,65.282,18.204,44.058
485,2026-04-13T00:12:00,51.221,28.591,26.894,32.938,41.559,2716.7,3734.3,20.301,18.095,22.815,0.29258,0.10618,342.97,77.46,6.7241,13.713,32.102,4463.4,22.069,49.36,52.122,79.864,2.2439,1.6285,3166.2,42.045,53.984,94.31,9.3527,61.523,44.344,39.723,2645.5,63.733,24.22,46.122,0.3331,8.8363,26.519,120.43,1.1413,74.784,24.824,2.2681,53.206,4.7271,224.8,0.012159,0.86361,65.328,18.204,44.058
486,2026-04-13T00:15:00,52.482,27.305,26.736,33.112,42.001,2714.3,3710.3,16.219,18.321,22.468,0.28027,0.099393,342.83,77.06,6.9852,13.786,32.1,4580.8,23.797,52.278,47.184,79.827,2.2653,1.6786,3162.6,42.51,54.624,94.381,9.3139,61.067,29.814,38.18,2643.8,63.56,25.337,46.499,0.32076,8.8031,26.648,120.41,1.1184,75.063,24.364,2.2456,54.072,4.7721,227.08,0.017241,0.84616,65.384,18.466,44.37
487,2026-04-13T00:18:00,52.586,27.453,26.514,33.112,41.287,2712.2,3716.5,18.999,18.321,22.133,0.27876,0.099393,342.36,77.239,6.9852,13.786,32.1,4566.5,22.624,52.519,50.15,79.767,2.2653,1.6786,3156.6,42.471,54.796,94.41,9.2845,59.296,38.542,37.968,2640.9,63.453,26.626,46.612,0.3225,8.8031,26.648,120.41,1.1184,74.152,24.364,2.2456,54.072,4.7721,229.38,0.017241,0.84616,65.418,18.466,44.37
488,2026-04-13T00:21:00,48.544,27.604,27.054,33.265,41.281,2711.7,3621.4,19.448,18.391,22.514,0.27943,0.099393,342.31,77.224,7.0685,13.7,31.736,4563.9,22.432,43.164,49.904,79.89,2.2767,1.6916,3153.8,42.449,54.26,94.465,9.3095,59.656,37.817,39.123,2641.3,62.825,24.315,46.965,0.32804,8.8399,26.33,120.4,1.2473,74.953,24.201,2.2287,54.072,4.8202,228.99,0.017241,0.84616,65.477,18.627,44.37
489,2026-04-13T00:24:00,50.832,27.487,26.747,33.265,41.475,2712.0,3629.9,17.606,18.391,22.934,0.28062,0.099393,342.55,77.182,7.0685,13.7,31.736,4549.1,23.207,48.46,50.835,79.863,2.2767,1.6916,3151.4,42.463,54.436,94.665,9.2757,62.849,40.557,38.88,2641.2,62.679,25.427,47.248,0.33004,8.8399,26.33,120.38,1.2473,74.925,24.201,2.2287,54.072,4.8202,229.34,0.017241,0.84616,65.514,18.627,44.37
490,2026-04-13T00:27:00,52.076,31.078,27.058,32.955,40.834,2712.2,3614.2,18.167,18.582,22.629,0.32001,0.099393,342.9,76.883,6.8427,13.7,32.343,4540.3,22.981,51.339,48.638,79.832,2.2552,1.6497,3152.6,42.165,54.185,94.661,9.3869,60.012,34.091,37.407,2640.8,62.082,25.911,47.528,0.32226,8.8541,26.457,120.39,1.169,75.838,24.044,2.2613,54.072,4.7981,229.71,0.017241,0.84616,65.559,19.016,44.37
491,2026-04-13T00:30:00,49.901,31.391,27.207,32.955,40.97,2713.3,3597.3,19.723,18.582,22.958,0.31683,0.11135,343.0,77.262,6.8427,13.7,32.343,4545.7,22.32,46.305,50.924,79.675,2.2552,1.6497,3147.4,42.115,54.12,94.831,9.175,62.535,40.82,37.957,2642.2,62.373,24.692,47.255,0.31775,8.8541,26.457,120.38,1.169,74.393,24.044,2.2613,53.8,4.7981,231.67,0.0043387,0.85888,65.557,19.016,44.092
492,2026-04-13T00:33:00,50.862,25.639,26.922,33.075,41.549,2714.5,3640.7,16.786,18.459,23.013,0.26099,0.11135,343.36,77.32,6.8537,13.781,32.284,4488.5,23.551,48.53,51.533,79.853,2.2538,1.6431,3153,42.157,53.844,94.464,9.3103,59.731,42.612,37.458,2644.7,63.537,26.762,47.411,0.32045,8.9231,26.513,120.39,1.2585,75.076,24.307,2.3757,53.8,4.7659,231.44,0.0043387,0.85888,65.54,19.074,44.092
493,2026-04-13T00:36:00,50.441,25.846,26.715,33.075,41.442,2713.7,3678.8,17.043,18.459,22.721,0.25888,0.11135,343.44,77.259,6.8537,13.781,32.284,4467.8,23.442,47.554,49.635,79.85,2.2538,1.6431,3153,42.364,54.091,94.687,9.3707,59.353,37.025,37.697,2642.5,62.88,25.067,47.488,0.31849,8.9231,26.513,120.41,1.2585,74.99,24.307,2.3757,53.8,4.7659,232.07,0.0043387,0.85888,65.577,19.074,44.092
494,2026-04-13T00:39:00,50.987,26.045,27.064,33.158,40.832,2709.3,3647.3,16.176,18.505,22.781,0.26573,0.11135,343.47,76.729,6.9787,13.699,32.306,4516.7,23.829,48.818,49.814,79.649,2.2833,1.6639,3145,42.268,53.317,94.579,9.1788,61.627,37.552,38.659,2639.0,63.359,26.324,47.612,0.32737,8.992,26.065,120.4,1.2956,75.972,24.309,2.3179,53.8,4.83,232.16,0.0043387,0.85888,65.582,18.643,44.092
495,2026-04-13T00:42:00,51.154,26.063,26.625,33.158,41.153,2709.7,3685.6,15.822,18.505,22.792,0.26554,0.11135,343.34,77.272,6.9787,13.699,32.306,4482.0,23.967,49.205,48.872,79.662,2.2833,1.6639,3133.4,42.83,53.732,94.617,9.3315,59.996,34.782,38.493,2639.7,62.7,26.1,47.762,0.32874,8.992,26.065,120.4,1.2956,75.677,24.309,2.3179,53.8,4.83,232.01,0.0043387,0.85888,65.543,18.643,44.092
496,2026-04-13T00:45:00,48.798,25.975,26.915,32.84,40.863,2709.9,3628.5,18.255,18.744,23.176,0.26002,0.099629,343.47,77.016,6.9171,13.811,31.976,4554.3,22.949,43.753,51.539,79.784,2.2519,1.6801,3133.8,41.989,53.911,94.668,9.3678,59.602,42.629,37.511,2639.8,62.552,25.536,48.181,0.31776,8.9852,26.165,120.39,1.1381,74.447,24.07,2.321,53.822,4.9012,232.79,0.013849,0.83074,65.584,18.87,43.736
497,2026-04-13T00:48:00,48.944,25.836,26.8,32.84,41.211,2709.8,3645.1,17.414,18.744,23.156,0.26144,0.099629,343.61,77.412,6.9171,13.811,31.976,4518.9,23.293,44.091,48.855,79.736,2.2519,1.6801,3131,42.345,54.336,94.789,9.2845,62.384,34.73,37.569,2639.6,62.267,24.776,48.309,0.31728,8.9852,26.165,120.4,1.1381,75.629,24.07,2.321,53.822,4.9012,234.55,0.013849,0.83074,65.612,18.87,43.736
498,2026-04-13T00:51:00,49.615,28.945,26.509,33.31,40.933,2710.4,3675.7,17.892,18.179,22.411,0.29461,0.099629,343.17,77.232,6.7853,13.864,32.464,4470.7,23.097,45.643,51.696,79.793,2.2938,1.6391,3141.8,42.566,54.359,94.626,9.3494,61.258,43.091,38.675,2639.4,62.22,25.381,48.463,0.33186,8.8597,26.353,120.4,1.3163,75.693,24.347,2.2237,53.822,4.7182,236.01,0.013849,0.83074,65.67,18.681,43.736
499,2026-04-13T00:54:00,48.768,29.093,26.795,33.31,41.035,2713.5,3654.3,19.503,18.179,23.14,0.29311,0.099629,343.77,77.474,6.7853,13.864,32.464,4497.2,22.402,43.684,50.434,80.075,2.2938,1.6391,3147.8,42.579,54.042,94.63,9.268,60.019,39.377,38.876,2643.2,62.587,25.121,48.911,0.33021,8.8597,26.353,120.39,1.3163,74.916,24.347,2.2237,53.822,4.7182,234.13,0.013849,0.83074,65.745,18.681,43.736
500,2026-04-13T00:57:00,49.725,24.201,27.052,32.941,41.028,2711.1,3688.2,19.531,18.158,22.774,0.24772,0.099629,343.17,77.239,6.8296,13.821,31.975,4485.9,22.393,45.898,50.834,79.98,2.2587,1.7182,3147.4,42.812,54.64,94.504,9.3893,62.01,40.555,39.493,2639.9,63.19,26.525,48.889,0.33704,8.9344,26.547,120.41,1.2867,74.412,24.281,2.3098,53.822,4.7468,237.47,0.013849,0.83074,65.805,18.735,43.736
501,2026-04-13T01:00:00,49.326,24.598,26.805,32.941,41.274,2708.1,3667.0,18.23,18.158,22.798,0.24368,0.10499,343.26,77.071,6.8296,13.821,31.975,4503.5,22.952,44.973,49.467,79.714,2.2587,1.7182,3133,42.543,54.43,94.654,9.3517,61.802,36.532,39.794,2636.7,63.554,25.011,48.65,0.33457,8.9344,26.547,120.4,1.2867,74.792,24.281,2.3098,53.837,4.7468,235.38,0.024765,0.8559,65.815,18.735,44.427
502,2026-04-13T01:03:00,50.646,29.08,27.039,33.229,41.247,2710.1,3680.8,18.215,18.754,22.87,0.29202,0.10499,343.28,77.71,6.835,13.905,32.369,4511.7,22.937,48.029,51.905,79.926,2.2523,1.6825,3137.8,42.148,54.211,94.522,9.288,59.679,43.706,38.997,2638.8,62.997,25.974,48.518,0.33189,9.0278,26.354,120.42,0.98297,76.056,23.81,2.2407,53.837,4.8261,236.57,0.024765,0.8559,65.795,18.739,44.427
503,2026-04-13T01:06:00,49.12,28.912,27.014,33.229,41.598,2710.2,3636.5,17.935,18.754,22.472,0.29372,0.10499,343.02,77.355,6.835,13.905,32.369,4524.0,23.054,44.497,48.94,80.137,2.2523,1.6825,3146.6,42.433,54.063,94.492,9.2896,61.068,34.981,39.03,2639.0,63.76,24.867,48.496,0.33161,9.0278,26.354,120.41,0.98297,74.89,23.81,2.2407,53.837,4.8261,236.45,0.024765,0.8559,65.854,18.739,44.427
504,2026-04-13T01:09:00,51.96,25.333,27.216,33.345,40.753,2706.3,3672.7,16.933,18.48,23.021,0.25426,0.10499,343.34,77.04,6.6752,13.801,32.379,4536.6,23.492,51.069,50.965,79.843,2.2782,1.6651,3127,42.443,53.909,94.65,9.1882,62.958,40.941,40.176,2635.2,63.136,25.024,48.532,0.34106,8.9122,25.923,120.38,1.4382,75.466,24.227,2.2922,53.837,4.8554,235.69,0.024765,0.8559,65.872,18.774,44.427
505,2026-04-13T01:12:00,49.06,25.279,26.94,33.345,41.655,2705.4,3660.1,17.016,18.48,22.77,0.25481,0.10499,343.17,76.871,6.6752,13.801,32.379,4548.4,23.465,44.358,49.966,79.801,2.2782,1.6651,3119,42.588,53.769,94.474,9.3127,59.693,38.001,40.349,2634.6,63.353,25.578,48.569,0.33965,8.9122,25.923,120.41,1.4382,75.737,24.227,2.2922,53.837,4.8554,234.97,0.024765,0.8559,65.837,18.774,44.427
506,2026-04-13T01:15:00,50.225,24.865,26.909,33.271,40.817,2705.2,3741.3,16.054,18.414,22.677,0.25319,0.090632,342.8,77.564,6.8987,13.799,32.256,4502.0,23.846,47.054,49.406,79.953,2.2317,1.6286,3120.2,42.265,54.24,94.64,9.1296,60.135,36.352,38.865,2634.7,63.478,27.305,49.138,0.32937,9.025,26.332,120.41,1.3415,75.798,23.836,2.3023,53.933,4.7818,235.66,0.019876,0.84134,65.847,18.68,44.586
507,2026-04-13T01:18:00,51.786,24.797,26.683,33.271,41.957,2704.7,3719.5,17.129,18.414,22.546,0.25388,0.090632,342.41,77.333,6.8987,13.799,32.256,4505.4,23.393,50.667,49.724,80.111,2.2317,1.6286,3123.8,42.579,54.199,94.299,9.2644,59.809,37.287,38.814,2634.3,63.854,25.974,49.345,0.32978,9.025,26.332,120.43,1.3415,75.296,23.836,2.3023,53.933,4.7818,236.16,0.019876,0.84134,65.918,18.68,44.586
508,2026-04-13T01:21:00,49.459,25.736,27.167,33.375,41.472,2703.7,3668.0,19.026,18.646,22.517,0.26547,0.090632,342.38,77.083,6.9804,13.788,32.441,4539.0,22.597,45.283,49.357,80.105,2.2675,1.6528,3115.4,42.274,54.035,94.558,9.2011,60.274,36.207,38.841,2631.7,62.869,24.869,49.591,0.3288,9.0968,26.375,120.39,1.3226,75.807,24.058,2.2067,53.933,4.6719,236.19,0.019876,0.84134,65.996,18.496,44.586
509,2026-04-13T01:24:00,49.15,25.708,26.552,33.375,41.307,2701.1,3651.6,19.716,18.646,22.302,0.26576,0.090632,342.4,77.001,6.9804,13.788,32.441,4542.1,22.312,44.568,50.696,79.99,2.2675,1.6528,3107,42.357,53.999,94.581,9.2394,61.806,40.149,38.918,2630.4,63.151,25.396,49.819,0.32817,9.0968,26.375,120.39,1.3226,74.715,24.058,2.2067,53.933,4.6719,236.43,0.019876,0.84134,66.033,18.496,44.586
510,2026-04-13T01:27:00,49.747,24.262,26.721,32.604,40.605,2701.2,3637.2,17.585,18.604,22.264,0.24125,0.090632,342.33,77.237,7.0684,14.024,31.929,4556.8,23.207,45.948,51.162,79.977,2.2469,1.7129,3102.6,42.167,54.308,94.731,9.2049,63.539,41.519,38.837,2629.9,62.628,25.902,49.696,0.3262,8.9245,26.045,120.4,1.2873,74.336,23.63,2.232,53.933,4.8605,240.63,0.019876,0.84134,66.026,18.546,44.586
511,2026-04-13T01:30:00,48.229,24.066,26.815,32.604,40.139,2700.7,3662.4,20.368,18.604,22.228,0.24325,0.10096,342.2,77.219,7.0684,14.024,31.929,4543.1,22.035,42.435,51.204,80.001,2.2469,1.7129,3106.6,42.419,54.472,94.766,9.4252,60.488,41.644,38.971,2629.6,62.195,24.866,49.522,0.3251,8.9245,26.045,120.37,1.2873,75.185,23.63,2.232,53.073,4.8605,241.46,0.012112,0.85,65.998,18.546,43.382
512,2026-04-13T01:33:00,53.11,28.839,26.973,33.213,40.641,2700.4,3616.9,20.476,18.918,22.038,0.2938,0.10096,341.81,77.099,6.9765,13.988,32.546,4575.7,21.996,53.732,51.816,79.954,2.2587,1.6569,3108.6,42.723,53.999,94.704,9.2147,60.227,43.445,41.785,2628.7,62.071,25.187,49.62,0.35478,9.064,26.475,120.42,1.212,74.894,23.503,2.3129,53.073,4.8187,241.46,0.012112,0.85,66.016,18.846,43.382
513,2026-04-13T01:36:00,50.347,28.663,26.899,33.213,40.593,2702.8,3602.0,19.197,18.918,22.544,0.29558,0.10096,342.41,77.586,6.9765,13.988,32.546,4532.6,22.52,47.338,50.409,80.079,2.2587,1.6569,3110.2,42.333,54.515,94.844,9.2993,60.513,39.304,41.477,2631.9,62.327,24.207,49.915,0.3573,9.064,26.475,120.4,1.212,74.385,23.503,2.3129,53.073,4.8187,239.25,0.012112,0.85,66.025,18.846,43.382
514,2026-04-13T01:39:00,49.681,22.995,26.699,32.989,40.723,2703.9,3611.8,19.794,18.457,22.17,0.23289,0.10096,342.23,77.672,6.7948,14.031,32.518,4546.1,22.255,45.797,50.109,80.255,2.2556,1.6888,3119,42.153,53.631,94.74,9.3154,60.465,38.421,41.287,2631.6,62.832,24.641,49.877,0.35311,8.8505,26.336,120.41,1.4192,75.273,23.709,2.2347,53.073,4.8158,240.74,0.012112,0.85,66.1,19.155,43.382
515,2026-04-13T01:42:00,50.278,22.879,27.004,32.989,40.73,2702.1,3619.9,18.237,18.457,22.424,0.23407,0.10096,342.24,77.163,6.7948,14.031,32.518,4516.4,22.928,47.177,50.326,80.126,2.2556,1.6888,3113,42.113,53.987,94.775,9.2978,60.15,39.059,41.848,2630.9,62.692,24.953,49.931,0.34851,8.8505,26.336,120.41,1.4192,75.293,23.709,2.2347,53.073,4.8158,241.14,0.012112,0.85,66.14,19.155,43.382
516,2026-04-13T01:45:00,48.779,22.804,26.885,33.577,41.216,2701.3,3704.1,19.324,18.504,22.341,0.2331,0.11295,341.83,77.014,6.8518,13.873,32.475,4500.0,22.474,43.708,50.583,80.09,2.2782,1.6707,3106.2,42.231,53.389,94.641,9.4264,58.305,39.816,42.021,2629.6,62.835,26.302,50.205,0.35879,9.0926,26.382,120.42,1.1696,74.975,23.131,2.3867,53.816,4.847,241.8,0.023827,0.84726,66.142,18.688,44.273
517,2026-04-13T01:48:00,49.921,23.015,27.336,33.577,41.17,2698.4,3691.4,19.451,18.504,22.292,0.23096,0.11295,341.64,77.127,6.8518,13.873,32.475,4463.5,22.42,46.351,49.486,80.02,2.2782,1.6707,3100.6,42.293,53.825,94.7,9.4544,60.353,36.588,41.73,2626.3,63.052,25.755,50.353,0.36118,9.0926,26.382,120.39,1.1696,74.927,23.131,2.3867,53.816,4.847,242.38,0.023827,0.84726,66.13,18.688,44.273
518,2026-04-13T01:51:00,49.861,22.869,26.818,32.929,40.252,2698.9,3678.6,17.935,18.331,21.851,0.23429,0.11295,341.41,77.164,6.8478,13.828,32.688,4480.1,23.054,46.213,50.646,80.124,2.2602,1.6675,3101.8,41.958,54.747,94.535,9.3035,61.128,40.001,40.224,2627.0,62.828,27.67,50.625,0.34056,8.9431,26.378,120.38,1.1331,73.991,23.665,2.3004,53.816,4.8239,241.52,0.023827,0.84726,66.155,18.966,44.273
519,2026-04-13T01:54:00,48.89,22.981,26.846,32.929,41.456,2699.5,3668.9,17.822,18.331,22.173,0.23315,0.11295,341.55,77.461,6.8478,13.828,32.688,4535.6,23.091,43.965,50.574,80.226,2.2602,1.6675,3104.2,42.214,54.083,94.727,9.3223,60.402,39.789,40.161,2627.8,62.996,23.66,50.676,0.34108,8.9431,26.378,120.4,1.1331,75.218,23.665,2.3004,53.816,4.8239,243.14,0.023827,0.84726,66.173,18.966,44.273
520,2026-04-13T01:57:00,50.142,20.497,27.097,33.004,40.488,2698.0,3675.7,17.374,18.346,22.234,0.20916,0.11295,341.06,77.162,6.8359,13.679,31.907,4533.5,23.287,46.863,49.22,80.186,2.2283,1.6619,3102.2,42.378,53.417,94.577,9.3552,60.274,35.804,39.463,2626.8,62.945,25.613,50.866,0.33711,8.9977,26.019,120.4,1.1378,74.595,23.488,2.3148,53.816,4.9482,243.18,0.023827,0.84726,66.233,18.394,44.273
521,2026-04-13T02:00:00,50.635,20.517,27.059,33.004,41.51,2695.8,3669.6,17.52,18.346,21.983,0.20895,0.11974,340.85,77.22,6.8359,13.679,31.907,4495.2,23.226,48.004,48.865,80.108,2.2283,1.6619,3098.2,42.332,53.876,94.703,9.2423,62.416,34.759,39.807,2624.2,63.048,25.098,50.856,0.33429,8.9977,26.019,120.42,1.1378,74.556,23.488,2.3148,53.21,4.9482,244.93,0.018077,0.82797,66.238,18.394,43.728
522,2026-04-13T02:03:00,49.327,27.746,26.946,32.899,40.574,2699.5,3694.4,17.197,19.196,22.129,0.28415,0.11974,340.42,77.159,6.7827,13.783,32.594,4580.4,23.36,44.977,50.63,80.249,2.2463,1.6605,3106.6,42.553,54.276,94.469,9.3273,61.365,39.955,37.571,2629.0,62.765,26.592,50.966,0.31919,8.9456,26.022,120.4,1.2684,74.15,24.097,2.4051,53.21,4.9395,245.62,0.018077,0.82797,66.24,18.519,43.728
523,2026-04-13T02:06:00,50.974,27.917,26.892,32.899,41.249,2701.2,3670.2,17.584,19.196,21.783,0.28241,0.11974,340.62,77.44,6.7827,13.783,32.594,4553.7,23.183,48.787,48.916,80.293,2.2463,1.6605,3119.8,42.493,54.596,94.671,9.2123,61.76,34.909,37.515,2630.2,63.18,25.055,51.101,0.31964,8.9456,26.022,120.4,1.2684,75.776,24.097,2.4051,53.21,4.9395,246.0,0.018077,0.82797,66.301,18.519,43.728
524,2026-04-13T02:09:00,50.777,21.304,26.636,32.993,41.977,2701.9,3669.3,17.143,18.7,22.089,0.21552,0.11974,340.71,77.774,6.9075,14.062,32.037,4546.5,23.35,48.331,50.206,80.49,2.2592,1.64,3115,42.459,54.429,94.358,9.3791,60.545,38.707,39.046,2630.6,63.732,25.13,51.516,0.32881,8.9361,26.503,120.45,1.2916,75.555,23.658,2.3133,53.21,4.8674,243.22,0.018077,0.82797,66.375,19.018,43.728
525,2026-04-13T02:12:00,50.337,21.114,26.837,32.993,40.982,2700.4,3682.5,17.464,18.7,21.777,0.21745,0.11974,340.51,76.994,6.9075,14.062,32.037,4523.7,23.234,47.314,48.74,80.423,2.2592,1.64,3113.8,42.206,54.702,94.583,9.3772,59.27,34.391,39.019,2629.2,63.504,27.293,51.407,0.32903,8.9361,26.503,120.4,1.2916,75.287,23.658,2.3133,53.21,4.8674,246.25,0.018077,0.82797,66.446,19.018,43.728
526,2026-04-13T02:15:00,52.111,26.489,26.668,33.0,41.27,2695.1,3643.8,19.249,18.762,21.467,0.26783,0.11448,340.27,76.808,7.0083,13.974,32.485,4498.2,22.499,51.418,51.479,80.024,2.276,1.6812,3101,42.293,53.783,94.649,9.165,61.41,42.452,43.105,2623.2,63.11,24.641,51.275,0.35791,8.972,26.153,120.42,1.1384,75.317,23.439,2.3299,53.946,4.8635,244.12,0.027834,0.83584,66.406,19.056,44.455
527,2026-04-13T02:18:00,51.563,26.416,26.965,33.0,40.787,2695.0,3678.1,18.002,18.762,22.005,0.26858,0.11448,340.16,77.383,7.0083,13.974,32.485,4458.6,23.014,50.151,50.5,79.998,2.276,1.6812,3090.6,42.467,54.256,94.676,9.3317,62.463,39.572,43.146,2623.0,62.521,25.726,51.134,0.35757,8.972,26.153,120.39,1.1384,75.219,23.439,2.3299,53.946,4.8635,245.23,0.027834,0.83584,66.317,19.056,44.455
528,2026-04-13T02:21:00,49.635,22.114,26.794,33.117,40.557,2696.8,3641.6,17.568,19.083,22.071,0.22416,0.11448,340.72,77.575,6.9807,13.709,31.879,4487.1,23.189,45.69,50.18,80.254,2.2535,1.6625,3095.4,42.37,53.78,94.727,9.4233,58.619,38.63,41.676,2625.8,62.193,25.212,51.31,0.35276,8.8895,26.302,120.41,1.1752,74.56,23.768,2.302,53.946,4.8498,242.8,0.027834,0.83584,66.301,19.328,44.455
529,2026-04-13T02:24:00,50.906,22.28,27.117,33.117,39.921,2698.2,3658.4,17.672,19.083,22.314,0.22246,0.11448,340.37,77.647,6.9807,13.709,31.879,4488.0,23.135,48.631,48.828,80.402,2.2535,1.6625,3100.6,42.273,53.77,94.63,9.4984,62.532,34.652,41.595,2626.8,61.904,24.044,51.156,0.35342,8.8895,26.302,120.37,1.1752,74.569,23.768,2.302,53.946,4.8498,244.02,0.027834,0.83584,66.335,19.328,44.455
530,2026-04-13T02:27:00,49.486,27.947,26.979,32.733,41.389,2700.5,3636.0,17.782,18.852,22.275,0.28212,0.11448,341.04,77.407,6.7743,13.839,31.717,4483.6,23.091,45.345,50.236,80.412,2.2696,1.6635,3109.4,41.988,53.084,94.764,9.4098,61.458,38.794,38.424,2629.2,62.425,24.983,51.056,0.32149,9.0623,26.165,120.45,1.0579,74.722,23.673,2.3222,53.946,4.86,244.6,0.027834,0.83584,66.351,18.955,44.455
531,2026-04-13T02:30:00,49.626,27.768,26.831,32.733,39.876,2699.6,3660.9,19.973,18.852,21.748,0.28394,0.072858,340.51,77.121,6.7743,13.839,31.717,4471.1,22.177,45.668,49.889,80.223,2.2696,1.6635,3113.4,42.655,53.233,94.609,9.3805,60.752,37.772,38.343,2627.6,61.997,24.631,51.153,0.32215,9.0623,26.165,120.36,1.0579,75.015,23.673,2.3222,52.311,4.86,245.17,0.020856,0.83482,66.382,18.955,43.658
532,2026-04-13T02:33:00,50.071,29.967,26.8,32.792,42.02,2701.4,3686.7,18.295,18.528,21.892,0.30107,0.072858,340.66,77.431,6.802,13.924,31.933,4498.5,22.879,46.699,50.266,80.156,2.2539,1.7367,3121.4,42.317,53.76,94.741,9.4187,61.261,38.882,39.654,2629.3,63.368,26.692,51.118,0.3393,8.9804,26.431,120.45,1.221,75.132,24.235,2.3082,52.311,4.8357,246.04,0.020856,0.83482,66.339,18.864,43.658
533,2026-04-13T02:36:00,50.043,29.706,26.767,32.792,40.472,2703.0,3666.1,18.76,18.528,22.107,0.30373,0.072858,341.5,77.36,6.802,13.924,31.933,4525.0,22.682,46.634,50.054,80.287,2.2539,1.7367,3122.2,42.432,53.443,94.419,9.3926,60.525,38.26,40.307,2632.1,63.722,26.075,51.267,0.33394,8.9804,26.431,120.4,1.221,75.432,24.235,2.3082,52.311,4.8357,244.84,0.020856,0.83482,66.332,18.864,43.658
534,2026-04-13T02:39:00,47.287,28.002,26.506,32.782,42.432,2703.6,3673.7,19.526,18.882,21.622,0.28688,0.072858,341.49,77.214,6.9732,14.053,32.049,4542.8,22.357,40.254,48.622,80.369,2.3109,1.6806,3127,42.767,53.431,94.527,9.3695,62.486,34.046,41.436,2632.7,63.437,25.149,51.312,0.34401,8.8779,26.508,120.4,1.2069,75.387,23.307,2.3526,52.311,4.8657,244.74,0.020856,0.83482,66.372,18.804,43.658
535,2026-04-13T02:42:00,50.118,28.269,26.976,32.782,41.2,2701.1,3707.6,17.597,18.882,22.279,0.28416,0.072858,341.81,76.763,6.9732,14.053,32.049,4514.9,23.187,46.807,48.984,80.095,2.3109,1.6806,3113,42.671,53.765,94.378,9.3863,60.114,35.11,41.138,2630.1,62.854,25.215,51.374,0.34645,8.8779,26.508,120.42,1.2069,73.868,23.307,2.3526,52.311,4.8657,244.48,0.020856,0.83482,66.362,18.804,43.658
536,2026-04-13T02:45:00,49.168,27.322,27.136,32.836,41.199,2700.2,3637.0,16.273,18.9,22.165,0.27538,0.09268,341.87,77.077,6.9147,13.67,32.639,4503.2,23.744,44.609,50.193,79.97,2.3111,1.6297,3108.6,42.172,54.04,94.656,9.3293,63.37,38.669,43.255,2628.6,62.56,25.379,51.31,0.35942,8.938,25.962,120.39,1.361,75.376,23.394,2.281,54.007,4.8882,245.41,0.032097,0.82834,66.278,18.697,44.836
537,2026-04-13T02:48:00,49.413,27.184,26.884,32.836,41.023,2701.3,3632.2,16.564,18.9,22.13,0.27678,0.09268,342.04,77.375,6.9147,13.67,32.639,4526.6,23.611,45.176,51.223,80.076,2.3111,1.6297,3114.2,42.326,53.761,94.617,9.3954,61.569,41.698,43.07,2630.2,62.643,24.978,51.346,0.36094,8.938,25.962,120.4,1.361,74.41,23.394,2.281,54.007,4.8882,245.37,0.032097,0.82834,66.26,18.697,44.836
538,2026-04-13T02:51:00,48.151,21.56,27.003,33.156,40.877,2701.9,3685.2,16.018,18.509,22.274,0.21674,0.09268,342.53,77.552,6.6995,14.078,32.833,4543.6,23.834,42.255,50.61,80.087,2.225,1.6624,3115.8,42.175,53.825,94.636,9.3019,61.094,39.896,37.895,2630.7,62.185,24.479,51.368,0.31986,8.8079,26.024,120.39,1.1272,74.103,23.455,2.2276,54.007,4.8252,245.5,0.032097,0.82834,66.253,18.763,44.836
539,2026-04-13T02:54:00,47.718,21.332,26.908,33.156,40.694,2705.1,3649.1,15.958,18.509,22.43,0.21906,0.09268,342.29,77.558,6.6995,14.078,32.833,4508.6,23.852,41.252,50.697,80.342,2.225,1.6624,3122.2,42.284,54.245,94.52,9.3235,59.303,40.151,37.75,2634.0,62.808,27.982,51.35,0.32105,8.8079,26.024,120.4,1.1272,74.967,23.455,2.2276,54.007,4.8252,246.01,0.032097,0.82834,66.308,18.763,44.836
540,2026-04-13T02:57:00,50.69,19.135,27.235,32.749,41.078,2701.9,3670.7,19.142,18.63,22.197,0.19232,0.09268,341.78,77.451,6.7234,13.899,31.901,4552.1,22.511,48.131,48.637,80.21,2.2852,1.6841,3121,42.653,53.57,94.597,9.3469,63.085,34.089,43.375,2630.9,64.394,24.651,51.363,0.36505,8.9117,26.28,120.39,1.277,75.056,23.65,2.3871,54.007,4.8033,246.16,0.032097,0.82834,66.364,18.657,44.836
541,2026-04-13T03:00:00,50.891,18.868,26.796,32.749,41.159,2700.2,3697.0,19.553,18.63,21.998,0.19503,0.094989,341.44,77.21,6.7234,13.899,31.901,4539.0,22.346,48.596,49.467,80.169,2.2852,1.6841,3111,42.891,53.726,94.43,9.3352,60.854,36.532,43.455,2628.3,63.941,26.108,51.215,0.36439,8.9117,26.28,120.4,1.277,74.085,23.65,2.3871,53.72,4.8033,246.2,0.035731,0.81652,66.338,18.657,43.793
542,2026-04-13T03:03:00,48.584,27.754,26.628,33.137,42.085,2700.4,3695.1,19.017,18.563,22.113,0.28134,0.094989,341.35,77.33,6.6981,13.829,32.56,4513.6,22.57,43.256,50.354,80.174,2.2884,1.6475,3111.8,42.106,54.302,94.396,9.3823,58.815,39.141,40.993,2629.0,63.926,23.991,51.224,0.34729,8.8765,26.067,120.45,1.312,74.56,23.262,2.2583,53.72,4.8547,245.6,0.035731,0.81652,66.332,18.864,43.793
543,2026-04-13T03:06:00,50.098,27.661,27.043,33.137,41.615,2700.2,3707.9,17.357,18.563,22.124,0.28229,0.094989,341.35,77.536,6.6981,13.829,32.56,4533.4,23.261,46.761,50.666,80.199,2.2884,1.6475,3112.2,42.345,54.065,94.511,9.4366,62.663,40.06,41.383,2628.3,63.706,24.088,51.255,0.3441,8.8765,26.067,120.41,1.312,74.464,23.262,2.2583,53.72,4.8547,244.71,0.035731,0.81652,66.321,18.864,43.793
544,2026-04-13T03:09:00,48.478,21.126,26.892,33.101,41.824,2698.9,3731.9,17.101,18.64,21.972,0.22028,0.094989,340.84,77.355,6.9431,13.928,32.377,4524.5,23.37,43.012,48.94,80.305,2.2953,1.6772,3108.2,42.377,53.666,94.316,9.3763,59.811,34.98,40.465,2628.6,63.675,25.519,51.389,0.33685,9.0424,26.115,120.43,1.1334,74.882,23.204,2.3162,53.72,4.8706,242.66,0.035731,0.81652,66.351,18.623,43.793
545,2026-04-13T03:12:00,50.594,21.122,26.793,33.101,41.836,2698.1,3714.7,18.31,18.64,21.957,0.22033,0.094989,340.82,77.428,6.9431,13.928,32.377,4514.9,22.856,47.908,50.539,80.321,2.2953,1.6772,3103,42.202,53.781,94.441,9.3141,61.929,39.685,40.127,2626.4,63.971,24.134,51.171,0.33963,9.0424,26.115,120.4,1.1334,75.298,23.204,2.3162,53.72,4.8706,244.56,0.035731,0.81652,66.363,18.623,43.793
546,2026-04-13T03:15:00,49.719,23.004,26.61,33.093,41.44,2696.5,3641.9,18.277,18.234,21.715,0.23085,0.10828,340.75,77.278,6.9173,13.982,32.398,4521.6,22.871,45.883,49.268,80.367,2.2795,1.6388,3097.8,42.274,54.298,94.492,9.4654,59.945,35.945,41.567,2625.3,63.133,25.009,50.875,0.35002,8.9696,26.248,120.38,1.1059,75.397,23.354,2.3412,54.686,4.8004,243.67,0.010334,0.8192,66.399,18.968,43.906
547,2026-04-13T03:18:00,50.208,22.78,26.803,33.093,39.797,2694.5,3671.5,19.333,18.234,21.557,0.23314,0.10828,340.39,77.058,6.9173,13.982,32.398,4545.0,22.436,47.016,47.34,80.179,2.2795,1.6388,3095.8,42.275,54.018,94.592,9.3985,61.69,30.271,41.876,2622.9,62.624,24.5,50.735,0.34748,8.9696,26.248,120.36,1.1059,74.11,23.354,2.3412,54.686,4.8004,243.1,0.010334,0.8192,66.378,18.968,43.906
548,2026-04-13T03:21:00,49.819,22.528,26.939,32.767,41.927,2695.0,3691.7,20.69,18.446,21.679,0.22753,0.10828,340.32,77.341,7.0553,13.874,32.124,4501.8,21.862,46.116,49.536,80.128,2.3066,1.658,3089,42.398,53.684,94.718,9.3342,59.709,36.734,42.5,2623.4,62.458,26.272,50.696,0.35597,8.9804,26.025,120.4,1.3778,75.182,23.653,2.308,54.686,4.9018,241.46,0.010334,0.8192,66.294,18.811,43.906
549,2026-04-13T03:24:00,50.854,22.61,26.934,32.767,40.185,2696.9,3654.6,21.031,18.446,22.103,0.22669,0.10828,340.93,77.448,7.0553,13.874,32.124,4440.0,21.713,48.511,50.401,80.317,2.3066,1.658,3094.2,42.145,54.424,94.664,9.2362,63.533,39.28,42.44,2625.3,63.096,26.964,50.446,0.35646,8.9804,26.025,120.38,1.3778,75.014,23.653,2.308,54.686,4.9018,242.18,0.010334,0.8192,66.274,18.811,43.906
550,2026-04-13T03:27:00,52.021,25.185,27.294,33.272,40.366,2695.6,3632.1,18.741,18.27,21.752,0.25194,0.10828,340.33,77.37,6.8216,13.814,32.22,4462.6,22.682,51.21,50.276,80.223,2.2924,1.6899,3098.6,42.653,54.519,94.701,9.2405,61.5,38.913,41.109,2624.1,62.174,26.185,50.343,0.34482,9.133,26.763,120.39,1.1892,74.855,23.387,2.3067,54.686,4.8103,241.27,0.010334,0.8192,66.265,19.177,43.906
551,2026-04-13T03:30:00,47.401,25.016,26.495,33.272,40.33,2698.3,3644.1,17.784,18.27,21.547,0.25367,0.096069,340.62,77.491,6.8216,13.814,32.22,4476.9,23.081,40.52,49.577,80.311,2.2924,1.6899,3105.4,42.731,54.348,94.732,9.2176,60.526,36.856,40.853,2626.6,61.966,25.89,50.254,0.34691,9.133,26.763,120.35,1.1892,75.64,23.387,2.3067,53.414,4.8103,240.6,0.0099904,0.84448,66.248,19.177,43.684
552,2026-04-13T03:33:00,49.638,24.256,27.151,32.717,41.378,2699.4,3707.1,18.917,19.055,21.852,0.24313,0.096069,340.24,77.562,7.0559,13.831,31.801,4453.7,22.601,45.697,50.345,80.272,2.2712,1.6953,3111.8,42.12,53.691,94.711,9.3075,64.042,39.116,40.375,2626.9,62.88,25.121,50.12,0.33809,8.9299,25.956,120.42,1.3764,74.548,23.925,2.3022,53.414,4.9563,240.2,0.0099904,0.84448,66.247,18.818,43.684
553,2026-04-13T03:36:00,48.254,24.242,26.848,32.717,40.224,2700.1,3669.5,19.62,19.055,21.844,0.24326,0.096069,340.6,77.115,7.0559,13.831,31.801,4473.1,22.319,42.494,50.883,80.266,2.2712,1.6953,3115,42.204,53.459,94.39,9.4155,61.105,40.699,40.053,2629.2,63.527,26.911,50.014,0.34072,8.9299,25.956,120.4,1.3764,74.43,23.925,2.3022,53.414,4.9563,239.52,0.0099904,0.84448,66.206,18.818,43.684
554,2026-04-13T03:39:00,49.652,28.206,26.733,32.92,41.518,2703.5,3639.7,18.684,18.868,21.887,0.28766,0.096069,341.37,77.792,6.9562,14.023,32.575,4526.4,22.684,45.728,48.456,80.493,2.2704,1.6701,3127.4,42.232,53.664,94.711,9.3817,61.327,33.556,40.699,2632.7,61.931,23.036,49.952,0.33917,8.9178,26.275,120.41,1.1111,74.409,23.655,2.2347,53.414,4.765,238.33,0.0099904,0.84448,66.218,18.958,43.684
555,2026-04-13T03:42:00,47.79,28.365,26.962,32.92,40.524,2704.6,3614.0,15.233,18.868,22.281,0.28604,0.096069,340.94,77.31,6.9562,14.023,32.575,4469.9,24.143,41.42,49.171,80.468,2.2704,1.6701,3131,42.553,54.341,94.601,9.3663,61.435,35.661,40.764,2633.7,62.372,26.358,49.621,0.33863,8.9178,26.275,120.39,1.1111,74.903,23.655,2.2347,53.414,4.765,240.14,0.0099904,0.84448,66.249,18.958,43.684
556,2026-04-13T03:45:00,50.031,20.841,27.072,32.657,40.822,2702.7,3639.4,18.668,18.698,22.132,0.21283,0.08558,341.34,77.272,6.8216,13.909,32.084,4498.2,22.697,46.606,48.768,80.257,2.2624,1.6383,3119.8,42.22,53.64,94.739,9.4125,62.159,34.476,42.987,2631.7,62.694,24.009,50.084,0.3636,8.8918,26.774,120.4,1.1889,74.602,24.049,2.3262,54.168,4.861,240.23,0.023705,0.8098,66.253,18.523,44.926
557,2026-04-13T03:48:00,51.534,20.859,26.167,32.657,40.584,2701.5,3645.0,18.272,18.698,21.682,0.21264,0.08558,341.49,76.942,6.8216,13.909,32.084,4464.8,22.879,50.085,49.411,80.108,2.2624,1.6383,3116.6,42.274,54.04,94.74,9.5498,60.105,36.365,42.809,2629.7,62.597,24.638,50.028,0.36506,8.8918,26.774,120.37,1.1889,74.621,24.049,2.3262,54.168,4.861,242.13,0.023705,0.8098,66.173,18.523,44.926
558,2026-04-13T03:51:00,48.382,25.609,26.323,33.251,40.818,2701.7,3689.3,17.104,18.709,21.996,0.2564,0.08558,342.0,77.06,6.8564,13.815,32.024,4502.2,23.379,42.788,48.806,79.91,2.2661,1.6874,3113.8,42.129,54.665,94.674,9.3395,63.798,34.587,41.605,2630.6,63.009,26.52,50.101,0.35173,8.8648,26.305,120.41,1.454,75.024,23.733,2.3476,54.168,4.8846,242.62,0.023705,0.8098,66.126,19.046,44.926
559,2026-04-13T03:54:00,50.028,25.472,27.152,33.251,40.483,2703.5,3664.2,16.701,18.709,22.349,0.25779,0.08558,341.08,77.451,6.8564,13.815,32.024,4515.5,23.54,46.599,50.257,80.011,2.2661,1.6874,3122.6,42.138,54.507,94.528,9.4625,62.69,38.858,41.686,2632.5,63.441,24.68,50.462,0.35107,8.8648,26.305,120.4,1.454,73.748,23.733,2.3476,54.168,4.8846,239.92,0.023705,0.8098,66.056,19.046,44.926
560,2026-04-13T03:57:00,50.557,26.048,26.619,32.784,41.247,2705.3,3692.5,19.208,18.331,22.0,0.26638,0.08558,341.61,77.79,6.7073,13.901,32.319,4476.9,22.468,47.822,47.777,80.235,2.2756,1.6614,3136.6,42.383,53.684,94.49,9.45,61.765,31.559,40.779,2634.4,62.69,24.256,50.289,0.33843,8.8289,26.0,120.42,1.3215,75.059,23.7,2.4026,54.168,4.8872,243.14,0.023705,0.8098,66.074,18.441,44.926
561,2026-04-13T04:00:00,50.707,26.228,27.2,32.784,41.091,2708.2,3657.5,19.087,18.331,22.691,0.26455,0.091174,342.2,77.391,6.7073,13.901,32.319,4466.5,22.522,48.171,48.563,80.36,2.2756,1.6614,3138.2,42.212,53.808,94.537,9.3634,63.919,33.871,40.64,2637.1,63.292,24.85,49.854,0.33957,8.8289,26.0,120.43,1.3215,74.346,23.7,2.4026,53.486,4.8872,239.16,0.020903,0.83204,66.142,18.441,43.571
562,2026-04-13T04:03:00,49.972,23.207,27.026,33.54,41.693,2707.1,3694.2,18.86,18.467,22.425,0.23852,0.091174,342.39,77.346,6.8097,13.88,32.427,4534.9,22.62,46.47,51.076,80.19,2.2644,1.6531,3135,41.93,54.48,94.349,9.4435,59.727,41.267,41.916,2635.9,64.063,25.867,49.594,0.34838,8.774,26.466,120.42,1.3419,74.729,24.198,2.2088,53.486,4.9321,238.95,0.020903,0.83204,66.123,18.693,43.571
563,2026-04-13T04:06:00,49.381,23.411,26.833,33.54,41.887,2705.7,3679.5,20.228,18.467,22.505,0.23644,0.091174,342.06,77.393,6.8097,13.88,32.427,4535.0,22.043,45.102,50.324,80.157,2.2644,1.6531,3131.4,42.468,54.479,94.437,9.3493,61.568,39.054,41.857,2635.3,64.316,26.178,49.425,0.34886,8.774,26.466,120.41,1.3419,74.895,24.198,2.2088,53.486,4.9321,237.72,0.020903,0.83204,66.087,18.693,43.571
564,2026-04-13T04:09:00,50.163,22.035,26.921,33.554,41.4,2703.5,3682.1,15.778,18.756,22.152,0.22575,0.091174,341.97,77.163,6.9204,13.899,32.245,4534.1,23.926,46.912,50.564,80.05,2.2886,1.6555,3124.6,42.316,53.905,94.417,9.2757,62.954,39.759,41.56,2633.1,63.489,24.774,49.109,0.34754,9.0199,25.941,120.4,1.2673,74.599,23.675,2.3648,53.486,4.9555,238.18,0.020903,0.83204,66.058,18.869,43.571
565,2026-04-13T04:12:00,49.611,22.194,27.109,33.554,41.184,2703.0,3691.6,17.425,18.756,22.072,0.22413,0.091174,341.44,77.351,6.9204,13.899,32.245,4523.2,23.225,45.633,51.252,80.074,2.2886,1.6555,3125.8,42.279,54.035,94.545,9.3932,57.861,41.784,41.728,2631.7,63.324,24.436,48.964,0.34617,9.0199,25.941,120.4,1.2673,74.789,23.675,2.3648,53.486,4.9555,236.76,0.020903,0.83204,66.013,18.869,43.571
566,2026-04-13T04:15:00,50.344,23.905,27.09,32.783,40.631,2704.1,3667.1,20.14,18.189,22.314,0.23875,0.098233,341.52,77.552,6.8813,13.628,32.41,4463.5,22.073,47.33,49.829,80.273,2.2881,1.6389,3124.6,42.562,54.318,94.353,9.4644,60.964,37.595,41.506,2633.4,62.792,24.141,49.152,0.35295,8.9421,26.623,120.38,1.289,74.801,23.98,2.3853,52.962,4.8167,237.66,0.024548,0.82669,66.026,18.53,43.359
567,2026-04-13T04:18:00,50.655,23.51,26.964,32.783,40.809,2701.4,3646.1,21.655,18.189,21.997,0.24277,0.098233,341.29,76.794,6.8813,13.628,32.41,4527.8,21.461,48.049,51.279,80.036,2.2881,1.6389,3121.8,42.346,53.548,94.714,9.2069,63.259,41.865,41.722,2629.9,63.154,26.077,49.196,0.35119,8.9421,26.623,120.38,1.289,75.035,23.98,2.3853,52.962,4.8167,236.73,0.024548,0.82669,65.997,18.53,43.359
568,2026-04-13T04:21:00,48.984,22.088,26.625,32.863,41.678,2703.9,3681.5,17.871,18.73,22.335,0.22251,0.098233,342.16,77.45,7.0095,13.8,31.861,4552.2,23.043,44.183,50.043,80.003,2.2609,1.6455,3118.6,42.689,54.101,94.556,9.4017,61.967,38.227,38.008,2632.7,62.869,26.043,49.013,0.3213,8.9269,26.471,120.41,1.3827,74.82,23.867,2.2432,52.962,4.8396,238.41,0.024548,0.82669,65.945,18.984,43.359
569,2026-04-13T04:24:00,49.464,21.943,27.125,32.863,40.934,2706.3,3648.1,16.797,18.73,22.687,0.224,0.098233,341.8,77.817,7.0095,13.8,31.861,4551.8,23.478,45.293,49.542,80.236,2.2609,1.6455,3133.8,42.146,54.106,94.592,9.5177,59.486,36.752,38.407,2635.4,63.444,25.605,49.094,0.31803,8.9269,26.471,120.41,1.3827,73.964,23.867,2.2432,52.962,4.8396,237.09,0.024548,0.82669,65.945,18.984,43.359
570,2026-04-13T04:27:00,51.036,27.136,27.461,33.217,41.751,2707.6,3642.8,19.405,18.765,22.544,0.27841,0.098233,341.49,77.691,6.812,13.934,32.583,4494.1,22.372,48.932,51.887,80.378,2.2733,1.6787,3139.4,42.543,53.685,94.448,9.2793,63.691,43.654,40.168,2636.6,62.35,26.124,49.337,0.3401,8.7845,26.541,120.43,1.1302,74.85,24.102,2.2894,52.962,4.8677,233.91,0.024548,0.82669,66.031,18.617,43.359
571,2026-04-13T04:30:00,49.948,27.547,27.02,33.217,41.551,2709.4,3637.9,19.631,18.765,22.522,0.27423,0.094315,341.83,77.44,6.812,13.934,32.583,4533.3,22.281,46.415,51.468,80.36,2.2733,1.6787,3142.2,42.485,53.216,94.621,9.4251,60.106,42.421,40.233,2638.7,62.435,24.171,49.093,0.33957,8.7845,26.541,120.4,1.1302,74.466,24.102,2.2894,52.964,4.8677,234.52,0.011818,0.82562,66.064,18.617,43.814
572,2026-04-13T04:33:00,49.851,20.29,26.844,33.267,40.887,2705.8,3691.3,18.55,18.388,22.038,0.20775,0.094315,341.86,76.995,6.8376,13.828,32.083,4506.1,22.752,46.19,51.372,80.06,2.2457,1.6591,3137.8,42.473,54.439,94.637,9.2865,60.667,42.137,41.847,2634.3,63.223,24.296,48.856,0.35628,9.1179,26.338,120.38,1.3536,75.445,23.826,2.3205,52.964,4.8731,236.03,0.011818,0.82562,66.046,19.131,43.814
573,2026-04-13T04:36:00,51.737,20.3,27.044,33.267,40.762,2704.0,3674.9,18.771,18.388,22.547,0.20765,0.094315,341.8,76.914,6.8376,13.828,32.083,4473.1,22.674,50.555,51.02,79.875,2.2457,1.6591,3121.8,41.868,54.833,94.545,9.3238,60.941,41.102,41.99,2632.9,63.504,23.684,48.749,0.35511,9.1179,26.338,120.39,1.3536,75.311,23.826,2.3205,52.964,4.8731,236.13,0.011818,0.82562,65.957,19.131,43.814
574,2026-04-13T04:39:00,50.264,25.168,26.807,33.03,40.452,2703.2,3699.5,15.32,18.952,22.297,0.25171,0.094315,341.61,77.094,6.9328,13.996,32.525,4467.8,24.131,47.145,48.581,79.799,2.2211,1.6886,3121,42.338,53.618,94.663,9.2934,63.352,33.924,40.419,2632.4,62.911,25.138,48.764,0.3454,9.023,26.358,120.38,1.0669,74.726,23.806,2.341,52.964,4.8716,234.91,0.011818,0.82562,65.847,19.216,43.814
575,2026-04-13T04:42:00,50.914,24.813,27.043,33.03,41.48,2704.1,3667.0,20.152,18.952,22.458,0.25532,0.094315,341.6,77.423,6.9328,13.996,32.525,4490.5,22.088,48.65,50.108,79.911,2.2211,1.6886,3122.2,42.392,53.347,94.514,9.3309,62.108,38.417,40.591,2633.3,63.47,23.534,48.768,0.34399,9.023,26.358,120.41,1.0669,75.319,23.806,2.341,52.964,4.8716,233.83,0.011818,0.82562,65.813,19.216,43.814
576,2026-04-13T04:45:00,50.247,20.474,26.931,33.438,40.41,2705.7,3649.2,20.133,18.816,22.385,0.21167,0.11359,341.96,77.804,6.9613,13.873,31.94,4450.0,22.077,47.106,49.99,80.258,2.2587,1.6814,3125.4,42.36,53.557,94.599,9.2871,60.768,38.07,43.001,2634.9,62.938,24.756,48.689,0.36213,8.7087,26.254,120.4,1.1193,75.022,24.187,2.3048,53.833,4.8118,233.15,0.017346,0.82321,65.84,18.794,43.979
577,2026-04-13T04:48:00,50.72,20.823,27.05,33.438,41.337,2706.4,3665.1,21.466,18.816,22.653,0.20812,0.11359,341.89,77.614,6.9613,13.873,31.94,4424.8,21.507,48.199,51.255,80.483,2.2587,1.6814,3128.6,42.026,53.859,94.626,9.3791,61.671,41.795,43.271,2635.7,62.663,27.249,48.428,0.35992,8.7087,26.254,120.4,1.1193,75.335,24.187,2.3048,53.833,4.8118,234.7,0.017346,0.82321,65.934,18.794,43.979
578,2026-04-13T04:51:00,50.663,26.22,26.785,33.408,39.977,2705.2,3649.8,19.474,18.834,22.041,0.2655,0.11359,341.26,77.254,6.828,13.871,32.023,4493.9,22.358,48.069,48.916,80.216,2.2368,1.7138,3131.8,42.193,54.028,94.66,9.3203,60.861,34.91,41.124,2633.8,62.617,26.899,48.4,0.3519,8.8701,26.409,120.38,1.2713,75.687,23.714,2.4234,53.833,4.787,233.64,0.017346,0.82321,65.992,18.598,43.979
579,2026-04-13T04:54:00,50.908,26.092,26.932,33.408,41.328,2705.7,3692.5,18.603,18.834,22.576,0.2668,0.11359,342.11,77.469,6.828,13.871,32.023,4520.4,22.719,48.635,50.667,80.168,2.2368,1.7138,3133,42.616,53.712,94.653,9.3381,62.771,40.064,41.343,2635.6,61.881,24.886,48.475,0.35011,8.8701,26.409,120.4,1.2713,74.86,23.714,2.4234,53.833,4.787,231.46,0.017346,0.82321,65.944,18.598,43.979
580,2026-04-13T04:57:00,48.003,25.44,26.882,33.048,40.952,2708.2,3676.6,17.634,18.098,22.369,0.26152,0.11359,341.81,77.313,6.8988,13.694,32.153,4507.5,23.133,41.913,48.18,80.103,2.2238,1.6662,3138.6,42.113,54.359,94.612,9.3161,62.67,32.745,41.081,2637.1,63.311,23.514,48.279,0.35255,9.0391,26.754,120.4,1.3288,74.279,24.311,2.3063,53.833,4.8274,232.36,0.017346,0.82321,65.921,18.666,43.979
581,2026-04-13T05:00:00,50.385,25.52,26.444,33.048,41.403,2708.4,3676.7,17.416,18.098,22.332,0.2607,0.077547,342.7,77.506,6.8988,13.694,32.153,4497.6,23.22,47.424,48.225,80.117,2.2238,1.6662,3137.4,42.552,54.477,94.53,9.4059,61.579,32.877,41.355,2638.0,63.31,25.508,47.932,0.3503,9.0391,26.754,120.41,1.3288,74.913,24.311,2.3063,53.306,4.8274,234.02,0.038818,0.82622,65.878,18.666,43.786
582,2026-04-13T05:03:00,49.431,24.558,27.161,32.831,40.468,2709.4,3678.0,17.562,18.424,22.914,0.24748,0.077547,342.63,77.134,6.9308,13.74,32.67,4527.4,23.168,45.217,48.698,80.157,2.2872,1.631,3139.8,42.299,53.979,94.52,9.3751,61.918,34.269,39.09,2639.1,62.684,24.231,48.071,0.32947,8.8588,26.53,120.39,1.2756,74.924,24.269,2.2133,53.306,4.8518,230.78,0.038818,0.82622,65.849,18.993,43.786
583,2026-04-13T05:06:00,48.752,24.408,26.95,32.831,40.454,2707.4,3651.8,17.447,18.424,22.529,0.249,0.077547,342.39,76.854,6.9308,13.74,32.67,4575.8,23.228,43.646,49.303,79.932,2.2872,1.631,3133.8,42.399,53.4,94.626,9.4237,62.576,36.049,39.08,2636.8,63.136,24.739,47.851,0.32955,8.8588,26.53,120.41,1.2756,74.546,24.269,2.2133,53.306,4.8518,231.57,0.038818,0.82622,65.826,18.993,43.786
584,2026-04-13T05:09:00,49.689,19.381,26.993,33.152,40.977,2705.0,3622.8,18.695,18.068,22.392,0.19549,0.077547,342.11,77.143,6.8397,13.847,32.209,4485.6,22.709,45.813,50.535,79.666,2.266,1.6095,3126.6,42.689,53.667,94.638,9.3353,59.386,39.674,39.837,2633.3,63.323,26.34,47.545,0.33205,8.9735,26.209,120.41,1.2725,75.029,23.654,2.3146,53.306,4.7673,233.42,0.038818,0.82622,65.705,18.301,43.786
585,2026-04-13T05:12:00,50.023,19.377,26.602,33.152,41.351,2708.2,3650.5,17.68,18.068,22.782,0.19554,0.077547,342.52,77.541,6.8397,13.847,32.209,4468.7,23.122,46.587,51.126,80.0,2.266,1.6095,3131,42.051,53.869,94.763,9.3484,63.538,41.413,39.743,2637.0,62.845,25.385,47.398,0.33282,8.9735,26.209,120.39,1.2725,74.825,23.654,2.3146,53.306,4.7673,233.49,0.038818,0.82622,65.656,18.301,43.786
586,2026-04-13T05:15:00,51.469,23.553,26.625,32.723,40.763,2708.8,3680.3,17.799,18.288,21.867,0.23698,0.090234,342.08,77.423,6.9213,13.937,32.106,4604.6,23.072,49.934,48.863,80.106,2.2222,1.6106,3147.8,42.319,53.963,94.55,9.476,57.299,34.754,40.866,2637.5,63.13,25.44,47.608,0.34684,8.8273,26.77,120.43,1.3788,75.147,24.22,2.2661,54.513,4.8053,230.14,0.026338,0.81003,65.682,18.43,43.82
587,2026-04-13T05:18:00,50.299,23.498,26.785,32.723,41.688,2710.7,3686.0,16.499,18.288,22.484,0.23755,0.090234,341.89,77.786,6.9213,13.937,32.106,4573.2,23.607,47.226,48.037,80.151,2.2222,1.6106,3149.4,42.472,54.339,94.527,9.3886,62.919,32.325,40.935,2639.3,63.031,24.937,47.22,0.34627,8.8273,26.77,120.43,1.3788,75.133,24.22,2.2661,54.513,4.8053,233.14,0.026338,0.81003,65.704,18.43,43.82
588,2026-04-13T05:21:00,50.47,24.348,27.021,32.966,40.833,2712.4,3697.3,18.146,18.107,22.464,0.24954,0.090234,341.81,77.733,6.7969,13.85,32.019,4538.7,22.901,47.623,50.499,80.404,2.2089,1.6117,3155.8,42.652,54.505,94.471,9.2866,60.807,39.568,42.253,2641.5,62.122,25.64,47.229,0.35592,8.9973,25.994,120.4,1.1408,74.837,23.743,2.3815,54.513,4.7837,231.65,0.026338,0.81003,65.762,18.746,43.82
589,2026-04-13T05:24:00,49.581,24.358,26.896,32.966,40.878,2710.5,3626.5,17.503,18.107,22.188,0.24944,0.090234,341.91,77.024,6.7969,13.85,32.019,4530.2,23.192,45.563,51.583,80.166,2.2089,1.6117,3152.6,42.224,54.607,94.606,9.301,60.928,42.758,41.969,2638.8,63.34,25.404,47.217,0.35825,8.9973,25.994,120.39,1.1408,75.58,23.743,2.3815,54.513,4.7837,230.36,0.026338,0.81003,65.805,18.746,43.82
590,2026-04-13T05:27:00,48.904,25.693,26.955,32.42,41.075,2709.3,3677.4,19.333,18.524,22.24,0.25517,0.090234,341.64,77.063,6.8628,13.776,32.368,4541.8,22.427,43.997,49.667,79.975,2.2789,1.6819,3141,42.265,53.722,94.523,9.4791,59.331,37.119,41.419,2638.1,63.578,23.346,47.274,0.34452,8.8503,26.412,120.39,1.1806,73.583,24.681,2.2771,54.513,4.8639,228.36,0.026338,0.81003,65.751,18.682,43.82
591,2026-04-13T05:30:00,49.373,25.419,26.51,32.42,40.809,2708.4,3678.5,17.637,18.524,22.255,0.25796,0.11124,341.57,77.36,6.8628,13.776,32.368,4536.9,23.139,45.083,50.252,79.903,2.2789,1.6819,3138.2,42.629,53.781,94.576,9.2469,62.171,38.842,41.138,2637.2,63.558,25.799,46.7,0.34683,8.8503,26.412,120.41,1.1806,75.288,24.681,2.2771,53.026,4.8639,228.51,0.012307,0.82655,65.633,18.682,43.415
592,2026-04-13T05:33:00,48.573,21.828,27.154,32.963,41.119,2707.3,3687.4,17.492,18.46,22.501,0.22694,0.11124,341.69,77.012,6.8887,13.774,32.273,4523.4,23.211,43.232,48.561,79.92,2.2441,1.6346,3134.6,42.534,54.112,94.56,9.3603,60.214,33.865,40.566,2636.1,62.876,26.577,46.571,0.33529,8.8769,26.299,120.4,1.1489,75.264,24.257,2.2907,53.026,4.8602,226.49,0.012307,0.82655,65.596,19.017,43.415
593,2026-04-13T05:36:00,50.986,21.972,26.981,32.963,41.289,2707.2,3676.5,18.02,18.46,22.47,0.22547,0.11124,341.95,77.124,6.8887,13.774,32.273,4540.1,22.991,48.817,49.587,79.905,2.2441,1.6346,3133,42.371,53.912,94.651,9.3802,61.774,36.883,40.171,2636.3,63.064,25.67,46.284,0.33852,8.8769,26.299,120.41,1.1489,75.097,24.257,2.2907,53.026,4.8602,226.3,0.012307,0.82655,65.529,19.017,43.415
594,2026-04-13T05:39:00,49.905,22.971,27.249,33.283,41.046,2706.7,3621.3,20.921,18.326,22.568,0.23092,0.11124,342.11,77.364,6.7403,13.828,32.562,4515.9,21.764,46.314,49.821,79.927,2.2444,1.6445,3125,42.271,53.367,94.566,9.3881,62.357,37.572,40.263,2635.3,63.793,25.431,46.06,0.33664,8.7281,26.309,120.39,1.2923,75.31,24.147,2.2567,53.026,4.7709,225.38,0.012307,0.82655,65.496,18.593,43.415
595,2026-04-13T05:42:00,49.465,22.901,26.865,33.283,40.533,2706.5,3661.9,15.846,18.326,22.117,0.23164,0.11124,341.57,77.592,6.7403,13.828,32.562,4516.4,23.893,45.296,51.03,80.077,2.2444,1.6445,3136.6,42.309,53.361,94.678,9.3607,61.515,41.132,40.571,2634.3,63.094,26.532,45.754,0.33412,8.7281,26.309,120.38,1.2923,75.335,24.147,2.2567,53.026,4.7709,225.37,0.012307,0.82655,65.515,18.593,43.415
596,2026-04-13T05:45:00,50.178,19.819,26.556,32.796,42.107,2708.8,3693.4,19.319,17.796,22.358,0.20221,0.081847,341.79,77.57,6.8274,13.66,31.987,4556.8,22.423,46.947,50.107,80.266,2.2708,1.6778,3137.4,42.131,53.912,94.444,9.3752,60.148,38.415,40.618,2638.2,63.917,26.285,45.843,0.34539,8.9217,26.387,120.43,1.2468,74.912,24.37,2.2911,54.294,4.7467,225.35,0.030973,0.80955,65.489,18.546,43.687
597,2026-04-13T05:48:00,49.493,19.529,26.591,32.796,40.626,2704.7,3690.3,18.631,17.796,22.176,0.20516,0.081847,340.95,76.84,6.8274,13.66,31.987,4573.6,22.739,45.361,50.634,80.008,2.2708,1.6778,3130.6,42.2,53.711,94.594,9.3097,61.478,39.966,41.175,2633.0,63.972,23.033,45.876,0.34082,8.9217,26.387,120.39,1.2468,75.581,24.37,2.2911,54.294,4.7467,223.42,0.030973,0.80955,65.509,18.546,43.687
598,2026-04-13T05:51:00,50.659,25.202,27.003,33.121,41.007,2703.3,3699.8,20.567,18.6,21.727,0.25703,0.081847,340.9,77.29,6.815,13.891,31.687,4507.2,21.92,48.06,48.834,79.843,2.2467,1.6563,3128.6,42.291,54.657,94.556,9.2782,59.726,34.668,38.436,2631.3,63.136,23.876,45.721,0.32557,8.9222,26.535,120.4,1.2721,75.103,24.174,2.2875,54.294,4.894,223.69,0.030973,0.80955,65.493,18.732,43.687
599,2026-04-13T05:54:00,50.193,24.986,26.643,33.121,41.157,2705.1,3696.4,18.064,18.6,21.962,0.25923,0.081847,340.75,77.32,6.815,13.891,31.687,4543.6,22.977,46.981,50.513,79.967,2.2467,1.6563,3129.8,42.37,54.221,94.654,9.2944,61.869,39.609,38.165,2633.7,63.194,25.408,45.734,0.32778,8.9222,26.535,120.4,1.2721,75.258,24.174,2.2875,54.294,4.894,222.08,0.030973,0.80955,65.428,18.732,43.687
600,2026-04-13T05:57:00,50.469,28.453,26.942,32.947,41.733,2707.5,3663.9,17.261,18.643,22.005,0.28926,0.081847,340.4,77.375,6.9217,13.728,31.634,4512.0,23.306,47.619,51.151,80.289,2.2465,1.6506,3143.4,42.25,54.166,94.258,9.4779,60.104,41.488,41.767,2636.9,63.921,23.637,45.384,0.34819,8.7464,26.632,120.42,1.2811,75.48,24.277,2.3391,54.294,4.9236,224.5,0.030973,0.80955,65.448,18.836,43.687
601,2026-04-13T06:00:00,48.872,28.486,27.066,32.947,41.125,2707.6,3701.5,15.858,18.643,22.072,0.28892,0.11722,340.44,77.235,6.9217,13.728,31.634,4494.2,23.897,43.923,47.145,80.246,2.2465,1.6506,3147,42.588,54.379,94.62,9.3712,61.664,29.699,41.903,2636.0,63.272,25.761,44.94,0.34707,8.7464,26.632,120.41,1.2811,75.265,24.277,2.3391,53.376,4.9236,222.71,0.018283,0.85569,65.491,18.836,44.336
602,2026-04-13T06:03:00,49.078,29.371,26.544,33.315,41.614,2707.5,3671.5,18.5,18.278,21.744,0.30115,0.11722,340.8,77.416,6.9251,13.856,31.873,4508.8,22.777,44.399,49.155,80.24,2.2049,1.6602,3143.4,42.591,53.948,94.357,9.4214,61.955,35.612,39.206,2636.7,62.866,24.874,44.847,0.33339,8.9475,26.14,120.4,1.2139,75.106,24.641,2.2982,53.376,4.812,219.97,0.018283,0.85569,65.469,18.692,44.336
603,2026-04-13T06:06:00,51.989,29.508,26.801,33.315,41.692,2707.8,3670.3,17.786,18.278,22.112,0.29977,0.11722,341.42,77.53,6.9251,13.856,31.873,4520.7,23.077,51.138,47.444,80.12,2.2049,1.6602,3139.8,42.535,53.806,94.607,9.2851,62.967,30.578,39.317,2636.9,62.887,24.332,44.694,0.33248,8.9475,26.14,120.39,1.2139,75.028,24.641,2.2982,53.376,4.812,217.92,0.018283,0.85569,65.423,18.692,44.336
604,2026-04-13T06:09:00,51.308,27.642,26.653,33.099,41.133,2706.8,3660.8,16.668,18.86,21.789,0.28153,0.11722,341.46,77.076,7.0097,13.803,32.358,4510.6,23.562,49.561,50.216,80.063,2.2509,1.6462,3141.8,42.359,54.283,94.551,9.2039,60.5,38.734,40.832,2634.7,62.981,25.773,44.334,0.3477,8.9509,26.688,120.4,1.1872,75.518,24.293,2.1867,53.376,4.9057,218.24,0.018283,0.85569,65.363,19.083,44.336
605,2026-04-13T06:12:00,50.032,27.623,26.831,33.099,39.992,2704.7,3658.5,15.589,18.86,21.936,0.28172,0.11722,341.07,77.038,7.0097,13.803,32.358,4535.4,24.025,46.607,50.898,79.827,2.2509,1.6462,3128.6,42.569,53.985,94.712,9.3937,62.108,40.742,41.06,2632.9,63.02,25.413,43.937,0.34583,8.9509,26.688,120.37,1.1872,75.405,24.293,2.1867,53.376,4.9057,219.01,0.018283,0.85569,65.301,19.083,44.336
606,2026-04-13T06:15:00,49.744,23.078,26.704,32.582,41.99,2706.0,3596.9,19.154,18.381,22.281,0.23557,0.095982,341.31,77.519,6.723,13.828,32.306,4460.5,22.512,45.942,49.263,79.969,2.2859,1.6495,3127.4,42.282,53.902,94.682,9.1724,61.198,35.931,40.481,2634.7,63.259,24.678,44.739,0.33893,8.8439,26.206,120.41,1.1742,75.541,23.741,2.319,53.893,4.8579,219.55,0.028944,0.84828,65.244,18.863,43.212
607,2026-04-13T06:18:00,48.714,22.967,26.87,32.582,40.339,2708.4,3620.4,21.545,18.381,22.549,0.2367,0.095982,342.09,77.937,6.723,13.828,32.306,4501.2,21.484,43.559,51.114,80.243,2.2859,1.6495,3132.6,42.095,53.416,94.738,9.3505,60.069,41.378,40.378,2636.7,62.854,24.126,44.817,0.33978,8.8439,26.206,120.4,1.1742,75.748,23.741,2.319,53.893,4.8579,220.73,0.028944,0.84828,65.272,18.863,43.212
608,2026-04-13T06:21:00,49.389,23.401,26.919,32.808,41.738,2705.4,3740.7,19.436,18.214,21.956,0.23932,0.095982,341.08,76.923,7.0139,13.827,32.732,4503.1,22.403,45.12,48.631,80.097,2.257,1.6165,3134.2,42.297,53.9,94.619,9.4129,59.123,34.072,40.994,2634.5,63.313,26.416,45.086,0.34024,8.9865,26.387,120.4,1.1996,75.671,24.019,2.2468,53.893,4.7804,219.69,0.028944,0.84828,65.345,18.682,43.212
609,2026-04-13T06:24:00,50.587,23.291,27.033,32.808,40.921,2704.7,3722.9,19.171,18.214,22.272,0.24043,0.095982,341.45,77.551,7.0139,13.827,32.732,4502.2,22.5,47.893,50.212,80.064,2.257,1.6165,3128.2,42.377,53.911,94.55,9.4056,62.496,38.724,40.956,2633.5,63.62,26.703,45.007,0.34055,8.9865,26.387,120.38,1.1996,75.317,24.019,2.2468,53.893,4.7804,222.59,0.028944,0.84828,65.339,18.682,43.212
610,2026-04-13T06:27:00,49.127,18.999,26.83,32.957,41.417,2703.0,3596.3,19.069,18.927,22.065,0.19493,0.095982,341.15,77.427,6.8636,13.644,31.985,4514.3,22.542,44.514,50.638,80.153,2.2681,1.627,3121,42.355,54.21,94.657,9.3944,61.389,39.977,41.025,2631.4,63.259,24.67,45.093,0.33975,8.9708,26.512,120.41,1.2233,75.092,23.89,2.3411,53.893,4.8656,223.62,0.028944,0.84828,65.369,18.654,43.212
611,2026-04-13T06:30:00,49.412,18.828,26.741,32.957,40.676,2704.5,3622.7,19.849,18.927,22.556,0.19667,0.10592,341.48,77.46,6.8636,13.644,31.985,4556.4,22.206,45.174,47.86,80.35,2.2681,1.627,3117.8,42.73,53.707,94.695,9.3614,60.441,31.801,40.978,2633.8,62.805,24.11,45.527,0.34014,8.9708,26.512,120.39,1.2233,74.495,23.89,2.3411,54.19,4.8656,218.91,-0.0093088,0.83584,65.438,18.654,43.853
612,2026-04-13T06:33:00,49.431,26.189,26.345,32.321,41.055,2705.1,3690.4,17.784,18.306,21.796,0.26279,0.10592,340.72,77.221,7.0103,13.648,31.879,4527.2,23.081,45.217,50.468,80.283,2.2425,1.6369,3130.6,42.266,54.142,94.573,9.2114,64.358,39.477,37.977,2633.5,62.905,23.949,45.367,0.3235,9.0548,26.58,120.4,1.1847,75.542,24.589,2.2783,54.19,4.7446,221.86,-0.0093088,0.83584,65.471,18.655,43.853
613,2026-04-13T06:36:00,50.531,26.006,27.023,32.321,40.961,2704.3,3635.5,17.342,18.306,22.443,0.26465,0.10592,340.8,77.261,7.0103,13.648,31.879,4507.9,23.269,47.762,49.56,80.09,2.2425,1.6369,3126.6,42.342,54.373,94.649,9.3067,60.883,36.806,38.4,2632.6,63.85,24.301,45.607,0.32004,9.0548,26.58,120.39,1.1847,75.29,24.589,2.2783,54.19,4.7446,220.35,-0.0093088,0.83584,65.466,18.655,43.853
614,2026-04-13T06:39:00,48.952,27.444,26.719,33.145,40.601,2704.1,3631.9,18.386,18.325,21.958,0.27579,0.10592,340.67,77.015,6.801,13.838,31.975,4501.7,22.838,44.109,49.165,80.1,2.2559,1.6777,3129.4,42.486,54.467,94.631,9.1199,62.593,35.644,38.302,2632.5,62.573,27.153,45.416,0.31953,8.9663,25.984,120.4,1.2475,75.2,24.09,2.3993,54.19,4.955,223.65,-0.0093088,0.83584,65.468,18.95,43.853
615,2026-04-13T06:42:00,49.042,27.348,26.87,33.145,41.436,2704.7,3623.2,20.129,18.325,21.929,0.27677,0.10592,340.57,77.396,6.801,13.838,31.975,4525.0,22.099,44.316,50.325,80.044,2.2559,1.6777,3133.8,42.385,54.188,94.782,9.3355,58.588,39.058,38.436,2633.3,62.722,25.818,45.627,0.31844,8.9663,25.984,120.41,1.2475,75.44,24.09,2.3993,54.19,4.955,222.49,-0.0093088,0.83584,65.448,18.95,43.853
616,2026-04-13T06:45:00,50.768,26.624,26.976,32.824,41.057,2705.4,3690.4,19.349,18.643,22.026,0.27103,0.10797,340.75,77.341,6.8941,13.942,31.937,4503.5,22.432,48.311,50.429,80.053,2.2568,1.6336,3135.4,42.531,53.716,94.508,9.3455,61.261,39.362,40.408,2633.8,63.38,26.159,45.358,0.34314,8.8216,26.751,120.41,1.0546,75.264,24.355,2.3307,52.988,4.8289,223.25,0.016705,0.84849,65.428,18.93,43.768
617,2026-04-13T06:48:00,50.957,26.633,26.762,32.824,41.625,2705.6,3669.3,18.174,18.643,22.065,0.27093,0.10797,341.38,77.44,6.8941,13.942,31.937,4549.4,22.921,48.748,49.89,80.168,2.2568,1.6336,3131.4,42.062,53.167,94.62,9.2118,63.769,37.776,40.827,2635.2,63.743,24.908,45.317,0.33971,8.8216,26.751,120.42,1.0546,75.037,24.355,2.3307,52.988,4.8289,223.41,0.016705,0.84849,65.429,18.93,43.768
618,2026-04-13T06:51:00,50.345,27.255,26.963,33.014,41.112,2705.2,3661.2,19.956,18.392,22.144,0.27666,0.10797,341.18,77.452,6.6891,13.751,32.256,4507.8,22.167,47.334,50.78,80.177,2.2882,1.6873,3131.8,42.476,53.685,94.577,9.4188,59.838,40.397,42.355,2633.9,63.099,26.437,45.485,0.35067,8.8559,26.7,120.39,1.1415,75.194,24.186,2.303,52.988,4.8414,221.22,0.016705,0.84849,65.432,18.497,43.768
619,2026-04-13T06:54:00,49.552,27.353,26.801,33.014,41.133,2704.9,3642.4,16.181,18.392,21.827,0.27566,0.10797,340.95,77.162,6.6891,13.751,32.256,4534.0,23.759,45.497,50.811,80.262,2.2882,1.6873,3129.8,42.281,53.372,94.581,9.2454,61.401,40.486,41.923,2633.2,63.422,25.371,45.318,0.35421,8.8559,26.7,120.41,1.1415,75.506,24.186,2.303,52.988,4.8414,222.73,0.016705,0.84849,65.474,18.497,43.768
620,2026-04-13T06:57:00,49.794,24.434,27.058,33.506,41.425,2701.9,3725.0,16.144,18.662,21.865,0.24561,0.10797,340.34,76.934,6.7164,13.745,32.126,4522.3,23.79,46.057,49.134,80.042,2.2656,1.6591,3127.4,42.528,54.585,94.508,9.3619,62.191,35.551,39.582,2631.0,63.884,24.871,45.454,0.33186,8.7603,26.189,120.42,1.2246,75.5,23.912,2.2779,52.988,4.8082,220.88,0.016705,0.84849,65.477,18.72,43.768
621,2026-04-13T07:00:00,49.927,24.3,26.735,33.506,41.724,2701.4,3702.9,18.198,18.662,21.594,0.24698,0.1027,340.46,77.079,6.7164,13.745,32.126,4536.6,22.921,46.365,50.977,80.076,2.2656,1.6591,3122.6,42.5,54.414,94.427,9.3525,60.7,40.976,40.009,2629.4,64.264,24.77,45.584,0.32836,8.7603,26.189,120.42,1.2246,75.347,23.912,2.2779,52.993,4.8082,222.86,0.018562,0.83935,65.461,18.72,43.358
622,2026-04-13T07:03:00,49.671,25.407,27.047,32.807,41.384,2700.3,3729.1,16.89,18.474,22.228,0.26075,0.1027,340.63,77.124,7.0064,13.718,32.15,4533.7,23.473,45.773,49.368,80.089,2.2861,1.6184,3115,42.322,53.93,94.551,9.2583,61.042,36.241,38.652,2629.4,63.743,23.727,45.911,0.33722,8.834,26.39,120.42,1.4796,75.368,23.618,2.3993,52.993,4.9264,220.53,0.018562,0.83935,65.44,18.954,43.358
623,2026-04-13T07:06:00,49.498,25.37,26.635,32.807,41.73,2700.0,3673.7,14.668,18.474,21.686,0.26113,0.1027,340.61,77.286,7.0064,13.718,32.15,4586.0,24.405,45.373,50.494,80.147,2.2861,1.6184,3112.2,41.657,53.304,94.364,9.2822,59.599,39.555,39.616,2628.6,64.695,27.262,45.668,0.32932,8.834,26.39,120.44,1.4796,75.063,23.618,2.3993,52.993,4.9264,224.55,0.018562,0.83935,65.473,18.954,43.358
624,2026-04-13T07:09:00,49.856,25.665,27.108,32.874,40.548,2699.4,3658.8,19.884,18.768,22.034,0.25459,0.1027,340.1,77.411,6.9526,13.811,32.079,4505.8,22.197,46.2,49.858,80.371,2.1909,1.6466,3107,42.383,53.68,94.559,9.1792,62.224,37.683,38.968,2628.0,62.428,25.747,45.945,0.32774,8.8126,26.206,120.37,1.3389,75.306,23.815,2.2249,52.993,4.7601,222.71,0.018562,0.83935,65.543,19.036,43.358
625,2026-04-13T07:12:00,48.677,25.168,26.869,32.874,41.301,2697.7,3643.0,16.966,18.768,21.71,0.25964,0.1027,340.0,77.029,6.9526,13.811,32.079,4492.0,23.436,43.472,49.265,80.264,2.1909,1.6466,3106.2,42.647,53.845,94.685,9.367,61.093,35.938,39.232,2626.2,62.7,24.13,46.07,0.32557,8.8126,26.206,120.4,1.3389,75.848,23.815,2.2249,52.993,4.7601,222.53,0.018562,0.83935,65.598,19.036,43.358
626,2026-04-13T07:15:00,51.396,25.874,26.587,32.805,40.553,2697.4,3672.1,17.934,18.718,21.647,0.26772,0.10288,340.04,77.063,7.0609,13.843,31.734,4508.8,23.036,49.765,51.64,80.11,2.281,1.6762,3101,42.366,53.405,94.679,9.3432,60.284,42.927,40.569,2625.5,62.58,26.131,45.768,0.33427,8.9521,26.252,120.4,1.2122,75.061,24.47,2.2935,53.653,4.8064,224.74,0.011028,0.86385,65.568,18.646,43.666
627,2026-04-13T07:18:00,49.549,26.075,27.594,32.805,40.544,2696.9,3622.7,15.175,18.718,21.996,0.26567,0.10288,340.19,77.471,7.0609,13.843,31.734,4520.3,24.186,45.489,50.018,80.113,2.281,1.6762,3101.4,42.54,53.267,94.727,9.4194,61.995,38.153,40.244,2624.6,63.43,26.355,45.94,0.33694,8.9521,26.252,120.36,1.2122,75.381,24.47,2.2935,53.653,4.8064,223.03,0.011028,0.86385,65.546,18.646,43.666
628,2026-04-13T07:21:00,49.782,29.852,26.676,32.735,41.056,2700.0,3647.4,16.67,18.737,21.877,0.29988,0.10288,340.27,77.311,6.9474,14.014,32.237,4530.2,23.558,46.03,49.616,80.318,2.2499,1.71,3111,42.245,54.096,94.661,9.3827,61.0,36.97,40.769,2628.6,61.936,26.128,45.982,0.33957,8.7329,26.549,120.4,1.3186,76.352,23.54,2.2366,53.653,4.9016,222.73,0.011028,0.86385,65.577,19.121,43.666
629,2026-04-13T07:24:00,50.393,29.576,26.65,32.735,40.77,2701.3,3618.2,18.904,18.737,21.796,0.30268,0.10288,340.63,77.567,6.9474,14.014,32.237,4527.4,22.603,47.444,48.968,80.374,2.2499,1.71,3117.4,42.389,54.128,94.761,9.2301,61.671,35.063,40.882,2630.3,62.438,25.141,46.11,0.33864,8.7329,26.549,120.39,1.3186,74.825,23.54,2.2366,53.653,4.9016,221.47,0.011028,0.86385,65.61,19.121,43.666
630,2026-04-13T07:27:00,48.532,24.963,26.804,32.781,40.827,2701.3,3654.0,15.976,19.085,21.981,0.25649,0.10288,340.48,77.422,6.9867,13.842,32.349,4424.9,23.837,43.137,50.678,80.445,2.3028,1.6503,3114.2,42.351,54.172,94.735,9.4547,59.246,40.094,43.179,2629.3,62.704,25.431,45.949,0.35874,8.95,26.218,120.41,1.3942,74.655,23.84,2.3464,53.653,4.8187,223.41,0.011028,0.86385,65.66,19.115,43.666
631,2026-04-13T07:30:00,48.883,25.012,26.788,32.781,41.163,2699.8,3654.5,18.339,19.085,21.743,0.256,0.093101,340.53,77.012,6.9867,13.842,32.349,4484.5,22.854,43.95,50.32,80.293,2.3028,1.6503,3109.4,42.192,53.459,94.657,9.1919,60.65,39.042,43.155,2628.0,62.696,23.756,46.636,0.35893,8.95,26.218,120.41,1.3942,74.79,23.84,2.3464,54.668,4.8187,223.22,0.014107,0.84291,65.652,19.115,43.212
632,2026-04-13T07:33:00,48.14,23.831,26.82,32.964,40.596,2697.8,3634.7,19.098,18.882,21.869,0.24424,0.093101,340.73,77.187,6.7365,13.877,32.002,4512.7,22.539,42.229,49.954,80.037,2.2494,1.6659,3101.4,42.012,53.079,94.842,9.3904,60.232,37.965,40.467,2625.9,62.612,25.48,46.557,0.34446,8.8082,25.773,120.38,1.2075,75.199,23.918,2.3434,54.668,4.9619,227.49,0.014107,0.84291,65.62,18.849,43.212
633,2026-04-13T07:36:00,48.353,23.825,26.821,32.964,40.909,2699.6,3663.8,18.926,18.882,22.248,0.24429,0.093101,340.6,77.265,6.7365,13.877,32.002,4465.4,22.61,42.723,48.495,80.189,2.2494,1.6659,3100.6,41.966,53.645,94.767,9.2935,62.253,33.672,40.893,2628.0,62.111,24.503,46.752,0.34097,8.8082,25.773,120.39,1.2075,75.554,23.918,2.3434,54.668,4.9619,228.7,0.014107,0.84291,65.611,18.849,43.212
634,2026-04-13T07:39:00,51.447,27.291,26.737,32.767,41.144,2698.5,3683.0,18.093,18.944,21.671,0.27633,0.093101,340.59,77.355,6.9342,13.903,31.83,4520.5,22.961,49.882,49.265,80.123,2.2876,1.6341,3110.6,42.462,53.603,94.719,9.2761,61.393,35.938,41.568,2626.8,63.993,24.886,47.145,0.34355,8.9648,26.195,120.4,1.2657,75.268,23.591,2.2213,54.668,4.8568,227.65,0.014107,0.84291,65.627,18.974,43.212
635,2026-04-13T07:42:00,48.943,27.173,27.048,32.767,41.825,2699.2,3720.4,17.786,18.944,22.171,0.27752,0.093101,341.21,77.425,6.9342,13.903,31.83,4532.5,23.089,44.087,50.514,80.191,2.2876,1.6341,3109,42.549,53.459,94.404,9.3583,61.999,39.612,41.519,2628.3,63.349,24.551,47.121,0.34394,8.9648,26.195,120.44,1.2657,75.497,23.591,2.2213,54.668,4.8568,231.29,0.014107,0.84291,65.638,18.974,43.212
636,2026-04-13T07:45:00,48.41,28.969,26.519,33.033,40.628,2700.2,3651.0,16.627,18.917,21.821,0.29827,0.10207,340.65,77.567,6.8157,13.863,32.335,4495.4,23.569,42.854,51.09,80.299,2.2163,1.6394,3110.2,42.595,53.574,94.594,9.2604,63.148,41.308,41.368,2629.5,62.854,26.275,47.287,0.35163,9.0855,26.664,120.39,1.2056,74.213,23.774,2.307,53.061,4.8075,227.09,0.011811,0.84835,65.705,18.5,43.55
637,2026-04-13T07:48:00,50.729,29.298,27.059,33.033,42.105,2703.1,3678.7,19.471,18.917,22.242,0.29492,0.10207,341.14,77.78,6.8157,13.863,32.335,4530.4,22.354,48.221,52.321,80.515,2.2163,1.6394,3117.8,41.926,53.155,94.448,9.2553,62.527,44.931,41.422,2631.9,62.376,24.422,47.274,0.35119,9.0855,26.664,120.44,1.2056,74.604,23.774,2.307,53.061,4.8075,228.05,0.011811,0.84835,65.769,18.5,43.55
638,2026-04-13T07:51:00,49.872,24.653,27.177,33.128,41.171,2702.0,3665.3,17.603,19.23,22.257,0.24665,0.10207,341.43,77.651,6.9318,13.762,32.434,4529.7,23.142,46.237,51.318,80.409,2.289,1.6295,3119.4,42.688,54.334,94.529,9.3568,61.617,41.979,41.28,2630.9,63.653,24.291,47.291,0.34432,8.9687,26.66,120.42,1.3694,75.869,23.901,2.3294,53.061,4.8624,228.65,0.011811,0.84835,65.815,19.278,43.55
639,2026-04-13T07:54:00,49.792,24.459,27.38,33.128,41.534,2700.6,3671.2,16.301,19.23,22.456,0.24862,0.10207,341.44,77.159,6.9318,13.762,32.434,4581.0,23.702,46.052,49.563,80.346,2.289,1.6295,3113.4,42.268,53.72,94.411,9.3246,59.869,36.814,41.224,2629.9,63.552,23.824,47.318,0.34478,8.9687,26.66,120.4,1.3694,74.434,23.901,2.3294,53.061,4.8624,229.16,0.011811,0.84835,65.831,19.278,43.55
640,2026-04-13T07:57:00,50.046,23.4,27.19,33.365,39.777,2695.7,3659.0,17.034,18.537,21.668,0.2362,0.10207,341.17,76.557,7.0475,13.628,32.037,4449.8,23.421,46.641,49.581,79.961,2.2618,1.6746,3100.6,42.227,53.361,94.689,9.3802,60.481,36.866,39.591,2623.8,62.751,25.603,47.294,0.33583,8.9656,26.36,120.36,1.0651,74.742,23.649,2.3632,53.061,4.9184,230.26,0.011811,0.84835,65.809,18.646,43.55
641,2026-04-13T08:00:00,50.923,23.074,27.212,33.365,40.665,2695.0,3639.1,14.704,18.537,22.176,0.23951,0.1057,341.51,77.287,7.0475,13.628,32.037,4458.7,24.396,48.67,48.553,79.77,2.2618,1.6746,3085.8,42.538,53.254,94.741,9.3827,60.876,33.843,39.877,2622.8,63.094,24.186,47.377,0.33348,8.9656,26.36,120.38,1.0651,73.972,23.649,2.3632,54.687,4.9184,232.03,0.0092452,0.82149,65.679,18.646,43.868
642,2026-04-13T08:03:00,50.025,26.791,26.664,33.109,40.612,2699.4,3632.3,18.216,18.539,22.285,0.27747,0.1057,341.99,77.355,6.7791,13.81,31.904,4547.4,22.914,46.592,51.423,80.09,2.2729,1.6459,3099.8,42.456,53.713,94.623,9.3446,60.558,42.289,37.927,2628.7,62.094,23.572,47.489,0.31854,8.7478,26.111,120.39,1.3233,74.685,23.896,2.2475,54.687,4.8185,232.45,0.0092452,0.82149,65.671,18.615,43.868
643,2026-04-13T08:06:00,50.268,27.198,26.692,33.109,41.38,2705.3,3600.0,15.275,18.539,22.453,0.27334,0.1057,341.82,77.838,6.7791,13.81,31.904,4498.3,24.128,47.154,51.364,80.353,2.2729,1.6459,3120.6,42.447,54.301,94.69,9.391,61.828,42.114,37.858,2633.9,62.65,25.394,47.684,0.31911,8.7478,26.111,120.4,1.3233,74.749,23.896,2.2475,54.687,4.8185,231.86,0.0092452,0.82149,65.707,18.615,43.868
644,2026-04-13T08:09:00,50.178,28.486,26.988,32.627,41.703,2705.8,3681.6,17.811,18.799,22.012,0.2905,0.1057,341.1,77.486,6.9128,13.775,32.302,4533.1,23.06,46.947,51.312,80.426,2.2189,1.659,3138.2,42.393,53.984,94.448,9.3104,62.027,41.961,40.121,2634.3,63.57,24.796,47.704,0.3392,9.0498,26.111,120.41,1.2363,75.155,23.904,2.2925,54.687,4.8505,233.19,0.0092452,0.82149,65.839,18.896,43.868
645,2026-04-13T08:12:00,49.996,28.347,27.133,32.627,41.629,2707.1,3678.3,17.41,18.799,22.426,0.29192,0.1057,342.29,77.701,6.9128,13.775,32.302,4497.6,23.22,46.526,47.369,80.354,2.2189,1.659,3134.6,42.524,54.409,94.511,9.4047,60.823,30.356,40.138,2635.8,63.628,24.585,48.239,0.33906,9.0498,26.111,120.44,1.2363,73.704,23.904,2.2925,54.687,4.8505,228.71,0.0092452,0.82149,65.876,18.896,43.868
646,2026-04-13T08:15:00,47.289,24.944,26.501,33.063,40.891,2705.8,3666.1,19.42,18.673,22.366,0.2512,0.096587,342.12,77.696,6.8692,13.937,32.176,4523.0,22.368,40.261,50.568,80.372,2.2752,1.6092,3130.6,42.3,53.419,94.413,9.4056,61.164,39.772,39.585,2635.2,62.7,25.705,47.509,0.33574,8.7946,26.469,120.39,1.35,74.425,23.724,2.2952,53.829,4.8553,230.72,0.023539,0.85238,65.895,19.017,44.235
647,2026-04-13T08:18:00,50.433,24.965,26.718,33.063,41.858,2704.1,3631.7,19.808,18.673,22.318,0.25099,0.096587,341.92,77.557,6.8692,13.937,32.176,4451.1,22.209,47.535,50.292,80.229,2.2752,1.6092,3124.6,42.424,54.279,94.614,9.3722,58.265,38.959,40.23,2633.7,63.291,24.832,47.343,0.33046,8.7946,26.469,120.41,1.35,74.904,23.724,2.2952,53.829,4.8553,230.77,0.023539,0.85238,65.874,19.017,44.235
648,2026-04-13T08:21:00,51.429,25.852,26.733,33.364,40.201,2701.8,3669.0,16.599,18.71,21.892,0.26526,0.096587,342.03,77.143,6.8532,13.657,32.777,4448.3,23.57,49.84,49.003,80.121,2.2568,1.6486,3117.8,42.369,53.986,94.52,9.3289,62.094,35.166,41.524,2630.3,63.024,24.632,47.132,0.3556,8.8811,26.308,120.38,1.3907,74.05,23.824,2.2266,53.829,4.8491,231.36,0.023539,0.85238,65.851,18.997,44.235
649,2026-04-13T08:24:00,51.503,26.034,26.909,33.364,41.029,2701.0,3674.1,16.204,18.71,22.231,0.26341,0.096587,342.53,77.019,6.8532,13.657,32.777,4450.0,23.749,50.011,50.089,79.892,2.2568,1.6486,3109,42.364,53.965,94.674,9.4302,59.169,38.363,41.669,2629.4,62.935,27.805,47.265,0.35441,8.8811,26.308,120.42,1.3907,74.959,23.824,2.2266,53.829,4.8491,228.13,0.023539,0.85238,65.766,18.997,44.235
650,2026-04-13T08:27:00,50.708,20.058,27.007,33.374,40.967,2701.5,3633.1,19.383,18.182,22.669,0.20195,0.096587,342.91,77.355,6.6874,13.796,32.6,4501.7,22.403,48.172,49.641,80.02,2.2719,1.6435,3103,42.282,53.358,94.413,9.3065,61.851,37.044,37.784,2630.5,63.802,23.974,47.008,0.32457,8.9273,26.581,120.39,1.2813,75.496,23.894,2.3819,53.829,4.8429,229.34,0.023539,0.85238,65.695,18.826,44.235
651,2026-04-13T08:30:00,49.522,19.912,26.626,33.374,40.762,2699.1,3672.2,18.628,18.182,22.098,0.20344,0.10649,342.25,77.056,6.6874,13.796,32.6,4476.4,22.738,45.427,50.41,79.897,2.2719,1.6435,3104.2,42.571,53.659,94.754,9.4366,61.471,39.308,38.452,2628.3,63.128,25.294,47.442,0.3191,8.9273,26.581,120.38,1.2813,74.635,23.894,2.3819,53.665,4.8429,231.66,0.0021225,0.84035,65.668,18.826,43.682
652,2026-04-13T08:33:00,49.267,21.254,27.094,33.077,41.118,2702.3,3725.4,16.528,18.392,22.901,0.21369,0.10649,342.62,77.864,6.9908,13.888,32.323,4507.3,23.594,44.838,50.227,80.161,2.2252,1.6413,3105,42.329,53.687,94.337,9.2583,62.688,38.768,40.228,2631.8,63.773,24.64,47.738,0.33383,8.7428,26.373,120.41,1.2601,75.04,23.659,2.2417,53.665,4.6928,230.52,0.0021225,0.84035,65.676,18.689,43.682
653,2026-04-13T08:36:00,50.705,21.06,26.908,33.077,41.37,2703.0,3714.1,18.788,18.392,22.087,0.21566,0.10649,342.18,77.628,6.9908,13.888,32.323,4498.0,22.634,48.166,49.588,80.458,2.2252,1.6413,3119,42.203,53.799,94.391,9.3448,62.159,36.887,39.817,2632.3,63.966,24.644,47.898,0.3372,8.7428,26.373,120.42,1.2601,74.957,23.659,2.2417,53.665,4.6928,230.78,0.0021225,0.84035,65.78,18.689,43.682
654,2026-04-13T08:39:00,48.634,23.625,26.851,32.889,40.471,2701.0,3648.3,20.66,18.571,21.838,0.23746,0.10649,341.23,77.208,6.9315,13.846,32.439,4534.9,21.855,43.373,50.458,80.313,2.2524,1.644,3113.4,42.18,53.697,94.529,9.3797,60.363,39.448,41.251,2629.5,62.479,24.594,48.075,0.34583,8.9647,26.421,120.36,1.2174,74.608,23.597,2.2877,53.665,4.8294,230.83,0.0021225,0.84035,65.883,18.29,43.682
655,2026-04-13T08:42:00,50.554,23.624,27.359,32.889,40.744,2699.1,3656.0,18.597,18.571,22.365,0.23747,0.10649,341.92,77.258,6.9315,13.846,32.439,4516.2,22.733,47.815,51.479,80.032,2.2524,1.644,3105,42.345,53.921,94.711,9.3971,59.272,42.452,41.077,2627.7,62.346,24.864,48.051,0.34726,8.9647,26.421,120.39,1.2174,74.395,23.597,2.2877,53.665,4.8294,233.2,0.0021225,0.84035,65.866,18.29,43.682
656,2026-04-13T08:45:00,49.845,22.11,26.659,33.181,40.675,2701.7,3642.5,19.735,18.514,22.292,0.22636,0.11107,341.4,77.642,6.9069,13.959,32.041,4538.7,22.238,46.176,48.711,80.241,2.2603,1.6228,3112.2,42.315,54.677,94.604,9.3968,60.369,34.308,40.498,2631.0,63.023,24.738,48.15,0.3433,8.9644,26.29,120.39,1.2542,75.037,23.515,2.3275,54.143,4.8442,230.91,0.024165,0.84167,65.846,18.573,43.672
657,2026-04-13T08:48:00,49.212,22.215,26.736,33.181,41.254,2703.3,3658.1,18.122,18.514,22.229,0.22528,0.11107,341.79,77.742,6.9069,13.959,32.041,4544.9,22.911,44.71,50.183,80.287,2.2603,1.6228,3116.6,42.419,54.602,94.672,9.4049,61.527,38.638,40.416,2631.5,62.756,25.149,48.104,0.34397,8.9644,26.29,120.4,1.2542,76.154,23.515,2.3275,54.143,4.8442,232.09,0.024165,0.84167,65.872,18.573,43.672
658,2026-04-13T08:51:00,50.459,25.893,26.722,33.265,40.932,2705.1,3691.4,14.866,18.491,22.374,0.26393,0.11107,341.99,77.576,6.7383,13.778,32.325,4507.9,24.283,47.595,50.26,80.363,2.2701,1.6758,3128.2,42.279,54.41,94.522,9.3427,63.015,38.865,42.27,2634.1,62.364,26.051,48.185,0.3547,8.9909,26.279,120.41,1.2935,74.828,23.561,2.3159,54.143,4.8442,231.81,0.024165,0.84167,65.906,18.439,43.672
659,2026-04-13T08:54:00,49.373,26.015,26.597,33.265,41.361,2706.8,3639.6,20.986,18.491,22.139,0.26269,0.11107,341.89,77.581,6.7383,13.778,32.325,4556.6,21.697,45.083,49.192,80.404,2.2701,1.6758,3135.4,42.288,53.827,94.637,9.4741,62.325,35.721,42.356,2635.8,63.253,25.028,48.257,0.35399,8.9909,26.279,120.43,1.2935,74.819,23.561,2.3159,54.143,4.8442,231.61,0.024165,0.84167,65.951,18.439,43.672
660,2026-04-13T08:57:00,49.206,23.569,26.745,33.078,41.282,2706.3,3710.8,20.556,18.403,22.266,0.23254,0.11107,342.02,77.477,6.6684,13.765,31.799,4529.9,21.882,44.697,48.522,80.265,2.2361,1.6251,3133,42.307,54.522,94.39,9.4672,61.292,33.749,40.071,2635.9,63.564,24.969,48.374,0.33358,8.6275,26.491,120.39,1.1823,75.345,23.839,2.2953,54.143,4.8418,230.92,0.024165,0.84167,65.955,19.128,43.672
661,2026-04-13T09:00:00,49.025,23.244,27.049,33.078,42.063,2703.9,3716.8,18.845,18.403,22.057,0.23584,0.10805,341.64,76.889,6.6684,13.765,31.799,4552.6,22.625,44.277,50.91,80.056,2.2361,1.6251,3128.6,42.415,54.251,94.531,9.4789,60.046,40.778,39.917,2632.3,63.461,24.49,48.18,0.33485,8.6275,26.491,120.41,1.1823,75.493,23.839,2.2953,53.837,4.8418,234.23,0.017922,0.84214,65.913,19.128,44.766
662,2026-04-13T09:03:00,48.85,28.339,26.832,32.746,41.209,2702.5,3716.6,19.289,18.505,21.906,0.28854,0.10805,341.84,77.254,7.0707,13.7,31.895,4465.5,22.44,43.873,50.92,79.867,2.2586,1.6992,3121.4,42.303,53.598,94.355,9.4539,60.956,40.807,40.024,2630.6,64.246,25.043,48.328,0.33049,8.8753,26.508,120.4,1.2583,75.222,23.697,2.4076,53.837,4.8873,233.49,0.017922,0.84214,65.861,19.037,44.766
663,2026-04-13T09:06:00,50.65,28.368,27.137,32.746,41.694,2702.5,3732.8,19.359,18.505,22.297,0.28825,0.10805,341.97,77.391,7.0707,13.7,31.895,4501.7,22.411,48.039,50.365,79.949,2.2586,1.6992,3120.6,42.569,53.165,94.44,9.413,59.357,39.175,39.404,2631.6,63.968,24.091,48.412,0.33557,8.8753,26.508,120.39,1.2583,74.787,23.697,2.4076,53.837,4.8873,233.47,0.017922,0.84214,65.777,19.037,44.766
664,2026-04-13T09:09:00,50.904,27.837,26.671,33.044,41.593,2703.4,3615.8,17.359,18.102,22.306,0.28206,0.10805,342.51,77.385,6.9215,13.822,32.498,4457.6,23.254,48.625,51.057,80.06,2.2283,1.6133,3111.8,42.463,53.867,94.437,9.4973,62.024,41.212,38.845,2632.4,62.464,26.21,48.282,0.32467,8.8931,26.175,120.38,1.2669,75.037,23.839,2.346,53.837,4.7699,235.83,0.017922,0.84214,65.818,19.16,44.766
665,2026-04-13T09:12:00,51.047,27.637,26.695,33.044,41.894,2706.5,3633.0,17.949,18.102,22.629,0.28409,0.10805,342.77,77.616,6.9215,13.822,32.498,4453.2,22.992,48.956,48.757,80.284,2.2283,1.6133,3122.2,42.382,53.919,94.704,9.1985,62.857,34.442,38.81,2635.3,62.167,23.822,48.56,0.32495,8.8931,26.175,120.41,1.2669,74.783,23.839,2.346,53.837,4.7699,233.57,0.017922,0.84214,65.858,19.16,44.766
666,2026-04-13T09:15:00,48.187,21.896,27.151,33.349,40.977,2707.3,3662.9,19.772,18.866,22.705,0.22581,0.0977,342.74,77.492,7.112,13.915,32.262,4458.2,22.219,42.338,49.649,80.361,2.2604,1.6241,3125.8,42.063,53.503,94.538,9.423,62.232,37.067,40.195,2635.8,62.855,26.933,48.651,0.33966,8.9214,26.609,120.37,1.4343,74.837,24.071,2.3201,53.768,4.7982,233.62,0.015843,0.81861,65.918,18.788,44.663
667,2026-04-13T09:18:00,50.607,22.017,26.931,33.349,41.07,2706.2,3684.1,20.576,18.866,22.405,0.22458,0.0977,342.39,77.317,7.112,13.915,32.262,4462.8,21.88,47.939,49.335,80.332,2.2604,1.6241,3125,42.285,53.448,94.565,9.2993,60.019,36.143,40.719,2634.5,62.489,24.108,48.767,0.33536,8.9214,26.609,120.4,1.4343,74.642,24.071,2.3201,53.768,4.7982,233.22,0.015843,0.81861,65.99,18.788,44.663
668,2026-04-13T09:21:00,50.287,24.221,26.977,32.674,40.626,2702.8,3624.0,16.677,18.203,22.444,0.2437,0.0977,342.84,77.24,6.7666,13.747,32.546,4499.2,23.536,47.198,49.276,79.936,2.3043,1.6794,3112.2,42.211,53.891,94.686,9.2533,63.007,35.969,41.402,2631.5,61.726,24.692,48.698,0.35073,8.9623,26.494,120.37,1.2221,74.526,24.208,2.3001,53.768,4.9039,234.96,0.015843,0.81861,65.948,19.175,44.663
669,2026-04-13T09:24:00,51.117,24.028,26.763,32.674,41.233,2705.2,3594.5,18.131,18.203,22.43,0.24566,0.0977,342.87,77.122,6.7666,13.747,32.546,4481.9,22.932,49.119,52.208,79.936,2.3043,1.6794,3119.8,42.579,54.098,94.851,9.4538,62.364,44.597,41.29,2633.1,62.233,24.472,48.938,0.35165,8.9623,26.494,120.4,1.2221,74.792,24.208,2.3001,53.768,4.9039,233.26,0.015843,0.81861,65.87,19.175,44.663
670,2026-04-13T09:27:00,49.942,21.21,26.817,32.919,41.054,2704.4,3685.1,17.408,18.482,22.391,0.21496,0.0977,342.87,77.32,6.706,13.849,32.403,4496.3,23.237,46.399,50.739,79.842,2.2677,1.6854,3119.8,42.165,52.942,94.733,9.4803,60.918,40.275,39.237,2634.1,63.65,24.785,48.871,0.33162,8.6525,26.242,120.37,1.1916,74.246,24.224,2.2433,53.768,4.925,235.03,0.015843,0.81861,65.868,18.621,44.663
671,2026-04-13T09:30:00,50.479,21.032,27.024,32.919,41.195,2706.2,3698.6,18.674,18.482,22.481,0.21678,0.11965,343.05,77.514,6.706,13.849,32.403,4437.0,22.695,47.643,53.014,80.039,2.2677,1.6854,3126.2,42.226,53.651,94.561,9.2971,61.867,46.969,39.255,2635.2,63.418,26.121,48.343,0.33147,8.6525,26.242,120.42,1.1916,74.556,24.224,2.2433,53.314,4.925,235.1,0.013538,0.82691,65.832,18.621,44.359
672,2026-04-13T09:33:00,48.158,22.283,26.992,33.505,41.635,2707.8,3686.1,16.941,18.754,22.763,0.22562,0.11965,342.65,77.575,6.9213,13.931,32.402,4554.3,23.417,42.271,49.663,80.21,2.2599,1.6182,3133.8,42.336,53.586,94.435,9.3885,61.558,37.108,40.44,2637.3,64.302,26.036,48.269,0.34398,8.8158,26.011,120.43,1.3659,74.781,23.669,2.2949,53.314,4.7809,233.93,0.013538,0.82691,65.881,18.816,44.359
673,2026-04-13T09:36:00,49.408,22.289,27.391,33.505,41.351,2708.4,3713.6,18.35,18.754,22.766,0.22556,0.11965,342.79,77.929,6.9213,13.931,32.402,4520.5,22.802,45.163,48.254,80.406,2.2599,1.6182,3138.6,42.686,53.992,94.35,9.2024,64.86,32.963,40.722,2638.2,63.828,24.618,48.233,0.34167,8.8158,26.011,120.42,1.3659,73.553,23.669,2.2949,53.314,4.7809,232.27,0.013538,0.82691,65.925,18.816,44.359
674,2026-04-13T09:39:00,50.343,21.967,26.938,33.057,41.381,2705.4,3635.9,18.826,18.121,22.073,0.22472,0.11965,342.17,77.326,7.0468,13.705,32.566,4518.0,22.616,47.328,50.207,80.294,2.2929,1.6781,3129.4,42.32,53.552,94.527,9.3448,59.987,38.708,41.42,2633.7,63.342,25.493,47.954,0.35463,8.8257,26.114,120.41,1.2188,75.215,23.94,2.2927,53.314,4.7393,233.32,0.013538,0.82691,65.968,18.869,44.359
675,2026-04-13T09:42:00,50.632,22.058,26.921,33.057,40.908,2702.8,3648.9,17.433,18.121,21.967,0.2238,0.11965,341.71,77.053,7.0468,13.705,32.566,4498.6,23.216,47.997,50.395,80.04,2.2929,1.6781,3119.4,42.205,53.784,94.651,9.4468,61.049,39.263,42.166,2630.0,63.117,25.546,47.918,0.34851,8.8257,26.114,120.38,1.2188,75.305,23.94,2.2927,53.314,4.7393,231.71,0.013538,0.82691,65.916,18.869,44.359
676,2026-04-13T09:45:00,50.37,20.175,26.762,32.887,41.205,2703.4,3644.2,16.905,18.493,22.409,0.20497,0.091166,342.11,77.397,7.0204,13.658,31.921,4484.3,23.43,47.391,50.484,80.112,2.2509,1.6734,3116.2,42.195,53.815,94.729,9.2657,64.004,39.524,38.783,2632.2,62.001,25.8,47.681,0.32657,8.8094,26.678,120.39,1.0884,75.368,23.422,2.3227,53.443,4.882,234.5,0.033406,0.81132,65.892,18.826,43.244
677,2026-04-13T09:48:00,50.181,20.117,26.891,32.887,40.295,2706.7,3655.3,20.074,18.493,22.657,0.20556,0.091166,342.52,77.391,7.0204,13.658,31.921,4477.6,22.09,46.954,47.765,80.259,2.2509,1.6734,3127.4,42.449,53.895,94.753,9.3305,62.971,31.523,38.958,2635.8,61.81,25.411,47.853,0.32513,8.8094,26.678,120.37,1.0884,75.126,23.422,2.3227,53.443,4.882,231.51,0.033406,0.81132,65.872,18.826,43.244
678,2026-04-13T09:51:00,51.304,26.151,27.016,33.145,40.416,2707.2,3623.0,17.586,18.585,22.356,0.26789,0.091166,341.94,77.138,6.9376,13.823,32.276,4498.1,23.149,49.553,50.592,80.07,2.2245,1.6503,3136.6,42.597,53.744,94.753,9.4099,60.199,39.843,38.264,2636.0,62.456,25.051,47.707,0.31885,9.0159,26.757,120.39,1.2815,74.339,24.005,2.2318,53.443,4.7974,232.07,0.033406,0.81132,65.857,18.586,43.244
679,2026-04-13T09:54:00,48.811,26.141,26.965,33.145,41.494,2709.7,3610.6,20.199,18.585,22.23,0.26799,0.091166,342.75,77.265,6.9376,13.823,32.276,4508.9,22.05,43.783,49.348,80.004,2.2245,1.6503,3144.2,42.194,53.614,94.717,9.4107,61.294,36.181,38.078,2637.6,62.668,25.131,47.846,0.32037,9.0159,26.757,120.39,1.2815,75.125,24.005,2.2318,53.443,4.7974,229.49,0.033406,0.81132,65.791,18.586,43.244
680,2026-04-13T09:57:00,49.685,23.193,27.184,33.186,40.207,2710.4,3660.5,17.164,18.403,22.99,0.23105,0.091166,342.76,77.613,6.786,13.591,32.627,4549.6,23.322,45.806,48.978,79.931,2.2813,1.6836,3143.8,42.425,53.727,94.695,9.4085,60.294,35.092,40.251,2640.5,62.443,28.185,47.508,0.33772,8.9016,26.204,120.4,1.2775,74.526,23.959,2.2604,53.443,4.826,232.3,0.033406,0.81132,65.725,18.634,43.244
681,2026-04-13T10:00:00,48.998,22.876,26.702,33.186,40.87,2712.8,3640.7,18.144,18.403,22.493,0.23427,0.082213,343.37,77.445,6.786,13.591,32.627,4533.2,22.906,44.214,50.296,80.14,2.2813,1.6836,3152.2,42.482,53.923,94.632,9.4448,61.271,38.97,40.154,2642.4,62.785,23.517,47.218,0.33852,8.9016,26.204,120.4,1.2775,74.658,23.959,2.2604,53.455,4.826,229.73,0.0051772,0.81113,65.748,18.634,44.118
682,2026-04-13T10:03:00,51.253,19.574,26.925,32.55,41.336,2713.9,3697.0,18.427,18.182,22.946,0.19451,0.082213,343.14,77.516,6.8717,13.709,32.135,4520.8,22.785,49.434,49.365,80.107,2.2735,1.6483,3153.4,42.077,53.981,94.529,9.4069,62.685,36.23,36.925,2643.1,63.164,26.783,46.984,0.31281,8.5967,26.529,120.43,1.2139,75.882,23.93,2.2529,53.455,4.8755,229.25,0.0051772,0.81113,65.705,18.554,44.118
683,2026-04-13T10:06:00,48.91,19.453,27.143,32.55,41.359,2712.6,3668.2,20.279,18.182,22.939,0.19574,0.082213,343.01,76.988,6.8717,13.709,32.135,4516.7,22.023,44.011,49.743,79.973,2.2735,1.6483,3153.4,42.059,54.03,94.548,9.2845,64.564,37.345,36.641,2642.0,63.661,26.285,46.816,0.31513,8.5967,26.529,120.42,1.2139,75.203,23.93,2.2529,53.455,4.8755,228.05,0.0051772,0.81113,65.693,18.554,44.118
684,2026-04-13T10:09:00,50.679,23.871,27.082,33.235,41.596,2711.5,3659.9,18.068,17.999,22.815,0.24194,0.082213,342.88,77.431,6.7925,13.771,32.168,4542.5,22.951,48.105,48.409,79.753,2.2825,1.6504,3148.2,42.314,53.949,94.471,9.3071,61.449,33.418,38.271,2639.7,63.102,24.61,46.67,0.32553,8.9068,26.254,120.42,1.3762,74.145,24.004,2.2828,53.455,4.7861,226.67,0.0051772,0.81113,65.602,18.16,44.118
685,2026-04-13T10:12:00,49.169,23.932,26.95,33.235,41.094,2714.7,3692.5,17.756,17.999,22.767,0.24132,0.082213,342.84,77.564,6.7925,13.771,32.168,4544.9,23.073,44.611,47.789,80.05,2.2825,1.6504,3155.4,42.474,53.92,94.577,9.5177,59.154,31.593,38.729,2643.9,62.54,24.04,46.275,0.32177,8.9068,26.254,120.39,1.3762,75.619,24.004,2.2828,53.455,4.7861,228.09,0.0051772,0.81113,65.551,18.16,44.118
686,2026-04-13T10:15:00,50.947,23.807,26.857,32.538,41.658,2714.2,3700.8,17.825,18.635,22.398,0.23697,0.11183,342.65,77.343,6.7781,13.63,32.014,4569.8,23.049,48.725,49.049,80.08,2.2863,1.6639,3165.4,42.218,54.66,94.474,9.3613,61.699,35.302,39.161,2642.7,63.139,27.111,46.138,0.33085,9.0047,27.121,120.41,1.2694,75.29,23.955,2.3065,54.015,4.7696,226.05,0.015907,0.83106,65.55,18.253,43.414
687,2026-04-13T10:18:00,49.018,23.683,27.033,32.538,41.114,2714.2,3676.0,18.772,18.635,22.631,0.23822,0.11183,342.71,77.219,6.7781,13.63,32.014,4558.8,22.652,44.262,48.699,80.048,2.2863,1.6639,3163.8,42.198,54.791,94.51,9.4475,61.341,34.27,39.34,2643.5,63.566,24.984,45.878,0.32938,9.0047,27.121,120.38,1.2694,74.584,23.955,2.3065,54.015,4.7696,225.7,0.015907,0.83106,65.566,18.253,43.414
688,2026-04-13T10:21:00,50.54,25.273,26.954,32.827,41.572,2713.0,3681.6,18.904,18.628,22.511,0.25391,0.11183,342.57,77.283,6.8097,13.713,32.291,4530.4,22.6,47.785,50.176,79.849,2.2522,1.6633,3160.6,42.75,54.999,94.446,9.3754,62.129,38.619,36.87,2641.6,63.687,26.888,45.721,0.31728,8.6189,27.055,120.41,1.1049,74.919,24.616,2.285,54.015,4.9452,224.24,0.015907,0.83106,65.501,18.537,43.414
689,2026-04-13T10:24:00,49.794,24.823,26.92,32.827,41.187,2713.9,3685.1,18.123,18.628,22.595,0.25849,0.11183,342.85,77.259,6.8097,13.713,32.291,4535.9,22.931,46.056,51.51,79.918,2.2522,1.6633,3161.4,42.208,54.933,94.445,9.3951,60.512,42.544,37.084,2643.4,63.627,24.752,45.459,0.31553,8.6189,27.055,120.4,1.1049,75.399,24.616,2.285,54.015,4.9452,223.99,0.015907,0.83106,65.43,18.537,43.414
690,2026-04-13T10:27:00,50.153,22.699,26.648,32.918,41.513,2713.7,3700.2,20.821,18.734,22.494,0.22733,0.11183,342.4,77.573,6.9176,13.927,32.427,4515.4,21.781,46.889,50.274,80.062,2.2373,1.6241,3161,42.267,54.546,94.371,9.3279,59.805,38.907,38.817,2643.8,63.173,26.833,45.258,0.31759,8.9203,26.845,120.4,1.2759,74.508,24.324,2.3074,54.015,4.8056,223.05,0.015907,0.83106,65.404,18.725,43.414
691,2026-04-13T10:30:00,48.705,22.309,27.258,32.918,41.147,2712.6,3684.2,17.96,18.734,22.663,0.23129,0.097267,342.18,77.207,6.9176,13.927,32.427,4522.5,22.997,43.538,50.193,79.981,2.2373,1.6241,3159,42.488,54.461,94.612,9.5478,61.126,38.667,38.518,2641.2,63.448,26.583,45.412,0.32005,8.9203,26.845,120.4,1.2759,74.726,24.324,2.3074,54.231,4.8056,223.51,0.013398,0.84171,65.439,18.725,43.764
692,2026-04-13T10:33:00,49.9,20.957,26.786,33.134,40.987,2710.4,3649.4,17.828,18.521,22.2,0.21515,0.097267,341.85,77.087,6.8435,13.686,32.237,4511.3,23.06,46.303,48.981,79.952,2.1915,1.6405,3150.6,42.195,54.158,94.544,9.2397,61.502,35.102,41.208,2639.7,63.119,24.711,45.458,0.34493,9.0575,26.42,120.4,1.1697,74.813,24.079,2.2378,54.231,4.8868,222.19,0.013398,0.84171,65.409,19.023,43.764
693,2026-04-13T10:36:00,49.641,20.944,27.163,33.134,40.504,2708.6,3650.7,15.49,18.521,22.255,0.21529,0.097267,341.58,77.12,6.8435,13.686,32.237,4531.0,24.047,45.704,48.582,79.846,2.1915,1.6405,3142.2,42.578,53.922,94.718,9.3182,59.684,33.926,40.738,2636.8,63.095,24.918,45.337,0.34878,9.0575,26.42,120.36,1.1697,73.879,24.079,2.2378,54.231,4.8868,222.74,0.013398,0.84171,65.362,19.023,43.764
694,2026-04-13T10:39:00,49.637,22.94,26.823,33.066,41.575,2709.8,3657.5,19.1,18.778,22.55,0.22861,0.097267,341.79,77.295,6.8078,13.829,31.654,4509.5,22.522,45.695,51.233,79.982,2.2624,1.6385,3138.6,42.359,53.432,94.588,9.3766,61.647,41.727,38.002,2639.2,63.63,23.701,45.242,0.3182,8.8996,26.547,120.38,1.2694,74.562,24.216,2.2971,54.231,4.7884,222.98,0.013398,0.84171,65.338,18.684,43.764
695,2026-04-13T10:42:00,49.483,22.555,26.876,33.066,40.472,2709.5,3687.7,20.886,18.778,22.588,0.23252,0.097267,342.06,77.119,6.8078,13.829,31.654,4481.3,21.779,45.338,49.767,79.967,2.2624,1.6385,3141,42.278,53.769,94.625,9.2218,62.009,37.414,37.844,2638.6,63.11,26.967,45.278,0.31949,8.8996,26.547,120.37,1.2694,75.696,24.216,2.2971,54.231,4.7884,221.79,0.013398,0.84171,65.332,18.684,43.764
696,2026-04-13T10:45:00,51.422,28.485,26.963,32.526,41.485,2709.2,3696.8,16.268,18.358,22.561,0.29008,0.10442,341.91,77.356,6.9767,13.78,31.971,4457.0,23.721,49.825,50.557,79.907,2.259,1.6464,3139.8,42.392,54.878,94.419,9.3376,62.779,39.741,39.612,2638.7,63.319,24.291,45.339,0.33545,8.8064,26.917,120.41,1.2208,75.589,23.881,2.2759,53.67,4.7601,223.37,0.027782,0.84509,65.333,18.748,43.664
697,2026-04-13T10:48:00,50.864,28.545,26.977,32.526,41.627,2710.3,3661.3,17.682,18.358,22.226,0.28947,0.10442,341.28,77.374,6.9767,13.78,31.971,4524.4,23.122,48.533,49.37,80.03,2.259,1.6464,3150.2,42.289,54.071,94.604,9.4924,60.925,36.245,39.484,2639.8,63.931,24.581,45.524,0.3365,8.8064,26.917,120.42,1.2208,75.182,23.881,2.2759,53.67,4.7601,221.81,0.027782,0.84509,65.365,18.748,43.664
698,2026-04-13T10:51:00,51.21,25.749,27.265,32.883,41.152,2711.1,3617.8,17.94,18.637,22.694,0.26451,0.10442,341.83,77.514,6.7902,13.739,32.345,4532.1,23.003,49.334,48.569,80.204,2.2627,1.6795,3151.8,42.29,53.832,94.576,9.4626,58.391,33.889,39.461,2640.8,63.189,25.086,45.391,0.3258,8.9062,26.441,120.41,1.2527,75.528,24.083,2.3498,53.67,4.8566,223.81,0.027782,0.84509,65.401,18.723,43.664
699,2026-04-13T10:54:00,52.566,25.952,27.281,32.883,41.129,2711.6,3614.7,20.776,18.637,22.441,0.26245,0.10442,341.73,77.215,6.7902,13.739,32.345,4512.1,21.814,52.473,50.345,80.19,2.2627,1.6795,3152.2,42.073,54.071,94.579,9.2728,62.03,39.116,39.054,2640.2,63.242,24.593,45.565,0.32914,8.9062,26.441,120.39,1.2527,76.088,24.083,2.3498,53.67,4.8566,222.29,0.027782,0.84509,65.463,18.723,43.664
700,2026-04-13T10:57:00,52.249,22.476,27.022,32.45,41.467,2707.8,3709.3,18.786,18.585,21.976,0.22608,0.10442,341.32,77.027,6.7854,13.862,31.659,4545.8,22.664,51.738,51.436,79.921,2.2718,1.6361,3146.6,42.257,53.738,94.7,9.3676,61.709,42.325,38.162,2635.7,63.247,25.056,45.663,0.32659,8.9736,26.544,120.42,1.2708,75.226,24.215,2.3177,53.67,4.8857,221.68,0.027782,0.84509,65.466,18.537,43.664
701,2026-04-13T11:00:00,48.716,22.496,27.018,32.45,40.882,2707.7,3668.7,18.79,18.585,22.436,0.22587,0.086049,341.78,77.226,6.7854,13.862,31.659,4557.7,22.659,43.563,51.17,79.937,2.2718,1.6361,3137.8,41.98,53.595,94.638,9.1745,61.458,41.543,37.854,2637.0,63.946,26.761,45.573,0.32911,8.9736,26.544,120.39,1.2708,75.03,24.215,2.3177,53.294,4.8857,224.33,0.042956,0.84289,65.433,18.537,44.07
702,2026-04-13T11:03:00,51.254,28.952,27.058,32.882,41.464,2707.2,3724.0,15.131,18.21,22.236,0.29674,0.086049,340.83,77.314,6.8795,13.726,31.834,4524.7,24.201,49.435,48.888,79.974,2.2224,1.6312,3141.4,42.368,54.471,94.449,9.3227,59.778,34.826,40.605,2635.9,63.126,26.39,45.829,0.33328,8.8675,26.907,120.39,1.2442,75.487,24.026,2.2161,53.294,4.8346,222.44,0.042956,0.84289,65.433,18.711,44.07
703,2026-04-13T11:06:00,50.54,28.832,27.016,32.882,41.564,2708.3,3694.0,18.369,18.21,22.231,0.29796,0.086049,341.05,77.385,6.8795,13.726,31.834,4511.4,22.829,47.784,49.542,80.176,2.2224,1.6312,3144.6,42.392,54.631,94.544,9.2569,60.053,36.753,39.985,2637.8,63.643,23.558,45.832,0.33836,8.8675,26.907,120.41,1.2442,76.174,24.026,2.2161,53.294,4.8346,223.36,0.042956,0.84289,65.47,18.711,44.07
704,2026-04-13T11:09:00,49.591,27.724,26.986,33.414,41.129,2707.0,3645.0,17.871,18.262,21.917,0.28449,0.086049,340.79,77.151,6.8944,13.852,32.132,4525.8,23.043,45.587,48.804,80.159,2.247,1.656,3143.4,42.52,54.056,94.524,9.3268,61.929,34.582,38.275,2635.4,63.708,25.85,45.767,0.32221,9.0341,26.685,120.4,1.3501,74.367,24.244,2.3144,53.294,4.7362,225.0,0.042956,0.84289,65.522,19.014,44.07
705,2026-04-13T11:12:00,49.016,27.865,27.001,33.414,41.24,2704.6,3664.1,18.664,18.262,21.837,0.28306,0.086049,340.8,76.813,6.8944,13.852,32.132,4532.4,22.724,44.257,50.126,79.989,2.247,1.656,3135.4,42.371,53.976,94.627,9.2182,60.388,38.472,38.624,2632.6,63.379,24.316,45.992,0.31934,9.0341,26.685,120.4,1.3501,75.337,24.244,2.3144,53.294,4.7362,223.4,0.042956,0.84289,65.544,19.014,44.07
706,2026-04-13T11:15:00,50.158,25.172,26.827,32.717,40.759,2702.7,3686.3,17.887,18.807,21.848,0.25716,0.11249,340.64,76.952,6.9852,13.998,32.043,4494.6,23.057,46.9,50.688,79.865,2.2526,1.6372,3125.4,42.542,53.673,94.619,9.3135,60.783,40.126,39.97,2630.5,62.861,25.961,45.757,0.33566,8.9623,26.675,120.36,1.2026,74.811,23.933,2.3441,53.354,4.8067,226.55,0.017341,0.83354,65.48,18.898,43.745
707,2026-04-13T11:18:00,50.219,25.251,26.974,32.717,41.748,2702.7,3657.0,17.457,18.807,22.121,0.25636,0.11249,340.95,77.106,6.9852,13.998,32.043,4481.8,23.24,47.042,50.591,79.904,2.2526,1.6372,3117.4,42.215,53.826,94.752,9.317,61.686,39.841,39.69,2631.6,63.365,26.093,45.835,0.33795,8.9623,26.675,120.42,1.2026,75.661,23.933,2.3441,53.354,4.8067,226.47,0.017341,0.83354,65.441,18.898,43.745
708,2026-04-13T11:21:00,50.341,26.143,26.952,32.989,41.292,2703.1,3621.5,19.424,18.699,22.471,0.26647,0.11249,341.12,77.099,6.9246,13.852,31.802,4471.4,22.412,47.323,50.681,80.023,2.3048,1.6535,3117.8,42.426,54.203,94.673,9.2383,61.57,40.105,42.103,2631.2,63.125,24.897,46.208,0.3513,8.7469,26.101,120.38,1.2791,75.372,23.51,2.3292,53.354,4.7991,223.07,0.017341,0.83354,65.443,19.021,43.745
709,2026-04-13T11:24:00,49.108,26.02,26.66,32.989,40.534,2703.1,3639.2,16.164,18.699,21.878,0.26772,0.11249,340.52,77.388,6.9246,13.852,31.802,4541.2,23.777,44.469,49.116,80.068,2.3048,1.6535,3119,42.104,53.367,94.76,9.3779,60.481,35.497,41.793,2631.4,62.82,23.439,46.227,0.35384,8.7469,26.101,120.36,1.2791,75.928,23.51,2.3292,53.354,4.7991,223.58,0.017341,0.83354,65.477,19.021,43.745
710,2026-04-13T11:27:00,49.759,28.884,26.681,33.405,41.19,2705.1,3659.8,16.404,18.456,21.986,0.29089,0.11249,340.53,77.686,7.0646,13.724,32.111,4494.9,23.66,45.975,49.133,80.292,2.2615,1.6586,3127.4,42.619,53.589,94.669,9.3252,60.445,35.547,39.981,2633.6,62.929,25.612,46.186,0.33802,8.8845,26.579,120.39,1.3071,75.589,24.125,2.2995,53.354,4.8157,224.76,0.017341,0.83354,65.543,18.324,43.745
711,2026-04-13T11:30:00,50.428,28.628,26.918,33.405,40.028,2703.3,3647.8,17.454,18.456,21.892,0.29348,0.088571,340.58,77.049,7.0646,13.724,32.111,4475.1,23.231,47.524,51.034,80.274,2.2615,1.6586,3125,42.238,53.826,94.52,9.2402,61.403,41.143,40.456,2631.8,63.136,24.033,46.055,0.33412,8.8845,26.579,120.38,1.3071,75.36,24.125,2.2995,54.404,4.8157,224.25,0.024129,0.8247,65.633,18.324,43.505
712,2026-04-13T11:33:00,49.899,25.836,26.729,33.181,41.178,2702.7,3621.8,18.391,18.717,21.989,0.26677,0.088571,340.56,77.255,7.1305,13.771,32.728,4561.7,22.836,46.3,50.497,80.096,2.2556,1.622,3119,42.081,54.518,94.863,9.2388,62.549,39.562,38.517,2631.3,62.249,26.345,46.06,0.32139,8.941,26.512,120.4,1.274,74.805,23.394,2.309,54.404,4.8906,223.76,0.024129,0.8247,65.602,18.898,43.505
713,2026-04-13T11:36:00,49.392,26.04,27.29,33.181,40.857,2702.9,3619.6,18.565,18.717,22.371,0.2647,0.088571,340.94,77.403,7.1305,13.771,32.728,4566.4,22.765,45.127,48.946,80.082,2.2556,1.622,3118.6,41.86,54.461,94.74,9.3317,59.975,34.997,38.132,2631.8,62.285,24.982,45.898,0.32455,8.941,26.512,120.39,1.274,76.124,23.394,2.309,54.404,4.8906,225.14,0.024129,0.8247,65.585,18.898,43.505
714,2026-04-13T11:39:00,50.97,19.861,27.007,33.316,40.209,2701.9,3629.6,19.577,19.052,22.085,0.20342,0.088571,340.83,77.002,7.0451,13.79,32.005,4507.2,22.352,48.779,50.333,79.998,2.2503,1.6689,3111.8,41.94,53.788,94.907,9.31,61.124,39.079,38.854,2630.1,61.333,24.444,46.106,0.32815,8.8183,26.697,120.37,1.3795,74.68,24.139,2.3754,54.404,4.8639,222.41,0.024129,0.8247,65.533,18.414,43.505
715,2026-04-13T11:42:00,50.791,19.809,26.494,33.316,40.008,2703.4,3607.2,18.001,19.052,22.322,0.20395,0.088571,341.31,77.313,7.0451,13.79,32.005,4453.8,23.009,48.364,50.001,80.081,2.2503,1.6689,3109.4,42.247,54.427,94.911,9.3534,61.136,38.102,38.59,2631.9,61.719,26.116,45.737,0.33031,8.8183,26.697,120.4,1.3795,75.26,24.139,2.3754,54.404,4.8639,226.17,0.024129,0.8247,65.492,18.414,43.505
716,2026-04-13T11:45:00,49.64,26.443,26.701,33.175,40.129,2706.2,3620.1,16.069,18.646,22.364,0.27271,0.07764,341.21,76.954,6.8288,13.755,32.022,4557.1,23.832,45.7,49.284,80.187,2.2344,1.6538,3129,42.313,54.4,94.89,9.2752,59.596,35.993,38.913,2635.3,62.052,24.989,45.746,0.33127,8.7673,26.27,120.4,1.0413,74.308,23.856,2.3792,53.123,4.8597,223.02,0.023332,0.86135,65.478,18.843,43.803
717,2026-04-13T11:48:00,49.622,26.535,26.628,33.175,40.955,2704.9,3609.6,18.596,18.646,21.976,0.27178,0.07764,340.71,77.232,6.8288,13.755,32.022,4558.4,22.763,45.66,50.735,79.977,2.2344,1.6538,3133.8,42.302,54.386,94.823,9.2871,62.738,40.264,39.473,2633.6,62.232,26.126,45.507,0.32668,8.7673,26.27,120.4,1.0413,75.179,23.856,2.3792,53.123,4.8597,224.15,0.023332,0.86135,65.464,18.843,43.803
718,2026-04-13T11:51:00,50.721,26.64,27.128,32.767,41.078,2707.7,3677.6,18.908,18.376,22.71,0.27093,0.07764,341.18,77.504,6.9585,13.989,32.523,4507.3,22.624,48.202,50.029,80.11,2.2778,1.6439,3138.2,42.514,53.968,94.723,9.3898,61.032,38.186,38.698,2637.1,62.908,25.203,45.355,0.32462,8.9364,26.426,120.43,1.1757,74.268,24.008,2.2467,53.123,4.9243,224.32,0.023332,0.86135,65.448,18.729,43.803
719,2026-04-13T11:54:00,50.409,26.676,26.783,32.767,40.733,2709.5,3671.0,19.56,18.376,22.39,0.27056,0.07764,341.27,77.257,6.9585,13.989,32.523,4524.7,22.349,47.481,48.467,80.295,2.2778,1.6439,3142.2,42.333,53.761,94.593,9.3572,61.22,33.588,38.988,2638.8,63.021,26.386,45.558,0.32225,8.9364,26.426,120.39,1.1757,75.356,24.008,2.2467,53.123,4.9243,220.5,0.023332,0.86135,65.451,18.729,43.803
720,2026-04-13T11:57:00,51.148,21.815,26.659,33.034,40.771,2704.5,3647.8,18.299,18.35,21.944,0.22132,0.07764,340.81,77.492,6.7007,13.878,32.345,4530.1,22.874,49.192,48.993,80.06,2.2405,1.6224,3130.6,42.502,53.972,94.597,9.2665,60.73,35.137,41.678,2632.7,62.272,24.699,45.526,0.35228,8.9008,25.975,120.43,1.2129,75.236,24.03,2.325,53.123,4.7394,219.29,0.023332,0.86135,65.466,19.041,43.803
721,2026-04-13T12:00:00,50.362,21.842,26.722,33.034,40.531,2704.4,3652.6,19.16,18.35,22.135,0.22104,0.092143,340.64,77.507,6.7007,13.878,32.345,4491.5,22.506,47.371,50.151,80.22,2.2405,1.6224,3125.8,41.948,54.435,94.786,9.2824,60.745,38.544,41.424,2633.3,62.19,26.068,45.918,0.35436,8.9008,25.975,120.38,1.2129,75.451,24.03,2.325,53.623,4.7394,224.02,0.024182,0.83357,65.475,19.041,44.055
722,2026-04-13T12:03:00,48.264,23.098,27.189,32.549,41.657,2702.0,3685.5,19.536,18.979,22.09,0.2377,0.092143,340.74,76.804,6.8494,13.847,32.294,4465.7,22.372,42.517,50.038,80.051,2.2345,1.6812,3118.6,42.1,53.961,94.602,9.2678,62.525,38.211,40.368,2630.7,63.933,26.054,46.122,0.33993,8.9161,26.498,120.42,1.2941,75.746,23.723,2.3796,53.623,4.864,224.79,0.024182,0.83357,65.515,19.25,44.055
723,2026-04-13T12:06:00,49.545,23.148,26.899,32.549,41.476,2699.2,3703.9,17.854,18.979,22.167,0.23719,0.092143,340.57,76.831,6.8494,13.847,32.294,4479.3,23.093,45.48,49.761,79.852,2.2345,1.6812,3109.8,42.22,53.797,94.616,9.3529,61.748,37.398,40.26,2627.4,63.617,25.741,46.152,0.34081,8.9161,26.498,120.42,1.2941,74.17,23.723,2.3796,53.623,4.864,227.6,0.024182,0.83357,65.457,19.25,44.055
724,2026-04-13T12:09:00,49.748,23.384,26.71,33.243,40.909,2699.8,3698.3,14.925,18.82,21.85,0.2418,0.092143,340.61,77.298,6.7557,13.844,32.534,4427.8,24.315,45.951,50.156,79.965,2.2416,1.6436,3107,42.225,53.838,94.658,9.3089,58.679,38.559,40.331,2628.5,62.51,23.935,46.438,0.33397,8.9344,26.158,120.41,1.2804,73.475,23.713,2.3103,53.623,4.924,227.52,0.024182,0.83357,65.436,18.943,44.055
725,2026-04-13T12:12:00,51.335,23.736,27.029,33.243,41.111,2702.3,3698.7,18.263,18.82,22.116,0.23822,0.092143,340.82,77.615,6.7557,13.844,32.534,4464.9,22.894,49.624,49.541,80.268,2.2416,1.6436,3115.4,42.545,53.393,94.534,9.3512,60.091,36.749,39.966,2631.3,62.503,26.051,46.641,0.33695,8.9344,26.158,120.4,1.2804,75.35,23.713,2.3103,53.623,4.924,228.31,0.024182,0.83357,65.504,18.943,44.055
726,2026-04-13T12:15:00,48.258,20.918,27.103,32.752,42.36,2702.6,3687.8,17.715,18.696,21.886,0.21574,0.089151,340.08,77.022,6.8462,13.876,31.953,4476.4,23.132,42.503,51.028,80.358,2.2775,1.6705,3120.6,42.583,53.957,94.682,9.3342,61.038,41.124,39.871,2630.4,63.587,26.374,46.408,0.33739,8.8203,26.466,120.43,1.2441,73.74,24.492,2.374,53.719,4.7292,226.2,0.013832,0.84673,65.572,18.963,43.875
727,2026-04-13T12:18:00,51.32,21.148,26.997,32.752,40.797,2700.1,3666.9,18.451,18.696,21.973,0.2134,0.089151,340.36,77.393,6.8462,13.876,31.953,4524.7,22.811,49.588,49.352,80.26,2.2775,1.6705,3117.4,42.359,53.378,94.459,9.4664,60.069,36.193,39.708,2628.8,63.947,24.6,46.344,0.33872,8.8203,26.466,120.42,1.2441,73.51,24.492,2.374,53.719,4.7292,226.53,0.013832,0.84673,65.636,18.963,43.875
728,2026-04-13T12:21:00,50.812,26.479,27.021,33.085,41.619,2700.8,3672.8,21.297,18.52,21.766,0.27042,0.089151,340.01,77.349,6.997,13.95,32.371,4505.7,21.612,48.414,50.376,80.288,2.2854,1.6591,3119.4,42.642,53.525,94.585,9.1301,63.481,39.208,40.49,2629.6,63.128,26.178,46.498,0.33974,8.9569,26.13,120.4,1.2313,75.076,23.57,2.3001,53.719,4.8777,224.47,0.013832,0.84673,65.656,18.718,43.875
729,2026-04-13T12:24:00,48.491,26.578,26.869,33.085,41.728,2698.9,3667.8,17.958,18.52,21.597,0.26941,0.089151,340.03,76.996,6.997,13.95,32.371,4489.9,23.038,43.041,48.24,80.032,2.2854,1.6591,3115.4,42.31,53.714,94.616,9.3431,59.528,32.921,40.284,2627.1,63.214,25.015,46.315,0.34143,8.9569,26.13,120.39,1.2313,74.491,23.57,2.3001,53.719,4.8777,226.19,0.013832,0.84673,65.601,18.718,43.875
730,2026-04-13T12:27:00,50.174,22.618,26.667,32.893,41.054,2700.6,3646.7,20.253,18.54,22.06,0.2294,0.089151,340.24,77.8,7.0361,13.833,32.245,4507.6,22.05,46.936,49.465,80.133,2.257,1.663,3107.8,42.123,54.096,94.679,9.362,62.375,36.527,41.388,2629.2,62.218,22.786,46.246,0.34963,8.8557,26.648,120.39,1.3836,75.023,24.107,2.3956,53.719,4.8506,226.68,0.013832,0.84673,65.54,18.926,43.875
731,2026-04-13T12:30:00,50.36,22.84,26.576,32.893,40.699,2700.3,3663.6,19.459,18.54,21.438,0.22716,0.09988,340.58,76.988,7.0361,13.833,32.245,4529.5,22.407,47.368,50.015,80.122,2.257,1.663,3114.6,42.208,53.834,94.798,9.445,60.625,38.145,41.544,2628.8,61.927,25.259,46.668,0.34835,8.8557,26.648,120.4,1.3836,74.453,24.107,2.3956,54.17,4.8506,225.48,0.0058897,0.85123,65.561,18.926,43.966
732,2026-04-13T12:33:00,51.969,23.49,26.802,32.879,40.787,2701.8,3603.7,18.965,18.636,22.124,0.24246,0.09988,340.72,77.29,6.78,13.913,32.67,4502.6,22.609,51.091,49.971,80.103,2.2764,1.6315,3115.8,42.221,53.636,94.786,9.3538,62.183,38.015,40.23,2630.6,62.487,24.973,46.647,0.33432,8.8368,26.754,120.4,1.3469,74.28,24.24,2.2619,54.17,4.8374,227.1,0.0058897,0.85123,65.557,19.149,43.966
733,2026-04-13T12:36:00,49.751,23.951,26.815,32.879,41.161,2704.1,3592.0,19.406,18.636,22.376,0.23777,0.09988,340.47,77.416,6.78,13.913,32.67,4482.8,22.417,45.958,50.118,80.202,2.2764,1.6315,3121.8,41.849,53.872,94.835,9.4479,61.324,38.448,40.37,2633.9,62.69,25.867,46.537,0.33317,8.8368,26.754,120.41,1.3469,74.188,24.24,2.2619,54.17,4.8374,229.7,0.0058897,0.85123,65.556,19.149,43.966
734,2026-04-13T12:39:00,50.212,19.311,27.188,32.617,41.364,2705.4,3660.5,17.703,18.652,22.161,0.19703,0.09988,341.11,77.516,6.6565,13.795,32.268,4513.4,23.125,47.026,49.945,80.257,2.2559,1.658,3130.6,42.135,52.915,94.534,9.5054,61.691,37.937,40.854,2634.6,63.732,24.65,46.725,0.34746,8.9684,26.479,120.4,1.2951,74.373,24.066,2.3445,54.17,4.8482,228.92,0.0058897,0.85123,65.6,18.999,43.966
735,2026-04-13T12:42:00,49.52,19.597,26.98,32.617,40.945,2705.4,3650.8,20.741,18.652,21.615,0.19412,0.09988,340.38,77.318,6.6565,13.795,32.268,4481.7,21.841,45.423,49.791,80.367,2.2559,1.658,3139.4,42.554,53.295,94.662,9.3982,61.484,37.485,41.104,2633.6,63.898,23.723,46.844,0.34541,8.9684,26.479,120.4,1.2951,75.323,24.066,2.3445,54.17,4.8482,228.89,0.0058897,0.85123,65.67,18.999,43.966
736,2026-04-13T12:45:00,50.828,22.896,26.826,32.619,41.882,2704.8,3720.4,17.25,19.039,21.939,0.23254,0.082596,340.15,77.191,6.7605,14.04,32.22,4491.0,23.318,48.45,51.682,80.24,2.2478,1.6335,3133.8,42.198,53.503,94.506,9.3825,61.19,43.049,39.579,2632.5,63.938,24.422,47.116,0.33232,8.8747,26.483,120.45,1.2794,74.294,24.208,2.3664,53.886,4.8589,228.69,0.015712,0.83796,65.684,18.921,43.203
737,2026-04-13T12:48:00,49.03,22.59,26.806,32.619,41.296,2704.3,3693.3,19.293,19.039,22.128,0.23566,0.082596,340.26,77.356,6.7605,14.04,32.22,4474.2,22.45,44.289,50.57,80.24,2.2478,1.6335,3129,42.21,53.703,94.456,9.3703,62.611,39.776,39.614,2633.1,64.405,23.265,47.294,0.33203,8.8747,26.483,120.43,1.2794,75.53,24.208,2.3664,53.886,4.8589,228.68,0.015712,0.83796,65.721,18.921,43.203
738,2026-04-13T12:51:00,50.508,23.052,27.007,32.793,41.393,2701.5,3670.8,19.98,18.531,21.883,0.23903,0.082596,340.56,77.285,6.9146,13.9,32.312,4477.7,22.168,47.71,49.635,80.061,2.229,1.6223,3121.8,42.422,53.822,94.512,9.3854,61.571,37.026,43.018,2629.8,64.044,24.016,47.362,0.35901,8.8055,26.824,120.39,1.2605,75.156,23.844,2.2727,53.886,4.7995,229.9,0.015712,0.83796,65.689,18.898,43.203
739,2026-04-13T12:54:00,48.706,23.359,26.994,32.793,40.764,2700.3,3689.9,19.634,18.531,21.506,0.23592,0.082596,340.3,76.989,6.9146,13.9,32.312,4499.3,22.328,43.54,50.196,80.024,2.229,1.6223,3118.6,42.526,53.563,94.458,9.5496,60.133,38.677,42.651,2628.3,63.716,25.13,47.403,0.36202,8.8055,26.824,120.4,1.2605,74.979,23.844,2.2727,53.886,4.7995,231.46,0.015712,0.83796,65.659,18.898,43.203
740,2026-04-13T12:57:00,50.523,22.493,26.879,32.592,41.337,2701.1,3667.4,16.148,18.223,21.653,0.2254,0.082596,340.23,77.621,7.0744,13.845,31.893,4533.0,23.78,47.744,51.937,80.064,2.209,1.6371,3121.4,42.66,53.194,94.71,9.3663,63.341,43.799,41.287,2629.3,62.792,23.725,47.494,0.34429,8.971,26.588,120.4,1.3733,74.323,24.112,2.2996,53.886,4.8544,232.45,0.015712,0.83796,65.659,18.77,43.203
741,2026-04-13T13:00:00,50.906,22.202,26.973,32.592,41.081,2706.1,3627.9,16.692,18.223,22.007,0.22836,0.089067,340.43,77.885,7.0744,13.845,31.893,4518.7,23.53,48.63,47.721,80.439,2.209,1.6371,3134.6,42.008,53.365,94.503,9.3459,62.541,31.393,41.009,2635.0,63.472,23.717,47.432,0.34657,8.971,26.588,120.4,1.3733,73.959,24.112,2.2996,53.801,4.8544,231.47,0.021844,0.8255,65.728,18.77,44.726
742,2026-04-13T13:03:00,49.552,26.508,26.599,33.335,40.499,2707.7,3651.6,18.555,18.168,22.038,0.26735,0.089067,340.49,77.48,6.9925,13.829,31.824,4528.8,22.749,45.496,49.034,80.413,2.2857,1.651,3142.6,42.232,53.547,94.651,9.3576,59.786,35.257,40.454,2635.8,61.557,23.816,47.534,0.33974,8.7213,26.583,120.39,1.2332,75.208,24.375,2.3759,53.801,4.834,230.65,0.021844,0.8255,65.811,18.741,44.726
743,2026-04-13T13:06:00,49.834,26.68,26.735,33.335,40.718,2708.0,3611.0,16.725,18.168,21.831,0.26561,0.089067,340.71,77.272,6.9925,13.829,31.824,4543.8,23.53,46.151,51.713,80.135,2.2857,1.651,3147.8,42.273,53.367,94.732,9.4453,61.066,43.141,40.362,2636.3,62.255,25.001,47.723,0.34049,8.7213,26.583,120.37,1.2332,75.919,24.375,2.3759,53.801,4.834,228.89,0.021844,0.8255,65.813,18.741,44.726
744,2026-04-13T13:09:00,48.95,27.284,27.053,33.077,40.918,2710.2,3635.5,17.449,18.371,22.194,0.27975,0.089067,341.42,77.467,6.8255,13.877,32.16,4517.7,23.218,44.104,48.48,80.127,2.2173,1.6315,3152.6,42.53,53.757,94.702,9.2936,62.719,33.628,40.248,2638.7,62.409,24.355,47.68,0.33799,8.8383,27.031,120.4,1.2749,74.47,24.592,2.3549,53.801,4.9039,229.75,0.021844,0.8255,65.777,19.026,44.726
745,2026-04-13T13:12:00,49.822,27.488,26.951,33.077,41.204,2714.0,3621.5,19.728,18.371,22.422,0.27768,0.089067,341.6,77.28,6.8255,13.877,32.16,4507.8,22.259,46.122,49.075,80.211,2.2173,1.6315,3162.2,42.471,53.875,94.737,9.41,62.524,35.379,40.126,2642.1,62.65,23.87,47.677,0.339,8.8383,27.031,120.38,1.2749,74.978,24.592,2.3549,53.801,4.9039,230.18,0.021844,0.8255,65.763,19.026,44.726
746,2026-04-13T13:15:00,48.616,24.372,26.793,32.51,40.884,2710.8,3669.2,19.138,18.271,22.261,0.24833,0.084664,341.7,77.053,6.8559,13.695,32.391,4429.2,22.525,43.332,48.283,79.818,2.2695,1.6759,3156.6,42.546,54.096,94.567,9.3473,60.962,33.048,40.806,2639.2,63.267,25.207,47.283,0.34443,8.988,26.68,120.39,1.2969,74.862,24.394,2.3064,53.22,4.8964,231.37,0.014523,0.84703,65.699,18.598,43.987
747,2026-04-13T13:18:00,46.895,24.486,27.308,32.51,41.353,2713.1,3673.6,16.024,18.271,22.441,0.24716,0.084664,341.86,77.63,6.8559,13.695,32.391,4490.9,23.823,39.349,51.818,79.89,2.2695,1.6759,3157.4,42.883,53.357,94.543,9.4478,61.031,43.45,40.708,2641.3,63.192,24.46,47.283,0.34523,8.988,26.68,120.41,1.2969,75.027,24.394,2.3064,53.22,4.8964,230.25,0.014523,0.84703,65.597,18.598,43.987
748,2026-04-13T13:21:00,49.571,22.011,26.998,33.07,40.733,2714.8,3649.8,19.934,18.251,22.602,0.22591,0.084664,342.48,77.424,6.7383,13.719,32.325,4540.6,22.179,45.542,49.403,79.997,2.2384,1.6782,3166.6,42.285,53.809,94.525,9.5318,60.124,36.344,38.544,2643.0,63.375,24.759,47.295,0.32242,8.822,26.602,120.39,1.1137,75.326,23.797,2.3399,53.22,4.8899,228.98,0.014523,0.84703,65.591,18.376,43.987
749,2026-04-13T13:24:00,50.409,22.197,27.027,33.07,42.275,2716.1,3670.2,18.049,18.251,22.732,0.22402,0.084664,342.43,77.296,6.7383,13.719,32.325,4549.0,22.973,47.479,51.436,80.04,2.2384,1.6782,3170.2,42.569,53.708,94.549,9.4962,59.546,42.326,38.039,2644.9,63.024,25.51,46.921,0.32655,8.822,26.602,120.42,1.1137,74.694,23.797,2.3399,53.22,4.8899,232.03,0.014523,0.84703,65.576,18.376,43.987
750,2026-04-13T13:27:00,50.566,22.456,27.163,33.139,41.075,2717.6,3686.0,19.412,18.402,22.817,0.23067,0.084664,342.66,77.314,6.7637,13.804,32.324,4551.1,22.395,47.844,48.758,80.063,2.27,1.6832,3175.8,42.391,54.275,94.48,9.5012,62.414,34.445,38.219,2647.0,63.863,24.95,47.107,0.32894,8.8023,26.56,120.4,1.2199,74.073,24.114,2.2841,53.22,4.7261,228.8,0.014523,0.84703,65.589,18.103,43.987
751,2026-04-13T13:30:00,49.774,22.486,26.968,33.139,42.391,2715.8,3687.3,17.524,18.402,22.334,0.23036,0.096025,342.27,77.28,6.7637,13.804,32.324,4545.1,23.191,46.011,50.646,79.917,2.27,1.6832,3177,42.337,54.347,94.406,9.3366,62.442,40.001,38.899,2644.9,63.841,25.82,47.532,0.32337,8.8023,26.56,120.42,1.2199,74.773,24.114,2.2841,53.691,4.7261,229.07,0.028527,0.82348,65.616,18.103,44.84
752,2026-04-13T13:33:00,50.031,22.342,26.571,32.883,42.242,2714.8,3718.5,19.768,18.343,22.113,0.22906,0.096025,341.57,77.234,6.9168,13.754,32.049,4583.8,22.251,46.605,50.494,79.861,2.283,1.6554,3174.2,42.619,54.646,94.313,9.5007,62.448,39.555,39.748,2644.4,63.206,25.536,47.382,0.33432,8.9824,26.53,120.4,1.2139,75.813,24.384,2.2378,53.691,4.8398,232.33,0.028527,0.82348,65.584,18.489,44.84
753,2026-04-13T13:36:00,48.843,22.37,26.795,32.883,41.678,2715.5,3671.0,20.685,18.343,22.386,0.22877,0.096025,342.0,77.121,6.9168,13.754,32.049,4550.8,21.869,43.857,49.154,79.898,2.283,1.6554,3169,42.244,55.041,94.408,9.5462,59.468,35.61,39.896,2644.6,64.022,23.317,47.524,0.3331,8.9824,26.53,120.41,1.2139,75.158,24.384,2.2378,53.691,4.8398,232.3,0.028527,0.82348,65.571,18.489,44.84
754,2026-04-13T13:39:00,50.164,25.098,26.832,33.071,40.753,2714.1,3675.9,17.356,18.264,22.677,0.25425,0.096025,341.95,77.106,6.7405,13.777,32.274,4528.7,23.276,46.915,50.298,79.786,2.2685,1.613,3167,42.409,54.44,94.519,9.3623,61.591,38.977,39.055,2643.7,62.635,25.971,47.673,0.32847,8.7713,26.616,120.39,1.156,75.356,24.723,2.2748,53.691,4.7436,232.21,0.028527,0.82348,65.584,18.51,44.84
755,2026-04-13T13:42:00,51.303,25.074,27.112,33.071,41.058,2715.3,3676.8,17.605,18.264,22.871,0.2545,0.096025,341.82,77.33,6.7405,13.777,32.274,4498.7,23.17,49.551,49.015,79.758,2.2685,1.613,3169.4,42.208,54.798,94.532,9.3678,60.205,35.202,39.011,2644.4,62.618,24.591,47.78,0.32883,8.7713,26.616,120.4,1.156,74.954,24.723,2.2748,53.691,4.7436,232.59,0.028527,0.82348,65.558,18.51,44.84
756,2026-04-13T13:45:00,49.06,22.752,26.64,32.422,41.096,2717.6,3724.2,21.214,18.713,22.242,0.23518,0.087731,342.13,77.055,6.8511,13.758,32.21,4538.9,21.655,44.359,51.366,79.933,2.2378,1.6285,3174.6,42.419,54.312,94.347,9.2979,61.037,42.121,39.342,2646.6,63.399,24.536,47.371,0.33052,8.8906,26.76,120.38,1.3262,75.631,24.78,2.1947,54.018,4.7538,231.97,0.011602,0.83929,65.58,18.751,43.77
757,2026-04-13T13:48:00,48.1,22.7,26.622,32.422,42.253,2715.4,3706.0,19.041,18.713,22.325,0.23572,0.087731,341.93,77.358,6.8511,13.758,32.21,4538.9,22.568,42.137,50.013,79.762,2.2378,1.6285,3168.6,42.402,54.311,94.491,9.4588,59.966,38.139,39.451,2644.0,63.714,26.039,47.261,0.32963,8.8906,26.76,120.42,1.3262,75.369,24.78,2.1947,54.018,4.7538,231.84,0.011602,0.83929,65.541,18.751,43.77
758,2026-04-13T13:51:00,47.339,23.695,27.142,32.507,41.406,2714.9,3676.1,18.366,18.098,22.427,0.23686,0.087731,341.69,77.27,6.7992,13.894,32.355,4509.9,22.85,40.375,49.348,79.911,2.2357,1.6509,3168.2,42.454,54.091,94.514,9.4708,61.002,36.181,38.858,2643.4,63.339,25.178,47.308,0.32959,8.918,27.215,120.38,1.2266,75.765,24.502,2.2795,54.018,4.7684,229.94,0.011602,0.83929,65.553,19.051,43.77
759,2026-04-13T13:54:00,48.409,23.594,26.776,32.507,41.143,2715.5,3678.3,19.175,18.098,22.486,0.23788,0.087731,341.67,77.346,6.7992,13.894,32.355,4557.4,22.506,42.851,49.605,79.982,2.2357,1.6509,3169,41.878,53.522,94.382,9.2965,62.618,36.937,38.984,2643.6,63.301,24.304,47.131,0.32856,8.918,27.215,120.41,1.2266,75.039,24.502,2.2795,54.018,4.7684,230.54,0.011602,0.83929,65.559,19.051,43.77
760,2026-04-13T13:57:00,50.932,22.078,26.889,32.75,41.545,2712.8,3703.6,18.258,18.387,22.402,0.22334,0.087731,341.91,77.009,7.081,13.919,31.648,4479.9,22.904,48.691,49.327,79.9,2.2637,1.639,3161.8,41.868,53.693,94.459,9.3537,61.117,36.12,41.113,2642.3,63.374,24.727,47.049,0.34096,8.9385,26.394,120.39,1.1285,74.696,24.628,2.3106,54.018,4.7167,230.05,0.011602,0.83929,65.582,18.584,43.77
761,2026-04-13T14:00:00,49.469,22.095,26.814,32.75,41.569,2712.0,3702.1,19.092,18.387,22.592,0.22316,0.10382,341.94,77.268,7.081,13.919,31.648,4490.0,22.543,45.305,50.582,80.013,2.2637,1.639,3155.8,42.283,53.572,94.537,9.4407,61.663,39.814,40.716,2641.3,63.4,23.904,47.272,0.34421,8.9385,26.394,120.38,1.1285,75.46,24.628,2.3106,53.867,4.7167,230.6,0.0082921,0.82851,65.592,18.584,43.46
762,2026-04-13T14:03:00,50.029,28.772,26.866,32.599,41.222,2712.7,3631.1,18.584,18.512,22.408,0.2958,0.10382,341.52,77.229,6.7662,13.773,32.235,4564.7,22.759,46.6,51.484,79.955,2.2486,1.6563,3156.2,42.413,53.818,94.514,9.3245,60.447,42.469,41.371,2640.8,62.096,25.246,47.283,0.34535,9.0517,26.617,120.4,1.1857,75.534,24.523,2.254,53.867,4.8113,231.0,0.0082921,0.82851,65.618,18.823,43.46
763,2026-04-13T14:06:00,48.871,28.868,26.925,32.599,40.599,2713.4,3647.8,17.115,18.512,22.374,0.29482,0.10382,341.65,77.369,6.7662,13.773,32.235,4538.9,23.375,43.921,49.221,79.895,2.2486,1.6563,3159,42.551,54.127,94.756,9.3526,61.921,35.807,41.348,2641.3,61.808,24.703,47.436,0.34554,9.0517,26.617,120.37,1.1857,76.031,24.523,2.254,53.867,4.8113,229.85,0.0082921,0.82851,65.604,18.823,43.46
764,2026-04-13T14:09:00,50.146,23.396,26.794,32.885,41.566,2713.0,3717.3,15.85,18.369,22.348,0.24214,0.10382,341.98,77.142,6.7678,13.692,32.113,4469.1,23.914,46.873,51.187,79.938,2.2783,1.6409,3162.6,42.567,54.385,94.616,9.3289,60.282,41.592,39.443,2642.0,63.334,24.358,47.544,0.32948,8.8836,26.913,120.42,1.0546,75.429,24.182,2.2595,53.867,4.8089,229.16,0.0082921,0.82851,65.624,18.804,43.46
765,2026-04-13T14:12:00,51.284,23.805,26.582,32.885,41.431,2712.6,3659.0,18.412,18.369,22.361,0.23798,0.10382,341.75,77.135,6.7678,13.692,32.113,4492.2,22.836,49.506,50.531,79.984,2.2783,1.6409,3157.8,42.323,54.109,94.491,9.2682,63.293,39.661,39.552,2642.3,64.338,25.943,47.48,0.32859,8.8836,26.913,120.39,1.0546,75.563,24.182,2.2595,53.867,4.8089,230.4,0.0082921,0.82851,65.637,18.804,43.46
766,2026-04-13T14:15:00,49.174,24.758,26.837,32.768,41.078,2711.9,3693.9,17.225,18.348,22.336,0.25209,0.11568,341.5,76.815,6.4936,13.789,32.036,4506.7,23.347,44.622,50.606,79.897,2.2176,1.6577,3153,42.171,53.977,94.397,9.2855,61.896,39.884,38.229,2640.3,63.832,26.303,47.39,0.32066,8.897,26.203,120.39,1.2659,75.723,24.444,2.223,53.612,4.7154,228.79,0.0051318,0.83719,65.663,18.793,44.48
767,2026-04-13T14:18:00,51.674,24.903,26.688,32.768,41.27,2710.6,3705.4,19.133,18.348,22.126,0.25061,0.11568,341.49,77.358,6.4936,13.789,32.036,4487.0,22.529,50.408,50.015,79.886,2.2176,1.6577,3149,42.486,54.212,94.571,9.2449,60.964,38.145,38.11,2639.2,63.633,25.942,47.137,0.32164,8.897,26.203,120.41,1.2659,76.057,24.444,2.223,53.612,4.7154,230.81,0.0051318,0.83719,65.642,18.793,44.48
768,2026-04-13T14:21:00,51.621,25.347,26.881,32.872,41.908,2707.9,3762.2,19.015,18.334,21.531,0.2635,0.11568,340.83,77.056,6.7935,13.662,31.994,4479.6,22.593,50.285,49.843,79.819,2.2223,1.6706,3150.6,42.649,54.323,94.295,9.3253,62.506,37.637,39.143,2636.3,65.299,24.362,47.121,0.33341,8.9434,26.887,120.41,1.2152,75.753,24.014,2.2553,53.612,4.7525,230.16,0.0051318,0.83719,65.608,18.634,44.48
769,2026-04-13T14:24:00,50.707,25.591,26.683,32.872,42.234,2706.5,3768.7,17.735,18.334,22.335,0.26103,0.11568,341.02,76.901,6.7935,13.662,31.994,4503.0,23.144,48.17,49.518,79.761,2.2223,1.6706,3134.6,42.296,54.043,94.38,9.2458,61.806,36.68,39.36,2636.1,65.186,24.558,47.179,0.33163,8.9434,26.887,120.42,1.2152,75.26,24.014,2.2553,53.612,4.7525,228.72,0.0051318,0.83719,65.568,18.634,44.48
770,2026-04-13T14:27:00,49.805,26.329,26.389,33.035,41.282,2704.3,3701.7,17.624,18.633,22.188,0.26508,0.11568,340.84,77.122,6.882,13.849,31.849,4503.2,23.186,46.082,50.712,79.859,2.2361,1.6598,3124.2,42.093,54.443,94.331,9.3117,62.706,40.197,37.928,2634.0,63.933,24.311,47.027,0.31418,8.9486,27.016,120.39,1.3619,75.628,24.328,2.2708,53.612,4.8198,229.62,0.0051318,0.83719,65.575,18.899,44.48
771,2026-04-13T14:30:00,48.343,26.38,26.93,33.035,41.152,2703.4,3706.4,20.35,18.633,22.207,0.26456,0.092082,340.25,76.987,6.882,13.849,31.849,4522.3,22.044,42.698,48.161,79.944,2.2361,1.6598,3126.2,42.186,54.215,94.519,9.2007,58.259,32.687,38.018,2632.2,63.852,26.718,47.235,0.31344,8.9486,27.016,120.4,1.3619,75.885,24.328,2.2708,54.445,4.8198,228.89,0.016649,0.82202,65.613,18.899,44.291
772,2026-04-13T14:33:00,51.124,27.952,27.268,32.883,42.033,2703.2,3693.9,18.599,18.594,22.311,0.28219,0.092082,340.03,77.46,7.2272,13.658,32.158,4519.7,22.765,49.135,51.184,80.119,2.2441,1.6581,3120.6,42.164,53.597,94.478,9.221,61.159,41.584,40.481,2631.5,63.332,25.574,47.293,0.33351,8.8805,26.813,120.39,1.5234,75.497,24.343,2.223,54.445,4.7418,228.44,0.016649,0.82202,65.626,18.79,44.291
773,2026-04-13T14:36:00,52.818,27.903,26.886,32.883,41.729,2703.5,3705.6,18.333,18.594,22.143,0.2827,0.092082,339.93,77.405,7.2272,13.658,32.158,4474.5,22.874,53.055,48.648,80.296,2.2441,1.6581,3123.8,42.073,54.137,94.525,9.2012,62.445,34.122,40.115,2632.0,63.13,23.756,47.268,0.33652,8.8805,26.813,120.4,1.5234,75.64,24.343,2.223,54.445,4.7418,228.88,0.016649,0.82202,65.74,18.79,44.291
774,2026-04-13T14:39:00,47.941,24.959,27.026,32.416,40.846,2700.6,3586.5,18.668,17.904,22.246,0.25673,0.092082,339.6,76.83,7.1602,13.755,31.797,4500.2,22.749,41.77,49.907,80.145,2.2527,1.6488,3113.8,42.221,54.086,94.775,9.2035,63.044,37.826,37.02,2629.6,61.991,23.957,47.301,0.31906,8.9035,26.303,120.37,1.1133,74.812,24.237,2.2263,54.445,4.8958,228.65,0.016649,0.82202,65.785,18.933,44.291
775,2026-04-13T14:42:00,48.434,24.953,26.552,32.416,40.411,2697.3,3597.8,14.228,17.904,21.453,0.25679,0.092082,339.91,76.895,7.1602,13.755,31.797,4523.1,24.633,42.91,48.495,79.73,2.2527,1.6488,3109,42.447,53.811,94.973,9.333,59.296,33.672,37.319,2625.4,61.797,24.77,47.331,0.31661,8.9035,26.303,120.36,1.1133,75.156,24.237,2.2263,54.445,4.8958,228.52,0.016649,0.82202,65.713,18.933,44.291
776,2026-04-13T14:45:00,51.316,28.804,27.008,32.272,39.55,2702.7,3624.4,17.595,18.679,22.105,0.29177,0.11705,339.96,77.441,6.8257,13.914,31.577,4455.2,23.199,49.58,50.77,79.999,2.2508,1.6709,3117.4,42.284,54.258,94.94,9.2361,62.683,40.367,38.946,2630.5,61.632,24.264,46.92,0.32318,8.7247,26.427,120.38,1.3594,76.616,23.898,2.3121,53.886,4.982,228.9,0.023402,0.81807,65.658,19.024,43.908
777,2026-04-13T14:48:00,50.069,28.758,26.686,32.272,40.459,2707.3,3588.7,17.609,18.679,22.101,0.29223,0.11705,340.71,77.177,6.8257,13.914,31.577,4490.8,23.191,46.694,49.654,80.304,2.2508,1.6709,3134.2,41.876,53.832,94.892,9.3412,62.56,37.08,38.333,2635.6,62.246,25.041,46.961,0.32821,8.7247,26.427,120.4,1.3594,74.384,23.898,2.3121,53.886,4.982,226.69,0.023402,0.81807,65.678,19.024,43.908
778,2026-04-13T14:51:00,50.53,31.209,27.044,32.489,41.05,2707.1,3737.2,17.154,18.752,22.056,0.32033,0.11705,340.24,77.566,6.85,13.96,32.009,4469.7,23.371,47.761,50.044,80.214,2.2271,1.6521,3141.8,42.174,53.828,94.549,9.3604,59.815,38.23,40.813,2635.9,62.521,24.065,46.776,0.34301,8.8317,26.498,120.41,1.2779,75.359,23.88,2.1629,53.886,4.6801,227.0,0.023402,0.81807,65.694,18.878,43.908
779,2026-04-13T14:54:00,50.748,31.617,26.72,32.489,41.692,2707.2,3694.1,17.659,18.752,21.489,0.31618,0.11705,339.92,77.592,6.85,13.96,32.009,4461.2,23.15,48.266,47.63,80.268,2.2271,1.6521,3148.2,42.516,53.93,94.662,9.1507,61.322,31.127,40.775,2635.4,63.262,23.562,46.843,0.34333,8.8317,26.498,120.42,1.2779,75.329,23.88,2.1629,53.886,4.6801,224.47,0.023402,0.81807,65.727,18.878,43.908
780,2026-04-13T14:57:00,50.49,27.652,27.014,32.324,41.286,2703.1,3639.8,19.03,18.439,21.605,0.28118,0.11705,340.21,76.726,6.6896,13.643,32.077,4548.3,22.604,47.668,50.599,79.988,2.2236,1.6588,3135,42.314,53.216,94.536,9.381,61.955,39.862,41.528,2631.0,64.024,23.383,46.479,0.34866,9.0883,26.033,120.43,1.3086,75.212,23.716,2.2614,53.886,4.8603,226.78,0.023402,0.81807,65.699,18.883,43.908
781,2026-04-13T15:00:00,48.238,27.621,26.781,32.324,40.602,2700.1,3679.3,19.629,18.439,21.719,0.2815,0.097519,340.72,76.742,6.6896,13.643,32.077,4502.2,22.363,42.456,49.554,79.76,2.2236,1.6588,3111.8,42.136,53.767,94.713,9.3017,58.622,36.789,41.459,2627.7,63.344,24.82,46.353,0.34923,9.0883,26.033,120.4,1.3086,75.479,23.716,2.2614,54.746,4.8603,225.07,0.007013,0.85742,65.585,18.883,43.653
782,2026-04-13T15:03:00,50.762,27.263,26.786,32.279,41.869,2700.9,3714.6,19.347,18.701,21.881,0.27489,0.097519,340.71,77.492,6.9098,14.043,31.611,4516.4,22.462,48.298,50.934,79.942,2.2698,1.6757,3113,42.436,53.568,94.575,9.24,61.849,40.847,36.984,2629.5,64.25,25.113,45.985,0.31597,8.8599,26.33,120.45,1.3736,75.778,23.878,2.2757,54.746,4.9077,226.94,0.007013,0.85742,65.559,18.54,43.653
783,2026-04-13T15:06:00,50.067,27.252,26.983,32.279,40.798,2701.0,3740.1,18.558,18.701,21.924,0.275,0.097519,340.65,77.513,6.9098,14.043,31.611,4509.3,22.792,46.69,50.322,80.154,2.2698,1.6757,3115.8,42.393,53.652,94.425,9.3552,61.567,39.046,37.469,2629.8,63.813,25.517,45.773,0.312,8.8599,26.33,120.42,1.3736,75.206,23.878,2.2757,54.746,4.9077,226.99,0.007013,0.85742,65.559,18.54,43.653
784,2026-04-13T15:09:00,49.056,32.068,26.704,33.173,41.931,2700.6,3642.0,15.546,18.833,21.834,0.3234,0.097519,340.21,77.583,6.9366,13.888,31.908,4543.7,24.047,44.348,51.121,80.317,2.2224,1.6732,3116.6,42.023,54.094,94.567,9.3648,60.066,41.399,42.916,2628.8,63.645,25.632,45.955,0.35546,8.8295,26.575,120.41,1.359,75.596,24.005,2.2415,54.746,4.8567,222.59,0.007013,0.85742,65.605,18.755,43.653
785,2026-04-13T15:12:00,50.394,31.865,26.668,33.173,40.93,2701.3,3656.9,20.017,18.833,21.753,0.32547,0.097519,340.38,77.257,6.9366,13.888,31.908,4574.0,22.166,47.447,50.684,80.433,2.2224,1.6732,3117.8,41.978,53.731,94.465,9.2268,62.258,40.112,43.177,2629.3,63.39,25.511,45.737,0.35332,8.8295,26.575,120.41,1.359,75.029,24.005,2.2415,54.746,4.8567,222.66,0.007013,0.85742,65.662,18.755,43.653
786,2026-04-13T15:15:00,51.15,29.533,27.126,32.72,41.067,2697.1,3640.0,20.415,18.554,21.604,0.30069,0.11016,340.34,76.914,6.8016,13.896,31.911,4542.7,22.014,49.195,50.447,80.164,2.2298,1.6224,3107.4,42.34,53.599,94.561,9.3868,61.22,39.417,40.576,2625.7,63.406,26.464,46.359,0.34238,8.7817,26.141,120.4,1.2689,76.184,24.221,2.2769,53.407,4.8854,224.64,0.01139,0.85259,65.677,18.662,43.504
787,2026-04-13T15:18:00,50.235,29.516,26.981,32.72,41.07,2696.0,3670.1,19.847,18.554,22.195,0.30087,0.11016,340.49,76.929,6.8016,13.896,31.911,4514.6,22.261,47.078,51.225,79.974,2.2298,1.6224,3092.2,42.303,53.936,94.727,9.2467,60.941,41.704,40.335,2624.1,62.888,26.113,46.543,0.34436,8.7817,26.141,120.38,1.2689,75.346,24.221,2.2769,53.407,4.8854,225.19,0.01139,0.85259,65.626,18.662,43.504
788,2026-04-13T15:21:00,49.946,29.842,27.179,32.972,41.297,2696.6,3689.9,18.974,18.459,22.077,0.30266,0.11016,340.65,77.541,6.9062,13.817,32.501,4511.7,22.612,46.408,49.053,80.124,2.2351,1.6446,3100.2,42.286,54.211,94.548,9.3259,59.846,35.313,40.576,2625.4,63.744,23.583,46.773,0.34487,9.0134,26.24,120.39,1.3342,75.759,23.274,2.3339,53.407,4.9642,225.21,0.01139,0.85259,65.606,18.392,43.504
789,2026-04-13T15:24:00,50.189,29.781,27.015,32.972,42.039,2698.7,3703.9,20.496,18.459,22.312,0.30328,0.11016,340.35,77.49,6.9062,13.817,32.501,4525.7,21.96,46.971,50.176,80.442,2.2351,1.6446,3099.4,42.389,54.043,94.501,9.2749,61.367,38.617,40.814,2628.0,63.503,24.931,46.883,0.34292,9.0134,26.24,120.4,1.3342,75.371,23.274,2.3339,53.407,4.9642,226.52,0.01139,0.85259,65.678,18.392,43.504
790,2026-04-13T15:27:00,48.861,24.24,27.014,33.653,41.429,2693.8,3667.3,17.652,18.666,21.739,0.24514,0.11016,339.82,77.143,6.7288,13.761,32.256,4580.5,23.169,43.898,50.23,80.247,2.2235,1.63,3093.4,42.24,54.092,94.626,9.3623,58.898,38.776,39.565,2622.6,63.243,25.059,47.038,0.33623,8.8666,26.244,120.4,1.348,75.249,23.605,2.3484,53.407,4.8157,227.29,0.01139,0.85259,65.727,18.879,43.504
791,2026-04-13T15:30:00,51.208,24.091,27.019,33.653,41.137,2692.4,3688.9,18.698,18.666,21.666,0.24665,0.093961,339.75,77.035,6.7288,13.761,32.256,4511.8,22.735,49.329,50.717,80.216,2.2235,1.63,3083.8,41.84,54.915,94.704,9.2356,59.83,40.211,39.647,2620.6,62.87,25.127,46.863,0.33556,8.8666,26.244,120.39,1.348,75.248,23.605,2.3484,54.182,4.8157,230.79,0.020413,0.85468,65.756,18.879,42.946
792,2026-04-13T15:33:00,50.161,26.512,26.881,32.812,41.423,2692.7,3712.8,15.265,19.035,21.699,0.26546,0.093961,339.84,77.248,6.8587,13.761,32.202,4503.8,24.175,46.907,49.697,80.309,2.2517,1.6926,3083.4,42.251,53.838,94.562,9.3101,59.194,37.209,38.91,2620.9,64.076,26.64,47.118,0.32896,8.9516,25.492,120.4,1.4462,75.079,23.21,2.2663,54.182,4.8966,230.0,0.020413,0.85468,65.774,19.441,42.946
793,2026-04-13T15:36:00,49.333,26.458,26.732,32.812,41.624,2689.9,3721.2,19.491,19.035,21.333,0.26601,0.093961,339.51,77.024,6.8587,13.761,32.202,4520.4,22.4,44.99,50.162,80.285,2.2517,1.6926,3077,42.245,53.639,94.504,9.1194,63.234,38.576,38.867,2618.4,63.932,26.005,47.434,0.32931,8.9516,25.492,120.41,1.4462,75.346,23.21,2.2663,54.182,4.8966,228.51,0.020413,0.85468,65.824,19.441,42.946
794,2026-04-13T15:39:00,50.075,26.714,26.548,33.15,40.574,2690.1,3665.1,21.275,18.883,21.496,0.27307,0.093961,339.37,77.301,6.8553,14.083,32.338,4435.0,21.636,46.707,49.996,80.524,2.2953,1.6728,3071.8,42.498,53.218,94.506,9.2119,61.148,38.087,39.374,2618.6,63.841,26.777,47.457,0.32448,8.9404,26.196,120.38,1.4407,75.313,23.375,2.3147,54.182,4.8576,230.28,0.020413,0.85468,65.868,19.09,42.946
795,2026-04-13T15:42:00,50.904,26.979,27.158,33.15,41.382,2688.0,3687.2,19.305,18.883,21.652,0.27039,0.093961,339.26,77.173,6.8553,14.083,32.338,4415.7,22.466,48.626,49.759,80.53,2.2953,1.6728,3067,42.102,53.449,94.636,9.2599,58.907,37.392,38.931,2616.9,63.46,25.943,47.699,0.32811,8.9404,26.196,120.41,1.4407,75.274,23.375,2.3147,54.182,4.8576,229.57,0.020413,0.85468,65.907,19.09,42.946
796,2026-04-13T15:45:00,51.674,25.513,27.002,33.017,40.066,2683.8,3696.3,17.916,18.637,21.458,0.25717,0.095105,339.44,77.056,6.9903,14.022,32.114,4479.0,23.061,50.408,50.359,80.357,2.2533,1.659,3050.2,42.377,53.47,94.606,9.3658,58.849,39.157,43.626,2612.2,63.358,26.491,48.005,0.36139,9.0507,25.982,120.37,1.3872,75.774,23.461,2.2613,54.533,4.8796,229.08,0.010281,0.84899,65.961,19.105,44.565
797,2026-04-13T15:48:00,52.039,25.305,26.9,33.017,40.873,2681.3,3715.0,19.353,18.637,21.403,0.25929,0.095105,338.94,77.233,6.9903,14.022,32.114,4426.1,22.452,51.253,49.628,80.342,2.2533,1.659,3040.2,42.106,54.102,94.788,9.1475,63.771,37.005,43.365,2608.9,63.036,24.135,48.045,0.36353,9.0507,25.982,120.37,1.3872,74.892,23.461,2.2613,54.533,4.8796,231.06,0.010281,0.84899,65.965,19.105,44.565
798,2026-04-13T15:51:00,48.623,27.574,26.951,32.933,41.483,2681.7,3634.1,18.143,19.006,21.195,0.27883,0.095105,338.89,77.73,7.0505,14.024,32.204,4464.9,22.947,43.348,50.071,80.456,2.2556,1.6576,3043.8,42.336,53.547,94.667,9.3475,59.669,38.309,42.915,2609.8,63.205,25.058,48.151,0.35651,9.0366,26.097,120.39,1.4527,74.898,23.433,2.3873,54.533,4.9435,232.28,0.010281,0.84899,65.99,18.89,44.565
799,2026-04-13T15:54:00,50.348,27.454,26.807,32.933,40.313,2684.1,3654.6,18.748,19.006,21.146,0.28004,0.095105,338.43,77.401,7.0505,14.024,32.204,4485.1,22.69,47.34,49.096,80.783,2.2556,1.6576,3056.6,42.363,53.305,94.718,9.2957,63.815,35.439,42.728,2611.8,62.852,24.567,48.137,0.35804,9.0366,26.097,120.39,1.4527,75.756,23.433,2.3873,54.533,4.9435,234.78,0.010281,0.84899,66.057,18.89,44.565
800,2026-04-13T15:57:00,51.022,26.794,27.433,32.413,40.436,2683.3,3632.0,16.779,18.865,21.111,0.26986,0.095105,338.42,77.405,6.8739,13.89,32.648,4485.7,23.515,48.899,50.378,80.698,2.2763,1.6622,3053.8,42.211,53.788,94.818,9.2959,58.881,39.212,43.195,2610.6,62.583,24.587,48.502,0.35717,8.9035,25.941,120.39,1.3962,74.543,23.21,2.3692,54.533,4.917,232.99,0.010281,0.84899,66.139,19.224,44.565
801,2026-04-13T16:00:00,50.79,26.452,26.77,32.413,41.089,2683.9,3660.0,19.032,18.865,21.165,0.27333,0.091833,338.51,77.411,6.8739,13.89,32.648,4481.4,22.563,48.363,50.284,80.698,2.2763,1.6622,3051.8,42.165,53.84,94.807,9.2879,59.46,38.935,43.03,2611.6,62.102,23.983,48.806,0.35853,8.9035,25.941,120.4,1.3962,75.508,23.21,2.3692,54.074,4.917,230.55,0.022141,0.84735,66.2,19.224,43.575
802,2026-04-13T16:03:00,51.289,22.158,26.752,33.11,40.263,2681.5,3681.1,17.519,18.816,21.063,0.22621,0.091833,338.14,76.983,6.8716,13.792,31.974,4481.3,23.216,49.518,49.304,80.533,2.3195,1.6758,3052.6,42.191,52.975,94.83,9.183,61.933,36.051,41.401,2609.1,63.211,25.759,48.847,0.34407,8.9261,25.615,120.38,1.2684,74.854,23.055,2.3575,54.074,5.0135,231.85,0.022141,0.84735,66.204,19.097,43.575
803,2026-04-13T16:06:00,50.541,22.156,27.034,33.11,40.405,2680.0,3680.7,15.685,18.816,21.428,0.22623,0.091833,338.37,77.054,6.8716,13.792,31.974,4420.2,23.988,47.786,51.091,80.46,2.3195,1.6758,3038.2,42.501,53.706,94.784,9.3111,61.924,41.31,41.298,2608.1,63.218,25.453,48.8,0.34491,8.9261,25.615,120.42,1.2684,74.999,23.055,2.3575,54.074,5.0135,234.14,0.022141,0.84735,66.167,19.097,43.575
804,2026-04-13T16:09:00,50.617,28.593,26.94,33.215,41.531,2682.1,3672.9,18.608,18.798,21.35,0.28861,0.091833,337.95,77.296,6.9117,13.842,32.099,4460.9,22.754,47.962,48.633,80.52,2.3223,1.6554,3045.8,42.288,53.465,94.664,9.4342,59.522,34.076,39.728,2610.6,63.381,25.273,48.945,0.33646,9.013,25.552,120.43,1.2325,75.602,23.34,2.2906,54.074,4.9888,234.27,0.022141,0.84735,66.159,18.992,43.575
805,2026-04-13T16:12:00,49.198,28.556,26.815,33.215,41.469,2682.4,3655.9,19.152,18.798,20.924,0.28899,0.091833,338.36,77.414,6.9117,13.842,32.099,4441.0,22.523,44.677,50.427,80.479,2.3223,1.6554,3051.8,42.557,53.703,94.763,9.3484,59.143,39.358,39.709,2610.4,63.674,26.295,49.016,0.33662,9.013,25.552,120.41,1.2325,74.795,23.34,2.2906,54.074,4.9888,235.25,0.022141,0.84735,66.134,18.992,43.575
806,2026-04-13T16:15:00,50.682,27.596,26.86,32.947,41.354,2685.0,3644.6,18.998,18.999,21.216,0.2778,0.10837,338.51,77.845,6.9628,13.788,32.421,4466.9,22.571,48.113,50.146,80.729,2.2612,1.6706,3060.6,42.294,53.607,94.544,9.375,61.584,38.531,40.877,2613.3,63.506,24.626,49.164,0.33794,9.074,25.508,120.41,1.2795,74.457,23.321,2.288,54.122,5.0072,235.13,0.019729,0.87021,66.178,18.937,42.902
807,2026-04-13T16:18:00,52.305,27.631,26.694,32.947,41.031,2689.0,3680.2,18.699,18.999,21.26,0.27744,0.10837,338.83,77.993,6.9628,13.788,32.421,4447.7,22.673,51.868,50.026,81.037,2.2612,1.6706,3076.6,42.346,53.836,94.59,9.472,62.367,38.175,40.758,2618.1,62.895,25.989,49.326,0.33892,9.074,25.508,120.39,1.2795,74.302,23.321,2.288,54.122,5.0072,234.88,0.019729,0.87021,66.258,18.937,42.902
808,2026-04-13T16:21:00,49.62,24.464,26.836,32.928,41.79,2688.7,3660.8,18.477,19.059,21.178,0.24585,0.10837,339.14,77.67,6.9625,13.847,32.42,4452.2,22.762,45.654,50.094,81.033,2.2864,1.7241,3077.4,42.256,53.885,94.496,9.2314,63.811,38.375,39.726,2617.5,62.727,24.977,49.406,0.33541,8.9356,26.103,120.41,1.2535,74.586,23.655,2.3636,54.122,4.9973,235.51,0.019729,0.87021,66.367,19.259,42.902
809,2026-04-13T16:24:00,50.161,24.276,26.678,32.928,40.563,2686.0,3620.1,17.417,19.059,21.151,0.24777,0.10837,338.98,76.88,6.9625,13.847,32.42,4464.2,23.237,46.906,50.27,80.61,2.2864,1.7241,3064.6,42.414,53.741,94.715,9.3382,61.855,38.896,40.075,2614.2,63.428,23.726,49.677,0.33254,8.9356,26.103,120.38,1.2535,75.259,23.655,2.3636,54.122,4.9973,234.03,0.019729,0.87021,66.396,19.259,42.902
810,2026-04-13T16:27:00,51.071,24.031,26.911,33.167,41.276,2684.4,3634.8,17.877,19.192,21.274,0.24559,0.10837,339.39,77.056,6.8663,13.931,31.903,4428.5,23.045,49.013,50.458,80.417,2.3268,1.6475,3056.6,42.631,53.324,94.743,9.3302,62.087,39.448,40.779,2612.5,63.102,24.382,49.654,0.33982,9.0741,25.544,120.4,1.2751,75.4,23.456,2.3299,54.122,5.0075,235.91,0.019729,0.87021,66.314,18.915,42.902
811,2026-04-13T16:30:00,50.534,24.087,26.954,33.167,40.261,2685.4,3617.7,20.137,19.192,21.054,0.24502,0.09105,339.46,77.412,6.8663,13.931,31.903,4449.3,22.085,47.771,49.614,80.417,2.3268,1.6475,3058.6,42.112,53.075,94.684,9.3716,59.965,36.963,40.676,2613.4,63.397,25.388,50.102,0.34067,9.0741,25.544,120.37,1.2751,73.86,23.456,2.3299,54.08,5.0075,239.54,0.00023609,0.81717,66.245,18.915,43.147
812,2026-04-13T16:33:00,49.773,28.955,27.064,33.044,42.0,2690.5,3669.3,16.045,19.24,21.964,0.29602,0.09105,339.81,77.661,6.9048,13.823,31.886,4478.3,23.796,46.008,50.676,80.666,2.2568,1.6737,3069.4,41.991,53.52,94.679,9.4039,61.857,40.089,41.53,2619.4,63.321,25.561,50.291,0.35275,9.0518,25.623,120.43,1.3173,74.454,23.142,2.3879,54.08,5.0397,242.1,0.00023609,0.81717,66.27,18.956,43.147
813,2026-04-13T16:36:00,50.055,29.166,26.856,33.044,40.397,2690.8,3693.4,16.928,19.24,21.424,0.29387,0.09105,340.15,77.444,6.9048,13.823,31.886,4424.7,23.425,46.662,49.906,80.685,2.2568,1.6737,3083.8,42.396,54.162,94.424,9.4947,63.238,37.824,41.809,2620.0,62.907,24.873,50.749,0.35046,9.0518,25.623,120.41,1.3173,74.189,23.142,2.3879,54.08,5.0397,241.59,0.00023609,0.81717,66.348,18.956,43.147
814,2026-04-13T16:39:00,51.469,29.394,26.934,33.12,41.53,2691.3,3659.7,18.067,18.721,21.567,0.30108,0.09105,340.04,77.301,6.8185,13.947,32.519,4463.4,22.946,49.934,51.244,80.531,2.3074,1.6392,3085,42.637,53.572,94.661,9.4055,62.387,41.762,40.395,2620.5,63.147,24.421,51.205,0.33918,9.0343,25.747,120.42,1.2473,74.159,23.19,2.3969,54.08,4.897,241.07,0.00023609,0.81717,66.39,18.91,43.147
815,2026-04-13T16:42:00,50.011,29.665,26.872,33.12,40.639,2691.3,3629.6,18.058,18.721,21.642,0.29832,0.09105,340.82,77.281,6.8185,13.947,32.519,4480.3,22.959,46.561,49.694,80.369,2.3074,1.6392,3085.8,42.656,53.369,94.462,9.5498,60.887,37.2,40.996,2620.4,63.665,26.197,51.348,0.33425,9.0343,25.747,120.4,1.2473,73.881,23.19,2.3969,54.08,4.897,244.08,0.00023609,0.81717,66.375,18.91,43.147
816,2026-04-13T16:45:00,49.93,23.421,26.85,33.204,41.422,2691.0,3691.6,18.136,18.673,21.892,0.23893,0.085453,341.01,77.349,6.8312,13.857,32.148,4430.1,22.927,46.372,50.604,80.292,2.2837,1.6414,3077.8,42.124,54.058,94.651,9.3595,63.868,39.877,42.364,2619.5,63.373,25.948,50.61,0.35085,9.0039,25.853,120.4,1.4325,74.489,23.529,2.2692,54.956,4.9676,241.95,0.028636,0.8363,66.344,19.069,44.524
817,2026-04-13T16:48:00,50.022,23.367,26.935,33.204,41.625,2692.0,3680.9,18.482,18.673,21.74,0.23948,0.085453,340.76,77.694,6.8312,13.857,32.148,4438.2,22.769,46.585,48.514,80.449,2.2837,1.6414,3080.2,42.226,53.961,94.467,9.5228,62.332,33.728,42.312,2620.2,63.556,24.251,50.458,0.35127,9.0039,25.853,120.4,1.4325,74.885,23.529,2.2692,54.956,4.9676,241.76,0.028636,0.8363,66.337,19.069,44.524
818,2026-04-13T16:51:00,50.504,26.707,26.742,33.295,41.343,2693.5,3676.7,19.063,18.786,21.582,0.27432,0.085453,341.23,77.763,7.0468,13.718,32.548,4453.5,22.516,47.7,50.308,80.512,2.28,1.6567,3085.4,42.613,53.351,94.587,9.5421,58.193,39.007,41.569,2622.0,63.571,26.424,50.573,0.33862,8.9868,26.584,120.4,1.3873,73.875,23.374,2.2737,54.956,4.8854,238.54,0.028636,0.8363,66.338,18.81,44.524
819,2026-04-13T16:54:00,48.152,26.982,27.127,33.295,40.648,2692.9,3690.2,18.095,18.786,22.141,0.27152,0.085453,341.53,77.703,7.0468,13.718,32.548,4443.5,22.924,42.257,49.968,80.463,2.28,1.6567,3085.4,42.349,53.47,94.416,9.3996,62.033,38.006,41.209,2621.6,63.34,25.908,50.334,0.34157,8.9868,26.584,120.39,1.3873,74.069,23.374,2.2737,54.956,4.8854,239.28,0.028636,0.8363,66.341,18.81,44.524
820,2026-04-13T16:57:00,49.455,22.922,27.011,33.298,41.949,2694.3,3635.1,17.341,19.17,22.128,0.232,0.085453,341.98,77.451,7.0702,13.974,32.431,4470.3,23.247,45.274,50.724,80.453,2.2569,1.6957,3084.6,42.567,53.759,94.578,9.4266,62.182,40.23,39.124,2622.9,62.343,25.476,50.152,0.32774,9.1863,25.691,120.4,1.1729,75.511,23.436,2.2593,54.956,4.9321,239.41,0.028636,0.8363,66.331,18.456,44.524
821,2026-04-13T17:00:00,49.385,22.822,26.831,33.298,40.532,2697.9,3647.6,17.927,19.17,22.533,0.23301,0.096562,342.97,77.689,7.0702,13.974,32.431,4514.6,22.986,45.11,51.143,80.565,2.2569,1.6957,3088.6,42.285,53.228,94.581,9.5159,60.787,41.465,38.881,2626.6,62.127,23.593,50.207,0.32973,9.1863,25.691,120.38,1.1729,74.578,23.436,2.2593,53.224,4.9321,242.21,0.021946,0.82169,66.309,18.456,43.751
822,2026-04-13T17:03:00,50.406,23.737,26.648,33.323,40.674,2696.5,3637.6,18.157,18.979,21.978,0.2401,0.096562,342.31,77.123,6.8325,13.779,32.779,4489.9,22.908,47.473,51.238,80.361,2.2543,1.6752,3094.6,42.489,54.415,94.654,9.5035,64.346,41.743,41.896,2624.1,61.927,26.928,50.399,0.36143,8.9207,25.582,120.36,1.3428,74.966,23.581,2.3268,53.224,4.9106,240.44,0.021946,0.82169,66.324,18.696,43.751
823,2026-04-13T17:06:00,47.98,23.553,27.157,33.323,41.511,2698.1,3616.3,16.076,18.979,22.446,0.24197,0.096562,342.46,77.537,6.8325,13.779,32.779,4498.7,23.776,41.858,48.534,80.23,2.2543,1.6752,3099.8,42.479,54.31,94.704,9.4882,60.392,33.786,42.549,2626.9,62.294,25.343,50.299,0.35607,8.9207,25.582,120.4,1.3428,74.123,23.581,2.3268,53.224,4.9106,242.0,0.021946,0.82169,66.259,18.696,43.751
824,2026-04-13T17:09:00,50.735,20.002,27.16,33.153,40.418,2700.0,3684.2,16.614,18.439,22.371,0.20217,0.096562,342.66,77.347,6.8919,13.68,32.152,4471.5,23.553,48.234,49.992,80.293,2.3344,1.6428,3110.2,42.304,54.08,94.65,9.4308,61.876,38.076,39.734,2629.2,63.146,25.264,50.651,0.33707,8.8551,25.995,120.36,1.2767,74.518,23.35,2.3318,53.224,4.8873,238.52,0.021946,0.82169,66.247,18.413,43.751
825,2026-04-13T17:12:00,51.606,19.972,26.921,33.153,41.846,2701.6,3698.0,18.259,18.439,22.699,0.20248,0.096562,343.07,77.693,6.8919,13.68,32.152,4515.1,22.848,50.251,50.88,80.268,2.3344,1.6428,3105.8,42.375,53.559,94.541,9.5235,58.734,40.69,39.798,2631.5,62.908,24.733,50.487,0.33654,8.8551,25.995,120.43,1.2767,73.566,23.35,2.3318,53.224,4.8873,240.81,0.021946,0.82169,66.214,18.413,43.751
826,2026-04-13T17:15:00,49.711,25.722,26.621,33.592,40.794,2705.9,3685.2,17.896,18.358,22.256,0.25954,0.086832,342.83,77.691,6.7337,13.892,32.509,4503.3,22.992,45.864,49.796,80.467,2.2582,1.6455,3125.8,42.332,54.432,94.44,9.4004,62.595,37.5,38.508,2635.6,62.626,23.997,50.131,0.32419,8.8961,26.04,120.41,1.2331,74.407,23.772,2.2779,54.007,4.8599,240.93,0.022968,0.81475,66.205,18.31,43.145
827,2026-04-13T17:18:00,51.842,25.594,26.665,33.592,41.862,2706.6,3654.9,17.66,18.358,22.516,0.26083,0.086832,343.05,77.32,6.7337,13.892,32.509,4523.4,23.1,50.796,50.877,80.382,2.2582,1.6455,3134.2,42.223,54.192,94.449,9.4743,61.806,40.682,38.512,2635.9,63.148,27.162,50.261,0.32415,8.8961,26.04,120.42,1.2331,74.549,23.772,2.2779,54.007,4.8599,238.0,0.022968,0.81475,66.255,18.31,43.145
828,2026-04-13T17:21:00,50.732,22.012,26.899,33.631,40.964,2705.7,3680.8,17.639,18.298,22.377,0.22509,0.086832,343.22,77.362,6.7472,13.682,32.466,4528.7,23.106,48.228,48.368,80.199,2.2456,1.6182,3131.4,42.616,54.45,94.361,9.5715,61.969,33.298,41.666,2634.6,64.154,26.002,50.119,0.34441,8.869,26.261,120.41,1.2289,73.851,23.809,2.3864,54.007,4.7863,238.16,0.022968,0.81475,66.205,18.878,43.145
829,2026-04-13T17:24:00,49.7,22.182,27.165,33.631,41.625,2705.6,3723.3,16.675,18.298,22.372,0.22336,0.086832,343.1,77.208,6.7472,13.682,32.466,4557.9,23.517,45.84,49.08,80.203,2.2456,1.6182,3129.8,42.651,54.101,94.37,9.3275,63.63,35.393,40.859,2634.5,63.424,25.7,49.875,0.35102,8.869,26.261,120.41,1.2289,75.106,23.809,2.3864,54.007,4.7863,239.51,0.022968,0.81475,66.168,18.878,43.145
830,2026-04-13T17:27:00,50.936,22.273,26.746,33.705,41.538,2705.5,3709.3,16.016,18.894,22.465,0.22465,0.086832,343.25,77.315,6.7977,13.797,32.076,4512.4,23.795,48.7,49.673,80.142,2.2976,1.6628,3128.2,42.597,53.281,94.331,9.3786,64.515,37.136,38.66,2634.3,63.68,26.786,49.605,0.32243,8.9287,25.497,120.4,1.2612,75.753,23.731,2.2445,54.007,4.9106,241.13,0.022968,0.81475,66.138,18.433,43.145
831,2026-04-13T17:30:00,50.288,22.238,27.03,33.705,41.406,2705.2,3713.7,17.934,18.894,22.482,0.22501,0.10345,342.91,77.527,6.7977,13.797,32.076,4476.1,22.976,47.2,47.667,80.245,2.2976,1.6628,3132.2,42.292,53.716,94.383,9.4453,61.981,31.235,38.212,2634.9,63.604,26.277,49.488,0.32611,8.9287,25.497,120.39,1.2612,75.076,23.731,2.2445,53.554,4.9106,238.74,0.0091876,0.80534,66.118,18.433,43.335
832,2026-04-13T17:33:00,49.367,25.888,26.912,32.994,42.371,2707.3,3681.0,17.708,18.378,22.472,0.26162,0.10345,343.27,77.495,7.1819,13.876,32.234,4512.3,23.068,45.069,50.205,80.295,2.2773,1.6109,3130.2,42.314,54.396,94.198,9.3935,61.755,38.703,40.008,2635.9,63.827,24.146,49.246,0.33575,8.8351,25.993,120.43,1.3644,75.17,22.986,2.2443,53.554,4.9634,239.03,0.0091876,0.80534,66.097,19.138,43.335
833,2026-04-13T17:36:00,49.454,25.642,26.91,32.994,40.715,2706.1,3720.2,18.15,18.378,22.275,0.26412,0.10345,343.25,77.236,7.1819,13.876,32.234,4505.0,22.89,45.271,50.665,80.198,2.2773,1.6109,3131,42.685,54.483,94.453,9.2916,61.772,40.057,40.268,2635.1,63.152,24.21,49.388,0.33362,8.8351,25.993,120.38,1.3644,74.695,22.986,2.2443,53.554,4.9634,235.03,0.0091876,0.80534,66.105,19.138,43.335
