sample,timestamp,tag_01,tag_02,tag_03,tag_04,tag_05,tag_06,tag_07,tag_08,tag_09,tag_10,tag_11,tag_12,tag_13,tag_14,tag_15,tag_16,tag_17,tag_18,tag_19,tag_20,tag_21,tag_22,tag_23,tag_24,tag_25,tag_26,tag_27,tag_28,tag_29,tag_30,tag_31,tag_32,tag_33,tag_34,tag_35,tag_36,tag_37,tag_38,tag_39,tag_40,tag_41,tag_42,tag_43,tag_44,tag_45,tag_46,tag_47,tag_48,tag_49,tag_50,tag_51,tag_52
1,2026-04-15T21:00:00,49.565,23.322,26.454,33.229,42.618,2701.8,3658.5,19.277,18.726,21.528,0.23795,0.078782,339.98,77.282,6.98,13.819,31.816,4505.1,22.434,45.526,51.933,80.436,2.2587,1.7021,3101.4,42.439,53.616,94.405,9.3797,61.505,43.787,39.11,2630.7,63.067,25.054,47.931,0.33023,8.8927,26.271,120.42,1.4144,75.645,23.71,2.2595,54.389,4.8999,233.45,0.0068607,0.83837,65.945,18.738,43.598
2,2026-04-15T21:03:00,50.415,23.423,27.193,33.229,39.856,2699.3,3664.5,16.338,18.726,21.914,0.23693,0.078782,340.05,77.27,6.98,13.819,31.816,4520.0,23.679,47.494,50.471,80.144,2.2587,1.7021,3098.9,42.608,53.438,94.639,9.3009,62.216,39.487,39.242,2626.7,62.964,25.22,48.106,0.32915,8.8927,26.271,120.35,1.4144,75.774,23.71,2.2595,54.389,4.8999,232.31,0.0068607,0.83837,65.903,18.738,43.598
3,2026-04-15T21:06:00,48.931,28.289,26.901,32.729,42.07,2703.2,3667.5,17.187,18.575,21.811,0.28518,0.078782,340.36,77.608,7.1928,13.87,32.022,4473.2,23.308,44.06,50.1,80.377,2.2691,1.6489,3101.6,42.244,54.116,94.514,9.4092,62.907,38.395,40.341,2631.4,62.515,24.47,48.28,0.33899,8.7618,25.928,120.42,1.2964,74.96,23.611,2.324,54.389,4.9353,231.21,0.0068607,0.83837,65.917,18.609,43.598
4,2026-04-15T21:09:00,50.317,28.132,27.116,32.729,40.113,2704.2,3654.0,17.444,18.575,21.914,0.28677,0.078782,340.79,77.253,7.1928,13.87,32.022,4505.8,23.213,47.268,51.098,80.22,2.2691,1.6489,3103.0,42.354,53.726,94.649,9.4268,58.558,41.332,39.917,2632.2,62.747,25.566,48.256,0.34246,8.7618,25.928,120.36,1.2964,75.76,23.611,2.324,54.389,4.9353,232.31,0.0068607,0.83837,65.914,18.609,43.598
5,2026-04-15T21:12:00,51.266,26.271,26.942,32.746,40.985,2705.1,3603.7,18.835,18.654,22.22,0.27144,0.078782,341.7,77.315,7.0099,13.949,32.16,4492.3,22.628,49.463,51.137,80.174,2.2734,1.6332,3101.9,42.56,54.221,94.659,9.428,61.802,41.447,40.996,2634.3,61.552,24.072,48.208,0.34502,8.7826,26.04,120.37,1.187,74.742,24.022,2.2229,54.389,4.8597,233.71,0.0068607,0.83837,65.863,18.783,43.598
6,2026-04-15T21:15:00,49.997,26.646,26.727,32.746,40.389,2706.2,3562.6,18.096,18.654,22.447,0.26763,0.10788,341.98,77.403,7.0099,13.949,32.16,4545.3,22.941,46.526,49.909,80.024,2.2734,1.6332,3102.9,42.634,53.587,94.86,9.3579,62.059,37.831,40.8,2635.2,62.26,25.269,48.225,0.34663,8.7826,26.04,120.38,1.187,73.482,24.022,2.2229,53.976,4.8597,233.49,0.027916,0.82997,65.829,18.783,43.609
7,2026-04-15T21:18:00,50.355,25.286,27.141,32.839,39.96,2709.2,3618.7,17.68,18.565,22.701,0.25671,0.10788,341.88,77.221,6.815,13.738,32.26,4455.1,23.122,47.355,48.39,80.083,2.2953,1.6715,3105.4,42.446,54.255,94.657,9.3567,62.006,33.361,42.098,2638.5,62.693,26.789,48.02,0.35438,9.0622,26.552,120.38,1.3327,73.792,23.782,2.3606,53.976,4.799,236.3,0.027916,0.82997,65.828,18.595,43.609
8,2026-04-15T21:21:00,51.831,25.349,26.647,32.839,41.73,2711.1,3645.0,20.835,18.565,22.347,0.25608,0.10788,342.16,77.345,6.815,13.738,32.26,4493.7,21.789,50.772,48.484,80.122,2.2953,1.6715,3108.1,42.63,53.792,94.717,9.5589,61.659,33.64,41.83,2639.8,62.241,26.148,48.13,0.35658,9.0622,26.552,120.41,1.3327,74.04,23.782,2.3606,53.976,4.799,235.57,0.027916,0.82997,65.802,18.595,43.609
9,2026-04-15T21:24:00,49.855,24.76,27.294,32.61,41.256,2714.0,3671.4,17.167,18.646,22.872,0.24238,0.10788,342.83,77.579,6.6375,13.718,32.882,4527.7,23.326,46.198,48.46,80.096,2.2154,1.6224,3109.5,42.345,53.861,94.574,9.422,61.58,33.567,39.217,2642.5,63.467,24.051,48.369,0.33201,8.8154,26.803,120.43,1.1633,75.076,23.84,2.2424,53.976,4.8094,233.4,0.027916,0.82997,65.79,19.135,43.609
10,2026-04-15T21:27:00,48.353,24.31,27.062,32.61,41.724,2713.5,3673.9,18.84,18.646,22.366,0.24695,0.10788,342.69,77.459,6.6375,13.718,32.882,4534.8,22.621,42.722,51.38,80.107,2.2154,1.6224,3111.2,42.309,53.776,94.416,9.3982,61.416,42.16,39.354,2642.2,63.424,24.654,48.329,0.33089,8.8154,26.803,120.43,1.1633,74.897,23.84,2.2424,53.976,4.8094,234.34,0.027916,0.82997,65.796,19.135,43.609
11,2026-04-15T21:30:00,49.026,18.002,27.064,33.4,41.528,2713.4,3736.9,18.847,18.69,22.697,0.18281,0.081224,342.35,77.723,6.7521,13.832,31.98,4459.5,22.606,44.28,48.676,80.132,2.2997,1.662,3109.7,42.604,53.336,94.301,9.3759,60.903,34.204,38.953,2643.1,64.043,26.049,48.103,0.32847,8.8322,26.575,120.42,1.0746,75.066,23.783,2.2516,53.273,4.8465,234.91,0.026889,0.81813,65.809,18.93,42.574
12,2026-04-15T21:33:00,49.441,17.836,26.666,33.4,42.095,2712.8,3727.6,17.552,18.69,22.42,0.1845,0.081224,342.72,77.354,6.7521,13.832,31.98,4495.3,23.153,45.24,50.18,80.289,2.2997,1.662,3108.5,42.36,52.908,94.232,9.3873,64.43,38.63,39.015,2642.0,64.204,25.331,48.252,0.32796,8.8322,26.575,120.41,1.0746,74.083,23.783,2.2516,53.273,4.8465,232.64,0.026889,0.81813,65.846,18.93,42.574
13,2026-04-15T21:36:00,48.605,26.104,26.727,33.473,41.889,2709.0,3694.2,18.285,18.466,21.971,0.26971,0.081224,342.11,77.072,6.9531,13.704,32.567,4482.0,22.857,43.306,49.717,80.048,2.2328,1.6369,3106.9,42.68,53.527,94.366,9.2534,61.788,37.268,40.004,2637.9,63.949,23.189,48.102,0.34431,8.8517,26.207,120.43,1.4494,74.438,24.204,2.3073,53.273,4.7463,233.72,0.026889,0.81813,65.862,18.349,42.574
14,2026-04-15T21:39:00,47.825,26.429,26.851,33.473,41.384,2707.2,3722.7,18.879,18.466,22.353,0.2664,0.081224,342.74,77.03,6.9531,13.704,32.567,4502.8,22.617,41.5,50.804,79.82,2.2328,1.6369,3103.9,42.076,53.279,94.376,9.4977,62.456,40.466,40.286,2636.1,63.459,25.712,47.837,0.342,8.8517,26.207,120.41,1.4494,75.082,24.204,2.3073,53.273,4.7463,236.14,0.026889,0.81813,65.786,18.349,42.574
15,2026-04-15T21:42:00,49.4,20.45,26.851,33.508,41.281,2705.4,3654.8,18.867,17.993,22.422,0.21185,0.081224,342.95,76.903,7.1187,13.591,32.214,4524.0,22.636,45.146,50.97,79.704,2.2786,1.6321,3101.9,42.321,54.473,94.62,9.4095,59.125,40.955,38.51,2634.0,62.892,25.085,47.985,0.32782,8.8831,26.626,120.4,1.3872,75.313,24.145,2.2547,53.273,4.8462,233.98,0.026889,0.81813,65.706,18.495,42.574
16,2026-04-15T21:45:00,50.007,20.711,26.504,33.508,40.76,2708.6,3654.0,16.96,17.993,22.538,0.20919,0.092176,342.57,77.548,7.1187,13.591,32.214,4533.6,23.425,46.55,50.454,79.846,2.2786,1.6321,3103.1,42.437,54.357,94.575,9.4004,63.9,39.435,38.019,2637.7,62.907,25.539,47.469,0.33185,8.8831,26.626,120.37,1.3872,75.28,24.145,2.2547,53.311,4.8462,235.66,0.021572,0.82096,65.64,18.495,43.934
17,2026-04-15T21:48:00,50.906,23.553,26.824,33.176,41.462,2711.6,3613.0,19.786,18.341,22.447,0.24453,0.092176,342.46,77.634,6.8133,13.728,32.339,4566.6,22.223,48.632,49.656,80.107,2.3102,1.6119,3108.5,42.543,53.663,94.664,9.4378,61.629,37.089,37.168,2640.3,62.013,25.191,47.668,0.31188,8.8043,26.283,120.39,1.1505,74.236,24.215,2.2188,53.311,4.7494,231.3,0.021572,0.82096,65.683,18.724,43.934
18,2026-04-15T21:51:00,49.417,23.867,26.936,33.176,40.917,2715.8,3637.8,15.718,18.341,22.965,0.24134,0.092176,342.92,77.732,6.8133,13.728,32.339,4539.9,23.924,45.185,49.456,80.259,2.3102,1.6119,3110.9,42.534,53.982,94.618,9.2856,62.103,36.498,36.984,2645.5,61.587,26.66,47.512,0.31339,8.8043,26.283,120.4,1.1505,74.733,24.215,2.2188,53.311,4.7494,230.91,0.021572,0.82096,65.735,18.724,43.934
19,2026-04-15T21:54:00,50.303,22.597,27.197,33.139,41.034,2717.0,3689.6,19.404,18.236,22.877,0.2282,0.092176,342.48,77.455,7.0252,13.887,32.157,4492.9,22.373,47.236,48.426,80.256,2.2816,1.6921,3112.9,42.532,54.012,94.613,9.4525,60.969,33.469,38.5,2646.9,63.295,26.912,47.449,0.32908,8.8861,26.424,120.39,1.1808,75.209,24.262,2.2658,53.311,4.827,229.44,0.021572,0.82096,65.777,18.748,43.934
20,2026-04-15T21:57:00,50.687,22.497,26.499,33.139,41.826,2715.8,3731.3,18.411,18.236,22.621,0.22921,0.092176,342.86,77.135,7.0252,13.887,32.157,4506.1,22.803,48.125,51.298,80.031,2.2816,1.6921,3111.1,42.242,53.854,94.491,9.4022,60.649,41.918,38.452,2644.4,62.578,23.688,46.969,0.32948,8.8861,26.424,120.43,1.1808,74.629,24.262,2.2658,53.311,4.827,232.69,0.021572,0.82096,65.767,18.748,43.934
21,2026-04-15T22:00:00,49.416,24.09,26.927,33.118,40.797,2712.1,3612.3,19.83,18.518,22.336,0.24693,0.095478,342.85,76.943,6.8073,13.906,32.215,4498.2,22.218,45.182,49.676,79.773,2.2886,1.5944,3108.1,42.242,53.897,94.7,9.3967,62.441,37.148,40.807,2640.5,62.731,26.232,47.129,0.34495,8.8509,26.533,120.38,1.159,75.145,24.877,2.3634,53.669,4.9536,229.31,0.012912,0.82127,65.691,18.233,43.605
22,2026-04-15T22:03:00,49.364,23.946,26.523,33.118,41.311,2712.8,3600.2,19.842,18.518,22.625,0.24839,0.095478,343.05,77.263,6.8073,13.906,32.215,4528.2,22.211,45.062,50.562,79.725,2.2886,1.5944,3107.3,42.731,53.538,94.672,9.4043,62.04,39.753,40.489,2641.8,62.94,23.998,46.936,0.34755,8.8509,26.533,120.38,1.159,74.903,24.877,2.3634,53.669,4.9536,229.66,0.012912,0.82127,65.568,18.233,43.605
23,2026-04-15T22:06:00,48.363,23.703,26.945,32.788,40.843,2715.1,3705.0,18.652,17.91,22.971,0.23966,0.095478,343.27,77.206,6.8717,13.884,32.575,4562.9,22.719,42.745,49.336,79.778,2.2721,1.6752,3109.7,42.008,54.434,94.588,9.375,62.294,36.147,40.838,2644.3,63.015,24.304,46.844,0.34974,8.7813,26.871,120.39,1.2668,75.26,24.523,2.2098,53.669,4.8148,228.91,0.012912,0.82127,65.517,18.752,43.605
24,2026-04-15T22:09:00,50.246,23.569,26.647,32.788,41.646,2716.1,3703.8,16.923,17.91,22.598,0.24101,0.095478,343.27,77.559,6.8717,13.884,32.575,4600.3,23.437,47.103,48.093,79.869,2.2721,1.6752,3111.9,42.554,53.987,94.553,9.4641,60.235,32.487,41.075,2644.7,63.036,24.811,46.45,0.3478,8.7813,26.871,120.43,1.2668,74.269,24.523,2.2098,53.669,4.8148,231.52,0.012912,0.82127,65.495,18.752,43.605
25,2026-04-15T22:12:00,49.657,19.895,27.225,33.579,40.737,2717.5,3695.9,20.71,18.471,23.35,0.20441,0.095478,343.37,77.444,6.8529,13.699,32.124,4522.7,21.836,45.739,50.177,80.144,2.2847,1.6392,3112.2,42.01,53.69,94.481,9.3938,61.938,38.62,40.704,2647.4,62.647,24.897,46.645,0.34689,8.77,26.542,120.41,1.2024,74.629,24.278,2.3038,53.669,4.7317,227.51,0.012912,0.82127,65.519,18.417,43.605
26,2026-04-15T22:15:00,47.803,19.832,26.608,33.579,41.002,2715.1,3666.0,17.419,18.471,22.751,0.20506,0.08551,342.52,77.081,6.8529,13.699,32.124,4449.4,23.233,41.449,49.3,79.967,2.2847,1.6392,3110.2,42.323,54.568,94.517,9.2864,62.379,36.039,40.693,2644.2,63.162,25.96,46.572,0.34698,8.77,26.542,120.38,1.2024,75.95,24.278,2.3038,53.443,4.7317,226.29,0.03484,0.82053,65.562,18.417,43.355
27,2026-04-15T22:18:00,50.943,24.157,26.419,32.9,41.269,2714.1,3683.9,18.096,18.673,22.7,0.245,0.08551,342.93,77.208,6.7454,13.825,32.438,4587.0,22.951,48.715,49.81,79.797,2.1975,1.6156,3108.9,42.675,53.773,94.552,9.5063,60.05,37.542,38.449,2643.8,63.036,25.275,46.239,0.32431,8.8343,26.794,120.4,1.1301,75.364,24.479,2.3134,53.443,4.832,228.14,0.03484,0.82053,65.523,18.75,43.355
28,2026-04-15T22:21:00,50.378,24.065,26.743,32.9,40.826,2715.5,3647.2,17.206,18.673,22.647,0.24594,0.08551,342.6,77.46,6.7454,13.825,32.438,4571.2,23.317,47.409,49.25,79.877,2.1975,1.6156,3111.3,42.342,53.963,94.478,9.3484,61.238,35.892,38.304,2644.7,63.669,26.549,46.278,0.3255,8.8343,26.794,120.4,1.1301,74.73,24.479,2.3134,53.443,4.832,225.82,0.03484,0.82053,65.492,18.75,43.355
29,2026-04-15T22:24:00,49.035,21.017,26.603,32.598,41.633,2716.1,3724.0,19.427,18.214,22.602,0.21426,0.08551,342.51,77.495,6.8776,13.741,32.299,4503.4,22.374,44.302,48.955,80.063,2.2779,1.6647,3111.7,42.135,53.989,94.537,9.3447,61.408,35.024,39.982,2644.3,63.369,24.895,46.076,0.33868,8.9274,26.524,120.4,1.2148,74.83,24.312,2.2936,53.443,4.889,226.18,0.03484,0.82053,65.496,18.786,43.355
30,2026-04-15T22:27:00,50.695,21.159,27.027,32.598,41.397,2714.2,3715.1,16.239,18.214,22.66,0.21281,0.08551,342.39,77.02,6.8776,13.741,32.299,4505.2,23.729,48.142,49.871,80.022,2.2779,1.6647,3109.8,42.411,53.968,94.423,9.3134,59.309,37.719,40.324,2643.2,63.521,25.235,45.996,0.33588,8.9274,26.524,120.42,1.2148,74.738,24.312,2.2936,53.443,4.889,225.19,0.03484,0.82053,65.526,18.786,43.355
31,2026-04-15T22:30:00,49.272,22.119,26.943,32.907,40.73,2711.0,3643.0,18.392,18.515,22.737,0.22612,0.10649,342.11,77.052,6.9812,14.035,31.692,4526.5,22.826,44.849,49.544,79.857,2.2833,1.6756,3107.6,42.226,53.626,94.615,9.1971,63.069,36.758,38.523,2639.9,63.669,24.964,45.897,0.33167,8.8599,26.858,120.37,1.3968,74.431,24.083,2.2091,53.999,4.7706,223.9,0.01655,0.81948,65.469,18.531,44.421
32,2026-04-15T22:33:00,49.069,22.118,27.126,32.907,41.233,2709.6,3684.2,15.715,18.515,22.355,0.22613,0.10649,342.01,77.083,6.9812,14.035,31.692,4506.6,23.961,44.38,48.186,79.755,2.2833,1.6756,3106.4,42.548,53.865,94.608,9.3823,62.048,32.761,38.782,2637.9,62.96,25.828,45.808,0.32955,8.8599,26.858,120.41,1.3968,75.319,24.083,2.2091,53.999,4.7706,222.83,0.01655,0.81948,65.411,18.531,44.421
33,2026-04-15T22:36:00,48.179,28.165,27.118,32.941,40.053,2709.7,3651.5,20.421,18.036,22.285,0.28612,0.10649,341.93,77.22,6.9767,13.772,32.025,4518.5,21.98,42.319,48.549,79.803,2.1998,1.6381,3107.7,42.541,54.367,94.664,9.3438,61.937,33.829,42.932,2637.8,62.57,23.352,45.482,0.36094,8.8518,26.738,120.36,1.2238,75.215,24.078,2.3144,53.999,4.7757,224.47,0.01655,0.81948,65.372,18.935,44.421
34,2026-04-15T22:39:00,51.079,28.251,27.253,32.941,41.194,2712.6,3692.2,18.755,18.036,22.778,0.28525,0.10649,342.37,77.446,6.9767,13.772,32.025,4500.5,22.675,49.032,48.879,79.89,2.1998,1.6381,3108.0,42.396,54.583,94.706,9.2891,60.725,34.8,43.116,2641.0,61.869,23.91,45.647,0.35943,8.8518,26.738,120.39,1.2238,74.916,24.078,2.3144,53.999,4.7757,220.58,0.01655,0.81948,65.335,18.935,44.421
35,2026-04-15T22:42:00,49.295,25.37,26.709,33.308,41.437,2713.9,3645.9,20.559,18.119,22.534,0.25704,0.10649,342.36,77.084,6.9555,13.77,32.567,4492.9,21.927,44.903,50.805,79.99,2.248,1.6834,3109.0,42.526,53.69,94.668,9.4337,61.207,40.468,39.343,2642.5,62.614,25.744,45.155,0.33368,8.8194,26.862,120.37,1.225,75.313,24.394,2.2446,53.999,4.7373,224.05,0.01655,0.81948,65.332,18.354,44.421
36,2026-04-15T22:45:00,49.497,25.288,26.644,33.308,40.827,2713.1,3663.5,17.34,18.119,22.655,0.25788,0.083872,342.8,77.345,6.9555,13.77,32.567,4525.6,23.279,45.37,49.916,79.813,2.248,1.6834,3109.1,42.542,53.297,94.66,9.3459,61.885,37.853,39.361,2642.8,62.311,25.303,45.157,0.33354,8.8194,26.862,120.4,1.225,75.401,24.394,2.2446,53.644,4.7373,221.38,0.010725,0.82436,65.308,18.354,44.104
37,2026-04-15T22:48:00,48.748,20.172,26.756,32.86,41.522,2716.2,3633.8,18.678,18.059,22.853,0.20275,0.083872,342.68,77.423,6.9459,13.783,32.157,4540.5,22.706,43.636,49.894,80.079,2.2712,1.625,3110.3,41.988,54.568,94.658,9.355,60.787,37.787,39.168,2645.4,62.928,25.35,45.032,0.33396,8.7858,26.834,120.41,1.1301,75.423,24.417,2.3168,53.644,4.7691,220.48,0.010725,0.82436,65.313,18.914,44.104
38,2026-04-15T22:51:00,49.605,20.139,26.975,32.86,40.135,2714.7,3673.2,16.467,18.059,22.754,0.20308,0.083872,342.1,77.202,6.9459,13.783,32.157,4548.8,23.641,45.62,49.353,80.016,2.2712,1.625,3111.2,42.395,54.47,94.722,9.2582,61.837,36.197,39.595,2643.9,62.25,23.618,44.869,0.33046,8.7858,26.834,120.39,1.1301,74.789,24.417,2.3168,53.644,4.7691,220.0,0.010725,0.82436,65.324,18.914,44.104
39,2026-04-15T22:54:00,50.588,23.873,26.975,32.947,40.683,2714.8,3617.0,15.257,18.319,22.622,0.24084,0.083872,341.98,77.139,6.8613,13.696,32.262,4478.5,24.151,47.895,50.027,79.976,2.2689,1.6099,3111.4,42.575,53.96,94.597,9.3672,60.134,38.18,39.61,2643.9,63.236,23.836,44.829,0.33254,8.8101,26.247,120.4,1.273,75.048,24.17,2.288,53.644,4.7817,218.14,0.010725,0.82436,65.36,18.386,44.104
40,2026-04-15T22:57:00,50.423,23.766,26.676,32.947,40.859,2713.7,3627.3,19.87,18.319,22.54,0.24193,0.083872,342.02,77.179,6.8613,13.696,32.262,4497.9,22.207,47.512,49.527,79.922,2.2689,1.6099,3110.9,42.402,53.728,94.676,9.4129,60.956,36.708,39.362,2642.8,63.059,25.62,44.279,0.33457,8.8101,26.247,120.4,1.273,75.438,24.17,2.288,53.644,4.7817,222.01,0.010725,0.82436,65.292,18.386,44.104
41,2026-04-15T23:00:00,51.656,22.623,26.786,33.269,41.204,2715.8,3675.3,16.898,18.255,22.771,0.23287,0.09101,342.27,77.256,6.7617,13.848,31.506,4512.0,23.462,50.366,49.804,79.915,2.2707,1.6308,3109.9,42.408,54.877,94.578,9.2874,61.624,37.524,38.371,2644.7,62.955,26.28,44.557,0.32274,8.8616,26.532,120.42,1.3864,75.406,24.828,2.3283,52.661,4.7901,217.76,0.017116,0.83386,65.242,18.795,43.257
42,2026-04-15T23:03:00,50.058,22.813,27.105,33.269,40.699,2714.2,3671.0,18.066,18.255,22.302,0.23093,0.09101,341.84,77.047,6.7617,13.848,31.506,4503.5,22.974,46.667,52.215,79.918,2.2707,1.6308,3112.6,42.332,54.978,94.69,9.2986,59.993,44.618,38.379,2643.2,63.03,24.466,44.357,0.32268,8.8616,26.532,120.39,1.3864,75.269,24.828,2.3283,52.661,4.7901,218.25,0.017116,0.83386,65.209,18.795,43.257
43,2026-04-15T23:06:00,51.264,30.383,26.797,32.189,41.226,2714.6,3683.5,19.293,18.458,22.551,0.30652,0.09101,342.14,77.254,6.9856,13.621,31.939,4494.8,22.457,49.459,50.157,79.84,2.2871,1.648,3111.8,41.902,54.11,94.368,9.4136,59.39,38.563,40.367,2643.9,63.755,26.438,44.161,0.33909,8.8049,26.53,120.42,1.3588,75.048,24.49,2.3051,52.661,4.7986,218.72,0.017116,0.83386,65.171,18.357,43.257
44,2026-04-15T23:09:00,50.493,30.588,27.042,32.189,41.375,2714.6,3674.0,18.032,18.458,22.467,0.30444,0.09101,342.01,77.405,6.9856,13.621,31.939,4490.2,22.985,47.676,51.377,79.878,2.2871,1.648,3111.3,42.221,54.164,94.651,9.3377,61.022,42.154,40.301,2643.8,63.918,24.278,44.094,0.33963,8.8049,26.53,120.4,1.3588,74.744,24.49,2.3051,52.661,4.7986,217.74,0.017116,0.83386,65.156,18.357,43.257
45,2026-04-15T23:12:00,50.591,26.721,26.747,33.245,41.543,2715.9,3616.5,19.569,18.148,22.876,0.26964,0.09101,342.38,77.326,6.9731,13.705,32.19,4534.3,22.338,47.902,50.379,79.959,2.245,1.6695,3110.9,42.548,54.745,94.436,9.3673,59.267,39.216,36.837,2644.9,62.951,23.402,43.882,0.31705,8.857,26.806,120.42,1.1078,75.635,24.547,2.3452,52.661,4.7868,218.38,0.017116,0.83386,65.151,17.925,43.257
46,2026-04-15T23:15:00,51.237,26.663,27.004,33.245,40.838,2715.1,3641.9,18.147,18.148,22.526,0.27023,0.10862,342.51,77.086,6.9731,13.705,32.19,4547.0,22.95,49.398,50.233,79.808,2.245,1.6695,3110.6,42.357,54.593,94.707,9.4021,59.196,38.786,36.872,2643.4,62.514,26.795,44.133,0.31677,8.857,26.806,120.37,1.1078,75.785,24.547,2.3452,53.487,4.7868,216.44,0.014131,0.84173,65.132,17.925,43.805
47,2026-04-15T23:18:00,50.552,24.358,27.0,32.677,41.725,2714.7,3635.8,18.621,18.362,22.719,0.24764,0.10862,342.28,76.979,6.8635,13.671,31.88,4606.7,22.755,47.811,49.58,79.802,2.2166,1.7056,3111.0,42.511,55.045,94.665,9.4048,61.134,36.863,38.163,2643.3,62.637,23.242,43.885,0.32281,8.7667,26.791,120.43,1.2995,74.885,24.759,2.2091,53.487,4.7641,218.62,0.014131,0.84173,65.143,18.145,43.805
48,2026-04-15T23:21:00,50.562,24.376,27.08,32.677,40.259,2713.4,3678.3,17.478,18.362,22.633,0.24745,0.10862,342.24,77.076,6.8635,13.671,31.88,4604.7,23.244,47.834,51.859,79.602,2.2166,1.7056,3110.8,42.469,55.069,94.729,9.2725,61.316,43.572,37.792,2642.5,61.905,25.065,44.059,0.32585,8.7667,26.791,120.35,1.2995,75.145,24.759,2.2091,53.487,4.7641,216.13,0.014131,0.84173,65.068,18.145,43.805
49,2026-04-15T23:24:00,50.699,27.575,26.786,33.093,41.016,2715.3,3664.1,17.757,18.544,22.311,0.27806,0.10862,342.24,77.009,6.7668,13.7,32.128,4557.0,23.132,48.152,51.598,79.708,2.2227,1.6376,3112.6,42.443,55.226,94.566,9.3409,60.079,42.801,37.442,2643.9,63.077,25.042,43.752,0.31944,8.9817,26.595,120.41,1.3133,75.347,24.008,2.3171,53.487,4.8385,219.06,0.014131,0.84173,64.996,18.013,43.805
50,2026-04-15T23:27:00,51.05,27.419,26.733,33.093,40.809,2718.1,3661.1,15.512,18.544,22.765,0.27965,0.10862,342.73,77.784,6.7668,13.7,32.128,4587.7,24.05,48.963,51.28,79.972,2.2227,1.6376,3113.7,42.256,54.858,94.637,9.2838,62.751,41.866,37.274,2647.5,63.128,23.981,43.878,0.32081,8.9817,26.595,120.41,1.3133,75.957,24.008,2.3171,53.487,4.8385,217.08,0.014131,0.84173,65.031,18.013,43.805
51,2026-04-15T23:30:00,49.769,25.209,26.683,32.819,42.269,2720.5,3640.6,19.782,18.594,22.196,0.25807,0.09991,341.62,77.507,6.6859,14.026,32.368,4571.4,22.242,46.001,49.29,80.354,2.2594,1.6263,3117.2,42.336,55.495,94.319,9.3086,59.031,36.012,38.248,2649.3,64.392,25.161,44.165,0.31752,9.0295,26.809,120.46,1.2009,74.886,24.405,2.2503,53.823,4.7124,215.53,0.019642,0.84613,65.145,18.794,44.44
52,2026-04-15T23:33:00,50.73,25.262,26.664,32.819,41.684,2715.4,3678.6,17.258,18.594,22.207,0.25753,0.09991,341.21,76.999,6.6859,14.026,32.368,4582.9,23.319,48.223,50.214,80.048,2.2594,1.6263,3114.6,42.531,55.357,94.531,9.2877,61.052,38.728,37.971,2645.2,63.738,24.569,44.301,0.31978,9.0295,26.809,120.4,1.2009,74.934,24.405,2.2503,53.823,4.7124,214.33,0.019642,0.84613,65.214,18.794,44.44
53,2026-04-15T23:36:00,49.082,22.889,26.557,33.223,41.167,2711.1,3723.5,19.41,18.198,22.039,0.23385,0.09991,341.18,77.135,6.6823,13.753,31.94,4519.3,22.412,44.411,49.889,79.961,2.2442,1.646,3108.1,42.304,54.262,94.326,9.1261,60.023,37.773,42.301,2640.4,63.822,25.247,44.219,0.35641,8.7195,26.488,120.41,1.2064,75.243,24.282,2.2729,53.823,4.7422,215.62,0.019642,0.84613,65.204,18.751,44.44
54,2026-04-15T23:39:00,49.065,22.849,26.622,33.223,41.919,2706.2,3701.4,18.731,18.198,21.789,0.23427,0.09991,340.72,76.929,6.6823,13.753,31.94,4547.9,22.705,44.369,50.659,79.936,2.2442,1.646,3105.5,42.244,53.921,94.547,9.2045,60.633,40.038,42.192,2634.8,64.204,26.076,44.062,0.35731,8.7195,26.488,120.42,1.2064,74.859,24.282,2.2729,53.823,4.7422,217.77,0.019642,0.84613,65.205,18.751,44.44
55,2026-04-15T23:42:00,49.305,26.791,27.026,32.9,41.014,2701.7,3701.6,19.825,18.879,21.786,0.27777,0.09991,339.77,76.732,7.0988,13.83,32.245,4524.8,22.26,44.925,49.831,79.815,2.2485,1.6769,3102.0,42.343,54.303,94.511,9.2603,60.587,37.603,38.81,2630.7,64.417,25.42,44.107,0.32603,8.9668,26.405,120.38,1.2156,75.438,24.002,2.308,53.823,4.8223,217.65,0.019642,0.84613,65.181,18.757,44.44
56,2026-04-15T23:45:00,50.819,26.977,26.512,32.9,41.689,2699.0,3738.3,19.501,18.879,21.624,0.27588,0.10388,339.67,76.752,7.0988,13.83,32.245,4542.0,22.41,48.429,49.181,79.679,2.2485,1.6769,3098.3,42.125,54.097,94.505,9.0734,63.018,35.69,38.365,2627.0,63.786,23.724,44.246,0.32968,8.9668,26.405,120.41,1.2156,75.441,24.002,2.308,53.653,4.8223,217.95,0.016659,0.84736,65.122,18.757,44.773
57,2026-04-15T23:48:00,49.675,24.301,26.611,32.397,39.518,2695.8,3560.5,18.191,18.437,21.542,0.24603,0.10388,339.72,76.784,7.0226,13.926,32.057,4542.6,22.971,45.782,48.882,79.65,2.2225,1.592,3094.4,42.027,54.079,94.861,9.325,59.15,34.809,39.411,2623.4,63.185,27.735,44.236,0.33754,8.7816,26.399,120.35,1.3506,74.513,24.358,2.255,53.653,4.7868,219.13,0.016659,0.84736,65.069,18.742,44.773
58,2026-04-15T23:51:00,50.446,24.288,26.648,32.397,41.523,2699.3,3570.8,19.719,18.437,21.959,0.24617,0.10388,339.46,77.46,7.0226,13.926,32.057,4555.7,22.307,47.565,51.062,80.024,2.2225,1.592,3095.3,42.126,53.921,94.742,9.2482,61.113,41.225,39.775,2627.3,63.007,26.073,44.506,0.33456,8.7816,26.399,120.43,1.3506,75.585,24.358,2.255,53.653,4.7868,217.14,0.016659,0.84736,65.109,18.742,44.773
59,2026-04-15T23:54:00,49.181,26.014,26.63,32.616,39.489,2702.8,3641.4,19.209,18.755,21.651,0.26586,0.10388,339.44,77.806,6.9346,13.829,32.299,4519.6,22.5,44.639,52.66,80.442,2.2291,1.6133,3099.8,41.99,54.396,94.853,9.3354,60.502,45.928,41.243,2630.9,62.293,26.71,44.553,0.34428,8.9485,26.371,120.36,1.3469,75.117,23.801,2.3077,53.653,4.8055,217.57,0.016659,0.84736,65.231,18.901,44.773
60,2026-04-15T23:57:00,49.336,26.052,27.155,32.616,41.632,2702.3,3648.6,17.749,18.755,21.902,0.26548,0.10388,338.94,77.647,6.9346,13.829,32.299,4575.1,23.11,44.997,50.596,80.456,2.2291,1.6133,3100.8,42.541,53.732,94.686,9.2804,61.435,39.854,41.499,2631.2,62.169,24.288,44.676,0.34218,8.9485,26.371,120.41,1.3469,75.695,23.801,2.3077,53.653,4.8055,217.04,0.016659,0.84736,65.362,18.901,44.773
61,2026-04-16T00:00:00,49.007,23.75,26.665,32.875,39.988,2701.2,3637.2,15.818,18.876,21.57,0.24215,0.10348,338.96,77.332,6.8889,13.925,31.842,4501.6,23.926,44.236,48.024,80.496,2.2462,1.6308,3099.8,42.336,54.215,94.739,9.2191,60.013,32.285,40.189,2629.6,63.045,26.129,44.557,0.3323,8.9021,26.691,120.38,1.3276,75.322,23.934,2.3193,54.259,4.8255,219.81,0.02185,0.85872,65.452,19.126,43.74
62,2026-04-16T00:03:00,50.276,23.815,26.811,32.875,41.312,2698.8,3637.2,19.006,18.876,21.144,0.2415,0.10348,338.53,76.908,6.8889,13.925,31.842,4516.1,22.595,47.174,48.989,80.336,2.2462,1.6308,3098.6,42.657,54.042,94.784,9.2396,60.317,35.124,40.027,2626.0,63.045,23.487,44.755,0.33362,8.9021,26.691,120.39,1.3276,75.29,23.934,2.3193,54.259,4.8255,218.7,0.02185,0.85872,65.489,19.126,43.74
63,2026-04-16T00:06:00,49.908,28.281,26.88,32.444,40.208,2694.6,3649.9,18.631,19.039,21.293,0.28703,0.10348,338.44,76.843,6.8265,13.718,31.843,4486.2,22.769,46.32,49.492,79.998,2.2224,1.6015,3095.3,42.556,53.806,94.734,9.4206,61.626,36.605,41.298,2622.7,63.199,25.005,44.745,0.34493,8.8053,26.221,120.38,1.2739,75.899,24.16,2.2685,54.259,4.9174,219.98,0.02185,0.85872,65.415,18.909,43.74
64,2026-04-16T00:09:00,49.632,28.323,26.723,32.444,40.74,2693.4,3667.0,16.613,19.039,21.177,0.28661,0.10348,338.62,77.176,6.8265,13.718,31.843,4495.4,23.619,45.683,48.751,79.944,2.2224,1.6015,3094.1,42.147,53.696,94.796,9.2569,60.392,34.423,41.14,2621.2,62.905,26.271,44.894,0.34623,8.8053,26.221,120.39,1.2739,75.091,24.16,2.2685,54.259,4.9174,219.52,0.02185,0.85872,65.342,18.909,43.74
65,2026-04-16T00:12:00,48.185,28.761,26.96,32.787,40.866,2696.4,3667.3,19.964,18.995,21.518,0.28911,0.10348,338.99,77.267,6.912,13.625,31.817,4476.2,22.202,42.333,49.095,80.235,2.2494,1.6845,3095.3,42.156,54.418,94.685,9.3372,59.444,35.436,38.264,2624.8,63.47,24.868,45.143,0.32425,8.8869,26.886,120.44,1.228,75.022,23.519,2.2134,54.259,4.8109,217.91,0.02185,0.85872,65.347,19.208,43.74
66,2026-04-16T00:15:00,49.473,28.588,26.198,32.787,40.423,2695.5,3649.6,16.897,18.995,20.96,0.29087,0.11032,338.5,77.218,6.912,13.625,31.817,4534.9,23.501,45.315,49.934,80.171,2.2494,1.6845,3095.0,42.282,53.716,94.681,9.1989,60.084,37.905,38.665,2623.5,63.775,25.472,45.429,0.32097,8.8869,26.886,120.41,1.228,74.786,23.519,2.2134,53.004,4.8109,219.48,0.016419,0.85345,65.359,19.208,42.729
67,2026-04-16T00:18:00,49.89,29.154,26.607,32.569,41.337,2696.0,3668.0,15.824,18.706,21.229,0.29749,0.11032,338.75,77.656,6.908,13.767,31.633,4494.1,23.932,46.28,49.267,80.368,2.2172,1.6636,3096.8,42.156,53.423,94.731,9.2131,62.236,35.944,37.371,2624.9,62.721,26.457,45.393,0.30928,8.9076,26.365,120.4,1.4173,75.521,23.375,2.2627,53.004,4.8388,222.57,0.016419,0.85345,65.405,19.324,42.729
68,2026-04-16T00:21:00,49.792,29.352,26.932,32.569,41.137,2698.9,3646.8,15.379,18.706,21.286,0.29548,0.11032,338.16,77.624,6.908,13.767,31.633,4468.2,24.108,46.052,49.651,80.658,2.2172,1.6636,3098.9,42.506,53.733,94.474,9.2923,60.479,37.072,37.388,2626.5,63.085,25.555,45.819,0.30915,8.9076,26.365,120.41,1.4173,75.392,23.375,2.2627,53.004,4.8388,220.41,0.016419,0.85345,65.537,19.324,42.729
69,2026-04-16T00:24:00,48.989,31.476,27.07,32.782,41.564,2696.5,3680.5,18.735,18.995,21.757,0.31911,0.11032,338.97,77.159,6.8007,13.967,31.7,4477.1,22.71,44.195,50.532,80.421,2.2251,1.6237,3096.1,41.993,53.257,94.728,9.2907,63.162,39.666,39.195,2625.1,62.514,27.51,45.92,0.32403,9.0481,26.279,120.42,1.1922,74.429,23.528,2.2525,53.004,4.7331,221.87,0.016419,0.85345,65.62,19.155,42.729
70,2026-04-16T00:27:00,49.521,31.683,26.582,32.782,40.637,2696.1,3651.9,19.504,18.995,21.498,0.31701,0.11032,338.99,77.401,6.8007,13.967,31.7,4466.3,22.38,45.425,49.158,80.37,2.2251,1.6237,3096.0,42.374,53.387,94.592,9.3775,60.677,35.621,38.552,2624.8,63.006,26.514,46.09,0.3293,9.0481,26.279,120.42,1.1922,74.963,23.528,2.2525,53.004,4.7331,222.58,0.016419,0.85345,65.639,19.155,42.729
71,2026-04-16T00:30:00,49.841,31.2,26.839,32.463,40.767,2696.3,3683.3,18.535,19.14,21.762,0.31984,0.095389,339.66,77.408,6.8376,13.807,32.194,4479.1,22.783,46.165,50.638,80.397,2.2431,1.6609,3094.4,41.79,53.571,94.674,9.2859,60.038,39.977,41.748,2624.7,63.433,24.482,46.118,0.34764,9.0175,26.248,120.41,1.078,74.964,23.904,2.3941,54.381,5.0067,223.78,0.011779,0.86571,65.663,18.915,43.73
72,2026-04-16T00:33:00,49.775,31.274,27.018,32.463,41.082,2692.7,3695.8,15.112,19.14,21.195,0.31909,0.095389,338.88,77.166,6.8376,13.807,32.194,4539.4,24.235,46.013,48.103,80.254,2.2431,1.6609,3093.6,42.594,52.849,94.587,9.2116,60.663,32.519,42.002,2620.3,63.218,26.96,46.131,0.34556,9.0175,26.248,120.4,1.078,75.892,23.904,2.3941,54.381,5.0067,225.73,0.011779,0.86571,65.659,18.915,43.73
73,2026-04-16T00:36:00,50.604,26.937,26.779,32.655,41.465,2692.0,3665.0,18.344,18.806,21.686,0.27275,0.095389,339.96,77.189,7.0553,14.022,32.251,4473.5,22.876,47.931,49.331,80.319,2.2625,1.6839,3090.1,42.001,54.185,94.655,9.2129,59.427,36.131,39.869,2620.5,63.483,25.896,46.401,0.32866,8.9739,26.236,120.41,1.2627,75.219,23.641,2.3858,54.381,4.912,224.85,0.011779,0.86571,65.666,18.66,43.73
74,2026-04-16T00:39:00,49.017,27.029,26.492,32.655,41.181,2691.0,3693.0,17.693,18.806,21.338,0.27182,0.095389,339.57,77.276,7.0553,14.022,32.251,4497.7,23.145,44.26,49.077,80.341,2.2625,1.6839,3090.2,42.375,53.895,94.601,9.3104,60.859,35.383,39.569,2619.3,63.001,24.336,46.477,0.33112,8.9739,26.236,120.4,1.2627,74.586,23.641,2.3858,54.381,4.912,226.11,0.011779,0.86571,65.677,18.66,43.73
75,2026-04-16T00:42:00,49.808,26.404,26.791,32.798,41.37,2690.1,3593.2,16.394,19.229,21.342,0.26635,0.095389,339.08,77.32,6.864,13.843,31.71,4510.5,23.692,46.09,50.795,80.358,2.2407,1.6665,3089.5,42.509,54.366,94.689,9.2978,61.709,40.438,42.734,2618.7,62.749,23.336,46.749,0.35351,8.9253,25.98,120.38,1.4326,74.992,23.366,2.2778,54.381,4.9567,225.16,0.011779,0.86571,65.705,18.934,43.73
76,2026-04-16T00:45:00,50.763,25.994,27.146,32.798,39.923,2689.4,3619.4,19.527,19.229,21.241,0.27052,0.10027,339.19,77.03,6.864,13.843,31.71,4480.1,22.384,48.299,49.401,80.234,2.2407,1.6665,3089.9,42.752,54.73,94.905,9.3117,61.474,36.339,42.422,2616.7,62.298,27.198,47.105,0.35606,8.9253,25.98,120.4,1.4326,75.719,23.366,2.2778,53.391,4.9567,227.27,0.0063436,0.87661,65.718,18.934,43.571
77,2026-04-16T00:48:00,49.674,31.642,26.746,32.607,41.436,2693.2,3682.3,17.839,18.971,21.564,0.32196,0.10027,339.3,77.544,6.987,13.887,32.408,4542.4,23.08,45.78,50.568,80.429,2.2529,1.7007,3092.0,42.237,53.308,94.699,9.2044,62.413,39.77,40.124,2621.7,62.821,24.155,47.308,0.33689,8.9933,25.935,120.42,1.3681,75.349,23.409,2.4125,53.391,4.8369,228.83,0.0063436,0.87661,65.734,19.118,43.571
78,2026-04-16T00:51:00,50.735,31.634,27.288,32.607,40.875,2694.2,3619.3,17.213,18.971,21.511,0.32205,0.10027,339.29,77.67,6.987,13.887,32.408,4452.1,23.332,48.234,51.129,80.562,2.2529,1.7007,3094.3,42.352,54.388,94.552,9.2798,60.471,41.422,40.032,2623.7,63.905,25.604,47.7,0.33764,8.9933,25.935,120.4,1.3681,74.522,23.409,2.4125,53.391,4.8369,228.22,0.0063436,0.87661,65.821,19.118,43.571
79,2026-04-16T00:54:00,49.572,25.252,26.832,33.02,41.081,2693.3,3639.4,17.721,19.162,21.407,0.25462,0.10027,339.33,77.316,6.8301,13.866,32.179,4500.5,23.122,45.543,50.712,80.555,2.3018,1.6926,3092.8,42.574,53.313,94.725,9.4155,62.321,40.194,40.843,2620.8,62.438,24.213,47.798,0.34115,9.1067,25.925,120.39,1.4501,74.338,23.285,2.2363,53.391,4.9179,230.85,0.0063436,0.87661,65.886,19.133,43.571
80,2026-04-16T00:57:00,50.032,25.251,27.025,33.02,40.884,2690.3,3631.9,21.191,19.162,21.704,0.25463,0.10027,340.2,76.986,6.8301,13.866,32.179,4490.9,21.678,46.608,50.933,80.243,2.3018,1.6926,3089.7,42.315,53.428,94.622,9.3205,60.931,40.847,40.648,2618.7,62.567,24.58,48.01,0.34275,9.1067,25.925,120.39,1.4501,74.55,23.285,2.2363,53.391,4.9179,232.23,0.0063436,0.87661,65.907,19.133,43.571
81,2026-04-16T01:00:00,50.616,27.117,27.384,32.942,40.478,2691.6,3686.4,18.181,19.264,21.901,0.27783,0.092298,340.23,77.647,6.8983,14.141,32.304,4478.0,22.929,47.959,50.368,80.26,2.3294,1.6723,3089.4,42.3,53.487,94.859,9.2937,62.912,39.184,40.547,2620.0,62.981,25.545,48.593,0.3396,8.8276,25.709,120.4,1.2791,74.359,23.911,2.3559,53.002,4.9336,233.33,0.040525,0.84653,65.88,19.442,44.119
82,2026-04-16T01:03:00,48.422,27.224,26.921,32.942,41.088,2694.1,3704.5,18.329,19.264,21.559,0.27675,0.092298,339.87,77.664,6.8983,14.141,32.304,4459.5,22.855,42.881,50.112,80.546,2.3294,1.6723,3093.0,42.38,53.709,94.447,9.3808,61.373,38.43,40.299,2622.8,62.668,24.87,48.874,0.34163,8.8276,25.709,120.41,1.2791,74.524,23.911,2.3559,53.002,4.9336,235.57,0.040525,0.84653,65.962,19.442,44.119
83,2026-04-16T01:06:00,50.349,26.179,27.122,33.064,40.945,2691.4,3646.5,17.778,19.051,21.792,0.26212,0.092298,340.02,77.31,6.88,13.868,32.494,4448.8,23.095,47.341,49.644,80.457,2.3082,1.671,3089.9,42.695,52.995,94.671,9.4539,59.765,37.053,44.37,2619.1,63.086,25.725,49.403,0.37077,9.0509,26.152,120.38,1.3287,74.742,23.133,2.319,53.002,4.8948,234.93,0.040525,0.84653,66.064,19.175,44.119
84,2026-04-16T01:09:00,48.701,26.084,27.096,33.064,41.167,2690.7,3631.8,18.228,19.051,21.686,0.26309,0.092298,340.22,77.641,6.88,13.868,32.494,4475.7,22.892,43.528,49.284,80.483,2.3082,1.671,3089.5,42.297,52.673,94.588,9.3667,63.244,35.994,44.542,2620.0,63.339,24.027,49.606,0.36936,9.0509,26.152,120.43,1.3287,74.537,23.133,2.319,53.002,4.8948,238.0,0.040525,0.84653,66.123,19.175,44.119
85,2026-04-16T01:12:00,49.018,24.114,27.221,32.702,40.785,2690.4,3659.7,18.239,19.249,21.756,0.24202,0.092298,340.65,77.019,6.7862,13.941,32.051,4479.1,22.904,44.26,50.58,80.374,2.2523,1.6528,3089.4,42.368,53.197,94.719,9.4039,62.305,39.808,40.968,2618.3,63.014,26.205,50.133,0.34105,8.9975,26.36,120.38,1.2602,74.424,23.126,2.404,53.002,4.8366,237.38,0.040525,0.84653,66.153,19.13,44.119
86,2026-04-16T01:15:00,50.35,23.86,26.714,32.702,41.199,2689.8,3687.1,16.637,19.249,21.284,0.2446,0.093406,340.4,77.721,6.7862,13.941,32.051,4445.2,23.564,47.345,49.801,80.335,2.2523,1.6528,3090.0,42.298,53.602,94.66,9.3254,61.367,37.514,40.984,2618.7,62.542,26.413,49.769,0.34091,8.9975,26.36,120.4,1.2602,75.189,23.126,2.404,53.581,4.8366,238.68,0.0071596,0.8581,66.15,19.13,43.705
87,2026-04-16T01:18:00,50.302,28.032,27.102,32.607,42.122,2693.8,3693.7,18.229,18.786,21.766,0.286,0.093406,340.64,77.561,6.8327,13.748,32.306,4461.5,22.885,47.234,49.453,80.598,2.3165,1.6527,3093.0,42.551,53.456,94.564,9.2865,61.675,36.491,41.661,2622.3,63.297,25.662,49.966,0.35236,9.0585,25.941,120.43,1.2491,74.971,23.254,2.2647,53.581,4.9394,238.21,0.0071596,0.8581,66.212,18.589,43.705
88,2026-04-16T01:21:00,50.957,28.118,26.68,32.607,41.442,2694.1,3689.4,21.801,18.786,21.618,0.28513,0.093406,340.68,77.507,6.8327,13.748,32.306,4469.7,21.379,48.749,49.825,80.582,2.3165,1.6527,3091.8,42.284,53.357,94.539,9.456,60.746,37.584,42.173,2622.6,63.371,26.584,49.937,0.34816,9.0585,25.941,120.44,1.2491,74.181,23.254,2.2647,53.581,4.9394,240.23,0.0071596,0.8581,66.286,18.589,43.705
89,2026-04-16T01:24:00,49.536,25.648,26.628,32.983,41.354,2693.0,3668.1,20.637,19.039,21.678,0.26106,0.093406,341.17,77.403,6.8248,13.998,33.048,4533.2,21.872,45.461,50.318,80.472,2.2715,1.6695,3091.6,42.216,53.909,94.408,9.3599,61.818,39.036,39.153,2622.5,63.398,24.116,50.228,0.33075,8.9631,25.933,120.4,1.1429,74.394,23.468,2.2987,53.581,4.8418,238.67,0.0071596,0.8581,66.301,18.521,43.705
90,2026-04-16T01:27:00,49.371,25.849,26.991,32.983,42.023,2694.3,3693.5,19.214,19.039,22.163,0.25901,0.093406,341.41,77.222,6.8248,13.998,33.048,4495.2,22.473,45.079,48.74,80.483,2.2715,1.6695,3091.9,42.101,54.365,94.57,9.394,61.777,34.393,39.311,2623.5,62.96,24.521,50.272,0.32945,8.9631,25.933,120.42,1.1429,74.968,23.468,2.2987,53.581,4.8418,239.91,0.0071596,0.8581,66.305,18.521,43.705
91,2026-04-16T01:30:00,49.223,18.132,26.769,33.219,40.831,2692.9,3703.9,20.432,18.678,22.159,0.18393,0.10262,341.07,77.545,7.0801,13.995,32.732,4519.9,21.95,44.736,49.247,80.432,2.2611,1.6615,3089.5,42.304,54.272,94.51,9.403,61.742,35.884,42.691,2621.8,62.9,25.853,50.723,0.35716,9.1023,26.474,120.39,1.1981,74.911,23.308,2.3181,53.63,4.8745,240.21,0.017348,0.85248,66.303,19.207,43.728
92,2026-04-16T01:33:00,49.123,18.064,26.975,33.219,41.578,2691.1,3700.4,17.04,18.678,21.675,0.18463,0.10262,340.83,77.481,7.0801,13.995,32.732,4497.1,23.378,44.504,48.979,80.38,2.2611,1.6615,3089.6,42.259,54.545,94.496,9.3638,60.923,35.095,42.786,2619.5,62.961,22.85,50.685,0.35638,9.1023,26.474,120.42,1.1981,74.56,23.308,2.3181,53.63,4.8745,243.94,0.017348,0.85248,66.324,19.207,43.728
93,2026-04-16T01:36:00,49.895,20.163,26.838,32.758,40.043,2689.6,3617.2,14.84,18.587,21.604,0.20973,0.10262,340.34,76.978,6.8996,13.97,32.586,4476.8,24.326,46.291,49.748,80.225,2.2595,1.6658,3087.5,42.409,53.09,94.684,9.3827,62.081,37.357,42.554,2617.3,62.088,24.394,51.057,0.35988,8.7927,25.482,120.36,1.3351,74.533,23.506,2.4175,53.63,4.9645,243.09,0.017348,0.85248,66.308,18.739,43.728
94,2026-04-16T01:39:00,51.428,20.5,27.112,32.758,41.295,2691.3,3587.2,20.269,18.587,21.72,0.2063,0.10262,340.81,77.579,6.8996,13.97,32.586,4451.0,22.025,49.838,49.356,80.264,2.2595,1.6658,3088.7,42.32,53.399,94.939,9.5363,61.99,36.204,43.012,2619.1,62.603,25.787,51.167,0.35613,8.7927,25.482,120.41,1.3351,74.233,23.506,2.4175,53.63,4.9645,245.18,0.017348,0.85248,66.296,18.739,43.728
95,2026-04-16T01:42:00,51.072,21.208,26.887,33.056,40.348,2692.6,3651.2,17.854,18.4,21.477,0.2176,0.10262,340.38,77.302,6.7813,13.964,32.32,4492.6,23.052,49.015,52.683,80.288,2.2471,1.6753,3091.6,42.657,54.016,94.702,9.5622,61.635,45.996,42.929,2620.7,62.984,24.138,51.36,0.35323,8.9943,25.993,120.38,1.3388,74.257,23.252,2.2676,53.63,4.9174,246.32,0.017348,0.85248,66.318,19.52,43.728
96,2026-04-16T01:45:00,48.356,21.432,26.522,33.056,40.82,2697.3,3655.4,15.385,18.4,21.749,0.21531,0.092509,340.76,78.156,6.7813,13.964,32.32,4504.2,24.058,42.73,49.689,80.588,2.2471,1.6753,3095.1,42.088,53.877,94.689,9.4654,60.525,37.186,42.534,2625.8,62.91,23.538,51.634,0.35646,8.9943,25.993,120.4,1.3388,74.574,23.252,2.2676,53.465,4.9174,245.3,0.010673,0.83439,66.353,19.52,44.067
97,2026-04-16T01:48:00,49.165,23.504,26.929,32.985,41.922,2700.3,3684.7,18.96,18.999,21.878,0.24012,0.092509,340.86,77.949,6.858,13.843,32.519,4422.5,22.541,44.601,52.66,80.791,2.2923,1.6426,3098.3,42.248,52.88,94.471,9.4442,63.156,45.928,42.781,2628.8,63.483,23.705,52.046,0.35489,8.8988,26.235,120.42,1.1826,75.112,23.552,2.3256,53.465,4.882,243.34,0.010673,0.83439,66.477,18.671,44.067
98,2026-04-16T01:51:00,49.246,23.627,26.986,32.985,40.694,2697.4,3685.4,18.347,18.999,21.432,0.23887,0.092509,340.72,77.414,6.858,13.843,32.519,4423.3,22.815,44.789,50.951,80.551,2.2923,1.6426,3096.7,42.754,52.87,94.467,9.4373,61.078,40.9,42.711,2626.0,63.472,24.155,51.981,0.35547,8.8988,26.235,120.4,1.1826,74.346,23.552,2.3256,53.465,4.882,246.7,0.010673,0.83439,66.543,18.671,44.067
99,2026-04-16T01:54:00,51.007,21.276,27.254,32.893,41.191,2697.6,3670.3,17.639,18.906,22.015,0.21949,0.092509,341.11,77.371,6.9283,13.987,31.66,4474.8,23.114,48.865,50.723,80.348,2.2596,1.6553,3095.6,42.833,54.284,94.664,9.4579,62.956,40.227,41.19,2625.9,63.117,25.378,52.1,0.34239,8.8569,26.132,120.41,1.4156,74.198,23.811,2.3683,53.465,4.8514,248.04,0.010673,0.83439,66.507,18.863,44.067
100,2026-04-16T01:57:00,50.114,21.688,26.905,32.893,40.863,2698.1,3635.7,18.274,18.906,21.788,0.2153,0.092509,341.34,77.548,6.9283,13.987,31.66,4508.7,22.84,46.797,51.579,80.431,2.2596,1.6553,3097.2,42.648,53.878,94.42,9.4848,62.305,42.747,41.16,2626.4,63.714,24.678,52.364,0.34263,8.8569,26.132,120.4,1.4156,74.319,23.811,2.3683,53.465,4.8514,247.78,0.010673,0.83439,66.517,18.863,44.067
101,2026-04-16T02:00:00,51.725,29.976,27.09,33.08,41.872,2700.6,3665.8,18.722,18.603,21.671,0.29915,0.086102,341.4,77.282,6.9071,13.755,32.151,4490.0,22.663,50.525,51.034,80.25,2.3263,1.6838,3099.4,42.132,53.633,94.685,9.4237,62.604,41.143,42.841,2628.1,62.568,26.64,51.986,0.36142,8.9989,26.189,120.4,1.2165,75.059,23.901,2.346,53.117,4.9749,249.67,0.020984,0.83221,66.511,18.864,44.664
102,2026-04-16T02:03:00,49.051,29.771,27.08,33.08,40.748,2702.8,3654.1,17.694,18.603,22.209,0.30124,0.086102,342.14,77.736,6.9071,13.755,32.151,4442.9,23.085,44.339,50.69,80.216,2.3263,1.6838,3100.0,42.354,54.196,94.492,9.3783,61.177,40.131,42.716,2631.2,62.77,25.112,52.255,0.36244,8.9989,26.189,120.38,1.2165,75.244,23.901,2.346,53.117,4.9749,247.18,0.020984,0.83221,66.448,18.864,44.664
103,2026-04-16T02:06:00,50.375,25.289,26.932,32.851,41.467,2707.0,3654.5,16.142,18.904,22.288,0.25784,0.086102,342.59,77.741,7.0203,13.735,31.98,4480.3,23.728,47.402,49.926,80.465,2.2664,1.6674,3104.7,42.235,53.731,94.559,9.5601,63.001,37.883,39.92,2636.0,62.915,26.886,52.243,0.33514,9.0674,26.801,120.42,1.3209,73.954,23.73,2.4409,53.117,4.9711,247.81,0.020984,0.83221,66.466,18.727,44.664
104,2026-04-16T02:09:00,50.897,25.6,27.307,32.851,41.128,2708.8,3662.1,16.637,18.904,22.54,0.25467,0.086102,343.08,77.524,7.0203,13.735,31.98,4488.2,23.521,48.609,50.921,80.416,2.2664,1.6674,3105.3,42.668,53.637,94.439,9.5713,59.384,40.811,40.088,2637.8,62.784,26.445,52.096,0.33377,9.0674,26.801,120.39,1.3209,74.632,23.73,2.4409,53.117,4.9711,249.95,0.020984,0.83221,66.507,18.727,44.664
105,2026-04-16T02:12:00,48.014,27.378,26.71,33.3,41.078,2709.8,3622.3,19.943,18.629,22.43,0.27209,0.086102,343.41,77.631,6.9615,13.811,31.682,4529.2,22.124,41.938,51.772,80.28,2.2496,1.6434,3107.1,42.543,53.479,94.569,9.5313,61.988,43.314,39.257,2639.5,62.399,26.889,52.532,0.33509,8.7949,26.167,120.41,1.3787,74.626,23.878,2.2698,53.117,4.8549,245.54,0.020984,0.83221,66.498,18.491,44.664
106,2026-04-16T02:15:00,49.926,27.301,26.921,33.3,41.643,2712.8,3620.7,18.541,18.629,23.064,0.27287,0.087065,344.12,77.413,6.9615,13.811,31.682,4501.7,22.721,46.362,50.793,80.166,2.2496,1.6434,3107.6,42.344,53.807,94.557,9.4945,61.26,40.435,39.456,2642.6,62.427,25.071,52.321,0.33346,8.7949,26.167,120.39,1.3787,74.188,23.878,2.2698,53.172,4.8549,247.75,0.026574,0.79214,66.491,18.491,44.473
107,2026-04-16T02:18:00,49.382,30.445,27.435,33.104,41.461,2715.5,3619.2,18.411,18.326,23.248,0.30602,0.087065,344.14,77.879,6.9069,13.805,32.085,4495.4,22.761,45.103,50.86,80.144,2.2789,1.6571,3110.2,42.251,54.49,94.477,9.4136,61.978,40.63,40.312,2645.4,62.866,23.384,52.268,0.34253,8.6652,25.906,120.41,1.363,74.925,23.873,2.2713,53.172,4.8998,248.59,0.026574,0.79214,66.422,18.707,44.473
108,2026-04-16T02:21:00,48.572,30.382,27.106,33.104,41.434,2717.9,3618.9,17.029,18.326,23.204,0.30667,0.087065,344.87,77.433,6.9069,13.805,32.085,4455.1,23.353,43.228,50.467,80.089,2.2789,1.6571,3112.6,42.196,54.973,94.472,9.5922,61.169,39.475,40.034,2647.4,62.871,24.919,52.481,0.34481,8.6652,25.906,120.4,1.363,74.218,23.873,2.2713,53.172,4.8998,246.45,0.026574,0.79214,66.395,18.707,44.473
109,2026-04-16T02:24:00,50.035,27.003,26.649,33.502,42.041,2717.9,3632.8,20.055,18.186,22.706,0.26936,0.087065,344.9,77.09,6.9917,13.879,32.243,4493.3,22.093,46.615,49.374,79.849,2.2185,1.6583,3113.4,42.626,54.015,94.468,9.5784,63.481,36.256,40.509,2647.7,63.06,26.672,52.019,0.33941,8.8529,25.747,120.42,1.0815,74.334,23.557,2.2906,53.172,4.7807,251.9,0.026574,0.79214,66.376,18.689,44.473
110,2026-04-16T02:27:00,50.388,26.946,26.97,33.502,41.36,2718.8,3642.1,18.478,18.186,23.226,0.26994,0.087065,345.94,77.432,6.9917,13.879,32.243,4497.5,22.754,47.431,48.47,79.703,2.2185,1.6583,3112.2,42.496,53.964,94.405,9.4107,62.898,33.598,39.879,2648.3,62.9,25.939,52.253,0.34457,8.8529,25.747,120.39,1.0815,74.243,23.557,2.2906,53.172,4.7807,249.61,0.026574,0.79214,66.255,18.689,44.473
111,2026-04-16T02:30:00,50.209,25.308,26.996,33.361,41.648,2720.9,3612.8,16.869,18.23,23.45,0.25669,0.07781,346.34,77.274,6.7322,13.707,32.573,4523.3,23.44,47.018,49.212,79.753,2.2695,1.6475,3112.7,42.507,53.713,94.555,9.463,62.5,35.781,40.899,2650.6,62.597,25.615,51.44,0.35285,8.8851,26.359,120.4,1.1238,74.704,23.674,2.2641,54.118,4.8507,247.12,0.010479,0.80107,66.219,18.897,44.091
112,2026-04-16T02:33:00,49.928,25.157,27.004,33.361,41.411,2722.4,3641.4,19.225,18.23,23.91,0.25822,0.07781,347.06,77.941,6.7322,13.707,32.573,4455.0,22.425,46.366,50.846,79.819,2.2695,1.6475,3113.8,42.762,54.53,94.468,9.4508,61.494,40.588,41.1,2652.8,62.106,24.698,51.12,0.3512,8.8851,26.359,120.39,1.1238,74.044,23.674,2.2641,54.118,4.8507,245.85,0.010479,0.80107,66.174,18.897,44.091
113,2026-04-16T02:36:00,48.324,22.045,26.689,33.903,41.482,2724.2,3688.2,18.561,18.269,23.55,0.22135,0.07781,346.97,77.384,6.8411,13.837,32.563,4444.6,22.713,42.656,49.007,79.912,2.2169,1.6649,3115.5,42.362,54.143,94.377,9.4294,63.32,35.178,39.036,2654.1,63.596,25.316,50.638,0.33004,8.9156,26.492,120.42,1.3555,73.795,23.848,2.2034,54.118,4.7621,246.4,0.010479,0.80107,66.134,17.883,44.091
114,2026-04-16T02:39:00,49.171,22.035,26.623,33.903,41.792,2720.8,3694.1,16.742,18.269,23.476,0.22145,0.07781,347.22,76.863,6.8411,13.837,32.563,4480.4,23.506,44.615,49.917,79.476,2.2169,1.6649,3112.2,42.61,53.715,94.425,9.434,61.224,37.855,38.628,2651.1,63.494,25.393,50.464,0.33338,8.9156,26.492,120.41,1.3555,74.317,23.848,2.2034,54.118,4.7621,243.55,0.010479,0.80107,66.076,17.883,44.091
115,2026-04-16T02:42:00,50.932,21.585,26.548,33.835,41.475,2719.1,3654.6,20.304,18.312,23.638,0.22013,0.07781,346.85,77.105,6.8095,13.853,32.686,4612.8,22.013,48.691,51.326,79.336,2.2492,1.6168,3110.5,42.735,54.682,94.405,9.5436,62.073,42.001,40.548,2648.7,63.309,24.412,50.047,0.3455,8.7126,26.114,120.38,1.3587,74.524,24.148,2.1651,54.118,4.8548,243.5,0.010479,0.80107,65.945,18.456,44.091
116,2026-04-16T02:45:00,49.82,21.753,27.064,33.835,41.453,2721.3,3658.3,18.275,18.312,24.05,0.21842,0.10276,347.41,77.489,6.8095,13.853,32.686,4559.6,22.857,46.118,49.102,79.532,2.2492,1.6168,3112.5,42.416,55.32,94.54,9.4418,61.74,35.458,40.254,2651.7,63.244,24.583,50.002,0.34791,8.7126,26.114,120.4,1.3587,74.919,24.148,2.1651,54.174,4.8548,241.09,0.019281,0.78878,65.854,18.456,43.672
117,2026-04-16T02:48:00,49.1,20.057,27.064,33.294,41.8,2724.5,3658.3,18.583,17.57,24.14,0.2027,0.10276,346.54,77.903,6.716,13.872,32.712,4491.8,22.702,44.45,51.017,79.961,2.2613,1.6623,3115.1,42.634,54.826,94.292,9.5463,59.713,41.094,41.073,2654.7,63.576,22.903,49.684,0.34493,8.8457,26.622,120.42,1.2758,74.556,23.974,2.3339,54.174,4.6885,240.68,0.019281,0.78878,65.876,18.917,43.672
118,2026-04-16T02:51:00,49.23,19.747,27.463,33.294,40.766,2722.9,3716.1,20.989,17.57,23.789,0.20585,0.10276,346.29,77.435,6.716,13.872,32.712,4518.6,21.696,44.752,48.47,79.936,2.2613,1.6623,3114.8,42.308,54.505,94.458,9.3615,62.071,33.598,40.822,2652.7,62.58,24.729,49.47,0.34698,8.8457,26.622,120.4,1.2758,75.062,23.974,2.3339,54.174,4.6885,239.06,0.019281,0.78878,65.938,18.917,43.672
119,2026-04-16T02:54:00,49.83,19.161,27.174,33.635,41.615,2718.7,3714.0,18.569,17.668,23.893,0.19622,0.10276,346.43,77.171,6.7641,13.713,32.759,4461.8,22.726,46.14,49.365,79.662,2.2892,1.6615,3111.7,42.157,54.068,94.3,9.3194,62.083,36.231,40.999,2648.9,63.549,27.05,49.174,0.35028,8.9115,26.678,120.4,1.0066,75.319,23.972,2.318,54.174,4.7556,238.39,0.019281,0.78878,65.935,18.246,43.672
120,2026-04-16T02:57:00,48.445,19.25,26.781,33.635,41.41,2718.7,3724.9,16.857,17.668,23.452,0.19532,0.10276,346.01,77.443,6.7641,13.713,32.759,4483.4,23.439,42.936,49.599,79.73,2.2892,1.6615,3110.8,42.594,53.81,94.465,9.316,63.491,36.921,41.49,2648.5,63.361,25.652,48.922,0.34626,8.9115,26.678,120.38,1.0066,75.039,23.972,2.318,54.174,4.7556,237.27,0.019281,0.78878,65.897,18.246,43.672
121,2026-04-16T03:00:00,50.55,18.099,27.044,33.377,42.138,2717.0,3696.9,19.935,18.079,23.523,0.18653,0.1039,346.04,77.21,6.9129,13.676,32.36,4538.5,22.151,47.806,49.998,79.673,2.2351,1.628,3109.4,42.12,54.832,94.348,9.4395,62.403,38.095,39.121,2646.6,63.555,24.302,48.119,0.3304,8.7613,26.592,120.4,1.1418,74.539,23.825,2.3641,53.591,4.8783,237.99,0.034145,0.78727,65.864,18.577,43.586
122,2026-04-16T03:03:00,51.126,18.076,26.708,33.377,41.018,2714.8,3679.7,18.816,18.079,23.078,0.18676,0.1039,345.36,77.107,6.9129,13.676,32.36,4565.0,22.634,49.141,49.667,79.53,2.2351,1.628,3108.7,43.022,54.514,94.556,9.404,63.972,37.119,39.157,2644.3,63.852,25.2,47.818,0.3301,8.7613,26.592,120.39,1.1418,75.975,23.825,2.3641,53.591,4.8783,235.6,0.034145,0.78727,65.782,18.577,43.586
123,2026-04-16T03:06:00,50.471,21.658,27.04,33.297,41.512,2716.7,3683.6,20.439,17.766,23.616,0.21974,0.1039,345.21,77.71,6.8285,13.915,32.571,4536.4,21.934,47.624,50.464,79.663,2.2476,1.628,3108.5,42.315,54.104,94.485,9.389,63.04,39.464,38.668,2646.3,62.52,22.932,47.659,0.3243,8.8304,26.425,120.4,1.2373,74.957,24.259,2.2708,53.591,4.7539,231.63,0.034145,0.78727,65.688,18.378,43.586
124,2026-04-16T03:09:00,51.039,21.62,27.441,33.297,41.415,2719.0,3647.1,18.425,17.766,23.914,0.22012,0.1039,345.29,77.357,6.8285,13.915,32.571,4530.9,22.79,48.938,50.985,79.866,2.2476,1.628,3109.9,42.195,54.169,94.538,9.3321,60.612,41.0,38.471,2648.6,63.148,24.69,47.358,0.3259,8.8304,26.425,120.37,1.2373,74.458,24.259,2.2708,53.591,4.7539,229.25,0.034145,0.78727,65.674,18.378,43.586
125,2026-04-16T03:12:00,47.034,19.18,27.231,33.298,41.374,2717.0,3669.7,19.692,18.246,23.549,0.19829,0.1039,345.28,77.044,6.8662,13.781,32.213,4547.9,22.264,39.671,50.695,79.719,2.2503,1.6722,3110.4,42.474,54.506,94.583,9.5108,60.799,40.146,41.73,2646.2,63.511,24.839,46.778,0.35133,8.9107,27.074,120.4,1.3341,75.011,24.105,2.2063,53.591,4.7215,230.02,0.034145,0.78727,65.632,18.901,43.586
126,2026-04-16T03:15:00,49.814,19.461,27.123,33.298,41.108,2715.4,3683.5,18.911,18.246,23.467,0.19544,0.096391,344.64,77.156,6.8662,13.781,32.213,4528.5,22.598,46.104,51.975,79.581,2.2503,1.6722,3108.3,42.4,54.738,94.539,9.3761,63.312,43.913,41.773,2644.6,63.272,24.42,46.435,0.35098,8.9107,27.074,120.4,1.3341,74.593,24.105,2.2063,52.903,4.7215,226.79,0.027045,0.82042,65.57,18.901,43.84
127,2026-04-16T03:18:00,48.986,22.591,27.189,33.408,41.811,2716.9,3691.4,19.476,18.674,23.634,0.22876,0.096391,344.71,77.223,6.8307,13.646,32.291,4522.9,22.36,44.187,50.278,79.695,2.2246,1.6445,3107.8,42.429,53.543,94.548,9.4064,61.073,38.917,39.577,2645.6,62.839,24.965,45.926,0.33997,8.8108,26.358,120.38,1.2247,73.829,24.469,2.2998,52.903,4.7682,226.25,0.027045,0.82042,65.482,18.308,43.84
128,2026-04-16T03:21:00,49.472,22.703,27.044,33.408,41.076,2719.6,3682.8,19.673,18.674,23.547,0.22761,0.096391,344.9,77.805,6.8307,13.646,32.291,4506.8,22.251,45.312,49.135,79.999,2.2246,1.6445,3110.4,42.167,53.736,94.553,9.4149,62.872,35.555,39.665,2648.8,62.988,24.366,45.552,0.33925,8.8108,26.358,120.37,1.2247,74.34,24.469,2.2998,52.903,4.7682,224.18,0.027045,0.82042,65.453,18.308,43.84
129,2026-04-16T03:24:00,51.442,21.721,26.871,33.531,41.684,2717.4,3671.5,16.488,18.281,23.2,0.2212,0.096391,344.3,77.222,6.8794,13.682,32.407,4547.6,23.61,49.871,47.702,79.84,2.2281,1.6168,3111.0,42.74,54.732,94.443,9.2071,63.459,31.338,38.126,2646.3,63.524,26.286,44.927,0.32091,8.8098,26.957,120.39,1.0934,74.879,24.813,2.2734,52.903,4.7234,224.91,0.027045,0.82042,65.452,18.211,43.84
130,2026-04-16T03:27:00,49.372,21.708,26.896,33.531,40.849,2719.0,3658.5,17.304,18.281,23.123,0.22133,0.096391,344.13,77.505,6.8794,13.682,32.407,4578.1,23.253,45.081,50.661,80.006,2.2281,1.6168,3112.1,42.237,54.367,94.479,9.4426,61.038,40.047,37.821,2649.0,63.748,25.501,44.801,0.32341,8.8098,26.957,120.39,1.0934,75.638,24.813,2.2734,52.903,4.7234,220.09,0.027045,0.82042,65.413,18.211,43.84
131,2026-04-16T03:30:00,49.611,20.702,26.664,33.08,41.549,2718.8,3668.4,18.382,17.931,23.093,0.20569,0.092617,344.56,77.369,6.6989,13.882,32.265,4573.4,22.796,45.634,51.275,80.049,2.2478,1.6329,3113.4,42.111,54.749,94.514,9.2556,61.578,41.852,38.044,2649.2,63.176,24.221,45.005,0.32743,8.7574,26.954,120.43,1.2161,74.742,24.479,2.2686,53.373,4.7948,220.42,0.025208,0.81262,65.413,17.967,43.863
132,2026-04-16T03:33:00,50.733,20.673,26.969,33.08,40.781,2716.8,3661.5,17.96,17.931,23.134,0.20598,0.092617,343.53,77.241,6.6989,13.882,32.265,4610.9,22.982,48.23,49.996,79.904,2.2478,1.6329,3111.5,42.81,54.3,94.609,9.2697,62.468,38.088,38.138,2646.4,63.295,24.473,44.846,0.32666,8.7574,26.954,120.4,1.2161,75.28,24.479,2.2686,53.373,4.7948,219.82,0.025208,0.81262,65.425,17.967,43.863
133,2026-04-16T03:36:00,48.786,21.728,27.092,32.9,41.142,2715.6,3733.3,16.784,17.846,23.123,0.2197,0.092617,343.38,77.091,6.7878,13.929,32.459,4609.6,23.484,43.724,48.103,79.789,2.2401,1.6708,3110.1,42.528,55.03,94.496,9.2138,61.417,32.516,41.148,2645.2,63.73,24.339,44.788,0.34536,8.7742,27.068,120.4,1.1647,75.871,24.733,2.278,53.373,4.7824,218.16,0.025208,0.81262,65.351,18.391,43.863
134,2026-04-16T03:39:00,50.241,21.648,27.306,32.9,41.722,2711.4,3705.8,15.738,17.846,22.802,0.22051,0.092617,342.74,76.915,6.7878,13.929,32.459,4612.9,23.941,47.092,48.767,79.626,2.2401,1.6708,3107.7,42.232,54.991,94.486,9.3578,60.2,34.472,41.274,2640.7,64.202,25.199,44.398,0.34433,8.7742,27.068,120.41,1.1647,74.981,24.733,2.278,53.373,4.7824,220.23,0.025208,0.81262,65.273,18.391,43.863
135,2026-04-16T03:42:00,47.549,19.718,26.692,33.464,40.731,2709.1,3696.7,17.039,17.877,22.557,0.19899,0.092617,342.79,77.07,6.8921,13.792,32.336,4573.4,23.395,40.861,50.148,79.602,2.2831,1.6149,3104.8,42.263,54.524,94.56,9.3797,60.681,38.536,41.78,2637.9,63.71,24.432,44.264,0.35159,8.9574,26.997,120.38,1.4001,75.394,24.483,2.171,53.373,4.8087,219.49,0.025208,0.81262,65.185,18.504,43.863
136,2026-04-16T03:45:00,48.667,19.458,26.888,33.464,41.125,2708.8,3714.9,16.444,17.877,22.733,0.20162,0.11732,342.49,77.135,6.8921,13.792,32.336,4584.4,23.649,43.45,50.979,79.791,2.2831,1.6149,3103.4,42.077,54.393,94.645,9.3127,60.933,40.982,41.919,2637.3,63.398,24.837,44.034,0.35045,8.9574,26.997,120.39,1.4001,76.363,24.483,2.171,53.779,4.8087,217.21,0.015494,0.83743,65.157,18.504,44.325
137,2026-04-16T03:48:00,48.682,20.672,26.885,32.697,40.944,2707.7,3663.9,16.788,18.51,22.311,0.20863,0.11732,341.39,77.149,7.0488,13.549,32.615,4567.6,23.502,43.484,50.355,79.946,2.2472,1.6407,3104.4,42.265,54.369,94.616,9.2186,61.363,39.145,40.095,2636.4,63.4,25.604,43.967,0.3358,8.7399,26.68,120.38,1.3052,75.04,24.053,2.3484,53.779,4.8231,214.53,0.015494,0.83743,65.144,19.014,44.325
138,2026-04-16T03:51:00,49.311,20.502,26.403,32.697,40.912,2708.5,3701.7,17.057,18.51,22.436,0.21036,0.11732,341.63,77.498,7.0488,13.549,32.615,4561.2,23.375,44.939,49.209,80.16,2.2472,1.6407,3103.6,42.36,54.446,94.599,9.271,61.222,35.772,39.959,2637.7,62.75,25.846,43.54,0.33691,8.7399,26.68,120.4,1.3052,75.74,24.053,2.3484,53.779,4.8231,215.9,0.015494,0.83743,65.191,19.014,44.325
139,2026-04-16T03:54:00,49.448,17.724,26.483,32.941,40.439,2705.2,3641.3,17.307,18.05,22.097,0.17879,0.11732,340.5,77.071,6.9277,13.771,31.63,4553.7,23.28,45.258,49.796,80.09,2.2562,1.6159,3102.2,42.071,53.288,94.711,9.2408,62.083,37.498,36.678,2634.9,62.331,25.038,43.289,0.30875,8.8945,26.316,120.38,1.5083,75.703,24.693,2.284,53.779,4.8564,215.26,0.015494,0.83743,65.237,18.507,44.325
140,2026-04-16T03:57:00,50.314,17.896,27.125,32.941,40.162,2703.8,3585.8,18.732,18.05,22.15,0.17704,0.11732,339.88,76.72,6.9277,13.771,31.63,4500.4,22.697,47.26,50.117,79.995,2.2562,1.6159,3099.9,42.424,53.926,94.887,9.2614,61.713,38.443,37.01,2632.5,63.286,23.71,43.108,0.30603,8.8945,26.316,120.37,1.5083,75.989,24.693,2.284,53.779,4.8564,213.86,0.015494,0.83743,65.2,18.507,44.325
141,2026-04-16T04:00:00,49.117,27.281,26.992,32.647,40.702,2703.4,3639.2,17.573,18.344,22.042,0.27335,0.091771,340.07,76.869,6.7034,13.736,32.558,4566.0,23.192,44.492,49.636,79.819,2.2393,1.6777,3100.8,42.127,54.388,94.813,9.1344,62.304,37.03,39.881,2630.9,63.329,25.678,43.418,0.32911,8.8264,26.492,120.37,1.2925,74.832,24.01,2.2356,54.174,4.849,213.92,0.0012876,0.81511,65.131,18.651,44.898
142,2026-04-16T04:03:00,50.092,27.102,26.988,32.647,40.544,2705.4,3681.6,16.703,18.344,22.072,0.27518,0.091771,339.79,77.113,6.7034,13.736,32.558,4594.9,23.553,46.748,49.657,80.013,2.2393,1.6777,3102.5,42.116,54.043,94.814,9.1811,60.751,37.09,40.191,2634.3,62.6,24.925,43.338,0.32657,8.8264,26.492,120.38,1.2925,75.419,24.01,2.2356,54.174,4.849,214.48,0.0012876,0.81511,65.096,18.651,44.898
143,2026-04-16T04:06:00,49.486,18.271,26.595,32.774,40.808,2706.2,3724.9,16.739,18.323,21.853,0.18755,0.091771,339.99,77.307,6.8728,13.921,31.723,4600.7,23.529,45.345,49.575,80.209,2.2545,1.6469,3104.1,41.813,53.653,94.647,9.3105,60.267,36.849,39.19,2634.9,63.885,26.652,43.285,0.3263,9.076,27.025,120.41,1.2635,76.417,24.534,2.2917,54.174,4.8692,214.67,0.0012876,0.81511,65.123,18.812,44.898
144,2026-04-16T04:09:00,51.185,18.418,27.034,32.774,41.788,2703.7,3733.0,19.8,18.323,21.793,0.18607,0.091771,338.65,77.03,6.8728,13.921,31.723,4511.7,22.243,49.277,50.807,80.302,2.2545,1.6469,3103.6,42.201,54.719,94.6,9.3277,62.158,40.473,39.303,2631.9,63.745,25.87,43.161,0.32537,9.076,27.025,120.42,1.2635,74.64,24.534,2.2917,54.174,4.8692,215.66,0.0012876,0.81511,65.169,18.812,44.898
145,2026-04-16T04:12:00,48.005,26.239,26.901,32.108,41.598,2700.3,3684.2,16.796,18.454,21.434,0.269,0.091771,338.43,77.308,6.9251,13.711,31.732,4514.3,23.504,41.917,48.443,80.149,2.2585,1.6428,3101.3,42.11,54.298,94.636,9.3208,59.468,33.517,41.649,2629.0,63.188,23.94,43.166,0.34669,8.8457,27.054,120.4,1.2658,76.454,24.419,2.2534,54.174,4.8268,215.17,0.0012876,0.81511,65.188,19.084,44.898
146,2026-04-16T04:15:00,51.565,26.077,26.963,32.108,40.995,2699.6,3676.4,16.531,18.454,21.432,0.27065,0.086378,338.12,77.188,6.9251,13.711,31.732,4528.9,23.622,50.156,51.684,80.198,2.2585,1.6428,3099.8,42.311,54.124,94.61,9.302,62.768,43.057,42.034,2628.1,63.322,25.022,42.798,0.34353,8.8457,27.054,120.4,1.2658,75.679,24.419,2.2534,53.419,4.8268,212.29,0.012252,0.82907,65.165,19.084,43.288
147,2026-04-16T04:18:00,49.654,26.556,26.42,32.534,41.556,2698.6,3646.2,17.744,18.725,21.079,0.27369,0.086378,338.15,77.302,7.0701,13.882,31.423,4500.6,23.109,45.732,49.467,80.142,2.2224,1.6578,3098.8,42.711,53.766,94.651,9.2448,60.245,36.532,38.629,2626.7,63.368,25.326,42.599,0.32543,9.0997,26.48,120.4,1.2926,74.123,24.061,2.3259,53.419,4.8814,211.24,0.012252,0.82907,65.152,18.708,43.288
148,2026-04-16T04:21:00,49.947,26.523,26.62,32.534,40.441,2699.6,3634.0,17.205,18.725,21.263,0.27402,0.086378,337.81,77.508,7.0701,13.882,31.423,4546.0,23.327,46.411,51.611,80.38,2.2224,1.6578,3100.4,42.375,53.222,94.744,9.2841,59.603,42.842,38.797,2627.3,63.578,25.258,42.472,0.32405,9.0997,26.48,120.4,1.2926,75.728,24.061,2.3259,53.419,4.8814,209.41,0.012252,0.82907,65.154,18.708,43.288
149,2026-04-16T04:24:00,49.143,30.084,27.127,32.573,40.773,2700.5,3619.7,19.824,18.586,21.621,0.31031,0.086378,337.63,77.341,6.9177,13.932,32.059,4494.1,22.224,44.55,49.921,80.459,2.2748,1.6389,3100.2,42.701,54.747,94.798,9.2518,62.933,37.867,41.367,2628.6,62.442,26.43,42.167,0.34016,8.8372,26.283,120.39,1.1456,75.171,24.061,2.2904,53.419,4.9183,209.52,0.012252,0.82907,65.19,19.207,43.288
150,2026-04-16T04:27:00,50.794,30.122,26.833,32.573,39.419,2697.9,3643.2,16.714,18.586,21.158,0.30992,0.086378,337.84,76.718,6.9177,13.932,32.059,4541.3,23.561,48.372,49.771,80.151,2.2748,1.6389,3098.4,42.355,54.182,94.692,9.2045,60.739,37.426,40.629,2625.5,62.038,25.941,41.973,0.34621,8.8372,26.283,120.37,1.1456,75.628,24.061,2.2904,53.419,4.9183,208.44,0.012252,0.82907,65.143,19.207,43.288
151,2026-04-16T04:30:00,49.803,24.914,27.314,32.387,40.541,2695.8,3669.5,19.441,18.289,21.532,0.24909,0.11037,338.25,77.052,6.9095,13.855,31.866,4525.5,22.413,46.078,47.965,79.996,2.2395,1.6079,3095.4,42.518,53.115,95.06,9.3353,59.425,32.111,41.854,2623.3,62.817,24.201,42.014,0.3482,8.8885,26.633,120.4,1.3834,75.919,24.38,2.3366,53.483,4.8673,208.54,0.020435,0.84434,65.046,18.874,43.12
152,2026-04-16T04:33:00,49.489,24.841,27.021,32.387,41.124,2695.3,3637.8,15.134,18.289,21.176,0.24983,0.11037,337.71,77.292,6.9095,13.855,31.866,4470.8,24.227,45.351,51.01,80.078,2.2395,1.6079,3096.3,42.235,53.77,94.64,9.249,61.597,41.073,41.834,2622.5,63.362,27.005,41.98,0.34836,8.8885,26.633,120.39,1.3834,76.168,24.38,2.3366,53.483,4.8673,207.39,0.020435,0.84434,64.959,18.874,43.12
153,2026-04-16T04:36:00,49.736,26.792,26.78,32.225,40.848,2697.3,3633.6,18.034,18.4,21.091,0.27194,0.11037,337.48,77.483,6.8393,14.018,31.864,4500.5,22.994,45.923,50.47,80.323,2.2424,1.6773,3098.1,42.38,54.188,94.918,9.2434,60.987,39.483,41.192,2624.6,63.477,26.839,41.687,0.33752,8.8248,26.708,120.41,1.2681,75.426,23.614,2.3038,53.483,4.9026,209.12,0.020435,0.84434,64.976,19.225,43.12
154,2026-04-16T04:39:00,50.095,26.932,26.69,32.225,41.203,2697.1,3669.1,18.812,18.4,21.142,0.27052,0.11037,337.43,77.537,6.8393,14.018,31.864,4492.4,22.661,46.754,49.573,80.449,2.2424,1.6773,3098.9,42.257,54.283,94.575,9.1668,62.938,36.843,41.041,2625.5,62.866,24.494,41.649,0.33875,8.8248,26.708,120.42,1.2681,75.773,23.614,2.3038,53.483,4.9026,207.95,0.020435,0.84434,65.017,19.225,43.12
155,2026-04-16T04:42:00,50.404,27.272,26.453,32.552,40.885,2698.6,3656.0,15.972,19.233,20.969,0.27431,0.11037,336.79,77.534,6.9437,13.768,32.403,4502.8,23.845,47.47,49.337,80.655,2.2903,1.6896,3099.3,42.304,53.254,94.752,9.1782,62.536,36.15,43.217,2626.0,63.714,24.287,41.503,0.35813,9.0633,26.247,120.39,1.2275,76.083,24.354,2.1878,53.483,4.8225,207.97,0.020435,0.84434,65.058,19.246,43.12
156,2026-04-16T04:45:00,50.207,27.085,27.065,32.552,41.26,2694.0,3690.2,21.699,19.233,21.044,0.2762,0.093058,337.44,76.772,6.9437,13.768,32.403,4468.5,21.461,47.014,49.912,80.408,2.2903,1.6896,3096.2,41.866,53.664,94.516,9.3509,58.997,37.842,43.177,2622.1,63.124,25.346,41.914,0.35845,9.0633,26.247,120.42,1.2275,75.972,24.354,2.1878,53.688,4.8225,206.15,0.0084942,0.86059,65.071,19.246,43.311
157,2026-04-16T04:48:00,51.003,21.913,27.2,32.519,40.18,2690.0,3655.6,17.752,19.097,21.107,0.22568,0.093058,337.46,76.893,6.8793,13.801,31.769,4494.9,23.134,48.854,49.478,80.022,2.2737,1.6642,3090.7,42.171,53.218,94.922,9.3228,59.056,36.563,39.761,2616.8,62.796,24.4,41.676,0.33237,8.7855,26.75,120.38,1.2025,75.225,24.131,2.2988,53.688,4.9572,209.17,0.0084942,0.86059,65.002,19.029,43.311
158,2026-04-16T04:51:00,50.082,22.032,26.806,32.519,40.972,2689.8,3680.7,18.152,19.097,20.824,0.22447,0.093058,337.37,76.954,6.8793,13.801,31.769,4430.6,22.967,46.723,50.816,80.151,2.2737,1.6642,3090.3,42.358,53.987,94.848,9.252,61.085,40.502,39.992,2617.5,62.364,26.356,41.769,0.33047,8.7855,26.75,120.39,1.2025,74.305,24.131,2.2988,53.688,4.9572,208.54,0.0084942,0.86059,64.943,19.029,43.311
159,2026-04-16T04:54:00,51.357,28.184,27.007,32.211,40.228,2692.7,3699.4,18.527,18.924,21.177,0.28669,0.093058,337.19,77.547,7.0744,13.893,32.136,4510.1,22.791,49.674,49.764,80.422,2.2359,1.5942,3093.9,41.949,53.507,94.773,9.3018,62.906,37.406,40.337,2620.5,62.579,24.666,42.006,0.33441,8.8065,26.397,120.39,1.3351,75.946,23.912,2.3486,53.688,4.8763,206.26,0.0084942,0.86059,64.919,18.967,43.311
160,2026-04-16T04:57:00,49.56,28.315,27.114,32.211,41.01,2695.4,3691.8,19.364,18.924,21.201,0.28536,0.093058,336.71,77.713,7.0744,13.893,32.136,4439.4,22.419,45.516,49.137,80.737,2.2359,1.5942,3096.4,42.219,54.353,94.651,9.2895,61.475,35.56,40.003,2623.7,62.71,25.064,41.889,0.33715,8.8065,26.397,120.43,1.3351,74.901,23.912,2.3486,53.688,4.8763,207.87,0.0084942,0.86059,65.021,18.967,43.311
161,2026-04-16T05:00:00,49.604,25.03,26.78,32.559,39.821,2694.6,3578.6,16.594,19.35,21.053,0.25251,0.10857,337.04,77.525,6.7421,14.029,31.988,4519.5,23.581,45.617,48.613,80.801,2.2761,1.6872,3096.5,41.971,53.51,94.669,9.2144,61.073,34.019,41.924,2622.8,62.857,25.176,42.458,0.3418,8.6635,26.847,120.39,1.45,75.523,24.285,2.3221,53.894,4.8508,206.7,0.016037,0.88073,65.168,19.232,43.163
162,2026-04-16T05:03:00,48.986,25.089,27.163,32.559,41.343,2693.9,3624.4,18.229,19.35,21.599,0.25191,0.10857,337.36,77.403,6.7421,14.029,31.988,4496.9,22.891,44.187,49.969,80.724,2.2761,1.6872,3095.5,42.302,53.781,94.869,9.267,62.554,38.009,41.863,2622.5,62.069,25.396,42.716,0.3423,8.6635,26.847,120.41,1.45,74.566,24.285,2.3221,53.894,4.8508,206.2,0.016037,0.88073,65.233,19.232,43.163
163,2026-04-16T05:06:00,49.209,26.615,26.894,32.462,40.381,2689.8,3705.3,18.329,19.084,20.649,0.26777,0.10857,337.26,76.827,6.8631,13.766,32.042,4503.2,22.874,44.703,51.675,80.268,2.2911,1.6574,3093.3,42.502,53.001,94.8,9.4396,59.423,43.028,43.013,2617.4,63.568,24.629,42.616,0.36453,8.9656,25.686,120.38,1.3548,74.485,23.966,2.2921,53.894,4.9849,209.75,0.016037,0.88073,65.212,19.267,43.163
164,2026-04-16T05:09:00,50.268,26.596,26.887,32.462,41.618,2690.5,3692.7,19.566,19.084,21.467,0.26796,0.10857,337.95,77.438,6.8631,13.766,32.042,4508.8,22.343,47.153,50.694,80.31,2.2911,1.6574,3090.7,42.03,52.934,94.755,9.4459,57.624,40.143,43.532,2618.9,63.783,26.547,42.875,0.36027,8.9656,25.686,120.44,1.3548,75.95,23.966,2.2921,53.894,4.9849,209.35,0.016037,0.88073,65.139,19.267,43.163
165,2026-04-16T05:12:00,48.875,26.129,26.735,32.815,40.336,2689.9,3656.1,17.505,19.249,20.752,0.2658,0.10857,336.94,77.215,6.7891,13.968,31.985,4464.9,23.217,43.93,49.161,80.357,2.271,1.6452,3092.6,42.568,53.293,94.53,9.3666,60.984,35.632,40.053,2617.2,63.426,24.455,42.936,0.33188,9.042,26.725,120.39,1.2238,75.506,24.143,2.3738,53.894,5.0061,211.12,0.016037,0.88073,65.12,19.258,43.163
166,2026-04-16T05:15:00,48.379,25.96,27.072,32.815,41.059,2690.3,3689.0,17.916,19.249,20.989,0.26751,0.12333,337.25,77.228,6.7891,13.968,31.985,4478.2,23.045,42.783,50.245,80.389,2.271,1.6452,3091.9,42.165,53.134,94.835,9.3226,62.446,38.82,39.816,2617.6,62.86,26.074,43.404,0.33382,9.042,26.725,120.4,1.2238,74.286,24.143,2.3738,53.306,5.0061,214.78,0.0068466,0.88914,65.162,19.258,43.377
167,2026-04-16T05:18:00,51.269,26.763,26.782,32.427,41.109,2690.7,3705.8,17.411,19.412,20.94,0.27402,0.12333,337.4,77.459,7.0432,13.867,31.919,4417.2,23.25,49.471,50.531,80.476,2.3049,1.628,3093.6,42.356,53.805,94.517,9.3924,61.39,39.662,42.617,2618.6,63.273,24.164,44.012,0.35567,8.9273,26.007,120.4,1.2677,74.521,23.604,2.3177,53.306,4.945,213.23,0.0068466,0.88914,65.186,19.22,43.377
168,2026-04-16T05:21:00,50.133,26.811,27.229,32.427,41.481,2690.1,3682.3,20.116,19.412,20.721,0.27354,0.12333,336.95,77.323,7.0432,13.867,31.919,4478.2,22.117,46.842,49.313,80.429,2.3049,1.628,3092.5,42.37,53.074,94.679,9.2449,62.071,36.079,42.394,2617.1,63.678,25.946,44.079,0.3575,8.9273,26.007,120.41,1.2677,74.901,23.604,2.3177,53.306,4.945,217.7,0.0068466,0.88914,65.25,19.22,43.377
169,2026-04-16T05:24:00,50.05,27.665,26.951,32.789,41.316,2691.4,3606.5,18.667,19.417,20.928,0.28256,0.12333,337.81,77.613,7.0253,13.889,31.464,4410.9,22.718,46.65,50.498,80.413,2.2718,1.6595,3091.8,42.3,53.895,94.679,9.407,61.331,39.565,41.493,2619.0,62.721,25.572,44.501,0.34389,8.908,26.058,120.41,1.3146,75.018,24.231,2.292,53.306,4.8566,218.16,0.0068466,0.88914,65.285,18.778,43.377
170,2026-04-16T05:27:00,49.813,27.78,26.954,32.789,40.321,2694.7,3633.8,19.293,19.417,21.383,0.28139,0.12333,338.19,77.575,7.0253,13.889,31.464,4477.3,22.45,46.102,51.185,80.606,2.2718,1.6595,3094.7,41.813,53.1,94.707,9.3915,63.068,41.587,41.181,2623.0,62.251,23.019,44.91,0.34646,8.908,26.058,120.41,1.3146,74.168,24.231,2.292,53.306,4.8566,218.73,0.0068466,0.88914,65.368,18.778,43.377
171,2026-04-16T05:30:00,50.721,32.654,26.996,32.492,40.038,2696.0,3605.2,19.225,19.023,21.144,0.33018,0.1039,338.14,77.312,6.8046,13.806,31.855,4495.5,22.486,48.204,50.134,80.496,2.266,1.6789,3098.3,42.682,53.931,94.649,9.3728,61.036,38.495,41.578,2623.1,62.757,26.224,45.461,0.34879,8.8449,26.492,120.41,1.3258,74.42,23.934,2.3223,54.52,4.9425,221.08,0.027433,0.86873,65.446,18.803,43.086
172,2026-04-16T05:33:00,50.651,32.473,26.872,32.492,41.163,2699.6,3668.4,18.007,19.023,21.592,0.33202,0.1039,338.91,77.415,6.8046,13.806,31.855,4469.2,22.993,48.041,49.12,80.435,2.266,1.6789,3099.4,42.404,54.246,94.702,9.3638,62.359,35.51,41.373,2627.5,61.669,24.883,45.847,0.35046,8.8449,26.492,120.42,1.3258,74.083,23.934,2.3223,54.52,4.9425,223.35,0.027433,0.86873,65.495,18.803,43.086
173,2026-04-16T05:36:00,51.496,29.375,26.782,32.296,41.108,2701.8,3701.5,20.07,19.575,21.423,0.29888,0.1039,339.28,77.672,6.8033,13.738,31.743,4502.8,22.112,49.997,50.983,80.495,2.2591,1.6617,3102.9,42.849,53.778,94.484,9.4164,60.467,40.991,40.595,2629.6,63.006,25.422,46.337,0.33896,9.1092,26.041,120.42,1.3263,74.9,23.963,2.3112,54.52,4.9403,224.42,0.027433,0.86873,65.551,19.035,43.086
174,2026-04-16T05:39:00,50.865,29.429,26.894,32.296,40.968,2703.3,3718.9,18.4,19.575,21.56,0.29832,0.1039,339.76,77.452,6.8033,13.738,31.743,4520.9,22.818,48.537,48.208,80.474,2.2591,1.6617,3103.8,42.809,53.562,94.432,9.4412,60.439,32.828,40.311,2631.2,62.706,25.443,46.686,0.34129,9.1092,26.041,120.39,1.3263,73.587,23.963,2.3112,54.52,4.9403,227.03,0.027433,0.86873,65.58,19.035,43.086
175,2026-04-16T05:42:00,49.092,30.689,26.846,32.822,42.438,2703.3,3695.3,18.788,18.741,21.539,0.31528,0.1039,340.43,77.331,6.8438,13.729,32.186,4463.1,22.657,44.432,50.63,80.379,2.3059,1.6903,3102.4,42.528,53.662,94.403,9.4952,59.779,39.954,39.69,2631.7,63.196,26.412,47.241,0.33077,8.8193,26.405,120.44,1.2677,74.902,24.253,2.3412,54.52,4.875,227.32,0.027433,0.86873,65.659,19.147,43.086
176,2026-04-16T05:45:00,49.376,30.871,26.721,32.822,41.111,2701.7,3697.3,16.227,18.741,21.721,0.31343,0.096893,340.77,77.241,6.8438,13.729,32.186,4448.9,23.743,45.09,49.729,80.139,2.3059,1.6903,3101.6,42.7,53.831,94.46,9.3996,59.64,37.304,39.616,2630.5,63.163,25.183,47.176,0.33138,8.8193,26.405,120.39,1.2677,74.182,24.253,2.3412,53.555,4.875,229.58,0.027653,0.84052,65.682,19.147,43.63
177,2026-04-16T05:48:00,51.377,26.677,26.84,32.469,41.166,2702.0,3639.9,19.392,19.469,21.929,0.27503,0.096893,341.21,77.152,6.7658,13.874,32.468,4500.6,22.415,49.72,50.117,80.127,2.2728,1.6374,3099.7,42.149,52.885,94.499,9.4411,63.231,38.443,38.9,2630.3,63.85,25.851,47.512,0.33412,8.8598,25.986,120.41,1.2381,74.773,23.777,2.2931,53.555,4.9411,230.19,0.027653,0.84052,65.653,18.694,43.63
178,2026-04-16T05:51:00,51.829,26.812,26.865,32.469,41.134,2701.9,3696.3,17.354,19.469,22.078,0.27366,0.096893,341.72,77.46,6.7658,13.874,32.468,4483.6,23.269,50.768,48.997,80.045,2.2728,1.6374,3098.6,42.231,53.089,94.47,9.4021,60.302,35.147,39.514,2630.9,62.879,26.379,47.595,0.32908,8.8598,25.986,120.39,1.2381,74.191,23.777,2.2931,53.555,4.9411,233.63,0.027653,0.84052,65.655,18.694,43.63
179,2026-04-16T05:54:00,51.761,23.935,26.633,33.034,41.598,2702.8,3699.1,17.697,19.178,22.147,0.24549,0.096893,341.43,77.397,6.7909,13.743,32.027,4493.6,23.117,50.61,50.399,80.299,2.2875,1.6417,3100.4,42.072,54.056,94.476,9.3052,64.866,39.275,41.583,2632.2,63.588,24.819,48.211,0.34378,8.9247,26.001,120.41,1.134,73.841,23.61,2.2497,53.555,4.9199,231.01,0.027653,0.84052,65.736,18.954,43.63
180,2026-04-16T05:57:00,50.474,23.904,27.15,33.034,40.883,2702.6,3698.0,17.383,19.178,22.267,0.24581,0.096893,342.07,77.633,6.7909,13.743,32.027,4510.9,23.238,47.632,50.71,80.321,2.2875,1.6417,3100.3,42.394,53.849,94.515,9.4306,60.086,40.189,41.168,2631.4,63.607,24.272,48.411,0.34718,8.9247,26.001,120.41,1.134,74.663,23.61,2.2497,53.555,4.9199,233.04,0.027653,0.84052,65.814,18.954,43.63
181,2026-04-16T06:00:00,49.787,28.284,27.199,33.012,42.085,2702.8,3725.3,18.602,18.879,22.014,0.28525,0.080534,341.62,77.501,6.9292,13.935,32.432,4417.1,22.725,46.042,49.854,80.331,2.2868,1.6485,3101.9,42.388,54.325,94.264,9.439,61.917,37.67,39.521,2630.6,63.015,24.505,48.092,0.33167,8.8129,26.506,120.42,1.3306,75.368,24.32,2.3129,53.388,4.8297,233.12,0.025555,0.85639,65.874,18.963,43.525
182,2026-04-16T06:03:00,50.131,28.333,27.092,33.012,40.793,2701.6,3684.7,18.149,18.879,22.179,0.28476,0.080534,341.96,77.369,6.9292,13.935,32.432,4479.6,22.92,46.838,50.152,80.254,2.2868,1.6485,3100.1,42.452,53.577,94.496,9.43,62.033,38.546,39.749,2631.0,63.713,25.634,48.345,0.32981,8.8129,26.506,120.39,1.3306,74.799,24.32,2.3129,53.388,4.8297,231.16,0.025555,0.85639,65.909,18.963,43.525
183,2026-04-16T06:06:00,47.758,24.34,26.909,32.972,42.145,2701.8,3665.7,19.692,19.049,22.113,0.24614,0.080534,341.93,77.63,7.0559,13.818,32.608,4470.7,22.259,41.345,49.55,80.254,2.2706,1.6716,3099.1,42.354,53.63,94.373,9.3827,64.111,36.776,41.526,2630.9,62.848,24.703,48.219,0.3576,8.9122,26.202,120.42,1.1301,74.61,23.848,2.2281,53.388,4.8839,233.48,0.025555,0.85639,65.88,18.772,43.525
184,2026-04-16T06:09:00,50.859,24.643,26.658,32.972,40.665,2700.6,3642.6,20.817,19.049,22.199,0.24305,0.080534,341.96,77.267,7.0559,13.818,32.608,4476.9,21.793,48.521,51.396,80.228,2.2706,1.6716,3098.1,42.434,53.556,94.652,9.3762,63.338,42.208,42.343,2630.2,63.246,26.366,48.408,0.35091,8.9122,26.202,120.36,1.1301,75.45,23.848,2.2281,53.388,4.8839,232.23,0.025555,0.85639,65.913,18.772,43.525
185,2026-04-16T06:12:00,49.854,22.299,26.534,33.131,41.049,2699.6,3601.3,20.27,18.504,21.938,0.22591,0.080534,342.64,77.125,6.8898,13.763,32.175,4516.6,22.035,46.196,50.378,79.994,2.2505,1.6262,3095.5,42.218,53.535,94.764,9.4059,61.417,39.213,40.654,2628.8,62.74,26.29,48.149,0.33985,8.8556,26.231,120.37,1.2902,73.927,24.02,2.3669,53.388,4.8904,236.04,0.025555,0.85639,65.876,18.809,43.525
186,2026-04-16T06:15:00,50.157,22.096,27.296,33.131,40.429,2699.0,3608.4,18.658,18.504,22.304,0.22797,0.097017,342.19,77.242,6.8898,13.763,32.175,4538.9,22.722,46.898,49.834,79.842,2.2505,1.6262,3095.4,42.318,53.268,94.689,9.4276,62.095,37.613,40.344,2627.4,62.618,25.874,48.626,0.34239,8.8556,26.231,120.38,1.2902,74.433,24.02,2.3669,54.337,4.8904,236.43,0.020244,0.84105,65.83,18.809,44.102
187,2026-04-16T06:18:00,50.891,26.246,26.957,33.704,41.045,2703.6,3688.7,14.706,18.859,22.291,0.26541,0.097017,342.32,77.592,6.9176,13.642,32.439,4510.0,24.376,48.596,50.071,79.988,2.2676,1.6409,3098.8,42.684,53.52,94.767,9.3038,63.651,38.308,39.624,2631.9,62.609,25.445,48.861,0.33566,9.031,26.553,120.42,1.1609,74.731,23.447,2.3203,54.337,4.8884,236.85,0.020244,0.84105,65.793,18.607,44.102
188,2026-04-16T06:21:00,50.638,26.078,26.738,33.704,41.584,2709.1,3645.5,15.579,18.859,22.583,0.26711,0.097017,342.73,77.754,6.9176,13.642,32.439,4505.5,23.989,48.01,50.443,80.407,2.2676,1.6409,3104.1,42.321,53.573,94.398,9.4863,63.041,39.404,39.56,2638.0,63.351,24.704,49.174,0.33618,9.031,26.553,120.42,1.1609,74.126,23.447,2.3203,54.337,4.8884,236.31,0.020244,0.84105,65.879,18.607,44.102
189,2026-04-16T06:24:00,48.707,23.594,27.273,33.01,40.836,2709.8,3643.9,19.327,18.202,22.579,0.23887,0.097017,342.59,77.428,6.6993,13.939,32.435,4538.6,22.412,43.541,49.408,80.347,2.237,1.6692,3105.9,42.569,53.684,94.661,9.5182,61.208,36.357,38.334,2638.5,63.115,24.618,49.285,0.31827,8.9512,26.309,120.39,1.2966,75.325,23.628,2.1996,54.337,4.8452,237.97,0.020244,0.84105,65.982,18.606,44.102
190,2026-04-16T06:27:00,48.125,23.44,26.558,33.01,41.951,2708.7,3679.2,19.629,18.202,22.316,0.24044,0.097017,343.2,77.338,6.6993,13.939,32.435,4563.4,22.29,42.195,50.92,80.183,2.237,1.6692,3105.1,42.533,53.389,94.339,9.4668,63.601,40.809,37.814,2638.2,62.507,25.325,49.511,0.32253,8.9512,26.309,120.42,1.2966,74.24,23.628,2.1996,54.337,4.8452,238.34,0.020244,0.84105,66.016,18.606,44.102
191,2026-04-16T06:30:00,51.384,23.351,26.887,33.112,40.71,2707.3,3681.3,15.154,18.539,22.492,0.23684,0.09305,343.18,77.039,6.7271,13.784,32.116,4515.7,24.189,49.736,50.841,79.916,2.2279,1.6294,3104.3,42.132,53.989,94.617,9.3738,62.551,40.575,41.612,2636.8,64.455,26.707,49.399,0.35627,8.7721,26.454,120.38,1.2803,75.716,24.106,2.2372,53.728,4.8559,238.41,0.0052384,0.83083,65.993,18.596,44.517
192,2026-04-16T06:33:00,49.923,23.307,26.891,33.112,41.669,2706.5,3724.8,19.181,18.539,22.451,0.23728,0.09305,343.16,77.165,6.7271,13.784,32.116,4509.3,22.492,46.357,50.473,79.933,2.2279,1.6294,3103.4,42.53,54.066,94.26,9.4922,61.316,39.493,41.962,2635.3,63.706,24.615,49.555,0.35341,8.7721,26.454,120.42,1.2803,75.717,24.106,2.2372,53.728,4.8559,237.83,0.0052384,0.83083,65.971,18.596,44.517
193,2026-04-16T06:36:00,50.879,26.132,26.915,33.219,41.591,2707.9,3702.2,16.084,18.386,22.636,0.26854,0.09305,343.04,77.067,6.8638,13.751,32.513,4542.9,23.801,48.568,51.314,79.964,2.2384,1.6566,3103.8,42.557,53.718,94.403,9.3404,61.204,41.966,39.857,2636.9,64.011,26.707,49.441,0.33695,8.8812,27.081,120.43,0.97609,74.954,23.852,2.26,53.728,4.8231,240.28,0.0052384,0.83083,65.945,18.387,44.517
194,2026-04-16T06:39:00,49.893,26.275,26.816,33.219,42.135,2709.0,3696.4,17.505,18.386,22.599,0.26708,0.09305,343.12,77.716,6.8638,13.751,32.513,4524.6,23.179,46.285,50.162,80.118,2.2384,1.6566,3104.4,42.424,53.937,94.293,9.4552,61.521,38.577,40.123,2639.1,64.111,27.404,49.711,0.33476,8.8812,27.081,120.41,0.97609,75.034,23.852,2.26,53.728,4.8231,238.38,0.0052384,0.83083,65.967,18.387,44.517
195,2026-04-16T06:42:00,51.586,22.158,26.719,33.025,41.473,2710.2,3674.5,20.046,18.394,22.857,0.22948,0.09305,343.47,77.644,6.888,13.82,32.456,4563.3,22.099,50.205,51.538,80.311,2.2017,1.6215,3105.3,42.64,54.035,94.312,9.4101,61.677,42.625,39.215,2640.6,63.371,23.605,49.834,0.33442,8.9687,26.184,120.41,1.0738,74.912,24.695,2.3158,53.728,4.8644,238.08,0.0052384,0.83083,66.047,18.523,44.517
196,2026-04-16T06:45:00,50.165,22.275,26.826,33.025,41.261,2709.8,3664.1,18.372,18.394,22.586,0.22829,0.095269,343.08,77.428,6.888,13.82,32.456,4573.0,22.805,46.915,49.465,80.243,2.2017,1.6215,3105.4,42.757,53.92,94.506,9.3438,63.033,36.525,39.247,2638.4,63.55,24.64,49.772,0.33416,8.9687,26.184,120.38,1.0738,75.112,24.695,2.3158,52.569,4.8644,236.94,0.017564,0.81616,66.103,18.523,43.944
197,2026-04-16T06:48:00,50.69,22.656,27.216,33.075,41.349,2708.4,3695.9,18.277,18.785,22.639,0.22933,0.095269,343.0,77.115,6.847,13.94,32.596,4514.9,22.855,48.131,49.717,80.109,2.2896,1.6484,3104.7,42.784,54.334,94.404,9.2547,60.87,37.267,40.606,2637.3,62.796,24.611,49.664,0.33757,8.7516,26.28,120.39,1.1311,74.399,23.73,2.2932,52.569,4.9149,237.93,0.017564,0.81616,66.1,18.57,43.944
198,2026-04-16T06:51:00,50.456,22.639,26.874,33.075,41.226,2706.1,3666.2,18.53,18.785,22.579,0.2295,0.095269,343.08,77.009,6.847,13.94,32.596,4501.7,22.758,47.59,50.194,79.867,2.2896,1.6484,3102.0,42.376,54.492,94.639,9.4297,62.304,38.67,40.176,2634.9,63.307,24.892,49.476,0.3411,8.7516,26.28,120.38,1.1311,74.725,23.73,2.2932,52.569,4.9149,239.9,0.017564,0.81616,66.073,18.57,43.944
199,2026-04-16T06:54:00,50.178,21.074,26.918,33.083,40.808,2706.1,3699.8,18.063,18.536,22.562,0.21124,0.095269,343.18,77.573,6.7259,13.684,32.49,4583.4,22.945,46.945,49.521,79.892,2.228,1.6747,3100.4,42.439,53.437,94.471,9.3223,61.724,36.691,42.272,2634.9,63.102,24.786,49.669,0.35095,8.8641,26.484,120.38,1.1777,74.639,24.0,2.2563,52.569,4.827,237.62,0.017564,0.81616,65.981,18.41,43.944
200,2026-04-16T06:57:00,47.984,21.037,26.938,33.083,41.825,2706.6,3666.4,18.898,18.536,22.533,0.21161,0.095269,342.62,77.358,6.7259,13.684,32.49,4528.8,22.597,41.869,51.247,80.061,2.228,1.6747,3102.2,42.373,54.09,94.49,9.3411,61.993,41.769,41.919,2635.7,63.676,25.812,49.654,0.35385,8.8641,26.484,120.42,1.1777,76.6,24.0,2.2563,52.569,4.827,237.63,0.017564,0.81616,65.999,18.41,43.944
201,2026-04-16T07:00:00,49.571,21.673,27.326,32.994,41.606,2708.9,3708.6,18.591,18.323,22.953,0.21833,0.092557,342.59,77.382,6.894,13.856,32.79,4505.5,22.72,45.542,49.016,80.236,2.2714,1.6471,3103.8,42.549,54.81,94.454,9.4116,60.279,35.206,38.415,2638.1,64.102,24.622,49.416,0.32624,8.8559,26.123,120.41,1.0328,75.216,24.167,2.3052,53.326,4.7933,235.68,0.0076377,0.82288,66.036,18.694,44.19
202,2026-04-16T07:03:00,50.717,21.594,26.816,32.994,41.503,2705.9,3709.0,17.143,18.323,22.133,0.21913,0.092557,341.81,76.964,6.894,13.856,32.79,4578.2,23.342,48.193,49.86,80.091,2.2714,1.6471,3103.1,42.176,53.941,94.368,9.3898,59.859,37.689,38.277,2635.5,64.095,24.692,49.269,0.32737,8.8559,26.123,120.41,1.0328,75.16,24.167,2.3052,53.326,4.7933,235.22,0.0076377,0.82288,66.053,18.694,44.19
203,2026-04-16T07:06:00,49.879,18.172,26.622,33.061,41.219,2702.2,3698.0,16.682,18.839,21.998,0.18646,0.092557,341.38,77.086,7.0533,13.812,32.107,4539.0,23.538,46.254,51.092,79.948,2.2485,1.6832,3100.6,42.437,53.75,94.539,9.3299,60.59,41.314,40.588,2631.0,62.878,25.119,49.078,0.3456,8.8319,26.485,120.39,1.2476,75.995,24.129,2.2736,53.326,4.8577,235.29,0.0076377,0.82288,66.001,18.992,44.19
204,2026-04-16T07:09:00,49.466,18.204,26.81,33.061,40.713,2701.7,3704.1,15.109,18.839,22.252,0.18614,0.092557,341.72,77.428,7.0533,13.812,32.107,4504.3,24.196,45.299,51.605,80.032,2.2485,1.6832,3097.4,42.079,54.165,94.616,9.2634,62.962,42.822,40.464,2631.0,62.774,26.109,48.9,0.34661,8.8319,26.485,120.4,1.2476,74.243,24.129,2.2736,53.326,4.8577,235.21,0.0076377,0.82288,65.987,18.992,44.19
205,2026-04-16T07:12:00,52.077,24.505,26.829,33.501,41.471,2704.6,3625.5,17.823,18.468,22.535,0.24879,0.092557,341.72,77.396,6.9378,13.76,32.143,4449.0,23.047,51.34,50.012,80.239,2.2662,1.5875,3098.9,42.137,54.085,94.674,9.3509,62.85,38.135,40.242,2634.1,62.641,24.134,48.679,0.33893,8.7661,26.85,120.39,1.3942,74.959,24.243,2.3224,53.326,4.8518,235.62,0.0076377,0.82288,65.977,18.536,44.19
206,2026-04-16T07:15:00,50.481,24.543,27.291,33.501,40.433,2703.6,3622.6,18.944,18.468,22.615,0.2484,0.087561,341.86,77.094,6.9378,13.76,32.143,4489.9,22.587,47.647,50.434,80.14,2.2662,1.5875,3099.5,42.426,53.596,94.725,9.4024,58.624,39.377,40.556,2632.4,62.692,25.731,48.571,0.33636,8.7661,26.85,120.38,1.3942,75.592,24.243,2.3224,53.461,4.8518,236.33,0.040017,0.81148,65.99,18.536,43.845
207,2026-04-16T07:18:00,48.688,24.324,26.564,32.855,41.367,2703.8,3652.3,17.601,18.686,22.188,0.24496,0.087561,341.68,77.166,6.8173,13.8,31.698,4541.5,23.155,43.498,48.822,80.02,2.25,1.624,3100.5,42.197,54.099,94.651,9.4986,57.941,34.632,39.358,2632.4,63.087,24.944,48.804,0.33431,9.0106,26.227,120.4,1.2592,76.144,24.501,2.3116,53.461,4.9246,232.36,0.040017,0.81148,65.966,18.393,43.845
208,2026-04-16T07:21:00,50.185,24.336,26.897,32.855,40.39,2705.2,3639.9,16.998,18.686,22.36,0.24483,0.087561,341.56,77.381,6.8173,13.8,31.698,4563.3,23.405,46.961,50.925,80.098,2.25,1.624,3101.5,42.188,53.837,94.736,9.4535,60.027,40.824,39.913,2634.9,63.301,24.42,48.394,0.32975,9.0106,26.227,120.38,1.2592,74.138,24.501,2.3116,53.461,4.9246,235.62,0.040017,0.81148,65.908,18.393,43.845
209,2026-04-16T07:24:00,50.055,28.785,26.925,32.697,41.599,2706.8,3699.6,17.002,18.682,22.199,0.29129,0.087561,341.09,77.243,6.872,13.775,32.201,4559.2,23.404,46.66,51.407,80.189,2.2642,1.6209,3105.1,42.326,54.291,94.448,9.2812,63.809,42.241,39.945,2636.1,63.334,26.566,48.408,0.33768,8.8368,26.345,120.43,1.1437,74.607,23.614,2.3034,53.461,4.8292,234.12,0.040017,0.81148,65.914,18.593,43.845
210,2026-04-16T07:27:00,50.846,28.81,26.977,32.697,41.008,2705.5,3718.2,19.863,18.682,21.8,0.29102,0.087561,341.4,77.354,6.872,13.775,32.201,4545.2,22.197,48.492,48.29,80.112,2.2642,1.6209,3105.8,42.317,54.458,94.584,9.3304,62.335,33.068,39.691,2634.8,63.014,25.542,48.261,0.33976,8.8368,26.345,120.4,1.1437,76.125,23.614,2.3034,53.461,4.8292,234.42,0.040017,0.81148,65.925,18.593,43.845
211,2026-04-16T07:30:00,49.729,24.091,26.956,33.325,41.201,2705.9,3703.8,18.303,18.691,22.193,0.24662,0.10178,341.49,77.044,6.8866,13.703,31.942,4546.7,22.869,45.907,48.055,80.01,2.2298,1.6192,3102.1,42.064,53.998,94.456,9.3602,61.292,32.376,39.413,2634.4,62.817,25.038,48.139,0.33612,8.7795,26.199,120.42,1.1621,75.569,24.23,2.2889,54.103,4.9625,230.82,0.028414,0.82999,65.872,18.792,44.829
212,2026-04-16T07:33:00,51.483,24.114,26.671,33.325,41.018,2704.2,3702.7,18.57,18.691,22.101,0.2464,0.10178,341.46,77.226,6.8866,13.703,31.942,4550.9,22.757,49.966,49.867,79.937,2.2298,1.6192,3101.7,42.167,53.948,94.685,9.3263,60.335,37.708,39.673,2633.6,62.836,25.959,47.73,0.33399,8.7795,26.199,120.41,1.1621,75.4,24.23,2.2889,54.103,4.9625,232.53,0.028414,0.82999,65.809,18.792,44.829
213,2026-04-16T07:36:00,47.955,26.742,26.893,33.1,41.33,2705.2,3689.7,19.89,18.573,22.197,0.27214,0.10178,341.5,77.292,6.8002,13.851,32.11,4508.7,22.199,41.8,49.828,80.013,2.2221,1.6521,3103.0,42.758,53.977,94.422,9.2891,61.681,37.594,38.597,2633.8,62.935,27.63,47.609,0.32607,8.6168,26.565,120.41,1.1436,74.267,24.04,2.2386,54.103,4.7856,231.04,0.028414,0.82999,65.76,18.428,44.829
214,2026-04-16T07:39:00,49.781,26.78,26.776,33.1,41.106,2706.3,3670.5,16.446,18.573,22.169,0.27175,0.10178,341.64,77.77,6.8002,13.851,32.11,4547.3,23.637,46.026,50.025,80.13,2.2221,1.6521,3103.4,42.257,53.516,94.581,9.4123,61.511,38.173,38.176,2635.6,63.266,24.726,47.493,0.32953,8.6168,26.565,120.39,1.1436,74.862,24.04,2.2386,54.103,4.7856,229.48,0.028414,0.82999,65.73,18.428,44.829
215,2026-04-16T07:42:00,50.109,25.487,26.952,33.22,41.411,2708.5,3730.3,20.98,18.71,22.005,0.25591,0.10178,341.34,77.693,6.961,13.833,32.888,4563.4,21.716,46.787,50.309,80.428,2.2799,1.6448,3106.7,42.068,54.244,94.422,9.3667,60.337,39.008,40.434,2637.7,63.029,25.018,47.035,0.34304,8.9591,26.667,120.41,1.4127,74.279,24.063,2.3175,54.103,4.9421,231.73,0.028414,0.82999,65.806,19.1,44.829
216,2026-04-16T07:45:00,50.77,25.33,26.964,33.22,41.148,2707.7,3709.4,17.695,18.71,22.395,0.2575,0.095785,341.13,77.475,6.961,13.833,32.888,4548.6,23.098,48.316,51.031,80.432,2.2799,1.6448,3105.7,42.469,54.422,94.363,9.2315,62.021,41.134,40.518,2636.5,63.39,24.12,47.579,0.34234,8.9591,26.667,120.41,1.4127,76.058,24.063,2.3175,53.888,4.9421,227.71,0.028446,0.82192,65.876,19.1,43.862
217,2026-04-16T07:48:00,48.839,17.594,27.022,32.635,40.404,2702.4,3631.0,21.464,18.656,21.953,0.17915,0.095785,340.97,77.454,7.0204,13.893,32.161,4482.4,21.509,43.847,49.004,80.313,2.232,1.6081,3100.9,42.22,53.566,94.564,9.2885,58.693,35.169,40.474,2630.9,63.329,24.849,47.372,0.33899,8.8442,26.337,120.36,1.1772,74.931,23.711,2.2722,53.888,4.8834,229.27,0.028446,0.82192,65.883,18.789,43.862
218,2026-04-16T07:51:00,50.821,17.699,26.8,32.635,40.899,2698.0,3657.6,18.969,18.656,22.019,0.17808,0.095785,340.67,76.543,7.0204,13.893,32.161,4497.9,22.596,48.434,49.004,79.944,2.232,1.6081,3094.8,42.26,53.38,94.725,9.1963,60.588,35.17,40.305,2625.7,62.872,25.651,47.312,0.34037,8.8442,26.337,120.39,1.1772,75.002,23.711,2.2722,53.888,4.8834,229.23,0.028446,0.82192,65.85,18.789,43.862
219,2026-04-16T07:54:00,49.517,24.097,26.634,33.028,39.619,2695.4,3607.5,18.134,18.49,21.589,0.24666,0.095785,340.79,76.823,6.9759,13.858,32.1,4494.8,22.96,45.415,50.293,79.674,2.2525,1.6741,3093.2,42.523,54.152,94.966,9.2251,60.109,38.964,41.056,2622.5,63.111,24.896,47.074,0.3478,8.9879,26.35,120.36,1.2039,75.711,23.911,2.2973,53.888,4.9723,231.29,0.028446,0.82192,65.697,19.22,43.862
220,2026-04-16T07:57:00,51.01,24.086,27.163,33.028,40.911,2696.0,3619.1,16.533,18.49,21.726,0.24678,0.095785,340.08,77.216,6.9759,13.858,32.1,4519.6,23.631,48.871,50.197,79.813,2.2525,1.6741,3093.8,42.742,53.856,94.771,9.3847,60.62,38.679,41.263,2624.2,62.912,24.037,47.182,0.34611,8.9879,26.35,120.38,1.2039,75.716,23.911,2.2973,53.888,4.9723,229.48,0.028446,0.82192,65.62,19.22,43.862
221,2026-04-16T08:00:00,50.46,24.973,26.858,32.877,40.319,2701.2,3690.0,17.3,18.396,22.179,0.25078,0.083819,340.69,77.814,6.9531,13.909,32.089,4485.3,23.285,47.6,47.807,80.236,2.251,1.6451,3097.1,42.466,53.172,94.91,9.3508,58.865,31.647,40.576,2629.0,61.971,26.08,46.924,0.3447,8.9178,26.362,120.4,1.1223,76.359,24.439,2.2267,54.372,4.8591,229.26,0.0044413,0.84485,65.628,18.692,44.761
222,2026-04-16T08:03:00,50.183,24.813,26.964,32.877,40.72,2703.6,3655.2,17.949,18.396,22.308,0.25241,0.083819,340.68,77.598,6.9531,13.909,32.089,4494.3,23.004,46.957,50.915,80.497,2.251,1.6451,3100.1,42.294,53.064,94.581,9.3304,59.998,40.791,40.844,2632.1,62.57,23.949,46.759,0.3425,8.9178,26.362,120.41,1.1223,75.121,24.439,2.2267,54.372,4.8591,229.31,0.0044413,0.84485,65.713,18.692,44.761
223,2026-04-16T08:06:00,51.59,25.058,27.26,33.375,41.676,2702.5,3652.9,19.5,18.54,21.979,0.25388,0.083819,339.84,77.25,6.8977,13.843,32.246,4533.7,22.358,50.214,49.779,80.376,2.2558,1.6052,3101.8,42.299,53.857,94.737,9.2569,62.398,37.45,41.395,2630.7,62.732,23.888,46.852,0.34986,8.8734,26.969,120.41,1.417,75.51,23.759,2.2238,54.372,4.8591,226.45,0.0044413,0.84485,65.784,18.93,44.761
224,2026-04-16T08:09:00,49.598,24.98,26.869,33.375,39.692,2700.8,3631.2,16.397,18.54,21.738,0.25466,0.083819,340.6,77.005,6.8977,13.843,32.246,4512.8,23.68,45.605,52.425,80.131,2.2558,1.6052,3099.4,42.22,54.106,94.692,9.4569,62.307,45.235,41.467,2628.8,63.106,25.444,46.644,0.34927,8.8734,26.969,120.37,1.417,75.07,23.759,2.2238,54.372,4.8591,227.02,0.0044413,0.84485,65.751,18.93,44.761
225,2026-04-16T08:12:00,52.269,23.544,26.819,32.813,41.227,2700.3,3662.5,19.123,19.146,21.825,0.23945,0.083819,340.26,77.146,6.9635,13.963,31.979,4479.1,22.527,51.785,49.6,80.148,2.2468,1.6226,3099.3,42.33,53.921,94.771,9.3574,61.192,36.921,41.094,2629.3,63.012,23.35,46.546,0.33846,8.8238,26.647,120.44,1.3366,75.304,24.175,2.3029,54.372,4.9663,226.39,0.0044413,0.84485,65.704,18.59,44.761
226,2026-04-16T08:15:00,49.668,23.524,26.733,32.813,40.978,2702.1,3672.9,18.764,19.146,22.106,0.23965,0.10928,340.57,77.496,6.9635,13.963,31.979,4497.2,22.67,45.765,51.849,80.197,2.2468,1.6226,3098.0,42.25,53.705,94.679,9.3737,60.426,43.543,40.647,2630.9,62.834,25.833,46.746,0.34212,8.8238,26.647,120.4,1.3366,74.872,24.175,2.3029,54.038,4.9663,228.96,0.0069566,0.84324,65.667,18.59,44.243
227,2026-04-16T08:18:00,49.904,26.396,27.002,32.905,41.431,2701.8,3705.6,19.96,18.87,22.028,0.26366,0.10928,340.04,77.334,6.8796,13.914,32.359,4525.2,22.17,46.313,47.986,80.241,2.2417,1.6085,3100.5,42.592,54.206,94.652,9.3315,62.814,32.174,42.418,2629.8,61.648,25.164,47.007,0.35488,8.8106,26.356,120.41,1.2483,74.79,23.926,2.353,54.038,4.8304,227.15,0.0069566,0.84324,65.691,18.984,44.243
228,2026-04-16T08:21:00,49.569,26.078,26.908,32.905,41.033,2702.1,3653.8,16.929,18.87,21.684,0.2669,0.10928,339.79,77.287,6.8796,13.914,32.359,4530.4,23.447,45.537,49.662,80.183,2.2417,1.6085,3101.4,42.933,54.143,94.706,9.2265,62.746,37.105,42.362,2630.2,62.539,24.955,46.948,0.35534,8.8106,26.356,120.42,1.2483,74.597,23.926,2.353,54.038,4.8304,228.89,0.0069566,0.84324,65.683,18.984,44.243
229,2026-04-16T08:24:00,48.669,22.595,27.134,32.956,41.866,2703.5,3670.4,17.845,18.858,21.965,0.22905,0.10928,340.24,77.834,6.8998,13.769,32.094,4444.6,23.04,43.453,49.569,80.355,2.2209,1.6313,3102.0,42.294,54.201,94.614,9.2032,62.118,36.831,41.971,2632.1,62.952,24.748,47.138,0.34922,8.9626,26.095,120.41,1.3363,75.123,23.618,2.2976,54.038,4.8647,227.86,0.0069566,0.84324,65.702,19.065,44.243
230,2026-04-16T08:27:00,51.405,22.628,26.81,32.956,40.621,2700.5,3656.7,18.878,18.858,21.704,0.22871,0.10928,340.25,77.034,6.8998,13.769,32.094,4464.8,22.631,49.786,49.67,80.149,2.2209,1.6313,3100.9,42.565,53.959,94.681,9.4323,62.255,37.128,41.41,2629.0,63.188,24.142,47.327,0.35382,8.9626,26.095,120.41,1.3363,75.334,23.618,2.2976,54.038,4.8647,226.81,0.0069566,0.84324,65.73,19.065,44.243
231,2026-04-16T08:30:00,50.854,25.007,26.762,33.031,41.604,2703.1,3677.6,17.372,18.674,22.104,0.25514,0.091717,340.93,77.533,6.799,13.668,32.172,4478.4,23.25,48.51,51.23,80.215,2.2351,1.6645,3099.6,42.006,53.557,94.618,9.4046,61.982,41.718,39.905,2631.7,62.643,24.011,47.202,0.33467,8.9196,26.407,120.42,1.1774,74.237,24.213,2.2842,53.312,4.8516,229.01,0.0056696,0.83297,65.712,19.186,44.362
232,2026-04-16T08:33:00,48.974,25.062,26.322,33.031,41.192,2703.6,3627.2,18.875,18.674,21.734,0.25458,0.091717,340.46,77.442,6.799,13.668,32.172,4455.1,22.619,44.16,50.741,80.245,2.2351,1.6645,3101.2,42.635,53.835,94.633,9.4353,62.16,40.28,40.241,2632.7,63.51,25.016,47.43,0.33191,8.9196,26.407,120.39,1.1774,75.31,24.213,2.2842,53.312,4.8516,227.41,0.0056696,0.83297,65.73,19.186,44.362
233,2026-04-16T08:36:00,49.664,24.301,26.894,32.4,41.649,2704.5,3706.2,16.495,18.592,22.08,0.24835,0.091717,341.06,77.591,6.8499,13.779,32.446,4465.8,23.614,45.756,49.895,80.257,2.2536,1.6731,3101.8,42.525,53.352,94.581,9.3644,62.115,37.792,38.34,2633.3,63.066,25.39,47.333,0.32402,8.865,26.305,120.42,1.1903,75.083,24.023,2.3228,53.312,4.9079,229.45,0.0056696,0.83297,65.727,19.047,44.362
234,2026-04-16T08:39:00,49.665,24.525,27.042,32.4,41.263,2704.7,3660.8,18.46,18.592,22.199,0.24608,0.091717,340.94,77.422,6.8499,13.779,32.446,4419.7,22.786,45.758,51.107,80.333,2.2536,1.6731,3102.3,42.184,53.905,94.51,9.2753,61.818,41.357,38.635,2634.0,63.847,26.069,47.345,0.3216,8.865,26.305,120.41,1.1903,74.925,24.023,2.3228,53.312,4.9079,230.24,0.0056696,0.83297,65.765,19.047,44.362
235,2026-04-16T08:42:00,48.598,21.61,26.844,32.601,41.191,2704.9,3675.0,19.273,18.6,22.425,0.22017,0.091717,341.12,77.236,6.9819,13.712,32.298,4504.0,22.448,43.29,50.025,80.309,2.2964,1.6334,3100.6,42.481,53.177,94.585,9.3309,63.352,38.174,40.259,2633.9,63.211,25.407,47.447,0.33145,8.9601,26.401,120.41,1.3915,74.605,24.343,2.2197,53.312,4.8535,230.0,0.0056696,0.83297,65.795,18.86,44.362
236,2026-04-16T08:45:00,49.946,21.49,26.899,32.601,41.101,2701.4,3678.7,17.372,18.6,21.913,0.2214,0.095528,340.69,77.136,6.9819,13.712,32.298,4464.9,23.256,46.409,49.773,80.101,2.2964,1.6334,3098.9,42.735,53.645,94.489,9.3325,61.532,37.432,39.787,2630.0,63.147,24.348,47.346,0.33532,8.9601,26.401,120.39,1.3915,75.777,24.343,2.2197,53.522,4.8535,229.18,0.018976,0.84858,65.777,18.86,43.949
237,2026-04-16T08:48:00,48.598,22.686,26.613,32.761,40.92,2702.5,3651.5,17.259,18.819,22.069,0.23402,0.095528,341.37,77.142,6.9617,13.817,32.328,4502.3,23.302,43.288,49.632,80.131,2.2097,1.63,3098.6,42.213,53.627,94.785,9.2546,61.758,37.018,38.794,2631.3,62.426,23.016,47.305,0.3277,8.8284,26.25,120.39,1.3411,75.75,23.941,2.2499,53.522,4.9131,229.32,0.018976,0.84858,65.768,19.164,43.949
238,2026-04-16T08:51:00,50.232,22.882,26.705,32.761,40.493,2700.5,3650.5,19.529,18.819,21.895,0.23202,0.095528,340.74,76.849,6.9617,13.817,32.328,4484.8,22.367,47.072,50.415,79.903,2.2097,1.63,3099.0,42.007,53.837,94.619,9.3859,60.791,39.32,38.762,2628.2,62.443,25.087,47.282,0.32796,8.8284,26.25,120.4,1.3411,75.984,23.941,2.2499,53.522,4.9131,229.31,0.018976,0.84858,65.718,19.164,43.949
239,2026-04-16T08:54:00,52.958,22.675,26.892,32.199,40.955,2703.4,3619.5,15.152,18.726,22.33,0.22583,0.095528,341.07,77.413,6.9793,13.834,31.952,4458.6,24.2,53.379,48.229,79.973,2.2581,1.617,3098.5,42.105,53.363,94.887,9.3559,61.073,32.889,40.032,2631.4,63.069,25.265,47.334,0.33988,8.7192,26.137,120.39,1.226,75.287,24.319,2.275,53.522,4.9037,228.49,0.018976,0.84858,65.622,18.837,43.949
240,2026-04-16T08:57:00,51.561,22.766,26.665,32.199,40.88,2706.5,3647.8,21.925,18.726,22.233,0.2249,0.095528,340.81,77.491,6.9793,13.834,31.952,4468.8,21.334,50.146,48.929,80.31,2.2581,1.617,3102.7,42.08,53.242,94.619,9.5345,60.774,34.948,39.966,2635.5,62.581,25.731,47.189,0.34042,8.7192,26.137,120.39,1.226,73.817,24.319,2.275,53.522,4.9037,229.83,0.018976,0.84858,65.691,18.837,43.949
241,2026-04-16T09:00:00,50.664,26.153,27.107,32.625,40.97,2707.8,3631.1,17.547,18.147,22.426,0.26418,0.092506,341.12,77.544,6.7459,13.768,32.294,4465.0,23.171,48.071,48.811,80.319,2.2675,1.6605,3104.9,42.319,54.053,94.723,9.3936,59.463,34.6,40.559,2637.4,62.631,26.407,47.642,0.33951,8.8164,26.802,120.4,1.3639,74.52,24.523,2.4119,54.283,4.8069,229.0,0.031649,0.82795,65.736,18.471,44.364
242,2026-04-16T09:03:00,49.454,26.016,26.769,32.625,40.949,2708.5,3630.4,16.475,18.147,21.77,0.26558,0.092506,341.46,77.159,6.7459,13.768,32.294,4494.7,23.632,45.27,49.416,80.187,2.2675,1.6605,3105.9,42.246,53.698,94.734,9.374,62.471,36.382,40.136,2636.0,62.644,24.701,47.7,0.34298,8.8164,26.802,120.39,1.3639,75.184,24.523,2.4119,54.283,4.8069,230.0,0.031649,0.82795,65.798,18.471,44.364
243,2026-04-16T09:06:00,51.57,22.77,27.309,32.689,41.187,2709.5,3673.7,16.946,18.376,22.389,0.23365,0.092506,341.89,77.22,6.7452,13.802,31.667,4523.9,23.433,50.167,49.65,80.103,2.2485,1.6601,3107.1,42.557,54.266,94.543,9.4114,61.198,37.07,39.803,2637.7,63.963,23.797,47.796,0.33095,8.7908,26.399,120.42,1.1063,74.257,23.966,2.317,54.283,4.874,230.59,0.031649,0.82795,65.774,18.885,44.364
244,2026-04-16T09:09:00,51.151,22.833,26.939,32.689,40.592,2709.5,3695.8,16.485,18.376,22.488,0.23301,0.092506,341.77,77.332,6.7452,13.802,31.667,4568.5,23.622,49.198,50.504,80.157,2.2485,1.6601,3107.0,42.921,53.731,94.445,9.3368,60.941,39.583,39.72,2638.9,63.583,23.901,47.985,0.33162,8.7908,26.399,120.42,1.1063,74.542,23.966,2.317,54.283,4.874,230.14,0.031649,0.82795,65.806,18.885,44.364
245,2026-04-16T09:12:00,49.827,28.903,26.839,32.562,42.147,2708.8,3695.8,20.717,18.351,21.936,0.29698,0.092506,341.15,77.217,6.757,13.665,32.434,4461.1,21.844,46.133,48.301,80.061,2.2249,1.6372,3108.5,42.499,54.018,94.532,9.5571,61.139,33.101,39.868,2636.9,63.718,24.745,48.11,0.33735,8.8555,26.234,120.42,1.1176,75.557,23.942,2.2631,54.283,4.8948,230.4,0.031649,0.82795,65.788,18.888,44.364
246,2026-04-16T09:15:00,51.073,28.856,27.067,32.562,41.117,2707.9,3672.0,16.735,18.351,22.0,0.29746,0.10161,341.43,76.965,6.757,13.665,32.434,4481.1,23.536,49.017,50.448,79.824,2.2249,1.6372,3106.8,42.191,53.778,94.469,9.3411,60.009,39.42,40.123,2635.4,64.128,25.108,47.73,0.33527,8.8555,26.234,120.39,1.1176,74.752,23.942,2.2631,54.393,4.8948,230.51,0.034155,0.83174,65.732,18.888,44.396
247,2026-04-16T09:18:00,49.426,21.837,27.037,33.483,41.949,2707.4,3699.7,16.509,18.545,22.606,0.22326,0.10161,342.11,77.186,6.8867,13.738,32.313,4463.3,23.63,45.205,49.332,79.843,2.2542,1.681,3103.5,42.518,53.967,94.434,9.3181,60.562,36.134,38.0,2637.2,63.671,25.895,47.606,0.32156,8.8287,26.931,120.42,1.2268,75.693,24.327,2.3393,54.393,4.7994,231.07,0.034155,0.83174,65.67,18.869,44.396
248,2026-04-16T09:21:00,48.962,22.178,27.188,33.483,41.416,2709.6,3689.1,18.438,18.545,22.892,0.21979,0.10161,342.08,77.343,6.8867,13.738,32.313,4498.6,22.809,44.131,51.314,80.105,2.2542,1.681,3104.9,42.299,53.545,94.467,9.4993,61.617,41.968,37.521,2638.5,63.854,24.787,47.567,0.32549,8.8287,26.931,120.41,1.2268,75.398,24.327,2.3393,54.393,4.7994,230.67,0.034155,0.83174,65.684,18.869,44.396
249,2026-04-16T09:24:00,51.148,22.878,26.647,33.112,40.92,2708.8,3660.0,17.332,18.688,22.411,0.23233,0.10161,341.52,77.24,6.9102,13.782,32.451,4499.2,23.273,49.192,50.98,80.107,2.2277,1.6372,3105.3,42.542,53.565,94.463,9.3828,61.849,40.983,39.048,2637.7,63.274,26.527,47.298,0.32752,8.7829,26.196,120.39,1.1713,74.507,24.283,2.2831,54.393,4.7971,232.82,0.034155,0.83174,65.72,18.444,44.396
250,2026-04-16T09:27:00,48.591,22.949,27.167,33.112,41.083,2708.2,3688.6,16.069,18.688,22.598,0.23162,0.10161,341.33,77.321,6.9102,13.782,32.451,4553.0,23.801,43.274,50.503,80.1,2.2277,1.6372,3105.6,42.524,52.921,94.554,9.2383,61.561,39.58,39.163,2637.1,62.782,26.334,47.353,0.32658,8.7829,26.196,120.4,1.1713,73.902,24.283,2.2831,54.393,4.7971,231.34,0.034155,0.83174,65.726,18.444,44.396
251,2026-04-16T09:30:00,49.634,21.316,26.489,32.985,42.113,2708.0,3682.4,20.454,18.116,22.286,0.21746,0.10989,342.16,77.14,6.883,13.903,32.399,4560.1,21.96,45.688,50.642,80.07,2.2886,1.6425,3103.8,42.353,53.9,94.632,9.3751,61.314,39.988,39.625,2637.2,62.667,26.154,47.47,0.33174,8.9999,26.684,120.41,1.418,74.912,24.12,2.2572,53.865,4.8156,230.1,0.019109,0.83011,65.729,19.088,42.761
252,2026-04-16T09:33:00,49.234,21.399,26.722,32.985,40.84,2709.1,3680.2,18.672,18.116,22.658,0.21662,0.10989,341.73,77.464,6.883,13.903,32.399,4542.4,22.702,44.761,49.322,80.078,2.2886,1.6425,3104.6,42.381,54.112,94.588,9.3642,59.669,36.105,39.646,2638.4,62.705,24.282,47.317,0.33157,8.9999,26.684,120.37,1.418,74.635,24.12,2.2572,53.865,4.8156,231.39,0.019109,0.83011,65.711,19.088,42.761
253,2026-04-16T09:36:00,50.099,21.633,27.33,32.774,40.882,2707.5,3696.9,19.08,18.544,22.522,0.21929,0.10989,341.8,76.719,6.923,13.614,32.081,4471.5,22.554,46.763,50.313,79.948,2.2054,1.6548,3103.7,42.12,53.382,94.661,9.4248,60.695,39.02,41.106,2635.7,62.642,24.344,47.327,0.34619,8.9735,26.376,120.4,1.0213,75.397,24.256,2.3235,53.865,4.875,230.84,0.019109,0.83011,65.701,18.662,42.761
254,2026-04-16T09:39:00,50.125,21.72,27.095,32.774,41.11,2703.7,3643.2,17.88,18.544,22.195,0.21841,0.10989,341.24,76.86,6.923,13.614,32.081,4486.7,23.072,46.823,51.144,79.659,2.2054,1.6548,3101.2,41.996,53.2,94.669,9.4995,59.692,41.466,41.576,2631.8,63.566,24.498,47.395,0.34234,8.9735,26.376,120.38,1.0213,74.512,24.256,2.3235,53.865,4.875,229.72,0.019109,0.83011,65.611,18.662,42.761
255,2026-04-16T09:42:00,51.719,24.449,27.118,33.199,40.668,2707.0,3650.7,20.084,18.242,22.447,0.25102,0.10989,341.42,77.567,7.0826,13.85,32.252,4527.8,22.127,50.513,48.381,79.784,2.2451,1.6457,3103.8,42.551,53.738,94.748,9.3792,62.17,33.336,37.014,2635.7,63.065,26.277,47.18,0.31571,8.8102,26.753,120.4,1.247,74.599,24.327,2.2471,53.865,4.8754,231.78,0.019109,0.83011,65.562,18.916,42.761
256,2026-04-16T09:45:00,48.485,24.771,26.738,33.199,41.358,2713.6,3659.8,18.167,18.242,22.54,0.24775,0.12185,341.43,77.674,7.0826,13.85,32.252,4531.7,22.919,43.028,49.397,80.198,2.2451,1.6457,3108.9,42.083,53.691,94.525,9.4334,61.813,36.325,37.704,2642.4,62.91,25.66,47.228,0.31005,8.8102,26.753,120.4,1.247,74.471,24.327,2.2471,53.634,4.8754,230.3,0.02433,0.82839,65.589,18.916,43.662
257,2026-04-16T09:48:00,50.631,23.168,26.671,33.247,41.463,2712.8,3617.9,16.536,18.357,22.284,0.2316,0.12185,341.58,77.384,6.783,13.789,32.367,4490.6,23.61,47.995,49.48,80.189,2.2647,1.6238,3110.3,42.463,53.557,94.702,9.4127,63.03,36.568,40.443,2641.8,62.116,27.225,47.386,0.33831,8.9726,26.345,120.41,1.1042,75.45,24.328,2.2809,53.634,4.8086,227.82,0.02433,0.82839,65.666,18.675,43.662
258,2026-04-16T09:51:00,51.548,22.921,26.626,33.247,40.772,2712.9,3611.3,18.466,18.357,22.127,0.23411,0.12185,341.46,77.372,6.783,13.789,32.367,4457.0,22.797,50.115,50.23,80.043,2.2647,1.6238,3109.3,42.419,53.959,94.758,9.3849,62.672,38.776,40.138,2641.5,62.23,25.013,47.091,0.3408,8.9726,26.345,120.38,1.1042,74.093,24.328,2.2809,53.634,4.8086,230.47,0.02433,0.82839,65.689,18.675,43.662
259,2026-04-16T09:54:00,49.32,21.952,26.933,32.969,41.701,2713.9,3701.5,17.32,18.146,22.695,0.21901,0.12185,342.29,77.847,6.8615,13.934,32.152,4513.0,23.264,44.96,49.906,80.007,2.2572,1.6217,3111.0,42.546,53.877,94.563,9.3412,62.42,37.825,39.078,2643.0,63.257,23.864,47.081,0.336,8.7423,26.366,120.41,1.0347,75.158,24.45,2.2949,53.634,4.9034,229.93,0.02433,0.82839,65.644,18.61,43.662
260,2026-04-16T09:57:00,51.433,21.672,27.275,32.969,41.271,2715.5,3722.6,17.851,18.146,22.446,0.22185,0.12185,341.7,77.61,6.8615,13.934,32.152,4544.6,23.038,49.851,51.433,80.205,2.2572,1.6217,3113.9,42.285,53.498,94.553,9.3362,61.637,42.316,39.64,2644.2,62.895,23.858,47.199,0.33139,8.7423,26.366,120.4,1.0347,75.333,24.45,2.2949,53.634,4.9034,227.92,0.02433,0.82839,65.68,18.61,43.662
261,2026-04-16T10:00:00,49.517,23.549,26.836,32.515,41.476,2716.1,3683.6,19.825,18.505,22.684,0.24295,0.10246,342.16,77.495,6.7987,13.723,32.231,4557.5,22.205,45.416,49.211,80.172,2.303,1.6372,3112.0,42.026,53.525,94.409,9.3002,62.18,35.778,41.596,2645.4,62.934,23.439,47.045,0.34765,8.8286,27.197,120.39,1.1286,74.602,23.817,2.3889,54.24,4.8197,228.34,0.027141,0.83868,65.7,18.596,42.706
262,2026-04-16T10:03:00,49.481,23.71,26.389,32.515,40.736,2715.9,3680.3,18.317,18.505,22.17,0.24131,0.10246,341.7,77.328,6.7987,13.723,32.231,4519.7,22.844,45.333,47.418,80.139,2.303,1.6372,3111.9,42.071,53.978,94.557,9.2647,62.98,30.502,41.841,2644.0,62.99,25.14,46.972,0.34563,8.8286,27.197,120.4,1.1286,75.273,23.817,2.3889,54.24,4.8197,228.22,0.027141,0.83868,65.697,18.596,42.706
263,2026-04-16T10:06:00,48.609,23.155,26.59,33.147,40.74,2712.6,3711.0,17.35,18.358,22.164,0.23154,0.10246,341.97,77.041,6.7534,13.828,32.062,4507.1,23.265,43.314,51.599,79.802,2.2615,1.639,3109.8,42.326,54.192,94.568,9.3884,62.294,42.806,38.542,2641.2,63.062,25.14,47.041,0.32645,8.7729,26.891,120.4,1.2893,73.822,24.327,2.253,54.24,4.8162,226.53,0.027141,0.83868,65.658,19.152,42.706
264,2026-04-16T10:09:00,50.192,22.734,26.852,33.147,42.173,2713.3,3629.1,22.809,18.358,22.761,0.23582,0.10246,342.2,77.413,6.7534,13.828,32.062,4502.6,20.961,46.979,51.093,79.862,2.2615,1.639,3109.4,42.185,54.247,94.517,9.3385,60.397,41.315,38.637,2642.9,64.471,23.639,47.029,0.32567,8.7729,26.891,120.43,1.2893,74.84,24.327,2.253,54.24,4.8162,225.81,0.027141,0.83868,65.571,19.152,42.706
265,2026-04-16T10:12:00,49.949,24.679,26.84,32.201,40.939,2713.2,3680.2,19.564,18.252,22.596,0.24976,0.10246,342.1,77.087,6.8952,13.705,31.822,4441.7,22.341,46.416,49.005,79.843,2.2932,1.6487,3108.9,42.351,53.594,94.429,9.3316,62.482,35.171,40.018,2642.1,64.09,26.306,46.794,0.33676,8.8361,26.873,120.38,1.2961,75.607,24.951,2.2617,54.24,4.8181,227.59,0.027141,0.83868,65.53,18.61,42.706
266,2026-04-16T10:15:00,51.815,24.43,26.943,32.201,42.101,2711.3,3714.6,18.865,18.252,22.445,0.25229,0.095392,341.79,77.431,6.8952,13.705,31.822,4476.4,22.629,50.734,50.949,79.818,2.2932,1.6487,3108.7,42.412,53.178,94.573,9.4103,60.579,40.892,39.854,2639.9,63.498,24.44,46.92,0.33811,8.8361,26.873,120.42,1.2961,75.261,24.951,2.2617,53.037,4.8181,228.23,0.0078312,0.8229,65.504,18.61,44.399
267,2026-04-16T10:18:00,49.334,27.165,26.794,32.754,40.759,2713.7,3657.9,17.107,18.176,22.648,0.27597,0.095392,342.23,77.522,6.7221,13.679,31.864,4541.1,23.363,44.993,50.042,79.998,2.2388,1.6519,3109.5,42.074,53.717,94.499,9.33,63.179,38.224,38.074,2643.4,63.283,24.122,46.864,0.32509,8.8909,26.939,120.38,1.2375,74.786,24.415,2.3506,53.037,4.7965,229.25,0.0078312,0.8229,65.519,18.793,44.399
268,2026-04-16T10:21:00,50.202,27.374,27.081,32.754,42.042,2714.1,3657.5,16.992,18.176,22.72,0.27384,0.095392,341.72,76.951,6.7221,13.679,31.864,4519.9,23.43,47.001,50.305,79.903,2.2388,1.6519,3110.2,42.538,53.971,94.684,9.2497,62.621,38.998,38.329,2642.7,63.29,25.511,46.857,0.323,8.8909,26.939,120.42,1.2375,74.845,24.415,2.3506,53.037,4.7965,229.68,0.0078312,0.8229,65.585,18.793,44.399
269,2026-04-16T10:24:00,50.588,27.018,27.154,32.964,41.112,2715.0,3727.4,17.343,18.759,22.585,0.27643,0.095392,342.25,77.3,6.9839,13.665,32.09,4472.7,23.275,47.894,48.952,79.893,2.2781,1.678,3111.7,42.092,54.099,94.291,9.3977,60.447,35.016,37.625,2644.1,63.675,25.022,46.966,0.32148,8.8482,26.49,120.4,1.2344,74.27,24.33,2.2085,53.037,4.7676,228.86,0.0078312,0.8229,65.558,18.209,44.399
270,2026-04-16T10:27:00,50.123,27.189,26.909,32.964,41.608,2715.8,3726.9,20.044,18.759,22.545,0.27469,0.095392,342.25,77.184,6.9839,13.665,32.09,4484.0,22.138,46.819,49.761,79.932,2.2781,1.678,3112.2,42.173,53.964,94.467,9.3872,61.019,37.396,38.219,2644.5,63.684,25.847,46.934,0.31661,8.8482,26.49,120.42,1.2344,75.284,24.33,2.2085,53.037,4.7676,229.6,0.0078312,0.8229,65.581,18.209,44.399
271,2026-04-16T10:30:00,50.639,25.064,26.758,32.935,41.209,2714.5,3668.3,18.018,18.22,22.694,0.25695,0.10731,342.53,77.039,6.8379,13.713,32.078,4512.3,22.999,48.013,49.318,79.826,2.2639,1.6486,3109.5,42.569,55.105,94.339,9.3614,58.967,36.093,37.316,2643.7,62.422,25.444,46.733,0.31914,8.7755,26.56,120.4,1.2496,75.423,24.678,2.1894,53.913,4.7536,227.61,0.01452,0.82467,65.556,18.377,44.207
272,2026-04-16T10:33:00,49.933,25.262,26.557,32.935,40.138,2714.1,3658.6,15.519,18.22,22.432,0.25493,0.10731,342.9,77.301,6.8379,13.713,32.078,4579.7,24.05,46.379,49.248,79.724,2.2639,1.6486,3110.3,42.274,54.298,94.712,9.3178,59.936,35.887,37.195,2643.7,62.59,24.875,46.597,0.32013,8.7755,26.56,120.4,1.2496,75.371,24.678,2.1894,53.913,4.7536,227.54,0.01452,0.82467,65.499,18.377,44.207
273,2026-04-16T10:36:00,48.585,25.335,26.522,32.703,41.94,2718.0,3690.9,18.541,18.21,22.837,0.25872,0.10731,342.29,77.506,6.9745,13.877,32.451,4554.4,22.765,43.259,49.487,80.049,2.2286,1.6612,3113.6,41.968,54.269,94.45,9.2768,60.594,36.59,38.038,2647.5,63.289,25.085,46.231,0.32202,8.8406,27.036,120.41,1.3762,75.829,24.311,2.2231,53.913,4.8573,230.07,0.01452,0.82467,65.472,18.289,44.207
274,2026-04-16T10:39:00,48.626,25.357,27.031,32.703,41.103,2718.6,3691.0,16.549,18.21,23.157,0.2585,0.10731,342.66,77.513,6.9745,13.877,32.451,4545.6,23.6,43.355,49.048,80.092,2.2286,1.6612,3113.3,42.285,54.374,94.491,9.3285,60.24,35.297,38.353,2648.5,63.286,23.964,46.491,0.31944,8.8406,27.036,120.4,1.3762,75.262,24.311,2.2231,53.913,4.8573,225.49,0.01452,0.82467,65.533,18.289,44.207
275,2026-04-16T10:42:00,48.621,21.596,27.09,33.138,40.326,2713.5,3674.8,20.093,18.072,22.695,0.223,0.10731,342.04,77.119,6.9615,13.915,32.445,4571.1,22.122,43.342,49.526,79.836,2.2396,1.5965,3110.3,42.585,54.361,94.477,9.3417,60.395,36.705,40.296,2643.2,62.343,23.353,46.359,0.33922,8.7445,26.438,120.37,1.0874,75.898,24.657,2.2716,53.913,4.8008,225.35,0.01452,0.82467,65.549,18.669,44.207
276,2026-04-16T10:45:00,49.307,21.797,26.719,33.138,40.758,2710.3,3667.4,20.029,18.072,22.481,0.22095,0.11749,342.03,77.047,6.9615,13.915,32.445,4558.2,22.161,44.929,51.104,79.62,2.2396,1.5965,3106.6,42.677,54.515,94.694,9.3079,61.467,41.348,39.878,2639.2,62.47,25.632,46.138,0.34265,8.7445,26.438,120.36,1.0874,75.153,24.657,2.2716,53.458,4.8008,226.53,0.018906,0.83051,65.483,18.669,44.288
277,2026-04-16T10:48:00,50.121,21.61,27.065,33.136,41.305,2709.2,3640.1,16.141,18.451,22.683,0.21862,0.11749,342.0,76.754,6.823,13.749,32.143,4497.7,23.818,46.814,49.926,79.558,2.2531,1.6123,3105.5,42.056,54.356,94.779,9.4389,61.032,37.883,40.523,2638.3,62.973,25.997,46.131,0.34656,8.8063,26.328,120.4,1.284,76.102,24.374,2.3325,53.458,4.7889,225.21,0.018906,0.83051,65.366,19.046,44.288
278,2026-04-16T10:51:00,50.766,21.572,26.859,33.136,40.55,2710.8,3663.2,19.155,18.451,22.806,0.21901,0.11749,341.87,77.152,6.823,13.749,32.143,4513.0,22.538,48.306,49.209,79.761,2.2531,1.6123,3104.8,42.51,54.173,94.773,9.3586,61.648,35.771,40.734,2638.9,62.575,24.2,45.936,0.34483,8.8063,26.328,120.37,1.284,75.613,24.374,2.3325,53.458,4.7889,225.98,0.018906,0.83051,65.338,19.046,44.288
279,2026-04-16T10:54:00,51.787,24.197,26.971,33.076,41.05,2710.0,3668.4,18.086,18.449,22.457,0.24844,0.11749,341.62,77.16,6.7545,13.769,31.723,4493.1,22.993,50.67,48.708,79.731,2.2257,1.6315,3105.9,42.249,53.473,94.64,9.3895,60.908,34.297,38.519,2638.7,63.692,24.289,45.665,0.32662,9.0567,26.765,120.41,1.2997,75.033,24.723,2.2568,53.458,4.7919,227.62,0.018906,0.83051,65.314,19.01,44.288
280,2026-04-16T10:57:00,49.973,24.024,26.714,33.076,40.526,2710.8,3721.9,19.849,18.449,22.468,0.25019,0.11749,341.45,77.619,6.7545,13.769,31.723,4466.0,22.235,46.472,51.128,79.93,2.2257,1.6315,3107.6,42.354,53.797,94.626,9.2292,60.138,41.419,38.82,2639.8,62.771,24.176,45.633,0.32415,9.0567,26.765,120.4,1.2997,74.827,24.723,2.2568,53.458,4.7919,226.54,0.018906,0.83051,65.341,19.01,44.288
281,2026-04-16T11:00:00,50.028,28.513,27.241,32.595,41.89,2711.5,3671.9,19.112,18.462,22.3,0.29124,0.10847,341.0,77.358,6.9161,13.803,32.453,4481.9,22.549,46.598,51.988,80.071,2.2887,1.6645,3109.3,42.241,53.653,94.442,9.133,62.982,43.95,38.771,2640.1,64.32,24.526,45.76,0.32814,8.8371,26.821,120.41,1.1874,75.737,24.218,2.3086,53.111,4.8032,225.16,0.0040004,0.84612,65.404,18.668,44.386
282,2026-04-16T11:03:00,50.03,28.482,26.987,32.595,41.324,2710.6,3700.9,16.529,18.462,22.244,0.29155,0.10847,340.87,77.423,6.9161,13.803,32.453,4504.9,23.629,46.604,49.386,80.127,2.2887,1.6645,3109.6,42.271,53.377,94.521,9.3693,62.326,36.294,38.782,2640.0,63.82,24.926,45.863,0.32804,8.8371,26.821,120.41,1.1874,74.464,24.218,2.3086,53.111,4.8032,223.18,0.0040004,0.84612,65.462,18.668,44.386
283,2026-04-16T11:06:00,48.729,21.527,26.983,32.745,41.499,2709.3,3679.4,17.655,18.714,22.493,0.22303,0.10847,341.1,77.049,6.7944,13.912,32.216,4492.5,23.162,43.593,49.04,80.127,2.2514,1.621,3106.0,42.168,54.354,94.483,9.2373,59.466,35.274,39.563,2637.5,62.818,25.501,45.717,0.32873,8.9987,26.985,120.4,1.4029,73.972,24.046,2.2697,53.111,4.8114,223.97,0.0040004,0.84612,65.498,18.768,44.386
284,2026-04-16T11:09:00,49.752,21.779,26.909,32.745,40.388,2706.8,3678.4,16.843,18.714,22.345,0.22047,0.10847,341.29,76.959,6.7944,13.912,32.216,4519.1,23.51,45.961,47.797,79.979,2.2514,1.621,3103.5,42.336,54.036,94.665,9.4249,61.893,31.617,38.93,2636.0,62.836,25.109,45.76,0.33392,8.9987,26.985,120.36,1.4029,74.674,24.046,2.2697,53.111,4.8114,222.65,0.0040004,0.84612,65.503,18.768,44.386
285,2026-04-16T11:12:00,48.915,23.903,26.925,32.675,41.71,2705.3,3660.4,19.332,18.712,22.113,0.24177,0.10847,340.65,77.051,6.9138,13.558,32.142,4515.1,22.462,44.023,50.649,79.95,2.2866,1.6712,3103.0,42.312,53.848,94.634,9.3804,58.675,40.011,40.829,2634.1,64.237,26.121,45.745,0.34279,9.0585,26.601,120.42,1.3335,74.843,24.36,2.27,53.111,4.8434,222.03,0.0040004,0.84612,65.482,18.691,44.386
286,2026-04-16T11:15:00,50.473,23.826,27.021,32.675,40.84,2703.5,3676.0,15.042,18.712,22.059,0.24254,0.11924,340.29,77.279,6.9138,13.558,32.142,4518.3,24.264,47.628,50.818,79.956,2.2866,1.6712,3102.1,42.123,53.809,94.585,9.341,58.396,40.508,40.844,2632.5,63.969,24.609,46.065,0.34266,9.0585,26.601,120.39,1.3335,75.617,24.36,2.27,53.804,4.8434,222.18,0.0014473,0.84984,65.442,18.691,43.637
287,2026-04-16T11:18:00,50.506,24.459,26.807,32.866,40.696,2705.4,3685.1,20.794,18.381,22.321,0.25054,0.11924,340.63,77.069,6.8629,13.683,32.412,4493.0,21.847,47.706,48.386,80.049,2.2731,1.6429,3102.3,42.328,54.308,94.606,9.2395,61.513,33.351,35.574,2634.9,62.792,26.901,45.717,0.3071,8.9434,26.671,120.39,1.2999,74.676,23.957,2.2522,53.804,4.8681,227.22,0.0014473,0.84984,65.458,18.969,43.637
288,2026-04-16T11:21:00,51.368,24.469,26.782,32.866,41.194,2705.0,3655.3,18.011,18.381,22.073,0.25044,0.11924,340.59,76.854,6.8629,13.683,32.412,4497.8,23.029,49.701,49.648,79.996,2.2731,1.6429,3102.2,42.466,54.251,94.654,9.3343,58.824,37.064,36.197,2633.5,63.304,23.343,46.073,0.30199,8.9434,26.671,120.4,1.2999,75.43,23.957,2.2522,53.804,4.8681,224.38,0.0014473,0.84984,65.467,18.969,43.637
289,2026-04-16T11:24:00,51.207,21.799,26.48,33.026,40.768,2703.1,3690.0,16.544,18.909,21.879,0.2235,0.11924,340.26,77.012,6.9386,13.79,31.605,4466.4,23.649,49.326,50.051,79.894,2.2688,1.6646,3101.1,42.315,53.936,94.647,9.3783,59.158,38.252,37.342,2631.2,63.147,25.993,45.941,0.31748,8.9847,26.514,120.39,1.1549,74.885,24.094,2.3753,53.804,4.7504,227.05,0.0014473,0.84984,65.469,18.851,43.637
290,2026-04-16T11:27:00,49.669,21.928,26.88,33.026,41.741,2703.5,3673.3,13.568,18.909,21.654,0.22218,0.11924,339.82,77.139,6.9386,13.79,31.605,4499.4,24.899,45.768,49.948,80.004,2.2688,1.6646,3101.7,42.203,53.541,94.717,9.3561,58.538,37.946,37.673,2631.2,63.435,24.347,46.098,0.31476,8.9847,26.514,120.42,1.1549,75.896,24.094,2.3753,53.804,4.7504,226.46,0.0014473,0.84984,65.468,18.851,43.637
291,2026-04-16T11:30:00,49.869,29.709,26.893,32.642,40.761,2705.0,3645.8,18.155,18.575,21.625,0.30293,0.091452,339.76,77.41,6.8986,13.858,31.467,4511.6,22.954,46.231,50.252,80.161,2.2374,1.6385,3105.2,42.362,53.662,94.588,9.3327,60.099,38.842,39.259,2633.7,63.226,24.275,46.319,0.32429,8.9275,26.21,120.4,1.4038,74.866,23.956,2.3209,53.777,4.787,226.43,0.016075,0.83598,65.504,18.924,43.617
292,2026-04-16T11:33:00,50.006,30.054,26.672,32.642,40.963,2707.3,3711.2,18.164,18.575,21.883,0.29943,0.091452,339.89,77.222,6.8986,13.858,31.467,4501.6,22.95,46.547,48.676,80.288,2.2374,1.6385,3105.3,42.409,53.781,94.57,9.2672,60.391,34.204,39.036,2636.0,62.102,25.168,46.437,0.32612,8.9275,26.21,120.4,1.4038,76.007,23.956,2.3209,53.777,4.787,226.75,0.016075,0.83598,65.601,18.924,43.617
293,2026-04-16T11:36:00,49.033,31.743,26.993,32.602,41.051,2706.1,3625.8,17.792,18.713,21.938,0.32245,0.091452,339.74,77.32,6.9207,13.917,31.71,4489.6,23.104,44.296,50.907,80.124,2.2279,1.5584,3104.8,42.456,53.728,94.682,9.3329,61.377,40.768,39.662,2634.0,63.887,26.068,46.706,0.33593,8.9349,26.642,120.4,1.3935,74.527,24.385,2.308,53.777,4.8534,225.38,0.016075,0.83598,65.619,18.58,43.617
294,2026-04-16T11:39:00,49.156,31.563,26.778,32.602,41.267,2706.7,3696.8,16.884,18.713,21.861,0.32429,0.091452,340.3,77.219,6.9207,13.917,31.71,4522.9,23.492,44.582,50.314,80.093,2.2279,1.5584,3104.6,42.47,53.328,94.532,9.2589,61.717,39.024,39.856,2635.0,62.666,24.335,46.709,0.33434,8.9349,26.642,120.39,1.3935,75.054,24.385,2.308,53.777,4.8534,227.02,0.016075,0.83598,65.605,18.58,43.617
295,2026-04-16T11:42:00,51.13,30.058,26.447,32.862,40.836,2706.2,3649.8,19.862,19.154,22.069,0.30509,0.091452,340.8,77.287,6.6963,13.878,32.314,4526.5,22.237,49.149,49.669,80.083,2.2757,1.6537,3103.7,42.482,54.134,94.666,9.2154,61.146,37.125,40.724,2635.5,63.255,26.658,46.99,0.34099,8.8702,26.291,120.4,1.218,75.664,24.188,2.2624,53.777,4.8461,225.54,0.016075,0.83598,65.628,18.417,43.617
296,2026-04-16T11:45:00,50.183,30.149,27.463,32.862,41.009,2706.8,3660.4,20.212,19.154,22.562,0.30416,0.085215,340.48,77.55,6.6963,13.878,32.314,4555.4,22.076,46.958,49.898,80.231,2.2757,1.6537,3105.6,42.251,53.788,94.527,9.2916,61.258,37.801,40.941,2636.1,63.072,24.107,46.856,0.3392,8.8702,26.291,120.42,1.218,75.547,24.188,2.2624,53.247,4.8461,224.85,0.036619,0.86099,65.636,18.417,43.185
297,2026-04-16T11:48:00,49.454,24.471,27.026,32.64,40.8,2704.3,3743.5,18.046,18.453,21.546,0.24883,0.085215,340.37,77.046,6.6633,13.796,31.793,4544.4,23.005,45.271,48.852,80.021,2.271,1.6217,3104.5,42.138,54.366,94.546,9.3164,62.661,34.722,40.053,2632.4,63.678,22.516,46.586,0.33882,8.9858,26.594,120.4,1.2747,74.354,24.349,2.2408,53.247,4.7401,227.84,0.036619,0.86099,65.641,18.806,43.185
298,2026-04-16T11:51:00,49.6,24.317,26.55,32.64,40.899,2703.5,3723.0,17.493,18.453,22.121,0.25039,0.085215,340.39,77.397,6.6633,13.796,31.793,4583.3,23.229,45.607,51.003,80.101,2.271,1.6217,3101.0,42.085,53.9,94.371,9.3073,58.011,41.052,40.24,2633.0,64.032,24.686,46.72,0.33728,8.9858,26.594,120.41,1.2747,74.314,24.349,2.2408,53.247,4.7401,226.34,0.036619,0.86099,65.617,18.806,43.185
299,2026-04-16T11:54:00,48.993,29.576,27.157,32.388,41.838,2702.3,3748.0,19.317,18.252,21.908,0.30035,0.085215,340.06,77.286,7.0221,14.011,32.278,4503.4,22.463,44.204,50.712,80.151,2.2649,1.6537,3101.4,42.425,53.93,94.466,9.3201,59.813,40.194,39.371,2630.2,64.082,26.083,46.577,0.32644,8.9215,26.191,120.41,1.1352,74.572,24.116,2.3196,53.247,4.8432,227.91,0.036619,0.86099,65.637,18.753,43.185
300,2026-04-16T11:57:00,49.198,29.44,27.104,32.388,41.478,2700.9,3699.2,19.349,18.252,21.729,0.30174,0.085215,339.54,77.46,7.0221,14.011,32.278,4528.2,22.441,44.677,48.412,80.33,2.2649,1.6537,3102.1,42.58,53.634,94.173,9.3335,61.239,33.426,39.322,2629.5,64.922,24.607,46.687,0.32684,8.9215,26.191,120.42,1.1352,74.935,24.116,2.3196,53.247,4.8432,226.65,0.036619,0.86099,65.679,18.753,43.185
301,2026-04-16T12:00:00,50.059,25.119,27.201,32.943,41.112,2697.0,3650.8,17.503,18.505,22.084,0.25517,0.094423,339.72,77.085,7.0433,14.04,32.026,4480.0,23.227,46.67,49.765,80.201,2.253,1.6464,3096.1,42.521,54.34,94.609,9.1381,62.273,37.407,42.268,2625.0,62.644,25.862,47.311,0.35101,8.9875,25.84,120.38,1.201,75.976,23.955,2.2088,54.046,4.9077,226.99,0.025742,0.83233,65.731,18.748,43.395
302,2026-04-16T12:03:00,50.744,25.177,26.629,32.943,40.802,2694.5,3656.9,17.626,18.505,21.682,0.25458,0.094423,339.71,77.188,7.0433,14.04,32.026,4506.2,23.178,48.257,50.701,80.134,2.253,1.6464,3092.5,42.421,54.027,94.757,9.1932,59.191,40.163,42.121,2622.1,62.54,26.16,47.218,0.35222,8.9875,25.84,120.37,1.201,75.932,23.955,2.2088,54.046,4.9077,231.21,0.025742,0.83233,65.73,18.748,43.395
303,2026-04-16T12:06:00,48.819,27.464,27.006,32.833,40.163,2693.0,3656.6,17.823,18.547,21.451,0.2808,0.094423,338.9,77.013,7.0334,13.801,31.931,4512.8,23.104,43.8,50.855,80.082,2.3093,1.6664,3092.1,42.151,53.964,94.79,9.2415,61.045,40.615,42.856,2621.4,62.217,24.473,47.756,0.35491,8.8584,26.181,120.37,1.2649,75.516,24.249,2.3339,54.046,4.8961,228.34,0.025742,0.83233,65.749,18.638,43.395
304,2026-04-16T12:09:00,50.83,27.502,27.021,32.833,40.016,2692.9,3637.8,17.877,18.547,21.527,0.28041,0.094423,339.28,77.066,7.0334,13.801,31.931,4497.8,23.088,48.454,48.38,80.044,2.3093,1.6664,3092.2,42.209,54.144,94.877,9.4161,60.203,33.333,42.738,2621.0,62.54,24.416,47.833,0.35587,8.8584,26.181,120.38,1.2649,74.776,24.249,2.3339,54.046,4.8961,230.66,0.025742,0.83233,65.742,18.638,43.395
305,2026-04-16T12:12:00,50.115,28.584,27.14,32.532,40.474,2694.8,3639.9,19.231,18.874,21.904,0.29207,0.094423,339.29,77.152,6.8925,13.762,31.831,4487.4,22.518,46.8,49.204,80.083,2.2607,1.6655,3093.9,42.276,54.552,94.831,9.2105,62.166,35.757,39.331,2622.8,62.444,24.114,48.029,0.33252,9.0933,26.297,120.4,1.3218,75.209,23.5,2.3369,54.046,4.8618,231.64,0.025742,0.83233,65.751,18.603,43.395
306,2026-04-16T12:15:00,49.391,28.667,27.082,32.532,41.363,2698.0,3643.1,18.893,18.874,21.789,0.29123,0.10375,339.7,77.956,6.8925,13.762,31.831,4541.3,22.634,45.124,48.777,80.358,2.2607,1.6655,3096.5,42.112,53.907,94.72,9.311,60.605,34.501,39.865,2625.9,62.389,24.688,47.679,0.32814,9.0933,26.297,120.4,1.3218,75.737,23.5,2.3369,53.844,4.8618,230.71,0.014578,0.84559,65.781,18.603,43.442
307,2026-04-16T12:18:00,48.959,29.832,27.223,32.458,40.869,2700.4,3658.3,19.395,18.644,21.798,0.30522,0.10375,339.28,77.476,6.7216,13.677,32.249,4538.1,22.424,44.124,52.311,80.581,2.3114,1.622,3100.8,42.055,54.058,94.629,9.2289,61.603,44.902,39.156,2628.7,63.286,24.051,47.901,0.32485,8.9401,26.206,120.4,1.4601,74.458,23.809,2.2335,53.844,4.9221,227.82,0.014578,0.84559,65.88,19.323,43.442
308,2026-04-16T12:21:00,50.731,29.991,26.981,32.458,41.515,2698.6,3694.0,17.883,18.644,21.56,0.30361,0.10375,339.52,77.175,6.7216,13.677,32.249,4489.3,23.07,48.226,50.044,80.356,2.3114,1.622,3099.1,41.908,54.641,94.603,9.2044,60.716,38.23,39.015,2627.4,62.671,23.745,47.739,0.32601,8.9401,26.206,120.42,1.4601,74.756,23.809,2.2335,53.844,4.9221,229.21,0.014578,0.84559,65.933,19.323,43.442
309,2026-04-16T12:24:00,49.909,26.297,27.035,33.042,40.559,2698.7,3718.6,17.489,18.834,21.744,0.26328,0.10375,340.12,77.172,6.8632,13.822,32.055,4445.0,23.236,46.322,49.469,80.306,2.2424,1.6457,3097.2,42.474,53.373,94.547,9.3144,60.257,36.536,37.897,2626.2,63.819,23.788,47.595,0.31533,9.017,26.381,120.4,1.3479,75.4,23.571,2.2987,53.844,4.8885,230.44,0.014578,0.84559,65.905,19.112,43.442
310,2026-04-16T12:27:00,50.75,25.978,27.185,33.042,41.718,2697.1,3710.6,16.79,18.834,21.724,0.26653,0.10375,339.97,77.328,6.8632,13.822,32.055,4436.6,23.522,48.27,49.949,80.406,2.2424,1.6457,3095.9,42.597,53.474,94.411,9.3314,62.075,37.95,37.375,2625.9,63.957,25.21,47.603,0.3196,9.017,26.381,120.42,1.3479,75.002,23.571,2.2987,53.844,4.8885,229.99,0.014578,0.84559,65.916,19.112,43.442
311,2026-04-16T12:30:00,48.203,27.853,27.248,32.642,41.311,2693.7,3686.6,19.482,19.228,21.596,0.28573,0.10827,339.49,77.074,6.9462,13.91,32.167,4438.0,22.393,42.376,48.738,80.34,2.2792,1.6502,3094.2,42.56,53.9,94.498,9.1902,63.257,34.387,39.628,2622.4,63.212,26.077,47.881,0.33201,8.9017,26.608,120.41,1.2433,75.352,24.004,2.3152,53.507,4.9155,230.33,0.0071089,0.86705,65.927,19.356,43.654
312,2026-04-16T12:33:00,49.107,28.213,26.82,32.642,40.701,2692.3,3636.9,18.344,19.228,21.504,0.28206,0.10827,339.53,77.324,6.9462,13.91,32.167,4486.6,22.868,44.468,50.186,80.247,2.2792,1.6502,3091.4,42.362,53.319,94.615,9.2746,61.385,38.648,39.373,2621.0,64.068,25.917,47.835,0.3341,8.9017,26.608,120.39,1.2433,74.734,24.004,2.3152,53.507,4.9155,232.15,0.0071089,0.86705,65.909,19.356,43.654
313,2026-04-16T12:36:00,49.808,26.961,26.803,33.316,40.602,2690.9,3666.5,16.143,19.197,21.478,0.27485,0.10827,339.49,77.227,7.0612,13.935,32.3,4485.5,23.798,46.089,49.918,80.251,2.2725,1.6779,3089.9,42.127,52.657,94.629,9.3195,60.194,37.859,40.644,2619.0,62.808,25.403,48.078,0.34356,8.8092,26.23,120.38,1.3048,74.821,24.164,2.3772,53.507,4.868,230.73,0.0071089,0.86705,65.908,19.401,43.654
314,2026-04-16T12:39:00,50.368,26.911,27.152,33.316,40.917,2691.0,3692.5,17.125,19.197,21.991,0.27536,0.10827,340.11,77.29,7.0612,13.935,32.3,4474.5,23.384,47.385,50.78,80.326,2.2725,1.6779,3088.8,42.22,52.789,94.691,9.3155,62.113,40.396,40.891,2619.5,62.36,23.836,48.113,0.34153,8.8092,26.23,120.38,1.3048,75.622,24.164,2.3772,53.507,4.868,231.63,0.0071089,0.86705,65.911,19.401,43.654
315,2026-04-16T12:42:00,51.664,25.803,27.136,33.168,41.34,2691.5,3629.3,16.129,19.06,21.877,0.25978,0.10827,339.92,77.387,6.9647,13.968,31.752,4446.6,23.799,50.385,50.717,80.352,2.2788,1.6668,3088.5,42.143,52.909,94.728,9.3371,61.52,40.209,40.994,2619.7,62.325,23.736,48.134,0.34747,9.0922,25.966,120.39,1.2313,75.578,23.775,2.3236,53.507,4.862,232.68,0.0071089,0.86705,65.924,19.453,43.654
316,2026-04-16T12:45:00,49.903,25.748,26.825,33.168,39.635,2691.1,3600.2,18.851,19.06,21.562,0.26033,0.098497,340.28,77.217,6.9647,13.968,31.752,4410.2,22.657,46.31,49.922,80.327,2.2788,1.6668,3089.0,42.292,53.344,94.814,9.3164,60.185,37.87,41.355,2620.2,62.825,24.695,48.932,0.34451,9.0922,25.966,120.38,1.2313,74.534,23.775,2.3236,53.394,4.862,231.57,0.0062046,0.85559,65.98,19.453,43.766
317,2026-04-16T12:48:00,49.609,31.136,27.173,32.953,41.87,2694.4,3624.4,20.714,18.907,22.209,0.31497,0.098497,340.86,77.516,6.5839,13.92,31.733,4404.3,21.865,45.629,49.874,80.316,2.2945,1.6915,3089.7,42.323,53.179,94.745,9.3261,62.851,37.729,41.723,2622.2,63.131,25.908,48.968,0.35016,9.1312,26.063,120.41,1.4337,75.423,23.417,2.3148,53.394,4.8541,235.3,0.0062046,0.85559,65.986,19.2,43.766
318,2026-04-16T12:51:00,49.342,31.141,27.112,32.953,39.998,2693.7,3681.9,17.012,18.907,21.621,0.31492,0.098497,340.22,77.636,6.5839,13.92,31.733,4423.1,23.421,45.011,49.311,80.328,2.2945,1.6915,3091.8,42.345,52.954,94.774,9.2389,60.889,36.073,41.533,2620.9,62.142,24.958,49.353,0.35171,9.1312,26.063,120.4,1.4337,74.694,23.417,2.3148,53.394,4.8541,235.08,0.0062046,0.85559,66.022,19.2,43.766
319,2026-04-16T12:54:00,48.723,31.825,27.207,32.937,42.104,2696.7,3752.6,16.535,18.748,21.65,0.32096,0.098497,340.71,77.46,6.7701,13.818,32.627,4415.9,23.618,43.578,49.723,80.462,2.294,1.6268,3095.0,42.702,53.569,94.483,9.4002,60.935,37.286,41.378,2624.9,64.367,23.879,49.623,0.34389,9.0297,26.338,120.45,1.0758,74.555,23.73,2.2909,53.394,4.902,236.13,0.0062046,0.85559,66.096,19.191,43.766
320,2026-04-16T12:57:00,50.006,31.8,27.036,32.937,41.493,2694.4,3755.8,18.887,18.748,21.409,0.32121,0.098497,341.1,77.335,6.7701,13.818,32.627,4399.0,22.632,46.549,50.446,80.306,2.294,1.6268,3094.3,42.491,53.771,94.396,9.3322,60.487,39.412,41.086,2622.4,64.312,25.533,49.82,0.34628,9.0297,26.338,120.42,1.0758,74.375,23.73,2.2909,53.394,4.902,237.96,0.0062046,0.85559,66.124,19.191,43.766
321,2026-04-16T13:00:00,49.799,23.237,27.338,32.889,40.808,2693.8,3710.0,16.655,18.746,22.12,0.23545,0.10199,341.23,77.539,6.8015,13.873,32.362,4460.5,23.564,46.068,48.877,80.403,2.2817,1.7043,3091.0,41.954,52.986,94.319,9.2995,62.391,34.794,39.787,2623.2,63.66,25.013,49.946,0.33513,8.8122,26.093,120.41,1.3351,74.558,23.815,2.3242,52.925,4.9395,237.81,0.01731,0.85353,66.146,19.186,42.91
322,2026-04-16T13:03:00,48.643,23.243,26.804,32.889,41.132,2692.8,3716.7,17.826,18.746,21.923,0.23539,0.10199,341.52,77.449,6.8015,13.873,32.362,4463.0,23.065,43.394,48.571,80.448,2.2817,1.7043,3090.3,42.071,52.956,94.422,9.4577,62.21,33.896,39.61,2621.3,63.545,23.573,50.205,0.33659,8.8122,26.093,120.41,1.3351,74.892,23.815,2.3242,52.925,4.9395,237.7,0.01731,0.85353,66.189,19.186,42.91
323,2026-04-16T13:06:00,49.607,25.463,26.673,33.114,42.209,2693.1,3683.5,16.741,19.226,21.858,0.25774,0.10199,341.56,77.612,6.9566,13.947,31.956,4467.8,23.512,45.625,49.206,80.514,2.2731,1.6445,3089.1,42.583,52.841,94.43,9.2746,62.493,35.763,40.394,2622.0,63.931,23.005,50.272,0.34254,8.9075,25.991,120.41,1.4173,74.729,23.995,2.3331,52.925,4.9742,239.72,0.01731,0.85353,66.283,18.799,42.91
324,2026-04-16T13:09:00,50.04,25.307,26.935,33.114,41.035,2691.4,3704.3,19.221,19.226,21.857,0.25933,0.10199,341.59,77.454,6.9566,13.947,31.956,4447.8,22.469,46.627,50.496,80.532,2.2731,1.6445,3089.1,42.685,53.08,94.517,9.4381,61.24,39.56,40.685,2620.7,63.573,24.651,50.399,0.34016,8.9075,25.991,120.38,1.4173,75.448,23.995,2.3331,52.925,4.9742,241.04,0.01731,0.85353,66.314,18.799,42.91
325,2026-04-16T13:12:00,51.3,29.262,27.055,33.044,41.451,2691.0,3667.5,16.433,18.383,21.639,0.29817,0.10199,341.13,77.114,7.1327,13.846,32.278,4506.6,23.655,49.542,51.23,80.321,2.2701,1.7109,3089.6,42.708,53.291,94.536,9.5136,60.274,41.72,41.605,2618.7,62.85,24.394,50.838,0.34992,8.793,26.299,120.39,1.2905,75.014,23.254,2.1881,52.925,4.8753,238.85,0.01731,0.85353,66.357,18.725,42.91
326,2026-04-16T13:15:00,49.232,29.147,26.585,33.044,40.955,2693.8,3653.3,19.808,18.383,21.795,0.29934,0.095722,341.8,77.574,7.1327,13.846,32.278,4461.3,22.218,44.758,50.957,80.445,2.2701,1.7109,3090.2,42.331,53.834,94.541,9.4558,61.744,40.917,41.677,2622.8,63.095,25.354,50.927,0.34933,8.793,26.299,120.4,1.2905,74.834,23.254,2.1881,53.232,4.8753,240.41,0.028828,0.84564,66.345,18.725,43.416
327,2026-04-16T13:18:00,50.217,26.344,27.2,33.249,41.785,2696.1,3605.3,17.064,18.433,22.601,0.26708,0.095722,342.18,77.72,7.0613,13.932,32.49,4486.8,23.362,47.037,49.41,80.487,2.2727,1.6326,3091.0,42.032,53.71,94.583,9.39,63.746,36.363,40.052,2625.6,62.222,25.296,50.811,0.34131,8.978,26.05,120.4,1.1277,74.936,23.243,2.379,53.232,4.9912,244.35,0.028828,0.84564,66.377,18.614,43.416
328,2026-04-16T13:21:00,50.752,26.261,26.96,33.249,40.529,2698.2,3616.9,17.737,18.433,22.028,0.26792,0.095722,342.32,77.713,7.0613,13.932,32.49,4489.9,23.074,48.275,48.868,80.526,2.2727,1.6326,3094.5,42.432,53.673,94.778,9.4454,58.61,34.77,40.596,2627.0,62.023,25.96,51.135,0.33684,8.978,26.05,120.39,1.1277,74.673,23.243,2.379,53.232,4.9912,243.32,0.028828,0.84564,66.439,18.614,43.416
329,2026-04-16T13:24:00,50.739,23.888,26.683,33.347,41.292,2700.0,3593.5,15.274,18.615,22.269,0.24707,0.095722,342.76,77.602,6.8935,14.06,32.308,4457.5,24.109,48.243,48.062,80.495,2.2672,1.6976,3095.5,42.189,54.351,94.763,9.2927,60.543,32.398,40.959,2629.3,62.848,25.865,51.309,0.35367,8.8079,26.149,120.42,1.4032,73.768,23.475,2.3659,53.232,5.0371,243.97,0.028828,0.84564,66.455,18.711,43.416
330,2026-04-16T13:27:00,49.684,24.057,27.095,33.347,40.568,2699.6,3632.9,17.135,18.615,22.357,0.24535,0.095722,342.7,77.301,6.8935,14.06,32.308,4518.3,23.333,45.802,51.662,80.277,2.2672,1.6976,3096.3,42.191,53.624,94.697,9.2982,63.897,42.991,41.413,2628.2,62.171,24.019,51.489,0.34995,8.8079,26.149,120.36,1.4032,73.663,23.475,2.3659,53.232,5.0371,244.58,0.028828,0.84564,66.442,18.711,43.416
331,2026-04-16T13:30:00,50.402,25.595,27.086,33.362,42.189,2701.2,3662.5,18.481,18.246,22.571,0.26049,0.10922,343.04,77.559,6.8937,13.859,32.71,4495.9,22.761,47.465,50.462,80.189,2.2769,1.6594,3097.2,42.141,53.674,94.655,9.4852,60.818,39.458,43.606,2629.9,63.044,24.48,51.363,0.3621,8.9118,26.05,120.41,1.198,74.577,23.345,2.3828,54.2,4.8949,246.66,0.031387,0.82569,66.405,18.677,43.363
332,2026-04-16T13:33:00,52.175,25.829,26.75,33.362,40.532,2702.4,3694.9,14.662,18.246,22.575,0.25811,0.10922,343.8,77.436,6.8937,13.859,32.71,4489.7,24.372,51.567,50.192,80.252,2.2769,1.6594,3098.2,42.363,53.748,94.597,9.4486,61.752,38.664,42.722,2632.0,62.487,24.68,51.688,0.36935,8.9118,26.05,120.39,1.198,74.144,23.345,2.3828,54.2,4.8949,244.8,0.031387,0.82569,66.41,18.677,43.363
333,2026-04-16T13:36:00,50.694,21.33,26.537,33.092,41.461,2703.5,3655.7,14.6,18.268,22.458,0.21938,0.10922,343.48,77.463,6.9611,13.856,32.362,4524.0,24.394,48.14,49.158,80.214,2.2626,1.6552,3098.3,41.883,53.434,94.619,9.4354,61.876,35.621,40.706,2632.3,63.147,23.651,51.718,0.34334,8.8711,26.307,120.43,1.3894,74.547,23.162,2.2141,54.2,4.9317,246.23,0.031387,0.82569,66.379,18.393,43.363
334,2026-04-16T13:39:00,49.85,21.399,26.933,33.092,41.049,2704.2,3682.7,21.525,18.268,22.612,0.21868,0.10922,343.56,77.527,6.9611,13.856,32.362,4464.8,21.47,46.187,51.332,80.325,2.2626,1.6552,3099.7,42.167,54.143,94.493,9.4508,62.988,42.019,41.099,2633.4,62.682,25.166,51.956,0.34013,8.8711,26.307,120.4,1.3894,74.894,23.162,2.2141,54.2,4.9317,245.34,0.031387,0.82569,66.419,18.393,43.363
335,2026-04-16T13:42:00,51.293,24.4,27.209,33.667,41.887,2702.8,3652.5,19.196,18.331,22.583,0.24815,0.10922,343.65,77.218,6.9036,13.633,32.457,4504.5,22.465,49.526,49.956,79.998,2.2523,1.6757,3099.1,42.1,54.405,94.601,9.4375,62.871,37.97,40.901,2631.8,62.568,26.065,52.122,0.34158,8.9574,26.324,120.4,1.2913,74.438,24.18,2.2781,54.2,4.7683,245.24,0.031387,0.82569,66.415,18.161,43.363
336,2026-04-16T13:45:00,51.495,24.575,27.048,33.667,41.407,2706.1,3667.0,17.721,18.331,23.111,0.24638,0.10819,344.33,77.529,6.9036,13.633,32.457,4529.5,23.081,49.995,50.036,80.07,2.2523,1.6757,3099.7,42.17,54.106,94.517,9.494,63.086,38.207,40.74,2635.4,62.318,25.864,51.637,0.3429,8.9574,26.324,120.39,1.2913,74.366,24.18,2.2781,53.943,4.7683,246.76,-0.0036647,0.81041,66.378,18.161,43.896
337,2026-04-16T13:48:00,49.276,23.263,27.237,33.701,41.549,2709.4,3625.3,16.608,18.559,22.894,0.2368,0.10819,343.94,77.289,6.8052,13.753,32.099,4540.5,23.552,44.858,50.433,80.237,2.2225,1.6688,3104.6,42.521,54.628,94.6,9.4054,62.886,39.375,37.673,2638.6,63.494,26.266,51.747,0.3182,8.6999,26.577,120.42,1.2141,73.751,24.33,2.3365,53.943,4.8643,244.83,-0.0036647,0.81041,66.358,18.553,43.896
338,2026-04-16T13:51:00,50.452,23.141,27.341,33.701,41.601,2709.5,3625.9,17.558,18.559,23.024,0.23804,0.10819,344.54,77.47,6.8052,13.753,32.099,4544.2,23.145,47.58,48.462,80.109,2.2225,1.6688,3105.4,42.478,54.583,94.483,9.348,62.674,33.573,37.74,2639.3,63.484,25.913,51.419,0.31765,8.6999,26.577,120.39,1.2141,74.483,24.33,2.3365,53.943,4.8643,247.79,-0.0036647,0.81041,66.343,18.553,43.896
339,2026-04-16T13:54:00,50.77,26.555,26.685,33.62,41.825,2712.0,3683.2,19.082,19.066,22.831,0.27072,0.10819,344.5,77.381,6.8695,13.709,32.128,4549.9,22.503,48.316,49.596,80.141,2.2528,1.7216,3106.3,42.413,53.624,94.423,9.4333,61.39,36.91,39.142,2641.4,63.387,25.197,51.535,0.33091,8.8232,25.7,120.43,1.4007,74.569,23.489,2.336,53.943,4.9244,245.82,-0.0036647,0.81041,66.338,18.777,43.896
340,2026-04-16T13:57:00,50.33,26.278,27.138,33.62,41.747,2710.9,3692.4,17.083,19.066,23.022,0.27353,0.10819,344.59,77.315,6.8695,13.709,32.128,4530.9,23.347,47.297,48.205,80.062,2.2528,1.7216,3107.1,42.415,53.851,94.413,9.3486,62.357,32.817,38.904,2640.6,63.228,24.639,51.398,0.33285,8.8232,25.7,120.41,1.4007,74.713,23.489,2.336,53.943,4.9244,246.66,-0.0036647,0.81041,66.331,18.777,43.896
341,2026-04-16T14:00:00,48.6,26.366,27.03,33.439,42.018,2711.2,3687.4,17.667,18.821,23.071,0.26863,0.087814,345.05,77.044,6.8424,13.649,32.765,4507.3,23.11,43.294,49.617,79.956,2.2573,1.6856,3105.5,42.464,53.604,94.368,9.3989,59.266,36.973,38.146,2639.8,62.792,23.618,51.185,0.32831,9.0638,26.499,120.41,1.2285,75.486,24.082,2.2624,52.959,4.8903,243.65,0.018925,0.79962,66.295,18.576,43.995
342,2026-04-16T14:03:00,50.307,26.343,27.068,33.439,41.344,2708.9,3657.7,20.286,18.821,22.69,0.26887,0.087814,344.79,76.892,6.8424,13.649,32.765,4464.8,22.022,47.245,50.69,79.702,2.2573,1.6856,3104.7,42.368,54.112,94.524,9.4147,62.407,40.13,38.265,2637.6,63.303,24.515,50.836,0.32733,9.0638,26.499,120.39,1.2285,74.176,24.082,2.2624,52.959,4.8903,244.88,0.018925,0.79962,66.225,18.576,43.995
343,2026-04-16T14:06:00,49.8,20.15,26.834,33.527,41.884,2710.5,3670.7,16.208,18.389,23.455,0.2032,0.087814,345.61,77.586,6.7469,13.84,32.272,4478.5,23.725,46.07,49.123,79.757,2.2307,1.6518,3102.9,42.468,54.457,94.406,9.4118,60.678,35.519,37.785,2640.0,63.342,25.712,50.609,0.31634,8.8989,26.349,120.42,1.2161,74.609,24.026,2.2084,52.959,4.8612,244.82,0.018925,0.79962,66.114,18.806,43.995
344,2026-04-16T14:09:00,51.637,20.074,26.839,33.527,40.647,2713.6,3667.7,17.386,18.389,23.501,0.20398,0.087814,345.33,77.846,6.7469,13.84,32.272,4493.5,23.209,50.323,50.456,80.158,2.2307,1.6518,3105.4,42.687,54.277,94.435,9.3629,62.439,39.443,37.708,2643.4,63.393,27.017,50.616,0.31697,8.8989,26.349,120.39,1.2161,74.834,24.026,2.2084,52.959,4.8612,242.06,0.018925,0.79962,66.125,18.806,43.995
345,2026-04-16T14:12:00,48.213,24.516,26.619,33.367,41.82,2713.4,3704.6,16.79,18.077,22.673,0.24733,0.087814,344.63,77.421,6.8008,13.821,33.06,4500.3,23.464,42.399,49.637,80.218,2.2699,1.6478,3108.4,42.373,53.647,94.307,9.4952,63.013,37.031,40.138,2643.2,63.677,24.221,50.532,0.33809,8.8146,26.119,120.45,1.2921,75.093,24.179,2.2588,52.959,4.7716,240.27,0.018925,0.79962,66.218,18.408,43.995
346,2026-04-16T14:15:00,48.514,24.42,26.864,33.367,40.7,2712.8,3708.2,17.313,18.077,23.185,0.24832,0.10605,345.01,77.374,6.8008,13.821,33.06,4526.0,23.242,43.095,50.491,80.149,2.2699,1.6478,3107.1,42.431,53.339,94.334,9.3429,62.552,39.546,39.962,2642.5,63.616,24.187,49.929,0.33953,8.8146,26.119,120.39,1.2921,73.909,24.179,2.2588,54.55,4.7716,240.62,0.0073793,0.80945,66.215,18.408,44.459
347,2026-04-16T14:18:00,50.677,16.323,27.384,33.771,42.294,2711.1,3683.9,20.06,17.981,23.506,0.16823,0.10605,345.17,77.194,6.9146,13.844,32.178,4568.3,22.089,48.101,48.377,80.06,2.2653,1.6151,3103.6,42.431,53.838,94.389,9.2712,62.901,33.324,39.628,2640.5,63.665,24.09,49.686,0.3381,8.9308,26.39,120.39,1.4367,75.141,23.98,2.2547,54.55,4.878,239.05,0.0073793,0.80945,66.165,18.246,44.459
348,2026-04-16T14:21:00,48.457,16.603,27.293,33.771,41.616,2708.7,3692.4,21.845,17.981,23.166,0.16538,0.10605,344.41,77.152,6.9146,13.844,32.178,4517.6,21.345,42.963,49.765,79.914,2.2653,1.6151,3100.8,42.571,54.444,94.502,9.4033,59.454,37.408,39.701,2638.1,63.519,26.037,49.333,0.3375,8.9308,26.39,120.4,1.4367,75.583,23.98,2.2547,54.55,4.878,238.77,0.0073793,0.80945,66.111,18.246,44.459
349,2026-04-16T14:24:00,51.553,24.378,26.834,33.718,41.067,2707.9,3683.8,18.157,17.8,23.306,0.24792,0.10605,344.73,77.156,6.9258,13.723,32.302,4579.0,22.905,50.128,50.633,79.853,2.2539,1.6814,3099.5,41.854,54.183,94.474,9.4489,60.166,39.964,39.654,2637.9,62.691,25.396,49.122,0.34298,8.9942,26.056,120.39,1.1027,74.647,23.768,2.3944,54.55,4.8568,236.93,0.0073793,0.80945,66.021,18.492,44.459
350,2026-04-16T14:27:00,49.722,24.461,27.11,33.718,40.181,2707.9,3663.3,16.655,17.8,23.357,0.24708,0.10605,344.66,77.343,6.9258,13.723,32.302,4559.5,23.533,45.89,50.746,79.913,2.2539,1.6814,3101.7,42.301,54.417,94.665,9.3196,60.319,40.295,40.076,2637.5,63.043,24.897,48.715,0.33952,8.9942,26.056,120.37,1.1027,74.584,23.768,2.3944,54.55,4.8568,237.29,0.0073793,0.80945,65.976,18.492,44.459
351,2026-04-16T14:30:00,49.686,23.09,27.278,33.64,41.624,2710.6,3665.6,19.16,18.473,23.247,0.23599,0.10305,344.36,77.618,6.9231,13.78,32.626,4528.4,22.467,45.807,49.324,80.092,2.2928,1.6577,3103.5,42.241,54.253,94.426,9.2256,62.157,36.11,38.554,2639.9,62.87,25.547,48.688,0.32508,8.7413,26.824,120.39,1.2878,75.224,24.071,2.3691,52.839,4.8418,235.61,0.0080418,0.80587,65.933,18.588,43.806
352,2026-04-16T14:33:00,49.533,23.157,26.973,33.64,40.861,2710.8,3679.7,18.41,18.473,23.249,0.2353,0.10305,344.42,76.949,6.9231,13.78,32.626,4565.9,22.802,45.454,50.592,80.017,2.2928,1.6577,3103.5,42.131,53.804,94.737,9.2742,62.197,39.842,38.825,2640.0,62.628,24.915,48.522,0.32286,8.7413,26.824,120.37,1.2878,76.174,24.071,2.3691,52.839,4.8418,234.23,0.0080418,0.80587,65.947,18.588,43.806
353,2026-04-16T14:36:00,49.539,20.008,26.625,33.324,40.839,2706.9,3649.1,18.349,18.36,22.828,0.19894,0.10305,344.29,76.822,6.8962,13.677,31.964,4537.8,22.847,45.468,51.957,79.679,2.2784,1.692,3100.4,42.28,53.946,94.484,9.3701,62.189,43.86,39.203,2636.0,63.137,25.658,48.283,0.33139,8.9811,26.858,120.39,1.272,76.206,24.182,2.2948,52.839,4.7914,233.73,0.0080418,0.80587,65.844,18.651,43.806
354,2026-04-16T14:39:00,50.339,19.913,26.441,33.324,40.996,2709.9,3692.5,17.444,18.36,23.168,0.1999,0.10305,344.56,77.683,6.8962,13.677,31.964,4538.5,23.202,47.319,49.984,79.879,2.2784,1.692,3100.5,42.096,53.937,94.777,9.3656,59.305,38.053,38.891,2639.7,62.391,25.261,47.957,0.33395,8.9811,26.858,120.39,1.272,74.962,24.182,2.2948,52.839,4.7914,234.26,0.0080418,0.80587,65.779,18.651,43.806
355,2026-04-16T14:42:00,48.649,25.883,26.647,33.641,42.898,2712.5,3710.6,18.954,18.418,22.787,0.26502,0.10305,344.23,77.425,7.0585,13.817,32.532,4562.4,22.566,43.408,50.94,80.117,2.297,1.6598,3106.1,42.206,53.522,94.477,9.3387,60.472,40.867,37.949,2641.9,62.289,25.116,47.768,0.31786,8.7709,26.31,120.4,1.2889,75.797,23.589,2.3331,52.839,4.86,233.19,0.0080418,0.80587,65.785,18.523,43.806
356,2026-04-16T14:45:00,51.721,25.969,26.59,33.641,40.72,2711.0,3638.7,16.555,18.418,22.587,0.26415,0.10821,343.7,77.321,7.0585,13.817,32.532,4511.2,23.581,50.518,48.508,79.983,2.297,1.6598,3106.1,42.366,54.134,94.63,9.4607,60.52,33.711,37.387,2640.0,63.526,26.682,47.626,0.32247,8.7709,26.31,120.4,1.2889,75.264,23.589,2.3331,54.464,4.86,229.99,0.012695,0.80551,65.811,18.523,43.38
357,2026-04-16T14:48:00,51.225,20.616,27.256,32.536,41.103,2710.6,3611.7,17.58,17.746,22.938,0.20751,0.10821,343.68,77.452,6.8799,13.713,32.731,4503.3,23.142,49.368,49.561,80.032,2.2621,1.6264,3105.5,42.511,54.575,94.637,9.412,59.892,36.807,39.223,2640.5,62.476,24.022,47.271,0.33723,8.835,26.834,120.4,1.2823,74.894,23.957,2.1871,54.464,4.889,230.13,0.012695,0.80551,65.776,17.956,43.38
358,2026-04-16T14:51:00,51.53,20.476,27.377,32.536,40.466,2711.5,3600.0,16.649,17.746,23.412,0.20894,0.10821,343.66,77.278,6.8799,13.713,32.731,4546.0,23.536,50.075,50.841,80.111,2.2621,1.6264,3105.3,41.899,54.064,94.748,9.2985,61.809,40.574,39.356,2641.0,62.678,23.479,47.119,0.33613,8.835,26.834,120.39,1.2823,75.142,23.957,2.1871,54.464,4.889,227.98,0.012695,0.80551,65.761,17.956,43.38
359,2026-04-16T14:54:00,49.115,18.308,27.183,33.36,40.661,2711.0,3658.6,20.228,18.186,22.976,0.18322,0.10821,343.44,77.339,6.784,13.946,32.186,4603.5,22.03,44.486,50.722,79.983,2.2844,1.6631,3105.1,42.275,54.858,94.633,9.3918,62.258,40.226,38.027,2640.8,63.154,26.039,46.831,0.32361,8.7995,26.356,120.39,1.2129,75.216,23.812,2.1513,54.464,4.7924,227.39,0.012695,0.80551,65.732,19.114,43.38
360,2026-04-16T14:57:00,50.955,18.307,26.927,33.36,41.45,2709.2,3686.2,19.791,18.186,22.575,0.18323,0.10821,343.13,76.949,6.784,13.946,32.186,4587.4,22.233,48.745,51.11,79.81,2.2844,1.6631,3104.7,42.427,55.051,94.676,9.2756,61.754,41.365,38.256,2638.5,62.678,26.101,46.489,0.32173,8.7995,26.356,120.39,1.2129,74.949,23.812,2.1513,54.464,4.7924,227.43,0.012695,0.80551,65.655,19.114,43.38
361,2026-04-16T15:00:00,49.919,22.897,26.847,33.491,40.584,2708.4,3684.3,20.295,18.527,22.841,0.23628,0.0961,342.91,77.15,7.0783,14.018,32.915,4517.5,22.018,46.347,50.596,79.861,2.211,1.6791,3103.6,42.132,53.086,94.59,9.2867,61.971,39.855,41.008,2638.5,63.601,24.973,46.193,0.35027,8.9504,26.663,120.4,1.2054,75.543,24.334,2.2964,53.662,4.872,226.31,0.0016135,0.82528,65.548,18.974,43.719
362,2026-04-16T15:03:00,48.715,23.008,26.759,33.491,40.768,2708.3,3665.9,17.116,18.527,22.636,0.23515,0.0961,342.77,77.068,7.0783,14.018,32.915,4495.1,23.363,43.56,50.485,79.824,2.211,1.6791,3101.9,42.135,53.354,94.618,9.263,61.8,39.528,41.274,2637.1,63.917,24.255,46.04,0.34809,8.9504,26.663,120.4,1.2054,75.209,24.334,2.2964,53.662,4.872,224.0,0.0016135,0.82528,65.532,18.974,43.719
363,2026-04-16T15:06:00,50.445,15.906,26.908,33.242,40.682,2708.0,3626.1,18.948,18.746,23.168,0.15886,0.0961,343.05,77.745,6.7921,13.755,32.125,4523.4,22.566,47.563,49.027,80.142,2.2536,1.6732,3100.2,42.106,53.313,94.61,9.3426,61.696,35.238,42.582,2637.4,61.975,23.709,45.638,0.35506,8.9291,26.692,120.39,1.1637,76.042,23.955,2.2152,53.662,4.7363,224.49,0.0016135,0.82528,65.48,18.611,43.719
364,2026-04-16T15:09:00,50.106,15.307,26.892,33.242,40.443,2705.8,3616.5,15.29,18.746,22.804,0.16495,0.0961,342.04,77.344,6.7921,13.755,32.125,4487.4,24.114,46.779,51.089,80.176,2.2536,1.6732,3100.0,42.333,53.744,94.884,9.4426,61.28,41.305,42.528,2634.3,62.139,24.454,45.422,0.35551,8.9291,26.692,120.36,1.1637,75.236,23.955,2.2152,53.662,4.7363,222.84,0.0016135,0.82528,65.545,18.611,43.719
365,2026-04-16T15:12:00,49.276,22.86,26.873,32.922,40.773,2706.9,3691.3,15.474,18.365,22.37,0.23416,0.0961,341.97,77.214,7.1365,13.984,32.326,4510.7,24.041,44.859,48.905,80.088,2.2293,1.6835,3103.8,42.477,54.353,94.676,9.358,61.753,34.877,39.358,2636.3,63.312,25.505,45.083,0.32463,8.8626,26.512,120.41,1.163,74.207,24.041,2.2569,53.662,4.8031,222.61,0.0016135,0.82528,65.509,18.785,43.719
366,2026-04-16T15:15:00,49.498,22.939,26.808,32.922,41.084,2706.3,3693.0,18.264,18.365,22.427,0.23336,0.094038,342.08,76.773,7.1365,13.984,32.326,4485.4,22.884,45.373,48.79,79.914,2.2293,1.6835,3104.2,42.351,54.656,94.615,9.5291,61.79,34.539,39.081,2635.4,63.282,25.078,45.232,0.3269,8.8626,26.512,120.39,1.163,74.75,24.041,2.2569,53.386,4.8031,222.18,0.020602,0.81112,65.464,18.785,43.769
367,2026-04-16T15:18:00,49.248,21.169,26.787,33.002,41.52,2706.1,3583.8,19.155,18.232,22.454,0.21166,0.094038,342.49,77.27,7.0385,13.91,32.169,4541.1,22.503,44.793,50.815,79.826,2.3052,1.5809,3101.7,42.46,53.576,94.802,9.4425,59.129,40.499,41.98,2634.8,62.063,26.571,45.23,0.35384,8.8613,26.392,120.41,1.1575,74.741,24.183,2.3129,53.386,4.8437,220.56,0.020602,0.81112,65.374,19.04,43.769
368,2026-04-16T15:21:00,47.775,21.132,27.203,33.002,39.928,2709.4,3583.7,16.366,18.232,22.854,0.21204,0.094038,342.01,77.657,7.0385,13.91,32.169,4539.9,23.662,41.385,48.728,80.131,2.3052,1.5809,3104.5,41.952,53.59,94.785,9.2893,61.487,34.358,41.757,2638.0,62.066,26.161,44.987,0.35568,8.8613,26.392,120.37,1.1575,74.684,24.183,2.3129,53.386,4.8437,221.59,0.020602,0.81112,65.363,19.04,43.769
369,2026-04-16T15:24:00,49.172,22.291,26.887,33.107,40.7,2711.4,3600.4,16.944,18.038,22.333,0.22929,0.094038,342.24,77.717,6.836,13.854,31.929,4512.4,23.41,44.618,49.788,80.174,2.2431,1.6712,3106.6,42.154,53.27,94.929,9.2722,58.883,37.476,40.964,2638.6,62.444,24.403,44.844,0.34756,9.0199,26.275,120.4,1.2332,75.018,24.088,2.3316,53.386,4.7727,221.51,0.020602,0.81112,65.385,18.446,43.769
370,2026-04-16T15:27:00,48.582,22.24,26.659,33.107,40.254,2713.3,3626.6,13.286,18.038,22.788,0.22981,0.094038,342.36,77.391,6.836,13.854,31.929,4483.2,24.955,43.252,50.782,80.301,2.2431,1.6712,3107.1,42.25,53.619,94.694,9.3136,61.541,40.401,41.033,2643.0,61.993,23.786,44.945,0.34699,9.0199,26.275,120.4,1.2332,74.288,24.088,2.3316,53.386,4.7727,218.67,0.020602,0.81112,65.411,18.446,43.769
371,2026-04-16T15:30:00,50.287,25.015,27.069,32.996,41.181,2711.1,3672.8,19.785,18.272,22.031,0.25087,0.098732,341.63,76.983,6.7776,13.88,31.785,4571.2,22.232,47.198,48.627,79.967,2.2706,1.6578,3110.0,42.849,54.031,94.805,9.3393,60.858,34.059,40.223,2639.7,62.922,24.992,44.422,0.34205,8.9067,26.648,120.44,1.1748,75.129,24.034,2.3145,53.633,4.8561,218.41,0.035751,0.82687,65.415,18.491,43.48
372,2026-04-16T15:33:00,50.366,24.848,26.772,32.996,41.067,2712.1,3675.2,18.012,18.272,22.337,0.25257,0.098732,342.26,77.49,6.7776,13.88,31.785,4528.4,22.971,47.382,49.404,79.914,2.2706,1.6578,3108.3,42.103,54.543,94.586,9.4354,60.887,36.345,40.319,2640.6,62.881,23.673,44.194,0.34126,8.9067,26.648,120.4,1.1748,74.873,24.034,2.3145,53.633,4.8561,217.42,0.035751,0.82687,65.291,18.491,43.48
373,2026-04-16T15:36:00,49.936,26.453,26.858,32.488,41.93,2716.2,3645.2,17.925,18.368,22.388,0.27111,0.098732,342.11,77.557,6.7837,13.703,32.531,4512.7,23.0,46.387,50.133,80.152,2.2445,1.6582,3112.3,42.316,54.671,94.576,9.4228,59.755,38.492,41.007,2644.7,63.979,24.744,43.831,0.34188,8.7402,26.771,120.42,1.2633,74.444,24.441,2.3424,53.633,4.9142,217.97,0.035751,0.82687,65.237,18.666,43.48
374,2026-04-16T15:39:00,51.12,26.641,27.164,32.488,41.114,2714.6,3693.5,16.443,18.368,22.492,0.2692,0.098732,341.89,77.26,6.7837,13.703,32.531,4516.3,23.635,49.126,49.255,80.002,2.2445,1.6582,3112.1,42.543,54.628,94.487,9.3329,63.567,35.908,40.37,2643.9,63.15,24.0,43.809,0.3471,8.7402,26.771,120.43,1.2633,74.36,24.441,2.3424,53.633,4.9142,214.68,0.035751,0.82687,65.204,18.666,43.48
375,2026-04-16T15:42:00,49.026,19.51,26.83,33.177,41.881,2714.0,3672.7,19.206,18.081,22.536,0.19801,0.098732,341.97,77.396,6.7814,13.696,32.215,4515.9,22.468,44.28,49.112,79.946,2.2583,1.6787,3109.5,41.947,54.238,94.528,9.4851,61.991,35.486,38.091,2642.6,63.549,25.735,43.508,0.32651,8.8565,26.502,120.43,1.345,74.091,24.195,2.2867,53.633,4.7914,214.57,0.035751,0.82687,65.141,18.674,43.48
376,2026-04-16T15:45:00,49.066,19.51,26.56,33.177,40.33,2712.8,3689.6,20.029,18.081,22.216,0.19801,0.10819,341.69,77.712,6.7814,13.696,32.215,4552.0,22.11,44.372,51.347,80.102,2.2583,1.6787,3109.9,42.291,53.806,94.474,9.3354,61.562,42.063,38.144,2642.5,63.259,24.534,43.548,0.32607,8.8565,26.502,120.36,1.345,74.414,24.195,2.2867,53.79,4.7914,214.82,0.0086826,0.82625,65.137,18.674,44.145
377,2026-04-16T15:48:00,48.837,22.307,26.702,32.67,42.375,2713.9,3708.4,17.342,18.276,21.991,0.22677,0.10819,341.66,77.137,6.8656,13.826,32.193,4476.0,23.253,43.844,50.544,80.155,2.2254,1.6146,3111.5,42.601,54.714,94.466,9.3812,61.361,39.702,37.892,2642.5,63.049,24.757,43.545,0.32504,8.8608,26.84,120.44,1.1474,75.767,24.22,2.2246,53.79,4.8059,213.15,0.0086826,0.82625,65.147,18.668,44.145
378,2026-04-16T15:51:00,49.779,22.291,27.067,32.67,41.226,2710.3,3702.3,17.356,18.276,22.215,0.22693,0.10819,341.85,76.964,6.8656,13.826,32.193,4561.1,23.26,46.022,50.118,79.851,2.2254,1.6146,3108.6,42.542,53.696,94.491,9.3067,61.64,38.446,38.209,2639.1,63.153,24.958,43.334,0.32244,8.8608,26.84,120.39,1.1474,75.781,24.22,2.2246,53.79,4.8059,213.87,0.0086826,0.82625,65.115,18.668,44.145
379,2026-04-16T15:54:00,49.871,22.617,27.204,32.717,41.317,2707.4,3673.0,15.39,18.65,22.375,0.22761,0.10819,341.5,77.16,6.9039,13.811,32.009,4514.9,24.096,46.235,47.751,79.641,2.2932,1.6426,3105.4,42.598,54.279,94.681,9.253,61.369,31.481,39.985,2636.1,62.974,24.273,43.245,0.33578,9.0472,26.797,120.38,1.2473,75.026,24.627,2.2991,53.79,4.7668,213.24,0.0086826,0.82625,65.023,18.736,44.145
380,2026-04-16T15:57:00,50.155,22.506,27.223,32.717,41.076,2709.9,3662.5,18.005,18.65,22.618,0.22873,0.10819,341.55,77.186,6.9039,13.811,32.009,4549.2,22.993,46.892,50.101,79.929,2.2932,1.6426,3106.0,42.213,53.868,94.635,9.3726,60.348,38.398,39.574,2638.3,63.155,26.18,43.103,0.33915,9.0472,26.797,120.38,1.2473,74.674,24.627,2.2991,53.79,4.7668,213.26,0.0086826,0.82625,64.978,18.736,44.145
381,2026-04-16T16:00:00,50.33,24.312,26.847,32.285,41.161,2709.6,3645.2,18.738,18.41,22.306,0.24785,0.096151,341.52,77.076,7.0065,13.976,32.384,4510.8,22.69,47.299,49.056,79.886,2.2753,1.6477,3106.5,42.262,54.175,94.65,9.3785,64.232,35.322,39.613,2637.6,63.114,26.135,42.873,0.3354,8.9173,26.912,120.4,1.1463,74.583,24.304,2.2558,53.549,4.7866,213.87,0.009511,0.836,64.976,18.58,44.025
382,2026-04-16T16:03:00,48.018,24.328,26.705,32.285,41.107,2710.9,3646.3,20.393,18.41,22.317,0.24768,0.096151,340.9,77.453,7.0065,13.976,32.384,4563.3,21.984,41.948,50.534,79.964,2.2753,1.6477,3107.7,42.266,53.547,94.656,9.3952,61.957,39.671,39.755,2639.8,63.094,27.368,42.703,0.33424,8.9173,26.912,120.39,1.1463,75.628,24.304,2.2558,53.549,4.7866,214.02,0.009511,0.836,64.952,18.58,44.025
383,2026-04-16T16:06:00,50.45,20.846,26.786,32.927,41.267,2710.5,3617.7,19.143,18.407,22.227,0.21026,0.096151,341.2,77.485,6.8663,13.906,31.696,4518.6,22.505,47.575,49.551,80.073,2.2806,1.6235,3107.8,42.457,54.483,94.722,9.306,62.28,36.78,41.701,2639.0,62.618,26.655,42.675,0.35529,8.8595,26.476,120.4,1.377,75.432,24.091,2.3242,53.549,4.7946,212.54,0.009511,0.836,64.983,18.684,44.025
384,2026-04-16T16:09:00,50.036,20.578,26.752,32.927,40.557,2710.3,3608.8,16.657,18.407,22.248,0.21299,0.096151,340.83,77.501,6.8663,13.906,31.696,4538.8,23.552,46.618,49.953,80.083,2.2806,1.6235,3106.4,41.985,54.241,94.685,9.3587,60.916,37.96,42.161,2639.7,62.771,23.924,42.602,0.35152,8.8595,26.476,120.38,1.377,75.688,24.091,2.3242,53.549,4.7946,211.59,0.009511,0.836,64.997,18.684,44.025
385,2026-04-16T16:12:00,50.306,27.416,27.088,32.792,40.711,2713.0,3679.0,19.119,18.185,22.206,0.27969,0.096151,340.97,77.451,6.7155,13.808,32.271,4513.7,22.509,47.243,49.687,80.217,2.2386,1.6256,3111.1,42.226,54.311,94.641,9.2231,64.521,37.179,40.985,2641.7,62.742,24.961,42.713,0.34737,8.833,26.664,120.41,1.2502,74.317,24.124,2.3175,53.549,4.7648,208.55,0.009511,0.836,65.01,18.242,44.025
386,2026-04-16T16:15:00,49.705,27.487,26.631,32.792,41.578,2713.6,3662.3,18.537,18.185,22.282,0.27896,0.10903,341.15,77.0,6.7155,13.808,32.271,4522.6,22.77,45.851,49.296,80.085,2.2386,1.6256,3111.3,42.409,54.204,94.624,9.306,61.478,36.028,41.29,2642.8,63.029,24.527,42.351,0.34487,8.833,26.664,120.4,1.2502,74.678,24.124,2.3175,53.796,4.7648,213.55,0.029422,0.84445,64.997,18.242,43.515
387,2026-04-16T16:18:00,49.377,22.172,26.719,32.608,40.89,2709.5,3685.5,18.074,18.524,21.477,0.226,0.10903,340.93,76.873,6.9622,13.865,31.675,4575.1,22.978,45.091,49.237,79.762,2.2362,1.6698,3110.5,42.394,54.714,94.624,9.4499,59.81,35.854,39.719,2638.1,64.039,25.182,42.439,0.33649,8.8637,26.802,120.4,1.293,74.481,24.444,2.3069,53.796,4.8422,212.01,0.029422,0.84445,64.925,19.062,43.515
388,2026-04-16T16:21:00,50.426,22.207,26.845,32.608,41.003,2711.5,3727.3,17.07,18.524,22.377,0.22565,0.10903,341.21,77.474,6.9622,13.865,31.675,4536.2,23.388,47.52,49.267,79.891,2.2362,1.6698,3108.6,41.857,55.18,94.455,9.4602,59.823,35.943,40.023,2640.2,63.32,26.388,42.334,0.334,8.8637,26.802,120.4,1.293,74.322,24.444,2.3069,53.796,4.8422,212.69,0.029422,0.84445,64.866,19.062,43.515
389,2026-04-16T16:24:00,48.884,28.133,27.317,32.312,41.151,2712.4,3623.1,16.409,18.343,22.314,0.2852,0.10903,340.86,77.625,7.0039,13.811,32.343,4490.4,23.657,43.952,50.445,80.066,2.2504,1.631,3110.3,42.479,53.736,94.631,9.3121,60.961,39.41,40.724,2641.3,62.989,24.149,42.475,0.34103,8.9312,26.333,120.41,1.2231,75.549,24.623,2.3499,53.796,4.8423,210.55,0.029422,0.84445,64.878,19.056,43.515
390,2026-04-16T16:27:00,50.342,28.073,27.221,32.312,41.118,2712.0,3594.6,20.146,18.343,22.597,0.28582,0.10903,340.99,77.698,7.0039,13.811,32.343,4521.1,22.078,47.325,50.487,80.121,2.2504,1.631,3110.6,42.431,53.368,94.56,9.3596,62.247,39.533,40.472,2641.0,63.481,25.931,42.311,0.3431,8.9312,26.333,120.4,1.2231,75.232,24.623,2.3499,53.796,4.8423,211.82,0.029422,0.84445,64.953,19.056,43.515
391,2026-04-16T16:30:00,50.922,21.796,27.193,32.843,40.109,2711.5,3643.1,19.819,18.739,22.355,0.22405,0.098983,341.15,77.203,7.1167,13.724,31.565,4473.1,22.225,48.669,49.075,80.113,2.2591,1.6217,3109.2,42.334,53.911,94.693,9.4063,61.116,35.378,40.128,2640.2,62.183,25.061,42.46,0.33423,8.8529,26.846,120.38,1.3145,75.572,24.309,2.2214,53.133,4.9148,212.06,0.018535,0.84872,64.956,18.813,44.021
392,2026-04-16T16:33:00,48.56,21.934,27.071,32.843,41.133,2710.5,3655.1,17.805,18.739,22.277,0.22264,0.098983,341.28,77.199,7.1167,13.724,31.565,4475.7,23.076,43.202,50.2,79.971,2.2591,1.6217,3107.8,42.13,53.88,94.74,9.2773,63.236,38.69,39.727,2639.5,61.976,24.217,42.488,0.33753,8.8529,26.846,120.39,1.3145,75.28,24.309,2.2214,53.133,4.9148,212.28,0.018535,0.84872,64.966,18.813,44.021
393,2026-04-16T16:36:00,50.14,29.449,26.813,32.713,40.166,2710.7,3580.8,17.508,18.618,22.118,0.30173,0.098983,341.47,76.972,6.9637,13.747,31.889,4554.4,23.218,46.859,50.428,79.768,2.2697,1.6605,3109.5,42.622,53.507,94.862,9.4001,62.226,39.358,38.422,2638.8,62.099,27.12,42.542,0.32848,8.9458,26.598,120.37,1.3306,76.111,24.709,2.2631,53.133,4.8555,212.23,0.018535,0.84872,64.909,18.653,44.021
394,2026-04-16T16:39:00,48.866,29.518,27.132,32.713,40.242,2712.4,3605.6,15.287,18.618,22.495,0.30102,0.098983,342.18,77.436,6.9637,13.747,31.889,4508.4,24.148,43.91,48.977,79.691,2.2697,1.6605,3109.6,42.499,54.058,94.799,9.4628,59.997,35.089,38.798,2641.7,61.673,25.885,42.564,0.3254,8.9458,26.598,120.38,1.3306,75.004,24.709,2.2631,53.133,4.8555,212.59,0.018535,0.84872,64.841,18.653,44.021
395,2026-04-16T16:42:00,50.436,27.116,27.122,33.347,41.653,2718.0,3593.9,15.582,18.487,22.664,0.27235,0.098983,342.25,77.588,6.94,13.723,31.873,4511.9,24.016,47.544,49.012,79.953,2.2599,1.6031,3114.1,42.456,54.415,94.749,9.2874,62.474,35.193,39.223,2646.2,63.065,24.197,42.686,0.32595,9.0729,26.237,120.42,1.1818,74.476,24.489,2.2889,53.133,4.8338,211.79,0.018535,0.84872,64.84,18.722,44.021
396,2026-04-16T16:45:00,50.141,27.048,26.636,33.347,40.658,2721.0,3642.1,19.03,18.487,22.655,0.27304,0.10358,342.52,77.42,6.94,13.723,31.873,4506.1,22.558,46.86,50.351,80.103,2.2599,1.6031,3116.8,42.323,54.484,94.609,9.4123,58.79,39.134,38.642,2650.9,62.236,27.056,43.045,0.33071,9.0729,26.237,120.4,1.1818,75.024,24.489,2.2889,54.059,4.8338,209.76,0.025458,0.8651,64.89,18.722,44.06
397,2026-04-16T16:48:00,52.163,27.543,26.668,32.653,41.039,2719.5,3621.7,18.487,18.079,22.451,0.27737,0.10358,342.63,77.253,6.8244,13.74,31.901,4538.0,22.799,51.539,48.497,79.834,2.191,1.6424,3116.3,42.265,53.949,94.664,9.2932,63.727,33.678,38.391,2647.8,62.73,25.798,42.906,0.32648,9.0558,26.314,120.4,1.2935,74.663,24.675,2.1948,54.059,4.8032,212.47,0.025458,0.8651,64.888,18.514,44.06
398,2026-04-16T16:51:00,50.549,27.443,26.858,32.653,40.608,2719.5,3593.4,17.723,18.079,22.766,0.27839,0.10358,343.0,76.937,6.8244,13.74,31.901,4494.2,23.129,47.806,50.151,79.754,2.191,1.6424,3116.4,42.46,54.474,94.576,9.405,59.166,38.546,38.529,2648.6,63.217,25.468,42.979,0.32535,9.0558,26.314,120.4,1.2935,74.741,24.675,2.1948,54.059,4.8032,212.85,0.025458,0.8651,64.848,18.514,44.06
399,2026-04-16T16:54:00,48.486,27.357,26.843,32.559,41.226,2719.9,3662.3,18.799,18.784,22.651,0.28023,0.10358,343.29,77.008,6.7833,13.829,32.416,4512.0,22.684,43.03,49.724,79.559,2.2616,1.6222,3116.1,42.436,54.797,94.685,9.2827,64.957,37.289,38.13,2649.1,63.044,24.722,43.098,0.33112,8.9422,26.803,120.42,1.3236,74.984,24.678,2.3966,54.059,4.8242,212.76,0.025458,0.8651,64.839,18.885,44.06
400,2026-04-16T16:57:00,49.754,27.419,26.933,32.559,40.966,2721.5,3641.1,16.804,18.784,23.095,0.27961,0.10358,343.78,77.227,6.7833,13.829,32.416,4505.6,23.523,45.966,50.098,79.622,2.2616,1.6222,3115.8,42.04,54.874,94.487,9.398,59.49,38.39,38.233,2650.5,63.409,24.305,42.966,0.33028,8.9422,26.803,120.39,1.3236,75.186,24.678,2.3966,54.059,4.8242,215.49,0.025458,0.8651,64.806,18.885,44.06
401,2026-04-16T17:00:00,50.079,22.663,27.02,32.898,41.387,2719.7,3695.3,15.522,18.108,22.956,0.22879,0.10641,343.55,77.035,6.8862,13.873,32.055,4511.5,24.068,46.718,48.993,79.626,2.2431,1.6539,3115.1,42.593,53.904,94.546,9.3726,61.833,35.135,39.883,2648.4,62.911,25.775,43.616,0.33585,8.7873,26.619,120.42,1.2709,74.865,24.486,2.3245,53.891,4.7124,214.56,0.023796,0.87666,64.777,18.583,44.062
402,2026-04-16T17:03:00,48.002,22.469,26.385,32.898,41.489,2719.3,3683.1,17.303,18.108,22.817,0.23076,0.10641,343.48,77.471,6.8862,13.873,32.055,4498.7,23.302,41.91,50.153,79.749,2.2431,1.6539,3113.1,42.361,54.057,94.455,9.3269,63.237,38.55,39.685,2648.5,63.121,24.123,43.761,0.33747,8.7873,26.619,120.39,1.2709,75.431,24.486,2.3245,53.891,4.7124,216.35,0.023796,0.87666,64.835,18.583,44.062
403,2026-04-16T17:06:00,49.316,26.074,26.868,33.16,41.133,2720.0,3645.9,17.545,18.237,22.994,0.2631,0.10641,343.04,77.524,6.7423,13.755,32.141,4522.3,23.192,44.95,49.89,79.928,2.2314,1.6597,3115.2,42.347,54.524,94.568,9.2584,62.714,37.777,40.285,2649.5,62.902,26.133,43.905,0.34253,8.7053,26.767,120.41,1.3163,75.315,24.367,2.2937,53.891,4.7408,218.09,0.023796,0.87666,64.932,18.692,44.062
404,2026-04-16T17:09:00,51.054,25.797,26.924,33.16,41.898,2720.2,3651.6,14.956,18.237,22.664,0.26591,0.10641,343.48,77.326,6.7423,13.755,32.141,4545.8,24.285,48.974,49.414,79.899,2.2314,1.6597,3116.4,42.401,54.242,94.436,9.3398,60.9,36.374,40.388,2649.2,62.805,25.659,44.29,0.34169,8.7053,26.767,120.41,1.3163,75.243,24.367,2.2937,53.891,4.7408,217.11,0.023796,0.87666,65.0,18.692,44.062
405,2026-04-16T17:12:00,49.194,25.254,26.692,32.982,41.821,2719.3,3673.7,20.063,18.081,22.911,0.25671,0.10641,343.48,77.259,6.967,13.776,32.474,4543.8,22.132,44.669,48.839,79.895,2.2408,1.6768,3115.2,42.554,54.024,94.601,9.3558,62.748,34.683,38.451,2648.5,63.752,26.131,44.318,0.33165,8.9093,26.751,120.41,1.2938,75.145,24.0,2.3147,53.891,4.8076,220.1,0.023796,0.87666,65.073,18.789,44.062
406,2026-04-16T17:15:00,50.301,25.283,27.36,32.982,40.717,2715.9,3692.6,17.32,18.081,23.164,0.25641,0.10457,343.37,76.728,6.967,13.776,32.474,4532.6,23.313,47.23,49.459,79.587,2.2408,1.6768,3111.4,42.427,54.157,94.447,9.2912,60.251,36.507,38.759,2645.6,63.426,26.391,44.931,0.32913,8.9093,26.751,120.41,1.2938,75.642,24.0,2.3147,53.754,4.8076,220.56,0.03302,0.85685,65.094,18.789,44.507
407,2026-04-16T17:18:00,50.882,21.944,26.952,32.691,41.56,2714.6,3649.4,19.699,18.038,22.972,0.22331,0.10457,343.39,77.086,6.8183,13.688,32.234,4532.0,22.307,48.576,49.593,79.595,2.255,1.6599,3109.9,42.318,53.933,94.634,9.3699,61.188,36.902,39.183,2643.8,62.224,25.055,45.1,0.3294,8.937,27.405,120.4,1.1731,75.23,24.035,2.2785,53.754,4.7918,223.78,0.03302,0.85685,65.074,18.409,44.507
408,2026-04-16T17:21:00,49.686,21.897,26.909,32.691,39.949,2713.3,3621.1,18.138,18.038,22.836,0.22379,0.10457,343.59,77.392,6.8183,13.688,32.234,4506.9,22.962,45.808,51.595,79.529,2.255,1.6599,3108.4,42.105,54.233,94.741,9.3369,61.131,42.793,39.148,2642.2,62.71,25.153,45.709,0.32969,8.937,27.405,120.36,1.1731,75.477,24.035,2.2785,53.754,4.7918,222.02,0.03302,0.85685,65.082,18.409,44.507
409,2026-04-16T17:24:00,50.465,24.073,26.745,32.862,41.766,2716.0,3645.4,18.288,18.131,22.696,0.24466,0.10457,343.31,77.36,6.96,13.76,32.084,4578.1,22.897,47.611,49.375,79.806,2.2925,1.6682,3111.2,42.605,54.344,94.609,9.289,60.835,36.26,37.969,2646.0,63.587,23.388,45.89,0.31908,8.8543,26.615,120.43,1.2721,74.512,23.863,2.3218,53.754,4.7014,225.01,0.03302,0.85685,65.141,18.978,44.507
410,2026-04-16T17:27:00,51.088,23.994,26.949,32.862,40.568,2717.6,3664.8,21.023,18.131,22.976,0.24547,0.10457,343.03,77.008,6.96,13.76,32.084,4547.4,21.752,49.051,50.047,79.881,2.2925,1.6682,3112.6,42.26,54.711,94.519,9.2874,59.343,38.237,38.0,2647.0,63.254,25.009,46.238,0.31882,8.8543,26.615,120.4,1.2721,74.914,23.863,2.3218,53.754,4.7014,226.09,0.03302,0.85685,65.248,18.978,44.507
411,2026-04-16T17:30:00,48.792,25.471,27.053,32.608,41.964,2717.6,3629.8,20.109,18.167,23.133,0.26005,0.099307,343.31,77.337,6.9291,13.888,32.133,4486.9,22.13,43.737,50.204,79.797,2.2518,1.6209,3110.7,42.234,54.051,94.67,9.45,62.003,38.702,38.643,2646.8,62.606,25.082,46.127,0.3281,8.8723,26.628,120.42,1.2506,74.006,24.635,2.306,53.746,4.72,227.24,0.020177,0.85151,65.297,18.193,44.789
412,2026-04-16T17:33:00,49.721,25.694,26.651,32.608,40.446,2717.6,3635.6,17.925,18.167,22.707,0.25778,0.099307,343.23,77.109,6.9291,13.888,32.133,4486.2,23.051,45.888,48.715,79.846,2.2518,1.6209,3111.4,41.82,54.059,94.513,9.3011,59.732,34.318,38.669,2647.0,62.506,23.039,46.397,0.32789,8.8723,26.628,120.37,1.2506,75.494,24.635,2.306,53.746,4.72,226.95,0.020177,0.85151,65.355,18.193,44.789
413,2026-04-16T17:36:00,50.371,25.09,27.112,33.574,40.397,2716.2,3659.1,19.35,18.528,22.721,0.25621,0.099307,342.95,77.311,6.5879,13.786,31.725,4592.3,22.448,47.393,50.121,79.772,2.2595,1.6614,3113.4,42.638,54.748,94.684,9.258,63.265,38.457,40.426,2645.6,62.313,24.497,46.563,0.34163,8.8487,26.395,120.38,1.2925,74.917,24.508,2.3378,53.746,4.7714,227.81,0.020177,0.85151,65.39,18.889,44.789
414,2026-04-16T17:39:00,48.815,25.153,26.733,33.574,41.045,2715.9,3668.0,19.447,18.528,22.738,0.25557,0.099307,343.2,76.698,6.5879,13.786,31.725,4610.5,22.431,43.791,51.159,79.599,2.2595,1.6614,3111.4,42.347,54.531,94.641,9.2329,63.922,41.511,40.166,2644.4,62.16,24.342,46.773,0.34376,8.8487,26.395,120.39,1.2925,75.158,24.508,2.3378,53.746,4.7714,228.19,0.020177,0.85151,65.388,18.889,44.789
415,2026-04-16T17:42:00,50.311,29.236,27.101,32.993,41.7,2716.7,3736.9,17.693,18.394,22.497,0.29839,0.099307,343.25,77.069,6.7428,13.848,32.713,4546.2,23.166,47.253,50.951,79.57,2.2329,1.7007,3114.1,42.1,53.632,94.54,9.3671,60.541,40.898,38.821,2645.8,64.085,24.248,46.924,0.33255,8.8183,26.979,120.41,1.2603,75.714,24.302,2.3322,53.746,4.7567,229.26,0.020177,0.85151,65.354,18.233,44.789
416,2026-04-16T17:45:00,49.269,29.289,26.388,32.993,42.011,2719.5,3705.4,14.362,18.394,22.774,0.29784,0.096319,342.97,77.535,6.7428,13.848,32.713,4513.5,24.546,44.842,49.964,79.907,2.2329,1.7007,3114.8,42.278,54.023,94.295,9.3096,60.899,37.993,39.141,2650.1,64.627,24.029,47.053,0.32993,8.8183,26.979,120.43,1.2603,75.223,24.302,2.3322,52.872,4.7567,229.38,0.048978,0.83185,65.418,18.233,43.443
417,2026-04-16T17:48:00,48.896,19.877,26.751,32.789,41.204,2717.3,3721.3,17.807,18.684,22.825,0.20179,0.096319,342.73,77.313,6.7485,13.943,31.835,4583.1,23.091,43.98,49.785,80.071,2.2284,1.6056,3113.0,42.254,54.837,94.301,9.1835,61.481,37.466,39.306,2647.1,63.199,24.858,47.169,0.34201,8.9072,26.623,120.42,1.1584,75.448,24.516,2.3133,52.872,4.8321,230.19,0.048978,0.83185,65.515,18.583,43.443
418,2026-04-16T17:51:00,50.438,19.731,26.967,32.789,41.888,2712.8,3683.1,17.866,18.684,22.607,0.20328,0.096319,342.68,76.974,6.7485,13.943,31.835,4589.5,23.074,47.549,50.711,79.953,2.2284,1.6056,3109.9,42.547,54.759,94.446,9.2472,61.461,40.193,40.014,2641.7,63.856,22.847,47.394,0.3362,8.9072,26.623,120.4,1.1584,75.778,24.516,2.3133,52.872,4.8321,229.77,0.048978,0.83185,65.606,18.583,43.443
419,2026-04-16T17:54:00,48.979,28.04,27.345,32.92,41.178,2710.9,3717.9,18.487,18.453,22.576,0.28673,0.096319,341.87,77.363,6.8815,13.772,32.095,4596.5,22.799,44.171,49.322,79.979,2.2635,1.6764,3108.6,42.315,53.878,94.388,9.2177,60.356,36.105,41.221,2640.4,63.335,23.667,47.498,0.34803,8.9745,26.549,120.41,1.0743,74.494,24.336,2.2137,52.872,4.8923,230.7,0.048978,0.83185,65.674,18.988,43.443
420,2026-04-16T17:57:00,49.533,28.143,26.938,32.92,41.51,2708.1,3680.3,17.912,18.453,22.325,0.28568,0.096319,341.66,76.682,6.8815,13.772,32.095,4551.5,23.065,45.453,50.711,79.859,2.2635,1.6764,3106.4,42.376,54.418,94.509,9.2244,61.804,40.192,41.338,2636.5,63.983,24.822,47.682,0.34707,8.9745,26.549,120.39,1.0743,75.194,24.336,2.2137,52.872,4.8923,230.7,0.048978,0.83185,65.685,18.988,43.443
421,2026-04-16T18:00:00,49.598,25.831,27.047,33.544,41.144,2707.1,3611.2,17.192,18.662,22.643,0.26356,0.10734,341.95,77.096,6.9087,13.788,31.894,4506.4,23.36,45.604,49.651,79.875,2.2814,1.6353,3102.1,42.499,53.962,94.582,9.3714,61.8,37.073,39.204,2636.8,64.068,23.735,47.453,0.32752,8.9475,26.568,120.4,1.3925,76.265,24.465,2.2203,53.775,4.7679,229.87,0.016641,0.83218,65.666,18.822,43.984
422,2026-04-16T18:03:00,51.03,25.749,26.562,33.544,40.818,2707.4,3660.7,20.638,18.662,22.147,0.26439,0.10734,341.68,77.175,6.9087,13.788,31.894,4566.7,21.902,48.918,51.083,80.038,2.2814,1.6353,3102.8,42.171,53.24,94.533,9.2307,60.222,41.287,38.98,2636.3,63.216,25.664,47.41,0.32936,8.9475,26.568,120.38,1.3925,75.493,24.465,2.2203,53.775,4.7679,230.01,0.016641,0.83218,65.706,18.822,43.984
423,2026-04-16T18:06:00,50.163,28.175,27.02,32.685,40.146,2703.1,3648.9,17.535,18.831,22.242,0.28273,0.10734,341.18,76.867,6.9566,13.775,31.91,4547.0,23.23,46.912,50.104,79.737,2.1907,1.7147,3101.2,42.093,53.862,94.752,9.2878,62.669,38.406,39.004,2631.4,63.168,26.569,47.243,0.33223,8.8144,26.627,120.37,1.2174,74.547,24.242,2.2384,53.775,4.8462,231.58,0.016641,0.83218,65.69,19.224,43.984
424,2026-04-16T18:09:00,50.469,27.95,27.094,32.685,41.726,2705.1,3653.1,18.026,18.831,22.512,0.28502,0.10734,341.75,77.035,6.9566,13.775,31.91,4527.6,23.022,47.619,50.107,79.805,2.1907,1.7147,3100.2,41.847,54.094,94.671,9.2567,60.251,38.414,39.271,2633.6,63.097,25.622,47.336,0.33004,8.8144,26.627,120.38,1.2174,75.955,24.242,2.2384,53.775,4.8462,230.27,0.016641,0.83218,65.616,19.224,43.984
425,2026-04-16T18:12:00,49.467,28.033,27.106,32.923,41.002,2706.7,3651.4,20.032,18.179,22.678,0.28702,0.10734,341.69,77.566,6.8303,13.704,31.682,4451.8,22.157,45.301,48.513,80.077,2.2712,1.6422,3100.7,42.163,53.974,94.718,9.2849,62.275,33.724,39.073,2635.4,62.658,25.725,47.485,0.3283,8.9884,26.821,120.41,1.152,75.765,23.822,2.2847,53.775,4.7923,228.31,0.016641,0.83218,65.66,18.821,43.984
426,2026-04-16T18:15:00,49.829,28.088,27.258,32.923,41.403,2708.0,3637.0,18.579,18.179,22.566,0.28646,0.084489,341.69,77.649,6.8303,13.704,31.682,4472.9,22.756,46.138,50.871,80.36,2.2712,1.6422,3103.7,41.929,53.722,94.537,9.3322,60.543,40.664,39.064,2636.8,62.905,25.848,47.349,0.32838,8.9884,26.821,120.4,1.152,75.16,23.822,2.2847,53.255,4.7923,229.48,-0.0018592,0.83976,65.738,18.821,43.906
427,2026-04-16T18:18:00,50.792,30.65,27.127,32.903,40.88,2707.3,3691.1,17.174,18.519,22.556,0.31262,0.084489,341.48,77.039,6.8851,13.759,32.13,4555.9,23.356,48.367,48.728,80.359,2.2328,1.6788,3103.8,42.28,53.675,94.703,9.1902,60.533,34.358,38.306,2637.1,63.072,22.734,47.28,0.31789,8.8633,26.347,120.4,1.3108,75.752,24.348,2.3166,53.255,4.8312,229.85,-0.0018592,0.83976,65.82,18.868,43.906
428,2026-04-16T18:21:00,48.432,30.662,27.14,32.903,41.659,2702.4,3674.2,17.383,18.519,22.16,0.3125,0.084489,341.39,76.833,6.8851,13.759,32.13,4524.0,23.284,42.904,49.301,79.912,2.2328,1.6788,3100.8,42.366,54.057,94.612,9.2167,60.616,36.043,37.949,2631.2,63.361,25.049,47.417,0.32081,8.8633,26.347,120.42,1.3108,75.14,24.348,2.3166,53.255,4.8312,227.92,-0.0018592,0.83976,65.815,18.868,43.906
429,2026-04-16T18:24:00,49.964,26.815,26.952,32.757,40.308,2701.0,3659.2,20.424,18.303,22.358,0.27074,0.084489,341.53,76.92,6.7901,13.905,32.574,4529.4,22.012,46.45,52.215,79.795,2.2853,1.6774,3097.8,42.099,53.865,94.599,9.3136,59.901,44.618,38.322,2629.7,63.163,25.433,47.262,0.3288,8.879,26.303,120.38,1.4301,75.483,24.089,2.1984,53.255,4.8338,229.38,-0.0018592,0.83976,65.75,18.424,43.906
430,2026-04-16T18:27:00,50.183,26.855,26.949,32.757,41.29,2701.6,3659.6,20.485,18.303,22.517,0.27033,0.084489,341.47,77.214,6.7901,13.905,32.574,4530.4,21.981,46.958,48.942,79.928,2.2853,1.6774,3096.0,42.232,53.853,94.67,9.2565,60.618,34.987,39.075,2630.3,63.155,24.001,47.221,0.32263,8.879,26.303,120.42,1.4301,75.664,24.089,2.1984,53.255,4.8338,229.56,-0.0018592,0.83976,65.685,18.424,43.906
431,2026-04-16T18:30:00,49.359,22.343,27.166,33.164,40.305,2698.9,3670.1,16.899,18.283,22.377,0.22699,0.11506,341.32,77.026,6.9808,13.897,32.096,4568.1,23.498,45.05,50.574,79.943,2.2124,1.6554,3095.2,42.659,54.514,94.651,9.3233,59.601,39.79,40.455,2627.2,63.85,25.195,47.415,0.34336,8.8893,25.947,120.37,1.2086,75.78,23.372,2.3326,53.428,4.8296,229.26,0.017607,0.85892,65.671,18.311,43.138
432,2026-04-16T18:33:00,51.032,22.27,26.554,33.164,41.387,2698.0,3695.9,21.702,18.283,22.135,0.22773,0.11506,340.31,77.035,6.9808,13.897,32.096,4554.6,21.476,48.923,49.244,80.117,2.2124,1.6554,3094.9,42.352,54.675,94.595,9.1628,61.344,35.874,40.746,2626.5,63.406,25.479,47.429,0.34097,8.8893,25.947,120.41,1.2086,74.829,23.372,2.3326,53.428,4.8296,229.75,0.017607,0.85892,65.703,18.311,43.138
433,2026-04-16T18:36:00,50.087,26.735,27.068,33.306,40.702,2696.8,3665.5,20.1,18.573,22.072,0.27168,0.11506,340.12,77.369,6.8956,13.85,32.011,4586.7,22.139,46.736,50.253,80.149,2.1965,1.6412,3094.5,42.178,54.635,94.706,9.2561,60.773,38.844,40.581,2625.8,62.254,26.329,47.357,0.34167,9.0562,26.118,120.35,1.3113,75.296,23.773,2.2046,53.428,4.7644,231.16,0.017607,0.85892,65.743,18.91,43.138
434,2026-04-16T18:39:00,50.486,26.685,26.863,33.306,41.289,2697.9,3641.8,17.315,18.573,22.112,0.27219,0.11506,340.41,77.35,6.8956,13.85,32.011,4563.2,23.309,47.66,50.568,80.301,2.1965,1.6412,3095.2,42.262,54.917,94.735,9.1788,62.839,39.771,40.782,2627.0,62.661,24.859,47.606,0.34002,9.0562,26.118,120.4,1.3113,74.828,23.773,2.2046,53.428,4.7644,228.97,0.017607,0.85892,65.786,18.91,43.138
435,2026-04-16T18:42:00,48.004,27.659,26.711,32.855,40.695,2697.2,3627.4,20.917,18.743,21.644,0.2816,0.11506,339.69,77.135,6.9049,13.661,32.363,4522.0,21.794,41.915,50.096,80.252,2.2375,1.624,3094.7,42.318,53.97,94.643,9.182,60.213,38.382,40.047,2625.1,63.604,25.031,47.483,0.33635,8.9883,25.733,120.38,1.2264,74.661,23.626,2.2985,53.428,4.822,230.87,0.017607,0.85892,65.858,19.115,43.138
436,2026-04-16T18:45:00,49.91,27.86,26.67,32.855,40.866,2696.1,3661.2,19.546,18.743,21.8,0.27956,0.10152,340.01,77.298,6.9049,13.661,32.363,4500.3,22.371,46.325,50.42,80.236,2.2375,1.624,3094.2,42.492,54.23,94.692,9.1389,60.914,39.337,39.942,2624.7,63.021,27.438,48.057,0.33721,8.9883,25.733,120.41,1.2264,75.696,23.626,2.2985,53.885,4.822,230.79,0.0055589,0.83374,65.861,19.115,43.72
437,2026-04-16T18:48:00,50.655,24.55,26.657,32.805,40.622,2694.0,3629.0,18.388,19.314,21.806,0.24514,0.10152,340.11,77.069,6.8621,13.829,32.084,4500.9,22.868,48.049,50.767,80.211,2.2943,1.6317,3090.9,41.72,53.678,94.675,9.1444,61.547,40.358,37.463,2623.6,63.476,24.446,48.109,0.31523,8.8722,25.775,120.39,1.2124,75.82,23.546,2.3033,53.885,4.8921,233.28,0.0055589,0.83374,65.866,18.884,43.72
438,2026-04-16T18:51:00,48.659,24.158,26.813,32.805,40.74,2691.1,3647.9,16.615,19.314,21.551,0.24912,0.10152,339.65,76.695,6.8621,13.829,32.084,4456.9,23.628,43.43,50.735,80.12,2.2943,1.6317,3089.8,42.162,54.204,94.789,9.2306,61.427,40.264,37.797,2619.6,63.151,25.336,48.525,0.31249,8.8722,25.775,120.38,1.2124,75.069,23.546,2.3033,53.885,4.8921,231.68,0.0055589,0.83374,65.896,18.884,43.72
439,2026-04-16T18:54:00,50.257,26.935,26.978,33.172,40.29,2689.5,3676.0,17.332,18.926,21.264,0.27406,0.10152,339.0,77.167,6.7183,13.864,31.935,4492.9,23.326,47.128,50.719,79.97,2.2903,1.6617,3089.4,42.588,54.304,94.686,9.2609,61.79,40.217,39.656,2616.4,63.042,24.087,48.819,0.33306,9.07,26.286,120.41,1.291,75.114,23.5,2.4251,53.885,4.8325,231.47,0.0055589,0.83374,65.871,19.444,43.72
440,2026-04-16T18:57:00,48.316,26.828,26.621,33.172,40.974,2693.1,3651.8,20.655,18.926,21.501,0.27515,0.10152,339.12,77.44,6.7183,13.864,31.935,4525.0,21.914,42.637,50.475,80.343,2.2903,1.6617,3090.7,42.186,53.919,94.734,9.3113,61.419,39.497,39.933,2621.6,63.458,26.038,48.699,0.33078,9.07,26.286,120.43,1.291,75.428,23.5,2.4251,53.885,4.8325,235.89,0.0055589,0.83374,65.874,19.444,43.72
441,2026-04-16T19:00:00,47.985,28.437,26.877,33.085,40.767,2691.4,3704.9,18.35,19.048,21.357,0.29126,0.10376,339.14,76.984,6.8465,13.983,31.851,4473.7,22.894,41.871,50.322,80.344,2.2544,1.6581,3091.7,42.293,53.094,94.551,9.1812,62.35,39.048,40.273,2620.0,63.893,26.297,48.697,0.33595,9.1959,26.124,120.4,1.3805,74.496,23.307,2.1844,53.736,4.8195,231.89,0.036913,0.85477,65.976,19.218,43.506
442,2026-04-16T19:03:00,50.784,28.28,27.089,33.085,41.473,2690.1,3713.8,19.167,19.048,21.563,0.29286,0.10376,339.13,77.465,6.8465,13.983,31.851,4465.7,22.534,48.35,49.098,80.424,2.2544,1.6581,3089.5,42.51,53.19,94.491,9.2346,60.752,35.445,40.324,2618.4,63.741,24.436,48.41,0.33552,9.1959,26.124,120.4,1.3805,75.737,23.307,2.1844,53.736,4.8195,235.06,0.036913,0.85477,65.989,19.218,43.506
443,2026-04-16T19:06:00,50.572,29.563,26.691,32.624,41.402,2687.5,3686.7,18.246,18.456,20.873,0.30237,0.10376,338.57,77.61,6.8615,13.927,32.294,4446.8,22.914,47.857,49.613,80.439,2.227,1.685,3088.7,42.447,53.878,94.609,9.2744,60.429,36.96,41.586,2615.4,63.175,24.908,48.719,0.35257,8.9231,25.92,120.43,1.3737,74.296,23.362,2.3507,53.736,4.9501,231.51,0.036913,0.85477,66.074,19.106,43.506
444,2026-04-16T19:09:00,51.076,29.777,26.92,32.624,41.125,2686.8,3694.4,16.22,18.456,21.224,0.30019,0.10376,338.37,77.121,6.8615,13.927,32.294,4496.1,23.779,49.023,51.537,80.515,2.227,1.685,3087.3,42.077,53.288,94.603,9.123,63.276,42.622,41.451,2615.1,63.043,27.587,48.561,0.35367,8.9231,25.92,120.41,1.3737,74.798,23.362,2.3507,53.736,4.9501,233.17,0.036913,0.85477,66.117,19.106,43.506
445,2026-04-16T19:12:00,49.804,25.444,27.034,32.784,40.275,2684.4,3693.2,19.423,18.657,21.189,0.26091,0.10376,338.97,77.051,7.0342,14.102,32.37,4462.9,22.435,46.079,51.672,80.369,2.3107,1.6582,3084.7,42.121,53.893,94.653,9.2909,60.939,43.02,41.255,2611.8,62.959,24.34,48.518,0.34467,8.8642,25.428,120.39,1.1483,74.495,23.645,2.2902,53.736,4.8541,233.58,0.036913,0.85477,66.097,19.326,43.506
446,2026-04-16T19:15:00,49.06,25.438,27.059,32.784,40.651,2684.5,3716.7,17.352,18.657,21.446,0.26097,0.095463,338.98,77.141,7.0342,14.102,32.37,4485.4,23.305,44.36,50.257,80.446,2.3107,1.6582,3082.7,42.5,53.623,94.686,9.3183,61.481,38.855,41.616,2612.9,62.553,25.108,49.029,0.34172,8.8642,25.428,120.38,1.1483,74.497,23.645,2.2902,53.198,4.8541,233.98,0.0088015,0.84925,66.091,19.326,43.084
447,2026-04-16T19:18:00,49.486,24.833,26.862,32.438,40.876,2682.8,3657.4,17.961,18.755,21.242,0.24938,0.095463,338.58,77.498,7.1443,13.817,32.078,4457.0,23.041,45.345,50.216,80.415,2.2592,1.6345,3082.4,42.57,53.351,94.882,9.2875,61.461,38.737,43.79,2610.1,61.997,24.305,49.223,0.36464,8.9552,26.027,120.37,1.3424,75.644,23.32,2.3026,53.198,4.8342,234.42,0.0088015,0.84925,66.097,19.587,43.084
448,2026-04-16T19:21:00,50.618,24.623,26.663,32.438,41.037,2683.9,3625.9,16.379,18.755,21.259,0.25152,0.095463,338.72,77.796,7.1443,13.817,32.078,4475.8,23.689,47.964,48.827,80.626,2.2592,1.6345,3082.8,42.045,53.126,94.785,9.3474,58.633,34.648,44.023,2612.1,62.54,27.027,49.408,0.36273,8.9552,26.027,120.43,1.3424,75.259,23.32,2.3026,53.198,4.8342,234.92,0.0088015,0.84925,66.151,19.587,43.084
449,2026-04-16T19:24:00,49.209,27.56,27.122,32.802,39.59,2686.7,3609.3,15.129,19.087,21.451,0.27749,0.095463,338.49,77.538,7.0552,14.015,31.711,4410.6,24.212,44.703,50.433,80.833,2.2638,1.6204,3085.9,42.178,53.151,94.921,9.3494,60.059,39.374,40.312,2614.7,61.665,26.669,49.492,0.33222,8.9334,26.07,120.35,1.2487,75.38,23.431,2.3257,53.198,5.0017,236.51,0.0088015,0.84925,66.266,19.367,43.084
450,2026-04-16T19:27:00,51.497,27.394,26.731,32.802,41.223,2687.5,3574.2,18.095,19.087,21.332,0.27919,0.095463,339.36,77.233,7.0552,14.015,31.711,4425.3,22.969,49.998,49.113,80.666,2.2638,1.6204,3084.9,42.037,52.975,94.829,9.4054,61.724,35.489,39.909,2616.2,62.267,24.627,49.813,0.33552,8.9334,26.07,120.41,1.2487,75.172,23.431,2.3257,53.198,5.0017,235.4,0.0088015,0.84925,66.308,19.367,43.084
451,2026-04-16T19:30:00,50.732,31.396,27.058,32.679,40.223,2687.4,3598.9,15.466,18.919,21.568,0.31552,0.10665,339.33,77.17,7.0029,13.998,32.199,4384.0,24.085,48.228,50.504,80.349,2.2906,1.6679,3085.9,42.323,53.891,94.912,9.3846,57.429,39.583,43.187,2614.4,62.419,25.385,49.594,0.35319,8.8509,26.204,120.39,1.2849,75.161,23.561,2.2532,54.792,5.0464,239.16,0.020544,0.85664,66.28,19.252,43.111
452,2026-04-16T19:33:00,50.851,31.284,27.468,32.679,40.826,2689.6,3589.2,17.682,18.919,21.666,0.31665,0.10665,339.9,77.795,7.0029,13.998,32.199,4405.7,23.135,48.504,51.117,80.418,2.2906,1.6679,3088.1,42.291,53.631,94.849,9.3802,59.631,41.387,42.501,2617.1,62.586,25.294,49.969,0.35881,8.8509,26.204,120.44,1.2849,74.667,23.561,2.2532,54.792,5.0464,236.99,0.020544,0.85664,66.238,19.252,43.111
453,2026-04-16T19:36:00,48.923,26.814,27.127,32.729,40.096,2691.0,3622.3,16.572,19.278,21.654,0.27259,0.10665,339.96,77.766,6.8768,13.996,32.215,4463.9,23.594,44.042,49.735,80.529,2.2969,1.6785,3090.5,42.683,53.128,94.879,9.2384,64.741,37.321,42.859,2619.4,62.337,27.359,49.884,0.35441,8.9084,25.846,120.39,1.1911,74.466,23.585,2.3601,54.792,4.9577,239.96,0.020544,0.85664,66.245,19.078,43.111
454,2026-04-16T19:39:00,50.734,26.823,26.957,32.729,41.401,2693.9,3635.1,18.788,19.278,21.775,0.27249,0.10665,340.61,77.777,6.8768,13.996,32.215,4450.9,22.653,48.232,51.785,80.647,2.2969,1.6785,3092.9,42.62,53.283,94.622,9.4189,60.687,43.352,42.632,2622.4,62.116,24.832,50.069,0.35628,8.9084,25.846,120.41,1.1911,75.898,23.585,2.3601,54.792,4.9577,239.85,0.020544,0.85664,66.293,19.078,43.111
455,2026-04-16T19:42:00,49.898,26.584,26.783,33.283,40.704,2696.9,3608.8,20.125,18.67,21.519,0.27149,0.10665,340.99,77.907,6.7256,14.046,32.568,4538.3,22.075,46.297,48.329,80.801,2.3044,1.7093,3095.1,42.187,52.598,94.844,9.3466,62.564,33.182,42.923,2625.2,63.621,23.99,50.277,0.35557,9.0396,25.694,120.41,1.3101,74.663,23.724,2.3165,54.792,4.9581,239.44,0.020544,0.85664,66.363,19.129,43.111
456,2026-04-16T19:45:00,50.163,26.696,27.16,33.283,41.348,2696.7,3652.3,18.775,18.67,22.244,0.27036,0.11235,341.27,77.627,6.7256,14.046,32.568,4491.9,22.643,46.911,48.299,80.654,2.3044,1.7093,3093.9,42.186,53.153,94.482,9.4149,60.714,33.093,42.493,2625.5,62.872,24.832,50.749,0.35909,9.0396,25.694,120.41,1.3101,74.709,23.724,2.3165,54.452,4.9581,238.54,0.0019799,0.84952,66.411,19.129,43.631
457,2026-04-16T19:48:00,49.774,23.02,26.896,33.162,41.195,2693.4,3677.7,18.661,18.936,21.763,0.23513,0.11235,341.28,77.499,6.9388,13.72,32.278,4428.9,22.696,46.011,49.162,80.398,2.301,1.6527,3092.2,42.627,53.729,94.549,9.3706,63.547,35.635,43.331,2622.0,63.837,24.656,50.608,0.36562,9.1254,25.918,120.42,1.1909,74.156,23.713,2.3181,54.452,4.9282,243.15,0.0019799,0.84952,66.393,19.366,43.631
458,2026-04-16T19:51:00,50.974,23.085,26.469,33.162,41.983,2692.3,3663.9,20.103,18.936,21.352,0.23447,0.11235,340.84,77.368,6.9388,13.72,32.278,4460.8,22.099,48.788,50.002,80.247,2.301,1.6527,3091.3,42.146,53.347,94.483,9.5606,63.11,38.105,43.046,2619.8,64.076,23.412,50.984,0.36796,9.1254,25.918,120.43,1.1909,75.266,23.713,2.3181,54.452,4.9282,241.98,0.0019799,0.84952,66.347,19.366,43.631
459,2026-04-16T19:54:00,49.528,25.809,26.597,33.385,40.494,2693.7,3620.7,15.901,18.852,22.093,0.25791,0.11235,341.33,77.291,7.016,13.922,32.26,4446.8,23.868,45.441,50.267,80.362,2.2386,1.6443,3090.8,42.777,52.853,94.677,9.3942,62.05,38.887,39.221,2622.6,62.994,24.949,51.274,0.32841,8.841,25.935,120.38,1.2996,75.584,23.119,2.4212,54.452,5.0464,241.79,0.0019799,0.84952,66.345,18.834,43.631
460,2026-04-16T19:57:00,50.613,25.513,26.97,33.385,41.184,2695.9,3615.2,14.38,18.852,22.438,0.26092,0.11235,342.38,77.656,7.016,13.922,32.26,4415.4,24.496,47.952,48.941,80.331,2.2386,1.6443,3092.1,42.283,53.228,94.53,9.4444,60.822,34.982,39.257,2624.5,63.09,25.756,51.542,0.32811,8.841,25.935,120.42,1.2996,74.113,23.119,2.4212,54.452,5.0464,241.81,0.0019799,0.84952,66.35,18.834,43.631
461,2026-04-16T20:00:00,50.997,25.704,26.791,33.123,39.881,2698.9,3623.6,15.226,19.306,22.074,0.26076,0.085659,342.35,77.669,7.0165,13.779,32.319,4476.6,24.132,48.842,48.626,80.5,2.3081,1.656,3095.0,42.374,53.747,94.638,9.6667,61.344,34.057,41.625,2627.5,62.178,25.065,51.207,0.353,8.8105,26.384,120.38,1.3978,75.183,23.283,2.2206,54.145,4.9749,246.87,0.0037381,0.82732,66.395,19.156,44.705
462,2026-04-16T20:03:00,50.816,25.824,26.935,33.123,41.317,2699.2,3645.0,18.26,19.306,22.283,0.25954,0.085659,342.99,77.414,7.0165,13.779,32.319,4464.1,22.859,48.423,51.313,80.33,2.3081,1.656,3096.2,42.175,53.896,94.731,9.4342,61.934,41.963,41.877,2627.7,61.809,23.351,51.662,0.35093,8.8105,26.384,120.42,1.3978,74.081,23.283,2.2206,54.145,4.9749,244.03,0.0037381,0.82732,66.415,19.156,44.705
463,2026-04-16T20:06:00,50.285,25.224,26.952,33.185,39.994,2702.0,3605.9,16.72,18.273,22.712,0.25217,0.085659,343.32,77.438,6.7429,14.051,32.15,4405.2,23.508,47.193,51.537,80.246,2.2806,1.6741,3096.8,42.486,53.774,94.648,9.5316,61.785,42.622,39.799,2630.0,62.352,23.594,51.667,0.33695,9.014,25.92,120.35,1.279,73.967,23.831,2.3355,54.145,4.868,246.27,0.0037381,0.82732,66.393,18.66,44.705
464,2026-04-16T20:09:00,50.831,25.183,26.789,33.185,41.275,2703.3,3623.9,17.67,18.273,22.72,0.25259,0.085659,344.02,77.091,6.7429,14.051,32.15,4428.7,23.119,48.458,50.342,80.101,2.2806,1.6741,3097.7,42.412,53.493,94.736,9.5203,61.822,39.105,39.92,2632.1,62.042,25.265,51.8,0.33596,9.014,25.92,120.41,1.279,74.488,23.831,2.3355,54.145,4.868,247.07,0.0037381,0.82732,66.365,18.66,44.705
465,2026-04-16T20:12:00,49.919,26.755,26.898,33.49,40.677,2705.6,3699.4,17.264,18.463,22.611,0.26843,0.085659,344.28,77.494,6.799,13.841,32.792,4519.2,23.281,46.346,51.092,80.018,2.2818,1.6704,3100.5,42.665,53.604,94.562,9.3835,63.87,41.312,43.467,2634.5,63.144,24.719,51.768,0.36767,8.996,25.718,120.42,1.3328,74.929,23.653,2.3375,54.145,4.9682,249.75,0.0037381,0.82732,66.315,18.782,44.705
466,2026-04-16T20:15:00,48.082,26.439,27.056,33.49,41.624,2707.8,3687.8,16.384,18.463,22.883,0.27164,0.099855,344.53,78.055,6.799,13.841,32.792,4481.7,23.637,42.095,50.761,80.093,2.2818,1.6704,3102.9,42.179,54.052,94.435,9.4607,62.054,40.34,43.165,2637.1,63.344,25.693,51.518,0.37014,8.996,25.718,120.43,1.3328,73.564,23.653,2.3375,53.0,4.9682,248.57,0.020681,0.81589,66.281,18.782,42.569
467,2026-04-16T20:18:00,52.249,20.07,26.849,33.378,41.973,2709.6,3660.0,18.222,18.403,23.037,0.20626,0.099855,344.99,77.776,6.8829,13.834,32.854,4437.9,22.859,51.738,50.778,80.258,2.2661,1.6696,3104.8,42.814,54.288,94.438,9.5752,62.126,40.39,40.95,2639.3,63.434,23.694,51.832,0.34363,8.9046,26.409,120.42,1.1514,74.437,23.363,2.3638,53.0,4.8608,244.6,0.020681,0.81589,66.324,18.564,42.569
468,2026-04-16T20:21:00,52.657,20.261,27.472,33.378,41.399,2709.5,3682.6,16.561,18.403,22.998,0.20432,0.099855,344.69,77.62,6.8829,13.834,32.854,4495.1,23.557,52.684,49.707,80.197,2.2661,1.6696,3105.2,42.899,53.603,94.351,9.3451,63.886,37.239,41.153,2638.6,63.045,25.488,51.457,0.34196,8.9046,26.409,120.41,1.1514,74.482,23.363,2.3638,53.0,4.8608,248.35,0.020681,0.81589,66.368,18.564,42.569
469,2026-04-16T20:24:00,49.426,18.659,26.991,33.3,41.295,2711.3,3650.9,17.192,18.486,23.107,0.19548,0.099855,345.07,77.296,6.7398,13.783,32.811,4518.8,23.295,45.206,50.603,80.234,2.2273,1.6618,3104.8,42.365,53.871,94.324,9.6452,61.186,39.876,40.641,2640.5,62.894,25.7,51.776,0.34484,8.8959,25.877,120.4,1.1154,74.958,23.689,2.3312,53.0,4.8544,244.29,0.020681,0.81589,66.372,18.356,42.569
470,2026-04-16T20:27:00,50.278,18.672,26.802,33.3,40.945,2709.7,3647.9,18.603,18.486,22.891,0.19535,0.099855,345.36,77.373,6.7398,13.783,32.811,4498.4,22.699,47.177,48.886,80.022,2.2273,1.6618,3104.6,42.507,54.115,94.453,9.4121,60.453,34.823,40.906,2639.6,62.945,25.928,51.655,0.34267,8.8959,25.877,120.39,1.1154,74.532,23.689,2.3312,53.0,4.8544,245.19,0.020681,0.81589,66.367,18.356,42.569
471,2026-04-16T20:30:00,49.878,18.722,27.14,33.047,41.993,2711.9,3664.7,17.557,17.847,23.145,0.18965,0.09457,345.03,77.524,6.6701,13.784,33.028,4542.9,23.138,46.251,50.419,79.963,2.2457,1.7132,3106.1,42.584,54.146,94.394,9.4445,62.368,39.333,40.164,2641.3,63.98,25.294,51.217,0.33737,8.8091,26.466,120.4,1.238,74.512,24.273,2.2874,53.394,4.7683,246.16,0.014788,0.77324,66.304,18.252,43.771
472,2026-04-16T20:33:00,50.03,18.699,27.215,33.047,41.284,2712.5,3711.9,17.804,17.847,23.288,0.18988,0.09457,345.5,77.079,6.6701,13.784,33.028,4525.2,23.048,46.603,50.361,79.898,2.2457,1.7132,3106.2,42.375,54.358,94.372,9.6412,60.789,39.163,40.047,2642.2,63.166,24.296,51.071,0.33833,8.8091,26.466,120.42,1.238,74.381,24.273,2.2874,53.394,4.7683,245.84,0.014788,0.77324,66.215,18.252,43.771
473,2026-04-16T20:36:00,50.592,15.846,26.946,33.091,42.349,2712.9,3660.8,21.134,18.144,23.198,0.1618,0.09457,344.89,77.447,6.69,13.675,32.726,4562.3,21.637,47.905,47.96,79.903,2.2754,1.6079,3107.0,42.209,54.249,94.391,9.408,62.738,32.096,40.154,2642.9,64.824,25.052,50.928,0.3373,8.9439,26.858,120.41,1.2392,74.746,24.216,2.2752,53.394,4.8355,245.56,0.014788,0.77324,66.162,18.712,43.771
474,2026-04-16T20:39:00,49.602,15.97,26.701,33.091,41.339,2714.2,3736.1,18.751,18.144,23.002,0.16054,0.09457,344.92,77.566,6.69,13.675,32.726,4532.2,22.632,45.613,49.383,80.065,2.2754,1.6079,3108.2,42.492,54.609,94.27,9.4,62.471,36.285,39.893,2644.1,63.528,22.624,50.837,0.33944,8.9439,26.858,120.38,1.2392,74.183,24.216,2.2752,53.394,4.8355,244.66,0.014788,0.77324,66.167,18.712,43.771
475,2026-04-16T20:42:00,48.955,18.224,26.635,33.41,42.294,2714.4,3711.7,17.931,17.857,22.884,0.18157,0.09457,344.58,77.294,6.8126,13.746,32.595,4483.8,22.981,44.115,48.158,80.041,2.2879,1.6738,3108.9,42.481,54.11,94.299,9.5607,63.889,32.679,38.476,2643.6,63.964,26.399,50.916,0.32595,8.9072,26.942,120.41,1.1738,74.82,23.862,2.3246,53.394,4.7853,241.83,0.014788,0.77324,66.162,18.558,43.771
476,2026-04-16T20:45:00,47.807,18.227,26.529,33.41,41.188,2713.0,3729.5,17.652,17.857,22.951,0.18154,0.096303,344.24,77.527,6.8126,13.746,32.595,4484.0,23.093,41.458,51.683,79.965,2.2879,1.6738,3108.1,42.131,54.108,94.316,9.3945,62.484,43.053,38.807,2643.2,63.658,27.399,49.725,0.32324,8.9072,26.942,120.37,1.1738,75.166,23.862,2.3246,53.281,4.7853,240.22,0.033641,0.78884,66.127,18.558,43.55
477,2026-04-16T20:48:00,48.917,18.828,27.09,33.332,42.479,2713.2,3677.6,16.015,18.653,23.235,0.19094,0.096303,344.33,77.302,6.9296,13.806,32.17,4509.7,23.791,44.028,49.117,79.979,2.2432,1.6762,3106.6,42.499,54.2,94.377,9.4692,62.17,35.5,39.175,2642.5,63.599,26.044,49.194,0.33455,8.9318,26.445,120.43,1.3415,74.708,24.139,2.3644,53.281,4.8449,238.6,0.033641,0.78884,66.063,18.419,43.55
478,2026-04-16T20:51:00,49.491,19.086,27.106,33.332,40.802,2713.1,3696.1,19.534,18.653,23.416,0.18832,0.096303,344.07,77.352,6.9296,13.806,32.17,4512.7,22.306,45.357,50.76,79.991,2.2432,1.6762,3106.4,42.675,54.165,94.415,9.5199,62.188,40.337,39.403,2642.7,63.281,23.246,48.743,0.33268,8.9318,26.445,120.39,1.3415,74.865,24.139,2.3644,53.281,4.8449,236.12,0.033641,0.78884,66.026,18.419,43.55
479,2026-04-16T20:54:00,49.417,22.607,26.657,33.12,41.396,2712.4,3635.0,17.309,17.84,22.504,0.23072,0.096303,344.15,77.283,6.6965,13.837,32.124,4539.6,23.253,45.184,49.754,79.756,2.2946,1.5806,3108.2,42.341,54.233,94.521,9.5891,61.308,37.377,40.25,2641.8,63.316,24.274,48.216,0.33824,9.0392,27.138,120.41,1.1383,74.682,23.506,2.3683,53.281,4.8848,234.55,0.033641,0.78884,65.911,18.2,43.55
480,2026-04-16T20:57:00,50.653,22.686,26.657,33.12,40.952,2714.8,3683.2,17.084,17.84,22.9,0.22991,0.096303,344.41,77.349,6.6965,13.837,32.124,4507.7,23.351,48.045,50.562,79.753,2.2946,1.5806,3108.9,42.012,54.615,94.549,9.4379,61.458,39.754,39.76,2644.2,62.486,26.292,47.68,0.34226,9.0392,27.138,120.36,1.1383,74.82,23.506,2.3683,53.281,4.8848,233.17,0.033641,0.78884,65.774,18.2,43.55
481,2026-04-16T21:00:00,47.764,23.278,27.193,33.352,42.133,2718.9,3717.8,16.609,17.655,22.924,0.23373,0.10411,344.03,77.334,6.9371,13.807,32.585,4574.1,23.55,41.359,50.435,79.917,2.2219,1.6207,3114.1,42.483,54.436,94.407,9.5716,61.012,39.381,40.199,2648.1,64.001,24.401,47.466,0.3455,8.7631,26.325,120.45,1.1752,75.358,24.153,2.2386,54.099,4.8592,231.57,0.0059323,0.80247,65.727,18.592,43.55
482,2026-04-16T21:03:00,48.483,23.094,26.833,33.352,41.099,2719.9,3685.1,16.667,17.655,22.947,0.23559,0.10411,344.18,77.619,6.9371,13.807,32.585,4539.3,23.511,43.024,48.363,80.018,2.2219,1.6207,3115.5,42.616,54.852,94.296,9.4589,60.462,33.283,39.794,2649.8,64.564,25.019,47.063,0.34882,8.7631,26.325,120.4,1.1752,75.007,24.153,2.2386,54.099,4.8592,230.16,0.0059323,0.80247,65.697,18.592,43.55
483,2026-04-16T21:06:00,51.199,18.705,26.863,33.317,41.79,2719.0,3661.1,18.922,17.681,23.159,0.1875,0.10411,344.18,77.312,6.7717,13.689,32.402,4506.8,22.57,49.309,50.335,79.974,2.2502,1.6033,3114.0,42.508,54.343,94.507,9.5136,60.801,39.086,40.031,2648.3,62.927,25.356,46.601,0.34032,8.8707,26.553,120.4,1.2246,75.049,24.418,2.2962,54.099,4.8451,229.44,0.0059323,0.80247,65.636,18.502,43.55
484,2026-04-16T21:09:00,51.701,18.594,27.317,33.317,40.478,2717.8,3662.0,17.729,17.681,23.231,0.18864,0.10411,344.3,77.16,6.7717,13.689,32.402,4554.0,23.08,50.471,49.583,79.805,2.2502,1.6033,3112.7,42.453,53.778,94.414,9.4079,60.821,36.873,40.042,2647.0,62.913,24.938,46.142,0.34023,8.8707,26.553,120.37,1.2246,75.077,24.418,2.2962,54.099,4.8451,228.74,0.0059323,0.80247,65.587,18.502,43.55
485,2026-04-16T21:12:00,51.283,19.988,26.849,33.614,41.289,2718.8,3708.4,18.678,17.947,22.839,0.20349,0.10411,344.01,77.209,6.9328,13.752,31.872,4508.4,22.68,49.502,50.159,79.813,2.2705,1.6514,3113.2,42.136,54.584,94.565,9.3907,62.049,38.567,38.586,2648.7,63.591,26.78,45.877,0.3253,8.935,26.626,120.42,1.2186,74.26,24.165,2.2484,54.099,4.8253,225.88,0.0059323,0.80247,65.503,18.261,43.55
486,2026-04-16T21:15:00,50.934,20.179,26.927,33.614,41.804,2719.5,3710.3,17.238,17.947,22.858,0.20155,0.1068,343.32,77.347,6.9328,13.752,31.872,4527.4,23.281,48.696,48.469,79.901,2.2705,1.6514,3115.3,42.443,54.356,94.372,9.3725,61.314,33.594,38.825,2648.8,63.559,25.289,45.659,0.32335,8.935,26.626,120.41,1.2186,74.773,24.165,2.2484,53.846,4.8253,225.63,0.015472,0.80637,65.453,18.261,43.837
487,2026-04-16T21:18:00,50.168,25.151,27.394,32.88,41.719,2719.9,3644.9,16.901,17.763,23.084,0.25468,0.1068,343.68,77.252,6.714,13.551,32.755,4571.1,23.427,46.923,49.997,79.834,2.256,1.6925,3115.3,42.352,54.491,94.515,9.3401,61.587,38.09,39.567,2648.5,63.298,26.175,45.543,0.32973,8.8828,26.87,120.4,1.1651,76.25,24.539,2.2654,53.846,4.8641,222.49,0.015472,0.80637,65.412,18.584,43.837
488,2026-04-16T21:21:00,50.193,25.172,27.343,32.88,41.291,2720.7,3651.1,19.956,17.763,22.914,0.25447,0.1068,343.22,77.328,6.714,13.551,32.755,4558.9,22.139,46.981,49.692,79.916,2.256,1.6925,3116.8,42.625,54.637,94.467,9.3185,61.966,37.193,39.111,2649.8,63.192,27.781,45.097,0.33348,8.8828,26.87,120.42,1.1651,75.966,24.539,2.2654,53.846,4.8641,223.08,0.015472,0.80637,65.391,18.584,43.837
489,2026-04-16T21:24:00,49.206,16.588,27.049,33.38,41.275,2718.7,3721.3,16.581,18.119,23.253,0.16835,0.1068,343.45,76.974,6.9298,13.913,32.637,4503.6,23.578,44.697,50.609,79.697,2.2193,1.6372,3113.1,42.41,54.565,94.467,9.3921,62.273,39.893,36.746,2648.1,63.958,25.325,44.934,0.30682,8.6709,26.703,120.38,1.3414,73.604,24.787,2.2978,53.846,4.7899,220.51,0.015472,0.80637,65.308,18.17,43.837
490,2026-04-16T21:27:00,49.315,16.75,26.996,33.38,41.38,2720.1,3719.7,19.035,18.119,23.331,0.1667,0.1068,343.22,77.721,6.9298,13.913,32.637,4524.4,22.516,44.949,49.662,79.995,2.2193,1.6372,3114.4,42.333,54.316,94.445,9.3793,61.678,37.105,36.332,2650.3,63.986,24.975,44.48,0.31022,8.6709,26.703,120.43,1.3414,74.719,24.787,2.2978,53.846,4.7899,221.24,0.015472,0.80637,65.259,18.17,43.837
491,2026-04-16T21:30:00,49.164,17.19,26.622,33.324,41.559,2718.0,3679.0,19.328,18.248,22.642,0.17449,0.086399,342.52,77.33,6.8099,13.822,32.08,4551.6,22.398,44.599,49.838,80.075,2.2526,1.6844,3114.2,42.756,55.074,94.427,9.3296,62.351,37.622,40.887,2646.7,62.85,23.61,44.409,0.35108,8.7771,26.687,120.39,1.3027,75.936,24.619,2.3091,53.556,4.8512,218.12,0.0019676,0.81564,65.312,18.554,43.125
492,2026-04-16T21:33:00,50.848,17.317,26.601,33.324,40.576,2713.9,3675.4,18.593,18.248,22.486,0.1732,0.086399,342.53,76.688,6.8099,13.822,32.08,4561.6,22.735,48.498,50.011,79.756,2.2526,1.6844,3110.1,42.198,54.955,94.649,9.3692,61.615,38.131,41.441,2642.7,62.912,25.436,44.124,0.34654,8.7771,26.687,120.4,1.3027,74.989,24.619,2.3091,53.556,4.8512,217.17,0.0019676,0.81564,65.269,18.554,43.125
493,2026-04-16T21:36:00,49.284,22.149,26.734,33.601,41.847,2713.5,3695.1,17.777,17.844,22.487,0.22825,0.086399,341.85,76.855,6.9289,13.755,32.005,4548.4,23.082,44.876,50.061,79.692,2.2461,1.6723,3109.9,41.912,54.24,94.624,9.3877,60.425,38.28,40.279,2642.8,63.636,24.35,43.884,0.33679,8.7587,26.448,120.4,1.3906,75.72,24.567,2.2951,53.556,4.7734,215.77,0.0019676,0.81564,65.158,17.953,43.125
494,2026-04-16T21:39:00,48.566,22.44,27.003,33.601,40.715,2712.5,3694.2,16.58,17.844,22.417,0.22529,0.086399,341.48,77.003,6.9289,13.755,32.005,4551.9,23.592,43.215,49.439,79.661,2.2461,1.6723,3109.5,42.517,54.198,94.536,9.475,59.514,36.448,40.186,2641.2,63.652,25.969,43.373,0.33755,8.7587,26.448,120.38,1.3906,75.891,24.567,2.2951,53.556,4.7734,217.44,0.0019676,0.81564,65.067,17.953,43.125
495,2026-04-16T21:42:00,49.034,23.299,27.109,32.804,40.953,2715.0,3661.6,17.977,18.189,22.33,0.23414,0.086399,341.3,77.389,6.8568,13.805,31.685,4559.7,22.994,44.299,48.938,79.826,2.2544,1.6751,3112.1,42.382,55.667,94.633,9.3121,61.693,34.976,38.769,2643.6,63.18,26.637,43.243,0.33388,8.8156,26.846,120.39,1.3007,74.755,24.521,2.2781,53.556,4.7576,214.89,0.0019676,0.81564,65.0,18.995,43.125
496,2026-04-16T21:45:00,50.951,23.072,26.798,32.804,40.952,2716.6,3681.9,16.314,18.189,22.353,0.23645,0.074885,341.49,77.012,6.8568,13.805,31.685,4596.1,23.705,48.735,49.043,79.953,2.2544,1.6751,3113.4,42.6,55.231,94.429,9.252,62.106,35.283,39.017,2645.8,62.831,24.725,43.085,0.33185,8.8156,26.846,120.41,1.3007,76.11,24.521,2.2781,53.855,4.7576,214.77,0.028896,0.80519,65.0,18.995,43.689
497,2026-04-16T21:48:00,50.694,26.721,26.768,32.645,41.841,2717.5,3653.0,16.171,18.318,22.578,0.26823,0.074885,341.77,77.389,6.9308,13.811,32.245,4480.3,23.751,48.139,49.453,80.044,2.2012,1.6579,3113.1,42.097,54.112,94.704,9.2438,62.073,36.489,39.997,2647.1,63.95,24.788,42.821,0.33437,8.7665,26.911,120.39,1.3953,75.248,24.621,2.2297,53.855,4.7035,214.63,0.028896,0.80519,65.023,18.302,43.689
498,2026-04-16T21:51:00,49.377,26.59,26.725,32.645,41.772,2715.7,3687.8,20.527,18.318,22.182,0.26956,0.074885,340.91,77.198,6.9308,13.811,32.245,4479.1,21.919,45.093,50.362,80.021,2.2012,1.6579,3113.2,42.237,54.126,94.408,9.2244,62.885,39.166,39.559,2644.3,63.352,23.955,42.779,0.33795,8.7665,26.911,120.38,1.3953,76.098,24.621,2.2297,53.855,4.7035,211.95,0.028896,0.80519,65.031,18.302,43.689
499,2026-04-16T21:54:00,51.402,21.43,26.976,32.92,41.036,2711.6,3649.1,18.158,18.039,22.363,0.21843,0.074885,340.78,76.927,7.1683,13.683,32.295,4583.1,22.935,49.779,50.419,79.767,2.237,1.6091,3109.1,42.511,54.602,94.839,9.2894,62.161,39.333,39.957,2640.8,63.357,26.425,42.386,0.33586,8.8733,26.58,120.4,1.2268,76.262,24.752,2.2067,53.855,4.8106,213.27,0.028896,0.80519,64.994,18.479,43.689
500,2026-04-16T21:57:00,48.971,21.33,26.762,32.92,41.373,2712.2,3676.3,17.313,18.039,22.175,0.21945,0.074885,340.62,77.415,7.1683,13.683,32.295,4536.1,23.278,44.153,49.225,79.922,2.237,1.6091,3110.1,42.196,55.164,94.554,9.2456,62.578,35.82,39.923,2641.2,62.89,24.689,42.145,0.33614,8.8733,26.58,120.41,1.2268,75.576,24.752,2.2067,53.855,4.8106,212.94,0.028896,0.80519,64.934,18.479,43.689
501,2026-04-16T22:00:00,49.508,20.823,26.453,32.698,39.504,2713.2,3596.0,17.347,18.794,22.134,0.21329,0.090481,340.1,76.831,6.793,13.612,32.299,4558.7,23.281,45.395,50.592,80.04,2.2831,1.6269,3108.8,42.013,54.525,94.809,9.2956,61.714,39.841,38.251,2642.1,62.03,25.151,41.785,0.32069,8.8429,26.93,120.39,1.1683,75.145,24.907,2.2348,54.09,4.8333,210.38,0.028845,0.83441,64.933,18.547,43.66
502,2026-04-16T22:03:00,49.521,21.217,26.575,32.698,41.228,2711.6,3600.9,18.833,18.794,21.949,0.20927,0.090481,340.06,77.061,6.793,13.612,32.299,4560.8,22.654,45.425,48.632,79.878,2.2831,1.6269,3107.8,42.052,54.501,94.932,9.2858,60.397,34.076,37.917,2639.4,61.946,24.458,41.61,0.32343,8.8429,26.93,120.4,1.1683,75.621,24.907,2.2348,54.09,4.8333,207.79,0.028845,0.83441,64.88,18.547,43.66
503,2026-04-16T22:06:00,49.937,20.933,27.232,32.763,40.478,2710.9,3720.9,17.352,18.571,22.12,0.20904,0.090481,339.76,76.968,6.8772,13.79,31.728,4522.0,23.286,46.387,49.655,79.888,2.2328,1.6509,3109.2,42.296,54.842,94.776,9.3614,61.258,37.084,37.556,2639.4,63.079,24.308,41.376,0.30871,8.7453,26.256,120.38,1.2771,75.228,24.798,2.3166,54.09,4.8518,205.88,0.028845,0.83441,64.807,18.458,43.66
504,2026-04-16T22:09:00,48.871,20.64,27.035,32.763,41.89,2710.5,3687.5,15.293,18.571,21.828,0.21201,0.090481,339.14,77.406,6.8772,13.79,31.728,4571.3,24.139,43.921,50.521,80.002,2.2328,1.6509,3109.9,42.072,54.251,94.618,9.1087,62.826,39.633,37.133,2638.7,63.654,25.333,41.093,0.31217,8.7453,26.256,120.42,1.2771,76.348,24.798,2.3166,54.09,4.8518,204.54,0.028845,0.83441,64.804,18.458,43.66
505,2026-04-16T22:12:00,50.459,26.393,26.587,32.339,40.834,2710.3,3693.0,17.549,18.594,21.509,0.26755,0.090481,339.0,77.069,6.7918,14.039,32.157,4530.7,23.195,47.596,51.221,80.144,2.2462,1.6481,3111.5,42.377,55.003,94.669,9.2797,61.278,41.692,39.364,2638.9,62.865,23.792,40.588,0.33154,9.0357,26.535,120.38,1.1836,75.857,24.031,2.2332,54.09,4.8179,205.67,0.028845,0.83441,64.798,19.182,43.66
506,2026-04-16T22:15:00,49.743,26.53,26.752,32.339,41.201,2708.6,3673.0,19.374,18.594,21.609,0.26616,0.08011,338.33,77.064,6.7918,14.039,32.157,4557.2,22.432,45.94,49.567,80.019,2.2462,1.6481,3109.3,42.108,54.685,94.704,9.2433,61.566,36.827,39.359,2637.1,63.209,23.18,40.907,0.33158,9.0357,26.535,120.42,1.1836,75.648,24.031,2.2332,54.136,4.8179,205.64,0.01843,0.85609,64.765,19.182,43.808
507,2026-04-16T22:18:00,48.657,22.548,26.649,32.235,40.363,2704.5,3701.1,17.905,18.936,21.357,0.22887,0.08011,338.26,76.7,6.9409,13.838,31.683,4487.1,23.07,43.426,50.52,79.843,2.2213,1.6652,3105.7,42.312,53.74,94.639,9.2472,59.971,39.631,42.731,2632.0,63.521,28.671,41.104,0.35968,8.7936,26.487,120.39,1.2817,75.612,24.326,2.2056,54.136,4.8523,202.45,0.01843,0.85609,64.711,18.4,43.808
508,2026-04-16T22:21:00,51.631,22.254,26.75,32.235,41.243,2702.4,3727.0,17.513,18.936,21.337,0.23186,0.08011,338.3,77.418,6.9409,13.838,31.683,4498.6,23.218,50.308,48.774,79.976,2.2213,1.6652,3103.2,42.452,53.603,94.74,9.2264,59.914,34.491,43.227,2630.5,63.073,25.911,40.876,0.35561,8.7936,26.487,120.39,1.2817,75.348,24.326,2.2056,54.136,4.8523,204.07,0.01843,0.85609,64.685,18.4,43.808
509,2026-04-16T22:24:00,49.175,27.266,26.813,32.41,40.775,2703.9,3643.2,20.383,18.5,21.508,0.27819,0.08011,337.57,77.268,7.0241,13.823,31.957,4561.7,22.009,44.624,50.604,80.227,2.2697,1.6334,3104.6,42.251,54.763,94.543,9.3782,58.821,39.877,39.888,2632.0,63.224,26.305,40.678,0.34023,9.0678,26.688,120.41,1.2604,74.805,24.542,2.2787,54.136,4.7801,205.3,0.01843,0.85609,64.716,19.01,43.808
510,2026-04-16T22:27:00,49.362,27.275,26.924,32.41,41.011,2704.5,3677.7,17.271,18.5,21.749,0.27809,0.08011,338.02,77.274,7.0241,13.823,31.957,4560.9,23.319,45.058,49.181,80.314,2.2697,1.6334,3104.3,42.422,54.773,94.686,9.2891,60.012,35.691,40.318,2632.9,62.629,26.054,40.802,0.33671,9.0678,26.688,120.43,1.2604,75.607,24.542,2.2787,54.136,4.7801,202.88,0.01843,0.85609,64.759,19.01,43.808
511,2026-04-16T22:30:00,50.423,25.173,27.208,32.675,40.562,2702.5,3661.8,19.926,19.181,21.599,0.25412,0.10121,337.2,76.995,6.8881,13.967,31.894,4485.4,22.207,47.512,51.124,80.275,2.2714,1.5991,3103.2,41.71,54.191,94.774,9.379,57.889,41.407,40.351,2630.1,62.077,25.23,40.873,0.33325,8.8138,26.759,120.4,1.1568,75.535,24.486,2.3344,55.08,4.7714,207.45,0.01414,0.84174,64.825,18.796,43.859
512,2026-04-16T22:33:00,50.304,24.978,26.866,32.675,40.467,2699.5,3614.2,16.039,19.181,20.958,0.25609,0.10121,336.66,77.138,6.8881,13.967,31.894,4544.6,23.846,47.239,50.792,80.125,2.2714,1.5991,3101.2,42.91,53.483,94.918,9.2917,60.974,40.43,39.924,2626.9,62.896,25.666,41.133,0.33675,8.8138,26.759,120.37,1.1568,76.337,24.486,2.3344,55.08,4.7714,206.3,0.01414,0.84174,64.815,18.796,43.859
513,2026-04-16T22:36:00,51.423,26.129,26.841,32.849,40.831,2700.4,3649.3,18.457,19.164,21.404,0.26198,0.10121,337.28,77.115,6.909,13.917,31.516,4561.1,22.828,49.827,49.427,80.246,2.2747,1.6708,3100.8,42.108,53.789,94.68,9.4047,59.381,36.413,41.705,2628.2,63.417,23.945,41.525,0.35473,8.9401,26.876,120.4,1.422,74.958,24.505,2.2717,55.08,4.9188,203.66,0.01414,0.84174,64.802,19.218,43.859
514,2026-04-16T22:39:00,51.836,26.065,26.565,32.849,39.992,2697.1,3691.4,18.374,19.164,20.701,0.26263,0.10121,336.74,76.674,6.909,13.917,31.516,4527.7,22.882,50.782,51.326,80.058,2.2747,1.6708,3100.1,42.274,54.189,94.909,9.2059,60.274,42.003,42.098,2624.3,62.693,25.592,41.528,0.35151,8.9401,26.876,120.38,1.422,75.387,24.505,2.2717,55.08,4.9188,205.37,0.01414,0.84174,64.826,19.218,43.859
515,2026-04-16T22:42:00,51.734,29.994,26.951,32.727,40.683,2697.9,3697.6,19.24,19.502,21.302,0.3058,0.10121,336.6,77.398,7.032,13.607,32.026,4459.0,22.5,50.547,50.366,80.175,2.232,1.6312,3100.1,42.281,53.937,94.696,9.2318,60.651,39.176,41.27,2624.8,62.386,25.912,41.632,0.34873,9.0823,26.702,120.42,1.2638,75.615,24.199,2.2763,55.08,4.9307,205.97,0.01414,0.84174,64.838,18.85,43.859
516,2026-04-16T22:45:00,50.265,30.158,27.152,32.727,40.844,2699.3,3660.9,17.78,19.502,21.169,0.30412,0.10603,336.74,77.238,7.032,13.607,32.026,4538.0,23.114,47.147,51.35,80.389,2.232,1.6312,3100.9,42.747,52.992,94.773,9.3914,59.645,42.073,41.713,2627.2,63.018,25.174,41.706,0.3451,9.0823,26.702,120.4,1.2638,75.812,24.199,2.2763,54.979,4.9307,203.01,0.006333,0.88252,64.865,18.85,43.208
517,2026-04-16T22:48:00,48.583,25.624,26.987,32.411,41.456,2698.8,3626.6,20.437,19.565,21.301,0.26033,0.10603,336.56,77.021,6.7077,13.811,31.714,4548.8,22.001,43.255,52.063,80.413,2.2802,1.607,3099.8,42.295,53.722,94.767,9.1579,58.99,44.17,37.724,2626.7,62.446,25.483,41.421,0.30899,9.062,26.351,120.41,1.3149,75.389,24.52,2.361,54.979,4.8011,206.22,0.006333,0.88252,64.92,19.171,43.208
518,2026-04-16T22:51:00,48.908,25.892,27.099,32.411,39.925,2697.3,3639.2,17.424,19.565,21.292,0.25761,0.10603,337.21,77.114,6.7077,13.811,31.714,4533.2,23.272,44.006,50.318,80.236,2.2802,1.607,3098.4,42.08,53.909,94.803,9.4159,58.706,39.037,37.644,2625.7,62.229,25.793,41.581,0.30964,9.062,26.351,120.38,1.3149,74.427,24.52,2.361,54.979,4.8011,204.47,0.006333,0.88252,64.905,19.171,43.208
519,2026-04-16T22:54:00,49.16,28.828,26.907,31.696,40.928,2697.2,3671.5,15.754,19.081,20.969,0.29474,0.10603,336.51,77.106,6.9582,13.773,31.212,4461.4,23.976,44.59,50.283,80.278,2.2358,1.6459,3100.0,42.267,53.942,94.767,9.3115,59.345,38.934,39.844,2624.8,64.53,24.48,41.583,0.33491,8.9816,26.577,120.43,1.1774,75.576,24.177,2.2857,54.979,4.9162,204.49,0.006333,0.88252,64.908,18.98,43.208
520,2026-04-16T22:57:00,49.41,28.681,27.217,31.696,41.741,2697.5,3711.0,16.784,19.081,21.197,0.29623,0.10603,336.86,77.161,6.9582,13.773,31.212,4465.1,23.541,45.169,49.348,80.349,2.2358,1.6459,3099.4,42.216,53.897,94.523,9.1848,62.558,36.18,40.125,2625.7,63.849,27.027,41.562,0.33261,8.9816,26.577,120.42,1.1774,75.405,24.177,2.2857,54.979,4.9162,204.78,0.006333,0.88252,64.923,18.98,43.208
521,2026-04-16T23:00:00,49.043,34.546,26.779,32.669,41.222,2696.7,3657.1,21.127,19.069,20.926,0.34868,0.1042,337.0,77.27,6.7908,13.817,31.818,4502.4,21.711,44.32,49.533,80.34,2.2482,1.678,3097.9,42.367,53.868,94.637,9.4374,59.119,36.727,39.368,2624.1,62.626,25.038,42.16,0.33018,8.9467,26.39,120.4,1.2769,74.881,24.244,2.2641,54.915,4.837,210.32,0.033835,0.8962,64.928,19.073,43.403
522,2026-04-16T23:03:00,52.003,34.459,26.749,32.669,40.769,2695.8,3664.9,19.179,19.069,20.98,0.34956,0.1042,337.4,77.268,6.7908,13.817,31.818,4511.1,22.534,51.17,48.449,80.292,2.2482,1.678,3097.4,41.988,53.765,94.674,9.1893,62.082,33.536,39.458,2623.8,62.492,25.485,42.606,0.32944,8.9467,26.39,120.41,1.2769,75.879,24.244,2.2641,54.915,4.837,210.66,0.033835,0.8962,64.981,19.073,43.403
523,2026-04-16T23:06:00,48.432,29.144,27.278,32.119,41.611,2694.9,3696.9,16.096,19.032,21.139,0.30052,0.1042,337.57,77.293,6.9012,13.848,31.824,4494.0,23.836,42.906,50.71,80.241,2.2608,1.6844,3097.0,42.202,53.7,94.732,9.1369,62.448,40.189,40.033,2622.9,63.416,25.661,42.869,0.33396,8.8199,26.194,120.42,1.3651,75.725,23.58,2.351,54.915,4.8536,213.03,0.033835,0.8962,64.993,19.322,43.403
524,2026-04-16T23:09:00,49.866,29.207,27.012,32.119,40.808,2694.0,3658.4,20.365,19.032,20.944,0.29988,0.1042,337.17,77.105,6.9012,13.848,31.824,4495.9,22.045,46.224,50.397,80.27,2.2608,1.6844,3095.9,42.503,53.677,94.602,9.2162,61.65,39.27,40.58,2621.4,64.079,25.204,43.304,0.32948,8.8199,26.194,120.4,1.3651,74.908,23.58,2.351,54.915,4.8536,213.44,0.033835,0.8962,65.06,19.322,43.403
525,2026-04-16T23:12:00,51.202,29.592,27.26,32.401,41.296,2691.9,3642.5,18.676,19.209,21.002,0.30246,0.1042,336.53,77.298,6.926,13.852,32.269,4471.5,22.755,49.315,50.279,80.194,2.2387,1.65,3094.6,42.349,53.287,94.628,9.2233,60.684,38.921,40.45,2619.8,63.418,24.339,43.505,0.33746,8.8703,26.451,120.42,1.4396,75.108,24.036,2.385,54.915,4.9319,216.48,0.033835,0.8962,65.084,19.068,43.403
526,2026-04-16T23:15:00,50.907,29.828,26.859,32.401,40.64,2693.6,3696.7,18.455,19.209,21.125,0.30006,0.10693,337.34,77.587,6.926,13.852,32.269,4488.1,22.834,48.632,51.108,80.408,2.2387,1.65,3093.4,42.555,53.089,94.675,9.2093,61.225,41.362,40.664,2621.5,62.486,23.901,44.315,0.3357,8.8703,26.451,120.38,1.4396,75.112,24.036,2.385,53.765,4.9319,217.64,0.034096,0.88378,65.151,19.068,43.798
527,2026-04-16T23:18:00,50.79,25.271,27.082,32.579,41.177,2691.5,3632.4,19.691,19.224,21.364,0.26312,0.10693,337.15,77.038,7.0449,14.089,31.843,4532.7,22.329,48.363,48.692,80.412,2.2773,1.6878,3093.1,42.336,53.105,94.752,9.2008,60.974,34.252,40.222,2618.2,63.345,25.021,44.995,0.34068,9.0455,25.648,120.41,1.3545,76.351,23.597,2.3609,53.765,4.92,217.35,0.034096,0.88378,65.263,19.002,43.798
528,2026-04-16T23:21:00,51.542,25.69,27.229,32.579,40.538,2688.4,3665.9,15.334,19.224,21.216,0.25886,0.10693,337.43,76.796,7.0449,14.089,31.843,4466.5,24.178,50.103,50.201,80.14,2.2773,1.6878,3089.7,42.514,53.898,94.816,9.1894,62.005,38.69,40.499,2615.7,62.768,24.975,45.319,0.3384,9.0455,25.648,120.37,1.3545,74.123,23.597,2.3609,53.765,4.92,221.06,0.034096,0.88378,65.338,19.002,43.798
529,2026-04-16T23:24:00,48.637,29.629,26.773,32.234,41.428,2690.7,3596.3,17.24,19.336,21.145,0.30397,0.10693,337.81,77.203,7.0029,13.944,31.909,4518.4,23.363,43.379,50.24,80.352,2.2892,1.6848,3090.9,42.135,53.396,94.79,9.227,61.675,38.806,43.975,2618.2,62.826,26.715,45.866,0.36368,8.8535,26.002,120.42,1.4047,74.1,23.493,2.3358,53.765,4.8585,222.24,0.034096,0.88378,65.358,19.126,43.798
530,2026-04-16T23:27:00,50.098,29.804,26.833,32.234,39.847,2690.9,3562.4,15.214,19.336,21.154,0.30219,0.10693,337.44,77.368,7.0029,13.944,31.909,4513.6,24.211,46.762,51.906,80.343,2.2892,1.6848,3091.0,42.181,53.454,94.834,9.259,61.08,43.708,43.967,2618.7,63.409,24.552,46.229,0.36374,8.8535,26.002,120.38,1.4047,75.558,23.493,2.3358,53.765,4.8585,225.45,0.034096,0.88378,65.466,19.126,43.798
531,2026-04-16T23:30:00,50.351,29.153,26.776,32.806,42.02,2693.3,3642.6,18.324,18.953,21.558,0.3025,0.10363,338.07,77.834,7.0267,13.795,32.05,4467.6,22.882,47.345,50.313,80.573,2.2918,1.6632,3093.6,42.514,53.651,94.8,9.3618,60.447,39.02,41.858,2622.1,62.264,23.415,46.767,0.35161,9.143,26.031,120.42,1.1045,74.994,23.609,2.2829,53.356,4.8,224.15,0.020538,0.87185,65.572,19.122,42.393
532,2026-04-16T23:33:00,50.41,29.238,27.252,32.806,39.561,2694.7,3643.8,17.011,18.953,21.17,0.30164,0.10363,338.21,77.519,7.0267,13.795,32.05,4437.4,23.432,47.483,51.353,80.651,2.2918,1.6632,3096.0,42.27,54.011,94.718,9.3539,61.067,42.083,42.184,2622.4,62.242,25.899,47.068,0.34894,9.143,26.031,120.38,1.1045,75.029,23.609,2.2829,53.356,4.8,226.86,0.020538,0.87185,65.701,19.122,42.393
533,2026-04-16T23:36:00,50.796,28.54,27.085,32.69,41.876,2694.8,3607.3,19.639,19.39,20.963,0.28591,0.10363,337.89,77.083,6.7441,13.949,32.255,4475.1,22.335,48.376,49.652,80.506,2.2696,1.7038,3096.5,42.476,53.511,94.743,9.2402,61.711,37.077,40.468,2621.5,62.536,24.435,47.357,0.33078,8.7421,26.359,120.41,1.213,75.041,23.227,2.3482,53.356,4.9471,229.65,0.020538,0.87185,65.79,18.886,42.393
534,2026-04-16T23:39:00,49.34,28.45,26.687,32.69,40.554,2694.7,3609.0,18.767,19.39,21.138,0.28683,0.10363,338.63,77.487,6.7441,13.949,32.255,4439.8,22.695,45.006,49.357,80.327,2.2696,1.7038,3095.8,42.471,53.934,94.728,9.3214,60.81,36.209,40.099,2622.2,62.508,25.256,47.776,0.33381,8.7421,26.359,120.4,1.213,74.584,23.227,2.3482,53.356,4.9471,231.03,0.020538,0.87185,65.777,18.886,42.393
535,2026-04-16T23:42:00,50.101,26.323,26.822,32.505,41.099,2696.6,3711.5,17.277,19.452,21.275,0.26942,0.10363,339.59,77.418,7.0261,13.951,31.823,4490.9,23.324,46.769,49.458,80.363,2.3098,1.6837,3097.6,42.449,53.864,94.719,9.4426,59.074,36.505,42.026,2624.2,63.219,25.558,48.283,0.35242,8.825,25.901,120.42,1.4373,75.31,23.623,2.4174,53.356,4.8853,231.4,0.020538,0.87185,65.812,19.15,42.393
536,2026-04-16T23:45:00,50.111,26.329,26.521,32.505,40.956,2695.1,3665.3,18.43,19.452,21.536,0.26936,0.10842,339.61,77.577,7.0261,13.951,31.823,4502.4,22.829,46.791,49.502,80.436,2.3098,1.6837,3096.2,42.424,53.726,94.325,9.3584,62.815,36.634,41.892,2624.5,64.014,25.167,48.395,0.35352,8.825,25.901,120.41,1.4373,74.868,23.623,2.4174,53.555,4.8853,233.6,0.018532,0.87136,65.86,19.15,43.14
537,2026-04-16T23:48:00,50.48,30.859,27.058,32.747,41.533,2696.4,3587.9,16.568,19.158,21.504,0.31008,0.10842,339.51,77.403,6.6877,13.86,32.198,4478.8,23.613,47.646,50.781,80.431,2.2251,1.6471,3095.5,42.531,53.32,94.8,9.4131,60.048,40.4,42.199,2624.3,62.869,25.108,48.629,0.35307,8.8879,25.897,120.42,1.173,75.194,23.307,2.3015,53.555,4.8491,235.83,0.018532,0.87136,65.929,18.99,43.14
538,2026-04-16T23:51:00,51.431,30.608,27.009,32.747,40.13,2694.6,3572.7,19.671,19.158,21.319,0.31263,0.10842,339.47,76.82,6.6877,13.86,32.198,4471.4,22.325,49.846,48.93,80.254,2.2251,1.6471,3095.4,42.196,53.409,94.6,9.3112,61.668,34.95,42.454,2621.9,63.131,24.863,49.181,0.35098,8.8879,25.897,120.37,1.173,75.524,23.307,2.3015,53.555,4.8491,234.48,0.018532,0.87136,65.966,18.99,43.14
539,2026-04-16T23:54:00,50.072,27.414,26.908,33.309,41.115,2693.0,3708.6,14.727,19.024,21.493,0.2763,0.10842,339.73,76.797,6.901,14.014,32.05,4433.5,24.421,46.702,49.498,79.914,2.3185,1.6264,3092.5,42.487,54.207,94.799,9.3415,62.231,36.622,41.098,2620.3,63.785,24.377,49.385,0.34305,8.8864,26.311,120.43,1.1547,74.426,23.897,2.3825,53.555,4.9222,237.11,0.018532,0.87136,65.925,18.968,43.14
540,2026-04-16T23:57:00,49.191,27.286,26.915,33.309,41.086,2694.7,3709.2,18.342,19.024,21.941,0.27759,0.10842,340.27,77.566,6.901,14.014,32.05,4490.5,22.879,44.663,50.667,80.137,2.3185,1.6264,3093.3,42.491,53.524,94.364,9.4247,62.418,40.061,40.864,2623.6,63.775,24.504,49.604,0.34496,8.8864,26.311,120.38,1.1547,74.535,23.897,2.3825,53.555,4.9222,239.56,0.018532,0.87136,65.912,18.968,43.14
541,2026-04-17T00:00:00,49.935,28.835,26.644,32.908,41.613,2699.8,3644.9,15.197,18.669,22.149,0.29166,0.10175,340.93,78.075,7.099,13.88,31.905,4489.8,24.173,46.384,50.985,80.598,2.2627,1.6581,3096.0,42.633,53.552,94.529,9.3775,60.776,40.998,43.229,2628.9,63.093,25.382,50.027,0.36076,8.8245,25.748,120.43,0.99306,75.003,23.024,2.3763,53.893,4.8974,240.21,0.03565,0.86921,66.032,19.127,43.783
542,2026-04-17T00:03:00,49.631,28.656,26.592,32.908,42.001,2699.6,3637.1,17.088,18.669,21.601,0.29348,0.10175,340.44,77.789,7.099,13.88,31.905,4479.9,23.364,45.68,48.422,80.794,2.2627,1.6581,3098.8,42.234,53.671,94.372,9.5463,61.87,33.457,43.406,2628.4,63.227,25.55,50.348,0.35931,8.8245,25.748,120.42,0.99306,75.471,23.024,2.3763,53.893,4.8974,241.56,0.03565,0.86921,66.202,19.127,43.783
543,2026-04-17T00:06:00,49.496,30.55,26.969,32.995,41.01,2698.2,3595.9,18.605,18.846,22.067,0.30664,0.10175,341.23,76.922,6.9272,13.84,32.191,4467.9,22.751,45.367,50.187,80.447,2.2669,1.6529,3095.9,42.512,53.379,94.564,9.4074,62.459,38.65,41.231,2627.2,62.088,25.277,50.75,0.34925,8.9492,26.017,120.37,1.2634,73.495,24.01,2.2959,53.893,4.8076,241.98,0.03565,0.86921,66.322,18.861,43.783
544,2026-04-17T00:09:00,48.578,30.284,26.792,32.995,40.408,2697.1,3629.4,17.277,18.846,22.026,0.30934,0.10175,341.77,77.203,6.9272,13.84,32.191,4522.3,23.31,43.242,50.1,80.133,2.2669,1.6529,3094.1,42.479,52.728,94.697,9.4027,59.401,38.393,41.215,2625.5,61.512,24.432,50.968,0.34938,8.9492,26.017,120.37,1.2634,75.484,24.01,2.2959,53.893,4.8076,244.51,0.03565,0.86921,66.288,18.861,43.783
545,2026-04-17T00:12:00,48.516,27.651,26.974,33.073,41.149,2699.2,3673.5,20.165,18.881,22.262,0.28373,0.10175,342.08,77.32,6.7437,13.843,32.073,4498.9,22.095,43.101,51.23,80.069,2.3048,1.6679,3096.1,42.495,53.623,94.67,9.5754,59.991,41.72,41.157,2627.9,62.136,24.989,51.311,0.34144,8.744,26.068,120.39,1.1906,75.068,23.332,2.339,53.893,4.902,245.69,0.03565,0.86921,66.221,19.095,43.783
546,2026-04-17T00:15:00,49.782,27.558,27.158,33.073,40.488,2700.8,3657.3,17.3,18.881,22.224,0.28468,0.089259,342.52,77.513,6.7437,13.843,32.073,4505.7,23.297,46.029,50.681,80.095,2.3048,1.6679,3097.3,42.4,53.542,94.667,9.458,61.91,40.105,40.708,2628.8,62.415,25.526,51.715,0.34511,8.744,26.068,120.37,1.1906,73.901,23.332,2.339,53.745,4.902,246.27,0.029449,0.83729,66.211,19.095,43.264
547,2026-04-17T00:18:00,49.368,28.892,27.344,33.5,42.178,2704.1,3705.1,17.635,18.613,22.41,0.29522,0.089259,342.78,77.57,6.8767,13.91,32.185,4465.3,23.147,45.072,49.736,80.303,2.3184,1.6376,3101.4,42.484,53.416,94.455,9.2756,62.474,37.323,41.176,2633.5,63.246,25.423,52.019,0.34217,8.8736,25.574,120.43,1.2409,74.295,23.239,2.3147,53.745,4.8741,247.85,0.029449,0.83729,66.29,19.067,43.264
548,2026-04-17T00:21:00,49.524,28.897,26.779,33.5,41.632,2704.5,3714.5,18.591,18.613,22.489,0.29517,0.089259,342.89,77.424,6.8767,13.91,32.185,4439.8,22.744,45.433,50.394,80.244,2.3184,1.6376,3100.8,42.746,53.722,94.469,9.4581,62.58,39.26,41.143,2633.2,63.084,25.95,52.317,0.34244,8.8736,25.574,120.42,1.2409,75.04,23.239,2.3147,53.745,4.8741,249.46,0.029449,0.83729,66.355,19.067,43.264
549,2026-04-17T00:24:00,50.18,27.932,26.733,33.405,41.281,2703.8,3693.5,17.183,18.853,22.557,0.28448,0.089259,343.67,77.467,6.7586,13.869,32.481,4490.3,23.335,46.95,49.35,80.134,2.2304,1.7129,3099.2,42.447,53.134,94.362,9.4078,61.528,36.188,41.852,2632.9,62.345,25.745,52.681,0.35192,8.8493,26.175,120.42,1.4342,75.289,24.211,2.1885,53.745,4.8356,250.32,0.029449,0.83729,66.39,18.572,43.264
550,2026-04-17T00:27:00,51.081,28.008,27.13,33.405,41.146,2704.1,3667.2,18.345,18.853,22.626,0.28371,0.089259,343.55,77.447,6.7586,13.869,32.481,4456.0,22.847,49.035,48.193,80.124,2.2304,1.7129,3099.3,42.64,53.544,94.584,9.3413,62.3,32.782,41.809,2632.8,62.799,23.993,52.912,0.35228,8.8493,26.175,120.41,1.4342,74.337,24.211,2.1885,53.745,4.8356,252.66,0.029449,0.83729,66.434,18.572,43.264
551,2026-04-17T00:30:00,49.11,24.856,26.995,33.13,40.889,2704.2,3699.2,18.462,18.49,22.739,0.25553,0.089382,344.03,77.317,7.0061,13.793,32.08,4537.2,22.796,44.473,50.935,80.118,2.285,1.6672,3101.2,42.353,53.781,94.406,9.513,61.187,40.852,41.014,2632.7,63.345,24.886,52.788,0.35077,9.0237,26.007,120.4,1.2493,74.807,24.023,2.2767,54.211,4.9434,250.17,0.029663,0.83817,66.478,18.406,44.387
552,2026-04-17T00:33:00,51.405,25.076,26.822,33.13,41.681,2705.0,3700.7,14.976,18.49,22.585,0.25329,0.089382,344.03,77.514,7.0061,13.793,32.08,4459.3,24.259,49.786,52.407,80.083,2.285,1.6672,3099.8,42.642,54.714,94.383,9.3966,63.291,45.184,40.865,2634.2,63.319,25.329,52.751,0.35199,9.0237,26.007,120.41,1.2493,75.043,24.023,2.2767,54.211,4.9434,251.67,0.029663,0.83817,66.466,18.406,44.387
553,2026-04-17T00:36:00,48.935,28.623,26.584,33.117,41.656,2705.7,3632.8,18.025,18.032,22.785,0.29282,0.089382,344.29,77.116,6.8256,13.783,32.4,4510.1,22.982,44.068,50.301,80.09,2.2946,1.668,3100.9,43.001,54.561,94.427,9.3751,62.568,38.987,40.049,2634.9,62.317,25.553,52.945,0.34195,8.9047,25.982,120.4,1.3114,74.933,23.381,2.3052,54.211,4.905,250.54,0.029663,0.83817,66.509,18.552,44.387
554,2026-04-17T00:39:00,51.056,28.725,26.808,33.117,40.377,2706.1,3596.6,18.633,18.032,22.94,0.29178,0.089382,344.8,77.399,6.8256,13.783,32.4,4571.3,22.724,48.978,50.369,79.866,2.2946,1.668,3100.0,42.3,53.828,94.618,9.4132,62.034,39.187,40.414,2635.8,62.939,25.938,52.941,0.33896,8.9047,25.982,120.39,1.3114,74.829,23.381,2.3052,54.211,4.905,251.68,0.029663,0.83817,66.458,18.552,44.387
555,2026-04-17T00:42:00,49.463,25.549,27.14,33.592,42.3,2707.4,3671.2,20.359,18.644,22.898,0.26116,0.089382,345.03,77.364,6.927,13.971,32.916,4538.0,21.999,45.29,49.737,79.927,2.2257,1.6665,3102.6,42.253,53.919,94.508,9.4914,61.899,37.327,40.189,2636.8,63.207,27.333,52.902,0.33819,8.7954,26.4,120.41,1.2748,74.295,23.785,2.3009,54.211,4.7669,253.25,0.029663,0.83817,66.434,18.808,44.387
556,2026-04-17T00:45:00,48.877,25.598,26.891,33.592,41.886,2710.5,3675.9,19.793,18.644,23.309,0.26067,0.095145,345.43,77.742,6.927,13.971,32.916,4491.3,22.225,43.935,51.182,79.98,2.2257,1.6665,3102.5,42.508,54.478,94.417,9.456,62.176,41.58,39.553,2640.0,63.125,26.216,53.086,0.34341,8.7954,26.4,120.42,1.2748,76.021,23.785,2.3009,53.639,4.7669,252.61,0.031904,0.81559,66.425,18.808,43.79
557,2026-04-17T00:48:00,48.736,20.227,27.014,33.865,41.047,2710.9,3647.2,16.442,18.048,23.531,0.20561,0.095145,345.29,77.663,6.83,13.648,32.565,4475.7,23.627,43.608,50.284,80.198,2.2618,1.6534,3102.9,42.003,54.052,94.448,9.441,61.12,38.937,42.353,2641.2,62.736,27.261,53.41,0.36251,8.8892,26.171,120.38,1.1705,74.366,23.715,2.278,53.639,4.7094,250.15,0.031904,0.81559,66.489,18.439,43.79
558,2026-04-17T00:51:00,49.939,20.188,27.059,33.865,41.242,2707.8,3647.2,17.792,18.048,22.942,0.206,0.095145,345.46,76.931,6.83,13.648,32.565,4522.2,23.08,46.392,49.494,79.998,2.2618,1.6534,3101.7,42.345,53.495,94.577,9.535,59.928,36.612,42.726,2636.6,62.735,26.217,53.46,0.35945,8.8892,26.171,120.39,1.1705,73.728,23.715,2.278,53.639,4.7094,250.76,0.031904,0.81559,66.546,18.439,43.79
559,2026-04-17T00:54:00,50.093,22.849,26.713,33.654,41.119,2707.2,3662.2,16.616,18.661,22.937,0.23543,0.095145,345.37,77.37,6.9344,13.827,32.476,4535.3,23.57,46.749,52.017,79.789,2.2466,1.683,3100.8,42.455,54.272,94.446,9.339,62.146,44.036,38.503,2636.1,63.331,24.603,53.183,0.32296,8.7817,26.406,120.37,1.1898,73.801,23.65,2.2772,53.639,4.7241,255.09,0.031904,0.81559,66.489,18.686,43.79
560,2026-04-17T00:57:00,49.306,22.93,26.942,33.654,41.155,2710.0,3659.8,17.441,18.661,23.317,0.23461,0.095145,345.76,77.306,6.9344,13.827,32.476,4514.5,23.218,44.927,50.256,79.988,2.2466,1.683,3102.3,42.23,54.521,94.53,9.4972,62.533,38.854,38.332,2640.1,63.372,26.07,53.378,0.32436,8.7817,26.406,120.39,1.1898,75.167,23.65,2.2772,53.639,4.7241,254.13,0.031904,0.81559,66.5,18.686,43.79
561,2026-04-17T01:00:00,50.816,23.282,26.869,33.682,42.413,2710.6,3632.2,16.337,18.111,23.309,0.2413,0.087252,345.71,77.62,6.887,13.86,33.063,4540.7,23.671,48.423,48.487,79.997,2.2152,1.6831,3103.1,42.623,53.636,94.441,9.4417,58.983,33.649,40.561,2640.0,62.932,24.567,53.018,0.34424,8.9766,25.859,120.41,1.2988,74.82,23.81,2.3346,53.696,4.7842,252.69,0.025919,0.80407,66.503,18.2,43.448
562,2026-04-17T01:03:00,49.247,23.497,26.557,33.682,40.616,2712.9,3626.5,17.548,18.111,23.12,0.23912,0.087252,345.33,77.491,6.887,13.86,33.063,4497.7,23.159,44.791,47.505,80.149,2.2152,1.6831,3105.1,42.576,54.15,94.46,9.4325,61.86,30.757,40.698,2643.0,63.03,24.574,53.01,0.34312,8.9766,25.859,120.38,1.2988,75.013,23.81,2.3346,53.696,4.7842,251.07,0.025919,0.80407,66.535,18.2,43.448
563,2026-04-17T01:06:00,49.486,17.245,26.939,33.606,41.092,2710.0,3664.2,20.471,18.15,23.325,0.17697,0.087252,345.8,77.068,6.7471,13.902,32.715,4600.5,21.942,45.345,50.508,79.879,2.2655,1.6827,3102.7,42.288,54.17,94.483,9.4631,59.826,39.594,40.63,2639.8,62.77,25.676,52.891,0.35128,8.6603,25.979,120.4,1.1566,75.259,23.856,2.3538,53.696,4.7761,250.71,0.025919,0.80407,66.504,18.656,43.448
564,2026-04-17T01:09:00,49.038,17.306,26.628,33.606,41.047,2710.0,3676.8,17.932,18.15,23.459,0.17636,0.087252,345.56,77.445,6.7471,13.902,32.715,4563.7,23.004,44.308,50.785,79.846,2.2655,1.6827,3101.6,42.297,54.61,94.537,9.4707,63.155,40.41,40.763,2639.6,62.553,24.385,52.835,0.35019,8.6603,25.979,120.38,1.1566,75.014,23.856,2.3538,53.696,4.7761,249.67,0.025919,0.80407,66.426,18.656,43.448
565,2026-04-17T01:12:00,50.222,19.986,26.807,33.49,41.158,2709.8,3711.7,19.097,18.424,23.277,0.20182,0.087252,345.47,77.504,6.9587,13.943,32.868,4568.6,22.51,47.047,51.326,79.913,2.2495,1.6669,3103.3,42.135,53.489,94.536,9.2949,62.624,42.003,41.537,2639.6,63.241,25.398,52.746,0.35383,8.9217,26.424,120.4,1.1025,75.32,24.149,2.194,53.696,4.8607,249.01,0.025919,0.80407,66.411,18.283,43.448
566,2026-04-17T01:15:00,48.662,19.768,26.406,33.49,41.097,2711.4,3684.2,16.626,18.424,23.019,0.20403,0.079341,344.91,77.522,6.9587,13.943,32.868,4519.1,23.543,43.438,49.084,80.112,2.2495,1.6669,3104.8,42.538,54.081,94.423,9.4605,61.935,35.404,41.622,2641.4,63.713,24.638,52.414,0.35314,8.9217,26.424,120.41,1.1025,74.969,24.149,2.194,54.394,4.8607,247.24,0.029438,0.79888,66.427,18.283,44.751
567,2026-04-17T01:18:00,50.484,17.896,27.008,33.177,41.42,2709.1,3612.9,17.49,18.232,22.814,0.18098,0.079341,344.38,77.296,6.9266,13.922,32.616,4594.5,23.185,47.653,50.16,79.94,2.2547,1.6406,3102.6,42.363,54.148,94.578,9.2839,62.362,38.57,42.236,2637.9,63.113,24.034,52.041,0.35824,9.0103,26.441,120.41,1.1783,75.488,24.183,2.2513,54.394,4.8482,248.11,0.029438,0.79888,66.408,18.617,44.751
568,2026-04-17T01:21:00,49.471,17.784,26.98,33.177,40.83,2708.9,3677.5,17.923,18.232,22.991,0.18213,0.079341,344.53,77.514,6.9266,13.922,32.616,4576.8,22.997,45.311,49.156,80.011,2.2547,1.6406,3102.4,42.531,54.359,94.604,9.5802,59.361,35.616,42.345,2637.9,62.0,24.629,51.809,0.35735,9.0103,26.441,120.39,1.1783,74.412,24.183,2.2513,54.394,4.8482,247.38,0.029438,0.79888,66.393,18.617,44.751
569,2026-04-17T01:24:00,47.438,19.754,26.762,33.496,41.848,2709.0,3646.9,18.768,18.133,22.738,0.19928,0.079341,344.22,77.266,7.0104,13.924,32.591,4528.8,22.647,40.605,50.113,79.982,2.2726,1.6979,3103.1,42.292,54.169,94.643,9.3359,62.873,38.434,42.105,2637.8,62.752,24.702,51.531,0.35599,9.0666,26.399,120.4,1.4465,75.697,23.868,2.3166,54.394,4.8654,247.2,0.029438,0.79888,66.383,18.74,44.751
570,2026-04-17T01:27:00,49.265,19.613,27.334,33.496,40.803,2707.7,3657.3,18.425,18.133,22.791,0.20071,0.079341,344.04,77.356,7.0104,13.924,32.591,4548.7,22.793,44.833,51.134,79.867,2.2726,1.6979,3102.7,42.502,53.931,94.702,9.3956,61.058,41.436,42.03,2637.0,62.573,25.585,51.365,0.35661,9.0666,26.399,120.37,1.4465,74.601,23.868,2.3166,54.394,4.8654,245.82,0.029438,0.79888,66.337,18.74,44.751
571,2026-04-17T01:30:00,53.432,19.458,26.928,33.722,41.242,2708.4,3650.7,16.195,18.432,22.952,0.19852,0.09742,343.95,77.484,6.8441,13.936,32.652,4469.4,23.73,54.476,52.443,79.924,2.305,1.5922,3102.0,42.012,54.595,94.63,9.5494,61.66,45.29,41.835,2637.5,61.869,27.029,51.148,0.35991,8.859,26.355,120.41,1.1037,73.826,24.063,2.3162,53.832,4.7567,242.82,0.0081141,0.80981,66.28,18.604,44.158
572,2026-04-17T01:33:00,50.389,19.474,26.807,33.722,40.819,2712.2,3630.8,16.525,18.432,22.949,0.19835,0.09742,344.02,77.822,6.8441,13.936,32.652,4541.1,23.571,47.435,48.852,80.182,2.305,1.5922,3105.7,42.535,53.737,94.656,9.3329,62.297,34.723,42.034,2642.2,62.212,25.708,50.785,0.35828,8.859,26.355,120.39,1.1037,75.276,24.063,2.3162,53.832,4.7567,242.7,0.0081141,0.80981,66.262,18.604,44.158
573,2026-04-17T01:36:00,48.221,18.474,27.075,33.282,41.398,2712.9,3703.8,19.022,18.147,22.841,0.18779,0.09742,343.48,77.494,6.8269,14.039,32.385,4551.2,22.522,42.417,49.566,80.227,2.2228,1.667,3107.2,42.587,53.966,94.667,9.4274,61.736,36.824,42.269,2642.4,62.371,24.105,50.417,0.36026,8.8667,26.644,120.41,1.2226,74.945,24.326,2.2793,53.832,4.8472,242.6,0.0081141,0.80981,66.252,18.268,44.158
574,2026-04-17T01:39:00,51.425,18.513,26.878,33.282,40.734,2711.2,3694.1,19.388,18.147,22.762,0.18738,0.09742,343.13,77.222,6.8269,14.039,32.385,4518.6,22.377,49.831,50.256,80.018,2.2228,1.667,3106.5,42.548,54.356,94.587,9.4494,59.114,38.854,42.091,2640.2,62.539,24.289,50.318,0.36172,8.8667,26.644,120.41,1.2226,75.21,24.326,2.2793,53.832,4.8472,239.51,0.0081141,0.80981,66.245,18.268,44.158
575,2026-04-17T01:42:00,49.954,20.792,26.292,33.205,40.615,2710.2,3663.4,21.514,18.465,22.586,0.20899,0.09742,343.71,77.042,7.0573,13.722,32.511,4580.4,21.494,46.427,50.773,79.87,2.2742,1.6647,3105.8,42.555,54.498,94.656,9.4237,62.64,40.375,43.875,2639.5,63.263,25.119,50.049,0.37175,8.695,26.456,120.39,1.3251,74.413,24.002,2.3189,53.832,4.8532,238.41,0.0081141,0.80981,66.155,18.621,44.158
576,2026-04-17T01:45:00,48.797,20.718,26.503,33.205,40.598,2709.1,3651.2,17.856,18.465,22.493,0.20975,0.10279,343.68,77.143,7.0573,13.722,32.511,4583.2,23.041,43.75,48.766,79.742,2.2742,1.6647,3105.4,42.069,54.465,94.533,9.4617,59.506,34.469,43.613,2637.9,63.471,25.438,49.849,0.37389,8.695,26.456,120.39,1.3251,73.957,24.002,2.3189,53.65,4.8532,239.09,0.0030669,0.80057,66.033,18.621,43.921
577,2026-04-17T01:48:00,50.248,19.216,26.747,33.14,41.299,2712.5,3594.1,15.632,18.061,22.737,0.19511,0.10279,343.1,77.561,6.8381,13.848,32.626,4516.9,23.963,47.107,50.624,79.925,2.2254,1.6201,3107.0,42.219,54.448,94.736,9.3871,62.459,39.937,39.503,2641.0,62.376,25.08,49.6,0.3387,9.0163,26.576,120.39,1.3438,74.591,24.375,2.2383,53.65,4.8365,238.94,0.0030669,0.80057,65.985,18.775,43.921
578,2026-04-17T01:51:00,50.285,19.175,26.977,33.14,40.507,2714.7,3595.6,20.362,18.061,23.203,0.19552,0.10279,343.57,77.626,6.8381,13.848,32.626,4541.8,21.966,47.194,49.559,80.046,2.2254,1.6201,3108.4,41.949,54.149,94.58,9.4315,63.566,36.803,40.05,2644.3,62.35,25.562,49.489,0.33421,9.0163,26.576,120.39,1.3438,73.789,24.375,2.2383,53.65,4.8365,237.17,0.0030669,0.80057,65.993,18.775,43.921
579,2026-04-17T01:54:00,48.821,17.604,26.935,33.093,41.154,2716.8,3639.2,20.589,18.712,22.662,0.18139,0.10279,342.9,77.898,6.9298,13.861,32.555,4532.6,21.85,43.806,48.496,80.279,2.2086,1.6331,3112.3,42.307,53.894,94.679,9.4933,62.135,33.673,41.185,2645.6,63.461,24.887,49.085,0.35199,8.7114,26.737,120.42,1.216,75.147,24.061,2.371,53.65,4.7826,238.69,0.0030669,0.80057,66.034,18.244,43.921
580,2026-04-17T01:57:00,51.635,17.783,27.115,33.093,41.402,2714.3,3656.2,19.051,18.712,22.917,0.17957,0.10279,343.02,77.484,6.9298,13.861,32.555,4520.3,22.508,50.318,48.82,80.134,2.2086,1.6331,3111.2,42.469,54.041,94.576,9.4147,62.15,34.627,41.25,2644.2,63.169,23.835,49.065,0.35145,8.7114,26.737,120.4,1.216,74.578,24.061,2.371,53.65,4.7826,235.89,0.0030669,0.80057,66.038,18.244,43.921
581,2026-04-17T02:00:00,51.045,18.094,27.082,33.091,41.65,2714.3,3648.9,16.897,18.257,22.762,0.18167,0.10736,342.64,77.451,6.9053,13.741,32.243,4555.4,23.413,48.953,50.697,80.065,2.2251,1.5976,3110.7,42.447,54.971,94.585,9.5309,61.445,40.15,41.452,2643.3,62.488,25.283,48.75,0.35299,8.8335,26.421,120.41,1.2604,74.039,24.5,2.316,54.259,4.8262,233.16,0.01406,0.80182,66.024,18.724,44.426
582,2026-04-17T02:03:00,49.216,17.936,27.247,33.091,40.498,2713.0,3595.1,19.526,18.257,22.614,0.18327,0.10736,342.11,77.151,6.9053,13.741,32.243,4524.6,22.322,44.719,48.37,79.844,2.2251,1.5976,3109.8,42.356,55.34,94.777,9.3065,62.296,33.302,41.276,2641.7,63.413,25.325,48.381,0.35444,8.8335,26.421,120.38,1.2604,75.362,24.5,2.316,54.259,4.8262,232.94,0.01406,0.80182,65.932,18.724,44.426
583,2026-04-17T02:06:00,48.694,20.812,26.738,32.747,40.972,2713.0,3626.5,17.022,18.461,22.347,0.21001,0.10736,342.33,77.406,6.7073,13.742,31.879,4524.5,23.376,43.511,49.508,79.774,2.267,1.6867,3109.1,42.294,54.212,94.583,9.5057,61.23,36.653,39.963,2641.9,63.055,25.639,47.74,0.33872,8.7337,26.521,120.39,1.3093,75.477,24.474,2.2868,54.259,4.7555,235.84,0.01406,0.80182,65.813,18.728,44.426
584,2026-04-17T02:09:00,47.785,20.622,26.994,32.747,41.378,2714.5,3644.5,17.172,18.461,22.551,0.21194,0.10736,342.28,77.202,6.7073,13.742,31.879,4520.4,23.323,41.408,50.11,79.829,2.267,1.6867,3110.2,42.127,54.26,94.797,9.2334,63.027,38.425,40.094,2643.3,62.746,24.888,47.601,0.33765,8.7337,26.521,120.41,1.3093,75.581,24.474,2.2868,54.259,4.7555,233.12,0.01406,0.80182,65.738,18.728,44.426
585,2026-04-17T02:12:00,50.87,24.41,27.113,33.152,40.725,2713.9,3687.3,17.656,18.504,22.502,0.24661,0.10736,341.93,77.016,6.9432,13.568,31.979,4485.9,23.134,48.548,50.887,79.654,2.2617,1.6429,3111.8,42.647,54.672,94.534,9.3578,61.49,40.711,40.094,2642.7,63.816,26.022,47.289,0.33683,8.759,26.941,120.4,1.1462,74.796,25.03,2.3368,54.259,4.7897,232.39,0.01406,0.80182,65.676,19.091,44.426
586,2026-04-17T02:15:00,50.536,24.498,26.702,33.152,42.798,2717.5,3714.8,17.495,18.504,22.676,0.24572,0.11635,342.39,77.731,6.9432,13.568,31.979,4540.1,23.178,47.774,49.977,79.938,2.2617,1.6429,3113.5,42.524,54.023,94.559,9.3788,62.174,38.031,39.815,2647.1,63.343,25.149,46.996,0.33912,8.759,26.941,120.45,1.1462,74.614,25.03,2.3368,53.252,4.7897,231.12,0.009683,0.80928,65.609,19.091,44.264
587,2026-04-17T02:18:00,50.54,23.502,27.178,33.118,40.942,2719.4,3667.7,18.196,17.967,22.758,0.2419,0.11635,341.88,78.05,6.793,13.775,32.228,4472.3,22.862,47.783,49.586,80.255,2.2446,1.6192,3116.0,42.183,53.921,94.417,9.3688,62.787,36.881,37.661,2648.5,62.138,24.889,46.652,0.31657,8.7039,26.804,120.38,1.4466,76.126,24.789,2.3275,53.252,4.7406,230.57,0.009683,0.80928,65.625,18.234,44.264
588,2026-04-17T02:21:00,50.648,23.614,27.046,33.118,42.149,2720.0,3636.4,16.322,17.967,22.706,0.24076,0.11635,342.18,77.282,6.793,13.775,32.228,4507.2,23.665,48.033,50.217,80.197,2.2446,1.6192,3117.5,42.579,53.504,94.581,9.3213,58.637,38.738,37.152,2649.3,62.677,24.924,46.643,0.32074,8.7039,26.804,120.43,1.4466,75.115,24.789,2.3275,53.252,4.7406,226.23,0.009683,0.80928,65.678,18.234,44.264
589,2026-04-17T02:24:00,50.243,21.331,26.856,32.51,41.188,2717.0,3693.3,19.136,18.85,22.514,0.2175,0.11635,342.23,76.675,6.8545,13.789,32.008,4557.3,22.506,47.097,48.538,79.795,2.268,1.6383,3114.4,42.162,55.025,94.596,9.2692,63.096,33.798,40.559,2645.6,63.029,25.808,46.206,0.33637,8.8792,26.861,120.39,1.208,75.502,24.632,2.292,53.252,4.7489,226.75,0.009683,0.80928,65.624,18.341,44.264
590,2026-04-17T02:27:00,50.243,21.303,26.993,32.51,41.385,2715.6,3686.1,18.338,18.85,22.462,0.21779,0.11635,342.58,77.05,6.8545,13.789,32.008,4600.4,22.841,47.095,48.103,79.652,2.268,1.6383,3112.9,42.39,54.509,94.595,9.3293,61.609,32.519,40.09,2644.9,63.153,25.96,45.909,0.34022,8.8792,26.861,120.4,1.208,75.372,24.632,2.292,53.252,4.7489,225.82,0.009683,0.80928,65.482,18.341,44.264
591,2026-04-17T02:30:00,50.248,23.551,27.278,32.248,40.346,2715.4,3665.8,17.621,18.241,22.386,0.239,0.086219,342.15,76.924,7.0089,13.522,31.95,4575.1,23.159,47.109,49.671,79.568,2.2213,1.629,3112.4,42.015,54.633,94.568,9.3598,59.971,37.131,40.142,2643.7,63.017,26.445,45.549,0.34245,8.8195,26.962,120.4,1.236,75.659,24.787,2.1959,53.568,4.8124,227.15,0.016164,0.82357,65.366,18.719,43.032
592,2026-04-17T02:33:00,52.029,23.495,27.311,32.248,40.999,2716.7,3657.5,16.465,18.241,22.923,0.23957,0.086219,342.17,77.674,7.0089,13.522,31.95,4549.8,23.629,51.23,50.005,79.685,2.2213,1.629,3112.4,41.932,54.937,94.629,9.3645,61.329,38.115,40.42,2645.9,63.16,25.315,45.415,0.34017,8.8195,26.962,120.39,1.236,75.826,24.787,2.1959,53.568,4.8124,225.12,0.016164,0.82357,65.31,18.719,43.032
593,2026-04-17T02:36:00,50.647,24.374,27.003,33.419,41.911,2718.8,3614.9,19.03,18.259,22.595,0.24617,0.086219,341.86,77.398,6.6743,13.891,32.214,4519.2,22.552,48.032,51.118,79.869,2.1819,1.6226,3114.6,42.752,54.417,94.688,9.3433,61.108,41.391,36.764,2646.7,62.491,24.541,45.414,0.3096,8.8485,27.058,120.4,1.2739,74.953,24.651,2.3339,53.568,4.7518,221.57,0.016164,0.82357,65.292,18.636,43.032
594,2026-04-17T02:39:00,52.159,24.384,27.131,33.419,40.616,2719.9,3630.1,20.883,18.259,22.735,0.24607,0.086219,341.91,77.368,6.6743,13.891,32.214,4547.3,21.776,51.531,49.061,79.804,2.1819,1.6226,3116.2,42.51,54.081,94.647,9.1858,61.747,35.337,36.679,2648.5,62.23,25.871,45.004,0.3103,8.8485,27.058,120.38,1.2739,75.066,24.651,2.3339,53.568,4.7518,222.6,0.016164,0.82357,65.269,18.636,43.032
595,2026-04-17T02:42:00,50.152,22.058,27.158,32.854,41.482,2719.6,3754.3,15.876,18.384,22.815,0.22082,0.086219,341.75,77.313,6.8208,13.542,31.524,4544.0,23.882,46.886,49.669,79.933,2.2675,1.618,3116.6,42.788,54.338,94.521,9.3176,62.547,37.126,41.553,2648.7,63.066,26.552,44.821,0.34987,8.8137,26.204,120.39,0.98501,74.794,24.213,2.2212,53.568,4.7768,221.08,0.016164,0.82357,65.278,19.334,43.032
596,2026-04-17T02:45:00,49.103,22.166,26.765,32.854,41.39,2717.8,3694.7,20.568,18.384,22.341,0.21972,0.11795,341.67,77.106,6.8208,13.542,31.524,4566.3,21.91,44.458,51.655,79.964,2.2675,1.618,3115.5,42.3,54.072,94.407,9.2963,57.935,42.972,41.433,2646.9,64.092,25.566,44.992,0.35086,8.8137,26.204,120.42,0.98501,75.936,24.213,2.2212,52.931,4.7768,219.3,-0.00024561,0.81716,65.294,19.334,43.938
597,2026-04-17T02:48:00,50.701,28.563,26.77,33.064,41.64,2714.5,3677.2,17.554,18.581,22.286,0.29475,0.11795,341.59,77.049,7.0051,13.539,31.715,4463.9,23.19,48.156,51.28,79.682,2.2154,1.6179,3111.9,42.005,53.549,94.612,9.3812,60.373,41.865,36.678,2643.1,63.234,25.122,44.669,0.31185,8.8652,27.0,120.43,1.023,75.002,24.686,2.2628,52.931,4.7609,220.99,-0.00024561,0.81716,65.248,18.566,43.938
598,2026-04-17T02:51:00,48.871,28.661,26.708,33.064,41.141,2715.2,3669.1,16.518,18.581,22.237,0.29375,0.11795,341.59,77.225,7.0051,13.539,31.715,4483.6,23.628,43.922,49.757,79.677,2.2154,1.6179,3112.3,42.088,53.312,94.488,9.3473,60.604,37.384,37.094,2644.2,63.374,26.262,44.547,0.30844,8.8652,27.0,120.4,1.023,76.445,24.686,2.2628,52.931,4.7609,220.48,-0.00024561,0.81716,65.185,18.566,43.938
599,2026-04-17T02:54:00,51.657,27.476,27.021,32.644,41.276,2717.1,3660.9,15.448,18.413,22.776,0.28073,0.11795,342.08,77.118,6.8258,13.681,31.997,4543.7,24.08,50.368,50.077,79.836,2.2229,1.6456,3112.7,42.246,54.449,94.671,9.2722,61.784,38.327,36.454,2645.6,61.87,26.71,44.233,0.30966,8.7316,26.884,120.4,1.2662,75.377,24.852,2.1972,52.931,4.7193,222.13,-0.00024561,0.81716,65.181,18.768,43.938
600,2026-04-17T02:57:00,51.375,27.731,26.528,32.644,41.011,2718.9,3622.0,18.445,18.413,22.393,0.27813,0.11795,342.09,77.191,6.8258,13.681,31.997,4542.2,22.812,49.717,49.294,79.977,2.2229,1.6456,3114.5,42.082,54.466,94.625,9.272,61.024,36.021,36.905,2647.7,62.539,23.446,44.301,0.30596,8.7316,26.884,120.38,1.2662,74.938,24.852,2.1972,52.931,4.7193,219.44,-0.00024561,0.81716,65.187,18.768,43.938
601,2026-04-17T03:00:00,49.406,25.285,27.342,32.798,41.047,2718.0,3663.5,19.372,18.376,22.733,0.25542,0.11895,342.12,77.213,6.8525,13.56,31.7,4528.4,22.42,45.16,50.968,79.903,2.1891,1.6558,3115.1,42.401,54.156,94.584,9.1974,61.61,40.948,38.762,2647.6,63.366,24.569,44.025,0.31919,8.8825,26.679,120.39,1.2314,75.865,24.261,2.2329,53.986,4.8412,218.49,0.020466,0.82792,65.186,18.432,43.676
602,2026-04-17T03:03:00,48.81,25.219,26.912,32.798,41.129,2717.4,3696.5,18.945,18.376,22.888,0.25609,0.11895,342.17,77.228,6.8525,13.56,31.7,4502.7,22.601,43.781,49.805,79.857,2.1891,1.6558,3113.0,42.08,54.464,94.573,9.2767,60.823,37.526,38.157,2645.8,62.798,23.978,43.876,0.32415,8.8825,26.679,120.38,1.2314,75.236,24.261,2.2329,53.986,4.8412,217.33,0.020466,0.82792,65.158,18.432,43.676
603,2026-04-17T03:06:00,49.696,28.367,26.935,33.035,40.846,2715.0,3667.0,17.24,18.73,22.492,0.28863,0.11895,341.68,76.837,6.9382,13.838,32.223,4608.3,23.338,45.83,49.638,79.686,2.2041,1.6312,3112.9,42.473,54.052,94.522,9.345,61.149,37.034,36.235,2644.3,63.111,24.698,43.745,0.3109,8.9612,26.984,120.41,1.2359,75.777,24.641,2.359,53.986,4.6738,216.0,0.020466,0.82792,65.106,18.971,43.676
604,2026-04-17T03:09:00,51.123,28.345,26.569,33.035,41.121,2713.3,3686.5,17.098,18.73,22.254,0.28886,0.11895,342.09,76.96,6.9382,13.838,32.223,4531.5,23.406,49.133,50.641,79.492,2.2041,1.6312,3111.0,42.547,54.972,94.674,9.3032,61.483,39.986,36.458,2641.5,62.777,24.796,43.522,0.30907,8.9612,26.984,120.4,1.2359,75.151,24.641,2.359,53.986,4.6738,215.76,0.020466,0.82792,65.021,18.971,43.676
605,2026-04-17T03:12:00,50.35,23.645,26.719,32.503,41.522,2713.3,3619.9,17.018,18.343,22.67,0.24007,0.11895,342.21,77.433,6.7942,13.834,31.84,4508.3,23.433,47.345,51.648,79.67,2.2686,1.6436,3108.8,42.533,53.941,94.641,9.2151,61.045,42.95,40.517,2642.6,63.158,23.858,43.344,0.33543,8.8633,26.704,120.41,1.1002,75.191,24.967,2.2572,53.986,4.7504,215.04,0.020466,0.82792,64.953,18.563,43.676
606,2026-04-17T03:15:00,50.654,23.536,26.724,32.503,40.648,2716.3,3644.9,18.621,18.343,22.757,0.24118,0.098285,341.78,77.43,6.7942,13.834,31.84,4519.0,22.748,48.047,49.643,79.979,2.2686,1.6436,3110.5,42.324,53.813,94.743,9.3445,61.434,37.05,40.304,2645.7,62.728,24.075,43.281,0.33718,8.8633,26.704,120.4,1.1002,75.332,24.967,2.2572,53.846,4.7504,215.84,0.015135,0.84346,64.966,18.563,43.638
607,2026-04-17T03:18:00,47.959,27.566,26.783,32.528,41.313,2714.8,3679.0,19.626,18.397,22.513,0.2775,0.098285,341.73,77.276,6.9041,13.693,31.973,4539.2,22.324,41.81,50.963,79.969,2.2624,1.638,3112.6,41.956,54.573,94.575,9.2724,62.626,40.934,40.186,2644.0,63.42,25.583,43.325,0.33748,8.8617,26.499,120.41,1.3057,75.197,24.679,2.2036,53.846,4.7504,213.79,0.015135,0.84346,65.003,18.539,43.638
608,2026-04-17T03:21:00,49.312,27.634,26.844,32.528,41.554,2714.1,3687.6,17.947,18.397,22.633,0.27681,0.098285,341.98,77.179,6.9041,13.693,31.973,4528.4,23.036,44.941,49.318,79.876,2.2624,1.638,3110.2,42.075,54.704,94.563,9.2042,60.816,36.093,40.221,2642.6,63.271,26.381,43.181,0.33719,8.8617,26.499,120.4,1.3057,76.078,24.679,2.2036,53.846,4.7504,213.83,0.015135,0.84346,65.04,18.539,43.638
609,2026-04-17T03:24:00,51.192,26.187,27.022,32.672,41.228,2712.0,3663.9,18.732,18.721,22.161,0.27175,0.098285,341.19,77.197,6.7417,13.705,31.87,4545.0,22.707,49.293,51.288,79.834,2.1863,1.6364,3110.2,42.209,54.6,94.625,9.2571,59.973,41.889,38.373,2640.5,62.747,25.899,43.096,0.32057,8.7081,26.94,120.41,1.3805,76.577,24.572,2.3241,53.846,4.7513,213.26,0.015135,0.84346,65.037,18.868,43.638
610,2026-04-17T03:27:00,49.23,26.449,26.935,32.672,40.755,2712.1,3666.2,19.548,18.721,22.449,0.26909,0.098285,341.17,77.501,6.7417,13.705,31.87,4575.4,22.352,44.752,49.063,79.982,2.1863,1.6364,3108.8,42.187,54.236,94.619,9.1475,61.406,35.343,38.053,2640.6,62.706,24.244,43.032,0.32319,8.7081,26.94,120.38,1.3805,75.724,24.572,2.3241,53.846,4.7513,212.45,0.015135,0.84346,65.036,18.868,43.638
611,2026-04-17T03:30:00,49.532,27.787,26.752,32.652,41.346,2712.0,3716.3,18.217,18.311,22.619,0.28086,0.10541,341.6,77.141,6.8135,13.836,32.263,4539.9,22.923,45.451,50.669,79.985,2.2369,1.6129,3107.8,41.879,53.867,94.554,9.2038,59.274,40.069,38.911,2641.0,63.325,25.384,43.121,0.3172,8.8783,26.287,120.41,1.3605,74.94,23.903,2.2363,53.734,4.8501,214.36,0.025656,0.85667,65.048,18.606,44.704
612,2026-04-17T03:33:00,49.24,27.833,26.76,32.652,41.939,2708.3,3696.6,17.247,18.311,22.33,0.28039,0.10541,341.1,77.077,6.8135,13.836,32.263,4478.9,23.338,44.775,50.262,79.879,2.2369,1.6129,3105.9,42.539,54.597,94.464,9.1477,62.516,38.871,38.074,2636.9,63.664,23.638,43.192,0.32406,8.8783,26.287,120.43,1.3605,75.408,23.903,2.2363,53.734,4.8501,213.96,0.025656,0.85667,65.071,18.606,44.704
613,2026-04-17T03:36:00,53.408,24.169,27.119,32.825,40.758,2703.2,3690.5,16.113,18.601,22.111,0.24427,0.10541,340.61,76.481,6.7247,13.626,32.096,4541.7,23.845,54.421,49.507,79.629,2.2411,1.611,3101.9,42.436,54.494,94.659,9.3672,60.082,36.648,40.278,2630.8,63.237,25.161,43.244,0.3341,8.782,26.902,120.39,1.172,75.056,24.247,2.3015,53.734,4.7352,213.8,0.025656,0.85667,65.036,18.183,44.704
614,2026-04-17T03:39:00,51.478,24.055,26.757,32.825,41.306,2702.9,3699.0,18.147,18.601,22.068,0.24542,0.10541,340.25,77.366,6.7247,13.626,32.096,4540.2,22.969,49.954,48.37,79.724,2.2411,1.611,3100.2,42.418,54.511,94.635,9.1764,61.403,33.304,39.623,2631.4,63.091,26.786,43.154,0.33947,8.782,26.902,120.39,1.172,74.693,24.247,2.3015,53.734,4.7352,215.27,0.025656,0.85667,64.958,18.183,44.704
615,2026-04-17T03:42:00,50.365,25.639,26.991,32.348,40.642,2704.5,3682.2,17.312,18.622,22.029,0.26174,0.10541,340.48,77.082,7.2152,13.814,31.989,4551.9,23.326,47.379,48.619,80.035,2.2531,1.6316,3102.0,42.609,55.474,94.603,9.2965,59.71,34.037,37.658,2632.6,64.266,26.168,43.229,0.30856,8.8737,26.6,120.39,1.3868,75.14,24.505,2.2613,53.734,4.8916,214.84,0.025656,0.85667,64.984,18.871,44.704
616,2026-04-17T03:45:00,49.878,25.618,26.773,32.348,42.071,2702.4,3676.6,20.116,18.622,21.719,0.26195,0.11239,339.6,76.953,7.2152,13.814,31.989,4593.4,22.151,46.252,49.553,80.009,2.2531,1.6316,3102.3,42.679,54.977,94.502,9.1992,61.73,36.785,37.157,2631.8,64.361,28.279,43.604,0.31267,8.8737,26.6,120.41,1.3868,75.602,24.505,2.2613,54.273,4.8916,215.09,-0.0055496,0.84623,65.049,18.871,43.721
617,2026-04-17T03:48:00,50.685,26.598,26.743,32.636,40.18,2701.0,3586.8,17.098,18.562,22.08,0.27574,0.11239,339.86,77.262,7.1215,13.841,31.941,4489.3,23.413,48.119,49.579,80.058,2.1955,1.6735,3097.5,41.886,54.578,94.798,9.2627,60.462,36.861,39.756,2629.9,61.521,25.854,43.802,0.33128,8.7539,26.434,120.35,1.2825,74.642,24.071,2.2292,54.273,4.7761,215.02,-0.0055496,0.84623,65.079,18.34,43.721
618,2026-04-17T03:51:00,49.898,26.873,27.027,32.636,40.514,2701.0,3567.9,20.829,18.562,21.922,0.27294,0.11239,339.63,77.181,7.1215,13.841,31.941,4527.9,21.843,46.299,49.78,80.111,2.1955,1.6735,3097.5,41.839,54.115,94.836,9.1761,61.072,37.452,39.663,2629.2,61.847,25.014,43.95,0.33204,8.7539,26.434,120.39,1.2825,75.076,24.071,2.2292,54.273,4.7761,215.48,-0.0055496,0.84623,65.132,18.34,43.721
619,2026-04-17T03:54:00,50.633,27.679,26.981,32.192,39.856,2702.4,3589.9,18.141,19.018,21.843,0.27874,0.11239,339.8,77.266,7.0043,13.644,32.025,4543.1,22.974,47.999,50.416,80.152,2.2791,1.6815,3100.4,41.833,55.265,94.811,9.3106,58.831,39.325,39.793,2630.4,62.02,26.382,43.918,0.33706,8.8444,26.607,120.36,1.2244,75.497,24.299,2.3896,54.273,4.8653,217.93,-0.0055496,0.84623,65.188,18.821,43.721
620,2026-04-17T03:57:00,50.983,27.455,26.825,32.192,40.571,2703.7,3585.1,18.438,19.018,21.783,0.28102,0.11239,339.66,77.341,7.0043,13.644,32.025,4609.4,22.84,48.809,50.064,80.255,2.2791,1.6815,3101.2,41.714,54.472,94.982,9.2878,59.146,38.288,40.028,2632.2,62.103,24.807,44.144,0.33513,8.8444,26.607,120.42,1.2244,75.599,24.299,2.3896,54.273,4.8653,217.47,-0.0055496,0.84623,65.244,18.821,43.721
621,2026-04-17T04:00:00,51.317,26.918,27.074,33.081,40.723,2704.5,3575.2,19.663,19.072,22.092,0.27434,0.096569,339.33,77.333,6.9178,13.796,31.998,4554.2,22.32,49.581,49.993,80.325,2.2562,1.6689,3103.1,42.198,53.985,94.754,9.312,63.476,38.078,37.429,2633.4,63.131,27.236,44.209,0.31211,8.9346,26.038,120.38,1.2403,74.691,23.942,2.2272,53.812,4.7511,216.1,0.01231,0.86369,65.297,18.774,43.528
622,2026-04-17T04:03:00,52.771,26.785,26.984,33.081,40.157,2702.3,3589.0,18.342,19.072,21.63,0.27569,0.096569,339.17,76.702,6.9178,13.796,31.998,4567.7,22.898,52.946,51.926,80.094,2.2562,1.6689,3102.0,42.181,53.823,94.898,9.3161,58.337,43.767,37.385,2630.0,62.893,23.935,44.406,0.31247,8.9346,26.038,120.42,1.2403,74.632,23.942,2.2272,53.812,4.7511,214.78,0.01231,0.86369,65.289,18.774,43.528
623,2026-04-17T04:06:00,52.112,27.423,27.012,32.295,40.889,2701.0,3604.6,15.931,19.204,21.719,0.27814,0.096569,339.7,76.993,6.6811,13.579,31.952,4530.0,23.913,51.423,50.315,79.938,2.2836,1.6712,3099.7,42.116,54.385,94.798,9.2648,61.144,39.027,39.151,2628.8,63.309,25.985,44.402,0.33006,8.8177,26.721,120.38,1.1681,74.932,23.673,2.2738,53.812,4.8224,215.76,0.01231,0.86369,65.246,19.263,43.528
624,2026-04-17T04:09:00,50.718,27.307,26.586,32.295,40.767,2701.8,3618.6,15.803,19.204,21.794,0.27932,0.096569,339.12,77.385,6.6811,13.579,31.952,4544.0,23.95,48.195,50.054,80.196,2.2836,1.6712,3100.2,42.352,54.218,94.753,9.2141,61.236,38.26,39.096,2630.0,63.068,25.886,44.363,0.33051,8.8177,26.721,120.41,1.1681,74.81,23.673,2.2738,53.812,4.8224,217.08,0.01231,0.86369,65.254,19.263,43.528
625,2026-04-17T04:12:00,49.138,28.103,27.341,32.686,41.207,2699.6,3705.5,17.783,18.753,21.503,0.28455,0.096569,338.91,76.745,6.8027,13.696,31.834,4469.1,23.138,44.539,50.529,80.066,2.2537,1.6616,3100.0,42.191,53.874,94.69,9.1825,59.291,39.657,36.323,2627.7,63.726,24.318,44.424,0.30409,8.8391,26.509,120.42,1.1126,74.467,23.392,2.2896,53.812,4.8448,217.3,0.01231,0.86369,65.273,19.06,43.528
626,2026-04-17T04:15:00,49.62,28.145,26.874,32.686,41.109,2697.8,3666.8,19.175,18.753,21.619,0.28412,0.089247,339.08,77.197,6.8027,13.696,31.834,4515.6,22.542,45.655,48.676,80.093,2.2537,1.6616,3097.3,42.285,53.317,94.519,9.229,62.566,34.203,36.184,2625.9,64.392,24.003,44.754,0.30522,8.8391,26.509,120.4,1.1126,74.599,23.392,2.2896,53.908,4.8448,219.92,0.022035,0.86247,65.296,19.06,44.579
627,2026-04-17T04:18:00,50.848,29.523,26.934,33.119,41.517,2696.3,3652.5,15.657,18.697,21.586,0.29904,0.089247,338.9,77.239,6.7414,13.765,31.996,4503.0,24.028,48.496,49.507,80.085,2.2054,1.6579,3095.6,42.606,53.901,94.587,9.2447,59.576,36.649,37.852,2624.8,63.704,23.677,44.826,0.31486,8.8663,26.341,120.4,1.306,75.565,24.0,2.2395,53.908,4.7162,222.33,0.022035,0.86247,65.322,19.053,44.579
628,2026-04-17T04:21:00,48.444,29.466,27.305,33.119,41.12,2696.6,3683.0,22.274,18.697,21.845,0.29962,0.089247,338.76,77.503,6.7414,13.765,31.996,4508.1,21.225,42.932,49.882,80.339,2.2054,1.6579,3096.2,42.197,53.841,94.499,9.1215,60.511,37.754,37.525,2625.4,63.178,24.183,45.221,0.31754,8.8663,26.341,120.4,1.306,75.177,24.0,2.2395,53.908,4.7162,221.1,0.022035,0.86247,65.379,19.053,44.579
629,2026-04-17T04:24:00,50.597,28.519,27.243,32.538,41.251,2693.9,3723.5,17.786,18.858,21.466,0.28359,0.089247,338.81,77.043,7.0175,13.806,31.981,4509.8,23.131,47.916,48.365,80.197,2.2662,1.6118,3093.8,42.54,53.79,94.65,9.1846,60.513,33.288,38.634,2621.7,63.124,25.68,45.383,0.32247,8.7249,26.081,120.43,1.3103,75.806,23.334,2.3088,53.908,4.897,222.43,0.022035,0.86247,65.436,19.254,44.579
630,2026-04-17T04:27:00,52.994,28.239,26.898,32.538,40.574,2690.7,3693.5,19.696,18.858,21.53,0.28643,0.089247,338.91,76.952,7.0175,13.806,31.981,4506.3,22.335,53.463,49.578,80.129,2.2662,1.6118,3090.6,42.481,53.831,94.602,9.3085,58.87,36.859,38.661,2619.3,63.64,24.741,45.52,0.32224,8.7249,26.081,120.4,1.3103,75.593,23.334,2.3088,53.908,4.897,224.06,0.022035,0.86247,65.453,19.254,44.579
631,2026-04-17T04:30:00,50.097,28.564,26.962,32.853,40.559,2689.5,3638.6,17.328,19.121,21.431,0.2902,0.10453,338.9,77.229,7.0346,13.784,31.823,4486.7,23.328,46.758,49.503,80.138,2.2488,1.6612,3088.3,42.275,53.509,94.663,9.1589,61.112,36.638,38.87,2617.3,62.165,24.727,46.04,0.32911,9.0356,25.92,120.37,1.258,74.681,23.514,2.3354,53.75,4.863,221.6,0.029077,0.85535,65.472,18.75,44.845
632,2026-04-17T04:33:00,50.538,28.61,27.13,32.853,41.048,2690.7,3625.4,18.643,19.121,21.514,0.28974,0.10453,338.23,77.495,7.0346,13.784,31.823,4480.6,22.763,47.778,51.211,80.378,2.2488,1.6612,3089.1,42.317,53.581,94.867,9.1659,61.763,41.665,39.367,2618.9,62.393,23.81,46.002,0.32504,9.0356,25.92,120.4,1.258,75.807,23.514,2.3354,53.75,4.863,225.24,0.029077,0.85535,65.539,18.75,44.845
633,2026-04-17T04:36:00,50.947,30.374,26.979,33.076,40.082,2691.8,3632.1,18.05,19.046,21.623,0.30826,0.10453,339.03,77.58,6.9532,13.837,31.667,4505.6,23.004,48.727,48.759,80.503,2.2603,1.6554,3091.2,42.176,54.482,94.667,9.2862,61.549,34.449,38.913,2620.5,61.991,25.753,46.241,0.32362,8.7118,26.109,120.37,1.3175,75.099,23.183,2.2927,53.75,4.8583,225.69,0.029077,0.85535,65.649,18.817,44.845
634,2026-04-17T04:39:00,51.564,30.2,26.996,33.076,40.793,2692.9,3577.4,16.113,19.046,21.355,0.31003,0.10453,338.51,77.403,6.9532,13.837,31.667,4521.4,23.818,50.153,50.615,80.551,2.2603,1.6554,3092.8,42.342,54.293,94.888,9.227,58.79,39.911,39.276,2620.9,62.933,24.185,46.558,0.32064,8.7118,26.109,120.41,1.3175,75.133,23.183,2.2927,53.75,4.8583,225.24,0.029077,0.85535,65.718,18.817,44.845
635,2026-04-17T04:42:00,50.539,32.292,26.966,33.332,40.362,2692.8,3632.3,18.521,19.3,21.163,0.32825,0.10453,338.56,77.244,6.9984,13.949,31.994,4515.1,22.805,47.781,49.765,80.513,2.3164,1.6577,3093.7,41.814,54.202,94.594,9.2541,62.629,37.409,39.933,2620.6,62.597,25.337,46.788,0.32678,8.9567,26.467,120.39,1.2362,75.012,23.621,2.3013,53.75,4.8565,225.76,0.029077,0.85535,65.805,18.981,44.845
636,2026-04-17T04:45:00,50.011,32.069,26.486,33.332,40.312,2692.0,3637.3,17.621,19.3,21.239,0.33051,0.1006,339.05,77.155,6.9984,13.949,31.994,4485.9,23.194,46.559,52.518,80.288,2.3164,1.6577,3091.6,42.412,54.552,94.817,9.1832,59.793,45.511,39.57,2620.0,62.511,25.468,46.871,0.32975,8.9567,26.467,120.4,1.2362,75.637,23.621,2.3013,54.253,4.8565,226.38,0.026979,0.87195,65.782,18.981,44.511
637,2026-04-17T04:48:00,50.172,29.505,26.852,33.126,40.763,2692.0,3627.7,16.583,19.182,21.662,0.30083,0.1006,339.53,77.167,6.9267,13.9,32.705,4516.0,23.633,46.933,50.275,80.2,2.2619,1.6569,3089.6,42.363,53.768,94.789,9.1369,59.154,38.911,41.108,2619.8,62.191,24.976,47.042,0.34249,8.9416,26.073,120.39,1.5033,75.217,23.718,2.2875,54.253,4.9051,226.92,0.026979,0.87195,65.734,18.866,44.511
638,2026-04-17T04:51:00,50.555,29.501,27.406,33.126,40.257,2693.0,3624.9,19.8,19.182,21.899,0.30087,0.1006,339.71,77.457,6.9267,13.9,32.705,4490.5,22.265,47.818,49.955,80.419,2.2619,1.6569,3090.9,42.18,54.074,94.867,9.363,60.095,37.967,41.181,2621.7,62.239,24.532,47.363,0.34189,8.9416,26.073,120.4,1.5033,75.648,23.718,2.2875,54.253,4.9051,225.73,0.026979,0.87195,65.77,18.866,44.511
639,2026-04-17T04:54:00,50.98,22.424,27.005,32.865,40.447,2690.6,3648.0,17.465,19.046,21.541,0.23187,0.1006,339.61,76.959,6.7228,13.902,32.29,4530.1,23.26,48.802,51.098,80.324,2.3052,1.6619,3089.1,42.085,53.857,94.652,9.0928,63.817,41.333,40.646,2618.1,62.394,24.126,47.388,0.33679,9.0029,26.108,120.39,1.2706,75.328,23.522,2.2633,54.253,4.7837,227.86,0.026979,0.87195,65.784,18.934,44.511
640,2026-04-17T04:57:00,50.665,22.512,27.609,32.865,40.629,2687.9,3625.0,19.598,19.046,21.72,0.23097,0.1006,339.34,77.153,6.7228,13.902,32.29,4484.9,22.364,48.072,51.072,80.168,2.3052,1.6619,3087.1,42.215,54.398,94.934,9.1566,62.047,41.255,40.798,2616.2,62.79,24.956,47.329,0.33555,9.0029,26.108,120.39,1.2706,74.7,23.522,2.2633,54.253,4.7837,230.95,0.026979,0.87195,65.804,18.934,44.511
641,2026-04-17T05:00:00,50.522,26.27,26.705,33.235,40.916,2691.0,3698.3,20.095,19.244,21.311,0.26661,0.10376,339.14,77.623,6.9492,13.964,31.75,4506.3,22.135,47.742,49.892,80.495,2.3389,1.6858,3089.9,42.232,53.955,94.513,9.3999,61.801,37.782,40.597,2619.0,63.372,26.454,47.934,0.33851,8.9881,25.683,120.43,1.1673,74.862,22.929,2.3437,53.22,4.8029,231.89,0.020959,0.87395,65.832,19.054,43.517
642,2026-04-17T05:03:00,49.885,26.201,26.953,33.235,41.205,2690.7,3699.4,17.667,19.244,21.394,0.26731,0.10376,339.19,77.612,6.9492,13.964,31.75,4527.4,23.149,46.268,51.095,80.607,2.3389,1.6858,3090.4,42.414,53.702,94.614,9.3536,60.742,41.323,40.968,2619.3,63.352,24.708,48.25,0.33547,8.9881,25.683,120.43,1.1673,75.345,22.929,2.3437,53.22,4.8029,233.01,0.020959,0.87395,65.926,19.054,43.517
643,2026-04-17T05:06:00,49.701,31.626,26.752,33.084,41.132,2689.6,3657.2,17.924,19.166,21.218,0.32014,0.10376,339.01,77.234,6.9078,13.727,32.016,4484.6,23.049,45.843,49.934,80.532,2.2759,1.6732,3089.6,42.528,53.884,94.572,9.4087,60.082,37.905,41.4,2617.2,62.136,26.376,48.561,0.34693,9.0717,25.633,120.41,1.1048,74.614,23.342,2.3328,53.22,4.8217,234.14,0.020959,0.87395,66.008,19.154,43.517
644,2026-04-17T05:09:00,48.87,31.555,27.063,33.084,40.435,2689.1,3670.5,17.489,19.166,21.485,0.32087,0.10376,338.91,77.347,6.9078,13.727,32.016,4512.6,23.23,43.919,49.814,80.433,2.2759,1.6732,3089.1,42.51,53.548,94.736,9.2469,60.444,37.553,41.315,2617.3,61.907,26.139,48.89,0.34762,9.0717,25.633,120.37,1.1048,75.292,23.342,2.3328,53.22,4.8217,235.06,0.020959,0.87395,66.03,19.154,43.517
645,2026-04-17T05:12:00,49.358,29.353,26.518,32.806,41.175,2689.9,3660.5,18.396,19.015,21.243,0.29804,0.10376,339.69,77.243,7.046,13.917,32.241,4488.1,22.85,45.049,52.538,80.453,2.26,1.6696,3088.5,42.442,53.542,94.603,9.2603,59.896,45.569,38.145,2618.9,62.399,26.564,49.307,0.32194,9.1739,25.875,120.39,1.5606,74.511,23.536,2.4178,53.22,4.8782,234.99,0.020959,0.87395,66.065,19.141,43.517
646,2026-04-17T05:15:00,49.7,29.192,26.593,32.806,40.314,2690.0,3644.5,18.833,19.015,21.37,0.29967,0.10866,340.08,76.988,7.046,13.917,32.241,4448.5,22.674,45.84,50.464,80.376,2.26,1.6696,3088.9,41.91,54.016,94.698,9.3898,59.98,39.465,38.247,2618.1,62.674,26.375,49.531,0.32111,9.1739,25.875,120.38,1.5606,74.92,23.536,2.4178,53.314,4.8782,238.42,0.019419,0.87251,66.105,19.141,44.437
647,2026-04-17T05:18:00,51.536,27.284,27.065,32.898,41.215,2689.2,3596.3,21.977,19.188,21.95,0.27691,0.10866,340.18,77.061,6.7648,13.819,32.371,4472.5,21.353,50.09,50.442,80.279,2.3048,1.6539,3086.8,42.617,53.697,94.72,9.362,61.799,39.402,40.732,2617.9,62.202,26.983,49.906,0.34229,9.033,26.056,120.39,1.3215,73.975,23.034,2.3401,53.314,4.9535,239.38,0.019419,0.87251,66.1,19.088,44.437
648,2026-04-17T05:21:00,51.534,27.13,26.865,32.898,40.636,2689.5,3591.2,17.512,19.188,21.77,0.27847,0.10866,341.0,77.205,6.7648,13.819,32.371,4482.5,23.234,50.085,49.116,80.243,2.3048,1.6539,3086.4,42.342,53.577,94.906,9.2576,61.659,35.498,40.469,2617.9,62.29,24.168,50.199,0.34445,9.033,26.056,120.38,1.3215,74.768,23.034,2.3401,53.314,4.9535,241.26,0.019419,0.87251,66.101,19.088,44.437
649,2026-04-17T05:24:00,49.614,26.014,26.649,33.172,41.237,2693.2,3661.7,15.977,19.222,21.758,0.26218,0.10866,340.56,77.348,6.875,13.994,32.203,4511.6,23.868,45.641,49.305,80.475,2.2687,1.7124,3090.2,42.262,53.303,94.548,9.2782,60.967,36.055,39.447,2621.9,63.521,24.807,50.631,0.33198,9.0665,25.581,120.42,1.3332,74.546,23.251,2.3223,53.314,4.9573,241.56,0.019419,0.87251,66.142,18.856,44.437
650,2026-04-17T05:27:00,48.023,25.942,26.924,33.172,41.143,2692.8,3655.5,17.181,19.222,21.565,0.26291,0.10866,340.92,77.276,6.875,13.994,32.203,4474.9,23.359,41.958,48.896,80.501,2.2687,1.7124,3090.4,42.371,53.741,94.573,9.3691,59.739,34.851,39.376,2620.5,63.627,23.787,51.16,0.33256,9.0665,25.581,120.39,1.3332,74.455,23.251,2.3223,53.314,4.9573,240.7,0.019419,0.87251,66.265,18.856,44.437
651,2026-04-17T05:30:00,49.657,27.332,26.936,32.966,41.455,2690.0,3657.9,18.729,18.736,21.486,0.27915,0.074897,340.57,77.324,6.8287,13.866,32.654,4517.8,22.708,45.739,50.187,80.265,2.2718,1.6661,3089.3,42.299,53.764,94.699,9.3034,62.034,38.651,41.481,2618.1,62.678,24.971,51.184,0.3546,8.9205,26.2,120.43,1.3367,75.487,23.152,2.3076,53.647,4.917,245.85,0.015632,0.86011,66.308,19.24,44.208
652,2026-04-17T05:33:00,49.855,27.336,26.628,32.966,40.627,2690.0,3610.2,19.447,18.736,21.615,0.2791,0.074897,341.19,77.15,6.8287,13.866,32.654,4481.6,22.413,46.199,48.344,80.285,2.2718,1.6661,3088.6,42.594,54.198,94.591,9.4295,60.391,33.226,42.516,2618.2,63.498,26.067,51.809,0.34611,8.9205,26.2,120.39,1.3367,74.203,23.152,2.3076,53.647,4.917,244.06,0.015632,0.86011,66.323,19.24,44.208
653,2026-04-17T05:36:00,51.38,22.889,26.647,32.889,41.45,2690.0,3662.4,16.218,18.793,21.491,0.2322,0.074897,340.83,77.757,6.9743,13.796,32.303,4472.6,23.753,49.728,50.659,80.309,2.3003,1.679,3088.0,42.31,53.317,94.717,9.3607,60.171,40.039,40.369,2617.7,63.036,27.046,51.964,0.33695,9.0339,26.143,120.39,1.1881,74.242,23.283,2.3805,53.647,4.9591,247.51,0.015632,0.86011,66.353,19.041,44.208
654,2026-04-17T05:39:00,50.653,23.139,27.041,32.889,40.366,2692.5,3654.4,19.07,18.793,22.063,0.22967,0.074897,341.09,77.6,6.9743,13.796,32.303,4468.4,22.545,48.046,51.273,80.634,2.3003,1.679,3089.8,42.143,53.367,94.534,9.3932,59.272,41.847,40.246,2622.1,63.173,25.287,52.432,0.33796,9.0339,26.143,120.38,1.1881,74.985,23.283,2.3805,53.647,4.9591,247.4,0.015632,0.86011,66.443,19.041,44.208
655,2026-04-17T05:42:00,48.294,25.763,26.671,33.283,41.448,2693.6,3612.7,17.628,18.931,21.8,0.26476,0.074897,341.43,77.517,6.8602,13.932,32.878,4495.5,23.149,42.586,49.557,80.62,2.2961,1.6538,3090.5,42.248,53.47,94.558,9.3441,60.947,36.798,39.11,2622.6,62.595,24.682,52.81,0.33206,8.8595,25.645,120.43,1.2504,74.705,23.666,2.4119,53.647,4.9049,248.25,0.015632,0.86011,66.536,19.254,44.208
656,2026-04-17T05:45:00,48.302,26.0,26.661,33.283,41.431,2694.9,3629.1,19.225,18.931,21.874,0.26234,0.097382,341.91,77.713,6.8602,13.932,32.878,4450.8,22.461,42.604,50.836,80.653,2.2961,1.6538,3092.2,42.7,54.004,94.588,9.4436,60.892,40.56,39.572,2624.5,62.311,25.036,52.91,0.32827,8.8595,25.645,120.42,1.2504,74.458,23.666,2.4119,53.515,4.9049,249.26,0.0041971,0.86456,66.62,19.254,43.011
657,2026-04-17T05:48:00,51.796,19.947,26.99,33.537,40.715,2691.9,3658.5,16.505,19.269,21.871,0.20425,0.097382,341.88,77.13,6.9434,13.718,32.343,4427.6,23.626,50.691,48.096,80.319,2.3085,1.6527,3089.5,42.605,53.696,94.747,9.309,62.594,32.498,40.994,2620.2,62.774,24.49,53.237,0.34704,8.9415,26.026,120.36,1.3384,75.105,23.388,2.383,53.515,4.8596,249.37,0.0041971,0.86456,66.657,18.768,43.011
658,2026-04-17T05:51:00,50.551,20.352,27.186,33.537,41.583,2692.1,3664.4,18.703,19.269,22.127,0.20014,0.097382,341.79,77.224,6.9434,13.718,32.343,4430.6,22.701,47.81,48.762,80.217,2.3085,1.6527,3088.5,42.337,53.661,94.544,9.3571,60.177,34.457,41.329,2620.4,62.673,24.857,53.196,0.3443,8.9415,26.026,120.4,1.3384,73.782,23.388,2.383,53.515,4.8596,253.65,0.0041971,0.86456,66.617,18.768,43.011
659,2026-04-17T05:54:00,50.18,24.879,26.799,33.12,41.17,2693.1,3651.4,17.277,18.784,22.026,0.2489,0.097382,342.3,77.543,6.9324,13.79,32.389,4493.8,23.298,46.951,50.009,80.169,2.2741,1.633,3090.6,42.595,54.058,94.717,9.3767,61.98,38.125,38.47,2621.8,62.147,24.923,53.626,0.32065,8.9939,25.686,120.37,1.2629,74.848,23.014,2.431,53.515,4.8934,252.67,0.0041971,0.86456,66.574,19.082,43.011
660,2026-04-17T05:57:00,49.93,24.661,26.827,33.12,41.041,2696.0,3611.4,18.523,18.784,22.055,0.25112,0.097382,342.49,77.253,6.9324,13.79,32.389,4484.9,22.78,46.372,49.588,80.26,2.2741,1.633,3093.2,42.2,54.164,94.702,9.3682,61.848,36.889,38.107,2625.0,62.836,25.937,53.714,0.32362,8.9939,25.686,120.39,1.2629,74.947,23.014,2.431,53.515,4.8934,255.49,0.0041971,0.86456,66.593,19.082,43.011
661,2026-04-17T06:00:00,49.091,24.04,26.83,33.054,41.003,2697.6,3639.1,17.962,18.286,21.824,0.24484,0.10267,342.86,77.602,6.7193,13.733,32.697,4430.1,23.005,44.43,48.08,80.239,2.2798,1.6936,3094.5,42.868,54.025,94.544,9.506,62.457,32.451,38.833,2625.7,62.403,26.193,54.108,0.33279,9.1419,26.267,120.4,1.1505,74.027,23.189,2.3354,53.405,4.8589,256.68,0.031582,0.84458,66.608,19.428,44.711
662,2026-04-17T06:03:00,48.602,24.252,27.029,33.054,41.928,2701.9,3658.5,20.269,18.286,22.646,0.24267,0.10267,343.29,77.914,6.7193,13.733,32.697,4452.5,22.017,43.299,50.215,80.461,2.2798,1.6936,3097.2,41.81,53.757,94.649,9.5916,60.496,38.732,39.383,2631.0,62.069,24.992,54.568,0.32829,9.1419,26.267,120.4,1.1505,74.03,23.189,2.3354,53.405,4.8589,256.07,0.031582,0.84458,66.675,19.428,44.711
663,2026-04-17T06:06:00,51.28,20.774,26.892,33.619,40.994,2704.6,3692.3,16.753,18.954,22.895,0.21102,0.10267,343.35,78.144,6.8572,13.894,32.613,4424.9,23.475,49.495,49.532,80.663,2.2715,1.6398,3100.0,42.5,53.157,94.431,9.3489,62.229,36.722,38.504,2634.2,63.41,26.564,54.732,0.32203,8.804,26.219,120.4,1.1699,74.422,23.501,2.3913,53.405,4.8368,258.7,0.031582,0.84458,66.797,18.666,44.711
664,2026-04-17T06:09:00,50.319,20.596,26.652,33.619,41.971,2703.0,3701.0,17.18,18.954,22.074,0.21283,0.10267,342.67,77.287,6.8572,13.894,32.613,4460.0,23.306,47.272,49.802,80.618,2.2715,1.6398,3100.6,42.318,52.737,94.33,9.4993,60.291,37.517,39.021,2632.2,63.26,25.659,55.364,0.3178,8.804,26.219,120.43,1.1699,74.682,23.501,2.3913,53.405,4.8368,256.02,0.031582,0.84458,66.924,18.666,44.711
665,2026-04-17T06:12:00,49.487,21.218,26.957,33.503,41.557,2700.1,3677.3,16.913,18.812,22.262,0.21315,0.10267,343.37,77.028,6.8412,13.859,32.392,4508.1,23.433,45.348,49.917,80.171,2.2674,1.6394,3097.3,42.616,53.986,94.547,9.4871,61.552,37.854,40.494,2628.5,62.546,25.285,55.602,0.34099,8.8021,25.732,120.4,1.2448,74.851,23.371,2.3812,53.405,4.8081,257.78,0.031582,0.84458,66.946,19.068,44.711
666,2026-04-17T06:15:00,50.621,21.088,26.817,33.503,40.764,2700.3,3638.7,19.11,18.812,22.485,0.21447,0.096006,343.7,77.152,6.8412,13.859,32.392,4525.9,22.512,47.972,49.175,80.008,2.2674,1.6394,3095.1,42.144,53.774,94.529,9.4012,62.139,35.673,40.469,2628.9,63.21,25.256,55.423,0.3412,8.8021,25.732,120.38,1.2448,74.895,23.371,2.3812,53.574,4.8081,258.96,0.02361,0.82323,66.875,19.068,44.135
667,2026-04-17T06:18:00,50.542,22.8,27.087,33.054,41.495,2701.6,3677.7,19.471,18.52,23.066,0.23321,0.096006,344.09,77.427,6.7202,13.786,32.786,4504.9,22.357,47.788,49.555,80.016,2.2944,1.6964,3094.7,42.239,53.022,94.559,9.3079,63.83,36.79,39.705,2631.7,62.712,23.111,55.442,0.34036,8.819,26.082,120.4,1.2462,74.701,23.542,2.4436,53.574,4.8971,260.92,0.02361,0.82323,66.822,19.014,44.135
668,2026-04-17T06:21:00,50.919,22.978,27.004,33.054,41.028,2702.2,3664.4,19.385,18.52,22.639,0.2314,0.096006,343.47,77.339,6.7202,13.786,32.786,4463.8,22.395,48.661,50.181,80.039,2.2944,1.6964,3097.6,42.432,53.513,94.518,9.4356,61.612,38.632,40.063,2630.9,62.94,25.464,55.617,0.33742,8.819,26.082,120.38,1.2462,74.965,23.542,2.4436,53.574,4.8971,261.14,0.02361,0.82323,66.828,19.014,44.135
669,2026-04-17T06:24:00,49.777,18.907,26.815,33.845,42.105,2703.8,3709.5,16.122,18.566,22.567,0.18825,0.096006,343.63,77.45,6.8015,13.835,32.99,4449.9,23.763,46.017,50.824,80.158,2.29,1.6906,3099.3,42.451,53.768,94.447,9.4046,62.843,40.524,38.91,2633.3,63.32,26.334,55.646,0.33106,8.912,26.151,120.44,1.0,75.126,23.537,2.2939,53.574,4.8064,262.97,0.02361,0.82323,66.835,18.534,44.135
670,2026-04-17T06:27:00,50.611,18.685,27.208,33.845,41.151,2705.8,3684.0,18.262,18.566,22.957,0.19051,0.096006,343.79,77.596,6.8015,13.835,32.99,4466.8,22.852,47.948,47.44,80.252,2.29,1.6906,3100.1,42.419,53.565,94.505,9.4138,60.911,30.568,39.274,2635.2,63.76,23.735,56.209,0.32808,8.912,26.151,120.39,1.0,74.255,23.537,2.2939,53.574,4.8064,258.78,0.02361,0.82323,66.875,18.534,44.135
671,2026-04-17T06:30:00,49.445,15.943,27.06,33.551,41.418,2703.8,3660.0,17.884,18.891,22.47,0.16426,0.091046,343.24,77.181,6.7815,13.777,32.765,4551.5,23.02,45.249,49.256,80.221,2.2705,1.6939,3100.3,42.671,53.731,94.409,9.3685,62.142,35.909,39.812,2633.5,63.573,23.905,55.668,0.33409,8.7586,25.945,120.4,1.1185,74.365,23.362,2.3357,53.844,4.7299,260.79,0.018013,0.82461,66.939,18.46,44.551
672,2026-04-17T06:33:00,48.679,16.09,26.855,33.551,41.065,2702.5,3713.0,20.544,18.891,22.202,0.16276,0.091046,343.28,77.147,6.7815,13.777,32.765,4522.2,21.905,43.478,48.788,80.002,2.2705,1.6939,3099.1,42.476,54.082,94.566,9.3492,61.341,34.533,39.951,2631.5,62.662,25.944,55.577,0.33295,8.7586,25.945,120.41,1.1185,74.893,23.362,2.3357,53.844,4.7299,261.27,0.018013,0.82461,66.891,18.46,44.551
673,2026-04-17T06:36:00,49.348,17.445,26.9,33.382,41.465,2701.6,3698.3,17.087,18.288,22.006,0.17817,0.091046,342.75,77.075,6.934,13.858,32.635,4548.3,23.374,45.025,51.224,79.865,2.2438,1.6626,3098.6,42.317,53.998,94.441,9.5783,60.049,41.701,38.772,2630.6,63.176,24.696,55.489,0.32987,8.9246,26.367,120.39,1.2059,74.799,24.042,2.3583,53.844,4.8602,261.74,0.018013,0.82461,66.835,18.449,44.551
674,2026-04-17T06:39:00,51.112,17.378,26.849,33.382,41.329,2706.3,3726.3,15.868,18.288,22.781,0.17885,0.091046,343.06,77.509,6.934,13.858,32.635,4523.2,23.872,49.107,50.878,80.124,2.2438,1.6626,3100.6,42.397,54.298,94.651,9.3108,61.076,40.682,39.232,2635.7,62.694,25.293,55.523,0.3261,8.9246,26.367,120.41,1.2059,74.287,24.042,2.3583,53.844,4.8602,260.88,0.018013,0.82461,66.829,18.449,44.551
675,2026-04-17T06:42:00,49.168,18.158,26.913,33.849,40.573,2709.3,3634.8,18.055,18.485,22.738,0.18538,0.091046,342.78,77.817,6.9003,13.808,31.945,4533.7,22.925,44.608,50.295,80.503,2.2634,1.6546,3104.5,42.477,54.254,94.363,9.3465,62.517,38.968,39.74,2639.0,62.953,25.156,55.611,0.33964,8.9187,26.524,120.39,1.2105,73.802,24.071,2.3749,53.844,4.7948,259.31,0.018013,0.82461,66.889,18.409,44.551
676,2026-04-17T06:45:00,49.973,18.084,27.001,33.849,41.361,2707.3,3647.0,15.607,18.485,22.401,0.18614,0.11231,342.5,77.174,6.9003,13.808,31.945,4533.9,23.977,46.471,49.412,80.178,2.2634,1.6546,3104.8,42.338,54.252,94.677,9.3419,60.234,36.369,40.225,2636.1,62.743,26.138,55.597,0.33566,8.9187,26.524,120.41,1.2105,74.74,24.071,2.3749,54.273,4.7948,259.06,0.010245,0.77888,66.929,18.409,43.876
677,2026-04-17T06:48:00,47.822,24.77,27.092,33.676,40.365,2707.7,3624.1,21.192,18.14,22.695,0.24949,0.11231,342.38,77.198,6.8007,13.718,32.037,4523.0,21.632,41.493,50.651,79.968,2.2645,1.6783,3105.2,42.826,54.539,94.535,9.4786,60.894,40.015,38.975,2636.9,63.4,26.154,55.33,0.33485,8.7731,26.744,120.38,1.3835,74.47,23.966,2.2641,54.273,4.8659,261.57,0.010245,0.77888,66.885,18.361,43.876
678,2026-04-17T06:51:00,50.899,24.502,26.8,33.676,40.5,2710.8,3664.3,17.071,18.14,22.249,0.25221,0.11231,342.63,77.221,6.8007,13.718,32.037,4525.9,23.371,48.614,49.67,79.966,2.2645,1.6783,3108.0,42.625,54.505,94.583,9.4942,60.092,37.129,39.553,2639.2,62.707,23.864,55.351,0.33012,8.7731,26.744,120.38,1.3835,75.41,23.966,2.2641,54.273,4.8659,260.93,0.010245,0.77888,66.799,18.361,43.876
679,2026-04-17T06:54:00,51.056,23.932,26.779,33.619,41.466,2714.1,3676.1,13.978,18.316,22.31,0.24442,0.11231,342.44,78.091,6.8792,13.691,32.297,4559.4,24.642,48.977,50.448,80.166,2.2608,1.6196,3112.9,42.219,54.287,94.515,9.3955,61.737,39.419,37.964,2643.5,63.409,24.752,55.2,0.32283,9.08,27.114,120.42,1.224,75.717,24.081,2.295,54.273,4.9635,262.19,0.010245,0.77888,66.795,18.628,43.876
680,2026-04-17T06:57:00,51.597,23.804,27.052,33.619,41.309,2719.1,3698.8,20.408,18.316,22.956,0.24573,0.11231,342.65,77.888,6.8792,13.691,32.297,4551.6,21.918,50.23,50.555,80.589,2.2608,1.6196,3116.4,42.594,54.379,94.345,9.4148,60.897,39.733,37.969,2649.9,63.019,25.273,55.166,0.32279,9.08,27.114,120.41,1.224,75.448,24.081,2.295,54.273,4.9635,262.06,0.010245,0.77888,66.904,18.628,43.876
681,2026-04-17T07:00:00,48.253,21.464,26.61,33.377,40.863,2717.7,3652.2,19.449,18.611,22.465,0.21957,0.078112,342.93,77.249,6.7439,13.832,32.171,4568.3,22.334,42.492,47.48,80.364,2.2987,1.64,3114.7,42.473,53.572,94.326,9.4165,61.359,30.684,37.427,2646.3,63.17,25.904,54.69,0.31976,8.9485,26.445,120.39,1.2507,75.401,24.145,2.3276,53.904,4.8877,253.06,0.013442,0.79306,66.956,18.368,44.249
682,2026-04-17T07:03:00,49.13,21.583,27.032,33.377,40.927,2712.4,3678.4,18.207,18.611,22.337,0.21836,0.078112,342.88,76.523,6.7439,13.832,32.171,4535.2,22.896,44.52,50.082,79.758,2.2987,1.64,3110.3,42.743,53.968,94.593,9.3499,60.806,38.341,37.603,2641.0,62.72,24.838,53.91,0.31832,8.9485,26.445,120.4,1.2507,74.374,24.145,2.3276,53.904,4.8877,255.36,0.013442,0.79306,66.835,18.368,44.249
683,2026-04-17T07:06:00,49.975,22.709,27.386,33.088,41.603,2710.3,3706.4,18.24,18.448,22.624,0.23039,0.078112,342.8,76.86,6.9315,13.835,32.371,4545.0,22.895,46.476,51.285,79.361,2.2742,1.6872,3107.9,42.791,54.537,94.471,9.4207,60.956,41.882,39.29,2638.4,63.491,26.738,53.59,0.33482,8.7666,26.324,120.42,1.0281,75.79,23.947,2.38,53.904,4.8209,252.7,0.013442,0.79306,66.575,18.753,44.249
684,2026-04-17T07:09:00,50.181,22.477,27.159,33.088,41.287,2712.4,3662.3,18.617,18.448,22.847,0.23275,0.078112,343.41,77.38,6.9315,13.835,32.371,4540.5,22.728,46.953,49.01,79.596,2.2742,1.6872,3109.2,42.378,54.59,94.472,9.4282,62.026,35.186,39.383,2641.9,64.249,26.262,53.028,0.33406,8.7666,26.324,120.38,1.0281,74.46,23.947,2.38,53.904,4.8209,252.78,0.013442,0.79306,66.413,18.753,44.249
685,2026-04-17T07:12:00,50.499,20.977,26.932,32.877,41.106,2715.1,3684.9,18.866,17.957,22.967,0.20759,0.078112,343.19,77.828,6.7828,13.775,31.963,4534.0,22.602,47.689,50.279,80.011,2.2205,1.6757,3110.2,42.786,53.759,94.479,9.4658,62.397,38.92,39.498,2644.4,62.258,24.826,52.67,0.33389,8.8225,26.692,120.39,1.2562,75.921,24.089,2.2679,53.904,4.9057,250.54,0.013442,0.79306,66.401,18.476,44.249
686,2026-04-17T07:15:00,50.751,20.832,26.862,32.877,41.905,2716.8,3691.8,18.675,17.957,22.598,0.20907,0.080106,342.59,77.578,6.7828,13.775,31.963,4516.0,22.678,48.271,50.098,80.261,2.2205,1.6757,3113.0,42.557,53.974,94.561,9.516,58.589,38.388,39.206,2646.4,62.138,23.985,52.43,0.33627,8.8225,26.692,120.39,1.2562,75.378,24.089,2.2679,53.316,4.9057,249.98,0.017668,0.77988,66.461,18.476,43.15
687,2026-04-17T07:18:00,48.553,24.583,26.559,33.21,41.224,2714.8,3691.5,20.297,18.607,22.216,0.25033,0.080106,342.4,77.2,7.2055,13.944,32.277,4537.1,22.008,43.185,49.512,79.99,2.2862,1.6663,3112.2,42.69,54.43,94.499,9.3201,60.278,36.665,38.764,2643.8,63.472,24.698,52.16,0.32643,8.8492,26.426,120.41,1.336,75.791,24.374,2.2396,53.316,4.7284,248.02,0.017668,0.77988,66.472,18.635,43.15
688,2026-04-17T07:21:00,50.038,24.801,26.908,33.21,41.604,2715.4,3693.8,16.794,18.607,22.941,0.2481,0.080106,342.98,77.582,7.2055,13.944,32.277,4530.3,23.475,46.623,50.747,79.986,2.2862,1.6663,3111.3,42.174,54.511,94.415,9.3286,60.582,40.297,38.651,2645.0,63.433,24.361,51.73,0.32735,8.8492,26.426,120.39,1.336,75.42,24.374,2.2396,53.316,4.7284,247.94,0.017668,0.77988,66.408,18.635,43.15
689,2026-04-17T07:24:00,48.201,21.698,26.689,32.506,41.231,2714.7,3571.8,18.391,18.235,22.675,0.22031,0.080106,342.57,77.329,6.8287,13.675,32.26,4536.0,22.803,42.37,49.062,80.154,2.2349,1.6552,3109.3,42.262,54.088,94.654,9.382,60.801,35.339,40.886,2644.1,61.718,23.48,51.403,0.34659,8.9626,26.862,120.38,1.4226,75.302,24.403,2.3013,53.316,4.7717,246.68,0.017668,0.77988,66.398,18.762,43.15
690,2026-04-17T07:27:00,49.64,21.838,26.795,32.506,39.726,2711.7,3584.8,19.033,18.235,22.499,0.21889,0.080106,341.9,77.132,6.8287,13.675,32.26,4516.2,22.545,45.701,51.722,79.865,2.2349,1.6552,3107.7,42.88,54.325,94.801,9.3031,61.86,43.166,40.942,2640.3,61.494,25.886,51.154,0.34613,8.9626,26.862,120.34,1.4226,75.997,24.403,2.3013,53.316,4.7717,244.58,0.017668,0.77988,66.33,18.762,43.15
691,2026-04-17T07:30:00,48.918,21.842,26.699,32.596,40.917,2713.5,3681.9,18.606,18.021,22.581,0.22036,0.11508,342.72,77.039,6.9511,13.756,32.147,4528.9,22.735,44.029,50.227,79.776,2.253,1.5884,3109.2,42.303,53.875,94.733,9.3247,61.991,38.767,37.583,2642.4,63.002,24.288,50.426,0.31438,8.9005,26.19,120.39,1.1908,74.652,24.18,2.2791,53.634,4.847,243.15,0.021882,0.81858,66.221,18.382,42.71
692,2026-04-17T07:33:00,49.989,21.632,27.005,32.596,41.231,2712.5,3678.9,15.933,18.021,22.375,0.22249,0.11508,342.06,77.073,6.9511,13.756,32.147,4484.4,23.868,46.508,50.077,79.69,2.253,1.5884,3108.9,42.17,54.407,94.643,9.3921,61.71,38.326,37.298,2640.8,63.052,24.375,50.035,0.31672,8.9005,26.19,120.38,1.1908,75.851,24.18,2.2791,53.634,4.847,240.69,0.021882,0.81858,66.111,18.382,42.71
693,2026-04-17T07:36:00,50.743,22.778,26.64,32.478,41.14,2711.4,3637.1,16.179,18.925,22.201,0.23245,0.11508,341.87,77.147,6.8517,13.988,31.982,4534.1,23.77,48.253,51.236,79.618,2.2466,1.6409,3109.5,42.366,54.779,94.723,9.4359,57.817,41.736,38.109,2640.4,62.691,26.563,49.306,0.32654,8.8262,26.676,120.41,1.1234,75.223,24.415,2.2889,53.634,4.921,242.08,0.021882,0.81858,65.999,18.507,42.71
694,2026-04-17T07:39:00,50.076,22.64,27.155,32.478,40.195,2714.5,3642.5,18.625,18.925,22.844,0.23385,0.11508,342.21,77.244,6.8517,13.988,31.982,4532.2,22.74,46.71,49.754,79.814,2.2466,1.6409,3110.0,42.671,54.801,94.636,9.3096,62.481,37.376,38.192,2643.5,62.597,24.033,49.032,0.32586,8.8262,26.676,120.39,1.1234,75.488,24.415,2.2889,53.634,4.921,238.38,0.021882,0.81858,65.918,18.507,42.71
695,2026-04-17T07:42:00,51.333,24.316,27.068,33.097,41.507,2714.8,3634.7,16.349,18.602,22.39,0.25127,0.11508,341.65,77.566,6.8741,14.028,31.899,4550.4,23.689,49.62,50.54,79.927,2.2732,1.6323,3111.7,42.176,54.334,94.626,9.3044,62.421,39.689,41.855,2643.9,63.586,24.37,48.576,0.34747,8.9572,26.764,120.43,1.2357,74.405,24.274,2.1872,53.634,4.7595,236.73,0.021882,0.81858,65.877,18.508,42.71
696,2026-04-17T07:45:00,50.234,24.452,26.796,33.097,41.274,2714.8,3651.7,17.91,18.602,22.372,0.24989,0.080038,341.85,76.965,6.8741,14.028,31.899,4565.1,23.047,47.076,52.414,79.923,2.2732,1.6323,3111.9,42.452,54.158,94.611,9.3869,61.965,45.205,41.412,2643.7,63.294,24.347,48.756,0.3511,8.9572,26.764,120.41,1.2357,75.745,24.274,2.1872,53.277,4.7595,238.33,0.031697,0.80971,65.876,18.508,43.902
697,2026-04-17T07:48:00,50.494,25.358,26.97,32.976,40.911,2713.6,3662.6,16.921,18.836,22.491,0.26193,0.080038,341.48,77.311,6.89,13.953,32.102,4563.1,23.457,47.677,48.854,79.858,2.2704,1.6496,3111.7,42.392,54.224,94.537,9.1625,63.248,34.728,42.241,2642.2,62.927,23.997,48.682,0.35519,8.9442,26.575,120.43,1.2209,74.844,24.003,2.325,53.277,4.7065,236.92,0.031697,0.80971,65.856,18.727,43.902
698,2026-04-17T07:51:00,49.293,25.409,26.802,32.976,41.216,2715.7,3628.0,17.033,18.836,22.681,0.26141,0.080038,341.73,77.615,6.89,13.953,32.102,4562.2,23.393,44.899,51.048,80.117,2.2704,1.6496,3111.8,42.285,54.235,94.66,9.3093,62.228,41.184,42.117,2645.1,63.523,25.217,48.688,0.3562,8.9442,26.575,120.4,1.2209,74.464,24.003,2.325,53.277,4.7065,234.6,0.031697,0.80971,65.859,18.727,43.902
699,2026-04-17T07:54:00,49.648,24.045,27.379,33.167,41.288,2713.3,3645.3,18.46,18.617,22.802,0.23983,0.080038,341.4,77.156,6.8149,13.702,31.737,4544.1,22.801,45.719,48.649,80.108,2.2614,1.5966,3111.1,41.98,53.939,94.603,9.2896,59.614,34.125,41.045,2642.2,63.085,22.946,48.542,0.35071,8.8897,26.126,120.4,1.5878,75.01,24.256,2.2113,53.277,4.8122,233.94,0.031697,0.80971,65.923,18.816,43.902
700,2026-04-17T07:57:00,48.017,23.885,26.809,33.167,40.772,2710.6,3664.3,15.885,18.617,22.208,0.24146,0.080038,341.17,76.676,6.8149,13.702,31.737,4508.3,23.905,41.944,50.426,79.845,2.2614,1.5966,3107.3,42.437,54.369,94.679,9.1013,61.629,39.354,41.343,2638.8,62.758,23.944,48.305,0.34827,8.8897,26.126,120.39,1.5878,75.159,24.256,2.2113,53.277,4.8122,234.37,0.031697,0.80971,65.89,18.816,43.902
701,2026-04-17T08:00:00,50.113,27.693,27.354,32.689,41.158,2707.5,3700.2,19.015,18.804,21.831,0.27905,0.093509,341.0,76.635,6.7761,13.8,32.23,4500.8,22.606,46.795,50.405,79.538,2.2514,1.6326,3107.1,42.399,54.243,94.7,9.296,59.309,39.291,38.179,2635.3,62.827,26.341,47.965,0.31909,8.9349,26.234,120.4,1.3588,73.987,24.372,2.249,53.195,4.8455,233.04,0.02642,0.82861,65.774,18.653,43.725
702,2026-04-17T08:03:00,50.43,27.349,26.941,32.689,42.108,2709.9,3669.6,19.016,18.804,22.348,0.28255,0.093509,341.44,77.376,6.7761,13.8,32.23,4496.1,22.592,47.528,51.865,79.711,2.2514,1.6326,3106.7,41.935,54.298,94.569,9.2876,60.656,43.59,38.317,2638.4,63.353,25.819,47.772,0.31796,8.9349,26.234,120.41,1.3588,76.253,24.372,2.249,53.195,4.8455,231.79,0.02642,0.82861,65.652,18.653,43.725
703,2026-04-17T08:06:00,49.746,23.332,26.792,33.139,41.012,2710.0,3681.7,14.817,18.503,22.25,0.23225,0.093509,341.14,77.091,6.913,13.805,31.862,4554.5,24.367,45.946,49.487,79.94,2.2515,1.6914,3107.5,42.479,54.007,94.603,9.2415,61.947,36.591,38.971,2638.7,63.567,26.082,47.306,0.33336,8.809,26.443,120.41,1.0457,75.117,24.46,2.2877,53.195,4.6978,233.57,0.02642,0.82861,65.633,18.764,43.725
704,2026-04-17T08:09:00,50.426,23.358,27.067,33.139,41.025,2710.3,3669.2,18.813,18.503,22.628,0.23198,0.093509,341.61,77.452,6.913,13.805,31.862,4506.6,22.669,47.52,51.02,80.035,2.2515,1.6914,3106.6,42.524,54.58,94.53,9.3691,61.167,41.102,39.435,2639.6,63.783,24.294,47.257,0.32956,8.809,26.443,120.39,1.0457,76.463,24.46,2.2877,53.195,4.6978,230.67,0.02642,0.82861,65.653,18.764,43.725
705,2026-04-17T08:12:00,51.746,26.647,26.629,33.068,41.744,2710.3,3625.6,15.797,18.426,22.176,0.27261,0.093509,340.78,77.641,7.0677,13.754,32.047,4529.2,23.926,50.575,49.272,80.169,2.2584,1.6893,3108.4,42.341,54.048,94.536,9.2475,60.614,35.956,39.434,2639.8,63.367,23.819,46.922,0.33026,8.857,26.345,120.43,1.199,75.299,24.26,2.2817,53.195,4.8085,230.94,0.02642,0.82861,65.7,18.829,43.725
706,2026-04-17T08:15:00,50.153,26.861,27.051,33.068,41.033,2709.6,3659.9,19.569,18.426,22.305,0.27043,0.087254,340.18,77.531,7.0677,13.754,32.047,4488.3,22.329,46.889,51.241,80.31,2.2584,1.6893,3108.1,42.383,54.538,94.493,9.3554,60.291,41.751,38.983,2639.0,62.777,26.57,47.184,0.33396,8.857,26.345,120.38,1.199,74.89,24.26,2.2817,54.233,4.8085,229.56,0.013783,0.82026,65.77,18.829,43.725
707,2026-04-17T08:18:00,50.484,25.259,26.955,32.789,40.671,2709.1,3623.6,18.712,18.598,22.177,0.25593,0.087254,340.95,77.2,6.9014,13.87,31.709,4494.9,22.699,47.655,50.726,80.183,2.2913,1.7022,3105.6,42.235,54.296,94.798,9.1481,61.077,40.237,38.462,2637.5,61.942,23.514,47.1,0.32648,8.7515,26.697,120.37,1.1733,76.477,24.386,2.372,54.233,4.8903,229.2,0.013783,0.82026,65.801,18.646,43.725
708,2026-04-17T08:21:00,49.101,25.294,26.475,32.789,40.861,2705.9,3623.7,18.696,18.598,21.899,0.25557,0.087254,340.71,76.78,6.9014,13.87,31.709,4507.0,22.725,44.454,50.043,79.986,2.2913,1.7022,3103.4,42.673,54.15,94.804,9.3548,59.171,38.227,38.638,2634.5,61.942,26.033,46.99,0.32503,8.7515,26.697,120.4,1.1733,75.982,24.386,2.372,54.233,4.8903,229.17,0.013783,0.82026,65.75,18.646,43.725
709,2026-04-17T08:24:00,49.112,28.805,27.219,33.022,40.224,2703.6,3637.1,19.118,18.832,21.901,0.29153,0.087254,341.0,76.747,6.7257,13.856,31.847,4543.9,22.568,44.479,50.688,79.609,2.2527,1.6636,3102.0,42.137,54.163,94.831,9.3235,58.118,40.125,40.026,2631.5,63.072,25.767,46.901,0.33911,8.9113,26.424,120.36,1.1854,75.41,23.967,2.3079,54.233,4.7354,228.99,0.013783,0.82026,65.626,18.635,43.725
710,2026-04-17T08:27:00,49.861,28.62,26.745,33.022,41.11,2706.9,3627.4,18.119,18.832,22.059,0.2934,0.087254,340.99,77.651,6.7257,13.856,31.847,4537.4,22.966,46.211,51.88,79.846,2.2527,1.6636,3103.8,42.365,54.24,94.645,9.3118,61.161,43.633,39.763,2635.6,63.24,24.488,46.991,0.34127,8.9113,26.424,120.42,1.1854,75.688,23.967,2.3079,54.233,4.7354,226.83,0.013783,0.82026,65.535,18.635,43.725
711,2026-04-17T08:30:00,49.117,27.89,26.86,32.664,40.421,2707.8,3699.9,16.55,18.811,22.132,0.28283,0.10014,340.41,77.445,6.9002,13.725,32.241,4541.5,23.622,44.491,50.619,80.176,2.2637,1.6352,3107.2,42.531,54.243,94.559,9.3194,60.24,39.923,39.928,2636.2,63.597,25.207,46.547,0.33732,8.8656,26.627,120.4,1.247,75.543,24.058,2.3219,54.015,4.8726,227.97,0.026546,0.85416,65.581,18.564,43.489
712,2026-04-17T08:33:00,49.323,27.837,26.748,32.664,42.154,2708.0,3668.3,22.148,18.811,22.316,0.28337,0.10014,340.56,76.99,6.9002,13.725,32.241,4564.6,21.276,44.968,50.417,80.151,2.2637,1.6352,3104.9,42.392,53.967,94.588,9.1733,61.376,39.327,40.266,2636.6,64.142,25.111,46.49,0.33456,8.8656,26.627,120.45,1.247,75.441,24.058,2.3219,54.015,4.8726,226.24,0.026546,0.85416,65.621,18.564,43.489
713,2026-04-17T08:36:00,49.95,24.27,26.966,32.875,39.18,2702.6,3620.8,17.297,18.809,22.152,0.24644,0.10014,340.6,76.984,6.7857,13.914,32.312,4542.8,23.326,46.418,50.541,79.893,2.3085,1.6622,3102.2,42.489,54.431,94.496,9.2667,60.92,39.692,38.569,2631.6,63.492,24.362,46.266,0.31919,8.9202,26.3,120.36,1.1989,75.075,24.076,2.2045,54.015,4.8381,226.43,0.026546,0.85416,65.571,19.413,43.489
714,2026-04-17T08:39:00,49.635,24.352,26.897,32.875,42.199,2702.3,3629.8,19.292,18.809,22.023,0.24561,0.10014,340.48,77.106,6.7857,13.914,32.312,4554.2,22.49,45.689,51.011,79.922,2.3085,1.6622,3100.1,42.242,54.294,94.75,9.2671,60.903,41.076,38.123,2630.9,63.338,23.931,46.122,0.32285,8.9202,26.3,120.45,1.1989,75.333,24.076,2.2045,54.015,4.8381,225.73,0.026546,0.85416,65.505,19.413,43.489
715,2026-04-17T08:42:00,49.423,23.511,26.706,32.49,39.996,2701.2,3685.3,17.379,18.503,21.862,0.23851,0.10014,340.2,76.917,6.8479,13.853,32.323,4435.6,23.305,45.2,49.401,79.96,2.2686,1.6832,3098.5,42.528,53.595,94.681,9.1396,61.068,36.337,40.461,2629.5,63.424,26.968,45.866,0.34516,8.8122,26.499,120.36,1.3659,73.94,23.725,2.2764,54.015,4.7817,226.32,0.026546,0.85416,65.503,18.591,43.489
716,2026-04-17T08:45:00,48.986,23.637,26.618,32.49,42.052,2702.2,3689.5,15.162,18.503,21.991,0.23723,0.10743,340.09,77.46,6.8479,13.853,32.323,4455.6,24.211,44.188,52.387,80.325,2.2686,1.6832,3098.3,42.274,53.354,94.602,9.2282,60.909,45.126,40.457,2631.1,63.352,24.509,46.564,0.34519,8.8122,26.499,120.43,1.3659,75.119,23.725,2.2764,52.893,4.7817,225.92,0.020351,0.85728,65.562,18.591,44.268
717,2026-04-17T08:48:00,50.251,23.152,26.535,32.643,40.898,2699.0,3676.2,19.351,18.989,21.562,0.23731,0.10743,339.51,76.967,6.8267,13.855,32.281,4573.7,22.459,47.115,49.595,80.27,2.2354,1.6683,3097.2,42.31,53.921,94.618,9.1647,61.451,36.908,39.914,2626.9,63.096,23.946,46.605,0.33699,8.7499,26.166,120.37,1.1793,75.081,23.892,2.3223,52.893,4.7778,227.31,0.020351,0.85728,65.617,19.618,44.268
718,2026-04-17T08:51:00,51.778,23.188,26.948,32.643,40.167,2694.9,3642.3,16.718,18.989,21.199,0.23695,0.10743,339.1,76.768,6.8267,13.855,32.281,4575.6,23.586,50.65,50.167,79.956,2.2354,1.6683,3094.8,42.408,53.899,94.678,9.1546,62.71,38.592,40.321,2622.2,63.679,27.7,46.694,0.33367,8.7499,26.166,120.37,1.1793,75.27,23.892,2.3223,52.893,4.7778,228.22,0.020351,0.85728,65.625,19.618,44.268
719,2026-04-17T08:54:00,48.408,23.421,27.025,32.914,40.544,2693.9,3632.1,17.064,19.29,21.756,0.24025,0.10743,339.15,77.254,6.9541,13.92,32.153,4432.8,23.431,42.849,50.958,80.017,2.284,1.6871,3092.8,42.326,53.031,94.783,9.4039,60.446,40.919,39.676,2622.4,64.084,25.989,46.965,0.33981,8.9287,26.356,120.4,1.1857,75.266,24.22,2.3199,52.893,4.8774,227.09,0.020351,0.85728,65.602,18.86,44.268
720,2026-04-17T08:57:00,52.571,23.48,26.61,32.914,40.829,2692.9,3654.9,18.8,19.29,21.307,0.23965,0.10743,338.67,77.292,6.9541,13.92,32.153,4422.4,22.7,52.484,51.695,80.138,2.284,1.6871,3092.4,42.106,53.156,94.682,9.2512,61.176,43.087,40.097,2621.2,63.691,26.033,46.936,0.33636,8.9287,26.356,120.38,1.1857,74.881,24.22,2.3199,52.893,4.8774,229.32,0.020351,0.85728,65.615,18.86,44.268
721,2026-04-17T09:00:00,50.529,24.584,26.668,32.603,40.596,2694.2,3658.2,18.586,18.522,21.318,0.25275,0.11402,338.61,77.324,7.1038,13.845,31.833,4476.5,22.786,47.758,48.146,80.277,2.2803,1.646,3093.2,42.669,54.292,94.755,9.3391,58.81,32.644,41.048,2622.0,62.509,27.761,47.237,0.34359,8.8703,26.854,120.36,1.2775,74.864,24.182,2.3054,53.974,4.8265,229.1,0.042166,0.84181,65.666,19.368,44.064
722,2026-04-17T09:03:00,51.154,24.896,27.068,32.603,40.877,2696.8,3650.1,17.514,18.522,21.868,0.24957,0.11402,338.66,77.565,7.1038,13.845,31.833,4527.2,23.222,49.204,50.609,80.533,2.2803,1.646,3095.1,41.979,53.685,94.752,9.2498,59.514,39.894,41.112,2624.8,62.649,26.423,47.294,0.34307,8.8703,26.854,120.39,1.2775,74.912,24.182,2.3054,53.974,4.8265,230.84,0.042166,0.84181,65.751,19.368,44.064
723,2026-04-17T09:06:00,51.661,27.874,26.878,32.868,40.67,2696.4,3617.8,18.694,19.069,21.346,0.2851,0.11402,338.53,77.262,6.8094,13.824,32.154,4451.0,22.725,50.378,49.479,80.534,2.2893,1.694,3096.0,42.482,53.293,94.738,9.3079,62.332,36.567,40.293,2624.6,61.753,26.963,47.669,0.33408,9.0007,25.956,120.38,1.3997,75.847,23.755,2.3557,53.974,4.9229,228.92,0.042166,0.84181,65.898,18.565,44.064
724,2026-04-17T09:09:00,49.177,27.966,26.973,32.868,40.457,2697.8,3588.3,17.605,19.069,21.636,0.28417,0.11402,338.99,77.54,6.8094,13.824,32.154,4490.3,23.173,44.629,48.83,80.468,2.2893,1.694,3096.4,42.329,52.823,94.87,9.2755,61.11,34.656,40.08,2625.6,62.26,25.04,48.081,0.33582,9.0007,25.956,120.39,1.3997,74.913,23.755,2.3557,53.974,4.9229,226.61,0.042166,0.84181,65.919,18.565,44.064
725,2026-04-17T09:12:00,49.713,25.129,27.316,32.723,40.423,2697.1,3676.2,18.046,18.866,21.632,0.25495,0.11402,338.96,77.029,6.8924,13.926,31.689,4540.8,23.002,45.87,48.058,80.319,2.2953,1.6962,3097.8,42.507,54.157,94.84,9.3291,60.25,32.386,39.848,2625.2,63.26,24.436,48.025,0.33324,9.0178,26.214,120.4,1.4518,73.755,23.697,2.315,53.974,4.9163,229.57,0.042166,0.84181,65.952,18.935,44.064
726,2026-04-17T09:15:00,49.888,25.023,26.963,32.723,41.256,2696.2,3710.7,19.725,18.866,21.731,0.25603,0.097961,339.47,76.754,6.8924,13.926,31.689,4551.9,22.313,46.274,50.088,80.105,2.2953,1.6962,3095.4,41.967,54.025,94.632,9.2454,60.317,38.359,39.911,2624.8,62.666,25.283,47.81,0.33273,9.0178,26.214,120.4,1.4518,75.078,23.697,2.315,53.482,4.9163,230.18,0.01821,0.86172,65.88,18.935,43.938
727,2026-04-17T09:18:00,49.009,29.578,27.112,32.506,40.971,2695.1,3668.6,19.869,19.061,21.402,0.30521,0.097961,338.82,77.208,6.7963,13.901,31.945,4478.5,22.247,44.242,50.099,79.981,2.2665,1.7046,3095.1,42.756,53.998,94.754,9.2606,61.867,38.391,41.123,2623.1,62.692,25.65,47.782,0.34571,9.078,26.189,120.41,1.2224,74.256,23.651,2.2288,53.482,4.8928,231.09,0.01821,0.86172,65.803,18.872,43.938
728,2026-04-17T09:21:00,50.901,29.672,26.988,32.506,40.156,2697.9,3612.9,15.022,19.061,21.778,0.30426,0.097961,339.52,77.38,6.7963,13.901,31.945,4527.6,24.282,48.62,51.313,80.214,2.2665,1.7046,3097.0,42.386,53.41,94.654,9.399,64.039,41.964,41.343,2626.5,63.651,25.822,47.65,0.34391,9.078,26.189,120.39,1.2224,75.671,23.651,2.2288,53.482,4.8928,233.16,0.01821,0.86172,65.759,18.872,43.938
729,2026-04-17T09:24:00,51.112,27.821,26.429,32.754,40.856,2701.3,3674.0,17.834,19.168,21.592,0.28134,0.097961,339.55,77.337,6.8177,13.837,32.043,4498.1,23.093,49.108,49.412,80.382,2.2615,1.6332,3099.3,42.491,53.898,94.639,9.3045,61.497,36.369,41.174,2629.8,63.477,24.549,47.848,0.34101,9.052,26.108,120.42,1.4707,74.378,23.853,2.3553,53.482,4.91,231.5,0.01821,0.86172,65.806,18.729,43.938
730,2026-04-17T09:27:00,49.61,27.883,27.188,32.754,40.876,2700.3,3677.8,18.295,19.168,21.751,0.28071,0.097961,339.38,77.688,6.8177,13.837,32.043,4496.8,22.882,45.632,50.637,80.43,2.2615,1.6332,3100.7,42.677,53.913,94.484,9.3727,59.633,39.976,41.102,2628.7,63.412,23.955,47.909,0.3416,9.052,26.108,120.42,1.4707,74.561,23.853,2.3553,53.482,4.91,231.34,0.01821,0.86172,65.861,18.729,43.938
731,2026-04-17T09:30:00,48.255,26.935,26.965,32.484,41.239,2701.0,3680.6,19.433,18.835,21.704,0.27536,0.10531,339.11,77.459,6.9021,13.778,32.132,4518.0,22.402,42.497,50.373,80.512,2.291,1.6497,3101.2,42.34,54.007,94.554,9.2423,61.473,39.197,40.235,2629.0,63.247,25.82,48.399,0.33512,9.0153,26.083,120.4,1.2129,75.06,23.894,2.2285,53.703,4.9638,232.38,0.013143,0.84247,65.928,18.914,43.518
732,2026-04-17T09:33:00,51.033,27.039,26.881,32.484,41.258,2698.7,3659.0,16.264,18.835,21.462,0.27429,0.10531,339.78,77.291,6.9021,13.778,32.132,4534.3,23.741,48.925,50.643,80.309,2.291,1.6497,3098.8,42.803,53.812,94.54,9.3716,61.404,39.991,39.985,2626.7,63.62,24.093,48.562,0.33717,9.0153,26.083,120.42,1.2129,75.161,23.894,2.2285,53.703,4.9638,233.64,0.013143,0.84247,65.964,18.914,43.518
733,2026-04-17T09:36:00,49.613,26.515,26.998,32.843,40.754,2697.5,3687.3,16.896,19.133,21.507,0.26459,0.10531,339.58,77.463,7.006,13.993,31.859,4456.0,23.467,45.638,50.687,80.322,2.3049,1.6784,3098.6,42.681,54.286,94.541,9.4991,61.931,40.122,39.275,2625.9,62.412,24.269,48.773,0.32982,8.8021,25.946,120.38,1.4042,74.133,23.491,2.3441,53.703,4.8938,234.37,0.013143,0.84247,65.98,19.096,43.518
734,2026-04-17T09:39:00,49.408,26.12,27.063,32.843,41.314,2698.4,3645.9,17.198,19.133,21.794,0.2686,0.10531,340.07,76.996,7.006,13.993,31.859,4504.3,23.356,45.164,50.591,80.294,2.3049,1.6784,3097.4,42.374,53.708,94.705,9.4284,60.721,39.839,39.409,2626.7,63.125,27.139,48.953,0.32872,8.8021,25.946,120.4,1.4042,75.338,23.491,2.3441,53.703,4.8938,235.45,0.013143,0.84247,65.993,19.096,43.518
735,2026-04-17T09:42:00,49.911,29.002,26.977,33.039,39.972,2696.8,3636.6,19.945,18.738,21.784,0.29608,0.10531,339.64,77.367,6.8216,14.036,31.818,4498.8,22.191,46.329,50.659,80.202,2.2995,1.6514,3096.2,42.275,53.289,94.563,9.2756,63.812,40.038,41.875,2625.1,62.305,25.515,49.226,0.35664,8.9627,25.838,120.36,1.1951,74.27,23.833,2.2718,53.703,4.9573,235.51,0.013143,0.84247,65.997,18.848,43.518
736,2026-04-17T09:45:00,48.446,29.142,27.288,33.039,41.079,2698.1,3628.8,18.217,18.738,21.891,0.29466,0.097261,339.89,76.979,6.8216,14.036,31.818,4486.5,22.93,42.937,50.315,80.233,2.2995,1.6514,3096.2,42.663,53.436,94.837,9.2815,63.158,39.028,41.734,2626.0,62.439,24.893,48.903,0.35779,8.9627,25.838,120.38,1.1951,75.535,23.833,2.2718,53.685,4.9573,237.05,0.024494,0.84525,65.981,18.848,43.753
737,2026-04-17T09:48:00,51.162,29.861,27.159,32.672,41.258,2696.7,3655.4,18.127,19.016,21.914,0.30254,0.097261,340.99,77.023,6.9946,14.0,31.989,4506.4,22.978,49.223,49.787,79.978,2.2604,1.6579,3095.5,42.499,53.773,94.601,9.4747,60.615,37.474,42.638,2625.4,63.57,26.009,49.037,0.3621,9.1306,25.977,120.4,1.2256,75.08,23.712,2.3181,53.685,4.8559,236.42,0.024494,0.84525,65.948,19.206,43.753
738,2026-04-17T09:51:00,49.334,30.035,26.839,32.672,40.44,2697.7,3700.8,17.657,19.016,21.634,0.30077,0.097261,340.17,77.147,6.9946,14.0,31.989,4514.6,23.176,44.993,51.755,80.014,2.2604,1.6579,3096.9,42.063,53.675,94.655,9.397,59.897,43.265,43.251,2625.4,62.789,27.366,49.136,0.35708,9.1306,25.977,120.39,1.2256,74.633,23.712,2.3181,53.685,4.8559,236.23,0.024494,0.84525,65.903,19.206,43.753
739,2026-04-17T09:54:00,48.279,28.526,26.503,32.808,40.82,2698.6,3679.7,16.571,18.489,21.785,0.28898,0.097261,340.74,77.298,6.8302,13.866,32.386,4464.1,23.625,42.551,48.465,80.148,2.3047,1.7044,3097.5,42.039,53.359,94.599,9.4034,60.972,33.584,42.79,2626.9,61.609,26.438,49.06,0.35537,8.8261,26.694,120.4,1.3752,74.363,23.417,2.261,53.685,4.8707,237.95,0.024494,0.84525,65.917,18.684,43.753
740,2026-04-17T09:57:00,49.52,28.453,27.016,32.808,41.234,2700.8,3597.2,17.75,18.489,22.269,0.28973,0.097261,341.36,77.817,6.8302,13.866,32.386,4474.5,23.112,45.423,50.594,80.225,2.3047,1.7044,3096.9,42.313,53.235,94.741,9.285,62.782,39.847,42.738,2629.7,63.028,25.479,49.175,0.3558,8.8261,26.694,120.4,1.3752,74.624,23.417,2.261,53.685,4.8707,237.52,0.024494,0.84525,65.921,18.684,43.753
741,2026-04-17T10:00:00,50.824,24.774,27.211,32.913,41.483,2701.7,3705.3,18.976,18.726,22.477,0.2503,0.096166,341.65,77.448,7.0879,14.061,32.258,4510.4,22.599,48.44,50.8,80.349,2.2835,1.677,3099.2,42.803,54.056,94.508,9.2816,61.606,40.454,40.81,2630.6,62.581,25.228,49.362,0.34352,8.8526,26.101,120.4,1.2385,74.915,23.58,2.3127,53.622,4.8355,237.2,0.01004,0.83357,65.999,18.866,44.273
742,2026-04-17T10:03:00,48.198,24.867,26.8,32.913,41.707,2701.7,3666.2,16.679,18.726,21.82,0.24936,0.096166,341.23,77.225,7.0879,14.061,32.258,4517.3,23.568,42.363,48.958,80.314,2.2835,1.677,3100.0,42.537,53.974,94.674,9.394,62.353,35.035,40.719,2630.8,63.254,23.58,49.538,0.34427,8.8526,26.101,120.4,1.2385,74.62,23.58,2.3127,53.622,4.8355,236.46,0.01004,0.83357,66.081,18.866,44.273
743,2026-04-17T10:06:00,49.415,25.644,26.557,32.814,40.424,2701.2,3591.2,16.932,18.698,22.078,0.26355,0.096166,342.35,77.395,6.832,13.945,32.492,4470.4,23.454,45.181,49.828,80.274,2.3118,1.6902,3097.7,42.341,54.089,94.562,9.312,64.24,37.594,43.521,2629.6,62.212,23.851,49.513,0.36578,8.9194,25.76,120.38,1.3292,75.083,23.641,2.3986,53.622,4.8041,237.92,0.01004,0.83357,66.073,18.726,44.273
744,2026-04-17T10:09:00,51.415,25.669,26.781,32.814,40.897,2702.6,3624.1,17.214,18.698,21.907,0.2633,0.096166,341.71,77.781,6.832,13.945,32.492,4516.1,23.319,49.808,50.657,80.32,2.3118,1.6902,3099.3,42.016,53.542,94.893,9.4108,61.552,40.033,43.218,2630.8,61.646,26.062,49.416,0.36827,8.9194,25.76,120.41,1.3292,73.827,23.641,2.3986,53.622,4.8041,240.26,0.01004,0.83357,66.065,18.726,44.273
745,2026-04-17T10:12:00,51.827,23.368,27.204,33.267,40.931,2702.9,3683.2,20.112,18.682,22.434,0.23745,0.096166,341.87,77.142,6.9979,13.891,31.89,4495.4,22.116,50.763,52.453,80.215,2.2882,1.6306,3101.3,42.276,54.129,94.544,9.4276,60.605,45.318,42.242,2632.1,62.799,25.985,49.942,0.35292,8.8081,26.234,120.42,1.2734,73.986,23.998,2.3108,53.622,4.8724,235.56,0.01004,0.83357,66.104,18.424,44.273
746,2026-04-17T10:15:00,49.315,23.563,26.683,33.267,41.934,2701.7,3709.0,17.997,18.682,21.783,0.23546,0.10417,342.24,77.373,6.9979,13.891,31.89,4474.5,23.004,44.949,50.398,79.993,2.2882,1.6306,3100.5,42.697,54.38,94.763,9.4065,62.769,39.272,42.429,2629.9,62.357,24.881,49.554,0.35138,8.8081,26.234,120.42,1.2734,73.697,23.998,2.3108,52.983,4.8724,237.89,0.028638,0.84274,66.049,18.424,43.774
747,2026-04-17T10:18:00,50.638,29.026,26.835,32.888,41.013,2704.1,3609.8,18.645,18.109,22.079,0.29624,0.10417,342.41,77.133,6.665,13.916,32.134,4524.1,22.739,48.01,48.656,80.069,2.2801,1.6767,3100.8,42.508,54.561,94.631,9.4748,61.755,34.145,41.293,2632.3,62.577,25.595,49.341,0.35008,8.9856,25.62,120.38,1.4223,75.109,23.894,2.316,52.983,4.9587,240.13,0.028638,0.84274,66.003,19.18,43.774
748,2026-04-17T10:21:00,51.513,29.062,26.588,32.888,41.124,2708.2,3632.1,16.161,18.109,22.393,0.29588,0.10417,342.62,77.698,6.665,13.916,32.134,4543.6,23.764,50.036,49.081,80.185,2.2801,1.6767,3103.9,42.323,54.327,94.625,9.48,63.615,35.395,41.554,2636.9,62.194,25.05,49.603,0.34794,8.9856,25.62,120.4,1.4223,74.491,23.894,2.316,52.983,4.9587,237.02,0.028638,0.84274,66.005,19.18,43.774
749,2026-04-17T10:24:00,50.197,26.904,26.978,33.13,42.463,2709.6,3714.2,18.938,18.399,22.449,0.27427,0.10417,342.72,77.64,6.8359,13.811,32.604,4471.7,22.588,46.99,51.44,80.29,2.2755,1.6709,3107.5,42.922,53.33,94.467,9.425,59.475,42.339,41.741,2638.5,63.748,25.726,49.429,0.35274,8.969,26.464,120.43,1.2244,74.371,23.576,2.2711,52.983,4.8958,238.78,0.028638,0.84274,66.026,18.54,43.774
750,2026-04-17T10:27:00,51.317,26.865,26.984,33.13,41.193,2708.9,3659.0,19.626,18.399,22.433,0.27467,0.10417,343.47,77.142,6.8359,13.811,32.604,4441.1,22.31,49.581,49.424,80.186,2.2755,1.6709,3104.7,42.308,53.696,94.348,9.3666,61.527,36.404,41.826,2637.9,64.698,26.379,49.542,0.35205,8.969,26.464,120.41,1.2244,74.753,23.576,2.2711,52.983,4.8958,237.31,0.028638,0.84274,66.064,18.54,43.774
751,2026-04-17T10:30:00,49.946,22.243,26.615,33.301,41.478,2705.4,3652.9,19.459,18.526,22.497,0.22711,0.12356,343.61,77.259,6.7925,13.866,32.117,4527.8,22.379,46.41,51.07,80.045,2.3078,1.5933,3101.4,42.742,54.215,94.503,9.3053,62.409,41.25,40.284,2635.4,63.427,23.518,49.726,0.34224,8.8918,26.093,120.41,1.077,75.017,23.996,2.3635,52.984,4.845,237.75,0.016729,0.82917,66.048,18.769,42.634
752,2026-04-17T10:33:00,49.04,22.485,26.873,33.301,41.33,2704.4,3688.9,18.147,18.526,22.556,0.22465,0.12356,343.66,77.062,6.7925,13.866,32.117,4544.4,22.941,44.312,51.682,79.872,2.3078,1.5933,3100.2,42.545,54.016,94.494,9.4903,60.611,43.051,40.501,2633.7,62.808,26.293,49.892,0.34046,8.8918,26.093,120.41,1.077,74.478,23.996,2.3635,52.984,4.845,236.91,0.016729,0.82917,66.003,18.769,42.634
753,2026-04-17T10:36:00,50.431,26.591,27.057,33.588,42.128,2706.2,3680.7,19.098,18.322,22.586,0.27356,0.12356,342.97,77.632,7.032,13.788,32.322,4483.2,22.521,47.532,50.458,80.056,2.2236,1.6775,3103.2,42.382,54.207,94.436,9.3151,61.786,39.447,41.03,2635.5,63.394,25.712,49.672,0.34842,8.8192,26.161,120.39,1.1816,74.506,24.047,2.3968,52.984,4.8797,240.39,0.016729,0.82917,65.968,18.681,42.634
754,2026-04-17T10:39:00,49.947,26.77,26.386,33.588,42.438,2708.6,3703.3,20.326,18.322,22.555,0.27174,0.12356,343.61,77.423,7.032,13.788,32.322,4496.8,22.006,46.411,50.927,80.152,2.2236,1.6775,3103.5,42.521,54.045,94.555,9.3355,63.236,40.829,40.792,2638.0,63.004,24.749,49.892,0.35037,8.8192,26.161,120.43,1.1816,74.285,24.047,2.3968,52.984,4.8797,238.91,0.016729,0.82917,66.001,18.681,42.634
755,2026-04-17T10:42:00,49.088,24.863,26.864,33.382,40.506,2706.8,3640.0,16.387,18.621,22.702,0.25075,0.12356,343.8,77.33,6.8618,13.855,32.519,4540.2,23.671,44.424,49.271,79.976,2.3053,1.6801,3101.2,42.103,53.75,94.504,9.4722,61.206,35.955,39.837,2635.8,61.965,24.968,49.813,0.34109,8.9654,26.226,120.36,1.0843,74.308,23.823,2.3753,52.984,4.8626,240.77,0.016729,0.82917,66.028,18.309,42.634
756,2026-04-17T10:45:00,48.556,24.737,26.986,33.382,42.296,2709.8,3650.7,18.83,18.621,23.234,0.25202,0.10435,344.52,77.576,6.8618,13.855,32.519,4541.8,22.631,43.192,47.872,80.123,2.3053,1.6801,3102.4,42.221,53.73,94.716,9.327,63.457,31.837,39.647,2639.2,61.781,26.545,49.781,0.34265,8.9654,26.226,120.42,1.0843,75.619,23.823,2.3753,54.11,4.8626,238.23,0.0068731,0.82203,66.003,18.309,44.195
757,2026-04-17T10:48:00,49.89,22.808,27.111,33.969,40.817,2709.7,3669.4,19.645,17.921,23.077,0.22861,0.10435,344.51,77.412,6.9889,13.606,32.334,4500.7,22.293,46.278,50.711,80.013,2.265,1.6646,3104.0,42.51,55.182,94.51,9.3567,62.302,40.193,41.064,2638.5,62.892,25.157,49.52,0.34569,8.8034,26.365,120.37,1.1911,75.005,23.974,2.2745,54.11,4.75,240.44,0.0068731,0.82203,66.032,19.188,44.195
758,2026-04-17T10:51:00,48.241,22.551,26.671,33.969,40.999,2711.1,3646.7,21.622,17.921,22.82,0.23122,0.10435,344.58,77.286,6.9889,13.606,32.334,4537.0,21.458,42.463,50.008,80.151,2.265,1.6646,3105.0,42.031,54.747,94.517,9.37,62.631,38.123,40.415,2641.0,63.282,26.208,49.642,0.35101,8.8034,26.365,120.37,1.1911,74.768,23.974,2.2745,54.11,4.75,238.37,0.0068731,0.82203,66.033,19.188,44.195
759,2026-04-17T10:54:00,52.262,24.189,27.074,33.264,40.542,2711.4,3623.7,17.869,18.18,23.491,0.24556,0.10435,344.59,77.308,6.8644,13.872,32.634,4445.7,23.036,51.77,49.447,80.066,2.2876,1.6288,3104.6,42.184,53.688,94.586,9.488,58.712,36.472,37.352,2641.4,62.521,25.247,49.66,0.32046,8.8332,25.888,120.37,1.1991,75.356,23.866,2.2756,54.11,4.84,237.47,0.0068731,0.82203,66.034,18.288,44.195
760,2026-04-17T10:57:00,48.603,24.214,26.84,33.264,41.259,2710.8,3628.9,18.805,18.18,22.832,0.24531,0.10435,344.37,77.106,6.8644,13.872,32.634,4458.8,22.647,43.3,51.225,79.983,2.2876,1.6288,3105.6,42.327,53.531,94.543,9.3471,61.469,41.705,37.458,2640.3,62.432,26.525,49.463,0.31959,8.8332,25.888,120.39,1.1991,73.661,23.866,2.2756,54.11,4.84,238.97,0.0068731,0.82203,66.02,18.288,44.195
761,2026-04-17T11:00:00,52.12,20.865,27.172,33.639,40.878,2711.2,3654.7,17.316,18.154,23.158,0.21499,0.094811,344.54,77.418,6.7729,13.811,32.476,4545.3,23.269,51.44,49.929,79.888,2.2953,1.6704,3105.2,42.222,54.711,94.663,9.39,61.137,37.892,40.895,2640.7,63.039,25.027,49.22,0.34869,8.8094,26.165,120.39,1.2316,74.349,23.822,2.3651,53.602,4.82,238.79,-0.0020583,0.8223,65.957,18.632,43.732
762,2026-04-17T11:03:00,49.028,21.058,26.39,33.639,41.724,2709.6,3660.6,16.291,18.154,22.629,0.21303,0.094811,344.58,76.989,6.7729,13.811,32.476,4529.3,23.722,44.285,49.506,79.685,2.2953,1.6704,3104.8,42.261,54.903,94.605,9.3986,63.313,36.647,40.789,2638.9,62.936,25.251,49.033,0.34956,8.8094,26.165,120.4,1.2316,74.869,23.822,2.3651,53.602,4.82,239.27,-0.0020583,0.8223,65.898,18.632,43.732
763,2026-04-17T11:06:00,49.822,22.18,26.948,33.365,41.278,2713.3,3665.8,17.009,18.475,23.313,0.22468,0.094811,344.8,77.798,6.8743,13.764,32.309,4550.0,23.394,46.122,49.007,79.967,2.2724,1.5905,3106.4,42.507,53.863,94.392,9.526,60.175,35.179,39.832,2643.4,63.708,25.601,49.179,0.34429,8.7355,26.233,120.42,1.2287,74.494,24.139,2.3933,53.602,4.8501,236.06,-0.0020583,0.8223,65.87,18.815,43.732
764,2026-04-17T11:09:00,51.391,22.193,26.7,33.365,42.177,2713.9,3640.9,19.629,18.475,22.849,0.22455,0.094811,344.39,77.395,6.8743,13.764,32.309,4517.6,22.292,49.754,49.243,80.097,2.2724,1.5905,3108.4,42.298,54.251,94.49,9.317,63.613,35.872,40.215,2643.6,64.138,24.392,48.882,0.34115,8.7355,26.233,120.43,1.2287,74.95,24.139,2.3933,53.602,4.8501,237.75,-0.0020583,0.8223,65.879,18.815,43.732
765,2026-04-17T11:12:00,48.814,23.552,26.667,33.276,41.448,2713.5,3646.8,19.387,17.925,23.058,0.23869,0.094811,344.77,77.258,6.9312,13.613,32.687,4494.3,22.396,43.789,49.74,80.017,2.2858,1.7084,3107.1,42.555,54.09,94.427,9.4357,61.459,37.335,40.183,2643.7,63.203,25.666,48.879,0.33066,8.7231,26.489,120.4,1.3415,75.555,23.931,2.2226,53.602,4.7527,236.12,-0.0020583,0.8223,65.907,18.39,43.732
766,2026-04-17T11:15:00,50.395,23.348,26.9,33.276,40.821,2711.4,3676.0,16.874,17.925,22.964,0.24077,0.096121,344.53,76.964,6.9312,13.613,32.687,4486.3,23.468,47.448,50.805,79.861,2.2858,1.7084,3106.4,42.411,54.186,94.644,9.3686,60.254,40.469,39.438,2641.6,62.699,24.314,48.676,0.33677,8.7231,26.489,120.4,1.3415,74.379,23.931,2.2226,54.025,4.7527,236.58,0.023402,0.80841,65.886,18.39,44.043
767,2026-04-17T11:18:00,50.73,19.508,27.242,33.643,41.458,2710.9,3657.2,13.996,18.229,23.225,0.20022,0.096121,344.26,77.279,6.9069,13.763,32.709,4576.5,24.674,48.224,49.642,79.744,2.275,1.67,3104.6,42.229,54.178,94.416,9.306,63.938,37.048,37.383,2640.2,62.505,25.582,48.581,0.31889,8.8342,26.342,120.42,1.2268,73.714,24.007,2.3107,54.025,4.8433,235.99,0.023402,0.80841,65.836,18.877,44.043
768,2026-04-17T11:21:00,49.694,19.699,26.488,33.643,40.74,2713.0,3667.0,20.042,18.229,23.063,0.19828,0.096121,344.28,77.096,6.9069,13.763,32.709,4590.9,22.131,45.825,51.152,79.928,2.275,1.67,3105.4,42.517,54.005,94.702,9.3376,61.062,41.491,37.836,2643.3,62.335,24.335,48.554,0.31518,8.8342,26.342,120.4,1.2268,74.411,24.007,2.3107,54.025,4.8433,234.63,0.023402,0.80841,65.821,18.877,44.043
769,2026-04-17T11:24:00,49.31,18.871,27.235,34.189,42.008,2710.9,3643.9,19.406,18.583,23.275,0.19188,0.096121,344.13,77.268,6.8883,13.747,32.451,4487.5,22.397,44.938,50.532,79.805,2.2251,1.6553,3104.5,42.545,54.073,94.637,9.4138,59.643,39.666,39.88,2640.5,62.913,25.658,48.456,0.32964,8.9165,26.612,120.4,1.3454,74.77,23.804,2.3501,54.025,4.8054,234.06,0.023402,0.80841,65.805,18.621,44.043
770,2026-04-17T11:27:00,48.717,18.942,27.277,34.189,40.613,2711.0,3659.3,19.573,18.583,23.063,0.19116,0.096121,344.32,77.297,6.8883,13.747,32.451,4518.3,22.329,43.565,48.511,79.762,2.2251,1.6553,3103.8,42.075,53.704,94.725,9.3617,60.564,33.717,39.821,2640.0,62.646,25.885,48.168,0.33013,8.9165,26.612,120.4,1.3454,75.14,23.804,2.3501,54.025,4.8054,235.65,0.023402,0.80841,65.763,18.621,44.043
771,2026-04-17T11:30:00,49.08,20.725,27.1,33.774,41.396,2713.5,3631.6,20.085,18.52,23.169,0.21482,0.092515,343.67,77.619,6.6754,13.927,32.279,4526.3,22.103,44.405,47.399,79.907,2.2897,1.6155,3106.6,42.054,54.24,94.58,9.4322,60.631,30.446,39.092,2642.2,63.271,25.127,47.68,0.33167,8.763,26.458,120.4,1.1541,74.699,23.868,2.2879,52.498,4.8439,235.11,0.027197,0.81434,65.696,19.025,43.927
772,2026-04-17T11:33:00,47.313,20.936,26.968,33.774,41.099,2714.2,3620.4,19.192,18.52,23.144,0.21267,0.092515,343.91,77.25,6.6754,13.927,32.279,4552.6,22.487,40.315,50.077,79.996,2.2897,1.6155,3108.0,41.838,53.925,94.503,9.4327,60.343,38.328,39.053,2644.2,63.464,25.061,47.661,0.33199,8.763,26.458,120.39,1.1541,73.913,23.868,2.2879,52.498,4.8439,231.76,0.027197,0.81434,65.718,19.025,43.927
773,2026-04-17T11:36:00,48.734,22.429,27.142,33.483,41.602,2713.8,3714.9,18.291,18.33,23.041,0.22702,0.092515,343.74,77.192,6.9012,13.662,32.625,4465.3,22.866,43.604,49.296,79.979,2.2273,1.6712,3108.3,42.376,53.972,94.556,9.5975,58.976,36.028,41.632,2642.9,63.8,25.031,47.455,0.35053,8.9338,27.046,120.42,1.1745,75.02,24.12,2.2888,52.498,4.8617,230.52,0.027197,0.81434,65.703,18.49,43.927
774,2026-04-17T11:39:00,50.943,22.446,27.19,33.483,40.836,2712.3,3734.0,18.575,18.33,23.037,0.22685,0.092515,343.68,77.155,6.9012,13.662,32.625,4507.4,22.747,48.717,47.117,79.932,2.2273,1.6712,3106.6,42.037,53.467,94.35,9.2545,61.172,29.617,41.496,2641.0,63.471,25.202,47.222,0.35165,8.9338,27.046,120.41,1.1745,74.576,24.12,2.2888,52.498,4.8617,229.6,0.027197,0.81434,65.708,18.49,43.927
775,2026-04-17T11:42:00,49.222,18.999,26.774,33.362,41.441,2712.9,3642.5,18.858,18.446,23.464,0.18944,0.092515,343.38,77.604,6.8072,13.853,32.228,4524.4,22.609,44.733,48.932,80.106,2.2765,1.6606,3105.3,41.839,54.579,94.433,9.2775,61.191,34.958,38.31,2643.3,63.153,24.631,46.914,0.31939,8.9545,26.351,120.42,1.3454,74.883,24.279,2.3046,52.498,4.8323,229.52,0.027197,0.81434,65.708,18.276,43.927
776,2026-04-17T11:45:00,50.967,19.018,26.838,33.362,40.964,2710.3,3669.6,15.36,18.446,22.818,0.18925,0.10932,342.76,77.197,6.8072,13.853,32.228,4541.6,24.096,48.772,49.414,79.914,2.2765,1.6606,3105.4,42.751,54.373,94.63,9.3784,60.43,36.376,37.949,2639.5,62.687,23.515,46.845,0.32235,8.9545,26.351,120.38,1.3454,75.118,24.279,2.3046,53.703,4.8323,227.98,0.038758,0.82113,65.673,18.276,43.477
777,2026-04-17T11:48:00,49.393,22.317,26.574,33.152,41.215,2709.5,3698.3,20.419,18.712,22.416,0.22767,0.10932,342.6,77.078,7.1042,13.76,32.188,4597.8,21.975,45.13,52.008,79.84,2.2654,1.6751,3105.8,42.074,54.294,94.415,9.425,60.962,44.01,40.19,2638.6,63.044,25.711,46.495,0.34496,8.7591,26.289,120.39,1.1244,74.904,24.366,2.1971,53.703,4.7983,228.95,0.038758,0.82113,65.599,18.414,43.477
778,2026-04-17T11:51:00,49.637,22.341,26.742,33.152,41.427,2709.5,3654.8,18.807,18.712,22.313,0.22743,0.10932,342.58,77.202,7.1042,13.76,32.188,4567.8,22.657,45.694,51.03,79.752,2.2654,1.6751,3106.1,41.956,54.653,94.817,9.4333,62.161,41.131,40.56,2638.4,63.792,25.657,46.444,0.34192,8.7591,26.289,120.4,1.1244,75.221,24.366,2.1971,53.703,4.7983,226.62,0.038758,0.82113,65.534,18.414,43.477
779,2026-04-17T11:54:00,49.279,22.531,27.014,33.12,40.806,2711.5,3573.3,18.812,18.586,22.931,0.23267,0.10932,342.54,77.281,6.8423,13.639,32.083,4541.8,22.656,44.866,49.501,79.852,2.237,1.6557,3106.9,42.592,54.698,94.523,9.2866,61.531,36.632,39.114,2640.9,62.521,26.242,46.321,0.33325,8.9098,26.505,120.4,1.1902,74.139,24.355,2.3314,53.703,4.7981,225.1,0.038758,0.82113,65.487,18.505,43.477
780,2026-04-17T11:57:00,51.12,22.882,26.92,33.12,41.342,2715.1,3615.1,17.776,18.586,22.72,0.22911,0.10932,342.44,77.439,6.8423,13.639,32.083,4542.8,23.082,49.127,49.543,80.082,2.237,1.6557,3109.6,42.606,54.686,94.849,9.3163,60.527,36.754,38.868,2644.4,61.801,25.544,46.079,0.33527,8.9098,26.505,120.4,1.1902,74.922,24.355,2.3314,53.703,4.7981,224.91,0.038758,0.82113,65.473,18.505,43.477
781,2026-04-17T12:00:00,51.039,23.701,27.017,32.861,40.864,2716.9,3654.3,16.026,18.319,22.785,0.2422,0.096775,342.48,77.299,6.8465,13.707,32.205,4550.7,23.82,48.938,48.876,80.081,2.3177,1.6867,3112.8,42.484,54.421,94.513,9.4856,59.815,34.792,37.538,2646.3,63.337,26.295,45.825,0.31807,8.8123,26.886,120.42,1.2501,76.836,24.098,2.2005,53.092,4.8937,226.42,-0.0001149,0.79728,65.491,18.603,44.109
782,2026-04-17T12:03:00,50.215,23.857,26.896,32.861,41.904,2715.8,3657.0,19.615,18.319,22.481,0.24062,0.096775,342.83,77.254,6.8465,13.707,32.205,4550.4,22.309,47.031,49.726,79.946,2.3177,1.6867,3113.1,42.395,54.424,94.624,9.3622,60.466,37.295,37.256,2645.0,63.291,24.252,45.88,0.32038,8.8123,26.886,120.4,1.2501,74.918,24.098,2.2005,53.092,4.8937,223.57,-0.0001149,0.79728,65.486,18.603,44.109
783,2026-04-17T12:06:00,49.273,22.497,26.622,33.042,40.852,2716.3,3654.4,19.327,18.593,22.601,0.23178,0.096775,342.43,77.289,6.9019,13.918,32.179,4573.5,22.425,44.852,49.814,80.031,2.2547,1.6759,3113.0,42.318,53.945,94.417,9.4866,60.282,37.553,38.547,2646.4,63.335,24.449,45.612,0.323,8.9551,26.818,120.4,1.2731,74.958,24.278,2.299,53.092,4.8495,224.39,-0.0001149,0.79728,65.465,18.811,44.109
784,2026-04-17T12:09:00,50.682,22.54,27.27,33.042,41.183,2712.9,3624.8,15.422,18.593,22.412,0.23135,0.096775,341.87,76.576,6.9019,13.918,32.179,4550.0,24.103,48.113,50.335,79.668,2.2547,1.6759,3110.5,42.131,54.227,94.67,9.2893,61.212,39.085,38.597,2641.1,63.844,25.713,45.409,0.32259,8.9551,26.818,120.4,1.2731,75.084,24.278,2.299,53.092,4.8495,224.49,-0.0001149,0.79728,65.388,18.811,44.109
785,2026-04-17T12:12:00,49.852,22.794,26.926,32.76,41.248,2712.8,3663.8,17.313,18.226,22.761,0.23369,0.096775,342.27,77.452,6.9652,13.592,32.087,4512.0,23.286,46.192,50.689,79.73,2.2746,1.6592,3108.8,42.18,54.182,94.513,9.375,59.94,40.128,41.116,2642.1,62.694,25.346,45.309,0.34799,8.8193,26.589,120.4,1.2173,74.918,24.788,2.222,53.092,4.7952,223.51,-0.0001149,0.79728,65.297,18.571,44.109
786,2026-04-17T12:15:00,52.021,22.785,27.049,32.76,41.368,2713.9,3671.9,19.154,18.226,22.725,0.23378,0.11548,341.98,77.639,6.9652,13.592,32.087,4479.8,22.497,51.21,51.291,79.992,2.2746,1.6592,3109.1,42.31,54.567,94.74,9.2964,62.744,41.899,40.782,2643.1,62.555,24.601,44.621,0.35073,8.8193,26.589,120.41,1.2173,75.12,24.788,2.222,53.653,4.7952,221.72,0.018281,0.84312,65.291,18.571,43.683
787,2026-04-17T12:18:00,49.762,23.749,26.993,33.257,40.713,2717.3,3658.8,18.968,18.474,22.907,0.24287,0.11548,342.35,77.274,6.9542,13.908,31.88,4557.3,22.579,45.982,50.116,80.172,2.2618,1.6379,3111.9,42.347,54.243,94.403,9.2856,61.188,38.442,36.779,2646.2,62.177,25.863,44.504,0.31134,8.7879,26.675,120.4,1.3422,75.187,24.206,2.3268,53.653,4.8259,217.66,0.018281,0.84312,65.321,18.874,43.683
788,2026-04-17T12:21:00,49.512,23.892,26.7,33.257,41.161,2715.9,3650.3,19.176,18.474,22.323,0.24142,0.11548,341.87,77.195,6.9542,13.908,31.88,4555.6,22.493,45.406,50.574,80.018,2.2618,1.6379,3112.6,42.073,54.263,94.783,9.3649,60.086,39.788,36.87,2643.7,62.323,25.992,44.059,0.3106,8.7879,26.675,120.4,1.3422,75.718,24.206,2.3268,53.653,4.8259,217.3,0.018281,0.84312,65.299,18.874,43.683
789,2026-04-17T12:24:00,49.386,25.871,27.07,33.076,41.03,2714.9,3646.8,19.514,18.427,22.478,0.26573,0.11548,342.18,77.074,6.8755,13.878,31.872,4515.5,22.36,45.113,50.307,79.883,2.2613,1.6714,3111.5,42.179,54.009,94.565,9.3302,61.342,39.004,41.019,2643.5,62.408,24.576,43.753,0.345,8.722,26.898,120.4,1.2908,75.707,24.032,2.2053,53.653,4.8447,215.41,0.018281,0.84312,65.233,18.79,43.683
790,2026-04-17T12:27:00,50.677,25.913,26.88,33.076,40.099,2714.5,3646.6,18.982,18.427,22.832,0.2653,0.11548,342.16,77.007,6.8755,13.878,31.872,4497.6,22.59,48.101,48.616,79.826,2.2613,1.6714,3109.6,42.092,54.223,94.763,9.2652,61.966,34.027,40.858,2643.6,62.41,24.765,43.457,0.34632,8.722,26.898,120.38,1.2908,75.484,24.032,2.2053,53.653,4.8447,213.49,0.018281,0.84312,65.14,18.79,43.683
791,2026-04-17T12:30:00,49.52,26.467,27.181,32.759,41.82,2713.2,3674.1,18.826,18.342,22.65,0.26767,0.090192,342.39,77.162,6.8442,13.619,32.556,4495.9,22.658,45.423,50.561,79.666,2.2629,1.6345,3109.7,41.998,54.44,94.676,9.3085,62.903,39.751,40.357,2641.5,62.597,26.489,43.865,0.34463,8.79,26.74,120.41,1.1808,74.74,24.301,2.2822,54.471,4.8356,216.53,0.018735,0.81466,65.068,18.462,43.875
792,2026-04-17T12:33:00,49.79,26.351,26.636,32.759,40.739,2714.0,3674.5,18.928,18.342,22.483,0.26885,0.090192,342.53,77.488,6.8442,13.619,32.556,4520.7,22.609,46.049,52.014,79.765,2.2629,1.6345,3109.5,42.347,54.143,94.722,9.2862,60.87,44.027,39.972,2643.0,62.589,23.608,43.715,0.34778,8.79,26.74,120.39,1.1808,75.709,24.301,2.2822,54.471,4.8356,218.6,0.018735,0.81466,65.02,18.462,43.875
793,2026-04-17T12:36:00,49.892,19.783,26.838,32.625,41.527,2713.7,3663.7,17.526,18.64,22.8,0.2027,0.090192,342.8,77.276,6.8508,13.708,32.074,4501.8,23.206,46.285,50.836,79.811,2.2519,1.6872,3109.0,42.796,55.199,94.576,9.3271,60.18,40.56,37.123,2642.4,63.069,24.641,44.104,0.31342,8.8238,26.345,120.42,1.3686,74.929,24.517,2.2972,54.471,4.8122,214.61,0.018735,0.81466,65.031,18.541,43.875
794,2026-04-17T12:39:00,50.039,19.803,26.737,32.625,40.943,2713.3,3645.9,19.324,18.64,22.701,0.2025,0.090192,342.57,77.27,6.8508,13.708,32.074,4593.4,22.446,46.624,50.584,79.926,2.2519,1.6872,3108.9,42.371,54.103,94.652,9.3232,59.46,39.818,36.864,2642.8,63.376,24.505,43.956,0.31554,8.8238,26.345,120.4,1.3686,73.858,24.517,2.2972,54.471,4.8122,216.63,0.018735,0.81466,65.065,18.541,43.875
795,2026-04-17T12:42:00,49.865,24.334,26.891,32.928,41.06,2713.6,3651.3,18.141,18.728,22.603,0.24706,0.090192,341.98,77.336,6.9725,13.759,32.196,4562.4,22.943,46.222,50.553,79.931,2.2589,1.6599,3109.3,42.365,54.327,94.559,9.2684,61.672,39.728,38.031,2642.8,63.259,22.674,43.937,0.32358,9.0136,26.287,120.41,1.3379,75.22,24.456,2.2127,54.471,4.7199,217.16,0.018735,0.81466,65.072,18.511,43.875
796,2026-04-17T12:45:00,51.38,24.379,26.862,32.928,40.955,2710.9,3625.7,18.769,18.728,22.243,0.24661,0.099423,341.05,76.769,6.9725,13.759,32.196,4514.2,22.7,49.729,49.807,79.781,2.2589,1.6599,3108.0,42.251,54.905,94.587,9.3611,61.054,37.533,38.169,2639.4,63.699,24.846,43.476,0.32245,9.0136,26.287,120.39,1.3379,74.985,24.456,2.2127,52.912,4.7199,214.35,0.025028,0.82916,65.081,18.511,45.146
797,2026-04-17T12:48:00,50.287,23.27,27.041,32.753,40.614,2710.7,3606.5,19.062,18.76,22.505,0.23534,0.099423,341.14,77.085,6.8567,13.946,31.87,4520.1,22.57,47.199,50.05,79.86,2.3172,1.6428,3107.4,42.154,54.95,94.786,9.3944,61.899,38.248,38.741,2639.8,62.934,25.491,43.07,0.32794,8.9596,26.453,120.4,1.5373,75.258,24.182,2.2385,52.912,4.8173,215.68,0.025028,0.82916,65.047,18.932,45.146
798,2026-04-17T12:51:00,50.156,23.059,26.843,32.753,41.011,2710.0,3628.7,16.563,18.76,22.314,0.23748,0.099423,340.87,77.15,6.8567,13.946,31.87,4582.6,23.626,46.896,51.447,79.762,2.3172,1.6428,3106.7,42.514,54.201,94.684,9.3047,62.829,42.357,38.671,2638.4,62.553,26.297,42.931,0.32851,8.9596,26.453,120.4,1.5373,75.087,24.182,2.2385,52.912,4.8173,214.03,0.025028,0.82916,64.994,18.932,45.146
799,2026-04-17T12:54:00,47.949,26.718,26.873,32.523,40.287,2711.6,3658.3,17.685,18.322,22.531,0.26659,0.099423,341.68,77.153,6.9867,13.887,31.593,4495.0,23.153,41.788,48.798,79.949,2.2305,1.6312,3108.3,42.554,54.225,94.746,9.44,60.781,34.562,41.002,2640.8,63.027,24.963,42.814,0.35073,8.842,26.859,120.4,1.3177,75.041,24.643,2.1951,52.912,4.8243,212.13,0.025028,0.82916,64.97,18.876,45.146
800,2026-04-17T12:57:00,50.164,26.446,26.937,32.523,40.787,2710.8,3655.6,19.595,18.322,22.34,0.26935,0.099423,341.2,77.214,6.9867,13.887,31.593,4510.3,22.35,46.914,50.453,79.879,2.2305,1.6312,3106.8,42.167,54.042,94.645,9.4204,61.331,39.434,41.049,2639.6,63.073,25.283,42.367,0.35033,8.842,26.859,120.42,1.3177,74.848,24.643,2.1951,52.912,4.8243,213.94,0.025028,0.82916,64.942,18.876,45.146
801,2026-04-17T13:00:00,50.413,29.562,27.119,32.879,40.777,2711.1,3669.7,18.441,18.543,22.629,0.30074,0.10399,341.24,77.264,6.8622,13.918,32.637,4499.4,22.835,47.491,48.757,79.925,2.2444,1.6356,3108.1,42.385,54.288,94.694,9.4643,58.462,34.442,40.426,2640.9,61.653,25.963,42.705,0.34371,8.8832,26.795,120.41,1.2614,74.921,24.033,2.3104,52.668,4.796,210.83,0.0092832,0.84512,64.913,18.562,44.343
802,2026-04-17T13:03:00,49.338,29.575,26.84,32.879,41.368,2713.5,3618.5,20.609,18.543,22.473,0.30061,0.10399,341.39,77.561,6.8622,13.918,32.637,4530.1,21.909,45.001,49.155,80.064,2.2444,1.6356,3108.9,42.12,53.921,94.692,9.3365,61.766,35.614,40.501,2642.4,62.535,23.929,42.681,0.34309,8.8832,26.795,120.41,1.2614,75.514,24.033,2.3104,52.668,4.796,209.6,0.0092832,0.84512,64.929,18.562,44.343
803,2026-04-17T13:06:00,49.968,19.718,26.74,32.588,40.426,2711.2,3669.3,20.478,18.63,22.205,0.20044,0.10399,340.98,77.212,6.8521,13.835,32.069,4508.7,21.969,46.46,49.063,80.08,2.2409,1.6642,3108.5,42.498,54.957,94.647,9.2887,61.263,35.342,41.115,2640.1,62.713,24.906,42.576,0.34565,8.847,26.701,120.4,1.2326,75.402,23.765,2.3864,52.668,4.7808,209.23,0.0092832,0.84512,64.948,18.749,44.343
804,2026-04-17T13:09:00,50.047,19.697,26.737,32.588,40.852,2707.3,3641.6,17.796,18.63,21.989,0.20066,0.10399,340.99,77.025,6.8521,13.835,32.069,4582.6,23.11,46.644,51.281,79.861,2.2409,1.6642,3105.2,42.463,54.072,94.843,9.2455,58.578,41.87,41.234,2635.0,63.189,26.998,42.207,0.34467,8.847,26.701,120.4,1.2326,75.288,23.765,2.3864,52.668,4.7808,211.87,0.0092832,0.84512,64.96,18.749,44.343
805,2026-04-17T13:12:00,50.543,25.011,27.042,32.808,40.863,2705.5,3656.4,19.172,18.403,21.909,0.25303,0.10399,340.4,76.871,6.9288,13.871,32.606,4508.4,22.543,47.791,49.112,79.82,2.3072,1.6273,3103.8,42.523,54.521,94.675,9.2548,61.947,35.487,40.072,2634.4,63.047,24.701,42.228,0.33662,8.9049,26.193,120.41,1.2136,74.455,23.424,2.2563,52.668,4.7895,210.16,0.0092832,0.84512,64.891,19.157,44.343
806,2026-04-17T13:15:00,48.649,24.89,27.305,32.808,41.01,2706.9,3668.3,17.395,18.403,22.422,0.25427,0.10502,341.19,77.074,6.9288,13.871,32.606,4448.6,23.289,43.408,49.021,79.867,2.3072,1.6273,3103.4,42.354,55.237,94.7,9.3783,60.395,35.219,40.035,2635.1,62.842,24.377,42.419,0.33693,8.9049,26.193,120.41,1.2136,74.849,23.424,2.2563,53.861,4.7895,211.16,0.034814,0.84653,64.834,19.157,44.151
807,2026-04-17T13:18:00,49.35,19.629,26.812,32.905,40.794,2705.5,3622.3,17.602,18.388,21.806,0.20085,0.10502,340.48,77.159,6.8599,13.77,32.564,4504.2,23.2,45.029,48.754,79.866,2.2831,1.6172,3102.6,42.38,53.541,94.754,9.4869,59.281,34.433,40.285,2633.5,62.952,24.224,42.503,0.34327,8.7321,26.699,120.4,1.5333,74.729,24.231,2.3233,53.861,4.8147,210.76,0.034814,0.84653,64.837,18.779,44.151
808,2026-04-17T13:21:00,48.54,19.9,27.38,32.905,41.234,2703.6,3681.6,19.114,18.388,22.05,0.1981,0.10502,340.34,77.235,6.8599,13.77,32.564,4508.0,22.565,43.154,51.242,79.877,2.2831,1.6172,3102.7,42.064,53.496,94.846,9.2837,63.191,41.755,40.565,2631.8,61.931,25.625,42.514,0.34098,8.7321,26.699,120.39,1.5333,75.542,24.231,2.3233,53.861,4.8147,211.17,0.034814,0.84653,64.825,18.779,44.151
809,2026-04-17T13:24:00,49.887,19.545,27.003,32.809,40.285,2705.9,3679.7,16.809,18.615,22.12,0.20154,0.10502,339.98,77.524,6.8139,13.979,32.154,4534.8,23.523,46.273,47.674,80.066,2.2933,1.6938,3103.7,42.478,54.072,94.78,9.2849,63.794,31.255,39.089,2634.6,62.557,26.676,42.742,0.33075,8.9428,26.601,120.38,1.2225,75.539,23.973,2.2773,53.861,4.8042,209.12,0.034814,0.84653,64.868,18.47,44.151
810,2026-04-17T13:27:00,49.534,19.821,27.021,32.809,41.826,2707.8,3649.6,19.66,18.615,22.025,0.19874,0.10502,339.88,77.509,6.8139,13.979,32.154,4553.1,22.309,45.455,51.484,80.343,2.2933,1.6938,3106.7,42.667,53.852,94.597,9.5303,58.077,42.466,39.075,2636.7,63.075,26.13,42.625,0.33086,8.9428,26.601,120.42,1.2225,73.936,23.973,2.2773,53.861,4.8042,210.91,0.034814,0.84653,64.948,18.47,44.151
811,2026-04-17T13:30:00,50.649,23.386,26.847,32.717,40.744,2707.2,3694.3,19.515,18.947,21.749,0.23824,0.091209,339.43,77.316,6.7887,13.657,32.138,4555.7,22.371,48.035,49.274,80.324,2.2365,1.6776,3106.9,42.243,54.603,94.646,9.303,59.849,35.963,41.908,2635.5,62.753,25.456,42.739,0.35421,8.9136,26.235,120.38,1.1095,75.017,24.115,2.3179,54.317,4.8106,210.64,0.017743,0.85934,65.045,18.576,44.694
812,2026-04-17T13:33:00,50.346,23.359,26.84,32.717,41.672,2705.5,3671.0,18.842,18.947,21.519,0.23851,0.091209,339.48,77.131,6.7887,13.657,32.138,4556.9,22.662,47.336,50.014,80.147,2.2365,1.6776,3104.9,42.428,54.588,94.583,9.3621,60.005,38.141,41.766,2633.3,63.153,25.286,42.766,0.35537,8.9136,26.235,120.44,1.1095,75.4,24.115,2.3179,54.317,4.8106,211.06,0.017743,0.85934,65.034,18.576,44.694
813,2026-04-17T13:36:00,48.837,23.69,26.52,32.35,40.041,2704.3,3671.8,18.988,18.598,21.506,0.23914,0.091209,339.37,77.164,6.8437,13.688,31.789,4558.0,22.607,43.842,49.464,80.005,2.2329,1.6417,3104.6,42.514,54.357,94.639,9.2511,61.765,36.521,37.735,2632.4,63.438,23.016,42.702,0.31765,8.8694,26.661,120.41,1.3332,75.034,24.174,2.3306,54.317,4.8785,212.5,0.017743,0.85934,65.012,19.041,44.694
814,2026-04-17T13:39:00,51.223,23.378,26.653,32.35,41.914,2706.0,3683.5,20.556,18.598,21.763,0.24233,0.091209,339.41,77.266,6.8437,13.688,31.789,4531.1,21.944,49.364,49.732,80.095,2.2329,1.6417,3104.7,42.612,54.679,94.62,9.39,62.243,37.313,37.853,2634.4,63.236,23.98,42.535,0.31668,8.8694,26.661,120.45,1.3332,75.11,24.174,2.3306,54.317,4.8785,215.13,0.017743,0.85934,64.972,19.041,44.694
815,2026-04-17T13:42:00,49.681,27.055,26.477,32.548,40.494,2704.6,3665.5,18.397,18.772,21.309,0.27704,0.091209,338.82,76.984,6.8748,13.906,32.317,4463.8,22.866,45.795,49.585,79.994,2.267,1.6314,3105.4,42.619,54.339,94.674,9.4049,58.137,36.878,38.311,2632.8,63.125,24.631,42.986,0.31805,9.0838,26.511,120.4,1.1666,74.131,24.517,2.3047,54.317,4.8497,210.81,0.017743,0.85934,64.988,18.898,44.694
816,2026-04-17T13:45:00,50.498,27.042,27.249,32.548,41.719,2704.9,3641.7,15.471,18.772,21.698,0.27716,0.090662,339.0,77.061,6.8748,13.906,32.317,4455.4,24.101,47.686,49.547,79.965,2.267,1.6314,3105.1,42.082,54.44,94.554,9.2322,61.749,36.768,38.219,2632.9,63.534,25.863,43.077,0.3188,9.0838,26.511,120.41,1.1666,75.805,24.517,2.3047,53.358,4.8497,214.57,0.0093712,0.87671,64.955,18.898,44.613
817,2026-04-17T13:48:00,49.842,22.274,26.436,32.676,40.401,2706.0,3683.4,18.307,19.084,21.834,0.22636,0.090662,339.69,77.557,6.982,13.951,32.124,4507.0,22.887,46.169,50.076,80.185,2.2843,1.6743,3104.1,42.332,54.142,94.635,9.3809,60.77,38.323,41.354,2634.5,62.566,25.441,43.373,0.34053,8.9574,26.492,120.4,1.304,75.7,23.811,2.2387,53.358,4.8803,213.74,0.0093712,0.87671,64.998,19.053,44.613
818,2026-04-17T13:51:00,48.639,22.328,26.824,32.676,41.697,2706.7,3662.8,17.577,19.084,21.991,0.22581,0.090662,339.42,77.285,6.982,13.951,32.124,4562.6,23.192,43.383,49.513,80.381,2.2843,1.6743,3104.2,42.312,53.476,94.658,9.3361,61.877,36.666,41.049,2634.6,62.919,24.865,43.345,0.34303,8.9574,26.492,120.41,1.304,75.15,23.811,2.2387,53.358,4.8803,216.45,0.0093712,0.87671,65.098,19.053,44.613
819,2026-04-17T13:54:00,50.341,24.19,27.365,32.3,40.525,2703.9,3636.9,16.207,19.008,21.716,0.24355,0.090662,339.09,77.238,7.0411,13.756,32.199,4441.1,23.768,47.323,49.461,80.284,2.2848,1.684,3104.1,42.162,54.514,94.622,9.4246,60.049,36.513,41.72,2631.7,62.381,24.092,43.603,0.3486,8.9372,26.483,120.37,1.3842,74.767,24.128,2.3275,53.358,4.724,215.94,0.0093712,0.87671,65.164,18.862,44.613
820,2026-04-17T13:57:00,50.79,23.902,26.934,32.3,40.439,2701.8,3634.7,18.338,19.008,21.445,0.24648,0.090662,338.93,76.904,7.0411,13.756,32.199,4496.5,22.883,48.362,50.878,80.085,2.2848,1.684,3101.4,42.376,53.852,94.807,9.2171,61.341,40.685,41.506,2629.7,62.419,25.33,43.957,0.35036,8.9372,26.483,120.39,1.3842,75.398,24.128,2.3275,53.358,4.724,214.36,0.0093712,0.87671,65.185,18.862,44.613
821,2026-04-17T14:00:00,52.023,23.581,26.694,32.29,40.371,2702.1,3603.8,16.98,19.089,21.673,0.23574,0.12078,339.01,77.13,6.7642,13.853,31.983,4491.1,23.456,51.215,50.519,79.966,2.272,1.625,3101.0,42.427,54.357,94.836,9.5139,60.558,39.626,39.82,2630.0,62.311,24.369,44.508,0.32195,8.8886,26.381,120.38,1.2898,74.619,23.705,2.3102,53.331,4.9193,216.25,-0.0062382,0.85854,65.167,19.326,43.742
822,2026-04-17T14:03:00,48.11,23.5,26.799,32.29,40.198,2704.0,3612.8,18.5,19.089,21.649,0.23657,0.12078,339.05,77.264,6.7642,13.853,31.983,4534.0,22.812,42.159,50.317,80.07,2.272,1.625,3103.8,42.497,53.843,94.869,9.2039,62.552,39.033,38.773,2632.2,62.156,24.191,44.594,0.33053,8.8886,26.381,120.36,1.2898,75.32,23.705,2.3102,53.331,4.9193,220.15,-0.0062382,0.85854,65.161,19.326,43.742
823,2026-04-17T14:06:00,51.324,25.542,26.847,32.906,41.463,2705.7,3682.5,19.469,18.725,21.814,0.25954,0.12078,339.04,77.082,6.7607,13.672,31.687,4467.9,22.412,49.599,50.425,80.075,2.2412,1.6183,3104.4,42.543,53.44,94.72,9.3555,61.919,39.35,40.222,2633.7,63.365,26.995,44.862,0.33959,9.0727,26.642,120.4,1.1371,75.004,23.915,2.3297,53.331,4.8005,221.99,-0.0062382,0.85854,65.189,18.944,43.742
824,2026-04-17T14:09:00,49.693,25.642,26.919,32.906,40.405,2704.3,3668.6,17.542,18.725,21.713,0.25852,0.12078,339.1,77.08,6.7607,13.672,31.687,4465.5,23.227,45.824,49.018,80.047,2.2412,1.6183,3104.5,42.121,53.469,94.684,9.3061,62.095,35.209,40.423,2632.7,63.604,23.903,45.198,0.33795,9.0727,26.642,120.41,1.1371,75.145,23.915,2.3297,53.331,4.8005,223.04,-0.0062382,0.85854,65.218,18.944,43.742
825,2026-04-17T14:12:00,50.089,28.726,26.946,32.133,42.095,2704.9,3674.4,18.618,18.656,21.427,0.29192,0.12078,339.13,77.179,6.6887,13.863,31.654,4474.9,22.776,46.739,48.804,79.922,2.251,1.6711,3105.6,42.251,54.233,94.545,9.2837,60.721,34.58,38.066,2632.6,63.649,23.764,45.633,0.31684,8.887,27.203,120.44,1.122,74.299,24.289,2.4141,53.331,4.7996,223.0,-0.0062382,0.85854,65.244,18.633,43.742
826,2026-04-17T14:15:00,49.488,28.817,27.331,32.133,40.706,2706.7,3702.5,17.651,18.656,21.697,0.291,0.086709,339.31,77.197,6.6887,13.863,31.654,4518.4,23.184,45.35,49.508,80.027,2.251,1.6711,3107.3,42.626,53.712,94.573,9.3478,61.718,36.651,37.831,2634.5,63.165,24.005,45.676,0.31878,8.887,27.203,120.4,1.122,75.465,24.289,2.4141,54.049,4.7996,222.73,0.0045783,0.84514,65.258,18.633,43.745
827,2026-04-17T14:18:00,49.368,29.637,27.23,32.445,41.598,2707.7,3732.9,19.295,18.988,21.671,0.29981,0.086709,339.34,77.732,6.9663,13.848,31.842,4500.0,22.469,45.071,49.9,80.246,2.2221,1.6547,3108.8,42.326,54.695,94.405,9.3078,61.333,37.804,40.075,2636.2,63.422,23.212,45.701,0.34162,8.8129,26.371,120.42,1.209,75.324,23.731,2.2946,54.049,4.7714,225.23,0.0045783,0.84514,65.341,18.527,43.745
828,2026-04-17T14:21:00,49.047,29.568,27.102,32.445,41.122,2707.8,3735.3,18.651,18.988,21.856,0.3005,0.086709,339.07,77.31,6.9663,13.848,31.842,4485.5,22.749,44.327,50.574,80.248,2.2221,1.6547,3108.4,42.756,54.869,94.341,9.2668,60.266,39.79,40.569,2636.3,63.38,25.927,46.096,0.33758,8.8129,26.371,120.43,1.209,74.419,23.731,2.2946,54.049,4.7714,223.53,0.0045783,0.84514,65.421,18.527,43.745
829,2026-04-17T14:24:00,48.928,28.099,26.796,32.82,41.534,2706.2,3652.9,21.452,18.307,21.492,0.28812,0.086709,339.18,77.556,6.9303,13.83,32.209,4561.6,21.561,44.053,49.644,80.187,2.2584,1.6539,3107.5,42.557,54.25,94.562,9.3875,59.987,37.052,40.238,2634.9,62.415,26.114,46.15,0.33748,9.0751,26.315,120.4,1.3242,73.968,24.449,2.2444,54.049,4.7128,225.62,0.0045783,0.84514,65.487,19.276,43.745
830,2026-04-17T14:27:00,48.863,28.003,26.977,32.82,41.001,2705.9,3640.7,15.374,18.307,21.492,0.2891,0.086709,339.54,77.242,6.9303,13.83,32.209,4511.0,24.132,43.903,47.771,80.066,2.2584,1.6539,3106.1,42.517,54.856,94.573,9.2784,62.857,31.54,40.28,2633.7,62.624,24.894,46.534,0.33714,9.0751,26.315,120.41,1.3242,75.117,24.449,2.2444,54.049,4.7128,224.02,0.0045783,0.84514,65.489,19.276,43.745
831,2026-04-17T14:30:00,49.765,24.967,26.756,32.42,41.647,2706.8,3658.0,20.254,18.715,21.685,0.25237,0.10642,339.76,77.148,7.0091,13.717,32.306,4452.4,22.077,45.991,50.41,80.163,2.2582,1.6576,3106.0,42.092,53.697,94.591,9.3077,60.721,39.306,40.168,2635.4,62.58,24.697,46.263,0.33422,8.8223,26.223,120.4,1.2273,74.367,24.599,2.2091,53.598,4.832,226.25,0.021665,0.83923,65.52,19.379,43.951
832,2026-04-17T14:33:00,50.283,24.889,27.241,32.42,41.099,2706.7,3663.5,15.067,18.715,22.113,0.25315,0.10642,340.01,77.201,7.0091,13.717,32.306,4494.5,24.261,47.188,48.456,80.06,2.2582,1.6576,3104.4,42.015,53.193,94.707,9.3523,61.973,33.557,39.881,2634.9,62.485,25.054,46.216,0.33657,8.8223,26.223,120.38,1.2273,74.739,24.599,2.2091,53.598,4.832,227.98,0.021665,0.83923,65.509,19.379,43.951
833,2026-04-17T14:36:00,50.11,23.79,26.882,32.389,40.805,2705.0,3617.2,16.43,18.724,22.05,0.2441,0.10642,340.26,77.077,6.7408,13.702,32.307,4450.3,23.694,46.789,49.92,79.99,2.2208,1.6637,3102.8,42.424,53.378,94.619,9.3561,63.936,37.866,38.43,2632.8,62.508,26.625,46.353,0.32301,8.8314,26.422,120.4,1.3074,75.566,23.954,2.3493,53.598,4.8221,227.63,0.021665,0.83923,65.481,19.431,43.951
834,2026-04-17T14:39:00,50.384,23.615,26.854,32.389,40.512,2706.3,3611.6,18.662,18.724,22.023,0.24588,0.10642,340.57,77.259,6.7408,13.702,32.307,4484.7,22.749,47.422,49.206,80.029,2.2208,1.6637,3103.5,41.85,52.967,94.808,9.3039,60.9,35.765,38.544,2635.3,62.604,26.112,46.576,0.32208,8.8314,26.422,120.36,1.3074,75.129,23.954,2.3493,53.598,4.8221,226.31,0.021665,0.83923,65.484,19.431,43.951
835,2026-04-17T14:42:00,48.408,23.905,26.998,32.711,40.782,2705.3,3713.9,19.839,18.833,22.055,0.24038,0.10642,340.68,77.099,6.7616,13.788,31.969,4443.4,22.26,42.85,50.194,79.908,2.228,1.6322,3103.1,42.566,53.227,94.584,9.2747,61.566,38.67,38.332,2634.4,63.205,26.367,46.522,0.31908,8.6951,26.386,120.41,1.2112,74.759,24.082,2.2258,53.598,4.8038,228.11,0.021665,0.83923,65.47,18.833,43.951
836,2026-04-17T14:45:00,49.664,23.791,27.229,32.711,40.658,2705.4,3701.0,16.868,18.833,22.128,0.24153,0.092553,340.28,77.393,6.7616,13.788,31.969,4425.6,23.503,45.757,49.345,79.984,2.228,1.6322,3103.6,42.346,53.44,94.57,9.3758,62.517,36.172,38.712,2634.2,63.427,24.239,46.387,0.31596,8.6951,26.386,120.38,1.2112,74.561,24.082,2.2258,52.846,4.8038,229.26,0.017389,0.86379,65.486,18.833,43.782
837,2026-04-17T14:48:00,48.29,26.818,26.796,32.756,42.073,2706.8,3673.8,17.28,18.695,21.801,0.27722,0.092553,340.77,77.187,6.8082,13.971,32.221,4486.1,23.335,42.577,50.355,80.064,2.3147,1.6698,3105.1,42.26,54.123,94.504,9.342,61.265,39.145,39.334,2635.0,63.835,24.296,46.655,0.32898,9.1075,26.53,120.42,1.4343,75.449,24.169,2.2651,52.846,4.8227,226.75,0.017389,0.86379,65.503,19.327,43.782
838,2026-04-17T14:51:00,52.142,26.922,26.811,32.756,40.681,2706.6,3678.3,18.472,18.695,21.657,0.27617,0.092553,340.06,77.308,6.8082,13.971,32.221,4531.8,22.827,51.491,48.393,80.127,2.3147,1.6698,3106.0,42.507,53.576,94.515,9.3387,61.521,33.37,39.032,2634.6,63.758,26.403,46.512,0.33146,9.1075,26.53,120.37,1.4343,74.225,24.169,2.2651,52.846,4.8227,228.82,0.017389,0.86379,65.546,19.327,43.782
839,2026-04-17T14:54:00,50.287,24.806,26.943,32.607,41.978,2705.0,3675.1,20.436,18.46,21.866,0.25084,0.092553,340.51,77.578,6.942,13.857,32.401,4421.2,21.988,47.198,49.126,80.146,2.2325,1.6183,3104.8,42.408,53.637,94.461,9.386,62.412,35.528,41.7,2634.3,63.496,25.767,46.488,0.3503,8.9677,26.405,120.43,1.2005,74.73,24.003,2.2393,52.846,4.7627,229.55,0.017389,0.86379,65.555,18.826,43.782
840,2026-04-17T14:57:00,51.037,24.695,26.971,32.607,41.37,2706.0,3672.3,18.053,18.46,22.223,0.25196,0.092553,340.7,77.284,6.942,13.857,32.401,4468.4,22.995,48.934,49.484,80.233,2.2325,1.6183,3103.1,41.993,53.071,94.602,9.3836,59.871,36.583,41.427,2635.7,63.544,26.633,46.763,0.35254,8.9677,26.405,120.4,1.2005,75.044,24.003,2.2393,52.846,4.7627,226.91,0.017389,0.86379,65.598,18.826,43.782
841,2026-04-17T15:00:00,49.184,22.977,26.615,32.687,40.912,2704.0,3697.0,18.609,18.792,21.841,0.23207,0.089974,340.67,76.906,6.8632,13.914,31.952,4509.8,22.772,44.646,48.475,80.092,2.2745,1.6779,3102.9,42.387,53.755,94.584,9.4477,60.381,33.612,39.983,2632.5,61.951,25.462,47.22,0.34046,8.9127,26.172,120.39,1.3596,74.911,23.871,2.2862,53.268,4.8507,229.57,0.019885,0.85839,65.658,19.081,43.455
842,2026-04-17T15:03:00,50.369,22.907,26.831,32.687,40.987,2703.1,3631.4,19.745,18.792,22.045,0.23278,0.089974,340.69,76.737,6.8632,13.914,31.952,4473.5,22.309,47.389,52.377,79.841,2.2745,1.6779,3099.6,42.582,54.19,94.843,9.3054,62.145,45.094,40.281,2631.6,63.082,25.035,47.306,0.33802,8.9127,26.172,120.39,1.3596,74.97,23.871,2.2862,53.268,4.8507,232.28,0.019885,0.85839,65.612,19.081,43.455
843,2026-04-17T15:06:00,49.967,26.999,26.922,32.606,40.666,2703.7,3673.4,17.518,18.873,21.968,0.27821,0.089974,340.74,77.233,6.9833,13.96,32.079,4481.1,23.239,46.457,51.976,79.842,2.2943,1.6204,3101.4,42.748,53.442,94.661,9.3513,60.278,43.915,40.888,2632.3,63.029,24.456,47.792,0.34637,8.79,26.713,120.4,1.2637,73.996,24.427,2.337,53.268,4.8809,230.52,0.019885,0.85839,65.577,18.809,43.455
844,2026-04-17T15:09:00,50.381,27.236,26.855,32.606,40.957,2706.0,3675.8,18.586,18.873,22.05,0.27581,0.089974,341.26,77.522,6.9833,13.96,32.079,4460.9,22.776,47.416,49.432,80.009,2.2943,1.6204,3103.8,42.163,53.684,94.582,9.4207,61.192,36.428,41.099,2634.5,62.988,26.262,47.937,0.34464,8.79,26.713,120.4,1.2637,74.624,24.427,2.337,53.268,4.8809,232.56,0.019885,0.85839,65.579,18.809,43.455
845,2026-04-17T15:12:00,49.804,26.293,26.912,33.017,40.583,2707.9,3642.9,20.244,18.749,22.043,0.26435,0.089974,340.85,77.596,6.8483,13.72,31.818,4454.2,22.071,46.08,49.428,80.097,2.291,1.6422,3106.2,42.22,54.405,94.57,9.2156,62.562,36.415,42.015,2635.8,62.463,25.164,48.196,0.34869,8.8628,26.267,120.4,1.3488,75.088,24.207,2.3282,53.268,4.6298,233.26,0.019885,0.85839,65.65,18.874,43.455
846,2026-04-17T15:15:00,51.569,26.201,26.804,33.017,40.43,2709.3,3664.1,17.141,18.749,22.291,0.26529,0.10575,341.93,76.974,6.8483,13.72,31.818,4525.1,23.396,50.165,51.726,80.029,2.291,1.6422,3104.6,42.244,53.557,94.857,9.4095,62.473,43.179,41.585,2637.4,62.097,24.313,48.233,0.35221,8.8628,26.267,120.38,1.3488,74.853,24.207,2.3282,54.503,4.6298,235.4,0.011612,0.8208,65.747,18.874,44.65
