sample,timestamp,tag_01,tag_02,tag_03,tag_04,tag_05,tag_06,tag_07,tag_08,tag_09,tag_10,tag_11,tag_12,tag_13,tag_14,tag_15,tag_16,tag_17,tag_18,tag_19,tag_20,tag_21,tag_22,tag_23,tag_24,tag_25,tag_26,tag_27,tag_28,tag_29,tag_30,tag_31,tag_32,tag_33,tag_34,tag_35,tag_36,tag_37,tag_38,tag_39,tag_40,tag_41,tag_42,tag_43,tag_44,tag_45,tag_46,tag_47,tag_48,tag_49,tag_50,tag_51,tag_52
1,2026-04-09T20:00:00,50.687,26.447,26.624,33.002,41.334,2705.8,3697.5,17.214,18.227,22.126,0.26961,0.098577,341.88,77.182,6.7575,13.909,31.823,4540.2,23.329,48.125,49.307,80.129,2.2903,1.671,3103.7,42.247,53.149,94.555,9.2193,62.282,36.061,39.14,2635.4,63.157,25.079,47.488,0.32682,8.9124,26.761,120.39,1.1687,74.911,24.043,2.2949,53.724,4.7575,229.82,0.017866,0.8357,65.748,19.042,43.828
2,2026-04-09T20:03:00,48.714,26.393,27.152,33.002,41.282,2704.3,3682.0,17.251,18.227,22.191,0.27016,0.097595,341.5,77.197,6.7575,13.909,31.823,4496.4,23.317,43.558,50.499,79.947,2.2903,1.671,3102.5,42.772,53.674,94.591,9.4463,61.035,39.57,38.836,2632.7,63.422,25.166,47.51,0.32931,8.9124,26.761,120.41,1.1687,74.371,24.043,2.2949,53.156,4.7575,229.58,0.019572,0.84247,65.737,19.042,43.33
3,2026-04-09T20:06:00,51.375,28.436,26.755,33.08,40.847,2704.0,3695.7,17.233,18.435,21.974,0.29012,0.097595,341.94,77.094,6.881,13.841,31.954,4487.7,23.333,49.717,50.191,79.95,2.2605,1.6422,3101.6,42.134,53.533,94.458,9.454,61.326,38.662,41.436,2632.9,63.727,25.32,47.481,0.34432,8.7767,26.496,120.39,1.4026,76.137,24.361,2.2957,53.156,4.8224,229.94,0.019572,0.84247,65.692,18.616,43.33
4,2026-04-09T20:09:00,49.822,28.356,27.08,33.08,41.398,2704.6,3658.8,17.734,18.435,22.324,0.29094,0.097595,341.99,77.242,6.881,13.841,31.954,4447.0,23.118,46.122,51.401,80.059,2.2605,1.6422,3102.0,42.32,54.021,94.575,9.3469,62.461,42.223,41.437,2633.0,64.363,24.699,47.484,0.34431,8.7767,26.496,120.42,1.4026,73.854,24.361,2.2957,53.156,4.8224,229.94,0.019572,0.84247,65.691,18.616,43.33
5,2026-04-09T20:12:00,49.661,27.653,26.835,33.127,40.636,2705.1,3692.3,17.744,18.596,22.528,0.27899,0.097595,342.08,77.408,7.0399,13.814,32.69,4534.3,23.107,45.749,50.082,80.081,2.2711,1.6513,3100.3,42.02,54.011,94.404,9.3215,60.676,38.34,40.097,2634.2,62.762,26.483,47.615,0.3409,8.8673,26.586,120.38,1.4365,74.887,23.904,2.3851,53.156,4.7897,228.47,0.019572,0.84247,65.704,18.908,43.33
6,2026-04-09T20:15:00,49.125,27.649,26.782,33.127,42.36,2706.1,3678.6,19.389,18.596,22.298,0.27903,0.097595,341.74,77.405,7.0399,13.814,32.69,4549.4,22.404,44.51,51.123,80.288,2.2711,1.6513,3103.6,42.236,53.83,94.582,9.3328,61.263,41.405,40.328,2635.5,62.998,25.943,47.477,0.33901,8.8673,26.586,120.41,1.4365,74.3,23.904,2.3851,53.156,4.7897,229.99,0.019572,0.84247,65.766,18.908,43.33
7,2026-04-09T20:18:00,50.327,20.396,26.632,33.453,40.848,2705.7,3617.5,19.549,18.72,22.403,0.20759,0.085195,341.94,77.331,7.1416,13.865,32.565,4452.2,22.334,47.291,51.3,80.3,2.2672,1.6222,3102.1,42.534,54.28,94.52,9.2823,59.616,41.925,40.098,2635.8,62.582,24.143,47.759,0.33512,8.9966,26.498,120.36,1.2328,74.378,24.222,2.1993,53.445,4.8032,228.78,0.018641,0.82255,65.803,18.769,44.366
8,2026-04-09T20:21:00,50.069,20.481,26.461,33.453,40.372,2703.3,3636.7,19.4,18.72,22.093,0.20673,0.085195,341.97,77.148,7.1416,13.865,32.565,4445.5,22.406,46.694,51.91,80.086,2.2672,1.6222,3098.8,42.25,54.361,94.779,9.3271,60.955,43.722,40.183,2631.7,62.25,23.261,47.519,0.33442,8.9966,26.498,120.38,1.2328,74.356,24.222,2.1993,53.445,4.8032,232.32,0.018641,0.82255,65.8,18.769,44.366
9,2026-04-09T20:24:00,50.504,20.985,26.979,33.324,40.748,2702.4,3613.4,16.602,18.288,22.596,0.21677,0.085195,341.88,77.198,6.9294,13.776,32.479,4543.9,23.59,47.7,49.736,79.92,2.2823,1.6833,3097.6,42.598,53.513,94.86,9.2427,60.14,37.323,40.778,2631.2,61.564,26.203,47.746,0.34097,8.956,26.146,120.36,1.0866,74.807,24.299,2.3718,53.445,4.8434,230.66,0.018641,0.82255,65.763,18.541,44.366
10,2026-04-09T20:27:00,48.626,20.928,27.096,33.324,39.675,2703.7,3599.3,17.086,18.288,22.635,0.21735,0.085195,341.95,77.069,6.9294,13.776,32.479,4482.3,23.393,43.354,51.738,79.924,2.2823,1.6833,3097.6,42.204,54.251,94.923,9.428,60.658,43.216,40.954,2632.5,61.805,25.669,47.846,0.33953,8.956,26.146,120.36,1.0866,75.358,24.299,2.3718,53.445,4.8434,230.44,0.018641,0.82255,65.706,18.541,44.366
11,2026-04-09T20:30:00,50.822,21.548,26.868,32.952,41.182,2705.5,3642.2,19.548,18.77,22.488,0.22074,0.085195,342.08,77.629,6.94,13.856,31.966,4569.4,22.344,48.437,50.534,79.991,2.2145,1.6266,3101.3,42.358,53.788,94.702,9.3904,58.612,39.671,39.603,2634.6,62.783,25.831,47.874,0.33107,9.0217,26.359,120.4,1.2268,74.841,23.957,2.2541,53.445,4.7103,231.02,0.018641,0.82255,65.693,18.675,44.366
12,2026-04-09T20:33:00,48.086,21.712,26.698,32.952,40.984,2709.5,3668.2,15.909,18.77,22.292,0.21907,0.097074,342.13,77.717,6.94,13.856,31.966,4496.5,23.862,42.105,47.991,80.317,2.2145,1.6266,3104.9,42.118,54.66,94.748,9.2687,62.099,32.188,39.018,2639.0,62.337,26.629,47.523,0.33586,9.0217,26.359,120.41,1.2268,75.722,23.957,2.2541,53.443,4.7103,230.05,0.017154,0.83151,65.735,18.675,44.37
13,2026-04-09T20:36:00,50.834,26.675,26.972,33.323,41.257,2710.7,3614.5,18.282,18.077,22.436,0.26707,0.097074,341.67,77.309,6.8568,13.899,32.209,4499.6,22.868,48.465,49.141,80.336,2.2546,1.6499,3108.1,42.384,54.324,94.65,9.3858,60.779,35.573,40.78,2639.2,63.118,25.59,47.484,0.3389,8.795,26.266,120.42,1.1758,74.554,23.571,2.2423,53.443,4.7844,228.8,0.017154,0.83151,65.776,18.927,44.37
14,2026-04-09T20:39:00,50.407,26.509,26.6,33.323,41.223,2710.8,3668.4,18.397,18.077,22.412,0.26876,0.097074,342.33,77.277,6.8568,13.899,32.209,4502.2,22.821,47.475,50.128,80.177,2.2546,1.6499,3107.5,42.33,54.292,94.526,9.3785,61.233,38.477,40.47,2640.0,62.191,27.353,47.252,0.34144,8.795,26.266,120.41,1.1758,75.245,23.571,2.2423,53.443,4.7844,229.73,0.017154,0.83151,65.774,18.927,44.37
15,2026-04-09T20:42:00,50.559,24.083,26.987,33.059,41.317,2710.1,3633.8,18.316,18.48,22.323,0.24841,0.097074,342.16,77.286,6.8377,13.638,31.918,4516.7,22.854,47.828,50.13,80.097,2.2954,1.6372,3107.0,42.52,53.497,94.715,9.4189,63.262,38.483,41.081,2638.6,63.5,24.318,47.032,0.34653,8.7818,26.407,120.38,1.2237,75.413,23.832,2.3077,53.443,4.8178,230.56,0.017154,0.83151,65.761,18.825,44.37
16,2026-04-09T20:45:00,50.565,24.418,26.991,33.059,41.82,2707.7,3676.9,17.815,18.48,22.481,0.245,0.097074,342.05,77.101,6.8377,13.638,31.918,4471.6,23.075,47.842,50.033,79.913,2.2954,1.6372,3104.9,42.231,54.036,94.531,9.3995,61.734,38.196,40.985,2635.8,62.758,24.666,47.068,0.34732,8.7818,26.407,120.45,1.2237,76.027,23.832,2.3077,53.443,4.8178,228.54,0.017154,0.83151,65.683,18.825,44.37
17,2026-04-09T20:48:00,49.198,27.154,26.926,32.763,40.447,2709.3,3652.5,16.003,18.675,22.517,0.27618,0.10879,342.49,77.319,6.8275,13.736,32.658,4488.2,23.832,44.678,49.551,79.978,2.2355,1.6399,3105.7,42.17,54.071,94.632,9.4709,61.34,36.779,37.57,2638.1,63.379,24.935,47.066,0.31731,8.9172,26.336,120.39,1.2837,75.318,24.472,2.2764,54.564,4.8891,229.37,0.015081,0.83577,65.659,18.299,43.855
18,2026-04-09T20:51:00,49.181,27.008,27.113,32.763,42.39,2712.0,3669.5,18.695,18.675,22.904,0.27766,0.10879,342.68,77.466,6.8275,13.736,32.658,4488.3,22.689,44.638,50.671,80.187,2.2355,1.6399,3106.9,42.068,54.07,94.451,9.3495,61.416,40.076,37.585,2642.2,63.087,23.908,47.347,0.31719,8.9172,26.336,120.44,1.2837,74.563,24.472,2.2764,54.564,4.8891,225.65,0.015081,0.83577,65.659,18.299,43.855
19,2026-04-09T20:54:00,50.573,19.81,27.156,33.287,40.303,2709.9,3676.1,16.922,18.384,22.581,0.20569,0.10879,342.63,77.124,6.9785,13.893,32.073,4511.3,23.445,47.859,50.45,80.009,2.2648,1.651,3105.8,42.659,55.12,94.639,9.4664,59.804,39.424,39.09,2638.5,63.108,24.353,46.916,0.32475,9.049,26.199,120.37,1.2687,74.764,24.206,2.2784,54.564,4.7848,229.91,0.015081,0.83577,65.691,18.708,43.855
20,2026-04-09T20:57:00,49.255,20.05,26.853,33.287,41.068,2707.4,3660.3,17.081,18.384,22.53,0.20325,0.10879,342.34,76.934,6.9785,13.893,32.073,4587.6,23.391,44.81,51.223,79.89,2.2648,1.651,3105.0,42.245,54.207,94.493,9.3422,61.924,41.698,39.15,2636.7,63.382,25.977,46.921,0.32426,9.049,26.199,120.4,1.2687,75.398,24.206,2.2784,54.564,4.7848,229.33,0.015081,0.83577,65.614,18.708,43.855
21,2026-04-09T21:00:00,51.441,25.389,26.985,32.927,40.547,2708.4,3593.4,19.329,18.398,22.538,0.25826,0.10879,341.95,77.055,6.8735,13.787,32.154,4531.4,22.445,49.868,50.519,79.887,2.2057,1.6431,3103.7,42.182,53.923,94.691,9.2693,60.858,39.626,40.645,2636.7,63.188,25.305,47.005,0.34632,9.0736,26.516,120.37,1.2208,75.349,23.841,2.3507,54.564,4.8272,227.87,0.015081,0.83577,65.583,18.622,43.855
22,2026-04-09T21:03:00,51.451,25.43,26.892,32.927,41.684,2708.6,3612.6,18.374,18.398,22.663,0.25785,0.10416,342.23,77.414,6.8735,13.787,32.154,4538.0,22.843,49.892,49.833,79.859,2.2057,1.6431,3104.2,42.191,53.844,94.633,9.4083,60.091,37.607,41.118,2638.1,62.857,24.591,47.071,0.34243,9.0736,26.516,120.4,1.2208,74.526,23.841,2.3507,54.194,4.8272,227.81,0.0059005,0.81246,65.547,18.622,43.57
23,2026-04-09T21:06:00,51.219,24.633,26.854,32.943,40.441,2710.6,3658.8,20.024,18.237,22.837,0.25183,0.10416,342.7,77.115,6.9348,13.66,31.856,4525.3,22.152,49.355,50.682,80.015,2.2432,1.648,3105.9,42.427,54.225,94.539,9.3358,59.391,40.106,39.303,2640.7,62.941,25.528,46.945,0.3343,8.774,26.626,120.37,1.208,74.87,24.231,2.245,54.194,4.789,229.2,0.0059005,0.81246,65.569,19.177,43.57
24,2026-04-09T21:09:00,50.143,24.823,27.205,32.943,40.449,2709.8,3645.8,20.072,18.237,22.608,0.24989,0.10416,342.08,77.243,6.9348,13.66,31.856,4536.3,22.128,46.866,48.15,79.969,2.2432,1.648,3107.3,42.529,54.092,94.652,9.2863,62.523,32.655,38.928,2639.0,63.166,25.626,47.194,0.33738,8.774,26.626,120.4,1.208,75.201,24.231,2.245,54.194,4.789,226.39,0.0059005,0.81246,65.576,19.177,43.57
25,2026-04-09T21:12:00,48.874,27.829,26.502,33.238,40.689,2711.5,3628.4,16.429,17.996,22.509,0.28088,0.10416,342.75,77.293,6.972,13.842,32.053,4467.6,23.664,43.929,50.817,79.948,2.2994,1.6414,3106.6,42.558,53.532,94.522,9.3765,62.754,40.504,37.742,2640.5,62.906,26.269,46.848,0.31797,8.949,26.93,120.41,1.2455,74.145,23.966,2.3424,54.194,4.7327,230.27,0.0059005,0.81246,65.574,18.518,43.57
26,2026-04-09T21:15:00,50.476,27.422,26.88,33.238,41.268,2713.5,3647.3,17.919,17.996,22.636,0.28501,0.10416,343.03,77.098,6.972,13.842,32.053,4455.6,23.041,47.635,49.751,79.954,2.2994,1.6414,3108.4,42.575,53.675,94.575,9.3061,62.109,37.367,37.867,2642.8,62.582,24.863,46.855,0.31695,8.949,26.93,120.41,1.2455,73.82,23.966,2.3424,54.194,4.7327,230.2,0.0059005,0.81246,65.566,18.518,43.57
27,2026-04-09T21:18:00,50.788,26.456,26.751,33.094,40.633,2712.4,3625.5,16.563,17.959,22.634,0.26149,0.11606,343.1,76.942,6.8676,13.869,32.185,4560.7,23.619,48.357,49.212,79.826,2.2741,1.6267,3108.6,42.297,54.023,94.736,9.3443,60.958,35.782,39.828,2641.2,62.563,25.223,46.531,0.33985,8.7767,26.812,120.37,1.1728,75.198,24.105,2.2416,53.377,4.7453,226.91,0.021579,0.83078,65.529,18.702,44.175
28,2026-04-09T21:21:00,49.155,26.06,27.098,33.094,41.742,2714.4,3621.5,19.149,17.959,22.949,0.26552,0.11606,343.41,77.3,6.8676,13.869,32.185,4564.1,22.52,44.577,50.092,79.875,2.2741,1.6267,3110.0,42.412,53.982,94.537,9.2578,61.894,38.37,39.771,2644.1,62.632,25.931,46.325,0.34032,8.7767,26.812,120.43,1.1728,74.791,24.105,2.2416,53.377,4.7453,226.24,0.021579,0.83078,65.468,18.702,44.175
29,2026-04-09T21:24:00,48.314,24.973,26.89,33.144,40.429,2715.9,3653.5,18.46,18.298,23.155,0.25248,0.11606,343.44,77.649,6.8542,13.805,32.095,4468.3,22.799,42.631,50.65,79.913,2.2356,1.6526,3110.4,42.363,54.705,94.648,9.3759,63.269,40.012,40.577,2645.7,62.962,24.694,46.165,0.34007,9.1237,26.613,120.37,1.1418,75.48,24.468,2.3541,53.377,4.7909,225.09,0.021579,0.83078,65.45,18.42,44.175
30,2026-04-09T21:27:00,51.688,24.914,26.973,33.144,41.209,2716.1,3628.5,18.833,18.298,22.949,0.25308,0.11606,343.84,77.484,6.8542,13.805,32.095,4554.6,22.642,50.44,49.848,79.999,2.2356,1.6526,3110.8,42.209,53.672,94.502,9.4331,59.372,37.652,40.066,2644.8,63.39,25.096,46.039,0.34426,9.1237,26.613,120.41,1.1418,75.261,24.468,2.3541,53.377,4.7909,223.51,0.021579,0.83078,65.457,18.42,44.175
31,2026-04-09T21:30:00,48.777,25.53,27.214,33.202,41.594,2717.1,3669.9,17.09,17.463,23.198,0.26537,0.11606,343.57,77.415,6.8396,13.596,32.166,4570.8,23.373,43.704,51.126,80.046,2.2448,1.6447,3111.8,42.604,54.207,94.551,9.341,62.935,41.415,39.243,2646.1,62.817,24.283,45.459,0.33726,8.8295,26.265,120.39,1.3398,74.248,23.986,2.345,53.377,4.7704,227.03,0.021579,0.83078,65.446,18.928,44.175
32,2026-04-09T21:33:00,48.516,25.802,27.314,33.202,41.951,2715.5,3666.5,17.934,17.463,23.003,0.26261,0.091731,343.59,77.143,6.8396,13.596,32.166,4550.9,23.024,43.1,49.905,79.925,2.2448,1.6447,3111.3,42.192,54.445,94.541,9.2793,61.459,37.819,39.58,2645.0,62.876,24.054,46.04,0.33449,8.8295,26.265,120.41,1.3398,75.289,23.986,2.345,52.747,4.7704,222.53,0.023833,0.8239,65.441,18.928,44.432
33,2026-04-09T21:36:00,49.01,24.926,26.852,33.367,40.936,2714.8,3644.7,16.071,18.502,23.096,0.25879,0.091731,343.62,77.1,6.7955,13.719,32.251,4477.8,23.813,44.242,49.98,79.773,2.1917,1.6719,3109.1,41.751,54.09,94.544,9.5368,59.39,38.04,36.918,2643.6,63.412,24.626,45.804,0.30897,8.7376,26.55,120.4,1.2656,75.841,24.248,2.2771,52.747,4.8746,224.38,0.023833,0.8239,65.425,18.614,44.432
34,2026-04-09T21:39:00,51.234,25.188,26.755,33.367,40.889,2712.2,3670.4,18.962,18.502,22.594,0.25613,0.091731,344.17,76.7,6.7955,13.719,32.251,4474.7,22.619,49.391,49.465,79.598,2.1917,1.6719,3106.7,41.831,54.128,94.557,9.2496,62.619,36.525,36.591,2641.7,62.969,24.373,45.71,0.31165,8.7376,26.55,120.37,1.2656,75.821,24.248,2.2771,52.747,4.8746,224.69,0.023833,0.8239,65.359,18.614,44.432
35,2026-04-09T21:42:00,50.509,24.275,26.589,33.584,41.075,2711.5,3667.9,16.452,18.263,22.814,0.24871,0.091731,343.71,77.118,6.962,13.551,32.725,4509.9,23.674,47.713,47.533,79.543,2.2612,1.655,3105.6,42.126,54.478,94.658,9.4481,60.001,30.841,38.089,2640.5,63.459,24.289,45.575,0.32425,8.8091,26.296,120.41,1.1889,74.911,24.517,2.2113,52.747,4.8322,225.51,0.023833,0.8239,65.264,18.031,44.432
36,2026-04-09T21:45:00,49.425,24.492,26.778,33.584,40.226,2711.9,3668.5,19.144,18.263,22.776,0.2465,0.091731,343.48,77.312,6.962,13.551,32.725,4524.3,22.533,45.204,48.37,79.746,2.2612,1.655,3106.5,42.689,54.306,94.455,9.306,62.663,33.303,38.319,2641.4,63.449,24.581,45.726,0.32236,8.8091,26.296,120.37,1.1889,75.83,24.517,2.2113,52.747,4.8322,223.11,0.023833,0.8239,65.259,18.031,44.432
37,2026-04-09T21:48:00,51.842,19.61,26.683,32.798,40.804,2713.5,3640.7,17.494,18.204,23.167,0.19823,0.10531,343.34,77.084,6.8105,13.866,32.342,4587.2,23.23,50.796,49.137,79.887,2.2163,1.6584,3106.7,42.39,55.06,94.656,9.2758,63.498,35.561,36.078,2643.3,62.47,24.81,45.489,0.30163,9.0006,26.803,120.41,1.3547,74.057,24.639,2.3012,54.078,4.7535,222.89,0.015309,0.82139,65.273,18.785,43.756
38,2026-04-09T21:51:00,50.916,19.474,26.544,32.798,40.986,2714.0,3645.7,17.509,18.204,22.826,0.19962,0.10531,343.14,77.035,6.8105,13.866,32.342,4638.5,23.226,48.654,49.957,79.904,2.2163,1.6584,3107.6,42.031,54.446,94.517,9.2669,61.029,37.972,36.015,2643.8,62.384,25.419,45.258,0.30215,9.0006,26.803,120.37,1.3547,75.735,24.639,2.3012,54.078,4.7535,223.79,0.015309,0.82139,65.297,18.785,43.756
39,2026-04-09T21:54:00,50.377,22.932,26.782,33.412,41.147,2711.7,3662.1,18.071,18.389,22.8,0.23133,0.10531,343.11,77.222,7.0825,13.777,32.456,4554.8,22.987,47.406,51.302,79.765,2.2769,1.6765,3107.4,42.329,53.659,94.631,9.3713,59.844,41.931,39.943,2641.0,63.426,23.957,45.132,0.33773,9.0551,26.75,120.41,1.369,74.967,24.163,2.2886,54.078,4.7723,223.55,0.015309,0.82139,65.295,18.22,43.756
40,2026-04-09T21:57:00,50.051,22.805,26.956,33.412,41.098,2710.1,3663.9,16.647,18.389,22.678,0.23262,0.10531,343.08,77.113,7.0825,13.777,32.456,4513.6,23.594,46.652,50.712,79.761,2.2769,1.6765,3106.9,42.537,54.153,94.554,9.4106,62.681,40.195,39.517,2638.8,63.395,25.98,45.128,0.34123,9.0551,26.75,120.39,1.369,74.915,24.163,2.2886,54.078,4.7723,221.93,0.015309,0.82139,65.271,18.22,43.756
41,2026-04-09T22:00:00,49.945,21.419,26.96,33.267,40.488,2710.8,3600.5,18.928,18.369,22.919,0.22014,0.10531,342.36,77.249,6.8223,13.852,32.104,4613.3,22.627,46.406,50.512,79.874,2.2229,1.6949,3106.4,42.238,54.391,94.745,9.4199,60.435,39.607,39.028,2639.8,62.041,25.202,45.081,0.32573,8.844,26.091,120.37,1.1329,75.317,24.091,2.3493,54.078,4.9021,220.82,0.015309,0.82139,65.252,18.069,43.756
42,2026-04-09T22:03:00,49.569,21.573,26.839,33.267,40.888,2711.8,3608.7,19.261,18.369,22.594,0.21857,0.10968,342.36,77.276,6.8223,13.852,32.104,4563.1,22.484,45.536,50.754,79.873,2.2229,1.6949,3106.9,42.355,54.992,94.746,9.3815,59.951,40.319,38.737,2640.9,61.9,22.414,45.043,0.32811,8.844,26.091,120.38,1.1329,74.153,24.091,2.3493,53.109,4.9021,218.62,0.027102,0.84733,65.251,18.069,43.462
43,2026-04-09T22:06:00,50.829,24.778,26.966,33.083,40.709,2712.1,3659.2,16.566,18.769,22.511,0.25224,0.10968,342.2,77.163,6.8446,13.923,32.473,4573.3,23.625,48.452,50.632,79.855,2.2685,1.6693,3108.9,42.212,55.348,94.699,9.2551,62.886,39.96,39.971,2641.1,63.246,24.284,44.798,0.33415,8.9893,26.193,120.39,1.2542,73.831,23.904,2.2659,53.109,4.7638,219.3,0.027102,0.84733,65.226,18.598,43.462
44,2026-04-09T22:09:00,49.701,24.794,26.891,33.083,41.913,2714.7,3667.2,16.647,18.769,22.561,0.25208,0.10968,342.1,77.511,6.8446,13.923,32.473,4592.7,23.576,45.842,49.119,80.071,2.2685,1.6693,3110.9,42.417,55.115,94.632,9.4279,61.017,35.508,39.401,2643.9,63.108,23.813,44.448,0.33882,8.9893,26.193,120.45,1.2542,75.911,23.904,2.2659,53.109,4.7638,221.16,0.027102,0.84733,65.258,18.598,43.462
45,2026-04-09T22:12:00,48.218,20.964,26.737,33.105,41.048,2712.7,3693.5,17.007,18.303,22.08,0.21746,0.10968,341.71,77.372,6.7391,13.776,32.371,4542.2,23.418,42.409,51.542,80.194,2.2362,1.659,3110.6,42.638,54.496,94.51,9.3554,59.81,42.639,40.62,2642.2,62.505,25.2,44.543,0.34534,9.0059,26.353,120.39,1.1115,75.867,24.122,2.2904,53.109,4.7753,217.97,0.027102,0.84733,65.305,18.672,43.462
46,2026-04-09T22:15:00,50.416,20.96,27.409,33.105,42.048,2709.2,3731.7,16.88,18.303,22.534,0.2175,0.10968,341.58,77.02,6.7391,13.776,32.371,4588.6,23.483,47.497,48.043,79.963,2.2362,1.659,3108.7,42.895,53.942,94.736,9.402,60.913,32.34,41.103,2638.4,61.848,25.447,44.252,0.34138,9.0059,26.353,120.41,1.1115,75.322,24.122,2.2904,53.109,4.7753,219.13,0.027102,0.84733,65.294,18.672,43.462
47,2026-04-09T22:18:00,50.202,22.154,27.043,32.466,40.895,2707.4,3662.7,19.413,18.446,22.008,0.22035,0.10459,341.51,77.003,6.7381,13.871,32.368,4587.8,22.424,47.002,49.056,79.819,2.2473,1.645,3104.9,42.266,53.793,94.512,9.2985,59.873,35.322,38.716,2636.1,64.045,24.763,44.739,0.32893,8.902,26.477,120.38,1.3235,75.217,23.811,2.3724,52.501,4.6617,219.03,0.014769,0.85385,65.243,19.261,43.434
48,2026-04-09T22:21:00,50.287,21.915,27.187,32.466,42.021,2705.2,3710.0,20.245,18.446,22.084,0.22278,0.10459,340.96,76.737,6.7381,13.871,32.368,4516.9,22.093,47.197,50.307,79.68,2.2473,1.645,3102.8,42.142,54.642,94.673,9.2293,62.037,39.005,39.31,2632.8,63.232,26.874,44.733,0.32405,8.902,26.477,120.4,1.3235,74.444,23.811,2.3724,52.501,4.6617,220.31,0.014769,0.85385,65.198,19.261,43.434
49,2026-04-09T22:24:00,51.097,21.845,27.446,32.814,41.074,2703.9,3688.3,19.668,18.896,22.083,0.22026,0.10459,340.69,77.416,6.9888,13.909,32.228,4482.0,22.319,49.074,47.993,79.846,2.3024,1.6126,3101.3,42.723,53.581,94.567,9.276,59.715,32.193,40.199,2632.2,63.749,26.1,44.9,0.3377,8.9011,26.21,120.4,1.2869,75.009,24.173,2.301,52.501,4.6823,219.65,0.014769,0.85385,65.152,18.697,43.434
50,2026-04-09T22:27:00,49.746,21.534,26.804,32.814,41.942,2704.1,3720.8,17.809,18.896,22.21,0.22342,0.10459,340.39,77.072,6.9888,13.909,32.228,4496.2,23.106,45.946,50.467,80.134,2.3024,1.6126,3101.2,42.211,53.41,94.591,9.2391,61.887,39.474,39.935,2632.5,63.19,25.412,45.006,0.33987,8.9011,26.21,120.4,1.2869,75.461,24.173,2.301,52.501,4.6823,219.61,0.014769,0.85385,65.226,18.697,43.434
51,2026-04-09T22:30:00,49.416,23.169,27.167,33.161,40.426,2700.4,3668.2,15.903,18.246,21.832,0.23158,0.10459,340.03,77.026,6.9661,14.051,32.153,4544.8,23.916,45.183,50.432,79.899,2.2309,1.6548,3099.4,42.268,54.179,94.715,9.2904,58.993,39.372,41.139,2628.6,61.913,25.448,45.084,0.33906,8.9537,26.518,120.37,1.2336,75.406,24.372,2.2687,52.501,4.7931,219.87,0.014769,0.85385,65.256,18.784,43.434
52,2026-04-09T22:33:00,50.072,23.001,27.055,33.161,40.625,2703.6,3647.0,19.015,18.246,22.423,0.23329,0.10678,339.99,77.637,6.9661,14.051,32.153,4531.4,22.586,46.7,49.421,80.182,2.2309,1.6548,3100.2,41.953,54.339,94.733,9.3298,61.138,36.396,40.763,2631.7,62.278,25.861,45.266,0.34214,8.9537,26.518,120.39,1.2336,75.218,24.372,2.2687,53.658,4.7931,221.13,0.017238,0.85118,65.305,18.784,44.641
53,2026-04-09T22:36:00,50.449,23.728,26.845,32.597,40.816,2702.7,3634.6,19.545,18.544,21.922,0.24036,0.10678,340.26,77.211,6.8527,13.884,32.561,4526.1,22.37,47.572,51.458,80.173,2.24,1.68,3100.6,42.556,54.194,94.776,9.3448,63.541,42.39,43.044,2630.7,62.602,24.801,45.243,0.35663,9.0038,26.718,120.39,1.3131,75.711,24.325,2.2532,53.658,4.8169,223.42,0.017238,0.85118,65.348,18.472,44.641
54,2026-04-09T22:39:00,48.743,23.629,26.861,32.597,40.706,2701.1,3641.3,18.137,18.544,21.598,0.24138,0.10678,339.93,77.168,6.8527,13.884,32.561,4511.1,22.969,43.625,51.216,80.059,2.24,1.68,3100.9,42.554,54.374,94.774,9.1674,63.431,41.679,43.171,2628.9,62.486,26.271,45.58,0.35559,9.0038,26.718,120.39,1.3131,74.447,24.325,2.2532,53.658,4.8169,221.67,0.017238,0.85118,65.384,18.472,44.641
55,2026-04-09T22:42:00,50.902,19.85,27.072,32.469,40.755,2701.8,3658.7,19.708,18.254,21.937,0.1973,0.10678,339.53,77.61,6.8033,13.929,31.503,4572.7,22.292,48.621,48.385,80.201,2.2826,1.6259,3101.5,42.461,54.428,94.871,9.4939,59.223,33.348,40.858,2630.3,63.156,25.929,45.392,0.33947,8.9942,26.225,120.4,1.2863,75.235,24.058,2.3242,53.658,4.8397,225.81,0.017238,0.85118,65.388,19.206,44.641
56,2026-04-09T22:45:00,49.313,19.35,26.94,32.469,41.617,2702.5,3675.0,16.506,18.254,21.581,0.20239,0.10678,338.96,77.51,6.8033,13.929,31.503,4527.0,23.638,44.943,49.681,80.293,2.2826,1.6259,3102.6,42.077,54.974,94.575,9.2679,61.328,37.16,40.748,2631.2,62.874,25.492,45.765,0.34037,8.9942,26.225,120.43,1.2863,75.302,24.058,2.3242,53.658,4.8397,223.6,0.017238,0.85118,65.474,19.206,44.641
57,2026-04-09T22:48:00,51.106,29.928,27.1,33.03,41.117,2703.6,3698.1,17.634,18.913,21.392,0.30283,0.098649,338.9,77.295,6.8367,13.88,32.257,4478.5,23.165,49.093,50.428,80.349,2.2756,1.699,3105.2,42.225,53.744,94.66,9.3394,61.809,39.36,41.185,2632.1,62.961,25.332,45.832,0.34772,8.7448,25.912,120.42,1.2722,75.418,24.566,2.1919,53.973,4.7985,224.39,0.0096162,0.86048,65.515,19.347,44.628
58,2026-04-09T22:51:00,52.259,29.713,26.841,33.03,41.474,2702.6,3671.4,19.744,18.913,21.407,0.30502,0.098649,338.64,77.069,6.8367,13.88,32.257,4456.5,22.285,51.763,50.323,80.174,2.2756,1.699,3104.0,42.353,54.008,94.494,9.2923,61.653,39.05,41.165,2630.1,63.421,26.01,46.054,0.34788,8.7448,25.912,120.43,1.2722,75.122,24.566,2.1919,53.973,4.7985,223.69,0.0096162,0.86048,65.521,19.347,44.628
59,2026-04-09T22:54:00,50.274,22.897,26.837,32.215,41.186,2700.9,3664.5,16.646,18.517,21.679,0.23479,0.098649,339.26,77.33,6.8039,13.809,31.509,4436.4,23.585,47.167,51.46,80.141,2.2591,1.656,3100.0,42.606,53.818,94.631,9.3084,61.621,42.396,40.746,2629.3,63.306,24.601,45.982,0.34169,8.983,25.93,120.42,1.4279,73.999,23.83,2.31,53.973,4.8596,226.3,0.0096162,0.86048,65.514,19.403,44.628
60,2026-04-09T22:57:00,52.244,22.92,26.727,32.215,40.413,2698.4,3675.5,15.766,18.517,21.389,0.23456,0.098649,339.04,76.765,6.8039,13.809,31.509,4488.9,23.977,51.727,49.637,80.01,2.2591,1.656,3099.0,42.504,53.19,94.671,9.3128,61.973,37.031,40.914,2626.1,63.117,25.825,46.276,0.34032,8.983,25.93,120.37,1.4279,74.89,23.83,2.31,53.973,4.8596,224.78,0.0096162,0.86048,65.538,19.403,44.628
61,2026-04-09T23:00:00,48.688,30.479,26.951,32.576,41.596,2700.5,3687.9,17.906,18.819,21.67,0.30876,0.098649,339.15,77.212,6.867,13.703,31.787,4464.2,23.066,43.498,49.67,80.079,2.2842,1.7073,3100.5,42.375,53.246,94.556,9.336,60.326,37.128,40.086,2628.9,63.249,26.728,46.292,0.33181,8.944,26.508,120.41,1.2845,75.764,23.617,2.3687,53.973,4.7942,226.44,0.0096162,0.86048,65.469,19.107,44.628
62,2026-04-09T23:03:00,50.923,30.296,27.119,32.576,39.811,2700.5,3692.3,19.154,18.819,21.377,0.31062,0.095404,339.04,77.226,6.867,13.703,31.787,4512.9,22.542,48.67,50.57,80.113,2.2842,1.7073,3102.1,42.781,52.663,94.633,9.3897,61.041,39.778,39.945,2629.0,63.173,24.212,46.374,0.33297,8.944,26.508,120.38,1.2845,74.659,23.617,2.3687,53.12,4.7942,230.37,0.029609,0.86397,65.528,19.107,44.81
63,2026-04-09T23:06:00,49.454,28.333,27.017,32.501,42.338,2703.2,3633.5,14.472,18.552,21.813,0.28807,0.095404,339.87,77.488,6.9442,13.779,31.621,4491.1,24.503,45.27,52.702,80.245,2.3022,1.6581,3101.4,42.322,53.569,94.533,9.4092,62.4,46.05,38.204,2631.8,63.675,25.255,46.845,0.3231,8.9105,26.292,120.44,1.1917,75.332,24.152,2.2402,53.12,4.8294,228.21,0.029609,0.86397,65.553,19.174,44.81
64,2026-04-09T23:09:00,49.612,28.399,27.216,32.501,40.64,2706.4,3654.2,17.208,18.552,22.124,0.2874,0.095404,339.78,77.661,6.9442,13.779,31.621,4455.0,23.334,45.635,50.158,80.505,2.3022,1.6581,3104.5,42.151,54.002,94.524,9.2993,62.969,38.566,38.559,2634.6,63.318,23.268,46.959,0.32019,8.9105,26.292,120.37,1.1917,75.407,24.152,2.2402,53.12,4.8294,229.97,0.029609,0.86397,65.656,19.174,44.81
65,2026-04-09T23:12:00,48.797,30.483,26.872,32.652,41.741,2707.2,3655.8,17.217,18.761,21.964,0.30826,0.095404,340.2,77.581,6.8724,13.99,31.72,4504.6,23.324,43.75,49.224,80.473,2.2776,1.6302,3105.9,42.436,53.182,94.563,9.3255,60.686,35.817,39.302,2635.3,62.592,25.14,47.328,0.32984,8.976,26.179,120.42,1.31,74.912,23.764,2.297,53.12,4.7578,228.81,0.029609,0.86397,65.754,19.03,44.81
66,2026-04-09T23:15:00,49.701,30.438,26.779,32.652,40.643,2705.7,3679.5,16.709,18.761,21.9,0.30873,0.095404,340.31,77.079,6.8724,13.99,31.72,4472.2,23.553,45.842,49.846,80.212,2.2776,1.6302,3103.9,42.649,53.569,94.528,9.4525,58.956,37.648,39.309,2633.2,62.185,24.291,47.487,0.32978,8.976,26.179,120.4,1.31,75.944,23.764,2.297,53.12,4.7578,230.03,0.029609,0.86397,65.775,19.03,44.81
67,2026-04-09T23:18:00,48.809,30.086,27.273,33.084,40.689,2703.5,3681.5,17.919,18.852,22.114,0.30401,0.098404,340.8,77.114,6.9252,13.971,32.296,4467.3,23.048,43.777,48.803,80.043,2.2461,1.6948,3103.7,42.479,53.928,94.62,9.4855,59.465,34.579,42.123,2633.1,62.754,26.294,47.693,0.3536,8.991,26.535,120.4,1.2268,75.263,23.767,2.3567,53.629,4.8955,232.28,0.0016962,0.85763,65.769,18.533,44.345
68,2026-04-09T23:21:00,49.618,29.908,26.763,33.084,41.106,2702.1,3666.6,18.952,18.852,21.847,0.30583,0.098404,341.11,77.148,6.9252,13.971,32.296,4477.3,22.623,45.65,50.94,79.792,2.2461,1.6948,3101.6,42.46,53.808,94.656,9.3904,60.734,40.866,42.056,2630.1,63.011,25.683,47.845,0.35414,8.991,26.535,120.39,1.2268,74.934,23.767,2.3567,53.629,4.8955,234.32,0.0016962,0.85763,65.685,18.533,44.345
69,2026-04-09T23:24:00,50.636,24.705,27.297,32.958,41.304,2703.7,3644.3,18.392,19.06,22.281,0.25101,0.098404,341.12,77.284,6.9841,13.86,31.947,4569.0,22.857,48.005,50.587,79.909,2.2737,1.6549,3101.9,42.084,53.929,94.76,9.4306,60.551,39.827,42.002,2632.0,62.917,25.576,48.1,0.35239,8.6781,26.654,120.4,1.1578,75.268,24.029,2.2856,53.629,4.9086,235.22,0.0016962,0.85763,65.68,18.983,44.345
70,2026-04-09T23:27:00,49.847,24.447,27.156,32.958,41.315,2706.8,3660.7,16.358,19.06,22.469,0.25364,0.098404,341.83,77.51,6.9841,13.86,31.947,4518.7,23.703,46.179,49.911,80.116,2.2737,1.6549,3102.0,42.185,54.531,94.604,9.3033,62.859,37.839,41.734,2636.0,62.635,25.856,48.546,0.35459,8.6781,26.654,120.41,1.1578,74.62,24.029,2.2856,53.629,4.9086,233.92,0.0016962,0.85763,65.716,18.983,44.345
71,2026-04-09T23:30:00,51.108,27.865,26.867,32.794,41.28,2707.9,3619.6,15.483,18.668,22.04,0.2878,0.098404,341.3,77.479,6.9215,13.86,32.19,4504.9,24.063,49.098,51.183,80.254,2.327,1.6214,3105.4,42.369,53.596,94.666,9.2632,62.466,41.581,40.846,2636.4,62.756,25.013,48.734,0.33872,9.1158,26.029,120.39,1.2158,74.446,24.209,2.2285,53.629,4.7912,235.43,0.0016962,0.85763,65.816,18.481,44.345
72,2026-04-09T23:33:00,48.817,28.246,26.962,32.794,42.038,2709.5,3631.4,18.874,18.668,22.088,0.28392,0.10077,341.74,77.315,6.9215,13.86,32.19,4499.4,22.636,43.797,50.076,80.288,2.327,1.6214,3106.3,42.541,53.662,94.525,9.2451,61.683,38.323,40.325,2638.4,62.554,26.277,48.892,0.34299,9.1158,26.029,120.41,1.2158,75.705,24.209,2.2285,54.295,4.7912,235.93,0.028001,0.8401,65.914,18.481,43.338
73,2026-04-09T23:36:00,49.698,25.753,26.758,32.985,40.815,2707.6,3643.2,17.888,18.81,22.133,0.26482,0.10077,342.05,77.423,6.7653,13.741,31.894,4572.4,23.046,45.835,50.602,80.059,2.253,1.7086,3105.4,42.54,54.025,94.725,9.2912,62.966,39.872,40.777,2636.3,62.832,25.544,49.231,0.33971,8.8682,26.465,120.38,1.3446,75.507,23.827,2.2974,54.295,4.7945,235.17,0.028001,0.8401,65.931,18.837,43.338
74,2026-04-09T23:39:00,51.185,26.039,27.394,32.985,41.304,2708.0,3639.9,19.946,18.81,22.36,0.2619,0.10077,341.89,77.366,6.7653,13.741,31.894,4592.1,22.18,49.276,48.996,80.074,2.253,1.7086,3105.1,42.062,53.79,94.523,9.2829,61.865,35.144,40.339,2636.6,62.888,24.539,49.153,0.3433,8.8682,26.465,120.42,1.3446,74.06,23.827,2.2974,54.295,4.7945,239.07,0.028001,0.8401,65.929,18.837,43.338
75,2026-04-09T23:42:00,50.305,28.798,27.252,32.974,41.202,2708.2,3675.2,17.136,18.487,22.549,0.29415,0.10077,342.17,77.543,6.6745,13.884,32.286,4490.8,23.364,47.241,51.988,79.903,2.2605,1.623,3105.0,42.453,54.149,94.551,9.4117,61.135,43.95,38.87,2636.9,63.687,26.797,49.546,0.32895,8.9633,26.808,120.41,1.2129,74.379,23.757,2.2993,54.295,4.836,237.71,0.028001,0.8401,65.941,18.491,43.338
76,2026-04-09T23:45:00,50.926,28.871,26.932,32.974,41.573,2709.4,3693.6,18.646,18.487,22.043,0.29341,0.10077,341.73,77.146,6.6745,13.884,32.286,4488.9,22.736,48.677,49.057,80.029,2.2605,1.623,3108.0,42.709,54.171,94.455,9.2755,61.491,35.324,38.762,2637.6,63.371,27.185,49.717,0.32983,8.9633,26.808,120.4,1.2129,74.681,23.757,2.2993,54.295,4.836,238.83,0.028001,0.8401,65.96,18.491,43.338
77,2026-04-09T23:48:00,50.901,25.269,27.141,33.494,42.456,2708.1,3694.1,18.509,18.566,22.365,0.25621,0.086978,342.73,77.279,6.8027,13.932,32.206,4583.2,22.793,48.62,49.205,79.952,2.2579,1.6472,3105.0,42.293,53.91,94.323,9.3823,59.537,35.761,40.85,2636.9,64.312,24.773,49.458,0.34396,8.9255,26.494,120.43,1.0641,75.439,23.908,2.247,53.347,4.7808,240.0,0.01212,0.85411,65.957,18.165,43.187
78,2026-04-09T23:51:00,49.967,25.302,26.821,33.494,41.298,2706.8,3714.7,18.461,18.566,22.303,0.25587,0.086978,342.04,77.135,6.8027,13.932,32.206,4574.0,22.815,46.458,49.948,80.006,2.2579,1.6472,3104.5,42.586,54.021,94.428,9.3191,61.549,37.947,41.244,2635.7,63.958,25.799,49.624,0.34073,8.9255,26.494,120.4,1.0641,74.725,23.908,2.247,53.347,4.7808,239.07,0.01212,0.85411,65.964,18.165,43.187
79,2026-04-09T23:54:00,50.693,25.833,26.597,33.013,41.699,2706.7,3665.7,16.88,18.668,22.393,0.26478,0.086978,342.47,77.539,7.0093,13.784,32.464,4559.8,23.471,48.138,49.853,80.07,2.2786,1.6592,3102.8,42.031,55.065,94.3,9.4143,58.858,37.668,41.686,2636.5,63.812,23.946,49.938,0.34869,8.9248,26.612,120.44,1.1535,75.227,23.695,2.3725,53.347,4.754,236.5,0.01212,0.85411,65.981,18.723,43.187
80,2026-04-09T23:57:00,51.25,26.3,27.109,33.013,41.526,2705.5,3705.6,18.919,18.668,22.259,0.26004,0.086978,341.5,77.427,7.0093,13.784,32.464,4577.2,22.609,49.428,49.472,80.132,2.2786,1.6592,3103.8,42.239,54.857,94.413,9.3073,60.696,36.545,41.412,2634.1,63.125,24.206,49.734,0.35093,8.9248,26.612,120.4,1.1535,75.489,23.695,2.3725,53.347,4.754,239.69,0.01212,0.85411,66.033,18.723,43.187
81,2026-04-10T00:00:00,50.085,23.415,26.912,33.2,41.994,2703.6,3629.2,18.583,18.678,22.252,0.23645,0.086978,341.57,76.918,7.0971,14.066,32.269,4552.7,22.763,46.732,49.805,80.127,2.249,1.6886,3100.9,42.222,53.837,94.567,9.4129,60.402,37.525,39.487,2632.4,62.604,24.6,49.723,0.33467,8.7579,26.347,120.4,1.333,74.985,23.466,2.2668,53.347,4.8162,240.69,0.01212,0.85411,66.091,18.75,43.187
82,2026-04-10T00:03:00,51.431,23.366,26.923,33.2,40.522,2701.0,3649.6,18.464,18.678,22.288,0.23695,0.1144,341.82,76.965,7.0971,14.066,32.269,4523.5,22.821,49.846,50.708,79.919,2.249,1.6886,3098.2,42.461,54.187,94.718,9.2703,62.564,40.184,39.348,2630.1,62.255,24.023,50.18,0.33582,8.7579,26.347,120.37,1.333,74.407,23.466,2.2668,53.994,4.8162,240.7,-0.0019984,0.81928,66.085,18.75,43.371
83,2026-04-10T00:06:00,49.054,24.933,26.899,32.787,40.744,2701.9,3585.7,18.389,18.975,22.35,0.25497,0.1144,342.01,77.335,6.8594,13.66,32.119,4530.8,22.842,44.344,51.032,80.024,2.2477,1.5993,3097.1,42.404,54.041,94.687,9.2243,63.39,41.138,43.444,2630.4,62.421,24.08,50.331,0.3654,9.0153,25.979,120.39,1.2438,75.848,23.907,2.3009,53.994,4.7358,241.79,-0.0019984,0.81928,66.06,18.582,43.371
84,2026-04-10T00:09:00,50.184,25.012,27.207,32.787,39.968,2701.8,3570.1,15.831,18.975,22.175,0.25417,0.1144,341.38,77.111,6.8594,13.66,32.119,4491.0,23.929,46.959,49.784,79.954,2.2477,1.5993,3097.7,42.152,54.517,94.911,9.2069,61.101,37.465,43.152,2630.3,62.69,25.193,50.621,0.3678,9.0153,25.979,120.36,1.2438,75.394,23.907,2.3009,53.994,4.7358,241.28,-0.0019984,0.81928,66.068,18.582,43.371
85,2026-04-10T00:12:00,47.865,26.551,27.074,33.216,41.72,2705.5,3643.1,17.603,18.454,22.605,0.26739,0.1144,341.99,77.297,7.0503,13.911,32.719,4585.0,23.173,41.593,49.186,80.211,2.2472,1.6213,3101.7,42.354,53.823,94.607,9.4005,59.539,35.703,37.716,2635.2,63.428,25.418,50.815,0.32367,9.0391,26.165,120.43,1.4485,74.976,23.523,2.2903,53.994,4.7956,241.81,-0.0019984,0.81928,66.127,18.984,43.371
86,2026-04-10T00:15:00,48.898,26.421,26.656,33.216,40.571,2705.1,3653.3,20.064,18.454,21.715,0.26871,0.1144,341.61,77.124,7.0503,13.911,32.719,4482.7,22.139,43.983,51.66,80.117,2.2472,1.6213,3103.5,42.316,55.047,94.61,9.3178,62.977,42.985,38.443,2633.0,63.253,22.83,51.052,0.31771,9.0391,26.165,120.39,1.4485,75.35,23.523,2.2903,53.994,4.7956,241.83,-0.0019984,0.81928,66.181,18.984,43.371
87,2026-04-10T00:18:00,50.02,20.452,27.02,33.136,41.54,2703.9,3595.4,18.28,18.908,22.515,0.20853,0.074221,342.06,77.072,6.8536,13.681,32.345,4474.6,22.895,46.581,49.502,80.066,2.2761,1.6493,3098.7,42.142,54.157,94.649,9.2901,61.414,36.634,41.494,2632.8,62.506,24.801,50.369,0.34736,8.9415,26.772,120.39,1.3684,75.148,23.544,2.2244,53.253,4.8138,242.22,0.012266,0.83688,66.147,18.776,44.528
88,2026-04-10T00:21:00,50.226,20.674,27.276,33.136,39.97,2700.5,3598.2,17.06,18.908,22.182,0.20627,0.074221,341.73,77.052,6.8536,13.681,32.345,4508.9,23.415,47.057,50.826,79.869,2.2761,1.6493,3097.3,42.259,53.746,94.889,9.2464,61.769,40.532,41.514,2628.5,62.457,25.124,50.384,0.3472,8.9415,26.772,120.36,1.3684,74.816,23.544,2.2244,53.253,4.8138,240.45,0.012266,0.83688,66.162,18.776,44.528
89,2026-04-10T00:24:00,49.931,23.718,27.152,33.16,41.71,2703.2,3659.8,18.731,18.187,22.349,0.24058,0.074221,341.7,77.239,6.8289,13.71,31.897,4500.4,22.706,46.374,49.293,80.021,2.2474,1.6127,3099.9,42.389,54.34,94.739,9.3788,60.485,36.021,38.421,2632.0,63.057,25.701,50.135,0.32167,9.0407,26.213,120.44,1.1472,75.781,23.572,2.3317,53.253,4.7147,241.66,0.012266,0.83688,66.105,19.155,44.528
90,2026-04-10T00:27:00,49.649,23.765,26.648,33.16,40.464,2704.2,3647.7,19.138,18.187,21.883,0.24011,0.074221,341.33,77.515,6.8289,13.71,31.897,4506.4,22.524,45.722,49.846,80.132,2.2474,1.6127,3101.3,42.221,54.268,94.543,9.3316,62.268,37.645,38.486,2632.6,63.266,24.293,50.161,0.32114,9.0407,26.213,120.4,1.1472,74.604,23.572,2.3317,53.253,4.7147,239.74,0.012266,0.83688,66.104,19.155,44.528
91,2026-04-10T00:30:00,49.415,28.207,26.857,32.737,41.657,2705.5,3645.4,17.172,18.829,22.13,0.28295,0.074221,341.18,77.888,6.8053,13.942,32.38,4486.3,23.333,45.18,48.329,80.329,2.2387,1.6445,3103.5,42.56,53.547,94.658,9.1825,61.682,33.182,38.193,2634.6,63.559,24.845,50.059,0.32845,8.9086,26.047,120.42,1.2206,75.74,24.084,2.3337,53.253,4.8037,239.22,0.012266,0.83688,66.15,19.354,44.528
92,2026-04-10T00:33:00,50.469,27.899,26.653,32.737,40.689,2706.0,3676.2,16.225,18.829,22.441,0.28608,0.11074,342.01,77.442,6.8053,13.942,32.38,4462.1,23.736,47.619,49.915,80.387,2.2387,1.6445,3102.5,42.521,53.836,94.395,9.2497,63.219,37.849,38.14,2635.8,63.029,25.086,50.454,0.32889,8.9086,26.047,120.41,1.2206,74.83,24.084,2.3337,54.377,4.8037,238.01,0.00042668,0.83176,66.221,19.354,42.789
93,2026-04-10T00:36:00,50.326,23.231,27.173,33.055,41.405,2702.9,3653.2,19.027,18.318,22.129,0.24113,0.11074,341.45,77.395,6.8341,13.664,31.968,4462.7,22.56,47.289,48.587,80.174,2.2371,1.6707,3100.2,42.314,53.261,94.675,9.175,62.72,33.943,41.809,2631.6,63.693,26.432,50.208,0.34961,9.1269,25.781,120.41,1.2688,75.018,24.014,2.2694,54.377,4.8541,241.23,0.00042668,0.83176,66.228,18.521,42.789
94,2026-04-10T00:39:00,51.57,23.587,26.911,33.055,41.084,2701.3,3698.5,16.151,18.318,22.327,0.2375,0.11074,341.66,77.056,6.8341,13.664,31.968,4452.7,23.782,50.168,50.884,80.144,2.2371,1.6707,3096.6,42.386,53.381,94.486,9.1735,62.54,40.7,41.419,2630.0,62.914,26.187,50.444,0.35281,9.1269,25.781,120.43,1.2688,75.881,24.014,2.2694,54.377,4.8541,239.06,0.00042668,0.83176,66.23,18.521,42.789
95,2026-04-10T00:42:00,49.553,27.28,26.927,32.711,41.292,2701.6,3679.2,21.012,18.798,22.695,0.27986,0.11074,342.29,77.068,6.9329,13.865,31.919,4540.8,21.735,45.499,49.293,80.12,2.3028,1.6382,3096.4,41.94,54.343,94.724,9.2541,61.565,36.019,38.066,2630.5,63.053,24.875,50.347,0.31915,8.9645,26.188,120.4,1.1833,74.979,23.387,2.2277,54.377,4.9037,240.62,0.00042668,0.83176,66.207,18.932,42.789
96,2026-04-10T00:45:00,48.178,27.18,26.619,32.711,40.522,2698.5,3662.7,20.499,18.798,21.758,0.28087,0.11074,341.46,76.98,6.9329,13.865,31.919,4529.8,21.959,42.318,49.848,79.953,2.3028,1.6382,3097.2,42.067,54.475,94.463,9.2662,64.17,37.652,37.875,2627.1,63.336,24.952,50.344,0.32072,8.9645,26.188,120.38,1.1833,75.127,23.387,2.2277,54.377,4.9037,241.16,0.00042668,0.83176,66.172,18.932,42.789
97,2026-04-10T00:48:00,50.572,28.126,26.904,33.208,41.316,2698.3,3682.0,16.622,18.618,22.396,0.28595,0.090099,341.64,77.107,7.1093,13.742,32.034,4520.2,23.6,47.858,49.708,79.853,2.2975,1.651,3095.2,42.349,53.589,94.742,9.3606,61.754,37.241,40.567,2627.0,62.135,26.282,50.199,0.3421,8.7347,26.243,120.38,1.2552,74.861,23.798,2.3102,53.667,4.8103,241.82,0.017913,0.8381,66.125,19.256,43.182
98,2026-04-10T00:51:00,50.43,28.389,27.192,33.208,41.177,2702.3,3658.2,16.663,18.618,22.524,0.28327,0.090099,341.68,77.657,7.1093,13.742,32.034,4507.5,23.563,47.53,49.187,80.121,2.2975,1.651,3097.6,42.575,53.741,94.601,9.2433,61.599,35.707,40.759,2630.9,62.545,25.469,50.263,0.34053,8.7347,26.243,120.39,1.2552,75.7,23.798,2.3102,53.667,4.8103,241.01,0.017913,0.8381,66.102,19.256,43.182
99,2026-04-10T00:54:00,49.383,27.247,26.923,32.944,39.984,2703.5,3563.9,17.041,18.661,22.537,0.27695,0.090099,342.16,77.347,7.0347,14.073,32.013,4467.8,23.406,45.106,49.782,80.293,2.264,1.6255,3098.8,42.549,53.369,94.796,9.2889,62.361,37.457,39.143,2632.4,62.49,26.052,50.364,0.32657,8.9798,26.479,120.36,1.3004,74.648,23.612,2.3638,53.667,4.7942,239.69,0.017913,0.8381,66.149,18.649,43.182
100,2026-04-10T00:57:00,49.301,26.968,26.823,32.944,41.453,2704.4,3578.5,17.957,18.661,22.341,0.27978,0.090099,342.26,77.033,7.0347,14.073,32.013,4440.4,23.03,44.916,51.277,80.152,2.264,1.6255,3099.7,42.122,53.696,94.785,9.2831,58.826,41.859,38.678,2632.3,62.24,23.833,50.357,0.33039,8.9798,26.479,120.38,1.3004,75.115,23.612,2.3638,53.667,4.7942,239.6,0.017913,0.8381,66.178,18.649,43.182
101,2026-04-10T01:00:00,50.734,27.857,26.984,32.968,40.242,2704.6,3600.2,16.654,18.654,22.631,0.27818,0.090099,343.14,77.507,6.8869,13.8,32.55,4520.4,23.567,48.233,50.78,80.061,2.2353,1.6692,3100.0,42.633,54.198,94.782,9.1803,61.718,40.394,43.182,2633.6,62.341,26.315,50.194,0.36709,8.9882,26.358,120.37,1.4656,74.501,23.64,2.2956,53.667,4.7617,241.32,0.017913,0.8381,66.139,18.761,43.182
102,2026-04-10T01:03:00,50.252,27.677,26.911,32.968,41.441,2706.7,3584.6,18.486,18.654,22.722,0.28,0.092389,343.11,77.362,6.8869,13.8,32.55,4495.5,22.796,47.118,49.562,80.097,2.2353,1.6692,3101.1,42.258,54.496,94.771,9.3212,63.639,36.811,43.198,2635.0,62.609,24.66,50.299,0.36696,8.9882,26.358,120.43,1.4656,75.015,23.64,2.2956,53.241,4.7617,241.77,0.014769,0.83562,66.165,18.761,43.319
103,2026-04-10T01:06:00,48.703,22.226,27.016,33.084,40.326,2707.8,3662.2,17.241,18.552,22.889,0.22965,0.092389,343.42,77.19,6.815,13.681,32.32,4524.7,23.319,43.533,50.197,80.206,2.2889,1.6409,3103.0,42.316,53.883,94.587,9.3395,60.678,38.679,40.212,2637.2,62.496,23.302,50.226,0.33293,8.8588,26.108,120.41,1.2378,75.255,23.901,2.3173,53.241,4.7957,243.21,0.014769,0.83562,66.19,18.508,43.319
104,2026-04-10T01:09:00,49.789,22.193,26.858,33.084,41.113,2704.2,3683.5,19.02,18.552,22.477,0.23,0.092389,342.96,77.028,6.815,13.681,32.32,4537.0,22.582,46.046,50.061,79.854,2.2889,1.6409,3101.0,42.246,53.736,94.762,9.2716,61.045,38.279,39.543,2633.3,62.129,24.217,50.431,0.33841,8.8588,26.108,120.43,1.2378,74.37,23.901,2.3173,53.241,4.7957,241.55,0.014769,0.83562,66.149,18.508,43.319
105,2026-04-10T01:12:00,49.569,24.389,26.909,33.122,41.097,2707.3,3660.0,18.871,18.758,22.592,0.24696,0.092389,343.42,77.079,6.7608,13.723,32.136,4524.8,22.645,45.537,50.257,79.981,2.2623,1.6521,3101.8,42.15,54.528,94.527,9.3722,62.417,38.858,37.993,2636.2,63.193,25.658,50.499,0.32401,8.8898,26.486,120.38,1.1917,75.003,24.162,2.2743,53.241,4.8375,241.47,0.014769,0.83562,66.107,18.695,43.319
106,2026-04-10T01:15:00,50.879,24.43,27.005,33.122,41.806,2706.6,3686.9,20.699,18.758,22.816,0.24654,0.092389,343.33,77.385,6.7608,13.723,32.136,4531.4,21.868,48.568,49.413,79.946,2.2623,1.6521,3101.9,42.478,54.45,94.598,9.2312,61.1,36.374,37.969,2636.3,62.731,24.915,50.66,0.32421,8.8898,26.486,120.45,1.1917,75.203,24.162,2.2743,53.241,4.8375,240.34,0.014769,0.83562,66.068,18.695,43.319
107,2026-04-10T01:18:00,48.711,26.11,26.877,33.595,40.014,2707.8,3693.0,16.494,18.375,22.735,0.26429,0.10083,342.84,77.25,6.8204,13.811,32.07,4526.7,23.64,43.55,50.857,80.076,2.2856,1.6544,3104.5,42.306,54.075,94.534,9.4566,62.052,40.622,38.275,2637.6,63.19,26.451,50.526,0.32946,9.095,26.25,120.37,1.3706,75.153,23.874,2.3051,53.703,4.8099,241.82,0.0047084,0.81397,66.106,18.687,44.072
108,2026-04-10T01:21:00,48.988,25.896,26.901,33.595,41.944,2709.3,3701.9,17.273,18.375,22.847,0.26647,0.10083,343.13,77.47,6.8204,13.811,32.07,4534.5,23.299,44.191,50.137,80.186,2.2856,1.6544,3103.9,42.961,53.982,94.399,9.239,62.696,38.502,38.874,2638.4,63.036,23.498,50.527,0.32455,9.095,26.25,120.44,1.3706,74.937,23.874,2.3051,53.703,4.8099,242.11,0.0047084,0.81397,66.135,18.687,44.072
109,2026-04-10T01:24:00,49.723,26.709,26.911,33.453,40.667,2707.3,3700.6,18.782,18.42,22.662,0.27269,0.10083,342.85,77.278,6.7336,13.946,32.268,4504.2,22.666,45.892,51.276,80.148,2.2573,1.6088,3104.1,42.407,54.379,94.437,9.3419,61.076,41.856,40.522,2636.8,62.623,25.187,50.728,0.32953,9.0392,26.204,120.37,1.2047,75.845,23.751,2.2968,53.703,4.705,240.18,0.0047084,0.81397,66.182,18.531,44.072
110,2026-04-10T01:27:00,49.447,26.836,26.985,33.453,41.147,2707.2,3677.5,20.21,18.42,22.784,0.2714,0.10083,343.43,77.4,6.7336,13.946,32.268,4499.9,22.059,45.254,51.799,80.096,2.2573,1.6088,3101.9,42.266,54.431,94.473,9.3399,61.966,43.395,39.589,2636.7,63.021,24.241,50.565,0.33718,9.0392,26.204,120.43,1.2047,75.375,23.751,2.2968,53.703,4.705,242.31,0.0047084,0.81397,66.195,18.531,44.072
111,2026-04-10T01:30:00,51.667,25.034,26.799,33.357,40.458,2703.2,3683.2,21.548,17.942,22.244,0.25186,0.10083,342.95,76.937,6.8301,13.897,32.412,4541.7,21.515,50.392,49.514,79.873,2.2788,1.68,3101.1,42.048,54.34,94.459,9.3728,60.373,36.671,41.17,2631.9,63.782,23.383,50.55,0.35455,8.9522,26.191,120.39,1.1765,75.198,23.843,2.3183,53.703,4.9484,242.81,0.0047084,0.81397,66.178,18.523,44.072
112,2026-04-10T01:33:00,50.161,25.076,26.932,33.357,41.836,2703.5,3695.0,15.927,17.942,22.654,0.25144,0.087659,343.0,77.556,6.8301,13.897,32.412,4531.3,23.87,46.907,49.152,79.89,2.2788,1.68,3099.1,42.325,54.464,94.647,9.2566,62.367,35.604,41.661,2632.5,63.578,25.524,50.146,0.35052,8.9522,26.191,120.43,1.1765,74.01,23.843,2.3183,52.662,4.9484,241.28,0.028539,0.8287,66.107,18.523,44.586
113,2026-04-10T01:36:00,49.186,23.317,26.778,33.565,41.646,2704.3,3696.7,19.667,18.164,22.714,0.23822,0.087659,342.45,77.288,6.9253,13.929,32.574,4516.9,22.296,44.651,51.84,80.137,2.269,1.6823,3099.6,42.259,54.698,94.382,9.3854,57.676,43.514,40.739,2633.2,62.798,24.913,50.035,0.34862,9.0031,26.137,120.39,1.0838,75.11,23.85,2.2701,52.662,4.8223,240.08,0.028539,0.8287,66.113,19.079,44.586
114,2026-04-10T01:39:00,51.333,23.315,26.735,33.565,41.062,2701.5,3651.3,17.572,18.164,22.412,0.23824,0.087659,342.68,76.994,6.9253,13.929,32.574,4524.7,23.194,49.619,49.459,79.908,2.269,1.6823,3096.7,42.439,54.605,94.63,9.3735,59.876,36.509,40.926,2629.8,63.58,23.235,49.933,0.34709,9.0031,26.137,120.4,1.0838,74.759,23.85,2.2701,52.662,4.8223,238.78,0.028539,0.8287,66.08,19.079,44.586
115,2026-04-10T01:42:00,50.819,21.326,27.098,33.167,40.99,2701.5,3668.3,19.646,18.226,22.717,0.22083,0.087659,342.79,77.305,6.8852,13.735,33.002,4469.9,22.31,48.428,51.451,80.106,2.282,1.6701,3095.6,41.948,53.893,94.588,9.3065,59.99,42.371,41.81,2631.0,62.457,22.801,49.472,0.34795,8.8281,26.043,120.41,1.1631,74.838,23.253,2.2899,52.662,4.7658,241.52,0.028539,0.8287,66.059,18.905,44.586
116,2026-04-10T01:45:00,51.007,21.353,26.83,33.167,40.671,2699.2,3662.3,16.515,18.226,22.437,0.22056,0.087659,342.64,76.871,6.8852,13.735,33.002,4492.0,23.643,48.864,50.14,80.065,2.282,1.6701,3093.9,42.42,53.627,94.745,9.224,61.956,38.511,41.742,2627.6,62.558,22.953,49.41,0.3485,8.8281,26.043,120.37,1.1631,74.055,23.253,2.2899,52.662,4.7658,239.78,0.028539,0.8287,66.095,18.905,44.586
117,2026-04-10T01:48:00,49.383,17.012,27.144,33.386,41.086,2699.2,3672.6,16.816,18.626,22.689,0.1694,0.10506,342.55,77.125,6.8442,13.839,32.431,4507.0,23.509,45.105,51.699,80.06,2.2473,1.6704,3094.2,42.237,53.839,94.668,9.3749,60.581,43.101,38.678,2627.3,62.711,25.875,49.585,0.33111,8.8433,26.498,120.39,1.2877,75.249,23.654,2.2909,53.282,4.8597,239.34,0.0066599,0.83756,66.064,19.222,44.779
118,2026-04-10T01:51:00,49.422,16.792,27.076,33.386,40.635,2696.9,3632.0,19.072,18.626,22.045,0.17164,0.10506,341.87,77.188,6.8442,13.839,32.431,4492.6,22.558,45.197,49.277,80.03,2.2473,1.6704,3093.6,41.938,54.011,94.745,9.3926,60.44,35.972,38.67,2625.6,63.409,25.654,49.616,0.33118,8.8433,26.498,120.37,1.2877,75.374,23.654,2.2909,53.282,4.8597,238.29,0.0066599,0.83756,66.054,19.222,44.779
119,2026-04-10T01:54:00,49.967,21.971,26.949,33.344,40.7,2697.9,3665.5,16.185,18.413,22.35,0.21855,0.10506,341.38,77.295,6.9418,13.738,32.468,4460.1,23.772,46.459,51.253,80.08,2.2674,1.6086,3093.4,42.21,53.576,94.655,9.3618,62.374,41.787,40.538,2625.9,63.21,24.357,49.498,0.33817,8.8907,26.512,120.41,1.3797,73.767,23.445,2.3745,53.282,4.7421,238.92,0.0066599,0.83756,66.039,19.18,44.779
120,2026-04-10T01:57:00,49.897,21.8,26.632,33.344,41.121,2700.5,3657.7,14.682,18.413,22.216,0.22029,0.10506,341.94,77.495,6.9418,13.738,32.468,4447.1,24.393,46.295,51.006,80.341,2.2674,1.6086,3094.9,42.362,53.73,94.553,9.2173,62.016,41.061,40.495,2629.3,63.344,24.631,49.291,0.33852,8.8907,26.512,120.38,1.3797,74.523,23.445,2.3745,53.282,4.7421,240.52,0.0066599,0.83756,66.074,19.18,44.779
121,2026-04-10T02:00:00,50.441,21.216,27.134,33.462,40.995,2699.2,3640.3,14.81,18.3,22.152,0.2135,0.10506,341.01,77.396,6.9462,13.714,32.265,4452.9,24.337,47.555,48.882,80.319,2.2822,1.6847,3097.1,42.361,53.693,94.79,9.4031,62.788,34.811,39.172,2627.5,62.776,26.926,49.409,0.32691,8.851,25.805,120.41,1.1962,75.225,23.444,2.287,53.282,4.9074,238.43,0.0066599,0.83756,66.139,18.942,44.779
122,2026-04-10T02:03:00,49.393,21.073,26.602,33.462,40.951,2701.2,3611.2,17.06,18.3,22.177,0.21495,0.088441,341.18,77.43,6.9462,13.714,32.265,4450.9,23.381,45.13,49.568,80.441,2.2822,1.6847,3097.1,42.296,53.717,94.66,9.2877,59.861,36.828,39.226,2630.1,63.278,26.098,49.652,0.32646,8.851,25.805,120.41,1.1962,75.041,23.444,2.287,53.946,4.9074,237.42,0.024249,0.83449,66.145,18.942,44.29
123,2026-04-10T02:06:00,48.664,22.999,26.943,33.152,40.242,2699.3,3637.1,18.53,18.689,22.086,0.231,0.088441,340.96,77.074,6.9,13.798,32.17,4488.8,22.775,43.442,50.616,80.159,2.2813,1.6913,3097.1,42.376,53.797,94.816,9.5085,59.471,39.913,38.895,2626.9,62.734,22.635,49.616,0.32271,8.9076,26.177,120.38,1.2962,74.329,23.547,2.2576,53.946,4.845,238.15,0.024249,0.83449,66.168,18.861,44.29
124,2026-04-10T02:09:00,51.085,22.677,26.755,33.152,40.682,2700.5,3669.7,19.427,18.689,22.266,0.23427,0.088441,341.65,77.088,6.9,13.798,32.17,4517.3,22.405,49.044,49.638,80.028,2.2813,1.6913,3096.9,42.158,53.456,94.69,9.4953,59.564,37.033,38.51,2628.3,62.173,26.602,49.659,0.32587,8.9076,26.177,120.4,1.2962,74.973,23.547,2.2576,53.946,4.845,238.06,0.024249,0.83449,66.095,18.861,44.29
125,2026-04-10T02:12:00,49.844,23.753,26.966,33.489,40.748,2702.4,3646.7,19.05,18.47,22.34,0.24104,0.088441,341.87,77.346,6.739,13.875,32.566,4481.8,22.557,46.173,49.373,80.067,2.2974,1.7048,3098.7,42.283,54.061,94.776,9.411,61.789,36.253,39.627,2631.0,62.935,25.646,49.683,0.33425,8.813,25.935,120.4,1.2143,74.697,24.223,2.3347,53.946,4.8214,238.19,0.024249,0.83449,66.052,18.605,44.29
126,2026-04-10T02:15:00,50.14,23.748,26.705,33.489,40.89,2704.9,3666.6,15.406,18.47,22.319,0.24109,0.088441,341.46,77.73,6.739,13.875,32.566,4547.9,24.075,46.858,50.041,80.233,2.2974,1.7048,3100.8,42.31,53.269,94.556,9.3165,61.263,38.22,40.151,2633.5,62.593,24.884,49.77,0.32995,8.813,25.935,120.41,1.2143,75.93,24.223,2.3347,53.946,4.8214,237.6,0.024249,0.83449,66.057,18.605,44.29
127,2026-04-10T02:18:00,49.346,19.686,26.693,33.008,40.873,2705.3,3716.7,18.292,18.4,22.169,0.20215,0.10401,341.79,77.693,6.8622,13.838,32.275,4552.7,22.853,45.021,49.432,80.346,2.3176,1.6578,3102.8,42.313,53.846,94.616,9.3677,60.32,36.429,40.605,2634.7,63.202,25.274,49.663,0.34324,8.9878,26.196,120.43,1.1988,75.243,23.519,2.2914,54.541,4.8623,238.26,0.0099986,0.82952,66.082,18.87,43.624
128,2026-04-10T02:21:00,50.347,19.587,26.684,33.008,41.388,2704.8,3711.3,17.735,18.4,22.016,0.20315,0.10401,340.93,77.3,6.8622,13.838,32.275,4536.6,23.095,47.338,49.655,80.328,2.3176,1.6578,3102.5,42.244,54.039,94.428,9.4119,60.214,37.083,41.006,2633.5,63.296,24.151,49.788,0.33995,8.9878,26.196,120.4,1.1988,74.785,23.519,2.2914,54.541,4.8623,236.81,0.0099986,0.82952,66.165,18.87,43.624
129,2026-04-10T02:24:00,48.492,22.206,27.003,32.902,40.752,2704.2,3673.6,19.732,18.679,22.024,0.22798,0.10401,341.21,77.391,6.9671,13.841,32.538,4450.8,22.249,43.043,50.851,80.258,2.2368,1.6538,3101.9,42.163,54.423,94.543,9.3588,62.508,40.604,40.584,2632.5,62.94,25.137,49.505,0.33584,8.8563,26.572,120.38,1.2237,75.53,24.166,2.3568,54.541,4.8742,239.94,0.0099986,0.82952,66.144,18.823,43.624
130,2026-04-10T02:27:00,49.651,22.555,27.033,32.902,41.879,2702.0,3680.6,20.459,18.679,21.962,0.22442,0.10401,341.12,76.929,6.9671,13.841,32.538,4478.3,21.967,45.727,50.19,80.002,2.2368,1.6538,3099.3,42.355,54.094,94.593,9.384,60.339,38.658,39.981,2629.9,62.82,26.091,49.735,0.34079,8.8563,26.572,120.41,1.2237,74.432,24.166,2.3568,54.541,4.8742,237.34,0.0099986,0.82952,66.11,18.823,43.624
131,2026-04-10T02:30:00,52.178,19.61,26.757,33.08,40.188,2700.6,3608.7,17.874,18.467,21.966,0.19881,0.10401,341.25,77.107,6.7863,13.891,32.285,4498.0,23.06,51.575,49.932,79.838,2.2251,1.644,3098.6,42.429,53.962,94.785,9.3915,61.295,37.901,40.267,2629.1,63.106,25.332,49.659,0.33925,8.7855,26.1,120.37,1.3542,74.918,24.066,2.311,54.541,4.9085,238.26,0.0099986,0.82952,65.987,18.951,43.624
132,2026-04-10T02:33:00,51.033,19.633,27.16,33.08,41.647,2703.5,3634.4,19.603,18.467,22.322,0.19857,0.10976,340.78,77.648,6.7863,13.891,32.285,4519.0,22.314,48.924,49.221,80.148,2.2251,1.644,3100.5,42.178,53.711,94.679,9.402,62.011,35.806,40.262,2632.8,62.664,26.127,49.673,0.33929,8.7855,26.1,120.42,1.3542,73.952,24.066,2.311,52.881,4.9085,236.66,0.010789,0.8313,65.958,18.951,44.974
133,2026-04-10T02:36:00,48.739,21.755,26.617,33.015,40.631,2706.5,3675.5,16.11,18.715,22.068,0.22137,0.10976,341.02,77.686,6.9173,13.855,32.202,4490.3,23.777,43.616,51.189,80.286,2.2753,1.6024,3104.4,42.313,53.72,94.619,9.4039,59.981,41.599,41.326,2635.2,63.547,24.289,49.456,0.34215,8.8441,26.517,120.39,1.2347,74.621,23.658,2.179,52.881,4.8676,238.44,0.010789,0.8313,66.018,19.037,44.974
134,2026-04-10T02:39:00,50.26,21.923,26.802,33.015,42.214,2705.9,3695.4,16.725,18.715,21.754,0.21966,0.10976,340.63,77.282,6.9173,13.855,32.202,4448.1,23.525,47.137,50.016,80.253,2.2753,1.6024,3104.9,42.397,54.225,94.438,9.4591,62.871,38.147,40.984,2634.4,63.204,23.022,49.525,0.34495,8.8441,26.517,120.42,1.2347,75.053,23.658,2.179,52.881,4.8676,236.99,0.010789,0.8313,66.06,19.037,44.974
135,2026-04-10T02:42:00,50.094,22.655,26.81,33.416,40.194,2705.2,3632.4,18.057,18.392,21.979,0.22707,0.10976,340.7,77.172,6.6715,13.891,31.953,4508.1,22.969,46.751,50.88,80.125,2.2683,1.7005,3103.5,42.233,53.26,94.706,9.3883,61.322,40.691,40.29,2633.1,63.168,27.343,49.363,0.34327,8.818,26.643,120.38,1.3956,75.056,24.236,2.2679,52.881,4.9582,238.15,0.010789,0.8313,66.059,18.602,44.974
136,2026-04-10T02:45:00,48.447,22.515,27.053,33.416,41.694,2705.2,3672.3,17.805,18.392,22.107,0.2285,0.10976,340.88,77.169,6.6715,13.891,31.953,4474.9,23.08,42.94,49.538,80.057,2.2683,1.7005,3102.9,42.608,53.658,94.699,9.4254,60.706,36.741,40.816,2633.4,62.483,25.34,49.345,0.33896,8.818,26.643,120.4,1.3956,74.754,24.236,2.2679,52.881,4.9582,237.72,0.010789,0.8313,66.025,18.602,44.974
137,2026-04-10T02:48:00,50.235,24.827,27.199,32.427,41.489,2705.8,3697.3,20.369,18.518,22.023,0.25553,0.099455,340.27,77.572,6.9657,13.934,31.855,4494.2,21.989,47.077,50.339,80.085,2.2692,1.6615,3106.3,42.197,54.486,94.542,9.3678,61.352,39.098,41.166,2634.5,64.291,23.238,49.416,0.34469,9.0045,26.325,120.41,1.2418,74.481,24.179,2.3412,54.202,4.8412,236.72,0.010764,0.82407,65.969,18.808,43.913
138,2026-04-10T02:51:00,49.194,25.058,26.512,32.427,41.806,2707.4,3746.5,16.814,18.518,21.705,0.25318,0.099455,340.59,77.512,6.9657,13.934,31.855,4491.2,23.486,44.669,50.341,80.185,2.2692,1.6615,3107.6,42.366,54.522,94.453,9.4749,60.457,39.105,40.816,2636.5,63.444,25.295,49.273,0.34757,9.0045,26.325,120.41,1.2418,75.032,24.179,2.3412,54.202,4.8412,237.89,0.010764,0.82407,65.982,18.808,43.913
139,2026-04-10T02:54:00,48.706,26.116,27.067,33.05,40.957,2708.5,3625.6,15.307,18.017,22.131,0.26734,0.099455,340.98,77.5,6.69,13.862,31.655,4535.1,24.116,43.539,50.083,80.249,2.2465,1.6318,3107.0,42.201,53.504,94.517,9.3395,61.215,38.343,41.621,2637.6,63.003,26.616,49.411,0.35143,8.8083,26.631,120.4,1.327,74.22,24.347,2.2706,54.202,4.8721,235.87,0.010764,0.82407,66.026,18.634,43.913
140,2026-04-10T02:57:00,50.698,26.143,27.108,33.05,40.943,2709.3,3623.4,17.84,18.017,22.143,0.26707,0.099455,340.62,77.316,6.69,13.862,31.655,4503.2,23.053,48.148,50.063,80.185,2.2465,1.6318,3108.3,42.29,53.885,94.588,9.3891,60.118,38.285,41.491,2637.9,63.042,26.768,49.361,0.3525,8.8083,26.631,120.37,1.327,75.184,24.347,2.2706,54.202,4.8721,235.95,0.010764,0.82407,66.049,18.634,43.913
141,2026-04-10T03:00:00,50.13,28.347,26.723,33.132,41.81,2710.4,3705.5,17.372,18.669,21.97,0.29236,0.099455,341.19,77.487,6.9091,13.867,31.927,4556.4,23.242,46.836,49.22,80.197,2.2526,1.6614,3110.1,42.401,53.684,94.399,9.429,59.825,35.805,40.921,2639.7,64.099,25.662,49.243,0.34226,9.0102,26.758,120.46,1.2562,75.677,24.233,2.2633,54.202,4.7879,236.81,0.010764,0.82407,66.038,18.301,43.913
142,2026-04-10T03:03:00,50.794,28.613,27.185,33.132,41.65,2711.0,3691.2,16.724,18.669,21.974,0.28965,0.09908,341.37,77.563,6.9091,13.867,31.927,4505.6,23.514,48.371,49.729,80.137,2.2526,1.6614,3111.1,42.663,54.293,94.382,9.3563,61.031,37.301,40.736,2639.3,64.343,25.351,49.033,0.34378,9.0102,26.758,120.4,1.2562,74.789,24.233,2.2633,53.499,4.7879,236.48,0.026868,0.83501,65.999,18.301,44.117
143,2026-04-10T03:06:00,51.514,26.611,26.847,32.668,41.849,2709.6,3700.6,19.266,18.823,21.869,0.26557,0.09908,341.59,76.974,6.9512,13.983,32.46,4569.6,22.463,50.037,49.82,79.982,2.241,1.6415,3108.5,42.302,54.395,94.411,9.2745,62.141,37.57,40.837,2638.2,62.338,24.543,49.078,0.34459,8.8691,26.24,120.39,1.2239,74.041,23.713,2.2984,53.499,4.8328,234.57,0.026868,0.83501,65.972,19.053,44.117
144,2026-04-10T03:09:00,49.796,26.25,27.094,32.668,41.033,2708.4,3644.2,17.546,18.823,22.095,0.26925,0.09908,341.99,77.113,6.9512,13.983,32.46,4575.9,23.197,46.062,48.895,79.717,2.241,1.6415,3106.3,42.318,54.32,94.678,9.4015,62.074,34.847,40.889,2636.9,63.309,24.195,48.831,0.34415,8.8691,26.24,120.39,1.2239,73.865,23.713,2.2984,53.499,4.8328,236.0,0.026868,0.83501,65.856,19.053,44.117
145,2026-04-10T03:12:00,50.695,21.176,27.03,32.713,40.873,2709.0,3663.8,14.989,18.199,22.347,0.21753,0.09908,342.33,77.377,6.8987,13.675,32.19,4470.9,24.27,48.142,50.513,79.84,2.2225,1.6308,3105.5,42.239,53.748,94.547,9.37,61.58,39.609,42.392,2637.6,62.557,24.793,48.481,0.35856,9.1227,26.551,120.39,1.121,74.69,24.258,2.356,53.499,4.8363,238.64,0.026868,0.83501,65.797,18.3,44.117
146,2026-04-10T03:15:00,50.05,21.284,26.804,32.713,40.07,2710.8,3657.1,19.505,18.199,22.669,0.21643,0.09908,341.69,77.77,6.8987,13.675,32.19,4480.6,22.345,46.651,49.173,80.164,2.2225,1.6308,3106.3,42.412,53.632,94.657,9.4874,62.131,35.667,42.284,2640.6,62.672,25.841,48.606,0.35945,9.1227,26.551,120.39,1.121,74.615,24.258,2.356,53.499,4.8363,235.87,0.026868,0.83501,65.82,18.3,44.117
147,2026-04-10T03:18:00,49.402,23.68,27.249,32.779,41.392,2712.8,3657.6,17.42,18.637,22.468,0.24162,0.090702,341.6,77.698,6.9878,13.831,31.575,4539.2,23.217,45.151,48.932,80.296,2.2652,1.6508,3110.7,42.465,54.796,94.463,9.3788,60.379,34.956,38.606,2641.3,63.084,25.769,48.898,0.32204,8.6822,26.806,120.41,1.2542,76.325,24.617,2.2873,53.335,4.8166,234.2,-0.0069543,0.82662,65.876,18.49,42.849
148,2026-04-10T03:21:00,49.405,23.734,26.929,32.779,41.399,2716.6,3656.1,18.387,18.637,22.722,0.24106,0.090702,342.01,77.603,6.9878,13.831,31.575,4580.7,22.803,45.157,49.115,80.399,2.2652,1.6508,3112.2,42.428,54.3,94.633,9.3663,62.612,35.496,37.932,2645.5,63.109,24.518,48.853,0.32756,8.6822,26.806,120.42,1.2542,74.776,24.617,2.2873,53.335,4.8166,234.59,-0.0069543,0.82662,65.968,18.49,42.849
149,2026-04-10T03:24:00,51.201,29.677,27.056,32.934,41.207,2713.8,3641.9,18.626,18.177,22.284,0.30588,0.090702,341.62,76.803,6.7064,13.671,32.226,4523.0,22.727,49.314,50.045,80.081,2.2154,1.669,3112.6,42.789,54.587,94.33,9.2905,61.916,38.233,40.73,2642.4,62.514,25.959,48.805,0.33808,8.9567,26.677,120.4,1.4773,74.471,24.175,2.2618,53.335,4.8775,235.0,-0.0069543,0.82662,65.968,19.044,42.849
150,2026-04-10T03:27:00,50.106,29.923,27.143,32.934,40.648,2714.5,3653.2,18.287,18.177,22.827,0.30339,0.090702,342.24,76.752,6.7064,13.671,32.226,4539.0,22.885,46.779,50.501,79.769,2.2154,1.669,3109.5,42.102,54.396,94.813,9.3143,60.984,39.574,40.314,2642.6,62.319,25.064,48.589,0.34149,8.9567,26.677,120.37,1.4773,74.684,24.175,2.2618,53.335,4.8775,237.41,-0.0069543,0.82662,65.891,19.044,42.849
151,2026-04-10T03:30:00,49.832,24.018,27.223,32.607,41.836,2712.0,3720.0,18.496,18.739,22.797,0.24345,0.090702,342.71,76.981,6.7884,13.905,32.612,4490.2,22.802,46.144,52.483,79.595,2.2267,1.6423,3107.6,42.564,53.621,94.336,9.3948,61.751,45.407,38.193,2640.9,63.672,24.93,48.771,0.32279,8.8775,26.742,120.42,1.1876,75.285,24.474,2.2569,53.335,4.8935,235.39,-0.0069543,0.82662,65.786,18.489,42.849
152,2026-04-10T03:33:00,49.793,24.029,26.636,32.607,40.372,2712.6,3711.2,18.988,18.739,22.518,0.24333,0.10757,342.56,77.244,6.7884,13.905,32.612,4461.8,22.589,46.055,51.93,79.75,2.2267,1.6423,3107.7,42.955,53.961,94.58,9.2201,62.501,43.781,37.897,2640.7,63.823,25.794,48.652,0.32522,8.8775,26.742,120.37,1.1876,74.697,24.474,2.2569,53.172,4.8935,234.26,0.017247,0.80989,65.731,18.489,43.231
153,2026-04-10T03:36:00,49.694,19.964,26.816,33.234,41.701,2710.1,3707.4,19.634,18.233,22.436,0.20519,0.10757,342.35,77.46,6.8008,13.823,32.381,4530.1,22.313,45.825,49.714,79.82,2.2825,1.653,3106.9,42.69,54.507,94.471,9.3064,62.565,37.259,41.527,2639.4,63.296,24.641,48.399,0.34648,8.706,26.802,120.45,1.3002,74.582,24.263,2.2381,53.172,4.7811,236.03,0.017247,0.80989,65.697,19.242,43.231
154,2026-04-10T03:39:00,50.438,19.986,26.825,33.234,41.575,2708.8,3715.5,18.06,18.233,22.184,0.20497,0.10757,341.6,77.406,6.8008,13.823,32.381,4554.6,22.976,47.549,48.741,79.928,2.2825,1.653,3107.2,42.363,54.215,94.449,9.2455,61.879,34.395,41.448,2637.2,63.156,23.292,48.426,0.34714,8.706,26.802,120.38,1.3002,76.423,24.263,2.2381,53.172,4.7811,234.63,0.017247,0.80989,65.724,19.242,43.231
155,2026-04-10T03:42:00,49.781,21.843,26.981,33.017,40.792,2709.0,3672.6,17.506,18.521,22.354,0.22443,0.10757,341.62,77.192,6.8939,13.874,32.132,4467.5,23.211,46.028,48.959,80.066,2.2785,1.6151,3105.1,42.353,53.395,94.592,9.1943,60.757,35.036,40.117,2638.4,63.87,25.146,48.186,0.34038,8.8683,26.487,120.38,1.0934,75.097,24.364,2.2703,53.172,4.8037,236.19,0.017247,0.80989,65.773,18.552,43.231
156,2026-04-10T03:45:00,49.931,21.739,26.984,33.017,41.278,2707.2,3704.7,18.275,18.521,22.459,0.22548,0.10757,341.06,77.25,6.8939,13.874,32.132,4456.9,22.884,46.375,49.68,80.103,2.2785,1.6151,3103.8,42.46,53.522,94.43,9.4578,62.209,37.158,40.302,2636.3,63.317,25.682,48.224,0.33887,8.8683,26.487,120.41,1.0934,74.717,24.364,2.2703,53.172,4.8037,234.62,0.017247,0.80989,65.793,18.552,43.231
157,2026-04-10T03:48:00,48.715,24.29,27.126,33.201,39.896,2683.6,3666.1,19.161,18.625,23.08,0.24632,0.10123,341.53,76.195,6.9467,13.836,32.178,4583.5,22.542,43.561,52.109,79.93,2.2634,1.6401,3072.7,41.765,53.677,95.08,8.3847,68.605,44.307,41.263,2613.0,63.196,25.063,47.963,0.34258,8.8017,26.516,120.33,1.1431,74.722,24.064,2.2898,54.763,4.7421,230.91,0.028375,0.82012,66.238,18.991,43.565
158,2026-04-10T03:51:00,49.922,24.343,27.373,33.201,39.635,2661.7,3692.0,20.685,18.625,22.455,0.24578,0.10123,339.42,75.966,6.9467,13.836,32.178,4503.2,21.921,46.354,49.015,79.76,2.2634,1.6401,3051.3,41.171,54.639,95.207,8.3535,65.693,35.201,41.189,2590.4,62.75,24.97,47.726,0.34319,8.8017,26.516,120.33,1.1431,74.702,24.064,2.2898,54.763,4.7421,229.87,0.028375,0.82012,66.411,18.991,43.565
159,2026-04-10T03:54:00,49.355,23.818,27.049,32.868,38.371,2644.1,3620.5,20.169,18.064,21.578,0.24281,0.10123,336.76,76.003,6.9321,13.867,31.965,4463.9,22.158,45.041,51.855,79.744,2.2572,1.6851,3034.7,41.682,54.033,95.521,8.3344,68.512,43.56,41.158,2571.9,63.482,25.5,47.45,0.33557,8.948,25.923,120.32,1.0827,74.908,24.13,2.2379,54.763,4.9117,229.29,0.028375,0.82012,66.439,19.042,43.565
160,2026-04-10T03:57:00,50.73,24.043,27.152,32.868,38.974,2633.7,3624.4,17.258,18.064,21.219,0.24052,0.10123,334.75,76.32,6.9321,13.867,31.965,4488.1,23.39,48.224,49.87,80.092,2.2572,1.6851,3023.6,41.402,53.743,95.749,8.2177,69.918,37.718,41.487,2560.6,63.416,25.311,47.533,0.33287,8.948,25.923,120.36,1.0827,74.594,24.13,2.2379,54.763,4.9117,224.69,0.028375,0.82012,66.466,19.042,43.565
161,2026-04-10T04:00:00,51.662,26.097,26.6,32.512,38.498,2623.7,3660.0,18.197,19.236,19.804,0.26329,0.10123,331.45,76.558,7.1866,13.848,31.923,4489.6,22.995,50.381,51.649,80.599,2.3139,1.6674,3019.1,41.244,53.559,95.591,8.3899,69.166,42.951,41.642,2549.9,62.876,26.127,47.356,0.33862,9.0405,26.246,120.35,1.4175,74.039,23.725,2.3335,54.763,4.8709,222.91,0.028375,0.82012,66.597,18.644,43.565
162,2026-04-10T04:03:00,48.91,25.901,26.947,32.512,38.855,2616.0,3652.0,18.561,19.236,19.204,0.26528,0.11723,329.1,76.661,7.1866,13.848,31.923,4458.5,22.84,44.011,51.122,80.978,2.3139,1.6674,3014.6,41.26,53.932,95.831,8.4825,69.848,41.403,41.974,2542.4,63.015,25.299,47.232,0.33589,9.0405,26.246,120.39,1.4175,73.341,23.725,2.3335,53.364,4.8709,223.0,0.013466,0.83689,66.722,18.644,44.308
163,2026-04-10T04:06:00,48.688,26.791,26.908,32.081,38.009,2609.5,3599.4,19.432,19.133,18.297,0.26947,0.11723,326.47,76.691,7.2532,14.036,31.635,4525.3,22.474,43.497,50.621,81.325,2.3048,1.7113,3011.8,41.192,54.097,95.77,8.578,68.84,39.928,41.308,2535.0,61.519,25.757,47.147,0.33758,9.1707,25.433,120.35,1.3508,73.482,23.929,2.3278,53.364,4.9581,221.14,0.013466,0.83689,66.857,19.807,44.308
164,2026-04-10T04:09:00,51.763,26.48,26.961,32.081,38.445,2604.8,3576.9,17.819,19.133,17.99,0.27263,0.11723,324.14,77.1,7.2532,14.036,31.635,4504.4,23.146,50.615,51.732,81.571,2.3048,1.7113,3010.4,41.883,54.347,95.916,8.653,71.108,43.198,42.006,2529.9,61.907,27.394,46.859,0.33186,9.1707,25.433,120.38,1.3508,73.455,23.929,2.3278,53.364,4.9581,221.56,0.013466,0.83689,66.926,19.807,44.308
165,2026-04-10T04:12:00,50.323,29.771,26.751,31.823,37.736,2602.7,3570.2,19.107,19.983,17.312,0.30327,0.11723,322.6,77.298,6.8743,13.739,31.154,4380.5,22.588,47.282,49.542,81.963,2.289,1.6775,3009.3,41.913,52.901,96.001,8.7351,69.388,36.753,44.9,2527.8,61.119,26.092,46.746,0.35088,9.3782,25.472,120.37,1.5393,72.332,23.098,2.449,53.364,5.2217,219.97,0.013466,0.83689,67.041,19.669,44.308
166,2026-04-10T04:15:00,48.966,29.766,26.712,31.823,38.845,2600.5,3525.3,15.612,19.983,17.171,0.30333,0.11723,321.7,77.335,6.8743,13.739,31.154,4390.8,24.055,44.14,51.823,82.099,2.289,1.6775,3008.1,41.393,52.778,95.969,8.6747,73.426,43.464,44.534,2524.8,61.891,26.682,46.703,0.35387,9.3782,25.472,120.4,1.5393,71.754,23.098,2.449,53.364,5.2217,217.55,0.013466,0.83689,67.117,19.669,44.308
167,2026-04-10T04:18:00,48.841,35.103,26.949,31.526,38.806,2600.3,3653.1,18.635,20.805,16.336,0.35861,0.1247,318.88,77.405,6.8951,14.062,31.31,4397.2,22.776,43.852,51.074,82.26,2.3626,1.767,3013.6,41.942,52.88,95.792,8.8101,72.225,41.261,41.202,2524.8,62.844,27.128,46.881,0.3168,9.1271,25.279,120.42,1.4598,71.603,22.314,2.4588,53.221,5.1807,217.31,0.020127,0.89684,67.175,20.065,43.181
168,2026-04-10T04:21:00,50.86,35.521,26.443,31.526,38.697,2601.8,3634.9,15.185,20.805,15.98,0.35436,0.1247,318.52,77.243,6.8951,14.062,31.31,4385.1,24.223,48.525,50.991,82.563,2.3626,1.767,3015.6,41.889,53.025,95.316,8.9062,70.775,41.016,40.892,2526.1,63.158,24.584,46.745,0.31934,9.1271,25.279,120.44,1.4598,72.078,22.314,2.4588,53.221,5.1807,217.95,0.020127,0.89684,67.238,20.065,43.181
169,2026-04-10T04:24:00,52.167,34.65,27.143,31.558,38.526,2598.4,3659.8,18.25,20.918,15.991,0.353,0.1247,317.86,77.472,7.1155,14.338,31.091,4374.9,22.92,51.55,49.61,82.595,2.375,1.7476,3014.7,41.732,51.991,95.557,8.9914,70.591,36.951,45.45,2522.0,62.544,26.313,46.779,0.35381,9.133,24.433,120.44,1.4745,71.615,22.126,2.487,53.221,5.3835,216.67,0.020127,0.89684,67.243,20.108,43.181
170,2026-04-10T04:27:00,48.327,34.746,26.772,31.558,39.897,2596.1,3643.9,17.018,20.918,15.094,0.35203,0.1247,315.89,77.224,7.1155,14.338,31.091,4391.7,23.445,42.661,51.679,82.543,2.375,1.7476,3014.5,42.132,51.79,95.34,8.9015,74.475,43.041,45.435,2519.0,62.818,26.217,46.727,0.35394,9.133,24.433,120.42,1.4745,72.408,22.126,2.487,53.221,5.3835,216.35,0.020127,0.89684,67.234,20.108,43.181
171,2026-04-10T04:30:00,51.894,37.704,26.809,31.165,39.214,2595.9,3571.0,18.373,21.253,15.264,0.3848,0.1247,316.51,77.488,7.0972,14.052,30.757,4349.6,22.867,50.916,49.008,82.477,2.4011,1.6857,3013.0,41.981,51.965,95.573,9.1234,73.193,35.182,49.518,2519.5,62.023,25.935,46.643,0.38566,9.1373,24.829,120.42,1.2373,71.272,21.121,2.6291,53.221,5.352,216.45,0.020127,0.89684,67.201,20.459,43.181
172,2026-04-10T04:33:00,49.856,37.841,26.732,31.165,38.817,2598.8,3565.1,18.874,21.253,15.512,0.38341,0.095331,317.09,77.825,7.0972,14.052,30.757,4339.6,22.639,46.201,50.784,82.689,2.4011,1.6857,3015.8,42.365,52.086,95.403,9.1232,74.445,40.406,48.943,2522.1,62.124,26.91,47.698,0.39038,9.1373,24.829,120.41,1.2373,71.181,21.121,2.6291,54.348,5.352,221.64,0.0076078,0.90602,67.172,20.459,44.149
173,2026-04-10T04:36:00,51.689,42.394,26.852,31.29,39.727,2602.7,3566.9,16.052,21.386,15.44,0.42809,0.095331,317.5,78.026,7.0855,14.162,31.306,4328.3,23.817,50.443,49.997,82.719,2.3823,1.77,3020.0,42.446,51.106,95.356,9.0752,76.271,38.093,45.687,2525.8,62.043,26.72,48.138,0.35883,9.2227,24.706,120.43,1.4791,71.906,21.274,2.5128,54.348,5.336,223.6,0.0076078,0.90602,67.22,20.622,44.149
174,2026-04-10T04:39:00,50.489,42.242,26.912,31.29,39.487,2609.2,3592.9,18.317,21.386,16.219,0.42964,0.095331,319.12,78.193,7.0855,14.162,31.306,4342.1,22.844,47.665,50.187,82.977,2.3823,1.77,3025.6,42.103,50.941,95.247,9.3421,74.954,38.651,45.714,2533.3,61.594,25.792,48.534,0.3586,9.2227,24.706,120.41,1.4791,71.394,21.274,2.5128,54.348,5.336,226.05,0.0076078,0.90602,67.234,20.622,44.149
175,2026-04-10T04:42:00,50.243,38.14,26.903,31.373,39.857,2609.7,3573.3,18.423,21.753,15.867,0.38914,0.095331,319.69,77.728,6.8249,14.131,31.449,4306.0,22.8,47.096,50.495,82.833,2.36,1.7148,3028.0,42.725,50.677,95.227,9.3226,74.524,39.556,47.452,2534.2,61.838,25.443,48.973,0.37181,9.1138,24.132,120.42,1.5267,71.0,21.03,2.5626,54.348,5.4725,227.92,0.0076078,0.90602,67.329,20.561,44.149
176,2026-04-10T04:45:00,49.822,38.124,26.826,31.373,40.09,2611.4,3593.1,18.506,21.753,15.85,0.38931,0.095331,320.27,77.768,6.8249,14.131,31.449,4211.8,22.763,46.123,50.262,82.561,2.36,1.7148,3029.7,42.407,51.804,95.169,9.3903,75.931,38.87,47.383,2535.2,61.496,27.711,49.6,0.37238,9.1138,24.132,120.42,1.5267,69.978,21.03,2.5626,54.348,5.4725,227.76,0.0076078,0.90602,67.283,20.561,44.149
177,2026-04-10T04:48:00,50.0,37.757,26.974,31.652,40.713,2615.4,3624.1,17.41,21.377,16.314,0.38222,0.087758,321.5,78.035,7.0216,14.059,31.466,4239.6,23.212,46.534,49.936,82.528,2.4138,1.6995,3033.1,42.263,51.314,95.015,9.4377,77.096,37.911,46.575,2539.1,63.181,25.387,50.281,0.37605,9.1531,24.293,120.45,1.5218,70.333,21.564,2.4882,54.105,5.4404,230.98,0.0043477,0.90372,67.266,20.421,43.188
178,2026-04-10T04:51:00,50.69,37.446,27.097,31.652,40.279,2620.2,3644.2,16.865,21.377,16.6,0.38539,0.087758,323.86,78.043,7.0216,14.059,31.466,4251.7,23.434,48.131,47.802,82.538,2.4138,1.6995,3035.3,42.51,51.169,94.828,9.4537,75.676,31.631,46.612,2545.2,62.833,25.982,50.625,0.37575,9.1531,24.293,120.43,1.5218,70.965,21.564,2.4882,54.105,5.4404,235.73,0.0043477,0.90372,67.259,20.421,43.188
179,2026-04-10T04:54:00,49.01,38.014,26.749,31.9,41.209,2626.0,3564.4,19.761,20.788,17.086,0.39148,0.087758,326.63,78.074,6.6946,14.158,31.747,4267.4,22.204,44.243,49.397,82.532,2.4339,1.7377,3039.4,42.502,51.038,94.808,9.5375,78.578,36.324,45.685,2551.3,62.444,25.126,51.185,0.37091,8.9982,24.727,120.46,1.5368,70.242,21.274,2.4582,54.105,5.3269,238.03,0.0043477,0.90372,67.279,20.249,43.188
180,2026-04-10T04:57:00,49.441,38.465,27.069,31.9,40.203,2632.0,3652.7,17.007,20.788,17.744,0.3869,0.087758,327.54,78.408,6.6946,14.158,31.747,4286.0,23.339,45.24,51.054,82.518,2.4339,1.7377,3044.4,42.627,50.815,94.752,9.6228,77.84,41.202,45.903,2557.2,60.923,24.955,51.902,0.36912,8.9982,24.727,120.4,1.5368,70.018,21.274,2.4582,54.105,5.3269,238.57,0.0043477,0.90372,67.305,20.249,43.188
181,2026-04-10T05:00:00,50.658,36.185,26.77,31.952,42.515,2636.7,3710.2,19.218,20.896,17.764,0.36785,0.087758,329.71,78.262,6.9618,13.958,31.964,4283.4,22.401,48.058,49.597,82.4,2.3331,1.7207,3050.0,42.848,51.006,94.462,9.6509,78.285,36.915,47.189,2562.7,62.825,24.168,52.603,0.38381,9.0542,24.873,120.46,1.2147,69.489,20.867,2.5193,54.105,5.3483,239.28,0.0043477,0.90372,67.329,19.965,43.188
182,2026-04-10T05:03:00,50.293,36.278,27.024,31.952,42.062,2642.3,3681.1,17.4,20.896,18.552,0.36691,0.084706,331.72,78.317,6.9618,13.958,31.964,4287.6,23.152,47.212,49.47,82.276,2.3331,1.7207,3052.7,42.68,50.956,94.35,9.6619,82.154,36.54,46.744,2568.5,63.326,27.979,53.093,0.38746,9.0542,24.873,120.44,1.2147,69.346,20.867,2.5193,54.585,5.3483,243.1,0.0083432,0.87947,67.333,19.965,43.6
183,2026-04-10T05:06:00,49.245,34.249,26.932,32.768,41.233,2647.9,3613.1,18.971,20.226,18.82,0.35259,0.084706,333.78,78.374,6.854,13.927,32.384,4308.7,22.476,44.787,50.156,82.211,2.3412,1.7468,3057.4,43.206,51.176,94.282,9.6919,82.398,38.558,44.374,2574.9,62.203,27.888,53.575,0.36587,9.0233,24.88,120.43,1.4324,69.308,21.467,2.526,54.585,5.3809,246.57,0.0083432,0.87947,67.364,19.795,43.6
184,2026-04-10T05:09:00,49.218,34.474,26.662,32.768,41.76,2653.8,3643.8,16.109,20.226,19.376,0.3503,0.084706,335.7,78.521,6.854,13.927,32.384,4257.5,23.671,44.724,49.892,81.933,2.3412,1.7468,3060.2,42.542,51.788,94.355,9.7232,81.146,37.783,44.494,2581.0,61.675,25.744,54.054,0.36489,9.0233,24.88,120.43,1.4324,69.289,21.467,2.526,54.585,5.3809,250.09,0.0083432,0.87947,67.334,19.795,43.6
185,2026-04-10T05:12:00,49.359,30.524,26.815,33.079,42.121,2661.2,3639.7,16.695,19.677,20.241,0.30942,0.084706,338.32,78.617,6.8185,13.967,32.473,4327.5,23.406,45.051,50.347,81.908,2.3935,1.7097,3065.6,42.315,51.183,94.351,9.8414,81.561,39.121,44.092,2589.5,62.666,25.284,54.685,0.36291,9.1174,24.959,120.43,1.4986,68.872,21.871,2.4666,54.585,5.2453,251.92,0.0083432,0.87947,67.324,18.895,43.6
186,2026-04-10T05:15:00,51.263,30.499,26.635,33.079,41.415,2667.8,3617.3,17.512,19.677,20.383,0.30967,0.084706,340.25,78.073,6.8185,13.967,32.473,4282.9,23.069,49.456,50.269,81.694,2.3935,1.7097,3071.2,42.587,51.717,94.101,9.9034,80.239,38.891,43.526,2596.2,63.051,23.837,55.131,0.36756,9.1174,24.959,120.42,1.4986,69.738,21.871,2.4666,54.585,5.2453,255.8,0.0083432,0.87947,67.344,18.895,43.6
187,2026-04-10T05:18:00,49.395,29.302,26.809,33.369,42.633,2675.1,3685.4,14.877,19.441,21.05,0.2997,0.097046,342.01,78.416,6.8833,13.972,32.953,4362.4,24.161,45.133,48.49,81.492,2.3427,1.7283,3078.0,42.648,52.877,94.145,9.9836,81.585,33.655,44.224,2604.2,62.234,25.757,55.234,0.37192,8.7453,24.928,120.43,1.291,69.13,22.353,2.4576,53.701,5.2865,257.75,0.008747,0.84849,67.285,19.053,43.32
188,2026-04-10T05:21:00,49.955,29.315,27.059,33.369,41.824,2683.1,3634.0,17.565,19.441,21.492,0.29956,0.097046,344.12,78.162,6.8833,13.972,32.953,4420.8,23.025,46.429,49.196,81.374,2.3427,1.7283,3082.7,42.809,52.178,94.015,9.9253,81.753,35.735,44.268,2612.2,63.119,25.228,55.769,0.37156,8.7453,24.928,120.4,1.291,69.775,22.353,2.4576,53.701,5.2865,258.12,0.008747,0.84849,67.265,19.053,43.32
189,2026-04-10T05:24:00,50.391,24.279,26.935,33.775,42.442,2689.2,3691.3,16.635,18.915,22.206,0.247,0.097046,346.29,78.361,6.5806,13.745,32.519,4375.8,23.407,47.439,49.262,81.092,2.3872,1.7179,3088.1,42.893,52.296,94.037,10.09,83.016,35.929,44.327,2619.2,61.594,26.759,56.054,0.37393,8.8628,25.248,120.43,1.1349,70.255,22.023,2.4719,53.701,5.2283,261.36,0.008747,0.84849,67.195,19.375,43.32
190,2026-04-10T05:27:00,49.222,24.43,26.965,33.775,41.907,2695.7,3648.5,17.283,18.915,22.699,0.24546,0.097046,348.38,78.452,6.5806,13.745,32.519,4375.4,23.125,44.733,51.209,80.801,2.3872,1.7179,3092.8,42.821,52.3,94.055,10.052,82.174,41.657,43.817,2625.9,62.33,24.92,56.413,0.37811,8.8628,25.248,120.37,1.1349,69.59,22.023,2.4719,53.701,5.2283,263.82,0.008747,0.84849,67.115,19.375,43.32
191,2026-04-10T05:30:00,49.081,27.767,26.731,34.024,43.69,2706.9,3682.4,16.343,17.787,23.128,0.28405,0.097046,349.97,78.172,6.7439,13.81,33.423,4330.1,23.527,44.407,51.369,80.667,2.3177,1.69,3100.8,42.51,51.978,93.823,10.132,82.7,42.13,41.358,2637.1,64.544,26.055,56.872,0.3489,8.6499,25.528,120.44,1.2118,69.633,22.82,2.4289,53.701,5.0735,265.17,0.008747,0.84849,67.042,18.495,43.32
192,2026-04-10T05:33:00,50.294,27.716,26.93,34.024,43.273,2715.4,3739.7,15.622,17.787,24.06,0.28457,0.07741,351.92,78.5,6.7439,13.81,33.423,4343.8,23.814,47.214,49.238,80.547,2.3177,1.69,3107.7,43.024,51.813,93.687,10.267,82.091,35.859,40.78,2646.6,63.558,26.156,56.849,0.35363,8.6499,25.528,120.42,1.2118,69.964,22.82,2.4289,53.877,5.0735,263.64,0.010082,0.77788,66.98,18.495,44.06
193,2026-04-10T05:36:00,50.263,18.591,26.648,34.579,42.73,2724.0,3693.5,18.384,17.735,24.791,0.18624,0.07741,353.7,78.482,6.5233,13.536,33.304,4429.1,22.638,47.142,48.905,80.579,2.3173,1.68,3112.9,42.55,52.926,93.559,10.097,81.369,34.877,41.329,2656.2,63.128,24.205,56.867,0.36288,8.6597,25.86,120.42,1.1785,70.396,22.746,2.4228,53.877,5.0248,266.32,0.010082,0.77788,66.966,18.001,44.06
194,2026-04-10T05:39:00,50.148,18.471,26.96,34.579,43.308,2730.6,3681.9,16.354,17.735,25.003,0.18746,0.07741,354.89,78.553,6.5233,13.536,33.304,4459.7,23.479,46.875,48.608,80.353,2.3173,1.68,3119.0,42.787,52.559,93.772,10.167,82.745,34.003,41.227,2662.8,63.328,24.826,57.168,0.36372,8.6597,25.86,120.41,1.1785,70.429,22.746,2.4228,53.877,5.0248,265.85,0.010082,0.77788,66.95,18.001,44.06
195,2026-04-10T05:42:00,48.81,18.378,26.877,34.828,43.318,2739.1,3749.9,19.208,17.355,25.574,0.18697,0.07741,355.75,78.284,6.7894,13.548,33.645,4473.6,22.277,43.781,51.104,80.141,2.3247,1.6559,3126.8,42.613,53.695,93.44,10.258,82.223,41.349,37.442,2671.0,64.327,24.409,57.277,0.33279,8.6976,26.368,120.39,1.3386,71.45,23.306,2.3092,53.877,4.8743,267.55,0.010082,0.77788,66.895,17.849,44.06
196,2026-04-10T05:45:00,46.944,18.156,26.908,34.828,44.164,2746.6,3751.6,18.322,17.355,26.167,0.18922,0.07741,357.51,78.407,6.7894,13.548,33.645,4455.5,22.64,39.462,49.905,79.942,2.3247,1.6559,3132.5,42.958,53.911,93.559,10.173,82.821,37.821,37.132,2679.2,64.297,24.527,57.46,0.33534,8.6976,26.368,120.43,1.3386,70.894,23.306,2.3092,53.877,4.8743,268.48,0.010082,0.77788,66.821,17.849,44.06
197,2026-04-10T05:48:00,48.7,13.875,27.191,35.204,43.665,2751.5,3671.8,16.743,16.836,26.548,0.14007,0.10019,358.11,78.01,6.5985,13.679,33.654,4533.1,23.316,43.526,48.492,79.542,2.2802,1.6565,3136.4,42.592,53.5,93.52,10.122,83.224,33.663,37.332,2683.8,63.549,26.35,56.109,0.33288,8.5945,26.339,120.4,1.0999,71.606,23.822,2.3605,53.762,4.9639,265.94,0.028577,0.72663,66.712,17.39,44.289
198,2026-04-10T05:51:00,52.22,13.748,27.295,35.204,43.509,2759.2,3686.9,19.284,16.836,27.049,0.14137,0.10019,359.26,78.04,6.5985,13.679,33.654,4489.6,22.248,51.671,49.438,79.267,2.2802,1.6565,3140.7,43.06,54.02,93.69,10.151,82.924,36.446,37.21,2691.7,63.289,25.948,55.54,0.33389,8.5945,26.339,120.39,1.0999,71.298,23.822,2.3605,53.762,4.9639,266.43,0.028577,0.72663,66.511,17.39,44.289
199,2026-04-10T05:54:00,48.557,12.123,26.874,35.175,42.905,2765.9,3746.2,19.858,16.485,27.377,0.12574,0.10019,359.98,78.003,6.879,13.672,34.219,4515.7,22.008,43.195,49.225,79.106,2.2863,1.6515,3147.5,43.157,55.03,93.495,10.124,83.754,35.82,38.978,2699.1,64.119,26.42,55.17,0.34575,8.6501,27.2,120.39,1.1206,70.155,23.914,2.2557,53.762,4.7211,264.78,0.028577,0.72663,66.372,16.893,44.289
200,2026-04-10T05:57:00,48.272,12.187,26.937,35.175,43.107,2775.9,3690.5,16.172,16.485,27.826,0.12508,0.10019,360.42,78.326,6.879,13.672,34.219,4536.8,23.542,42.535,49.427,79.178,2.2863,1.6515,3155.9,42.955,54.777,93.549,10.199,82.434,36.413,38.353,2710.0,65.079,25.654,54.717,0.35087,8.6501,27.2,120.4,1.1206,71.269,23.914,2.2557,53.762,4.7211,264.08,0.028577,0.72663,66.224,16.893,44.289
201,2026-04-10T06:00:00,49.7,6.0303,26.758,35.531,43.87,2783.8,3657.3,17.324,16.047,27.965,0.062456,0.10019,360.65,78.397,6.6855,13.376,33.7,4601.5,23.04,45.839,50.926,79.322,2.2772,1.6159,3163.1,43.105,55.495,93.504,10.067,81.361,40.824,38.49,2718.3,63.325,23.358,54.398,0.3464,8.6059,27.373,120.42,1.0796,72.112,24.779,2.1987,53.762,4.6439,261.89,0.028577,0.72663,66.209,17.044,44.289
202,2026-04-10T06:03:00,48.251,6.0379,27.072,35.531,43.094,2788.3,3677.8,18.348,16.047,28.075,0.06238,0.096324,361.22,77.802,6.6855,13.376,33.7,4601.4,22.624,42.486,50.202,78.921,2.2772,1.6159,3167.7,42.998,55.497,93.713,10.15,81.601,38.695,38.277,2722.5,62.972,24.765,52.843,0.34815,8.6059,27.373,120.37,1.0796,71.567,24.779,2.1987,53.573,4.6439,257.2,0.03095,0.69749,66.108,17.044,44.807
203,2026-04-10T06:06:00,51.26,9.3843,27.193,35.913,43.042,2794.7,3718.6,17.624,16.492,28.541,0.091793,0.096324,361.66,77.773,6.7452,13.544,33.786,4586.7,22.935,49.449,48.504,78.568,2.2307,1.6532,3173.3,42.551,55.607,93.621,10.085,82.664,33.696,34.488,2728.2,64.062,24.75,51.889,0.31062,8.4882,27.445,120.38,1.0371,72.736,24.977,2.2231,53.573,4.6255,255.19,0.03095,0.69749,65.864,17.07,44.807
204,2026-04-10T06:09:00,49.045,9.4492,26.844,35.913,43.961,2802.6,3717.7,16.741,16.492,28.886,0.091133,0.096324,362.14,77.66,6.7452,13.544,33.786,4605.9,23.312,44.325,50.075,78.443,2.2307,1.6532,3178.2,42.675,55.377,93.479,10.099,84.114,38.322,34.477,2737.0,64.078,26.557,51.278,0.3107,8.4882,27.445,120.42,1.0371,72.319,24.977,2.2231,53.573,4.6255,249.43,0.03095,0.69749,65.673,17.07,44.807
205,2026-04-10T06:12:00,47.8,6.485,26.682,35.406,42.877,2806.3,3706.7,16.418,16.159,29.022,0.072265,0.096324,362.22,77.674,6.5863,13.317,33.892,4618.6,23.451,41.443,48.075,78.219,2.2255,1.6331,3183.0,43.001,55.451,93.61,10.065,82.014,32.434,35.772,2741.0,63.9,24.871,50.213,0.3326,8.6615,27.924,120.38,1.0924,73.153,25.756,2.2008,53.573,4.5354,248.86,0.03095,0.69749,65.427,16.774,44.807
206,2026-04-10T06:15:00,50.521,6.7959,26.747,35.406,43.482,2813.8,3697.9,21.002,16.159,29.676,0.069103,0.096324,362.28,77.614,6.5863,13.317,33.892,4637.2,21.521,47.74,50.361,78.23,2.2255,1.6331,3188.1,42.627,55.229,93.57,9.9678,81.118,39.161,35.977,2748.9,64.052,24.236,49.241,0.33091,8.6615,27.924,120.38,1.0924,73.543,25.756,2.2008,53.573,4.5354,247.32,0.03095,0.69749,65.239,16.774,44.807
207,2026-04-10T06:18:00,48.299,3.8753,26.898,35.274,43.049,2813.4,3738.8,16.714,15.404,29.159,0.043984,0.080476,363.22,76.963,6.7291,13.362,33.635,4696.2,23.362,42.599,50.854,77.628,2.1965,1.6015,3189.7,42.603,55.559,93.574,10.029,81.58,40.613,33.255,2747.5,64.945,26.085,47.65,0.29868,8.7074,27.927,120.37,0.97111,73.515,25.641,2.1528,52.918,4.4822,241.99,-0.0084404,0.67372,65.001,16.023,44.428
208,2026-04-10T06:21:00,49.636,4.005,26.716,35.274,44.066,2820.5,3747.5,15.651,15.404,29.565,0.042664,0.080476,362.49,77.404,6.7291,13.362,33.635,4688.1,23.805,45.693,48.384,77.691,2.1965,1.6015,3194.0,42.789,55.657,93.6,9.988,81.61,33.343,32.841,2755.9,64.795,25.1,46.401,0.30207,8.7074,27.927,120.43,0.97111,74.363,25.641,2.1528,52.918,4.4822,239.1,-0.0084404,0.67372,64.713,16.023,44.428
209,2026-04-10T06:24:00,49.398,4.6924,27.037,35.116,43.686,2826.8,3725.7,16.617,15.379,30.176,0.052628,0.080476,361.87,77.61,6.7635,13.352,33.93,4748.2,23.389,45.141,49.552,77.928,2.1884,1.5649,3199.5,42.684,57.182,93.464,10.028,78.754,36.782,33.301,2762.6,64.129,23.952,45.538,0.30228,8.4355,28.262,120.38,1.0539,74.124,26.571,2.0956,52.918,4.4388,231.94,-0.0084404,0.67372,64.558,16.645,44.428
210,2026-04-10T06:27:00,50.285,5.0707,26.662,35.116,43.812,2827.3,3726.0,17.794,15.379,29.507,0.048781,0.080476,362.09,76.885,6.7635,13.352,33.93,4790.6,22.923,47.193,48.636,77.518,2.1884,1.5649,3201.9,42.503,56.673,93.677,9.9558,80.327,34.086,33.226,2761.7,64.125,24.651,44.398,0.3029,8.4355,28.262,120.39,1.0539,74.815,26.571,2.0956,52.918,4.4388,227.92,-0.0084404,0.67372,64.387,16.645,44.428
211,2026-04-10T06:30:00,49.636,2.3604,27.162,35.38,43.243,2828.9,3700.1,18.87,15.635,29.798,0.025927,0.080476,361.58,76.927,6.9363,13.283,33.476,4710.4,22.485,45.692,50.292,77.265,2.1851,1.5777,3202.4,42.869,56.519,93.622,9.7708,79.968,38.96,32.555,2763.5,64.396,22.095,43.266,0.30044,8.4519,28.857,120.4,1.0611,74.629,26.591,2.0558,52.918,4.353,224.0,-0.0084404,0.67372,64.113,16.488,44.428
212,2026-04-10T06:33:00,48.27,2.2823,26.764,35.38,42.14,2830.5,3729.9,16.129,15.635,29.949,0.026722,0.10146,361.28,77.086,6.9363,13.283,33.476,4754.5,23.645,42.531,50.266,77.243,2.1851,1.5777,3203.3,42.787,55.991,93.823,9.8775,80.802,38.882,33.192,2765.1,63.884,23.851,41.398,0.29522,8.4519,28.857,120.35,1.0611,75.093,26.591,2.0558,53.04,4.353,218.61,0.0090065,0.66236,63.863,16.488,43.717
213,2026-04-10T06:36:00,49.785,5.4117,26.962,35.07,42.535,2833.8,3705.7,17.743,14.976,30.05,0.051142,0.10146,360.09,76.931,6.871,13.209,33.801,4725.5,22.978,46.037,50.38,77.263,2.1502,1.5987,3207.4,42.715,57.096,93.826,9.7439,80.65,39.219,31.208,2768.5,62.815,24.288,40.253,0.29022,8.4809,28.6,120.39,1.0738,75.719,26.879,2.1238,53.04,4.441,210.75,0.0090065,0.66236,63.619,16.587,43.717
214,2026-04-10T06:39:00,49.81,5.125,26.936,35.07,42.421,2836.2,3643.2,18.241,14.976,30.042,0.054058,0.10146,360.37,77.09,6.871,13.209,33.801,4726.6,22.772,46.093,49.541,77.237,2.1502,1.5987,3209.4,42.174,57.082,93.914,9.6948,77.185,36.751,31.602,2771.6,63.891,24.78,38.913,0.28699,8.4809,28.6,120.39,1.0738,75.446,26.879,2.1238,53.04,4.441,205.17,0.0090065,0.66236,63.396,16.587,43.717
215,2026-04-10T06:42:00,49.983,2.6635,26.663,34.71,43.213,2838.8,3675.7,16.646,14.798,29.938,0.025835,0.10146,359.4,76.831,6.7579,13.32,33.696,4775.6,23.458,46.496,50.474,77.231,2.1356,1.5675,3211.3,42.505,56.627,94.017,9.6589,81.405,39.494,30.095,2773.7,63.883,24.415,37.563,0.2762,8.3995,28.695,120.37,0.97593,75.53,27.09,2.09,53.04,4.383,199.78,0.0090065,0.66236,63.169,15.982,43.717
216,2026-04-10T06:45:00,48.386,2.6429,27.08,34.71,42.452,2840.3,3711.6,16.711,14.798,30.261,0.026044,0.10146,359.06,77.242,6.7579,13.32,33.696,4812.5,23.422,42.798,48.203,77.36,2.1356,1.5675,3212.5,42.411,56.186,93.924,9.6509,80.253,32.813,30.381,2775.2,63.265,23.382,36.011,0.27385,8.3995,28.695,120.38,0.97593,75.947,27.09,2.09,53.04,4.383,196.77,0.0090065,0.66236,62.979,15.982,43.717
217,2026-04-10T06:48:00,50.046,2.0337,26.82,34.695,42.023,2837.6,3683.2,19.21,14.874,29.406,0.020159,0.084932,358.25,76.384,6.6624,13.276,33.311,4852.3,22.404,46.64,50.229,77.122,2.1237,1.562,3213.4,42.876,57.615,94.058,9.5662,78.165,38.773,31.25,2771.8,64.81,24.431,34.363,0.28426,8.3964,28.562,120.37,1.12,76.355,27.336,2.0541,53.73,4.3311,188.29,0.039652,0.68037,62.79,16.2,43.316
218,2026-04-10T06:51:00,50.885,2.1128,26.856,34.695,42.746,2833.6,3697.4,16.674,14.874,29.506,0.019354,0.084932,357.35,76.441,6.6624,13.276,33.311,4791.4,23.49,48.582,51.093,76.856,2.1237,1.562,3210.0,42.302,58.344,93.875,9.4932,76.963,41.317,30.972,2768.3,64.566,25.988,32.903,0.28653,8.3964,28.562,120.4,1.12,76.434,27.336,2.0541,53.73,4.3311,181.61,0.039652,0.68037,62.472,16.2,43.316
219,2026-04-10T06:54:00,49.948,4.14,27.256,34.059,41.753,2833.9,3760.4,17.912,15.08,29.383,0.045781,0.084932,356.34,76.477,6.7279,13.118,33.328,4799.3,22.983,46.414,49.114,76.977,2.0914,1.6106,3210.4,42.469,58.166,94.051,9.5322,74.642,35.492,30.164,2768.2,64.481,24.368,31.588,0.27722,8.6075,29.168,120.4,0.90087,76.84,27.469,2.1548,53.73,4.3483,173.45,0.039652,0.68037,62.164,16.672,43.316
220,2026-04-10T06:57:00,50.561,4.4026,26.918,34.059,42.405,2829.4,3783.8,18.952,15.08,28.817,0.04311,0.084932,355.55,76.32,6.7279,13.118,33.328,4811.2,22.563,47.833,49.061,76.926,2.0914,1.6106,3207.7,42.165,58.024,94.011,9.441,75.907,35.336,30.754,2762.8,64.079,22.893,30.221,0.27239,8.6075,29.168,120.39,0.90087,76.973,27.469,2.1548,53.73,4.3483,165.96,0.039652,0.68037,61.926,16.672,43.316
221,2026-04-10T07:00:00,49.622,3.0993,26.474,34.102,41.912,2824.6,3757.3,21.13,15.255,28.268,0.029666,0.084932,354.78,76.116,6.7558,13.37,32.555,4854.6,21.667,45.659,49.049,76.964,2.1219,1.5061,3203.3,42.485,56.74,93.985,9.3857,74.751,35.301,27.877,2758.0,64.136,24.016,28.694,0.25374,8.4968,29.314,120.39,0.87661,77.125,27.859,2.0069,53.73,4.2089,160.36,0.039652,0.68037,61.686,16.801,43.316
222,2026-04-10T07:03:00,49.326,2.9562,27.215,34.102,42.26,2820.7,3767.2,19.704,15.255,28.562,0.031121,0.096956,353.0,76.313,6.7558,13.37,32.555,4785.5,22.281,44.974,50.756,76.974,2.1219,1.5061,3198.4,41.846,57.567,94.307,9.3021,75.752,40.323,28.238,2753.6,63.966,23.179,27.28,0.25078,8.4968,29.314,120.39,0.87661,77.272,27.859,2.0069,53.39,4.2089,155.52,0.019928,0.71818,61.434,16.801,44.31
223,2026-04-10T07:06:00,50.492,9.665,26.814,33.698,42.34,2814.1,3733.6,18.265,15.386,27.56,0.096632,0.096956,352.22,75.689,6.7266,13.479,32.702,4833.7,22.925,47.673,50.96,76.961,2.0852,1.5951,3195.6,42.625,57.015,94.122,9.31,73.023,40.926,31.249,2747.3,64.432,25.144,25.879,0.2743,8.3853,29.237,120.38,1.0622,77.459,28.157,1.9926,53.39,4.3039,149.55,0.019928,0.71818,61.199,16.644,44.31
224,2026-04-10T07:09:00,50.921,9.5559,26.685,33.698,42.094,2808.1,3699.6,19.97,15.386,26.996,0.097741,0.096956,351.16,75.94,6.7266,13.479,32.702,4804.6,22.228,48.667,50.275,76.831,2.0852,1.5951,3190.0,42.055,57.365,94.456,9.1256,76.549,38.909,31.293,2739.4,65.017,24.713,24.523,0.27394,8.3853,29.237,120.38,1.0622,76.613,28.157,1.9926,53.39,4.3039,143.2,0.019928,0.71818,60.942,16.644,44.31
225,2026-04-10T07:12:00,49.458,7.8322,27.4,33.366,40.918,2804.1,3764.2,18.859,15.706,27.132,0.077746,0.096956,350.21,76.02,6.9683,13.306,32.109,4793.4,22.706,45.279,49.931,77.138,2.1652,1.542,3187.4,42.018,58.231,94.243,9.1447,75.579,37.898,32.428,2736.0,64.295,24.122,23.349,0.28371,8.5271,29.222,120.38,1.2223,78.175,27.987,2.0758,53.39,4.2284,134.93,0.019928,0.71818,60.708,16.805,44.31
226,2026-04-10T07:15:00,49.742,7.794,27.063,33.366,42.636,2800.3,3757.2,17.986,15.706,26.761,0.078134,0.096956,348.14,76.228,6.9683,13.306,32.109,4824.3,23.08,45.936,48.935,77.385,2.1652,1.542,3183.0,41.72,57.861,94.495,9.0049,75.273,34.966,32.209,2731.9,64.415,24.684,22.034,0.2855,8.5271,29.222,120.42,1.2223,78.166,27.987,2.0758,53.39,4.2284,128.28,0.019928,0.71818,60.546,16.805,44.31
227,2026-04-10T07:18:00,49.538,13.119,27.036,33.047,40.696,2794.5,3686.6,18.66,16.471,26.258,0.13424,0.083643,346.93,76.375,6.927,13.242,31.944,4817.3,22.805,45.464,49.508,77.533,2.1426,1.5515,3180.0,42.178,57.893,94.461,9.0228,73.972,36.653,29.915,2726.0,63.542,24.11,21.293,0.26121,8.6197,28.812,120.38,1.2112,78.328,27.358,2.0238,52.694,4.2731,123.36,0.0070701,0.78286,60.389,17.983,43.841
228,2026-04-10T07:21:00,49.907,13.283,26.875,33.047,41.339,2788.9,3668.0,19.807,16.471,25.494,0.13256,0.083643,345.53,75.908,6.927,13.242,31.944,4835.5,22.348,46.32,50.962,77.643,2.1426,1.5515,3176.3,42.007,57.676,94.783,8.9424,73.716,40.931,30.151,2719.6,63.863,25.185,20.354,0.25928,8.6197,28.812,120.39,1.2112,78.366,27.358,2.0238,52.694,4.2731,116.1,0.0070701,0.78286,60.304,17.983,43.841
229,2026-04-10T07:24:00,49.68,14.943,27.316,31.71,40.458,2782.5,3700.1,18.572,17.088,25.721,0.15089,0.083643,344.4,75.903,7.0925,13.636,31.583,4741.7,22.887,45.793,50.895,77.709,2.1214,1.5435,3170.9,42.119,56.141,94.61,9.027,72.73,40.735,28.658,2713.6,63.609,27.181,19.108,0.25078,8.5757,28.626,120.36,1.0962,78.793,27.929,2.0141,52.694,4.3115,112.41,0.0070701,0.78286,60.117,17.799,43.841
230,2026-04-10T07:27:00,49.587,15.049,26.656,31.71,41.502,2777.0,3705.3,19.605,17.088,24.876,0.14981,0.083643,343.02,76.007,7.0925,13.636,31.583,4720.2,22.463,45.578,50.451,77.86,2.1214,1.5435,3166.2,41.883,56.398,94.928,8.9064,75.707,39.427,28.836,2707.2,63.52,26.176,18.047,0.24933,8.5757,28.626,120.41,1.0962,78.746,27.929,2.0141,52.694,4.3115,106.66,0.0070701,0.78286,59.98,17.799,43.841
231,2026-04-10T07:30:00,50.528,18.549,27.354,32.227,40.044,2770.1,3663.0,19.185,16.983,24.647,0.19295,0.083643,341.42,75.902,7.0036,13.552,31.174,4740.3,22.654,47.757,50.559,78.026,2.1307,1.5364,3161.0,41.873,56.759,94.905,8.8822,71.657,39.746,33.622,2699.1,62.677,24.694,16.989,0.29177,8.6781,28.87,120.37,1.2813,78.513,27.67,2.0533,52.694,4.4365,100.96,0.0070701,0.78286,59.88,18.236,43.841
232,2026-04-10T07:33:00,50.818,18.604,27.083,32.227,39.619,2762.7,3639.2,20.275,16.983,23.873,0.19238,0.098317,339.99,75.696,7.0036,13.552,31.174,4784.5,22.223,48.427,49.696,77.937,2.1307,1.5364,3156.0,41.989,56.23,95.226,9.0043,70.714,37.206,34.141,2691.2,63.085,23.316,17.188,0.28752,8.6781,28.87,120.36,1.2813,78.877,27.67,2.0533,53.428,4.4365,98.089,0.028402,0.87094,59.725,18.236,44.455
233,2026-04-10T07:36:00,50.67,23.358,26.813,31.438,40.461,2756.7,3647.7,21.401,17.647,23.542,0.23989,0.098317,338.89,75.774,7.0132,13.375,30.962,4683.7,21.765,48.085,50.846,78.052,2.1398,1.6376,3150.2,41.526,56.491,95.048,8.763,74.379,40.59,32.885,2685.0,63.563,24.498,16.408,0.27681,8.8602,28.462,120.38,1.3415,78.494,27.481,2.0204,53.428,4.3486,96.73,0.028402,0.87094,59.622,18.52,44.455
234,2026-04-10T07:39:00,51.056,23.579,26.026,31.438,39.149,2751.5,3679.1,20.072,17.647,22.643,0.23764,0.098317,337.42,75.804,7.0132,13.375,30.962,4700.3,22.34,48.977,49.013,78.245,2.1398,1.6376,3146.7,41.957,56.291,95.312,8.894,72.748,35.196,33.183,2679.3,63.023,24.268,15.686,0.27437,8.8602,28.462,120.37,1.3415,77.414,27.481,2.0204,53.428,4.3486,94.727,0.028402,0.87094,59.546,18.52,44.455
235,2026-04-10T07:42:00,52.263,26.781,26.554,31.457,39.821,2747.4,3675.7,20.939,17.938,22.731,0.2695,0.098317,336.45,76.119,6.9126,13.498,31.305,4664.1,21.976,51.772,51.327,78.547,2.161,1.5551,3144.8,41.878,56.096,95.139,8.7647,72.448,42.006,30.637,2676.1,62.878,27.281,15.223,0.25183,9.0361,28.01,120.42,1.1899,78.498,26.904,2.0741,53.428,4.4452,89.838,0.028402,0.87094,59.498,18.424,44.455
236,2026-04-10T07:45:00,49.973,26.545,27.045,31.457,39.681,2743.8,3652.2,20.511,17.938,22.218,0.2719,0.098317,334.98,76.311,6.9126,13.498,31.305,4644.8,22.155,46.472,50.109,78.826,2.161,1.5551,3142.1,42.0,56.327,95.203,8.6801,73.674,38.421,30.298,2671.3,63.283,26.027,14.684,0.25461,9.0361,28.01,120.38,1.1899,79.245,26.904,2.0741,53.428,4.4452,85.791,0.028402,0.87094,59.488,18.424,44.455
237,2026-04-10T07:48:00,52.129,24.541,26.89,31.196,40.388,2736.8,3672.6,20.566,18.547,21.825,0.24788,0.097264,333.67,75.759,6.7824,13.769,30.964,4660.4,22.158,51.46,51.282,78.926,2.2005,1.5735,3136.0,41.699,56.427,95.305,8.6226,72.388,41.874,32.078,2664.1,63.737,23.896,15.839,0.26241,8.8904,27.538,120.41,1.1967,79.041,27.295,2.1633,54.072,4.5194,87.826,0.034411,0.98289,59.54,19.103,44.094
238,2026-04-10T07:51:00,49.709,24.564,27.055,31.196,39.508,2726.3,3678.8,15.462,18.547,21.108,0.24764,0.097264,332.13,75.559,6.7824,13.769,30.964,4694.9,24.33,45.86,51.193,78.787,2.2005,1.5735,3130.0,41.847,56.014,95.156,8.7496,72.06,41.612,32.155,2653.2,63.631,25.291,15.91,0.26178,8.8904,27.538,120.38,1.1967,79.046,27.295,2.1633,54.072,4.5194,87.823,0.034411,0.98289,59.571,19.103,44.094
239,2026-04-10T07:54:00,48.969,28.654,26.683,30.613,40.451,2720.3,3692.3,20.685,18.948,20.815,0.29381,0.097264,330.83,75.871,6.9597,13.69,30.936,4611.6,22.133,44.147,50.665,79.057,2.1725,1.63,3124.0,41.755,55.347,95.289,8.6981,69.697,40.058,35.38,2646.6,64.573,24.57,15.769,0.29251,9.0066,27.818,120.42,1.4617,78.668,26.295,2.2026,54.072,4.6207,90.175,0.034411,0.98289,59.631,19.242,44.094
240,2026-04-10T07:57:00,50.238,28.834,26.495,30.613,38.822,2711.8,3731.8,19.483,18.948,20.028,0.29198,0.097264,328.52,75.884,6.9597,13.69,30.936,4628.6,22.651,47.085,50.066,79.25,2.1725,1.63,3118.6,41.529,55.144,95.167,8.6656,70.472,38.294,35.946,2638.7,63.893,26.265,15.808,0.28787,9.0066,27.818,120.37,1.4617,78.543,26.295,2.2026,54.072,4.6207,90.496,0.034411,0.98289,59.678,19.242,44.094
241,2026-04-10T08:00:00,50.69,30.167,27.185,30.31,40.428,2705.6,3689.2,19.475,19.069,19.713,0.30961,0.097264,327.04,76.159,7.0476,13.917,30.209,4608.6,22.655,48.13,49.524,79.449,2.1982,1.6214,3112.6,41.977,54.976,95.341,8.6482,70.004,36.7,34.699,2630.9,63.081,24.939,16.071,0.2797,9.0061,27.621,120.43,1.3929,78.643,25.872,2.2218,54.072,4.6825,88.194,0.034411,0.98289,59.804,18.998,44.094
242,2026-04-10T08:03:00,49.086,30.219,26.919,30.31,38.791,2697.8,3686.2,18.5,19.069,19.092,0.30909,0.12355,325.47,75.868,7.0476,13.917,30.209,4620.5,23.085,44.419,49.628,79.574,2.1982,1.6214,3107.5,41.85,54.833,95.363,8.6825,69.752,37.005,34.644,2623.1,63.132,24.104,18.227,0.28015,9.0061,27.621,120.38,1.3929,78.396,25.872,2.2218,53.888,4.6825,98.574,0.021228,1.0441,59.958,18.998,44.194
243,2026-04-10T08:06:00,48.312,39.121,26.957,30.121,39.78,2692.6,3648.8,18.989,19.708,18.746,0.39284,0.12355,324.15,75.938,7.0418,13.709,30.127,4611.8,22.889,42.627,51.373,79.674,2.2056,1.5988,3103.5,41.801,55.477,95.618,8.6688,69.678,42.139,38.301,2617.1,62.891,25.058,19.196,0.29962,8.9159,27.273,120.39,1.2661,77.533,25.814,2.1055,53.888,4.5851,102.97,0.021228,1.0441,60.185,19.793,44.194
244,2026-04-10T08:09:00,48.374,38.787,26.585,30.121,38.53,2688.6,3668.3,19.547,19.708,18.051,0.39623,0.12355,322.7,76.304,7.0418,13.709,30.127,4615.0,22.654,42.771,50.144,79.88,2.2056,1.5988,3101.2,42.217,55.438,95.399,8.6428,71.812,38.524,38.312,2612.5,62.555,25.774,20.081,0.29952,8.9159,27.273,120.37,1.2661,77.606,25.814,2.1055,53.888,4.5851,108.18,0.021228,1.0441,60.457,19.793,44.194
245,2026-04-10T08:12:00,51.282,41.543,27.175,30.063,39.818,2686.8,3645.0,19.642,19.805,18.246,0.42608,0.12355,322.12,76.432,6.9133,13.967,30.094,4529.2,22.605,49.5,50.124,80.303,2.2483,1.628,3100.7,41.676,54.411,95.551,8.7131,68.404,38.463,35.467,2611.5,62.853,24.295,21.044,0.27708,9.1094,26.978,120.42,1.4266,76.749,24.943,2.253,53.888,4.7277,112.35,0.021228,1.0441,60.737,20.077,44.194
246,2026-04-10T08:15:00,51.442,41.868,27.138,30.063,38.267,2682.4,3672.2,16.711,19.805,17.841,0.42277,0.12355,320.97,76.56,6.9133,13.967,30.094,4531.8,23.833,49.871,51.224,80.511,2.2483,1.628,3097.7,41.946,54.38,95.389,8.576,72.422,41.702,35.186,2607.0,62.385,27.006,21.87,0.27938,9.1094,26.978,120.38,1.4266,78.31,24.943,2.253,53.888,4.7277,117.9,0.021228,1.0441,61.106,20.077,44.194
247,2026-04-10T08:18:00,50.323,44.052,27.053,29.923,38.862,2677.2,3670.0,19.57,20.396,17.28,0.45009,0.13354,319.03,76.374,7.0091,14.105,30.149,4486.8,22.634,47.282,49.436,80.623,2.229,1.6881,3094.9,42.022,54.025,95.368,8.5245,70.764,36.441,38.75,2600.7,63.46,26.995,24.318,0.30709,9.2844,26.377,120.41,1.4042,77.666,24.857,2.3016,53.799,4.8758,126.25,0.0044589,1.1288,61.417,20.251,43.217
248,2026-04-10T08:21:00,50.763,44.1,27.148,29.923,39.973,2671.6,3631.3,18.67,20.396,16.884,0.4496,0.13354,318.64,76.385,7.0091,14.105,30.149,4495.9,23.016,48.3,51.758,80.656,2.229,1.6881,3089.8,42.202,53.917,95.437,8.7005,71.029,43.274,38.57,2595.0,64.127,25.274,25.867,0.30856,9.2844,26.377,120.42,1.4042,78.03,24.857,2.3016,53.799,4.8758,132.61,0.0044589,1.1288,61.749,20.251,43.217
249,2026-04-10T08:24:00,48.238,45.597,26.703,29.635,38.896,2664.8,3650.5,19.121,20.966,16.423,0.46684,0.13354,317.69,76.255,7.0206,14.118,30.319,4446.5,22.834,42.456,49.319,80.647,2.2477,1.6584,3082.7,42.194,53.849,95.399,8.7684,70.911,36.096,40.531,2588.0,62.881,22.617,27.158,0.32531,9.1229,26.396,120.4,1.4834,76.423,24.186,2.2783,53.799,4.8392,141.74,0.0044589,1.1288,62.034,20.76,43.217
250,2026-04-10T08:27:00,49.892,45.686,27.017,29.635,39.532,2656.2,3655.4,17.532,20.966,15.949,0.46593,0.13354,315.99,75.832,7.0206,14.118,30.319,4471.3,23.535,46.284,51.559,80.407,2.2477,1.6584,3077.1,42.023,53.552,95.642,8.7263,71.724,42.689,41.146,2579.3,62.796,26.882,28.722,0.32028,9.1229,26.396,120.43,1.4834,76.654,24.186,2.2783,53.799,4.8392,147.69,0.0044589,1.1288,62.309,20.76,43.217
251,2026-04-10T08:30:00,47.929,45.919,27.202,29.68,38.53,2655.1,3661.5,19.822,21.572,16.772,0.47123,0.13354,317.38,76.724,7.1631,14.203,30.444,4425.1,22.549,41.742,48.494,80.757,2.2578,1.6503,3072.5,42.043,52.563,95.37,8.6465,69.832,33.668,41.302,2578.1,62.466,25.327,30.154,0.32522,9.1205,25.766,120.4,1.4892,76.449,24.054,2.318,53.799,4.9229,155.01,0.0044589,1.1288,62.551,20.704,43.217
252,2026-04-10T08:33:00,51.035,46.066,27.09,29.68,39.113,2652.3,3657.7,20.931,21.572,16.454,0.46972,0.12802,317.01,76.738,7.1631,14.203,30.444,4416.2,22.079,48.93,51.218,81.062,2.2578,1.6503,3070.4,42.38,52.671,95.526,8.6278,72.133,41.685,41.365,2575.7,62.53,24.207,33.711,0.3247,9.1205,25.766,120.38,1.4892,77.634,24.054,2.318,53.764,4.9229,167.67,0.01482,1.1527,62.964,20.704,43.559
253,2026-04-10T08:36:00,50.819,46.638,27.329,29.789,38.951,2648.8,3589.3,19.489,21.596,16.271,0.47733,0.12802,315.74,76.746,7.1312,14.21,30.371,4433.6,22.683,48.428,49.066,81.229,2.2431,1.7043,3067.8,42.086,52.271,95.486,8.6635,72.134,35.35,43.142,2572.1,62.259,25.908,36.041,0.33298,9.3506,25.986,120.41,1.538,75.47,22.982,2.3337,53.764,4.9529,177.24,0.01482,1.1527,63.437,20.823,43.559
254,2026-04-10T08:39:00,50.188,46.674,27.039,29.789,38.127,2645.4,3613.9,16.115,21.596,16.257,0.47696,0.12802,316.04,76.69,7.1312,14.21,30.371,4417.9,24.099,46.969,51.137,81.368,2.2431,1.7043,3065.1,42.096,52.458,95.56,8.7676,72.47,41.447,42.913,2569.2,61.837,26.243,38.407,0.33486,9.3506,25.986,120.42,1.538,75.741,22.982,2.3337,53.764,4.9529,186.18,0.01482,1.1527,63.904,20.823,43.559
255,2026-04-10T08:42:00,50.767,49.513,27.074,30.121,40.087,2643.0,3589.1,16.407,21.907,16.126,0.49936,0.12802,315.66,77.395,7.2202,13.991,30.488,4355.1,23.95,48.308,49.352,81.484,2.2705,1.6863,3064.0,41.809,52.584,95.579,8.9577,70.797,36.194,43.541,2566.4,62.293,26.593,40.619,0.33584,9.1686,25.82,120.43,1.5206,76.487,22.565,2.3353,53.764,4.9916,196.68,0.01482,1.1527,64.346,21.064,43.559
256,2026-04-10T08:45:00,50.276,49.412,26.717,30.121,38.54,2641.4,3582.6,21.128,21.907,15.773,0.50038,0.12802,315.08,76.565,7.2202,13.991,30.488,4387.0,21.977,47.174,50.225,81.605,2.2705,1.6863,3062.1,42.338,52.202,95.379,8.7592,72.934,38.763,43.298,2564.4,62.404,25.106,42.917,0.33784,9.1686,25.82,120.38,1.5206,76.498,22.565,2.3353,53.764,4.9916,205.99,0.01482,1.1527,64.804,21.064,43.559
257,2026-04-10T08:48:00,49.003,50.161,26.984,30.004,39.059,2637.9,3596.8,19.53,22.025,15.709,0.50665,0.1078,315.59,76.504,7.104,14.364,30.436,4300.1,22.655,44.227,51.407,81.452,2.3304,1.6668,3058.5,42.345,52.286,95.511,8.8253,72.752,42.242,40.407,2560.7,61.103,26.223,46.059,0.31681,9.3101,25.357,120.41,1.5063,75.309,22.504,2.3704,53.849,5.0303,218.67,0.027993,1.1495,65.209,21.015,43.589
258,2026-04-10T08:51:00,48.549,50.04,26.873,30.004,39.227,2635.6,3579.4,17.063,22.025,15.947,0.50788,0.1078,316.38,76.649,7.104,14.364,30.436,4351.0,23.698,43.176,48.592,81.261,2.3304,1.6668,3054.9,41.808,51.676,95.529,8.7878,75.039,33.956,40.164,2558.1,61.401,24.236,48.7,0.31881,9.3101,25.357,120.39,1.5063,75.05,22.504,2.3704,53.849,5.0303,229.47,0.027993,1.1495,65.578,21.015,43.589
259,2026-04-10T08:54:00,48.268,52.093,27.336,30.284,38.704,2634.6,3582.5,18.451,22.238,15.935,0.53296,0.1078,317.16,76.856,6.9305,14.141,30.456,4312.0,23.109,42.526,50.824,81.356,2.342,1.6602,3054.4,42.389,51.883,95.553,8.9671,71.584,40.526,45.074,2556.9,62.104,26.185,51.536,0.3647,9.1833,25.165,120.39,1.5171,74.256,22.066,2.3132,53.849,5.1311,237.95,0.027993,1.1495,65.914,20.803,43.589
260,2026-04-10T08:57:00,49.456,52.354,26.997,30.284,39.579,2635.4,3572.9,16.58,22.238,16.018,0.5303,0.1078,317.59,77.103,6.9305,14.141,30.456,4378.3,23.888,45.276,49.729,81.535,2.342,1.6602,3054.2,42.53,51.09,95.215,8.9185,73.877,37.301,45.517,2558.3,62.268,27.131,54.208,0.36108,9.1833,25.165,120.4,1.5171,74.967,22.066,2.3132,53.849,5.1311,248.07,0.027993,1.1495,66.31,20.803,43.589
261,2026-04-10T09:00:00,50.071,53.617,26.761,30.984,40.504,2636.6,3620.6,18.147,22.387,16.255,0.54977,0.1078,318.61,76.891,6.805,14.225,30.453,4350.1,23.226,46.697,50.191,81.66,2.332,1.7209,3055.7,42.104,51.587,95.244,8.9407,72.622,38.663,42.603,2560.7,62.843,25.643,56.827,0.34127,9.314,24.562,120.45,1.5601,74.664,21.121,2.4268,53.849,5.0921,258.58,0.027993,1.1495,66.745,21.176,43.589
262,2026-04-10T09:03:00,49.884,53.564,26.843,30.984,40.415,2637.4,3615.6,20.835,22.387,16.321,0.55031,0.097471,319.7,77.257,6.805,14.225,30.453,4324.6,22.077,46.266,49.503,81.689,2.332,1.7209,3055.6,42.088,51.892,94.969,9.0783,70.894,36.639,42.976,2561.1,62.928,26.101,59.9,0.33822,9.314,24.562,120.46,1.5601,74.13,21.121,2.4268,53.982,5.0921,269.23,0.0084098,1.1111,67.129,21.176,43.598
263,2026-04-10T09:06:00,50.221,55.628,26.685,30.996,40.356,2635.8,3658.0,19.75,22.357,16.148,0.56609,0.097471,319.93,77.284,6.9316,14.184,30.978,4266.5,22.527,47.046,49.85,81.69,2.3224,1.7228,3055.2,42.791,51.299,94.954,9.1035,73.236,37.657,43.97,2558.8,63.313,26.332,62.551,0.3528,9.1435,25.131,120.45,1.5618,74.443,21.938,2.4093,53.982,5.0435,281.39,0.0084098,1.1111,67.55,21.074,43.598
264,2026-04-10T09:09:00,50.223,55.466,27.069,30.996,41.414,2635.5,3638.3,16.871,22.357,16.53,0.56775,0.097471,321.19,77.412,6.9316,14.184,30.978,4278.8,23.725,47.05,49.926,81.787,2.3224,1.7228,3053.5,42.212,51.152,94.806,9.1651,73.986,37.882,43.974,2559.9,63.652,25.696,65.499,0.35276,9.1435,25.131,120.44,1.5618,72.782,21.938,2.4093,53.982,5.0435,290.01,0.0084098,1.1111,67.961,21.074,43.598
265,2026-04-10T09:12:00,49.282,52.098,26.471,31.223,40.322,2634.5,3660.1,19.373,22.017,16.588,0.53095,0.097471,323.0,77.603,6.9123,14.301,31.25,4302.7,22.652,44.872,49.501,81.854,2.353,1.7012,3050.9,42.327,50.722,94.899,9.111,74.908,36.633,43.855,2559.6,62.179,25.034,68.497,0.34951,9.3122,24.55,120.47,1.4128,74.108,20.762,2.4406,53.982,5.112,297.87,0.0084098,1.1111,68.386,20.492,43.598
266,2026-04-10T09:15:00,52.364,52.143,27.082,31.223,40.657,2632.0,3628.7,17.228,22.017,17.145,0.53049,0.097471,323.58,77.03,6.9123,14.301,31.25,4276.0,23.566,52.006,51.361,81.687,2.353,1.7012,3047.7,42.203,51.041,94.773,9.0385,75.778,42.106,43.874,2556.7,62.719,25.787,71.43,0.34936,9.3122,24.55,120.4,1.4128,72.994,20.762,2.4406,53.982,5.112,306.31,0.0084098,1.1111,68.761,20.492,43.598
267,2026-04-10T09:18:00,49.646,50.529,26.889,32.147,41.202,2633.1,3646.7,20.152,21.431,17.197,0.51658,0.10092,324.87,77.231,7.2103,14.43,32.105,4314.8,22.32,45.715,49.638,81.741,2.3522,1.707,3047.2,42.475,51.667,94.654,9.2339,74.853,37.036,45.538,2558.1,62.541,24.751,73.917,0.36641,9.3355,24.098,120.43,1.4346,73.721,20.494,2.4153,54.728,5.1376,314.51,0.033939,1.0313,69.093,20.938,43.16
268,2026-04-10T09:21:00,49.622,50.542,26.669,32.147,39.993,2631.8,3633.3,18.284,21.431,17.415,0.51643,0.10092,326.39,77.46,7.2103,14.43,32.105,4304.7,23.097,45.659,49.077,81.571,2.3522,1.707,3044.7,42.784,51.788,94.89,9.1608,75.133,35.382,45.332,2556.9,62.773,26.182,76.669,0.3681,9.3355,24.098,120.39,1.4346,73.078,20.494,2.4153,54.728,5.1376,322.48,0.033939,1.0313,69.416,20.938,43.16
269,2026-04-10T09:24:00,50.798,43.004,26.781,32.599,40.647,2631.3,3591.0,17.9,21.372,18.14,0.43842,0.10092,328.76,77.421,7.1224,14.288,32.262,4236.5,23.25,48.382,48.884,81.581,2.3416,1.6799,3040.6,42.742,51.184,94.861,9.1387,76.167,34.816,47.158,2556.9,60.717,27.928,79.275,0.38807,9.1795,24.093,120.42,1.5324,73.581,20.564,2.4296,54.728,5.1303,331.98,0.033939,1.0313,69.709,20.798,43.16
270,2026-04-10T09:27:00,51.783,43.199,26.824,32.599,39.474,2631.8,3551.7,17.47,21.372,18.399,0.43643,0.10092,330.15,77.539,7.1224,14.288,32.262,4258.3,23.418,50.659,51.088,81.628,2.3416,1.6799,3039.8,42.454,50.923,95.055,9.385,74.251,41.303,47.11,2557.1,61.393,26.902,82.042,0.38847,9.1795,24.093,120.36,1.5324,72.905,20.564,2.4296,54.728,5.1303,339.51,0.033939,1.0313,70.004,20.798,43.16
271,2026-04-10T09:30:00,51.579,41.503,27.163,32.592,41.105,2634.5,3596.7,17.023,20.858,18.729,0.42341,0.10092,331.05,77.491,7.0287,14.196,32.113,4241.9,23.594,50.189,49.898,81.703,2.3902,1.7392,3042.5,42.47,51.11,94.816,9.3287,76.238,37.799,45.762,2560.1,61.122,24.419,84.794,0.37483,9.4152,23.79,120.43,1.4376,73.549,20.172,2.3682,54.728,5.1257,347.06,0.033939,1.0313,70.34,20.403,43.16
272,2026-04-10T09:33:00,49.197,41.274,26.922,32.592,39.57,2636.2,3597.5,18.305,20.858,18.629,0.42574,0.097537,332.02,77.595,7.0287,14.196,32.113,4266.0,23.041,44.675,51.926,81.63,2.3902,1.7392,3043.6,42.533,50.821,94.998,9.2729,76.904,43.767,45.861,2562.3,61.108,26.695,86.066,0.37402,9.4152,23.79,120.36,1.4376,71.876,20.172,2.3682,53.83,5.1257,352.93,0.020039,0.95574,70.593,20.403,43.976
273,2026-04-10T09:36:00,48.463,42.869,26.485,33.368,42.038,2640.3,3579.2,18.657,20.65,19.114,0.43831,0.097537,334.5,77.768,7.0606,14.372,32.625,4265.7,22.874,42.976,48.93,81.642,2.3513,1.7363,3045.5,42.681,51.489,94.725,9.4948,76.043,34.95,44.762,2567.0,62.062,26.232,88.214,0.36795,9.2597,23.725,120.45,1.4707,72.142,20.44,2.4319,53.83,5.085,359.16,0.020039,0.95574,70.829,20.577,43.976
274,2026-04-10T09:39:00,48.813,42.999,26.689,33.368,39.973,2644.3,3615.6,17.241,20.65,19.48,0.43698,0.097537,335.53,78.143,7.0606,14.372,32.625,4266.1,23.44,43.788,50.215,81.739,2.3513,1.7363,3048.9,42.398,51.484,94.771,9.4481,76.864,38.734,44.839,2572.1,61.436,26.147,90.422,0.36732,9.2597,23.725,120.37,1.4707,73.361,20.44,2.4319,53.83,5.085,364.57,0.020039,0.95574,71.077,20.577,43.976
275,2026-04-10T09:42:00,50.044,38.203,26.81,33.679,41.549,2646.3,3592.4,18.342,20.513,19.922,0.38293,0.097537,337.52,77.805,6.6781,14.224,32.707,4245.8,22.968,46.635,51.259,81.708,2.356,1.6763,3048.9,42.4,51.011,94.59,9.4286,78.384,41.804,47.134,2574.0,61.402,26.069,92.646,0.39272,9.1545,23.271,120.45,1.4944,72.666,20.073,2.4927,53.83,5.1075,369.67,0.020039,0.95574,71.344,19.8,43.976
276,2026-04-10T09:45:00,49.835,37.797,26.855,33.679,40.714,2647.0,3580.1,17.79,20.513,20.041,0.38706,0.097537,338.4,77.48,6.6781,14.224,32.707,4274.5,23.202,46.151,49.812,81.414,2.356,1.6763,3048.8,42.655,50.667,94.886,9.462,78.334,37.548,47.164,2574.0,61.614,24.307,94.739,0.39247,9.1545,23.271,120.41,1.4944,72.067,20.073,2.4927,53.83,5.1075,376.19,0.020039,0.95574,71.558,19.8,43.976
277,2026-04-10T09:48:00,48.043,36.992,26.938,33.843,41.816,2649.0,3718.8,18.538,20.407,20.373,0.36941,0.094996,340.07,77.804,6.8626,14.02,32.741,4303.1,22.872,42.005,50.067,81.261,2.3758,1.7192,3050.0,42.52,51.994,94.351,9.4313,78.105,38.298,45.583,2577.1,62.594,26.079,95.562,0.37867,9.1099,23.855,120.43,1.3167,72.491,19.847,2.4802,54.528,5.2187,378.39,0.011912,0.88415,71.646,19.466,43.751
278,2026-04-10T09:51:00,49.129,36.658,26.863,33.843,42.065,2651.8,3691.3,16.562,20.407,20.595,0.3728,0.094996,341.96,77.943,6.8626,14.02,32.741,4312.8,23.692,44.517,48.755,81.134,2.3758,1.7192,3051.8,42.939,51.877,94.318,9.6087,77.415,34.438,45.428,2578.9,63.068,24.331,96.962,0.37995,9.1099,23.855,120.45,1.3167,72.336,19.847,2.4802,54.528,5.2187,384.58,0.011912,0.88415,71.732,19.466,43.751
279,2026-04-10T09:54:00,50.21,35.609,26.903,34.086,41.678,2658.0,3634.6,17.268,19.67,21.445,0.36589,0.094996,343.46,78.331,6.9435,14.399,32.833,4349.7,23.365,47.021,50.155,81.378,2.3012,1.6829,3055.8,42.566,52.111,94.229,9.5829,77.937,38.557,42.933,2587.1,62.53,24.606,98.513,0.35929,9.0401,23.912,120.41,1.2455,72.311,20.68,2.4254,54.528,5.1763,388.98,0.011912,0.88415,71.865,20.196,43.751
280,2026-04-10T09:57:00,48.855,35.815,26.926,34.086,42.552,2661.8,3628.6,17.749,19.67,21.509,0.3638,0.094996,344.73,77.948,6.9435,14.399,32.833,4347.7,23.154,43.885,49.632,81.367,2.3012,1.6829,3060.0,42.556,52.135,94.302,9.5406,80.514,37.016,42.871,2590.7,62.632,27.901,99.977,0.3598,9.0401,23.912,120.46,1.2455,72.169,20.68,2.4254,54.528,5.1763,390.97,0.011912,0.88415,72.074,20.196,43.751
281,2026-04-10T10:00:00,49.757,34.304,26.76,34.432,41.215,2663.4,3636.2,17.862,19.742,21.743,0.34881,0.094996,345.59,77.946,6.7898,14.176,33.515,4254.7,23.095,45.971,50.515,81.158,2.366,1.6984,3059.5,42.604,51.279,94.243,9.6503,77.288,39.615,47.851,2591.9,61.773,25.287,100.09,0.40672,8.9431,24.285,120.38,1.2367,73.131,21.024,2.3905,54.528,5.1124,391.67,0.011912,0.88415,72.169,19.246,43.751
282,2026-04-10T10:03:00,50.095,34.289,26.899,34.432,42.281,2666.6,3612.9,18.209,19.742,22.291,0.34896,0.095852,347.61,78.061,6.7898,14.176,33.515,4243.1,22.934,46.754,50.415,81.061,2.366,1.6984,3060.3,42.595,51.418,94.465,9.6067,79.339,39.321,47.918,2596.0,62.175,24.455,100.01,0.40617,8.9431,24.285,120.41,1.2367,72.897,21.024,2.3905,53.917,5.1124,392.23,0.028992,0.80536,72.207,19.246,44.432
283,2026-04-10T10:06:00,49.48,26.723,26.76,34.545,40.293,2670.3,3669.8,16.293,18.915,22.436,0.27347,0.095852,348.99,78.167,6.8438,14.208,33.656,4398.7,23.721,45.331,51.119,80.984,2.3222,1.7002,3064.2,42.996,51.729,94.106,9.712,79.633,41.392,45.36,2599.7,62.557,24.957,99.742,0.38382,9.292,24.613,120.36,1.3045,72.623,20.464,2.3988,53.917,5.1593,395.23,0.028992,0.80536,72.22,19.182,44.432
284,2026-04-10T10:09:00,51.115,26.959,27.032,34.545,42.62,2673.9,3629.3,16.262,18.915,23.19,0.27107,0.095852,350.18,78.061,6.8438,14.208,33.656,4396.0,23.727,49.115,48.692,80.869,2.3222,1.7002,3065.8,42.609,51.761,94.299,9.6915,80.328,34.25,45.114,2604.7,63.254,26.738,100.15,0.38584,9.292,24.613,120.42,1.3045,71.53,20.464,2.3988,53.917,5.1593,391.03,0.028992,0.80536,72.205,19.182,44.432
285,2026-04-10T10:12:00,49.457,24.173,26.923,35.14,40.958,2678.2,3655.2,17.967,18.903,23.418,0.24305,0.095852,351.29,77.825,6.7727,14.055,33.84,4379.9,23.003,45.278,52.038,80.813,2.3418,1.6651,3067.8,42.787,52.036,94.21,9.7626,78.947,44.098,45.706,2608.3,62.396,25.038,99.941,0.39254,9.0863,24.791,120.37,1.0989,72.026,20.941,2.4236,53.917,5.0644,393.18,0.028992,0.80536,72.177,18.712,44.432
286,2026-04-10T10:15:00,49.745,24.065,26.572,35.14,42.513,2682.8,3649.5,16.552,18.903,23.78,0.24414,0.095852,352.46,78.045,6.7727,14.055,33.84,4347.7,23.58,45.943,49.041,80.696,2.3418,1.6651,3070.3,42.478,52.42,94.197,9.7002,80.268,35.277,45.637,2612.8,62.495,25.407,100.1,0.39311,9.0863,24.791,120.42,1.0989,71.478,20.941,2.4236,53.917,5.0644,392.75,0.028992,0.80536,72.156,18.712,44.432
287,2026-04-10T10:18:00,49.907,20.685,26.976,35.195,41.577,2686.0,3645.2,20.057,18.345,23.914,0.21054,0.090103,353.22,77.767,6.7506,14.155,34.339,4384.3,22.105,46.318,49.438,80.569,2.3302,1.6758,3074.8,42.84,53.108,94.117,9.9167,80.548,36.445,43.802,2616.7,63.262,26.692,99.257,0.37837,8.8447,24.724,120.4,1.05,71.785,20.927,2.5317,53.564,5.0379,392.18,0.0028163,0.74624,72.071,18.203,43.82
288,2026-04-10T10:21:00,50.823,20.666,26.817,35.195,42.121,2690.2,3683.3,19.727,18.345,24.517,0.21072,0.090103,354.66,78.249,6.7506,14.155,34.339,4440.3,22.222,48.44,50.661,80.408,2.3302,1.6758,3077.3,42.74,52.437,94.11,9.9484,80.422,40.047,43.585,2621.4,62.605,25.206,99.645,0.38015,8.8447,24.724,120.39,1.05,72.723,20.927,2.5317,53.564,5.0379,391.63,0.0028163,0.74624,71.981,18.203,43.82
289,2026-04-10T10:24:00,48.166,14.148,26.731,35.655,42.107,2694.0,3679.1,16.145,17.813,24.444,0.14088,0.090103,354.94,78.232,6.6944,13.986,34.143,4515.1,23.721,42.29,51.937,80.411,2.3193,1.7306,3080.9,42.641,52.845,94.156,9.8982,80.01,43.8,45.271,2625.6,62.985,25.304,99.714,0.39161,8.8545,25.431,120.4,1.3226,72.246,21.625,2.4049,53.564,4.8956,394.68,0.0028163,0.74624,71.958,18.187,43.82
290,2026-04-10T10:27:00,50.115,13.994,26.8,35.655,42.827,2698.6,3649.9,17.368,17.813,24.806,0.14244,0.090103,355.53,78.349,6.6944,13.986,34.143,4485.3,23.185,46.799,50.23,80.5,2.3193,1.7306,3084.6,42.664,53.201,94.023,9.8092,79.923,38.778,45.412,2629.9,63.488,27.248,99.964,0.39046,8.8545,25.431,120.41,1.3226,71.914,21.625,2.4049,53.564,4.8956,393.7,0.0028163,0.74624,71.964,18.187,43.82
291,2026-04-10T10:30:00,49.895,13.807,26.609,35.489,42.836,2702.3,3718.6,19.848,17.721,24.672,0.13945,0.090103,355.36,77.963,6.8455,13.865,34.112,4442.5,22.138,46.29,49.04,80.369,2.3581,1.7035,3088.6,42.92,53.853,94.098,9.7133,82.271,35.276,43.213,2634.4,62.949,25.01,100.11,0.37445,8.8292,24.801,120.42,1.4309,71.515,21.438,2.4131,53.564,5.0376,394.39,0.0028163,0.74624,71.995,18.434,43.82
292,2026-04-10T10:33:00,48.736,13.722,27.253,35.489,42.365,2706.3,3684.9,18.422,17.721,24.988,0.14032,0.072161,356.33,78.243,6.8455,13.865,34.112,4439.4,22.72,43.609,52.127,80.319,2.3581,1.7035,3092.4,42.963,53.89,93.968,9.8913,80.495,44.359,42.944,2637.7,63.529,25.654,98.527,0.37665,8.8292,24.801,120.39,1.4309,73.215,21.438,2.4131,53.35,5.0376,396.56,0.016126,0.68064,71.935,18.434,43.789
293,2026-04-10T10:36:00,50.102,12.041,26.932,35.188,42.186,2711.2,3673.2,19.787,17.387,25.49,0.1232,0.072161,356.37,78.067,6.7223,13.962,34.143,4448.4,22.138,46.771,50.806,80.279,2.3399,1.7343,3094.7,42.649,53.254,94.06,9.7475,81.1,40.471,41.547,2642.8,62.511,25.107,98.355,0.36287,9.0356,24.874,120.38,1.0981,72.719,22.202,2.3466,53.35,4.9907,394.37,0.016126,0.68064,71.891,18.09,43.789
294,2026-04-10T10:39:00,51.443,11.932,27.327,35.188,42.786,2712.6,3660.9,16.565,17.387,25.6,0.1243,0.072161,357.38,77.885,6.7223,13.962,34.143,4439.9,23.5,49.873,50.874,79.916,2.3399,1.7343,3096.2,42.71,53.356,93.964,9.9383,82.385,40.672,40.951,2643.3,62.722,24.06,98.198,0.36776,9.0356,24.874,120.4,1.0981,73.698,22.202,2.3466,53.35,4.9907,392.08,0.016126,0.68064,71.825,18.09,43.789
295,2026-04-10T10:42:00,47.938,9.8987,27.075,36.051,42.35,2719.3,3707.5,15.787,17.401,26.25,0.098643,0.072161,357.59,78.375,6.7798,13.934,33.872,4484.3,23.803,41.762,50.63,79.978,2.3087,1.6849,3100.3,42.501,53.756,94.183,9.8297,81.424,39.954,43.129,2651.5,63.093,24.679,97.753,0.3722,8.7156,25.717,120.41,1.0676,73.743,22.396,2.2582,53.35,4.8355,393.12,0.016126,0.68064,71.701,17.735,43.789
296,2026-04-10T10:45:00,49.77,9.6314,26.969,36.051,42.531,2722.5,3693.3,15.984,17.401,25.931,0.10136,0.072161,357.43,77.961,6.7798,13.934,33.872,4517.0,23.721,46.001,50.23,79.999,2.3087,1.6849,3106.0,42.797,53.365,93.935,9.8879,79.412,38.777,42.01,2655.0,63.338,25.147,97.594,0.38137,8.7156,25.717,120.42,1.0676,73.162,22.396,2.2582,53.35,4.8355,390.87,0.016126,0.68064,71.68,17.735,43.789
297,2026-04-10T10:48:00,49.474,10.563,26.737,35.763,41.881,2725.9,3668.1,15.43,17.305,25.913,0.10635,0.085804,357.76,77.917,6.8536,13.781,34.063,4556.5,23.949,45.317,50.546,79.8,2.2966,1.6304,3109.3,42.841,53.907,94.124,9.6981,82.29,39.706,42.532,2657.9,63.392,23.544,95.638,0.37252,8.9211,25.837,120.39,1.0802,73.369,22.519,2.3236,53.404,4.8631,387.57,0.010215,0.66661,71.591,17.755,44.169
298,2026-04-10T10:51:00,48.951,10.518,26.758,35.763,43.048,2731.8,3663.6,17.269,17.305,26.071,0.10681,0.085804,358.13,77.991,6.8536,13.781,34.063,4480.9,23.162,44.106,49.532,79.866,2.2966,1.6304,3113.1,42.947,54.812,93.895,9.9461,79.22,36.723,42.299,2663.7,63.469,24.167,94.771,0.37442,8.9211,25.837,120.39,1.0802,72.693,22.519,2.3236,53.404,4.8631,384.14,0.010215,0.66661,71.488,17.755,44.169
299,2026-04-10T10:54:00,51.04,7.0093,27.222,35.845,42.492,2733.1,3698.5,18.761,17.019,26.28,0.068682,0.085804,358.15,77.612,6.7968,13.809,33.691,4564.8,22.548,48.941,49.705,79.516,2.2916,1.6672,3116.2,43.048,53.931,94.076,9.8518,79.696,37.233,39.963,2664.7,62.282,25.136,93.721,0.36043,8.8229,26.397,120.4,1.146,72.932,22.714,2.3982,53.404,4.7819,382.84,0.010215,0.66661,71.347,17.016,44.169
300,2026-04-10T10:57:00,50.314,6.9483,26.736,35.845,41.405,2738.3,3635.9,19.533,17.019,26.449,0.069302,0.085804,358.28,77.627,6.7968,13.809,33.691,4536.8,22.219,47.26,49.627,79.48,2.2916,1.6672,3119.6,42.679,54.266,94.127,9.8661,80.059,37.001,40.29,2670.8,63.359,25.851,92.6,0.35775,8.8229,26.397,120.36,1.146,74.039,22.714,2.3982,53.404,4.7819,382.4,0.010215,0.66661,71.188,17.016,44.169
301,2026-04-10T11:00:00,50.098,8.682,26.602,36.317,43.084,2743.0,3675.0,17.278,16.485,26.476,0.088492,0.085804,358.5,78.073,6.8264,13.869,33.999,4680.4,23.156,46.76,49.734,79.351,2.2398,1.6679,3123.6,42.575,54.596,93.992,9.7552,80.79,37.317,40.35,2675.4,63.238,25.873,91.867,0.36296,8.855,26.35,120.4,1.1203,74.689,23.797,2.3567,53.404,4.7706,377.68,0.010215,0.66661,71.038,17.445,44.169
302,2026-04-10T11:03:00,50.249,8.7882,26.842,36.317,42.155,2748.3,3687.3,18.767,16.485,26.689,0.087411,0.069948,358.46,78.027,6.8264,13.869,33.999,4674.8,22.521,47.11,47.592,79.411,2.2398,1.6679,3129.9,42.762,54.662,94.086,9.8776,79.58,31.014,40.794,2681.1,63.027,24.988,90.389,0.35932,8.855,26.35,120.38,1.1203,73.203,23.797,2.3567,52.947,4.7706,374.09,0.014981,0.63371,70.901,17.445,43.757
303,2026-04-10T11:06:00,48.628,4.2063,27.132,35.784,42.962,2752.0,3642.7,16.269,16.846,27.054,0.046306,0.069948,358.13,78.008,6.7258,13.614,33.656,4603.4,23.566,43.36,50.307,79.438,2.2433,1.5988,3132.7,42.291,54.723,93.953,9.8064,81.103,39.003,41.816,2684.3,63.6,23.505,88.984,0.36441,8.6481,26.615,120.41,1.1199,73.922,23.811,2.3299,52.947,4.7846,373.83,0.014981,0.63371,70.783,17.12,43.757
304,2026-04-10T11:09:00,48.661,4.249,26.817,35.784,42.134,2753.0,3639.6,19.173,16.846,26.644,0.045872,0.069948,358.02,77.708,6.7258,13.614,33.656,4606.0,22.352,43.435,50.601,79.215,2.2433,1.5988,3135.2,42.687,54.692,94.109,9.8218,80.896,39.867,41.728,2684.8,63.653,23.94,88.047,0.36513,8.6481,26.615,120.39,1.1199,73.636,23.811,2.3299,52.947,4.7846,368.38,0.014981,0.63371,70.663,17.12,43.757
305,2026-04-10T11:12:00,48.679,6.0883,26.876,35.675,42.49,2756.0,3690.4,17.948,16.517,26.947,0.059381,0.069948,358.09,77.652,6.784,13.694,33.747,4609.3,22.875,43.476,48.547,79.029,2.2499,1.6579,3136.8,42.812,55.702,93.987,9.7444,79.778,33.824,38.117,2688.8,63.762,25.03,86.954,0.33768,8.6639,26.764,120.41,1.0461,75.134,23.863,2.2117,52.947,4.727,364.78,0.014981,0.63371,70.479,17.297,43.757
306,2026-04-10T11:15:00,49.737,5.9812,26.966,35.675,41.919,2759.6,3715.5,18.36,16.517,27.232,0.060471,0.069948,357.71,77.726,6.784,13.694,33.747,4596.2,22.696,45.925,50.555,79.118,2.2499,1.6579,3140.8,42.407,55.86,93.986,9.804,80.149,39.732,37.858,2692.8,63.331,24.279,85.719,0.33979,8.6639,26.764,120.41,1.0461,74.504,23.863,2.2117,52.947,4.727,362.84,0.014981,0.63371,70.324,17.297,43.757
307,2026-04-10T11:18:00,51.92,3.6213,26.78,35.46,42.621,2760.4,3694.6,14.844,16.424,27.016,0.035329,0.083889,357.13,77.514,6.7373,13.45,33.54,4633.4,24.187,50.978,50.075,78.926,2.2327,1.6242,3141.2,42.512,55.244,94.053,9.6218,81.236,38.32,39.132,2693.4,63.3,23.24,83.508,0.34488,8.6494,26.872,120.41,1.0063,74.021,24.209,2.3148,53.225,4.7413,358.75,0.004062,0.63665,70.14,17.458,43.87
308,2026-04-10T11:21:00,49.034,3.4342,26.803,35.46,42.158,2764.7,3665.3,16.887,16.424,27.162,0.037231,0.083889,357.12,77.631,6.7373,13.45,33.54,4620.8,23.314,44.298,50.391,79.112,2.2327,1.6242,3144.3,42.513,55.395,94.042,9.7356,80.483,39.249,39.321,2697.5,63.803,24.316,82.32,0.34333,8.6494,26.872,120.41,1.0063,74.519,24.209,2.3148,53.225,4.7413,350.7,0.004062,0.63665,70.006,17.458,43.87
309,2026-04-10T11:24:00,48.403,4.0917,27.065,35.153,42.318,2765.0,3719.7,16.034,15.925,27.117,0.040366,0.083889,356.08,77.498,6.7582,13.682,33.707,4594.2,23.675,42.838,49.709,79.059,2.2317,1.6215,3146.5,42.194,55.553,94.094,9.6945,79.736,37.243,35.734,2697.7,63.391,25.432,80.746,0.31619,8.7728,26.83,120.4,1.0348,74.939,24.9,2.2962,53.225,4.6888,347.01,0.004062,0.63665,69.89,17.402,43.87
310,2026-04-10T11:27:00,48.497,4.0182,27.06,35.153,42.601,2763.6,3731.4,17.62,15.925,26.576,0.041113,0.083889,356.32,77.042,6.7582,13.682,33.707,4641.6,23.03,43.055,49.208,78.753,2.2317,1.6215,3146.8,42.493,54.985,93.967,9.621,79.17,35.769,35.962,2695.0,63.19,26.168,79.053,0.31432,8.7728,26.83,120.38,1.0348,75.617,24.9,2.2962,53.225,4.6888,344.77,0.004062,0.63665,69.685,17.402,43.87
311,2026-04-10T11:30:00,49.695,1.9674,26.755,35.227,41.479,2761.7,3658.1,18.454,16.66,26.116,0.020085,0.083889,355.2,77.187,6.8289,13.623,33.105,4582.8,22.684,45.829,50.299,78.589,2.2498,1.6364,3144.6,42.527,56.053,94.187,9.7025,78.705,38.981,38.47,2693.7,64.394,23.937,77.592,0.34147,8.716,27.458,120.36,1.1491,75.031,25.075,2.1883,53.225,4.5945,340.05,0.004062,0.63665,69.458,17.267,43.87
312,2026-04-10T11:33:00,49.836,1.991,26.753,35.227,42.331,2762.6,3725.0,17.342,16.66,26.571,0.019844,0.088108,354.49,77.319,6.8289,13.623,33.105,4626.1,23.155,46.154,48.694,78.684,2.2498,1.6364,3145.3,42.498,55.535,94.259,9.558,78.114,34.256,38.829,2694.8,63.244,26.046,75.808,0.33853,8.716,27.458,120.41,1.1491,74.855,25.075,2.1883,52.78,4.5945,335.88,0.023974,0.63313,69.243,17.267,43.117
313,2026-04-10T11:36:00,49.907,6.319,26.948,34.591,42.302,2764.2,3678.3,18.283,16.249,26.47,0.067096,0.088108,353.75,77.228,6.6492,13.54,32.913,4648.0,22.763,46.319,48.475,78.831,2.2085,1.6258,3146.2,42.032,55.846,94.143,9.5855,80.401,33.613,37.973,2696.6,63.51,24.684,74.343,0.33067,8.8218,27.141,120.37,1.1662,74.998,24.989,2.1504,52.78,4.5737,329.97,0.023974,0.63313,69.059,17.529,43.117
314,2026-04-10T11:39:00,49.219,6.39,26.971,34.591,42.052,2763.7,3693.9,18.04,16.249,26.363,0.066375,0.088108,353.41,77.163,6.6492,13.54,32.913,4636.6,22.873,44.726,50.986,78.766,2.2085,1.6258,3147.9,42.303,55.984,94.299,9.4703,77.508,41.002,38.024,2696.1,63.243,23.273,72.643,0.33025,8.8218,27.141,120.39,1.1662,76.656,24.989,2.1504,52.78,4.5737,326.76,0.023974,0.63313,68.915,17.529,43.117
315,2026-04-10T11:42:00,50.04,7.487,26.802,34.077,41.716,2763.9,3738.2,16.749,16.607,26.335,0.075148,0.088108,352.6,77.112,6.9552,13.571,32.501,4630.2,23.425,46.626,49.077,78.732,2.2111,1.6116,3147.5,42.318,55.648,94.164,9.4503,79.358,35.385,36.47,2696.6,64.191,26.359,71.219,0.32185,8.742,27.431,120.4,1.2847,77.475,25.658,2.1751,52.78,4.7055,320.53,0.023974,0.63313,68.723,17.768,43.117
316,2026-04-10T11:45:00,50.634,7.3581,26.936,34.077,42.403,2764.4,3728.6,19.729,16.607,26.015,0.07646,0.088108,351.54,77.585,6.9552,13.571,32.501,4655.1,22.153,48.0,48.056,78.908,2.2111,1.6116,3149.3,42.53,55.35,94.227,9.4492,75.692,32.379,36.249,2695.5,64.357,24.055,69.685,0.32366,8.742,27.431,120.42,1.2847,76.653,25.658,2.1751,52.78,4.7055,315.62,0.023974,0.63313,68.568,17.768,43.117
317,2026-04-10T11:48:00,48.252,10.9,27.424,33.654,41.297,2762.7,3638.7,21.811,16.636,26.117,0.10935,0.075001,350.76,76.879,6.6734,13.577,32.994,4634.2,21.298,42.489,48.984,78.96,2.2524,1.6168,3148.8,42.398,55.205,94.233,9.3867,77.807,35.11,37.021,2694.8,63.294,24.888,67.809,0.32093,8.8267,27.876,120.38,1.0946,76.175,25.294,2.1537,54.202,4.6116,309.53,0.021277,0.65229,68.46,17.407,43.43
318,2026-04-10T11:51:00,49.748,10.904,27.299,33.654,41.179,2758.5,3672.5,18.655,16.636,25.86,0.10931,0.075001,350.61,76.537,6.6734,13.577,32.994,4630.4,22.657,45.951,49.029,78.525,2.2524,1.6168,3145.5,41.855,55.25,94.465,9.3989,79.119,35.244,36.698,2688.8,62.713,25.488,66.057,0.32358,8.8267,27.876,120.37,1.0946,77.076,25.294,2.1537,54.202,4.6116,305.04,0.021277,0.65229,68.235,17.407,43.43
319,2026-04-10T11:54:00,50.032,5.5629,26.632,33.567,41.319,2757.3,3727.6,18.517,16.812,25.322,0.056612,0.075001,349.68,76.829,6.9724,13.608,32.765,4676.5,22.718,46.607,51.568,78.568,2.205,1.6448,3143.8,42.521,55.783,94.429,9.3063,77.718,42.715,36.927,2688.6,64.3,25.248,64.382,0.31982,8.6734,27.178,120.4,1.1989,75.959,25.782,2.2138,54.202,4.5955,299.82,0.021277,0.65229,67.968,17.253,43.43
320,2026-04-10T11:57:00,49.644,5.6527,26.903,33.567,41.406,2754.5,3734.0,19.631,16.812,24.939,0.055699,0.075001,348.62,77.023,6.9724,13.608,32.765,4701.7,22.253,45.71,51.379,78.672,2.205,1.6448,3143.2,42.367,55.481,94.395,9.3129,74.374,42.159,37.153,2685.1,64.19,26.128,62.899,0.31797,8.6734,27.178,120.37,1.1989,77.1,25.782,2.2138,54.202,4.5955,292.55,0.021277,0.65229,67.724,17.253,43.43
321,2026-04-10T12:00:00,48.303,6.9021,27.373,33.562,41.864,2753.7,3664.5,16.696,16.896,25.014,0.073012,0.075001,347.93,77.11,6.8913,13.444,32.48,4674.0,23.492,42.606,49.496,78.863,2.2144,1.6171,3142.7,42.145,56.435,94.518,9.2069,77.883,36.616,37.349,2684.1,62.82,22.388,61.321,0.32055,8.8872,27.338,120.41,1.0695,76.889,26.417,2.14,54.202,4.6152,286.41,0.021277,0.65229,67.558,17.275,43.43
322,2026-04-10T12:03:00,48.017,6.7443,26.842,33.562,40.998,2752.8,3621.6,19.162,16.896,24.647,0.074617,0.08796,346.34,76.812,6.8913,13.444,32.48,4685.6,22.464,41.945,50.872,78.991,2.2144,1.6171,3141.6,42.291,56.295,94.664,9.3247,74.137,40.666,36.83,2682.9,63.558,27.581,59.97,0.3248,8.8872,27.338,120.36,1.0695,76.407,26.417,2.14,53.633,4.6152,279.37,0.0079565,0.69824,67.409,17.275,43.943
323,2026-04-10T12:06:00,50.894,9.2905,27.447,33.135,41.143,2750.4,3649.4,15.885,16.67,24.528,0.094701,0.08796,345.84,76.87,6.8637,13.582,32.056,4662.7,23.852,48.602,49.718,78.964,2.2304,1.6474,3141.2,41.976,56.772,94.699,9.2773,74.779,37.269,35.052,2680.5,63.743,23.193,58.215,0.29971,8.7544,27.437,120.4,1.2047,77.259,26.142,2.1545,53.633,4.6364,276.04,0.0079565,0.69824,67.246,17.997,43.943
324,2026-04-10T12:09:00,48.192,9.3447,27.216,33.135,40.277,2747.6,3675.7,19.525,16.67,24.519,0.09415,0.08796,344.14,76.19,6.8637,13.582,32.056,4716.2,22.351,42.35,49.103,78.941,2.2304,1.6474,3138.7,42.061,56.132,94.665,9.2541,73.841,35.46,35.075,2678.1,63.292,25.808,56.683,0.29953,8.7544,27.437,120.37,1.2047,77.727,26.142,2.1545,53.633,4.6364,270.29,0.0079565,0.69824,67.075,17.997,43.943
325,2026-04-10T12:12:00,50.122,13.269,26.717,32.572,41.076,2743.0,3676.6,18.407,17.829,23.622,0.13456,0.08796,343.94,76.569,7.0963,13.658,32.136,4654.1,22.83,46.815,49.411,78.761,2.2102,1.6045,3136.7,42.356,55.295,94.733,9.2212,73.837,36.366,36.489,2672.1,63.521,26.908,55.209,0.31445,8.7033,27.494,120.38,1.1568,76.686,25.981,2.1919,53.633,4.69,264.05,0.0079565,0.69824,66.822,17.826,43.943
326,2026-04-10T12:15:00,48.871,13.202,27.264,32.572,40.427,2740.9,3668.2,17.797,17.829,23.641,0.13524,0.08796,342.32,76.687,7.0963,13.658,32.136,4582.3,23.091,43.92,48.674,78.999,2.2102,1.6045,3135.9,42.114,56.155,94.821,9.1335,76.392,34.199,36.711,2670.6,63.667,27.034,53.583,0.31262,8.7033,27.494,120.39,1.1568,77.477,25.981,2.1919,53.633,4.69,259.58,0.0079565,0.69824,66.615,17.826,43.943
327,2026-04-10T12:18:00,50.226,12.677,26.557,32.524,40.857,2739.2,3584.5,16.308,18.04,23.037,0.12709,0.093856,340.94,76.882,6.7349,13.695,31.915,4660.1,23.716,47.058,49.05,79.226,2.2062,1.6766,3133.2,41.794,55.788,94.842,9.1681,75.616,35.303,37.781,2668.4,62.973,26.496,53.019,0.31807,8.7454,27.03,120.39,1.1216,76.657,25.604,2.2406,54.431,4.6173,253.22,0.014729,0.73959,66.489,18.58,43.717
328,2026-04-10T12:21:00,51.044,12.606,26.752,32.524,40.323,2736.8,3645.1,17.436,18.04,22.934,0.12782,0.093856,340.29,76.814,6.7349,13.695,31.915,4638.2,23.249,48.95,49.51,79.288,2.2062,1.6766,3131.7,41.966,56.05,95.046,9.0595,74.491,36.659,37.368,2666.2,61.932,25.921,51.731,0.32146,8.7454,27.03,120.35,1.1216,76.856,25.604,2.2406,54.431,4.6173,249.4,0.014729,0.73959,66.373,18.58,43.717
329,2026-04-10T12:24:00,48.868,14.788,26.806,32.231,40.093,2733.7,3709.6,19.768,17.84,22.72,0.1517,0.093856,339.51,76.678,7.0365,13.617,31.559,4582.8,22.276,43.913,48.149,79.364,2.2097,1.6108,3130.3,42.03,54.96,94.815,9.0117,74.357,32.654,38.465,2662.6,63.959,25.39,50.388,0.31876,8.7826,27.885,120.38,1.2409,76.501,25.85,2.1688,54.431,4.5943,246.22,0.014729,0.73959,66.244,18.574,43.717
330,2026-04-10T12:27:00,51.468,14.844,26.659,32.231,40.246,2726.3,3713.0,17.349,17.84,22.082,0.15113,0.093856,337.99,76.517,7.0365,13.617,31.559,4577.1,23.316,49.931,50.871,79.263,2.2097,1.6108,3126.4,42.09,55.028,94.948,9.064,72.08,40.663,38.01,2655.5,63.902,24.885,49.241,0.32249,8.7826,27.885,120.38,1.2409,76.726,25.85,2.1688,54.431,4.5943,240.94,0.014729,0.73959,66.084,18.574,43.717
331,2026-04-10T12:30:00,50.697,18.735,27.112,31.677,40.217,2723.0,3582.1,18.003,18.251,21.641,0.18995,0.093856,336.59,76.475,6.9625,13.664,31.134,4581.7,23.056,48.146,48.662,79.248,2.2092,1.643,3122.5,41.824,55.02,94.95,9.0077,74.621,34.162,37.527,2650.1,63.504,24.646,48.151,0.30733,8.8375,27.076,120.39,1.2429,77.408,26.075,2.257,54.431,4.6498,235.13,0.014729,0.73959,65.911,19.163,43.717
332,2026-04-10T12:33:00,50.222,18.637,26.666,31.677,40.149,2720.0,3633.8,17.16,18.251,21.612,0.19095,0.10272,336.16,76.528,6.9625,13.664,31.134,4621.5,23.422,47.047,50.448,79.356,2.2092,1.643,3119.9,42.23,54.544,95.258,9.0146,73.58,39.418,37.145,2647.8,62.615,25.209,47.645,0.31047,8.8375,27.076,120.39,1.2429,77.24,26.075,2.257,53.063,4.6498,232.34,0.013178,0.77364,65.747,19.163,43.257
333,2026-04-10T12:36:00,49.803,23.752,26.869,32.05,40.392,2717.7,3615.4,19.573,18.582,21.314,0.23856,0.10272,334.8,76.735,6.8672,13.779,31.543,4546.1,22.412,46.077,51.455,79.427,2.1921,1.6117,3118.6,41.851,53.985,95.104,9.0017,74.433,42.383,37.604,2645.0,63.47,25.547,46.592,0.31491,8.8788,27.397,120.41,1.2216,77.385,26.104,2.1694,53.063,4.6736,230.37,0.013178,0.77364,65.625,18.754,43.257
334,2026-04-10T12:39:00,48.107,23.567,26.565,32.05,39.543,2716.2,3674.3,17.817,18.582,21.016,0.24044,0.10272,334.3,76.957,6.8672,13.779,31.543,4504.7,23.148,42.152,49.425,79.708,2.1921,1.6117,3119.3,42.25,54.481,95.083,9.1379,74.467,36.408,37.515,2643.6,62.457,24.494,45.755,0.31565,8.8788,27.397,120.39,1.2216,76.984,26.104,2.1694,53.063,4.6736,225.99,0.013178,0.77364,65.539,18.754,43.257
335,2026-04-10T12:42:00,51.548,20.724,26.865,31.324,40.246,2713.6,3683.3,18.578,18.827,20.992,0.20797,0.10272,333.18,76.831,6.9087,13.811,31.071,4566.9,22.831,50.117,51.301,79.902,2.1951,1.6483,3116.9,42.419,54.709,95.113,8.9631,73.284,41.929,39.394,2640.6,63.106,25.118,44.793,0.3241,8.9509,27.119,120.41,1.1962,76.875,25.681,2.2167,53.063,4.6753,223.03,0.013178,0.77364,65.505,19.082,43.257
336,2026-04-10T12:45:00,48.663,20.608,26.604,31.324,39.797,2709.8,3676.7,19.383,18.827,20.397,0.20915,0.10272,331.98,76.805,6.9087,13.811,31.071,4592.4,22.496,43.439,49.553,80.02,2.1951,1.6483,3114.4,41.667,54.404,95.044,8.907,73.733,36.785,39.661,2636.7,63.22,25.425,44.162,0.32191,8.9509,27.119,120.39,1.1962,76.515,25.681,2.2167,53.063,4.6753,216.35,0.013178,0.77364,65.469,19.082,43.257
337,2026-04-10T12:48:00,48.81,25.787,26.781,31.198,39.704,2705.0,3679.6,19.914,18.729,20.119,0.26613,0.10009,330.84,76.606,7.2021,13.744,30.962,4555.7,22.285,43.78,48.921,79.97,2.2385,1.6577,3111.2,41.623,54.014,95.028,8.8512,76.066,34.923,40.152,2631.0,62.801,26.941,43.838,0.32471,8.8051,27.076,120.41,1.3557,77.308,25.138,2.2401,54.103,4.7401,214.48,0.017684,0.84247,65.396,19.216,43.432
338,2026-04-10T12:51:00,49.009,26.176,26.795,31.198,39.218,2699.7,3669.8,20.251,18.729,19.666,0.26219,0.10009,329.52,76.489,7.2021,13.744,30.962,4528.1,22.162,44.241,47.699,79.855,2.2385,1.6577,3108.4,42.076,54.345,95.173,8.9464,72.989,31.329,40.148,2625.6,62.969,24.487,42.965,0.32474,8.8051,27.076,120.37,1.3557,77.234,25.138,2.2401,54.103,4.7401,214.2,0.017684,0.84247,65.285,19.216,43.432
339,2026-04-10T12:54:00,50.123,28.094,27.118,30.869,39.715,2697.2,3591.0,17.501,18.803,19.842,0.288,0.10009,329.51,76.62,7.1184,13.775,30.644,4532.4,23.329,46.818,48.678,79.849,2.2564,1.6348,3104.2,41.819,53.902,95.362,9.0859,72.505,34.208,39.08,2622.5,61.587,26.243,42.265,0.3182,8.828,27.335,120.39,1.3384,76.888,25.131,2.2174,54.103,4.8006,212.05,0.017684,0.84247,65.153,19.577,43.432
340,2026-04-10T12:57:00,50.987,28.189,26.997,30.869,38.675,2697.1,3606.5,17.706,18.803,19.69,0.28705,0.10009,329.64,76.548,7.1184,13.775,30.644,4545.5,23.254,48.818,49.487,80.018,2.2564,1.6348,3103.1,41.785,53.745,95.392,8.9589,74.832,36.591,38.967,2622.6,61.321,24.424,41.8,0.31913,8.828,27.335,120.38,1.3384,76.143,25.131,2.2174,54.103,4.8006,207.3,0.017684,0.84247,65.057,19.577,43.432
341,2026-04-10T13:00:00,52.018,32.812,27.126,30.947,39.18,2696.1,3600.5,18.962,19.358,19.648,0.33039,0.10009,328.64,76.621,7.0222,13.923,30.382,4452.8,22.733,51.204,50.309,80.05,2.2188,1.6901,3104.3,42.159,53.864,95.496,9.1045,73.343,39.01,39.779,2621.9,61.896,26.029,41.158,0.31842,8.9911,26.428,120.4,1.4441,76.155,25.142,2.2959,54.103,4.783,204.58,0.017684,0.84247,64.965,19.294,43.432
342,2026-04-10T13:03:00,52.455,32.677,26.93,30.947,38.842,2695.1,3637.3,17.054,19.358,19.507,0.33176,0.086364,328.73,76.646,7.0222,13.923,30.382,4482.0,23.541,52.216,50.666,80.119,2.2188,1.6901,3103.9,42.174,53.514,95.291,8.9729,73.212,40.06,39.47,2621.0,61.262,25.464,41.636,0.32096,8.9911,26.428,120.38,1.4441,76.424,25.142,2.2959,54.347,4.783,208.52,0.02848,0.91324,64.919,19.294,43.204
343,2026-04-10T13:06:00,49.796,36.673,27.077,31.134,40.369,2696.6,3616.0,18.192,19.189,19.427,0.37661,0.086364,328.69,77.467,7.0351,13.746,30.981,4513.5,23.035,46.061,48.636,80.424,2.2027,1.641,3105.7,41.779,53.722,95.28,9.0084,73.957,34.087,41.02,2622.5,62.296,26.859,41.566,0.34115,9.0351,27.324,120.44,1.3109,76.545,25.014,2.2551,54.347,4.8486,207.71,0.02848,0.91324,64.929,19.3,43.204
344,2026-04-10T13:09:00,50.477,36.899,26.745,31.134,38.805,2695.4,3639.9,18.909,19.189,18.994,0.37431,0.086364,327.94,76.723,7.0351,13.746,30.981,4473.2,22.749,47.639,50.082,80.556,2.2027,1.641,3106.3,41.964,54.205,95.169,9.0036,73.247,38.342,41.078,2620.5,61.884,26.402,41.465,0.34068,9.0351,27.324,120.43,1.3109,75.806,25.014,2.2551,54.347,4.8486,207.21,0.02848,0.91324,65.016,19.3,43.204
345,2026-04-10T13:12:00,48.972,32.744,26.43,31.004,39.613,2691.7,3614.9,17.618,20.186,18.861,0.33203,0.086364,327.88,76.777,6.7393,13.87,30.524,4491.1,23.298,44.155,50.596,80.381,2.2619,1.6604,3102.0,41.899,53.886,95.206,9.0777,74.648,39.854,39.059,2617.6,62.064,26.68,41.435,0.3184,8.8772,26.844,120.42,1.2442,75.903,24.732,2.2526,54.347,4.7955,205.93,0.02848,0.91324,65.022,19.833,43.204
346,2026-04-10T13:15:00,49.958,32.863,27.149,31.004,39.803,2689.5,3593.3,19.445,20.186,19.228,0.33082,0.086364,327.85,76.428,6.7393,13.87,30.524,4471.9,22.544,46.436,50.493,80.376,2.2619,1.6604,3100.1,42.005,54.115,95.186,9.095,72.625,39.551,39.661,2615.1,62.435,24.681,41.447,0.31346,8.8772,26.844,120.41,1.2442,75.832,24.732,2.2526,54.347,4.7955,204.2,0.02848,0.91324,64.975,19.833,43.204
347,2026-04-10T13:18:00,50.635,38.821,26.845,30.457,39.375,2686.9,3671.3,19.832,20.022,18.809,0.3885,0.098091,327.25,76.463,6.9707,13.879,30.98,4477.4,22.394,48.003,50.65,80.198,2.2583,1.6564,3098.5,42.453,52.609,95.09,9.0609,75.827,40.012,40.814,2612.3,63.683,25.574,42.693,0.33113,8.85,26.641,120.41,1.3001,76.463,24.407,2.2822,53.525,4.8017,209.82,-0.00020137,0.9327,64.965,20.435,43.891
348,2026-04-10T13:21:00,50.697,38.591,26.694,30.457,40.981,2685.5,3667.8,18.528,20.022,19.165,0.39084,0.098091,328.11,77.064,6.9707,13.879,30.98,4446.1,22.934,48.147,49.284,80.245,2.2583,1.6564,3096.0,42.082,52.984,95.02,9.118,73.334,35.992,40.527,2611.8,63.743,25.372,43.189,0.33349,8.85,26.641,120.46,1.3001,75.732,24.407,2.2822,53.525,4.8017,211.91,-0.00020137,0.9327,64.957,20.435,43.891
349,2026-04-10T13:24:00,48.872,35.526,26.632,30.986,39.39,2684.5,3611.3,17.228,20.068,18.67,0.36376,0.098091,327.97,76.82,6.9276,13.999,31.065,4351.5,23.485,43.924,50.362,80.489,2.2571,1.7058,3093.8,41.922,52.41,95.047,9.01,74.875,39.166,40.789,2609.2,62.71,23.703,43.551,0.33388,8.9716,26.345,120.37,1.4148,76.082,24.436,2.328,53.525,4.8223,215.43,-0.00020137,0.9327,65.051,20.021,43.891
350,2026-04-10T13:27:00,50.664,35.657,26.623,30.986,41.028,2681.9,3618.7,17.35,20.068,19.07,0.36243,0.098091,328.54,77.175,6.9276,13.999,31.065,4351.9,23.424,48.072,50.795,80.564,2.2571,1.7058,3090.4,41.973,52.405,95.12,8.9783,75.618,40.44,41.048,2607.7,62.584,26.012,44.114,0.33176,8.9716,26.345,120.44,1.4148,75.633,24.436,2.328,53.525,4.8223,216.61,-0.00020137,0.9327,65.157,20.021,43.891
351,2026-04-10T13:30:00,50.184,36.091,26.702,31.108,39.295,2680.2,3643.3,18.042,19.864,18.586,0.36575,0.098091,327.98,77.189,7.2703,13.945,30.608,4397.6,23.125,46.959,50.97,80.754,2.3089,1.6528,3091.5,42.114,52.632,94.92,8.9687,75.216,40.953,42.597,2605.3,62.474,25.566,44.488,0.34672,9.1064,26.585,120.39,1.5218,75.78,23.987,2.3838,53.525,4.8219,219.85,-0.00020137,0.9327,65.32,20.117,43.891
352,2026-04-10T13:33:00,49.778,35.989,27.259,31.108,40.794,2677.7,3646.5,19.793,19.864,18.912,0.36679,0.08988,327.5,76.848,7.2703,13.945,30.608,4390.8,22.398,46.019,50.683,80.646,2.3089,1.6528,3088.8,41.897,52.713,95.231,9.0915,74.411,40.109,43.101,2602.9,62.419,24.39,45.683,0.34259,9.1064,26.585,120.42,1.5218,75.115,23.987,2.3838,53.929,4.8219,221.14,0.026261,0.93676,65.45,20.117,43.13
353,2026-04-10T13:36:00,51.272,41.724,27.163,31.124,39.327,2678.1,3504.3,21.718,20.006,19.352,0.425,0.08988,329.24,77.281,6.8135,13.794,31.263,4369.7,21.577,49.478,52.166,80.64,2.2856,1.6484,3085.9,42.262,52.51,94.997,9.0593,73.611,44.474,41.839,2603.4,61.655,26.299,46.29,0.34294,8.8766,25.879,120.35,1.4232,75.332,24.073,2.3554,53.929,4.9361,224.88,0.026261,0.93676,65.561,20.061,43.13
354,2026-04-10T13:39:00,49.628,41.852,26.863,31.124,39.545,2679.5,3566.0,17.963,20.006,19.076,0.4237,0.08988,329.84,77.212,6.8135,13.794,31.263,4354.0,23.16,45.672,50.608,80.717,2.2856,1.6484,3086.6,42.521,52.699,95.383,9.1049,74.878,39.89,41.783,2605.1,60.594,24.725,47.107,0.34339,8.8766,25.879,120.39,1.4232,75.281,24.073,2.3554,53.929,4.9361,226.19,0.026261,0.93676,65.664,20.061,43.13
355,2026-04-10T13:42:00,50.877,36.731,26.827,31.354,40.293,2679.5,3672.3,17.692,20.286,19.287,0.37522,0.08988,330.35,76.87,7.056,14.029,30.809,4365.3,23.285,48.563,50.166,80.6,2.3141,1.6619,3087.0,42.474,52.48,95.001,9.1445,77.204,38.589,39.86,2604.8,62.62,26.701,47.845,0.32656,9.0438,26.123,120.42,1.1634,74.838,23.944,2.3467,53.929,4.9693,228.35,0.026261,0.93676,65.778,19.795,43.13
356,2026-04-10T13:45:00,51.252,36.781,26.739,31.354,39.881,2678.0,3641.9,19.204,20.286,19.247,0.37471,0.08988,330.29,76.914,7.056,14.029,30.809,4354.9,22.649,49.432,51.326,80.487,2.3141,1.6619,3086.7,42.401,52.604,94.973,8.9957,77.398,42.003,39.763,2604.2,63.144,25.53,48.336,0.32736,9.0438,26.123,120.4,1.1634,74.791,23.944,2.3467,53.929,4.9693,233.26,0.026261,0.93676,65.83,19.795,43.13
357,2026-04-10T13:48:00,50.845,42.386,27.025,31.837,40.237,2678.6,3631.5,20.007,19.967,19.273,0.42952,0.12278,331.03,77.215,6.7803,13.793,31.26,4369.5,22.302,48.489,51.13,80.557,2.2735,1.6731,3086.8,42.23,52.888,95.027,9.1605,74.81,41.425,43.19,2604.9,61.145,25.618,49.334,0.35198,8.8731,26.375,120.42,1.2692,73.952,23.547,2.2951,53.823,4.9866,235.61,0.030233,0.94037,65.898,20.002,44.192
358,2026-04-10T13:51:00,49.637,42.389,26.893,31.837,39.816,2680.8,3573.8,18.072,19.967,19.558,0.42949,0.12278,332.2,77.102,6.7803,13.793,31.26,4377.1,23.117,45.695,49.733,80.692,2.2735,1.6731,3088.6,42.442,52.797,94.952,9.2038,76.609,37.313,43.45,2607.1,62.139,25.644,50.151,0.34986,8.8731,26.375,120.4,1.2692,74.784,23.547,2.2951,53.823,4.9866,238.16,0.030233,0.94037,65.996,20.002,44.192
359,2026-04-10T13:54:00,51.363,39.196,27.041,31.644,41.13,2682.2,3677.0,19.23,19.496,20.118,0.39867,0.12278,333.06,77.397,6.9071,13.917,32.065,4384.0,22.615,49.688,50.77,80.661,2.2748,1.6581,3088.1,41.932,52.018,94.782,9.2379,74.952,40.366,39.949,2609.4,62.748,23.881,50.761,0.32775,9.152,26.177,120.44,1.3002,74.497,23.576,2.3358,53.823,4.9338,242.95,0.030233,0.94037,66.137,19.895,44.192
360,2026-04-10T13:57:00,52.111,39.064,26.501,31.644,41.257,2682.6,3647.4,17.661,19.496,19.551,0.40002,0.12278,333.34,77.085,6.9071,13.917,32.065,4422.9,23.277,51.419,49.697,80.734,2.2748,1.6581,3089.3,42.371,51.553,94.607,9.3542,72.614,37.209,40.182,2609.3,63.258,25.056,51.699,0.32584,9.152,26.177,120.44,1.3002,74.921,23.576,2.3358,53.823,4.9338,243.97,0.030233,0.94037,66.304,19.895,44.192
361,2026-04-10T14:00:00,48.368,31.994,27.008,31.994,40.951,2678.9,3642.3,17.738,20.316,19.989,0.327,0.12278,334.02,77.136,6.79,13.914,31.609,4404.1,23.242,42.758,51.35,80.565,2.2978,1.7118,3085.2,42.307,51.844,94.815,9.3013,75.541,42.072,41.343,2606.6,62.269,24.956,52.382,0.34398,8.9822,25.964,120.41,1.4583,74.761,23.031,2.3467,53.823,4.9533,247.84,0.030233,0.94037,66.416,20.175,44.192
362,2026-04-10T14:03:00,50.199,32.032,26.499,31.994,40.873,2680.4,3617.5,20.683,20.316,20.268,0.3266,0.1009,335.04,77.301,6.79,13.914,31.609,4350.3,21.991,46.995,50.224,80.642,2.2978,1.7118,3083.0,42.535,52.487,94.694,9.3287,76.694,38.759,41.824,2607.5,62.694,25.711,53.609,0.34004,8.9822,25.964,120.42,1.4583,74.349,23.031,2.3467,53.894,4.9533,248.65,0.031159,0.92786,66.496,20.175,44.627
363,2026-04-10T14:06:00,49.337,36.733,26.847,32.57,40.314,2680.2,3669.6,20.335,19.523,20.142,0.37442,0.1009,335.31,77.416,6.9341,14.033,31.881,4321.7,22.132,44.999,51.006,80.595,2.3103,1.6907,3084.0,42.167,51.93,94.771,9.19,79.061,41.059,41.684,2607.1,62.857,25.453,54.345,0.34176,9.1207,25.701,120.39,1.263,73.181,23.447,2.3263,53.894,4.9063,253.17,0.031159,0.92786,66.635,19.899,44.627
364,2026-04-10T14:09:00,49.124,36.992,26.945,32.57,40.934,2680.9,3661.2,20.838,19.523,20.643,0.37178,0.1009,336.02,77.6,6.9341,14.033,31.881,4330.5,21.905,44.506,50.491,80.688,2.3103,1.6907,3084.1,42.461,51.824,94.595,9.3199,76.07,39.545,41.551,2609.3,63.002,24.628,55.072,0.34284,9.1207,25.701,120.43,1.263,74.235,23.447,2.3263,53.894,4.9063,257.75,0.031159,0.92786,66.728,19.899,44.627
365,2026-04-10T14:12:00,48.344,34.625,26.652,32.742,40.524,2679.6,3666.3,18.048,19.51,20.656,0.3524,0.1009,336.79,76.918,6.9812,13.965,31.961,4335.2,23.101,42.701,49.688,80.453,2.3028,1.6717,3081.5,42.135,52.233,94.772,9.3932,76.363,37.183,42.996,2607.8,61.669,25.032,56.063,0.35887,9.0297,25.659,120.4,1.354,74.017,23.158,2.3152,53.894,4.9418,259.29,0.031159,0.92786,66.84,19.929,44.627
366,2026-04-10T14:15:00,50.327,34.507,26.988,32.742,41.201,2679.4,3623.1,18.062,19.51,20.709,0.35359,0.1009,337.24,77.408,6.9812,13.965,31.961,4357.2,23.082,47.29,50.641,80.331,2.3028,1.6717,3081.6,42.405,51.969,94.786,9.3775,77.582,39.985,43.137,2606.2,62.413,25.398,56.842,0.35772,9.0297,25.659,120.4,1.354,72.973,23.158,2.3152,53.894,4.9418,263.21,0.031159,0.92786,66.9,19.929,44.627
367,2026-04-10T14:18:00,51.376,33.788,26.717,32.795,40.803,2682.6,3596.3,19.308,19.53,20.958,0.35097,0.087228,338.53,77.55,6.8649,13.905,32.332,4345.7,22.547,49.719,51.846,80.443,2.3445,1.6845,3084.0,42.811,51.843,94.745,9.4619,77.785,43.531,42.334,2610.6,62.389,26.098,57.202,0.35137,8.9048,25.623,120.4,1.2922,74.253,23.328,2.3657,53.295,4.9314,270.17,0.010468,0.88843,66.997,19.012,44.811
368,2026-04-10T14:21:00,51.022,34.195,27.103,32.795,41.093,2687.3,3591.8,15.434,19.53,21.449,0.34683,0.087228,339.69,77.575,6.8649,13.905,32.332,4325.0,24.167,48.898,48.841,80.617,2.3445,1.6845,3086.0,42.393,52.091,94.756,9.3409,79.625,34.69,42.072,2614.9,62.467,25.139,58.413,0.35352,8.9048,25.623,120.43,1.2922,73.782,23.328,2.3657,53.295,4.9314,268.42,0.010468,0.88843,67.143,19.012,44.811
369,2026-04-10T14:24:00,48.426,30.654,27.254,32.67,40.458,2690.0,3626.9,15.152,19.435,21.752,0.31203,0.087228,340.32,77.743,6.9515,14.12,32.466,4447.1,24.268,42.891,49.178,80.644,2.3095,1.6783,3090.2,42.517,52.763,94.55,9.428,76.794,35.681,41.53,2619.3,62.844,24.902,59.089,0.34636,8.8996,25.74,120.39,1.2314,73.003,22.972,2.2717,53.295,4.9333,272.59,0.010468,0.88843,67.259,19.05,44.811
370,2026-04-10T14:27:00,51.419,30.744,27.345,32.67,41.704,2693.7,3638.3,16.263,19.435,21.954,0.31111,0.087228,341.2,77.57,6.9515,14.12,32.466,4439.2,23.796,49.819,49.45,80.559,2.3095,1.6783,3090.9,42.468,52.858,94.648,9.4937,77.93,36.482,41.998,2622.0,62.648,26.555,59.963,0.34253,8.8996,25.74,120.43,1.2314,73.018,22.972,2.2717,53.295,4.9333,274.51,0.010468,0.88843,67.39,19.05,44.811
371,2026-04-10T14:30:00,51.258,29.389,26.802,33.033,40.824,2695.0,3589.9,20.056,19.047,22.022,0.29446,0.087228,341.88,77.552,6.7704,13.927,32.56,4401.9,22.186,49.445,50.128,80.593,2.2852,1.7012,3092.0,42.205,53.167,94.489,9.5356,76.924,38.476,44.668,2623.1,62.696,24.632,60.675,0.37008,9.2359,25.648,120.4,1.3614,73.318,23.059,2.31,53.295,4.945,278.2,0.010468,0.88843,67.503,18.721,44.811
372,2026-04-10T14:33:00,49.333,29.344,26.905,33.033,41.784,2695.2,3639.1,20.408,19.047,22.162,0.29491,0.091198,342.67,77.418,6.7704,13.927,32.56,4438.4,22.04,44.991,49.671,80.327,2.2852,1.7012,3092.3,42.32,52.73,94.705,9.6217,76.194,37.133,44.001,2623.5,61.85,26.045,60.842,0.37555,9.2359,25.648,120.4,1.3614,73.874,23.059,2.31,53.431,4.945,278.12,0.020144,0.86836,67.564,18.721,44.039
373,2026-04-10T14:36:00,50.946,27.882,26.866,33.219,41.223,2696.7,3670.7,20.411,18.509,22.397,0.28498,0.091198,343.5,77.316,6.8547,13.907,32.225,4423.2,22.045,48.724,50.59,80.134,2.2839,1.704,3093.1,42.587,53.701,94.45,9.4842,78.599,39.838,41.597,2626.2,62.915,24.883,61.325,0.35526,9.0599,26.609,120.4,1.3437,73.029,23.281,2.3443,53.431,4.9047,280.08,0.020144,0.86836,67.562,19.073,44.039
374,2026-04-10T14:39:00,49.936,27.858,26.72,33.219,41.906,2700.3,3637.1,18.69,18.509,22.485,0.28522,0.091198,344.31,77.539,6.8547,13.907,32.225,4427.4,22.757,46.387,51.373,80.163,2.2839,1.704,3095.4,42.43,53.65,94.448,9.6457,78.207,42.142,41.473,2629.0,63.492,24.176,61.892,0.35628,9.0599,26.609,120.4,1.3437,72.883,23.281,2.3443,53.431,4.9047,281.11,0.020144,0.86836,67.542,19.073,44.039
375,2026-04-10T14:42:00,49.322,30.832,26.902,33.167,41.954,2704.1,3642.0,19.059,18.309,22.828,0.31549,0.091198,344.72,77.776,6.6998,13.751,32.597,4428.3,22.583,44.964,50.133,80.264,2.3088,1.6888,3098.6,42.676,52.758,94.376,9.6341,75.645,38.492,41.927,2633.1,62.734,24.31,62.206,0.34936,8.8128,25.948,120.41,1.2312,72.839,23.304,2.3851,53.431,4.8113,284.95,0.020144,0.86836,67.614,19.058,44.039
376,2026-04-10T14:45:00,50.793,30.988,26.794,33.167,41.168,2708.2,3655.9,19.703,18.309,23.191,0.3139,0.091198,345.85,77.766,6.6998,13.751,32.597,4377.8,22.302,48.37,49.786,80.324,2.3088,1.6888,3101.8,42.838,53.362,94.379,9.5819,78.025,37.469,41.635,2638.1,62.495,25.901,62.759,0.35175,8.8128,25.948,120.4,1.2312,73.73,23.304,2.3851,53.431,4.8113,286.04,0.020144,0.86836,67.69,19.058,44.039
377,2026-04-10T14:48:00,50.145,27.328,26.665,33.469,42.024,2710.3,3693.1,19.179,18.025,23.034,0.2744,0.080491,346.72,77.528,6.6349,13.864,32.858,4430.0,22.521,46.87,49.13,80.22,2.2845,1.6814,3103.2,42.284,52.723,94.334,9.5268,77.994,35.54,39.724,2639.9,63.312,25.557,62.856,0.33316,8.8388,26.065,120.41,1.2428,73.248,23.316,2.3054,53.637,4.8366,287.3,0.016314,0.814,67.743,18.903,43.224
378,2026-04-10T14:51:00,49.679,27.022,26.74,33.469,41.462,2709.1,3667.9,16.501,18.025,23.341,0.27752,0.080491,347.5,77.114,6.6349,13.864,32.858,4424.1,23.661,45.791,51.182,79.953,2.2845,1.6814,3102.6,42.264,52.793,94.221,9.586,78.927,41.58,39.524,2639.4,63.746,24.288,63.393,0.3348,8.8388,26.065,120.41,1.2428,73.692,23.316,2.3054,53.637,4.8366,286.45,0.016314,0.814,67.754,18.903,43.224
379,2026-04-10T14:54:00,49.628,23.964,26.8,34.436,41.2,2710.5,3703.4,17.869,18.093,23.564,0.24688,0.080491,347.82,77.328,6.7347,13.771,32.578,4428.3,23.077,45.674,50.22,79.877,2.2208,1.6644,3103.9,42.539,53.091,94.233,9.4576,80.067,38.748,40.889,2640.5,63.906,25.096,63.631,0.34827,8.9286,26.12,120.4,1.3161,72.866,23.784,2.3161,53.637,4.8725,288.94,0.016314,0.814,67.738,18.674,43.224
380,2026-04-10T14:57:00,51.013,24.23,26.762,34.436,41.776,2711.0,3714.9,17.364,18.093,23.411,0.24417,0.080491,348.19,77.059,6.7347,13.771,32.578,4433.6,23.296,48.878,49.053,79.73,2.2208,1.6644,3103.8,42.65,53.027,94.167,9.5755,77.288,35.313,40.826,2641.1,63.709,25.157,63.803,0.34879,8.9286,26.12,120.4,1.3161,73.552,23.784,2.3161,53.637,4.8725,292.18,0.016314,0.814,67.723,18.674,43.224
381,2026-04-10T15:00:00,49.583,26.337,26.893,34.093,42.189,2714.1,3697.7,19.243,17.752,23.818,0.26588,0.080491,348.78,77.585,6.978,13.674,33.126,4455.2,22.489,45.57,48.111,79.747,2.2763,1.6508,3104.7,42.327,53.327,94.186,9.5241,78.779,32.54,39.745,2644.1,63.315,25.295,64.098,0.33727,8.9043,26.524,120.39,1.3752,73.158,23.884,2.3121,53.637,4.8052,294.04,0.016314,0.814,67.691,18.521,43.224
382,2026-04-10T15:03:00,50.77,26.366,26.865,34.093,42.044,2716.6,3724.7,16.028,17.752,24.068,0.26558,0.094061,349.37,77.248,6.978,13.674,33.126,4448.6,23.85,48.317,50.759,79.678,2.2763,1.6508,3106.9,42.689,53.406,94.233,9.4747,79.063,40.333,39.426,2646.6,62.851,25.194,63.493,0.33989,8.9043,26.524,120.41,1.3752,74.34,23.884,2.3121,54.449,4.8052,290.49,0.00618,0.78533,67.713,18.521,44.532
383,2026-04-10T15:06:00,48.665,20.305,26.754,34.248,41.677,2718.9,3630.5,16.846,17.638,24.401,0.20744,0.094061,349.49,77.706,6.8007,13.809,32.922,4484.8,23.49,43.445,49.511,79.707,2.2468,1.6851,3107.3,42.563,53.379,94.327,9.5299,81.31,36.66,38.007,2649.6,62.362,24.417,63.276,0.32892,8.7653,26.165,120.39,1.1747,74.049,24.153,2.3378,54.449,4.7884,291.37,0.00618,0.78533,67.676,18.49,44.532
384,2026-04-10T15:09:00,50.006,20.216,27.211,34.248,42.41,2724.0,3644.0,16.378,17.638,24.571,0.20834,0.094061,350.01,78.173,6.8007,13.809,32.922,4474.8,23.662,46.549,48.986,79.836,2.2468,1.6851,3113.2,42.556,53.498,94.345,9.7282,77.314,35.116,38.49,2654.6,62.131,23.765,63.219,0.32496,8.7653,26.165,120.4,1.1747,72.927,24.153,2.3378,54.449,4.7884,290.46,0.00618,0.78533,67.678,18.49,44.532
385,2026-04-10T15:12:00,50.232,21.628,27.0,34.352,41.896,2730.0,3690.0,18.886,17.785,24.661,0.21617,0.094061,350.64,77.782,7.0055,13.678,32.969,4453.3,22.601,47.07,50.533,79.943,2.2728,1.6503,3118.2,42.415,53.879,94.331,9.6739,77.759,39.669,39.55,2660.3,62.886,23.911,63.27,0.34486,8.8727,26.219,120.4,1.171,72.918,24.192,2.3619,54.449,4.72,288.28,0.00618,0.78533,67.736,17.704,44.532
386,2026-04-10T15:15:00,49.273,21.214,27.251,34.352,41.813,2731.5,3668.9,17.102,17.785,25.101,0.22038,0.094061,351.07,77.39,7.0055,13.678,32.969,4462.7,23.359,44.851,50.566,79.738,2.2728,1.6503,3118.7,42.611,53.767,94.152,9.5637,80.83,39.767,39.443,2661.7,63.25,24.141,63.291,0.34574,8.8727,26.219,120.42,1.171,73.57,24.192,2.3619,54.449,4.72,286.43,0.00618,0.78533,67.719,17.704,44.532
387,2026-04-10T15:18:00,49.942,20.453,27.027,33.729,41.607,2732.9,3612.8,20.131,17.001,24.672,0.2033,0.091859,351.31,77.602,6.8644,13.851,33.009,4580.5,22.072,46.4,48.503,79.533,2.244,1.6706,3121.0,42.415,54.397,94.326,9.6063,76.762,33.695,37.786,2663.5,62.398,25.602,62.255,0.32972,8.8216,26.582,120.38,1.1864,74.023,23.988,2.2294,53.546,4.7676,287.55,0.027078,0.76179,67.668,18.051,44.289
388,2026-04-10T15:21:00,48.302,20.489,26.856,33.729,41.313,2736.2,3600.1,16.795,17.001,25.187,0.20294,0.091859,351.59,77.602,6.8644,13.851,33.009,4601.2,23.475,42.605,49.859,79.479,2.244,1.6706,3123.2,42.691,54.15,94.437,9.6178,79.537,37.686,37.845,2667.1,62.617,23.54,61.871,0.32924,8.8216,26.582,120.38,1.1864,74.139,23.988,2.2294,53.546,4.7676,286.46,0.027078,0.76179,67.567,18.051,44.289
389,2026-04-10T15:24:00,50.598,19.083,27.075,34.097,42.702,2738.7,3650.5,21.306,17.288,25.641,0.19266,0.091859,352.03,77.687,6.6874,13.662,32.869,4527.2,21.569,47.917,50.352,79.415,2.245,1.6584,3124.7,42.332,54.336,94.252,9.6138,79.794,39.137,40.304,2670.7,62.937,25.999,61.569,0.3463,8.7615,26.813,120.4,1.2943,75.065,24.286,2.2581,53.546,4.7396,284.5,0.027078,0.76179,67.488,18.406,44.289
390,2026-04-10T15:27:00,50.747,19.142,26.847,34.097,41.066,2741.4,3678.7,19.378,17.288,25.464,0.19205,0.091859,352.3,77.31,6.6874,13.662,32.869,4557.3,22.388,48.263,49.597,79.417,2.245,1.6584,3127.2,42.703,53.975,94.298,9.7308,78.14,36.915,40.141,2672.4,62.452,24.852,61.115,0.34763,8.7615,26.813,120.39,1.2943,74.075,24.286,2.2581,53.546,4.7396,284.27,0.027078,0.76179,67.452,18.406,44.289
391,2026-04-10T15:30:00,50.443,19.611,26.899,34.214,43.065,2743.5,3676.2,17.385,17.454,25.707,0.19887,0.091859,352.33,77.681,6.6889,13.679,33.295,4474.4,23.216,47.559,51.151,79.305,2.216,1.6781,3129.3,42.451,54.189,94.215,9.6929,78.013,41.488,37.945,2675.1,64.148,26.211,61.004,0.32329,8.7167,26.988,120.45,1.2595,74.792,24.459,2.2189,53.546,4.7289,280.22,0.027078,0.76179,67.336,18.093,44.289
392,2026-04-10T15:33:00,50.693,19.801,26.806,34.214,40.632,2744.3,3676.3,17.371,17.454,25.235,0.19694,0.10336,352.6,77.135,6.6889,13.679,33.295,4502.7,23.233,48.137,48.16,79.282,2.216,1.6781,3130.6,42.322,53.849,94.117,9.4967,79.795,32.684,37.429,2676.2,64.145,25.414,59.678,0.32752,8.7167,26.988,120.38,1.2595,74.186,24.459,2.2189,53.472,4.7289,281.84,0.0032924,0.7202,67.26,18.093,44.181
393,2026-04-10T15:36:00,49.07,14.556,27.203,34.552,42.818,2742.8,3709.5,17.174,17.093,25.659,0.14914,0.10336,352.43,77.352,6.6619,13.765,33.467,4520.8,23.314,44.383,50.849,79.034,2.2557,1.6536,3128.5,42.559,54.49,94.231,9.7282,78.875,40.597,37.932,2674.0,63.744,24.729,59.192,0.32523,8.8146,26.961,120.44,1.3296,74.521,24.635,2.3741,53.472,4.6866,278.61,0.0032924,0.7202,67.112,17.896,44.181
394,2026-04-10T15:39:00,48.686,14.555,26.742,34.552,41.842,2744.2,3708.2,18.056,17.093,25.812,0.14915,0.10336,352.87,77.227,6.6619,13.765,33.467,4546.8,22.951,43.492,50.264,79.015,2.2557,1.6536,3128.5,42.131,54.179,94.12,9.5809,79.27,38.877,37.439,2675.1,63.768,24.467,58.632,0.32928,8.8146,26.961,120.4,1.3296,75.276,24.635,2.3741,53.472,4.6866,276.3,0.0032924,0.7202,66.996,17.896,44.181
395,2026-04-10T15:42:00,50.376,11.903,26.925,34.314,41.866,2742.5,3704.6,18.681,17.129,25.589,0.11819,0.10336,352.47,77.138,7.0097,13.569,33.237,4529.6,22.696,47.403,49.139,78.882,2.2406,1.6318,3128.3,42.302,55.0,94.227,9.525,78.439,35.567,38.603,2673.8,64.261,24.207,57.952,0.33736,8.7595,26.86,120.4,1.1264,74.64,24.012,2.2813,53.472,4.6361,275.38,0.0032924,0.7202,66.849,17.572,44.181
396,2026-04-10T15:45:00,50.396,11.492,26.973,34.314,41.782,2743.2,3755.8,20.361,17.129,25.342,0.12238,0.10336,351.91,77.2,7.0097,13.569,33.237,4586.4,21.985,47.45,49.353,79.055,2.2406,1.6318,3128.7,42.273,54.32,94.089,9.5449,78.76,36.195,38.467,2674.8,63.379,27.946,57.422,0.33847,8.7595,26.86,120.38,1.1264,75.298,24.012,2.2813,53.472,4.6361,272.81,0.0032924,0.7202,66.785,17.572,44.181
397,2026-04-10T15:48:00,48.754,12.668,26.705,34.377,41.683,2744.5,3636.5,19.673,17.219,25.904,0.13066,0.088179,351.96,77.27,6.7132,13.549,33.174,4637.6,22.274,43.651,49.508,79.04,2.2603,1.6312,3128.5,42.418,54.678,94.482,9.4411,78.505,36.652,35.918,2676.6,62.424,25.868,55.943,0.31454,8.7778,26.796,120.39,1.228,75.143,25.004,2.1942,53.959,4.7488,267.05,0.018823,0.72426,66.698,17.746,43.774
398,2026-04-10T15:51:00,49.609,13.01,26.673,34.377,41.502,2748.3,3633.5,14.009,17.219,25.627,0.12718,0.088179,351.55,77.63,6.7132,13.549,33.174,4597.9,24.643,45.629,49.739,79.198,2.2603,1.6312,3132.2,42.383,55.153,94.436,9.52,77.711,37.333,36.082,2679.7,62.477,25.107,54.833,0.31319,8.7778,26.796,120.39,1.228,74.881,25.004,2.1942,53.959,4.7488,265.04,0.018823,0.72426,66.625,17.746,43.774
399,2026-04-10T15:54:00,48.032,12.18,26.891,33.69,42.583,2750.9,3736.7,20.062,17.148,25.448,0.1267,0.088179,351.36,77.463,6.8639,13.579,33.23,4605.5,22.089,41.98,48.493,79.331,2.2709,1.642,3136.2,42.409,54.823,94.335,9.3473,80.621,33.664,35.516,2681.6,63.321,24.742,54.23,0.31024,8.8317,27.061,120.43,1.1482,75.296,25.277,2.1782,53.959,4.5986,257.32,0.018823,0.72426,66.561,17.062,43.774
400,2026-04-10T15:57:00,50.381,12.156,26.971,33.69,41.462,2745.4,3689.9,14.852,17.148,24.732,0.12694,0.088179,350.77,76.839,6.8639,13.579,33.23,4622.6,24.312,47.416,49.07,78.911,2.2709,1.642,3135.2,42.186,54.618,94.27,9.5379,77.467,35.364,35.146,2676.2,64.126,22.511,53.082,0.31327,8.8317,27.061,120.37,1.1482,74.932,25.277,2.1782,53.959,4.5986,255.83,0.018823,0.72426,66.418,17.062,43.774
401,2026-04-10T16:00:00,47.291,10.592,27.036,34.179,42.096,2747.3,3649.0,18.28,17.181,25.542,0.11084,0.088179,350.31,77.292,6.6389,13.668,32.433,4637.6,22.86,40.264,50.095,78.965,2.2632,1.6252,3133.4,42.553,56.349,94.42,9.3955,78.314,38.381,36.032,2679.6,63.597,25.659,51.901,0.30957,8.8847,27.171,120.41,1.1097,76.111,24.821,2.2718,53.959,4.6683,254.81,0.018823,0.72426,66.233,18.001,43.774
402,2026-04-10T16:03:00,49.671,10.865,26.722,34.179,41.198,2749.8,3673.5,17.871,17.181,25.252,0.10807,0.087846,349.92,77.496,6.6389,13.668,32.433,4661.6,23.021,45.772,53.022,79.19,2.2632,1.6252,3136.4,42.229,56.061,94.323,9.3783,78.741,46.993,35.759,2681.0,63.174,24.228,51.002,0.31181,8.8847,27.171,120.38,1.1097,75.154,24.821,2.2718,53.271,4.6683,249.55,0.027503,0.73969,66.076,18.001,44.834
403,2026-04-10T16:06:00,51.137,17.59,26.68,34.288,42.233,2749.2,3700.2,20.343,16.71,24.583,0.18041,0.087846,349.2,76.896,7.0381,13.79,32.798,4578.4,21.996,49.166,50.077,79.109,2.2053,1.6083,3138.8,42.681,54.963,94.232,9.3707,77.951,38.328,36.979,2680.2,64.812,25.048,50.181,0.31886,8.7285,26.977,120.43,1.0963,75.936,25.52,2.2296,53.271,4.6028,244.1,0.027503,0.73969,65.988,17.63,44.834
404,2026-04-10T16:09:00,49.483,17.632,26.94,34.288,42.364,2747.5,3741.6,18.692,16.71,24.806,0.17999,0.087846,348.93,76.893,7.0381,13.79,32.798,4628.2,22.701,45.339,48.327,78.958,2.2053,1.6083,3136.5,42.172,54.366,94.23,9.3678,78.934,33.176,36.864,2678.1,64.1,23.4,49.217,0.3198,8.7285,26.977,120.42,1.0963,74.644,25.52,2.2296,53.271,4.6028,240.32,0.027503,0.73969,65.823,17.63,44.834
405,2026-04-10T16:12:00,51.748,13.808,26.76,33.207,40.655,2744.7,3637.6,18.725,17.51,24.682,0.13935,0.087846,348.54,76.891,6.9226,13.514,32.564,4636.4,22.692,50.58,50.457,78.968,2.2524,1.6228,3134.2,42.312,55.34,94.491,9.3897,76.734,39.444,38.407,2676.0,62.43,23.617,48.175,0.33278,8.618,27.106,120.35,1.3351,75.587,25.171,2.1513,53.271,4.648,237.5,0.027503,0.73969,65.677,17.86,44.834
406,2026-04-10T16:15:00,50.804,13.754,26.872,33.207,41.392,2745.1,3628.2,18.056,17.51,24.797,0.13989,0.087846,347.93,77.267,6.9226,13.514,32.564,4597.3,22.964,48.395,49.98,79.061,2.2524,1.6228,3133.5,42.098,55.808,94.605,9.313,77.063,38.042,38.406,2676.4,62.591,25.111,47.313,0.33278,8.618,27.106,120.38,1.3351,74.879,25.171,2.1513,53.271,4.648,232.74,0.027503,0.73969,65.529,17.86,44.834
407,2026-04-10T16:18:00,49.215,15.309,26.79,33.553,40.533,2746.1,3646.6,18.601,16.992,24.283,0.15922,0.10111,347.43,76.704,6.8787,13.552,32.309,4601.1,22.751,44.717,49.205,79.137,2.2306,1.6718,3135.6,41.776,55.373,94.586,9.4815,74.685,35.762,34.658,2676.5,63.194,24.02,46.5,0.30098,8.9758,27.339,120.37,1.1317,76.018,25.278,2.1829,54.108,4.652,229.78,0.020231,0.7591,65.41,17.735,44.025
408,2026-04-10T16:21:00,52.39,15.315,27.173,33.553,41.256,2743.5,3681.5,17.599,16.992,24.863,0.15916,0.10111,347.29,76.711,6.8787,13.552,32.309,4622.1,23.189,52.065,51.147,78.818,2.2306,1.6718,3133.3,42.141,55.122,94.623,9.4783,76.027,41.475,34.287,2673.7,62.594,22.539,45.511,0.30402,8.9758,27.339,120.38,1.1317,76.675,25.278,2.1829,54.108,4.652,227.58,0.020231,0.7591,65.232,17.735,44.025
409,2026-04-10T16:24:00,49.777,17.802,26.331,33.048,40.868,2744.7,3660.8,18.402,17.551,24.032,0.17802,0.10111,346.41,76.664,6.8983,13.75,32.198,4670.9,22.859,46.018,49.737,78.903,2.2363,1.6434,3134.6,42.432,55.006,94.601,9.4066,76.662,37.326,34.807,2674.4,63.318,26.045,44.741,0.30457,8.9417,26.959,120.38,1.2025,75.699,25.07,2.2451,54.108,4.6024,223.0,0.020231,0.7591,65.06,17.476,44.025
410,2026-04-10T16:27:00,49.069,17.681,27.2,33.048,41.221,2744.1,3678.5,18.288,17.551,24.279,0.17925,0.10111,346.28,77.238,6.8983,13.75,32.198,4613.2,22.893,44.379,51.027,79.032,2.2363,1.6434,3135.9,42.119,55.697,94.598,9.4313,75.067,41.122,35.128,2673.5,63.014,23.45,43.569,0.30194,8.9417,26.959,120.39,1.2025,75.929,25.07,2.2451,54.108,4.6024,222.98,0.020231,0.7591,64.962,17.476,44.025
411,2026-04-10T16:30:00,49.815,18.646,26.876,33.137,41.954,2745.7,3683.8,17.378,17.406,24.05,0.18957,0.10111,345.47,77.156,6.7773,13.654,32.06,4688.2,23.279,46.106,48.666,79.189,2.2071,1.6654,3137.8,42.862,55.634,94.576,9.3778,76.576,34.175,37.493,2675.1,62.742,25.336,42.88,0.32392,8.7928,26.996,120.41,1.3655,76.07,25.619,2.2218,54.108,4.6288,217.59,0.020231,0.7591,64.839,17.645,44.025
412,2026-04-10T16:33:00,49.328,18.564,26.934,33.137,40.6,2745.1,3682.2,18.298,17.406,24.129,0.1904,0.088074,344.98,76.901,6.7773,13.654,32.06,4692.9,22.901,44.979,49.784,79.192,2.2071,1.6654,3136.7,42.503,55.578,94.556,9.3392,75.87,37.464,37.786,2674.4,62.771,24.793,42.242,0.32152,8.7928,26.996,120.41,1.3655,76.161,25.619,2.2218,54.051,4.6288,215.47,0.027007,0.7813,64.763,17.645,43.547
413,2026-04-10T16:36:00,48.556,19.992,26.799,32.984,41.539,2742.7,3723.7,18.885,17.374,23.609,0.20367,0.088074,344.24,76.743,6.7686,13.606,32.296,4645.9,22.658,43.192,49.62,79.229,2.2506,1.6135,3137.4,42.358,55.929,94.429,9.1557,77.778,36.982,36.005,2673.2,63.161,25.276,41.521,0.31352,9.0484,27.627,120.4,1.2709,75.816,25.782,2.2989,54.051,4.6542,212.17,0.027007,0.7813,64.676,18.068,43.547
414,2026-04-10T16:39:00,50.626,20.263,26.668,32.984,41.481,2740.7,3702.0,19.522,17.374,23.518,0.20091,0.088074,343.58,76.977,6.7686,13.606,32.296,4659.4,22.391,47.982,50.016,79.174,2.2506,1.6135,3134.7,42.012,55.767,94.611,9.2136,74.862,38.148,36.927,2670.7,63.533,25.595,40.833,0.30596,9.0484,27.627,120.4,1.2709,75.459,25.782,2.2989,54.051,4.6542,208.56,0.027007,0.7813,64.55,18.068,43.547
415,2026-04-10T16:42:00,52.48,17.674,26.534,32.921,41.052,2737.7,3671.5,19.252,17.891,23.093,0.18178,0.088074,343.25,76.723,6.9625,13.722,31.815,4606.6,22.512,52.272,49.546,79.23,2.2113,1.6387,3133.5,42.473,55.517,94.508,9.2513,78.423,36.763,35.252,2667.0,64.238,25.813,40.323,0.30673,8.8609,27.535,120.41,1.1466,76.486,25.487,2.2969,54.051,4.6712,202.99,0.027007,0.7813,64.47,18.368,43.547
416,2026-04-10T16:45:00,49.918,18.072,27.018,32.921,41.885,2735.7,3735.8,21.39,17.891,23.396,0.17773,0.088074,342.6,76.911,6.9625,13.722,31.815,4653.5,21.611,46.344,49.27,79.277,2.2113,1.6387,3130.0,42.418,54.955,94.612,9.3596,72.753,35.951,35.493,2665.3,63.131,22.408,39.333,0.30475,8.8609,27.535,120.41,1.1466,75.893,25.487,2.2969,54.051,4.6712,202.86,0.027007,0.7813,64.366,18.368,43.547
417,2026-04-10T16:48:00,47.096,22.357,26.918,32.899,40.669,2732.1,3643.9,17.703,17.954,23.306,0.23005,0.10649,341.79,77.042,6.8707,13.56,31.66,4570.8,23.166,39.814,50.658,79.288,2.2248,1.6642,3127.1,42.121,55.302,94.559,9.1677,76.136,40.036,36.622,2661.6,63.028,26.011,38.81,0.31903,9.0852,27.705,120.39,1.1135,76.103,24.785,2.2084,54.479,4.6505,202.61,0.029715,0.82832,64.279,18.392,43.154
418,2026-04-10T16:51:00,50.142,22.435,27.116,32.899,40.838,2728.2,3637.0,20.235,17.954,23.004,0.22926,0.10649,341.31,76.34,6.8707,13.56,31.66,4599.2,22.13,46.864,49.856,79.192,2.2248,1.6642,3123.9,42.136,54.963,94.917,9.0856,76.473,37.677,36.933,2657.0,63.147,24.661,38.439,0.31648,9.0852,27.705,120.39,1.1135,75.385,24.785,2.2084,54.479,4.6505,197.79,0.029715,0.82832,64.179,18.392,43.154
419,2026-04-10T16:54:00,50.444,24.335,27.089,32.205,40.36,2725.5,3665.8,16.444,18.404,22.776,0.24919,0.10649,340.93,76.534,7.0736,13.763,31.642,4620.5,23.739,47.561,50.804,79.053,2.2098,1.6808,3122.9,42.199,54.716,94.735,9.1466,75.733,40.468,35.099,2654.8,63.423,26.661,37.778,0.29382,9.0122,27.282,120.38,1.1494,76.876,25.471,2.193,54.479,4.7039,196.33,0.029715,0.82832,64.046,18.73,43.154
420,2026-04-10T16:57:00,49.378,24.489,27.041,32.205,41.171,2728.6,3684.5,18.691,18.404,23.117,0.24762,0.10649,340.98,77.115,7.0736,13.763,31.642,4571.8,22.775,45.095,49.622,79.459,2.2098,1.6808,3122.8,42.576,55.299,94.675,9.2677,73.483,36.988,34.517,2657.8,63.101,24.328,37.281,0.2986,9.0122,27.282,120.41,1.1494,76.279,25.471,2.193,54.479,4.7039,193.07,0.029715,0.82832,63.951,18.73,43.154
421,2026-04-10T17:00:00,50.123,25.035,26.745,32.436,40.747,2726.2,3587.5,17.586,18.479,22.776,0.25676,0.10649,340.19,76.742,6.8026,13.804,31.567,4542.0,23.252,46.82,47.85,79.554,2.2548,1.6532,3121.5,42.491,54.862,94.765,9.2067,75.576,31.772,37.737,2655.0,62.905,25.546,36.822,0.31488,8.7812,27.086,120.39,1.1693,76.316,25.287,2.2251,54.479,4.6212,189.33,0.029715,0.82832,63.935,18.663,43.154
422,2026-04-10T17:03:00,49.328,25.147,27.163,32.436,40.12,2724.2,3626.5,21.845,18.479,22.862,0.25563,0.10131,340.13,77.179,6.8026,13.804,31.567,4570.8,21.443,44.978,49.825,79.65,2.2548,1.6532,3120.2,42.078,54.517,94.907,9.089,75.549,37.586,37.645,2653.6,62.234,23.68,37.199,0.31564,8.7812,27.086,120.37,1.1693,76.96,25.287,2.2251,53.026,4.6212,189.11,0.0059426,0.84817,63.942,18.663,44.186
423,2026-04-10T17:06:00,50.17,26.613,26.536,32.628,40.674,2717.8,3680.6,17.047,18.325,21.793,0.26744,0.10131,338.98,76.234,6.9927,13.766,31.68,4515.5,23.509,46.928,48.367,79.269,2.248,1.6853,3117.6,42.506,55.357,94.936,9.0828,74.611,33.293,38.039,2645.1,63.627,25.046,36.848,0.32073,8.8365,26.881,120.39,1.3016,76.158,25.244,2.2561,53.026,4.7509,189.82,0.0059426,0.84817,63.912,19.04,44.186
424,2026-04-10T17:09:00,51.542,26.61,26.929,32.628,40.635,2714.9,3684.1,18.404,18.325,21.961,0.26747,0.10131,338.71,76.408,6.9927,13.766,31.68,4576.7,22.95,50.103,50.58,79.198,2.248,1.6853,3113.8,41.86,54.624,94.778,9.1966,73.766,39.807,37.945,2642.8,63.567,26.722,36.841,0.3215,8.8365,26.881,120.39,1.3016,75.808,25.244,2.2561,53.026,4.7509,186.77,0.0059426,0.84817,63.792,19.04,44.186
425,2026-04-10T17:12:00,49.607,26.132,27.053,32.545,40.046,2715.9,3615.4,17.858,18.6,22.415,0.2622,0.10131,338.53,76.85,6.7971,13.909,31.801,4547.2,23.169,45.626,48.782,79.563,2.1969,1.63,3112.6,41.995,54.039,94.908,9.158,74.894,34.515,37.777,2643.7,63.067,26.109,36.4,0.31427,8.9776,26.976,120.4,1.2624,75.541,24.995,2.314,53.026,4.748,188.54,0.0059426,0.84817,63.749,19.107,44.186
426,2026-04-10T17:15:00,48.793,25.812,27.062,32.545,40.186,2713.9,3628.3,19.206,18.6,22.07,0.26546,0.10131,337.93,76.865,6.7971,13.909,31.801,4562.0,22.6,43.741,50.811,79.684,2.1969,1.63,3112.7,41.95,53.862,94.805,9.1033,76.145,40.488,37.532,2642.4,62.846,26.059,36.197,0.31629,8.9776,26.976,120.38,1.2624,76.004,24.995,2.314,53.026,4.748,187.65,0.0059426,0.84817,63.747,19.107,44.186
427,2026-04-10T17:18:00,50.138,25.228,27.097,31.794,40.683,2711.6,3695.4,16.348,18.55,21.702,0.25737,0.1063,337.15,76.952,6.9942,13.803,31.619,4513.7,23.8,46.854,49.479,79.795,2.232,1.6459,3111.2,42.18,54.225,94.946,9.0929,73.809,36.567,39.764,2639.5,63.393,26.269,36.415,0.32945,9.0373,27.235,120.4,1.4284,76.917,24.712,2.1889,54.26,4.6576,187.72,0.030694,0.88467,63.794,19.452,43.319
428,2026-04-10T17:21:00,50.805,25.37,27.162,31.794,40.916,2708.4,3660.3,20.178,18.55,21.521,0.25593,0.1063,336.61,76.853,6.9942,13.803,31.619,4523.2,22.189,48.397,50.148,79.928,2.232,1.6459,3109.9,41.804,54.112,94.683,9.0989,74.165,38.536,39.836,2636.2,63.998,25.081,36.389,0.32885,9.0373,27.235,120.41,1.4284,74.849,24.712,2.1889,54.26,4.6576,187.24,0.030694,0.88467,63.888,19.452,43.319
429,2026-04-10T17:24:00,48.517,27.607,26.93,32.094,40.762,2705.8,3644.6,17.092,18.711,21.236,0.27823,0.1063,336.58,76.774,6.7942,13.876,31.271,4489.2,23.493,43.102,50.718,79.945,2.2093,1.665,3105.6,41.732,53.588,94.897,9.08,74.212,40.214,38.344,2633.5,62.527,26.015,36.459,0.31813,8.9148,26.804,120.41,1.147,76.683,24.679,2.2451,54.26,4.78,185.7,0.030694,0.88467,63.938,19.258,43.319
430,2026-04-10T17:27:00,50.659,27.664,27.008,32.094,41.102,2704.1,3667.0,19.675,18.711,21.312,0.27765,0.1063,336.02,76.92,6.7942,13.876,31.271,4405.9,22.399,48.058,49.847,80.02,2.2093,1.665,3103.9,42.253,54.585,94.949,9.2198,74.224,37.65,38.335,2631.3,62.14,24.57,36.57,0.3182,8.9148,26.804,120.42,1.147,74.942,24.679,2.2451,54.26,4.78,183.67,0.030694,0.88467,63.973,19.258,43.319
431,2026-04-10T17:30:00,48.526,31.467,26.864,31.719,40.496,2703.7,3691.8,18.847,18.859,21.177,0.32183,0.1063,335.91,76.876,6.9285,13.982,31.417,4524.0,22.748,43.123,49.701,80.148,2.2548,1.6902,3104.2,42.613,53.549,94.897,9.1219,75.09,37.221,39.278,2630.9,63.458,24.968,36.219,0.32684,9.0699,26.403,120.4,1.4744,74.666,24.632,2.3171,54.26,4.726,186.8,0.030694,0.88467,63.987,18.907,43.319
432,2026-04-10T17:33:00,49.678,31.391,26.329,31.719,40.876,2698.6,3693.0,19.045,18.859,20.434,0.32261,0.11256,335.19,76.573,6.9285,13.982,31.417,4500.5,22.68,45.788,49.894,79.987,2.2548,1.6902,3101.4,42.348,53.831,94.884,9.1901,76.264,37.787,39.256,2625.6,63.437,23.338,36.886,0.32702,9.0699,26.403,120.43,1.4744,76.296,24.632,2.3171,53.695,4.726,189.61,0.017553,0.8988,64.041,18.907,44.334
433,2026-04-10T17:36:00,48.542,31.199,26.561,31.823,40.199,2694.3,3654.8,18.949,18.812,20.429,0.31385,0.11256,334.45,76.679,6.9088,14.107,31.957,4557.9,22.728,43.16,52.339,79.841,2.2143,1.6417,3097.2,42.259,53.954,94.872,9.118,74.064,44.983,40.691,2621.3,62.936,25.182,37.13,0.33966,9.0156,26.394,120.41,1.3337,75.45,24.579,2.1751,53.695,4.8109,190.92,0.017553,0.8988,64.038,19.253,44.334
434,2026-04-10T17:39:00,49.72,31.22,26.69,31.823,40.166,2694.5,3648.8,20.681,18.812,20.567,0.31363,0.11256,334.89,77.001,6.9088,14.107,31.957,4530.1,21.995,45.885,48.713,79.967,2.2143,1.6417,3096.5,42.341,54.287,95.1,9.062,75.191,34.311,40.843,2621.4,63.038,24.85,37.598,0.33842,9.0156,26.394,120.4,1.3337,75.76,24.579,2.1751,53.695,4.8109,189.7,0.017553,0.8988,64.055,19.253,44.334
435,2026-04-10T17:42:00,49.133,26.535,27.02,31.707,40.882,2692.4,3658.1,19.013,19.353,20.819,0.26722,0.11256,334.42,77.197,6.933,13.99,31.186,4459.7,22.689,44.528,49.223,80.183,2.2748,1.6496,3094.3,42.52,54.229,94.807,9.0442,74.906,35.812,42.529,2619.4,63.016,24.908,37.796,0.35474,8.9627,26.56,120.42,1.4042,76.532,24.295,2.2904,53.695,4.8552,191.46,0.017553,0.8988,64.107,19.116,44.334
436,2026-04-10T17:45:00,50.184,26.377,26.925,31.707,39.71,2689.5,3650.9,18.293,19.353,20.396,0.26882,0.11256,333.77,76.844,6.933,13.99,31.186,4472.4,23.005,46.96,49.676,80.152,2.2748,1.6496,3092.5,42.432,54.077,95.041,9.0591,72.378,37.145,42.941,2615.5,63.14,26.755,38.202,0.35136,8.9627,26.56,120.38,1.4042,76.353,24.295,2.2904,53.695,4.8552,190.84,0.017553,0.8988,64.209,19.116,44.334
437,2026-04-10T17:48:00,50.244,34.254,26.992,31.893,41.005,2689.1,3618.8,16.977,19.399,20.378,0.35077,0.10961,333.55,77.486,6.9327,14.128,31.359,4492.6,23.542,47.098,50.607,80.29,2.2557,1.7069,3093.5,41.861,54.102,94.942,9.2073,76.271,39.886,41.636,2616.8,63.443,24.624,38.558,0.33906,8.9168,26.56,120.42,1.3836,74.64,23.675,2.2379,53.815,4.8182,195.92,0.026666,0.91305,64.287,19.292,44.462
438,2026-04-10T17:51:00,50.665,34.267,27.048,31.893,40.534,2690.1,3651.5,18.89,19.399,19.989,0.35063,0.10961,333.05,77.083,6.9327,14.128,31.359,4534.6,22.741,48.074,49.03,80.484,2.2557,1.7069,3096.3,42.26,53.601,94.969,9.1269,75.423,35.245,41.198,2616.2,62.881,26.653,39.105,0.34266,8.9168,26.56,120.39,1.3836,75.721,23.675,2.2379,53.815,4.8182,195.87,0.026666,0.91305,64.425,19.292,44.462
439,2026-04-10T17:54:00,50.415,33.62,27.008,31.741,39.963,2688.5,3636.7,14.178,19.747,20.091,0.34264,0.10961,333.12,77.173,6.9436,14.128,31.316,4495.0,24.718,47.494,47.958,80.501,2.2704,1.6411,3095.1,42.254,53.569,94.817,9.1718,76.012,32.091,43.635,2615.3,63.091,26.242,39.465,0.35586,9.1021,26.13,120.4,1.3851,75.082,23.968,2.2594,53.815,4.9083,197.87,0.026666,0.91305,64.533,19.404,44.462
440,2026-04-10T17:57:00,50.026,33.989,27.055,31.741,40.665,2687.9,3606.7,18.776,19.747,20.233,0.33888,0.10961,333.32,76.963,6.9436,14.128,31.316,4543.2,22.784,46.595,49.06,80.542,2.2704,1.6411,3093.4,42.084,52.992,94.864,9.2995,72.249,35.333,43.366,2614.6,63.607,24.376,39.816,0.35807,9.1021,26.13,120.43,1.3851,74.966,23.968,2.2594,53.815,4.9083,199.94,0.026666,0.91305,64.625,19.404,44.462
441,2026-04-10T18:00:00,48.298,34.908,26.725,32.061,39.657,2685.7,3642.5,18.05,19.571,19.925,0.35564,0.10961,333.52,77.072,6.9928,13.982,31.25,4472.2,23.088,42.594,49.602,80.423,2.2978,1.6643,3090.4,41.958,53.472,94.886,9.1378,75.164,36.929,43.251,2612.4,62.843,24.844,40.358,0.36281,8.8773,26.289,120.37,1.4316,75.759,23.31,2.3671,53.815,4.989,199.82,0.026666,0.91305,64.696,19.735,44.462
442,2026-04-10T18:03:00,50.059,34.777,26.708,32.061,39.534,2683.7,3635.2,18.703,19.571,19.978,0.35697,0.11779,333.76,76.982,6.9928,13.982,31.25,4444.0,22.819,46.67,49.677,80.396,2.2978,1.6643,3088.3,42.186,53.81,94.887,9.161,74.671,37.148,43.756,2610.0,62.967,24.805,40.945,0.35867,8.8773,26.289,120.38,1.4316,74.575,23.31,2.3671,53.421,4.989,204.7,0.028272,0.93935,64.769,19.735,43.737
443,2026-04-10T18:06:00,49.517,36.457,26.78,31.681,40.569,2683.9,3632.3,18.062,19.768,20.056,0.37137,0.11779,333.56,77.279,6.746,13.867,31.703,4480.7,23.079,45.417,48.868,80.502,2.2741,1.6225,3089.4,42.342,52.425,94.94,9.2677,73.983,34.767,41.876,2610.8,62.506,25.977,41.51,0.34482,9.0151,26.598,120.39,1.3917,76.2,23.822,2.3858,53.421,4.9347,206.7,0.028272,0.93935,64.829,19.501,43.737
444,2026-04-10T18:09:00,50.889,36.505,26.832,31.681,39.599,2683.9,3604.0,14.322,19.768,19.881,0.37089,0.11779,333.67,77.214,6.746,13.867,31.703,4415.9,24.652,48.593,50.208,80.512,2.2741,1.6225,3089.1,42.446,53.199,94.863,9.2081,76.553,38.714,41.329,2610.5,62.992,26.75,42.133,0.34931,9.0151,26.598,120.4,1.3917,75.233,23.822,2.3858,53.421,4.9347,207.97,0.028272,0.93935,64.913,19.501,43.737
445,2026-04-10T18:12:00,49.663,32.956,27.081,32.321,41.255,2686.5,3686.1,18.827,19.373,20.499,0.3343,0.11779,334.47,77.278,7.0098,13.921,31.353,4432.3,22.744,45.753,50.815,80.741,2.2353,1.7097,3090.4,42.685,53.435,94.736,9.3657,74.837,40.499,40.27,2614.2,63.757,26.287,42.775,0.33393,9.1,26.02,120.44,1.3857,74.448,23.409,2.3331,53.421,4.8865,208.96,0.028272,0.93935,65.024,19.51,43.737
446,2026-04-10T18:15:00,49.976,33.045,26.493,32.321,41.214,2683.9,3682.2,21.471,19.373,19.965,0.3334,0.11779,334.76,76.983,7.0098,13.921,31.353,4454.0,21.637,46.478,49.831,80.629,2.2353,1.7097,3087.9,42.346,53.176,94.497,9.2876,75.978,37.602,40.217,2611.5,63.823,24.55,43.225,0.33437,9.1,26.02,120.41,1.3857,75.161,23.409,2.3331,53.421,4.8865,212.06,0.028272,0.93935,65.176,19.51,43.737
447,2026-04-10T18:18:00,49.992,37.045,26.591,31.655,41.01,2682.3,3650.0,18.69,19.167,20.28,0.37412,0.10449,335.08,77.033,6.9078,13.951,31.703,4436.9,22.809,46.515,50.615,80.466,2.2922,1.6762,3084.8,42.863,53.235,94.894,9.2717,75.137,39.911,40.916,2609.3,62.067,26.733,44.267,0.34138,8.8589,25.978,120.43,1.1841,75.579,23.513,2.2737,53.185,4.9543,217.86,0.017247,0.92359,65.221,19.573,43.942
448,2026-04-10T18:21:00,49.722,36.852,27.097,31.655,40.768,2681.6,3609.9,16.582,19.167,20.738,0.37609,0.10449,335.91,77.047,6.9078,13.951,31.703,4438.1,23.699,45.89,48.87,80.458,2.2922,1.6762,3084.6,42.301,53.221,94.762,9.2699,77.511,34.776,41.369,2609.7,62.757,24.455,45.19,0.33767,8.8589,25.978,120.4,1.1841,75.015,23.513,2.2737,53.185,4.9543,219.69,0.017247,0.92359,65.274,19.573,43.942
449,2026-04-10T18:24:00,50.675,34.424,27.229,32.617,40.086,2680.5,3674.3,18.07,19.609,20.411,0.34675,0.10449,335.63,76.814,6.9529,14.169,31.656,4421.0,23.082,48.096,49.649,80.313,2.3596,1.7058,3084.4,42.158,53.143,94.888,9.2416,75.859,37.066,41.501,2606.8,62.472,25.634,45.905,0.34449,8.9224,25.691,120.39,1.119,74.474,23.137,2.3459,53.185,4.8766,223.82,0.017247,0.92359,65.37,19.6,43.942
450,2026-04-10T18:27:00,47.691,34.232,27.04,32.617,41.019,2682.3,3674.8,16.411,19.609,20.741,0.34871,0.10449,336.83,77.748,6.9529,14.169,31.656,4404.3,23.756,41.191,51.284,80.448,2.3596,1.7058,3083.9,42.478,53.343,94.734,9.2601,79.359,41.879,41.653,2610.9,62.463,26.659,46.871,0.34324,8.9224,25.691,120.41,1.119,73.644,23.137,2.3459,53.185,4.8766,225.1,0.017247,0.92359,65.457,19.6,43.942
451,2026-04-10T18:30:00,50.174,35.347,26.872,32.456,40.926,2684.2,3657.6,19.301,19.527,20.877,0.35704,0.10449,337.04,77.463,6.8465,14.09,31.725,4400.5,22.535,46.936,49.953,80.663,2.3042,1.6908,3086.3,41.976,53.186,94.675,9.2303,78.969,37.961,45.146,2611.8,62.316,26.105,47.75,0.36534,9.0468,25.897,120.42,1.4404,73.622,23.319,2.3537,53.185,4.948,227.23,0.017247,0.92359,65.614,18.937,43.942
452,2026-04-10T18:33:00,52.516,35.29,26.799,32.456,41.217,2686.0,3630.5,19.695,19.527,20.999,0.35761,0.11295,337.69,77.756,6.8465,14.09,31.725,4416.2,22.349,52.357,50.352,80.836,2.3042,1.6908,3086.6,42.189,52.999,94.723,9.3233,77.863,39.135,44.953,2614.0,62.783,24.565,48.194,0.36692,9.0468,25.897,120.41,1.4404,74.954,23.319,2.3537,53.529,4.948,231.57,0.023079,0.91343,65.784,18.937,43.566
453,2026-04-10T18:36:00,47.478,35.099,26.844,32.781,40.856,2684.3,3656.0,17.849,19.26,20.664,0.35661,0.11295,337.45,77.064,6.9711,14.33,32.42,4467.5,23.143,40.697,52.48,80.604,2.2543,1.6802,3087.0,42.47,53.927,94.56,9.3226,76.629,45.398,43.898,2611.2,63.261,23.604,48.987,0.36195,9.1997,25.955,120.41,1.3585,74.392,23.156,2.2779,53.529,4.8889,233.39,0.023079,0.91343,65.945,19.661,43.566
454,2026-04-10T18:39:00,49.657,35.176,26.741,32.781,40.796,2684.1,3670.3,18.024,19.26,20.939,0.35583,0.11295,338.05,77.543,6.9711,14.33,32.42,4519.1,23.058,45.741,49.767,80.459,2.2543,1.6802,3085.9,42.485,53.31,94.538,9.379,73.934,37.413,43.837,2611.7,63.015,27.313,49.683,0.36246,9.1997,25.955,120.42,1.3585,73.607,23.156,2.2779,53.529,4.8889,236.31,0.023079,0.91343,65.985,19.661,43.566
455,2026-04-10T18:42:00,48.978,28.644,26.629,32.688,41.344,2684.1,3654.8,19.457,19.59,20.97,0.29012,0.11295,338.96,77.374,6.9187,14.103,32.011,4392.8,22.451,44.17,49.779,80.61,2.2953,1.6681,3084.0,42.341,52.956,94.716,9.2886,78.224,37.451,47.408,2611.7,62.164,26.247,50.453,0.39055,9.1219,25.259,120.41,1.3073,74.153,23.226,2.3946,53.529,4.9279,238.36,0.023079,0.91343,66.092,18.917,43.566
456,2026-04-10T18:45:00,50.205,28.77,27.105,32.688,40.536,2681.5,3642.7,16.917,19.59,21.364,0.28884,0.11295,339.12,77.823,6.9187,14.103,32.011,4420.4,23.507,47.01,52.24,80.429,2.2953,1.6681,3082.0,42.289,52.626,94.748,9.3626,76.056,44.693,47.498,2609.9,62.372,25.389,51.16,0.38982,9.1219,25.259,120.4,1.3073,74.3,23.226,2.3946,53.529,4.9279,241.07,0.023079,0.91343,66.172,18.917,43.566
457,2026-04-10T18:48:00,50.786,32.6,26.687,33.096,41.051,2687.4,3661.6,18.705,18.885,21.392,0.32854,0.11845,339.67,78.034,6.8153,13.973,32.466,4501.6,22.731,48.354,49.998,80.878,2.2932,1.6326,3087.2,42.467,53.393,94.494,9.4367,76.549,38.093,44.127,2615.9,62.448,24.092,51.62,0.37247,8.913,25.48,120.43,1.1888,74.428,22.839,2.3872,53.651,4.8828,245.23,0.012531,0.9026,66.297,19.631,44.365
458,2026-04-10T18:51:00,49.51,32.328,26.681,33.096,41.293,2687.8,3613.4,19.696,18.885,21.186,0.33131,0.11845,339.78,77.685,6.8153,13.973,32.466,4508.1,22.312,45.399,50.009,80.803,2.2932,1.6326,3088.4,42.382,53.316,94.683,9.3115,77.064,38.127,44.431,2615.6,63.276,27.383,52.41,0.36998,8.913,25.48,120.43,1.1888,74.545,22.839,2.3872,53.651,4.8828,246.26,0.012531,0.9026,66.498,19.631,44.365
459,2026-04-10T18:54:00,49.272,27.992,26.909,33.225,41.424,2687.4,3670.1,16.861,18.822,21.657,0.28624,0.11845,340.65,77.285,6.7941,14.006,32.176,4411.9,23.516,44.849,49.094,80.587,2.2764,1.7083,3085.2,42.312,52.633,94.46,9.3939,76.066,35.435,42.941,2616.2,63.221,25.418,52.989,0.35617,8.8228,25.89,120.41,1.4625,74.363,22.769,2.2824,53.651,4.9545,249.68,0.012531,0.9026,66.596,19.003,44.365
460,2026-04-10T18:57:00,49.375,27.975,26.946,33.225,41.126,2686.2,3664.2,18.008,18.822,21.594,0.28641,0.11845,341.16,77.218,6.7941,14.006,32.176,4381.0,23.033,45.087,50.104,80.459,2.2764,1.7083,3084.4,42.569,53.003,94.578,9.3655,76.456,38.407,42.574,2614.9,63.323,24.475,53.523,0.35917,8.8228,25.89,120.4,1.4625,74.291,22.769,2.2824,53.651,4.9545,253.59,0.012531,0.9026,66.633,19.003,44.365
461,2026-04-10T19:00:00,50.345,30.591,27.063,33.143,40.801,2687.6,3703.5,19.374,18.741,21.74,0.31316,0.11845,341.48,77.795,6.8451,13.845,32.239,4450.8,22.441,47.331,50.3,80.455,2.3113,1.6898,3085.5,42.219,53.616,94.423,9.3391,76.486,38.982,43.027,2615.9,62.905,24.486,54.296,0.36475,9.0794,25.675,120.43,1.1898,73.521,23.051,2.3583,53.651,4.883,254.82,0.012531,0.9026,66.649,19.291,44.365
462,2026-04-10T19:03:00,50.946,30.655,26.626,33.143,40.937,2687.1,3700.8,17.434,18.741,21.72,0.3125,0.11219,341.61,77.395,6.8451,13.845,32.239,4467.1,23.266,48.723,50.428,80.397,2.3113,1.6898,3086.4,42.436,53.421,94.53,9.5302,75.938,39.359,43.196,2616.0,62.953,24.295,54.887,0.36337,9.0794,25.675,120.4,1.1898,73.608,23.051,2.3583,52.915,4.883,256.38,0.01158,0.86105,66.742,19.291,43.83
463,2026-04-10T19:06:00,51.108,30.093,27.159,33.239,42.132,2691.0,3677.2,15.853,19.416,22.226,0.30562,0.11219,342.09,77.863,7.0141,14.066,32.376,4423.7,23.913,49.099,50.23,80.532,2.3139,1.6489,3087.7,42.635,53.173,94.327,9.4701,78.343,38.776,40.988,2619.3,62.969,25.814,55.593,0.3474,8.9734,25.461,120.43,1.2299,73.799,23.0,2.406,52.915,4.8982,257.54,0.01158,0.86105,66.794,18.52,43.83
464,2026-04-10T19:09:00,48.366,30.113,26.916,33.239,41.167,2695.4,3659.4,17.524,19.416,22.356,0.30541,0.11219,343.15,77.958,7.0141,14.066,32.376,4456.2,23.189,42.753,49.939,80.79,2.3139,1.6489,3090.7,42.342,52.784,94.406,9.4077,77.337,37.922,41.265,2624.1,63.275,25.708,56.182,0.34513,8.9734,25.461,120.4,1.2299,73.988,23.0,2.406,52.915,4.8982,259.96,0.01158,0.86105,66.93,18.52,43.83
465,2026-04-10T19:12:00,50.017,28.567,26.871,33.543,42.086,2693.3,3597.2,18.962,18.216,22.13,0.29224,0.11219,343.64,77.315,6.9403,13.801,32.94,4496.7,22.598,46.573,48.54,80.499,2.2813,1.6653,3089.7,42.393,54.167,94.485,9.3209,78.799,33.804,44.474,2621.9,62.819,24.905,56.839,0.36882,8.9541,26.003,120.43,1.1849,74.44,23.086,2.3617,52.915,4.9241,261.53,0.01158,0.86105,67.072,18.692,43.83
466,2026-04-10T19:15:00,51.028,28.56,26.891,33.543,40.133,2692.0,3615.3,19.857,18.216,22.203,0.29231,0.11219,343.36,77.156,6.9403,13.801,32.94,4539.9,22.23,48.913,50.055,80.192,2.2813,1.6653,3088.8,42.633,53.651,94.548,9.4453,77.988,38.262,44.176,2621.0,62.507,25.712,57.251,0.37126,8.9541,26.003,120.36,1.1849,73.784,23.086,2.3617,52.915,4.9241,265.9,0.01158,0.86105,67.088,18.692,43.83
467,2026-04-10T19:18:00,49.908,22.702,26.714,33.427,41.752,2694.7,3633.3,17.755,18.131,22.699,0.23297,0.098314,344.76,77.594,6.8704,13.872,32.607,4477.3,23.105,46.32,50.634,80.121,2.2756,1.7127,3089.4,42.579,54.006,94.643,9.5739,78.722,39.966,40.525,2624.1,62.755,23.365,56.975,0.34457,9.03,25.691,120.4,1.1938,74.22,22.888,2.373,53.193,4.8716,267.0,-0.003189,0.84863,67.04,18.465,43.43
468,2026-04-10T19:21:00,48.374,23.091,27.23,33.427,41.426,2699.2,3662.4,15.713,18.131,23.133,0.22901,0.098314,344.7,77.861,6.8704,13.872,32.607,4491.5,23.949,42.77,51.116,80.406,2.2756,1.7127,3092.7,42.415,53.836,94.485,9.5165,76.281,41.383,40.636,2629.4,62.254,24.686,57.38,0.34366,9.03,25.691,120.39,1.1938,73.714,22.888,2.373,53.193,4.8716,266.66,-0.003189,0.84863,67.054,18.465,43.43
469,2026-04-10T19:24:00,48.559,25.439,26.297,34.191,41.99,2703.6,3681.6,17.42,18.606,22.836,0.25732,0.098314,345.11,77.793,6.6975,13.855,32.711,4514.5,23.214,43.2,50.306,80.625,2.2347,1.6245,3097.5,42.429,54.151,94.453,9.4677,78.481,38.999,41.703,2633.7,62.516,24.768,57.763,0.35049,9.005,26.265,120.43,1.448,74.087,23.069,2.3484,53.193,4.8401,266.48,-0.003189,0.84863,67.176,19.058,43.43
470,2026-04-10T19:27:00,49.606,25.047,26.627,34.191,41.702,2702.5,3636.3,18.301,18.606,22.646,0.2613,0.098314,345.29,77.327,6.6975,13.855,32.711,4551.5,22.854,45.622,49.59,80.348,2.2347,1.6245,3098.4,42.922,53.708,94.355,9.5663,77.102,36.893,41.893,2632.1,63.295,26.224,58.082,0.34894,9.005,26.265,120.39,1.448,73.575,23.069,2.3484,53.193,4.8401,267.0,-0.003189,0.84863,67.233,19.058,43.43
471,2026-04-10T19:30:00,51.143,23.72,26.903,34.141,42.16,2700.3,3687.9,19.051,18.524,22.32,0.24492,0.098314,345.07,77.061,6.8321,13.716,33.068,4470.5,22.553,49.18,48.287,79.949,2.3219,1.711,3097.2,42.743,53.224,94.392,9.5327,78.362,33.06,40.981,2629.3,64.016,26.229,58.161,0.3532,8.5622,26.034,120.43,1.2309,74.158,23.225,2.2836,53.193,4.8985,270.25,-0.003189,0.84863,67.181,18.583,43.43
472,2026-04-10T19:33:00,49.159,23.886,26.187,34.141,41.332,2703.4,3726.7,16.534,18.524,22.884,0.24323,0.085128,345.82,77.796,6.8321,13.716,33.068,4499.3,23.588,44.588,50.699,80.191,2.3219,1.711,3096.4,42.193,52.879,94.308,9.5442,77.695,40.158,41.176,2633.7,63.35,25.397,58.18,0.3516,8.5622,26.034,120.41,1.2309,73.993,23.225,2.2836,52.772,4.8985,271.04,0.020628,0.80992,67.168,18.583,44.45
473,2026-04-10T19:36:00,51.414,19.795,26.827,34.391,42.248,2703.8,3693.2,17.303,18.511,22.921,0.20121,0.085128,345.68,77.456,6.7318,13.647,32.631,4547.7,23.267,49.806,51.195,80.216,2.2979,1.6726,3098.2,42.733,53.458,94.293,9.4658,79.303,41.615,39.298,2633.2,62.856,24.98,58.399,0.33605,8.8261,25.865,120.4,1.1467,74.807,22.883,2.408,52.772,4.8421,271.32,0.020628,0.80992,67.203,18.266,44.45
474,2026-04-10T19:39:00,51.396,19.527,26.796,34.391,42.082,2703.4,3667.5,16.835,18.511,22.883,0.20393,0.085128,345.93,77.327,6.7318,13.647,32.631,4518.8,23.466,49.765,50.211,80.062,2.2979,1.6726,3098.2,42.698,53.805,94.346,9.4353,76.614,38.72,39.622,2632.6,63.297,25.697,58.73,0.33339,8.8261,25.865,120.38,1.1467,74.369,22.883,2.408,52.772,4.8421,270.33,0.020628,0.80992,67.24,18.266,44.45
475,2026-04-10T19:42:00,47.721,23.069,26.614,33.887,42.041,2705.5,3697.5,16.279,18.096,22.78,0.2386,0.085128,346.2,77.226,6.963,13.762,32.625,4562.9,23.708,41.26,49.803,80.023,2.2993,1.7226,3100.1,42.443,54.116,94.362,9.537,77.026,37.519,38.367,2635.3,63.755,26.296,58.829,0.32689,8.989,26.197,120.42,1.1859,74.655,23.788,2.3155,52.772,4.8421,271.95,0.020628,0.80992,67.234,18.561,44.45
476,2026-04-10T19:45:00,49.393,23.324,26.807,33.887,41.738,2708.2,3706.9,19.662,18.096,23.376,0.23601,0.085128,346.95,77.495,6.963,13.762,32.625,4504.1,22.27,45.128,50.219,80.067,2.2993,1.7226,3100.3,42.901,54.819,94.248,9.4674,75.233,38.745,38.52,2638.3,63.593,25.231,58.97,0.32563,8.989,26.197,120.4,1.1859,74.236,23.788,2.3155,52.772,4.8421,273.12,0.020628,0.80992,67.23,18.561,44.45
477,2026-04-10T19:48:00,50.808,22.774,26.932,34.015,41.638,2706.8,3666.4,19.558,17.514,23.28,0.23373,0.09216,346.28,77.64,6.8597,14.093,33.013,4531.7,22.312,48.405,49.018,79.98,2.3338,1.6482,3101.6,42.504,53.824,94.329,9.4177,78.22,35.21,39.916,2637.3,62.295,24.777,58.454,0.33795,8.9503,25.975,120.4,1.2718,74.016,23.885,2.3813,54.308,4.8258,270.41,0.022298,0.79915,67.202,18.723,43.412
478,2026-04-10T19:51:00,51.06,22.715,27.213,34.015,41.752,2710.5,3628.8,21.307,17.514,23.801,0.23434,0.09216,347.21,77.606,6.8597,14.093,33.013,4525.0,21.573,48.986,49.454,80.049,2.3338,1.6482,3101.7,42.475,53.905,94.408,9.4893,77.04,36.494,39.824,2640.1,62.942,25.081,58.153,0.3387,8.9503,25.975,120.38,1.2718,74.041,23.885,2.3813,54.308,4.8258,271.66,0.022298,0.79915,67.205,18.723,43.412
479,2026-04-10T19:54:00,52.668,18.536,26.857,33.714,41.103,2708.8,3638.9,16.95,18.482,23.011,0.18864,0.09216,346.91,77.314,6.8164,13.735,32.837,4526.8,23.414,52.708,50.754,79.941,2.2941,1.6352,3102.9,42.622,53.508,94.45,9.3741,79.527,40.319,43.61,2638.7,63.646,26.691,57.974,0.38153,8.7461,25.9,120.38,1.2454,74.093,23.551,2.3056,54.308,4.8592,271.51,0.022298,0.79915,67.192,18.739,43.412
480,2026-04-10T19:57:00,47.782,18.474,27.185,33.714,42.544,2710.7,3673.1,19.728,18.482,23.673,0.18927,0.09216,346.99,77.83,6.8164,13.735,32.837,4483.9,22.225,41.4,50.24,80.062,2.2941,1.6352,3102.3,42.71,54.021,94.421,9.4862,76.242,38.807,44.227,2641.0,63.058,23.95,57.926,0.37648,8.7461,25.9,120.42,1.2454,74.059,23.551,2.3056,54.308,4.8592,269.93,0.022298,0.79915,67.153,18.739,43.412
481,2026-04-10T20:00:00,50.552,19.41,27.164,33.998,41.392,2714.0,3690.2,18.406,18.104,23.786,0.19835,0.09216,347.37,77.656,6.7756,13.835,33.032,4481.8,22.776,47.812,50.411,80.189,2.3287,1.6406,3105.4,42.408,54.017,94.406,9.5527,78.936,39.311,39.979,2644.5,63.185,24.293,57.841,0.33389,8.9851,25.668,120.4,1.0355,75.419,23.093,2.2995,54.308,4.8764,268.75,0.022298,0.79915,67.193,18.521,43.412
482,2026-04-10T20:03:00,50.103,19.419,26.791,33.998,42.024,2714.1,3694.5,19.192,18.104,23.463,0.19826,0.083254,347.07,77.472,6.7756,13.835,33.032,4492.2,22.448,46.772,50.769,80.063,2.3287,1.6406,3107.0,42.439,53.892,94.272,9.6591,76.788,40.364,39.911,2643.9,63.111,25.02,57.555,0.33444,8.9851,25.668,120.4,1.0355,74.474,23.093,2.2995,53.386,4.8764,266.1,0.016276,0.75961,67.18,18.521,43.502
483,2026-04-10T20:06:00,49.779,16.759,27.016,33.693,41.708,2713.4,3685.0,19.599,18.034,23.531,0.17221,0.083254,346.8,77.483,6.8419,13.756,32.747,4494.4,22.272,46.022,50.398,79.955,2.2688,1.6227,3105.1,42.683,54.424,94.402,9.5014,75.372,39.272,40.581,2642.7,63.715,25.369,57.138,0.35051,8.8602,26.315,120.39,1.2498,73.673,24.065,2.2086,53.386,4.8607,267.04,0.016276,0.75961,67.13,18.391,43.502
484,2026-04-10T20:09:00,51.501,16.912,26.648,33.693,41.779,2712.0,3684.1,15.862,18.034,23.287,0.17066,0.083254,346.67,77.58,6.8419,13.756,32.747,4529.8,23.844,50.009,51.226,79.936,2.2688,1.6227,3106.2,42.814,54.0,94.286,9.4021,75.515,41.707,40.658,2642.9,63.729,26.047,56.914,0.34988,8.8602,26.315,120.39,1.2498,75.092,24.065,2.2086,53.386,4.8607,265.87,0.016276,0.75961,67.071,18.391,43.502
485,2026-04-10T20:12:00,48.931,18.961,26.739,33.605,42.112,2715.8,3698.3,16.935,17.832,23.878,0.19021,0.083254,347.05,77.397,6.9019,13.701,32.452,4548.6,23.391,44.061,50.342,80.091,2.2869,1.6389,3107.1,42.265,54.148,94.344,9.4866,76.288,39.105,39.858,2646.9,62.972,25.365,56.794,0.33873,8.7499,26.436,120.41,1.0625,75.491,23.757,2.2813,53.386,4.8476,263.51,0.016276,0.75961,67.055,18.366,43.502
486,2026-04-10T20:15:00,48.918,18.951,26.871,33.605,41.702,2716.1,3654.0,22.354,17.832,23.629,0.1903,0.083254,346.97,77.632,6.9019,13.701,32.452,4518.4,21.096,44.03,47.664,80.089,2.2869,1.6389,3107.9,42.454,54.509,94.381,9.4441,77.819,31.224,39.941,2645.9,63.735,25.766,56.423,0.33805,8.7499,26.436,120.38,1.0625,74.583,23.757,2.2813,53.386,4.8476,263.98,0.016276,0.75961,67.046,18.366,43.502
487,2026-04-10T20:18:00,48.997,21.188,26.764,34.212,41.377,2715.9,3646.4,19.43,18.081,23.421,0.21621,0.099868,346.51,77.378,6.9881,13.986,32.281,4554.7,22.341,44.212,49.845,79.834,2.2357,1.6403,3108.3,42.712,54.203,94.395,9.4711,77.034,37.643,39.162,2645.1,63.348,23.853,55.335,0.33129,8.8162,26.491,120.37,1.3089,74.967,24.215,2.3115,53.201,4.7978,260.05,0.02403,0.77318,66.956,18.557,44.444
488,2026-04-10T20:21:00,50.795,21.071,27.368,34.212,41.48,2716.5,3658.3,19.646,18.081,23.648,0.21739,0.099868,346.86,77.218,6.9881,13.986,32.281,4530.9,22.259,48.375,50.422,79.74,2.2357,1.6403,3108.5,42.369,54.488,94.426,9.466,79.752,39.343,39.353,2646.2,63.144,25.758,54.696,0.32973,8.8162,26.491,120.37,1.3089,73.985,24.215,2.3115,53.201,4.7978,258.21,0.02403,0.77318,66.845,18.557,44.444
489,2026-04-10T20:24:00,50.474,22.681,26.592,33.745,41.183,2717.4,3638.9,16.047,17.586,23.755,0.23036,0.099868,346.5,76.959,6.8794,13.841,32.723,4517.0,23.792,47.63,49.644,79.604,2.2744,1.6563,3108.6,42.159,54.239,94.575,9.3727,78.909,37.053,42.574,2647.4,62.662,27.329,53.99,0.36601,8.9034,26.248,120.4,1.0504,74.096,23.684,2.3492,53.201,4.7476,257.22,0.02403,0.77318,66.692,18.436,44.444
490,2026-04-10T20:27:00,49.754,22.773,26.583,33.745,40.8,2720.1,3633.0,17.898,17.586,23.782,0.22943,0.099868,346.78,77.75,6.8794,13.841,32.723,4519.4,22.988,45.965,51.561,79.716,2.2744,1.6563,3110.9,42.34,54.211,94.603,9.441,77.074,42.693,42.869,2649.6,62.764,24.453,53.209,0.36359,8.9034,26.248,120.39,1.0504,74.34,23.684,2.3492,53.201,4.7476,257.09,0.02403,0.77318,66.579,18.436,44.444
491,2026-04-10T20:30:00,50.275,17.91,26.795,33.812,42.195,2722.7,3660.6,17.407,18.182,24.1,0.18688,0.099868,346.73,77.628,6.9296,13.801,32.741,4526.3,23.194,47.17,51.036,79.862,2.2394,1.6402,3112.8,42.396,54.472,94.402,9.4689,77.653,41.149,41.077,2652.8,63.193,24.472,52.722,0.34764,8.907,26.534,120.4,1.0936,75.23,23.809,2.3436,53.201,4.82,253.68,0.02403,0.77318,66.504,18.363,44.444
492,2026-04-10T20:33:00,49.256,18.043,27.192,33.812,40.662,2723.9,3639.0,18.301,18.182,23.951,0.18553,0.10498,347.04,77.565,6.9296,13.801,32.741,4540.1,22.814,44.813,50.678,79.934,2.2394,1.6402,3114.5,42.433,54.306,94.509,9.4389,77.461,40.094,41.153,2653.8,63.566,25.631,52.494,0.34701,8.907,26.534,120.38,1.0936,75.501,23.809,2.3436,52.957,4.82,249.88,0.0084319,0.76031,66.478,18.363,43.578
493,2026-04-10T20:36:00,48.289,17.418,27.242,33.848,41.77,2722.4,3638.9,18.973,18.225,23.846,0.177,0.10498,346.67,77.446,6.7275,13.633,32.925,4552.6,22.532,42.575,49.593,79.794,2.2401,1.6474,3114.6,42.202,54.4,94.512,9.4814,76.437,36.902,40.684,2652.4,63.104,22.749,51.773,0.34208,8.8147,26.524,120.41,1.2034,74.731,24.35,2.3003,52.957,4.7665,250.21,0.0084319,0.76031,66.445,18.465,43.578
494,2026-04-10T20:39:00,48.555,17.474,26.53,33.848,40.336,2723.9,3640.6,17.866,18.225,23.775,0.17643,0.10498,346.77,77.44,6.7275,13.633,32.925,4558.0,23.001,43.191,48.699,79.747,2.2401,1.6474,3113.1,42.403,54.335,94.477,9.3733,76.363,34.272,40.281,2653.8,63.075,24.431,51.488,0.34538,8.8147,26.524,120.37,1.2034,75.953,24.35,2.3003,52.957,4.7665,245.72,0.0084319,0.76031,66.324,18.465,43.578
495,2026-04-10T20:42:00,47.254,15.137,27.111,33.066,41.644,2721.7,3696.6,17.751,17.741,23.912,0.15115,0.10498,346.66,76.915,6.6517,13.797,32.521,4581.1,23.07,40.18,50.124,79.578,2.221,1.6739,3114.1,42.406,53.869,94.482,9.379,78.221,38.465,37.795,2651.5,63.935,25.895,50.838,0.32742,8.8388,26.831,120.4,1.2956,75.143,23.973,2.2777,52.957,4.8209,245.38,0.0084319,0.76031,66.223,18.216,43.578
496,2026-04-10T20:45:00,49.95,14.883,26.664,33.066,41.579,2720.8,3694.3,19.973,17.741,23.336,0.15373,0.10498,346.28,77.102,6.6517,13.797,32.521,4535.7,22.134,46.417,50.83,79.532,2.221,1.6739,3113.0,42.835,54.413,94.47,9.3524,77.32,40.542,38.625,2650.8,63.974,24.369,50.313,0.32062,8.8388,26.831,120.4,1.2956,75.382,23.973,2.2777,52.957,4.8209,243.68,0.0084319,0.76031,66.099,18.216,43.578
497,2026-04-10T20:48:00,50.16,18.461,27.215,33.168,41.406,2720.9,3758.7,18.154,18.129,23.472,0.1845,0.10302,345.77,77.395,6.9266,13.836,32.195,4556.5,22.897,46.903,50.894,79.605,2.3013,1.623,3113.9,42.047,54.848,94.377,9.5251,76.276,40.732,39.871,2649.9,63.713,26.072,49.442,0.34516,8.8371,27.031,120.43,1.2145,75.824,24.523,2.1409,54.79,4.6761,240.85,0.026676,0.76602,65.996,18.295,44.079
498,2026-04-10T20:51:00,49.95,18.369,26.815,33.168,41.317,2721.5,3761.9,18.18,18.129,23.473,0.18543,0.10302,345.02,77.32,6.9266,13.836,32.195,4588.8,22.885,46.418,51.744,79.792,2.3013,1.623,3114.3,42.511,54.461,94.322,9.3461,79.265,43.233,40.246,2650.8,63.658,25.318,48.918,0.34208,8.8371,27.031,120.4,1.2145,75.439,24.523,2.1409,54.79,4.6761,236.99,0.026676,0.76602,65.94,18.295,44.079
499,2026-04-10T20:54:00,49.671,20.858,27.106,33.697,41.273,2720.6,3674.4,15.982,17.814,23.486,0.21965,0.10302,345.37,77.392,6.9536,13.653,32.168,4594.8,23.808,45.773,49.398,79.745,2.2306,1.6262,3113.5,42.39,54.285,94.458,9.3079,81.029,36.328,40.524,2649.8,62.84,25.193,48.145,0.34838,8.8182,26.924,120.39,1.1048,75.062,24.35,2.2676,54.79,4.6981,235.93,0.026676,0.76602,65.889,18.33,44.079
500,2026-04-10T20:57:00,48.925,21.249,27.13,33.697,41.683,2722.4,3640.5,18.422,17.814,23.65,0.21567,0.10302,344.76,77.754,6.9536,13.653,32.168,4571.9,22.762,44.045,51.202,79.997,2.2306,1.6262,3115.8,42.646,54.559,94.405,9.3042,76.81,41.637,40.61,2653.5,63.424,24.29,47.6,0.34767,8.8182,26.924,120.41,1.1048,75.363,24.35,2.2676,54.79,4.6981,232.37,0.026676,0.76602,65.826,18.33,44.079
501,2026-04-10T21:00:00,49.918,21.513,26.995,33.375,41.316,2724.3,3657.2,16.724,18.374,23.268,0.2182,0.10302,344.46,77.535,6.901,13.685,32.219,4588.7,23.474,46.345,50.086,80.122,2.2641,1.6489,3117.9,42.411,54.348,94.506,9.3355,77.937,38.352,38.738,2654.0,62.845,24.573,47.112,0.32183,9.1073,26.421,120.38,1.2208,75.205,24.091,2.3555,54.79,4.7595,228.13,0.026676,0.76602,65.832,18.012,44.079
502,2026-04-10T21:03:00,49.754,21.428,26.929,33.375,41.341,2723.3,3640.6,16.804,18.374,23.367,0.21906,0.10432,344.69,77.065,6.901,13.685,32.219,4551.1,23.456,45.964,48.077,79.847,2.2641,1.6489,3116.3,41.993,54.799,94.46,9.2657,76.551,32.441,37.963,2652.2,63.131,25.273,46.537,0.32818,9.1073,26.421,120.4,1.2208,75.916,24.091,2.3555,53.369,4.7595,225.1,0.021165,0.7883,65.739,18.012,43.786
503,2026-04-10T21:06:00,48.328,20.948,27.229,33.202,41.427,2721.1,3668.8,17.16,18.211,23.425,0.21397,0.10432,344.71,77.001,7.0682,13.61,32.301,4599.8,23.32,42.666,50.443,79.616,2.3017,1.6414,3115.6,42.108,55.098,94.579,9.313,77.032,39.404,38.639,2650.7,63.064,26.139,45.816,0.32785,8.8349,26.571,120.38,1.1994,74.937,24.351,2.3134,53.369,4.8122,223.71,0.021165,0.7883,65.599,18.847,43.786
504,2026-04-10T21:09:00,50.032,20.947,26.664,33.202,40.635,2718.7,3639.7,19.946,18.211,22.875,0.21398,0.10432,344.35,76.597,7.0682,13.61,32.301,4584.1,22.17,46.609,50.276,79.362,2.3017,1.6414,3113.6,42.489,55.286,94.723,9.429,74.594,38.912,38.798,2647.6,63.564,26.178,45.1,0.32654,8.8349,26.571,120.37,1.1994,75.139,24.351,2.3134,53.369,4.8122,222.37,0.021165,0.7883,65.42,18.847,43.786
505,2026-04-10T21:12:00,49.962,20.238,27.488,32.767,41.235,2719.2,3623.6,18.856,18.172,23.619,0.20382,0.10432,344.1,77.273,6.9348,13.755,32.252,4543.3,22.624,46.447,51.715,79.337,2.2247,1.6214,3111.3,42.268,53.783,94.657,9.3083,77.195,43.148,37.711,2648.4,62.278,26.161,44.444,0.31674,8.7974,26.621,120.4,1.1496,74.944,24.536,2.3539,53.369,4.721,220.45,0.021165,0.7883,65.217,17.918,43.786
506,2026-04-10T21:15:00,47.041,20.096,26.736,32.767,39.625,2722.2,3633.0,17.663,18.172,23.422,0.20526,0.10432,343.88,77.593,6.9348,13.755,32.252,4484.6,23.116,39.686,50.123,79.674,2.2247,1.6214,3115.1,42.357,54.484,94.818,9.406,74.848,38.461,37.534,2651.6,62.116,26.967,43.836,0.31818,8.7974,26.621,120.36,1.1496,75.487,24.536,2.3539,53.369,4.721,217.99,0.021165,0.7883,65.121,17.918,43.786
507,2026-04-10T21:18:00,48.556,20.608,26.819,33.562,41.272,2723.7,3655.8,18.027,18.485,23.079,0.20769,0.10117,343.93,77.631,6.7391,13.716,32.012,4610.2,22.956,43.192,49.772,79.834,2.2497,1.6488,3117.7,42.192,55.329,94.686,9.3394,77.272,37.43,39.648,2652.9,62.781,25.191,43.512,0.33116,9.0722,27.4,120.39,1.3287,75.43,24.739,2.2506,54.916,4.7697,217.56,0.011093,0.80262,65.108,18.578,44.379
508,2026-04-10T21:21:00,51.121,20.62,26.773,33.562,42.017,2723.1,3662.3,16.887,18.485,23.135,0.20757,0.10117,343.37,77.098,6.7391,13.716,32.012,4641.4,23.454,49.129,49.77,79.744,2.2497,1.6488,3117.5,41.867,54.956,94.646,9.3549,77.104,37.423,39.696,2651.7,62.67,26.314,43.03,0.33077,9.0722,27.4,120.41,1.3287,75.409,24.739,2.2506,54.916,4.7697,215.96,0.011093,0.80262,65.073,18.578,44.379
509,2026-04-10T21:24:00,50.837,22.727,27.153,33.034,41.481,2722.7,3748.0,21.804,18.058,22.779,0.23371,0.10117,343.29,77.361,6.9861,13.742,32.686,4540.6,21.375,48.472,50.209,79.81,2.2544,1.6913,3118.7,42.296,54.632,94.652,9.2644,76.96,38.715,38.734,2651.5,62.954,26.029,42.549,0.32889,8.9197,26.493,120.42,1.2774,75.007,24.654,2.1932,54.916,4.7181,214.39,0.011093,0.80262,65.021,18.759,44.379
510,2026-04-10T21:27:00,50.918,22.802,26.665,33.034,41.665,2722.1,3739.6,16.629,18.058,22.848,0.23295,0.10117,342.76,77.195,6.9861,13.742,32.686,4582.2,23.56,48.659,48.625,79.837,2.2544,1.6913,3117.8,42.505,54.133,94.381,9.3845,75.274,34.054,38.822,2651.2,63.098,24.833,42.298,0.32816,8.9197,26.493,120.43,1.2774,75.332,24.654,2.1932,54.916,4.7181,210.26,0.011093,0.80262,64.988,18.759,44.379
511,2026-04-10T21:30:00,48.916,16.288,27.396,32.773,40.765,2718.1,3629.5,17.512,17.998,23.309,0.16554,0.10117,342.88,76.842,6.8708,13.86,31.996,4520.7,23.2,44.026,49.222,79.735,2.2779,1.6202,3112.6,42.19,54.442,94.701,9.3074,74.932,35.812,39.024,2647.2,62.844,26.366,41.747,0.33123,8.7266,26.56,120.41,1.2714,75.256,25.328,2.2475,54.916,4.7671,209.54,0.011093,0.80262,64.883,18.519,44.379
512,2026-04-10T21:33:00,50.195,16.287,27.069,32.773,40.586,2713.8,3662.6,20.295,17.998,22.759,0.16555,0.076647,342.33,76.816,6.8708,13.86,31.996,4563.0,22.042,46.984,49.346,79.549,2.2779,1.6202,3108.3,42.181,53.936,94.743,9.3157,77.173,36.175,39.092,2643.1,62.275,23.984,41.702,0.33067,8.7266,26.56,120.39,1.2714,75.583,25.328,2.2475,53.953,4.7671,206.51,0.010452,0.8278,64.792,18.519,43.922
513,2026-04-10T21:36:00,49.046,22.883,26.73,32.642,41.153,2715.0,3667.5,16.141,18.18,22.903,0.22887,0.076647,341.85,77.187,6.8651,13.957,32.09,4523.6,23.784,44.325,49.347,79.68,2.2869,1.6629,3109.9,42.08,55.021,94.764,9.1998,77.634,36.179,40.492,2644.1,63.158,24.988,41.121,0.34466,8.784,26.458,120.4,1.1612,76.029,24.623,2.2106,53.953,4.7287,207.65,0.010452,0.8278,64.697,18.712,43.922
514,2026-04-10T21:39:00,48.957,22.641,27.034,32.642,40.092,2715.1,3669.3,16.835,18.18,22.486,0.23133,0.076647,341.24,77.184,6.8651,13.957,32.09,4568.5,23.492,44.12,51.048,79.837,2.2869,1.6629,3111.6,42.241,54.484,94.638,9.3235,74.129,41.185,40.503,2643.5,63.128,24.246,40.898,0.34457,8.784,26.458,120.4,1.1612,75.427,24.623,2.2106,53.953,4.7287,204.76,0.010452,0.8278,64.676,18.712,43.922
515,2026-04-10T21:42:00,52.443,21.914,26.946,32.859,41.447,2715.0,3659.1,19.039,18.036,22.499,0.22338,0.076647,341.11,77.367,6.8977,13.757,32.427,4577.2,22.556,52.187,51.251,80.007,2.2121,1.623,3111.1,42.33,53.932,94.719,9.2619,76.704,41.782,41.961,2644.4,63.365,24.232,40.532,0.35496,8.9657,26.904,120.41,1.1122,76.11,24.302,2.2426,53.953,4.6919,203.5,0.010452,0.8278,64.657,18.64,43.922
516,2026-04-10T21:45:00,50.488,21.976,26.632,32.859,40.575,2712.4,3632.7,20.853,18.036,22.124,0.22275,0.076647,340.5,76.633,6.8977,13.757,32.427,4512.4,21.816,47.663,49.396,79.869,2.2121,1.623,3109.5,42.388,54.707,94.648,9.2484,77.722,36.322,42.421,2640.7,63.821,24.686,39.961,0.35119,8.9657,26.904,120.38,1.1122,75.391,24.302,2.2426,53.953,4.6919,204.53,0.010452,0.8278,64.645,18.64,43.922
517,2026-04-10T21:48:00,52.255,18.626,26.624,32.877,40.63,2708.8,3634.3,19.422,18.539,21.93,0.19017,0.10859,340.72,77.018,6.8196,13.939,31.932,4543.8,22.423,51.753,50.181,79.619,2.2447,1.6111,3105.5,42.281,54.525,94.815,9.3539,76.214,38.632,39.827,2637.5,63.507,22.659,40.454,0.32907,8.9293,26.883,120.41,1.0808,74.678,24.469,2.2871,53.571,4.7913,200.51,0.0065006,0.84577,64.546,18.595,43.357
518,2026-04-10T21:51:00,50.086,18.629,27.167,32.877,40.89,2707.8,3668.4,17.537,18.539,22.097,0.19015,0.10859,339.61,77.055,6.8196,13.939,31.932,4532.9,23.221,46.734,48.238,79.765,2.2447,1.6111,3106.0,42.302,54.656,94.761,9.3058,75.649,32.915,39.587,2636.1,62.921,25.099,40.204,0.33104,8.9293,26.883,120.41,1.0808,75.331,24.469,2.2871,53.571,4.7913,201.0,0.0065006,0.84577,64.497,18.595,43.357
519,2026-04-10T21:54:00,51.241,23.377,26.416,32.456,40.511,2710.2,3698.7,18.504,18.514,21.931,0.23784,0.10859,339.72,77.326,6.9169,13.826,32.151,4535.4,22.802,49.405,48.691,80.057,2.2792,1.6866,3107.8,41.997,54.763,94.658,9.2085,76.838,34.247,42.087,2639.2,63.106,24.091,39.79,0.35083,8.9429,26.59,120.39,1.2796,75.467,24.933,2.3437,53.571,4.8362,203.3,0.0065006,0.84577,64.473,18.466,43.357
520,2026-04-10T21:57:00,51.104,23.603,26.703,32.456,41.019,2709.7,3681.5,18.17,18.514,22.118,0.23555,0.10859,339.17,77.311,6.9169,13.826,32.151,4544.4,22.937,49.089,50.706,80.127,2.2792,1.6866,3107.6,41.97,54.656,94.655,9.251,78.056,40.178,41.968,2638.0,63.403,25.629,39.895,0.3518,8.9429,26.59,120.41,1.2796,75.911,24.933,2.3437,53.571,4.8362,199.76,0.0065006,0.84577,64.544,18.466,43.357
521,2026-04-10T22:00:00,49.712,21.403,26.815,32.059,40.844,2708.6,3651.7,18.088,18.552,21.82,0.21857,0.10859,338.77,77.336,6.7742,13.848,31.711,4554.4,22.964,45.868,49.963,80.278,2.2113,1.6073,3107.9,42.215,54.894,94.722,9.2562,73.721,37.993,40.616,2636.8,63.074,24.918,39.583,0.33875,9.0173,26.646,120.37,1.2511,75.74,24.447,2.2216,53.571,4.8108,200.83,0.0065006,0.84577,64.633,18.914,43.357
522,2026-04-10T22:03:00,50.563,21.41,26.741,32.059,40.597,2706.2,3652.6,18.952,18.552,21.21,0.2185,0.1103,338.0,77.345,6.7742,13.848,31.711,4578.6,22.601,47.836,50.067,80.2,2.2113,1.6073,3107.2,42.672,54.604,94.734,9.3226,75.658,38.297,40.399,2634.2,63.059,24.029,39.895,0.34053,9.0173,26.646,120.41,1.2511,75.322,24.447,2.2216,53.875,4.8108,200.09,0.01747,0.85539,64.658,18.914,44.335
523,2026-04-10T22:06:00,49.932,25.689,26.697,32.838,41.018,2707.0,3716.4,18.545,18.095,21.457,0.26558,0.1103,338.26,77.016,7.0328,13.987,31.977,4575.7,22.781,46.378,48.204,80.246,2.2049,1.6395,3106.2,42.382,53.553,94.686,9.2585,74.371,32.813,40.849,2635.4,63.247,25.906,39.903,0.34177,9.006,26.39,120.41,1.2325,75.884,24.757,2.1797,53.875,4.8416,199.85,0.01747,0.85539,64.691,18.901,44.335
524,2026-04-10T22:09:00,49.893,25.794,26.826,32.838,40.566,2701.7,3681.6,17.259,18.095,21.337,0.26451,0.1103,337.65,76.68,7.0328,13.987,31.977,4524.5,23.345,46.285,49.457,79.94,2.2049,1.6395,3102.3,41.815,54.165,94.628,9.2725,76.736,36.501,40.83,2629.2,63.845,24.62,39.907,0.34192,9.006,26.39,120.38,1.2325,75.204,24.757,2.1797,53.875,4.8416,199.7,0.01747,0.85539,64.612,18.901,44.335
525,2026-04-10T22:12:00,51.747,23.562,26.835,32.35,40.469,2699.1,3635.8,17.126,19.092,21.106,0.24272,0.1103,337.37,76.84,6.8868,13.652,32.142,4556.1,23.412,50.576,50.146,79.786,2.2872,1.6888,3099.7,42.066,53.796,94.961,9.1785,76.386,38.529,43.048,2625.7,62.346,23.368,39.825,0.3555,8.7701,26.771,120.36,1.2569,75.943,24.448,2.3325,53.875,4.8496,200.56,0.01747,0.85539,64.519,19.046,44.335
526,2026-04-10T22:15:00,50.72,23.497,26.768,32.35,40.734,2699.8,3615.0,19.384,19.092,21.284,0.24339,0.1103,337.33,77.506,6.8868,13.652,32.142,4540.8,22.444,48.2,50.893,79.968,2.2872,1.6888,3098.9,42.47,53.98,94.836,9.3098,75.261,40.729,42.313,2627.4,62.703,24.145,39.788,0.36152,8.7701,26.771,120.39,1.2569,75.412,24.448,2.3325,53.875,4.8496,200.91,0.01747,0.85539,64.477,19.046,44.335
527,2026-04-10T22:18:00,49.146,22.238,26.595,32.265,40.727,2701.6,3612.2,17.804,18.583,21.14,0.22693,0.11096,337.2,77.218,6.9684,13.767,31.402,4476.0,23.113,44.558,49.121,80.257,2.1813,1.6487,3102.0,41.949,54.369,94.87,9.1096,75.796,35.513,38.685,2629.1,63.959,25.522,39.921,0.31755,9.0104,26.532,120.4,1.2397,75.506,24.086,2.2328,53.247,4.8314,202.39,0.0060073,0.85726,64.524,18.759,43.458
528,2026-04-10T22:21:00,49.37,22.283,26.832,32.265,40.656,2701.7,3654.6,19.387,18.583,21.203,0.22647,0.11096,337.11,77.127,6.9684,13.767,31.402,4492.1,22.447,45.077,50.246,80.374,2.1813,1.6487,3101.8,42.174,54.176,94.66,9.1877,78.875,38.825,38.163,2630.0,63.229,25.891,40.058,0.32182,9.0104,26.532,120.4,1.2397,75.007,24.086,2.2328,53.247,4.8314,202.03,0.0060073,0.85726,64.612,18.759,43.458
529,2026-04-10T22:24:00,51.2,29.591,26.855,32.427,40.962,2701.0,3637.5,17.087,19.094,20.698,0.30413,0.11096,336.12,77.011,6.8504,14.03,31.477,4552.4,23.42,49.31,49.034,80.241,2.2999,1.6301,3103.9,41.864,54.136,94.896,9.1243,74.864,35.257,39.633,2628.5,62.765,25.985,40.08,0.33384,8.8288,26.813,120.45,1.4852,75.383,23.996,2.3261,53.247,4.7483,202.96,0.0060073,0.85726,64.64,19.192,43.458
530,2026-04-10T22:27:00,50.272,29.692,26.886,32.427,39.791,2701.8,3697.5,20.909,19.094,21.084,0.3031,0.11096,336.2,77.291,6.8504,14.03,31.477,4532.6,21.803,47.164,49.856,80.262,2.2999,1.6301,3104.6,42.113,54.372,94.742,9.2751,74.466,37.677,39.913,2629.5,61.732,27.018,40.319,0.33154,8.8288,26.813,120.39,1.4852,74.698,23.996,2.3261,53.247,4.7483,201.46,0.0060073,0.85726,64.642,19.192,43.458
531,2026-04-10T22:30:00,48.77,29.802,27.307,32.227,41.0,2700.2,3670.2,14.702,19.063,20.988,0.30305,0.11096,336.5,77.149,6.9069,13.869,31.661,4500.1,24.422,43.688,50.392,80.228,2.2686,1.6313,3104.5,42.28,53.667,94.835,9.2616,75.89,39.253,43.302,2627.7,63.211,25.175,40.301,0.36219,8.9787,26.538,120.43,1.1804,74.805,24.402,2.2903,53.247,4.8239,202.81,0.0060073,0.85726,64.671,18.855,43.458
532,2026-04-10T22:33:00,50.486,29.842,26.817,32.227,40.975,2699.6,3651.2,18.894,19.063,20.711,0.30264,0.098784,336.4,76.782,6.9069,13.869,31.661,4496.7,22.669,47.659,51.22,80.151,2.2686,1.6313,3103.5,42.245,53.707,94.695,9.3193,75.331,41.69,43.624,2626.8,63.539,27.164,40.444,0.35955,8.9787,26.538,120.42,1.1804,75.064,24.402,2.2903,52.855,4.8239,203.33,0.011892,0.88368,64.706,18.855,43.177
533,2026-04-10T22:36:00,50.172,28.756,26.742,32.122,41.1,2699.6,3634.9,18.411,19.256,20.93,0.29088,0.098784,336.47,77.359,6.9844,13.791,31.645,4501.1,22.859,46.933,49.702,80.204,2.2613,1.6962,3102.0,42.197,54.438,94.792,9.2953,75.767,37.224,41.634,2627.4,63.325,25.968,40.377,0.34222,9.2213,26.606,120.4,1.2165,74.988,24.292,2.3571,52.855,4.8393,205.69,0.011892,0.88368,64.684,18.97,43.177
534,2026-04-10T22:39:00,51.718,28.672,26.842,32.122,41.409,2700.0,3664.6,19.923,19.256,21.091,0.29172,0.098784,337.08,77.452,6.9844,13.791,31.645,4539.8,22.217,50.511,50.182,80.323,2.2613,1.6962,3102.3,42.448,53.976,94.686,9.1911,78.447,38.635,41.747,2627.8,62.815,25.675,40.819,0.34129,9.2213,26.606,120.4,1.2165,75.259,24.292,2.3571,52.855,4.8393,202.3,0.011892,0.88368,64.699,18.97,43.177
535,2026-04-10T22:42:00,49.26,29.349,27.315,32.351,40.508,2698.9,3621.0,16.873,18.861,21.031,0.29905,0.098784,336.17,77.23,6.8854,13.825,31.896,4556.3,23.509,44.821,53.055,80.204,2.2942,1.6325,3101.9,42.201,53.472,94.795,9.4221,73.419,47.09,39.809,2625.7,62.826,24.711,40.609,0.34006,8.7403,26.374,120.4,1.2168,75.61,24.065,2.3727,52.855,4.8476,206.18,0.011892,0.88368,64.731,19.215,43.177
536,2026-04-10T22:45:00,49.32,29.445,26.819,32.351,41.039,2700.3,3622.0,18.054,18.861,21.004,0.29807,0.098784,336.65,77.536,6.8854,13.825,31.896,4489.4,23.004,44.959,49.529,80.302,2.2942,1.6325,3101.4,42.411,54.273,94.69,9.2481,78.107,36.713,40.449,2627.7,62.808,24.66,40.79,0.33481,8.7403,26.374,120.39,1.2168,74.675,24.065,2.3727,52.855,4.8476,205.72,0.011892,0.88368,64.752,19.215,43.177
537,2026-04-10T22:48:00,48.792,27.282,26.931,32.121,41.276,2701.9,3673.2,19.843,19.251,21.437,0.28021,0.10119,337.36,77.771,6.8827,13.857,31.381,4441.9,22.234,43.739,49.961,80.516,2.3161,1.6457,3102.3,42.047,54.187,94.707,9.3221,74.739,37.985,41.163,2630.1,62.746,27.412,41.786,0.33633,8.6963,26.781,120.4,1.2576,75.229,23.889,2.4222,53.111,4.8648,204.34,0.024768,0.88046,64.836,19.066,43.825
538,2026-04-10T22:51:00,50.7,27.367,26.819,32.121,41.148,2699.0,3701.1,18.727,19.251,20.957,0.27935,0.10119,336.96,76.916,6.8827,13.857,31.381,4471.6,22.729,48.153,49.913,80.369,2.3161,1.6457,3102.3,42.53,53.832,94.575,9.3367,75.386,37.845,40.709,2626.4,62.266,26.521,42.138,0.34005,8.6963,26.781,120.39,1.2576,75.188,23.889,2.4222,53.111,4.8648,205.44,0.024768,0.88046,64.896,19.066,43.825
539,2026-04-10T22:54:00,51.286,32.971,26.923,32.393,40.821,2698.8,3678.8,19.129,18.911,21.054,0.33349,0.10119,336.97,76.974,6.9492,13.809,31.928,4476.1,22.561,49.509,47.992,80.246,2.2149,1.7286,3101.3,42.556,54.082,94.898,9.3255,75.329,32.19,41.027,2626.3,62.671,24.052,42.409,0.34457,8.8776,26.27,120.4,1.2636,74.87,23.893,2.2272,53.111,4.8048,207.49,0.024768,0.88046,64.907,19.051,43.825
540,2026-04-10T22:57:00,50.805,33.036,27.067,32.393,41.074,2697.9,3634.6,19.37,18.911,21.27,0.33283,0.10119,337.63,77.155,6.9492,13.809,31.928,4476.2,22.46,48.398,49.7,80.192,2.2149,1.7286,3099.5,42.158,54.081,94.538,9.1517,77.557,37.216,41.247,2626.4,63.432,26.158,42.618,0.34276,8.8776,26.27,120.41,1.2636,75.192,23.893,2.2272,53.111,4.8048,210.22,0.024768,0.88046,64.951,19.051,43.825
541,2026-04-10T23:00:00,50.284,28.119,26.893,32.154,40.365,2696.8,3634.4,17.336,19.015,21.366,0.28801,0.10119,337.78,77.129,6.8962,13.928,31.516,4476.9,23.321,47.191,51.779,80.173,2.2866,1.6617,3099.4,42.148,54.064,94.704,9.2712,75.206,43.334,40.354,2625.2,62.821,26.447,42.927,0.33968,8.9263,26.254,120.37,1.3286,75.256,24.013,2.3512,53.111,4.9205,211.82,0.024768,0.88046,64.958,18.786,43.825
542,2026-04-10T23:03:00,50.44,28.195,27.026,32.154,41.203,2698.3,3639.5,15.857,19.015,21.735,0.28723,0.091448,337.98,77.193,6.8962,13.928,31.516,4479.5,23.941,47.553,52.187,80.194,2.2866,1.6617,3098.3,42.416,54.032,94.753,9.3187,74.799,44.536,40.565,2625.3,62.732,25.789,43.305,0.33795,8.9263,26.254,120.4,1.3286,74.715,24.013,2.3512,53.538,4.9205,212.64,0.02359,0.87956,65.001,18.786,43.698
543,2026-04-10T23:06:00,49.085,32.768,26.805,32.093,40.963,2699.4,3662.8,20.446,19.08,21.239,0.33008,0.091448,337.69,77.157,6.9631,13.843,31.73,4518.9,22.003,44.416,50.419,80.387,2.285,1.6416,3100.9,42.194,54.187,94.587,9.3706,75.115,39.333,41.871,2627.3,62.758,25.554,43.653,0.35404,8.9311,25.964,120.38,1.3241,75.496,23.838,2.2312,53.538,4.8177,213.73,0.02359,0.87956,65.063,19.269,43.698
544,2026-04-10T23:09:00,49.681,32.829,26.854,32.093,41.713,2699.4,3644.0,17.668,19.08,21.534,0.32946,0.091448,338.34,77.129,6.9631,13.843,31.73,4493.6,23.175,45.795,51.971,80.296,2.285,1.6416,3100.3,41.867,54.489,94.682,9.2985,77.108,43.901,42.138,2627.7,63.081,25.247,44.063,0.35184,8.9311,25.964,120.43,1.3241,74.898,23.838,2.2312,53.538,4.8177,214.11,0.02359,0.87956,65.133,19.269,43.698
545,2026-04-10T23:12:00,50.741,31.401,26.97,32.169,40.439,2697.7,3646.1,17.241,19.306,21.367,0.31449,0.091448,338.45,77.13,6.7341,13.837,32.137,4460.9,23.359,48.249,49.861,80.161,2.25,1.6953,3098.4,42.443,53.654,94.643,9.287,77.092,37.691,40.868,2625.6,62.413,24.749,44.406,0.34423,8.7907,26.195,120.39,1.3384,75.093,23.829,2.3543,53.538,4.8493,215.21,0.02359,0.87956,65.164,18.892,43.698
546,2026-04-10T23:15:00,51.064,31.269,26.961,32.169,41.461,2698.5,3636.3,20.0,19.306,21.554,0.31583,0.091448,338.56,77.448,6.7341,13.837,32.137,4457.1,22.185,48.996,48.159,80.267,2.25,1.6953,3097.7,42.571,53.7,94.69,9.3811,76.745,32.683,40.854,2627.1,62.582,25.629,44.343,0.34435,8.7907,26.195,120.42,1.3384,74.626,23.829,2.3543,53.538,4.8493,220.87,0.02359,0.87956,65.19,18.892,43.698
547,2026-04-10T23:18:00,50.628,27.799,26.77,32.522,40.917,2697.9,3676.4,17.282,18.85,21.264,0.27757,0.079987,338.75,77.281,6.8769,13.911,31.989,4502.2,23.335,47.988,49.214,80.231,2.2778,1.6437,3098.1,42.457,54.032,94.622,9.369,74.629,35.788,40.866,2626.0,63.933,23.58,44.88,0.34309,8.8598,26.068,120.39,1.0926,75.924,23.805,2.3443,54.796,4.8272,220.4,0.040691,0.90722,65.278,18.825,43.782
548,2026-04-10T23:21:00,48.233,27.645,27.023,32.522,42.347,2696.5,3730.2,19.008,18.85,21.418,0.27914,0.079987,339.02,77.15,6.8769,13.911,31.989,4531.1,22.611,42.446,48.536,80.199,2.2778,1.6437,3097.8,42.279,53.686,94.482,9.3351,78.396,33.793,40.829,2624.3,63.007,25.455,45.454,0.34339,8.8598,26.068,120.43,1.0926,75.306,23.805,2.3443,54.796,4.8272,219.14,0.040691,0.90722,65.289,18.825,43.782
549,2026-04-10T23:24:00,49.128,29.186,27.133,32.669,40.701,2694.9,3636.8,21.152,19.048,21.793,0.29478,0.079987,339.22,76.931,6.8769,13.679,31.965,4459.4,21.724,44.516,49.101,80.028,2.2214,1.69,3094.0,42.519,54.696,94.683,9.376,77.574,35.455,41.778,2622.9,63.434,25.779,45.582,0.35249,8.8419,26.385,120.4,1.2948,75.577,23.048,2.359,54.796,4.8711,222.87,0.040691,0.90722,65.333,19.075,43.782
550,2026-04-10T23:27:00,50.871,28.87,26.755,32.669,40.909,2694.7,3639.9,19.191,19.048,21.493,0.29799,0.079987,339.11,77.103,6.8769,13.679,31.965,4523.9,22.548,48.549,49.728,80.068,2.2214,1.69,3094.6,42.361,53.924,94.577,9.305,76.864,37.299,41.813,2622.4,63.38,26.953,45.824,0.35219,8.8419,26.385,120.38,1.2948,74.572,23.048,2.359,54.796,4.8711,225.32,0.040691,0.90722,65.335,19.075,43.782
551,2026-04-10T23:30:00,51.001,29.518,27.305,32.759,41.227,2694.6,3685.8,20.574,19.089,21.495,0.30033,0.079987,339.32,77.407,6.9196,13.844,32.325,4497.7,21.958,48.851,50.303,80.1,2.2714,1.6146,3095.8,42.599,53.594,94.634,9.3305,75.847,38.993,38.605,2621.8,62.595,25.164,46.144,0.32731,8.9169,26.047,120.4,1.2684,74.324,23.597,2.2391,54.796,4.8091,226.89,0.040691,0.90722,65.367,19.29,43.782
552,2026-04-10T23:33:00,48.506,29.668,26.347,32.759,41.527,2697.5,3647.8,16.394,19.089,21.53,0.29881,0.094519,339.89,77.926,6.9196,13.844,32.325,4463.0,23.696,43.077,49.586,80.357,2.2714,1.6146,3096.3,42.056,54.009,94.547,9.2503,76.495,36.88,38.819,2626.4,63.249,24.572,47.273,0.32556,8.9169,26.047,120.42,1.2684,74.352,23.597,2.2391,52.696,4.8091,228.39,0.014359,0.86344,65.492,19.29,44.388
553,2026-04-10T23:36:00,52.011,26.168,26.775,33.109,40.697,2699.8,3652.0,18.84,19.237,21.705,0.26565,0.094519,339.77,77.863,7.042,13.835,32.071,4458.4,22.65,51.189,50.865,80.729,2.2447,1.611,3098.3,42.218,53.469,94.521,9.4552,76.328,40.645,41.142,2628.6,62.786,25.598,47.826,0.3419,8.8469,26.369,120.4,1.3011,75.379,23.86,2.2292,52.696,4.7865,231.1,0.014359,0.86344,65.716,19.106,44.388
554,2026-04-10T23:39:00,49.213,26.038,27.042,33.109,41.275,2698.4,3650.9,16.084,19.237,21.592,0.26696,0.094519,339.96,77.404,7.042,13.835,32.071,4477.4,23.811,44.712,48.762,80.668,2.2447,1.611,3098.0,42.495,53.242,94.651,9.2465,74.523,34.458,41.164,2627.0,62.805,23.5,48.496,0.34172,8.8469,26.369,120.41,1.3011,73.776,23.86,2.2292,52.696,4.7865,232.43,0.014359,0.86344,65.882,19.106,44.388
555,2026-04-10T23:42:00,49.209,28.542,26.456,32.772,41.317,2693.9,3612.1,18.429,19.322,21.408,0.29051,0.094519,339.94,76.92,7.0047,13.816,32.086,4493.7,22.846,44.702,48.104,80.223,2.2714,1.6682,3093.7,42.438,53.427,94.58,9.322,77.026,32.52,40.901,2622.7,62.305,26.377,49.038,0.34222,8.8513,25.939,120.41,1.2934,74.899,23.722,2.3358,52.696,4.8824,235.18,0.014359,0.86344,65.936,19.584,44.388
556,2026-04-10T23:45:00,50.913,28.603,26.666,32.772,40.141,2694.7,3576.9,14.407,19.322,21.771,0.2899,0.094519,340.7,77.239,7.0047,13.816,32.086,4468.3,24.541,48.646,49.605,80.013,2.2714,1.6682,3091.5,42.324,53.732,94.831,9.3692,77.259,36.938,40.692,2623.6,62.912,24.964,49.693,0.34393,8.8513,25.939,120.38,1.2934,75.009,23.722,2.3358,52.696,4.8824,236.72,0.014359,0.86344,65.946,19.584,44.388
557,2026-04-10T23:48:00,51.232,28.618,26.713,32.544,41.24,2697.4,3611.4,16.085,19.051,22.227,0.2891,0.097642,341.56,77.199,6.9371,13.677,31.849,4389.5,23.83,49.386,50.575,80.223,2.2866,1.6674,3092.7,42.198,53.405,94.661,9.3498,77.303,39.791,40.804,2626.2,62.512,24.82,49.35,0.33894,8.9942,26.381,120.41,1.2525,75.273,23.889,2.3426,52.931,4.9082,237.86,0.011969,0.87128,65.962,19.062,43.563
558,2026-04-10T23:51:00,50.143,28.439,26.971,32.544,40.12,2697.6,3631.1,14.507,19.051,22.124,0.29092,0.097642,341.31,77.293,6.9371,13.677,31.849,4420.4,24.493,46.866,50.803,80.178,2.2866,1.6674,3094.1,42.355,53.034,94.817,9.4137,75.797,40.462,40.262,2625.8,62.174,24.839,49.701,0.34338,8.9942,26.381,120.36,1.2525,74.891,23.889,2.3426,52.931,4.9082,237.69,0.011969,0.87128,65.986,19.062,43.563
559,2026-04-10T23:54:00,48.605,31.108,26.627,32.804,41.444,2701.7,3635.9,16.641,18.687,22.311,0.31425,0.097642,341.68,77.62,7.0111,13.756,32.51,4476.3,23.577,43.305,49.086,80.332,2.3029,1.6412,3097.3,42.402,53.556,94.542,9.3201,76.122,35.41,38.555,2630.6,62.6,23.954,49.81,0.3258,8.7948,25.855,120.4,1.271,74.799,23.377,2.3768,52.931,4.8543,240.25,0.011969,0.87128,66.041,18.983,43.563
560,2026-04-10T23:57:00,49.292,30.76,26.837,32.804,40.974,2702.4,3652.9,19.631,18.687,22.584,0.31779,0.097642,342.65,77.361,7.0111,13.756,32.51,4458.3,22.322,44.896,49.603,80.256,2.3029,1.6412,3098.9,42.239,53.771,94.691,9.4736,76.931,36.931,38.494,2631.9,62.308,25.603,50.287,0.32629,8.7948,25.855,120.4,1.271,75.111,23.377,2.3768,52.931,4.8543,238.6,0.011969,0.87128,66.096,18.983,43.563
561,2026-04-11T00:00:00,48.385,24.731,27.044,33.164,40.762,2701.8,3609.3,18.584,18.641,22.664,0.2514,0.097642,342.4,77.403,6.8399,13.773,32.325,4475.0,22.762,42.796,48.211,80.152,2.2964,1.6645,3098.0,42.068,53.723,94.597,9.3261,79.807,32.834,39.622,2630.7,62.322,26.039,50.222,0.33321,8.913,26.179,120.41,1.3326,75.187,23.268,2.294,52.931,4.7486,243.09,0.011969,0.87128,66.121,18.882,43.563
562,2026-04-11T00:03:00,50.617,24.754,26.777,33.164,41.107,2704.5,3612.1,18.523,18.641,22.712,0.25118,0.091565,343.07,77.558,6.8399,13.773,32.325,4502.9,22.777,47.961,48.694,80.334,2.2964,1.6645,3098.3,42.165,53.389,94.678,9.3425,76.053,34.256,39.703,2634.1,62.273,24.703,50.841,0.33255,8.913,26.179,120.44,1.3326,74.371,23.268,2.294,53.312,4.7486,242.75,0.014359,0.86309,66.181,18.882,43.398
563,2026-04-11T00:06:00,47.49,26.468,26.87,33.243,41.44,2701.5,3644.9,19.204,18.478,22.249,0.26462,0.091565,342.71,76.739,6.7588,13.77,32.348,4489.0,22.519,40.725,49.022,79.979,2.2313,1.6406,3098.7,42.504,53.778,94.672,9.4295,79.422,35.222,39.9,2629.5,63.169,25.064,51.062,0.33396,8.9686,25.88,120.39,1.1612,74.199,23.902,2.3435,53.312,4.8408,245.21,0.014359,0.86309,66.202,18.878,43.398
564,2026-04-11T00:09:00,49.286,26.46,27.155,33.243,41.192,2700.8,3654.9,17.322,18.478,22.731,0.2647,0.091565,343.58,76.961,6.7588,13.77,32.348,4470.0,23.318,44.882,49.19,79.709,2.2313,1.6406,3096.8,42.698,54.005,94.667,9.3181,77.949,35.716,39.944,2629.1,62.998,24.524,51.438,0.3336,8.9686,25.88,120.39,1.1612,73.335,23.902,2.3435,53.312,4.8408,246.01,0.014359,0.86309,66.132,18.878,43.398
565,2026-04-11T00:12:00,48.471,25.908,26.931,32.844,41.879,2703.9,3670.8,19.115,18.704,22.861,0.26288,0.091565,343.83,77.337,6.711,13.879,32.621,4499.3,22.554,42.996,48.921,79.893,2.2377,1.6619,3098.1,42.189,53.646,94.503,9.4756,77.416,34.924,39.404,2632.9,63.514,23.693,51.671,0.33658,8.9794,26.032,120.41,1.2254,74.548,23.601,2.3634,53.312,4.825,248.41,0.014359,0.86309,66.104,18.937,43.398
566,2026-04-11T00:15:00,48.715,25.867,27.184,32.844,40.865,2705.0,3693.8,20.138,18.704,23.016,0.2633,0.091565,343.87,77.271,6.711,13.879,32.621,4503.8,22.119,43.56,49.279,80.082,2.2377,1.6619,3099.8,41.962,53.593,94.466,9.3233,77.842,35.979,39.755,2634.7,63.118,25.629,52.215,0.3337,8.9794,26.032,120.41,1.2254,74.939,23.601,2.3634,53.312,4.825,247.27,0.014359,0.86309,66.154,18.937,43.398
567,2026-04-11T00:18:00,50.059,23.173,26.865,33.301,41.658,2703.3,3708.7,18.051,18.469,22.404,0.23169,0.10102,344.19,77.067,6.7767,13.782,33.009,4483.5,23.005,46.671,50.061,79.944,2.276,1.6201,3099.0,42.665,53.669,94.395,9.5788,77.196,38.28,41.07,2632.0,63.419,25.358,52.32,0.34686,8.973,26.306,120.42,1.2508,73.918,23.575,2.2559,53.309,4.8231,249.3,0.013951,0.82401,66.233,18.512,43.41
568,2026-04-11T00:21:00,49.694,22.898,27.017,33.301,41.25,2705.1,3696.4,20.951,18.469,23.239,0.23448,0.10102,343.65,77.691,6.7767,13.782,33.009,4517.3,21.761,45.826,50.723,80.118,2.276,1.6201,3097.9,42.351,53.264,94.469,9.4042,78.997,40.228,41.067,2634.7,63.63,26.552,52.555,0.34689,8.973,26.306,120.42,1.2508,74.368,23.575,2.2559,53.309,4.8231,250.82,0.013951,0.82401,66.292,18.512,43.41
569,2026-04-11T00:24:00,50.184,18.71,26.633,33.732,41.474,2705.5,3680.6,17.054,18.147,22.72,0.18893,0.10102,343.96,77.573,6.9396,13.803,32.434,4533.4,23.393,46.961,49.462,80.357,2.2593,1.6622,3099.4,42.126,54.122,94.264,9.4156,76.992,36.518,39.746,2635.5,63.458,23.206,53.113,0.33669,8.8353,26.009,120.42,1.3196,74.208,24.06,2.3507,53.309,4.8092,248.64,0.013951,0.82401,66.415,18.745,43.41
570,2026-04-11T00:27:00,49.029,18.665,26.603,33.732,40.703,2702.5,3668.8,19.219,18.147,22.678,0.18939,0.10102,343.52,77.146,6.9396,13.803,32.434,4547.4,22.487,44.286,49.646,80.236,2.2593,1.6622,3098.3,42.004,53.954,94.48,9.4048,80.714,37.058,39.999,2632.5,63.661,24.873,53.313,0.33461,8.8353,26.009,120.4,1.3196,75.223,24.06,2.3507,53.309,4.8092,250.44,0.013951,0.82401,66.495,18.745,43.41
571,2026-04-11T00:30:00,51.127,23.659,26.848,33.113,41.869,2701.7,3642.0,17.766,18.122,22.351,0.23884,0.10102,343.18,77.241,6.8775,13.922,32.598,4527.4,23.1,49.142,48.809,80.052,2.2968,1.6937,3097.5,42.67,53.649,94.55,9.4228,76.782,34.596,40.058,2630.3,62.715,25.658,53.448,0.33827,8.9236,25.967,120.4,1.1964,74.744,23.935,2.4007,53.309,4.8957,252.97,0.013951,0.82401,66.524,18.663,43.41
572,2026-04-11T00:33:00,50.728,23.497,26.852,33.113,40.717,2703.4,3637.8,17.338,18.122,22.622,0.24049,0.11793,343.49,77.364,6.8775,13.922,32.598,4505.9,23.275,48.219,49.783,80.093,2.2968,1.6937,3097.9,42.668,53.906,94.556,9.4183,76.723,37.462,40.217,2632.3,62.786,24.746,52.955,0.33696,8.9236,25.967,120.35,1.1964,74.874,23.935,2.4007,53.509,4.8957,251.51,0.019761,0.81228,66.539,18.663,44.109
573,2026-04-11T00:36:00,50.991,21.819,26.684,33.324,41.475,2703.3,3659.8,19.436,18.389,22.269,0.21897,0.11793,343.1,77.456,6.7994,14.029,32.959,4549.7,22.387,48.827,51.18,80.084,2.2986,1.6298,3100.5,42.471,53.595,94.56,9.311,78.085,41.574,41.623,2632.5,62.928,26.692,53.042,0.35212,8.8276,26.281,120.41,1.4238,74.638,24.105,2.3471,53.509,4.8782,249.77,0.019761,0.81228,66.526,18.878,44.109
574,2026-04-11T00:39:00,51.378,21.648,27.021,33.324,40.547,2706.1,3665.8,18.855,18.389,22.66,0.22071,0.11793,343.53,77.649,6.7994,14.029,32.959,4473.0,22.622,49.724,49.842,80.185,2.2986,1.6298,3100.0,42.275,54.514,94.597,9.3341,78.663,37.636,41.515,2635.4,62.825,27.866,52.723,0.35301,8.8276,26.281,120.4,1.4238,74.387,24.105,2.3471,53.509,4.8782,252.59,0.019761,0.81228,66.542,18.878,44.109
575,2026-04-11T00:42:00,49.467,17.848,26.596,33.222,41.433,2704.8,3669.8,15.634,18.257,22.293,0.17722,0.11793,343.5,77.307,6.9577,13.63,32.576,4521.1,23.982,45.3,49.774,80.232,2.2537,1.638,3100.5,42.306,53.41,94.626,9.3231,77.638,37.436,43.167,2633.7,63.482,26.016,52.747,0.36462,9.0068,25.937,120.41,1.1507,74.815,24.433,2.3264,53.509,4.8121,251.57,0.019761,0.81228,66.567,18.514,44.109
576,2026-04-11T00:45:00,50.247,17.627,26.656,33.222,40.694,2702.8,3664.8,17.419,18.257,22.497,0.17947,0.11793,342.84,77.241,6.9577,13.63,32.576,4533.9,23.231,47.106,49.748,80.108,2.2537,1.638,3099.0,42.105,53.257,94.502,9.4965,76.825,37.358,43.595,2631.5,63.568,24.697,52.829,0.36111,9.0068,25.937,120.38,1.1507,74.776,24.433,2.3264,53.509,4.8121,249.85,0.019761,0.81228,66.578,18.514,44.109
577,2026-04-11T00:48:00,50.456,20.633,26.954,33.371,41.089,2705.4,3640.1,20.182,18.373,22.707,0.21095,0.11717,343.16,77.33,7.0712,13.867,32.469,4549.8,22.063,47.589,49.977,80.145,2.2596,1.6729,3099.6,42.198,53.972,94.663,9.3404,78.859,38.032,38.032,2634.2,62.608,26.334,52.513,0.31924,8.9281,26.528,120.41,1.4248,74.248,23.999,2.3768,53.287,4.866,248.94,0.0050678,0.78935,66.52,18.367,44.156
578,2026-04-11T00:51:00,49.83,20.643,27.007,33.371,40.825,2705.6,3650.1,16.215,18.373,22.677,0.21084,0.11717,342.96,77.496,7.0712,13.867,32.469,4552.6,23.734,46.141,50.554,79.997,2.2596,1.6729,3101.0,42.512,53.938,94.569,9.4068,77.466,39.73,37.951,2635.1,62.436,23.933,52.266,0.31991,8.9281,26.528,120.36,1.4248,74.296,23.999,2.3768,53.287,4.866,249.38,0.0050678,0.78935,66.469,18.367,44.156
579,2026-04-11T00:54:00,48.73,21.187,27.009,33.018,40.904,2706.9,3632.4,17.106,18.602,22.543,0.21914,0.11717,342.76,77.166,6.9253,13.791,32.297,4527.1,23.362,43.594,50.112,80.074,2.2816,1.6506,3102.5,42.483,54.661,94.66,9.5323,75.688,38.43,41.001,2636.3,61.62,24.289,52.206,0.34619,9.1247,26.7,120.4,1.0836,74.615,23.84,2.3151,53.287,4.7853,247.7,0.0050678,0.78935,66.452,18.464,44.156
580,2026-04-11T00:57:00,49.735,21.195,26.692,33.018,40.568,2709.8,3594.5,19.751,18.602,22.91,0.21905,0.11717,343.18,77.35,6.9253,13.791,32.297,4511.5,22.246,45.921,51.021,80.04,2.2816,1.6506,3103.7,42.558,54.848,94.807,9.4752,75.891,41.106,40.887,2639.7,62.273,24.131,51.952,0.34713,9.1247,26.7,120.38,1.0836,74.671,23.84,2.3151,53.287,4.7853,248.26,0.0050678,0.78935,66.401,18.464,44.156
581,2026-04-11T01:00:00,49.999,22.816,26.905,33.539,41.017,2712.3,3669.1,17.984,18.149,22.995,0.23172,0.11717,343.49,77.48,6.8138,13.729,32.399,4543.4,22.983,46.533,49.756,80.084,2.2409,1.685,3107.4,42.348,54.289,94.61,9.3853,77.559,37.381,40.127,2641.4,62.158,24.805,51.739,0.33666,8.8467,27.112,120.4,1.0064,74.489,24.428,2.2772,53.287,4.7648,248.34,0.0050678,0.78935,66.385,18.712,44.156
582,2026-04-11T01:03:00,48.842,22.629,27.266,33.539,40.464,2713.7,3615.5,18.885,18.149,22.734,0.23363,0.092853,342.63,77.448,6.8138,13.729,32.399,4522.5,22.604,43.854,49.324,80.049,2.2409,1.685,3110.3,42.579,54.539,94.588,9.4995,78.253,36.112,40.201,2642.5,63.08,23.98,51.27,0.33606,8.8467,27.112,120.39,1.0064,74.233,24.428,2.2772,54.044,4.7648,244.04,0.019378,0.82465,66.356,18.712,44.223
583,2026-04-11T01:06:00,49.413,21.796,27.1,33.356,41.841,2715.2,3676.8,18.239,18.317,22.95,0.21896,0.092853,343.44,77.361,6.7044,13.785,32.48,4521.5,22.876,45.175,49.132,80.057,2.2708,1.6495,3110.0,42.495,53.975,94.534,9.3186,77.27,35.546,38.841,2643.6,63.016,23.459,50.719,0.33279,8.8057,26.392,120.43,1.131,73.651,24.155,2.2037,54.044,4.7821,244.8,0.019378,0.82465,66.282,18.869,44.223
584,2026-04-11T01:09:00,51.197,21.665,27.286,33.356,41.086,2715.4,3655.4,18.407,18.317,22.698,0.22029,0.092853,343.4,77.474,6.7044,13.785,32.48,4516.8,22.801,49.305,51.016,79.979,2.2708,1.6495,3110.5,42.326,54.032,94.525,9.4504,77.445,41.091,38.804,2644.0,63.385,23.898,50.443,0.33309,8.8057,26.392,120.39,1.131,74.165,24.155,2.2037,54.044,4.7821,242.51,0.019378,0.82465,66.226,18.869,44.223
585,2026-04-11T01:12:00,49.103,20.593,26.981,32.948,42.559,2717.4,3680.8,20.61,18.328,22.959,0.21036,0.092853,343.57,77.627,6.8397,13.658,32.131,4485.3,21.858,44.457,48.679,80.232,2.2574,1.663,3112.8,42.129,54.019,94.393,9.3423,78.916,34.211,39.801,2647.0,64.022,25.453,50.291,0.33641,8.9365,26.661,120.44,1.386,75.74,24.237,2.2447,54.044,4.8339,238.82,0.019378,0.82465,66.201,18.855,44.223
586,2026-04-11T01:15:00,48.124,20.81,26.758,32.948,41.218,2713.5,3689.1,19.676,18.328,22.611,0.20815,0.092853,343.57,76.761,6.8397,13.658,32.131,4449.4,22.278,42.191,50.477,79.983,2.2574,1.663,3110.0,42.529,54.449,94.413,9.4149,76.453,39.504,39.658,2642.7,63.88,25.337,49.758,0.33757,8.9365,26.661,120.38,1.386,76.038,24.237,2.2447,54.044,4.8339,239.42,0.019378,0.82465,66.174,18.855,44.223
587,2026-04-11T01:18:00,49.028,23.748,26.907,33.732,41.7,2712.8,3640.7,17.178,18.48,22.924,0.2433,0.099027,343.71,77.04,6.689,13.578,32.024,4553.6,23.334,44.283,48.783,79.691,2.218,1.6745,3106.5,41.969,53.224,94.47,9.3169,78.386,34.517,38.347,2642.2,63.629,25.31,50.067,0.31919,8.9411,26.77,120.44,1.3264,75.675,23.944,2.2481,52.975,4.9357,240.22,0.0072195,0.79705,66.076,19.022,43.218
588,2026-04-11T01:21:00,51.102,24.07,26.508,33.732,40.466,2712.6,3699.3,17.977,18.48,22.575,0.24003,0.099027,343.36,77.271,6.689,13.578,32.024,4516.6,22.992,49.083,48.303,79.81,2.218,1.6745,3108.2,41.838,53.666,94.579,9.2554,77.805,33.106,37.877,2641.9,62.621,24.486,49.915,0.32304,8.9411,26.77,120.36,1.3264,75.092,23.944,2.2481,52.975,4.9357,240.82,0.0072195,0.79705,66.02,19.022,43.218
589,2026-04-11T01:24:00,48.533,25.07,27.189,33.27,42.576,2713.9,3758.8,19.33,18.362,23.057,0.25289,0.099027,343.52,77.006,6.8863,13.695,31.958,4486.1,22.432,43.138,49.364,79.822,2.2414,1.653,3109.0,42.521,53.594,94.369,9.4056,75.721,36.229,36.852,2643.3,63.03,24.087,49.867,0.31155,8.9023,26.387,120.42,1.343,74.141,24.232,2.2552,52.975,4.8472,240.22,0.0072195,0.79705,65.968,18.798,43.218
590,2026-04-11T01:27:00,47.895,25.132,27.264,33.27,41.161,2713.7,3686.7,16.459,18.362,23.168,0.25225,0.099027,343.78,77.37,6.8863,13.695,31.958,4480.7,23.635,41.662,49.191,79.849,2.2414,1.653,3108.2,42.789,53.659,94.472,9.4358,76.912,35.718,36.536,2643.5,64.272,23.652,49.844,0.31414,8.9023,26.387,120.4,1.343,74.742,24.232,2.2552,52.975,4.8472,239.37,0.0072195,0.79705,65.948,18.798,43.218
591,2026-04-11T01:30:00,49.797,25.804,26.728,33.286,42.171,2714.3,3653.9,18.944,18.226,22.771,0.26229,0.099027,343.44,77.122,6.9608,13.904,32.609,4497.8,22.595,46.065,50.18,79.87,2.2754,1.6301,3109.2,42.455,53.98,94.364,9.2956,78.54,38.631,38.014,2644.0,63.192,25.098,49.631,0.32529,8.7492,26.684,120.44,1.1041,75.322,24.291,2.264,52.975,4.7642,240.64,0.0072195,0.79705,65.947,18.646,43.218
592,2026-04-11T01:33:00,50.76,25.796,26.794,33.286,40.836,2715.3,3634.7,15.336,18.226,23.095,0.26237,0.10674,343.77,77.56,6.9608,13.904,32.609,4493.4,24.105,48.292,49.468,79.853,2.2754,1.6301,3108.3,42.447,54.033,94.539,9.3577,76.977,36.536,38.3,2644.7,63.524,25.356,48.968,0.32295,8.7492,26.684,120.37,1.1041,75.063,24.291,2.264,52.869,4.7642,238.54,0.013802,0.80495,65.941,18.646,43.389
593,2026-04-11T01:36:00,49.298,19.585,26.57,32.995,41.461,2716.4,3655.6,20.045,18.502,23.071,0.19753,0.10674,343.98,77.328,6.8552,13.93,32.148,4505.2,22.118,44.91,50.912,80.05,2.2814,1.6252,3109.6,42.242,54.275,94.546,9.3394,78.417,40.783,40.995,2646.6,62.471,25.187,48.661,0.34654,8.9366,26.61,120.39,1.0791,74.952,24.315,2.2836,52.869,4.8633,237.22,0.013802,0.80495,65.916,18.477,43.389
594,2026-04-11T01:39:00,48.737,19.518,26.639,32.995,41.196,2713.0,3672.4,18.479,18.502,22.786,0.19821,0.10674,343.75,77.292,6.8552,13.93,32.148,4501.2,22.783,43.611,48.414,79.851,2.2814,1.6252,3108.0,42.202,54.323,94.627,9.3266,76.073,33.434,41.031,2642.2,62.182,24.152,48.307,0.34624,8.9366,26.61,120.37,1.0791,75.175,24.315,2.2836,52.869,4.8633,236.42,0.013802,0.80495,65.911,18.477,43.389
595,2026-04-11T01:42:00,51.123,23.499,26.869,33.029,40.963,2713.4,3657.7,21.085,18.21,22.78,0.24293,0.10674,343.71,76.864,6.9625,13.769,32.324,4538.5,21.709,49.134,47.955,79.602,2.2507,1.6873,3107.8,42.553,54.326,94.71,9.4438,78.232,32.083,41.024,2642.3,63.338,24.805,48.096,0.35315,8.8495,26.81,120.4,1.0819,75.845,23.826,2.2092,52.869,4.8676,234.11,0.013802,0.80495,65.8,18.317,43.389
596,2026-04-11T01:45:00,48.233,23.431,26.8,33.029,40.851,2714.0,3639.0,17.498,18.21,22.98,0.24362,0.10674,344.12,77.123,6.9625,13.769,32.324,4541.6,23.218,42.446,50.915,79.613,2.2507,1.6873,3107.3,42.404,54.289,94.564,9.3907,77.212,40.792,41.603,2643.4,63.66,27.17,47.803,0.3484,8.8495,26.81,120.39,1.0819,74.76,23.826,2.2092,52.869,4.8676,232.77,0.013802,0.80495,65.657,18.317,43.389
597,2026-04-11T01:48:00,50.466,22.071,27.071,33.197,40.915,2715.2,3665.5,17.295,17.931,23.065,0.22243,0.097402,343.78,77.344,6.7256,13.765,32.122,4575.6,23.302,47.613,51.441,79.695,2.2657,1.5936,3109.6,41.994,54.338,94.736,9.354,74.678,42.34,39.48,2644.1,62.236,24.855,47.441,0.33087,8.9819,26.807,120.39,1.3775,75.646,24.422,2.2799,52.937,4.7384,233.75,0.028981,0.80784,65.622,18.808,44.487
598,2026-04-11T01:51:00,50.721,22.079,26.893,33.197,40.765,2719.4,3633.2,18.658,17.931,23.133,0.22236,0.097402,343.75,77.888,6.7256,13.765,32.122,4519.8,22.698,48.204,50.187,80.101,2.2657,1.5936,3113.3,42.2,55.006,94.55,9.3993,76.432,38.652,38.953,2648.9,62.792,25.283,47.348,0.33519,8.9819,26.807,120.39,1.3775,75.027,24.422,2.2799,52.937,4.7384,230.84,0.028981,0.80784,65.643,18.808,44.487
599,2026-04-11T01:54:00,48.727,23.628,26.79,32.888,42.269,2720.5,3667.1,16.707,18.569,23.098,0.24507,0.097402,343.13,77.089,6.7722,13.798,32.101,4500.4,23.534,43.587,50.088,80.122,2.2787,1.6953,3115.1,42.184,54.069,94.454,9.405,77.454,38.36,39.224,2650.2,64.323,24.436,47.104,0.33134,8.7604,27.102,120.43,1.0913,74.722,24.284,2.2043,52.937,4.752,229.55,0.028981,0.80784,65.712,18.477,44.487
600,2026-04-11T01:57:00,49.485,23.822,27.238,32.888,40.231,2716.9,3699.5,19.384,18.569,23.069,0.24309,0.097402,342.93,77.112,6.7722,13.798,32.101,4490.5,22.412,45.341,49.454,79.824,2.2787,1.6953,3114.2,42.417,54.187,94.425,9.3932,73.786,36.492,39.161,2645.5,63.765,24.178,46.694,0.33185,8.7604,27.102,120.37,1.0913,74.6,24.284,2.2043,52.937,4.752,230.19,0.028981,0.80784,65.663,18.477,44.487
601,2026-04-11T02:00:00,50.967,24.192,26.766,33.012,41.735,2715.8,3711.8,16.1,18.515,22.57,0.24491,0.097402,343.03,77.117,6.9167,13.711,32.128,4565.7,23.802,48.771,50.521,79.685,2.266,1.6158,3112.0,42.425,54.123,94.415,9.444,74.641,39.633,39.609,2644.4,63.271,24.888,46.633,0.33485,8.6332,26.632,120.42,1.2335,75.078,25.01,2.3373,52.937,4.7214,226.97,0.028981,0.80784,65.577,18.436,44.487
602,2026-04-11T02:03:00,51.112,24.321,27.043,33.012,41.547,2716.5,3698.0,16.084,18.515,22.797,0.2436,0.10433,343.07,77.334,6.9167,13.711,32.128,4600.2,23.801,49.107,47.879,79.862,2.266,1.6158,3112.4,42.292,53.71,94.468,9.4106,75.361,31.858,39.462,2646.1,63.508,24.872,46.261,0.33606,8.6332,26.632,120.39,1.2335,75.322,25.01,2.3373,52.957,4.7214,227.49,0.01204,0.82667,65.519,18.436,43.921
603,2026-04-11T02:06:00,50.443,23.726,27.17,32.966,41.304,2717.9,3672.5,19.296,17.857,22.847,0.24592,0.10433,343.2,77.585,7.1573,13.736,32.628,4520.0,22.431,47.56,50.342,80.071,2.3137,1.6565,3113.0,42.439,54.825,94.409,9.2125,76.832,39.107,38.4,2647.9,62.715,25.588,46.136,0.32494,8.8658,26.595,120.39,1.4087,74.541,24.303,2.2501,52.957,4.8139,225.08,0.01204,0.82667,65.533,18.336,43.921
604,2026-04-11T02:09:00,49.53,23.782,26.921,32.966,41.049,2716.9,3652.5,17.558,17.857,22.764,0.24536,0.10433,343.06,77.122,7.1573,13.736,32.628,4572.7,23.175,45.446,49.386,79.974,2.3137,1.6565,3112.8,42.258,54.194,94.547,9.4197,75.303,36.294,38.804,2646.5,63.059,25.341,45.782,0.32163,8.8658,26.595,120.39,1.4087,75.644,24.303,2.2501,52.957,4.8139,225.23,0.01204,0.82667,65.529,18.336,43.921
605,2026-04-11T02:12:00,52.81,18.896,26.772,32.825,40.351,2715.4,3595.9,17.668,18.415,22.87,0.19448,0.10433,342.78,76.84,6.8584,13.841,32.158,4524.1,23.139,53.038,49.714,79.845,2.2481,1.7005,3109.8,42.349,55.087,94.681,9.3697,76.056,37.259,38.724,2643.9,61.776,25.389,45.581,0.32659,8.8469,26.881,120.38,1.3429,75.392,24.427,2.2691,52.957,4.8774,223.71,0.01204,0.82667,65.461,18.496,43.921
606,2026-04-11T02:15:00,50.285,18.907,26.919,32.825,41.049,2714.9,3584.1,16.366,18.415,23.085,0.19437,0.10433,343.11,77.142,6.8584,13.841,32.158,4595.6,23.687,47.193,49.927,79.74,2.2481,1.7005,3108.3,42.711,54.231,94.961,9.4091,75.501,37.884,38.759,2644.1,61.979,24.662,45.362,0.3263,8.8469,26.881,120.39,1.3429,75.966,24.427,2.2691,52.957,4.8774,222.42,0.01204,0.82667,65.39,18.496,43.921
607,2026-04-11T02:18:00,51.948,23.192,26.957,33.144,40.689,2714.3,3686.8,17.305,18.652,22.815,0.23747,0.10388,342.4,76.896,6.8731,13.741,32.336,4525.9,23.304,51.043,51.02,79.666,2.238,1.6213,3109.6,42.35,54.732,94.633,9.3383,77.324,41.101,39.675,2643.5,62.715,25.374,45.381,0.34137,8.8237,26.796,120.37,1.2167,75.598,24.196,2.2931,53.6,4.779,223.55,0.0062466,0.8174,65.338,18.459,44.133
608,2026-04-11T02:21:00,49.479,23.081,26.87,33.144,40.207,2713.8,3680.5,17.811,18.652,22.786,0.23859,0.10388,342.21,76.954,6.8731,13.741,32.336,4518.8,23.096,45.329,49.027,79.64,2.238,1.6213,3108.6,42.404,54.817,94.711,9.1669,77.575,35.238,39.754,2643.2,62.824,26.118,45.25,0.34072,8.8237,26.796,120.41,1.2167,76.14,24.196,2.2931,53.6,4.779,223.55,0.0062466,0.8174,65.287,18.459,44.133
609,2026-04-11T02:24:00,51.454,21.61,27.049,32.889,40.825,2713.6,3648.5,18.487,18.263,23.093,0.21784,0.10388,342.3,77.121,6.8997,13.766,32.273,4561.6,22.808,49.899,50.705,79.743,2.2447,1.6549,3108.9,42.163,54.447,94.615,9.3083,77.065,40.174,38.708,2643.6,63.261,23.801,45.059,0.32702,8.9059,26.668,120.39,1.1486,75.482,25.19,2.1496,53.6,4.6891,224.23,0.0062466,0.8174,65.229,18.873,44.133
610,2026-04-11T02:27:00,50.897,21.391,26.501,32.889,41.631,2714.0,3653.2,17.718,18.263,22.324,0.22006,0.10388,341.92,76.934,6.8997,13.766,32.273,4572.0,23.141,48.609,49.334,79.776,2.2447,1.6549,3109.7,42.21,54.322,94.681,9.2702,76.918,36.139,38.65,2643.4,63.18,25.246,45.084,0.32749,8.9059,26.668,120.42,1.1486,75.306,25.19,2.1496,53.6,4.6891,222.46,0.0062466,0.8174,65.217,18.873,44.133
611,2026-04-11T02:30:00,51.158,21.857,26.885,32.972,41.105,2712.5,3678.2,18.03,18.161,22.589,0.22499,0.10388,341.6,77.186,7.0595,13.748,32.475,4500.2,23.008,49.214,50.347,79.743,2.2446,1.6304,3108.7,42.144,54.184,94.698,9.2934,78.522,39.12,39.249,2641.2,62.512,24.778,45.066,0.3272,8.8895,26.557,120.4,1.3221,75.781,24.108,2.302,53.6,4.6789,221.2,0.0062466,0.8174,65.19,18.384,44.133
612,2026-04-11T02:33:00,48.554,21.938,26.992,32.972,40.594,2712.2,3625.4,18.256,18.161,22.344,0.22417,0.11388,341.81,77.079,7.0595,13.748,32.475,4504.4,22.917,43.187,48.146,79.779,2.2446,1.6304,3108.1,41.923,54.133,94.728,9.268,77.973,32.643,38.968,2640.7,63.421,26.578,44.756,0.32951,8.8895,26.557,120.37,1.3221,75.68,24.108,2.302,54.137,4.6789,220.29,0.033312,0.83848,65.215,18.384,44.396
613,2026-04-11T02:36:00,49.107,19.676,26.509,32.683,40.402,2711.8,3600.4,16.599,18.327,22.321,0.20429,0.11388,341.41,77.522,6.7325,13.773,32.226,4553.1,23.604,44.468,50.485,79.883,2.2905,1.6504,3108.4,42.233,54.777,94.615,9.3373,77.623,39.526,38.481,2641.2,62.357,25.492,44.563,0.32861,9.0599,26.334,120.41,1.2007,74.107,24.288,2.3506,54.137,4.738,219.71,0.033312,0.83848,65.182,19.096,44.396
614,2026-04-11T02:39:00,50.572,19.822,26.619,32.683,40.904,2713.5,3589.3,17.707,18.327,22.546,0.20281,0.11388,341.01,77.197,6.7325,13.773,32.226,4588.8,23.14,47.859,50.416,79.995,2.2905,1.6504,3109.9,42.232,54.349,94.88,9.1998,79.303,39.324,38.886,2642.5,62.548,25.712,44.475,0.32528,9.0599,26.334,120.4,1.2007,75.519,24.288,2.3506,54.137,4.738,217.96,0.033312,0.83848,65.203,19.096,44.396
615,2026-04-11T02:42:00,48.017,22.115,27.17,32.389,41.527,2713.5,3713.7,14.18,18.478,22.407,0.22429,0.11388,340.74,76.92,7.0134,13.654,31.972,4497.4,24.63,41.945,49.775,80.021,2.257,1.6545,3111.2,42.315,53.7,94.608,9.228,77.18,37.439,39.081,2642.4,63.263,27.044,44.43,0.32849,8.9068,26.787,120.43,1.2144,75.332,24.541,2.2812,54.137,4.7634,215.68,0.033312,0.83848,65.219,18.705,44.396
616,2026-04-11T02:45:00,51.094,21.958,27.078,32.389,40.304,2710.6,3677.7,15.141,18.478,22.021,0.22588,0.11388,340.69,76.849,7.0134,13.654,31.972,4545.5,24.232,49.066,49.072,79.894,2.257,1.6545,3108.1,42.408,53.125,94.635,9.2572,78.428,35.37,39.277,2638.7,63.883,23.672,43.92,0.32688,8.9068,26.787,120.37,1.2144,75.459,24.541,2.2812,54.137,4.7634,218.66,0.033312,0.83848,65.207,18.705,44.396
617,2026-04-11T02:48:00,47.9,24.58,27.118,32.765,41.225,2711.2,3629.6,18.509,18.469,22.363,0.25027,0.095565,340.46,77.021,6.7071,13.889,31.809,4556.2,22.816,41.675,49.296,79.806,2.2369,1.6629,3107.5,42.058,53.937,94.693,9.3855,75.704,36.028,37.312,2639.2,62.254,25.559,44.202,0.31557,8.5379,26.318,120.42,1.2541,74.786,24.609,2.2963,54.267,4.8502,218.69,0.015579,0.84969,65.156,18.536,43.597
618,2026-04-11T02:51:00,49.841,24.56,27.185,32.765,39.249,2709.3,3611.3,17.147,18.469,22.126,0.25047,0.095565,340.5,76.929,6.7071,13.889,31.809,4548.7,23.402,46.166,51.075,79.66,2.2369,1.6629,3107.5,42.401,54.026,94.803,9.4007,74.621,41.265,37.039,2637.7,62.569,26.996,44.162,0.31781,8.5379,26.318,120.35,1.2541,75.039,24.609,2.2963,54.267,4.8502,219.05,0.015579,0.84969,65.08,18.536,43.597
619,2026-04-11T02:54:00,50.685,26.606,26.661,32.906,41.945,2711.7,3696.2,19.302,18.957,21.86,0.26725,0.095565,340.11,77.335,6.9733,13.614,32.013,4529.1,22.484,48.119,49.878,79.85,2.2718,1.6599,3110.7,42.247,54.703,94.606,9.2738,75.109,37.74,40.554,2640.4,63.816,24.776,43.985,0.33997,8.7431,26.857,120.43,1.3222,75.225,24.833,2.3584,54.267,4.8081,220.92,0.015579,0.84969,65.052,18.662,43.597
620,2026-04-11T02:57:00,50.003,26.376,27.31,32.906,40.181,2712.9,3700.9,16.906,18.957,21.953,0.26959,0.095565,339.88,77.357,6.9733,13.614,32.013,4549.9,23.488,46.54,50.417,80.016,2.2718,1.6599,3111.6,42.385,54.454,94.576,9.2173,76.809,39.326,40.408,2640.7,63.734,25.371,44.298,0.34117,8.7431,26.857,120.4,1.3222,76.008,24.833,2.3584,54.267,4.8081,217.27,0.015579,0.84969,65.102,18.662,43.597
621,2026-04-11T03:00:00,49.948,24.732,27.044,32.537,41.38,2711.6,3646.1,16.905,18.755,21.994,0.25258,0.095565,340.29,77.192,6.93,13.676,31.96,4550.5,23.489,46.413,48.775,80.029,2.2328,1.6304,3110.9,42.65,54.166,94.547,9.3618,76.323,34.495,36.692,2640.3,62.383,26.261,44.327,0.31035,8.9428,27.065,120.4,1.1037,74.84,24.422,2.2378,54.267,4.7338,216.75,0.015579,0.84969,65.137,18.869,43.597
622,2026-04-11T03:03:00,49.202,24.806,26.975,32.537,40.452,2712.4,3634.1,17.862,18.755,22.062,0.25183,0.11771,339.98,77.071,6.93,13.676,31.96,4556.6,23.09,44.688,49.856,79.987,2.2328,1.6304,3111.0,42.102,54.093,94.715,9.3992,75.989,37.675,36.81,2639.5,62.588,25.161,44.682,0.30938,8.9428,27.065,120.37,1.1037,75.358,24.422,2.2378,54.426,4.7338,216.0,0.00082422,0.83675,65.167,18.869,43.174
623,2026-04-11T03:06:00,48.932,25.564,26.974,32.144,40.806,2711.4,3684.6,16.533,18.716,22.018,0.25857,0.11771,340.05,77.466,6.8702,13.766,31.705,4512.9,23.642,44.062,49.439,79.92,2.2775,1.6728,3110.3,42.309,54.109,94.635,9.2637,74.424,36.449,37.854,2640.6,62.033,23.149,44.357,0.31235,8.6983,27.046,120.39,1.244,75.624,23.976,2.3325,54.426,4.8207,220.97,0.00082422,0.83675,65.154,19.18,43.174
624,2026-04-11T03:09:00,51.214,25.24,26.953,32.144,40.795,2713.2,3643.0,18.006,18.716,22.435,0.26187,0.11771,340.36,77.239,6.8702,13.766,31.705,4509.5,23.025,49.345,48.919,80.035,2.2775,1.6728,3110.3,42.378,54.15,94.746,9.272,76.682,34.919,37.408,2642.0,62.749,23.537,44.621,0.31601,8.6983,27.046,120.38,1.244,75.558,23.976,2.3325,54.426,4.8207,219.3,0.00082422,0.83675,65.179,19.18,43.174
625,2026-04-11T03:12:00,51.573,28.545,26.985,32.342,40.568,2712.4,3684.5,18.016,18.589,22.192,0.28514,0.11771,340.45,77.149,6.8826,13.894,31.903,4450.8,23.021,50.175,51.024,80.02,2.2523,1.6453,3110.6,42.604,54.047,94.53,9.2154,76.3,41.114,38.516,2640.8,62.543,24.402,44.78,0.32549,8.9963,26.855,120.4,1.3044,75.222,24.327,2.233,54.426,4.7492,218.8,0.00082422,0.83675,65.227,18.422,43.174
626,2026-04-11T03:15:00,50.118,28.149,27.145,32.342,41.104,2710.4,3637.5,17.889,18.589,22.001,0.28917,0.11771,340.45,76.766,6.8826,13.894,31.903,4476.6,23.089,46.808,49.204,79.91,2.2523,1.6453,3110.2,42.304,53.738,94.661,9.3729,76.135,35.758,38.46,2638.8,63.351,24.612,44.732,0.32594,8.9963,26.855,120.41,1.3044,74.812,24.327,2.233,54.426,4.7492,220.61,0.00082422,0.83675,65.25,18.422,43.174
627,2026-04-11T03:18:00,49.975,26.879,26.998,32.515,40.911,2708.1,3652.4,20.631,18.736,21.938,0.27163,0.10633,340.35,77.189,7.0348,13.819,32.271,4554.5,21.933,46.476,47.005,79.66,2.2898,1.651,3107.3,42.329,54.663,94.685,9.2855,75.384,29.287,40.394,2636.7,62.991,25.143,44.667,0.33818,9.0167,26.515,120.39,1.1892,74.862,24.48,2.3345,54.128,4.7791,219.09,0.029706,0.86965,65.199,18.81,43.947
628,2026-04-11T03:21:00,51.541,26.819,26.795,32.515,40.902,2709.1,3647.5,16.283,18.736,21.973,0.27224,0.10633,339.93,76.944,7.0348,13.819,32.271,4576.7,23.773,50.101,49.842,79.821,2.2898,1.651,3108.2,41.949,54.397,94.622,9.2479,77.23,37.636,40.419,2637.9,63.076,26.168,44.421,0.33797,9.0167,26.515,120.39,1.1892,74.717,24.48,2.3345,54.128,4.7791,221.64,0.029706,0.86965,65.158,18.81,43.947
629,2026-04-11T03:24:00,48.921,23.271,27.212,32.225,41.187,2711.0,3613.9,17.078,18.912,22.395,0.23924,0.10633,340.41,77.5,6.9377,13.674,32.045,4490.5,23.415,44.036,48.95,80.076,2.241,1.6202,3107.7,42.134,54.504,94.771,9.1265,78.22,35.01,39.375,2639.8,62.246,25.511,44.413,0.33055,8.8385,26.177,120.39,1.2444,75.498,24.416,2.3005,54.128,4.7661,221.48,0.029706,0.86965,65.17,19.168,43.947
630,2026-04-11T03:27:00,48.523,23.459,26.797,32.225,39.644,2709.6,3582.7,17.3,18.912,21.822,0.23733,0.10633,340.21,77.311,6.9377,13.674,32.045,4548.2,23.326,43.115,50.77,80.045,2.241,1.6202,3107.7,42.507,53.813,94.748,9.3056,76.818,40.367,39.509,2637.6,62.784,22.79,44.552,0.32945,8.8385,26.177,120.37,1.2444,74.905,24.416,2.3005,54.128,4.7661,219.64,0.029706,0.86965,65.225,19.168,43.947
631,2026-04-11T03:30:00,50.828,25.645,26.941,32.369,41.536,2709.7,3651.4,17.861,18.59,22.356,0.2594,0.10633,340.37,77.16,7.0168,13.985,31.943,4418.3,23.096,48.449,49.615,79.959,2.2777,1.6874,3108.0,41.988,54.455,94.79,9.3771,74.005,36.966,36.935,2638.9,62.356,22.786,44.606,0.31765,8.8399,26.556,120.4,1.3305,74.87,23.985,2.2661,54.128,4.8535,218.78,0.029706,0.86965,65.23,19.117,43.947
632,2026-04-11T03:33:00,50.101,25.53,26.86,32.369,40.591,2711.7,3641.9,17.415,18.59,21.947,0.26057,0.10195,340.31,77.4,7.0168,13.985,31.943,4456.6,23.272,46.767,48.732,80.109,2.2777,1.6874,3109.7,42.057,53.995,94.603,9.3414,76.561,34.37,36.719,2640.1,62.519,23.169,45.097,0.31942,8.8399,26.556,120.37,1.3305,75.606,23.985,2.2661,54.061,4.8535,222.79,0.0268,0.86223,65.249,19.117,44.27
633,2026-04-11T03:36:00,47.08,26.795,27.138,32.288,40.859,2711.0,3586.0,18.829,18.583,22.609,0.27144,0.10195,340.49,77.169,6.79,13.972,31.744,4503.7,22.679,39.776,48.512,80.072,2.2116,1.6547,3108.0,42.24,53.495,94.824,9.2931,76.92,33.722,41.586,2639.1,62.697,26.396,45.522,0.34798,8.9986,26.7,120.4,1.3692,75.274,24.616,2.2772,54.061,4.7934,221.96,0.0268,0.86223,65.285,18.63,44.27
634,2026-04-11T03:39:00,49.146,26.806,27.05,32.288,40.08,2709.8,3641.3,21.527,18.583,22.257,0.27133,0.10195,340.65,76.907,6.79,13.972,31.744,4488.2,21.556,44.558,51.687,79.938,2.2116,1.6547,3106.8,42.334,53.681,94.765,9.3958,78.771,43.063,41.307,2637.1,61.745,25.233,45.776,0.35026,8.9986,26.7,120.37,1.3692,75.359,24.616,2.2772,54.061,4.7934,223.08,0.0268,0.86223,65.321,18.63,44.27
635,2026-04-11T03:42:00,50.562,28.985,27.044,32.259,40.92,2708.9,3674.1,17.461,18.638,22.147,0.29493,0.10195,340.45,77.174,6.8301,13.709,31.876,4552.7,23.27,47.834,48.811,79.747,2.2585,1.7125,3106.5,42.182,54.086,94.768,9.3371,76.676,34.601,42.026,2637.5,63.15,24.796,46.065,0.34327,8.9239,27.099,120.4,1.2896,75.704,23.875,2.336,54.061,4.7713,223.8,0.0268,0.86223,65.291,18.759,44.27
636,2026-04-11T03:45:00,49.484,29.11,26.735,32.259,41.029,2709.8,3643.7,16.465,18.638,21.993,0.29366,0.10195,340.67,77.091,6.8301,13.709,31.876,4567.1,23.695,45.339,49.03,79.791,2.2585,1.7125,3108.1,42.382,53.913,94.593,9.3396,74.254,35.246,40.964,2637.3,63.672,23.772,46.072,0.35198,8.9239,27.099,120.4,1.2896,75.171,23.875,2.336,54.061,4.7713,227.71,0.0268,0.86223,65.306,18.759,44.27
637,2026-04-11T03:48:00,51.02,28.085,26.805,32.304,41.378,2710.8,3668.8,17.45,18.624,22.127,0.28641,0.088468,341.05,77.556,6.7879,13.967,31.908,4505.8,23.264,48.895,49.735,79.932,2.2696,1.6702,3108.5,42.635,54.345,94.606,9.2699,75.245,37.319,37.989,2639.6,62.958,24.7,46.385,0.31888,8.8532,26.688,120.42,1.2286,74.95,23.998,2.3303,53.674,4.7638,226.62,0.019179,0.86699,65.338,19.126,44.178
638,2026-04-11T03:51:00,49.547,28.08,27.017,32.304,41.906,2711.3,3690.3,18.635,18.624,22.382,0.28645,0.088468,341.12,77.132,6.7879,13.967,31.908,4489.7,22.775,45.486,50.071,80.012,2.2696,1.6702,3109.3,42.372,54.539,94.486,9.4084,75.291,38.308,37.954,2640.2,62.588,26.054,46.406,0.31917,8.8532,26.688,120.43,1.2286,75.713,23.998,2.3303,53.674,4.7638,229.63,0.019179,0.86699,65.391,19.126,44.178
639,2026-04-11T03:54:00,49.621,28.096,26.729,33.066,40.68,2708.3,3665.4,15.5,18.337,22.216,0.2863,0.088468,341.13,76.979,6.8955,13.729,31.569,4472.2,24.103,45.657,49.836,79.812,2.2443,1.6902,3105.8,42.196,53.819,94.656,9.2518,77.894,37.617,41.831,2637.6,63.455,26.086,46.678,0.34416,8.9597,26.24,120.4,1.2853,75.744,23.883,2.2628,53.674,4.7325,229.8,0.019179,0.86699,65.426,18.972,44.178
640,2026-04-11T03:57:00,51.4,28.191,27.045,33.066,41.214,2708.8,3658.7,19.271,18.337,21.996,0.28534,0.088468,341.01,77.533,6.8955,13.729,31.569,4474.8,22.496,49.775,49.316,80.001,2.2443,1.6902,3106.4,42.279,53.788,94.433,9.2805,75.787,36.088,41.825,2637.1,63.57,26.179,47.015,0.34421,8.9597,26.24,120.41,1.2853,75.629,23.883,2.2628,53.674,4.7325,229.24,0.019179,0.86699,65.48,18.972,44.178
641,2026-04-11T04:00:00,50.808,31.72,26.881,32.553,40.985,2710.0,3632.8,17.061,19.195,22.223,0.32426,0.088468,341.5,76.973,6.9431,13.733,32.032,4500.0,23.441,48.405,50.281,80.038,2.264,1.6434,3106.6,42.087,53.818,94.635,9.2337,77.746,38.928,38.146,2639.5,63.109,25.355,47.322,0.32246,8.833,26.415,120.39,1.0147,76.075,24.27,2.2719,53.674,4.8646,228.96,0.019179,0.86699,65.566,18.171,44.178
642,2026-04-11T04:03:00,50.602,31.884,27.159,32.553,42.251,2709.7,3620.7,17.536,19.195,22.32,0.32259,0.10542,341.23,77.441,6.9431,13.733,32.032,4493.0,23.226,47.928,48.898,79.975,2.264,1.6434,3106.9,42.736,53.902,94.624,9.2402,78.662,34.857,38.092,2637.5,63.318,23.911,47.579,0.3229,8.833,26.415,120.42,1.0147,75.648,24.27,2.2719,54.252,4.8646,231.18,0.0027779,0.86885,65.59,18.171,44.523
643,2026-04-11T04:06:00,51.299,27.7,26.661,32.768,40.564,2710.9,3669.7,18.933,18.647,22.057,0.28371,0.10542,341.56,77.027,6.9511,13.645,32.07,4582.8,22.642,49.54,49.14,80.143,2.2877,1.6418,3109.3,42.515,54.826,94.644,9.357,74.766,35.569,38.493,2639.6,62.022,27.497,47.988,0.31952,8.864,26.607,120.36,1.2797,75.158,24.477,2.287,54.252,4.8334,230.57,0.0027779,0.86885,65.673,18.379,44.523
644,2026-04-11T04:09:00,51.466,27.893,27.057,32.768,41.765,2709.7,3660.1,16.865,18.647,22.426,0.28174,0.10542,342.19,77.227,6.9511,13.645,32.07,4591.2,23.511,49.928,50.013,79.906,2.2877,1.6418,3106.7,42.088,54.725,94.563,9.2591,77.082,38.139,38.086,2639.3,62.188,24.935,48.098,0.32285,8.864,26.607,120.43,1.2797,75.712,24.477,2.287,54.252,4.8334,233.28,0.0027779,0.86885,65.727,18.379,44.523
645,2026-04-11T04:12:00,49.628,27.661,26.958,33.117,40.126,2710.0,3649.1,17.813,18.973,22.514,0.27962,0.10542,341.92,76.792,6.7159,14.023,32.069,4587.0,23.128,45.674,49.586,79.825,2.2861,1.6779,3106.4,42.326,54.35,94.824,9.3261,75.282,36.88,37.432,2638.7,62.244,24.125,48.464,0.30724,8.9867,26.307,120.36,1.1435,74.996,23.787,2.3322,54.252,4.7988,233.16,0.0027779,0.86885,65.707,18.555,44.523
646,2026-04-11T04:15:00,50.307,27.494,26.768,33.117,41.374,2709.5,3617.4,17.625,18.973,22.382,0.28132,0.10542,342.33,76.966,6.7159,14.023,32.069,4532.6,23.208,47.244,50.318,79.788,2.2861,1.6779,3107.0,42.324,55.0,94.585,9.3323,78.384,39.035,37.02,2638.3,62.791,25.413,48.666,0.31062,8.9867,26.307,120.41,1.1435,75.575,23.787,2.3322,54.252,4.7988,234.85,0.0027779,0.86885,65.694,18.555,44.523
647,2026-04-11T04:18:00,48.893,27.739,27.015,33.524,40.882,2708.5,3683.2,17.046,18.155,22.298,0.28148,0.10182,341.83,77.152,6.8542,13.943,32.242,4531.1,23.451,43.971,51.406,79.806,2.2591,1.6592,3106.3,42.423,54.638,94.561,9.2968,76.825,42.238,41.511,2637.9,63.766,24.288,48.959,0.35694,8.8633,26.437,120.41,1.1293,74.992,24.422,2.2641,53.253,4.8009,236.74,0.022873,0.84813,65.693,18.846,43.646
648,2026-04-11T04:21:00,48.349,27.755,27.147,33.524,41.461,2709.9,3688.4,16.125,18.155,22.644,0.28133,0.10182,342.09,77.429,6.8542,13.943,32.242,4558.3,23.823,42.713,49.22,80.037,2.2591,1.6592,3105.9,42.326,54.312,94.442,9.2901,75.632,35.804,41.472,2639.3,63.678,23.695,49.343,0.35726,8.8633,26.437,120.43,1.1293,74.567,24.422,2.2641,53.253,4.8009,236.86,0.022873,0.84813,65.774,18.846,43.646
649,2026-04-11T04:24:00,50.054,26.202,26.914,32.943,41.202,2706.6,3688.9,18.126,18.478,22.313,0.26424,0.10182,342.21,76.994,6.7471,13.877,32.722,4518.8,22.993,46.658,50.038,79.904,2.2382,1.6869,3102.9,42.505,54.085,94.596,9.1714,76.349,38.213,41.163,2634.9,62.547,24.45,49.42,0.34406,8.8809,26.728,120.39,1.2786,75.377,23.884,2.397,53.253,4.7583,240.42,0.022873,0.84813,65.842,19.002,43.646
650,2026-04-11T04:27:00,51.25,26.242,27.231,32.943,41.664,2704.8,3685.7,16.985,18.478,22.481,0.26383,0.10182,341.68,77.351,6.7471,13.877,32.722,4504.2,23.465,49.427,50.776,79.954,2.2382,1.6869,3101.7,42.336,54.259,94.502,9.3323,77.563,40.384,40.665,2634.3,62.602,26.408,49.651,0.34814,8.8809,26.728,120.4,1.2786,75.439,23.884,2.397,53.253,4.7583,242.19,0.022873,0.84813,65.883,19.002,43.646
651,2026-04-11T04:30:00,49.797,21.061,27.007,33.09,40.623,2703.1,3687.3,18.975,18.741,22.237,0.2176,0.10182,341.45,76.937,6.9193,13.962,32.21,4514.9,22.639,46.064,49.807,79.908,2.2422,1.6899,3099.2,42.227,53.724,94.765,9.2838,76.867,37.533,40.332,2631.1,63.591,23.142,50.034,0.33743,8.9459,26.652,120.4,1.1878,74.933,24.014,2.3793,53.253,4.8347,242.25,0.022873,0.84813,65.956,18.713,43.646
652,2026-04-11T04:33:00,49.461,21.146,26.876,33.09,41.06,2699.8,3711.7,18.566,18.741,22.236,0.21674,0.10156,341.07,77.065,6.9193,13.962,32.21,4487.7,22.811,45.287,50.383,79.927,2.2422,1.6899,3096.6,42.474,54.05,94.4,9.3968,73.497,39.228,40.147,2628.8,63.172,24.362,50.054,0.33894,8.9459,26.652,120.4,1.1878,75.219,24.014,2.3793,53.695,4.8347,240.89,0.0073745,0.83428,65.988,18.713,44.263
653,2026-04-11T04:36:00,48.06,25.858,26.694,33.154,40.81,2698.0,3646.3,19.343,18.357,21.758,0.2621,0.10156,340.78,77.213,6.6433,13.777,32.207,4524.7,22.48,42.045,50.826,79.939,2.2475,1.6594,3096.0,42.038,54.304,94.739,9.2096,78.225,40.531,41.507,2626.4,62.832,24.535,50.221,0.34759,8.8562,26.314,120.38,1.3168,74.976,24.308,2.3114,53.695,4.8209,240.98,0.0073745,0.83428,66.013,19.032,44.263
654,2026-04-11T04:39:00,50.916,26.115,26.84,33.154,41.092,2696.7,3637.6,17.824,18.357,21.876,0.25948,0.10156,341.11,76.945,6.6433,13.777,32.207,4533.1,23.137,48.653,49.29,79.822,2.2475,1.6594,3094.4,42.3,54.203,94.709,9.2977,77.085,36.011,40.841,2624.8,62.982,23.6,50.221,0.35304,8.8562,26.314,120.41,1.3168,75.181,24.308,2.3114,53.695,4.8209,242.93,0.0073745,0.83428,66.01,19.032,44.263
655,2026-04-11T04:42:00,49.898,25.673,26.801,33.083,40.717,2698.7,3693.6,17.503,18.811,22.256,0.26404,0.10156,340.78,77.632,6.7765,14.03,31.735,4496.5,23.251,46.297,49.3,80.045,2.2413,1.6681,3095.1,42.513,53.84,94.554,9.3385,76.033,36.041,39.137,2627.7,64.535,25.121,50.293,0.32702,9.0654,26.173,120.38,1.2133,74.82,23.371,2.2202,53.695,4.8389,244.05,0.0073745,0.83428,66.046,18.59,44.263
656,2026-04-11T04:45:00,50.482,25.839,26.86,33.083,42.193,2701.6,3715.1,17.522,18.811,21.984,0.26234,0.10156,340.14,77.899,6.7765,14.03,31.735,4514.9,23.215,47.649,49.196,80.584,2.2413,1.6681,3098.8,42.19,53.62,94.422,9.2006,76.336,35.735,39.22,2630.8,64.164,24.233,50.571,0.32634,9.0654,26.173,120.46,1.2133,75.15,23.371,2.2202,53.695,4.8389,242.78,0.0073745,0.83428,66.176,18.59,44.263
657,2026-04-11T04:48:00,50.317,30.694,26.825,33.079,41.28,2697.6,3690.7,16.376,18.612,21.389,0.30889,0.10625,340.11,76.991,6.9358,13.774,32.179,4527.3,23.716,47.268,50.734,80.463,2.2558,1.676,3098.6,42.586,54.552,94.447,9.2958,76.338,40.261,42.298,2626.7,63.577,24.165,50.569,0.35765,8.9321,25.894,120.4,1.2022,75.184,23.962,2.2847,53.763,4.8895,240.7,0.018697,0.85697,66.313,19.05,43.812
658,2026-04-11T04:51:00,46.86,30.378,26.924,33.079,41.351,2695.1,3677.5,19.541,18.612,21.366,0.3121,0.10625,339.34,77.091,6.9358,13.774,32.179,4499.5,22.384,39.266,49.986,80.261,2.2558,1.676,3096.2,42.417,54.885,94.411,9.2766,76.016,38.059,42.322,2623.8,63.806,25.366,50.502,0.35746,8.9321,25.894,120.39,1.2022,75.176,23.962,2.2847,53.763,4.8895,241.55,0.018697,0.85697,66.331,19.05,43.812
659,2026-04-11T04:54:00,47.998,26.66,26.762,32.739,40.174,2691.7,3662.7,20.09,19.25,21.517,0.26887,0.10625,339.95,77.17,7.0814,13.958,32.087,4483.2,22.16,41.9,50.911,79.974,2.2743,1.6376,3091.3,42.364,53.943,94.777,9.2634,76.188,40.782,39.387,2620.0,62.688,24.927,50.473,0.3263,8.8499,25.863,120.36,1.1071,75.003,23.614,2.3372,53.763,4.9396,242.06,0.018697,0.85697,66.263,19.0,43.812
660,2026-04-11T04:57:00,50.414,26.639,27.291,32.739,41.15,2693.0,3672.3,17.728,19.25,21.885,0.26909,0.10625,340.17,77.238,7.0814,13.958,32.087,4470.1,23.155,47.493,51.023,80.134,2.2743,1.6376,3090.6,41.982,54.099,94.597,9.2416,75.661,41.111,39.173,2621.7,62.522,26.717,50.677,0.32805,8.8499,25.863,120.43,1.1071,74.949,23.614,2.3372,53.763,4.9396,239.95,0.018697,0.85697,66.222,19.0,43.812
661,2026-04-11T05:00:00,51.686,27.398,26.839,32.889,39.895,2695.4,3636.9,19.143,18.799,21.983,0.28033,0.10625,340.24,77.747,7.011,13.746,32.395,4474.8,22.536,50.435,50.144,80.385,2.3005,1.6393,3091.9,42.201,54.124,94.747,9.2456,76.045,38.523,41.591,2624.5,61.734,24.489,50.838,0.34909,8.9545,26.06,120.36,1.3586,75.954,23.738,2.3069,53.763,4.8924,238.31,0.018697,0.85697,66.246,18.957,43.812
662,2026-04-11T05:03:00,50.155,27.44,26.653,32.889,41.149,2696.5,3586.4,17.259,18.799,22.114,0.27989,0.11408,340.61,77.322,7.011,13.746,32.395,4478.7,23.33,46.893,49.843,80.538,2.3005,1.6393,3093.9,41.916,54.077,94.737,9.3713,75.677,37.638,41.476,2625.3,62.603,25.799,50.992,0.35004,8.9545,26.06,120.4,1.3586,74.788,23.738,2.3069,53.228,4.8924,243.39,0.015217,0.86628,66.354,18.957,43.81
663,2026-04-11T05:06:00,49.339,24.532,26.886,32.93,39.793,2695.4,3566.2,18.533,18.898,21.856,0.24878,0.11408,340.22,77.263,7.1374,13.882,32.017,4514.2,22.798,45.004,50.291,80.303,2.2726,1.6604,3092.6,42.582,53.724,94.779,9.3513,74.927,38.955,38.39,2623.9,63.414,25.998,51.213,0.3291,8.9597,26.233,120.35,1.569,75.742,23.105,2.4017,53.228,4.8622,243.92,0.015217,0.86628,66.364,19.493,43.81
664,2026-04-11T05:09:00,51.272,24.414,27.308,32.93,41.437,2694.6,3623.3,20.207,18.898,21.995,0.24997,0.11408,340.46,76.865,7.1374,13.882,32.017,4525.7,22.11,49.479,49.963,80.207,2.2726,1.6604,3092.2,42.357,53.587,94.776,9.4357,73.487,37.991,38.554,2622.5,62.43,25.867,51.604,0.32776,8.9597,26.233,120.39,1.569,74.782,23.105,2.4017,53.228,4.8622,242.55,0.015217,0.86628,66.373,19.493,43.81
665,2026-04-11T05:12:00,50.628,28.026,27.052,33.137,39.546,2692.9,3553.2,19.694,18.753,21.482,0.28597,0.11408,339.83,77.388,6.8585,13.746,31.963,4391.8,22.315,47.988,50.487,80.053,2.2904,1.6498,3091.9,42.235,53.799,94.94,9.455,75.371,39.532,40.145,2620.7,62.348,25.952,51.72,0.34462,8.9394,25.98,120.36,1.1707,74.943,23.356,2.2499,53.228,4.8343,244.31,0.015217,0.86628,66.326,18.902,43.81
666,2026-04-11T05:15:00,49.938,28.114,26.759,33.137,40.836,2697.4,3560.4,20.993,18.753,22.308,0.28507,0.11408,341.19,77.412,6.8585,13.746,31.963,4473.9,21.764,46.39,50.746,80.297,2.2904,1.6498,3092.4,41.975,52.816,94.877,9.4755,77.161,40.295,40.732,2626.3,62.223,24.174,51.791,0.33981,8.9394,25.98,120.42,1.1707,75.458,23.356,2.2499,53.228,4.8343,246.58,0.015217,0.86628,66.338,18.902,43.81
667,2026-04-11T05:18:00,49.946,28.75,26.496,32.903,40.51,2699.3,3667.8,20.343,18.832,21.949,0.29319,0.10572,341.47,77.16,6.8396,13.751,32.42,4487.3,22.044,46.409,48.102,80.29,2.323,1.6631,3096.8,42.356,54.036,94.744,9.3033,76.792,32.515,38.945,2628.3,62.711,25.872,52.284,0.32443,8.9222,25.847,120.41,1.3577,74.712,23.871,2.3399,53.203,4.8493,247.25,0.02943,0.82819,66.38,19.063,43.129
668,2026-04-11T05:21:00,49.907,28.825,26.694,32.903,40.724,2698.4,3653.7,20.187,18.832,21.898,0.29243,0.10572,341.04,76.855,6.8396,13.751,32.42,4476.7,22.122,46.319,49.433,80.115,2.323,1.6631,3096.6,42.063,54.162,94.574,9.4744,75.975,36.431,38.32,2627.7,62.954,25.449,52.558,0.32955,8.9222,25.847,120.41,1.3577,73.696,23.871,2.3399,53.203,4.8493,248.57,0.02943,0.82819,66.408,19.063,43.129
669,2026-04-11T05:24:00,50.025,24.597,27.274,32.743,41.225,2698.3,3639.6,16.684,18.828,22.436,0.24697,0.10572,341.83,77.094,6.8175,13.784,32.197,4500.3,23.6,46.591,49.331,79.95,2.2784,1.659,3094.1,42.122,53.45,94.681,9.3192,76.62,36.131,38.415,2627.0,63.394,24.78,52.614,0.32906,8.9853,26.3,120.41,1.2061,74.81,24.024,2.2937,53.203,4.7982,252.37,0.02943,0.82819,66.374,18.768,43.129
670,2026-04-11T05:27:00,49.887,24.547,27.327,32.743,40.654,2699.3,3670.5,16.665,18.828,22.569,0.24748,0.10572,341.54,77.412,6.8175,13.784,32.197,4469.4,23.591,46.272,51.139,80.194,2.2784,1.659,3096.2,42.359,53.82,94.551,9.4355,74.642,41.452,39.008,2628.3,62.862,26.188,53.162,0.3242,8.9853,26.3,120.43,1.2061,75.292,24.024,2.2937,53.203,4.7982,250.62,0.02943,0.82819,66.433,18.768,43.129
671,2026-04-11T05:30:00,50.247,26.283,26.775,33.198,41.267,2701.1,3657.5,17.018,18.574,22.213,0.27042,0.10572,341.44,77.536,6.802,13.984,32.247,4503.2,23.428,47.106,49.114,80.374,2.2234,1.6538,3097.2,42.412,54.114,94.543,9.352,76.517,35.492,39.375,2630.7,63.33,24.512,53.409,0.32772,8.7495,25.677,120.42,1.171,74.522,23.434,2.3086,53.203,4.8077,252.19,0.02943,0.82819,66.498,18.941,43.129
672,2026-04-11T05:33:00,48.879,26.045,26.728,33.198,41.213,2699.9,3673.1,17.625,18.574,21.996,0.27284,0.10581,341.4,77.257,6.802,13.984,32.247,4505.3,23.173,43.939,49.248,80.369,2.2234,1.6538,3098.0,42.139,54.089,94.523,9.2515,76.358,35.887,39.112,2628.2,63.062,25.083,52.787,0.32987,8.7495,25.677,120.42,1.171,75.038,23.434,2.3086,53.445,4.8077,252.73,0.019985,0.85263,66.626,18.941,44.593
673,2026-04-11T05:36:00,49.044,26.171,26.941,33.1,41.063,2698.1,3674.7,18.71,18.56,21.736,0.26116,0.10581,341.5,77.346,6.7768,14.026,31.985,4447.6,22.713,44.323,48.572,80.246,2.3386,1.6891,3096.5,42.79,54.343,94.495,9.4174,74.742,33.898,41.641,2626.0,63.239,25.412,53.039,0.3538,8.783,26.12,120.4,1.1696,74.282,23.127,2.3133,53.445,4.9085,249.52,0.019985,0.85263,66.646,19.117,44.593
674,2026-04-11T05:39:00,52.037,26.06,26.841,33.1,41.02,2695.4,3669.4,18.953,18.56,21.746,0.26229,0.10581,341.47,77.028,6.7768,14.026,31.985,4466.6,22.626,51.248,50.079,80.062,2.3386,1.6891,3094.6,42.37,54.116,94.652,9.2664,75.474,38.333,41.821,2623.8,63.331,23.917,52.631,0.35232,8.783,26.12,120.42,1.1696,75.063,23.127,2.3133,53.445,4.9085,253.77,0.019985,0.85263,66.58,19.117,44.593
675,2026-04-11T05:42:00,51.235,28.469,26.789,33.279,41.27,2695.8,3706.5,21.082,19.001,21.871,0.28999,0.10581,341.62,77.563,6.8579,13.79,32.496,4507.3,21.717,49.392,49.183,80.114,2.2784,1.6341,3094.4,42.475,53.154,94.516,9.3267,75.91,35.695,42.407,2623.9,62.999,26.08,52.869,0.35895,8.8917,26.166,120.39,1.3351,74.515,23.067,2.4015,53.445,4.8366,250.82,0.019985,0.85263,66.533,19.058,44.593
676,2026-04-11T05:45:00,49.183,28.715,26.492,33.279,41.36,2696.3,3711.0,15.513,19.001,21.958,0.2875,0.10581,341.63,77.531,6.8579,13.79,32.496,4484.5,24.06,44.642,50.316,80.202,2.2784,1.6341,3093.6,42.431,53.427,94.575,9.3989,77.261,39.03,42.578,2625.8,62.923,25.915,52.794,0.35755,8.8917,26.166,120.4,1.3351,75.023,23.067,2.4015,53.445,4.8366,251.35,0.019985,0.85263,66.504,19.058,44.593
677,2026-04-11T05:48:00,50.877,23.702,26.623,33.191,40.873,2697.4,3695.6,18.81,18.655,22.232,0.23855,0.10601,342.03,77.504,6.915,14.116,32.321,4480.9,22.666,48.565,49.64,80.367,2.267,1.6656,3093.6,41.991,53.561,94.51,9.3701,75.869,37.039,39.326,2626.8,62.536,26.568,53.366,0.33327,8.8147,26.241,120.41,1.4443,74.819,23.644,2.4018,54.054,4.8802,251.68,0.016566,0.83155,66.59,18.931,44.465
678,2026-04-11T05:51:00,51.314,23.57,26.871,33.191,41.186,2695.6,3651.2,21.2,18.655,21.919,0.2399,0.10601,341.89,77.264,6.915,14.116,32.321,4464.8,21.668,49.575,49.117,80.22,2.267,1.6656,3093.7,41.796,53.755,94.568,9.4011,77.182,35.502,39.748,2624.0,63.3,24.541,53.48,0.32981,8.8147,26.241,120.41,1.4443,73.811,23.644,2.4018,54.054,4.8802,253.12,0.016566,0.83155,66.624,18.931,44.465
679,2026-04-11T05:54:00,50.867,25.081,26.481,33.299,40.796,2694.8,3650.5,17.082,18.403,21.82,0.25374,0.10601,341.6,77.383,6.8808,13.941,32.646,4494.5,23.401,48.54,50.057,80.107,2.2402,1.6551,3091.2,42.418,53.675,94.614,9.2959,77.216,38.269,43.363,2623.0,62.809,24.544,53.743,0.37347,8.7811,25.73,120.37,1.3571,74.396,23.566,2.3242,54.054,4.89,252.91,0.016566,0.83155,66.627,18.533,44.465
680,2026-04-11T05:57:00,51.682,24.832,26.656,33.299,41.504,2698.2,3661.4,18.454,18.403,22.732,0.25627,0.10601,342.36,77.711,6.8808,13.941,32.646,4504.2,22.804,50.427,51.313,80.41,2.2402,1.6551,3092.3,42.44,53.559,94.682,9.3453,76.024,41.963,44.078,2627.4,62.621,24.793,53.869,0.36761,8.7811,25.73,120.41,1.3571,74.803,23.566,2.3242,54.054,4.89,254.23,0.016566,0.83155,66.652,18.533,44.465
681,2026-04-11T06:00:00,49.532,21.645,26.422,33.025,41.357,2698.6,3664.4,19.017,18.88,22.337,0.21978,0.10601,342.19,77.401,6.9214,14.063,32.317,4576.4,22.568,45.452,49.82,80.539,2.326,1.6754,3094.2,42.21,53.679,94.48,9.4286,77.89,37.571,41.437,2628.4,62.855,25.779,54.061,0.35334,9.0788,25.605,120.4,1.2472,75.274,23.192,2.3911,54.054,4.8856,254.72,0.016566,0.83155,66.767,18.786,44.465
682,2026-04-11T06:03:00,50.251,21.503,27.305,33.025,41.494,2697.2,3652.2,18.085,18.88,22.32,0.22122,0.09661,341.86,77.583,6.9214,14.063,32.317,4497.7,22.949,47.114,50.686,80.395,2.326,1.6754,3094.9,42.324,54.62,94.755,9.4052,75.887,40.12,42.046,2626.0,63.063,22.791,53.837,0.34834,9.0788,25.605,120.39,1.2472,74.795,23.192,2.3911,53.748,4.8856,253.94,0.0060156,0.79106,66.802,18.786,43.6
683,2026-04-11T06:06:00,49.057,24.37,27.145,33.081,40.827,2695.2,3618.9,16.702,18.393,21.961,0.24943,0.09661,341.38,77.258,6.9183,13.986,32.515,4520.2,23.545,44.351,49.637,80.202,2.2403,1.6361,3093.4,42.542,53.748,94.524,9.2783,76.544,37.033,43.462,2622.9,63.262,25.588,53.852,0.36558,8.8465,26.477,120.37,1.1686,74.016,23.276,2.3314,53.748,4.9318,253.87,0.0060156,0.79106,66.771,18.822,43.6
684,2026-04-11T06:09:00,48.975,24.366,27.114,33.081,41.25,2695.1,3644.7,16.83,18.393,22.13,0.24948,0.09661,342.11,77.195,6.9183,13.986,32.515,4455.1,23.5,44.161,49.889,80.039,2.2403,1.6361,3092.3,42.073,54.528,94.807,9.2169,77.703,37.774,43.09,2622.2,62.818,23.927,53.867,0.36863,8.8465,26.477,120.39,1.1686,74.878,23.276,2.3314,53.748,4.9318,253.83,0.0060156,0.79106,66.713,18.822,43.6
685,2026-04-11T06:12:00,50.164,22.174,26.917,33.378,40.366,2694.6,3645.1,15.993,18.63,22.073,0.22877,0.09661,342.04,77.41,6.8615,14.084,32.027,4523.4,23.852,46.915,51.214,79.998,2.2676,1.6503,3090.1,42.069,53.618,94.679,9.3817,76.495,41.671,42.718,2624.1,62.804,24.518,53.838,0.35721,8.974,26.128,120.39,1.3221,74.873,23.121,2.276,53.748,4.9736,254.34,0.0060156,0.79106,66.635,18.775,43.6
686,2026-04-11T06:15:00,51.202,22.399,26.933,33.378,41.106,2696.9,3635.1,16.342,18.63,22.011,0.22648,0.09661,341.75,77.709,6.8615,14.084,32.027,4502.4,23.691,49.317,48.259,80.223,2.2676,1.6503,3094.0,42.451,53.87,94.678,9.3308,76.673,32.978,42.648,2626.1,62.975,25.159,54.037,0.35778,8.974,26.128,120.41,1.3221,74.62,23.121,2.276,53.748,4.9736,252.25,0.0060156,0.79106,66.656,18.775,43.6
687,2026-04-11T06:18:00,51.204,26.9,27.112,32.721,41.921,2700.7,3642.9,18.072,18.459,22.208,0.27336,0.10373,342.17,77.945,6.7537,13.96,32.471,4512.2,22.946,49.321,51.342,80.47,2.2514,1.6544,3098.3,42.62,53.864,94.619,9.4093,76.441,42.05,43.885,2628.8,63.332,23.926,53.087,0.3718,9.016,26.07,120.44,1.2972,75.065,23.276,2.3412,53.532,4.7805,250.92,0.022083,0.8205,66.674,18.29,44.513
688,2026-04-11T06:21:00,49.009,26.891,26.85,32.721,40.7,2702.9,3665.6,17.907,18.459,22.118,0.27345,0.10373,342.01,77.877,6.7537,13.96,32.471,4532.5,23.005,44.241,49.137,80.607,2.2514,1.6544,3100.1,42.368,53.622,94.417,9.3898,80.262,35.56,43.898,2631.7,62.94,26.731,52.897,0.37169,9.016,26.07,120.39,1.2972,74.697,23.276,2.3412,53.532,4.7805,247.87,0.022083,0.8205,66.723,18.29,44.513
689,2026-04-11T06:24:00,51.925,22.497,26.779,33.121,41.799,2701.7,3671.5,20.108,18.626,22.088,0.23104,0.10373,342.28,77.417,6.8792,13.821,32.172,4552.4,22.084,50.99,49.003,80.475,2.2742,1.6645,3100.3,42.62,54.613,94.412,9.3124,76.664,35.165,42.437,2631.1,63.856,24.767,52.545,0.35881,8.9224,26.104,120.43,1.109,75.667,23.78,2.3054,53.532,4.9208,246.65,0.022083,0.8205,66.731,19.135,44.513
690,2026-04-11T06:27:00,49.505,22.715,26.902,33.121,41.204,2699.9,3665.5,19.238,18.626,22.0,0.22882,0.10373,342.23,77.114,6.8792,13.821,32.172,4582.6,22.464,45.389,50.96,80.209,2.2742,1.6645,3098.0,42.603,54.252,94.5,9.3362,76.604,40.926,42.236,2628.7,63.96,25.323,51.746,0.36046,8.9224,26.104,120.39,1.109,73.817,23.78,2.3054,53.532,4.9208,250.49,0.022083,0.8205,66.647,19.135,44.513
691,2026-04-11T06:30:00,51.025,25.244,26.803,33.286,41.445,2699.9,3646.1,19.236,18.551,21.945,0.25807,0.10373,342.62,77.363,6.8851,13.805,31.903,4484.1,22.463,48.905,49.484,80.171,2.2987,1.6947,3096.5,42.665,53.369,94.534,9.4535,75.807,36.583,40.642,2627.9,63.253,25.015,51.611,0.34387,9.0386,26.06,120.41,1.2123,74.665,23.145,2.3787,53.532,4.9129,246.96,0.022083,0.8205,66.53,18.767,44.513
692,2026-04-11T06:33:00,48.846,25.279,27.031,33.286,40.203,2698.6,3676.6,17.34,18.551,22.121,0.25772,0.083252,342.18,77.196,6.8851,13.805,31.903,4423.3,23.269,43.864,51.033,80.021,2.2987,1.6947,3096.0,42.208,54.097,94.632,9.3311,79.561,41.139,40.507,2626.8,62.729,24.22,52.005,0.34498,9.0386,26.06,120.38,1.2123,75.175,23.145,2.3787,53.151,4.9129,245.39,0.0092596,0.80542,66.452,18.767,44.069
693,2026-04-11T06:36:00,51.659,27.872,26.871,33.187,41.441,2702.1,3652.7,17.157,18.403,22.343,0.28668,0.083252,342.64,77.752,6.7212,13.993,32.652,4527.0,23.33,50.373,50.734,80.199,2.307,1.667,3097.7,42.256,53.73,94.602,9.4269,77.152,40.259,40.253,2630.4,63.089,25.02,51.565,0.34351,8.9152,26.308,120.41,1.1146,75.294,23.782,2.26,53.151,4.8074,248.75,0.0092596,0.80542,66.396,19.103,44.069
694,2026-04-11T06:39:00,49.673,27.908,27.022,33.187,40.444,2704.3,3674.2,19.062,18.403,22.583,0.28632,0.083252,342.77,77.327,6.7212,13.993,32.652,4483.2,22.531,45.778,48.576,80.367,2.307,1.667,3100.1,42.431,54.253,94.461,9.447,76.52,33.909,40.838,2634.5,62.717,27.79,51.627,0.33872,8.9152,26.308,120.38,1.1146,74.332,23.782,2.26,53.151,4.8074,246.42,0.0092596,0.80542,66.422,19.103,44.069
695,2026-04-11T06:42:00,49.818,20.827,26.72,33.132,41.499,2700.6,3714.5,17.227,18.151,22.263,0.21147,0.083252,343.09,76.912,6.9456,13.786,32.532,4440.1,23.321,46.114,49.579,80.059,2.242,1.6279,3097.5,42.42,53.917,94.499,9.4661,75.025,36.861,42.571,2629.5,63.537,24.069,51.495,0.36649,8.8324,25.762,120.41,1.1323,75.268,23.463,2.3151,53.151,4.8192,246.32,0.0092596,0.80542,66.405,18.993,44.069
696,2026-04-11T06:45:00,51.512,20.858,26.867,33.132,41.087,2700.0,3715.5,16.456,18.151,22.394,0.21116,0.083252,342.56,77.616,6.9456,13.786,32.532,4473.1,23.626,50.033,49.665,80.111,2.242,1.6279,3096.4,42.919,53.522,94.47,9.4386,78.772,37.115,43.135,2629.0,63.519,25.727,51.386,0.36186,8.8324,25.762,120.39,1.1323,74.322,23.463,2.3151,53.151,4.8192,245.98,0.0092596,0.80542,66.348,18.993,44.069
697,2026-04-11T06:48:00,50.505,21.679,27.34,33.348,41.338,2701.0,3665.1,19.083,18.983,22.566,0.21764,0.10128,342.84,77.364,6.7259,13.737,32.313,4497.0,22.52,47.704,49.114,80.285,2.2427,1.6714,3097.1,42.593,53.461,94.485,9.3835,75.668,35.493,40.58,2630.0,62.465,24.759,51.05,0.33838,8.7861,26.544,120.39,1.3243,74.094,23.797,2.3884,54.107,4.8524,243.38,0.018037,0.79512,66.357,18.869,43.767
698,2026-04-11T06:51:00,50.866,21.287,27.274,33.348,40.231,2700.1,3673.6,17.304,18.983,22.195,0.22163,0.10128,342.39,77.199,6.7259,13.737,32.313,4462.6,23.273,48.537,49.282,80.158,2.2427,1.6714,3097.7,42.568,53.873,94.608,9.4315,76.596,35.987,40.259,2628.4,62.317,25.655,50.795,0.34101,8.7861,26.544,120.34,1.3243,74.742,23.797,2.3884,54.107,4.8524,242.6,0.018037,0.79512,66.33,18.869,43.767
699,2026-04-11T06:54:00,49.178,23.316,26.917,33.296,41.361,2701.4,3723.8,19.475,18.758,22.689,0.23855,0.10128,342.68,77.338,6.831,13.901,32.262,4524.2,22.36,44.632,48.309,80.121,2.2603,1.6533,3097.9,42.143,53.413,94.479,9.3555,77.192,33.122,39.405,2630.2,63.426,24.572,50.36,0.33639,8.9927,26.177,120.44,1.2727,74.478,23.676,2.3148,54.107,4.8781,243.87,0.018037,0.79512,66.282,18.885,43.767
700,2026-04-11T06:57:00,48.666,23.173,26.634,33.296,40.94,2701.6,3684.6,19.246,18.758,22.15,0.24,0.10128,342.83,77.591,6.831,13.901,32.262,4490.6,22.447,43.447,50.248,80.145,2.2603,1.6533,3099.1,42.438,53.815,94.513,9.3729,77.163,38.829,39.82,2630.9,64.1,25.391,50.023,0.33298,8.9927,26.177,120.39,1.2727,74.528,23.676,2.3148,54.107,4.8781,244.04,0.018037,0.79512,66.233,18.885,43.767
701,2026-04-11T07:00:00,49.128,23.928,27.087,32.826,41.462,2701.9,3669.8,17.409,18.47,22.329,0.23996,0.10128,342.31,77.49,6.8777,13.926,32.481,4503.9,23.222,44.516,49.604,80.213,2.2669,1.6863,3098.1,42.531,53.6,94.306,9.4423,74.883,36.933,41.829,2631.0,63.53,25.897,50.153,0.3525,8.9143,26.295,120.43,1.3801,75.736,24.208,2.2034,54.107,4.8565,238.99,0.018037,0.79512,66.218,18.82,43.767
702,2026-04-11T07:03:00,51.054,23.866,26.815,32.826,41.461,2702.2,3704.8,18.969,18.47,22.355,0.24059,0.095054,342.66,77.868,6.8777,13.926,32.481,4460.8,22.552,48.973,50.539,80.183,2.2669,1.6863,3099.1,42.565,54.116,94.511,9.4167,77.766,39.686,41.948,2631.9,62.928,26.155,49.504,0.35153,8.9143,26.295,120.39,1.3801,74.446,24.208,2.2034,53.406,4.8565,239.03,0.012942,0.82748,66.189,18.82,43.573
703,2026-04-11T07:06:00,49.987,21.534,27.118,32.874,41.743,2704.5,3681.7,18.679,18.73,22.427,0.21827,0.095054,342.41,77.85,6.9414,13.937,31.95,4490.0,22.662,46.503,48.682,80.456,2.2676,1.6639,3100.4,42.454,53.913,94.41,9.498,77.281,34.222,42.26,2633.0,62.942,24.464,49.353,0.35557,8.8299,26.449,120.43,1.2329,75.475,24.12,2.3475,53.406,4.934,235.54,0.012942,0.82748,66.182,19.015,43.573
704,2026-04-11T07:09:00,50.062,21.446,27.058,32.874,41.252,2702.5,3679.3,20.29,18.73,22.284,0.21917,0.095054,342.72,77.148,6.9414,13.937,31.95,4535.2,22.007,46.677,50.774,80.232,2.2676,1.6639,3100.0,42.202,53.373,94.682,9.5978,74.385,40.377,42.005,2631.1,62.983,26.348,48.804,0.35766,8.8299,26.449,120.38,1.2329,74.883,24.12,2.3475,53.406,4.934,236.51,0.012942,0.82748,66.194,19.015,43.573
705,2026-04-11T07:12:00,51.53,26.603,26.793,32.756,41.728,2704.6,3610.9,14.695,18.239,22.471,0.26878,0.095054,342.86,77.641,6.7933,13.839,32.469,4472.5,24.346,50.074,50.654,80.296,2.2912,1.6237,3100.3,42.211,53.619,94.454,9.363,78.867,40.024,42.337,2633.5,63.576,23.853,48.581,0.35874,8.7403,26.176,120.4,1.1139,74.133,23.936,2.3928,53.406,4.9475,233.9,0.012942,0.82748,66.099,19.163,43.573
706,2026-04-11T07:15:00,49.105,26.312,27.297,32.756,41.038,2704.7,3659.2,18.72,18.239,22.473,0.27173,0.095054,343.0,77.285,6.7933,13.839,32.469,4488.7,22.659,44.462,51.418,80.188,2.2912,1.6237,3101.7,42.534,53.425,94.709,9.2957,78.076,42.274,42.507,2633.8,62.745,24.843,48.065,0.35734,8.7403,26.176,120.39,1.1139,74.397,23.936,2.3928,53.406,4.9475,234.56,0.012942,0.82748,66.064,19.163,43.573
707,2026-04-11T07:18:00,51.72,21.43,26.829,33.309,41.524,2705.9,3682.2,16.002,18.717,22.831,0.22061,0.11045,343.09,77.56,6.8391,13.843,32.375,4454.9,23.795,50.516,50.373,80.195,2.2339,1.6896,3101.9,42.418,53.416,94.334,9.5244,77.271,39.197,41.089,2635.5,63.661,25.646,48.562,0.3482,8.9784,26.321,120.42,1.189,74.525,23.622,2.2727,53.756,4.9233,232.72,0.0074943,0.80851,65.994,18.572,44.141
708,2026-04-11T07:21:00,49.823,21.697,26.789,33.309,42.006,2707.4,3669.9,18.153,18.717,22.712,0.21789,0.11045,343.7,77.355,6.8391,13.843,32.375,4415.2,22.892,46.124,48.918,80.25,2.2339,1.6896,3101.7,41.943,53.891,94.601,9.4455,77.107,34.916,41.318,2636.4,63.873,25.576,48.443,0.34633,8.9784,26.321,120.42,1.189,75.396,23.622,2.2727,53.756,4.9233,232.81,0.0074943,0.80851,65.972,18.572,44.141
709,2026-04-11T07:24:00,49.795,22.21,26.844,32.762,40.757,2707.6,3688.8,17.169,18.264,22.821,0.2259,0.11045,343.6,77.408,6.952,13.854,32.593,4537.9,23.302,46.059,50.024,80.216,2.2391,1.703,3101.8,42.552,53.857,94.369,9.3917,75.268,38.171,41.184,2636.5,63.208,23.306,48.197,0.34851,8.8033,26.347,120.39,1.3474,75.425,24.197,2.2987,53.756,4.848,234.34,0.0074943,0.80851,65.962,18.031,44.141
710,2026-04-11T07:27:00,49.45,22.277,26.927,32.762,40.997,2707.2,3645.4,18.925,18.264,22.647,0.22521,0.11045,343.33,77.207,6.952,13.854,32.593,4546.3,22.571,45.262,49.812,80.078,2.2391,1.703,3101.3,42.67,53.756,94.527,9.5375,76.52,37.548,40.985,2635.6,63.955,25.539,48.143,0.35013,8.8033,26.347,120.39,1.3474,74.172,24.197,2.2987,53.756,4.848,233.71,0.0074943,0.80851,65.912,18.031,44.141
711,2026-04-11T07:30:00,51.213,19.833,27.048,33.104,40.992,2705.5,3637.2,16.777,18.415,22.594,0.20189,0.11045,343.3,77.443,6.8911,13.772,32.684,4590.5,23.474,49.34,49.703,79.952,2.2605,1.6881,3102.4,42.594,54.635,94.583,9.3977,77.222,37.226,41.589,2634.6,63.093,27.113,48.146,0.34791,8.8921,26.466,120.39,1.3103,74.194,24.254,2.323,53.756,4.767,232.51,0.0074943,0.80851,65.856,18.776,44.141
712,2026-04-11T07:33:00,49.125,19.981,27.017,33.104,40.545,2709.7,3665.7,19.376,18.415,22.902,0.20038,0.093816,343.36,77.917,6.8911,13.772,32.684,4574.1,22.357,44.509,49.298,80.273,2.2605,1.6881,3105.0,42.8,54.83,94.603,9.4281,76.453,36.034,41.495,2639.8,62.602,23.604,47.693,0.34868,8.8921,26.466,120.37,1.3103,74.472,24.254,2.323,54.117,4.767,230.6,-0.0018546,0.82276,65.824,18.776,42.569
713,2026-04-11T07:36:00,49.797,18.527,27.172,33.764,41.842,2709.9,3684.5,18.481,18.176,22.739,0.18809,0.093816,343.25,77.201,6.954,13.798,32.604,4476.4,22.75,46.065,48.47,80.225,2.2402,1.6561,3105.5,42.696,54.235,94.489,9.2758,79.927,33.599,40.663,2638.7,62.776,24.712,47.459,0.33733,8.8956,26.295,120.42,1.1172,74.882,24.205,2.3491,54.117,4.8157,229.48,-0.0018546,0.82276,65.863,18.859,42.569
714,2026-04-11T07:39:00,49.546,18.376,26.672,33.764,40.539,2709.3,3694.0,18.738,18.176,22.68,0.18962,0.093816,343.18,77.393,6.954,13.798,32.604,4496.8,22.638,45.483,49.974,80.091,2.2402,1.6561,3103.7,42.134,53.991,94.692,9.4493,77.17,38.023,40.356,2638.1,62.612,26.161,47.107,0.33984,8.8956,26.295,120.38,1.1172,75.37,24.205,2.3491,54.117,4.8157,229.74,-0.0018546,0.82276,65.798,18.859,42.569
715,2026-04-11T07:42:00,49.2,18.649,27.154,33.002,42.094,2709.2,3629.4,19.823,18.185,22.87,0.1928,0.093816,342.81,77.138,6.7464,13.797,32.528,4522.0,22.192,44.683,49.372,80.064,2.2254,1.6237,3104.4,42.431,53.477,94.518,9.4796,77.287,36.252,40.5,2637.6,63.133,26.993,46.741,0.34389,8.9662,26.377,120.44,1.2104,74.153,24.32,2.3347,54.117,4.9524,230.19,-0.0018546,0.82276,65.743,18.848,42.569
716,2026-04-11T07:45:00,51.051,18.821,26.735,33.002,40.441,2707.5,3649.7,18.854,18.185,22.742,0.19105,0.093816,342.8,77.095,6.7464,13.797,32.528,4472.5,22.61,48.966,50.54,79.821,2.2254,1.6237,3102.5,42.484,54.069,94.887,9.4285,77.98,39.689,40.815,2636.6,62.784,26.988,46.623,0.34131,8.9662,26.377,120.38,1.2104,75.348,24.32,2.3347,54.117,4.9524,227.93,-0.0018546,0.82276,65.634,18.848,42.569
717,2026-04-11T07:48:00,48.004,19.064,26.824,33.076,41.66,2709.5,3706.7,18.302,18.703,22.751,0.19556,0.11025,343.36,77.744,7.0268,13.815,32.391,4502.0,22.826,41.915,50.922,79.977,2.2441,1.6405,3104.5,42.057,53.73,94.48,9.4245,74.976,40.812,40.715,2638.7,63.656,26.028,46.788,0.34166,9.0319,25.969,120.42,1.1071,75.548,23.871,2.252,53.527,4.8198,226.2,0.016077,0.81281,65.589,18.559,43.395
718,2026-04-11T07:51:00,49.071,18.938,26.883,33.076,41.28,2710.1,3711.2,17.088,18.703,22.421,0.19684,0.11025,342.61,77.117,7.0268,13.815,32.391,4524.4,23.355,44.383,49.381,80.04,2.2441,1.6405,3105.8,42.16,53.461,94.59,9.4552,76.819,36.279,40.733,2638.6,63.578,24.435,46.452,0.34151,9.0319,25.969,120.4,1.1071,75.404,23.871,2.252,53.527,4.8198,227.97,0.016077,0.81281,65.565,18.559,43.395
719,2026-04-11T07:54:00,51.91,20.08,27.015,32.984,40.566,2708.4,3645.9,16.595,18.619,22.294,0.20596,0.11025,342.59,77.322,6.7783,13.913,32.316,4559.0,23.559,50.954,48.497,79.887,2.2704,1.6732,3105.6,42.595,53.769,94.536,9.4064,78.33,33.676,40.805,2637.0,62.237,23.776,46.22,0.3447,8.7983,26.466,120.38,1.2409,75.499,24.891,2.2276,53.527,4.8157,228.61,0.016077,0.81281,65.544,18.499,43.395
720,2026-04-11T07:57:00,48.824,20.117,26.798,32.984,41.228,2712.2,3629.5,17.129,18.619,22.801,0.20559,0.11025,342.65,77.618,6.7783,13.913,32.316,4530.6,23.321,43.812,47.623,80.127,2.2704,1.6732,3107.1,42.222,54.109,94.699,9.433,77.54,31.105,41.276,2640.8,62.52,24.393,46.294,0.34084,8.7983,26.466,120.4,1.2409,75.263,24.891,2.2276,53.527,4.8157,225.81,0.016077,0.81281,65.53,18.499,43.395
721,2026-04-11T08:00:00,47.864,20.74,27.165,32.608,40.695,2711.8,3678.1,21.338,18.091,22.62,0.21039,0.11025,342.65,77.396,6.8398,13.543,32.517,4556.0,21.556,41.591,49.321,80.036,2.2044,1.6465,3108.9,42.525,53.995,94.567,9.3745,77.887,36.102,42.169,2641.0,63.844,26.837,46.087,0.35539,8.9538,26.744,120.4,1.1979,75.808,24.556,2.2976,53.527,4.8753,226.18,0.016077,0.81281,65.528,18.454,43.395
722,2026-04-11T08:03:00,50.501,20.7,26.735,32.608,40.732,2711.4,3688.6,19.319,18.091,22.151,0.21079,0.11002,341.91,77.497,6.8398,13.543,32.517,4564.9,22.408,47.694,48.65,79.936,2.2044,1.6465,3110.4,42.318,53.889,94.485,9.4923,77.156,34.127,42.028,2640.5,63.662,23.098,45.855,0.35655,8.9538,26.744,120.41,1.1979,74.761,24.556,2.2976,52.848,4.8753,223.62,0.014099,0.82142,65.471,18.454,43.98
723,2026-04-11T08:06:00,51.718,18.464,27.284,32.724,41.856,2714.4,3665.0,17.199,18.002,22.441,0.18981,0.11002,342.03,77.61,6.7502,13.705,32.21,4551.1,23.295,50.509,48.33,80.097,2.2084,1.6166,3111.3,42.122,54.213,94.492,9.4847,74.905,33.185,37.458,2643.0,63.598,24.651,45.493,0.31184,8.8419,26.573,120.44,1.1951,75.756,24.361,2.3869,52.848,4.8656,224.36,0.014099,0.82142,65.459,18.48,43.98
724,2026-04-11T08:09:00,49.446,18.674,27.226,32.724,41.216,2715.8,3717.4,18.972,18.002,22.69,0.18767,0.11002,342.35,77.429,6.7502,13.705,32.21,4555.8,22.547,45.252,49.385,80.21,2.2084,1.6166,3113.5,42.26,54.157,94.527,9.4456,77.139,36.29,37.375,2644.8,62.695,25.862,45.17,0.31252,8.8419,26.573,120.38,1.1951,75.235,24.361,2.3869,52.848,4.8656,224.62,0.014099,0.82142,65.471,18.48,43.98
725,2026-04-11T08:12:00,51.045,21.472,26.965,32.838,42.486,2717.9,3703.1,17.495,18.079,22.451,0.21499,0.11002,341.8,77.728,6.728,13.72,31.732,4565.5,23.152,48.953,49.611,80.308,2.2249,1.6543,3114.9,42.533,54.03,94.311,9.4661,75.145,36.957,39.149,2646.8,63.81,24.918,45.051,0.33107,8.7968,26.863,120.47,1.2421,74.509,24.255,2.2795,52.848,4.7819,222.62,0.014099,0.82142,65.481,19.254,43.98
726,2026-04-11T08:15:00,49.339,21.466,26.752,32.838,41.466,2714.5,3693.1,21.711,18.079,22.013,0.21504,0.11002,341.61,77.123,6.728,13.72,31.732,4539.2,21.396,45.004,49.588,80.093,2.2249,1.6543,3113.8,42.509,54.345,94.462,9.4194,76.59,36.888,39.381,2644.0,63.983,25.601,44.952,0.32917,8.7968,26.863,120.38,1.2421,75.092,24.255,2.2795,52.848,4.7819,220.39,0.014099,0.82142,65.462,19.254,43.98
727,2026-04-11T08:18:00,50.788,25.774,27.275,32.935,41.38,2712.2,3727.4,19.694,18.158,22.272,0.26826,0.12043,341.8,76.939,6.6378,13.832,32.204,4432.7,22.266,48.358,48.916,79.74,2.2421,1.6565,3111.5,42.813,53.704,94.408,9.4267,76.041,34.91,39.124,2640.4,63.722,24.476,44.893,0.33315,8.9652,26.214,120.39,1.2102,74.149,24.817,2.3252,54.138,4.7975,219.9,0.023273,0.82976,65.37,18.77,44.708
728,2026-04-11T08:21:00,49.088,26.086,27.086,32.935,42.167,2714.5,3696.6,18.389,18.158,23.032,0.2651,0.12043,342.04,77.499,6.6378,13.832,32.204,4444.4,22.8,44.424,50.028,79.944,2.2421,1.6565,3110.2,42.395,53.565,94.381,9.3425,78.035,38.183,39.519,2644.0,64.251,25.826,44.64,0.32991,8.9652,26.214,120.43,1.2102,75.403,24.817,2.3252,54.138,4.7975,220.42,0.023273,0.82976,65.267,18.77,44.708
729,2026-04-11T08:24:00,48.946,21.988,26.716,32.998,41.244,2714.1,3801.7,20.627,18.986,22.389,0.22008,0.12043,341.8,77.211,7.0543,13.941,32.286,4531.6,21.86,44.095,49.077,80.093,2.2475,1.6617,3111.4,43.049,53.669,94.349,9.3549,75.289,35.383,40.814,2643.1,63.423,24.114,44.744,0.34332,8.6034,26.662,120.39,1.2973,75.487,25.041,2.3371,54.138,4.9035,216.9,0.023273,0.82976,65.259,18.419,44.708
730,2026-04-11T08:27:00,50.066,21.875,26.996,32.998,41.31,2708.1,3754.0,18.638,18.986,21.986,0.22123,0.12043,341.4,76.818,7.0543,13.941,32.286,4513.5,22.722,46.688,49.025,79.707,2.2475,1.6617,3108.2,42.45,53.886,94.362,9.4436,76.07,35.231,40.902,2637.0,64.243,25.36,44.184,0.3426,8.6034,26.662,120.4,1.2973,75.974,25.041,2.3371,54.138,4.9035,220.87,0.023273,0.82976,65.225,18.419,44.708
731,2026-04-11T08:30:00,51.502,21.042,26.977,32.805,40.972,2709.5,3636.3,16.784,18.453,22.524,0.21264,0.12043,341.23,77.522,6.9181,13.597,32.295,4526.8,23.486,50.01,50.223,79.892,2.2879,1.6588,3105.1,42.048,54.62,94.541,9.4767,75.873,38.755,42.019,2638.2,62.65,24.544,44.191,0.35822,8.9142,26.75,120.4,1.246,75.721,24.331,2.3116,54.138,4.7887,218.52,0.023273,0.82976,65.176,18.801,44.708
732,2026-04-11T08:33:00,49.425,21.037,27.033,32.805,40.757,2710.5,3631.4,18.899,18.453,22.477,0.2127,0.10885,341.02,77.406,6.9181,13.597,32.295,4536.6,22.593,45.204,51.402,80.07,2.2879,1.6588,3106.7,42.205,54.502,94.704,9.3202,77.839,42.226,42.469,2639.7,62.734,26.089,44.201,0.35453,8.9142,26.75,120.37,1.246,75.141,24.331,2.3116,53.26,4.7887,218.27,-0.0001241,0.82265,65.204,18.801,44.148
733,2026-04-11T08:36:00,48.859,20.982,26.973,32.887,41.541,2712.2,3637.6,16.799,18.487,22.611,0.20942,0.10885,341.05,77.055,6.8547,13.844,32.028,4481.1,23.486,43.893,49.375,80.063,2.2254,1.6618,3107.3,42.14,54.256,94.668,9.2983,75.857,36.26,37.692,2640.6,63.723,24.459,44.001,0.31751,8.6469,26.848,120.39,1.1712,75.643,24.499,2.2506,53.26,4.8178,219.16,-0.0001241,0.82265,65.213,18.196,44.148
734,2026-04-11T08:39:00,49.867,20.654,27.132,32.887,40.896,2709.4,3671.3,16.672,18.487,22.077,0.21276,0.10885,340.58,77.108,6.8547,13.844,32.028,4541.8,23.545,46.227,51.52,79.884,2.2254,1.6618,3108.3,42.2,53.53,94.644,9.344,78.27,42.574,37.882,2638.3,63.143,25.553,44.118,0.31595,8.6469,26.848,120.37,1.1712,74.951,24.499,2.2506,53.26,4.8178,216.49,-0.0001241,0.82265,65.212,18.196,44.148
735,2026-04-11T08:42:00,50.214,23.443,26.37,32.675,41.214,2712.8,3667.8,16.06,18.406,22.033,0.23643,0.10885,341.03,77.595,6.8343,13.744,32.027,4559.0,23.79,47.03,50.229,80.047,2.2681,1.6986,3109.5,42.135,54.855,94.705,9.2979,76.529,38.775,41.264,2640.8,63.755,24.658,43.936,0.34123,8.8531,26.461,120.42,1.2806,74.844,24.892,2.25,53.26,4.93,217.2,-0.0001241,0.82265,65.186,18.676,44.148
736,2026-04-11T08:45:00,48.916,23.411,26.865,32.675,40.904,2712.9,3688.4,16.271,18.406,22.167,0.23675,0.10885,340.27,77.056,6.8343,13.744,32.027,4576.2,23.714,44.024,50.171,80.054,2.2681,1.6986,3111.8,42.635,54.65,94.567,9.2968,76.298,38.603,40.91,2641.4,63.4,24.934,43.973,0.34413,8.8531,26.461,120.4,1.2806,74.996,24.892,2.25,53.26,4.93,215.45,-0.0001241,0.82265,65.19,18.676,44.148
737,2026-04-11T08:48:00,50.319,23.561,27.108,32.872,40.767,2711.2,3675.4,17.003,18.34,21.919,0.23892,0.10142,339.83,77.32,6.7678,13.646,31.855,4503.1,23.405,47.271,50.337,79.931,2.2639,1.6465,3110.6,42.923,54.403,94.524,9.4111,77.139,39.091,39.634,2640.0,63.838,23.891,43.539,0.33221,8.8201,26.45,120.38,1.4138,75.353,24.075,2.1705,54.275,4.8506,216.75,0.036806,0.83347,65.15,18.682,43.633
738,2026-04-11T08:51:00,48.825,23.497,27.013,32.872,41.951,2713.3,3735.3,15.615,18.34,22.235,0.23958,0.10142,340.18,77.518,6.7678,13.646,31.855,4538.2,23.977,43.814,48.982,80.183,2.2639,1.6465,3111.8,42.226,53.983,94.515,9.082,76.866,35.105,39.279,2642.5,62.808,25.972,43.492,0.33512,8.8201,26.45,120.43,1.4138,74.825,24.075,2.1705,54.275,4.8506,214.96,0.036806,0.83347,65.172,18.682,43.633
739,2026-04-11T08:54:00,48.075,25.326,26.666,33.002,41.04,2713.0,3720.6,20.927,18.643,21.795,0.2593,0.10142,339.53,77.608,6.8552,13.747,32.448,4535.9,21.732,42.079,50.959,80.241,2.2771,1.6154,3112.3,42.542,54.014,94.48,9.2589,77.782,40.922,38.261,2641.1,63.721,25.619,43.119,0.32034,8.7838,26.799,120.39,1.394,74.683,24.365,2.3258,54.275,4.8758,216.83,0.036806,0.83347,65.169,18.931,43.633
740,2026-04-11T08:57:00,51.182,25.458,26.785,33.002,41.265,2711.2,3676.3,17.337,18.643,21.904,0.25796,0.10142,339.5,77.23,6.8552,13.747,32.448,4540.3,23.256,49.27,49.462,80.161,2.2771,1.6154,3111.3,42.297,53.961,94.412,9.3425,77.259,36.518,38.458,2639.0,64.483,25.023,43.067,0.31873,8.7838,26.799,120.4,1.394,75.867,24.365,2.3258,54.275,4.8758,215.09,0.036806,0.83347,65.185,18.931,43.633
741,2026-04-11T09:00:00,49.532,19.928,26.721,33.295,41.33,2708.0,3705.5,18.538,18.298,21.831,0.2002,0.10142,339.62,76.859,6.9268,13.686,32.285,4471.4,22.767,45.45,49.96,79.988,2.2338,1.6435,3106.1,42.273,54.169,94.594,9.2325,77.833,37.981,39.666,2636.6,63.28,23.211,43.032,0.32954,8.805,27.083,120.41,1.4498,74.673,24.427,2.285,54.275,4.8682,213.22,0.036806,0.83347,65.137,18.996,43.633
742,2026-04-11T09:03:00,50.73,19.483,27.256,33.295,40.93,2702.9,3640.3,16.23,18.298,21.813,0.20473,0.10374,339.05,76.579,6.9268,13.686,32.285,4485.9,23.764,48.224,51.389,79.691,2.2338,1.6435,3103.2,42.276,53.995,94.646,9.3324,75.499,42.188,39.724,2630.2,64.402,26.304,42.988,0.32907,8.805,27.083,120.41,1.4498,75.26,24.427,2.285,54.352,4.8682,214.43,0.0157,0.83935,65.057,18.996,43.767
743,2026-04-11T09:06:00,50.547,21.414,26.928,32.799,41.441,2705.8,3686.8,15.983,18.724,21.806,0.2129,0.10374,339.06,77.379,7.0151,13.772,31.93,4502.0,23.844,47.799,51.723,79.971,2.2437,1.6724,3103.9,41.686,53.611,94.744,9.344,75.059,43.171,38.295,2633.5,62.966,25.013,43.183,0.32621,8.9385,27.158,120.41,1.3841,75.171,24.58,2.3175,54.352,4.8673,211.32,0.0157,0.83935,65.012,18.777,43.767
744,2026-04-11T09:09:00,49.296,21.073,27.038,32.799,40.631,2706.8,3665.0,17.448,18.724,22.034,0.21637,0.10374,339.33,77.233,7.0151,13.772,31.93,4478.8,23.225,44.904,51.271,80.242,2.2437,1.6724,3105.6,42.233,53.888,94.642,9.3099,76.655,41.841,39.042,2635.3,63.34,25.134,43.141,0.32009,8.9385,27.158,120.39,1.3841,75.579,24.58,2.3175,54.352,4.8673,210.8,0.0157,0.83935,65.026,18.777,43.767
745,2026-04-11T09:12:00,49.174,24.758,27.061,32.679,41.02,2706.5,3635.5,14.89,18.601,21.846,0.24927,0.10374,338.4,77.536,6.9108,13.811,32.281,4480.7,24.29,44.622,49.084,80.304,2.2479,1.6337,3106.2,41.891,54.384,94.692,9.3609,73.779,35.405,39.892,2635.0,62.99,24.244,42.975,0.33083,8.7739,26.515,120.38,1.2041,75.097,24.58,2.1988,54.352,4.7928,211.66,0.0157,0.83935,65.101,18.836,43.767
746,2026-04-11T09:15:00,49.993,24.552,26.713,32.679,40.369,2705.2,3644.3,18.916,18.601,21.427,0.25137,0.10374,338.83,76.735,6.9108,13.811,32.281,4493.4,22.62,46.519,50.443,80.132,2.2479,1.6337,3106.4,42.254,54.232,94.743,9.3227,74.536,39.405,39.932,2633.0,62.838,27.048,43.058,0.3305,8.7739,26.515,120.37,1.2041,75.62,24.58,2.1988,54.352,4.7928,209.7,0.0157,0.83935,65.125,18.836,43.767
747,2026-04-11T09:18:00,51.428,21.462,26.522,32.655,40.538,2701.2,3648.3,18.016,18.823,20.898,0.21654,0.088783,337.98,76.602,6.917,13.83,31.782,4538.3,23.019,49.838,51.025,79.794,2.2093,1.6705,3103.8,42.395,53.546,94.862,9.3051,74.477,41.116,40.286,2628.2,63.608,23.161,42.934,0.33559,8.7616,26.793,120.39,1.3286,75.467,24.745,2.2589,54.244,4.9264,211.86,0.014985,0.84162,65.042,18.638,44.165
748,2026-04-11T09:21:00,49.882,21.285,26.862,32.655,40.663,2702.3,3668.1,17.828,18.823,21.429,0.21835,0.088783,338.22,77.071,6.917,13.83,31.782,4485.7,23.094,46.262,49.204,79.933,2.2093,1.6705,3102.0,42.028,54.175,94.718,9.4051,75.814,35.758,40.16,2630.6,63.267,23.899,42.672,0.33662,8.7616,26.793,120.39,1.3286,75.23,24.745,2.2589,54.244,4.9264,214.62,0.014985,0.84162,64.949,18.638,44.165
749,2026-04-11T09:24:00,52.571,26.41,26.763,32.372,41.509,2705.2,3683.0,17.243,18.748,21.641,0.26601,0.088783,338.1,77.426,6.8229,13.719,31.969,4554.9,23.328,52.483,49.003,80.097,2.2242,1.6029,3105.2,41.922,53.839,94.866,9.3231,75.129,35.165,40.368,2632.8,62.926,26.315,42.665,0.33917,8.8032,26.658,120.42,1.3449,75.998,24.361,2.2616,54.244,4.9061,214.53,0.014985,0.84162,64.967,18.809,44.165
750,2026-04-11T09:27:00,49.662,26.457,27.065,32.372,40.164,2707.6,3683.8,19.119,18.748,21.44,0.26553,0.088783,337.95,77.472,6.8229,13.719,31.969,4530.5,22.527,45.752,47.924,80.392,2.2242,1.6029,3109.7,42.513,54.132,94.533,9.2758,77.808,31.992,40.632,2635.8,62.912,24.615,43.028,0.33701,8.8032,26.658,120.37,1.3449,76.317,24.361,2.2616,54.244,4.9061,210.22,0.014985,0.84162,65.028,18.809,44.165
751,2026-04-11T09:30:00,49.092,24.939,26.585,32.533,41.735,2706.1,3720.5,15.167,18.414,21.064,0.25134,0.088783,337.8,77.244,7.0708,13.707,31.384,4556.9,24.201,44.433,50.195,80.231,2.2524,1.6518,3108.4,42.341,53.405,94.688,9.265,74.769,38.673,38.848,2633.7,63.118,25.796,43.129,0.32659,8.6589,27.158,120.44,1.2407,74.457,24.57,2.2439,54.244,4.8381,208.83,0.014985,0.84162,65.053,19.115,44.165
752,2026-04-11T09:33:00,50.226,24.775,26.98,32.533,40.688,2707.7,3713.5,16.969,18.414,21.427,0.253,0.11315,337.7,77.488,7.0708,13.707,31.384,4521.1,23.429,47.057,51.128,80.401,2.2524,1.6518,3108.3,42.056,53.833,94.5,9.1933,77.891,41.421,38.8,2636.4,63.238,24.914,42.771,0.32698,8.6589,27.158,120.39,1.2407,76.023,24.57,2.2439,53.746,4.8381,213.32,0.010093,0.85548,65.125,19.115,43.028
753,2026-04-11T09:36:00,49.684,31.05,26.987,32.124,41.897,2705.7,3647.1,16.495,18.499,21.277,0.31302,0.11315,337.12,76.972,6.9928,13.712,31.964,4467.8,23.644,45.802,50.548,80.248,2.2098,1.6261,3107.2,42.654,53.689,94.647,9.3029,74.974,39.712,38.516,2634.1,62.146,24.358,42.644,0.32538,8.9738,26.546,120.41,1.315,75.3,24.671,2.2528,53.746,4.8837,214.78,0.010093,0.85548,65.141,19.012,43.028
754,2026-04-11T09:39:00,50.626,30.928,26.952,32.124,39.654,2705.9,3627.6,17.702,18.499,21.798,0.31427,0.11315,338.29,76.893,6.9928,13.712,31.964,4462.8,23.147,47.982,51.135,80.031,2.2098,1.6261,3104.9,42.379,53.748,94.736,9.3041,74.429,41.439,38.824,2634.1,62.481,24.257,42.784,0.32286,8.9738,26.546,120.38,1.315,75.458,24.671,2.2528,53.746,4.8837,213.33,0.010093,0.85548,65.095,19.012,43.028
755,2026-04-11T09:42:00,49.476,25.816,26.969,32.383,41.007,2703.5,3646.8,15.998,18.71,21.261,0.2648,0.11315,338.26,77.084,6.9531,13.848,31.698,4494.0,23.868,45.322,50.262,79.863,2.2616,1.6422,3104.6,42.184,53.58,94.794,9.2411,78.488,38.871,38.656,2631.3,62.693,25.944,43.01,0.32393,9.0288,27.135,120.41,1.3716,75.872,24.717,2.2493,53.746,4.8262,210.93,0.010093,0.85548,65.008,18.7,43.028
756,2026-04-11T09:45:00,48.891,25.969,27.162,32.383,40.686,2706.6,3657.8,19.882,18.71,21.891,0.26324,0.11315,338.94,77.19,6.9531,13.848,31.698,4467.5,22.23,43.968,51.771,80.066,2.2616,1.6422,3105.3,41.986,53.898,94.869,9.2225,76.711,43.312,38.725,2634.9,62.505,25.049,42.751,0.32337,9.0288,27.135,120.37,1.3716,75.584,24.717,2.2493,53.746,4.8262,213.99,0.010093,0.85548,64.979,18.7,43.028
757,2026-04-11T09:48:00,49.367,28.791,26.679,32.13,40.559,2705.6,3651.1,17.771,18.895,21.378,0.29336,0.10334,338.54,77.339,6.9275,13.831,31.907,4557.3,23.116,45.068,50.038,80.047,2.2029,1.6888,3106.2,42.285,53.573,94.641,9.1803,77.394,38.21,40.935,2633.8,62.881,24.906,43.21,0.33463,8.6894,26.308,120.42,1.3278,75.551,24.267,2.2503,54.464,4.8891,213.2,0.0043326,0.86359,65.0,19.063,44.154
758,2026-04-11T09:51:00,51.094,28.8,26.62,32.13,41.185,2706.5,3620.8,17.996,18.895,21.476,0.29327,0.10334,338.89,77.305,6.9275,13.831,31.907,4520.6,23.024,49.066,51.268,80.143,2.2029,1.6888,3106.7,42.285,54.012,94.762,9.2854,75.656,41.831,40.718,2635.1,63.403,24.972,43.14,0.33642,8.6894,26.308,120.41,1.3278,74.823,24.267,2.2503,54.464,4.8891,215.92,0.0043326,0.86359,65.035,19.063,44.154
759,2026-04-11T09:54:00,50.178,27.247,26.52,32.403,40.968,2706.9,3704.7,18.015,18.968,21.34,0.2767,0.10334,338.57,77.164,6.8888,13.687,31.614,4454.1,23.016,46.946,50.52,80.165,2.2175,1.6596,3107.6,42.344,53.901,94.633,9.2247,74.188,39.63,40.487,2634.9,62.128,27.553,43.479,0.33484,8.8638,26.9,120.38,1.339,75.316,24.116,2.3215,54.464,4.9432,214.04,0.0043326,0.86359,65.047,19.11,44.154
760,2026-04-11T09:57:00,49.889,27.177,26.715,32.403,41.636,2707.5,3684.9,17.472,18.968,21.784,0.27742,0.10334,338.81,77.562,6.8888,13.687,31.614,4495.8,23.229,46.278,48.533,80.33,2.2175,1.6596,3106.6,41.793,53.402,94.764,9.2395,75.957,33.784,40.548,2636.8,62.47,24.785,43.602,0.33434,8.8638,26.9,120.42,1.339,75.777,24.116,2.3215,54.464,4.9432,214.57,0.0043326,0.86359,65.117,19.11,44.154
761,2026-04-11T10:00:00,50.31,30.388,27.305,32.556,40.555,2706.1,3658.8,20.587,18.604,21.518,0.31036,0.10334,338.55,77.189,6.9277,13.836,31.513,4453.5,21.928,47.251,52.468,80.137,2.2287,1.6438,3106.8,42.377,53.739,94.537,9.281,77.07,45.363,38.553,2633.5,63.234,24.563,43.601,0.31821,9.0251,26.476,120.4,1.2329,74.968,23.968,2.2804,54.464,4.8043,216.45,0.0043326,0.86359,65.166,19.372,44.154
762,2026-04-11T10:03:00,48.205,30.526,27.181,32.556,41.192,2705.3,3653.1,17.273,18.604,21.868,0.30895,0.10765,339.0,77.099,6.9277,13.836,31.513,4475.3,23.33,42.38,49.649,80.08,2.2287,1.6438,3106.6,42.239,53.478,94.7,9.4558,77.722,37.068,38.81,2633.8,63.332,25.884,44.121,0.3161,9.0251,26.476,120.39,1.2329,75.317,23.968,2.2804,53.921,4.8043,215.32,0.023612,0.88061,65.149,19.372,44.051
763,2026-04-11T10:06:00,49.943,32.064,26.985,32.2,41.564,2705.9,3645.0,19.357,18.817,21.749,0.32575,0.10765,339.45,77.235,7.011,13.69,32.122,4501.5,22.449,46.401,47.733,80.058,2.2305,1.6786,3105.2,42.248,52.443,94.561,9.1606,77.248,31.429,40.152,2633.3,63.106,24.074,44.168,0.33701,8.7528,26.679,120.42,1.1331,74.8,24.25,2.3096,53.921,4.9385,217.9,0.023612,0.88061,65.152,18.763,44.051
764,2026-04-11T10:09:00,49.909,32.155,26.78,32.2,41.239,2706.8,3650.8,21.37,18.817,21.892,0.32483,0.10765,339.95,77.083,7.011,13.69,32.122,4440.3,21.607,46.324,51.125,80.055,2.2305,1.6786,3104.1,42.319,53.176,94.673,9.337,75.006,41.409,39.812,2634.8,63.005,28.179,44.546,0.3398,8.7528,26.679,120.41,1.1331,75.288,24.25,2.3096,53.921,4.9385,216.78,0.023612,0.88061,65.174,18.763,44.051
765,2026-04-11T10:12:00,50.574,26.618,26.731,32.338,41.041,2705.8,3666.7,18.414,18.931,22.23,0.27098,0.10765,340.56,77.164,6.9385,13.862,32.238,4510.5,22.855,47.863,50.636,80.013,2.2693,1.6752,3103.0,42.12,53.782,94.675,9.2586,76.005,39.971,37.993,2634.6,61.918,26.58,44.638,0.32193,9.0105,26.5,120.39,1.2693,74.552,24.093,2.303,53.921,4.8003,218.83,0.023612,0.88061,65.209,19.217,44.051
766,2026-04-11T10:15:00,50.224,26.813,26.624,32.338,40.643,2707.1,3657.4,18.492,18.931,22.144,0.269,0.10765,340.65,77.078,6.9385,13.862,32.238,4530.4,22.824,47.053,49.882,80.0,2.2693,1.6752,3102.6,42.409,53.544,94.863,9.2948,76.347,37.752,38.251,2635.1,62.078,25.882,44.822,0.31982,9.0105,26.5,120.37,1.2693,74.456,24.093,2.303,53.921,4.8003,219.86,0.023612,0.88061,65.223,19.217,44.051
767,2026-04-11T10:18:00,51.118,25.373,26.492,32.538,40.719,2705.9,3623.1,19.517,18.667,21.996,0.26146,0.1024,340.7,77.205,6.9841,13.737,32.651,4476.1,22.39,49.122,50.076,80.015,2.2645,1.6602,3102.4,41.896,53.045,94.634,9.2415,78.103,38.324,40.549,2634.9,63.217,24.73,45.352,0.33815,8.9181,26.443,120.4,1.3126,74.922,24.128,2.2821,53.742,4.868,222.6,0.028279,0.86154,65.238,18.829,44.076
768,2026-04-11T10:21:00,49.965,25.668,26.961,32.538,39.987,2707.3,3630.9,17.023,18.667,22.225,0.25846,0.1024,340.44,77.563,6.9841,13.737,32.651,4499.2,23.423,46.453,50.181,80.218,2.2645,1.6602,3103.4,42.594,52.768,94.763,9.4266,76.4,38.632,40.794,2635.8,63.083,26.225,45.779,0.33614,8.9181,26.443,120.39,1.3126,75.239,24.128,2.2821,53.742,4.868,223.28,0.028279,0.86154,65.328,18.829,44.076
769,2026-04-11T10:24:00,52.52,21.44,27.118,32.848,41.09,2705.7,3601.7,19.46,18.661,22.033,0.21624,0.1024,340.49,77.086,6.8864,13.861,32.196,4485.7,22.408,52.366,49.8,80.138,2.2236,1.6659,3103.1,42.284,53.84,94.597,9.3211,78.062,37.511,38.492,2633.7,63.111,24.276,45.984,0.32745,8.832,26.352,120.42,1.534,74.415,24.289,2.2175,53.742,4.8507,226.42,0.028279,0.86154,65.412,18.919,44.076
770,2026-04-11T10:27:00,49.702,21.369,26.926,32.848,40.612,2703.7,3642.1,17.989,18.661,22.016,0.21697,0.1024,341.14,76.758,6.8864,13.861,32.196,4486.1,23.04,45.844,50.476,79.974,2.2236,1.6659,3102.1,42.41,53.835,94.856,9.3109,77.165,39.501,38.891,2632.1,62.415,27.369,46.461,0.32418,8.832,26.352,120.37,1.534,74.788,24.289,2.2175,53.742,4.8507,226.46,0.028279,0.86154,65.462,18.919,44.076
771,2026-04-11T10:30:00,49.632,25.257,26.703,32.566,41.03,2705.9,3649.3,18.326,18.791,21.942,0.26057,0.1024,340.66,77.356,6.6733,13.777,32.006,4473.4,22.882,45.683,48.764,80.025,2.2571,1.6191,3102.1,42.197,53.75,94.735,9.3844,77.119,34.462,40.56,2634.4,63.099,26.433,46.601,0.3373,8.8942,26.251,120.41,1.2322,74.376,24.328,2.266,53.742,4.9342,230.31,0.028279,0.86154,65.477,19.133,44.076
772,2026-04-11T10:33:00,49.294,25.574,27.156,32.566,40.984,2705.4,3663.4,19.702,18.791,22.267,0.25735,0.11262,340.91,77.271,6.6733,13.777,32.006,4476.6,22.308,44.9,49.891,80.029,2.2571,1.6191,3102.3,42.195,53.712,94.75,9.3104,77.171,37.78,40.5,2633.7,62.857,25.637,46.782,0.33779,8.8942,26.251,120.41,1.2322,74.674,24.328,2.266,53.859,4.9342,228.91,0.034768,0.8638,65.523,19.133,43.475
773,2026-04-11T10:36:00,49.949,27.129,26.786,32.86,42.267,2706.0,3710.1,18.705,18.633,21.999,0.28013,0.11262,340.59,77.422,6.9149,13.845,32.266,4447.8,22.723,46.416,50.899,79.977,2.2281,1.6331,3103.9,42.315,53.49,94.525,9.3402,76.762,40.745,39.311,2634.6,64.018,24.826,47.22,0.32907,8.8681,26.446,120.45,1.2254,75.485,24.396,2.332,53.859,4.8992,227.32,0.034768,0.8638,65.523,18.353,43.475
774,2026-04-11T10:39:00,51.503,27.337,26.693,32.86,40.923,2705.5,3695.5,18.517,18.633,22.249,0.27802,0.11262,340.92,77.25,6.9149,13.845,32.266,4425.3,22.81,50.012,51.232,79.993,2.2281,1.6331,3102.6,42.062,53.759,94.51,9.3591,76.27,41.726,38.849,2635.1,64.27,25.534,47.187,0.33286,8.8681,26.446,120.41,1.2254,73.998,24.396,2.332,53.859,4.8992,230.97,0.034768,0.8638,65.585,18.353,43.475
775,2026-04-11T10:42:00,48.744,25.229,26.627,33.324,42.062,2703.4,3670.7,18.058,18.433,21.844,0.25022,0.11262,340.96,77.083,6.7587,13.77,32.263,4500.4,23.009,43.626,50.733,79.977,2.2257,1.6701,3102.8,42.3,54.778,94.518,9.3317,77.513,40.258,40.065,2632.1,62.659,25.46,47.567,0.33766,8.8785,26.562,120.42,1.2663,74.762,23.918,2.2773,53.859,4.8379,229.99,0.034768,0.8638,65.601,18.733,43.475
776,2026-04-11T10:45:00,50.452,24.926,27.11,33.324,40.548,2705.9,3662.6,19.71,18.433,22.168,0.25331,0.11262,340.81,77.493,6.7587,13.77,32.263,4526.6,22.296,47.581,50.552,80.15,2.2257,1.6701,3103.5,42.233,54.465,94.605,9.4362,76.31,39.724,39.952,2634.5,62.8,25.867,47.705,0.33859,8.8785,26.562,120.38,1.2663,73.973,23.918,2.2773,53.859,4.8379,231.69,0.034768,0.8638,65.649,18.733,43.475
777,2026-04-11T10:48:00,48.847,25.151,26.737,33.019,42.049,2706.6,3676.4,22.244,18.299,22.02,0.25001,0.11338,340.83,77.198,7.0156,13.739,32.386,4540.0,21.234,43.865,48.476,80.195,2.271,1.6407,3105.1,42.31,53.411,94.519,9.2815,75.261,33.614,39.55,2635.5,63.975,23.987,48.071,0.32528,8.8888,26.532,120.43,1.3009,74.675,23.812,2.2157,53.185,4.7975,231.98,0.021172,0.8417,65.726,18.566,44.076
778,2026-04-11T10:51:00,51.154,24.845,27.194,33.019,40.61,2706.2,3669.8,16.727,18.299,22.27,0.25312,0.11338,340.55,77.452,7.0156,13.739,32.386,4516.9,23.547,49.206,48.864,80.222,2.271,1.6407,3105.1,42.562,53.688,94.46,9.3207,77.882,34.756,39.347,2635.4,64.089,23.141,48.263,0.32694,8.8888,26.532,120.4,1.3009,74.201,23.812,2.2157,53.185,4.7975,233.55,0.021172,0.8417,65.774,18.566,44.076
779,2026-04-11T10:54:00,49.832,23.78,26.67,32.903,41.788,2705.4,3612.9,19.645,18.462,21.913,0.2373,0.11338,340.62,77.117,6.7543,13.927,32.144,4502.0,22.324,46.146,50.88,80.172,2.2816,1.6395,3103.9,42.658,54.297,94.642,9.3237,78.407,40.69,38.639,2633.4,62.809,23.729,48.424,0.3251,8.8973,26.812,120.41,1.2891,75.046,24.643,2.256,53.185,4.8642,235.42,0.021172,0.8417,65.834,19.172,44.076
780,2026-04-11T10:57:00,50.373,23.942,27.205,32.903,40.474,2704.7,3618.8,16.673,18.462,22.316,0.23565,0.11338,341.02,77.222,6.7543,13.927,32.144,4527.4,23.573,47.397,49.519,80.084,2.2816,1.6395,3102.2,42.453,53.993,94.549,9.346,77.548,36.685,38.81,2633.3,62.708,23.92,48.906,0.3237,8.8973,26.812,120.37,1.2891,74.985,24.643,2.256,53.185,4.8642,233.69,0.021172,0.8417,65.862,19.172,44.076
781,2026-04-11T11:00:00,48.766,25.71,26.965,32.718,40.55,2705.2,3689.5,17.316,18.489,22.018,0.2629,0.11338,340.55,77.381,6.8354,14.03,32.033,4487.6,23.297,43.679,49.099,80.125,2.2518,1.6778,3103.4,41.979,52.967,94.765,9.2649,77.072,35.449,41.113,2634.1,63.78,24.046,49.141,0.34614,8.604,26.412,120.39,1.1489,74.975,24.18,2.3213,53.185,4.8784,234.73,0.021172,0.8417,65.876,18.375,44.076
782,2026-04-11T11:03:00,50.478,25.734,26.912,32.718,41.607,2704.4,3693.8,19.98,18.489,21.773,0.26265,0.088276,340.63,77.181,6.8354,14.03,32.033,4450.8,22.178,47.641,52.426,80.147,2.2518,1.6778,3103.5,42.363,53.408,94.353,9.3317,78.0,45.24,41.011,2632.3,63.706,24.191,48.755,0.34698,8.604,26.412,120.39,1.1489,75.262,24.18,2.3213,54.38,4.8784,236.68,0.03887,0.84639,65.932,18.375,43.563
783,2026-04-11T11:06:00,51.249,26.833,27.308,32.994,41.859,2704.1,3670.8,19.41,18.489,22.31,0.275,0.088276,340.56,77.387,6.858,13.843,32.361,4558.9,22.417,49.426,48.393,80.047,2.288,1.6352,3102.1,42.008,54.069,94.682,9.379,77.57,33.37,42.742,2632.6,63.473,24.669,48.836,0.35741,8.8429,26.541,120.4,1.152,74.653,24.205,2.2503,54.38,4.8911,236.85,0.03887,0.84639,65.919,18.866,43.563
784,2026-04-11T11:09:00,50.894,26.735,26.764,32.994,41.117,2703.5,3689.8,18.245,18.489,22.073,0.276,0.088276,340.98,76.818,6.858,13.843,32.361,4501.8,22.928,48.604,50.712,80.006,2.288,1.6352,3101.8,42.604,54.754,94.385,9.3319,76.07,40.195,42.911,2632.4,63.146,24.147,48.944,0.35602,8.8429,26.541,120.4,1.152,74.192,24.205,2.2503,54.38,4.8911,236.7,0.03887,0.84639,65.91,18.866,43.563
785,2026-04-11T11:12:00,48.596,23.807,27.145,32.647,39.864,2702.7,3665.1,15.774,18.841,22.264,0.24206,0.088276,340.87,77.386,6.7471,13.738,32.681,4478.4,23.957,43.286,49.557,79.914,2.2123,1.6108,3101.0,42.151,53.854,94.734,9.3814,76.375,36.797,40.3,2631.2,63.406,26.569,49.061,0.3376,8.9116,26.024,120.37,1.5409,74.769,23.934,2.2545,54.38,4.8063,236.45,0.03887,0.84639,65.871,18.553,43.563
786,2026-04-11T11:15:00,50.313,24.081,26.82,32.647,41.957,2704.0,3671.5,18.046,18.841,22.244,0.23928,0.088276,340.95,77.431,6.7471,13.738,32.681,4501.2,22.996,47.257,50.304,80.114,2.2123,1.6108,3100.5,42.296,53.581,94.422,9.4357,76.244,38.995,40.023,2633.0,63.296,25.662,49.137,0.33987,8.9116,26.024,120.44,1.5409,74.858,23.934,2.2545,54.38,4.8063,236.67,0.03887,0.84639,65.899,18.553,43.563
787,2026-04-11T11:18:00,48.868,20.63,26.837,32.844,40.539,2704.7,3695.7,16.785,18.524,22.045,0.20564,0.10961,340.66,77.316,7.0814,13.808,32.183,4546.1,23.521,43.914,52.039,80.266,2.2219,1.6545,3102.5,42.408,53.822,94.598,9.3079,76.327,44.102,38.977,2633.2,63.926,24.945,49.271,0.32503,8.876,26.735,120.4,1.2351,74.779,24.392,2.2879,54.215,4.8782,237.69,0.03351,0.83789,65.937,18.658,44.273
788,2026-04-11T11:21:00,50.66,20.407,26.604,32.844,41.873,2701.9,3697.1,17.945,18.524,21.53,0.2079,0.10961,340.57,77.108,7.0814,13.808,32.183,4479.1,23.04,48.062,48.267,80.175,2.2219,1.6545,3101.7,42.263,54.624,94.382,9.3537,76.796,33.001,38.417,2629.9,63.903,25.96,49.422,0.32962,8.876,26.735,120.42,1.2351,75.713,24.392,2.2879,54.215,4.8782,237.62,0.03351,0.83789,66.005,18.658,44.273
789,2026-04-11T11:24:00,50.265,24.887,27.151,32.779,40.267,2701.2,3597.9,14.769,18.251,22.051,0.25355,0.10961,340.28,77.003,7.063,14.079,31.835,4509.4,24.383,47.147,50.401,80.054,2.265,1.6944,3098.8,42.142,54.034,94.831,9.3519,77.324,39.279,40.055,2629.2,62.647,25.705,49.605,0.33092,8.839,26.288,120.38,1.3088,75.223,24.026,2.3092,54.215,4.91,237.24,0.03351,0.83789,66.039,19.096,44.273
790,2026-04-11T11:27:00,50.943,25.118,26.603,32.779,40.929,2702.7,3642.7,18.417,18.251,21.917,0.25121,0.10961,340.07,77.123,7.063,14.079,31.835,4537.5,22.844,48.717,50.933,80.137,2.265,1.6944,3099.9,42.063,53.698,94.659,9.498,75.401,40.847,39.809,2631.0,61.877,25.622,49.705,0.33294,8.839,26.288,120.38,1.3088,74.76,24.026,2.3092,54.215,4.91,237.77,0.03351,0.83789,66.022,19.096,44.273
791,2026-04-11T11:30:00,47.922,28.355,26.842,32.684,40.227,2703.8,3624.7,20.571,18.755,21.888,0.28929,0.10961,340.3,77.604,6.9483,13.98,32.02,4527.3,21.92,41.725,51.209,80.179,2.2748,1.6339,3101.5,42.633,52.728,94.784,9.2757,77.01,41.657,43.505,2632.0,62.168,25.817,49.714,0.36368,8.8652,25.918,120.39,1.2199,75.278,24.573,2.2079,54.215,4.8858,239.33,0.03351,0.83789,66.031,18.94,44.273
792,2026-04-11T11:33:00,50.139,28.479,27.015,32.684,40.725,2706.5,3612.2,18.049,18.755,22.118,0.28803,0.1017,340.77,77.602,6.9483,13.98,32.02,4447.8,22.979,46.856,50.256,80.224,2.2748,1.6339,3103.3,42.259,53.678,94.745,9.3132,76.022,38.854,43.223,2634.9,62.383,23.591,49.679,0.36599,8.8652,25.918,120.38,1.2199,73.75,24.573,2.2079,54.9,4.8858,239.04,0.014373,0.83262,66.062,18.94,43.864
793,2026-04-11T11:36:00,50.773,26.869,26.97,32.419,41.23,2705.5,3637.2,20.034,18.023,22.087,0.2741,0.1017,340.78,77.119,6.8331,13.724,32.232,4490.5,22.156,48.322,49.525,80.107,2.23,1.665,3105.0,42.329,53.51,94.726,9.3023,78.636,36.701,42.319,2634.2,62.843,25.32,49.456,0.35409,8.9964,27.081,120.43,1.1257,74.402,24.412,2.2124,54.9,4.8727,242.15,0.014373,0.83262,66.079,18.498,43.864
794,2026-04-11T11:39:00,51.732,26.82,27.031,32.419,40.322,2707.4,3641.7,20.311,18.023,22.521,0.27459,0.1017,341.32,77.297,6.8331,13.724,32.232,4470.9,22.036,50.542,48.889,80.096,2.23,1.665,3104.0,41.955,53.744,94.69,9.3769,76.536,34.831,42.258,2636.2,62.764,26.16,49.865,0.35459,8.9964,27.081,120.38,1.1257,74.831,24.412,2.2124,54.9,4.8727,238.21,0.014373,0.83262,66.057,18.498,43.864
795,2026-04-11T11:42:00,50.069,24.765,27.045,32.853,41.36,2708.1,3668.7,17.598,18.742,22.169,0.25569,0.1017,341.25,77.123,6.7615,13.913,32.405,4455.4,23.182,46.693,47.646,80.086,2.2615,1.667,3106.8,42.148,55.025,94.564,9.2962,75.87,31.172,38.939,2636.5,63.303,24.599,50.025,0.32608,8.9556,26.551,120.43,1.3099,75.123,23.783,2.305,54.9,4.8786,237.05,0.014373,0.83262,66.058,18.566,43.864
796,2026-04-11T11:45:00,50.9,24.811,26.879,32.853,40.204,2707.7,3670.0,19.176,18.742,22.222,0.25523,0.1017,341.25,77.247,6.7615,13.913,32.405,4543.8,22.515,48.617,50.559,79.994,2.2615,1.667,3105.5,42.329,53.966,94.666,9.3,77.477,39.745,39.131,2637.0,63.279,25.82,49.775,0.32451,8.9556,26.551,120.4,1.3099,74.104,23.783,2.305,54.9,4.8786,240.51,0.014373,0.83262,66.041,18.566,43.864
797,2026-04-11T11:48:00,49.928,23.198,26.615,32.991,41.655,2708.3,3690.7,17.03,19.188,22.162,0.23548,0.1043,341.54,77.134,6.7003,13.769,31.918,4506.2,23.424,46.368,48.746,80.018,2.2186,1.6738,3105.3,42.467,54.291,94.424,9.3934,76.892,34.411,41.432,2637.4,63.633,23.714,49.862,0.34693,9.1507,26.758,120.41,1.2145,73.958,23.877,2.3003,53.128,4.8723,238.68,0.031256,0.84072,66.027,18.278,42.854
798,2026-04-11T11:51:00,51.057,23.17,26.482,32.991,41.325,2707.5,3713.5,21.193,19.188,21.794,0.23575,0.1043,341.58,77.244,6.7003,13.769,31.918,4541.9,21.668,48.981,49.13,80.062,2.2186,1.6738,3105.1,42.467,53.863,94.452,9.3195,77.105,35.54,41.768,2636.4,63.239,27.453,49.672,0.34417,9.1507,26.758,120.42,1.2145,74.958,23.877,2.3003,53.128,4.8723,240.81,0.031256,0.84072,66.01,18.278,42.854
799,2026-04-11T11:54:00,53.054,27.703,27.39,32.656,41.84,2706.1,3760.6,18.794,18.415,21.721,0.28442,0.1043,341.45,76.873,6.7683,13.799,31.826,4508.4,22.693,53.603,51.34,79.847,2.2723,1.6528,3106.5,42.589,55.031,94.469,9.2666,77.022,42.043,39.712,2634.3,63.109,25.798,49.947,0.32984,8.8785,26.401,120.42,1.3115,75.618,24.45,2.2748,53.128,4.8553,237.75,0.031256,0.84072,65.978,18.59,42.854
800,2026-04-11T11:57:00,51.374,27.934,26.953,32.656,40.365,2708.8,3700.6,18.482,18.415,22.068,0.28207,0.1043,341.66,77.509,6.7683,13.799,31.826,4541.9,22.808,49.714,49.479,80.02,2.2723,1.6528,3107.0,42.393,54.63,94.332,9.3941,80.623,36.567,39.764,2637.3,64.141,23.027,49.551,0.32941,8.8785,26.401,120.41,1.3115,74.354,24.45,2.2748,53.128,4.8553,242.23,0.031256,0.84072,65.964,18.59,42.854
801,2026-04-11T12:00:00,48.774,29.0,26.69,32.984,41.806,2709.4,3666.6,19.563,18.691,21.99,0.29567,0.1043,341.38,77.417,6.8279,13.891,32.075,4532.6,22.346,43.697,50.28,80.214,2.2421,1.6656,3108.8,42.638,54.033,94.31,9.3785,75.001,38.925,39.835,2638.1,64.269,24.45,49.698,0.33479,8.721,26.435,120.41,1.2083,75.041,24.06,2.3535,53.128,4.7895,240.56,0.031256,0.84072,66.016,18.892,42.854
802,2026-04-11T12:03:00,50.789,28.945,26.741,32.984,42.018,2708.0,3676.2,15.446,18.691,21.604,0.29624,0.10056,341.47,77.402,6.8279,13.891,32.075,4516.3,24.082,48.36,50.209,80.05,2.2421,1.6656,3107.8,42.585,54.228,94.411,9.3407,77.521,38.715,39.822,2636.2,64.104,23.556,49.928,0.3349,8.721,26.435,120.42,1.2083,74.127,24.06,2.3535,53.203,4.7895,240.28,0.012534,0.81236,66.041,18.892,43.576
803,2026-04-11T12:06:00,50.433,26.945,27.039,32.685,41.876,2708.5,3689.5,15.648,18.663,22.324,0.27326,0.10056,341.6,77.417,6.978,13.741,32.238,4486.8,23.99,47.536,48.988,80.199,2.224,1.6685,3106.2,42.675,53.846,94.335,9.4542,77.743,35.122,41.04,2637.4,63.43,25.271,50.075,0.34552,9.0358,26.451,120.4,1.1621,75.217,24.526,2.2623,53.203,4.768,239.62,0.012534,0.81236,66.067,18.587,43.576
804,2026-04-11T12:09:00,50.535,27.119,26.789,32.685,41.852,2706.7,3673.7,18.467,18.663,22.324,0.2715,0.10056,341.39,77.019,6.978,13.741,32.238,4482.5,22.815,47.772,50.486,80.106,2.224,1.6685,3103.8,42.414,53.897,94.477,9.2982,76.068,39.529,40.725,2635.6,63.703,23.683,50.115,0.34811,9.0358,26.451,120.39,1.1621,74.967,24.526,2.2623,53.203,4.768,240.12,0.012534,0.81236,66.126,18.587,43.576
805,2026-04-11T12:12:00,50.737,25.293,26.808,33.157,40.722,2703.5,3602.7,15.982,18.172,22.155,0.25929,0.10056,341.79,76.831,6.8156,13.784,32.353,4525.0,23.875,48.239,49.391,79.892,2.2365,1.6235,3101.1,42.659,54.144,94.448,9.2108,77.461,36.307,38.779,2632.2,63.588,25.078,50.259,0.33086,9.0069,26.603,120.38,1.3114,74.722,24.322,2.3055,53.203,4.9099,239.48,0.012534,0.81236,66.074,18.723,43.576
806,2026-04-11T12:15:00,49.925,25.464,27.043,33.157,40.863,2706.5,3670.4,16.422,18.172,22.59,0.25754,0.10056,341.8,77.273,6.8156,13.784,32.353,4524.0,23.672,46.36,48.406,80.07,2.2365,1.6235,3101.8,42.268,54.156,94.727,9.1736,79.794,33.41,39.304,2634.9,62.423,25.211,50.038,0.32656,9.0069,26.603,120.38,1.3114,75.094,24.322,2.3055,53.203,4.9099,242.96,0.012534,0.81236,66.09,18.723,43.576
807,2026-04-11T12:18:00,49.462,24.286,26.839,33.107,41.557,2706.1,3734.4,18.239,18.791,22.519,0.24497,0.088257,341.59,77.61,6.9662,13.794,31.972,4494.7,22.892,45.289,52.408,80.187,2.2382,1.6332,3103.9,42.177,54.193,94.483,9.2133,77.913,45.186,39.94,2635.4,62.732,24.515,49.799,0.33024,8.6886,26.697,120.41,1.2951,75.421,23.849,2.3179,53.186,4.771,238.27,0.027298,0.81693,66.091,18.513,43.766
808,2026-04-11T12:21:00,50.962,24.252,27.208,33.107,42.238,2704.4,3666.8,17.945,18.791,22.384,0.24532,0.088257,341.7,76.713,6.9662,13.794,31.972,4500.2,23.045,48.761,50.707,79.991,2.2382,1.6332,3101.5,42.153,54.127,94.528,9.3591,78.626,40.181,39.475,2632.6,63.896,26.803,49.598,0.33405,8.6886,26.697,120.41,1.2951,74.94,23.849,2.3179,53.186,4.771,237.87,0.027298,0.81693,66.114,18.513,43.766
809,2026-04-11T12:24:00,51.126,27.917,27.086,33.025,40.714,2703.7,3644.4,17.662,18.387,22.353,0.2823,0.088257,341.98,76.984,6.8821,13.745,31.924,4485.9,23.163,49.141,49.927,79.924,2.2563,1.6826,3099.5,42.11,54.839,94.708,9.3277,75.979,37.885,39.752,2632.3,62.952,24.883,49.455,0.33348,8.8734,26.105,120.38,1.1536,75.941,23.799,2.185,53.186,4.7513,236.88,0.027298,0.81693,66.037,18.79,43.766
810,2026-04-11T12:27:00,49.131,27.844,26.596,33.025,41.352,2703.2,3625.6,16.963,18.387,22.159,0.28304,0.088257,341.67,76.962,6.8821,13.745,31.924,4553.4,23.462,44.522,52.1,79.937,2.2563,1.6826,3099.6,42.104,54.031,94.604,9.4022,76.91,44.281,39.715,2631.9,63.275,25.165,49.31,0.33379,8.8734,26.105,120.39,1.1536,75.004,23.799,2.185,53.186,4.7513,235.92,0.027298,0.81693,66.005,18.79,43.766
811,2026-04-11T12:30:00,48.768,28.421,26.525,33.024,41.222,2705.3,3698.0,18.78,19.063,22.182,0.29139,0.088257,341.75,77.365,6.8762,13.759,32.711,4536.3,22.684,43.683,50.703,80.086,2.2699,1.6779,3102.4,42.247,53.578,94.625,9.4218,74.997,40.168,38.679,2634.0,62.727,26.085,48.936,0.33086,8.8361,26.275,120.41,1.4114,74.931,23.563,2.2397,53.186,4.8419,237.53,0.027298,0.81693,65.952,18.558,43.766
812,2026-04-11T12:33:00,49.859,28.558,27.056,33.024,40.981,2704.3,3667.3,20.748,19.063,22.003,0.29,0.10602,341.39,77.382,6.8762,13.759,32.711,4526.6,21.855,46.207,48.9,80.076,2.2699,1.6779,3102.6,42.301,53.694,94.534,9.3974,75.673,34.862,39.251,2633.0,63.256,25.459,48.95,0.32617,8.8361,26.275,120.36,1.4114,74.942,23.563,2.2397,53.787,4.8419,235.68,0.036872,0.82774,65.965,18.558,44.714
813,2026-04-11T12:36:00,48.832,21.205,27.141,33.32,42.488,2704.8,3694.1,16.291,18.425,22.416,0.2099,0.10602,341.83,77.261,6.8934,14.016,32.059,4552.6,23.729,43.83,51.798,80.17,2.2579,1.6509,3101.3,42.193,53.97,94.533,9.2156,76.365,43.392,39.181,2633.2,62.85,27.303,48.73,0.32901,8.7595,25.875,120.44,1.1803,74.816,23.897,2.3253,53.787,4.9049,235.94,0.036872,0.82774,65.97,18.965,44.714
814,2026-04-11T12:39:00,49.399,20.629,27.388,33.32,40.375,2702.8,3662.8,18.969,18.425,22.395,0.21575,0.10602,341.76,77.258,6.8934,14.016,32.059,4517.4,22.6,45.144,50.707,80.2,2.2579,1.6509,3100.1,42.58,54.391,94.505,9.3934,74.575,40.182,38.899,2631.6,63.388,23.94,48.586,0.33131,8.7595,25.875,120.39,1.1803,74.99,23.897,2.3253,53.787,4.9049,235.31,0.036872,0.82774,65.994,18.965,44.714
815,2026-04-11T12:42:00,49.776,26.944,26.989,33.173,41.347,2700.1,3663.9,19.105,18.33,22.144,0.2736,0.10602,341.3,77.061,6.979,13.92,32.506,4445.6,22.553,46.015,49.923,80.022,2.2645,1.5984,3098.2,42.295,54.255,94.705,9.3352,75.855,37.873,42.41,2629.1,63.216,23.911,48.585,0.3596,8.8768,26.293,120.41,1.4083,74.588,23.767,2.4325,53.787,4.8552,233.14,0.036872,0.82774,65.952,18.67,44.714
816,2026-04-11T12:45:00,51.71,26.784,26.985,33.173,40.289,2698.1,3668.7,16.818,18.33,21.828,0.27522,0.10602,340.9,77.27,6.979,13.92,32.506,4514.8,23.518,50.49,49.942,79.888,2.2645,1.5984,3096.2,42.478,53.427,94.617,9.3051,75.162,37.93,42.352,2626.3,63.132,25.853,48.388,0.36007,8.8768,26.293,120.37,1.4083,74.298,23.767,2.4325,53.787,4.8552,233.2,0.036872,0.82774,65.897,18.67,44.714
817,2026-04-11T12:48:00,52.711,22.601,27.216,32.606,41.882,2698.6,3630.3,16.827,18.495,22.02,0.22935,0.098271,340.86,77.082,6.8916,13.72,32.102,4522.6,23.521,52.808,50.13,80.046,2.2569,1.6482,3096.8,42.734,54.048,94.67,9.4201,76.514,38.483,41.354,2626.7,62.991,23.965,48.428,0.34912,8.8749,26.261,120.43,1.3315,74.87,23.849,2.2268,53.733,4.861,233.44,0.034518,0.84167,65.86,18.661,43.096
818,2026-04-11T12:51:00,49.114,22.762,27.121,32.606,39.9,2699.2,3633.8,19.299,18.495,22.16,0.22771,0.098271,341.1,77.639,6.8916,13.72,32.102,4535.1,22.457,44.484,48.846,80.227,2.2569,1.6482,3096.3,42.457,53.898,94.772,9.2399,77.159,34.705,41.315,2628.6,62.931,26.245,48.334,0.34943,8.8749,26.261,120.38,1.3315,75.402,23.849,2.2268,53.733,4.861,233.56,0.034518,0.84167,65.868,18.661,43.096
819,2026-04-11T12:54:00,49.752,26.298,26.459,32.717,40.869,2702.1,3671.3,19.879,18.802,22.224,0.26745,0.098271,340.59,77.69,6.8468,13.968,31.881,4522.6,22.203,45.961,49.751,80.45,2.2291,1.6445,3099.4,42.756,54.09,94.554,9.2979,76.749,37.368,38.829,2631.3,63.003,25.042,48.299,0.32573,8.8766,26.759,120.41,1.3433,75.638,24.295,2.232,53.733,4.8439,232.98,0.034518,0.84167,65.948,18.799,43.096
820,2026-04-11T12:57:00,51.758,26.147,27.088,32.717,41.287,2702.5,3645.0,18.253,18.802,22.435,0.26898,0.098271,341.16,77.248,6.8468,13.968,31.881,4520.3,22.898,50.603,49.114,80.357,2.2291,1.6445,3099.5,42.258,54.117,94.606,9.3246,75.846,35.492,38.579,2631.3,63.454,23.849,48.382,0.32778,8.8766,26.759,120.4,1.3433,75.685,24.295,2.232,53.733,4.8439,231.05,0.034518,0.84167,65.983,18.799,43.096
821,2026-04-11T13:00:00,51.356,28.567,26.946,32.676,40.994,2700.0,3667.5,18.822,18.383,21.845,0.29116,0.098271,341.0,77.055,6.9049,13.872,32.441,4489.8,22.665,49.671,51.627,80.194,2.2776,1.6722,3098.2,42.782,54.152,94.547,9.2942,76.174,42.887,42.004,2629.1,63.473,27.836,48.247,0.35433,8.929,26.296,120.38,1.1453,75.451,23.808,2.3427,53.733,4.9082,231.61,0.034518,0.84167,65.982,18.746,43.096
822,2026-04-11T13:03:00,50.592,28.465,27.012,32.676,41.031,2699.3,3673.8,20.462,18.383,21.949,0.29219,0.1093,340.9,77.193,6.9049,13.872,32.441,4511.4,21.973,47.904,48.778,80.085,2.2776,1.6722,3097.8,42.324,53.893,94.688,9.2338,76.316,34.505,42.459,2627.5,63.364,23.866,48.302,0.35059,8.929,26.296,120.42,1.1453,74.887,23.808,2.3427,54.179,4.9082,234.03,0.0090814,0.83279,65.923,18.746,43.066
823,2026-04-11T13:06:00,50.646,23.208,26.808,33.416,40.519,2697.5,3660.7,20.52,18.676,21.967,0.2379,0.1093,341.43,77.231,6.9528,13.779,32.243,4510.2,21.953,48.029,49.872,80.062,2.2489,1.6788,3095.3,42.204,54.038,94.531,9.3534,76.849,37.724,40.984,2626.8,63.085,25.576,48.413,0.34289,9.0546,26.704,120.39,1.2879,75.418,23.468,2.3326,54.179,4.8172,233.6,0.0090814,0.83279,65.898,18.699,43.066
824,2026-04-11T13:09:00,51.034,23.399,27.163,33.416,41.015,2696.5,3690.5,19.325,18.676,21.795,0.23596,0.1093,340.56,77.23,6.9528,13.779,32.243,4521.9,22.458,48.927,50.4,80.034,2.2489,1.6788,3095.1,42.518,53.898,94.788,9.3045,75.765,39.279,40.995,2624.9,62.572,24.946,48.316,0.3428,9.0546,26.704,120.39,1.2879,75.304,23.468,2.3326,54.179,4.8172,235.49,0.0090814,0.83279,65.897,18.699,43.066
825,2026-04-11T13:12:00,50.036,24.912,27.206,32.872,40.935,2699.2,3656.9,20.17,18.702,22.501,0.25568,0.1093,341.04,77.65,6.9337,13.87,32.212,4490.1,22.085,46.617,49.042,80.304,2.3151,1.6342,3094.8,42.371,54.402,94.609,9.3073,73.902,35.281,39.801,2627.9,62.688,26.232,48.489,0.33219,8.9096,25.901,120.4,1.2652,75.411,23.742,2.3112,54.179,4.8826,234.35,0.0090814,0.83279,65.919,18.633,43.066
826,2026-04-11T13:15:00,50.363,24.951,26.784,32.872,41.125,2698.3,3686.4,20.085,18.702,21.628,0.25529,0.1093,340.49,77.313,6.9337,13.87,32.212,4520.2,22.129,47.374,49.639,80.264,2.3151,1.6342,3097.4,42.156,54.042,94.681,9.3676,78.093,37.038,39.981,2626.5,62.18,26.754,48.636,0.33072,8.9096,25.901,120.39,1.2652,75.191,23.742,2.3112,54.179,4.8826,233.44,0.0090814,0.83279,65.946,18.633,43.066
827,2026-04-11T13:18:00,51.587,25.131,26.886,32.857,41.068,2699.0,3673.6,20.278,18.186,21.914,0.2587,0.098716,340.59,77.781,6.9332,13.971,31.943,4502.9,22.031,50.207,49.872,80.298,2.2483,1.6524,3097.5,42.752,54.43,94.63,9.3778,77.082,37.723,40.698,2626.9,62.508,24.206,48.604,0.34493,8.8445,26.566,120.43,1.3051,74.216,23.732,2.3535,53.007,4.959,232.05,0.0067818,0.82998,65.963,18.892,43.453
828,2026-04-11T13:21:00,47.975,25.486,27.002,32.857,41.55,2700.0,3660.1,19.668,18.186,21.744,0.25509,0.098716,340.17,77.337,6.9332,13.971,31.943,4527.8,22.293,41.847,49.547,80.476,2.2483,1.6524,3098.7,42.269,54.133,94.639,9.4655,76.782,36.766,40.88,2628.6,62.742,25.311,48.518,0.34344,8.8445,26.566,120.41,1.3051,74.77,23.732,2.3535,53.007,4.959,232.64,0.0067818,0.82998,66.032,18.892,43.453
829,2026-04-11T13:24:00,49.61,27.872,26.997,33.339,40.589,2699.5,3670.5,21.96,18.89,21.977,0.28506,0.098716,340.52,77.797,6.7358,13.7,31.965,4526.8,21.314,45.631,48.992,80.394,2.2448,1.6322,3097.1,42.113,53.511,94.67,9.3405,74.859,35.134,42.557,2628.9,62.518,25.163,48.373,0.35285,9.0337,26.109,120.38,1.2772,75.133,23.768,2.2524,53.007,4.847,233.92,0.0067818,0.82998,66.018,19.296,43.453
830,2026-04-11T13:27:00,50.738,27.976,26.95,33.339,41.475,2699.4,3680.4,20.869,18.89,21.87,0.284,0.098716,340.46,77.442,6.7358,13.7,31.965,4517.0,21.782,48.243,52.218,80.361,2.2448,1.6322,3097.7,42.623,53.628,94.591,9.3152,74.162,44.626,42.283,2627.8,62.348,23.844,48.427,0.35509,9.0337,26.109,120.44,1.2772,74.373,23.768,2.2524,53.007,4.847,232.92,0.0067818,0.82998,66.029,19.296,43.453
831,2026-04-11T13:30:00,49.386,28.136,26.83,32.498,40.636,2697.8,3715.8,18.485,18.908,21.768,0.2831,0.098716,340.38,77.512,6.9697,13.669,32.024,4456.8,22.783,45.114,49.985,80.257,2.2961,1.6712,3097.2,42.465,53.304,94.567,9.1892,76.367,38.055,38.696,2625.6,63.515,24.727,48.413,0.32528,8.9287,26.725,120.39,1.2572,74.22,23.688,2.35,53.007,4.9896,232.73,0.0067818,0.82998,66.027,19.33,43.453
832,2026-04-11T13:33:00,51.847,27.811,27.152,32.498,42.207,2698.1,3713.6,19.672,18.908,21.864,0.28641,0.10927,340.38,77.185,6.9697,13.669,32.024,4452.8,22.292,50.809,52.221,80.275,2.2961,1.6712,3097.5,41.973,53.351,94.461,9.4526,77.23,44.636,38.908,2626.0,63.553,24.734,48.305,0.32355,8.9287,26.725,120.43,1.2572,75.05,23.688,2.35,53.86,4.9896,232.7,0.010738,0.83961,66.0,19.33,44.08
833,2026-04-11T13:36:00,51.078,27.461,27.03,32.97,41.16,2696.4,3613.5,18.518,19.263,21.934,0.28256,0.10927,341.35,77.039,6.8051,13.904,31.922,4427.9,22.787,49.028,50.155,80.152,2.2216,1.6632,3094.0,42.578,53.475,94.602,9.4163,73.835,38.555,38.286,2624.5,63.252,26.363,48.471,0.3201,9.0504,26.212,120.37,1.2742,75.236,23.839,2.3663,53.86,4.8786,230.14,0.010738,0.83961,65.96,18.456,44.08
834,2026-04-11T13:39:00,50.861,27.463,26.732,32.97,40.983,2696.5,3676.7,18.651,19.263,22.233,0.28254,0.10927,341.89,77.546,6.8051,13.904,31.922,4439.1,22.724,48.527,50.034,80.092,2.2216,1.6632,3092.8,42.626,53.341,94.722,9.3244,76.589,38.201,37.95,2625.0,62.164,24.064,48.213,0.32286,9.0504,26.212,120.41,1.2742,74.68,23.839,2.3663,53.86,4.8786,232.37,0.010738,0.83961,65.897,18.456,44.08
835,2026-04-11T13:42:00,50.254,28.911,27.075,33.257,41.079,2699.1,3700.6,17.884,18.87,22.052,0.29189,0.10927,341.24,77.566,6.9346,13.997,31.992,4509.7,23.038,47.121,49.543,80.35,2.2602,1.6116,3096.5,42.313,54.62,94.519,9.3894,75.218,36.756,41.398,2628.8,63.191,24.3,48.275,0.34581,8.7567,25.796,120.41,1.2223,74.976,24.024,2.3203,53.86,4.8782,230.97,0.010738,0.83961,65.925,19.039,44.08
836,2026-04-11T13:45:00,49.85,28.75,27.162,33.257,41.765,2698.9,3696.8,18.064,18.87,22.143,0.29353,0.10927,341.5,77.298,6.9346,13.997,31.992,4525.2,22.966,46.186,49.351,80.323,2.2602,1.6116,3096.9,42.772,54.435,94.561,9.3811,76.902,36.192,41.204,2627.6,63.257,25.003,48.199,0.3474,8.7567,25.796,120.4,1.2223,75.03,24.024,2.3203,53.86,4.8782,231.1,0.010738,0.83961,65.939,19.039,44.08
837,2026-04-11T13:48:00,51.246,28.382,26.633,32.822,40.598,2696.5,3644.9,18.234,18.372,21.819,0.28856,0.10635,341.63,76.983,6.877,13.841,31.776,4464.7,22.909,49.418,50.493,80.102,2.2389,1.7179,3094.1,42.567,53.735,94.504,9.2499,76.205,39.55,42.543,2624.4,63.025,24.914,48.153,0.35829,8.9178,25.712,120.38,1.119,73.909,24.027,2.3294,54.477,4.8099,233.66,0.0038949,0.85785,65.947,18.755,43.899
838,2026-04-11T13:51:00,52.788,28.51,26.902,32.822,41.635,2696.7,3625.3,18.817,18.372,22.498,0.28726,0.10635,341.97,77.384,6.877,13.841,31.776,4455.9,22.656,52.986,48.589,80.141,2.2389,1.7179,3092.9,42.594,53.84,94.747,9.3702,78.617,33.947,42.703,2625.7,63.362,25.26,48.356,0.35698,8.9178,25.712,120.42,1.119,74.297,24.027,2.3294,54.477,4.8099,231.89,0.0038949,0.85785,65.917,18.755,43.899
839,2026-04-11T13:54:00,51.027,30.709,26.962,32.848,40.763,2699.4,3656.5,17.344,18.886,22.724,0.31312,0.10635,342.48,77.365,6.8014,13.771,31.964,4521.2,23.269,48.91,49.185,80.328,2.2486,1.6814,3094.8,42.122,53.734,94.428,9.369,77.772,35.7,40.588,2628.9,63.31,25.848,48.275,0.34121,8.8979,26.535,120.4,1.1786,74.544,24.354,2.2132,54.477,4.7975,233.29,0.0038949,0.85785,65.938,19.085,43.899
840,2026-04-11T13:57:00,49.967,30.923,26.85,32.848,41.185,2699.1,3689.4,18.888,18.886,22.157,0.31094,0.10635,341.83,77.748,6.8014,13.771,31.964,4554.8,22.607,46.457,49.173,80.247,2.2486,1.6814,3097.1,42.33,53.332,94.646,9.3362,76.516,35.666,40.549,2627.2,62.743,25.639,48.183,0.34152,8.8979,26.535,120.43,1.1786,76.025,24.354,2.2132,54.477,4.7975,234.8,0.0038949,0.85785,65.95,19.085,43.899
841,2026-04-11T14:00:00,50.723,29.295,27.013,33.442,41.011,2701.9,3652.3,18.95,19.144,22.417,0.29769,0.10635,342.16,77.718,6.8944,13.837,32.39,4429.7,22.572,48.208,50.456,80.466,2.253,1.6655,3098.5,42.113,53.996,94.355,9.2965,75.443,39.442,39.706,2629.8,64.085,24.119,48.404,0.33289,9.0089,26.415,120.39,1.2015,74.932,23.552,2.3292,54.477,4.9366,232.78,0.0038949,0.85785,65.986,18.853,43.899
842,2026-04-11T14:03:00,49.336,29.212,27.18,33.442,41.054,2701.1,3660.6,20.087,19.144,22.481,0.29853,0.095853,342.29,77.511,6.8944,13.837,32.39,4488.9,22.091,44.998,50.157,80.456,2.253,1.6655,3098.3,42.445,53.288,94.472,9.2859,76.672,38.562,39.665,2630.3,63.941,24.684,48.881,0.33323,9.0089,26.415,120.41,1.2015,75.126,23.552,2.3292,53.596,4.9366,233.33,0.012376,0.82374,66.065,18.853,44.571
843,2026-04-11T14:06:00,49.999,25.138,26.824,32.784,41.475,2697.7,3665.7,22.465,18.986,22.119,0.25772,0.095853,342.75,77.094,6.9154,13.867,31.952,4489.0,21.106,46.531,48.173,80.208,2.2426,1.6674,3095.0,42.41,53.823,94.433,9.3339,74.798,32.724,40.099,2626.5,63.07,24.223,48.888,0.34409,8.8228,26.409,120.39,1.3491,75.597,23.32,2.3098,53.596,4.8993,236.06,0.012376,0.82374,66.054,18.817,44.571
844,2026-04-11T14:09:00,48.423,25.115,27.005,32.784,40.518,2695.4,3682.4,16.555,18.986,22.703,0.25796,0.095853,343.15,77.133,6.9154,13.867,31.952,4492.3,23.606,42.884,51.311,79.951,2.2426,1.6674,3089.4,42.453,53.784,94.691,9.3414,76.847,41.957,40.842,2624.8,62.783,24.343,49.066,0.338,8.8228,26.409,120.38,1.3491,75.263,23.32,2.3098,53.596,4.8993,236.95,0.012376,0.82374,65.998,18.817,44.571
845,2026-04-11T14:12:00,50.689,29.313,27.179,33.196,41.371,2697.2,3691.4,16.574,18.65,22.606,0.3005,0.095853,343.19,77.397,6.8604,13.807,32.75,4473.7,23.59,48.129,48.711,80.107,2.2174,1.6933,3092.5,41.853,54.084,94.522,9.3423,75.239,34.306,41.126,2626.2,62.422,25.497,49.344,0.34259,8.6945,26.573,120.42,1.5394,75.399,23.791,2.4246,53.596,4.8833,236.71,0.012376,0.82374,65.983,18.65,44.571
846,2026-04-11T14:15:00,50.331,29.451,27.041,33.196,40.847,2699.4,3634.9,15.527,18.65,22.515,0.2991,0.095853,343.04,77.126,6.8604,13.807,32.75,4510.6,24.033,47.3,48.326,80.274,2.2174,1.6933,3094.0,42.381,53.642,94.637,9.3787,76.649,33.175,41.07,2628.1,63.395,26.614,49.607,0.34305,8.6945,26.573,120.39,1.5394,74.837,23.791,2.4246,53.596,4.8833,236.58,0.012376,0.82374,66.062,18.65,44.571
847,2026-04-11T14:18:00,50.364,21.743,27.063,33.356,41.031,2698.8,3672.7,16.405,18.723,22.663,0.21957,0.11258,342.9,77.54,6.7769,13.797,32.714,4518.9,23.651,47.377,50.932,80.286,2.2382,1.6485,3092.9,42.207,53.962,94.484,9.3599,78.539,40.842,40.214,2628.1,63.221,23.844,49.069,0.33696,8.8712,26.248,120.41,1.5274,74.466,23.597,2.3718,53.269,4.8208,235.73,0.015402,0.83767,66.084,18.867,43.938
848,2026-04-11T14:21:00,48.898,21.512,26.971,33.356,40.993,2698.1,3647.4,19.966,18.723,22.7,0.22191,0.11258,343.48,77.422,6.7769,13.797,32.714,4497.2,22.147,43.983,48.39,80.358,2.2382,1.6485,3093.2,42.41,54.22,94.479,9.4362,76.32,33.362,39.944,2628.2,63.657,24.542,48.814,0.33918,8.8712,26.248,120.4,1.5274,74.552,23.597,2.3718,53.269,4.8208,237.17,0.015402,0.83767,66.066,18.867,43.938
849,2026-04-11T14:24:00,49.988,21.481,27.073,33.751,41.564,2696.4,3678.9,18.984,18.238,22.443,0.21788,0.11258,343.02,77.275,7.018,13.979,32.598,4483.0,22.566,46.507,50.534,80.206,2.2262,1.6763,3091.9,42.375,53.859,94.53,9.2502,78.689,39.672,39.519,2625.2,63.906,24.61,48.911,0.34031,8.8454,26.209,120.4,1.1653,75.061,23.807,2.3926,53.269,4.8718,234.69,0.015402,0.83767,66.09,18.785,43.938
850,2026-04-11T14:27:00,49.107,21.386,27.154,33.751,41.046,2694.0,3710.4,16.646,18.238,22.283,0.21886,0.11258,342.17,77.382,7.018,13.979,32.598,4499.5,23.554,44.467,50.178,80.075,2.2262,1.6763,3090.9,42.391,53.662,94.5,9.3074,76.451,38.623,39.869,2622.6,63.363,24.742,48.826,0.33744,8.8454,26.209,120.4,1.1653,74.302,23.807,2.3926,53.269,4.8718,234.26,0.015402,0.83767,66.055,18.785,43.938
851,2026-04-11T14:30:00,49.293,22.064,26.999,33.171,40.933,2695.3,3640.6,20.48,18.406,22.306,0.22476,0.11258,342.95,77.799,6.8617,13.728,32.213,4468.1,21.92,44.897,47.768,80.348,2.2806,1.6451,3091.7,42.94,54.232,94.613,9.4141,74.639,31.532,42.564,2624.4,62.436,25.324,48.746,0.35591,8.9129,25.985,120.38,1.1957,74.968,23.302,2.3574,53.269,4.8986,233.79,0.015402,0.83767,66.026,18.651,43.938
852,2026-04-11T14:33:00,48.545,22.024,26.917,33.171,41.039,2695.6,3604.8,16.978,18.406,22.389,0.22516,0.1074,342.37,77.372,6.8617,13.728,32.213,4480.4,23.409,43.166,48.162,80.26,2.2806,1.6451,3090.7,42.222,54.085,94.753,9.4622,75.632,32.69,42.571,2624.5,63.051,24.996,48.918,0.35585,8.9129,25.985,120.38,1.1957,74.022,23.302,2.3574,54.245,4.8986,234.39,0.031143,0.847,66.043,18.651,44.328
853,2026-04-11T14:36:00,49.736,25.473,26.473,33.701,40.863,2698.2,3638.4,18.57,18.521,21.888,0.26001,0.1074,341.75,77.527,7.0277,13.846,32.127,4531.8,22.728,45.923,50.652,80.384,2.2695,1.6472,3095.3,42.728,53.808,94.633,9.4403,77.344,40.02,39.096,2626.5,63.791,24.232,48.891,0.32974,8.8665,25.991,120.38,1.2819,74.535,23.988,2.308,54.245,4.8485,234.98,0.031143,0.847,66.071,18.284,44.328
854,2026-04-11T14:39:00,48.989,25.458,27.128,33.701,42.218,2701.2,3681.4,20.488,18.521,22.416,0.26017,0.1074,342.51,77.827,7.0277,13.846,32.127,4494.8,21.905,44.194,49.747,80.513,2.2695,1.6472,3096.8,42.331,54.251,94.475,9.3526,73.965,37.356,39.27,2629.9,63.051,25.433,48.875,0.32832,8.8665,25.991,120.43,1.2819,74.79,23.988,2.308,54.245,4.8485,235.44,0.031143,0.847,66.11,18.284,44.328
855,2026-04-11T14:42:00,49.849,26.272,27.219,33.155,41.181,2700.3,3634.0,18.923,18.541,22.351,0.26882,0.1074,342.44,77.526,6.7967,13.897,31.619,4573.4,22.568,46.184,50.62,80.424,2.3027,1.6897,3097.2,42.138,54.262,94.61,9.4304,76.479,39.924,40.496,2629.1,62.35,24.484,48.961,0.34372,9.0001,25.895,120.4,1.3208,75.278,23.796,2.3254,54.245,4.8722,234.72,0.031143,0.847,66.152,18.631,44.328
856,2026-04-11T14:45:00,50.831,26.266,26.907,33.155,41.007,2700.1,3634.6,16.661,18.541,22.071,0.26888,0.1074,342.7,77.551,6.7967,13.897,31.619,4512.2,23.524,48.457,49.941,80.228,2.3027,1.6897,3097.9,42.502,54.995,94.62,9.3003,78.205,37.927,40.942,2629.7,62.34,24.574,48.823,0.34006,9.0001,25.895,120.39,1.3208,75.247,23.796,2.3254,54.245,4.8722,236.57,0.031143,0.847,66.1,18.631,44.328
857,2026-04-11T14:48:00,51.293,31.233,26.696,33.461,41.232,2702.6,3648.0,18.257,18.487,22.27,0.32322,0.10082,343.52,77.491,7.0031,13.787,32.673,4517.6,22.852,49.525,50.262,80.257,2.2848,1.6703,3099.4,42.675,54.133,94.606,9.4009,77.332,38.87,41.124,2632.1,64.108,25.178,49.184,0.35044,9.0721,26.124,120.4,1.3362,74.568,23.317,2.3828,54.471,4.8675,235.64,0.033576,0.81083,66.066,18.936,43.296
858,2026-04-11T14:51:00,51.371,31.365,26.832,33.461,42.327,2703.6,3678.1,18.42,18.487,22.597,0.32189,0.10082,343.6,77.565,7.0031,13.787,32.673,4528.1,22.78,49.706,49.931,80.256,2.2848,1.6703,3100.3,42.34,54.007,94.362,9.4068,77.196,37.898,41.518,2633.3,63.591,27.738,49.367,0.34721,9.0721,26.124,120.43,1.3362,75.19,23.317,2.3828,54.471,4.8675,235.12,0.033576,0.81083,66.085,18.936,43.296
859,2026-04-11T14:54:00,51.152,21.402,27.12,32.97,40.482,2702.6,3616.2,15.463,18.479,22.783,0.22024,0.10082,343.18,77.691,6.7639,13.849,31.964,4481.1,24.016,49.201,48.976,80.31,2.2556,1.6403,3099.0,42.198,53.82,94.639,9.3916,77.162,35.087,40.331,2631.6,62.827,22.843,49.506,0.33283,8.8756,26.342,120.37,1.3024,76.048,23.454,2.2869,54.471,4.8443,235.05,0.033576,0.81083,66.108,18.503,43.296
