sample,timestamp,tag_01,tag_02,tag_03,tag_04,tag_05,tag_06,tag_07,tag_08,tag_09,tag_10,tag_11,tag_12,tag_13,tag_14,tag_15,tag_16,tag_17,tag_18,tag_19,tag_20,tag_21,tag_22,tag_23,tag_24,tag_25,tag_26,tag_27,tag_28,tag_29,tag_30,tag_31,tag_32,tag_33,tag_34,tag_35,tag_36,tag_37,tag_38,tag_39,tag_40,tag_41,tag_42,tag_43,tag_44,tag_45,tag_46,tag_47,tag_48,tag_49,tag_50,tag_51,tag_52
1,2026-04-26T10:00:00,48.645,24.453,26.581,33.019,41.425,2699.4,3663.7,18.506,18.56,21.81,0.24769,0.10176,341.17,76.823,6.8676,13.752,32.199,4483.2,22.799,43.399,48.884,80.05,2.2696,1.6665,3097.0,42.184,54.246,94.58,9.3011,62.518,34.815,40.002,2627.7,62.976,25.518,46.118,0.34024,8.8394,26.734,120.39,1.44,73.338,23.706,2.3723,54.484,4.8256,227.26,0.014043,0.83471,65.648,19.167,43.014
2,2026-04-26T10:03:00,51.471,25.386,27.044,32.898,41.308,2699.2,3669.9,16.976,18.457,22.526,0.25659,0.10176,341.76,76.916,6.906,13.757,32.404,4487.3,23.451,49.939,50.575,79.938,2.2344,1.6332,3095.4,42.116,53.261,94.721,9.3514,62.473,39.793,39.35,2627.8,63.233,26.828,46.147,0.32959,9.0346,26.025,120.39,1.4061,74.768,23.787,2.2322,54.484,4.9436,225.17,0.014043,0.83471,65.581,19.084,43.014
3,2026-04-26T10:06:00,50.31,25.267,26.598,32.898,41.719,2701.0,3690.9,15.59,18.457,22.191,0.2578,0.085742,341.87,77.599,6.906,13.757,32.404,4445.5,24.014,47.25,50.022,80.093,2.2344,1.6332,3096.4,42.428,53.761,94.55,9.4613,60.857,38.165,39.199,2629.6,62.871,24.786,46.384,0.33082,9.0346,26.025,120.4,1.4061,74.95,23.787,2.2322,53.759,4.9436,224.22,0.029072,0.82145,65.548,19.084,43.933
4,2026-04-26T10:09:00,50.11,23.211,26.77,33.014,41.231,2703.3,3652.3,17.037,18.814,22.207,0.2367,0.085742,341.12,77.843,6.9508,13.893,32.461,4534.8,23.384,46.788,50.125,80.499,2.2203,1.6308,3099.0,42.02,52.838,94.535,9.3597,59.928,38.468,39.435,2632.8,63.194,23.359,46.483,0.32919,8.9876,26.503,120.41,1.3134,75.71,23.716,2.3225,53.759,4.8506,222.79,0.029072,0.82145,65.605,18.511,43.933
5,2026-04-26T10:12:00,48.844,23.317,26.557,33.014,41.066,2702.3,3663.4,19.174,18.814,22.184,0.23563,0.085742,340.95,77.292,6.9508,13.893,32.461,4473.4,22.492,43.859,48.597,80.441,2.2203,1.6308,3097.9,42.17,53.573,94.607,9.226,61.579,33.971,39.558,2630.6,63.003,24.648,46.178,0.32819,8.9876,26.503,120.42,1.3134,74.418,23.716,2.3225,53.759,4.8506,225.84,0.029072,0.82145,65.705,18.511,43.933
6,2026-04-26T10:15:00,51.269,22.202,26.831,33.319,40.922,2696.9,3639.5,17.735,18.849,21.669,0.23086,0.085742,341.32,76.884,6.9,13.705,31.805,4539.5,23.125,49.47,51.239,79.923,2.2091,1.6833,3094.8,42.496,54.184,94.727,9.2618,62.116,41.746,41.075,2624.3,62.978,25.192,46.324,0.34574,8.7772,26.25,120.38,1.1201,74.008,23.978,2.2802,53.759,4.8249,223.88,0.029072,0.82145,65.671,18.423,43.933
7,2026-04-26T10:18:00,50.349,22.53,26.943,33.319,40.452,2697.5,3637.8,17.013,18.849,21.77,0.22752,0.085742,340.82,77.419,6.9,13.705,31.805,4556.9,23.42,47.342,49.521,79.991,2.2091,1.6833,3095.9,42.662,53.976,94.742,9.2822,62.326,36.691,41.209,2625.9,63.006,25.283,46.024,0.34464,8.7772,26.25,120.38,1.1201,75.406,23.978,2.2802,53.759,4.8249,227.03,0.029072,0.82145,65.557,18.423,43.933
8,2026-04-26T10:21:00,50.191,28.511,26.531,33.169,41.502,2703.5,3659.2,18.451,18.582,22.098,0.29471,0.095363,340.9,77.509,6.8066,13.693,32.168,4523.3,22.798,46.977,49.891,80.395,2.254,1.6963,3101.1,42.285,54.645,94.582,9.5168,60.561,37.779,38.505,2632.4,63.043,25.219,45.833,0.32513,8.9773,25.936,120.42,1.2324,75.57,23.731,2.3981,53.182,4.9086,224.91,0.00077117,0.84579,65.582,18.597,45.377
9,2026-04-26T10:24:00,51.659,28.777,27.036,33.169,40.576,2704.3,3650.6,17.488,18.582,22.114,0.29201,0.095363,341.33,77.309,6.8066,13.693,32.168,4556.3,23.208,50.373,50.305,80.341,2.254,1.6963,3101.8,42.283,54.251,94.666,9.2407,61.883,38.996,38.497,2632.6,63.191,22.718,45.704,0.32519,8.9773,25.936,120.39,1.2324,75.28,23.731,2.3981,53.182,4.9086,224.3,0.00077117,0.84579,65.64,18.597,45.377
10,2026-04-26T10:27:00,48.402,25.681,27.437,32.768,41.849,2703.9,3691.2,16.679,18.545,22.344,0.25761,0.095363,341.3,77.174,6.8331,13.776,32.349,4547.2,23.552,42.837,50.472,80.252,2.2694,1.6611,3102.2,42.647,53.977,94.399,9.3285,58.833,39.489,37.969,2632.8,63.339,26.627,45.521,0.32553,8.8946,25.941,120.43,1.3576,75.155,23.883,2.2731,53.182,4.7916,224.33,0.00077117,0.84579,65.599,18.658,45.377
11,2026-04-26T10:30:00,51.366,25.544,27.134,32.768,40.616,2703.7,3694.6,20.773,18.545,22.394,0.259,0.095363,341.22,77.134,6.8331,13.776,32.349,4564.7,21.83,49.695,50.609,80.203,2.2694,1.6611,3100.8,42.364,53.768,94.492,9.4388,61.644,39.893,38.7,2632.9,63.281,25.104,45.439,0.31954,8.8946,25.941,120.35,1.3576,74.921,23.883,2.2731,53.182,4.7916,223.24,0.00077117,0.84579,65.572,18.658,45.377
12,2026-04-26T10:33:00,50.388,23.897,27.021,33.866,41.173,2702.3,3665.7,17.289,18.189,22.252,0.2392,0.095363,341.73,77.297,6.863,13.907,32.119,4566.6,23.295,47.431,51.192,80.131,2.3129,1.6908,3099.2,42.242,53.62,94.574,9.4284,61.594,41.608,39.333,2631.1,63.603,24.609,45.451,0.33132,8.8758,26.161,120.41,1.2185,74.979,24.085,2.2163,53.182,4.9437,221.16,0.00077117,0.84579,65.518,18.887,45.377
13,2026-04-26T10:36:00,47.657,23.672,26.485,33.866,40.836,2701.5,3660.6,17.686,18.189,21.649,0.24148,0.12069,341.17,77.448,6.863,13.907,32.119,4578.0,23.118,41.112,49.105,80.233,2.3129,1.6908,3099.9,42.127,53.483,94.511,9.2825,61.461,35.467,39.452,2629.9,63.691,26.409,45.86,0.33035,8.8758,26.161,120.38,1.2185,75.75,24.085,2.2163,54.57,4.9437,221.53,0.017395,0.83773,65.511,18.887,43.669
14,2026-04-26T10:39:00,49.238,25.671,26.459,33.167,42.951,2701.4,3696.4,15.8,18.553,21.786,0.26471,0.12069,340.87,77.244,7.0375,13.867,32.18,4506.2,23.917,44.771,51.73,80.224,2.3195,1.6335,3098.8,42.543,53.782,94.592,9.382,60.573,43.191,41.274,2629.3,62.844,26.294,45.925,0.34438,9.127,26.334,120.44,1.4325,74.532,23.507,2.2562,54.57,4.8267,221.83,0.017395,0.83773,65.532,19.181,43.669
15,2026-04-26T10:42:00,50.22,25.912,26.688,33.167,39.836,2700.4,3677.6,18.643,18.553,21.951,0.26226,0.12069,340.94,77.215,7.0375,13.867,32.18,4495.9,22.722,47.043,51.498,80.185,2.3195,1.6335,3097.6,42.476,53.905,94.499,9.4026,62.285,42.508,40.994,2628.1,63.168,26.085,45.774,0.34667,9.127,26.334,120.38,1.4325,74.819,23.507,2.2562,54.57,4.8267,224.58,0.017395,0.83773,65.548,19.181,43.669
16,2026-04-26T10:45:00,47.865,25.214,26.818,33.054,41.361,2697.1,3633.6,18.709,18.921,21.745,0.25839,0.12069,340.91,77.145,6.7376,13.898,31.853,4477.8,22.709,41.593,49.253,79.926,2.283,1.6224,3094.7,42.22,53.357,94.75,9.4008,60.897,35.901,40.549,2625.4,62.331,24.442,45.979,0.34243,8.8606,26.452,120.39,1.2282,75.143,23.959,2.3383,54.57,4.8182,223.34,0.017395,0.83773,65.491,18.898,43.669
17,2026-04-26T10:48:00,48.905,25.193,26.837,33.054,39.611,2698.7,3607.6,19.63,18.921,21.944,0.2586,0.12069,341.39,77.458,6.7376,13.898,31.853,4473.5,22.313,44.0,48.521,80.075,2.283,1.6224,3095.6,42.803,53.41,94.811,9.3828,60.956,33.748,40.556,2627.9,62.779,26.564,46.035,0.34237,8.8606,26.452,120.35,1.2282,74.494,23.959,2.3383,54.57,4.8182,223.8,0.017395,0.83773,65.455,18.898,43.669
18,2026-04-26T10:51:00,51.691,28.289,27.027,33.385,42.2,2702.0,3701.4,17.068,18.646,22.293,0.29384,0.091512,341.68,77.517,6.9028,13.79,32.198,4498.6,23.389,50.447,50.237,80.249,2.3015,1.6304,3098.4,42.498,53.758,94.533,9.278,60.942,38.798,40.985,2631.2,63.788,23.983,45.791,0.34636,8.8624,26.253,120.43,1.5246,75.034,23.767,2.2414,54.095,4.8996,225.4,0.01462,0.8594,65.485,19.251,43.772
19,2026-04-26T10:54:00,49.095,28.843,27.164,33.385,40.526,2700.8,3696.7,17.486,18.646,22.113,0.2882,0.091512,342.16,76.984,6.9028,13.79,32.198,4510.9,23.228,44.44,49.915,80.149,2.3015,1.6304,3099.0,42.031,53.611,94.553,9.2985,61.327,37.85,41.101,2629.6,63.869,26.424,46.101,0.3454,8.8624,26.253,120.39,1.5246,75.92,23.767,2.2414,54.095,4.8996,221.99,0.01462,0.8594,65.534,19.251,43.772
20,2026-04-26T10:57:00,49.773,25.482,27.143,32.909,42.745,2700.0,3675.7,16.153,18.708,22.508,0.2591,0.091512,341.79,77.509,6.7682,13.716,32.58,4489.3,23.776,46.009,49.531,80.108,2.2698,1.6585,3095.5,42.463,52.953,94.55,9.3345,61.602,36.719,39.892,2628.2,62.841,26.748,45.934,0.33178,9.0416,26.12,120.44,1.3364,75.355,23.787,2.2968,54.095,4.863,223.95,0.01462,0.8594,65.52,18.799,43.772
21,2026-04-26T11:00:00,51.055,25.603,26.838,32.909,40.356,2701.6,3680.6,18.757,18.708,22.404,0.25787,0.091512,342.17,77.671,6.7682,13.716,32.58,4470.6,22.665,48.976,50.582,80.336,2.2698,1.6585,3097.4,42.373,53.176,94.635,9.4681,61.479,39.813,39.788,2630.5,62.757,25.602,45.921,0.33264,9.0416,26.12,120.37,1.3364,74.655,23.787,2.2968,54.095,4.863,224.17,0.01462,0.8594,65.544,18.799,43.772
22,2026-04-26T11:03:00,51.25,21.662,26.896,32.892,42.861,2701.0,3684.5,18.393,18.623,22.217,0.21976,0.091512,342.02,76.814,6.6961,13.774,32.266,4496.9,22.843,49.427,49.889,80.236,2.272,1.6699,3096.8,42.198,53.931,94.504,9.3668,59.926,37.773,38.474,2630.1,63.913,26.816,45.965,0.32629,8.8186,26.378,120.46,1.2261,75.011,23.663,2.3227,54.095,4.8436,223.72,0.01462,0.8594,65.574,19.022,43.772
23,2026-04-26T11:06:00,51.233,21.635,27.356,32.892,40.593,2698.6,3721.4,19.857,18.623,22.221,0.22003,0.10603,342.05,77.199,6.6961,13.774,32.266,4519.1,22.223,49.387,49.891,80.052,2.272,1.6699,3095.0,42.412,53.665,94.588,9.31,61.835,37.779,38.704,2626.7,63.279,25.578,46.458,0.32441,8.8186,26.378,120.39,1.2261,74.751,23.663,2.3227,53.099,4.8436,224.75,0.024425,0.84202,65.55,19.022,44.327
24,2026-04-26T11:09:00,50.984,24.276,26.925,32.888,41.972,2698.9,3731.5,17.745,18.463,22.449,0.24906,0.10603,341.72,77.4,6.8309,13.805,32.619,4460.7,23.105,48.812,50.478,80.146,2.2821,1.6876,3095.2,42.591,53.793,94.522,9.4516,59.689,39.505,39.492,2628.1,63.878,24.942,46.69,0.32975,8.9889,25.785,120.43,1.29,75.308,24.053,2.2933,53.099,4.9168,225.04,0.024425,0.84202,65.544,19.039,44.327
25,2026-04-26T11:12:00,50.246,24.207,26.689,32.888,41.121,2699.5,3708.6,16.459,18.463,22.569,0.24976,0.10603,341.5,77.282,6.8309,13.805,32.619,4482.1,23.645,47.102,49.248,80.314,2.2821,1.6876,3095.0,42.184,53.537,94.301,9.4607,60.86,35.886,39.003,2628.9,64.272,25.521,46.817,0.33376,8.9889,25.785,120.39,1.29,74.868,24.053,2.2933,53.099,4.9168,226.47,0.024425,0.84202,65.618,19.039,44.327
26,2026-04-26T11:15:00,51.525,20.793,26.995,33.024,40.962,2696.0,3693.8,18.208,18.513,22.144,0.2109,0.10603,341.25,77.232,7.1809,13.829,32.031,4454.0,22.913,50.062,50.672,80.168,2.2588,1.6519,3093.2,42.225,53.788,94.526,9.3775,61.925,40.076,39.746,2624.9,63.458,25.681,46.895,0.33406,8.9792,26.189,120.4,1.4671,74.973,24.118,2.3654,53.099,4.9146,228.41,0.024425,0.84202,65.669,18.893,44.327
27,2026-04-26T11:18:00,51.779,20.734,26.739,33.024,41.636,2695.6,3684.3,18.191,18.513,22.077,0.2115,0.10603,341.2,77.337,7.1809,13.829,32.031,4512.9,22.912,50.651,50.675,80.276,2.2588,1.6519,3091.8,42.035,53.083,94.526,9.2027,64.264,40.086,39.42,2624.4,63.621,24.679,47.218,0.33673,8.9792,26.189,120.42,1.4671,76.142,24.118,2.3654,53.099,4.9146,227.59,0.024425,0.84202,65.698,18.893,44.327
28,2026-04-26T11:21:00,50.489,26.134,26.922,32.973,39.548,2697.1,3607.6,17.993,18.495,22.115,0.26752,0.093958,340.73,77.59,6.9502,13.876,31.877,4531.0,22.981,47.665,49.673,80.44,2.2717,1.6547,3093.7,42.333,53.194,94.71,9.2696,61.752,37.137,40.216,2625.8,61.754,25.408,46.861,0.33544,8.7833,25.948,120.36,1.3564,73.895,23.209,2.3001,53.825,4.8488,229.69,0.014871,0.84324,65.749,18.212,43.664
29,2026-04-26T11:24:00,49.511,26.271,27.192,32.973,41.521,2699.6,3584.7,18.958,18.495,22.424,0.26613,0.093958,341.27,77.617,6.9502,13.876,31.877,4483.7,22.571,45.402,47.76,80.421,2.2717,1.6547,3094.9,42.192,53.761,94.698,9.3658,62.064,31.507,39.847,2628.7,62.147,24.31,47.116,0.33847,8.7833,25.948,120.4,1.3564,75.534,23.209,2.3001,53.825,4.8488,227.58,0.014871,0.84324,65.797,18.212,43.664
30,2026-04-26T11:27:00,50.933,27.858,27.027,33.229,40.378,2701.1,3624.4,15.628,18.555,22.249,0.28456,0.093958,341.54,77.31,7.1094,13.748,32.046,4537.4,23.984,48.694,50.017,80.245,2.263,1.6748,3097.8,41.902,54.826,94.769,9.3547,61.756,38.151,40.498,2629.7,63.314,24.5,47.131,0.34389,8.8399,25.904,120.38,1.2674,74.88,23.581,2.4026,53.825,4.9529,228.12,0.014871,0.84324,65.792,18.433,43.664
31,2026-04-26T11:30:00,49.317,27.95,26.729,33.229,41.455,2700.5,3635.9,17.577,18.555,21.927,0.28363,0.093958,341.3,76.938,7.1094,13.748,32.046,4597.2,23.182,44.953,50.434,80.004,2.263,1.6748,3097.8,42.073,54.11,94.68,9.4968,60.613,39.378,40.521,2629.2,63.116,24.053,47.222,0.3437,8.8399,25.904,120.41,1.2674,74.562,23.581,2.4026,53.825,4.9529,227.88,0.014871,0.84324,65.76,18.433,43.664
32,2026-04-26T11:33:00,49.814,26.547,27.002,33.257,40.605,2700.3,3611.7,19.019,18.003,22.118,0.26994,0.093958,341.91,77.024,7.0112,13.943,32.131,4494.2,22.585,46.104,48.309,79.859,2.263,1.6483,3097.7,42.473,54.875,94.781,9.2884,61.012,33.123,38.764,2628.8,61.997,23.966,47.117,0.32986,8.92,26.838,120.37,1.1213,74.77,23.824,2.3735,53.825,4.8541,229.88,0.014871,0.84324,65.67,18.724,43.664
33,2026-04-26T11:36:00,49.117,26.603,26.956,33.257,40.507,2704.6,3589.1,17.692,18.003,22.446,0.26938,0.089287,342.51,77.629,7.0112,13.943,32.131,4565.4,23.126,44.491,50.505,80.016,2.263,1.6483,3099.4,42.095,54.024,94.781,9.508,62.242,39.585,39.172,2633.3,62.386,25.787,47.306,0.32651,8.92,26.838,120.41,1.1213,74.932,23.824,2.3735,53.31,4.8541,229.1,0.014991,0.85114,65.621,18.724,44.183
34,2026-04-26T11:39:00,49.561,25.941,26.737,33.026,41.212,2707.5,3624.2,16.336,18.345,22.503,0.26171,0.089287,342.26,77.502,6.7341,13.835,31.989,4532.6,23.694,45.518,51.209,80.231,2.289,1.6629,3103.5,42.372,53.735,94.671,9.294,63.174,41.658,41.846,2637.1,62.475,26.676,47.348,0.34751,8.8484,25.955,120.4,1.144,73.858,23.523,2.3589,53.31,4.8211,229.63,0.014991,0.85114,65.658,18.779,44.183
35,2026-04-26T11:42:00,49.59,25.669,27.083,33.026,41.34,2710.3,3642.6,18.154,18.345,22.716,0.26447,0.089287,342.41,77.757,6.7341,13.835,31.989,4514.3,22.909,45.585,49.091,80.43,2.289,1.6629,3106.4,42.492,53.954,94.705,9.4711,61.576,35.424,41.503,2640.1,62.16,24.212,47.437,0.35032,8.8484,25.955,120.41,1.144,74.75,23.523,2.3589,53.31,4.8211,229.6,0.014991,0.85114,65.714,18.779,44.183
36,2026-04-26T11:45:00,50.778,27.298,26.878,33.127,41.413,2709.9,3741.6,18.69,18.389,22.354,0.27807,0.089287,342.74,77.395,6.7528,13.668,32.234,4478.1,22.688,48.335,49.747,80.32,2.255,1.6627,3108.3,42.649,54.257,94.358,9.4325,62.17,37.355,40.056,2639.4,62.894,24.313,47.611,0.33944,8.8158,26.028,120.43,1.3419,75.583,24.053,2.2464,53.31,4.7924,228.58,0.014991,0.85114,65.792,18.729,44.183
37,2026-04-26T11:48:00,49.627,27.069,26.774,33.127,41.129,2709.3,3704.9,14.961,18.389,22.497,0.2804,0.089287,342.94,77.237,6.7528,13.668,32.234,4515.2,24.262,45.672,51.283,80.197,2.255,1.6627,3106.3,42.336,53.813,94.518,9.5007,61.482,41.876,39.967,2639.0,63.526,24.436,47.527,0.34017,8.8158,26.028,120.42,1.3419,75.134,24.053,2.2464,53.31,4.7924,230.47,0.014991,0.85114,65.785,18.729,44.183
38,2026-04-26T11:51:00,50.785,25.102,26.733,32.531,42.207,2707.7,3699.5,18.896,18.393,22.544,0.25473,0.11212,343.0,77.332,6.8338,13.86,32.144,4523.6,22.605,48.351,49.786,80.062,2.2628,1.6382,3104.1,42.428,53.841,94.343,9.376,60.809,37.47,37.79,2637.2,63.585,26.432,47.888,0.32047,8.8882,26.591,120.42,1.2222,75.706,23.983,2.292,53.596,4.8811,229.89,0.023984,0.82877,65.78,18.851,42.87
39,2026-04-26T11:54:00,49.345,24.999,27.1,32.531,41.67,2706.7,3653.2,17.298,18.393,22.52,0.25578,0.11212,342.84,77.051,6.8338,13.86,32.144,4477.1,23.285,45.018,51.833,80.035,2.2628,1.6382,3103.3,42.459,54.397,94.584,9.3063,62.846,43.494,38.206,2635.1,64.382,25.659,47.944,0.31706,8.8882,26.591,120.41,1.2222,75.29,23.983,2.292,53.596,4.8811,231.35,0.023984,0.82877,65.771,18.851,42.87
40,2026-04-26T11:57:00,51.099,25.971,27.037,33.15,41.274,2706.2,3690.0,19.322,18.59,22.76,0.26314,0.11212,342.98,77.334,6.6814,13.872,32.289,4544.7,22.426,49.078,49.523,80.079,2.262,1.6645,3101.2,42.33,53.284,94.322,9.284,60.887,36.696,40.2,2634.8,63.122,24.26,47.973,0.34221,8.8746,26.113,120.43,1.0899,75.299,23.53,2.2568,53.596,4.8283,233.06,0.023984,0.82877,65.765,18.821,42.87
41,2026-04-26T12:00:00,50.051,25.77,27.023,33.15,41.198,2704.4,3650.2,18.483,18.59,22.592,0.26518,0.11212,342.71,77.318,6.6814,13.872,32.289,4505.7,22.781,46.652,48.694,80.025,2.262,1.6645,3100.9,42.449,53.752,94.586,9.3704,59.638,34.255,40.396,2633.0,63.806,25.806,48.246,0.34061,8.8746,26.113,120.41,1.0899,75.266,23.53,2.2568,53.596,4.8283,232.07,0.023984,0.82877,65.783,18.821,42.87
42,2026-04-26T12:03:00,49.559,24.679,27.04,33.296,40.768,2701.7,3736.4,17.447,18.222,22.457,0.24771,0.11212,342.96,77.049,6.9327,13.892,32.434,4487.4,23.233,45.514,50.793,79.867,2.2667,1.6732,3098.9,42.537,54.035,94.482,9.3356,62.736,40.432,40.485,2630.7,63.778,24.862,48.234,0.3429,8.9151,26.047,120.39,1.171,74.352,24.001,2.3122,53.596,4.8592,234.24,0.023984,0.82877,65.759,18.482,42.87
43,2026-04-26T12:06:00,50.728,24.374,26.81,33.296,41.799,2701.2,3721.2,18.847,18.222,22.365,0.2508,0.12858,342.98,77.406,6.9327,13.892,32.434,4449.7,22.637,48.219,50.25,79.91,2.2667,1.6732,3097.7,42.61,54.487,94.401,9.2984,59.781,38.834,40.306,2630.5,64.04,23.86,48.239,0.34437,8.9151,26.047,120.41,1.171,75.309,24.001,2.3122,54.351,4.8592,229.93,0.018004,0.84308,65.753,18.482,44.324
44,2026-04-26T12:09:00,50.68,22.838,26.517,33.374,40.853,2700.9,3663.9,18.09,18.149,22.267,0.23472,0.12858,342.83,77.168,6.8025,13.89,32.386,4550.5,22.96,48.108,50.955,80.08,2.2621,1.66,3097.5,42.308,54.133,94.5,9.3292,59.633,40.91,40.515,2630.1,62.892,25.219,47.949,0.34788,8.8564,26.311,120.41,1.2386,75.06,23.743,2.2375,54.351,4.7912,232.47,0.018004,0.84308,65.783,18.842,44.324
45,2026-04-26T12:12:00,50.489,23.189,26.858,33.374,41.368,2700.6,3639.2,17.369,18.149,22.283,0.23115,0.12858,342.27,77.493,6.8025,13.89,32.386,4533.7,23.256,47.666,51.587,80.084,2.2621,1.66,3096.4,42.424,54.334,94.602,9.382,61.77,42.77,41.038,2629.1,63.317,24.045,47.957,0.34359,8.8564,26.311,120.41,1.2386,75.06,23.743,2.2375,54.351,4.7912,231.65,0.018004,0.84308,65.802,18.842,44.324
46,2026-04-26T12:15:00,48.005,23.177,26.917,32.737,42.022,2701.7,3713.0,18.642,18.535,22.301,0.23602,0.12858,342.03,77.663,6.8626,13.758,32.328,4481.2,22.707,41.918,49.957,80.308,2.2742,1.6949,3098.5,42.335,54.098,94.569,9.3162,63.232,37.972,40.915,2631.1,63.202,25.904,48.006,0.34497,8.8766,26.102,120.4,1.0469,74.642,24.176,2.3138,54.351,4.844,230.36,0.018004,0.84308,65.825,18.847,44.324
47,2026-04-26T12:18:00,50.464,23.225,26.745,32.737,40.922,2701.5,3687.3,16.289,18.535,22.407,0.23553,0.12858,342.31,77.33,6.8626,13.758,32.328,4473.2,23.7,47.608,49.039,80.322,2.2742,1.6949,3097.5,42.337,54.193,94.442,9.2921,62.688,35.273,41.1,2630.6,63.646,26.326,47.762,0.34346,8.8766,26.102,120.39,1.0469,75.612,24.176,2.3138,54.351,4.844,232.31,0.018004,0.84308,65.895,18.847,44.324
48,2026-04-26T12:21:00,50.668,23.731,26.83,33.179,41.338,2701.7,3667.9,18.359,18.305,22.44,0.23796,0.087393,342.41,77.04,6.9313,13.831,32.087,4476.5,22.835,48.079,51.047,80.332,2.2802,1.6721,3097.7,42.405,54.13,94.578,9.455,62.661,41.18,39.08,2631.0,63.499,24.755,47.888,0.33107,8.9398,25.983,120.41,1.3236,75.174,23.742,2.3027,53.972,4.8041,234.22,0.023428,0.80925,65.922,18.89,43.603
49,2026-04-26T12:24:00,48.995,23.662,26.724,33.179,40.39,2700.4,3659.5,18.488,18.305,22.232,0.23866,0.087393,342.04,77.391,6.9313,13.831,32.087,4489.1,22.77,44.208,50.66,80.279,2.2802,1.6721,3097.4,42.416,53.979,94.415,9.2891,61.614,40.043,39.139,2630.0,63.643,25.513,48.173,0.33058,8.9398,25.983,120.39,1.3236,75.145,23.742,2.3027,53.972,4.8041,232.04,0.023428,0.80925,65.918,18.89,43.603
50,2026-04-26T12:27:00,47.857,26.002,26.738,33.043,41.126,2698.7,3605.9,20.38,18.262,21.804,0.26125,0.087393,341.65,77.479,6.68,13.936,32.013,4491.0,21.975,41.575,48.729,80.134,2.279,1.6636,3096.4,42.406,53.835,94.66,9.2904,59.851,34.36,40.036,2627.4,63.948,26.329,48.249,0.33883,9.0057,26.098,120.39,1.1956,75.907,23.932,2.3546,53.972,4.9517,232.22,0.023428,0.80925,65.936,18.798,43.603
51,2026-04-26T12:30:00,49.878,25.839,27.187,33.043,41.131,2699.5,3667.4,17.957,18.262,22.405,0.2629,0.087393,342.18,77.235,6.68,13.936,32.013,4480.3,23.006,46.253,50.56,80.086,2.279,1.6636,3096.3,42.37,53.963,94.659,9.2831,65.785,39.749,39.738,2628.4,62.89,26.213,48.28,0.34127,9.0057,26.098,120.38,1.1956,75.344,23.932,2.3546,53.972,4.9517,232.9,0.023428,0.80925,65.894,18.798,43.603
52,2026-04-26T12:33:00,49.874,26.609,26.863,33.211,40.763,2701.0,3706.9,18.142,18.644,21.967,0.27219,0.087393,341.25,77.834,7.005,13.721,32.197,4517.2,22.911,46.243,50.042,80.176,2.2822,1.6576,3099.1,42.599,53.736,94.56,9.3318,60.462,38.224,41.755,2628.9,64.488,24.951,48.23,0.34857,8.9375,26.48,120.39,1.155,74.762,23.762,2.2664,53.972,4.8518,234.51,0.023428,0.80925,65.866,18.853,43.603
53,2026-04-26T12:36:00,51.586,26.914,27.2,33.211,42.047,2702.9,3734.7,16.156,18.644,22.594,0.26909,0.1097,342.04,77.751,7.005,13.721,32.197,4521.1,23.737,50.205,48.598,80.515,2.2822,1.6576,3099.3,42.494,53.69,94.307,9.3225,62.905,33.975,41.797,2632.4,64.009,23.985,47.639,0.34822,8.9375,26.48,120.43,1.155,74.881,23.762,2.2664,54.813,4.8518,232.21,0.013412,0.83672,65.942,18.853,43.076
54,2026-04-26T12:39:00,49.294,24.992,27.163,32.656,40.664,2700.5,3647.7,16.823,18.683,22.368,0.25485,0.1097,341.86,77.171,6.929,13.791,32.538,4443.7,23.467,44.899,50.142,80.473,2.274,1.6807,3097.5,41.983,54.471,94.452,9.3258,58.596,38.517,39.091,2629.6,62.692,25.343,47.468,0.3232,8.9633,26.296,120.38,1.1586,74.99,23.841,2.2662,54.813,4.7601,230.77,0.013412,0.83672,65.99,19.018,43.076
55,2026-04-26T12:42:00,49.921,24.989,26.87,32.656,41.372,2698.4,3663.5,19.478,18.683,22.32,0.25488,0.1097,342.22,77.379,6.929,13.791,32.538,4504.5,22.348,46.352,49.137,80.123,2.274,1.6807,3094.5,42.745,53.744,94.666,9.3343,61.838,35.561,38.662,2627.7,62.421,24.782,47.295,0.32672,8.9633,26.296,120.39,1.1586,75.85,23.841,2.2662,54.813,4.7601,229.41,0.013412,0.83672,65.947,19.018,43.076
56,2026-04-26T12:45:00,49.974,21.566,26.972,33.28,40.581,2698.1,3664.5,16.593,18.53,22.42,0.21987,0.1097,341.88,77.223,7.041,13.86,32.256,4481.5,23.574,46.475,48.994,80.126,2.2962,1.6489,3093.6,42.427,53.588,94.623,9.3808,60.272,35.138,39.492,2627.1,62.99,25.245,46.951,0.33457,8.8472,25.995,120.39,1.102,74.737,23.962,2.3786,54.813,4.9374,230.03,0.013412,0.83672,65.849,18.618,43.076
57,2026-04-26T12:48:00,47.691,21.495,26.942,33.28,41.887,2698.5,3671.4,16.549,18.53,22.285,0.2206,0.1097,341.84,77.294,7.041,13.86,32.256,4464.3,23.59,41.191,49.375,80.184,2.2962,1.6489,3093.4,42.721,53.795,94.672,9.2514,63.025,36.261,40.12,2626.7,62.872,24.777,46.988,0.32942,8.8472,25.995,120.42,1.102,75.756,23.962,2.3786,54.813,4.9374,226.41,0.013412,0.83672,65.794,18.618,43.076
58,2026-04-26T12:51:00,49.877,23.942,27.119,33.191,40.686,2696.8,3637.6,15.58,18.63,22.084,0.24588,0.1047,341.33,77.357,6.9266,13.946,31.973,4518.1,24.003,46.249,50.825,80.031,2.2801,1.6523,3093.2,42.434,54.125,94.857,9.3024,60.959,40.529,40.387,2624.7,62.373,23.552,47.252,0.34242,8.8908,26.288,120.37,1.2897,75.596,23.601,2.3319,52.902,4.8041,227.85,0.012681,0.82459,65.766,18.764,44.629
59,2026-04-26T12:54:00,50.02,23.979,26.892,33.191,41.323,2698.9,3630.9,18.419,18.63,22.258,0.24551,0.1047,342.07,77.391,6.9266,13.946,31.973,4546.1,22.804,46.581,49.468,80.196,2.2801,1.6523,3095.1,42.289,53.789,94.639,9.4443,57.648,36.535,40.765,2627.8,62.488,24.296,47.174,0.33932,8.8908,26.288,120.39,1.2897,75.508,23.601,2.3319,52.902,4.8041,228.85,0.012681,0.82459,65.753,18.764,44.629
60,2026-04-26T12:57:00,48.324,26.739,26.596,33.423,40.635,2700.9,3637.6,16.934,18.767,22.276,0.27376,0.1047,341.54,77.451,7.0081,13.794,32.51,4521.3,23.429,42.655,49.265,80.269,2.2395,1.6204,3097.0,42.294,53.743,94.823,9.3146,63.554,35.936,41.829,2629.6,63.28,26.875,47.223,0.35048,9.0133,25.959,120.41,1.2043,75.362,23.553,2.2787,52.902,4.8911,228.41,0.012681,0.82459,65.761,18.784,44.629
61,2026-04-26T13:00:00,49.407,26.872,27.16,33.423,41.11,2701.9,3662.5,18.336,18.767,22.338,0.27241,0.1047,341.68,77.322,7.0081,13.794,32.51,4503.9,22.838,45.162,49.678,80.289,2.2395,1.6204,3098.9,42.283,53.951,94.462,9.4136,60.941,37.153,41.614,2630.2,62.852,26.873,47.164,0.35224,9.0133,25.959,120.41,1.2043,74.502,23.553,2.2787,52.902,4.8911,229.16,0.012681,0.82459,65.789,18.784,44.629
62,2026-04-26T13:03:00,51.956,21.757,26.6,33.093,40.595,2701.6,3642.3,17.883,18.33,22.483,0.2194,0.1047,341.82,77.399,6.9779,13.905,31.981,4485.3,23.027,51.061,49.49,80.232,2.2675,1.6685,3096.6,41.854,54.124,94.83,9.2857,61.034,36.6,39.992,2630.6,62.405,23.449,47.163,0.33271,8.877,26.641,120.4,1.2069,75.63,23.621,2.2601,52.902,4.8763,229.25,0.012681,0.82459,65.769,18.858,44.629
63,2026-04-26T13:06:00,48.82,21.731,26.852,33.093,40.466,2701.6,3656.7,19.002,18.33,22.355,0.21967,0.095176,341.83,77.076,6.9779,13.905,31.981,4473.6,22.562,43.803,50.674,80.263,2.2675,1.6685,3097.4,42.2,54.264,94.546,9.3736,61.871,40.082,39.438,2630.3,62.157,26.658,47.017,0.33725,8.877,26.641,120.38,1.2069,73.926,23.621,2.2601,54.604,4.8763,227.39,0.026964,0.83684,65.802,18.858,44.331
64,2026-04-26T13:09:00,49.454,26.578,26.842,32.949,41.646,2702.2,3660.6,17.754,18.464,22.614,0.27161,0.095176,342.04,77.687,6.723,13.879,32.954,4571.5,23.075,45.27,48.218,80.192,2.2754,1.6537,3097.9,42.233,52.903,94.841,9.4051,61.644,32.855,40.883,2631.6,62.249,26.118,46.803,0.35005,9.0753,26.104,120.41,1.5121,75.021,23.526,2.321,54.604,4.8306,228.35,0.026964,0.83684,65.755,18.863,44.331
65,2026-04-26T13:12:00,50.873,26.483,26.333,32.949,40.82,2702.9,3640.4,17.997,18.464,22.049,0.27258,0.095176,342.03,77.371,6.723,13.879,32.954,4478.1,22.979,48.554,49.626,80.189,2.2754,1.6537,3099.6,42.197,54.021,94.6,9.39,61.783,36.999,41.128,2631.9,62.597,25.417,46.576,0.34804,9.0753,26.104,120.37,1.5121,74.427,23.526,2.321,54.604,4.8306,229.48,0.026964,0.83684,65.712,18.863,44.331
66,2026-04-26T13:15:00,49.696,17.195,27.013,33.435,41.743,2703.4,3688.4,18.697,18.464,22.5,0.17298,0.095176,342.32,77.4,6.8283,13.858,32.13,4457.4,22.682,45.831,49.353,80.204,2.209,1.6187,3099.3,42.158,54.243,94.651,9.5117,60.585,36.196,40.911,2631.8,64.036,25.116,46.766,0.345,8.8247,25.919,120.43,1.079,75.095,23.842,2.3314,54.604,4.8942,225.92,0.026964,0.83684,65.678,19.104,44.331
67,2026-04-26T13:18:00,51.941,16.94,27.015,33.435,40.121,2699.9,3740.3,19.074,18.464,22.158,0.17558,0.095176,341.8,77.045,6.8283,13.858,32.13,4484.6,22.538,51.026,50.631,80.066,2.209,1.6187,3096.9,42.581,53.918,94.437,9.2799,61.221,39.958,41.237,2629.1,63.145,25.679,46.712,0.34233,8.8247,25.919,120.38,1.079,75.645,23.842,2.3314,54.604,4.8942,225.11,0.026964,0.83684,65.665,19.104,44.331
68,2026-04-26T13:21:00,52.018,24.822,27.063,33.19,42.5,2699.8,3675.6,15.552,18.479,22.356,0.24752,0.092416,341.9,77.174,6.9418,13.865,32.446,4464.3,24.024,51.205,50.637,79.982,2.2283,1.6209,3096.2,42.454,53.533,94.685,9.429,62.503,39.976,40.587,2628.4,63.434,25.123,46.788,0.3436,8.9072,26.715,120.41,1.3744,74.69,23.76,2.3932,53.816,4.8425,226.31,0.022899,0.85351,65.605,18.894,43.767
69,2026-04-26T13:24:00,49.992,24.815,27.074,33.19,41.063,2699.8,3666.4,16.216,18.479,22.399,0.24758,0.092416,341.83,77.729,6.9418,13.865,32.446,4474.1,23.728,46.514,50.276,80.082,2.2283,1.6209,3097.6,42.473,53.416,94.521,9.3452,61.388,38.913,41.264,2628.7,63.592,24.987,46.738,0.33805,8.9072,26.715,120.42,1.3744,74.327,23.76,2.3932,53.816,4.8425,226.97,0.022899,0.85351,65.576,18.894,43.767
70,2026-04-26T13:27:00,49.718,21.364,26.928,33.1,41.734,2704.2,3654.5,16.174,18.894,22.456,0.21932,0.092416,341.7,77.846,6.8423,13.819,32.033,4457.7,23.727,45.881,51.413,80.544,2.317,1.626,3100.1,42.209,54.09,94.548,9.4083,60.453,42.258,40.869,2633.1,62.798,24.101,46.545,0.34323,8.7879,26.045,120.42,1.1534,74.934,23.612,2.3072,53.816,4.8727,229.19,0.022899,0.85351,65.659,18.66,43.767
71,2026-04-26T13:30:00,48.261,21.461,26.719,33.1,40.085,2703.3,3620.8,19.222,18.894,22.079,0.21833,0.092416,341.92,77.429,6.8423,13.819,32.033,4522.3,22.45,42.509,50.187,80.439,2.317,1.626,3099.5,42.629,53.317,94.648,9.3793,61.297,38.651,40.725,2632.6,63.378,25.096,46.86,0.34441,8.7879,26.045,120.39,1.1534,75.342,23.612,2.3072,53.816,4.8727,225.64,0.022899,0.85351,65.753,18.66,43.767
72,2026-04-26T13:33:00,48.875,25.163,26.716,33.454,41.299,2703.0,3695.0,17.052,18.609,22.125,0.25963,0.092416,341.99,77.372,6.9524,13.908,32.161,4561.6,23.367,43.93,49.4,80.296,2.2602,1.6317,3101.1,42.28,53.419,94.514,9.3385,61.338,36.334,40.225,2632.7,62.964,24.601,46.654,0.33857,8.8095,26.151,120.4,1.2578,75.311,24.241,2.2183,53.816,4.9601,228.0,0.022899,0.85351,65.746,18.467,43.767
73,2026-04-26T13:36:00,49.336,25.338,26.648,33.454,41.03,2701.7,3687.0,17.002,18.609,22.084,0.25785,0.095972,341.98,76.885,6.9524,13.908,32.161,4487.9,23.413,44.996,49.56,80.038,2.2602,1.6317,3099.8,42.144,54.302,94.685,9.2732,62.054,36.805,40.375,2630.7,63.102,25.757,47.268,0.33735,8.8095,26.151,120.39,1.2578,75.601,24.241,2.2183,53.779,4.9601,226.14,-0.0057348,0.82815,65.741,18.467,43.889
74,2026-04-26T13:39:00,48.572,24.241,26.864,32.886,41.189,2702.6,3653.1,18.998,18.972,22.338,0.24611,0.095972,341.75,77.368,6.9328,13.945,32.626,4554.9,22.561,43.229,50.519,80.061,2.2875,1.6619,3099.2,42.134,54.01,94.629,9.4801,61.434,39.627,41.11,2631.6,62.705,24.862,47.231,0.35138,8.8281,26.306,120.42,1.4283,75.313,23.084,2.3224,53.779,4.8905,228.82,-0.0057348,0.82815,65.662,18.584,43.889
75,2026-04-26T13:42:00,52.3,24.113,26.73,32.886,41.275,2705.7,3616.8,20.453,18.972,22.443,0.24741,0.095972,341.78,77.704,6.9328,13.945,32.626,4502.8,21.932,51.856,50.562,80.252,2.2875,1.6619,3101.5,42.384,54.634,94.62,9.2632,63.507,39.755,41.549,2634.5,63.331,23.627,47.344,0.34778,8.8281,26.306,120.38,1.4283,75.748,23.084,2.3224,53.779,4.8905,229.77,-0.0057348,0.82815,65.671,18.584,43.889
76,2026-04-26T13:45:00,49.667,19.511,26.557,32.886,40.57,2706.1,3667.2,18.265,18.133,22.247,0.20001,0.095972,341.96,77.219,6.8343,13.949,32.412,4544.3,22.868,45.763,50.274,80.25,2.3018,1.6655,3101.7,42.627,53.893,94.6,9.4918,62.974,38.907,41.95,2634.4,62.577,22.575,47.598,0.35397,8.8999,26.615,120.39,1.407,73.767,24.333,2.3317,53.779,4.9003,229.13,-0.0057348,0.82815,65.712,18.759,43.889
77,2026-04-26T13:48:00,49.342,19.698,26.75,32.886,41.13,2705.8,3648.9,20.085,18.133,22.374,0.19811,0.095972,342.15,77.618,6.8343,13.949,32.412,4531.8,22.087,45.012,50.031,80.247,2.3018,1.6655,3101.1,42.302,54.042,94.69,9.3405,61.636,38.191,42.028,2634.4,62.893,24.878,47.678,0.35333,8.8999,26.615,120.39,1.407,75.513,24.333,2.3317,53.779,4.9003,230.43,-0.0057348,0.82815,65.74,18.759,43.889
78,2026-04-26T13:51:00,49.646,21.496,26.853,32.675,41.423,2704.4,3702.5,15.338,18.408,22.213,0.2143,0.091936,341.6,77.389,6.9902,13.791,32.227,4510.9,24.095,45.714,48.942,80.137,2.2561,1.6227,3102.1,41.926,53.88,94.613,9.3854,63.307,34.985,42.547,2633.3,62.833,24.515,47.332,0.35131,8.9345,26.364,120.41,1.2695,74.295,24.223,2.2588,54.34,4.8339,229.33,0.014246,0.83124,65.742,18.951,44.337
79,2026-04-26T13:54:00,48.928,21.39,26.973,32.675,40.879,2704.9,3686.1,17.17,18.408,22.406,0.21539,0.091936,341.74,77.377,6.9902,13.791,32.227,4506.7,23.323,44.052,49.17,80.129,2.2561,1.6227,3102.5,42.344,53.93,94.548,9.3413,63.577,35.657,41.659,2633.6,63.115,26.364,47.207,0.35859,8.9345,26.364,120.4,1.2695,74.998,24.223,2.2588,54.34,4.8339,229.82,0.014246,0.83124,65.729,18.951,44.337
80,2026-04-26T13:57:00,49.244,22.873,26.997,32.84,40.999,2706.8,3631.1,18.436,18.305,22.782,0.23343,0.091936,341.79,77.216,6.9841,13.884,32.173,4489.3,22.793,44.785,50.253,80.189,2.2755,1.6725,3101.9,42.443,53.655,94.682,9.466,59.348,38.844,39.734,2635.4,62.666,24.33,47.031,0.34039,8.9419,26.548,120.41,1.4883,75.039,24.196,2.401,54.34,4.7869,230.87,0.014246,0.83124,65.72,19.223,44.337
81,2026-04-26T14:00:00,48.272,22.976,26.922,32.84,40.487,2706.4,3625.6,16.558,18.305,22.736,0.23238,0.091936,341.67,77.379,6.9841,13.884,32.173,4472.6,23.582,42.534,48.467,80.096,2.2755,1.6725,3102.3,42.164,53.855,94.664,9.4012,63.009,33.589,40.15,2635.6,62.76,25.315,47.101,0.33698,8.9419,26.548,120.36,1.4883,74.161,24.196,2.401,54.34,4.7869,229.19,0.014246,0.83124,65.699,19.223,44.337
82,2026-04-26T14:03:00,48.542,23.326,27.114,33.345,41.131,2708.2,3639.0,19.344,18.329,22.516,0.23895,0.091936,342.29,77.197,6.891,13.901,32.2,4450.6,22.411,43.159,49.778,80.167,2.2696,1.6451,3104.0,42.728,53.396,94.63,9.4576,63.358,37.448,41.61,2636.8,62.483,25.607,47.178,0.34554,8.9805,26.063,120.43,1.1352,75.674,23.93,2.3481,54.34,4.8802,227.44,0.014246,0.83124,65.706,18.355,44.337
83,2026-04-26T14:06:00,48.955,23.386,26.753,33.345,40.723,2709.3,3645.6,17.961,18.329,22.465,0.23834,0.085161,342.73,77.283,6.891,13.901,32.2,4475.4,22.994,44.116,49.979,80.068,2.2696,1.6451,3104.9,41.979,53.099,94.687,9.3815,61.111,38.037,41.057,2637.6,62.37,23.694,47.018,0.35006,8.9805,26.063,120.38,1.1352,75.176,23.93,2.3481,54.383,4.8802,229.14,0.029883,0.83565,65.646,18.355,43.968
84,2026-04-26T14:09:00,51.46,23.319,27.037,32.928,40.843,2708.2,3677.8,16.43,18.799,21.992,0.23385,0.085161,342.01,77.35,6.8029,13.937,32.172,4547.8,23.641,49.912,50.453,79.865,2.276,1.665,3107.6,42.276,54.363,94.643,9.5071,61.779,39.434,41.553,2636.8,62.58,25.245,46.978,0.35065,8.9034,26.172,120.4,1.1416,74.849,24.155,2.2984,54.383,4.8263,229.08,0.029883,0.83565,65.603,18.768,43.968
85,2026-04-26T14:12:00,51.124,22.977,26.805,32.928,41.042,2711.3,3654.5,19.831,18.799,22.359,0.23733,0.085161,342.56,77.395,6.8029,13.937,32.172,4547.7,22.215,49.134,50.081,79.898,2.276,1.665,3108.3,42.455,54.364,94.643,9.6058,61.499,38.339,41.371,2640.2,62.981,26.905,46.84,0.35214,8.9034,26.172,120.38,1.1416,74.841,24.155,2.2984,54.383,4.8263,230.15,0.029883,0.83565,65.532,18.768,43.968
86,2026-04-26T14:15:00,49.016,23.684,26.689,32.955,41.507,2714.6,3682.2,19.617,18.357,22.755,0.23551,0.085161,342.81,77.584,6.7038,13.647,32.21,4514.6,22.295,44.258,49.613,80.103,2.2919,1.6761,3110.4,42.728,53.782,94.532,9.471,59.793,36.962,42.27,2644.4,63.31,24.403,46.828,0.35375,8.9661,26.707,120.44,1.2051,75.195,23.7,2.2759,54.383,4.9353,229.82,0.029883,0.83565,65.537,19.068,43.968
87,2026-04-26T14:18:00,50.592,23.472,26.883,32.955,40.632,2715.8,3679.2,17.315,18.357,22.594,0.23767,0.085161,342.78,77.714,6.7038,13.647,32.21,4508.2,23.251,47.904,49.918,80.233,2.2919,1.6761,3111.3,42.231,53.858,94.449,9.3553,60.772,37.86,41.716,2645.2,63.361,24.916,46.962,0.35829,8.9661,26.707,120.4,1.2051,74.583,23.7,2.2759,54.383,4.9353,227.78,0.029883,0.83565,65.596,19.068,43.968
88,2026-04-26T14:21:00,51.484,22.917,26.698,33.501,41.163,2715.5,3704.9,18.056,18.326,22.311,0.23593,0.090366,342.53,77.455,6.8662,13.647,32.253,4481.6,22.939,49.969,50.965,80.239,2.2437,1.6369,3114.0,42.422,53.417,94.482,9.4074,61.111,40.941,38.655,2644.7,63.91,24.054,47.037,0.31932,8.8671,26.504,120.42,1.2112,75.015,24.116,2.2798,53.695,4.8367,227.57,0.024202,0.82496,65.654,18.417,43.414
89,2026-04-26T14:24:00,50.021,23.063,26.941,33.501,42.187,2714.7,3748.3,18.86,18.326,22.618,0.23445,0.090366,342.42,77.486,6.8662,13.647,32.253,4478.0,22.595,46.583,49.879,80.145,2.2437,1.6369,3112.6,42.532,53.459,94.27,9.3804,59.361,37.745,37.989,2644.1,63.164,23.684,46.954,0.32478,8.8671,26.504,120.45,1.2112,75.115,24.116,2.2798,53.695,4.8367,228.46,0.024202,0.82496,65.682,18.417,43.414
90,2026-04-26T14:27:00,49.798,22.6,26.795,32.84,40.969,2714.2,3652.9,19.639,18.112,22.7,0.22999,0.090366,342.79,76.995,6.9324,13.671,32.336,4528.2,22.284,46.067,49.442,79.993,2.2473,1.6628,3109.5,42.259,54.462,94.467,9.3252,62.149,36.458,37.626,2642.9,63.473,26.55,47.111,0.32559,8.6308,26.807,120.38,1.1698,74.978,24.321,2.3103,53.695,4.7679,226.68,0.024202,0.82496,65.658,18.517,43.414
91,2026-04-26T14:30:00,48.846,22.475,27.083,32.84,41.648,2712.0,3672.6,20.871,18.112,22.794,0.23126,0.090366,342.68,77.331,6.9324,13.671,32.336,4557.4,21.764,43.863,50.356,79.761,2.2473,1.6628,3108.9,42.161,54.112,94.509,9.4702,59.688,39.147,37.824,2641.1,63.133,25.237,46.83,0.32397,8.6308,26.807,120.42,1.1698,74.708,24.321,2.3103,53.695,4.7679,229.87,0.024202,0.82496,65.586,18.517,43.414
92,2026-04-26T14:33:00,49.587,21.701,26.685,32.797,40.963,2712.3,3642.5,16.595,18.087,22.646,0.22088,0.090366,342.98,77.106,6.7824,13.827,32.171,4537.0,23.582,45.579,49.053,79.701,2.2533,1.6185,3107.9,42.351,54.164,94.545,9.545,60.342,35.313,38.22,2641.4,63.054,24.434,46.888,0.32419,8.8459,26.488,120.38,1.2406,75.04,24.101,2.2587,53.695,4.7647,229.3,0.024202,0.82496,65.522,18.154,43.414
93,2026-04-26T14:36:00,49.213,21.648,26.795,32.797,40.829,2713.4,3642.5,16.884,18.087,22.602,0.22142,0.097574,342.84,77.159,6.7824,13.827,32.171,4564.5,23.461,44.712,51.285,79.722,2.2533,1.6185,3109.5,42.353,53.834,94.636,9.3472,62.976,41.883,38.336,2642.8,63.054,24.187,46.702,0.32324,8.8459,26.488,120.36,1.2406,75.068,24.101,2.2587,53.488,4.7647,228.3,0.011037,0.84327,65.462,18.154,44.202
94,2026-04-26T14:39:00,49.232,23.216,27.314,33.062,41.762,2718.0,3688.6,17.297,18.627,23.254,0.23599,0.097574,343.01,77.55,6.9474,13.913,32.204,4576.2,23.267,44.757,49.899,80.086,2.2156,1.6337,3113.9,42.226,54.659,94.471,9.3594,61.298,37.804,40.237,2647.9,63.599,25.047,46.814,0.34095,8.7029,27.174,120.42,1.3765,75.242,24.322,2.3917,53.488,4.7328,225.71,0.011037,0.84327,65.472,19.017,44.202
95,2026-04-26T14:42:00,50.989,23.336,26.644,33.062,41.207,2717.9,3680.4,18.538,18.627,22.564,0.23477,0.097574,342.29,77.335,6.9474,13.913,32.204,4561.9,22.747,48.823,49.648,80.096,2.2156,1.6337,3115.7,42.418,54.829,94.382,9.3989,60.293,37.065,40.163,2647.3,63.742,25.506,46.521,0.34155,8.7029,27.174,120.39,1.3765,75.325,24.322,2.3917,53.488,4.7328,227.62,0.011037,0.84327,65.547,19.017,44.202
96,2026-04-26T14:45:00,49.69,22.917,26.858,33.145,41.195,2718.6,3680.6,17.542,17.983,22.938,0.23259,0.097574,342.99,77.524,6.9537,13.769,32.269,4492.0,23.151,45.816,47.28,80.2,2.2173,1.6112,3112.9,42.321,53.582,94.491,9.4873,61.062,30.095,41.307,2648.0,62.306,24.269,46.463,0.35154,8.9297,26.827,120.39,1.3378,75.089,24.092,2.2665,53.488,4.7987,226.89,0.011037,0.84327,65.579,18.336,44.202
97,2026-04-26T14:48:00,51.423,22.943,26.672,33.145,41.48,2716.4,3630.5,18.02,17.983,22.82,0.23233,0.097574,342.85,76.976,6.9537,13.769,32.269,4495.1,22.969,49.826,49.587,79.941,2.2173,1.6112,3111.2,42.206,53.545,94.56,9.1965,61.708,36.884,41.43,2645.2,63.168,24.525,46.429,0.35054,8.9297,26.827,120.39,1.3378,75.107,24.092,2.2665,53.488,4.7987,225.91,0.011037,0.84327,65.572,18.336,44.202
98,2026-04-26T14:51:00,49.072,22.257,26.831,32.981,39.98,2713.2,3640.2,18.109,18.693,22.542,0.22568,0.092603,342.62,76.862,6.8837,13.854,32.224,4494.6,22.946,44.386,49.684,79.705,2.253,1.6375,3109.9,42.417,55.237,94.648,9.3629,61.35,37.17,39.618,2642.4,62.881,23.98,46.634,0.33401,8.9069,26.616,120.37,1.2196,75.538,24.622,2.2765,54.053,4.8039,227.52,0.040052,0.8123,65.512,18.525,42.936
99,2026-04-26T14:54:00,47.961,21.962,26.724,32.981,41.443,2712.8,3631.7,20.789,18.693,22.714,0.22869,0.092603,342.76,77.004,6.8837,13.854,32.224,4541.9,21.824,41.815,49.475,79.558,2.253,1.6375,3108.2,42.363,54.671,94.701,9.4175,60.989,36.555,39.453,2641.3,63.027,26.181,46.595,0.33536,8.9069,26.616,120.4,1.2196,74.702,24.622,2.2765,54.053,4.8039,228.96,0.040052,0.8123,65.432,18.525,42.936
100,2026-04-26T14:57:00,48.786,22.688,26.658,32.262,41.143,2716.5,3634.7,18.631,17.798,23.135,0.22894,0.092603,342.74,77.706,6.9549,13.718,31.787,4524.7,22.709,43.724,50.338,79.903,2.2604,1.5978,3110.1,42.252,54.472,94.651,9.3011,63.774,39.094,40.509,2645.9,63.556,25.757,46.711,0.34518,9.0032,26.813,120.41,1.2864,75.164,24.303,2.228,54.053,4.8018,228.65,0.040052,0.8123,65.43,18.884,42.936
101,2026-04-26T15:00:00,48.729,22.428,26.99,32.262,41.525,2718.2,3663.2,16.631,17.798,22.788,0.23158,0.092603,342.22,77.283,6.9549,13.718,31.787,4549.0,23.554,43.592,50.293,80.127,2.2604,1.5978,3113.3,42.321,54.181,94.477,9.3004,60.161,38.962,40.88,2647.9,63.064,24.596,46.935,0.34215,9.0032,26.813,120.41,1.2864,73.982,24.303,2.228,54.053,4.8018,227.05,0.040052,0.8123,65.495,18.884,42.936
102,2026-04-26T15:03:00,48.609,27.108,26.686,33.248,40.271,2716.1,3668.5,18.826,18.594,22.499,0.27232,0.092603,342.31,76.87,6.7748,13.761,31.533,4496.2,22.649,43.315,48.838,79.821,2.241,1.6771,3112.1,42.529,53.945,94.677,9.3658,60.65,34.68,38.169,2645.4,62.314,25.808,46.917,0.33403,8.9761,26.952,120.37,1.3279,75.651,25.114,2.2579,54.053,4.7318,228.17,0.040052,0.8123,65.538,18.762,42.936
103,2026-04-26T15:06:00,51.257,26.975,27.108,33.248,41.488,2716.3,3626.4,18.164,18.594,22.728,0.27367,0.098665,342.39,77.361,6.7748,13.761,31.533,4518.5,22.917,49.442,49.196,79.77,2.241,1.6771,3112.8,42.203,53.678,94.619,9.2917,62.327,35.734,38.871,2645.1,63.038,25.762,46.22,0.32827,8.9761,26.952,120.41,1.3279,75.772,25.114,2.2579,53.569,4.7318,227.92,0.023598,0.81384,65.489,18.762,44.34
104,2026-04-26T15:09:00,50.271,30.123,27.24,32.797,40.719,2717.8,3692.1,19.52,18.68,22.85,0.30168,0.098665,342.71,77.484,6.7982,13.777,32.279,4538.1,22.344,47.161,52.636,79.811,2.1857,1.6437,3114.8,42.368,53.736,94.532,9.3427,61.959,45.857,39.314,2647.3,63.504,28.106,46.015,0.33313,8.9644,26.725,120.39,1.175,75.526,24.738,2.2089,53.569,4.8172,227.25,0.023598,0.81384,65.447,18.462,44.34
105,2026-04-26T15:12:00,48.625,29.698,26.926,32.797,41.359,2718.0,3720.1,20.439,18.68,22.433,0.30599,0.098665,342.47,77.373,6.7982,13.777,32.279,4517.2,21.961,43.352,49.211,79.821,2.1857,1.6437,3115.8,42.301,53.985,94.475,9.4182,59.204,35.778,39.391,2646.7,63.022,26.164,46.039,0.3325,8.9644,26.725,120.43,1.175,74.945,24.738,2.2089,53.569,4.8172,224.01,0.023598,0.81384,65.431,18.462,44.34
106,2026-04-26T15:15:00,50.31,23.044,26.793,32.716,41.441,2717.8,3700.5,20.486,18.609,22.666,0.23528,0.098665,342.56,77.122,6.8156,13.656,32.5,4540.8,21.951,47.251,49.173,79.821,2.2343,1.6561,3113.2,42.766,54.466,94.447,9.2234,62.339,35.666,39.501,2647.1,63.245,25.328,45.765,0.33439,8.8609,26.606,120.39,1.2248,76.014,24.256,2.2503,53.569,4.8028,224.15,0.023598,0.81384,65.404,18.295,44.34
107,2026-04-26T15:18:00,51.293,23.105,27.041,32.716,40.995,2716.2,3667.3,18.748,18.609,22.665,0.23466,0.098665,342.83,77.359,6.8156,13.656,32.5,4534.7,22.678,49.527,50.565,79.804,2.2343,1.6561,3112.6,42.395,54.538,94.519,9.2576,61.421,39.762,39.973,2644.6,63.816,24.032,45.644,0.33052,8.8609,26.606,120.41,1.2248,75.558,24.256,2.2503,53.569,4.8028,222.57,0.023598,0.81384,65.364,18.295,44.34
108,2026-04-26T15:21:00,50.227,20.788,26.612,33.054,41.797,2715.2,3703.5,19.647,18.255,22.666,0.21119,0.11797,342.84,77.406,6.902,13.638,31.962,4528.8,22.292,47.06,50.148,79.889,2.2183,1.638,3110.8,42.674,55.086,94.372,9.3323,61.769,38.535,38.146,2645.3,63.112,24.028,45.191,0.31776,8.7173,26.711,120.41,1.1598,74.668,24.533,2.2236,53.811,4.8069,224.71,0.022782,0.83068,65.376,18.871,44.68
109,2026-04-26T15:24:00,49.048,20.873,26.911,33.054,41.06,2714.5,3702.8,16.908,18.255,22.673,0.21031,0.11797,342.63,77.055,6.902,13.638,31.962,4583.0,23.458,44.331,49.618,79.917,2.2183,1.638,3110.7,42.488,54.437,94.697,9.1994,63.608,36.975,37.798,2643.3,63.122,24.115,45.178,0.32061,8.7173,26.711,120.36,1.1598,75.415,24.533,2.2236,53.811,4.8069,221.9,0.022782,0.83068,65.381,18.871,44.68
110,2026-04-26T15:27:00,52.686,25.807,26.674,33.267,41.304,2713.3,3662.7,18.137,18.176,22.752,0.26347,0.11797,341.96,77.263,6.9486,13.654,32.035,4516.6,22.939,52.75,50.013,79.788,2.2476,1.6654,3108.2,42.284,53.851,94.47,9.2115,61.091,38.138,37.853,2642.1,63.077,25.284,45.007,0.31409,8.8873,26.434,120.4,1.33,74.893,24.115,2.2288,53.811,4.7538,220.89,0.022782,0.83068,65.356,18.096,44.68
111,2026-04-26T15:30:00,48.545,25.881,26.88,33.267,40.591,2713.1,3676.3,16.475,18.176,22.829,0.26272,0.11797,341.9,77.269,6.9486,13.654,32.035,4500.2,23.636,43.166,52.238,79.895,2.2476,1.6654,3108.6,42.201,54.047,94.739,9.2272,59.396,44.686,37.394,2641.9,62.843,24.491,44.754,0.31785,8.8873,26.434,120.38,1.33,76.041,24.115,2.2288,53.811,4.7538,220.83,0.022782,0.83068,65.306,18.096,44.68
112,2026-04-26T15:33:00,50.41,25.558,27.09,32.995,41.271,2712.6,3633.9,15.555,18.485,22.57,0.25567,0.11797,341.65,77.177,6.9568,13.847,32.391,4618.2,24.024,47.483,49.692,80.001,2.2748,1.6399,3109.2,42.045,54.586,94.534,9.2245,62.764,37.194,37.76,2641.9,63.123,26.013,44.288,0.31626,8.7845,26.39,120.4,1.2585,75.953,24.796,2.2618,53.811,4.7215,223.12,0.022782,0.83068,65.327,18.291,44.68
113,2026-04-26T15:36:00,50.744,25.241,26.998,32.995,41.052,2710.8,3633.8,20.118,18.485,22.506,0.2589,0.089414,341.63,77.077,6.9568,13.847,32.391,4568.2,22.111,48.255,50.398,79.806,2.2748,1.6399,3107.4,42.493,55.185,94.719,9.2615,61.012,39.272,37.546,2639.8,63.126,26.692,44.648,0.31801,8.7845,26.39,120.39,1.2585,75.912,24.796,2.2618,53.484,4.7215,220.73,-0.00058971,0.82745,65.333,18.291,43.674
114,2026-04-26T15:39:00,49.865,22.079,27.009,32.906,41.431,2710.4,3625.7,17.546,18.458,22.738,0.22166,0.089414,341.76,77.138,6.9049,13.684,32.102,4569.4,23.194,46.223,49.634,79.888,2.1738,1.6118,3106.5,42.323,54.79,94.638,9.3188,62.023,37.022,40.712,2640.5,63.125,24.852,44.587,0.33339,8.7808,26.569,120.41,1.244,75.54,24.818,2.3034,53.484,4.7468,220.51,-0.00058971,0.82745,65.26,18.365,43.674
115,2026-04-26T15:42:00,51.95,21.845,26.975,32.906,40.381,2708.7,3652.1,17.928,18.458,22.299,0.22404,0.089414,340.78,76.924,6.9049,13.684,32.102,4589.2,23.047,51.046,50.659,79.803,2.1738,1.6118,3106.1,42.19,54.552,94.706,9.2623,62.217,40.039,40.007,2637.3,62.672,24.893,44.615,0.33917,8.7808,26.569,120.39,1.244,75.19,24.818,2.3034,53.484,4.7468,219.3,-0.00058971,0.82745,65.255,18.365,43.674
116,2026-04-26T15:45:00,49.253,24.849,26.577,33.124,41.519,2710.3,3671.6,17.111,18.679,22.174,0.24822,0.089414,340.78,77.351,6.7485,13.785,31.61,4576.8,23.377,44.804,50.998,80.035,2.251,1.6749,3107.1,42.683,54.596,94.692,9.3827,61.514,41.036,37.918,2638.7,62.745,25.645,44.571,0.31989,8.9606,26.579,120.42,1.0407,75.114,24.735,2.3603,53.484,4.7958,218.9,-0.00058971,0.82745,65.239,18.874,43.674
117,2026-04-26T15:48:00,50.765,24.379,26.775,33.124,40.974,2709.8,3707.1,17.727,18.679,22.149,0.253,0.089414,340.53,77.076,6.7485,13.785,31.61,4607.6,23.125,48.304,50.05,79.981,2.251,1.6749,3106.8,42.151,54.226,94.629,9.2799,60.528,38.247,37.853,2639.1,62.133,22.974,44.492,0.32042,8.9606,26.579,120.4,1.0407,76.091,24.735,2.3603,53.484,4.7958,218.87,-0.00058971,0.82745,65.255,18.874,43.674
118,2026-04-26T15:51:00,50.083,29.652,26.999,32.575,41.53,2708.1,3699.8,20.29,18.749,22.186,0.30143,0.098361,340.36,76.986,6.9853,13.873,31.769,4495.2,22.052,46.727,50.626,79.901,2.2552,1.6465,3106.6,42.506,54.348,94.639,9.4366,59.16,39.942,39.455,2636.2,63.683,24.483,44.284,0.3283,8.8457,26.463,120.4,1.2745,75.153,23.93,2.3077,52.971,4.81,219.25,0.026687,0.83441,65.234,19.036,44.143
119,2026-04-26T15:54:00,49.946,29.74,27.272,32.575,41.322,2705.1,3687.3,17.109,18.749,21.927,0.30054,0.098361,339.73,76.835,6.9853,13.873,31.769,4463.9,23.41,46.409,49.325,79.727,2.2552,1.6465,3104.7,42.409,54.723,94.553,9.2034,62.468,36.113,39.371,2633.1,63.898,25.15,44.171,0.329,8.8457,26.463,120.4,1.2745,74.962,23.93,2.3077,52.971,4.81,219.2,0.026687,0.83441,65.192,19.036,44.143
120,2026-04-26T15:57:00,50.598,28.525,27.01,32.997,41.524,2704.1,3655.5,17.162,18.947,22.042,0.29257,0.098361,340.52,77.207,6.9474,13.837,32.188,4480.2,23.383,47.918,51.046,79.771,2.2493,1.6276,3101.3,42.04,54.1,94.667,9.2053,62.209,41.178,40.585,2632.9,62.382,24.746,44.037,0.33858,8.8579,26.354,120.41,1.2658,74.65,24.552,2.2874,52.971,4.7834,219.41,0.026687,0.83441,65.123,18.653,44.143
121,2026-04-26T16:00:00,50.558,28.962,26.705,32.997,40.994,2707.9,3631.6,19.427,18.947,22.344,0.28813,0.098361,340.93,77.556,6.9474,13.837,32.188,4514.8,22.41,47.826,49.58,80.177,2.2493,1.6276,3103.4,42.388,53.685,94.76,9.195,59.326,36.865,40.392,2636.3,62.795,24.393,44.1,0.34016,8.8579,26.354,120.39,1.2658,76.416,24.552,2.2874,52.971,4.7834,217.38,0.026687,0.83441,65.165,18.653,44.143
122,2026-04-26T16:03:00,50.679,25.047,26.923,32.823,40.934,2705.2,3673.9,19.164,18.774,21.881,0.25113,0.098361,339.94,77.42,7.0258,13.847,32.368,4506.4,22.514,48.105,49.51,80.281,2.2176,1.6337,3104.0,42.139,54.717,94.65,9.1931,61.661,36.657,39.971,2634.2,62.32,24.167,44.038,0.33609,8.928,26.46,120.39,1.2231,75.527,23.895,2.2812,52.971,4.808,216.68,0.026687,0.83441,65.253,18.804,44.143
123,2026-04-26T16:06:00,51.306,25.028,27.077,32.823,40.587,2702.4,3653.0,16.814,18.774,21.843,0.25132,0.086345,339.5,77.096,7.0258,13.847,32.368,4540.4,23.519,49.556,50.736,80.081,2.2176,1.6337,3100.8,42.325,54.309,94.7,9.3175,58.54,40.267,39.885,2630.5,62.679,25.198,44.122,0.3368,8.928,26.46,120.39,1.2231,75.663,23.895,2.2812,53.551,4.808,216.24,0.022233,0.84945,65.293,18.804,44.346
124,2026-04-26T16:09:00,49.458,23.376,27.047,32.522,40.658,2700.8,3636.2,14.743,18.994,21.872,0.23161,0.086345,339.4,77.272,7.1423,13.748,32.26,4542.7,24.388,45.28,48.024,80.069,2.2503,1.6416,3098.8,42.011,53.919,94.77,9.2476,61.062,32.284,40.199,2628.8,62.182,24.481,43.957,0.33665,8.77,26.058,120.4,1.4254,75.573,24.251,2.3015,53.551,4.9109,217.54,0.022233,0.84945,65.29,19.218,44.346
125,2026-04-26T16:12:00,50.197,23.003,26.819,32.522,40.735,2701.1,3615.4,21.735,18.994,21.803,0.2354,0.086345,339.7,77.259,7.1423,13.748,32.26,4551.2,21.442,46.989,49.823,80.187,2.2503,1.6416,3098.1,42.347,53.817,94.909,9.104,59.812,37.579,40.205,2628.7,62.539,25.353,44.023,0.33661,8.77,26.058,120.39,1.4254,75.527,24.251,2.3015,53.551,4.9109,216.25,0.022233,0.84945,65.277,19.218,44.346
126,2026-04-26T16:15:00,52.116,23.856,26.983,33.07,40.22,2699.0,3592.3,19.983,19.078,21.805,0.24492,0.086345,339.53,77.029,6.8431,13.733,31.972,4451.3,22.189,51.43,50.759,80.082,2.2471,1.6269,3096.7,42.283,53.957,94.96,9.121,59.353,40.334,38.962,2627.2,61.725,23.725,43.853,0.32473,9.0069,26.406,120.37,1.258,75.85,24.226,2.3029,53.551,4.7841,217.6,0.022233,0.84945,65.286,18.97,44.346
127,2026-04-26T16:18:00,48.5,23.953,26.908,33.07,40.248,2700.0,3559.4,18.345,19.078,22.152,0.24394,0.086345,339.39,76.995,6.8431,13.733,31.972,4456.2,22.887,43.062,49.053,79.993,2.2471,1.6269,3095.4,42.063,53.899,95.084,9.2705,60.808,35.314,39.09,2627.4,62.291,24.903,43.821,0.32368,9.0069,26.406,120.41,1.258,74.872,24.226,2.3029,53.551,4.7841,217.44,0.022233,0.84945,65.239,18.97,44.346
128,2026-04-26T16:21:00,48.312,26.786,26.441,32.782,39.559,2699.7,3639.2,18.077,18.633,21.586,0.27227,0.091625,339.65,77.078,6.7263,13.866,31.928,4492.2,23.003,42.627,49.75,80.038,2.2494,1.6776,3098.0,42.254,54.024,94.765,9.3064,61.57,37.363,38.468,2628.1,63.438,24.691,44.21,0.32437,9.0147,26.272,120.39,1.356,74.902,23.842,2.3317,53.326,4.9451,217.04,0.019046,0.84498,65.201,18.727,44.005
129,2026-04-26T16:24:00,51.981,26.773,26.649,32.782,41.763,2699.2,3659.5,18.359,18.633,21.694,0.2724,0.091625,339.49,77.237,6.7263,13.866,31.928,4475.8,22.889,51.12,50.45,79.926,2.2494,1.6776,3098.4,42.185,54.22,94.808,9.3339,59.822,39.423,38.267,2627.6,63.088,25.042,44.403,0.32602,9.0147,26.272,120.45,1.356,75.15,23.842,2.3317,53.326,4.9451,216.32,0.019046,0.84498,65.182,18.727,44.005
130,2026-04-26T16:27:00,51.058,27.33,27.064,32.621,41.185,2699.4,3700.0,14.934,19.077,21.472,0.28032,0.091625,339.55,77.192,6.7442,13.697,31.786,4508.1,24.331,48.981,50.163,80.073,2.2721,1.6632,3099.5,42.627,54.416,94.64,9.3199,61.879,38.581,40.373,2627.4,63.507,25.806,44.535,0.33773,9.0118,26.633,120.41,1.3515,75.717,23.528,2.248,53.326,4.8124,216.28,0.019046,0.84498,65.185,18.915,44.005
131,2026-04-26T16:30:00,49.653,27.504,26.825,32.621,41.438,2700.8,3700.2,19.28,19.077,21.758,0.27856,0.091625,339.36,77.4,6.7442,13.697,31.786,4555.3,22.491,45.73,49.371,80.247,2.2721,1.6632,3100.1,42.137,53.852,94.547,9.3283,60.136,36.248,40.101,2629.2,63.505,25.714,44.511,0.33996,9.0118,26.633,120.43,1.3515,74.705,23.528,2.248,53.326,4.8124,217.94,0.019046,0.84498,65.249,18.915,44.005
132,2026-04-26T16:33:00,49.57,29.048,27.009,32.815,40.676,2699.5,3669.9,16.93,19.191,21.535,0.29715,0.091625,338.52,77.412,6.8293,13.807,31.449,4503.7,23.476,45.538,51.202,80.254,2.2816,1.6781,3100.7,42.529,54.002,94.603,9.2841,58.334,41.636,37.958,2627.4,64.006,25.299,44.498,0.31996,8.8352,26.475,120.41,1.2645,74.684,23.722,2.2305,53.326,4.7731,219.45,0.019046,0.84498,65.293,19.11,44.005
133,2026-04-26T16:36:00,49.775,29.117,26.785,32.815,41.799,2701.1,3688.7,19.379,19.191,21.754,0.29645,0.11908,339.11,77.381,6.8293,13.807,31.449,4536.9,22.437,46.012,50.27,80.496,2.2816,1.6781,3100.5,42.38,53.604,94.36,9.336,61.195,38.896,38.207,2629.8,63.683,26.3,44.717,0.31791,8.8352,26.475,120.4,1.2645,75.912,23.722,2.2305,52.544,4.7731,217.24,0.0052849,0.84756,65.385,19.11,43.815
134,2026-04-26T16:39:00,48.424,32.894,27.143,32.234,41.58,2698.2,3675.6,17.011,19.318,21.132,0.33508,0.11908,338.45,77.122,7.0125,13.819,31.814,4508.8,23.441,42.888,49.916,80.302,2.2563,1.6724,3100.2,42.578,53.421,94.498,9.1772,60.609,37.852,39.195,2625.4,63.253,25.763,44.596,0.33307,9.045,26.307,120.41,1.368,74.696,24.15,2.3557,52.544,4.7875,219.45,0.0052849,0.84756,65.416,19.023,43.815
135,2026-04-26T16:42:00,50.829,32.978,26.9,32.234,41.327,2696.9,3645.9,18.11,19.318,21.28,0.33423,0.11908,339.02,77.118,7.0125,13.819,31.814,4513.6,22.985,48.453,47.404,80.132,2.2563,1.6724,3097.3,42.251,53.363,94.642,9.4187,59.955,30.461,39.217,2624.6,63.764,26.158,44.586,0.33289,9.045,26.307,120.38,1.368,75.233,24.15,2.3557,52.544,4.7875,220.44,0.0052849,0.84756,65.391,19.023,43.815
136,2026-04-26T16:45:00,51.755,30.14,27.154,32.21,40.944,2696.8,3645.2,18.978,19.294,21.82,0.30412,0.11908,339.94,77.092,7.0511,13.769,31.759,4500.9,22.624,50.595,49.881,80.127,2.2988,1.6635,3094.6,42.184,53.679,94.675,9.276,61.47,37.751,39.491,2625.2,62.132,26.168,44.78,0.33314,8.8499,26.761,120.42,1.1223,74.704,24.19,2.4137,52.544,4.9305,219.17,0.0052849,0.84756,65.383,18.884,43.815
137,2026-04-26T16:48:00,49.469,29.863,26.916,32.21,40.257,2698.9,3653.2,17.07,19.294,22.103,0.30695,0.11908,340.3,77.301,7.0511,13.769,31.759,4531.7,23.418,45.306,50.295,80.253,2.2988,1.6635,3095.5,42.122,53.311,94.699,9.2068,61.949,38.968,39.565,2627.3,61.994,25.754,44.879,0.33253,8.8499,26.761,120.36,1.1223,75.433,24.19,2.4137,52.544,4.9305,218.95,0.0052849,0.84756,65.382,18.884,43.815
138,2026-04-26T16:51:00,51.863,30.887,26.754,33.019,41.677,2701.7,3632.8,16.914,18.871,22.137,0.31548,0.10507,340.52,77.561,6.9929,13.594,32.021,4544.3,23.47,50.846,50.917,80.423,2.2867,1.6648,3097.3,42.496,53.472,94.727,9.2615,61.383,40.797,39.066,2630.1,61.865,23.544,44.965,0.32544,9.0002,25.914,120.41,1.4726,74.992,23.705,2.3131,53.15,4.8081,219.8,0.016821,0.85936,65.403,18.938,44.054
139,2026-04-26T16:54:00,51.405,30.898,27.047,33.019,39.673,2702.2,3631.5,17.141,18.871,21.971,0.31537,0.10507,340.57,77.651,6.9929,13.594,32.021,4501.8,23.364,49.786,50.496,80.433,2.2867,1.6648,3099.3,42.086,53.982,94.77,9.2743,60.9,39.558,38.957,2630.5,61.887,22.869,45.007,0.32634,9.0002,25.914,120.36,1.4726,75.878,23.705,2.3131,53.15,4.8081,220.56,0.016821,0.85936,65.496,18.938,44.054
140,2026-04-26T16:57:00,50.031,28.674,27.01,32.566,41.331,2701.7,3631.9,16.978,18.731,21.85,0.29343,0.10507,340.55,77.279,7.0216,13.929,32.298,4502.0,23.441,46.605,48.754,80.334,2.309,1.7032,3100.2,42.499,53.822,94.687,9.2113,62.102,34.434,36.361,2630.2,62.258,25.627,45.118,0.3073,8.9371,26.491,120.41,1.1829,75.632,23.405,2.3618,53.15,4.8885,220.54,0.016821,0.85936,65.525,18.682,44.054
141,2026-04-26T17:00:00,48.395,28.62,26.926,32.566,40.654,2702.8,3611.9,17.897,18.731,22.217,0.29397,0.10507,340.76,77.014,7.0216,13.929,32.298,4455.8,23.065,42.819,49.681,80.18,2.309,1.7032,3100.1,42.716,54.375,94.814,9.2638,60.597,37.161,36.788,2631.1,62.603,26.753,45.103,0.30379,8.9371,26.491,120.37,1.1829,75.238,23.405,2.3618,53.15,4.8885,221.97,0.016821,0.85936,65.488,18.682,44.054
142,2026-04-26T17:03:00,49.068,26.209,26.715,33.015,40.36,2701.8,3614.5,20.541,18.417,22.212,0.26562,0.10507,341.14,77.106,6.8581,13.806,32.188,4518.1,21.954,44.377,50.691,80.047,2.2399,1.7069,3097.6,42.55,54.252,94.953,9.454,62.242,40.133,40.721,2630.0,62.189,24.032,45.309,0.34447,9.0196,25.852,120.39,1.0817,74.891,23.392,2.3727,53.15,4.912,220.94,0.016821,0.85936,65.419,19.043,44.054
143,2026-04-26T17:06:00,49.77,26.18,27.178,33.015,40.096,2701.7,3632.7,17.58,18.417,21.988,0.26592,0.10043,341.04,77.141,6.8581,13.806,32.188,4485.4,23.204,46.003,50.332,79.982,2.2399,1.7069,3100.2,42.51,54.643,94.811,9.3667,62.026,39.077,40.734,2630.2,61.875,25.7,45.476,0.34437,9.0196,25.852,120.38,1.0817,74.112,23.392,2.3727,54.19,4.912,224.14,0.036953,0.88407,65.397,19.043,44.459
144,2026-04-26T17:09:00,51.435,27.046,26.855,33.465,40.877,2704.1,3640.7,16.75,18.996,22.167,0.27725,0.10043,341.14,77.122,6.826,14.017,32.284,4467.0,23.557,49.854,50.117,80.025,2.2961,1.6544,3101.5,42.366,53.964,94.883,9.3013,62.11,38.445,39.8,2632.7,63.118,24.048,45.709,0.32557,9.1452,26.337,120.42,1.352,74.02,23.863,2.3108,54.19,4.7987,224.48,0.036953,0.88407,65.375,19.094,44.459
145,2026-04-26T17:12:00,49.24,27.248,26.615,33.465,40.416,2706.7,3629.3,17.253,18.996,22.295,0.27519,0.10043,341.48,77.671,6.826,14.017,32.284,4531.2,23.327,44.774,51.65,80.219,2.2961,1.6544,3102.9,42.272,53.197,94.613,9.2879,61.553,42.956,38.981,2635.9,63.313,24.699,45.957,0.33227,9.1452,26.337,120.4,1.352,74.899,23.863,2.3108,54.19,4.7987,224.63,0.036953,0.88407,65.394,19.094,44.459
146,2026-04-26T17:15:00,47.567,26.331,26.921,32.9,41.522,2708.2,3685.3,18.113,18.861,22.189,0.26498,0.10043,341.08,77.884,6.561,14.178,32.032,4459.8,22.944,40.902,49.742,80.423,2.3083,1.6889,3105.8,42.258,53.875,94.66,9.4097,61.985,37.342,42.056,2636.1,62.669,23.74,46.308,0.35447,9.0831,26.416,120.44,1.3049,75.299,23.568,2.363,54.19,4.8147,223.52,0.036953,0.88407,65.491,18.655,44.459
147,2026-04-26T17:18:00,50.488,26.15,27.054,32.9,40.844,2706.7,3681.0,17.728,18.861,21.99,0.26683,0.10043,341.06,77.428,6.561,14.178,32.032,4470.8,23.116,47.664,50.019,80.34,2.3083,1.6889,3106.1,42.599,53.743,94.482,9.3193,60.764,38.156,41.798,2634.8,62.742,25.565,46.433,0.35658,9.0831,26.416,120.38,1.3049,75.398,23.568,2.363,54.19,4.8147,224.94,0.036953,0.88407,65.593,18.655,44.459
148,2026-04-26T17:21:00,49.754,28.675,26.85,33.132,41.356,2704.6,3754.5,18.952,19.004,21.994,0.29036,0.095971,340.71,77.081,6.7692,14.256,32.236,4553.7,22.615,45.965,51.564,80.107,2.2521,1.6984,3104.7,42.382,53.813,94.602,9.4676,59.899,42.701,44.299,2633.8,63.98,25.937,47.206,0.37473,9.1595,25.79,120.42,1.1877,75.75,23.759,2.3268,53.607,4.9188,226.91,0.01403,0.85809,65.586,19.166,43.873
149,2026-04-26T17:24:00,49.907,28.489,27.24,33.132,41.993,2704.9,3747.6,16.334,19.004,21.915,0.29225,0.095971,340.69,77.385,6.7692,14.256,32.236,4518.7,23.705,46.319,48.995,80.243,2.2521,1.6984,3105.1,42.56,54.232,94.342,9.3791,60.105,35.144,44.37,2633.2,64.1,24.416,47.594,0.37415,9.1595,25.79,120.44,1.1877,75.609,23.759,2.3268,53.607,4.9188,228.78,0.01403,0.85809,65.616,19.166,43.873
150,2026-04-26T17:27:00,49.038,26.725,26.835,32.849,40.793,2703.2,3696.7,16.393,18.724,21.982,0.27185,0.095971,340.27,77.178,6.8147,14.346,31.955,4494.7,23.683,44.307,50.436,80.224,2.2411,1.6975,3101.9,42.313,53.243,94.63,9.3545,61.649,39.384,45.307,2631.7,63.353,26.547,48.056,0.38827,9.1537,26.123,120.38,1.2993,75.544,23.505,2.2942,53.607,4.7818,229.75,0.01403,0.85809,65.71,19.125,43.873
151,2026-04-26T17:30:00,49.991,26.805,26.828,32.849,41.182,2703.8,3694.2,18.803,18.724,22.043,0.27104,0.095971,340.81,77.546,6.8147,14.346,31.955,4456.1,22.654,46.513,50.812,80.386,2.2411,1.6975,3101.1,42.203,53.705,94.439,9.3021,60.988,40.491,45.785,2632.1,63.397,25.701,48.268,0.38435,9.1537,26.123,120.41,1.2993,74.871,23.505,2.2942,53.607,4.7818,233.51,0.01403,0.85809,65.77,19.125,43.873
152,2026-04-26T17:33:00,49.132,29.626,26.78,32.653,41.046,2701.5,3680.2,19.986,18.937,21.811,0.29862,0.095971,340.71,76.979,6.9475,14.32,32.167,4440.2,22.173,44.526,50.751,80.218,2.2861,1.623,3099.7,42.665,53.933,94.74,9.3731,61.523,40.311,47.109,2629.3,63.323,24.898,48.572,0.39901,9.2416,25.631,120.41,1.4702,74.368,23.22,2.3057,53.607,4.8048,236.19,0.01403,0.85809,65.864,18.795,43.873
153,2026-04-26T17:36:00,49.962,29.519,26.903,32.653,40.648,2698.0,3686.4,17.587,18.937,21.683,0.29972,0.09622,340.43,77.06,6.9475,14.32,32.167,4480.3,23.192,46.446,50.098,79.947,2.2861,1.623,3098.1,42.048,53.453,94.658,9.2941,63.444,38.389,46.863,2626.9,63.217,25.363,48.656,0.40103,9.2416,25.631,120.38,1.4702,74.001,23.22,2.3057,52.973,4.8048,234.64,0.025621,0.85827,65.848,18.795,43.65
154,2026-04-26T17:39:00,50.013,27.677,26.918,32.493,40.767,2700.8,3626.0,17.224,18.838,22.18,0.2802,0.09622,340.78,77.49,6.8887,14.559,32.095,4489.2,23.336,46.564,50.24,80.112,2.3259,1.6464,3098.2,41.887,54.125,94.719,9.4174,59.996,38.806,47.329,2629.8,63.092,25.765,48.935,0.39775,9.251,26.104,120.39,1.4002,74.39,22.926,2.2833,52.973,4.8981,234.72,0.025621,0.85827,65.813,18.904,43.65
155,2026-04-26T17:42:00,49.975,27.497,27.179,32.493,40.542,2705.0,3642.0,19.18,18.838,22.545,0.28203,0.09622,341.4,77.326,6.8887,14.559,32.095,4526.1,22.512,46.476,51.285,80.301,2.3259,1.6464,3101.8,42.649,53.683,94.787,9.4568,60.849,41.88,47.118,2633.8,62.816,25.008,49.123,0.39949,9.251,26.104,120.4,1.4002,75.026,22.926,2.2833,52.973,4.8981,235.78,0.025621,0.85827,65.873,18.904,43.65
156,2026-04-26T17:45:00,49.868,28.447,27.184,32.787,40.75,2704.9,3638.8,17.373,18.482,22.385,0.28752,0.09622,341.13,77.502,6.9618,14.585,31.9,4541.8,23.267,46.228,48.876,80.202,2.2387,1.6875,3101.9,42.771,53.215,94.704,9.3764,62.465,34.791,50.569,2633.1,63.353,24.898,49.07,0.43113,9.2364,25.924,120.41,1.1003,73.87,22.87,2.2614,52.973,4.8149,239.51,0.025621,0.85827,65.908,18.768,43.65
157,2026-04-26T17:48:00,49.733,28.23,26.717,32.787,41.642,2707.7,3672.4,16.345,18.482,21.988,0.28973,0.09622,341.12,77.933,6.9618,14.585,31.9,4477.7,23.679,45.916,49.42,80.372,2.2387,1.6875,3105.5,42.269,53.982,94.72,9.4757,60.348,36.394,51.046,2635.5,62.775,24.251,49.521,0.42722,9.2364,25.924,120.41,1.1003,75.078,22.87,2.2614,52.973,4.8149,237.56,0.025621,0.85827,65.96,18.768,43.65
158,2026-04-26T17:51:00,49.39,30.498,26.66,32.865,41.202,2710.1,3670.4,18.259,18.757,22.001,0.30832,0.11129,341.21,77.75,6.8825,14.542,32.474,4506.1,22.867,45.121,50.64,80.563,2.2472,1.6511,3108.9,42.665,53.966,94.554,9.4941,62.119,39.984,51.975,2638.8,62.127,23.177,49.68,0.43435,9.4615,26.042,120.4,1.5069,74.941,22.549,2.4453,52.742,4.7988,239.33,0.0056672,0.84369,66.052,18.584,43.9
159,2026-04-26T17:54:00,49.391,30.387,26.481,32.865,40.485,2709.0,3635.6,20.222,18.757,21.757,0.30945,0.11129,341.35,77.643,6.8825,14.542,32.474,4480.3,22.042,45.125,51.427,80.294,2.2472,1.6511,3108.3,42.415,54.275,94.805,9.5278,61.138,42.3,51.384,2637.3,62.726,25.098,49.884,0.43919,9.4615,26.042,120.4,1.5069,74.856,22.549,2.4453,52.742,4.7988,240.32,0.0056672,0.84369,66.097,18.584,43.9
160,2026-04-26T17:57:00,49.207,24.807,27.016,32.967,40.67,2710.3,3631.8,18.632,18.722,22.409,0.2551,0.11129,341.86,77.423,6.9057,14.719,32.561,4513.5,22.72,44.699,50.965,80.192,2.2682,1.6568,3107.2,42.443,54.346,94.691,9.294,63.492,40.941,51.946,2638.6,63.449,23.908,50.207,0.43418,9.5982,25.611,120.39,1.3028,73.606,23.435,2.2783,52.742,4.8623,240.0,0.0056672,0.84369,66.098,18.854,43.9
161,2026-04-26T18:00:00,50.202,24.8,27.013,32.967,41.057,2708.2,3642.5,16.535,18.722,21.956,0.25518,0.11129,341.67,77.09,6.9057,14.719,32.561,4478.3,23.622,47.001,50.807,79.914,2.2682,1.6568,3106.2,42.618,54.768,94.854,9.5263,60.369,40.474,51.642,2635.1,63.265,25.192,50.535,0.43667,9.5982,25.611,120.4,1.3028,74.331,23.435,2.2783,52.742,4.8623,239.63,0.0056672,0.84369,66.059,18.854,43.9
162,2026-04-26T18:03:00,49.134,23.857,26.724,32.886,41.137,2708.4,3622.7,18.514,18.416,22.169,0.24115,0.11129,341.91,77.288,7.1068,14.669,31.759,4534.0,22.786,44.53,51.203,79.981,2.2584,1.6606,3105.8,42.42,53.449,94.768,9.448,62.99,41.639,54.319,2636.8,63.391,25.829,50.413,0.46325,9.3549,25.551,120.39,1.1471,73.963,23.043,2.2499,52.742,4.835,244.35,0.0056672,0.84369,66.004,18.762,43.9
163,2026-04-26T18:06:00,49.055,23.816,26.725,32.886,40.871,2709.1,3640.4,17.922,18.416,22.025,0.24157,0.10126,341.74,77.174,7.1068,14.669,31.759,4522.3,23.04,44.347,48.894,79.974,2.2584,1.6606,3107.5,42.818,53.589,94.841,9.5239,61.366,34.846,54.605,2637.1,63.087,26.452,50.465,0.46091,9.3549,25.551,120.4,1.1471,74.36,23.043,2.2499,54.323,4.835,243.24,0.033154,0.85885,66.025,18.762,43.405
164,2026-04-26T18:09:00,48.287,31.323,26.667,33.144,40.755,2713.7,3576.1,17.883,18.398,22.079,0.32092,0.10126,342.08,78.05,6.7035,14.772,32.52,4537.5,23.031,42.57,50.19,80.134,2.2669,1.6073,3111.0,42.568,53.627,94.759,9.503,61.068,38.66,54.51,2641.5,62.313,24.404,50.489,0.46127,9.501,25.873,120.4,1.3198,74.065,22.782,2.2373,54.323,4.8308,244.64,0.033154,0.85885,66.001,18.689,43.405
165,2026-04-26T18:12:00,48.657,31.439,26.593,33.144,41.611,2721.6,3582.2,17.041,18.398,22.437,0.31974,0.10126,342.55,78.345,6.7035,14.772,32.52,4514.9,23.362,43.426,50.331,80.448,2.2669,1.6073,3117.2,42.399,53.897,94.775,9.4409,62.593,39.074,54.592,2649.9,62.207,25.295,50.634,0.4606,9.501,25.873,120.4,1.3198,74.741,22.782,2.2373,54.323,4.8308,244.6,0.033154,0.85885,66.051,18.689,43.405
166,2026-04-26T18:15:00,50.967,24.437,26.749,33.223,40.627,2721.7,3675.0,16.452,18.533,21.984,0.24469,0.10126,342.41,77.918,6.8465,14.867,31.966,4515.8,23.613,48.772,48.378,80.409,2.242,1.6111,3121.0,42.195,54.073,94.495,9.4777,63.119,33.327,56.872,2649.3,64.126,24.548,50.87,0.47547,9.3854,26.097,120.4,1.2649,72.783,22.77,2.2709,54.323,4.8078,243.48,0.033154,0.85885,66.165,18.297,43.405
167,2026-04-26T18:18:00,50.422,24.251,26.721,33.223,41.812,2721.5,3664.5,17.466,18.533,22.473,0.24659,0.10126,342.81,77.696,6.8465,14.867,31.966,4537.0,23.185,47.51,49.727,80.277,2.242,1.6111,3120.7,42.67,53.819,94.585,9.5403,60.539,37.297,56.854,2649.6,64.307,24.234,50.977,0.47562,9.3854,26.097,120.44,1.2649,73.52,22.77,2.2709,54.323,4.8078,243.82,0.033154,0.85885,66.179,18.297,43.405
168,2026-04-26T18:21:00,48.694,29.226,27.049,32.24,41.514,2719.4,3650.0,17.439,18.716,22.293,0.30202,0.10459,342.97,77.4,6.903,15.009,31.923,4579.8,23.213,43.511,50.559,79.922,2.1927,1.6167,3119.3,42.753,54.316,94.43,9.3909,61.464,39.745,58.462,2647.5,63.402,25.719,51.397,0.49542,9.6327,25.961,120.4,1.2363,74.083,23.285,2.2882,54.124,4.8174,245.36,0.025667,0.82777,66.161,18.824,43.708
169,2026-04-26T18:24:00,50.181,29.377,26.654,32.24,40.351,2721.5,3678.0,18.561,18.716,22.136,0.30049,0.10459,343.22,77.834,6.903,15.009,31.923,4560.4,22.728,46.952,49.157,79.981,2.1927,1.6167,3120.3,42.88,54.549,94.65,9.4409,62.213,35.621,58.32,2649.6,62.92,26.678,51.559,0.49659,9.6327,25.961,120.38,1.2363,74.477,23.285,2.2882,54.124,4.8174,247.2,0.025667,0.82777,66.087,18.824,43.708
170,2026-04-26T18:27:00,51.28,30.259,27.029,33.307,41.197,2724.7,3629.8,14.384,18.394,22.873,0.30494,0.10459,343.9,78.039,6.8112,15.133,32.235,4476.7,24.477,49.497,51.114,80.056,2.2286,1.5903,3121.2,42.714,54.295,94.523,9.5986,63.066,41.379,61.091,2653.5,63.261,24.879,51.777,0.51833,9.6759,25.641,120.41,1.2047,74.149,22.702,2.2955,54.124,4.8553,248.38,0.025667,0.82777,66.133,18.54,43.708
171,2026-04-26T18:30:00,48.97,30.197,27.337,33.307,41.017,2726.8,3649.8,16.226,18.394,22.791,0.30556,0.10459,343.62,78.066,6.8112,15.133,32.235,4502.1,23.688,44.149,47.93,80.186,2.2286,1.5903,3124.7,42.625,53.99,94.663,9.5799,63.805,32.009,61.216,2655.3,62.917,26.809,52.048,0.51731,9.6759,25.641,120.42,1.2047,74.598,22.702,2.2955,54.124,4.8553,248.93,0.025667,0.82777,66.163,18.54,43.708
172,2026-04-26T18:33:00,48.834,27.188,26.615,33.401,41.52,2727.8,3716.9,17.21,18.443,22.664,0.27818,0.10459,344.23,78.213,6.8396,14.933,32.429,4549.4,23.264,43.836,51.252,80.206,2.2174,1.6294,3125.1,42.894,54.138,94.417,9.5586,62.214,41.784,63.392,2656.2,62.591,23.117,52.178,0.54182,9.6591,25.347,120.42,1.2641,75.164,22.981,2.2664,54.124,4.7458,251.03,0.025667,0.82777,66.224,18.518,43.708
173,2026-04-26T18:36:00,47.925,26.95,26.18,33.401,41.223,2728.9,3658.1,19.227,18.443,22.366,0.28059,0.10484,344.14,77.783,6.8396,14.933,32.429,4500.1,22.418,41.731,48.654,80.2,2.2174,1.6294,3126.6,42.893,54.727,94.65,9.6243,63.455,34.139,63.207,2657.0,63.603,25.622,51.971,0.54334,9.6591,25.347,120.4,1.2641,74.403,22.981,2.2664,53.58,4.7458,248.12,0.02894,0.83277,66.285,18.518,44.66
174,2026-04-26T18:39:00,48.271,25.438,27.044,33.233,41.476,2727.9,3671.3,15.198,18.286,22.86,0.25533,0.10484,344.73,77.711,6.8938,14.879,32.481,4559.4,24.118,42.533,50.881,79.911,2.1783,1.6176,3125.5,42.995,54.112,94.438,9.5608,63.106,40.694,61.59,2656.6,63.179,24.365,51.908,0.5275,9.7957,26.114,120.39,1.2879,75.153,22.965,2.3208,53.58,4.766,248.57,0.02894,0.83277,66.231,18.219,44.66
175,2026-04-26T18:42:00,51.605,25.177,26.663,33.233,41.003,2729.4,3651.2,18.886,18.286,23.102,0.25799,0.10484,344.79,77.911,6.8938,14.879,32.481,4547.8,22.562,50.249,49.343,79.855,2.1783,1.6176,3126.2,42.288,54.251,94.601,9.5687,62.397,36.167,61.278,2658.5,63.525,24.935,51.937,0.53006,9.7957,26.114,120.41,1.2879,74.021,22.965,2.3208,53.58,4.766,248.04,0.02894,0.83277,66.168,18.219,44.66
176,2026-04-26T18:45:00,50.246,24.445,27.126,33.006,41.325,2730.5,3675.5,18.996,18.069,23.209,0.24993,0.10484,345.35,77.702,6.743,15.123,32.636,4545.4,22.517,47.103,49.625,79.833,2.2093,1.5318,3127.4,42.493,55.082,94.513,9.5922,63.833,36.998,61.752,2659.8,62.647,23.85,51.8,0.52752,9.7676,25.586,120.39,1.0843,74.242,23.365,2.3379,53.58,4.7689,249.38,0.02894,0.83277,66.153,18.433,44.66
177,2026-04-26T18:48:00,51.487,24.463,26.594,33.006,40.991,2734.0,3676.9,16.57,18.069,23.072,0.24975,0.10484,345.56,77.658,6.743,15.123,32.636,4580.4,23.54,49.976,51.144,79.856,2.2093,1.5318,3128.9,42.937,54.663,94.631,9.5938,61.771,41.466,61.858,2662.7,62.623,25.44,51.95,0.52665,9.7676,25.586,120.39,1.0843,74.393,23.365,2.3379,53.58,4.7689,247.52,0.02894,0.83277,66.09,18.433,44.66
178,2026-04-26T18:51:00,51.568,22.617,26.957,33.272,41.462,2731.6,3697.8,15.029,18.361,22.973,0.23083,0.10369,345.47,77.56,7.0209,15.028,32.696,4523.5,24.194,50.163,49.201,79.698,2.2228,1.5825,3129.3,42.659,54.894,94.49,9.7848,61.695,35.748,65.681,2661.0,63.647,24.407,52.052,0.56299,9.7463,25.769,120.39,1.2017,75.373,23.277,2.2622,53.983,4.7883,247.54,0.015766,0.82171,66.078,18.375,43.037
179,2026-04-26T18:54:00,47.924,22.401,26.938,33.272,41.194,2733.4,3717.0,16.455,18.361,23.103,0.23303,0.10369,345.32,78.082,7.0209,15.028,32.696,4555.5,23.574,41.729,50.56,79.839,2.2228,1.5825,3130.0,42.569,54.511,94.534,9.5774,61.436,39.749,65.656,2663.2,63.315,24.459,51.912,0.5632,9.7463,25.769,120.41,1.2017,73.643,23.277,2.2622,53.983,4.7883,249.52,0.015766,0.82171,66.07,18.375,43.037
180,2026-04-26T18:57:00,50.126,21.749,27.129,33.29,40.232,2735.8,3632.2,17.549,18.139,23.051,0.21807,0.10369,345.22,78.193,6.8896,14.913,32.806,4573.3,23.102,46.826,50.002,80.003,2.1777,1.5489,3132.2,42.53,54.503,94.619,9.5685,64.243,38.106,65.565,2664.4,62.338,24.052,51.941,0.5584,9.6121,25.849,120.39,1.2693,74.202,23.486,2.2341,53.983,4.7091,249.58,0.015766,0.82171,66.084,18.27,43.037
181,2026-04-26T19:00:00,50.468,21.556,27.078,33.29,41.206,2736.8,3608.6,17.038,18.139,23.334,0.22003,0.10369,345.58,78.076,6.8896,14.913,32.806,4579.6,23.319,47.618,50.365,79.879,2.1777,1.5489,3133.1,42.454,54.428,94.566,9.5772,63.261,39.173,65.55,2665.3,62.744,24.508,51.734,0.55853,9.6121,25.849,120.42,1.2693,74.387,23.486,2.2341,53.983,4.7091,252.28,0.015766,0.82171,66.102,18.27,43.037
182,2026-04-26T19:03:00,49.094,19.841,26.919,33.389,40.278,2740.0,3655.9,20.791,18.043,23.278,0.20447,0.10369,346.0,78.251,6.8153,15.005,32.207,4582.0,21.723,44.437,49.625,79.946,2.1082,1.5936,3135.2,42.319,54.734,94.599,9.5684,63.008,36.995,64.76,2669.3,63.012,26.515,52.024,0.55353,9.8425,26.126,120.37,1.2706,73.253,23.157,2.2673,53.983,4.7454,249.42,0.015766,0.82171,66.114,17.892,43.037
183,2026-04-26T19:06:00,49.286,20.083,27.07,33.389,41.196,2741.9,3701.0,20.962,18.043,23.375,0.20202,0.078787,345.96,77.86,6.8153,15.005,32.207,4576.7,21.658,44.883,49.863,79.947,2.1082,1.5936,3138.4,42.086,54.797,94.536,9.5658,64.406,37.698,64.784,2671.0,62.237,22.89,51.784,0.55333,9.8425,26.126,120.41,1.2706,73.603,23.157,2.2673,53.232,4.7454,249.13,0.011754,0.79168,66.1,17.892,44.15
184,2026-04-26T19:09:00,49.01,25.375,26.733,33.418,41.392,2743.4,3660.7,15.362,17.781,23.12,0.25739,0.078787,346.08,77.813,6.6305,15.182,32.585,4622.9,24.018,44.242,49.854,79.769,2.1265,1.5923,3140.4,42.763,55.289,94.557,9.6097,64.115,37.671,66.164,2672.7,63.61,23.739,51.833,0.57595,9.7534,26.062,120.4,1.3061,74.227,23.384,2.2608,53.232,4.8493,247.53,0.011754,0.79168,66.093,18.394,44.15
185,2026-04-26T19:12:00,48.648,25.382,26.798,33.418,41.084,2745.7,3633.6,19.498,17.781,23.635,0.25731,0.078787,346.4,77.645,6.6305,15.182,32.585,4629.8,22.283,43.406,49.197,79.652,2.1265,1.5923,3140.8,42.565,55.206,94.413,9.6271,61.592,35.738,66.608,2675.0,64.076,25.208,51.647,0.57231,9.7534,26.062,120.4,1.3061,74.728,23.384,2.2608,53.232,4.8493,248.6,0.011754,0.79168,66.026,18.394,44.15
186,2026-04-26T19:15:00,50.961,21.679,26.719,33.412,41.462,2747.4,3717.8,19.009,17.732,23.641,0.21763,0.078787,346.35,78.077,6.8338,15.183,32.966,4594.1,22.474,48.758,51.062,79.675,2.1564,1.5748,3141.6,42.641,54.508,94.359,9.7495,61.36,41.226,70.128,2675.8,64.398,24.505,51.306,0.59771,9.521,26.062,120.4,1.1815,74.345,23.741,2.1822,53.232,4.7917,251.45,0.011754,0.79168,65.958,17.972,44.15
187,2026-04-26T19:18:00,50.279,21.601,27.012,33.412,42.113,2745.0,3734.8,17.678,17.732,23.437,0.21842,0.078787,346.3,77.699,6.8338,15.183,32.966,4570.1,23.039,47.18,49.063,79.718,2.1564,1.5748,3141.7,42.366,54.795,94.315,9.6653,63.362,35.344,70.088,2674.8,64.104,25.072,51.447,0.59804,9.521,26.062,120.42,1.1815,74.67,23.741,2.1822,53.232,4.7917,248.83,0.011754,0.79168,65.979,17.972,44.15
188,2026-04-26T19:21:00,49.951,17.259,26.918,33.294,41.149,2741.7,3705.2,20.602,17.831,23.183,0.17652,0.098794,346.29,77.568,6.8003,15.05,32.358,4622.0,21.816,46.42,50.868,79.533,2.1188,1.5961,3139.4,42.513,55.308,94.404,9.5937,63.12,40.653,70.623,2670.1,62.973,24.907,50.832,0.61036,9.6082,26.116,120.39,1.3136,73.999,23.546,2.2249,53.447,4.7281,245.56,0.022376,0.80512,65.914,17.738,44.272
189,2026-04-26T19:24:00,49.434,17.22,26.92,33.294,41.46,2741.5,3695.0,15.418,17.831,23.404,0.17691,0.098794,345.49,77.97,6.8003,15.05,32.358,4631.6,23.994,45.224,50.846,79.451,2.1188,1.5961,3137.4,42.726,55.193,94.559,9.7,62.258,40.589,70.498,2670.6,63.149,25.585,50.595,0.61139,9.6082,26.116,120.39,1.3136,74.713,23.546,2.2249,53.447,4.7281,243.3,0.022376,0.80512,65.811,17.738,44.272
190,2026-04-26T19:27:00,51.155,22.594,27.127,32.677,41.526,2745.6,3704.7,16.598,17.7,23.477,0.23,0.098794,346.1,78.111,6.7792,15.245,32.246,4687.4,23.487,49.206,47.645,79.652,2.0916,1.5719,3142.2,42.689,55.255,94.467,9.7546,62.639,31.169,70.181,2675.0,63.336,24.284,50.192,0.6006,9.7203,26.281,120.41,1.268,73.951,23.602,2.3147,53.447,4.7629,242.9,0.022376,0.80512,65.768,18.018,44.272
191,2026-04-26T19:30:00,48.549,22.657,26.793,32.677,41.075,2748.4,3672.4,17.573,17.7,23.446,0.22936,0.098794,345.78,78.015,6.7792,15.245,32.246,4689.0,23.074,43.176,49.941,79.799,2.0916,1.5719,3145.1,42.675,55.237,94.437,9.6309,62.629,37.927,70.261,2677.2,63.892,26.557,49.863,0.59994,9.7203,26.281,120.41,1.268,74.121,23.602,2.3147,53.447,4.7629,241.66,0.022376,0.80512,65.754,18.018,44.272
192,2026-04-26T19:33:00,51.838,23.71,26.945,33.041,40.322,2748.8,3682.6,18.215,17.698,23.31,0.23807,0.098794,345.34,78.19,7.044,15.048,32.627,4657.2,22.796,50.787,50.047,79.73,2.1358,1.5255,3145.9,42.624,55.082,94.404,9.5946,62.175,38.239,73.531,2677.8,63.988,25.709,49.629,0.63185,10.082,26.506,120.37,1.3719,74.318,23.768,2.1493,53.447,4.7149,239.38,0.022376,0.80512,65.739,18.501,44.272
193,2026-04-26T19:36:00,50.696,23.638,27.28,33.041,42.579,2750.6,3709.9,16.561,17.698,23.354,0.2388,0.078243,345.29,78.333,7.044,15.048,32.627,4647.3,23.476,48.146,49.41,79.923,2.1358,1.5255,3148.8,42.784,55.199,94.371,9.7318,61.355,36.363,73.627,2679.4,63.52,25.563,49.239,0.63107,10.082,26.506,120.41,1.3719,74.344,23.768,2.1493,53.201,4.7149,241.94,0.006517,0.79225,65.759,18.501,43.724
194,2026-04-26T19:39:00,49.499,19.692,26.81,33.053,40.367,2750.3,3627.2,17.598,17.203,23.626,0.19996,0.078243,345.48,78.071,6.7076,15.375,32.534,4582.7,23.042,45.375,49.968,79.834,2.0588,1.5299,3145.8,42.598,54.875,94.493,9.6821,64.905,38.007,71.822,2679.7,62.591,24.594,49.102,0.61879,9.8202,26.667,120.36,1.0656,74.747,24.029,2.2946,53.201,4.7708,239.9,0.006517,0.79225,65.743,17.871,43.724
195,2026-04-26T19:42:00,49.71,19.614,26.922,33.053,41.018,2751.0,3640.8,19.984,17.203,23.327,0.20076,0.078243,345.22,78.315,6.7076,15.375,32.534,4584.5,22.026,45.862,47.396,79.786,2.0588,1.5299,3147.3,42.134,54.854,94.655,9.5244,64.217,30.438,71.813,2679.9,62.357,24.027,48.888,0.61886,9.8202,26.667,120.4,1.0656,74.972,24.029,2.2946,53.201,4.7708,238.76,0.006517,0.79225,65.719,17.871,43.724
196,2026-04-26T19:45:00,49.858,20.2,27.105,32.711,40.479,2750.4,3727.6,18.784,17.762,23.164,0.20462,0.078243,345.3,78.239,6.6988,15.11,32.095,4631.4,22.532,46.206,49.718,79.686,2.1288,1.5424,3149.1,42.495,55.939,94.462,9.7003,62.141,37.271,77.013,2678.6,63.82,26.268,48.654,0.66481,9.8115,26.824,120.39,1.2888,74.227,23.535,2.3816,53.201,4.8802,237.88,0.006517,0.79225,65.644,17.978,43.724
197,2026-04-26T19:48:00,50.011,20.093,26.941,32.711,41.951,2748.9,3698.6,17.411,17.762,22.935,0.20571,0.078243,345.23,77.533,6.6988,15.11,32.095,4635.6,23.134,46.559,49.813,79.486,2.1288,1.5424,3147.6,42.722,55.888,94.511,9.6308,63.69,37.55,77.188,2677.1,64.32,23.656,48.321,0.66338,9.8115,26.824,120.42,1.2888,74.542,23.535,2.3816,53.201,4.8802,238.15,0.006517,0.79225,65.595,17.978,43.724
198,2026-04-26T19:51:00,50.232,24.183,27.032,32.646,41.638,2748.9,3726.0,19.868,17.394,23.152,0.24651,0.089067,344.88,77.783,6.7772,15.217,31.981,4647.7,22.098,47.071,49.485,79.436,2.0671,1.4995,3148.3,42.719,55.623,94.465,9.7054,61.831,36.585,75.249,2677.9,64.093,25.141,47.758,0.63836,9.5857,26.664,120.4,1.0711,74.762,24.211,2.271,53.422,4.7528,236.62,0.0065536,0.78342,65.478,18.143,44.085
199,2026-04-26T19:54:00,48.253,24.136,27.103,32.646,41.462,2751.9,3757.4,15.369,17.394,23.504,0.24698,0.089067,345.14,78.424,6.7772,15.217,31.981,4675.5,23.972,42.49,52.095,79.621,2.0671,1.4995,3150.2,42.601,55.291,94.439,9.8114,63.271,44.265,74.824,2680.3,63.554,24.363,47.439,0.64185,9.5857,26.664,120.41,1.0711,75.289,24.211,2.271,53.422,4.7528,234.91,0.0065536,0.78342,65.386,18.143,44.085
200,2026-04-26T19:57:00,49.771,25.459,26.877,32.688,42.598,2753.3,3697.8,17.695,17.838,22.953,0.25871,0.089067,344.68,78.407,6.9735,15.041,31.986,4647.2,22.983,46.005,48.816,79.85,2.0225,1.4991,3152.2,42.637,55.345,94.315,9.7312,61.083,34.616,77.148,2682.4,64.027,25.05,47.322,0.6624,9.7114,26.397,120.41,1.2415,74.962,23.941,2.2295,53.422,4.714,230.87,0.0065536,0.78342,65.409,18.221,44.085
201,2026-04-26T20:00:00,49.095,25.459,26.86,32.688,41.426,2753.1,3730.6,17.778,17.838,22.864,0.25871,0.089067,344.69,78.158,6.9735,15.041,31.986,4603.5,22.948,44.44,48.476,79.827,2.0225,1.4991,3152.4,42.97,55.869,94.32,9.6355,62.26,33.616,77.312,2682.5,63.463,26.175,46.844,0.66106,9.7114,26.397,120.42,1.2415,75.03,23.941,2.2295,53.422,4.714,230.87,0.0065536,0.78342,65.43,18.221,44.085
202,2026-04-26T20:03:00,48.015,25.724,26.616,32.2,40.498,2751.5,3602.1,17.65,17.525,22.851,0.25921,0.089067,344.96,77.79,6.9926,15.322,32.189,4609.0,23.012,41.94,51.254,79.651,2.0449,1.5159,3150.7,42.953,55.711,94.459,9.7039,64.079,41.79,75.876,2680.2,63.959,24.501,46.524,0.65001,9.8001,26.807,120.36,1.33,75.605,24.434,2.2492,53.422,4.7712,229.14,0.0065536,0.78342,65.382,18.33,44.085
203,2026-04-26T20:06:00,50.599,25.572,27.108,32.2,41.312,2751.3,3678.6,18.27,17.525,23.248,0.26075,0.076112,345.09,78.087,6.9926,15.322,32.189,4619.2,22.751,47.919,50.249,79.406,2.0449,1.5159,3148.9,42.195,55.589,94.639,9.6355,62.588,38.833,76.56,2680.0,62.642,25.902,46.034,0.64439,9.8001,26.807,120.4,1.33,75.232,24.434,2.2492,54.169,4.7712,225.9,0.036564,0.77057,65.265,18.33,43.72
204,2026-04-26T20:09:00,51.5,23.761,27.186,32.687,41.287,2753.5,3622.2,15.844,17.938,23.59,0.24209,0.076112,345.41,78.161,6.9196,15.272,31.879,4661.0,23.769,50.005,48.824,79.588,2.0685,1.493,3149.7,42.524,54.905,94.619,9.615,64.821,34.64,80.343,2681.7,63.351,25.404,45.417,0.69163,9.7596,26.652,120.38,1.1103,74.548,24.213,2.1559,54.169,4.8169,226.1,0.036564,0.77057,65.151,17.948,43.72
205,2026-04-26T20:12:00,49.788,23.658,26.814,32.687,40.966,2755.6,3649.0,17.963,17.938,23.667,0.24313,0.076112,345.59,78.436,6.9196,15.272,31.879,4587.8,22.861,46.042,51.858,79.751,2.0685,1.493,3151.2,42.893,55.782,94.6,9.585,64.059,43.569,80.478,2684.9,62.889,23.652,44.775,0.69052,9.7596,26.652,120.38,1.1103,74.498,24.213,2.1559,54.169,4.8169,226.58,0.036564,0.77057,65.107,17.948,43.72
206,2026-04-26T20:15:00,48.86,26.845,26.804,32.95,41.873,2755.3,3671.9,17.89,18.387,23.3,0.27385,0.076112,345.12,78.305,6.7946,15.103,31.747,4634.2,22.891,43.897,49.515,79.722,2.0362,1.4707,3154.0,42.59,56.269,94.596,9.6731,61.794,36.672,80.902,2684.3,63.064,23.77,44.693,0.69396,9.7239,26.336,120.41,1.2672,74.769,24.66,2.3197,54.169,4.6957,220.78,0.036564,0.77057,65.099,17.643,43.72
207,2026-04-26T20:18:00,49.159,26.73,26.555,32.95,41.124,2755.5,3673.0,19.136,18.387,23.407,0.27501,0.076112,345.66,77.992,6.7946,15.103,31.747,4660.7,22.374,44.589,50.4,79.617,2.0362,1.4707,3153.2,42.906,55.953,94.551,9.7502,61.276,39.276,80.875,2684.1,63.045,24.181,44.235,0.69418,9.7239,26.336,120.4,1.2672,75.492,24.66,2.3197,54.169,4.6957,219.25,0.036564,0.77057,65.012,17.643,43.72
208,2026-04-26T20:21:00,50.551,28.549,26.971,32.567,41.236,2756.0,3682.5,18.381,17.866,23.331,0.28992,0.086403,345.4,78.032,6.7565,15.058,31.809,4703.4,22.698,47.808,49.391,79.425,1.9959,1.4563,3155.3,42.995,56.356,94.504,9.5715,63.573,36.308,79.796,2684.4,64.002,26.432,43.281,0.68234,9.8204,26.766,120.4,1.3654,74.253,24.715,2.2371,53.39,4.8559,218.48,0.029313,0.78211,64.869,18.069,44.504
209,2026-04-26T20:24:00,50.199,28.552,27.24,32.567,41.62,2757.7,3707.9,17.717,17.866,23.074,0.2899,0.086403,345.66,78.067,6.7565,15.058,31.809,4730.7,22.976,46.993,50.912,79.555,1.9959,1.4563,3157.1,43.06,56.029,94.332,9.5486,65.732,40.785,79.468,2686.1,63.564,25.329,42.699,0.68504,9.8204,26.766,120.43,1.3654,75.271,24.715,2.2371,53.39,4.8559,216.34,0.029313,0.78211,64.808,18.069,44.504
210,2026-04-26T20:27:00,50.512,28.201,26.968,32.829,41.229,2758.5,3711.4,17.459,17.9,23.292,0.29003,0.086403,345.6,78.412,6.8774,15.055,32.113,4645.9,23.07,47.72,50.61,79.583,2.0106,1.4854,3155.9,42.607,56.153,94.401,9.5831,63.915,39.894,80.161,2688.0,63.939,23.697,42.079,0.68475,9.6546,26.737,120.41,1.1831,73.715,24.791,2.0738,53.39,4.7799,214.67,0.029313,0.78211,64.705,18.103,44.504
211,2026-04-26T20:30:00,51.233,28.536,26.841,32.829,41.444,2758.2,3747.7,15.401,17.9,22.996,0.28662,0.086403,345.37,78.336,6.8774,15.055,32.113,4651.4,23.929,49.389,51.951,79.71,2.0106,1.4854,3158.5,42.64,56.087,94.321,9.7454,62.491,43.843,80.345,2687.4,63.314,25.349,41.869,0.68324,9.6546,26.737,120.4,1.1831,74.687,24.791,2.0738,53.39,4.7799,208.39,0.029313,0.78211,64.676,18.103,44.504
212,2026-04-26T20:33:00,50.298,25.697,26.952,32.935,42.162,2759.2,3659.2,18.527,17.896,23.474,0.26133,0.086403,345.57,78.559,6.9375,14.923,31.803,4668.0,22.599,47.224,49.089,79.866,1.9722,1.4346,3157.8,42.603,55.922,94.279,9.6908,62.853,35.419,80.891,2688.9,63.84,22.454,40.93,0.69316,9.6813,27.053,120.43,0.99549,75.164,24.638,2.2401,53.39,4.7907,210.3,0.029313,0.78211,64.615,18.479,44.504
213,2026-04-26T20:36:00,48.925,25.753,26.773,32.935,41.797,2759.3,3694.0,17.891,17.896,23.334,0.26076,0.084165,345.41,78.556,6.9375,14.923,31.803,4670.6,22.857,44.047,49.737,79.898,1.9722,1.4346,3157.1,42.559,55.891,94.414,9.7258,61.146,37.326,80.68,2688.1,63.24,24.089,40.768,0.69489,9.6813,27.053,120.39,0.99549,74.734,24.638,2.2401,53.479,4.7907,205.63,0.015003,0.7882,64.595,18.479,43.546
214,2026-04-26T20:39:00,49.513,29.046,27.203,32.546,41.606,2755.8,3696.3,18.343,17.579,23.42,0.29201,0.084165,345.62,77.841,6.7294,14.93,32.251,4652.8,22.692,45.408,51.153,79.54,1.926,1.4108,3153.6,42.588,55.262,94.549,9.5959,62.604,41.492,79.506,2684.7,62.648,24.522,40.246,0.68964,9.674,26.673,120.39,1.1825,75.553,24.556,2.2433,53.479,4.7671,203.84,0.015003,0.7882,64.527,18.075,43.546
215,2026-04-26T20:42:00,50.268,28.844,26.856,32.546,39.952,2751.9,3666.0,19.565,17.579,23.101,0.29405,0.084165,345.66,77.541,6.7294,14.93,32.251,4633.0,22.202,47.153,50.523,79.114,1.926,1.4108,3150.8,42.775,55.499,94.561,9.6596,62.743,39.639,80.04,2680.5,63.171,26.263,39.644,0.68526,9.674,26.673,120.36,1.1825,74.711,24.556,2.2433,53.479,4.7671,203.08,0.015003,0.7882,64.315,18.075,43.546
216,2026-04-26T20:45:00,49.424,24.957,26.596,32.794,42.107,2755.5,3735.7,16.678,18.039,23.611,0.25037,0.084165,345.92,78.184,6.668,14.849,31.842,4657.0,23.402,45.202,50.44,79.371,1.9516,1.4293,3150.9,42.417,56.288,94.541,9.6826,61.206,39.393,80.802,2684.7,63.842,26.03,39.142,0.69403,9.4442,26.91,120.43,1.1294,75.103,24.306,2.1934,53.479,4.8098,201.28,0.015003,0.7882,64.16,18.436,43.546
217,2026-04-26T20:48:00,49.779,25.002,26.836,32.794,40.888,2757.8,3759.4,16.038,18.039,23.721,0.24991,0.084165,345.49,78.688,6.668,14.849,31.842,4658.6,23.643,46.022,49.96,79.834,1.9516,1.4293,3154.0,42.527,56.269,94.351,9.6756,63.744,37.982,80.58,2687.0,63.434,25.062,38.935,0.69585,9.4442,26.91,120.39,1.1294,74.547,24.306,2.1934,53.479,4.8098,196.12,0.015003,0.7882,64.143,18.436,43.546
218,2026-04-26T20:51:00,49.26,28.75,27.212,32.824,42.526,2756.9,3723.0,18.798,17.501,23.274,0.29369,0.081767,345.05,78.222,6.7251,14.841,32.265,4686.7,22.483,44.821,49.309,79.92,1.9428,1.402,3157.0,42.792,55.134,94.23,9.5189,62.807,36.067,80.143,2686.3,64.772,23.545,38.17,0.69448,9.7541,26.408,120.44,1.231,74.842,24.845,2.1631,53.381,4.7402,197.94,0.01799,0.78748,64.149,17.606,43.947
219,2026-04-26T20:54:00,50.201,28.788,26.545,32.824,40.866,2753.1,3751.5,16.329,17.501,22.974,0.2933,0.081767,345.5,77.784,6.7251,14.841,32.265,4608.6,23.54,46.999,49.244,79.526,1.9428,1.402,3150.9,43.025,56.069,94.311,9.6385,61.389,35.876,80.649,2681.3,64.282,25.143,37.917,0.69033,9.7541,26.408,120.39,1.231,75.487,24.845,2.1631,53.381,4.7402,193.61,0.01799,0.78748,64.134,17.606,43.947
220,2026-04-26T20:57:00,49.597,25.045,26.618,32.476,42.207,2751.9,3721.3,19.617,17.556,22.971,0.25242,0.081767,345.66,78.009,6.6698,14.908,32.141,4736.6,22.147,45.602,47.574,79.612,1.9176,1.4161,3149.8,42.88,56.701,94.293,9.588,60.738,30.962,80.754,2680.8,64.475,24.119,37.438,0.70016,9.4451,26.57,120.42,1.1303,75.252,24.751,2.2522,53.381,4.7179,191.9,0.01799,0.78748,63.997,18.156,43.947
221,2026-04-26T21:00:00,51.432,24.724,26.897,32.476,41.472,2748.0,3725.1,18.007,17.556,23.053,0.25569,0.081767,344.92,77.901,6.6698,14.908,32.141,4703.1,22.836,49.849,49.132,79.467,1.9176,1.4161,3148.1,42.872,57.102,94.403,9.6912,62.463,35.544,81.168,2677.3,64.409,25.663,37.013,0.69677,9.4451,26.57,120.4,1.1303,76.198,24.751,2.2522,53.381,4.7179,189.62,0.01799,0.78748,63.924,18.156,43.947
222,2026-04-26T21:03:00,49.171,26.049,26.909,32.707,42.281,2748.1,3775.5,16.955,17.231,22.99,0.26596,0.081767,344.69,78.305,6.7178,14.952,32.088,4691.8,23.265,44.615,50.991,79.63,1.9264,1.416,3146.3,42.818,56.036,94.305,9.6534,61.481,41.017,82.887,2675.7,64.201,23.78,36.394,0.7101,9.5146,27.005,120.39,1.0842,75.137,24.613,2.107,53.381,4.6674,189.58,0.01799,0.78748,63.856,18.507,43.947
223,2026-04-26T21:06:00,49.505,26.199,26.543,32.707,41.749,2746.6,3742.9,18.565,17.231,22.637,0.26444,0.097777,344.17,78.434,6.7178,14.952,32.088,4707.5,22.577,45.389,48.267,79.792,1.9264,1.416,3145.8,42.588,55.848,94.269,9.5363,63.445,33.001,83.305,2676.2,64.763,23.595,35.993,0.70668,9.5146,27.005,120.39,1.0842,75.771,24.613,2.107,53.84,4.6674,185.88,0.012662,0.80271,63.816,18.507,43.185
224,2026-04-26T21:09:00,50.289,26.585,26.498,33.25,42.665,2743.0,3755.8,18.233,17.486,22.852,0.27232,0.097777,343.95,77.976,6.8217,14.926,32.036,4674.4,22.733,47.202,50.546,79.72,1.9466,1.4207,3142.0,42.463,55.459,94.357,9.5043,64.642,39.708,84.302,2671.5,64.297,25.11,35.643,0.7216,9.6803,27.236,120.42,1.2821,75.984,24.577,2.2506,53.84,4.7058,182.31,0.012662,0.80271,63.781,18.282,43.185
225,2026-04-26T21:12:00,50.224,26.679,27.007,33.25,40.662,2740.9,3762.1,17.994,17.486,22.598,0.27136,0.097777,343.48,78.463,6.8217,14.926,32.036,4625.4,22.819,47.053,47.36,79.805,1.9466,1.4207,3140.0,42.755,56.045,94.358,9.5846,62.355,30.332,84.254,2669.3,64.19,24.899,35.098,0.72199,9.6803,27.236,120.37,1.2821,76.007,24.577,2.2506,53.84,4.7058,180.97,0.012662,0.80271,63.717,18.282,43.185
226,2026-04-26T21:15:00,50.203,27.392,26.944,32.872,42.153,2739.6,3712.1,17.544,18.01,22.611,0.27665,0.097777,342.95,78.358,6.9392,14.628,31.904,4663.2,23.007,47.004,49.69,79.909,1.8998,1.3704,3139.9,42.756,56.209,94.448,9.6586,63.156,37.187,85.052,2667.3,64.244,24.614,34.637,0.72334,9.6321,26.477,120.4,1.3413,75.239,24.276,2.24,53.84,4.8264,178.68,0.012662,0.80271,63.696,18.338,43.185
227,2026-04-26T21:18:00,50.381,27.147,26.977,32.872,40.754,2737.1,3735.7,18.329,18.01,22.488,0.27915,0.097777,342.76,78.557,6.9392,14.628,31.904,4687.0,22.668,47.416,48.783,79.982,1.8998,1.3704,3137.6,42.214,55.923,94.392,9.6371,61.019,34.518,84.762,2665.1,63.838,26.42,34.181,0.72572,9.6321,26.477,120.35,1.3413,75.085,24.276,2.24,53.84,4.8264,176.31,0.012662,0.80271,63.658,18.338,43.185
228,2026-04-26T21:21:00,48.798,28.806,27.109,32.659,41.592,2738.9,3729.2,15.205,18.384,22.458,0.29239,0.091745,342.64,78.667,6.9538,14.957,32.247,4651.4,23.968,43.752,49.617,80.224,1.898,1.3548,3139.9,42.651,56.291,94.539,9.5239,63.128,36.974,81.94,2666.6,62.92,24.744,33.873,0.69484,9.679,26.684,120.41,1.2627,75.757,24.085,2.3143,54.035,4.773,175.88,0.014484,0.8278,63.666,18.222,44.763
229,2026-04-26T21:24:00,49.484,28.748,26.636,32.659,41.339,2739.0,3686.0,17.814,18.384,22.491,0.29298,0.091745,342.84,78.524,6.9538,14.957,32.247,4670.1,22.867,45.339,49.441,80.33,1.898,1.3548,3138.5,43.054,56.067,94.455,9.5303,63.274,36.456,81.581,2667.8,63.663,26.43,33.48,0.69778,9.679,26.684,120.4,1.2627,74.763,24.085,2.3143,54.035,4.773,174.34,0.014484,0.8278,63.695,18.222,44.763
230,2026-04-26T21:27:00,51.104,25.763,26.778,32.532,40.636,2732.9,3692.4,16.451,17.961,22.068,0.2594,0.091745,342.08,78.331,6.8772,14.847,32.073,4685.6,23.449,49.089,50.365,80.009,1.8568,1.4033,3134.8,42.671,56.251,94.614,9.5886,61.728,39.175,87.01,2661.4,63.365,25.688,33.273,0.73738,9.5372,26.606,120.38,1.1845,74.529,24.391,2.2955,54.035,4.8135,170.78,0.014484,0.8278,63.666,18.036,44.763
231,2026-04-26T21:30:00,50.256,25.598,27.123,32.532,40.915,2732.9,3693.2,17.035,17.961,22.321,0.26107,0.091745,341.93,78.31,6.8772,14.847,32.073,4702.3,23.201,47.127,50.839,80.121,1.8568,1.4033,3132.8,42.381,56.051,94.654,9.6411,63.067,40.568,86.833,2661.0,63.35,24.225,32.787,0.73882,9.5372,26.606,120.38,1.1845,75.435,24.391,2.2955,54.035,4.8135,170.39,0.014484,0.8278,63.561,18.036,44.763
232,2026-04-26T21:33:00,52.376,27.358,26.806,32.115,41.366,2731.0,3666.3,16.044,18.359,21.825,0.27727,0.091745,341.62,77.969,6.8926,14.743,31.931,4688.7,23.628,52.032,48.629,80.059,1.8535,1.3936,3132.9,42.393,56.779,94.664,9.5371,62.581,34.065,86.2,2658.7,64.455,25.443,32.144,0.733,9.7305,27.025,120.4,1.0598,74.624,24.088,2.2455,54.035,4.8324,171.79,0.014484,0.8278,63.484,18.073,44.763
233,2026-04-26T21:36:00,49.981,27.327,26.853,32.115,40.763,2728.3,3713.9,18.899,18.359,21.584,0.2776,0.10014,341.31,77.864,6.8926,14.743,31.931,4713.9,22.438,46.491,51.062,79.941,1.8535,1.3936,3131.8,43.133,56.476,94.63,9.4443,63.572,41.227,86.417,2655.4,63.636,24.819,32.359,0.73122,9.7305,27.025,120.4,1.0598,75.018,24.088,2.2455,54.373,4.8324,170.41,0.024457,0.82121,63.404,18.073,43.464
234,2026-04-26T21:39:00,51.001,28.912,26.728,32.015,41.001,2728.4,3718.2,16.745,18.077,21.746,0.2928,0.10014,340.89,78.656,6.7488,14.94,32.325,4713.2,23.324,48.85,50.692,80.04,1.8997,1.3656,3130.6,43.114,56.516,94.675,9.5781,63.475,40.138,86.0,2656.4,63.423,24.581,32.373,0.72348,9.5407,26.511,120.39,1.1932,74.932,24.644,2.2211,54.373,4.882,167.48,0.024457,0.82121,63.33,18.528,43.464
235,2026-04-26T21:42:00,48.766,28.788,26.67,32.015,41.668,2733.1,3701.7,17.351,18.077,21.832,0.29406,0.10014,340.72,79.032,6.7488,14.94,32.325,4730.0,23.041,43.678,47.641,80.571,1.8997,1.3656,3134.7,42.711,56.315,94.48,9.4896,60.989,31.157,85.714,2661.0,63.708,25.102,32.181,0.72583,9.5407,26.511,120.42,1.1932,75.517,24.644,2.2211,54.373,4.882,166.82,0.024457,0.82121,63.386,18.528,43.464
236,2026-04-26T21:45:00,51.612,25.08,27.005,32.341,41.336,2728.4,3755.0,14.566,18.369,21.522,0.25685,0.10014,339.96,78.518,6.7471,14.706,31.998,4682.4,24.221,50.265,49.446,80.517,1.7942,1.2964,3133.1,42.529,55.848,94.44,9.5363,62.14,36.468,89.488,2656.4,64.11,25.62,31.946,0.75056,9.5532,26.652,120.4,1.2885,76.145,24.335,2.198,54.373,4.8415,166.55,0.024457,0.82121,63.468,18.514,43.464
237,2026-04-26T21:48:00,51.325,25.178,26.919,32.341,41.494,2724.8,3738.8,16.507,18.369,21.281,0.25585,0.10014,339.61,78.411,6.7471,14.706,31.998,4696.2,23.398,49.6,50.301,80.564,1.7942,1.2964,3130.8,42.809,55.683,94.429,9.4657,63.186,38.986,89.358,2652.2,64.389,23.914,31.732,0.75162,9.5532,26.652,120.41,1.2885,75.354,24.335,2.198,54.373,4.8415,166.08,0.024457,0.82121,63.468,18.514,43.464
238,2026-04-26T21:51:00,52.07,28.295,26.99,32.035,41.122,2722.8,3740.1,20.878,18.382,21.319,0.2879,0.084817,339.32,78.222,6.9348,14.885,32.152,4686.0,21.559,51.325,50.532,80.486,1.8338,1.3552,3127.2,42.62,55.881,94.48,9.3996,63.055,39.665,87.072,2649.6,64.507,24.304,31.564,0.73115,9.701,26.649,120.39,1.2158,75.22,24.449,2.2456,53.846,4.8249,162.99,0.023719,0.85487,63.471,18.825,43.371
239,2026-04-26T21:54:00,49.608,28.331,26.928,32.035,41.954,2718.7,3759.5,18.326,18.382,21.04,0.28754,0.084817,338.85,78.374,6.9348,14.885,32.152,4643.2,22.634,45.626,50.905,80.337,1.8338,1.3552,3123.6,42.913,56.394,94.537,9.4962,63.369,40.764,87.029,2645.6,64.172,25.146,31.372,0.73151,9.701,26.649,120.4,1.2158,75.459,24.449,2.2456,53.846,4.8249,161.39,0.023719,0.85487,63.412,18.825,43.371
240,2026-04-26T21:57:00,50.89,26.926,26.903,32.167,40.927,2716.1,3700.7,17.635,18.711,20.978,0.27453,0.084817,338.52,78.202,6.9639,14.896,31.683,4619.8,22.929,48.593,49.829,80.5,1.8587,1.3436,3120.8,42.237,55.93,94.708,9.3559,64.447,37.596,90.273,2643.5,63.577,26.315,30.971,0.75583,9.4195,26.556,120.38,1.4644,74.355,24.077,2.323,53.846,4.9056,162.16,0.023719,0.85487,63.352,18.558,43.371
241,2026-04-26T22:00:00,49.198,27.186,26.556,32.167,40.797,2712.1,3730.6,17.984,18.711,20.753,0.27188,0.084817,338.28,78.353,6.9639,14.896,31.683,4664.5,22.78,44.677,49.403,80.41,1.8587,1.3436,3117.9,42.659,55.395,94.589,9.3897,63.542,36.343,90.21,2639.3,63.063,25.036,30.647,0.75635,9.4195,26.556,120.39,1.4644,75.041,24.077,2.323,53.846,4.9056,162.09,0.023719,0.85487,63.334,18.558,43.371
242,2026-04-26T22:03:00,49.273,31.777,26.497,32.377,40.198,2712.9,3697.6,19.355,18.802,20.516,0.32157,0.084817,338.35,78.532,7.0179,14.874,31.781,4697.9,22.196,44.851,49.94,80.563,1.8249,1.3121,3118.2,43.134,55.664,94.781,9.6072,63.215,37.923,91.511,2640.9,63.312,24.879,30.607,0.76106,9.6168,26.83,120.37,1.4171,75.101,23.5,2.3344,53.846,4.9328,158.83,0.023719,0.85487,63.304,19.196,43.371
243,2026-04-26T22:06:00,50.999,31.79,26.898,32.377,41.18,2712.7,3685.1,18.467,18.802,20.698,0.32145,0.075568,338.2,78.321,7.0179,14.874,31.781,4695.4,22.578,48.845,47.752,80.443,1.8249,1.3121,3118.3,42.754,55.694,94.753,9.5292,64.202,31.485,91.051,2638.8,63.527,26.17,31.052,0.76483,9.6168,26.83,120.42,1.4171,74.63,23.5,2.3344,53.572,4.9328,159.88,0.026442,0.84274,63.265,19.196,43.578
244,2026-04-26T22:09:00,50.879,31.418,26.85,32.627,40.663,2714.8,3672.4,14.888,18.579,20.754,0.31573,0.075568,338.52,78.959,6.879,14.791,31.599,4552.8,24.062,48.569,49.893,80.729,1.8265,1.3236,3118.8,42.696,55.819,94.63,9.4509,62.653,37.784,91.479,2641.2,63.169,24.218,30.991,0.76942,9.5619,26.661,120.37,1.3127,75.156,24.586,2.3903,53.572,4.9275,161.1,0.026442,0.84274,63.279,18.808,43.578
245,2026-04-26T22:12:00,51.004,31.046,26.669,32.627,41.163,2715.5,3656.5,17.283,18.579,20.993,0.31951,0.075568,338.34,78.935,6.879,14.791,31.599,4628.8,23.044,48.857,50.039,80.883,1.8265,1.3236,3120.6,42.628,54.91,94.702,9.6445,61.979,38.216,91.252,2642.8,63.443,23.954,31.23,0.77128,9.5619,26.661,120.41,1.3127,74.946,24.586,2.3903,53.572,4.9275,158.88,0.026442,0.84274,63.342,18.808,43.578
246,2026-04-26T22:15:00,51.002,33.546,27.248,32.541,40.922,2715.3,3693.9,16.411,19.045,20.567,0.33963,0.075568,338.15,78.632,6.9311,14.693,32.023,4650.9,23.41,48.854,50.503,80.9,1.819,1.306,3122.5,42.862,55.557,94.553,9.605,64.004,39.58,91.6,2641.5,63.954,25.622,30.927,0.76238,9.6752,26.681,120.43,1.332,74.295,23.748,2.2927,53.572,4.9447,162.71,0.026442,0.84274,63.434,18.79,43.578
247,2026-04-26T22:18:00,49.653,33.636,27.007,32.541,41.028,2716.2,3716.7,13.685,19.045,21.41,0.33871,0.075568,338.62,78.753,6.9311,14.693,32.023,4634.7,24.552,45.732,50.337,80.86,1.819,1.306,3120.4,42.835,55.751,94.627,9.6846,63.915,39.091,91.282,2643.6,63.561,25.257,31.267,0.76499,9.6752,26.681,120.41,1.332,73.826,23.748,2.2927,53.572,4.9447,159.35,0.026442,0.84274,63.453,18.79,43.578
248,2026-04-26T22:21:00,49.992,29.769,26.922,32.272,41.346,2713.9,3703.9,18.566,18.74,21.044,0.30391,0.061459,338.7,78.546,6.9766,14.838,31.611,4637.3,22.496,46.516,50.009,80.817,1.8143,1.2669,3119.8,42.662,55.76,94.45,9.5571,65.106,38.127,90.855,2641.0,63.304,23.212,30.872,0.75817,9.5359,26.076,120.42,1.1834,74.089,23.809,2.3801,53.871,5.0253,160.98,0.005462,0.87482,63.492,18.825,43.851
249,2026-04-26T22:24:00,50.466,29.916,27.153,32.272,40.701,2713.8,3719.8,17.48,18.74,21.13,0.30241,0.061459,339.06,78.554,6.9766,14.838,31.611,4657.4,22.954,47.613,50.034,80.673,1.8143,1.2669,3118.7,42.649,55.519,94.742,9.6734,64.022,38.201,90.667,2640.7,63.029,24.961,30.89,0.75971,9.5359,26.076,120.39,1.1834,74.793,23.809,2.3801,53.871,5.0253,159.86,0.005462,0.87482,63.429,18.825,43.851
250,2026-04-26T22:27:00,51.498,34.058,26.717,32.299,42.061,2713.9,3666.4,14.812,18.431,20.875,0.34774,0.061459,339.21,78.892,6.8881,14.647,31.983,4624.5,24.065,50.001,48.007,80.743,1.8327,1.2857,3119.8,42.508,55.823,94.507,9.775,62.632,32.235,92.977,2641.3,63.483,24.539,30.849,0.78411,9.4468,26.219,120.43,1.2855,73.855,24.236,2.3763,53.871,4.9093,159.4,0.005462,0.87482,63.409,18.714,43.851
251,2026-04-26T22:30:00,49.604,34.091,27.04,32.299,40.608,2716.9,3658.4,17.932,18.431,21.186,0.3474,0.061459,339.81,79.166,6.8881,14.647,31.983,4667.9,22.734,45.617,49.563,80.947,1.8327,1.2857,3120.5,43.035,55.303,94.596,9.5786,67.042,36.814,93.418,2643.7,63.62,24.904,30.936,0.78049,9.4468,26.219,120.39,1.2855,74.533,24.236,2.3763,53.871,4.9093,157.48,0.005462,0.87482,63.42,18.714,43.851
252,2026-04-26T22:33:00,50.024,31.111,27.044,32.705,41.792,2716.6,3657.8,20.173,18.576,21.134,0.31376,0.061459,339.69,79.096,6.9056,14.616,31.968,4645.9,21.779,46.591,49.065,81.042,1.79,1.2571,3122.2,42.91,55.842,94.432,9.717,64.484,35.348,91.263,2644.8,64.358,25.199,30.804,0.76728,9.5053,26.751,120.43,1.4144,74.537,23.915,2.3167,53.871,4.9324,158.0,0.005462,0.87482,63.466,19.092,43.851
253,2026-04-26T22:36:00,50.049,31.002,26.502,32.705,41.578,2715.8,3726.6,15.599,18.576,21.096,0.31487,0.089376,340.17,79.138,6.9056,14.616,31.968,4692.9,23.697,46.648,50.313,80.948,1.79,1.2571,3121.3,43.121,55.279,94.462,9.6974,62.436,39.021,90.962,2644.3,63.176,26.151,31.36,0.76974,9.5053,26.751,120.43,1.4144,73.393,23.915,2.3167,54.654,4.9324,160.46,0.011659,0.86038,63.509,19.092,43.369
254,2026-04-26T22:39:00,49.568,31.61,26.926,32.55,41.143,2715.0,3709.5,15.593,18.919,21.272,0.31595,0.089376,340.51,78.529,6.9477,14.342,32.367,4599.3,23.714,45.533,50.34,80.812,1.7745,1.3013,3119.6,42.613,55.448,94.487,9.5096,64.46,39.1,91.501,2642.6,63.302,26.227,31.521,0.76838,9.3564,26.126,120.38,1.3934,74.831,23.723,2.3007,54.654,4.9294,161.89,0.011659,0.86038,63.508,18.911,43.369
255,2026-04-26T22:42:00,51.761,31.287,26.94,32.55,41.201,2713.2,3685.7,14.721,18.919,20.937,0.31923,0.089376,340.44,78.36,6.9477,14.342,32.367,4624.3,24.094,50.61,51.874,80.549,1.7745,1.3013,3118.4,43.013,55.15,94.567,9.7536,62.545,43.615,91.26,2639.5,63.712,25.482,31.625,0.77035,9.3564,26.126,120.4,1.3934,74.474,23.723,2.3007,54.654,4.9294,163.99,0.011659,0.86038,63.482,18.911,43.369
256,2026-04-26T22:45:00,49.584,27.677,26.538,32.332,41.102,2715.2,3676.6,18.676,18.713,21.33,0.27934,0.089376,341.27,78.895,6.921,14.659,31.824,4668.2,22.407,45.572,49.154,80.709,1.785,1.2872,3118.7,42.334,55.03,94.494,9.7871,63.046,35.609,87.927,2642.6,63.457,25.176,31.944,0.74544,9.4157,26.292,120.4,1.2443,74.475,24.359,2.3434,54.654,4.9582,163.69,0.011659,0.86038,63.48,18.957,43.369
257,2026-04-26T22:48:00,51.549,27.503,27.209,32.332,41.745,2718.4,3670.2,19.917,18.713,21.789,0.28111,0.089376,341.92,78.997,6.921,14.659,31.824,4616.5,21.872,50.12,49.417,80.92,1.785,1.2872,3120.1,42.535,55.649,94.473,9.6829,66.028,36.385,87.985,2646.5,63.567,23.338,32.092,0.74497,9.4157,26.292,120.42,1.2443,75.253,24.359,2.3434,54.654,4.9582,165.27,0.011659,0.86038,63.492,18.957,43.369
258,2026-04-26T22:51:00,50.484,32.922,26.993,32.482,41.557,2716.6,3665.4,20.014,18.66,21.461,0.33289,0.073132,341.35,78.919,6.7643,14.608,32.116,4659.8,21.83,47.654,48.804,80.737,1.7806,1.324,3120.4,42.901,54.993,94.424,9.7976,64.684,34.58,92.96,2644.2,63.835,25.339,32.125,0.78197,9.3654,26.735,120.39,1.3677,74.398,23.782,2.342,54.146,4.8768,164.59,0.00047836,0.85942,63.563,18.991,43.17
259,2026-04-26T22:54:00,50.423,32.887,26.938,32.482,41.401,2718.3,3694.8,16.578,18.66,21.739,0.33324,0.073132,341.94,78.753,6.7643,14.608,32.116,4618.8,23.283,47.513,50.744,80.626,1.7806,1.324,3120.3,43.336,55.483,94.546,9.804,64.772,40.29,92.576,2645.9,63.328,24.08,31.905,0.78512,9.3654,26.735,120.4,1.3677,75.103,23.782,2.342,54.146,4.8768,168.79,0.00047836,0.85942,63.507,18.991,43.17
260,2026-04-26T22:57:00,50.748,30.469,26.821,32.854,41.705,2719.1,3707.5,15.937,18.263,21.569,0.30581,0.073132,342.16,79.125,6.8418,14.513,31.846,4616.8,23.536,48.265,48.242,80.748,1.745,1.2471,3121.7,42.61,55.39,94.365,9.7326,61.993,32.926,92.751,2646.6,64.521,23.431,32.365,0.7824,9.2228,26.838,120.41,1.2725,74.669,24.122,2.3199,54.146,4.8734,165.29,0.00047836,0.85942,63.57,18.328,43.17
261,2026-04-26T23:00:00,51.854,30.115,26.654,32.854,41.887,2719.6,3710.0,15.583,18.263,21.675,0.3094,0.073132,342.73,79.086,6.8418,14.513,31.846,4642.2,23.679,50.825,50.3,80.793,1.745,1.2471,3122.4,42.909,55.086,94.307,9.6684,65.551,38.984,92.574,2647.3,64.479,22.848,32.451,0.78385,9.2228,26.838,120.43,1.2725,73.804,24.122,2.3199,54.146,4.8734,166.0,0.00047836,0.85942,63.592,18.328,43.17
262,2026-04-26T23:03:00,49.292,33.244,27.139,32.851,41.688,2722.9,3732.6,19.672,18.515,21.907,0.33416,0.073132,342.95,79.048,6.8611,14.53,32.099,4686.0,21.939,44.895,48.879,81.069,1.7477,1.3205,3125.6,42.762,56.208,94.202,9.753,62.053,34.801,91.757,2651.1,63.484,26.5,32.593,0.77867,9.2872,26.657,120.4,1.2689,74.033,24.431,2.2517,54.146,4.9221,166.02,0.00047836,0.85942,63.681,18.903,43.17
263,2026-04-26T23:06:00,50.971,32.935,27.047,32.851,43.114,2722.7,3671.0,16.295,18.515,21.753,0.33729,0.069882,342.96,79.354,6.8611,14.53,32.099,4730.1,23.349,48.781,49.743,80.929,1.7477,1.3205,3125.8,42.906,55.68,94.267,9.7608,63.034,37.344,92.034,2650.4,64.544,25.613,32.672,0.77639,9.2872,26.657,120.43,1.2689,74.291,24.431,2.2517,54.214,4.9221,166.94,0.020366,0.82586,63.729,18.903,44.513
264,2026-04-26T23:09:00,50.423,30.745,26.985,32.924,41.34,2721.3,3685.8,19.182,17.954,21.885,0.31525,0.069882,343.49,78.551,6.7138,14.393,31.785,4598.3,22.151,47.514,49.593,80.794,1.7251,1.2398,3122.8,42.985,55.873,94.318,9.7234,62.393,36.901,92.497,2649.7,64.149,25.815,33.008,0.78476,9.3319,25.812,120.38,1.307,75.123,24.461,2.3151,54.214,4.8855,164.84,0.020366,0.82586,63.775,18.048,44.513
265,2026-04-26T23:12:00,49.042,30.91,27.122,32.924,41.635,2719.5,3712.3,16.997,17.954,21.864,0.31357,0.069882,343.49,78.936,6.7138,14.393,31.785,4651.6,23.064,44.318,50.929,80.543,1.7251,1.2398,3122.1,43.102,55.235,94.339,9.7666,63.84,40.833,92.498,2646.4,63.692,25.48,32.949,0.78475,9.3319,25.812,120.39,1.307,74.464,24.461,2.3151,54.214,4.8855,167.24,0.020366,0.82586,63.687,18.048,44.513
266,2026-04-26T23:15:00,49.811,34.053,26.808,32.584,41.87,2722.3,3778.6,17.067,18.201,22.288,0.34748,0.069882,344.81,78.653,7.0695,14.562,32.429,4723.0,23.04,46.097,49.202,80.575,1.739,1.2611,3121.8,42.467,56.53,94.111,9.7319,63.303,35.752,90.909,2650.3,63.934,24.664,33.093,0.77539,9.0851,26.485,120.39,1.186,75.554,24.072,2.2942,54.214,5.0286,167.37,0.020366,0.82586,63.656,18.464,44.513
267,2026-04-26T23:18:00,50.229,34.223,26.848,32.584,42.272,2721.8,3731.0,17.523,18.201,22.029,0.34575,0.069882,344.6,78.961,7.0695,14.562,32.429,4705.7,22.84,47.065,51.12,80.57,1.739,1.2611,3123.5,42.793,56.736,94.173,9.8461,65.669,41.395,90.856,2650.6,64.751,23.732,32.988,0.77582,9.0851,26.485,120.39,1.186,75.058,24.072,2.2942,54.214,5.0286,170.26,0.020366,0.82586,63.687,18.464,44.513
268,2026-04-26T23:21:00,47.503,28.091,27.633,32.995,42.127,2723.5,3664.0,17.122,18.083,22.801,0.28509,0.064475,345.23,79.514,6.8309,14.356,32.108,4668.3,22.984,40.756,48.992,80.768,1.7021,1.2607,3123.5,42.888,56.25,94.294,9.8492,62.581,35.132,94.061,2651.8,62.777,25.273,32.646,0.79463,9.2465,26.964,120.38,1.0579,75.242,24.149,2.3364,53.25,4.9546,166.34,0.019436,0.83572,63.684,18.303,43.85
269,2026-04-26T23:24:00,49.986,28.089,26.687,32.995,41.849,2724.4,3681.0,20.837,18.083,22.563,0.28511,0.064475,345.27,79.19,6.8309,14.356,32.108,4692.0,21.42,46.502,49.868,80.787,1.7021,1.2607,3123.5,42.683,55.967,94.297,9.8197,65.577,37.711,93.52,2652.5,62.483,23.838,32.479,0.79906,9.2465,26.964,120.4,1.0579,74.899,24.149,2.3364,53.25,4.9546,165.79,0.019436,0.83572,63.683,18.303,43.85
270,2026-04-26T23:27:00,50.779,30.937,26.526,33.365,42.103,2724.5,3708.1,18.021,18.6,22.162,0.31653,0.064475,345.15,78.98,6.8629,14.379,32.769,4694.0,22.613,48.336,48.746,80.607,1.6752,1.2498,3124.2,42.859,56.405,94.451,9.679,63.897,34.411,91.453,2653.1,64.046,25.467,32.179,0.77846,9.0034,26.274,120.39,1.3178,74.729,24.131,2.2277,53.25,4.9171,166.76,0.019436,0.83572,63.701,18.339,43.85
271,2026-04-26T23:30:00,49.859,30.873,26.821,33.365,41.91,2725.9,3720.8,16.644,18.6,22.176,0.31718,0.064475,345.64,79.246,6.8629,14.379,32.769,4713.2,23.177,46.207,50.554,80.709,1.6752,1.2498,3126.1,43.033,56.176,94.157,9.757,64.926,39.73,91.183,2654.5,63.827,22.547,32.192,0.78068,9.0034,26.274,120.39,1.3178,75.036,24.131,2.2277,53.25,4.9171,164.23,0.019436,0.83572,63.634,18.339,43.85
272,2026-04-26T23:33:00,48.913,24.488,27.177,33.082,41.942,2725.1,3719.4,16.193,18.079,22.563,0.24911,0.064475,345.7,79.236,6.7716,14.297,32.236,4697.8,23.36,44.019,50.191,80.718,1.7041,1.2513,3125.5,42.952,56.348,94.288,9.8118,64.342,38.661,92.11,2653.1,63.604,23.93,31.938,0.78466,9.0637,26.263,120.38,0.90623,74.858,24.238,2.257,53.25,5.0052,164.69,0.019436,0.83572,63.634,17.938,43.85
273,2026-04-26T23:36:00,50.343,24.515,26.924,33.082,42.253,2724.9,3699.6,17.369,18.079,22.623,0.24884,0.086575,345.42,79.384,6.7716,14.297,32.236,4700.1,22.854,47.328,49.233,80.714,1.7041,1.2513,3124.0,42.94,56.321,94.207,9.7547,63.473,35.843,91.985,2653.1,63.945,25.824,31.783,0.78569,9.0637,26.263,120.37,0.90623,75.109,24.238,2.257,52.839,5.0052,166.78,0.018875,0.82394,63.629,17.938,43.917
274,2026-04-26T23:39:00,49.649,29.491,27.044,33.193,42.301,2725.7,3696.8,15.781,18.237,22.43,0.29482,0.086575,345.12,79.075,6.892,14.279,32.235,4738.4,23.523,45.722,49.523,80.807,1.7028,1.2133,3126.8,42.747,56.954,94.218,9.61,64.483,36.696,91.664,2655.2,64.854,24.602,31.758,0.77674,8.9938,27.0,120.4,1.1482,74.766,24.321,2.3699,52.839,4.9927,165.83,0.018875,0.82394,63.662,18.39,43.917
275,2026-04-26T23:42:00,47.92,29.251,27.152,33.193,41.925,2725.6,3718.7,17.615,18.237,22.404,0.29727,0.086575,345.47,79.088,6.892,14.279,32.235,4739.6,22.748,41.72,48.695,80.704,1.7028,1.2133,3125.9,42.725,56.939,94.104,9.7946,62.39,34.26,91.513,2654.4,64.478,24.128,31.682,0.77798,8.9938,27.0,120.39,1.1482,74.777,24.321,2.3699,52.839,4.9927,165.48,0.018875,0.82394,63.642,18.39,43.917
276,2026-04-26T23:45:00,50.119,29.281,27.016,32.83,42.234,2724.0,3708.1,17.262,17.851,22.425,0.29617,0.086575,345.47,79.117,6.8142,14.255,32.101,4749.0,22.898,46.809,49.501,80.512,1.6774,1.1903,3123.7,42.842,55.82,94.217,9.776,65.227,36.63,91.419,2653.0,63.653,23.685,31.755,0.78033,9.1332,26.713,120.42,1.1816,74.133,24.354,2.343,52.839,4.9006,163.49,0.018875,0.82394,63.595,18.596,43.917
277,2026-04-26T23:48:00,51.394,29.12,26.607,32.83,41.748,2725.2,3693.1,16.489,17.851,22.698,0.2978,0.086575,346.17,79.016,6.8142,14.255,32.101,4687.7,23.224,49.759,49.857,80.598,1.6774,1.1903,3122.7,42.277,56.554,94.254,9.8192,62.713,37.68,91.34,2654.3,63.911,25.251,31.666,0.78099,9.1332,26.713,120.39,1.1816,75.338,24.354,2.343,52.839,4.9006,163.36,0.018875,0.82394,63.534,18.596,43.917
278,2026-04-26T23:51:00,49.526,30.392,26.864,33.0,41.558,2724.7,3733.6,16.461,17.93,22.464,0.31123,0.072493,345.76,78.89,6.8853,14.037,32.889,4690.2,23.235,45.438,49.506,80.587,1.6555,1.2265,3122.9,42.781,56.065,94.258,9.7276,63.396,36.645,91.697,2652.9,63.922,25.204,31.423,0.77818,9.1971,26.83,120.39,1.0822,74.046,24.136,2.34,54.198,4.9674,161.4,0.032233,0.79585,63.562,18.394,44.596
279,2026-04-26T23:54:00,50.617,30.718,26.748,33.0,42.118,2724.8,3711.1,18.653,17.93,22.714,0.30792,0.072493,346.25,79.546,6.8853,14.037,32.889,4683.8,22.287,47.961,51.275,80.737,1.6555,1.2265,3123.5,42.646,56.142,94.252,9.7747,62.465,41.851,90.937,2653.8,64.31,26.383,31.243,0.78441,9.1971,26.83,120.4,1.0822,75.251,24.136,2.34,54.198,4.9674,160.76,0.032233,0.79585,63.551,18.394,44.596
280,2026-04-26T23:57:00,49.349,22.577,26.762,33.273,40.962,2723.7,3712.4,17.625,18.011,22.419,0.23187,0.072493,345.99,78.904,6.8573,14.225,33.143,4699.5,22.728,45.028,49.754,80.806,1.6559,1.1955,3121.8,42.683,56.497,94.162,9.6993,63.602,37.375,88.971,2653.4,63.694,23.689,31.08,0.75657,9.0773,26.883,120.38,1.1333,75.924,24.514,2.3064,54.198,4.9248,159.87,0.032233,0.79585,63.563,18.343,44.596
281,2026-04-27T00:00:00,48.965,22.654,26.604,33.273,42.6,2721.5,3705.0,17.282,18.011,22.809,0.23109,0.072493,345.95,78.618,6.8573,14.225,33.143,4704.6,22.884,44.139,49.46,80.596,1.6559,1.1955,3118.2,42.899,56.436,94.389,9.7967,60.152,36.512,88.649,2651.0,63.821,24.416,30.924,0.75921,9.0773,26.883,120.42,1.1333,75.2,24.514,2.3064,54.198,4.9248,158.94,0.032233,0.79585,63.555,18.343,44.596
282,2026-04-27T00:03:00,52.386,19.438,26.552,33.413,40.733,2717.2,3718.7,18.537,18.052,22.512,0.19729,0.072493,345.81,78.851,6.819,14.058,32.595,4702.6,22.355,52.056,50.785,80.355,1.639,1.2151,3114.8,42.975,56.653,94.229,9.5885,64.972,40.411,91.376,2646.3,63.842,24.78,30.772,0.78183,9.0952,26.671,120.36,1.3568,75.785,24.393,2.2555,54.198,4.9255,158.04,0.032233,0.79585,63.484,18.24,44.596
283,2026-04-27T00:06:00,50.786,19.525,26.982,33.413,41.821,2717.5,3752.2,18.25,18.052,22.511,0.19642,0.081526,345.11,79.144,6.819,14.058,32.595,4720.8,22.468,48.354,49.07,80.54,1.639,1.2151,3115.6,43.178,56.436,94.512,9.6506,65.485,35.362,91.514,2645.7,63.265,25.024,29.948,0.7807,9.0952,26.671,120.41,1.3568,75.914,24.393,2.2555,53.161,4.9255,156.11,-0.00012196,0.79489,63.416,18.24,44.236
284,2026-04-27T00:09:00,49.597,23.92,26.819,32.983,41.558,2720.1,3715.9,18.482,17.646,22.395,0.24359,0.081526,344.88,79.455,6.9558,14.373,32.508,4694.1,22.347,45.6,49.005,80.938,1.5972,1.1579,3118.5,42.49,57.092,94.186,9.7003,64.429,35.172,89.593,2649.8,64.267,24.438,29.561,0.76364,9.0543,26.902,120.4,1.1254,75.281,24.532,2.2156,53.161,4.8974,154.08,-0.00012196,0.79489,63.409,17.992,44.236
285,2026-04-27T00:12:00,50.004,23.944,26.789,32.983,41.845,2720.2,3712.3,17.089,17.646,22.498,0.24334,0.081526,344.44,79.363,6.9558,14.373,32.508,4731.2,22.928,46.544,49.687,81.069,1.5972,1.1579,3119.3,42.584,56.647,94.287,9.6549,65.346,37.179,89.741,2649.4,64.329,25.04,29.025,0.76243,9.0543,26.902,120.41,1.1254,75.838,24.532,2.2156,53.161,4.8974,153.7,-0.00012196,0.79489,63.468,17.992,44.236
286,2026-04-27T00:15:00,51.19,24.291,26.69,33.275,42.545,2718.9,3661.9,19.649,17.679,22.115,0.24923,0.081526,344.34,79.445,7.0467,14.202,32.331,4758.0,21.837,49.287,51.014,81.057,1.6369,1.1272,3119.0,42.379,57.044,94.352,9.6238,64.597,41.083,93.849,2647.4,63.99,24.21,28.723,0.80269,9.1833,26.771,120.41,1.322,74.59,24.477,2.3662,53.161,4.8975,150.73,-0.00012196,0.79489,63.416,18.273,44.236
287,2026-04-27T00:18:00,49.67,24.418,26.919,33.275,41.341,2713.9,3678.8,17.21,17.679,21.742,0.24795,0.081526,343.5,78.709,7.0467,14.202,32.331,4726.4,22.888,45.77,51.691,80.727,1.6369,1.1272,3115.8,43.074,57.422,94.42,9.754,63.694,43.078,93.754,2641.8,63.7,25.969,28.269,0.80347,9.1833,26.771,120.37,1.322,76.142,24.477,2.3662,53.161,4.8975,149.47,-0.00012196,0.79489,63.404,18.273,44.236
288,2026-04-27T00:21:00,50.611,26.058,26.889,32.96,41.372,2714.6,3700.9,16.453,18.434,21.921,0.26055,0.074171,343.56,79.146,7.015,14.027,32.229,4765.2,23.196,47.949,50.256,80.744,1.5836,1.1568,3114.4,42.706,56.376,94.484,9.6784,63.298,38.853,92.354,2641.6,62.41,25.148,27.855,0.78302,9.1356,27.046,120.37,1.2685,75.205,24.218,2.3593,53.549,5.0021,146.77,0.0054424,0.81019,63.281,18.159,43.347
289,2026-04-27T00:24:00,50.202,25.887,26.906,32.96,41.284,2716.6,3674.2,17.031,18.434,22.235,0.26228,0.074171,344.1,78.926,7.015,14.027,32.229,4729.6,22.956,47.001,49.758,80.849,1.5836,1.1568,3114.8,42.417,56.803,94.551,9.7245,64.864,37.387,92.507,2645.0,62.87,24.851,27.457,0.78176,9.1356,27.046,120.42,1.2685,75.317,24.218,2.3593,53.549,5.0021,144.53,0.0054424,0.81019,63.193,18.159,43.347
290,2026-04-27T00:27:00,51.087,26.519,27.119,33.558,40.95,2714.8,3667.8,18.292,17.982,21.862,0.27383,0.074171,343.2,78.807,6.8662,14.008,31.92,4741.2,22.431,49.05,51.612,80.667,1.61,1.1844,3116.0,43.079,57.039,94.604,9.7628,61.018,42.845,90.325,2642.9,63.118,24.313,26.987,0.7648,8.9153,26.671,120.36,1.2574,74.936,24.447,2.3606,53.549,4.9836,143.13,0.0054424,0.81019,63.116,18.618,43.347
291,2026-04-27T00:30:00,50.121,26.868,26.804,33.558,41.256,2716.5,3634.7,15.326,17.982,22.144,0.27028,0.074171,343.41,78.823,6.8662,14.008,31.92,4757.2,23.684,46.815,48.406,80.682,1.61,1.1844,3115.9,42.641,56.847,94.371,9.7866,63.323,33.409,90.418,2644.6,63.688,25.349,26.502,0.76404,8.9153,26.671,120.4,1.2574,75.749,24.447,2.3606,53.549,4.9836,141.98,0.0054424,0.81019,62.978,18.618,43.347
292,2026-04-27T00:33:00,51.204,29.666,27.219,32.912,41.034,2717.4,3730.7,17.578,17.97,22.317,0.30394,0.074171,343.51,79.141,6.8749,14.103,32.459,4724.8,22.726,49.319,50.019,80.799,1.6002,1.1338,3118.4,42.603,56.174,94.531,9.7117,61.842,38.154,90.525,2645.7,63.285,25.356,26.194,0.76144,9.2282,26.766,120.41,1.1259,75.806,24.998,2.3577,53.549,4.9593,138.86,0.0054424,0.81019,62.896,18.484,43.347
293,2026-04-27T00:36:00,49.611,29.803,27.01,32.912,42.078,2718.7,3674.6,15.563,17.97,22.207,0.30255,0.076112,343.68,79.274,6.8749,14.103,32.459,4700.2,23.566,45.633,49.626,80.863,1.6002,1.1338,3118.5,42.523,56.468,94.246,9.5525,65.091,37.0,89.649,2646.6,64.249,25.09,25.95,0.76862,9.2282,26.766,120.43,1.1259,75.158,24.998,2.3577,52.855,4.9593,138.74,0.016223,0.78952,62.882,18.484,44.447
294,2026-04-27T00:39:00,49.55,24.592,27.092,32.971,41.646,2719.5,3706.4,18.263,18.225,22.165,0.25123,0.076112,343.79,79.533,6.7254,14.074,31.908,4727.8,22.409,45.492,49.785,81.202,1.5958,1.147,3119.6,42.668,56.505,94.415,9.6295,64.554,37.468,91.84,2647.5,63.637,23.749,25.741,0.77422,8.954,26.995,120.42,1.1626,75.469,24.914,2.4804,52.855,5.0072,136.12,0.016223,0.78952,62.87,19.004,44.447
295,2026-04-27T00:42:00,49.371,24.273,27.01,32.971,41.728,2716.6,3705.0,15.943,18.225,21.94,0.25447,0.076112,343.0,79.36,6.7254,14.074,31.908,4739.5,23.385,45.079,49.887,81.151,1.5958,1.147,3117.4,42.728,56.365,94.254,9.6494,63.621,37.768,91.65,2645.0,63.661,26.093,25.43,0.77579,8.954,26.995,120.39,1.1626,75.894,24.914,2.4804,52.855,5.0072,134.63,0.016223,0.78952,62.871,19.004,44.447
296,2026-04-27T00:45:00,49.146,30.091,27.366,32.84,41.501,2712.2,3752.1,18.425,18.26,21.902,0.30205,0.076112,342.05,78.976,6.7285,13.935,32.418,4688.9,22.354,44.557,49.395,80.819,1.601,1.1479,3116.1,42.549,55.699,94.291,9.6892,64.359,36.321,91.617,2640.4,64.239,24.914,25.202,0.77303,8.9789,27.067,120.43,1.1167,75.92,25.09,2.3925,52.855,4.9158,132.25,0.016223,0.78952,62.856,18.585,44.447
297,2026-04-27T00:48:00,49.763,29.837,26.954,32.84,41.215,2712.1,3770.5,15.547,18.26,21.994,0.30463,0.076112,343.09,78.961,6.7285,13.935,32.418,4643.1,23.569,45.985,48.848,80.832,1.601,1.1479,3111.8,42.868,56.248,94.363,9.5712,63.241,34.71,91.386,2640.9,63.923,23.074,24.781,0.77493,8.9789,27.067,120.41,1.1167,75.736,25.09,2.3925,52.855,4.9158,132.11,0.016223,0.78952,62.751,18.585,44.447
298,2026-04-27T00:51:00,50.948,24.995,26.867,33.099,41.398,2709.1,3731.6,14.972,18.398,21.612,0.25573,0.073259,342.35,78.841,6.889,14.034,32.095,4712.0,23.813,48.728,50.279,80.874,1.6253,1.1326,3111.0,43.2,56.448,94.182,9.6598,61.906,38.922,89.7,2637.3,64.711,23.655,24.096,0.76039,9.1087,26.852,120.4,1.2404,75.707,24.536,2.3673,53.888,4.9905,128.28,0.014448,0.82165,62.673,18.237,43.253
299,2026-04-27T00:54:00,49.269,25.065,26.99,33.099,42.437,2706.3,3753.7,18.907,18.398,21.631,0.25501,0.073259,342.33,78.707,6.889,14.034,32.095,4717.7,22.161,44.842,49.92,80.791,1.6253,1.1326,3107.4,42.715,56.38,94.274,9.5207,64.908,37.864,89.749,2634.3,64.331,25.546,23.321,0.76,9.1087,26.852,120.41,1.2404,75.271,24.536,2.3673,53.888,4.9905,129.27,0.014448,0.82165,62.58,18.237,43.253
300,2026-04-27T00:57:00,48.851,27.913,27.188,32.795,41.959,2706.8,3714.1,14.237,18.065,21.733,0.287,0.073259,342.16,79.201,6.8601,14.044,31.986,4729.4,24.113,43.875,49.341,80.979,1.5915,1.1471,3107.9,42.882,57.157,94.365,9.6477,61.896,36.161,91.268,2634.9,63.674,25.29,23.299,0.77118,8.962,26.673,120.4,1.2995,75.08,24.538,2.4787,53.888,4.8975,121.83,0.014448,0.82165,62.522,18.46,43.253
301,2026-04-27T01:00:00,49.395,28.094,26.895,32.795,41.897,2706.6,3725.7,18.414,18.065,21.569,0.28516,0.073259,341.82,78.953,6.8601,14.044,31.986,4761.7,22.354,45.134,50.046,81.181,1.5915,1.1471,3108.5,42.662,56.77,94.376,9.6561,62.441,38.235,91.576,2634.2,63.475,23.349,22.514,0.76866,8.962,26.673,120.44,1.2995,74.584,24.538,2.4787,53.888,4.8975,122.96,0.014448,0.82165,62.487,18.46,43.253
302,2026-04-27T01:03:00,49.503,29.179,26.786,33.267,41.708,2703.8,3735.9,18.011,18.399,21.229,0.29837,0.073259,341.57,78.669,6.8478,14.067,32.105,4694.4,22.536,45.383,51.182,81.013,1.5357,1.1207,3106.9,42.661,57.099,94.51,9.5203,62.418,41.579,91.935,2631.7,63.56,23.402,22.003,0.77059,8.9333,27.038,120.38,1.295,74.786,24.622,2.2275,53.888,5.0301,121.03,0.014448,0.82165,62.414,18.513,43.253
303,2026-04-27T01:06:00,49.491,29.109,26.829,33.267,41.099,2702.7,3723.6,17.093,18.399,21.196,0.29909,0.082167,341.19,79.184,6.8478,14.067,32.105,4722.1,22.91,45.357,50.068,80.969,1.5357,1.1207,3105.3,42.615,56.768,94.364,9.5343,63.7,38.3,91.986,2629.9,63.771,24.775,22.31,0.77017,8.9333,27.038,120.39,1.295,75.297,24.622,2.2275,53.871,5.0301,118.62,0.0079127,0.82667,62.35,18.513,43.585
304,2026-04-27T01:09:00,50.937,28.195,26.906,32.6,41.558,2704.0,3682.9,16.852,18.706,21.423,0.28818,0.082167,341.09,79.163,6.7909,14.057,31.795,4719.1,23.009,48.702,48.997,81.182,1.5253,1.0966,3105.9,42.4,56.723,94.435,9.5739,60.159,35.149,92.126,2631.9,64.605,22.815,21.929,0.77686,9.1375,26.933,120.41,1.2471,74.837,24.79,2.4047,53.871,5.017,119.04,0.0079127,0.82667,62.313,18.907,43.585
305,2026-04-27T01:12:00,50.759,28.022,27.12,32.6,40.989,2702.7,3703.8,14.252,18.706,21.44,0.28993,0.082167,340.64,79.385,6.7909,14.057,31.795,4712.4,24.093,48.291,50.174,81.298,1.5253,1.0966,3105.0,42.758,56.803,94.303,9.5816,64.125,38.611,92.423,2630.8,64.246,23.697,21.805,0.77443,9.1375,26.933,120.4,1.2471,74.702,24.79,2.4047,53.871,5.017,116.57,0.0079127,0.82667,62.334,18.907,43.585
306,2026-04-27T01:15:00,48.773,31.649,27.404,32.806,41.59,2701.4,3753.1,17.562,18.254,21.275,0.31807,0.082167,339.96,79.142,7.0141,14.002,31.952,4658.2,22.7,43.695,49.895,81.308,1.5654,1.1417,3105.0,42.907,56.494,94.388,9.6195,63.262,37.79,92.778,2629.2,63.956,24.013,21.515,0.77229,9.1533,26.54,120.43,1.3117,75.685,24.412,2.4308,53.871,4.9608,115.96,0.0079127,0.82667,62.31,18.818,43.585
307,2026-04-27T01:18:00,50.448,31.451,26.689,32.806,41.267,2697.7,3721.2,19.553,18.254,20.669,0.32009,0.082167,339.84,78.869,7.0141,14.002,31.952,4709.9,21.872,47.572,48.653,81.087,1.5654,1.1417,3102.7,42.548,55.875,94.365,9.5481,61.606,34.136,92.382,2624.0,64.505,26.373,21.128,0.77554,9.1533,26.54,120.39,1.3117,75.147,24.412,2.4308,53.871,4.9608,116.47,0.0079127,0.82667,62.297,18.818,43.585
308,2026-04-27T01:21:00,52.084,30.25,27.168,32.411,40.676,2695.1,3693.0,16.007,18.719,21.114,0.3085,0.075701,339.79,79.119,6.8695,13.966,32.428,4663.1,23.365,51.357,49.614,81.064,1.6091,1.1499,3099.2,42.689,56.64,94.473,9.5999,62.681,36.965,92.014,2622.1,63.013,24.955,21.183,0.769,8.8557,26.615,120.39,1.1961,75.477,24.6,2.3999,54.466,5.0542,113.26,0.015416,0.83943,62.247,18.651,43.485
309,2026-04-27T01:24:00,48.593,30.152,26.764,32.411,41.278,2698.7,3692.1,17.593,18.719,21.246,0.3095,0.075701,340.09,79.833,6.8695,13.966,32.428,4693.0,22.668,43.278,50.955,81.374,1.6091,1.1499,3100.9,42.206,56.282,94.588,9.7172,63.088,40.911,92.103,2625.7,63.028,25.948,21.01,0.76827,8.8557,26.615,120.39,1.1961,75.132,24.6,2.3999,54.466,5.0542,111.95,0.015416,0.83943,62.186,18.651,43.485
310,2026-04-27T01:27:00,49.645,25.648,26.923,32.19,41.47,2698.8,3715.6,17.422,18.56,21.098,0.26304,0.075701,340.14,79.339,7.0454,14.088,31.779,4706.2,22.742,45.711,49.905,81.609,1.6263,1.1525,3101.3,42.87,56.541,94.359,9.6536,63.174,37.82,91.857,2626.8,63.836,23.984,20.886,0.7642,9.0302,26.344,120.39,1.1708,74.633,24.139,2.3494,54.466,5.0173,110.03,0.015416,0.83943,62.245,18.656,43.485
311,2026-04-27T01:30:00,50.372,25.817,27.081,32.19,40.836,2695.6,3677.1,16.515,18.56,21.067,0.26133,0.075701,339.74,79.039,7.0454,14.088,31.779,4728.7,23.127,47.396,49.91,81.474,1.6263,1.1525,3099.7,42.615,56.272,94.485,9.6419,64.853,37.836,91.376,2623.3,64.5,22.929,20.641,0.76814,9.0302,26.344,120.39,1.1708,74.606,24.139,2.3494,54.466,5.0173,109.44,0.015416,0.83943,62.278,18.656,43.485
312,2026-04-27T01:33:00,49.53,32.164,27.021,32.774,40.863,2694.8,3649.1,16.546,18.599,20.779,0.32416,0.075701,339.68,79.026,6.7411,14.035,31.676,4664.9,23.118,45.445,50.138,81.343,1.5155,1.1065,3098.2,42.752,57.044,94.51,9.5732,62.207,38.506,93.135,2621.5,63.367,22.974,20.325,0.78293,8.9919,26.835,120.39,1.106,75.505,24.96,2.4554,54.466,5.0698,109.74,0.015416,0.83943,62.185,18.581,43.485
313,2026-04-27T01:36:00,49.126,32.002,27.256,32.774,41.219,2691.2,3663.0,16.308,18.599,20.628,0.3258,0.0864,339.29,78.9,6.7411,14.035,31.676,4675.8,23.231,44.511,50.457,81.077,1.5155,1.1065,3097.2,42.539,56.914,94.651,9.523,63.955,39.444,93.508,2618.3,63.127,23.4,20.408,0.77987,8.9919,26.835,120.36,1.106,75.147,24.96,2.4554,54.068,5.0698,109.22,0.011734,0.85492,62.102,18.581,43.885
314,2026-04-27T01:39:00,50.61,33.412,26.825,32.624,42.386,2692.8,3766.2,14.877,18.555,20.634,0.34096,0.0864,339.26,79.179,7.1306,13.774,32.17,4719.9,23.835,47.945,49.898,81.08,1.5008,1.1182,3097.0,42.819,56.598,94.436,9.5405,64.061,37.799,92.681,2619.6,64.01,24.729,20.17,0.77805,8.8635,26.567,120.41,1.2121,75.947,24.534,2.4198,54.068,4.9978,110.28,0.011734,0.85492,62.03,18.869,43.885
315,2026-04-27T01:42:00,49.813,33.676,26.456,32.624,41.744,2696.8,3729.6,17.804,18.555,20.874,0.33828,0.0864,339.61,79.727,7.1306,13.774,32.17,4702.1,22.574,46.1,49.717,81.633,1.5008,1.1182,3100.2,42.758,56.811,94.365,9.7063,64.306,37.266,93.308,2625.3,64.64,25.228,20.041,0.77291,8.8635,26.567,120.42,1.2121,75.029,24.534,2.4198,54.068,4.9978,110.09,0.011734,0.85492,62.053,18.869,43.885
316,2026-04-27T01:45:00,49.143,28.866,26.709,32.785,41.468,2696.6,3641.9,18.382,18.923,20.939,0.29706,0.0864,339.83,79.536,6.7393,13.707,31.67,4683.3,22.322,44.55,48.021,81.766,1.5281,1.0873,3100.1,42.539,56.337,94.328,9.5895,63.489,32.277,89.166,2624.6,62.681,26.145,20.033,0.75049,8.9749,26.487,120.41,1.3246,75.013,23.871,2.4295,54.068,5.0548,108.46,0.011734,0.85492,62.156,19.039,43.885
317,2026-04-27T01:48:00,49.796,28.956,26.781,32.785,41.125,2695.5,3631.0,16.312,18.923,20.995,0.29614,0.0864,339.76,79.322,6.7393,13.707,31.67,4695.8,23.194,46.062,48.251,81.607,1.5281,1.0873,3099.1,43.104,56.187,94.619,9.6188,64.917,32.954,89.706,2623.0,62.868,24.783,19.897,0.74607,8.9749,26.487,120.38,1.3246,74.815,23.871,2.4295,54.068,5.0548,108.29,0.011734,0.85492,62.167,19.039,43.885
318,2026-04-27T01:51:00,50.58,34.151,27.147,32.147,41.963,2695.1,3735.1,15.033,19.007,20.628,0.34567,0.068774,339.56,79.08,7.1831,13.684,31.9,4715.1,23.74,47.876,48.962,81.48,1.5098,1.1102,3100.7,42.702,55.508,94.383,9.5041,64.32,35.045,88.301,2621.9,64.461,24.187,20.182,0.74188,9.0449,26.597,120.4,1.4019,75.272,24.592,2.487,52.939,5.154,108.09,0.01514,0.84982,62.164,18.981,43.629
319,2026-04-27T01:54:00,50.734,34.142,26.913,32.147,41.473,2694.8,3749.5,15.633,19.007,20.829,0.34576,0.068774,339.97,79.073,7.1831,13.684,31.9,4666.2,23.488,48.232,49.102,81.417,1.5098,1.1102,3098.5,42.755,56.092,94.269,9.6166,64.958,35.456,88.622,2622.1,64.212,25.908,20.2,0.73925,9.0449,26.597,120.42,1.4019,74.883,24.592,2.487,52.939,5.154,108.26,0.01514,0.84982,62.15,18.981,43.629
320,2026-04-27T01:57:00,50.272,32.199,27.075,32.192,40.643,2694.2,3637.8,15.684,18.737,21.344,0.32951,0.068774,340.12,79.383,6.9367,13.702,32.446,4691.9,23.454,47.164,50.824,81.522,1.5195,1.1135,3097.1,42.494,55.888,94.446,9.7217,64.097,40.526,88.1,2622.0,62.167,26.639,20.235,0.73705,9.0356,26.875,120.38,1.2408,75.41,23.971,2.3648,52.939,5.0757,108.23,0.01514,0.84982,62.158,19.072,43.629
321,2026-04-27T02:00:00,50.694,32.019,27.136,32.192,41.505,2697.4,3661.2,19.665,18.737,21.861,0.33133,0.068774,341.18,79.288,6.9367,13.702,32.446,4707.1,21.77,48.14,48.83,81.694,1.5195,1.1135,3097.3,42.377,55.706,94.565,9.6403,64.984,34.657,88.214,2625.6,61.765,23.649,20.318,0.73612,9.0356,26.875,120.42,1.2408,75.206,23.971,2.3648,52.939,5.0757,107.64,0.01514,0.84982,62.169,19.072,43.629
322,2026-04-27T02:03:00,49.86,27.12,26.886,32.801,40.887,2691.9,3657.4,18.47,19.067,20.902,0.27572,0.068774,340.84,78.827,6.9951,13.745,32.517,4702.7,22.292,46.21,49.195,81.261,1.5408,1.1334,3095.7,42.745,55.494,94.606,9.6356,63.521,35.731,88.254,2619.9,63.823,23.59,20.275,0.73809,8.8696,26.704,120.38,1.2421,75.513,24.521,2.3864,52.939,5.1409,108.5,0.01514,0.84982,62.134,18.755,43.629
323,2026-04-27T02:06:00,50.75,26.968,26.925,32.801,41.524,2692.0,3661.6,17.782,19.067,21.153,0.27726,0.076286,341.15,79.002,6.9951,13.745,32.517,4659.9,22.585,48.27,48.094,81.202,1.5408,1.1334,3093.5,42.44,56.006,94.601,9.5802,64.487,32.49,88.471,2619.7,63.75,24.341,20.419,0.73631,8.8696,26.704,120.4,1.2421,74.155,24.521,2.3864,53.539,5.1409,106.2,0.024591,0.8544,62.07,18.755,43.263
324,2026-04-27T02:09:00,48.659,26.198,27.114,32.635,41.294,2691.0,3637.0,16.497,18.697,21.55,0.26541,0.076286,341.25,78.911,6.8582,13.888,32.313,4678.4,23.131,43.43,48.848,81.179,1.4931,1.1264,3091.0,42.534,56.539,94.584,9.6602,62.607,34.711,88.361,2618.8,63.583,24.663,20.161,0.74552,8.8835,26.632,120.41,1.3639,74.507,24.293,2.5603,53.539,5.1948,109.03,0.024591,0.8544,61.999,18.293,43.263
325,2026-04-27T02:12:00,50.292,26.08,27.18,32.635,41.331,2690.8,3667.8,15.827,18.697,21.112,0.26661,0.076286,340.55,79.31,6.8582,13.888,32.313,4679.6,23.404,47.21,50.123,81.238,1.4931,1.1264,3093.1,42.443,56.524,94.546,9.6862,62.957,38.463,88.409,2618.2,63.052,24.377,20.102,0.74512,8.8835,26.632,120.39,1.3639,75.237,24.293,2.5603,53.539,5.1948,109.64,0.024591,0.8544,61.998,18.293,43.263
326,2026-04-27T02:15:00,50.351,27.89,26.836,32.676,40.974,2691.1,3697.7,18.172,18.768,20.813,0.28278,0.076286,340.24,79.054,6.7766,13.699,32.652,4715.1,22.424,47.346,49.871,81.289,1.514,1.1151,3094.4,42.868,57.277,94.556,9.6146,63.231,37.72,90.835,2618.2,63.697,25.564,20.249,0.75657,8.9769,26.717,120.41,1.0112,74.497,24.094,2.4604,53.539,5.0468,107.91,0.024591,0.8544,62.011,18.649,43.263
327,2026-04-27T02:18:00,51.545,27.787,26.891,32.676,41.498,2693.2,3701.8,16.355,18.768,21.062,0.28382,0.076286,340.41,79.426,6.7766,13.699,32.652,4764.6,23.175,50.109,50.974,81.479,1.514,1.1151,3095.2,42.265,56.685,94.395,9.6884,64.047,40.966,90.224,2619.9,63.626,24.802,20.354,0.76157,8.9769,26.717,120.42,1.0112,74.548,24.094,2.4604,53.539,5.0468,106.63,0.024591,0.8544,62.05,18.649,43.263
328,2026-04-27T02:21:00,49.746,23.969,26.748,33.125,41.58,2693.9,3716.1,17.315,18.48,21.23,0.25099,0.076923,340.25,79.474,6.6709,13.816,32.578,4711.1,22.758,45.946,50.159,81.736,1.5002,1.1155,3096.4,42.746,56.502,94.298,9.5431,63.417,38.568,88.147,2622.1,64.157,24.584,20.236,0.73668,8.8296,26.271,120.44,1.2155,75.557,24.722,2.4472,53.304,5.0368,109.47,0.022034,0.86592,62.116,19.073,43.839
329,2026-04-27T02:24:00,49.32,24.375,26.751,33.125,41.514,2690.1,3701.0,18.597,18.48,20.717,0.24686,0.076923,339.57,79.422,6.6709,13.816,32.578,4650.6,22.216,44.96,49.853,81.595,1.5002,1.1155,3095.4,42.816,57.226,94.387,9.5142,66.136,37.667,87.753,2617.5,64.416,24.029,20.281,0.73991,8.8296,26.271,120.4,1.2155,75.283,24.722,2.4472,53.304,5.0368,109.5,0.022034,0.86592,62.189,19.073,43.839
330,2026-04-27T02:27:00,50.575,24.513,26.619,33.325,41.856,2687.3,3728.6,15.212,18.875,20.379,0.25084,0.076923,339.4,78.925,6.9036,13.825,32.159,4656.1,23.653,47.864,50.269,81.562,1.5075,1.0951,3091.9,43.131,56.106,94.247,9.5778,63.531,38.891,89.509,2615.0,65.018,24.086,20.237,0.75045,8.8589,27.049,120.41,1.191,74.455,24.06,2.4451,53.304,5.2345,110.57,0.022034,0.86592,62.186,18.845,43.839
331,2026-04-27T02:30:00,50.015,24.605,26.945,33.325,41.99,2685.4,3733.1,19.302,18.875,20.25,0.24991,0.076923,338.98,79.381,6.9036,13.825,32.159,4693.2,21.917,46.568,50.366,81.585,1.5075,1.0951,3089.8,42.531,55.663,94.385,9.5565,63.943,39.176,89.87,2612.6,64.941,23.788,20.505,0.74749,8.8589,27.049,120.4,1.191,75.18,24.06,2.4451,53.304,5.2345,108.12,0.022034,0.86592,62.211,18.845,43.839
332,2026-04-27T02:33:00,49.202,28.535,27.161,33.099,41.699,2683.3,3705.9,17.069,18.62,20.352,0.28721,0.076923,338.99,79.441,6.9469,13.681,32.321,4699.0,22.853,44.687,50.897,81.569,1.4712,1.0571,3089.0,42.938,56.12,94.261,9.5658,64.298,40.74,90.11,2610.3,63.457,25.451,20.583,0.7475,8.8724,26.583,120.42,1.3789,75.254,24.486,2.3594,53.304,5.1021,107.8,0.022034,0.86592,62.213,18.613,43.839
333,2026-04-27T02:36:00,51.729,28.276,27.093,33.099,41.343,2683.8,3684.5,17.348,18.62,20.458,0.28984,0.055944,338.42,79.15,6.9469,13.681,32.321,4700.9,22.744,50.535,50.581,81.637,1.4712,1.0571,3088.3,42.911,56.098,94.62,9.4567,64.309,39.81,89.895,2610.2,63.825,25.218,20.659,0.74926,8.8724,26.583,120.39,1.3789,74.543,24.486,2.3594,54.126,5.1021,111.27,0.015776,0.87685,62.247,18.613,44.01
334,2026-04-27T02:39:00,51.534,27.015,26.81,32.337,41.22,2683.5,3663.0,16.93,18.516,20.166,0.2703,0.055944,338.52,79.067,7.0601,13.845,31.996,4734.4,22.922,50.085,50.474,81.662,1.4826,1.1068,3089.2,42.631,56.274,94.357,9.482,62.248,39.496,88.156,2610.8,63.775,24.663,20.765,0.73088,8.9748,26.805,120.37,1.2638,75.292,24.343,2.3637,54.126,5.1851,112.23,0.015776,0.87685,62.307,19.17,44.01
335,2026-04-27T02:42:00,50.28,26.689,27.118,32.337,40.942,2683.4,3672.7,18.851,18.516,20.268,0.27361,0.055944,337.79,79.202,7.0601,13.845,31.996,4740.4,22.107,47.182,47.802,81.693,1.4826,1.1068,3089.8,42.626,56.202,94.608,9.6242,64.722,31.631,87.706,2610.8,63.608,25.943,20.936,0.73457,8.9748,26.805,120.4,1.2638,74.815,24.343,2.3637,54.126,5.1851,112.46,0.015776,0.87685,62.317,19.17,44.01
336,2026-04-27T02:45:00,50.995,29.987,26.969,32.749,40.829,2682.5,3682.3,19.095,19.065,20.104,0.30361,0.055944,337.76,79.419,6.7978,13.645,32.244,4648.5,22.0,48.837,50.377,81.57,1.5074,1.0601,3089.2,43.077,55.916,94.51,9.5987,64.519,39.21,89.941,2608.9,62.334,24.47,21.244,0.75169,8.8326,26.747,120.39,0.9595,74.805,24.137,2.4625,54.126,5.1517,111.15,0.015776,0.87685,62.33,18.866,44.01
337,2026-04-27T02:48:00,49.862,29.935,26.887,32.749,42.182,2684.7,3670.5,17.922,19.065,20.394,0.30413,0.055944,338.23,79.577,6.7978,13.645,32.244,4598.4,22.489,46.214,49.207,81.682,1.5074,1.0601,3090.3,42.701,56.516,94.764,9.7396,62.951,35.768,90.537,2611.7,62.538,23.447,21.26,0.74681,8.8326,26.747,120.4,0.9595,75.366,24.137,2.4625,54.126,5.1517,113.12,0.015776,0.87685,62.35,18.866,44.01
338,2026-04-27T02:51:00,50.858,27.745,27.184,32.943,40.822,2686.1,3675.4,14.746,18.86,20.398,0.27993,0.068017,338.44,79.189,6.8819,13.863,32.13,4731.0,23.833,48.519,47.859,81.695,1.4942,1.1089,3091.5,42.934,55.634,94.455,9.5931,62.759,31.799,87.325,2613.5,64.71,25.804,21.685,0.72822,8.8855,26.608,120.39,1.4811,75.494,24.483,2.4842,54.308,5.1407,114.3,0.017939,0.83875,62.417,18.652,44.505
339,2026-04-27T02:54:00,50.926,27.544,26.958,32.943,42.205,2687.1,3679.5,16.855,18.86,20.503,0.28198,0.068017,338.24,79.551,6.8819,13.863,32.13,4714.0,22.927,48.677,50.375,81.792,1.4942,1.1089,3093.2,42.829,55.838,94.369,9.7654,62.239,39.204,87.075,2614.7,64.64,25.93,22.032,0.73026,8.8855,26.608,120.43,1.4811,74.149,24.483,2.4842,54.308,5.1407,114.2,0.017939,0.83875,62.448,18.652,44.505
340,2026-04-27T02:57:00,52.368,28.962,27.062,32.622,41.074,2687.0,3677.4,16.85,18.642,20.12,0.28945,0.068017,338.29,79.354,6.9505,13.558,32.174,4738.0,22.931,52.013,49.748,81.868,1.4709,1.0808,3093.2,43.186,56.079,94.376,9.6062,65.173,37.357,90.525,2614.1,63.977,25.187,22.065,0.74907,8.9495,26.466,120.39,1.2012,75.126,24.391,2.4848,54.308,5.1068,117.53,0.017939,0.83875,62.545,18.649,44.505
341,2026-04-27T03:00:00,50.98,28.67,27.316,32.622,41.214,2684.2,3669.6,16.291,18.642,20.155,0.29242,0.068017,337.77,79.244,6.9505,13.558,32.174,4699.5,23.17,48.802,49.609,81.629,1.4709,1.0808,3092.2,43.068,56.541,94.391,9.6335,64.335,36.949,90.282,2610.8,64.112,24.133,22.461,0.75106,8.9495,26.466,120.4,1.2012,74.994,24.391,2.4848,54.308,5.1068,116.8,0.017939,0.83875,62.572,18.649,44.505
342,2026-04-27T03:03:00,49.336,28.127,27.153,32.863,41.206,2685.8,3676.5,16.543,18.765,20.284,0.29031,0.068017,338.51,79.201,6.95,13.636,32.384,4710.1,23.068,44.996,48.973,81.579,1.4901,1.0782,3092.1,43.035,56.44,94.449,9.7281,62.934,35.076,86.129,2612.4,63.359,23.703,22.5,0.71665,8.7362,27.235,120.4,1.208,74.548,24.567,2.526,54.308,5.1103,120.08,0.017939,0.83875,62.58,19.412,44.505
343,2026-04-27T03:06:00,50.351,28.227,27.165,32.863,41.552,2685.7,3656.1,15.365,18.765,20.113,0.28929,0.074323,338.12,79.29,6.95,13.636,32.384,4715.1,23.563,47.347,49.413,81.583,1.4901,1.0782,3092.2,42.604,56.38,94.454,9.7192,63.531,36.372,86.476,2612.0,63.71,25.773,22.244,0.71381,8.7362,27.235,120.4,1.208,74.999,24.567,2.526,53.415,5.1103,116.21,0.037956,0.85507,62.558,19.412,43.87
344,2026-04-27T03:09:00,48.987,26.402,26.936,32.762,41.097,2687.4,3723.0,16.687,18.776,20.311,0.26528,0.074323,338.58,79.42,6.7294,13.566,32.105,4612.3,23.001,44.19,50.604,81.695,1.5159,1.0852,3092.3,42.654,55.697,94.532,9.7016,63.111,39.877,86.955,2614.7,62.5,24.502,22.161,0.72426,8.7297,26.59,120.39,1.1927,74.795,24.455,2.4506,53.415,5.0934,116.29,0.037956,0.85507,62.544,18.874,43.87
345,2026-04-27T03:12:00,49.301,26.116,27.095,32.762,41.416,2687.3,3678.2,17.474,18.776,20.765,0.26818,0.074323,338.69,79.474,6.7294,13.566,32.105,4650.8,22.669,44.917,50.064,81.66,1.5159,1.0852,3091.0,42.512,55.237,94.452,9.7098,65.007,38.288,86.868,2614.2,63.27,23.184,22.107,0.72497,8.7297,26.59,120.4,1.1927,74.432,24.455,2.4506,53.415,5.0934,116.07,0.037956,0.85507,62.564,18.874,43.87
346,2026-04-27T03:15:00,50.517,28.863,27.027,32.311,41.157,2688.0,3740.6,15.952,18.458,20.338,0.29307,0.074323,338.75,79.386,6.82,13.611,31.891,4703.7,23.31,47.73,49.461,81.626,1.4497,1.0782,3093.1,42.662,55.86,94.425,9.6881,63.89,36.513,85.739,2614.7,64.171,24.687,21.981,0.71637,8.6691,26.424,120.4,1.2763,74.746,24.077,2.518,53.415,5.1641,116.65,0.037956,0.85507,62.53,19.09,43.87
347,2026-04-27T03:18:00,49.556,28.889,26.823,32.311,42.567,2688.2,3726.0,18.315,18.458,20.626,0.2928,0.074323,338.82,79.449,6.82,13.611,31.891,4694.0,22.31,45.506,48.689,81.694,1.4497,1.0782,3093.9,42.866,55.976,94.161,9.6636,64.513,34.243,86.169,2616.7,64.423,22.72,21.844,0.71285,8.6691,26.424,120.45,1.2763,75.232,24.077,2.518,53.415,5.1641,117.36,0.037956,0.85507,62.53,19.09,43.87
348,2026-04-27T03:21:00,49.944,31.172,26.954,33.288,41.206,2686.5,3678.9,15.385,18.8,20.351,0.31484,0.061287,338.49,78.976,6.8832,13.566,32.469,4648.6,23.559,46.404,51.026,81.523,1.4624,1.0297,3093.0,42.989,55.955,94.324,9.6638,61.577,41.119,86.327,2613.0,64.54,27.107,22.306,0.71844,8.8763,26.509,120.37,1.1869,74.82,23.964,2.544,53.791,5.1327,116.25,0.0065382,0.85472,62.522,18.8,43.268
349,2026-04-27T03:24:00,50.078,31.065,26.856,33.288,42.026,2687.3,3720.4,17.239,18.8,20.582,0.31592,0.061287,339.2,79.188,6.8832,13.566,32.469,4669.4,22.776,46.716,50.962,81.554,1.4624,1.0297,3091.8,42.643,55.706,94.462,9.6979,62.113,40.931,86.427,2614.5,63.825,24.83,22.295,0.71762,8.8763,26.509,120.4,1.1869,74.804,23.964,2.544,53.791,5.1327,117.69,0.0065382,0.85472,62.544,18.8,43.268
350,2026-04-27T03:27:00,49.71,25.563,26.799,32.535,41.285,2686.5,3700.2,17.001,19.12,20.417,0.26025,0.061287,339.34,79.428,6.9404,13.601,32.104,4718.7,22.866,45.862,48.355,81.608,1.4843,1.092,3090.7,42.573,55.801,94.241,9.6492,60.057,33.259,85.574,2614.5,63.646,24.097,22.52,0.71192,8.8524,26.764,120.39,1.3191,74.513,24.175,2.5464,53.791,5.0733,116.46,0.0065382,0.85472,62.539,19.013,43.268
351,2026-04-27T03:30:00,49.366,25.683,27.047,32.535,41.186,2687.6,3670.5,16.502,19.12,20.558,0.25903,0.061287,338.98,79.235,6.9404,13.601,32.104,4637.1,23.077,45.066,49.494,81.746,1.4843,1.092,3092.4,42.921,56.777,94.564,9.6974,61.695,36.612,85.678,2614.7,64.157,26.136,22.33,0.71106,8.8524,26.764,120.39,1.3191,75.853,24.175,2.5464,53.791,5.0733,119.89,0.0065382,0.85472,62.565,19.013,43.268
352,2026-04-27T03:33:00,49.45,28.975,26.852,32.436,41.671,2686.6,3666.5,16.572,18.96,20.478,0.29419,0.061287,338.98,79.286,6.9572,13.562,31.82,4676.8,23.045,45.261,49.28,81.611,1.4591,1.1016,3091.6,42.911,55.757,94.269,9.6449,62.816,35.982,85.73,2614.0,63.698,25.539,22.665,0.71532,8.5655,26.669,120.41,1.3899,75.339,24.571,2.3783,53.791,5.0946,117.37,0.0065382,0.85472,62.594,18.916,43.268
353,2026-04-27T03:36:00,50.047,28.815,27.144,32.436,41.502,2688.1,3699.8,18.003,18.96,20.938,0.29581,0.072754,338.81,79.265,6.9572,13.562,31.82,4676.2,22.44,46.643,48.723,81.704,1.4591,1.1016,3092.9,42.687,55.763,94.493,9.6633,63.84,34.343,85.673,2616.1,63.124,24.75,22.656,0.71579,8.5655,26.669,120.37,1.3899,75.347,24.571,2.3783,53.372,5.0946,119.04,0.032108,0.84627,62.594,18.916,43.728
354,2026-04-27T03:39:00,51.215,31.974,26.953,32.602,41.41,2689.7,3669.5,16.94,19.189,20.811,0.32324,0.072754,339.64,79.419,6.8971,13.488,31.828,4680.3,22.883,49.346,48.121,81.674,1.4505,1.0106,3093.1,42.701,55.92,94.446,9.6997,63.319,32.569,84.676,2617.2,63.436,25.248,22.648,0.71262,8.6738,26.417,120.41,1.2509,74.69,24.627,2.4698,53.372,5.1966,120.49,0.032108,0.84627,62.641,18.778,43.728
355,2026-04-27T03:42:00,50.527,31.875,27.383,32.602,41.889,2691.2,3669.4,16.133,19.189,20.918,0.32424,0.072754,339.73,79.177,6.8971,13.488,31.828,4680.9,23.222,47.754,48.33,81.75,1.4505,1.0106,3094.7,42.724,55.914,94.29,9.704,64.102,33.184,85.249,2618.1,63.437,23.942,22.886,0.70792,8.6738,26.417,120.41,1.2509,74.823,24.627,2.4698,53.372,5.1966,119.17,0.032108,0.84627,62.687,18.778,43.728
356,2026-04-27T03:45:00,49.908,32.048,26.666,32.822,41.216,2690.5,3687.8,15.56,19.114,20.444,0.32854,0.072754,339.92,79.047,6.7892,13.654,32.494,4678.8,23.473,46.322,50.952,81.49,1.456,1.0949,3094.4,42.793,56.265,94.453,9.6662,63.404,40.9,83.529,2617.7,63.605,24.266,22.83,0.70202,8.8987,26.694,120.39,1.214,74.972,24.207,2.4167,53.372,5.133,121.15,0.032108,0.84627,62.707,18.96,43.728
357,2026-04-27T03:48:00,50.921,32.176,26.996,32.822,41.444,2691.9,3695.5,16.64,19.114,21.24,0.32724,0.072754,340.84,79.414,6.7892,13.654,32.494,4687.7,23.007,48.666,49.573,81.536,1.456,1.0949,3094.6,42.605,56.159,94.299,9.4839,63.242,36.843,83.953,2620.3,63.473,24.188,22.908,0.69855,8.8987,26.694,120.4,1.214,75.954,24.207,2.4167,53.372,5.133,121.66,0.032108,0.84627,62.647,18.96,43.728
358,2026-04-27T03:51:00,50.325,25.99,26.912,32.34,41.415,2689.7,3722.0,19.916,19.05,20.913,0.26191,0.071122,340.82,79.083,6.9564,13.62,31.902,4718.2,21.636,47.285,49.86,81.54,1.4716,1.0454,3093.7,42.972,55.332,94.383,9.65,62.383,37.689,85.622,2618.1,64.0,24.397,22.956,0.71838,9.0179,26.716,120.41,1.377,74.661,24.523,2.4396,53.223,5.2069,120.39,0.025856,0.83672,62.638,18.807,44.195
359,2026-04-27T03:54:00,49.903,25.715,26.995,32.34,42.258,2687.9,3714.3,17.938,19.05,20.9,0.26472,0.071122,340.22,79.138,6.9564,13.62,31.902,4654.7,22.47,46.309,48.153,81.447,1.4716,1.0454,3091.4,42.863,56.091,94.399,9.6869,63.763,32.666,85.314,2615.6,64.132,25.694,22.994,0.72091,9.0179,26.716,120.41,1.377,74.615,24.523,2.4396,53.223,5.2069,120.41,0.025856,0.83672,62.657,18.807,44.195
360,2026-04-27T03:57:00,50.032,31.45,27.199,32.872,41.177,2688.6,3669.9,14.72,18.455,20.994,0.32074,0.071122,340.42,79.204,6.6972,13.682,32.29,4670.3,23.827,46.609,49.007,81.47,1.4861,1.042,3091.2,42.983,56.262,94.278,9.6904,64.372,35.178,85.237,2616.6,63.438,26.875,23.082,0.71168,8.8161,26.518,120.38,1.4195,75.126,24.715,2.4364,53.223,5.0145,119.89,0.025856,0.83672,62.648,19.052,44.195
361,2026-04-27T04:00:00,50.574,31.74,27.491,32.872,41.486,2689.7,3682.4,17.228,18.455,21.348,0.31778,0.071122,340.54,79.156,6.6972,13.682,32.29,4697.0,22.774,47.863,49.139,81.452,1.4861,1.042,3090.9,42.464,55.943,94.572,9.7345,64.033,35.566,85.015,2617.0,63.224,25.867,22.931,0.7135,8.8161,26.518,120.39,1.4195,75.721,24.715,2.4364,53.223,5.0145,122.05,0.025856,0.83672,62.65,19.052,44.195
362,2026-04-27T04:03:00,50.025,27.81,26.976,33.192,41.758,2689.1,3748.4,17.519,19.07,21.068,0.28448,0.071122,340.95,78.857,6.7917,13.575,32.006,4644.4,22.658,46.593,50.389,81.519,1.4381,1.0423,3091.6,42.74,55.946,94.199,9.5285,64.271,39.245,85.909,2617.3,64.413,24.882,23.078,0.71786,8.9136,26.549,120.41,1.3247,75.436,24.357,2.4122,53.223,5.1653,120.85,0.025856,0.83672,62.644,18.494,44.195
363,2026-04-27T04:06:00,50.02,27.878,26.902,33.192,42.272,2687.3,3730.9,16.216,19.07,20.831,0.28379,0.072903,340.05,79.4,6.7917,13.575,32.006,4698.1,23.194,46.579,48.529,81.489,1.4381,1.0423,3090.3,42.577,55.303,94.358,9.5907,62.596,33.771,85.923,2615.2,64.713,24.542,22.936,0.71775,8.9136,26.549,120.41,1.3247,75.027,24.357,2.4122,53.98,5.1653,120.27,0.024382,0.8558,62.629,18.494,44.144
364,2026-04-27T04:09:00,49.881,30.682,26.696,33.084,42.611,2687.9,3738.8,18.658,18.456,20.68,0.31108,0.072903,340.1,79.191,6.8723,13.723,32.561,4752.7,22.167,46.259,51.798,81.59,1.464,1.1172,3091.0,42.744,56.019,94.114,9.7063,62.15,43.391,84.328,2615.7,63.879,25.97,22.782,0.70484,8.7266,26.543,120.38,1.2702,75.573,24.531,2.4407,53.98,5.1396,121.32,0.024382,0.8558,62.652,19.251,44.144
365,2026-04-27T04:12:00,49.777,30.661,26.803,33.084,42.448,2687.4,3693.4,18.275,18.456,20.732,0.31129,0.072903,340.14,79.168,6.8723,13.723,32.561,4723.3,22.332,46.018,51.384,81.536,1.464,1.1172,3090.4,42.677,56.371,94.371,9.7167,62.182,42.173,84.246,2614.5,64.661,25.79,22.774,0.70551,8.7266,26.543,120.41,1.2702,74.86,24.531,2.4407,53.98,5.1396,120.67,0.024382,0.8558,62.695,19.251,44.144
366,2026-04-27T04:15:00,51.297,25.431,26.714,33.159,41.933,2684.8,3728.3,17.901,18.823,20.749,0.25522,0.072903,340.3,79.345,6.8269,13.607,32.441,4643.8,22.481,49.535,50.36,81.659,1.4377,1.0811,3087.3,42.754,55.447,94.263,9.6903,61.321,39.16,86.196,2612.6,63.399,22.877,22.642,0.71995,8.8947,26.622,120.41,1.0908,75.546,24.229,2.4862,53.98,5.0738,121.43,0.024382,0.8558,62.691,19.325,44.144
367,2026-04-27T04:18:00,50.784,25.284,27.079,33.159,41.494,2682.5,3706.1,17.146,18.823,20.919,0.25672,0.072903,339.69,78.992,6.8269,13.607,32.441,4639.5,22.81,48.347,48.876,81.584,1.4377,1.0811,3085.4,42.845,55.498,94.533,9.6719,63.427,34.794,86.232,2609.8,63.782,23.945,22.696,0.71965,8.8947,26.622,120.38,1.0908,74.992,24.229,2.4862,53.98,5.0738,120.1,0.024382,0.8558,62.724,19.325,44.144
368,2026-04-27T04:21:00,49.148,26.179,26.896,33.17,41.261,2680.0,3730.4,15.59,18.903,20.72,0.2643,0.067054,339.19,79.213,6.8403,13.562,32.362,4651.9,23.461,44.561,48.975,81.498,1.4525,1.0548,3083.7,42.531,55.084,94.284,9.5874,62.388,35.083,84.514,2608.2,63.792,23.825,22.977,0.70642,8.9001,26.694,120.39,1.5476,74.854,24.486,2.4062,53.537,5.0592,121.91,0.022825,0.84091,62.725,19.053,44.648
369,2026-04-27T04:24:00,50.128,25.97,26.747,33.17,40.835,2678.6,3697.4,16.898,18.903,20.474,0.26642,0.067054,339.41,78.81,6.8403,13.562,32.362,4620.0,22.927,46.831,50.225,81.427,1.4525,1.0548,3081.8,42.566,55.465,94.573,9.6338,63.069,38.762,84.428,2605.9,64.359,23.415,23.106,0.70712,8.9001,26.694,120.35,1.5476,76.004,24.486,2.4062,53.537,5.0592,122.23,0.022825,0.84091,62.713,19.053,44.648
370,2026-04-27T04:27:00,49.151,26.55,26.949,32.95,41.007,2679.4,3720.6,17.331,18.844,20.586,0.27138,0.067054,339.36,79.474,7.1064,13.643,32.517,4644.2,22.727,44.569,49.417,81.552,1.4541,1.063,3082.2,42.363,55.773,94.329,9.7074,61.152,36.386,83.987,2606.5,63.889,23.709,23.202,0.69787,8.7308,26.243,120.4,1.2497,75.204,24.629,2.4337,53.537,5.0764,122.93,0.022825,0.84091,62.694,19.02,44.648
371,2026-04-27T04:30:00,50.436,26.594,26.608,32.95,41.662,2682.5,3739.7,16.218,18.844,20.828,0.27094,0.067054,339.55,79.593,7.1064,13.643,32.517,4644.5,23.186,47.543,49.892,81.854,1.4541,1.063,3084.1,42.497,55.769,94.445,9.6199,63.604,37.782,84.342,2610.8,63.561,27.988,23.394,0.69497,8.7308,26.243,120.41,1.2497,75.204,24.629,2.4337,53.537,5.0764,122.5,0.022825,0.84091,62.76,19.02,44.648
372,2026-04-27T04:33:00,51.129,25.126,26.722,32.864,41.338,2683.1,3625.0,17.491,18.961,21.006,0.2507,0.067054,339.42,79.494,6.8981,13.569,32.238,4652.0,22.641,49.147,48.747,82.017,1.4542,1.0167,3084.5,42.301,55.716,94.4,9.5763,61.686,34.412,84.997,2611.0,63.115,24.442,23.612,0.70467,8.7536,26.442,120.38,1.2572,75.476,24.235,2.4969,53.537,5.1295,121.69,0.022825,0.84091,62.862,18.545,44.648
373,2026-04-27T04:36:00,51.547,24.834,26.866,32.864,41.268,2679.9,3656.7,18.069,18.961,20.489,0.25366,0.074501,339.3,78.737,6.8981,13.569,32.238,4627.6,22.417,50.113,49.576,81.738,1.4542,1.0167,3083.1,42.506,56.009,94.707,9.522,64.375,36.853,84.954,2607.0,62.569,23.428,23.073,0.70503,8.7536,26.442,120.37,1.2572,76.081,24.235,2.4969,54.197,5.1295,125.33,0.017223,0.84911,62.954,18.545,44.267
374,2026-04-27T04:39:00,48.681,27.354,26.92,32.628,40.804,2677.5,3681.3,12.702,18.899,20.325,0.27797,0.074501,338.96,78.9,7.0445,13.767,32.349,4709.0,24.69,43.481,49.231,81.325,1.4547,1.0454,3082.6,42.841,56.199,94.563,9.6568,63.636,35.838,83.052,2604.8,63.86,24.049,23.292,0.70173,8.9709,27.058,120.39,1.3474,74.597,24.194,2.4766,54.197,5.1833,122.84,0.017223,0.84911,62.883,18.68,44.267
375,2026-04-27T04:42:00,50.287,27.463,27.095,32.628,41.502,2681.8,3695.3,14.655,18.899,20.687,0.27687,0.074501,338.84,79.502,7.0445,13.767,32.349,4674.7,23.849,47.198,51.375,81.604,1.4547,1.0454,3085.7,43.116,56.61,94.658,9.5794,64.254,42.146,83.659,2608.9,63.619,24.891,23.165,0.69675,8.9709,27.058,120.38,1.3474,75.032,24.194,2.4766,54.197,5.1833,124.22,0.017223,0.84911,62.851,18.68,44.267
376,2026-04-27T04:45:00,50.251,26.071,27.179,32.794,40.88,2684.8,3661.6,17.676,18.699,20.672,0.26747,0.074501,339.36,79.454,6.8613,13.584,31.855,4700.0,22.567,47.115,49.554,81.923,1.4306,1.0309,3088.6,42.323,56.004,94.458,9.4881,64.1,36.787,86.221,2612.5,62.83,24.659,23.11,0.7173,8.8963,26.533,120.4,1.4254,75.18,23.924,2.4738,54.197,5.2306,124.78,0.017223,0.84911,62.897,18.943,44.267
377,2026-04-27T04:48:00,51.305,26.358,26.949,32.794,40.902,2683.2,3656.8,16.959,18.699,20.482,0.26455,0.074501,339.02,79.23,6.8613,13.584,31.855,4704.4,22.874,49.555,49.419,81.836,1.4306,1.0309,3087.6,42.52,55.951,94.618,9.576,62.476,36.39,86.247,2610.8,62.913,25.267,23.127,0.71709,8.8963,26.533,120.4,1.4254,75.018,23.924,2.4738,54.197,5.2306,124.5,0.017223,0.84911,62.894,18.943,44.267
378,2026-04-27T04:51:00,49.244,30.77,27.039,32.572,41.324,2684.4,3708.4,15.358,19.1,20.616,0.31687,0.074716,338.74,79.141,6.9461,13.756,32.282,4682.2,23.556,44.785,50.951,81.639,1.4835,1.0427,3088.4,43.025,55.566,94.497,9.5701,64.413,40.899,83.842,2611.7,63.563,24.759,23.463,0.69507,8.8213,26.095,120.43,1.1174,75.127,24.478,2.4875,54.523,5.1724,123.22,0.011513,0.85076,62.889,19.024,43.868
379,2026-04-27T04:54:00,49.765,30.928,27.168,32.572,40.709,2685.2,3744.9,19.191,19.1,20.568,0.31526,0.074716,339.19,79.249,6.9461,13.756,32.282,4685.0,21.941,45.99,50.245,81.616,1.4835,1.0427,3089.6,42.631,55.532,94.43,9.6869,62.473,38.821,83.451,2612.5,62.936,26.557,23.44,0.69827,8.8213,26.095,120.42,1.1174,75.018,24.478,2.4875,54.523,5.1724,124.52,0.011513,0.85076,62.852,19.024,43.868
380,2026-04-27T04:57:00,50.005,26.925,27.099,33.065,40.96,2685.0,3662.9,18.235,19.194,20.489,0.27587,0.074716,339.14,79.502,6.9503,13.644,31.838,4634.5,22.331,46.545,51.078,81.723,1.4299,1.0438,3089.1,42.945,55.904,94.46,9.5845,63.858,41.273,85.756,2612.7,63.583,24.385,23.476,0.71525,8.8885,26.52,120.41,1.3263,75.276,24.532,2.4363,54.523,5.1649,125.17,0.011513,0.85076,62.872,19.231,43.868
381,2026-04-27T05:00:00,51.166,26.753,27.133,33.065,41.403,2685.2,3710.8,17.551,19.194,20.796,0.27763,0.074716,339.25,79.18,6.9503,13.644,31.838,4649.0,22.622,49.233,48.312,81.774,1.4299,1.0438,3088.6,43.044,55.73,94.424,9.6751,62.433,33.134,85.477,2611.9,62.758,24.834,23.673,0.71754,8.8885,26.52,120.4,1.3263,75.222,24.532,2.4363,54.523,5.1649,123.97,0.011513,0.85076,62.923,19.231,43.868
382,2026-04-27T05:03:00,48.834,31.342,27.046,33.247,41.841,2683.6,3663.2,17.333,18.811,20.651,0.31948,0.074716,339.6,79.255,6.8426,13.612,31.898,4635.8,22.72,43.836,49.522,81.592,1.4239,1.0788,3088.8,42.659,55.321,94.533,9.6796,63.165,36.693,83.898,2611.1,63.479,23.486,23.799,0.70444,8.8277,26.509,120.42,1.1331,74.993,24.647,2.4607,54.523,5.1717,123.59,0.011513,0.85076,62.914,19.473,43.868
383,2026-04-27T05:06:00,49.146,31.376,26.981,33.247,40.996,2684.4,3701.4,19.527,18.811,20.765,0.31913,0.062763,339.61,79.393,6.8426,13.612,31.898,4643.8,21.794,44.559,49.031,81.518,1.4239,1.0788,3087.9,42.815,55.225,94.555,9.6274,62.98,35.25,84.274,2611.5,62.822,27.786,23.789,0.70135,8.8277,26.509,120.37,1.1331,74.26,24.647,2.4607,53.707,5.1717,125.53,0.023318,0.85506,62.844,19.473,43.036
384,2026-04-27T05:09:00,52.038,31.018,27.055,32.665,41.729,2686.6,3704.8,17.453,18.713,20.92,0.31791,0.062763,340.43,79.387,6.7338,13.623,32.375,4594.1,22.667,51.251,49.289,81.648,1.4418,1.0023,3088.5,42.149,55.127,94.386,9.5983,62.865,36.008,83.833,2614.5,63.694,25.142,23.81,0.69553,8.8097,26.546,120.45,1.4061,74.928,24.589,2.4585,53.707,5.1795,126.66,0.023318,0.85506,62.866,18.741,43.036
385,2026-04-27T05:12:00,50.058,31.18,26.945,32.665,41.311,2687.1,3720.4,15.727,18.713,21.024,0.31626,0.062763,340.46,79.584,6.7338,13.623,32.375,4631.7,23.385,46.669,49.511,81.724,1.4418,1.0023,3089.4,43.121,54.678,94.394,9.633,62.159,36.661,83.175,2615.5,63.426,24.255,24.039,0.70092,8.8097,26.546,120.42,1.4061,75.26,24.589,2.4585,53.707,5.1795,125.43,0.023318,0.85506,62.916,18.741,43.036
386,2026-04-27T05:15:00,50.813,26.512,27.096,32.407,42.329,2686.2,3742.7,15.605,18.946,21.186,0.27245,0.062763,340.5,79.404,6.9439,13.575,32.129,4674.6,23.44,48.415,50.334,81.646,1.4503,1.0351,3089.0,42.997,55.905,94.272,9.6573,63.743,39.084,83.355,2614.0,64.083,24.273,24.095,0.69933,8.9334,26.364,120.43,1.4337,75.49,24.022,2.3746,53.707,5.1888,126.15,0.023318,0.85506,62.929,18.975,43.036
387,2026-04-27T05:18:00,50.599,26.65,26.956,32.407,41.523,2685.4,3742.3,17.63,18.946,21.066,0.27104,0.062763,340.19,79.376,6.9439,13.575,32.129,4698.7,22.585,47.921,48.709,81.68,1.4503,1.0351,3089.5,42.752,55.617,94.238,9.6416,63.188,34.301,83.619,2613.4,64.091,25.19,24.263,0.69716,8.9334,26.364,120.41,1.4337,75.377,24.022,2.3746,53.707,5.1888,125.57,0.023318,0.85506,62.988,18.975,43.036
388,2026-04-27T05:21:00,50.98,28.995,27.21,32.685,42.2,2685.6,3703.6,18.861,19.065,21.023,0.29355,0.048805,340.31,79.259,6.8034,13.628,32.214,4680.0,22.065,48.802,50.263,81.698,1.4609,1.0082,3088.0,42.565,55.252,94.383,9.6957,60.589,38.874,82.588,2613.4,62.955,24.431,24.303,0.69243,8.6247,26.554,120.42,1.2045,74.778,24.41,2.4609,53.813,5.1679,128.0,0.019635,0.84046,63.004,18.871,43.399
389,2026-04-27T05:24:00,52.582,28.846,26.797,32.685,41.833,2686.5,3684.0,16.043,19.065,21.104,0.29507,0.048805,340.62,79.188,6.8034,13.628,32.214,4668.7,23.255,52.509,49.414,81.627,1.4609,1.0082,3087.4,42.48,55.387,94.408,9.5352,63.368,36.376,82.563,2613.8,63.293,24.094,24.531,0.69263,8.6247,26.554,120.38,1.2045,74.584,24.41,2.4609,53.813,5.1679,127.44,0.019635,0.84046,63.001,18.871,43.399
390,2026-04-27T05:27:00,47.609,28.445,26.836,32.753,41.636,2686.4,3726.5,15.65,18.533,21.154,0.28308,0.048805,340.86,79.067,6.9558,13.548,32.74,4659.4,23.426,41.0,49.632,81.588,1.4379,1.0553,3087.6,42.883,55.729,94.438,9.6547,62.005,37.017,83.353,2613.7,63.8,23.012,24.677,0.69501,8.9372,26.82,120.42,1.2586,74.938,24.265,2.3983,53.813,5.1298,127.81,0.019635,0.84046,63.011,19.208,43.399
391,2026-04-27T05:30:00,50.88,28.358,26.589,32.753,40.991,2682.0,3735.1,16.339,18.533,20.48,0.28397,0.048805,340.09,78.832,6.9558,13.548,32.74,4676.7,23.151,48.571,49.468,81.25,1.4379,1.0553,3086.3,43.094,55.523,94.33,9.6221,62.238,36.533,83.58,2609.3,63.652,24.215,24.792,0.69315,8.9372,26.82,120.36,1.2586,74.747,24.265,2.3983,53.813,5.1298,128.54,0.019635,0.84046,62.968,19.208,43.399
392,2026-04-27T05:33:00,49.002,22.653,26.678,32.821,41.314,2683.0,3678.2,16.211,18.571,21.067,0.23408,0.048805,340.57,79.546,6.9271,13.589,32.331,4643.1,23.19,44.224,52.045,81.43,1.4237,1.0032,3083.7,42.131,55.053,94.534,9.7452,64.94,44.118,82.059,2611.1,63.298,24.503,24.929,0.68519,8.77,26.833,120.39,1.3768,74.367,24.287,2.5031,53.813,5.1497,129.05,0.019635,0.84046,62.96,18.399,43.399
393,2026-04-27T05:36:00,50.493,22.934,27.256,32.821,41.09,2684.4,3669.5,17.393,18.571,21.238,0.23122,0.056945,340.68,79.654,6.9271,13.589,32.331,4565.9,22.679,47.674,50.481,81.711,1.4237,1.0032,3085.6,42.663,55.978,94.519,9.6912,62.197,39.517,82.052,2612.9,63.447,26.059,24.666,0.68524,8.77,26.833,120.37,1.3768,74.61,24.287,2.5031,53.474,5.1497,130.01,0.011579,0.82921,63.042,18.399,43.811
394,2026-04-27T05:39:00,50.017,26.397,27.166,33.219,42.291,2687.4,3675.4,17.663,18.66,21.243,0.26792,0.056945,340.52,79.409,7.0015,13.736,32.225,4676.8,22.565,46.573,49.678,81.922,1.4428,1.0594,3088.3,42.199,56.632,94.457,9.5636,63.1,37.152,82.624,2615.5,63.541,25.355,24.812,0.68651,8.7726,26.569,120.42,1.1559,74.85,24.597,2.4822,53.474,5.0747,128.6,0.011579,0.82921,63.113,18.88,43.811
395,2026-04-27T05:42:00,48.727,26.291,27.371,33.219,41.581,2687.1,3697.8,16.819,18.66,21.046,0.269,0.056945,339.88,79.2,7.0015,13.736,32.225,4698.4,22.922,43.587,48.763,81.819,1.4428,1.0594,3090.6,42.449,56.372,94.43,9.5875,63.805,34.46,82.279,2615.6,63.156,25.305,24.704,0.68934,8.7726,26.569,120.39,1.1559,75.095,24.597,2.4822,53.474,5.0747,130.0,0.011579,0.82921,63.127,18.88,43.811
396,2026-04-27T05:45:00,50.058,27.389,26.976,32.869,40.687,2686.7,3646.2,16.606,18.666,20.92,0.2765,0.056945,340.08,78.892,6.8338,13.655,32.079,4647.0,23.023,46.668,51.63,81.576,1.4504,1.0557,3088.7,42.858,55.829,94.486,9.7494,62.312,42.896,84.18,2614.0,63.314,24.308,24.781,0.70407,8.7432,26.777,120.38,1.3147,74.954,24.345,2.5274,53.474,5.0763,129.37,0.011579,0.82921,63.116,18.629,43.811
397,2026-04-27T05:48:00,49.586,27.307,27.057,32.869,41.289,2687.2,3613.1,15.553,18.666,20.866,0.27734,0.056945,340.44,79.244,6.8338,13.655,32.079,4621.2,23.463,45.577,50.071,81.505,1.4504,1.0557,3088.4,42.74,56.138,94.556,9.5639,66.766,38.309,84.314,2614.2,63.884,24.708,24.716,0.70298,8.7432,26.777,120.39,1.3147,76.041,24.345,2.5274,53.474,5.0763,130.34,0.011579,0.82921,63.09,18.629,43.811
398,2026-04-27T05:51:00,49.753,28.793,27.18,32.574,41.389,2687.7,3744.7,17.515,18.712,21.241,0.2913,0.077028,340.73,79.03,7.0097,13.734,32.626,4692.0,22.645,45.963,49.148,81.483,1.4245,1.0246,3089.9,42.445,55.912,94.472,9.6989,62.453,35.592,83.3,2615.5,63.056,24.737,24.713,0.69194,8.9734,26.75,120.42,1.1534,74.315,24.208,2.4392,54.445,5.1224,127.43,0.026379,0.83604,63.046,18.917,44.151
399,2026-04-27T05:54:00,51.027,28.765,27.201,32.574,40.931,2688.5,3678.4,15.74,18.712,21.23,0.29159,0.077028,340.8,79.152,7.0097,13.734,32.626,4681.1,23.39,48.911,49.379,81.529,1.4245,1.0246,3090.9,42.644,56.042,94.367,9.5516,62.455,36.272,83.594,2616.4,64.197,25.388,24.475,0.68953,8.9734,26.75,120.39,1.1534,74.252,24.208,2.4392,54.445,5.1224,128.95,0.026379,0.83604,63.017,18.917,44.151
400,2026-04-27T05:57:00,49.578,23.209,26.863,32.695,41.933,26881.0,3676.4,17.816,18.691,20.809,0.23877,0.077028,340.65,78.98,7.1225,13.533,31.936,4651.8,22.52,45.558,50.091,81.584,1.4171,0.9912,3090.9,42.782,55.687,94.533,9.7432,63.932,38.367,84.333,2615.5,62.652,25.425,24.551,0.69938,8.8561,26.527,120.41,1.1813,75.109,25.004,2.4956,54.445,5.1344,126.97,0.026379,0.83604,63.023,18.894,44.151
401,2026-04-27T06:00:00,50.011,23.176,27.059,32.695,41.029,26866.0,3644.0,14.19,18.691,21.145,0.23911,0.077028,340.24,79.192,7.1225,13.533,31.936,4657.3,24.044,46.56,49.226,81.428,1.4171,0.9912,3089.4,42.85,55.621,94.547,9.7415,62.595,35.822,84.373,2614.0,63.209,24.059,24.302,0.69906,8.8561,26.527,120.38,1.1813,75.633,25.004,2.4956,54.445,5.1344,128.67,0.026379,0.83604,62.95,18.894,44.151
402,2026-04-27T06:03:00,49.325,29.634,27.072,32.791,41.536,26917.0,3620.2,14.962,18.676,21.423,0.3049,0.077028,340.94,79.626,6.8433,13.557,32.174,4667.6,23.704,44.971,49.374,81.696,1.3818,1.0165,3092.2,42.776,55.533,94.54,9.6586,61.396,36.258,81.27,2619.4,62.455,25.255,24.313,0.67799,8.7581,26.422,120.42,1.373,74.918,24.331,2.4608,54.445,5.1647,127.43,0.026379,0.83604,62.961,19.169,44.151
403,2026-04-27T06:06:00,49.063,29.791,26.649,32.791,41.104,26958.0,3631.0,14.578,18.676,21.563,0.30331,0.054428,341.71,79.504,6.8433,13.557,32.174,4619.2,23.859,44.365,49.577,81.831,1.3818,1.0165,3095.0,42.256,56.112,94.639,9.5958,64.087,36.856,80.566,2624.5,62.27,23.194,24.322,0.68377,8.7581,26.422,120.41,1.373,75.56,24.331,2.4608,54.006,5.1647,128.07,0.013137,0.82928,63.028,19.169,43.987
404,2026-04-27T06:09:00,50.939,27.869,27.07,33.082,41.709,26940.0,3707.3,15.721,19.051,21.227,0.27958,0.054428,341.15,79.099,6.9761,13.694,32.668,4606.8,23.386,48.708,51.228,81.647,1.3918,1.0408,3096.8,42.584,55.541,94.471,9.5919,64.482,41.713,81.668,2622.1,63.31,23.118,24.306,0.67653,8.8337,27.072,120.42,1.4071,74.451,24.554,2.3562,54.006,5.1112,127.91,0.013137,0.82928,63.047,19.162,43.987
405,2026-04-27T06:12:00,49.423,27.511,26.89,33.082,41.319,26939.0,3682.8,20.906,19.051,21.537,0.28322,0.054428,341.61,79.251,6.9761,13.694,32.668,4634.4,21.202,45.198,49.249,81.424,1.3918,1.0408,3095.0,42.424,55.21,94.411,9.6407,62.779,35.891,81.288,2622.3,63.731,23.719,24.2,0.67965,8.8337,27.072,120.38,1.4071,75.695,24.554,2.3562,54.006,5.1112,128.79,0.013137,0.82928,63.022,19.162,43.987
406,2026-04-27T06:15:00,50.542,22.506,27.09,32.535,41.174,26912.0,3623.1,18.188,18.976,21.517,0.23386,0.054428,341.82,79.078,6.7015,13.603,32.612,4619.3,22.358,47.789,50.201,81.267,1.4148,1.0379,3090.8,42.635,55.343,94.515,9.5334,63.203,38.691,82.695,2619.4,63.569,26.073,24.28,0.6958,8.9467,26.554,120.39,1.2162,74.463,24.913,2.5444,54.006,5.2313,127.66,0.013137,0.82928,62.925,18.86,43.987
407,2026-04-27T06:18:00,49.725,22.725,26.687,32.535,41.176,26929.0,3645.7,18.028,18.976,21.706,0.23164,0.054428,342.03,79.343,6.7015,13.603,32.612,4594.3,22.418,45.898,51.854,81.428,1.4148,1.0379,3090.7,42.428,55.642,94.539,9.47,64.662,43.556,82.799,2620.6,63.18,24.878,24.303,0.69494,8.9467,26.554,120.39,1.2162,73.835,24.913,2.5444,54.006,5.2313,127.19,0.013137,0.82928,62.868,18.86,43.987
408,2026-04-27T06:21:00,48.714,22.78,26.76,32.565,41.19,26922.0,3740.2,16.629,18.76,21.247,0.23233,0.05979,342.2,78.949,6.8813,13.511,32.14,4637.2,23.018,43.558,51.577,81.379,1.392,1.0073,3093.0,43.04,55.831,94.447,9.602,62.898,42.74,81.353,2621.0,64.002,25.358,24.105,0.68478,8.8296,26.738,120.41,1.4009,75.442,24.835,2.3903,52.999,5.0981,127.18,0.027977,0.83698,62.847,18.645,44.085
409,2026-04-27T06:24:00,48.995,22.615,27.188,32.565,42.05,26910.0,3750.1,14.906,18.76,21.24,0.23401,0.05979,341.18,78.893,6.8813,13.511,32.14,4636.8,23.754,44.209,49.584,81.221,1.392,1.0073,3092.5,42.323,55.836,94.294,9.6567,63.546,36.876,81.19,2618.2,63.831,25.392,23.997,0.68612,8.8296,26.738,120.42,1.4009,75.784,24.835,2.3903,52.999,5.0981,127.32,0.027977,0.83698,62.808,18.645,44.085
410,2026-04-27T06:27:00,50.825,27.026,26.922,32.717,41.141,26936.0,3663.9,16.751,18.764,21.587,0.27656,0.05979,341.54,79.34,6.9021,13.753,32.083,4661.9,22.966,48.443,49.921,81.345,1.4248,0.99629,3094.0,42.631,56.068,94.425,9.6176,63.265,37.867,80.116,2621.1,63.824,23.638,24.099,0.6715,8.8851,26.915,120.38,1.3461,74.482,24.914,2.4284,52.999,5.121,125.1,0.027977,0.83698,62.784,18.684,44.085
411,2026-04-27T06:30:00,48.145,27.15,26.82,32.717,42.044,26971.0,3650.2,17.588,18.764,21.608,0.2753,0.05979,341.79,79.602,6.9021,13.753,32.083,4717.3,22.597,42.241,51.505,81.679,1.4248,0.99629,3097.6,42.572,55.404,94.277,9.7139,62.104,42.528,80.201,2625.5,64.059,25.239,23.931,0.6708,8.8851,26.915,120.4,1.3461,75.188,24.914,2.4284,52.999,5.121,125.86,0.027977,0.83698,62.845,18.684,44.085
412,2026-04-27T06:33:00,49.723,27.684,26.503,32.565,42.255,26976.0,3673.0,16.817,18.508,21.068,0.28252,0.05979,341.24,79.391,7.0529,13.586,32.925,4692.3,22.922,45.894,48.328,81.657,1.4199,1.0257,3098.9,42.891,55.625,94.445,9.6286,64.126,33.178,83.122,2625.4,63.475,25.692,24.085,0.69758,9.0237,27.112,120.42,1.2501,74.264,24.646,2.4123,52.999,5.0317,122.99,0.027977,0.83698,62.884,19.077,44.085
413,2026-04-27T06:36:00,49.85,27.555,27.028,32.565,41.374,26977.0,3669.5,14.58,18.508,21.296,0.28383,0.053731,341.3,79.588,7.0529,13.586,32.925,4694.4,23.854,46.187,48.967,81.672,1.4199,1.0257,3099.4,42.765,55.6,94.325,9.629,62.999,35.059,83.165,2625.6,63.535,24.994,23.752,0.69723,9.0237,27.112,120.4,1.2501,74.838,24.646,2.4123,53.514,5.0317,127.75,0.017936,0.82835,62.904,19.077,44.514
414,2026-04-27T06:39:00,51.608,19.157,26.935,32.911,41.992,26959.0,3635.2,16.452,18.666,21.765,0.19984,0.053731,342.13,78.951,6.8933,13.558,32.342,4594.8,23.081,50.255,47.985,81.542,1.3982,1.0583,3095.4,42.471,55.81,94.589,9.5992,62.512,32.171,80.922,2624.0,62.714,25.053,23.874,0.6773,8.7194,26.403,120.39,1.1428,74.585,24.683,2.4675,53.514,5.1587,126.17,0.017936,0.82835,62.927,18.674,44.514
415,2026-04-27T06:42:00,50.139,19.425,26.739,32.911,40.876,26927.0,3661.0,14.99,18.666,21.312,0.19711,0.053731,341.33,78.573,6.8933,13.558,32.342,4606.7,23.716,46.855,48.098,81.161,1.3982,1.0583,3093.4,42.565,55.667,94.656,9.8879,59.327,32.504,80.4,2620.1,62.269,24.655,23.895,0.68158,8.7194,26.403,120.37,1.1428,74.812,24.683,2.4675,53.514,5.1587,125.78,0.017936,0.82835,62.87,18.674,44.514
416,2026-04-27T06:45:00,50.58,24.528,26.76,32.583,41.201,26944.0,3656.4,15.861,18.909,21.782,0.24865,0.053731,341.81,78.804,6.8643,13.47,32.059,4672.4,23.354,47.877,49.883,81.072,1.3701,1.0346,3093.1,42.325,55.855,94.684,9.636,63.482,37.756,80.208,2622.1,63.662,25.086,23.935,0.67395,8.845,26.655,120.38,1.0158,74.682,24.859,2.5276,53.514,5.2517,125.24,0.017936,0.82835,62.754,18.699,44.514
417,2026-04-27T06:48:00,49.188,24.549,27.105,32.583,41.034,26955.0,3657.6,14.849,18.909,21.482,0.24844,0.053731,341.83,78.882,6.8643,13.47,32.059,4707.1,23.783,44.654,49.828,81.088,1.3701,1.0346,3095.6,42.732,55.439,94.559,9.7215,64.436,37.593,79.912,2622.9,63.642,24.969,23.856,0.67638,8.845,26.655,120.41,1.0158,74.441,24.859,2.5276,53.514,5.2517,126.06,0.017936,0.82835,62.702,18.699,44.514
418,2026-04-27T06:51:00,50.083,27.238,27.177,32.961,41.027,26991.0,3698.4,16.566,18.246,21.703,0.27571,0.060658,341.64,79.275,6.8246,13.543,32.522,4689.9,23.049,46.726,48.538,81.295,1.4072,1.0098,3099.2,43.022,55.599,94.371,9.6847,64.244,33.797,78.909,2627.2,63.197,23.998,23.759,0.6615,8.7488,26.872,120.38,1.2323,74.766,24.974,2.4941,54.048,5.2102,124.52,0.030244,0.83618,62.701,18.848,44.679
419,2026-04-27T06:54:00,49.077,27.138,26.807,32.961,41.78,27022.0,3720.4,17.124,18.246,21.661,0.27673,0.060658,341.75,79.282,6.8246,13.543,32.522,4695.4,22.809,44.398,50.584,81.441,1.4072,1.0098,3102.6,42.663,55.532,94.415,9.7242,64.437,39.817,78.392,2631.1,62.819,25.177,23.595,0.66573,8.7488,26.872,120.43,1.2323,73.973,24.974,2.4941,54.048,5.2102,125.16,0.030244,0.83618,62.698,18.848,44.679
420,2026-04-27T06:57:00,49.183,22.617,26.765,32.768,41.286,27020.0,3716.8,16.072,18.53,21.465,0.23094,0.060658,341.49,78.927,6.7205,13.771,32.327,4638.3,23.259,44.643,49.002,81.411,1.4376,1.0021,3103.0,42.961,55.852,94.334,9.7066,60.355,35.164,79.571,2630.2,63.263,23.831,23.416,0.66814,8.8271,27.261,120.41,1.0444,74.768,24.771,2.3973,54.048,5.0874,125.96,0.030244,0.83618,62.692,18.671,44.679
421,2026-04-27T07:00:00,47.769,22.774,27.027,32.768,42.038,26990.0,3684.5,17.035,18.53,21.547,0.22933,0.060658,341.7,79.142,6.7205,13.771,32.327,4639.2,22.849,41.37,49.246,81.247,1.4376,1.0021,3101.3,42.993,55.841,94.373,9.7227,63.127,35.88,79.447,2627.0,63.82,24.168,23.355,0.66915,8.8271,27.261,120.4,1.0444,74.875,24.771,2.3973,54.048,5.0874,125.43,0.030244,0.83618,62.683,18.671,44.679
422,2026-04-27T07:03:00,49.994,24.362,27.321,32.782,40.529,26993.0,3701.4,19.79,18.649,21.55,0.24604,0.060658,341.26,79.467,6.6769,13.598,32.022,4705.9,21.682,46.521,51.053,81.306,1.3762,1.02,3102.0,42.583,55.477,94.409,9.6774,63.512,41.2,82.55,2627.3,64.545,25.501,23.377,0.69179,8.7547,27.386,120.38,1.1982,75.69,25.183,2.5263,54.048,5.1289,124.01,0.030244,0.83618,62.657,19.082,44.679
423,2026-04-27T07:06:00,50.494,24.402,26.763,32.782,42.511,26980.0,3714.8,15.498,18.649,21.11,0.24562,0.04327,341.28,78.724,6.6769,13.598,32.022,4672.0,23.516,47.677,49.84,81.159,1.3762,1.02,3099.0,42.88,55.884,94.315,9.5855,63.413,37.63,82.532,2626.1,64.316,25.291,23.616,0.69193,8.7547,27.386,120.41,1.1982,75.139,25.183,2.5263,54.398,5.1289,122.33,0.018922,0.8244,62.639,19.082,44.643
424,2026-04-27T07:09:00,50.891,27.148,27.123,32.432,40.862,26975.0,3721.8,16.382,18.682,21.441,0.27698,0.04327,340.62,79.05,6.8696,13.83,32.334,4591.6,23.14,48.596,50.084,81.139,1.4449,1.0397,3099.0,42.711,55.822,94.347,9.6481,65.215,38.348,79.842,2625.1,64.749,23.812,23.372,0.67427,8.8005,27.204,120.38,1.1605,75.08,24.655,2.4203,54.398,5.0807,124.89,0.018922,0.8244,62.563,18.647,44.643
425,2026-04-27T07:12:00,50.307,27.143,27.189,32.432,43.162,26989.0,3742.2,15.67,18.682,21.384,0.27703,0.04327,340.88,79.191,6.8696,13.83,32.334,4596.0,23.433,47.244,49.818,81.327,1.4449,1.0397,3100.7,42.781,55.77,94.234,9.6222,61.972,37.566,80.121,2626.8,64.399,22.938,23.312,0.67198,8.8005,27.204,120.44,1.1605,74.851,24.655,2.4203,54.398,5.0807,125.34,0.018922,0.8244,62.62,18.647,44.643
426,2026-04-27T07:15:00,50.583,24.161,26.929,32.792,41.461,26987.0,3685.3,17.75,18.204,21.337,0.24715,0.04327,341.11,79.071,6.8183,13.61,32.019,4685.0,22.556,47.884,48.818,81.404,1.4318,0.99803,3100.2,42.865,55.755,94.236,9.6272,64.402,34.623,82.795,2626.1,63.79,24.529,23.396,0.69968,8.8022,27.0,120.38,1.3383,74.37,24.941,2.4442,54.398,5.0428,124.14,0.018922,0.8244,62.639,18.75,44.643
427,2026-04-27T07:18:00,49.218,24.328,26.953,32.792,41.931,26966.0,3673.9,16.71,18.204,21.316,0.24546,0.04327,340.69,78.806,6.8183,13.61,32.019,4694.3,23.008,44.724,50.699,81.206,1.4318,0.99803,3098.2,43.14,55.645,94.438,9.6521,61.55,40.157,82.846,2624.1,63.987,23.679,23.594,0.69926,8.8022,27.0,120.39,1.3383,75.386,24.941,2.4442,54.398,5.0428,121.72,0.018922,0.8244,62.632,18.75,44.643
428,2026-04-27T07:21:00,49.644,27.213,26.793,32.448,40.247,26973.0,3701.0,15.771,18.555,21.328,0.27729,0.077487,340.37,79.135,6.9869,13.59,32.222,4629.6,23.395,45.71,48.873,81.256,1.376,1.0059,3099.0,42.26,56.179,94.416,9.586,65.769,34.783,80.246,2625.5,64.006,26.154,23.113,0.67102,8.8552,27.007,120.37,1.2886,74.989,24.923,2.4269,53.258,5.1316,123.38,0.01769,0.83561,62.638,18.902,44.17
429,2026-04-27T07:24:00,49.232,27.398,26.739,32.448,42.47,26994.0,3733.3,17.808,18.555,21.607,0.2754,0.077487,340.63,79.202,6.9869,13.59,32.222,4634.0,22.531,44.756,49.289,81.397,1.376,1.0059,3100.1,42.819,56.126,94.368,9.5999,63.433,36.008,80.181,2628.1,63.451,24.43,23.238,0.67155,8.8552,27.007,120.41,1.2886,75.538,24.923,2.4269,53.258,5.1316,120.23,0.01769,0.83561,62.659,18.902,44.17
430,2026-04-27T07:27:00,49.552,25.335,27.071,32.457,41.583,26994.0,3671.3,15.487,18.471,21.389,0.25847,0.077487,340.61,79.241,6.8559,13.733,31.984,4624.9,23.504,45.496,50.392,81.441,1.4083,1.0406,3101.9,42.779,55.854,94.405,9.6533,62.704,39.254,79.944,2627.2,63.019,25.457,22.947,0.66659,8.8284,27.836,120.38,1.1129,75.212,25.408,2.3169,53.258,5.0944,121.7,0.01769,0.83561,62.709,18.423,44.17
431,2026-04-27T07:30:00,50.085,25.183,26.801,32.457,42.628,26992.0,3691.6,16.248,18.471,21.351,0.26002,0.077487,341.0,78.795,6.8559,13.733,31.984,4666.8,23.197,46.732,50.626,81.298,1.4083,1.0406,3099.4,42.483,55.354,94.521,9.6331,61.752,39.941,79.932,2627.7,62.67,23.693,22.812,0.66669,8.8284,27.836,120.42,1.1129,75.032,25.408,2.3169,53.258,5.0944,121.49,0.01769,0.83561,62.638,18.423,44.17
432,2026-04-27T07:33:00,51.803,27.576,26.698,32.954,40.796,26973.0,3694.0,16.62,18.405,20.834,0.28351,0.077487,340.41,78.479,6.7798,13.595,31.919,4675.7,23.065,50.707,50.246,80.978,1.4301,1.0023,3100.4,42.737,56.442,94.538,9.5344,67.424,38.823,81.408,2623.8,63.741,22.85,22.939,0.684,9.0075,27.017,120.37,1.3487,74.718,25.391,2.4636,53.258,5.2031,118.38,0.01769,0.83561,62.538,19.041,44.17
433,2026-04-27T07:36:00,51.829,27.911,26.669,32.954,40.821,26987.0,3680.2,16.833,18.405,21.495,0.28011,0.069559,340.97,78.961,6.7798,13.595,31.919,4699.6,22.97,50.767,49.21,80.984,1.4301,1.0023,3099.3,42.761,56.156,94.455,9.6278,61.488,35.775,81.436,2626.9,63.978,25.014,22.824,0.68377,9.0075,27.017,120.42,1.3487,74.607,25.391,2.4636,53.521,5.2031,121.15,0.0061645,0.82188,62.462,19.041,44.217
434,2026-04-27T07:39:00,50.071,28.535,26.928,32.83,42.185,27005.0,3699.2,14.724,18.366,21.388,0.29123,0.069559,340.6,79.022,7.0856,13.876,31.975,4659.4,23.851,46.698,50.091,81.237,1.4255,0.99888,3102.6,42.385,55.127,94.48,9.6256,61.401,38.368,79.273,2628.8,64.379,25.745,22.822,0.66924,8.8746,26.869,120.4,1.288,74.582,24.548,2.4079,53.521,5.018,120.86,0.0061645,0.82188,62.463,18.931,44.217
435,2026-04-27T07:42:00,49.762,28.612,26.665,32.83,41.479,27022.0,3753.9,15.154,18.366,21.218,0.29045,0.069559,341.0,78.795,7.0856,13.876,31.975,4592.3,23.672,45.984,50.195,81.356,1.4255,0.99888,3103.0,42.203,55.93,94.3,9.5516,62.809,38.674,79.37,2630.3,63.437,23.347,22.9,0.66845,8.8746,26.869,120.39,1.288,75.25,24.548,2.4079,53.521,5.018,119.63,0.0061645,0.82188,62.505,18.931,44.217
436,2026-04-27T07:45:00,49.657,28.426,26.849,32.08,41.125,27014.0,3654.3,16.204,18.537,21.536,0.28659,0.069559,340.99,79.168,6.772,13.705,31.886,4625.9,23.22,45.74,49.476,81.312,1.3854,1.0716,3101.7,42.792,55.761,94.535,9.6267,61.573,36.559,82.987,2629.9,62.422,25.393,22.633,0.69926,8.7655,27.7,120.38,1.2921,75.115,25.097,2.336,53.521,4.9904,122.27,0.0061645,0.82188,62.532,18.444,44.217
437,2026-04-27T07:48:00,48.809,28.24,26.998,32.08,40.91,27013.0,3639.6,18.454,18.537,21.472,0.28849,0.069559,340.94,79.241,6.772,13.705,31.886,4671.8,22.268,43.777,49.421,81.345,1.3854,1.0716,3102.6,42.368,55.211,94.451,9.6322,60.524,36.395,83.581,2628.8,62.675,24.47,22.863,0.69439,8.7655,27.7,120.39,1.2921,75.366,25.097,2.336,53.521,4.9904,119.33,0.0061645,0.82188,62.542,18.444,44.217
438,2026-04-27T07:51:00,49.583,29.433,26.872,32.951,41.452,27015.0,3686.7,19.39,18.612,21.29,0.29891,0.076048,341.44,79.185,6.9356,13.595,32.089,4706.4,21.875,45.568,49.098,81.282,1.4049,1.0629,3103.5,42.374,56.009,94.488,9.6036,63.56,35.446,81.187,2629.9,64.57,22.762,22.209,0.67627,8.7168,27.239,120.41,1.3478,76.859,25.307,2.4016,53.765,5.1161,122.25,0.024672,0.85039,62.523,18.207,43.941
439,2026-04-27T07:54:00,50.146,29.25,26.621,32.951,41.826,27002.0,3719.3,18.992,18.612,21.003,0.30076,0.076048,340.67,78.937,6.9356,13.595,32.089,4733.5,22.057,46.873,49.591,81.102,1.4049,1.0629,3102.2,42.545,55.684,94.47,9.5501,61.591,36.897,81.3,2627.6,64.009,24.2,22.2,0.67535,8.7168,27.239,120.39,1.3478,75.241,25.307,2.4016,53.765,5.1161,120.26,0.024672,0.85039,62.473,18.207,43.941
440,2026-04-27T07:57:00,49.944,27.723,26.816,32.862,40.954,27021.0,3688.1,16.916,18.814,21.555,0.28112,0.076048,341.66,78.754,6.8319,13.573,32.23,4771.9,22.938,46.404,49.42,81.205,1.3765,1.0073,3102.3,42.502,55.883,94.284,9.547,64.042,36.394,79.094,2630.5,63.138,24.14,22.076,0.66714,8.913,26.981,120.38,1.3426,74.732,24.753,2.3847,53.765,5.103,119.59,0.024672,0.85039,62.438,18.826,43.941
441,2026-04-27T08:00:00,49.66,27.309,26.596,32.862,41.584,27023.0,3701.7,16.856,18.814,21.362,0.28533,0.076048,341.3,79.045,6.8319,13.573,32.23,4712.3,22.958,45.748,48.427,81.152,1.3765,1.0073,3103.5,42.386,56.596,94.576,9.5507,64.383,33.47,79.143,2630.0,62.904,24.441,22.13,0.66674,8.913,26.981,120.41,1.3426,75.274,24.753,2.3847,53.765,5.103,116.89,0.024672,0.85039,62.419,18.826,43.941
442,2026-04-27T08:03:00,50.212,26.425,27.073,32.437,41.33,27035.0,3701.9,17.112,18.691,21.783,0.26774,0.076048,341.18,79.376,6.9561,13.743,32.052,4635.9,22.834,47.024,50.371,81.349,1.4027,1.0129,3104.1,42.129,56.036,94.234,9.6235,63.949,39.191,79.063,2632.0,63.807,24.882,21.771,0.65966,8.948,26.963,120.41,1.285,74.375,24.915,2.3946,53.765,5.0195,118.88,0.024672,0.85039,62.405,18.77,43.941
443,2026-04-27T08:06:00,49.006,26.335,27.175,32.437,41.656,27015.0,3691.0,17.456,18.691,21.576,0.26865,0.057643,340.84,78.842,6.9561,13.743,32.052,4644.5,22.703,44.233,47.39,81.327,1.4027,1.0129,3104.0,42.494,55.934,94.388,9.5254,63.87,30.419,79.375,2629.3,63.995,23.978,22.541,0.6571,8.948,26.963,120.4,1.285,75.452,24.915,2.3946,54.021,5.0195,116.35,0.013436,0.83799,62.41,18.77,44.461
444,2026-04-27T08:09:00,49.243,28.008,26.741,32.854,42.063,26979.0,3648.8,17.879,18.139,21.219,0.28704,0.057643,340.7,78.266,6.7163,13.877,32.346,4710.6,22.553,44.782,49.322,80.948,1.3792,1.0222,3100.1,43.209,55.275,94.487,9.6402,62.436,36.105,81.086,2625.0,63.621,25.158,22.358,0.67842,8.8256,27.506,120.4,1.2882,75.326,24.92,2.3989,54.021,5.0542,119.91,0.013436,0.83799,62.384,18.874,44.461
445,2026-04-27T08:12:00,50.492,28.207,26.753,32.854,41.615,26974.0,3650.8,16.328,18.139,21.425,0.28501,0.057643,340.76,79.0,6.7163,13.877,32.346,4638.5,23.2,47.674,50.302,80.77,1.3792,1.0222,3097.6,42.753,56.138,94.653,9.6233,63.638,38.988,80.785,2624.7,63.587,25.264,22.3,0.68088,8.8256,27.506,120.38,1.2882,75.064,24.92,2.3989,54.021,5.0542,122.16,0.013436,0.83799,62.292,18.874,44.461
446,2026-04-27T08:15:00,51.029,25.543,26.959,32.848,41.487,26977.0,3754.5,16.599,18.381,21.19,0.25504,0.057643,340.48,79.09,6.8569,13.888,31.907,4672.9,23.085,48.916,50.656,81.075,1.4502,1.0181,3100.5,42.801,55.462,94.403,9.5573,61.764,40.03,82.915,2625.4,63.949,24.586,22.405,0.69257,8.7664,26.993,120.4,1.43,74.673,24.891,2.4348,54.021,5.0781,122.55,0.013436,0.83799,62.281,18.727,44.461
447,2026-04-27T08:18:00,50.437,25.43,27.313,32.848,42.049,26974.0,3742.5,17.71,18.381,21.319,0.25619,0.057643,340.33,78.829,6.8569,13.888,31.907,4660.4,22.622,47.545,48.892,81.154,1.4502,1.0181,3099.3,42.534,55.611,94.444,9.643,62.86,34.838,82.884,2625.2,64.155,26.727,22.707,0.69283,8.7664,26.993,120.43,1.43,74.71,24.891,2.4348,54.021,5.0781,120.69,0.013436,0.83799,62.332,18.727,44.461
448,2026-04-27T08:21:00,48.849,29.516,26.972,32.591,41.95,26970.0,3723.9,13.471,18.983,21.222,0.3007,0.050283,339.95,79.558,6.9685,13.698,32.118,4725.9,24.383,43.87,50.316,81.324,1.379,1.0098,3099.6,42.791,55.184,94.365,9.5963,63.054,39.029,82.877,2625.5,63.333,27.447,22.627,0.69615,8.9036,27.159,120.43,1.2125,75.794,25.203,2.3598,53.895,5.0368,119.66,0.0030211,0.85204,62.417,18.723,44.006
449,2026-04-27T08:24:00,48.341,29.316,26.77,32.591,41.571,26998.0,3723.6,15.71,18.983,21.086,0.30274,0.050283,340.09,79.829,6.9685,13.698,32.118,4671.8,23.417,42.695,50.181,81.783,1.379,1.0098,3101.6,42.682,55.832,94.297,9.5565,61.22,38.632,82.962,2628.4,63.337,24.655,22.454,0.69545,8.9036,27.159,120.41,1.2125,75.454,25.203,2.3598,53.895,5.0368,121.51,0.0030211,0.85204,62.561,18.723,44.006
450,2026-04-27T08:27:00,50.624,27.929,26.767,32.668,41.022,26985.0,3677.0,16.882,18.835,21.032,0.27974,0.050283,339.41,78.939,6.9983,13.685,32.25,4665.4,22.94,47.978,49.135,81.696,1.4335,1.014,3101.8,42.24,55.927,94.317,9.4333,62.185,35.554,80.477,2626.9,63.131,24.113,22.68,0.67366,8.9506,26.962,120.39,1.4207,76.114,24.927,2.4029,53.895,5.065,118.83,0.0030211,0.85204,62.659,18.685,44.006
451,2026-04-27T08:30:00,50.139,27.705,26.91,32.668,41.892,26947.0,3667.9,15.819,18.835,21.07,0.28201,0.050283,340.06,78.789,6.9983,13.685,32.25,4682.0,23.399,46.857,50.93,81.272,1.4335,1.014,3096.2,42.637,55.728,94.559,9.6122,61.28,40.836,80.307,2622.5,63.288,25.353,22.602,0.67506,8.9506,26.962,120.4,1.4207,74.339,24.927,2.4029,53.895,5.065,119.62,0.0030211,0.85204,62.666,18.685,44.006
452,2026-04-27T08:33:00,49.768,26.491,26.883,32.55,41.372,26929.0,3659.3,18.293,18.29,21.157,0.26888,0.050283,340.17,78.409,6.9286,13.616,32.213,4664.2,22.375,45.998,49.865,81.087,1.4051,1.0451,3094.5,42.778,56.047,94.648,9.5208,62.053,37.701,79.727,2621.3,63.08,26.775,22.61,0.67541,8.9677,27.158,120.39,1.353,75.347,24.565,2.4322,53.895,5.1277,119.53,0.0030211,0.85204,62.554,18.852,44.006
453,2026-04-27T08:36:00,50.275,26.262,26.769,32.55,39.895,26918.0,3676.6,16.195,18.29,20.897,0.27122,0.059348,340.06,78.532,6.9286,13.616,32.213,4659.8,23.271,47.171,50.296,80.884,1.4051,1.0451,3092.4,42.472,56.1,94.712,9.5726,59.497,38.97,80.421,2618.5,62.781,25.991,22.857,0.66972,8.9677,27.158,120.37,1.353,74.785,24.565,2.4322,53.859,5.1277,121.0,0.021595,0.84969,62.465,18.852,43.285
454,2026-04-27T08:39:00,50.143,26.912,27.035,32.186,41.96,26950.0,3689.6,18.185,18.862,21.425,0.27086,0.059348,340.22,79.583,6.8192,13.821,32.026,4677.2,22.4,46.866,50.236,81.302,1.4136,1.0262,3096.1,42.505,55.484,94.637,9.5351,63.207,38.794,79.358,2622.9,63.093,25.731,22.956,0.6613,9.0987,27.329,120.4,1.343,75.05,25.156,2.4201,53.859,5.0473,121.75,0.021595,0.84969,62.473,19.054,43.285
455,2026-04-27T08:42:00,51.206,26.758,27.122,32.186,40.516,26967.0,3687.9,15.004,18.862,21.294,0.27243,0.059348,339.91,78.929,6.8192,13.821,32.026,4654.7,23.75,49.325,50.694,81.547,1.4136,1.0262,3098.9,42.365,55.753,94.562,9.6041,61.527,40.141,79.723,2624.9,63.121,25.076,23.112,0.65831,9.0987,27.329,120.38,1.343,75.497,25.156,2.4201,53.859,5.0473,121.77,0.021595,0.84969,62.548,19.054,43.285
456,2026-04-27T08:45:00,49.589,28.605,27.111,32.376,41.985,26951.0,3731.5,17.084,18.985,21.145,0.29126,0.059348,338.96,79.083,6.9926,13.885,31.893,4631.9,22.871,45.584,50.877,81.409,1.402,1.0025,3097.6,42.222,55.499,94.456,9.534,61.282,40.68,82.038,2623.0,63.338,23.585,23.252,0.68282,8.8296,27.302,120.44,1.1593,74.715,24.931,2.3239,53.859,5.0472,121.93,0.021595,0.84969,62.615,19.111,43.285
457,2026-04-27T08:48:00,50.815,28.423,26.58,32.376,41.07,26924.0,3702.0,19.937,18.985,20.407,0.29311,0.059348,339.01,78.918,6.9926,13.885,31.893,4643.4,21.678,48.419,49.886,81.27,1.402,1.0025,3096.2,42.485,55.361,94.457,9.5336,64.097,37.765,81.86,2619.4,63.845,24.607,23.336,0.68429,8.8296,27.302,120.38,1.1593,76.433,24.931,2.3239,53.859,5.0472,122.75,0.021595,0.84969,62.62,19.111,43.285
458,2026-04-27T08:51:00,50.319,30.197,27.113,32.484,41.93,26904.0,3671.9,16.481,19.159,21.056,0.30551,0.059456,339.61,79.044,6.8351,13.709,31.528,4625.9,23.138,47.273,50.584,81.151,1.4082,1.0159,3094.4,42.901,55.381,94.694,9.5093,64.137,39.82,82.441,2617.6,62.819,23.549,23.456,0.69396,9.0741,27.127,120.43,1.3279,76.039,24.668,2.527,53.514,5.1079,122.8,0.011703,0.84346,62.624,18.769,44.147
459,2026-04-27T08:54:00,49.713,30.19,26.89,32.484,39.898,26924.0,3595.5,17.133,19.159,20.904,0.30557,0.059456,339.87,79.049,6.8351,13.709,31.528,4639.5,22.861,45.87,51.81,81.309,1.4082,1.0159,3094.3,42.465,55.218,94.585,9.6012,63.322,43.427,82.672,2619.3,64.135,24.433,23.421,0.69207,9.0741,27.127,120.37,1.3279,75.858,24.668,2.527,53.514,5.1079,124.79,0.011703,0.84346,62.626,18.769,44.147
460,2026-04-27T08:57:00,49.679,33.922,26.92,32.307,41.502,26941.0,3718.7,17.729,18.289,20.854,0.34813,0.059456,339.04,78.846,6.9062,13.731,32.505,4688.3,22.615,45.791,49.141,81.33,1.4004,0.96859,3096.8,43.023,55.445,94.544,9.5512,65.255,35.572,80.265,2620.6,63.366,25.252,23.676,0.67291,9.0323,27.073,120.43,1.1349,74.046,24.699,2.3582,53.514,5.047,123.52,0.011703,0.84346,62.674,18.74,44.147
461,2026-04-27T09:00:00,49.715,34.105,27.027,32.307,40.872,2695.3,3660.3,15.9,18.289,21.264,0.34627,0.059456,339.81,79.21,6.9062,13.731,32.505,4603.8,23.375,45.874,51.095,81.418,1.4004,0.96859,3097.9,42.857,56.456,94.386,9.6799,61.007,41.321,80.04,2623.8,64.371,24.344,23.653,0.67475,9.0323,27.073,120.41,1.1349,75.068,24.699,2.3582,53.514,5.047,125.34,0.011703,0.84346,62.703,18.74,44.147
462,2026-04-27T09:03:00,52.665,24.914,27.299,32.616,41.301,2695.3,3690.6,19.429,18.857,21.55,0.25432,0.059456,340.34,79.277,6.7951,13.691,31.575,4698.4,21.882,52.701,51.084,81.504,1.4379,1.0729,3096.7,42.332,55.399,94.51,9.5357,62.703,41.289,80.282,2623.5,63.237,26.806,23.613,0.67639,8.9638,26.672,120.41,1.301,74.822,24.679,2.4118,53.514,5.0247,127.33,0.011703,0.84346,62.765,19.362,44.147
463,2026-04-27T09:06:00,47.177,24.874,26.784,32.616,41.136,2695.6,3704.4,19.471,18.857,21.085,0.25472,0.059987,339.62,79.244,6.7951,13.691,31.575,4643.4,21.853,40.001,50.439,81.738,1.4379,1.0729,3098.2,43.019,56.057,94.349,9.6836,61.782,39.392,80.6,2624.2,62.999,25.399,23.787,0.67378,8.9638,26.672,120.38,1.301,75.02,24.679,2.4118,53.68,5.0247,125.29,0.010494,0.85239,62.82,19.362,43.846
464,2026-04-27T09:09:00,48.739,34.053,27.009,32.726,41.581,2691.3,3742.9,14.748,18.986,20.957,0.34453,0.059987,339.72,78.527,7.0404,13.789,32.27,4577.5,23.873,43.616,51.245,81.279,1.4102,1.0091,3095.3,42.407,55.274,94.354,9.5602,62.158,41.765,80.122,2619.5,63.341,23.728,23.929,0.66757,9.0091,26.773,120.41,1.3588,74.536,24.403,2.4386,53.68,5.0292,124.53,0.010494,0.85239,62.812,18.671,43.846
465,2026-04-27T09:12:00,50.943,34.227,27.085,32.726,41.078,2688.8,3703.6,16.108,18.986,20.75,0.34276,0.059987,339.55,78.425,7.0404,13.789,32.27,4610.5,23.318,48.715,49.093,80.932,1.4102,1.0091,3092.0,42.906,54.879,94.538,9.6368,61.988,35.432,79.807,2616.6,64.018,25.603,23.929,0.67015,9.0091,26.773,120.39,1.3588,74.919,24.403,2.4386,53.68,5.0292,125.41,0.010494,0.85239,62.749,18.671,43.846
466,2026-04-27T09:15:00,51.835,27.616,26.898,32.741,41.826,2689.3,3662.6,13.996,18.963,21.523,0.28089,0.059987,340.44,79.255,6.7989,13.621,32.289,4654.8,24.19,50.78,50.574,81.039,1.3898,1.0082,3089.6,42.686,56.003,94.596,9.5819,63.224,39.789,81.557,2617.4,62.538,25.225,23.873,0.67625,8.8548,27.235,120.42,1.2995,75.672,24.267,2.5021,53.68,5.1161,126.96,0.010494,0.85239,62.708,19.287,43.846
467,2026-04-27T09:18:00,49.884,27.452,26.934,32.741,40.664,2694.3,3699.2,15.468,18.963,21.23,0.28256,0.059987,339.92,79.657,6.7989,13.621,32.289,4645.9,23.544,46.265,49.787,81.588,1.3898,1.0082,3095.5,42.223,56.111,94.646,9.587,63.412,37.472,81.145,2621.9,61.908,25.365,24.036,0.67963,8.8548,27.235,120.39,1.2995,74.725,24.267,2.5021,53.68,5.1161,125.99,0.010494,0.85239,62.749,19.287,43.846
468,2026-04-27T09:21:00,48.279,27.152,26.87,32.637,41.521,2694.5,3692.6,14.678,18.979,21.197,0.2802,0.063196,340.02,78.956,7.0772,13.859,31.664,4606.9,23.888,42.551,49.905,81.628,1.4299,1.0142,3095.9,42.686,55.03,94.455,9.5807,64.362,37.819,79.137,2622.8,64.104,25.223,24.29,0.65793,9.0512,27.169,120.43,1.2695,75.165,24.547,2.3959,53.773,5.0636,126.75,0.0043617,0.8617,62.824,18.633,43.709
469,2026-04-27T09:24:00,51.349,27.382,26.856,32.637,40.189,2691.9,3692.8,17.494,18.979,21.123,0.27786,0.063196,340.18,78.563,7.0772,13.859,31.664,4565.5,22.716,49.656,49.26,81.384,1.4299,1.0142,3093.9,43.087,55.525,94.4,9.5037,62.59,35.923,78.447,2619.6,64.101,25.321,24.305,0.66359,9.0512,27.169,120.37,1.2695,75.725,24.547,2.3959,53.773,5.0636,128.61,0.0043617,0.8617,62.868,18.633,43.709
470,2026-04-27T09:27:00,49.017,33.749,26.697,32.62,41.773,2690.6,3631.5,17.227,19.089,20.919,0.33837,0.063196,340.06,78.867,7.0025,13.786,32.309,4672.0,22.826,44.26,49.36,81.208,1.3586,1.0139,3092.6,42.437,55.825,94.565,9.6356,65.259,36.215,81.963,2617.6,62.661,24.357,24.582,0.68588,8.9156,26.854,120.38,1.3257,75.391,24.579,2.417,53.773,5.1731,127.53,0.0043617,0.8617,62.856,18.704,43.709
471,2026-04-27T09:30:00,50.085,33.735,26.914,32.62,40.998,2690.4,3646.7,15.433,19.089,21.11,0.33851,0.063196,340.31,78.606,7.0025,13.786,32.309,4655.3,23.6,46.73,51.265,80.999,1.3586,1.0139,3092.3,42.527,56.025,94.733,9.6013,60.494,41.822,81.544,2617.3,62.4,24.783,24.643,0.68931,8.9156,26.854,120.37,1.3257,75.537,24.579,2.417,53.773,5.1731,128.95,0.0043617,0.8617,62.774,18.704,43.709
472,2026-04-27T09:33:00,51.147,27.366,26.631,32.736,41.187,2692.4,3652.1,15.893,19.168,21.226,0.28275,0.063196,340.88,79.194,6.8629,13.782,32.132,4655.1,23.395,49.187,49.641,81.12,1.3972,1.004,3092.4,42.702,55.873,94.614,9.6644,63.955,37.043,80.721,2620.0,62.812,22.254,24.691,0.68009,8.902,26.657,120.4,1.3321,75.323,25.008,2.4869,53.773,5.0095,130.47,0.0043617,0.8617,62.785,19.288,43.709
473,2026-04-27T09:36:00,51.327,27.462,27.108,32.736,41.08,2696.3,3655.6,18.21,19.168,21.544,0.28178,0.064962,340.92,79.547,6.8629,13.782,32.132,4662.4,22.394,49.604,49.839,81.507,1.3972,1.004,3096.5,42.633,55.785,94.619,9.5593,63.701,37.627,81.001,2623.9,62.753,24.418,25.249,0.67779,8.902,26.657,120.4,1.3321,75.24,25.008,2.4869,53.416,5.0095,129.33,0.014388,0.85015,62.846,19.288,44.019
474,2026-04-27T09:39:00,50.02,29.289,26.818,33.019,42.153,2696.1,3666.2,17.309,18.661,21.098,0.29664,0.064962,340.75,79.21,6.8013,13.856,32.099,4591.2,22.78,46.581,50.443,81.514,1.392,0.99899,3097.8,42.471,55.166,94.455,9.591,64.513,39.403,81.062,2624.2,63.747,25.019,25.197,0.67592,9.196,26.836,120.43,1.2053,74.968,25.15,2.4084,53.416,4.9594,133.23,0.014388,0.85015,62.966,18.887,44.019
475,2026-04-27T09:42:00,49.955,29.048,27.303,33.019,41.235,2696.5,3689.5,19.042,18.661,21.411,0.29909,0.064962,341.14,79.379,6.8013,13.856,32.099,4647.9,22.039,46.43,49.831,81.574,1.392,0.99899,3097.8,42.483,54.487,94.479,9.6192,61.302,37.601,81.164,2624.6,63.346,24.503,25.556,0.67508,9.196,26.836,120.41,1.2053,75.398,25.15,2.4084,53.416,4.9594,132.48,0.014388,0.85015,63.036,18.887,44.019
476,2026-04-27T09:45:00,49.878,29.751,27.1,32.756,41.254,2695.1,3733.8,16.144,18.557,21.273,0.2999,0.064962,340.62,79.231,6.9257,13.741,32.365,4653.1,23.259,46.252,49.273,81.496,1.4238,1.0069,3096.5,42.836,55.358,94.35,9.5422,62.558,35.961,81.96,2623.2,63.171,23.719,25.728,0.68477,8.9078,27.02,120.43,1.4502,75.505,24.467,2.4208,53.416,5.1319,133.81,0.014388,0.85015,63.118,18.931,44.019
477,2026-04-27T09:48:00,49.491,29.735,27.051,32.756,40.963,2694.1,3702.1,18.942,18.557,21.191,0.30005,0.064962,341.02,78.995,6.9257,13.741,32.365,4622.6,22.09,45.356,49.155,81.317,1.4238,1.0069,3095.1,42.605,55.723,94.43,9.5295,64.497,35.612,81.977,2621.8,63.716,23.863,25.945,0.68462,8.9078,27.02,120.38,1.4502,75.51,24.467,2.4208,53.416,5.1319,134.64,0.014388,0.85015,63.12,18.931,44.019
478,2026-04-27T09:51:00,50.416,27.281,26.654,32.683,41.763,2691.1,3681.2,17.636,18.509,21.289,0.27252,0.049516,341.02,78.725,6.8706,13.856,32.188,4643.4,22.653,47.498,49.306,81.097,1.447,1.0076,3092.6,42.81,55.342,94.476,9.6794,61.785,36.059,79.999,2618.9,63.003,25.837,26.094,0.67529,9.0089,26.874,120.41,1.0935,74.434,24.474,2.4512,54.648,5.1011,133.36,0.016748,0.85663,63.069,19.046,44.48
479,2026-04-27T09:54:00,48.497,27.115,27.305,32.683,40.803,2690.8,3663.8,17.28,18.509,21.225,0.27421,0.049516,341.3,79.053,6.8706,13.856,32.188,4619.8,22.805,43.056,49.179,80.972,1.447,1.0076,3092.4,42.517,55.625,94.638,9.6059,64.284,35.683,80.226,2617.9,63.302,23.334,26.238,0.67343,9.0089,26.874,120.37,1.0935,74.376,24.474,2.4512,54.648,5.1011,133.83,0.016748,0.85663,63.014,19.046,44.48
480,2026-04-27T09:57:00,51.863,28.649,26.829,32.602,42.071,2693.5,3715.4,15.956,18.519,21.418,0.29114,0.049516,342.06,78.953,6.9418,13.677,32.148,4592.3,23.366,50.846,48.811,81.13,1.3618,1.0348,3093.3,42.766,55.636,94.567,9.6283,63.181,34.602,81.717,2621.1,62.882,25.834,26.249,0.68614,8.766,27.024,120.43,1.4331,73.81,24.821,2.3744,54.648,5.055,135.79,0.016748,0.85663,62.994,18.602,44.48
481,2026-04-27T10:00:00,50.138,28.877,26.71,32.602,40.228,2694.6,3664.6,15.024,18.519,21.232,0.28881,0.049516,341.44,79.114,6.9418,13.677,32.148,4642.3,23.753,46.854,48.211,81.254,1.3618,1.0348,3095.1,42.681,55.037,94.436,9.6097,62.756,32.835,82.453,2622.0,63.757,25.51,26.503,0.6801,8.766,27.024,120.36,1.4331,74.972,24.821,2.3744,54.648,5.055,134.97,0.016748,0.85663,63.021,18.602,44.48
482,2026-04-27T10:03:00,49.883,29.005,26.964,32.919,41.232,2697.2,3685.1,17.262,19.066,21.626,0.29557,0.049516,341.74,79.382,6.9445,13.945,32.581,4676.6,22.797,46.264,49.965,81.437,1.4041,0.9932,3097.7,42.347,55.709,94.544,9.631,64.451,37.998,79.176,2625.8,62.757,24.044,26.391,0.66695,8.8405,27.018,120.4,1.3718,75.092,24.383,2.4155,54.648,5.063,138.19,0.016748,0.85663,63.107,19.344,44.48
483,2026-04-27T10:06:00,48.912,29.04,26.557,32.919,42.087,2699.0,3690.0,14.88,19.066,21.438,0.29521,0.074149,341.96,79.469,6.9445,13.945,32.581,4665.5,23.791,44.017,49.425,81.487,1.4041,0.9932,3100.0,42.697,55.842,94.379,9.6683,60.69,36.408,79.141,2628.0,62.672,24.926,26.758,0.66724,8.8405,27.018,120.4,1.3718,74.357,24.383,2.4155,54.161,5.063,138.25,0.012255,0.85108,63.18,19.344,43.942
484,2026-04-27T10:09:00,49.927,24.701,26.944,32.761,40.758,2699.8,3630.6,17.942,18.677,21.86,0.25193,0.074149,342.24,79.595,6.8025,13.939,32.54,4585.7,22.488,46.366,47.873,81.584,1.3911,1.0235,3098.1,42.735,54.943,94.555,9.6571,64.499,31.84,82.909,2628.7,63.613,24.825,27.027,0.69503,8.9125,26.464,120.38,1.4169,74.691,24.565,2.3268,54.161,5.0519,138.09,0.012255,0.85108,63.275,18.556,43.942
485,2026-04-27T10:12:00,50.95,24.989,26.523,32.761,41.751,2696.9,3662.9,16.791,18.677,21.313,0.249,0.074149,341.9,78.727,6.8025,13.939,32.54,4590.8,22.995,48.733,47.617,81.367,1.3911,1.0235,3096.5,42.898,54.882,94.516,9.606,63.266,31.087,83.199,2624.7,63.057,24.603,27.068,0.69266,8.9125,26.464,120.4,1.4169,75.013,24.565,2.3268,54.161,5.0519,140.5,0.012255,0.85108,63.311,18.556,43.942
486,2026-04-27T10:15:00,50.418,24.762,26.824,32.501,40.946,2692.4,3709.2,16.316,18.85,21.02,0.2515,0.074149,341.9,78.618,6.8335,13.938,32.547,4679.6,23.214,47.501,49.05,80.85,1.3799,1.0056,3093.3,42.635,55.724,94.636,9.5357,62.452,35.304,82.489,2619.6,63.514,24.034,27.212,0.69869,8.9732,26.614,120.4,1.1533,74.137,24.573,2.4678,54.161,5.2141,141.81,0.012255,0.85108,63.25,18.819,43.942
487,2026-04-27T10:18:00,50.874,24.866,26.977,32.501,41.628,2696.7,3713.8,16.942,18.85,21.744,0.25044,0.074149,342.36,79.284,6.8335,13.938,32.547,4658.2,22.935,48.557,50.174,81.122,1.3799,1.0056,3095.9,42.464,55.98,94.43,9.6154,61.968,38.613,82.942,2624.4,63.435,25.388,27.381,0.69498,8.9732,26.614,120.41,1.1533,75.21,24.573,2.4678,54.161,5.2141,142.88,0.012255,0.85108,63.211,18.819,43.942
488,2026-04-27T10:21:00,48.717,24.296,26.772,33.003,42.042,2698.6,3722.7,16.988,18.519,21.496,0.24749,0.042538,342.48,79.524,6.6131,13.886,32.348,4651.7,22.899,43.564,49.732,81.35,1.392,1.0035,3098.1,42.64,55.428,94.409,9.6642,63.644,37.311,82.786,2626.7,63.071,23.551,27.437,0.6974,8.9599,27.477,120.41,1.3449,74.193,25.153,2.454,53.006,5.0449,143.91,0.015643,0.83203,63.261,18.36,44.186
489,2026-04-27T10:24:00,50.151,24.334,26.824,33.003,41.446,2698.7,3665.7,19.097,18.519,21.747,0.2471,0.042538,342.23,79.057,6.6131,13.886,32.348,4639.3,22.02,46.884,49.97,81.444,1.392,1.0035,3099.1,42.774,55.576,94.37,9.7551,62.83,38.011,82.911,2627.1,64.051,25.434,27.755,0.69637,8.9599,27.477,120.4,1.3449,73.899,25.153,2.454,53.006,5.0449,142.69,0.015643,0.83203,63.286,18.36,44.186
490,2026-04-27T10:27:00,49.973,25.938,27.135,33.388,41.73,2696.5,3766.6,15.759,18.551,21.229,0.26396,0.042538,341.44,78.973,6.9079,13.867,31.893,4713.4,23.431,46.471,50.469,81.189,1.4074,1.0279,3100.0,43.18,55.846,94.317,9.7042,63.682,39.48,82.259,2625.0,64.398,26.533,28.021,0.69142,8.8055,26.722,120.42,1.2051,74.219,25.007,2.4654,53.006,5.0293,141.98,0.015643,0.83203,63.363,18.226,44.186
491,2026-04-27T10:30:00,51.424,26.001,27.001,33.388,41.972,2699.0,3730.6,15.28,18.551,21.565,0.26332,0.042538,342.22,79.366,6.9079,13.867,31.893,4698.2,23.618,49.829,51.722,81.349,1.4074,1.0279,3100.7,42.388,56.027,94.216,9.6205,62.964,43.166,82.519,2627.4,65.016,23.944,28.065,0.68929,8.8055,26.722,120.43,1.2051,73.849,25.007,2.4654,53.006,5.0293,143.82,0.015643,0.83203,63.366,18.226,44.186
492,2026-04-27T10:33:00,51.329,30.707,26.781,32.966,41.74,2698.2,3661.5,16.286,18.074,21.208,0.30481,0.042538,341.48,78.823,6.898,13.797,31.995,4705.7,23.209,49.609,49.867,81.231,1.3624,0.98089,3101.7,42.912,56.347,94.377,9.8648,64.607,37.709,81.866,2626.6,63.734,24.258,28.002,0.69096,8.8363,26.731,120.4,1.3531,74.446,25.108,2.3615,53.006,5.021,146.79,0.015643,0.83203,63.435,18.89,44.186
493,2026-04-27T10:36:00,47.762,30.338,26.641,32.966,41.58,2700.6,3665.4,18.417,18.074,21.266,0.30856,0.063962,341.84,79.373,6.898,13.797,31.995,4745.4,22.292,41.356,49.848,81.325,1.3624,0.98089,3102.9,42.557,55.872,94.281,9.5976,63.588,37.654,82.137,2628.6,63.668,24.076,27.828,0.68874,8.8363,26.731,120.39,1.3531,74.598,25.108,2.3615,53.689,5.021,145.69,0.024299,0.81377,63.397,18.89,43.698
494,2026-04-27T10:39:00,51.134,29.61,26.778,33.132,41.32,2700.3,3692.8,16.674,18.163,21.487,0.30131,0.063962,341.96,79.036,6.9314,13.706,32.16,4620.5,23.037,49.159,48.091,81.25,1.3945,1.0364,3101.3,42.623,55.775,94.352,9.639,65.605,32.483,80.772,2628.8,63.263,25.795,28.007,0.68483,8.9318,26.905,120.39,0.98762,74.129,24.744,2.5001,53.689,5.1233,143.65,0.024299,0.81377,63.434,18.918,43.698
495,2026-04-27T10:42:00,50.713,29.554,27.154,33.132,42.253,2703.0,3659.9,19.758,18.163,21.787,0.30188,0.063962,342.79,79.265,6.9314,13.706,32.16,4638.9,21.728,48.183,49.325,81.352,1.3945,1.0364,3102.6,42.786,55.555,94.393,9.7075,61.486,36.113,80.87,2631.9,63.83,24.994,27.888,0.68403,8.9318,26.905,120.42,0.98762,75.011,24.744,2.5001,53.689,5.1233,144.93,0.024299,0.81377,63.417,18.918,43.698
496,2026-04-27T10:45:00,49.241,27.987,27.016,33.003,41.31,2702.6,3693.6,19.614,18.48,21.908,0.2883,0.063962,342.77,78.759,6.7063,13.816,31.936,4615.2,21.804,44.779,49.407,81.219,1.4087,1.0364,3102.0,42.435,55.75,94.344,9.7494,61.233,36.355,80.158,2631.3,62.925,25.582,27.868,0.66901,8.8184,26.941,120.39,1.1708,74.463,24.435,2.4205,53.689,5.1029,145.12,0.024299,0.81377,63.414,18.409,43.698
497,2026-04-27T10:48:00,49.199,28.002,26.471,33.003,41.403,2702.4,3693.6,16.903,18.48,21.588,0.28814,0.063962,342.88,79.0,6.7063,13.816,31.936,4650.7,22.945,44.68,49.81,81.024,1.4087,1.0364,3102.3,42.773,55.324,94.523,9.7916,62.139,37.541,79.674,2630.5,62.926,25.845,28.089,0.67298,8.8184,26.941,120.39,1.1708,75.157,24.435,2.4205,53.689,5.1029,142.64,0.024299,0.81377,63.374,18.409,43.698
498,2026-04-27T10:51:00,47.455,30.321,26.979,33.047,42.21,2706.5,3727.8,16.668,18.172,22.101,0.31076,0.064184,343.41,79.438,6.8431,13.746,32.377,4692.3,23.025,40.644,50.012,81.277,1.3784,0.98019,3104.8,42.495,56.095,94.198,9.4498,66.232,38.136,81.327,2635.7,64.371,25.061,27.477,0.68275,9.0062,26.456,120.41,1.2669,74.362,24.836,2.5014,53.278,5.0596,143.99,0.0074225,0.82614,63.368,18.842,43.496
499,2026-04-27T10:54:00,50.173,30.635,26.727,33.047,41.038,2705.1,3754.8,16.506,18.172,21.742,0.30757,0.064184,343.01,78.856,6.8431,13.746,32.377,4686.4,23.112,46.934,48.385,81.116,1.3784,0.98019,3104.7,42.432,56.166,94.24,9.5721,63.533,33.348,81.096,2633.7,63.906,25.133,27.434,0.68464,9.0062,26.456,120.4,1.2669,74.629,24.836,2.5014,53.278,5.0596,142.08,0.0074225,0.82614,63.337,18.842,43.496
500,2026-04-27T10:57:00,50.896,26.255,27.083,32.709,41.954,2702.6,3705.7,15.209,18.069,22.049,0.26733,0.064184,342.87,78.972,6.8558,13.828,32.32,4666.9,23.661,48.607,50.651,80.946,1.3816,0.96417,3102.7,42.318,55.361,94.201,9.6625,65.377,40.015,80.28,2631.3,63.652,24.615,27.228,0.67547,8.9977,27.013,120.4,1.4535,74.442,24.618,2.4927,53.278,4.9762,142.05,0.0074225,0.82614,63.259,18.675,43.496
501,2026-04-27T11:00:00,50.942,26.148,26.607,32.709,41.318,2702.8,3683.6,18.289,18.069,21.632,0.26842,0.064184,342.82,79.01,6.8558,13.828,32.32,4638.9,22.361,48.713,50.26,81.039,1.3816,0.96417,3102.2,42.813,55.696,94.464,9.555,65.484,38.866,80.245,2630.4,64.033,25.318,27.127,0.67576,8.9977,27.013,120.38,1.4535,74.751,24.618,2.4927,53.278,4.9762,140.85,0.0074225,0.82614,63.243,18.675,43.496
502,2026-04-27T11:03:00,48.911,26.601,27.009,32.557,41.505,2701.2,3708.1,16.422,18.289,21.895,0.27162,0.064184,343.23,79.355,6.9678,13.738,32.525,4613.9,23.141,44.014,50.363,81.035,1.3843,0.9736,3100.7,42.794,56.408,94.318,9.6766,61.248,39.168,81.137,2629.6,63.531,23.916,26.855,0.68609,8.9669,27.011,120.37,1.2307,75.48,24.81,2.3956,53.278,4.9856,141.58,0.0074225,0.82614,63.233,18.505,43.496
503,2026-04-27T11:06:00,48.958,26.654,26.858,32.557,41.24,2702.0,3728.6,16.122,18.289,21.85,0.27107,0.049753,342.85,79.131,6.9678,13.738,32.525,4699.3,23.268,44.123,48.462,81.198,1.3843,0.9736,3101.7,42.812,55.385,94.407,9.6434,61.722,33.574,81.062,2630.0,63.178,23.766,26.968,0.68671,8.9669,27.011,120.41,1.2307,75.182,24.81,2.3956,53.882,4.9856,141.2,0.024579,0.82236,63.219,18.505,43.721
504,2026-04-27T11:09:00,50.192,24.574,27.039,33.135,41.516,2701.2,3643.2,18.392,18.829,21.912,0.24775,0.049753,343.08,78.901,6.7472,13.528,32.388,4726.0,22.318,46.977,49.603,81.152,1.3933,1.0543,3100.5,42.981,55.516,94.449,9.6574,60.338,36.931,80.167,2629.7,63.638,26.571,26.978,0.67373,9.01,26.399,120.39,1.3416,75.655,24.737,2.3771,53.882,5.0729,140.14,0.024579,0.82236,63.222,18.494,43.721
505,2026-04-27T11:12:00,51.782,24.525,27.119,33.135,40.456,2699.5,3651.2,16.667,18.829,21.978,0.24824,0.049753,342.75,78.698,6.7472,13.528,32.388,4675.8,23.055,50.659,49.496,80.997,1.3933,1.0543,3099.1,42.76,56.117,94.516,9.6152,64.447,36.616,80.07,2627.3,63.499,24.111,26.821,0.67453,9.01,26.399,120.39,1.3416,75.015,24.737,2.3771,53.882,5.0729,140.98,0.024579,0.82236,63.206,18.494,43.721
506,2026-04-27T11:15:00,48.02,25.71,26.759,32.754,41.748,2702.1,3721.6,16.484,18.777,21.869,0.25711,0.049753,342.75,79.121,7.0619,13.767,31.994,4709.6,23.119,41.951,50.97,81.171,1.4074,0.97378,3101.0,42.621,55.784,94.496,9.5664,62.13,40.955,77.22,2630.6,64.245,25.718,26.893,0.64961,9.0452,27.193,120.39,1.2171,74.8,24.793,2.4184,53.882,5.1092,139.24,0.024579,0.82236,63.224,18.173,43.721
507,2026-04-27T11:18:00,51.267,25.734,26.675,32.754,41.375,2701.5,3708.1,18.867,18.777,21.298,0.25687,0.049753,342.51,78.992,7.0619,13.767,31.994,4713.9,22.118,49.467,49.068,81.211,1.4074,0.97378,3102.9,42.672,55.733,94.22,9.813,61.745,35.358,77.718,2630.4,64.478,25.571,26.965,0.64552,9.0452,27.193,120.4,1.2171,74.778,24.793,2.4184,53.882,5.1092,137.5,0.024579,0.82236,63.216,18.173,43.721
508,2026-04-27T11:21:00,49.041,29.155,27.002,32.633,41.573,2701.7,3674.6,17.395,18.726,21.756,0.29813,0.07868,342.46,79.546,6.8294,13.732,32.215,4744.5,22.722,44.315,50.329,81.187,1.3863,1.0338,3102.4,42.572,56.23,94.492,9.6109,63.904,39.067,80.115,2630.2,62.274,22.182,26.708,0.67606,8.7751,26.894,120.39,1.0549,75.151,24.738,2.3294,53.519,5.0427,138.15,0.013583,0.83374,63.197,18.774,43.769
509,2026-04-27T11:24:00,50.447,29.263,26.663,32.633,40.716,2702.9,3644.7,16.253,18.726,21.783,0.29703,0.07868,342.12,78.942,6.8294,13.732,32.215,4712.3,23.219,47.568,49.743,81.218,1.3863,1.0338,3103.4,42.372,56.615,94.325,9.5747,62.192,37.342,80.482,2632.1,62.788,25.877,26.465,0.67305,8.7751,26.894,120.37,1.0549,73.984,24.738,2.3294,53.519,5.0427,139.39,0.013583,0.83374,63.177,18.774,43.769
510,2026-04-27T11:27:00,49.635,27.243,26.934,33.366,42.144,2703.9,3686.7,17.771,18.749,21.877,0.27662,0.07868,342.71,78.879,6.9299,13.812,32.131,4652.0,22.582,45.689,50.282,81.135,1.3938,0.98096,3103.4,42.785,55.913,94.582,9.5469,62.948,38.93,79.753,2632.5,64.044,25.305,26.214,0.67042,9.0301,27.117,120.43,1.1922,75.81,24.36,2.5021,53.519,5.0227,140.72,0.013583,0.83374,63.188,18.45,43.769
511,2026-04-27T11:30:00,49.132,27.032,27.051,33.366,41.38,2704.4,3722.9,15.603,18.749,22.212,0.27877,0.07868,342.28,78.881,6.9299,13.812,32.131,4692.9,23.493,44.525,49.243,81.22,1.3938,0.98096,3103.6,42.617,55.423,94.34,9.5885,62.208,35.874,80.084,2633.0,63.421,24.731,26.249,0.6677,9.0301,27.117,120.37,1.1922,75.542,24.36,2.5021,53.519,5.0227,138.85,0.013583,0.83374,63.159,18.45,43.769
512,2026-04-27T11:33:00,50.021,27.88,26.713,32.822,42.845,2702.9,3680.5,14.699,18.569,21.79,0.28674,0.07868,342.42,79.013,6.7431,13.785,31.929,4691.1,23.872,46.583,50.388,81.13,1.4277,1.0107,3102.1,42.659,56.268,94.467,9.5596,64.047,39.243,80.71,2632.1,63.271,23.546,26.254,0.67953,8.9055,26.645,120.42,1.484,75.031,24.423,2.4269,53.519,5.0675,137.33,0.013583,0.83374,63.139,19.07,43.769
513,2026-04-27T11:36:00,49.632,27.937,26.799,32.822,41.209,2703.2,3705.7,17.954,18.569,21.81,0.28616,0.065046,342.4,78.973,6.7431,13.785,31.929,4686.8,22.501,45.681,49.178,81.222,1.4277,1.0107,3102.4,42.936,56.319,94.364,9.6257,62.353,35.682,80.81,2631.7,62.837,24.001,26.413,0.67871,8.9055,26.645,120.37,1.484,74.715,24.423,2.4269,53.255,5.0675,137.2,0.026773,0.81987,63.133,19.07,43.691
514,2026-04-27T11:39:00,51.525,29.984,26.843,32.417,42.563,2699.9,3716.3,17.713,18.671,21.441,0.3077,0.065046,342.01,78.502,6.8067,13.824,32.087,4587.4,22.625,50.063,49.323,80.862,1.408,1.0291,3100.5,42.325,55.99,94.444,9.6423,62.326,36.108,80.27,2628.1,64.337,24.101,26.295,0.67703,9.1643,26.55,120.42,1.3055,74.898,24.821,2.4148,53.255,5.0136,138.44,0.026773,0.81987,63.083,18.441,43.691
515,2026-04-27T11:42:00,48.456,30.248,27.035,32.417,41.411,2697.1,3716.1,19.444,18.671,21.569,0.30502,0.065046,342.4,78.62,6.8067,13.824,32.087,4629.4,21.905,42.96,50.944,80.751,1.408,1.0291,3097.4,42.648,55.487,94.398,9.5822,60.774,40.878,80.456,2625.2,64.34,27.275,26.349,0.6755,9.1643,26.55,120.4,1.3055,74.179,24.821,2.4148,53.255,5.0136,137.81,0.026773,0.81987,63.008,18.441,43.691
516,2026-04-27T11:45:00,52.189,28.853,27.066,33.03,40.849,2696.7,3772.6,17.477,18.869,21.848,0.29237,0.065046,341.88,79.068,6.8987,13.777,31.531,4667.4,22.727,51.6,49.378,80.868,1.4212,0.95852,3096.7,42.852,56.578,94.385,9.5796,62.558,36.268,80.672,2625.7,62.912,23.675,26.293,0.68193,8.9359,26.949,120.37,1.3244,74.862,24.566,2.3365,53.255,5.0474,138.42,0.026773,0.81987,62.963,18.525,43.691
517,2026-04-27T11:48:00,51.721,28.969,26.683,33.03,42.637,2697.6,3727.6,17.172,18.869,21.376,0.29119,0.065046,341.82,79.201,6.8987,13.777,31.531,4686.4,22.853,50.517,50.213,81.067,1.4212,0.95852,3098.7,42.305,56.351,94.387,9.4854,64.46,38.727,80.914,2626.1,63.686,24.396,26.5,0.67994,8.9359,26.949,120.42,1.3244,75.447,24.566,2.3365,53.255,5.0474,136.06,0.026773,0.81987,62.995,18.525,43.691
518,2026-04-27T11:51:00,50.757,34.749,27.053,32.715,41.148,2700.9,3712.0,17.312,18.453,21.685,0.34782,0.053844,341.79,79.371,7.0738,13.636,32.535,4688.6,22.78,48.286,49.085,81.358,1.3819,1.0159,3100.8,42.516,56.169,94.34,9.4583,62.071,35.407,80.058,2629.3,63.175,25.493,26.219,0.67657,8.9827,27.174,120.38,1.2479,75.052,24.588,2.3112,54.434,5.0176,134.95,0.020525,0.82303,63.071,18.673,44.345
519,2026-04-27T11:54:00,48.298,34.405,27.01,32.715,42.316,2704.1,3660.2,15.038,18.453,21.899,0.35132,0.053844,341.3,79.825,7.0738,13.636,32.535,4675.8,23.71,42.595,48.333,81.679,1.3819,1.0159,3104.8,42.67,56.323,94.276,9.4574,63.835,33.195,80.528,2632.4,64.066,23.135,26.052,0.67272,8.9827,27.174,120.42,1.2479,75.409,24.588,2.3112,54.434,5.0176,134.83,0.020525,0.82303,63.176,18.673,44.345
520,2026-04-27T11:57:00,48.943,25.165,26.586,32.921,41.284,2702.5,3699.1,14.884,19.01,21.99,0.25435,0.053844,341.9,79.275,7.0094,13.736,32.672,4650.2,23.775,44.088,50.218,81.752,1.4001,1.0157,3101.8,42.761,56.295,94.357,9.5085,60.934,38.741,78.115,2631.4,61.763,23.694,25.794,0.65999,9.113,27.259,120.4,1.1514,76.017,24.675,2.3343,54.434,5.0511,135.7,0.020525,0.82303,63.292,18.577,44.345
521,2026-04-27T12:00:00,49.945,25.113,26.88,32.921,40.586,2697.5,3627.9,18.517,19.01,21.755,0.25488,0.053844,341.7,78.549,7.0094,13.736,32.672,4680.8,22.268,46.406,49.528,81.358,1.4001,1.0157,3097.8,42.761,55.929,94.558,9.6093,60.525,36.711,78.574,2626.4,62.988,24.963,25.718,0.65623,9.113,27.259,120.36,1.1514,75.219,24.675,2.3343,54.434,5.0511,134.54,0.020525,0.82303,63.282,18.577,44.345
522,2026-04-27T12:03:00,49.401,23.413,26.723,33.036,40.219,2691.6,3651.5,17.894,18.931,21.24,0.23704,0.053844,341.33,78.211,7.0782,13.921,32.522,4744.4,22.559,45.148,48.936,80.842,1.4028,1.016,3092.4,42.67,55.428,94.784,9.6285,61.47,34.97,79.726,2618.6,62.997,22.29,25.639,0.66714,8.9187,26.739,120.35,1.223,75.229,24.47,2.4456,54.434,5.0814,133.53,0.020525,0.82303,63.185,18.626,44.345
523,2026-04-27T12:06:00,51.206,23.475,26.907,33.036,40.953,2689.9,3659.0,17.381,18.931,21.522,0.23641,0.052031,341.67,78.512,7.0782,13.921,32.522,4693.1,22.783,49.326,47.483,80.676,1.4028,1.016,3089.4,42.378,56.042,94.743,9.602,63.323,30.692,79.32,2617.9,62.868,25.003,25.473,0.67047,8.9187,26.739,120.39,1.223,75.891,24.47,2.4456,53.684,5.0814,134.21,0.012833,0.83694,62.97,18.626,44.439
524,2026-04-27T12:09:00,49.661,24.544,27.0,32.561,39.735,2690.3,3633.1,14.868,18.73,21.353,0.24594,0.052031,341.09,78.721,6.7663,13.944,32.001,4680.2,23.843,45.749,48.165,80.825,1.3528,0.98256,3089.5,42.578,56.106,94.931,9.5106,63.214,32.701,82.049,2616.8,62.556,26.059,25.324,0.68868,8.9154,27.521,120.35,1.2553,74.317,24.675,2.3537,53.684,4.991,134.39,0.012833,0.83694,62.899,18.627,44.439
525,2026-04-27T12:12:00,51.422,24.366,27.011,32.561,40.825,2693.4,3655.5,16.527,18.73,21.643,0.24775,0.052031,341.16,79.354,6.7663,13.944,32.001,4639.4,23.124,49.825,49.541,81.227,1.3528,0.98256,3092.2,42.391,56.594,94.633,9.5526,62.018,36.75,81.9,2621.7,62.171,25.354,25.254,0.68991,8.9154,27.521,120.4,1.2553,75.716,24.675,2.3537,53.684,4.991,133.63,0.012833,0.83694,62.893,18.627,44.439
526,2026-04-27T12:15:00,50.117,29.276,26.965,32.912,41.032,2696.2,3715.9,17.356,18.592,21.534,0.29704,0.052031,340.33,79.309,6.855,13.789,31.831,4689.0,22.767,46.805,49.865,81.509,1.3647,1.0095,3096.6,42.316,56.024,94.58,9.5413,63.004,37.701,82.61,2624.6,63.83,25.938,25.313,0.69043,9.1746,26.771,120.42,1.219,75.291,24.43,2.4426,53.684,4.9372,131.36,0.012833,0.83694,62.985,18.946,44.439
527,2026-04-27T12:18:00,51.713,29.289,27.071,32.912,41.825,2696.6,3727.5,17.003,18.592,21.452,0.2969,0.052031,340.47,79.168,6.855,13.789,31.831,4708.1,22.907,50.499,51.912,81.684,1.3647,1.0095,3097.9,42.365,55.796,94.343,9.5133,62.67,43.726,82.765,2624.9,63.63,24.228,25.174,0.68915,9.1746,26.771,120.45,1.219,75.293,24.43,2.4426,53.684,4.9372,131.25,0.012833,0.83694,63.095,18.946,44.439
528,2026-04-27T12:21:00,48.295,31.146,27.036,32.969,40.631,2693.8,3707.8,16.076,18.792,21.157,0.31672,0.056797,339.66,78.973,6.7143,13.801,32.168,4620.1,23.301,42.588,49.152,81.53,1.3613,1.0105,3097.2,42.681,56.063,94.448,9.4995,60.044,35.603,80.481,2622.1,63.259,23.743,25.534,0.67447,9.0589,26.618,120.39,1.3271,75.789,24.094,2.3391,54.616,5.0619,129.41,0.035184,0.83419,63.135,19.307,44.053
529,2026-04-27T12:24:00,48.754,31.178,26.94,32.969,42.546,2691.1,3718.6,18.252,18.792,20.939,0.3164,0.056797,339.46,78.757,6.7143,13.801,32.168,4659.0,22.395,43.651,49.914,81.281,1.3613,1.0105,3094.5,42.845,55.597,94.44,9.5448,60.881,37.846,80.602,2618.1,63.072,25.746,25.463,0.67348,9.0589,26.618,120.44,1.3271,75.876,24.094,2.3391,54.616,5.0619,130.27,0.035184,0.83419,63.106,19.307,44.053
530,2026-04-27T12:27:00,50.588,28.22,26.964,32.512,40.738,2688.1,3723.5,17.721,18.625,20.913,0.28508,0.056797,340.0,78.962,7.0221,13.974,32.492,4619.5,22.618,47.895,49.74,81.223,1.4092,0.99979,3091.5,42.596,55.125,94.395,9.4394,62.924,37.334,80.84,2616.1,64.314,25.753,25.33,0.67382,8.8764,26.759,120.38,1.2658,75.161,24.45,2.5106,54.616,5.1032,131.85,0.035184,0.83419,63.051,18.536,44.053
531,2026-04-27T12:30:00,51.221,28.015,27.108,32.512,41.973,2686.5,3712.1,16.217,18.625,21.182,0.28716,0.056797,339.44,78.757,7.0221,13.974,32.492,4595.9,23.264,49.361,50.228,81.163,1.4092,0.99979,3088.2,42.72,55.407,94.506,9.612,62.189,38.771,80.644,2613.8,64.51,24.978,25.311,0.67543,8.8764,26.759,120.44,1.2658,75.971,24.45,2.5106,54.616,5.1032,132.17,0.035184,0.83419,63.024,18.536,44.053
532,2026-04-27T12:33:00,50.439,25.112,26.924,32.385,40.95,2686.8,3668.3,17.716,18.816,21.1,0.25111,0.056797,339.56,79.371,6.8458,13.978,31.933,4721.4,22.614,47.549,50.517,81.383,1.3757,1.0101,3087.4,42.484,55.773,94.526,9.4669,63.119,39.622,83.104,2614.1,62.578,23.852,25.054,0.69392,8.9106,26.95,120.39,1.5119,75.191,24.363,2.4233,54.616,5.0135,135.14,0.035184,0.83419,63.039,18.858,44.053
533,2026-04-27T12:36:00,50.391,24.923,26.788,32.385,40.551,2686.2,3678.2,19.101,18.816,20.814,0.25303,0.074025,339.46,79.158,6.8458,13.978,31.933,4673.3,22.029,47.438,49.922,81.589,1.3757,1.0101,3088.6,42.679,56.348,94.707,9.5428,61.624,37.872,83.363,2614.3,62.407,24.663,25.185,0.69179,8.9106,26.95,120.4,1.5119,75.652,24.363,2.4233,55.011,5.0135,132.92,0.027105,0.83044,63.074,18.858,44.016
534,2026-04-27T12:39:00,51.047,30.116,27.171,32.521,41.657,2684.7,3705.6,16.7,18.959,20.735,0.30775,0.074025,338.68,78.667,6.8946,13.97,32.088,4637.7,23.057,48.957,49.554,81.385,1.4002,1.0173,3089.4,42.875,55.999,94.49,9.4803,63.68,36.789,83.222,2612.1,63.434,23.676,25.227,0.69581,9.0162,26.801,120.4,1.2161,73.715,24.634,2.4641,55.011,5.092,132.14,0.027105,0.83044,63.116,18.918,44.016
535,2026-04-27T12:42:00,48.783,30.178,26.909,32.521,40.98,2683.4,3707.2,16.965,18.959,20.274,0.30712,0.074025,338.77,78.682,6.8946,13.97,32.088,4636.4,22.956,43.717,49.611,81.183,1.4002,1.0173,3086.4,42.603,56.014,94.721,9.5029,60.61,36.955,83.106,2610.0,63.406,22.72,25.131,0.69676,9.0162,26.801,120.39,1.2161,75.177,24.634,2.4641,55.011,5.092,133.0,0.027105,0.83044,63.011,18.918,44.016
536,2026-04-27T12:45:00,49.289,28.889,27.065,32.3,41.186,2682.9,3700.6,18.892,18.494,20.446,0.294,0.074025,338.66,79.103,6.7731,13.925,32.082,4686.7,22.139,44.888,48.629,81.225,1.3969,1.0129,3086.2,42.856,55.247,94.557,9.5962,62.49,34.064,83.443,2609.8,63.102,24.75,25.314,0.69407,9.0878,26.483,120.4,1.1663,74.569,24.497,2.4593,55.011,5.1324,130.74,0.027105,0.83044,62.95,19.04,44.016
537,2026-04-27T12:48:00,49.079,28.92,27.106,32.3,41.19,2683.8,3685.1,16.638,18.494,20.627,0.29368,0.074025,338.58,79.356,6.7731,13.925,32.082,4629.1,23.082,44.403,51.245,81.36,1.3969,1.0129,3087.5,42.238,55.937,94.556,9.5496,62.225,41.764,83.354,2610.8,63.368,24.963,25.297,0.6948,9.0878,26.483,120.39,1.1663,74.728,24.497,2.4593,55.011,5.1324,130.68,0.027105,0.83044,62.989,19.04,44.016
538,2026-04-27T12:51:00,52.483,29.048,26.933,32.597,41.389,2687.7,3705.8,16.016,18.737,20.905,0.2956,0.058834,339.28,79.634,6.8219,13.819,32.146,4612.5,23.324,52.281,50.05,81.802,1.4048,1.0098,3090.5,42.65,55.8,94.487,9.7291,60.581,38.248,83.138,2615.3,64.123,24.148,25.06,0.6881,9.0069,26.946,120.42,1.2315,75.095,24.557,2.431,53.464,5.1103,131.89,0.030731,0.86077,63.077,18.902,44.184
539,2026-04-27T12:54:00,48.555,29.079,27.142,32.597,41.697,2687.1,3690.2,16.583,18.737,20.888,0.29529,0.058834,338.59,79.336,6.8219,13.819,32.146,4642.7,23.078,43.19,49.677,81.897,1.4048,1.0098,3091.2,42.564,55.44,94.294,9.4624,62.919,37.15,82.831,2615.5,64.392,25.69,25.042,0.69062,9.0069,26.946,120.42,1.2315,75.679,24.557,2.431,53.464,5.1103,131.22,0.030731,0.86077,63.177,18.902,44.184
540,2026-04-27T12:57:00,49.6,28.568,26.882,31.969,42.005,2683.4,3728.8,16.482,18.932,20.626,0.28965,0.058834,338.4,78.985,7.0242,13.804,31.982,4650.7,23.133,45.609,49.84,81.632,1.3696,1.0371,3088.1,42.601,55.648,94.42,9.6248,63.205,37.63,81.505,2611.0,63.38,25.3,25.082,0.67888,8.9658,26.724,120.41,1.1863,75.016,24.306,2.4596,53.464,5.0414,129.92,0.030731,0.86077,63.203,18.929,44.184
541,2026-04-27T13:00:00,49.929,28.798,26.886,31.969,41.325,2682.0,3739.3,17.313,18.932,20.333,0.28732,0.058834,338.29,79.105,7.0242,13.804,31.982,4625.4,22.78,46.369,49.573,81.546,1.3696,1.0371,3085.8,42.711,55.951,94.487,9.6029,62.226,36.842,81.663,2609.4,63.198,23.867,24.965,0.67758,8.9658,26.724,120.39,1.1863,75.7,24.306,2.4596,53.464,5.0414,130.4,0.030731,0.86077,63.192,18.929,44.184
542,2026-04-27T13:03:00,50.177,30.312,26.893,32.526,41.398,2681.7,3658.6,18.293,19.062,20.279,0.3062,0.058834,338.08,78.93,6.8813,14.044,31.801,4668.3,22.373,46.945,50.475,81.547,1.4286,1.0076,3086.4,42.495,55.349,94.633,9.5849,60.744,39.497,81.359,2608.8,62.775,26.428,25.111,0.67675,8.9334,26.392,120.39,1.2859,74.306,24.292,2.4966,53.464,5.1174,127.99,0.030731,0.86077,63.12,19.091,44.184
543,2026-04-27T13:06:00,50.867,30.188,26.897,32.526,41.85,2681.2,3656.7,16.451,19.062,20.379,0.30746,0.074288,338.47,78.925,6.8813,14.044,31.801,4606.1,23.157,48.54,49.643,81.359,1.4286,1.0076,3085.3,43.011,56.094,94.684,9.509,63.26,37.051,81.327,2608.5,62.806,23.873,25.375,0.67701,8.9334,26.392,120.38,1.2859,74.284,24.292,2.4966,54.272,5.1174,133.14,0.018762,0.84748,63.115,19.091,44.835
544,2026-04-27T13:09:00,48.643,32.322,27.112,32.544,40.863,2684.1,3677.4,17.999,18.88,20.912,0.32705,0.074288,338.78,79.322,7.0179,13.972,32.452,4625.2,22.491,43.392,48.931,81.591,1.3744,1.0362,3087.2,43.08,55.427,94.555,9.7541,60.542,34.953,84.648,2611.1,63.638,24.277,25.742,0.70355,9.1882,26.404,120.39,1.282,75.316,24.287,2.4238,54.272,5.1877,132.12,0.018762,0.84748,63.111,19.225,44.835
545,2026-04-27T13:12:00,51.421,32.314,27.083,32.544,41.928,2683.5,3697.9,15.173,18.88,20.353,0.32712,0.074288,338.27,78.942,7.0179,13.972,32.452,4607.2,23.693,49.823,50.966,81.458,1.3744,1.0362,3088.7,42.639,55.642,94.512,9.6753,63.133,40.942,84.574,2610.9,63.286,26.071,25.872,0.70415,9.1882,26.404,120.42,1.282,74.416,24.287,2.4238,54.272,5.1877,133.73,0.018762,0.84748,63.133,19.225,44.835
546,2026-04-27T13:15:00,50.732,26.31,26.83,32.558,41.014,2684.9,3648.2,16.528,19.277,20.787,0.26344,0.074288,339.32,79.201,6.9111,13.779,31.93,4628.0,23.114,48.229,50.314,81.633,1.3963,0.97432,3088.0,42.588,55.0,94.555,9.5795,65.687,39.023,84.068,2613.3,62.879,23.225,25.976,0.69487,9.0676,26.431,120.39,1.209,74.71,23.888,2.4038,54.272,5.1288,135.62,0.018762,0.84748,63.167,19.42,44.835
547,2026-04-27T13:18:00,49.725,26.131,27.328,32.558,40.459,2685.5,3634.4,15.604,19.277,20.748,0.26525,0.074288,338.97,79.406,6.9111,13.779,31.93,4635.7,23.493,45.899,49.664,81.674,1.3963,0.97432,3088.6,42.914,54.908,94.659,9.7668,62.21,37.112,83.936,2613.3,63.116,24.894,26.211,0.69596,9.0676,26.431,120.38,1.209,75.582,23.888,2.4038,54.272,5.1288,135.99,0.018762,0.84748,63.209,19.42,44.835
548,2026-04-27T13:21:00,50.1,31.211,26.969,32.522,41.488,2687.5,3650.2,18.11,18.595,20.674,0.31465,0.048475,339.28,79.296,6.7559,13.922,32.171,4565.8,22.434,46.766,48.483,81.708,1.4345,0.98508,3092.0,42.577,55.175,94.526,9.5061,64.371,33.635,80.988,2614.6,63.702,25.57,26.148,0.67838,8.953,26.519,120.42,1.3319,73.85,24.124,2.3946,54.331,5.1067,136.24,0.012676,0.85745,63.277,19.335,43.732
549,2026-04-27T13:24:00,48.412,30.987,26.935,32.522,41.047,2687.8,3676.5,17.729,18.595,20.731,0.31693,0.048475,339.73,78.798,6.7559,13.922,32.171,4580.8,22.612,42.859,50.371,81.527,1.4345,0.98508,3091.7,42.76,54.996,94.543,9.6543,60.382,39.193,81.329,2614.7,63.251,26.721,26.546,0.67559,8.953,26.519,120.39,1.3319,74.228,24.124,2.3946,54.331,5.1067,133.31,0.012676,0.85745,63.244,19.335,43.732
550,2026-04-27T13:27:00,49.653,28.949,26.87,32.652,41.412,2689.3,3714.5,16.729,19.082,21.053,0.29376,0.048475,340.52,79.265,6.8652,13.868,31.963,4565.1,23.02,45.732,49.235,81.516,1.4154,1.0383,3090.6,42.342,55.289,94.428,9.65,64.494,35.849,83.166,2616.5,64.004,25.111,26.519,0.69213,9.0486,26.722,120.42,1.2264,75.417,24.092,2.4651,54.331,5.1364,135.12,0.012676,0.85745,63.257,18.975,43.732
551,2026-04-27T13:30:00,50.698,28.73,26.802,32.652,41.657,2688.5,3681.7,14.968,19.082,21.227,0.29599,0.048475,340.43,79.231,6.8652,13.868,31.963,4549.1,23.757,48.149,51.379,81.579,1.4154,1.0383,3090.9,42.387,55.481,94.389,9.7142,63.809,42.158,82.793,2617.3,64.567,24.937,26.273,0.69518,9.0486,26.722,120.41,1.2264,74.441,24.092,2.4651,54.331,5.1364,139.4,0.012676,0.85745,63.253,18.975,43.732
552,2026-04-27T13:33:00,50.848,31.056,26.742,32.529,41.096,2689.7,3695.6,15.99,18.843,20.83,0.31525,0.048475,340.94,78.512,6.7389,14.075,32.041,4593.6,23.344,48.497,50.64,81.547,1.4195,1.0336,3091.0,42.451,55.768,94.399,9.6496,61.451,39.984,82.565,2617.1,63.437,25.774,26.466,0.68603,8.9367,26.872,120.41,1.1284,74.942,24.112,2.5709,54.331,5.0869,138.71,0.012676,0.85745,63.292,19.052,43.732
553,2026-04-27T13:36:00,49.601,30.899,26.852,32.529,41.379,2688.9,3687.2,13.975,18.843,21.139,0.31684,0.051509,341.12,78.925,6.7389,14.075,32.041,4586.5,24.187,45.612,50.62,81.263,1.4195,1.0336,3089.6,42.999,55.853,94.44,9.5186,65.24,39.925,82.007,2616.0,63.581,23.875,26.909,0.6906,8.9367,26.872,120.42,1.1284,74.773,24.112,2.5709,53.105,5.0869,138.48,0.0096971,0.84132,63.266,19.052,44.101
554,2026-04-27T13:39:00,49.289,30.487,26.863,32.936,41.569,2688.3,3704.2,14.525,18.909,21.407,0.30977,0.051509,341.62,79.422,6.7208,13.872,31.646,4606.2,23.946,44.888,48.926,81.273,1.4134,1.0158,3089.9,42.592,55.39,94.417,9.7204,62.776,34.939,85.008,2616.7,64.471,25.814,27.015,0.7133,8.917,26.45,120.4,1.038,74.194,24.317,2.4148,53.105,5.0979,140.22,0.0096971,0.84132,63.251,18.403,44.101
555,2026-04-27T13:42:00,48.687,30.485,27.077,32.936,41.653,2688.6,3718.4,16.744,18.909,21.251,0.30979,0.051509,341.39,78.989,6.7208,13.872,31.646,4644.1,23.02,43.495,50.849,81.36,1.4134,1.0158,3091.0,43.009,54.936,94.258,9.5416,63.966,40.599,84.723,2616.6,64.228,24.157,27.19,0.71564,8.917,26.45,120.42,1.038,73.325,24.317,2.4148,53.105,5.0979,141.16,0.0096971,0.84132,63.234,18.403,44.101
556,2026-04-27T13:45:00,51.511,34.556,27.049,33.277,42.29,2688.9,3737.0,16.905,18.837,20.914,0.35198,0.051509,341.33,79.243,6.8744,13.85,32.5,4710.4,22.951,50.03,49.371,81.222,1.4018,1.0027,3093.4,42.515,55.744,94.34,9.7342,62.648,36.248,82.277,2616.3,64.209,23.761,27.454,0.69287,9.0735,26.254,120.4,1.3897,73.917,24.156,2.4551,53.105,5.0799,141.09,0.0096971,0.84132,63.283,18.607,44.101
557,2026-04-27T13:48:00,48.307,34.801,27.104,33.277,42.152,2693.8,3750.3,15.837,18.837,21.407,0.34948,0.051509,341.52,79.683,6.8744,13.85,32.5,4678.3,23.384,42.616,49.464,81.446,1.4018,1.0027,3096.7,43.094,56.128,94.045,9.7195,64.044,36.522,82.282,2621.7,63.982,24.057,27.582,0.69283,9.0735,26.254,120.43,1.3897,75.328,24.156,2.4551,53.105,5.0799,142.53,0.0096971,0.84132,63.326,18.607,44.101
558,2026-04-27T13:51:00,50.3,26.524,27.007,33.034,41.825,2696.1,3689.8,16.378,18.343,21.906,0.27076,0.047473,342.58,79.843,6.9525,13.993,32.074,4670.2,23.137,47.229,49.942,81.774,1.3639,1.0078,3095.8,42.585,55.769,94.092,9.6229,63.784,37.929,82.401,2624.8,63.755,23.085,27.398,0.6877,9.2614,26.611,120.41,1.2885,74.84,24.041,2.4439,54.212,5.0498,143.02,0.020405,0.83324,63.446,18.617,43.426
559,2026-04-27T13:54:00,49.761,26.582,26.651,33.034,41.793,2694.0,3689.1,15.204,18.343,21.206,0.27017,0.047473,341.99,79.215,6.9525,13.993,32.074,4670.8,23.638,45.981,49.984,81.678,1.3639,1.0078,3096.1,43.033,55.761,94.24,9.6722,62.711,38.052,81.902,2622.3,63.766,25.515,27.576,0.69179,9.2614,26.611,120.39,1.2885,75.816,24.041,2.4439,54.212,5.0498,141.88,0.020405,0.83324,63.539,18.617,43.426
560,2026-04-27T13:57:00,49.45,30.395,27.049,32.721,41.651,2693.7,3679.8,18.466,18.917,21.356,0.31171,0.047473,342.19,78.97,7.0562,13.765,32.425,4678.4,22.273,45.261,50.746,81.489,1.4069,0.99238,3095.6,42.588,55.672,94.374,9.5317,63.507,40.296,84.145,2621.8,63.213,27.201,27.731,0.70587,9.201,26.638,120.38,1.3368,75.179,24.198,2.3852,54.212,5.1131,141.02,0.020405,0.83324,63.505,19.081,43.426
561,2026-04-27T14:00:00,49.091,30.291,27.129,32.721,42.231,2692.1,3702.4,16.22,18.917,21.396,0.31277,0.047473,342.02,79.155,7.0562,13.765,32.425,4698.4,23.22,44.431,51.406,81.304,1.4069,0.99238,3094.2,42.638,55.434,94.409,9.6298,65.295,42.238,84.053,2619.7,62.824,23.206,27.604,0.70662,9.201,26.638,120.38,1.3368,74.124,24.198,2.3852,54.212,5.1131,143.39,0.020405,0.83324,63.476,19.081,43.426
562,2026-04-27T14:03:00,49.527,26.942,26.885,33.072,41.408,2693.9,3649.9,15.112,18.422,21.589,0.27776,0.047473,342.61,79.204,6.6829,13.685,32.545,4616.8,23.683,45.44,50.189,81.311,1.4304,1.014,3093.5,42.347,55.26,94.537,9.6535,64.174,38.655,81.005,2621.9,62.702,27.114,27.629,0.68222,9.005,26.264,120.38,1.2224,74.563,23.906,2.4679,54.212,5.1572,144.04,0.020405,0.83324,63.467,18.251,43.426
563,2026-04-27T14:06:00,49.944,27.151,27.271,33.072,41.422,2695.0,3649.1,16.239,18.422,21.815,0.27563,0.063728,342.95,79.408,6.6829,13.685,32.545,4622.1,23.198,46.405,50.61,81.419,1.4304,1.014,3094.1,42.576,55.197,94.573,9.537,65.176,39.895,80.885,2622.6,62.716,23.778,27.699,0.6832,9.005,26.264,120.4,1.2224,74.542,23.906,2.4679,52.514,5.1572,141.9,-0.0051554,0.84558,63.473,18.251,43.765
564,2026-04-27T14:09:00,49.851,25.689,27.021,33.411,41.297,2695.3,3733.1,16.594,18.494,21.673,0.26113,0.063728,342.99,78.753,7.0318,13.808,31.906,4699.6,23.066,46.189,50.113,81.353,1.3687,1.0613,3095.9,42.865,56.324,94.254,9.6421,62.894,38.433,79.965,2624.4,64.557,25.783,27.658,0.67198,9.069,26.906,120.42,1.209,74.349,24.557,2.3798,52.514,5.0788,142.28,-0.0051554,0.84558,63.459,18.771,43.765
565,2026-04-27T14:12:00,51.318,25.771,26.75,33.411,42.039,2694.8,3723.2,16.545,18.494,21.559,0.2603,0.063728,342.62,79.32,7.0318,13.808,31.906,4691.9,23.072,49.584,50.396,81.349,1.3687,1.0613,3095.7,42.966,56.416,94.359,9.6417,63.883,39.264,79.811,2623.9,64.726,24.973,27.637,0.67324,9.069,26.906,120.41,1.209,75.473,24.557,2.3798,52.514,5.0788,142.45,-0.0051554,0.84558,63.436,18.771,43.765
566,2026-04-27T14:15:00,50.938,31.68,26.561,33.19,42.038,2696.6,3660.8,16.293,18.73,21.7,0.323,0.063728,342.94,79.139,6.9006,13.959,32.447,4641.5,23.176,48.704,48.695,81.458,1.3899,1.0088,3096.1,42.933,55.787,94.31,9.7162,63.575,34.261,81.569,2625.7,62.764,25.692,27.446,0.68494,8.9273,26.444,120.41,1.3086,74.976,24.387,2.4386,52.514,5.1802,144.51,-0.0051554,0.84558,63.479,18.506,43.765
567,2026-04-27T14:18:00,50.462,31.578,26.902,33.19,41.169,2696.7,3630.4,17.768,18.73,21.751,0.32404,0.063728,342.88,78.899,6.9006,13.959,32.447,4626.4,22.563,47.602,49.991,81.305,1.3899,1.0088,3096.1,42.335,55.968,94.483,9.6042,64.29,38.073,81.301,2624.6,63.286,25.11,27.621,0.68714,8.9273,26.444,120.38,1.3086,75.13,24.387,2.4386,52.514,5.1802,142.46,-0.0051554,0.84558,63.465,18.506,43.765
568,2026-04-27T14:21:00,50.158,26.679,26.463,32.797,41.705,2696.3,3701.9,16.846,18.604,21.744,0.26936,0.067747,343.28,79.141,6.8212,13.907,32.383,4675.0,22.95,46.899,48.778,81.193,1.3868,1.0477,3095.0,42.951,56.061,94.438,9.5432,64.41,34.504,83.321,2624.6,63.127,25.726,27.888,0.70443,8.918,26.516,120.39,1.2118,75.163,24.093,2.4037,53.806,5.1743,143.07,0.015314,0.81455,63.398,18.667,43.827
569,2026-04-27T14:24:00,51.751,26.662,26.617,32.797,41.049,2696.4,3669.5,15.792,18.604,21.847,0.26953,0.067747,344.01,79.045,6.8212,13.907,32.383,4663.4,23.398,50.586,49.266,81.161,1.3868,1.0477,3094.7,42.567,56.2,94.434,9.5829,63.134,35.941,83.425,2625.3,63.684,25.421,27.811,0.70357,8.918,26.516,120.42,1.2118,75.229,24.093,2.4037,53.806,5.1743,145.46,0.015314,0.81455,63.386,18.667,43.827
570,2026-04-27T14:27:00,50.524,27.08,26.645,33.056,41.02,2696.8,3704.2,16.882,18.426,21.675,0.27297,0.067747,343.28,79.063,6.858,13.894,32.365,4684.2,22.937,47.746,48.656,81.279,1.3894,1.0163,3096.4,43.03,55.587,94.434,9.6659,62.668,34.146,82.908,2625.5,63.804,23.884,28.016,0.69784,8.9365,26.546,120.4,1.2419,74.365,24.29,2.4447,53.806,5.0974,144.67,0.015314,0.81455,63.42,18.482,43.827
571,2026-04-27T14:30:00,50.399,26.878,27.213,33.056,41.618,2697.0,3688.6,15.1,18.426,21.798,0.27502,0.067747,342.86,79.074,6.858,13.894,32.365,4691.4,23.685,47.458,49.772,81.32,1.3894,1.0163,3096.8,42.635,55.501,94.281,9.5965,63.419,37.428,82.852,2624.9,64.072,25.668,28.156,0.69829,8.9365,26.546,120.43,1.2419,73.849,24.29,2.4447,53.806,5.0974,144.62,0.015314,0.81455,63.42,18.482,43.827
572,2026-04-27T14:33:00,48.045,26.991,26.979,32.832,41.482,2696.3,3703.7,16.669,18.045,21.787,0.27345,0.067747,343.29,79.515,6.6566,14.015,32.09,4658.3,23.008,42.008,48.668,81.394,1.365,0.95391,3097.4,42.972,56.384,94.382,9.6194,62.612,34.18,82.809,2625.3,63.53,24.315,28.122,0.69667,9.2006,26.745,120.4,1.2717,75.123,24.255,2.3753,53.806,5.168,146.47,0.015314,0.81455,63.486,18.836,43.827
573,2026-04-27T14:36:00,49.198,27.141,26.715,32.832,42.313,2697.5,3696.3,17.925,18.045,21.734,0.27192,0.048279,342.95,79.047,6.6566,14.015,32.09,4692.0,22.49,44.679,49.453,81.378,1.365,0.95391,3096.4,42.563,55.981,94.299,9.6874,63.91,36.491,82.708,2625.8,63.656,23.412,27.754,0.69749,9.2006,26.745,120.4,1.2717,74.93,24.255,2.3753,52.302,5.168,143.06,0.019781,0.81073,63.492,18.836,43.663
574,2026-04-27T14:39:00,50.447,29.643,26.717,32.924,41.754,2693.7,3741.7,16.721,17.924,21.141,0.299,0.048279,342.56,79.448,6.8753,13.985,32.447,4654.9,22.995,47.569,48.763,81.063,1.327,1.0078,3095.4,42.811,55.577,94.311,9.5863,63.916,34.461,84.349,2621.3,64.759,24.511,27.536,0.71221,8.9736,26.418,120.41,1.2617,75.466,24.412,2.4074,52.302,5.0908,143.08,0.019781,0.81073,63.468,19.12,43.663
575,2026-04-27T14:42:00,50.198,29.426,26.488,32.924,42.539,2694.7,3788.2,15.96,17.924,21.513,0.3012,0.048279,343.08,79.151,6.8753,13.985,32.447,4617.7,23.321,46.991,49.675,81.321,1.327,1.0078,3094.8,42.422,56.022,94.169,9.723,63.354,37.143,84.228,2623.0,63.96,26.264,27.341,0.7132,8.9736,26.418,120.42,1.2617,75.189,24.412,2.4074,52.302,5.0908,142.88,0.019781,0.81073,63.424,19.12,43.663
576,2026-04-27T14:45:00,50.554,26.099,26.836,32.965,41.844,2691.6,3713.9,14.471,18.64,21.549,0.26418,0.048279,342.83,79.023,6.8661,13.748,31.999,4579.0,23.955,47.816,49.723,81.159,1.3763,0.98028,3091.9,42.701,55.754,94.34,9.6242,63.813,37.286,84.089,2619.9,63.429,23.691,27.35,0.70982,9.1032,26.688,120.4,1.2456,75.164,24.387,2.4648,52.302,5.0694,140.4,0.019781,0.81073,63.372,18.803,43.663
577,2026-04-27T14:48:00,49.061,26.053,27.143,32.965,42.034,2692.3,3661.5,17.221,18.64,21.896,0.26464,0.048279,342.82,79.307,6.8661,13.748,31.999,4628.9,22.786,44.36,50.096,81.384,1.3763,0.98028,3091.5,42.592,55.157,94.406,9.6309,63.399,38.381,83.882,2620.9,64.331,25.062,27.097,0.71153,9.1032,26.688,120.4,1.2456,74.611,24.387,2.4648,52.302,5.0694,140.86,0.019781,0.81073,63.391,18.803,43.663
578,2026-04-27T14:51:00,50.429,30.153,26.909,32.859,41.702,2692.3,3708.2,16.998,18.261,21.693,0.30889,0.054673,343.02,79.055,7.0798,13.885,32.212,4657.6,22.889,47.527,48.791,81.311,1.4456,0.9848,3092.6,42.873,55.561,94.341,9.5861,64.59,34.542,80.952,2621.6,63.619,25.844,26.767,0.68407,9.2594,26.634,120.39,1.3795,74.825,24.218,2.4077,53.229,5.0957,140.61,0.012342,0.83245,63.365,18.751,43.631
579,2026-04-27T14:54:00,47.104,30.482,26.84,32.859,41.319,2694.7,3681.7,17.504,18.261,21.763,0.30555,0.054673,343.02,79.056,7.0798,13.885,32.212,4692.9,22.676,39.832,50.266,81.35,1.4456,0.9848,3093.9,42.291,55.139,94.323,9.6315,62.698,38.882,81.294,2622.5,64.076,25.322,26.592,0.68127,9.2594,26.634,120.4,1.3795,74.65,24.218,2.4077,53.229,5.0957,139.53,0.012342,0.83245,63.32,18.751,43.631
580,2026-04-27T14:57:00,50.176,28.475,27.241,33.255,41.397,2694.0,3628.9,15.142,18.609,22.099,0.28641,0.054673,343.86,79.27,6.78,13.969,32.527,4629.6,23.667,46.941,48.047,81.192,1.4127,1.0178,3091.4,42.092,56.025,94.488,9.4996,63.411,32.353,82.85,2622.0,63.024,25.368,26.397,0.69847,9.0158,26.828,120.38,1.1353,74.969,24.679,2.4234,53.229,5.1789,138.68,0.012342,0.83245,63.311,18.273,43.631
581,2026-04-27T15:00:00,48.788,28.442,27.061,33.255,40.699,2698.0,3672.0,16.863,18.609,22.289,0.28674,0.054673,343.57,79.527,6.78,13.969,32.527,4640.6,22.928,43.73,50.855,81.473,1.4127,1.0178,3094.4,42.623,55.893,94.481,9.5183,63.876,40.617,82.84,2626.0,62.281,24.343,26.2,0.69855,9.0158,26.828,120.38,1.1353,76.009,24.679,2.4234,53.229,5.1789,137.87,0.012342,0.83245,63.298,18.273,43.631
582,2026-04-27T15:03:00,48.778,25.279,26.546,33.296,42.203,2698.0,3721.5,15.397,18.348,21.747,0.25424,0.054673,343.51,79.089,6.9726,14.005,32.299,4683.0,23.549,43.705,51.637,81.519,1.3882,0.99183,3097.2,42.657,56.603,94.37,9.5955,62.167,42.916,84.241,2626.9,64.015,24.588,26.147,0.7068,8.9624,26.782,120.4,1.3383,74.91,24.392,2.3885,53.229,5.0128,135.43,0.012342,0.83245,63.308,18.858,43.631
583,2026-04-27T15:06:00,49.902,25.02,26.942,33.296,41.777,2695.6,3729.9,14.866,18.348,21.556,0.25687,0.071944,342.87,79.079,6.9726,14.005,32.299,4729.0,23.777,46.307,49.186,81.266,1.3882,0.99183,3096.5,42.843,56.052,94.375,9.7869,60.425,35.706,84.079,2622.7,63.869,26.028,26.081,0.70813,8.9624,26.782,120.42,1.3383,73.335,24.392,2.3885,54.081,5.0128,139.1,0.003937,0.83515,63.277,18.858,43.88
584,2026-04-27T15:09:00,47.759,27.156,26.913,33.456,41.465,2694.6,3698.2,16.546,18.387,21.803,0.27468,0.071944,343.18,79.201,6.9551,13.749,32.364,4633.5,23.07,41.347,50.831,81.154,1.3951,1.0123,3093.9,42.248,55.794,94.5,9.7283,62.072,40.545,84.245,2622.9,62.731,22.932,26.267,0.71666,8.7288,26.935,120.41,1.2291,74.295,24.143,2.4023,54.081,5.1183,136.65,0.003937,0.83515,63.186,18.113,43.88
585,2026-04-27T15:12:00,49.972,27.191,27.124,33.456,41.515,2694.5,3638.8,18.082,18.387,22.363,0.27432,0.071944,343.33,79.173,6.9551,13.749,32.364,4657.4,22.424,46.47,49.087,81.242,1.3951,1.0123,3093.4,42.798,55.508,94.39,9.5964,64.007,35.413,84.637,2624.1,63.754,25.482,26.256,0.71344,8.7288,26.935,120.39,1.2291,75.347,24.143,2.4023,54.081,5.1183,136.4,0.003937,0.83515,63.161,18.113,43.88
586,2026-04-27T15:15:00,49.93,26.12,26.623,32.717,41.164,2695.7,3699.4,15.946,18.256,21.898,0.26958,0.071944,343.35,78.919,6.8319,14.04,32.151,4746.4,23.336,46.371,52.176,81.136,1.3906,1.0302,3093.8,43.015,56.319,94.577,9.7096,63.201,44.503,81.731,2624.4,62.787,25.204,26.234,0.68187,8.9427,27.06,120.38,1.1577,74.269,24.381,2.4204,54.081,5.0983,136.28,0.003937,0.83515,63.149,18.794,43.88
587,2026-04-27T15:18:00,50.416,26.1,27.241,32.717,41.066,2697.0,3673.8,18.231,18.256,22.144,0.26978,0.071944,343.39,78.93,6.8319,14.04,32.151,4735.1,22.375,47.496,50.188,81.196,1.3906,1.0302,3095.5,42.676,56.454,94.399,9.6131,63.474,38.655,81.61,2626.2,63.228,25.253,26.289,0.68287,8.9427,27.06,120.38,1.1577,75.912,24.381,2.4204,54.081,5.0983,135.31,0.003937,0.83515,63.105,18.794,43.88
588,2026-04-27T15:21:00,52.076,28.331,26.858,32.77,41.842,2698.2,3702.2,18.711,18.165,21.922,0.28695,0.046928,343.4,79.598,6.6938,13.832,32.338,4719.8,22.152,51.337,50.625,81.281,1.3795,0.96465,3096.9,43.319,55.02,94.446,9.6156,64.697,39.94,84.861,2626.6,63.808,25.642,26.057,0.72089,8.7423,26.743,120.42,1.5461,74.997,24.258,2.3048,54.139,5.0644,138.3,0.0090021,0.82283,63.125,18.531,43.522
589,2026-04-27T15:24:00,50.346,28.357,26.822,32.77,41.366,2699.5,3714.8,15.94,18.165,21.931,0.28668,0.046928,343.17,79.632,6.6938,13.832,32.338,4641.8,23.309,47.335,48.231,81.528,1.3795,0.96465,3098.3,42.667,55.954,94.341,9.6331,63.145,32.895,85.315,2628.7,63.592,23.778,26.177,0.71717,8.7423,26.743,120.4,1.5461,73.604,24.258,2.3048,54.139,5.0644,136.86,0.0090021,0.82283,63.18,18.531,43.522
590,2026-04-27T15:27:00,48.735,26.32,26.798,33.54,42.776,2699.9,3791.2,17.89,18.556,21.822,0.26997,0.046928,343.03,78.951,6.8675,13.75,32.01,4662.8,22.5,43.607,48.938,81.564,1.4171,0.98509,3099.1,42.503,56.369,94.193,9.6092,63.8,34.976,82.359,2628.2,63.6,25.405,26.094,0.69702,8.8841,27.085,120.46,1.2438,75.226,24.459,2.4354,54.139,5.0904,137.66,0.0090021,0.82283,63.257,18.854,43.522
591,2026-04-27T15:30:00,49.581,26.057,27.124,33.54,41.693,2695.1,3747.1,14.837,18.556,21.409,0.27264,0.046928,343.07,78.876,6.8675,13.75,32.01,4726.7,23.792,45.564,50.496,81.259,1.4171,0.98509,3096.9,42.69,55.604,94.255,9.7603,63.236,39.559,82.387,2623.0,64.36,24.844,26.182,0.69679,8.8841,27.085,120.38,1.2438,74.741,24.459,2.4354,54.139,5.0904,136.59,0.0090021,0.82283,63.244,18.854,43.522
592,2026-04-27T15:33:00,49.497,29.476,26.71,32.745,43.047,2695.1,3736.4,16.902,18.598,21.828,0.30169,0.046928,343.18,78.982,7.0468,13.823,32.395,4641.7,22.923,45.369,49.234,81.238,1.3806,1.0033,3094.3,42.364,55.842,94.345,9.5902,61.6,35.845,81.514,2623.9,63.116,24.692,26.175,0.68571,8.7812,26.698,120.42,1.2954,74.538,24.665,2.4133,54.139,5.212,136.58,0.0090021,0.82283,63.195,18.745,43.522
593,2026-04-27T15:36:00,51.436,29.585,26.643,32.745,40.9,2694.6,3716.7,16.281,18.598,21.526,0.30059,0.04873,342.66,78.87,7.0468,13.823,32.395,4652.6,23.188,49.856,49.268,81.22,1.3806,1.0033,3094.3,42.801,55.711,94.314,9.6083,63.335,35.945,81.506,2623.3,63.455,25.451,25.94,0.68579,8.7812,26.698,120.35,1.2954,75.831,24.665,2.4133,53.946,5.212,135.52,0.015518,0.81104,63.139,18.745,44.012
594,2026-04-27T15:39:00,48.034,25.787,26.726,33.292,42.232,2696.1,3647.2,18.38,18.471,21.947,0.2643,0.04873,343.15,79.35,6.9532,13.919,32.237,4629.8,22.29,41.984,51.756,81.324,1.3662,0.99589,3093.8,42.878,56.246,94.396,9.5953,63.4,43.266,82.161,2624.2,63.007,24.369,25.825,0.69596,8.9496,27.089,120.41,1.2487,75.575,24.365,2.3455,53.946,5.0536,135.13,0.015518,0.81104,63.159,18.535,44.012
595,2026-04-27T15:42:00,50.009,25.986,26.722,33.292,41.136,2695.7,3647.4,15.814,18.471,21.911,0.26228,0.04873,342.68,79.404,6.9532,13.919,32.237,4663.9,23.366,46.554,51.103,81.437,1.3662,0.99589,3094.2,42.618,55.839,94.493,9.636,61.5,41.345,82.507,2624.4,63.004,24.28,25.742,0.69313,8.9496,27.089,120.37,1.2487,75.421,24.365,2.3455,53.946,5.0536,134.42,0.015518,0.81104,63.149,18.535,44.012
596,2026-04-27T15:45:00,48.958,27.506,26.57,33.072,41.441,2694.9,3655.1,18.257,18.851,21.476,0.27473,0.04873,342.9,78.853,6.9925,13.963,31.991,4643.0,22.352,44.122,49.577,81.29,1.3632,1.0072,3093.9,42.727,56.629,94.447,9.6522,62.312,36.855,83.419,2623.1,63.58,24.482,25.362,0.70713,8.9542,26.737,120.41,1.1259,75.55,24.121,2.396,53.946,5.0763,137.01,0.015518,0.81104,63.172,18.373,44.012
597,2026-04-27T15:48:00,51.204,27.373,27.189,33.072,41.208,2694.0,3673.3,16.109,18.851,21.719,0.27609,0.04873,343.19,78.965,6.9925,13.963,31.991,4662.2,23.265,49.321,50.36,81.051,1.3632,1.0072,3093.3,42.88,56.399,94.578,9.7792,61.153,39.159,83.539,2621.7,63.268,24.449,25.565,0.70615,8.9542,26.737,120.4,1.1259,74.675,24.121,2.396,53.946,5.0763,133.15,0.015518,0.81104,63.087,18.373,44.012
598,2026-04-27T15:51:00,51.432,29.518,26.674,33.091,40.957,2694.7,3655.2,16.256,18.574,21.456,0.30351,0.053895,342.73,79.092,6.8649,13.755,32.009,4684.8,23.203,49.848,48.982,81.167,1.4028,1.0087,3094.3,42.356,56.578,94.593,9.6524,63.33,35.104,84.013,2622.8,63.149,25.582,25.12,0.71348,9.0402,26.945,120.38,1.2635,75.998,24.802,2.5162,53.54,5.1822,132.79,0.019001,0.82105,63.034,19.052,43.405
599,2026-04-27T15:54:00,49.345,29.603,27.04,33.091,40.805,2697.2,3673.3,16.587,18.574,21.586,0.30265,0.053895,342.88,79.561,6.8649,13.755,32.009,4674.9,23.046,45.017,49.407,81.366,1.4028,1.0087,3097.2,42.703,56.697,94.54,9.5947,62.953,36.355,84.585,2625.9,62.837,25.744,25.024,0.70879,9.0402,26.945,120.39,1.2635,74.529,24.802,2.5162,53.54,5.1822,130.67,0.019001,0.82105,62.996,19.052,43.405
600,2026-04-27T15:57:00,51.523,29.756,27.16,33.525,41.907,2701.1,3682.7,16.069,18.984,22.086,0.30138,0.053895,342.97,79.692,6.7882,13.674,32.65,4657.8,23.25,50.058,49.951,81.568,1.3811,0.9765,3100.4,42.762,55.248,94.401,9.5545,62.965,37.955,81.476,2629.7,63.75,23.276,24.716,0.68915,8.8216,26.862,120.4,1.1563,74.568,24.147,2.4529,53.54,5.0118,130.87,0.019001,0.82105,63.04,18.513,43.405
601,2026-04-27T16:00:00,49.625,29.81,27.252,33.525,41.332,2701.0,3689.3,17.083,18.984,21.872,0.30082,0.053895,343.17,79.285,6.7882,13.674,32.65,4621.1,22.825,45.665,51.987,81.571,1.3811,0.9765,3101.5,42.667,55.687,94.342,9.6551,61.793,43.947,81.489,2629.8,63.637,24.751,24.754,0.68905,8.8216,26.862,120.39,1.1563,75.808,24.147,2.4529,53.54,5.0118,127.16,0.019001,0.82105,63.083,18.513,43.405
602,2026-04-27T16:03:00,49.407,23.492,27.551,32.963,41.863,2697.8,3737.9,18.451,18.531,21.87,0.23814,0.053895,342.84,78.715,6.8974,13.868,32.439,4686.3,22.268,45.161,51.403,81.345,1.412,0.98479,3098.2,42.436,56.227,94.379,9.575,63.661,42.23,80.649,2626.7,63.527,24.795,24.235,0.67676,8.8643,26.819,120.4,1.1171,74.976,24.416,2.445,53.54,5.023,129.76,0.019001,0.82105,63.037,18.914,43.405
603,2026-04-27T16:06:00,50.68,23.773,26.869,32.963,41.402,2693.9,3712.9,16.873,18.531,21.564,0.23528,0.074132,342.8,78.945,6.8974,13.868,32.439,4725.0,22.934,48.108,49.208,81.088,1.412,0.98479,3093.1,42.425,55.764,94.395,9.5817,61.47,35.771,80.202,2622.9,63.957,24.361,24.386,0.68042,8.8643,26.819,120.4,1.1171,75.458,24.416,2.445,53.11,5.023,127.37,0.026922,0.82719,62.95,18.914,44.162
604,2026-04-27T16:09:00,50.539,25.066,27.198,33.298,41.528,2692.2,3688.8,14.811,18.744,21.901,0.25568,0.074132,342.49,78.961,6.8288,13.722,32.366,4647.9,23.807,47.782,50.295,81.106,1.3758,1.0185,3091.2,42.559,55.714,94.455,9.5659,62.133,38.968,82.748,2620.5,63.451,25.16,24.24,0.70141,8.9122,26.667,120.41,1.2717,75.282,24.431,2.4964,53.11,5.1495,126.96,0.026922,0.82719,62.882,18.696,44.162
605,2026-04-27T16:12:00,51.578,25.106,26.87,33.298,41.417,2692.3,3686.1,19.401,18.744,21.713,0.25527,0.074132,342.51,79.075,6.8288,13.722,32.366,4653.1,21.872,50.185,52.157,81.252,1.3758,1.0185,3091.3,42.868,55.652,94.582,9.6608,63.758,44.446,82.782,2620.7,63.496,25.581,24.023,0.70113,8.9122,26.667,120.4,1.2717,74.772,24.431,2.4964,53.11,5.1495,127.32,0.026922,0.82719,62.846,18.696,44.162
606,2026-04-27T16:15:00,51.546,25.504,26.733,33.304,42.385,2691.6,3709.2,18.285,18.942,21.526,0.26075,0.074132,342.21,79.02,6.9623,13.833,32.245,4663.1,22.341,50.113,50.761,81.349,1.3532,0.98325,3091.2,42.453,56.063,94.374,9.6094,62.555,40.341,81.02,2621.2,63.718,24.461,24.002,0.68334,8.9463,26.561,120.42,1.3042,75.757,24.798,2.4449,53.11,5.0557,125.49,0.026922,0.82719,62.845,18.366,44.162
607,2026-04-27T16:18:00,48.588,25.933,27.276,33.304,41.116,2692.7,3730.3,16.909,18.942,21.667,0.25638,0.074132,341.96,79.22,6.9623,13.833,32.245,4695.3,22.912,43.267,48.8,81.501,1.3532,0.98325,3092.9,42.462,55.677,94.546,9.5644,62.164,34.57,81.326,2621.3,63.355,25.638,23.861,0.68083,8.9463,26.561,120.38,1.3042,75.446,24.798,2.4449,53.11,5.0557,125.01,0.026922,0.82719,62.803,18.366,44.162
608,2026-04-27T16:21:00,49.444,26.562,26.509,33.33,41.618,2690.9,3637.1,18.5,18.272,21.286,0.271,0.066473,341.8,78.974,6.8681,13.654,32.656,4717.7,22.253,45.246,48.35,81.312,1.4043,0.97429,3091.8,42.47,56.26,94.434,9.5946,63.333,33.244,83.055,2619.9,63.775,24.915,23.698,0.69032,9.0414,26.472,120.42,1.1355,75.728,24.422,2.4515,54.346,5.1015,126.28,0.033051,0.82748,62.835,19.272,44.283
609,2026-04-27T16:24:00,49.832,26.42,26.891,33.33,41.148,2692.7,3655.2,16.12,18.272,21.682,0.27244,0.066473,341.7,79.287,6.8681,13.654,32.656,4703.0,23.245,46.145,49.253,81.42,1.4043,0.97429,3092.4,42.61,56.435,94.638,9.7112,60.594,35.902,82.193,2620.7,63.465,25.532,23.57,0.69739,9.0414,26.472,120.38,1.1355,75.549,24.422,2.4515,54.346,5.1015,126.35,0.033051,0.82748,62.8,19.272,44.283
610,2026-04-27T16:27:00,49.69,22.488,27.229,33.096,41.756,2691.6,3704.9,18.37,18.537,21.524,0.22748,0.066473,341.2,79.104,6.8352,13.908,32.434,4616.4,22.3,45.816,49.418,81.438,1.3729,0.99753,3092.2,42.581,55.24,94.403,9.5384,62.246,36.386,80.684,2619.3,63.404,24.284,23.641,0.6695,8.8725,26.65,120.42,1.3911,75.268,24.507,2.4716,54.346,5.1632,124.13,0.033051,0.82748,62.832,18.838,44.283
611,2026-04-27T16:30:00,49.595,22.685,26.719,33.096,40.978,2689.3,3679.7,16.646,18.537,21.468,0.22548,0.066473,341.38,78.832,6.8352,13.908,32.434,4591.4,23.038,45.597,50.578,81.352,1.3729,0.99753,3089.6,42.643,55.54,94.593,9.4619,64.128,39.801,80.126,2617.4,63.836,25.659,23.506,0.67407,8.8725,26.65,120.38,1.3911,75.549,24.507,2.4716,54.346,5.1632,124.25,0.033051,0.82748,62.816,18.838,44.283
612,2026-04-27T16:33:00,50.458,24.246,26.647,32.578,41.198,2688.1,3710.9,17.301,18.906,21.053,0.2451,0.066473,341.14,78.889,6.964,13.78,32.156,4620.5,22.765,47.593,49.232,81.236,1.3918,0.98515,3088.1,42.115,56.209,94.575,9.5517,62.654,35.841,83.796,2616.0,63.617,24.798,23.412,0.69918,8.8684,26.543,120.4,1.356,75.551,24.329,2.3931,54.346,5.079,123.94,0.033051,0.82748,62.743,19.471,44.283
613,2026-04-27T16:36:00,51.09,24.132,26.945,32.578,41.363,2687.4,3744.5,14.171,18.906,21.27,0.24625,0.068903,341.06,79.441,6.964,13.78,32.156,4660.7,24.071,49.056,50.788,81.333,1.3918,0.98515,3088.7,42.251,55.729,94.52,9.5078,64.079,40.418,83.411,2615.1,63.039,25.256,23.383,0.70234,8.8684,26.543,120.4,1.356,75.917,24.329,2.3931,53.845,5.079,122.85,0.020766,0.84942,62.702,19.471,43.946
614,2026-04-27T16:39:00,49.334,26.645,26.938,32.882,42.011,2690.2,3655.0,16.05,19.073,21.223,0.27219,0.068903,340.48,79.422,7.0228,13.751,32.083,4617.4,23.269,44.993,48.167,81.705,1.3708,1.019,3090.6,42.35,54.629,94.588,9.6837,61.846,32.704,82.077,2618.6,63.434,23.864,23.366,0.68564,9.1741,26.911,120.44,1.2122,74.598,24.433,2.467,53.845,5.0124,121.61,0.020766,0.84942,62.772,19.23,43.946
615,2026-04-27T16:42:00,49.848,26.673,26.636,32.882,40.147,2688.9,3656.1,14.357,19.073,21.299,0.27191,0.068903,340.38,78.869,7.0228,13.751,32.083,4587.0,24.0,46.181,49.411,81.514,1.3708,1.019,3089.7,42.318,54.993,94.479,9.5821,63.538,36.366,82.115,2616.5,63.414,26.405,23.021,0.68533,9.1741,26.911,120.39,1.2122,74.239,24.433,2.467,53.845,5.0124,124.05,0.020766,0.84942,62.809,19.23,43.946
616,2026-04-27T16:45:00,50.654,27.677,27.024,32.978,41.234,2688.6,3640.6,15.43,19.029,20.887,0.27729,0.068903,340.16,79.037,6.8998,13.741,31.932,4594.3,23.542,48.047,50.353,81.472,1.3655,0.98839,3092.1,43.034,55.401,94.692,9.6948,62.355,39.139,81.513,2615.8,63.061,25.864,23.364,0.68321,8.9325,26.364,120.38,1.3507,74.675,24.314,2.4858,53.845,5.0962,118.76,0.020766,0.84942,62.81,18.998,43.946
617,2026-04-27T16:48:00,49.423,27.448,26.956,32.978,40.768,2690.4,3656.9,18.699,19.029,21.198,0.27962,0.068903,340.5,79.186,6.8998,13.741,31.932,4611.3,22.158,45.198,50.02,81.552,1.3655,0.98839,3092.3,42.526,55.199,94.566,9.4953,63.754,38.16,81.637,2618.1,62.78,25.344,23.085,0.6822,8.9325,26.364,120.39,1.3507,75.117,24.314,2.4858,53.845,5.0962,120.51,0.020766,0.84942,62.763,18.998,43.946
618,2026-04-27T16:51:00,49.88,29.363,26.606,32.823,41.061,2691.4,3659.3,15.252,18.96,20.98,0.29309,0.080695,340.96,78.958,6.8647,13.764,32.028,4635.5,23.622,46.257,50.555,81.355,1.3631,1.0092,3092.4,42.4,55.419,94.615,9.4869,63.609,39.732,81.058,2618.9,63.742,21.779,23.393,0.68361,8.836,26.759,120.41,1.2908,74.33,24.221,2.4612,53.646,5.1042,122.01,0.040987,0.83221,62.733,18.679,44.035
619,2026-04-27T16:54:00,48.475,29.113,26.95,32.823,41.639,2692.6,3661.7,16.845,18.96,21.403,0.29564,0.080695,341.21,79.096,6.8647,13.764,32.028,4663.1,22.953,43.004,50.16,81.275,1.3631,1.0092,3094.3,42.766,55.089,94.633,9.5677,64.603,38.571,81.26,2620.2,63.702,26.751,23.327,0.68196,8.836,26.759,120.42,1.2908,75.162,24.221,2.4612,53.646,5.1042,124.15,0.040987,0.83221,62.711,18.679,44.035
620,2026-04-27T16:57:00,51.312,28.365,26.77,32.887,41.576,2693.8,3681.0,18.194,19.087,21.182,0.28902,0.080695,341.49,79.027,6.8166,13.824,31.907,4634.9,22.387,49.57,49.074,81.31,1.4139,0.9858,3095.6,42.528,56.2,94.391,9.6389,62.99,35.374,81.574,2622.0,63.676,25.865,23.408,0.68361,9.0956,27.05,120.39,1.4504,74.815,24.528,2.4969,53.646,5.1517,124.67,0.040987,0.83221,62.673,18.689,44.035
621,2026-04-27T17:00:00,49.099,28.311,26.94,32.887,41.058,2698.2,3689.3,16.788,19.087,21.646,0.28957,0.080695,341.72,79.682,6.8166,13.824,31.907,4670.7,22.956,44.449,49.506,81.572,1.4139,0.9858,3097.9,42.616,55.771,94.451,9.7013,63.034,36.647,81.706,2627.7,63.534,26.498,23.8,0.68253,9.0956,27.05,120.41,1.4504,74.923,24.528,2.4969,53.646,5.1517,121.63,0.040987,0.83221,62.713,18.689,44.035
622,2026-04-27T17:03:00,52.569,29.899,26.901,32.735,40.901,2700.6,3702.7,17.651,19.023,21.549,0.30143,0.080695,341.57,79.335,6.696,13.902,32.123,4675.5,22.59,52.478,51.436,81.737,1.3797,0.98662,3100.7,42.719,55.706,94.29,9.6951,64.019,42.326,82.051,2628.1,63.763,24.017,23.797,0.69255,8.9554,26.569,120.41,1.3562,74.667,24.857,2.4867,53.646,5.0789,122.98,0.040987,0.83221,62.801,18.741,44.035
623,2026-04-27T17:06:00,49.626,29.713,26.674,32.735,42.231,2697.8,3722.6,16.535,19.023,21.421,0.30333,0.049584,341.71,79.228,6.696,13.902,32.123,4652.7,23.063,45.668,49.906,81.46,1.3797,0.98662,3099.0,42.538,55.98,94.365,9.6259,62.492,37.823,82.283,2626.1,63.422,25.604,23.237,0.69065,8.9554,26.569,120.43,1.3562,75.463,24.857,2.4867,54.905,5.0789,125.76,0.027319,0.85156,62.824,18.741,42.806
624,2026-04-27T17:09:00,49.021,27.733,26.777,32.418,41.989,2696.5,3726.4,17.935,18.467,21.379,0.28528,0.049584,341.56,79.227,6.9101,13.877,31.996,4664.8,22.474,44.269,49.847,81.4,1.3574,0.96471,3097.5,42.395,55.717,94.319,9.6307,63.353,37.65,83.143,2625.1,64.533,24.124,23.55,0.70121,9.1274,26.699,120.4,1.0773,75.294,24.31,2.4587,54.905,5.1209,121.49,0.027319,0.85156,62.792,19.038,42.806
625,2026-04-27T17:12:00,50.36,27.853,26.654,32.418,41.807,2695.3,3743.6,15.72,18.467,21.163,0.28406,0.049584,341.67,78.604,6.9101,13.877,31.996,4665.8,23.423,47.368,51.429,81.335,1.3574,0.96471,3096.0,42.911,55.705,94.24,9.486,64.001,42.306,83.796,2622.8,64.236,25.352,23.455,0.69586,9.1274,26.699,120.41,1.0773,75.89,24.31,2.4587,54.905,5.1209,121.83,0.027319,0.85156,62.758,19.038,42.806
626,2026-04-27T17:15:00,47.906,29.272,26.983,32.595,40.635,2692.0,3683.2,16.614,18.361,21.195,0.2969,0.049584,341.33,78.917,6.7183,13.905,32.341,4657.7,23.048,41.687,47.699,81.175,1.3605,1.0327,3093.9,42.309,55.054,94.404,9.6811,63.749,31.329,82.918,2620.1,63.472,24.273,23.301,0.69844,9.0198,26.569,120.36,1.3672,74.997,24.637,2.394,54.905,5.1389,122.87,0.027319,0.85156,62.66,18.883,42.806
627,2026-04-27T17:18:00,49.118,29.205,27.056,32.595,42.51,2692.7,3653.8,19.984,18.361,21.777,0.29759,0.049584,342.54,79.039,6.7183,13.905,32.341,4624.3,21.634,44.493,49.598,81.091,1.3605,1.0327,3091.6,42.916,55.453,94.448,9.6231,63.87,36.917,83.076,2621.0,63.979,23.973,23.166,0.69715,9.0198,26.569,120.42,1.3672,74.657,24.637,2.394,54.905,5.1389,123.73,0.027319,0.85156,62.599,18.883,42.806
628,2026-04-27T17:21:00,49.829,25.817,27.096,33.343,40.369,2692.7,3765.4,16.643,18.622,21.648,0.26557,0.063192,341.99,78.963,6.848,13.87,32.201,4672.3,23.046,46.138,51.674,81.161,1.3699,1.0229,3091.6,42.475,55.227,94.43,9.7977,63.723,43.027,83.189,2620.1,63.805,26.497,23.421,0.70302,8.7258,27.113,120.37,1.2452,74.341,24.518,2.4551,53.274,5.0249,125.88,0.020809,0.84084,62.613,18.922,43.526
629,2026-04-27T17:24:00,49.502,26.007,26.896,33.343,42.311,2693.3,3717.0,16.678,18.622,21.573,0.26364,0.063192,342.06,79.443,6.848,13.87,32.201,4634.6,23.014,45.382,49.282,81.397,1.3699,1.0229,3093.5,42.742,55.678,94.249,9.7202,62.677,35.987,83.562,2621.4,64.637,24.72,23.416,0.69997,8.7258,27.113,120.45,1.2452,74.497,24.518,2.4551,53.274,5.0249,127.72,0.020809,0.84084,62.639,18.922,43.526
630,2026-04-27T17:27:00,50.18,27.311,27.183,32.871,40.628,2693.0,3686.8,16.381,18.399,21.482,0.27575,0.063192,341.36,79.277,7.0897,13.791,32.519,4634.0,23.139,46.951,48.804,81.463,1.3575,0.99469,3093.4,42.52,55.57,94.384,9.52,64.072,34.58,82.685,2620.9,64.113,25.057,23.824,0.70044,9.0655,27.098,120.37,1.137,74.634,24.48,2.3871,53.274,5.0763,124.86,0.020809,0.84084,62.712,18.478,43.526
631,2026-04-27T17:30:00,48.619,27.365,26.711,32.871,42.224,2694.8,3710.8,17.61,18.399,21.484,0.2752,0.063192,341.6,79.236,7.0897,13.791,32.519,4638.2,22.614,43.337,50.087,81.652,1.3575,0.99469,3094.6,42.428,55.519,94.345,9.6579,63.669,38.356,83.234,2623.7,63.699,24.837,23.968,0.69593,9.0655,27.098,120.43,1.137,75.792,24.48,2.3871,53.274,5.0763,124.94,0.020809,0.84084,62.787,18.478,43.526
632,2026-04-27T17:33:00,49.652,24.074,26.647,32.776,40.48,2693.0,3597.8,18.927,18.963,21.291,0.24355,0.063192,341.36,79.317,7.0414,13.772,31.725,4649.8,22.052,45.729,49.024,81.614,1.3563,0.99647,3093.3,42.917,56.482,94.52,9.6054,62.669,35.228,81.841,2621.2,63.442,24.677,24.047,0.68998,8.8503,26.702,120.36,1.2576,75.171,24.458,2.2923,53.274,5.0951,125.68,0.020809,0.84084,62.872,18.82,43.526
633,2026-04-27T17:36:00,49.946,24.113,26.763,32.776,41.323,2691.5,3643.7,17.586,18.963,21.155,0.24315,0.067018,341.44,79.038,7.0414,13.772,31.725,4671.2,22.63,46.409,48.711,81.346,1.3563,0.99647,3092.5,42.797,56.226,94.57,9.5819,63.337,34.305,82.324,2619.4,62.652,24.702,23.854,0.68602,8.8503,26.702,120.39,1.2576,74.681,24.458,2.2923,53.609,5.0951,126.66,0.016046,0.8454,62.863,18.82,43.966
634,2026-04-27T17:39:00,49.589,31.655,26.882,32.868,40.619,2694.2,3643.4,17.251,18.184,21.682,0.32154,0.067018,341.61,79.097,7.0912,13.738,31.837,4631.5,22.775,45.582,50.814,81.287,1.3407,0.99704,3093.6,42.663,55.882,94.62,9.6819,61.862,40.495,81.788,2622.2,62.908,24.894,23.974,0.68585,8.8686,26.664,120.36,1.3028,75.138,24.712,2.4693,53.609,5.1165,125.79,0.016046,0.8454,62.833,19.164,43.966
635,2026-04-27T17:42:00,51.405,31.514,27.167,32.868,41.529,2695.5,3657.7,14.574,18.184,21.56,0.32297,0.067018,341.92,79.157,7.0912,13.738,31.837,4659.0,23.905,49.786,48.238,81.196,1.3407,0.99704,3095.7,42.525,55.553,94.567,9.6145,64.059,32.915,81.329,2623.7,62.663,23.602,24.042,0.68962,8.8686,26.664,120.4,1.3028,74.452,24.712,2.4693,53.609,5.1165,125.5,0.016046,0.8454,62.785,19.164,43.966
636,2026-04-27T17:45:00,49.739,30.955,26.953,32.534,40.773,2699.8,3609.9,18.682,17.923,22.011,0.31548,0.067018,342.43,79.343,6.8615,13.936,32.308,4622.2,22.167,45.931,49.031,81.409,1.4065,0.99269,3098.5,42.546,55.113,94.665,9.6368,63.286,35.248,80.693,2628.2,62.874,24.414,23.994,0.68659,8.7889,26.721,120.39,1.2536,74.335,24.838,2.3734,53.609,5.0743,126.54,0.016046,0.8454,62.77,18.856,43.966
637,2026-04-27T17:48:00,49.833,30.893,26.744,32.534,41.353,2701.8,3655.0,17.349,17.923,21.952,0.31612,0.067018,342.86,79.206,6.8615,13.936,32.308,4641.1,22.73,46.148,50.079,81.346,1.4065,0.99269,3100.3,42.917,54.887,94.531,9.6153,63.362,38.334,81.061,2630.0,62.097,23.85,23.899,0.68358,8.7889,26.721,120.42,1.2536,74.734,24.838,2.3734,53.609,5.0743,128.06,0.016046,0.8454,62.792,18.856,43.966
638,2026-04-27T17:51:00,49.004,26.724,26.766,32.48,40.99,2699.5,3704.3,15.345,19.153,21.595,0.26981,0.070079,343.13,79.001,6.8975,13.814,31.835,4643.1,23.583,44.229,49.011,81.151,1.3776,0.964,3100.2,42.429,55.58,94.67,9.6054,63.304,35.189,83.794,2628.5,63.175,24.484,24.123,0.70467,8.8373,26.848,120.4,1.2683,75.388,24.494,2.3549,53.287,5.1466,127.49,0.031895,0.85276,62.753,18.773,42.867
639,2026-04-27T17:54:00,50.164,26.706,26.504,32.48,42.083,2701.1,3694.2,17.601,19.153,21.796,0.26998,0.070079,343.31,79.296,6.8975,13.814,31.835,4645.6,22.625,46.914,48.43,81.254,1.3776,0.964,3099.8,42.437,55.55,94.373,9.629,63.266,33.481,83.943,2629.4,63.349,23.566,24.154,0.70345,8.8373,26.848,120.42,1.2683,75.605,24.494,2.3549,53.287,5.1466,128.29,0.031895,0.85276,62.729,18.773,42.867
640,2026-04-27T17:57:00,50.388,31.209,26.807,32.718,41.43,2701.6,3713.6,15.609,18.501,22.013,0.31816,0.070079,343.34,79.272,6.769,13.834,32.312,4676.0,23.464,47.431,48.57,81.215,1.3827,0.98125,3100.8,42.343,55.384,94.506,9.6799,63.406,33.892,82.099,2631.2,62.701,24.908,24.285,0.69246,8.75,26.861,120.43,1.3137,74.363,24.409,2.3694,53.287,5.0991,127.93,0.031895,0.85276,62.742,18.507,42.867
641,2026-04-27T18:00:00,51.421,31.438,26.85,32.718,42.108,2703.2,3681.4,14.321,18.501,21.758,0.31583,0.070079,343.56,79.204,6.769,13.834,32.312,4692.8,24.005,49.822,51.134,81.267,1.3827,0.98125,3102.8,42.747,55.183,94.341,9.696,63.776,41.436,81.99,2632.6,63.255,24.51,24.338,0.69336,8.75,26.861,120.4,1.3137,75.186,24.409,2.3694,53.287,5.0991,128.44,0.031895,0.85276,62.759,18.507,42.867
642,2026-04-27T18:03:00,50.188,26.719,27.066,32.931,41.471,2702.7,3747.6,17.327,18.409,22.237,0.27381,0.070079,343.64,79.397,6.7706,13.965,31.931,4698.0,22.734,46.968,47.79,81.211,1.3555,0.99369,3103.5,42.985,55.796,94.346,9.6821,62.607,31.595,82.472,2632.1,63.29,24.536,24.365,0.69382,8.9671,27.32,120.41,1.2452,74.425,24.52,2.4396,53.287,5.0072,129.23,0.031895,0.85276,62.804,18.834,42.867
643,2026-04-27T18:06:00,51.324,26.95,27.064,32.931,41.346,2703.2,3726.4,17.366,18.409,22.17,0.27146,0.07346,343.36,78.963,6.7706,13.965,31.931,4705.0,22.73,49.599,50.246,81.126,1.3555,0.99369,3102.3,42.411,55.713,94.217,9.6958,62.26,38.824,82.338,2631.9,63.655,25.243,24.91,0.69493,8.9671,27.32,120.43,1.2452,74.123,24.52,2.4396,53.765,5.0072,126.62,0.016053,0.8376,62.758,18.834,43.151
644,2026-04-27T18:09:00,49.563,30.481,27.152,33.095,41.43,2703.2,3742.7,16.653,18.385,22.11,0.3107,0.07346,343.71,78.978,6.8022,13.855,32.503,4637.4,23.033,45.522,49.167,81.137,1.3782,0.98246,3102.4,42.861,55.737,94.283,9.7048,64.251,35.649,84.279,2631.6,63.466,25.075,24.877,0.7087,9.0239,26.543,120.42,1.241,74.858,25.222,2.5491,53.765,5.0508,129.13,0.016053,0.8376,62.789,17.974,43.151
645,2026-04-27T18:12:00,49.796,30.368,26.876,33.095,42.283,2702.3,3685.7,15.439,18.385,21.965,0.31186,0.07346,343.66,79.176,6.8022,13.855,32.503,4688.3,23.541,46.062,49.223,81.047,1.3782,0.98246,3101.1,42.735,55.127,94.249,9.6898,65.137,35.813,84.118,2630.8,64.446,25.071,25.041,0.71003,9.0239,26.543,120.43,1.241,74.578,25.222,2.5491,53.765,5.0508,129.42,0.016053,0.8376,62.774,17.974,43.151
646,2026-04-27T18:15:00,51.146,24.95,27.202,33.008,41.687,2705.6,3687.5,18.038,18.615,22.424,0.25574,0.07346,343.61,80.098,6.8383,13.776,32.86,4731.8,22.407,49.187,49.405,81.483,1.4056,1.014,3103.2,42.644,56.78,94.185,9.592,65.019,36.349,82.772,2634.5,64.228,23.849,25.01,0.69784,9.0253,26.927,120.4,1.2135,74.826,24.959,2.4001,53.765,5.1347,131.89,0.016053,0.8376,62.83,18.916,43.151
647,2026-04-27T18:18:00,49.774,25.254,26.989,33.008,42.136,2703.9,3703.5,17.131,18.615,21.631,0.25265,0.07346,343.54,78.831,6.8383,13.776,32.86,4757.4,22.82,46.011,47.361,81.391,1.4056,1.014,3104.8,42.788,56.473,94.234,9.6269,64.617,30.333,82.682,2632.7,63.953,23.28,25.25,0.69858,9.0253,26.927,120.4,1.2135,75.61,24.959,2.4001,53.765,5.1347,131.24,0.016053,0.8376,62.928,18.916,43.151
648,2026-04-27T18:21:00,48.471,20.896,26.774,32.701,41.166,2699.3,3708.2,19.337,18.468,22.037,0.21752,0.076744,343.51,78.725,6.9885,13.877,32.432,4656.0,21.904,42.994,50.213,80.98,1.3644,0.97505,3099.4,42.477,55.431,94.34,9.6912,61.711,38.728,81.581,2628.4,63.614,23.976,25.011,0.69032,8.676,26.648,120.39,1.0616,75.193,24.889,2.4743,54.238,4.9392,131.84,0.021529,0.83604,62.907,18.807,44.088
649,2026-04-27T18:24:00,49.932,21.108,26.773,32.701,41.298,2698.3,3698.0,15.749,18.468,22.153,0.21536,0.076744,343.34,79.039,6.9885,13.877,32.432,4665.8,23.413,46.377,48.911,80.978,1.3644,0.97505,3096.0,42.677,55.314,94.381,9.6212,62.542,34.895,81.667,2627.6,63.789,24.259,24.955,0.68961,8.676,26.648,120.4,1.0616,75.506,24.889,2.4743,54.238,4.9392,132.79,0.021529,0.83604,62.857,18.807,44.088
650,2026-04-27T18:27:00,49.711,24.819,26.955,33.12,41.016,2698.2,3670.7,15.238,18.287,22.055,0.25089,0.076744,343.24,78.788,7.0348,13.887,32.564,4630.8,23.633,45.864,50.359,81.046,1.3411,0.98325,3096.9,42.979,55.985,94.494,9.6688,62.082,39.155,82.945,2626.5,62.912,26.046,25.033,0.70137,8.9813,26.968,120.39,1.3012,75.477,24.965,2.4637,54.238,5.0987,132.23,0.021529,0.83604,62.846,18.343,44.088
651,2026-04-27T18:30:00,49.415,24.788,26.73,33.12,40.874,2700.0,3675.4,16.557,18.287,21.932,0.2512,0.076744,343.16,79.196,7.0348,13.887,32.564,4663.8,23.065,45.181,50.463,81.197,1.3411,0.98325,3097.7,42.67,55.59,94.548,9.6572,64.503,39.463,83.07,2628.1,62.832,23.909,24.961,0.70034,8.9813,26.968,120.39,1.3012,75.753,24.965,2.4637,54.238,5.0987,133.31,0.021529,0.83604,62.873,18.343,44.088
652,2026-04-27T18:33:00,49.271,23.383,26.78,32.839,41.775,2700.8,3658.0,16.104,18.376,21.87,0.23357,0.076744,342.68,79.403,6.9237,13.747,32.43,4708.6,23.247,44.848,51.192,81.319,1.3937,0.97007,3099.5,42.783,56.227,94.594,9.6442,63.707,41.608,83.685,2629.1,62.602,24.257,25.211,0.69806,8.9309,27.141,120.41,1.2221,75.266,24.767,2.3978,54.238,4.9994,130.76,0.021529,0.83604,62.916,18.951,44.088
653,2026-04-27T18:36:00,48.621,23.325,27.031,32.839,41.033,2702.1,3662.0,17.132,18.376,21.881,0.23416,0.069919,342.56,79.499,6.9237,13.747,32.43,4691.9,22.808,43.342,49.022,81.357,1.3937,0.97007,3100.8,42.661,56.426,94.511,9.5421,63.372,35.221,83.248,2630.5,62.533,24.085,25.043,0.70165,8.9309,27.141,120.39,1.2221,75.135,24.767,2.3978,52.739,4.9994,132.45,0.018938,0.80676,62.934,18.951,43.766
654,2026-04-27T18:39:00,48.685,24.041,27.021,32.741,41.543,2703.4,3676.8,19.648,18.442,21.911,0.24641,0.069919,343.01,79.149,6.7095,13.613,32.317,4679.4,21.753,43.492,49.739,81.413,1.3772,1.0108,3103.3,42.992,55.107,94.646,9.7418,63.893,37.332,81.169,2632.2,63.162,23.765,25.058,0.68799,8.9431,27.046,120.4,1.3072,74.95,24.795,2.392,52.739,5.174,132.34,0.018938,0.80676,62.968,19.169,43.766
655,2026-04-27T18:42:00,51.508,24.063,26.691,32.741,41.484,2702.0,3658.6,20.514,18.442,21.496,0.24618,0.069919,342.48,78.786,6.7095,13.613,32.317,4662.0,21.404,50.025,49.752,81.075,1.3772,1.0108,3101.4,42.513,55.315,94.507,9.5571,61.64,37.371,81.545,2629.5,63.475,24.046,25.151,0.68491,8.9431,27.046,120.4,1.3072,74.76,24.795,2.392,52.739,5.174,131.33,0.018938,0.80676,62.964,19.169,43.766
656,2026-04-27T18:45:00,49.33,24.928,26.868,32.942,41.428,2703.6,3712.0,18.73,18.269,22.339,0.25533,0.069919,343.62,79.172,6.6897,13.706,32.089,4604.5,22.149,44.983,50.308,81.136,1.3688,1.008,3100.8,42.67,55.421,94.456,9.6376,64.777,39.005,79.471,2632.5,64.496,25.523,25.085,0.67081,8.9428,26.836,120.37,1.1766,74.533,24.797,2.4326,52.739,5.0122,132.19,0.018938,0.80676,62.93,18.445,43.766
657,2026-04-27T18:48:00,50.69,25.01,26.63,32.942,42.237,2703.4,3729.1,15.119,18.269,21.611,0.25449,0.069919,342.63,79.386,6.6897,13.706,32.089,4655.9,23.656,48.131,50.171,81.341,1.3688,1.008,3103.4,42.625,54.806,94.255,9.6565,63.258,38.602,79.491,2632.4,64.201,23.333,25.247,0.67065,8.9428,26.836,120.45,1.1766,75.233,24.797,2.4326,52.739,5.0122,130.44,0.018938,0.80676,62.916,18.445,43.766
658,2026-04-27T18:51:00,50.189,27.103,26.9,33.209,41.016,2701.2,3746.8,18.217,18.193,21.358,0.27708,0.062055,342.05,78.693,6.821,13.855,32.225,4691.1,22.372,46.97,49.198,81.184,1.3613,0.96495,3103.5,42.5,56.155,94.246,9.6128,63.242,35.739,80.734,2629.8,64.242,24.226,24.429,0.6788,8.9675,26.479,120.37,1.2205,74.274,24.816,2.4421,52.84,5.0564,131.02,0.022641,0.84058,62.91,19.019,45.247
659,2026-04-27T18:54:00,48.794,27.162,26.931,33.209,42.94,2698.8,3724.1,20.516,18.193,21.61,0.27647,0.062055,342.51,78.634,6.821,13.855,32.225,4703.8,21.418,43.744,49.185,80.852,1.3613,0.96495,3100.3,42.999,56.002,94.343,9.636,62.908,35.701,81.089,2626.9,64.634,25.96,24.24,0.67589,8.9675,26.479,120.45,1.2205,75.341,24.816,2.4421,52.84,5.0564,129.5,0.022641,0.84058,62.804,19.019,45.247
660,2026-04-27T18:57:00,48.646,25.887,26.687,32.739,40.696,2696.4,3726.6,17.323,18.44,21.597,0.26373,0.062055,342.38,78.732,6.8082,13.651,32.154,4637.6,22.775,43.4,49.07,80.699,1.354,0.99212,3096.5,42.609,55.396,94.474,9.669,61.435,35.363,82.894,2624.0,63.559,25.79,24.056,0.69337,8.9472,27.57,120.36,1.2302,74.854,24.746,2.507,52.84,5.0006,127.98,0.022641,0.84058,62.728,18.548,45.247
661,2026-04-27T19:00:00,52.491,25.986,26.908,32.739,42.111,2700.1,3695.3,12.212,18.44,21.886,0.26273,0.062055,342.06,79.566,6.8082,13.651,32.154,4627.5,24.904,52.299,50.692,81.095,1.354,0.99212,3098.7,42.709,55.516,94.353,9.8004,63.098,40.137,82.511,2627.9,64.097,24.917,23.71,0.69651,8.9472,27.57,120.42,1.2302,74.326,24.746,2.507,52.84,5.0006,128.3,0.022641,0.84058,62.654,18.548,45.247
662,2026-04-27T19:03:00,49.31,26.815,26.841,32.957,40.74,2704.4,3704.4,16.295,18.186,21.864,0.26791,0.062055,341.97,79.536,6.7916,13.702,31.592,4655.7,23.163,44.937,48.861,81.645,1.3588,1.013,3104.7,42.633,56.331,94.376,9.5555,65.297,34.749,79.804,2633.6,64.117,22.013,23.578,0.67309,8.9793,27.548,120.39,1.2002,74.938,25.001,2.3547,52.84,5.0465,126.15,0.022641,0.84058,62.731,18.677,45.247
663,2026-04-27T19:06:00,48.761,26.675,27.065,32.957,42.366,2703.0,3709.6,14.743,18.186,21.762,0.26933,0.047495,341.85,79.125,6.7916,13.702,31.592,4686.1,23.825,43.666,48.302,81.474,1.3588,1.013,3104.9,42.564,55.967,94.184,9.687,62.59,33.102,80.038,2631.7,64.028,24.605,24.039,0.67117,8.9793,27.548,120.43,1.2002,75.326,25.001,2.3547,53.761,5.0465,126.74,0.018149,0.81684,62.837,18.677,43.729
664,2026-04-27T19:09:00,50.968,32.332,26.473,32.925,41.217,2702.8,3714.8,16.277,18.593,21.29,0.32725,0.047495,341.74,79.151,6.7274,13.976,32.372,4671.8,23.175,48.774,49.433,81.414,1.3336,1.0272,3105.3,42.572,55.849,94.297,9.5174,63.324,36.433,80.504,2631.5,64.16,25.348,24.142,0.67676,8.9861,27.448,120.38,1.1743,75.25,24.799,2.4094,53.761,5.1505,126.0,0.018149,0.81684,62.867,18.897,43.729
665,2026-04-27T19:12:00,49.526,32.301,26.855,32.925,41.715,2702.7,3723.1,17.099,18.593,21.626,0.32756,0.047495,342.25,79.087,6.7274,13.976,32.372,4678.1,22.833,45.437,49.177,81.289,1.3336,1.0272,3103.7,42.889,55.773,94.168,9.723,62.772,35.679,80.793,2631.5,64.018,24.574,24.074,0.67438,8.9861,27.448,120.41,1.1743,75.13,24.799,2.4094,53.761,5.1505,127.21,0.018149,0.81684,62.857,18.897,43.729
666,2026-04-27T19:15:00,48.676,24.851,26.996,32.623,41.423,2698.4,3743.7,16.429,18.295,21.651,0.2567,0.047495,341.72,78.752,6.8058,13.775,32.211,4649.6,23.127,43.469,49.507,81.063,1.4246,1.0388,3100.0,42.856,55.575,94.333,9.4564,65.146,36.648,84.061,2626.7,64.342,22.408,24.198,0.70787,8.9081,26.595,120.36,1.004,75.896,25.153,2.4509,53.761,5.1018,126.32,0.018149,0.81684,62.784,18.75,43.729
667,2026-04-27T19:18:00,49.369,24.89,26.972,32.623,41.714,2692.9,3736.3,15.67,18.295,21.45,0.2563,0.047495,341.89,78.401,6.8058,13.775,32.211,4639.1,23.477,45.074,50.409,80.737,1.4246,1.0388,3094.3,42.256,55.702,94.469,9.6759,63.716,39.304,84.159,2620.4,64.469,25.023,24.194,0.70707,8.9081,26.595,120.41,1.004,75.603,25.153,2.4509,53.761,5.1018,126.9,0.018149,0.81684,62.718,18.75,43.729
668,2026-04-27T19:21:00,50.718,26.467,26.914,32.853,41.101,2693.2,3734.1,16.753,18.358,21.546,0.26921,0.052343,341.38,78.882,7.0199,13.798,32.006,4679.8,23.018,48.196,50.382,80.806,1.3941,0.9387,3093.7,42.518,55.565,94.377,9.5667,62.156,39.225,81.536,2621.7,63.929,25.887,23.696,0.68502,8.9114,26.814,120.4,1.3382,74.808,24.891,2.4596,54.418,5.114,126.16,0.041181,0.83977,62.606,18.578,44.059
669,2026-04-27T19:24:00,50.839,26.547,26.776,32.853,42.441,2696.9,3725.0,12.786,18.358,21.507,0.26841,0.052343,341.14,79.496,7.0199,13.798,32.006,4648.8,24.668,48.475,49.734,81.218,1.3941,0.9387,3096.3,42.68,55.937,94.455,9.6065,64.137,37.318,81.813,2624.7,64.086,24.503,23.388,0.68275,8.9114,26.814,120.41,1.3382,76.084,24.891,2.4596,54.418,5.114,127.11,0.041181,0.83977,62.636,18.578,44.059
670,2026-04-27T19:27:00,49.157,28.541,26.934,32.831,41.276,2699.8,3675.6,17.61,18.497,21.527,0.28951,0.052343,340.56,79.618,6.9603,13.777,31.89,4673.2,22.611,44.583,48.971,81.74,1.3309,1.0113,3100.9,42.709,56.086,94.313,9.7205,62.275,35.07,82.117,2627.9,63.028,24.878,23.215,0.68487,8.9637,26.85,120.37,1.2126,76.116,24.913,2.4154,54.418,4.9896,126.5,0.041181,0.83977,62.718,18.953,44.059
671,2026-04-27T19:30:00,51.385,28.411,26.477,32.831,41.842,2700.7,3646.5,15.332,18.497,21.221,0.29083,0.052343,341.61,79.31,6.9603,13.777,31.89,4644.7,23.572,49.738,49.291,81.702,1.3309,1.0113,3101.5,42.909,56.427,94.496,9.7289,61.361,36.013,81.657,2629.0,63.528,25.08,23.3,0.68864,8.9637,26.85,120.39,1.2126,75.969,24.913,2.4154,54.418,4.9896,122.93,0.041181,0.83977,62.821,18.953,44.059
672,2026-04-27T19:33:00,49.556,30.019,26.91,32.462,40.778,2698.9,3660.3,18.604,18.574,21.491,0.30173,0.052343,340.76,79.168,6.8004,13.775,32.105,4683.5,22.195,45.506,50.167,81.545,1.3594,1.0199,3101.0,42.238,55.044,94.44,9.5234,62.756,38.592,81.878,2627.4,63.712,24.373,23.028,0.68188,9.1406,27.349,120.38,1.2268,75.427,24.371,2.3377,54.418,5.0634,123.36,0.041181,0.83977,62.85,18.313,44.059
673,2026-04-27T19:36:00,49.645,29.739,26.678,32.462,41.303,2697.7,3678.7,18.423,18.574,21.648,0.30458,0.075444,340.92,79.339,6.8004,13.775,32.105,4617.2,22.269,45.712,49.67,81.408,1.3594,1.0199,3097.4,42.669,55.837,94.437,9.5278,62.669,37.13,81.853,2626.5,63.395,24.527,23.449,0.68208,9.1406,27.349,120.39,1.2268,76.381,24.371,2.3377,54.485,5.0634,122.53,0.023684,0.83411,62.839,18.313,44.811
674,2026-04-27T19:39:00,49.901,27.892,26.549,32.533,41.523,2694.7,3706.6,20.044,19.196,20.96,0.28582,0.075444,341.02,78.574,6.7235,13.967,31.861,4704.3,21.615,46.306,49.686,81.129,1.347,0.99677,3097.1,42.518,56.389,94.526,9.4346,62.649,37.176,81.139,2622.6,64.32,24.36,23.318,0.68683,8.7769,27.153,120.38,1.268,76.229,25.063,2.4273,54.485,5.1448,124.29,0.023684,0.83411,62.74,18.851,44.811
675,2026-04-27T19:42:00,50.09,28.089,26.882,32.533,41.585,2690.8,3736.9,15.403,19.196,20.969,0.28381,0.075444,340.77,78.403,6.7235,13.967,31.861,4690.8,23.596,46.742,50.468,80.714,1.347,0.99677,3093.3,42.794,56.551,94.543,9.5445,61.11,39.479,81.517,2618.8,63.798,25.746,23.357,0.68374,8.7769,27.153,120.41,1.268,74.807,25.063,2.4273,54.485,5.1448,124.24,0.023684,0.83411,62.628,18.851,44.811
676,2026-04-27T19:45:00,49.574,30.697,27.097,33.061,40.977,2692.5,3782.4,15.656,18.883,21.344,0.30874,0.075444,340.88,79.073,6.6433,13.748,32.277,4653.7,23.476,45.547,48.948,80.968,1.3389,0.9924,3093.3,42.721,55.709,94.474,9.5762,62.385,35.004,84.126,2620.1,63.804,23.855,23.245,0.70518,9.1794,26.874,120.4,1.229,74.773,24.848,2.4484,54.485,5.0339,125.9,0.023684,0.83411,62.558,19.041,44.811
677,2026-04-27T19:48:00,50.101,30.482,26.912,33.061,41.891,2692.7,3748.1,14.877,18.883,21.14,0.31092,0.075444,340.23,79.154,6.6433,13.748,32.277,4652.4,23.802,46.767,51.107,81.181,1.3389,0.9924,3094.8,42.474,55.724,94.316,9.5467,62.493,41.357,84.244,2620.8,64.394,25.034,23.358,0.70422,9.1794,26.874,120.42,1.229,75.061,24.848,2.4484,54.485,5.0339,125.0,0.023684,0.83411,62.539,19.041,44.811
678,2026-04-27T19:51:00,49.316,26.832,27.01,32.833,42.126,2692.8,3756.1,17.89,18.518,21.149,0.27012,0.058041,340.43,79.097,6.9717,13.795,32.253,4657.6,22.531,44.95,50.027,81.409,1.3469,1.0145,3095.3,42.695,55.166,94.345,9.5225,63.547,38.178,81.212,2620.9,65.146,25.451,23.229,0.68133,9.1517,26.837,120.42,1.2093,74.953,24.769,2.3147,54.82,5.0512,125.15,0.018812,0.83403,62.618,18.415,43.119
679,2026-04-27T19:54:00,51.094,26.832,27.396,32.833,42.298,2691.7,3769.2,19.292,18.518,21.266,0.27013,0.058041,340.27,79.264,6.9717,13.795,32.253,4650.2,21.931,49.066,48.481,81.534,1.3469,1.0145,3093.6,42.878,55.254,94.098,9.5689,60.201,33.631,81.358,2619.1,64.92,23.694,23.242,0.68013,9.1517,26.837,120.44,1.2093,75.057,24.769,2.3147,54.82,5.0512,124.59,0.018812,0.83403,62.683,18.415,43.119
680,2026-04-27T19:57:00,51.514,26.904,26.837,32.582,41.149,2688.9,3668.2,14.501,18.645,20.998,0.27235,0.058041,339.54,79.267,7.0633,13.99,32.232,4714.4,23.947,50.038,50.46,81.502,1.3934,1.0036,3091.1,42.625,56.031,94.51,9.5794,63.081,39.452,81.993,2617.0,63.849,24.703,23.415,0.68471,9.0112,27.368,120.39,1.4098,75.384,24.863,2.4563,54.82,5.075,122.17,0.018812,0.83403,62.786,18.292,43.119
681,2026-04-27T20:00:00,49.222,26.87,26.629,32.582,41.441,2688.4,3663.3,18.409,18.645,20.907,0.2727,0.058041,339.59,78.883,7.0633,13.99,32.232,4715.3,22.305,44.733,51.515,81.606,1.3934,1.0036,3090.9,42.744,56.02,94.329,9.509,62.426,42.559,82.366,2616.7,63.933,25.192,23.29,0.68166,9.0112,27.368,120.39,1.4098,76.166,24.863,2.4563,54.82,5.075,123.1,0.018812,0.83403,62.809,18.292,43.119
682,2026-04-27T20:03:00,50.218,26.839,26.832,32.506,41.252,2686.5,3692.3,17.584,18.879,20.879,0.27602,0.058041,339.07,78.681,6.8867,13.887,32.06,4706.3,22.66,47.038,51.094,81.512,1.3113,1.0226,3089.3,42.32,56.5,94.657,9.4201,63.023,41.318,85.17,2614.2,62.502,24.415,23.29,0.70216,9.0046,27.002,120.36,1.2663,75.22,24.515,2.4678,54.82,5.1004,122.63,0.018812,0.83403,62.81,18.79,43.119
683,2026-04-27T20:06:00,50.229,26.94,27.194,32.506,41.147,2685.2,3654.8,16.453,18.879,20.784,0.27498,0.052782,338.28,78.961,6.8867,13.887,32.06,4696.4,23.131,47.064,48.981,81.422,1.3113,1.0226,3089.1,42.795,56.618,94.559,9.4815,61.611,35.102,84.524,2612.8,63.148,24.773,23.207,0.70746,9.0046,27.002,120.39,1.2663,74.95,24.515,2.4678,54.153,5.1004,123.03,0.029334,0.84904,62.842,18.79,43.1
684,2026-04-27T20:09:00,50.194,28.724,26.777,32.477,41.893,2686.6,3692.5,17.413,18.52,20.631,0.29098,0.052782,338.58,79.118,6.824,13.943,32.163,4668.8,22.725,46.982,49.271,81.502,1.3708,1.0004,3090.0,42.607,55.766,94.679,9.5692,62.599,35.954,83.321,2613.6,63.96,24.203,23.416,0.69611,8.9592,27.187,120.41,1.232,74.451,24.233,2.4365,54.153,5.1113,120.22,0.029334,0.84904,62.815,18.818,43.1
685,2026-04-27T20:12:00,49.111,28.815,26.844,32.477,41.147,2686.8,3707.2,19.263,18.52,20.789,0.29006,0.052782,338.82,78.979,6.824,13.943,32.163,4682.8,21.948,44.476,49.492,81.58,1.3708,1.0004,3089.9,43.181,55.599,94.401,9.4725,63.312,36.604,83.613,2615.0,63.708,24.253,23.227,0.69372,8.9592,27.187,120.39,1.232,75.07,24.233,2.4365,54.153,5.1113,121.89,0.029334,0.84904,62.763,18.818,43.1
686,2026-04-27T20:15:00,50.31,27.8,26.428,32.268,41.051,2684.9,3676.4,17.081,18.435,20.47,0.28204,0.052782,337.79,78.816,6.914,14.023,31.903,4648.3,22.875,47.251,49.937,81.518,1.3502,0.95492,3089.5,42.628,55.939,94.501,9.6463,60.98,37.914,84.27,2612.7,64.812,23.707,23.206,0.7019,9.1376,26.593,120.4,1.3652,75.378,24.526,2.4622,54.153,5.1356,121.67,0.029334,0.84904,62.777,19.353,43.1
687,2026-04-27T20:18:00,47.644,27.659,26.898,32.268,41.74,2682.8,3695.8,16.4,18.435,20.298,0.28348,0.052782,337.56,79.066,6.914,14.023,31.903,4659.5,23.156,41.081,49.765,81.497,1.3502,0.95492,3087.9,42.715,55.806,94.425,9.508,62.065,37.407,84.343,2610.5,64.479,24.851,23.119,0.7013,9.1376,26.593,120.43,1.3652,74.247,24.526,2.4622,54.153,5.1356,122.21,0.029334,0.84904,62.744,19.353,43.1
688,2026-04-27T20:21:00,49.932,30.491,26.668,32.708,41.605,2681.7,3686.7,18.093,18.964,20.541,0.30812,0.046369,338.05,79.062,6.9671,13.834,31.38,4619.7,22.446,46.377,50.867,81.507,1.3436,0.99486,3085.2,42.259,54.916,94.523,9.5737,63.89,40.652,85.7,2608.4,63.859,24.402,23.254,0.7096,8.9585,26.54,120.38,1.2299,74.801,24.713,2.3297,54.938,5.1387,124.64,0.014503,0.85348,62.762,18.602,43.872
689,2026-04-27T20:24:00,51.387,30.419,26.923,32.708,40.834,2679.7,3726.6,18.589,18.964,20.193,0.30887,0.046369,337.5,79.061,6.9671,13.834,31.38,4599.8,22.241,49.743,50.599,81.486,1.3436,0.99486,3084.6,42.616,55.154,94.522,9.587,63.812,39.861,85.566,2606.1,63.171,23.892,23.66,0.7107,8.9585,26.54,120.37,1.2299,75.913,24.713,2.3297,54.938,5.1387,121.56,0.014503,0.85348,62.799,18.602,43.872
690,2026-04-27T20:27:00,49.63,35.817,26.882,32.28,41.508,2682.4,3672.8,14.372,19.217,20.279,0.36652,0.046369,337.8,79.199,6.7964,13.728,31.624,4661.8,24.012,45.677,48.258,81.588,1.3138,1.026,3087.4,42.488,56.222,94.57,9.5161,64.094,32.973,83.119,2609.7,63.576,26.877,23.55,0.69062,9.1957,26.412,120.43,1.3298,74.998,24.432,2.4054,54.938,5.0362,124.22,0.014503,0.85348,62.795,18.882,43.872
691,2026-04-27T20:30:00,49.545,35.777,27.242,32.28,41.547,2684.9,3699.5,17.882,19.217,20.501,0.36692,0.046369,337.85,79.046,6.7964,13.728,31.624,4630.9,22.532,45.48,48.785,81.728,1.3138,1.026,3090.2,42.821,56.592,94.486,9.6154,60.771,34.525,82.838,2611.6,63.117,24.2,23.629,0.69292,9.1957,26.412,120.4,1.3298,75.609,24.432,2.4054,54.938,5.0362,124.76,0.014503,0.85348,62.846,18.882,43.872
692,2026-04-27T20:33:00,49.373,34.264,26.618,32.143,41.463,2685.6,3673.0,16.675,18.907,20.303,0.34945,0.046369,338.28,79.03,6.9994,13.986,32.196,4620.4,23.044,45.084,48.89,81.64,1.3506,0.98647,3090.5,42.729,56.034,94.365,9.5401,62.429,34.833,81.236,2613.5,65.071,26.977,23.698,0.68212,8.911,26.851,120.42,1.4893,75.022,24.107,2.4758,54.938,5.0598,125.4,0.014503,0.85348,62.873,19.095,43.872
693,2026-04-27T20:36:00,47.738,34.249,27.176,32.143,42.382,2685.0,3727.5,14.96,18.907,20.44,0.34961,0.068307,338.05,79.28,6.9994,13.986,32.196,4672.5,23.76,41.299,49.279,81.606,1.3506,0.98647,3090.7,42.738,55.411,94.272,9.529,63.562,35.978,81.579,2611.9,64.132,27.365,23.949,0.67931,8.911,26.851,120.42,1.4893,74.542,24.107,2.4758,53.85,5.0598,125.57,0.025674,0.85306,62.902,19.095,43.413
694,2026-04-27T20:39:00,49.215,29.202,26.806,32.391,40.77,2682.5,3677.9,19.992,18.804,20.224,0.29599,0.068307,338.36,79.058,6.8563,14.01,31.935,4608.3,21.646,44.717,49.221,81.552,1.3493,1.0099,3087.5,42.734,55.622,94.548,9.5161,64.103,35.806,84.808,2609.9,63.191,25.06,24.414,0.70996,8.7252,26.779,120.39,1.2482,75.102,24.409,2.3933,53.85,5.1068,122.44,0.025674,0.85306,62.893,18.93,43.413
695,2026-04-27T20:42:00,50.119,29.286,26.68,32.391,41.376,2682.4,3685.3,16.241,18.804,20.26,0.29514,0.068307,338.18,79.404,6.8563,14.01,31.935,4626.2,23.216,46.809,50.042,81.647,1.3493,1.0099,3086.2,42.462,55.408,94.45,9.5595,60.874,38.224,85.189,2610.0,63.064,24.174,24.283,0.70684,8.7252,26.779,120.41,1.2482,76.046,24.409,2.3933,53.85,5.1068,125.99,0.025674,0.85306,62.938,18.93,43.413
696,2026-04-27T20:45:00,51.469,31.783,26.89,32.485,41.983,2683.0,3727.6,16.674,18.493,20.202,0.32279,0.068307,338.76,79.259,6.9319,13.786,32.115,4610.6,23.033,49.934,50.274,81.728,1.3901,0.99077,3087.0,42.782,55.96,94.537,9.7195,61.882,38.907,85.864,2609.9,63.548,24.664,24.357,0.70874,8.8185,26.029,120.4,1.4381,74.96,24.466,2.4756,53.85,5.1767,127.22,0.025674,0.85306,62.962,19.219,43.413
697,2026-04-27T20:48:00,49.844,31.591,26.677,32.485,41.398,2682.3,3712.4,16.625,18.493,20.745,0.32475,0.068307,338.91,79.087,6.9319,13.786,32.115,4637.0,23.054,46.172,50.787,81.829,1.3901,0.99077,3085.9,42.544,55.644,94.329,9.5666,63.318,40.415,85.474,2610.5,63.808,25.5,24.504,0.71194,8.8185,26.029,120.39,1.4381,75.628,24.466,2.4756,53.85,5.1767,127.58,0.025674,0.85306,63.027,19.219,43.413
698,2026-04-27T20:51:00,50.314,30.223,26.963,32.272,41.373,2681.0,3725.7,16.577,19.577,20.666,0.30731,0.061643,338.81,79.118,6.984,13.8,32.223,4638.6,23.074,47.262,51.276,81.645,1.3598,1.0013,3084.8,42.929,54.866,94.596,9.5989,62.619,41.855,82.7,2608.6,62.905,24.565,24.799,0.68639,9.1137,26.608,120.39,1.3122,75.118,24.452,2.4798,53.968,5.1976,126.52,0.017808,0.85998,63.057,19.0,44.759
699,2026-04-27T20:54:00,48.614,30.014,27.048,32.272,41.555,2681.0,3694.8,17.714,19.577,20.979,0.30944,0.061643,339.43,79.048,6.984,13.8,32.223,4606.3,22.596,43.326,50.177,81.689,1.3598,1.0013,3082.8,42.496,55.253,94.381,9.6098,59.099,38.62,83.115,2608.4,63.437,24.373,24.804,0.68299,9.1137,26.608,120.39,1.3122,74.385,24.452,2.4798,53.968,5.1976,128.6,0.017808,0.85998,63.059,19.0,44.759
700,2026-04-27T20:57:00,50.12,29.117,27.066,32.95,41.158,2678.6,3681.3,16.313,19.26,20.548,0.29809,0.061643,338.62,78.886,6.9249,13.925,31.754,4589.9,23.197,46.811,48.57,81.432,1.3453,0.98516,3081.6,42.381,55.928,94.558,9.7479,62.24,33.891,82.653,2605.3,63.141,24.396,24.945,0.68951,8.9147,26.536,120.4,1.0512,74.799,24.016,2.4992,53.968,5.2309,129.13,0.017808,0.85998,63.09,19.399,44.759
701,2026-04-27T21:00:00,49.829,29.076,26.734,32.95,41.37,2681.6,3679.6,17.557,19.26,20.736,0.29851,0.061643,339.36,79.526,6.9249,13.925,31.754,4625.9,22.651,46.139,48.42,81.701,1.3453,0.98516,3083.4,42.705,55.497,94.593,9.627,63.395,33.45,82.663,2609.7,63.17,24.472,25.196,0.68942,8.9147,26.536,120.39,1.0512,74.377,24.016,2.4992,53.968,5.2309,128.43,0.017808,0.85998,63.064,19.399,44.759
702,2026-04-27T21:03:00,49.967,33.849,26.547,32.43,41.711,2680.0,3679.5,15.165,18.361,20.348,0.34478,0.061643,338.72,79.006,7.0558,14.101,31.914,4609.8,23.675,46.458,49.549,81.615,1.3777,1.0079,3084.5,43.079,54.64,94.547,9.5739,62.677,36.773,84.188,2607.6,63.622,24.944,25.176,0.70472,9.1343,26.577,120.42,1.1663,73.891,24.189,2.5049,53.968,5.133,130.73,0.017808,0.85998,63.122,19.141,44.759
703,2026-04-27T21:06:00,50.082,33.899,27.266,32.43,40.769,2680.5,3735.2,15.08,18.361,20.684,0.34427,0.071174,339.28,79.297,7.0558,14.101,31.914,4594.9,23.703,46.724,48.533,81.558,1.3777,1.0079,3084.3,42.891,54.818,94.49,9.5607,63.941,33.781,84.456,2608.0,62.664,24.34,25.538,0.70252,9.1343,26.577,120.37,1.1663,75.187,24.189,2.5049,53.683,5.133,131.18,0.023783,0.8576,63.16,19.141,43.389
704,2026-04-27T21:09:00,50.087,32.809,26.869,32.674,41.427,2683.5,3679.1,15.245,19.299,21.09,0.33183,0.071174,340.26,79.48,6.6642,13.875,32.363,4592.0,23.623,46.736,50.404,81.748,1.3741,0.98954,3084.2,42.606,55.402,94.567,9.6989,63.068,39.29,86.561,2611.6,62.377,23.956,25.86,0.72631,8.9007,26.546,120.4,1.3754,75.189,24.022,2.559,53.683,5.2658,130.65,0.023783,0.8576,63.218,18.856,43.389
705,2026-04-27T21:12:00,50.194,32.801,26.519,32.674,41.186,2687.3,3653.9,16.503,19.299,21.388,0.33191,0.071174,341.16,79.692,6.6642,13.875,32.363,4566.9,23.073,46.982,50.319,82.033,1.3741,0.98954,3087.0,42.513,55.703,94.404,9.5407,64.11,39.039,86.802,2616.3,62.812,23.921,25.843,0.72434,8.9007,26.546,120.4,1.3754,74.642,24.022,2.559,53.683,5.2658,133.92,0.023783,0.8576,63.256,18.856,43.389
706,2026-04-27T21:15:00,49.365,28.736,27.185,32.462,42.285,2686.1,3745.0,18.04,18.844,20.957,0.28727,0.071174,340.32,79.416,6.8224,14.017,32.659,4621.1,22.423,45.064,50.749,81.942,1.375,1.0089,3089.3,42.547,55.716,94.404,9.7012,60.856,40.305,83.904,2613.4,64.701,24.628,25.997,0.70039,8.9363,26.453,120.43,1.2764,74.851,24.066,2.3095,53.683,5.275,135.17,0.023783,0.8576,63.364,19.018,43.389
707,2026-04-27T21:18:00,50.026,28.334,26.794,32.462,41.607,2682.5,3788.2,17.832,18.844,20.643,0.29136,0.071174,340.39,78.562,6.8224,14.017,32.659,4629.8,22.534,46.593,49.695,81.714,1.375,1.0089,3086.7,42.672,55.613,94.16,9.6476,63.192,37.203,84.227,2610.4,63.957,25.085,26.058,0.69774,8.9363,26.453,120.38,1.2764,74.7,24.066,2.3095,53.683,5.275,137.52,0.023783,0.8576,63.401,19.018,43.389
708,2026-04-27T21:21:00,49.741,25.458,26.7,32.72,41.272,2675.6,3711.9,19.241,18.655,20.316,0.25676,0.060137,340.14,78.714,6.7337,13.821,32.806,4630.5,21.958,45.934,49.088,81.139,1.4082,0.96658,3079.2,42.619,55.179,94.57,9.6575,62.098,35.415,86.156,2602.4,64.012,24.164,26.404,0.71475,9.1452,26.39,120.41,1.2083,73.617,24.286,2.3814,53.78,5.225,136.5,0.024812,0.84701,63.319,18.513,43.679
709,2026-04-27T21:24:00,49.556,25.316,27.31,32.72,40.1,2674.1,3723.3,16.396,18.655,20.773,0.2582,0.060137,340.03,79.103,6.7337,13.821,32.806,4635.5,23.155,45.507,51.271,81.213,1.4082,0.96658,3077.3,42.713,55.119,94.397,9.49,63.865,41.84,86.249,2601.6,63.817,25.467,26.347,0.71399,9.1452,26.39,120.37,1.2083,74.593,24.286,2.3814,53.78,5.225,140.19,0.024812,0.84701,63.228,18.513,43.679
710,2026-04-27T21:27:00,49.441,23.405,27.132,32.274,42.277,2678.5,3761.2,16.807,18.643,20.942,0.23773,0.060137,340.25,79.191,6.9707,13.71,31.791,4688.1,22.979,45.24,49.701,81.519,1.3563,1.0031,3079.8,42.881,55.73,94.508,9.5345,63.486,37.219,83.267,2605.6,64.041,24.917,26.809,0.69654,8.8846,26.585,120.44,1.2237,74.994,24.432,2.4762,53.78,5.1024,138.0,0.024812,0.84701,63.216,18.709,43.679
711,2026-04-27T21:30:00,50.444,23.305,27.048,32.274,41.294,2680.1,3782.3,14.662,18.643,20.602,0.23875,0.060137,339.88,79.947,6.9707,13.71,31.791,4714.1,23.849,47.561,47.716,81.895,1.3563,1.0031,3083.4,42.628,55.419,94.211,9.4968,65.091,31.38,83.574,2608.2,63.678,25.194,26.871,0.69403,8.8846,26.585,120.4,1.2237,74.782,24.432,2.4762,53.78,5.1024,140.19,0.024812,0.84701,63.388,18.709,43.679
712,2026-04-27T21:33:00,50.458,32.847,27.059,32.993,41.978,2683.6,3681.8,14.707,19.269,20.804,0.33576,0.060137,339.38,79.585,7.007,13.775,32.344,4687.2,23.826,47.593,50.799,82.106,1.3854,0.97053,3087.8,42.746,55.287,94.389,9.7081,61.936,40.451,81.977,2611.6,63.355,24.66,27.257,0.68202,8.9562,26.67,120.42,1.2328,75.075,24.026,2.4585,53.78,5.1372,138.7,0.024812,0.84701,63.514,19.34,43.679
713,2026-04-27T21:36:00,49.56,33.138,26.646,32.993,41.11,2684.8,3662.9,14.428,19.269,20.43,0.3328,0.059713,339.78,79.303,7.007,13.775,32.344,4649.3,23.945,45.515,49.095,82.074,1.3854,0.97053,3088.5,42.751,55.742,94.188,9.5196,63.789,35.438,82.291,2613.2,63.682,24.126,27.106,0.67945,8.9562,26.67,120.39,1.2328,74.055,24.026,2.4585,53.814,5.1372,140.45,0.020523,0.83406,63.662,19.34,43.922
714,2026-04-27T21:39:00,47.497,27.766,26.942,32.715,41.634,2682.8,3690.1,20.327,18.893,20.879,0.28312,0.059713,339.81,79.208,7.0159,13.837,32.472,4595.5,21.461,40.74,48.023,81.792,1.3712,0.99437,3085.8,42.884,54.796,94.581,9.6002,63.535,32.281,82.579,2610.6,62.793,24.596,27.194,0.69037,8.9244,26.165,120.4,1.3277,74.828,23.726,2.4404,53.814,5.3383,141.11,0.020523,0.83406,63.637,19.107,43.922
715,2026-04-27T21:42:00,51.242,27.802,26.571,32.715,41.361,2681.1,3677.6,17.063,18.893,20.865,0.28276,0.059713,340.75,78.702,7.0159,13.837,32.472,4584.7,22.856,49.409,49.843,81.504,1.3712,0.99437,3083.0,42.614,54.925,94.419,9.6277,62.472,37.638,82.493,2609.0,63.01,26.135,27.32,0.69108,8.9244,26.165,120.37,1.3277,74.67,23.726,2.4404,53.814,5.3383,141.35,0.020523,0.83406,63.594,19.107,43.922
716,2026-04-27T21:45:00,49.828,26.301,26.979,32.742,41.408,2681.7,3673.0,16.187,19.058,21.305,0.26864,0.059713,341.06,79.093,6.8493,13.967,32.326,4608.8,23.221,46.137,49.541,81.434,1.3711,0.96563,3082.6,42.769,55.134,94.626,9.7001,62.54,36.749,83.39,2609.6,62.888,24.898,27.51,0.69707,8.727,26.166,120.41,1.3055,75.959,24.434,2.4989,53.814,5.1734,140.93,0.020523,0.83406,63.534,18.797,43.922
717,2026-04-27T21:48:00,51.694,26.353,27.06,32.742,40.95,2683.6,3665.9,16.857,19.058,21.408,0.26811,0.059713,341.2,79.503,6.8493,13.967,32.326,4599.7,22.922,50.454,47.203,81.612,1.3711,0.96563,3084.3,42.944,55.243,94.522,9.7352,65.56,29.87,83.54,2611.9,63.011,25.568,27.493,0.69583,8.727,26.166,120.37,1.3055,74.198,24.434,2.4989,53.814,5.1734,142.84,0.020523,0.83406,63.512,18.797,43.922
718,2026-04-27T21:51:00,48.781,27.473,27.209,32.803,41.473,2686.6,3710.4,16.529,18.909,21.198,0.28064,0.067581,341.3,78.992,6.8092,13.89,32.336,4614.2,23.073,43.714,48.289,81.654,1.3407,1.0235,3088.1,42.599,55.799,94.484,9.7614,62.88,33.065,85.235,2614.1,63.659,26.34,27.312,0.71158,9.0384,26.705,120.4,1.3905,74.387,23.944,2.4869,54.23,5.1398,142.92,0.037071,0.82783,63.527,18.798,43.44
719,2026-04-27T21:54:00,49.213,27.475,27.175,32.803,41.064,2684.8,3701.8,17.887,18.909,21.162,0.28062,0.067581,341.07,79.353,6.8092,13.89,32.336,4635.4,22.494,44.712,50.227,81.488,1.3407,1.0235,3088.0,42.575,55.545,94.501,9.6518,63.646,38.768,84.861,2612.9,63.807,24.433,27.379,0.71465,9.0384,26.705,120.41,1.3905,74.601,23.944,2.4869,54.23,5.1398,142.29,0.037071,0.82783,63.517,18.798,43.44
720,2026-04-27T21:57:00,50.69,27.558,26.563,33.036,42.255,2685.7,3740.3,13.83,18.793,20.852,0.27482,0.067581,341.18,79.281,6.6843,13.767,32.32,4633.0,24.205,48.13,49.048,81.479,1.3381,1.0278,3087.9,42.849,55.57,94.375,9.6452,64.433,35.299,83.926,2614.0,63.546,23.327,27.373,0.7065,8.9864,26.008,120.42,1.1905,74.042,24.151,2.4207,54.23,5.1151,142.49,0.037071,0.82783,63.522,18.914,43.44
721,2026-04-27T22:00:00,51.14,27.13,27.146,33.036,41.781,2689.0,3736.4,15.822,18.793,21.345,0.27918,0.067581,341.17,79.644,6.6843,13.767,32.32,4665.1,23.347,49.172,51.417,81.767,1.3381,1.0278,3090.4,42.684,55.186,94.428,9.7542,64.88,42.269,84.233,2617.0,63.612,24.545,27.378,0.70399,8.9864,26.008,120.4,1.1905,74.383,24.151,2.4207,54.23,5.1151,142.55,0.037071,0.82783,63.515,18.914,43.44
722,2026-04-27T22:03:00,48.719,27.112,26.651,32.712,41.976,2689.7,3771.0,15.467,18.421,20.759,0.27958,0.067581,341.23,79.394,6.8698,13.693,32.222,4601.6,23.496,43.57,48.666,81.786,1.3901,0.99194,3092.7,42.959,55.646,94.094,9.6042,66.018,34.174,82.67,2616.6,64.239,27.37,27.56,0.68987,8.9456,26.487,120.4,1.4552,74.903,24.32,2.3356,54.23,5.1397,140.56,0.037071,0.82783,63.598,18.94,43.44
723,2026-04-27T22:06:00,49.382,27.259,27.08,32.712,41.919,2688.9,3751.2,17.224,18.421,21.153,0.27808,0.062132,341.7,79.025,6.8698,13.693,32.222,4622.4,22.761,45.103,49.537,81.717,1.3901,0.99194,3091.8,42.404,55.398,94.247,9.6405,65.273,36.737,82.167,2617.0,64.581,25.59,27.356,0.69398,8.9456,26.487,120.41,1.4552,75.07,24.32,2.3356,53.517,5.1397,141.03,0.01168,0.80785,63.607,18.94,43.982
724,2026-04-27T22:09:00,49.864,28.149,27.213,33.075,41.353,2686.9,3693.6,12.81,18.178,21.237,0.28616,0.062132,341.49,79.137,6.8495,13.881,32.598,4634.7,24.628,46.219,49.008,81.375,1.3915,0.99247,3088.2,42.745,55.161,94.229,9.6699,62.871,35.18,81.663,2614.9,64.043,23.403,27.309,0.68094,9.0342,26.342,120.39,1.1459,74.425,24.635,2.4062,53.517,5.2067,140.84,0.01168,0.80785,63.55,18.73,43.982
725,2026-04-27T22:12:00,49.768,28.111,27.104,33.075,41.615,2687.3,3715.8,16.656,18.178,21.38,0.28655,0.062132,341.91,79.027,6.8495,13.881,32.598,4603.2,23.013,45.996,50.26,81.416,1.3915,0.99247,3088.3,42.504,55.539,94.334,9.6798,64.332,38.865,81.561,2615.2,63.661,23.84,27.331,0.68177,9.0342,26.342,120.38,1.1459,74.54,24.635,2.4062,53.517,5.2067,139.94,0.01168,0.80785,63.472,18.73,43.982
726,2026-04-27T22:15:00,50.067,24.365,26.393,32.803,41.812,2686.6,3710.8,16.383,19.267,20.91,0.24723,0.062132,342.39,79.013,6.9605,13.799,32.024,4653.7,23.133,46.689,48.946,81.266,1.3935,1.0014,3087.9,42.408,55.438,94.395,9.7674,63.138,34.999,83.542,2614.1,63.948,26.734,27.023,0.70637,9.0284,26.396,120.4,1.1896,74.449,24.516,2.5275,53.517,5.1367,142.77,0.01168,0.80785,63.417,18.81,43.982
727,2026-04-27T22:18:00,50.427,24.328,26.853,32.803,41.617,2690.4,3734.3,14.879,19.267,21.587,0.24761,0.062132,342.62,79.501,6.9605,13.799,32.024,4657.4,23.745,47.521,49.329,81.609,1.3935,1.0014,3089.5,42.636,55.393,94.378,9.751,61.73,36.125,83.949,2618.9,63.543,25.845,27.114,0.70304,9.0284,26.396,120.41,1.1896,74.8,24.516,2.5275,53.517,5.1367,141.08,0.01168,0.80785,63.424,18.81,43.982
728,2026-04-27T22:21:00,51.303,29.834,26.662,32.692,42.261,2692.9,3693.1,15.298,18.674,21.192,0.30025,0.069896,342.29,79.759,6.7522,13.91,32.355,4670.1,23.554,49.55,49.953,81.781,1.3667,0.96229,3093.1,42.535,55.047,94.315,9.8004,64.643,37.961,82.353,2620.7,63.257,24.661,26.847,0.69829,9.1184,26.645,120.42,1.2787,74.342,24.457,2.4209,53.497,5.1542,137.28,0.019544,0.80424,63.456,18.632,43.216
729,2026-04-27T22:24:00,49.388,29.625,26.963,32.692,41.636,2692.8,3677.6,18.018,18.674,21.325,0.30237,0.069896,341.9,79.173,6.7522,13.91,32.355,4645.8,22.423,45.117,49.432,81.618,1.3667,0.96229,3094.4,42.353,55.339,94.35,9.6919,63.6,36.429,82.456,2620.7,63.522,24.946,26.448,0.69744,9.1184,26.645,120.38,1.2787,74.642,24.457,2.4209,53.497,5.1542,138.42,0.019544,0.80424,63.465,18.632,43.216
730,2026-04-27T22:27:00,51.175,26.588,27.044,32.81,41.381,2691.3,3753.9,15.865,18.417,21.63,0.26917,0.069896,342.66,79.504,6.8152,13.814,31.974,4677.6,23.325,49.253,48.28,81.374,1.3628,0.96682,3092.6,42.711,55.405,94.337,9.7379,64.572,33.038,84.098,2620.1,64.061,23.261,26.197,0.70872,9.034,26.753,120.42,1.414,75.398,24.451,2.5063,53.497,5.1001,137.94,0.019544,0.80424,63.384,18.66,43.216
731,2026-04-27T22:30:00,51.437,26.73,26.648,32.81,41.461,2693.1,3764.2,16.25,18.417,21.181,0.26772,0.069896,342.57,79.17,6.8152,13.814,31.974,4679.1,23.173,49.86,50.801,81.428,1.3628,0.96682,3094.4,42.884,55.386,94.207,9.5234,66.503,40.458,84.261,2621.1,63.884,25.467,26.047,0.70739,9.034,26.753,120.41,1.414,75.664,24.451,2.5063,53.497,5.1001,136.36,0.019544,0.80424,63.352,18.66,43.216
732,2026-04-27T22:33:00,50.142,30.203,26.918,32.623,41.9,2694.5,3739.1,17.719,18.841,21.7,0.30649,0.069896,342.88,79.129,6.996,13.86,32.408,4655.2,22.551,46.862,49.384,81.556,1.3566,0.99598,3094.3,42.748,55.625,94.306,9.6848,63.733,36.288,82.68,2622.9,63.856,26.362,25.835,0.69971,8.7965,26.991,120.42,1.3255,75.227,24.399,2.5247,53.497,5.1197,135.46,0.019544,0.80424,63.324,18.546,43.216
733,2026-04-27T22:36:00,49.504,30.187,27.008,32.623,42.293,2695.2,3692.4,15.628,18.841,21.84,0.30666,0.059342,342.79,79.25,6.996,13.86,32.408,4625.1,23.423,45.387,50.675,81.623,1.3566,0.99598,3095.1,42.766,55.986,94.1,9.5838,64.651,40.086,83.141,2624.3,64.66,26.402,25.357,0.69593,8.7965,26.991,120.42,1.3255,74.66,24.399,2.5247,54.521,5.1197,135.93,0.023825,0.80406,63.298,18.546,43.638
734,2026-04-27T22:39:00,49.321,26.051,26.673,33.104,41.603,2695.6,3688.1,15.942,18.329,21.681,0.26473,0.059342,343.05,79.08,6.9103,13.912,32.351,4623.2,23.295,44.964,50.652,81.502,1.3785,0.98666,3093.7,42.934,56.317,94.422,9.6491,65.244,40.017,83.768,2623.8,63.125,22.97,25.318,0.70101,8.9778,26.834,120.4,1.2354,75.446,24.156,2.514,54.521,5.0886,132.45,0.023825,0.80406,63.222,18.296,43.638
735,2026-04-27T22:42:00,50.031,26.05,27.038,33.104,41.377,2693.3,3709.3,16.171,18.329,21.802,0.26474,0.059342,342.91,79.002,6.9103,13.912,32.351,4634.8,23.205,46.606,49.413,81.315,1.3785,0.98666,3093.4,42.903,56.178,94.366,9.6441,62.118,36.373,83.173,2621.3,62.761,22.671,25.191,0.70589,8.9778,26.834,120.37,1.2354,74.964,24.156,2.514,54.521,5.0886,129.99,0.023825,0.80406,63.155,18.296,43.638
736,2026-04-27T22:45:00,50.91,26.45,27.078,32.795,41.737,2693.7,3695.0,17.034,18.472,21.78,0.26778,0.059342,343.41,78.99,6.8718,13.649,32.484,4704.6,22.848,48.641,51.161,81.22,1.437,0.96818,3093.2,42.842,56.015,94.478,9.6167,64.582,41.517,84.059,2621.9,63.691,24.474,24.644,0.71074,8.6946,27.086,120.38,1.1827,74.549,24.465,2.407,54.521,4.9833,132.28,0.023825,0.80406,63.105,18.41,43.638
737,2026-04-27T22:48:00,52.201,26.546,27.41,32.795,41.908,2693.1,3717.7,14.274,18.472,21.787,0.2668,0.059342,342.69,79.127,6.8718,13.649,32.484,4662.8,24.012,51.627,50.221,81.108,1.437,0.96818,3093.6,42.513,56.515,94.461,9.7413,64.727,38.749,83.899,2620.6,63.3,25.305,24.554,0.71205,8.6946,27.086,120.4,1.1827,75.22,24.465,2.407,54.521,4.9833,129.47,0.023825,0.80406,62.998,18.41,43.638
738,2026-04-27T22:51:00,50.922,24.855,27.02,33.093,41.658,2698.8,3724.0,18.453,18.522,22.101,0.25355,0.062222,343.24,79.857,6.8199,13.931,32.196,4673.9,22.218,48.669,48.803,81.735,1.403,0.98907,3098.1,42.677,56.176,94.154,9.6661,64.7,34.576,80.819,2629.0,63.521,24.779,24.302,0.67913,8.8701,26.976,120.38,1.2856,75.446,24.298,2.4451,53.132,5.0686,127.81,0.033238,0.81691,62.977,18.898,43.465
739,2026-04-27T22:54:00,51.153,24.907,27.081,33.093,41.447,2698.4,3708.1,16.152,18.522,21.681,0.25302,0.062222,342.91,79.1,6.8199,13.931,32.196,4675.8,23.205,49.202,49.078,81.497,1.403,0.98907,3098.4,42.829,56.153,94.432,9.6146,65.132,35.386,80.837,2626.2,63.794,25.857,23.969,0.67898,8.8701,26.976,120.4,1.2856,75.203,24.298,2.4451,53.132,5.0686,127.39,0.033238,0.81691,63.001,18.898,43.465
740,2026-04-27T22:57:00,49.18,27.54,27.262,33.39,41.542,2696.1,3707.0,15.556,18.206,21.51,0.27864,0.062222,342.77,78.929,6.7559,13.621,32.3,4590.9,23.464,44.636,49.143,81.351,1.3502,0.97443,3096.5,42.421,55.993,94.24,9.6205,61.878,35.577,84.311,2623.4,64.303,24.101,23.852,0.71204,8.9054,27.16,120.42,1.1792,74.602,24.395,2.3992,53.132,5.1604,124.6,0.033238,0.81691,62.92,18.621,43.465
741,2026-04-27T23:00:00,48.815,27.243,26.786,33.39,41.428,2694.8,3683.8,17.351,18.206,21.637,0.28166,0.062222,342.5,79.044,6.7559,13.621,32.3,4636.9,22.707,43.791,50.607,81.32,1.3502,0.97443,3094.5,42.657,55.442,94.324,9.6427,65.139,39.885,84.488,2623.0,64.703,24.673,23.615,0.71059,8.9054,27.16,120.39,1.1792,75.165,24.395,2.3992,53.132,5.1604,123.21,0.033238,0.81691,62.873,18.621,43.465
742,2026-04-27T23:03:00,49.579,26.342,26.713,33.364,41.656,2695.8,3725.8,16.362,18.116,21.656,0.26948,0.062222,342.98,79.116,6.8371,13.884,32.409,4712.7,23.124,45.56,50.483,81.372,1.3766,0.99647,3095.6,42.444,55.216,94.268,9.7447,64.455,39.521,80.344,2624.4,64.63,26.158,23.367,0.67593,8.8521,26.731,120.41,1.2689,75.231,24.273,2.3719,53.132,5.2449,121.98,0.033238,0.81691,62.807,18.602,43.465
743,2026-04-27T23:06:00,48.154,26.262,27.02,33.364,41.289,2694.6,3739.7,15.15,18.116,21.984,0.2703,0.066058,342.58,78.648,6.8371,13.884,32.409,4688.3,23.652,42.262,48.913,81.249,1.3766,0.99647,3094.7,42.955,55.508,94.294,9.6176,65.026,34.9,80.554,2623.2,64.39,25.509,23.266,0.67421,8.8521,26.731,120.4,1.2689,75.659,24.273,2.3719,53.274,5.2449,122.26,0.015895,0.80642,62.782,18.602,43.572
744,2026-04-27T23:09:00,51.273,25.471,26.394,33.069,42.316,2692.4,3753.3,17.996,17.82,21.559,0.25377,0.066058,342.81,78.869,6.933,13.723,32.257,4639.8,22.452,49.479,49.93,81.147,1.3648,0.96806,3091.1,42.11,56.162,94.226,9.671,62.89,37.895,83.522,2620.8,63.525,23.869,23.074,0.7067,8.7704,26.615,120.42,1.1656,75.65,24.853,2.4241,53.274,5.14,121.87,0.015895,0.80642,62.664,19.001,43.572
745,2026-04-27T23:12:00,50.083,25.041,27.223,33.069,41.477,2690.0,3685.4,16.696,17.82,21.589,0.25815,0.066058,342.18,78.996,6.933,13.723,32.257,4620.4,23.004,46.726,49.447,81.09,1.3648,0.96806,3090.1,42.967,56.393,94.417,9.6346,64.19,36.473,83.605,2617.9,64.693,24.766,23.059,0.70602,8.7704,26.615,120.37,1.1656,74.771,24.853,2.4241,53.274,5.14,119.46,0.015895,0.80642,62.612,19.001,43.572
746,2026-04-27T23:15:00,49.664,26.444,26.718,33.257,41.588,2691.0,3668.0,15.571,18.743,21.422,0.27041,0.066058,342.34,79.271,6.8645,13.653,32.274,4629.4,23.471,45.757,49.608,81.206,1.3518,0.98313,3089.8,42.587,55.305,94.374,9.6337,62.955,36.947,81.588,2619.3,64.15,24.296,22.671,0.687,8.7897,27.009,120.39,1.2942,74.718,24.611,2.3361,53.274,5.0707,121.27,0.015895,0.80642,62.597,19.278,43.572
747,2026-04-27T23:18:00,50.39,26.765,26.9,33.257,42.043,2694.7,3710.2,17.085,18.743,21.595,0.26714,0.066058,342.21,79.737,6.8645,13.653,32.274,4652.5,22.813,47.437,49.867,81.614,1.3518,0.98313,3093.4,42.627,55.029,94.409,9.7245,62.205,37.708,81.851,2623.6,63.423,25.046,22.467,0.68484,8.7897,27.009,120.41,1.2942,75.101,24.611,2.3361,53.274,5.0707,120.99,0.015895,0.80642,62.594,19.278,43.572
748,2026-04-27T23:21:00,51.402,26.315,27.012,33.13,41.395,2695.4,3696.6,17.31,18.264,21.924,0.26668,0.053026,342.09,79.252,7.2515,13.836,32.456,4629.3,22.72,49.778,48.617,81.777,1.3144,1.0053,3094.8,42.71,54.563,94.211,9.6392,61.619,34.029,80.529,2624.8,64.242,22.307,21.973,0.67881,9.0325,26.601,120.41,1.2898,75.468,24.678,2.4148,53.881,5.1347,120.4,0.01041,0.82317,62.692,18.482,44.016
749,2026-04-27T23:24:00,50.41,26.2,27.202,33.13,41.592,2693.8,3700.1,17.627,18.264,21.555,0.26786,0.053026,342.31,79.01,7.2515,13.836,32.456,4630.0,22.594,47.484,49.763,81.528,1.3144,1.0053,3094.0,42.867,54.555,94.505,9.4873,63.968,37.401,80.331,2621.5,64.18,23.854,21.809,0.68044,9.0325,26.601,120.39,1.2898,75.584,24.678,2.4148,53.881,5.1347,118.11,0.01041,0.82317,62.681,18.482,44.016
750,2026-04-27T23:27:00,50.178,24.46,27.195,32.878,41.129,2691.2,3577.9,15.929,18.548,21.708,0.24676,0.053026,342.26,78.908,6.8407,13.752,32.36,4685.1,23.32,46.947,48.97,81.179,1.4063,0.99624,3089.4,42.599,55.832,94.527,9.7093,63.685,35.068,82.723,2618.8,62.723,23.731,21.851,0.69989,8.7915,26.606,120.37,1.1014,74.692,24.451,2.5161,53.881,5.0763,113.58,0.01041,0.82317,62.605,18.604,44.016
751,2026-04-27T23:30:00,48.822,24.344,26.693,32.878,40.772,2690.5,3642.1,17.768,18.548,21.565,0.24794,0.053026,342.4,79.136,6.8407,13.752,32.36,4686.3,22.55,43.809,50.777,81.048,1.4063,0.99624,3089.8,42.31,55.817,94.941,9.6684,64.289,40.386,82.658,2619.2,61.62,24.094,21.306,0.70043,8.7915,26.606,120.35,1.1014,74.843,24.451,2.5161,53.881,5.0763,115.72,0.01041,0.82317,62.485,18.604,44.016
752,2026-04-27T23:33:00,50.28,24.921,26.739,32.82,41.778,2694.6,3698.9,16.181,18.807,21.288,0.25609,0.053026,342.18,79.241,7.0181,13.946,32.386,4666.1,23.217,47.182,48.704,81.194,1.3706,1.0053,3094.0,42.487,55.799,94.476,9.7107,62.666,34.286,81.884,2621.7,64.09,25.66,21.051,0.68808,8.9715,27.046,120.42,1.3725,75.251,24.603,2.5354,53.881,5.183,114.63,0.01041,0.82317,62.347,18.63,44.016
753,2026-04-27T23:36:00,48.71,24.983,26.803,32.82,41.199,2698.5,3682.8,17.37,18.807,21.786,0.25546,0.059858,342.57,79.712,7.0181,13.946,32.386,4650.4,22.697,43.548,50.597,81.488,1.3706,1.0053,3097.7,42.61,55.987,94.471,9.6252,62.968,39.858,81.827,2627.6,64.368,25.537,21.163,0.68855,8.9715,27.046,120.4,1.3725,75.246,24.603,2.5354,52.574,5.183,113.79,0.016023,0.82363,62.367,18.63,43.767
754,2026-04-27T23:39:00,50.597,24.499,26.574,32.527,42.085,2698.6,3674.0,17.176,18.103,21.406,0.25149,0.059858,341.84,79.413,6.7211,13.726,32.107,4663.8,22.778,47.915,50.573,81.579,1.3153,0.94575,3098.5,42.346,55.789,94.507,9.6776,63.217,39.785,84.097,2626.9,62.917,24.572,20.981,0.71271,8.8361,26.9,120.43,1.211,74.421,24.797,2.3889,52.574,5.1046,113.73,0.016023,0.82363,62.405,18.373,43.767
755,2026-04-27T23:42:00,50.9,24.627,26.898,32.527,40.378,2697.5,3670.8,15.432,18.103,21.43,0.25019,0.059858,341.69,79.026,6.7211,13.726,32.107,4670.0,23.516,48.617,49.379,81.565,1.3153,0.94575,3098.8,42.553,55.715,94.604,9.6037,62.96,36.272,84.751,2625.9,62.973,24.354,21.022,0.70735,8.8361,26.9,120.39,1.211,75.19,24.797,2.3889,52.574,5.1046,111.17,0.016023,0.82363,62.436,18.373,43.767
756,2026-04-27T23:45:00,49.341,26.984,26.484,32.867,42.848,2698.9,3755.0,20.014,18.454,21.457,0.27888,0.059858,342.03,79.301,6.8955,13.762,32.05,4705.8,21.582,45.009,49.924,81.51,1.3704,1.0157,3100.2,42.246,55.965,94.363,9.65,62.8,37.876,81.475,2628.2,64.141,27.204,21.055,0.68606,8.9357,27.007,120.45,1.2286,74.751,24.169,2.4435,52.574,5.1331,108.72,0.016023,0.82363,62.382,18.783,43.767
757,2026-04-27T23:48:00,49.466,27.204,26.794,32.867,41.111,2699.1,3703.0,17.241,18.454,21.546,0.27665,0.059858,341.9,79.363,6.8955,13.762,32.05,4721.6,22.743,45.297,50.666,81.535,1.3704,1.0157,3099.2,42.589,55.776,94.236,9.5901,61.786,40.06,81.923,2628.4,65.036,25.012,20.726,0.68239,8.9357,27.007,120.42,1.2286,75.796,24.169,2.4435,52.574,5.1331,110.35,0.016023,0.82363,62.369,18.783,43.767
758,2026-04-27T23:51:00,51.28,27.986,26.819,32.976,41.939,2695.7,3693.0,18.022,18.853,21.299,0.2821,0.059436,341.66,78.776,6.7606,13.829,32.228,4633.9,22.439,49.496,49.235,81.214,1.3637,0.98337,3097.0,42.358,55.852,94.372,9.6762,62.22,35.85,81.696,2624.6,63.747,24.64,20.423,0.6912,8.9737,27.236,120.4,1.2871,75.548,24.694,2.4187,55.04,5.1166,111.62,-0.0063086,0.81501,62.314,18.777,43.343
759,2026-04-27T23:54:00,49.219,27.814,27.359,32.976,41.011,2694.7,3703.2,15.874,18.853,21.5,0.28385,0.059436,341.65,78.817,6.7606,13.829,32.228,4656.1,23.35,44.726,51.132,81.096,1.3637,0.98337,3094.8,42.603,55.587,94.493,9.6646,62.504,41.431,81.754,2622.0,63.573,26.381,20.506,0.69073,8.9737,27.236,120.38,1.2871,75.674,24.694,2.4187,55.04,5.1166,108.68,-0.0063086,0.81501,62.195,18.777,43.343
760,2026-04-27T23:57:00,49.049,26.062,27.038,33.173,41.694,2696.5,3732.1,16.709,18.302,21.66,0.26816,0.059436,341.9,79.666,6.862,13.826,32.254,4639.2,22.973,44.334,48.85,81.409,1.3617,0.9497,3097.2,42.801,55.801,94.273,9.6172,62.483,34.716,82.75,2625.5,64.308,22.608,20.296,0.69698,8.936,26.894,120.42,1.3028,75.011,24.632,2.44,55.04,5.1803,109.01,-0.0063086,0.81501,62.163,18.487,43.343
761,2026-04-28T00:00:00,50.361,26.044,26.74,33.173,40.949,2697.3,3746.9,14.874,18.302,21.336,0.26834,0.059436,341.31,79.15,6.862,13.826,32.254,4645.9,23.752,47.369,50.218,81.533,1.3617,0.9497,3098.3,42.887,55.721,94.275,9.6125,62.372,38.74,82.595,2625.4,64.054,25.237,20.285,0.69825,8.936,26.894,120.4,1.3028,74.881,24.632,2.44,55.04,5.1803,107.09,-0.0063086,0.81501,62.206,18.487,43.343
762,2026-04-28T00:03:00,51.368,25.84,26.955,32.762,42.15,2694.1,3678.3,15.042,18.112,21.227,0.26425,0.059436,341.73,78.755,6.802,13.773,31.962,4682.5,23.697,49.7,49.558,81.255,1.3473,0.99905,3095.3,42.966,56.021,94.349,9.5469,65.695,36.798,83.09,2622.1,64.412,24.953,20.1,0.69355,8.9299,26.497,120.42,1.1578,75.499,24.81,2.4212,55.04,5.0669,107.13,-0.0063086,0.81501,62.183,18.484,43.343
763,2026-04-28T00:06:00,49.96,25.744,26.661,32.762,41.502,2692.7,3696.5,18.54,18.112,21.267,0.26522,0.056162,341.04,78.91,6.802,13.773,31.962,4703.3,22.226,46.442,49.874,81.226,1.3473,0.99905,3094.0,42.962,55.772,94.447,9.5182,63.285,37.73,82.816,2621.0,64.098,25.591,19.748,0.6958,8.9299,26.497,120.37,1.1578,75.724,24.81,2.4212,53.841,5.0669,106.28,0.0091242,0.82803,62.115,18.484,44.148
764,2026-04-28T00:09:00,49.747,28.714,26.726,32.341,42.624,2694.0,3716.1,12.909,17.849,21.259,0.29331,0.056162,340.99,79.096,7.0194,13.786,32.078,4703.3,24.596,45.949,49.972,81.242,1.3524,1.0312,3095.5,42.41,55.827,94.441,9.6443,64.086,38.019,82.128,2621.9,64.334,23.328,19.349,0.68969,8.984,26.962,120.45,1.2465,75.338,24.758,2.3889,53.841,5.0269,107.58,0.0091242,0.82803,62.063,18.565,44.148
765,2026-04-28T00:12:00,50.025,28.937,26.907,32.341,41.707,2695.9,3730.5,18.014,17.849,20.997,0.29104,0.056162,340.93,79.385,7.0194,13.786,32.078,4684.1,22.431,46.592,48.96,81.473,1.3524,1.0312,3097.6,42.47,56.057,94.288,9.5359,64.644,35.04,81.93,2624.0,64.087,24.314,19.138,0.69131,8.984,26.962,120.42,1.2465,75.388,24.758,2.3889,53.841,5.0269,106.73,0.0091242,0.82803,62.063,18.565,44.148
766,2026-04-28T00:15:00,50.071,27.955,26.914,33.185,41.856,2695.5,3683.7,13.21,18.661,21.302,0.28195,0.056162,341.0,79.194,6.9768,13.645,32.585,4614.6,24.459,46.699,48.231,81.51,1.3851,0.99691,3097.1,42.78,56.732,94.445,9.669,61.948,32.895,82.492,2624.0,62.959,23.915,19.096,0.68902,8.9439,26.861,120.39,1.1823,75.154,24.674,2.471,53.841,5.1182,104.0,0.0091242,0.82803,62.081,18.801,44.148
767,2026-04-28T00:18:00,49.584,27.641,26.548,33.185,41.3,2694.7,3680.5,17.324,18.661,21.18,0.28514,0.056162,340.91,79.19,6.9768,13.645,32.585,4684.9,22.727,45.572,49.05,81.384,1.3851,0.99691,3096.1,43.12,55.891,94.468,9.5508,65.387,35.305,82.282,2622.6,63.013,24.479,19.018,0.69074,8.9439,26.861,120.38,1.1823,75.017,24.674,2.471,53.841,5.1182,101.65,0.0091242,0.82803,62.052,18.801,44.148
768,2026-04-28T00:21:00,52.709,23.036,26.384,33.203,41.251,2693.8,3668.1,17.13,19.017,21.365,0.23102,0.055379,341.21,78.707,6.8446,13.844,31.482,4663.1,22.828,52.803,50.576,81.248,1.3798,1.0059,3094.4,42.375,55.587,94.494,9.561,65.008,39.794,80.394,2622.3,63.491,25.055,19.143,0.67385,8.8784,27.419,120.37,1.3637,74.458,25.139,2.5685,54.562,5.1585,100.6,0.024963,0.85363,61.966,18.656,43.986
769,2026-04-28T00:24:00,51.124,22.766,27.167,33.203,41.26,2694.5,3713.0,18.979,19.017,21.339,0.23376,0.055379,341.08,79.187,6.8446,13.844,31.482,4599.7,22.037,49.136,49.734,81.315,1.3798,1.0059,3095.2,42.614,56.347,94.551,9.5676,63.915,37.316,80.539,2622.3,62.718,22.881,18.885,0.67266,8.8784,27.419,120.39,1.3637,75.23,25.139,2.5685,54.562,5.1585,101.86,0.024963,0.85363,61.909,18.656,43.986
770,2026-04-28T00:27:00,49.65,33.734,26.742,33.034,42.276,2697.6,3706.2,16.747,18.696,21.393,0.3387,0.055379,341.32,78.968,6.9488,13.835,31.964,4666.0,22.982,45.725,51.023,81.465,1.3636,0.99283,3097.5,42.361,55.918,94.512,9.5054,65.237,41.111,82.958,2626.2,63.969,24.723,18.677,0.69552,8.7669,27.068,120.44,1.1347,75.517,24.455,2.4801,54.562,5.1445,102.6,0.024963,0.85363,61.894,18.839,43.986
771,2026-04-28T00:30:00,47.907,33.316,27.181,33.034,40.869,2696.3,3707.7,14.883,18.696,21.373,0.34296,0.055379,340.72,78.66,6.9488,13.835,31.964,4648.4,23.784,41.69,48.478,81.162,1.3636,0.99283,3097.5,42.59,56.128,94.42,9.5994,64.345,33.621,82.691,2623.2,63.943,24.209,18.672,0.6977,8.7669,27.068,120.38,1.1347,75.173,24.455,2.4801,54.562,5.1445,101.04,0.024963,0.85363,61.873,18.839,43.986
772,2026-04-28T00:33:00,50.469,29.325,26.893,32.635,41.806,2696.1,3704.7,17.998,18.754,21.617,0.29999,0.055379,341.69,79.188,6.9335,13.757,32.256,4624.6,22.46,47.619,52.109,81.195,1.3636,0.94753,3096.1,42.538,55.968,94.45,9.7069,63.235,44.308,82.89,2623.9,63.066,24.648,18.557,0.69446,8.8686,26.821,120.4,1.1149,74.569,24.217,2.4349,54.562,5.1043,100.8,0.024963,0.85363,61.806,18.757,43.986
773,2026-04-28T00:36:00,51.532,29.351,27.024,32.635,41.466,2697.4,3670.3,16.744,18.754,21.284,0.29972,0.062517,341.38,79.096,6.9335,13.757,32.256,4655.4,22.988,50.081,48.959,81.386,1.3636,0.94753,3098.3,42.456,55.599,94.445,9.7214,63.376,35.038,82.664,2625.4,63.659,24.914,18.927,0.69632,8.8686,26.821,120.39,1.1149,75.768,24.217,2.4349,53.737,5.1043,102.5,0.014889,0.86454,61.837,18.757,42.67
774,2026-04-28T00:39:00,50.839,26.631,27.212,33.051,42.396,2698.0,3675.6,16.599,18.244,21.854,0.27249,0.062517,341.84,79.14,6.7834,13.925,32.516,4652.6,23.05,48.475,49.399,81.335,1.3459,0.97223,3097.1,42.276,55.83,94.501,9.5032,62.692,36.331,81.959,2625.8,63.644,22.56,18.951,0.68453,9.0558,26.828,120.42,1.2441,75.113,24.893,2.4488,53.737,5.0757,103.87,0.014889,0.86454,61.833,18.76,42.67
775,2026-04-28T00:42:00,51.737,26.635,27.296,33.051,40.896,2699.3,3697.9,16.028,18.244,22.174,0.27245,0.062517,341.86,79.119,6.7834,13.925,32.516,4658.6,23.287,50.553,48.854,81.46,1.3459,0.97223,3097.4,42.763,55.758,94.415,9.6833,61.641,34.726,81.987,2626.9,63.262,24.813,19.322,0.6843,9.0558,26.828,120.35,1.2441,74.813,24.893,2.4488,53.737,5.0757,101.35,0.014889,0.86454,61.841,18.76,42.67
776,2026-04-28T00:45:00,48.821,23.981,27.009,33.038,41.517,2695.9,3718.6,13.913,18.386,21.294,0.24499,0.062517,341.23,79.049,6.9815,13.856,32.068,4662.3,24.18,43.805,50.661,81.262,1.337,0.97993,3097.2,42.914,55.711,94.501,9.6256,64.743,40.046,83.942,2623.4,64.245,25.867,19.301,0.70528,8.9907,26.936,120.42,1.2442,75.134,24.684,2.3534,53.737,5.1682,103.21,0.014889,0.86454,61.885,18.667,42.67
777,2026-04-28T00:48:00,51.091,24.002,26.711,33.038,41.698,2695.1,3717.8,16.761,18.386,20.873,0.24478,0.062517,340.73,79.191,6.9815,13.856,32.068,4670.3,22.975,49.058,50.419,81.373,1.337,0.97993,3097.2,42.518,55.614,94.228,9.6209,60.935,39.334,84.357,2622.0,64.259,24.269,19.355,0.70188,8.9907,26.936,120.41,1.2442,75.459,24.684,2.3534,53.737,5.1682,104.2,0.014889,0.86454,61.897,18.667,42.67
778,2026-04-28T00:51:00,50.571,28.328,27.213,32.775,41.902,2695.7,3687.2,18.026,18.452,21.543,0.28528,0.032956,340.83,79.16,6.8543,13.669,32.537,4673.9,22.44,47.856,47.288,81.474,1.3412,0.93626,3096.6,42.788,55.81,94.585,9.5855,63.423,30.119,82.978,2624.1,63.046,25.255,19.541,0.69899,8.8301,26.949,120.42,1.1257,75.011,25.188,2.4758,54.001,5.0879,107.32,0.034248,0.84488,61.934,18.616,43.549
779,2026-04-28T00:54:00,49.42,28.381,27.153,32.775,40.659,2693.5,3680.8,15.757,18.452,21.038,0.28474,0.032956,340.35,78.732,6.8543,13.669,32.537,4694.9,23.412,45.193,49.73,81.261,1.3412,0.93626,3095.6,42.863,55.559,94.442,9.6978,62.462,37.306,83.004,2620.6,63.157,26.019,20.042,0.69878,8.8301,26.949,120.37,1.1257,74.333,25.188,2.4758,54.001,5.0879,104.86,0.034248,0.84488,61.961,18.616,43.549
780,2026-04-28T00:57:00,49.789,23.598,26.592,32.205,41.521,2693.8,3675.0,15.296,18.77,21.223,0.24032,0.032956,341.28,78.985,6.7261,13.881,32.831,4625.6,23.606,46.046,48.304,81.211,1.3727,0.97682,3094.6,43.037,56.535,94.563,9.5898,64.0,33.109,80.848,2621.6,64.339,25.418,20.069,0.67463,8.9392,26.696,120.4,1.2594,75.915,24.298,2.4173,54.001,5.1561,107.7,0.034248,0.84488,61.988,18.96,43.549
781,2026-04-28T01:00:00,49.701,23.717,26.738,32.205,41.655,2694.7,3722.6,17.088,18.77,21.176,0.23911,0.032956,340.82,79.358,6.7261,13.881,32.831,4628.6,22.841,45.841,49.036,81.314,1.3727,0.97682,3096.0,42.529,56.5,94.45,9.5086,64.187,35.263,80.694,2622.3,63.52,24.705,20.316,0.67589,8.9392,26.696,120.41,1.2594,75.985,24.298,2.4173,54.001,5.1561,108.07,0.034248,0.84488,61.998,18.96,43.549
782,2026-04-28T01:03:00,51.286,20.359,26.525,32.928,41.406,2694.5,3723.7,17.292,18.329,20.951,0.2061,0.032956,340.62,79.184,6.7796,13.804,32.136,4629.6,22.75,49.51,48.589,81.579,1.3521,0.9864,3097.2,42.684,55.642,94.353,9.7677,62.53,33.946,83.89,2622.9,64.711,25.17,20.507,0.69559,8.83,27.262,120.4,1.086,75.344,24.409,2.3974,54.001,5.0877,109.0,0.034248,0.84488,62.093,18.502,43.549
783,2026-04-28T01:06:00,50.667,20.374,26.862,32.928,41.498,2693.2,3719.5,18.391,18.329,21.063,0.20595,0.056789,339.49,79.449,6.7796,13.804,32.136,4664.5,22.275,48.077,51.296,81.647,1.3521,0.9864,3095.3,42.747,55.223,94.337,9.7605,62.906,41.915,83.643,2621.4,64.782,25.019,20.337,0.69762,8.83,27.262,120.4,1.086,75.095,24.409,2.3974,54.148,5.0877,108.68,0.0097738,0.85,62.193,18.502,43.582
784,2026-04-28T01:09:00,49.708,26.668,26.557,33.066,41.923,2693.3,3723.8,15.998,18.943,20.82,0.27014,0.056789,339.66,79.376,7.079,13.812,32.609,4652.4,23.278,45.859,50.828,81.763,1.3208,0.97506,3096.8,42.718,56.502,94.324,9.6708,62.991,40.538,82.478,2621.2,64.363,23.927,20.365,0.69058,8.9554,26.567,120.43,1.2449,75.03,24.341,2.4286,54.148,5.0638,109.07,0.0097738,0.85,62.25,18.914,43.582
785,2026-04-28T01:12:00,49.687,26.554,26.893,33.066,40.932,2691.1,3756.8,18.713,18.943,20.61,0.2713,0.056789,339.08,78.558,7.079,13.812,32.609,4677.0,22.156,45.81,52.283,81.592,1.3208,0.97506,3094.3,43.032,56.208,94.399,9.729,62.517,44.819,82.301,2618.3,63.795,23.588,20.389,0.69203,8.9554,26.567,120.43,1.2449,75.019,24.341,2.4286,54.148,5.0638,109.52,0.0097738,0.85,62.265,18.914,43.582
786,2026-04-28T01:15:00,50.893,21.888,26.761,32.686,41.181,2685.2,3661.1,19.645,18.648,20.618,0.22351,0.056789,339.23,78.953,6.9701,13.795,31.414,4642.2,21.769,48.6,50.531,81.115,1.3582,0.97583,3087.8,42.447,55.623,94.631,9.5567,63.576,39.662,82.773,2612.5,62.771,25.918,20.41,0.68976,8.9056,26.852,120.38,1.3276,75.39,25.117,2.4597,54.148,5.1629,110.07,0.0097738,0.85,62.208,18.365,43.582
787,2026-04-28T01:18:00,48.57,21.972,27.203,32.686,40.526,2687.3,3633.6,16.162,18.648,21.426,0.22266,0.056789,339.1,79.043,6.9701,13.795,31.414,4657.1,23.24,43.224,51.519,81.286,1.3582,0.97583,3088.4,42.626,55.445,94.655,9.6994,63.265,42.569,83.052,2615.7,63.244,24.874,20.475,0.68747,8.9056,26.852,120.37,1.3276,74.37,25.117,2.4597,54.148,5.1629,110.15,0.0097738,0.85,62.135,18.365,43.582
788,2026-04-28T01:21:00,51.036,33.678,26.688,32.398,41.607,2692.1,3666.1,15.014,19.029,20.859,0.33853,0.067368,339.32,79.291,6.9895,13.912,32.049,4726.4,23.716,48.932,50.583,81.426,1.3304,0.96483,3095.0,42.341,55.984,94.62,9.6663,61.596,39.815,82.205,2619.7,63.505,25.937,20.748,0.69036,8.8505,26.908,120.4,1.2322,74.425,24.317,2.4552,52.998,5.1138,109.59,0.037651,0.84073,62.144,18.71,44.155
789,2026-04-28T01:24:00,51.258,33.551,27.105,32.398,41.598,2695.1,3670.7,19.78,19.029,20.961,0.33982,0.067368,339.16,79.285,6.9895,13.912,32.049,4740.1,21.704,49.446,49.838,81.61,1.3304,0.96483,3099.7,42.836,55.82,94.465,9.5784,62.808,37.622,82.402,2623.7,63.425,26.479,20.857,0.68875,8.8505,26.908,120.4,1.2322,76.085,24.317,2.4552,52.998,5.1138,109.84,0.037651,0.84073,62.191,18.71,44.155
790,2026-04-28T01:27:00,49.879,27.86,27.016,32.132,41.348,2694.6,3668.7,16.399,18.918,20.7,0.28434,0.067368,339.08,79.029,6.9796,13.884,31.904,4664.7,23.138,46.253,49.409,81.426,1.3846,1.0031,3098.6,43.059,55.917,94.54,9.6101,63.872,36.36,83.848,2621.5,63.198,26.664,20.758,0.70308,9.0474,27.559,120.41,1.2883,75.193,24.766,2.3853,52.998,4.9951,112.45,0.037651,0.84073,62.21,19.064,44.155
791,2026-04-28T01:30:00,48.451,27.86,26.806,32.132,40.705,2695.8,3665.8,17.44,18.918,21.04,0.28434,0.067368,339.82,79.328,6.9796,13.884,31.904,4638.7,22.689,42.95,51.284,81.524,1.3846,1.0031,3099.5,42.499,56.229,94.579,9.601,62.835,41.88,84.139,2624.3,63.248,24.476,20.866,0.70069,9.0474,27.559,120.39,1.2883,75.591,24.766,2.3853,52.998,4.9951,112.7,0.037651,0.84073,62.231,19.064,44.155
792,2026-04-28T01:33:00,51.012,29.686,26.822,32.548,41.933,2697.3,3640.4,15.462,19.404,20.976,0.2982,0.067368,339.7,79.217,6.742,13.706,31.975,4648.0,23.519,48.877,49.436,81.6,1.3664,0.98725,3100.3,42.789,55.232,94.432,9.6335,61.599,36.44,83.739,2625.6,63.675,26.365,21.229,0.69859,8.9075,26.757,120.43,1.1934,73.939,24.516,2.3351,52.998,5.1055,110.07,0.037651,0.84073,62.294,18.806,44.155
793,2026-04-28T01:36:00,48.78,29.256,27.289,32.548,40.426,2695.9,3660.7,15.875,19.404,21.089,0.30257,0.065324,339.49,78.966,6.742,13.706,31.975,4622.0,23.353,43.709,48.403,81.453,1.3664,0.98725,3099.6,42.958,55.542,94.623,9.6596,63.481,33.399,83.664,2624.1,63.326,25.614,20.961,0.69921,8.9075,26.757,120.38,1.1934,75.192,24.516,2.3351,53.552,5.1055,112.06,0.010492,0.82746,62.314,18.806,42.659
794,2026-04-28T01:39:00,49.663,28.951,26.852,32.434,42.26,2696.8,3748.6,17.648,18.665,21.154,0.29709,0.065324,340.53,78.679,6.901,13.838,31.821,4663.2,22.617,45.754,49.537,81.336,1.3645,0.98509,3099.1,42.765,55.655,94.344,9.596,62.524,36.738,81.703,2624.7,63.916,24.398,21.026,0.67583,9.0998,27.276,120.43,1.2955,74.95,23.931,2.4946,53.552,5.125,111.74,0.010492,0.82746,62.275,18.812,42.659
795,2026-04-28T01:42:00,49.902,29.045,27.117,32.434,41.383,2694.3,3779.3,18.388,18.665,20.845,0.29613,0.065324,340.25,78.917,6.901,13.838,31.821,4646.2,22.307,46.306,51.324,81.16,1.3645,0.98509,3098.3,42.664,55.858,94.469,9.6145,64.52,41.996,80.816,2621.6,63.388,26.041,20.992,0.68311,9.0998,27.276,120.4,1.2955,74.785,23.931,2.4946,53.552,5.125,112.55,0.010492,0.82746,62.23,18.812,42.659
796,2026-04-28T01:45:00,47.837,30.878,27.042,32.874,41.478,2694.0,3694.8,17.95,18.567,20.982,0.31335,0.065324,340.33,79.124,7.0107,13.707,32.067,4651.4,22.488,41.528,50.493,81.259,1.374,0.91226,3097.1,42.539,55.775,94.343,9.4984,63.624,39.551,83.037,2622.3,63.505,23.034,21.004,0.69338,8.7858,27.384,120.4,1.0945,75.424,24.37,2.4707,53.552,5.115,112.85,0.010492,0.82746,62.205,18.78,42.659
797,2026-04-28T01:48:00,48.932,30.782,26.964,32.874,41.642,2694.6,3685.6,17.114,18.567,21.202,0.31432,0.065324,340.05,79.067,7.0107,13.707,32.067,4646.0,22.842,44.063,49.88,81.299,1.374,0.91226,3098.4,43.1,55.839,94.41,9.4685,64.538,37.748,82.425,2623.1,63.664,24.671,20.82,0.6984,8.7858,27.384,120.44,1.0945,74.633,24.37,2.4707,53.552,5.115,115.34,0.010492,0.82746,62.231,18.78,42.659
798,2026-04-28T01:51:00,48.931,28.735,26.886,32.624,41.525,2697.5,3661.8,15.482,18.787,21.242,0.29249,0.072721,340.47,79.513,6.8827,13.724,32.368,4655.1,23.513,44.061,49.08,81.479,1.3634,0.97381,3098.6,42.357,55.807,94.453,9.5998,63.36,35.392,81.781,2625.3,63.041,24.807,20.753,0.67435,8.8084,26.414,120.39,1.2024,75.766,24.771,2.5277,54.207,5.0268,112.65,0.019936,0.86047,62.241,18.815,43.056
799,2026-04-28T01:54:00,48.1,28.903,26.852,32.624,41.26,2698.1,3643.1,17.685,18.787,21.018,0.29078,0.072721,340.5,79.286,6.8827,13.724,32.368,4639.0,22.586,42.138,49.611,81.546,1.3634,0.97381,3099.5,42.715,56.0,94.466,9.5333,63.615,36.955,81.001,2625.9,63.363,23.676,20.748,0.68074,8.8084,26.414,120.39,1.2024,74.665,24.771,2.5277,54.207,5.0268,111.4,0.019936,0.86047,62.293,18.815,43.056
800,2026-04-28T01:57:00,49.728,25.981,26.884,32.71,41.198,2697.6,3698.6,14.475,18.624,21.225,0.2617,0.072721,340.53,79.379,6.714,13.841,32.437,4694.5,23.931,45.905,48.966,81.516,1.3514,0.95306,3099.7,42.402,55.245,94.446,9.5809,62.15,35.056,81.268,2625.9,63.47,24.452,20.657,0.68093,8.9595,26.961,120.39,1.4199,75.017,25.107,2.3625,54.207,5.0212,111.13,0.019936,0.86047,62.285,19.014,43.056
801,2026-04-28T02:00:00,48.814,25.875,27.229,32.71,41.964,2696.7,3694.7,13.657,18.624,21.139,0.26278,0.072721,340.51,78.648,6.714,13.841,32.437,4635.8,24.296,43.79,48.858,81.374,1.3514,0.95306,3099.3,42.681,55.948,94.429,9.608,63.152,34.739,81.413,2624.7,63.536,23.506,20.583,0.67974,8.9595,26.961,120.4,1.4199,75.247,25.107,2.3625,54.207,5.0212,110.7,0.019936,0.86047,62.254,19.014,43.056
802,2026-04-28T02:03:00,50.335,25.025,27.14,32.819,41.743,2693.4,3745.9,15.275,18.49,21.024,0.25356,0.072721,340.32,78.836,6.7464,13.717,32.333,4629.3,23.619,47.309,48.282,81.185,1.3641,0.99141,3096.0,42.403,55.515,94.38,9.6731,61.077,33.045,82.967,2621.1,64.215,23.565,20.404,0.69208,8.8843,26.582,120.42,1.0997,74.75,24.686,2.3713,54.207,5.0079,111.49,0.019936,0.86047,62.185,18.796,43.056
803,2026-04-28T02:06:00,50.61,24.792,26.919,32.819,41.117,2690.1,3727.1,17.099,18.49,20.901,0.25593,0.05618,340.32,78.458,6.7464,13.717,32.333,4611.7,22.873,47.946,50.72,80.992,1.3641,0.99141,3092.2,42.343,55.726,94.44,9.6503,62.707,40.218,82.344,2617.7,64.538,24.049,21.13,0.69719,8.8843,26.582,120.39,1.0997,74.894,24.686,2.3713,54.47,5.0079,111.77,0.031057,0.86332,62.155,18.796,43.379
804,2026-04-28T02:09:00,50.57,25.972,27.189,32.643,41.854,2690.4,3726.2,16.968,18.365,21.173,0.26003,0.05618,339.85,79.025,6.8434,13.72,32.555,4660.3,22.92,47.854,49.376,81.072,1.3336,0.95402,3092.8,42.633,55.656,94.433,9.5783,61.686,36.264,81.488,2617.5,64.412,25.964,21.25,0.67654,8.8735,26.715,120.42,1.2287,74.188,24.555,2.3515,54.47,5.0739,113.45,0.031057,0.86332,62.107,18.921,43.379
805,2026-04-28T02:12:00,49.897,25.821,26.979,32.643,41.369,2690.8,3712.6,15.045,18.365,20.818,0.26157,0.05618,339.51,79.294,6.8434,13.72,32.555,4628.5,23.717,46.295,52.354,81.4,1.3336,0.95402,3094.7,42.998,56.036,94.316,9.5407,63.967,45.028,80.849,2618.7,64.646,24.37,21.535,0.68177,8.8735,26.715,120.4,1.2287,75.464,24.555,2.3515,54.47,5.0739,113.22,0.031057,0.86332,62.168,18.921,43.379
806,2026-04-28T02:15:00,50.325,23.323,26.757,32.121,42.747,2693.0,3696.9,17.025,18.489,20.959,0.23865,0.05618,339.24,79.268,7.0091,14.069,32.319,4603.3,22.874,47.287,49.928,81.712,1.3393,0.92818,3095.9,42.942,56.019,94.321,9.6022,64.215,37.889,80.842,2621.3,64.148,24.141,21.716,0.68121,8.8492,27.231,120.44,1.3831,74.279,24.949,2.3873,54.47,5.0128,114.05,0.031057,0.86332,62.283,18.843,43.379
807,2026-04-28T02:18:00,50.431,23.389,26.894,32.121,41.264,2692.1,3688.8,16.851,18.489,20.816,0.23798,0.05618,339.13,79.367,7.0091,14.069,32.319,4634.6,22.937,47.533,49.218,81.695,1.3393,0.92818,3094.8,42.341,55.644,94.329,9.5124,64.16,35.799,81.179,2620.3,64.287,24.416,21.83,0.67844,8.8492,27.231,120.39,1.3831,74.852,24.949,2.3873,54.47,5.0128,115.6,0.031057,0.86332,62.386,18.843,43.379
808,2026-04-28T02:21:00,48.139,25.539,27.144,32.399,41.376,2689.7,3675.1,17.677,18.644,20.771,0.2566,0.043602,338.73,79.166,7.1177,13.712,31.998,4618.3,22.597,42.227,48.298,81.487,1.4016,0.98371,3093.3,42.851,56.011,94.474,9.6726,63.013,33.091,85.972,2617.1,63.028,26.546,21.909,0.71659,9.1214,27.175,120.38,1.2768,75.57,24.722,2.4846,53.817,5.0187,118.89,-0.0018333,0.85105,62.462,18.856,44.506
809,2026-04-28T02:24:00,50.427,25.563,27.195,32.399,40.208,2687.0,3638.6,17.699,18.644,20.774,0.25635,0.043602,338.71,78.824,7.1177,13.712,31.998,4688.2,22.604,47.522,49.492,81.298,1.4016,0.98371,3091.1,42.761,55.174,94.65,9.6114,63.094,36.605,85.561,2614.5,63.656,25.366,22.203,0.71995,9.1214,27.175,120.37,1.2768,75.532,24.722,2.4846,53.817,5.0187,119.0,-0.0018333,0.85105,62.472,18.856,44.506
810,2026-04-28T02:27:00,51.294,28.514,26.659,32.462,41.841,2689.8,3631.0,15.377,19.13,20.95,0.28913,0.043602,339.63,79.062,6.8459,13.938,31.517,4622.2,23.58,49.528,48.794,81.248,1.3725,1.0079,3092.3,42.619,55.922,94.705,9.5601,62.39,34.552,81.391,2617.2,62.663,24.425,22.537,0.67676,9.0808,26.928,120.41,1.3724,75.496,24.458,2.4381,53.817,5.1444,118.67,-0.0018333,0.85105,62.456,18.635,44.506
811,2026-04-28T02:30:00,50.19,28.435,27.284,32.462,40.355,2694.7,3601.6,17.37,19.13,21.392,0.28993,0.043602,339.77,79.467,6.8459,13.938,31.517,4638.4,22.726,46.974,50.159,81.532,1.3725,1.0079,3096.6,42.47,55.728,94.624,9.6574,60.493,38.567,80.995,2621.9,63.169,23.762,22.543,0.68001,9.0808,26.928,120.37,1.3724,74.283,24.458,2.4381,53.817,5.1444,122.0,-0.0018333,0.85105,62.521,18.635,44.506
812,2026-04-28T02:33:00,50.656,33.401,27.117,32.376,40.969,2698.3,3664.0,14.685,18.777,21.032,0.34137,0.043602,339.45,79.403,6.9891,13.914,31.871,4642.4,23.851,48.052,49.567,81.622,1.3374,0.94488,3102.7,43.068,56.227,94.507,9.682,62.295,36.826,84.051,2625.7,64.385,26.638,22.987,0.70444,8.7965,27.023,120.41,1.2913,74.858,24.861,2.4929,53.817,5.1158,120.38,-0.0018333,0.85105,62.572,18.336,44.506
813,2026-04-28T02:36:00,48.052,33.547,27.004,32.376,42.378,2700.2,3701.1,16.462,18.777,20.725,0.33989,0.05568,339.78,79.548,6.9891,13.914,31.871,4660.5,23.09,42.026,49.942,81.702,1.3374,0.94488,3106.3,43.077,56.01,94.345,9.6512,63.269,37.93,83.831,2628.0,63.746,26.605,22.899,0.70624,8.7965,27.023,120.44,1.2913,75.084,24.861,2.4929,53.476,5.1158,121.6,0.010276,0.87185,62.646,18.336,44.293
814,2026-04-28T02:39:00,48.43,30.7,26.667,32.333,40.842,2701.2,3641.8,16.164,19.008,21.159,0.31071,0.05568,340.37,79.226,6.8619,13.675,32.251,4673.3,23.221,42.899,48.851,81.633,1.3794,0.99358,3103.1,42.546,56.64,94.339,9.6826,61.663,34.719,83.913,2629.1,63.478,23.955,23.109,0.70152,9.0726,27.236,120.38,1.3505,74.962,24.673,2.4168,53.476,5.0798,121.2,0.010276,0.87185,62.684,18.901,44.293
815,2026-04-28T02:42:00,50.773,30.683,27.28,32.333,41.649,2700.1,3683.8,17.151,19.008,21.346,0.31088,0.05568,341.03,79.388,6.8619,13.675,32.251,4751.0,22.804,48.323,49.814,81.402,1.3794,0.99358,3102.3,42.135,55.709,94.428,9.6278,65.518,37.553,83.366,2628.4,62.755,25.779,23.253,0.706,9.0726,27.236,120.41,1.3505,75.936,24.673,2.4168,53.476,5.0798,121.54,0.010276,0.87185,62.701,18.901,44.293
816,2026-04-28T02:45:00,49.675,27.291,27.181,32.82,41.115,2701.9,3694.2,18.128,18.695,21.786,0.27436,0.05568,341.12,79.156,6.9555,13.901,32.177,4650.1,22.39,45.782,50.111,81.583,1.3708,1.0109,3103.3,42.671,55.557,94.391,9.8627,61.905,38.425,80.098,2631.3,63.65,26.512,23.369,0.68012,8.7264,26.87,120.39,1.3171,75.039,24.927,2.4528,53.476,5.1763,122.22,0.010276,0.87185,62.685,19.013,44.293
817,2026-04-28T02:48:00,50.169,26.975,27.225,32.82,41.278,2698.0,3692.7,19.665,18.695,21.316,0.27757,0.05568,341.03,78.462,6.9555,13.901,32.177,4654.9,21.771,46.924,49.021,81.16,1.3708,1.0109,3099.9,42.9,55.5,94.426,9.6023,62.721,35.218,80.755,2625.9,63.675,25.212,23.357,0.67473,8.7264,26.87,120.4,1.3171,75.347,24.927,2.4528,53.476,5.1763,124.35,0.010276,0.87185,62.678,19.013,44.293
818,2026-04-28T02:51:00,51.627,27.983,26.769,32.415,41.136,2695.6,3679.6,16.296,19.182,21.368,0.28113,0.075234,341.82,78.834,6.691,13.816,32.095,4643.8,23.191,50.299,49.201,80.993,1.3352,0.98709,3095.9,42.9,55.327,94.5,9.5697,62.639,35.749,83.455,2624.2,63.057,23.424,24.025,0.70175,8.9335,27.216,120.38,1.1536,75.2,24.872,2.4227,53.975,5.1507,125.37,0.01073,0.85216,62.633,18.908,43.772
819,2026-04-28T02:54:00,50.835,28.026,26.996,32.415,41.699,2696.0,3681.1,15.523,19.182,21.399,0.28069,0.075234,341.15,78.937,6.691,13.816,32.095,4664.9,23.518,48.466,48.89,81.085,1.3352,0.98709,3096.9,43.002,55.074,94.545,9.599,64.587,34.832,83.349,2623.9,63.029,23.398,24.271,0.70262,8.9335,27.216,120.41,1.1536,76.129,24.872,2.4227,53.975,5.1507,127.49,0.01073,0.85216,62.575,18.908,43.772
820,2026-04-28T02:57:00,49.591,28.834,27.08,32.7,40.942,2696.4,3735.0,17.274,18.444,21.441,0.28944,0.075234,341.2,78.857,6.8606,13.683,32.224,4636.6,22.787,45.588,49.593,81.142,1.3622,1.0117,3097.2,42.52,55.641,94.418,9.6469,62.402,36.902,82.406,2624.3,64.478,25.666,24.619,0.69201,8.8482,27.074,120.38,1.1167,74.746,24.726,2.4541,53.975,5.0453,128.4,0.01073,0.85216,62.605,19.004,43.772
821,2026-04-28T03:00:00,49.415,28.675,27.039,32.7,42.384,2694.6,3722.7,15.335,18.444,21.113,0.29106,0.075234,340.96,78.89,6.8606,13.683,32.224,4621.5,23.612,45.18,49.554,81.005,1.3622,1.0117,3097.5,42.847,55.821,94.294,9.558,64.652,36.789,81.99,2622.3,64.689,24.049,24.908,0.69542,8.8482,27.074,120.43,1.1167,75.275,24.726,2.4541,53.975,5.0453,129.98,0.01073,0.85216,62.665,19.004,43.772
822,2026-04-28T03:03:00,50.156,27.67,26.543,32.802,41.07,2697.6,3728.0,19.714,18.684,21.574,0.27696,0.075234,341.47,79.416,6.8605,13.769,31.848,4643.0,21.751,46.896,48.753,81.295,1.3442,0.97675,3097.3,42.487,55.299,94.29,9.6569,60.876,34.429,80.344,2626.4,63.21,24.556,25.347,0.679,8.9141,27.375,120.42,1.1918,74.514,24.801,2.4024,53.975,5.0245,129.82,0.01073,0.85216,62.711,18.743,43.772
