sample,timestamp,tag_01,tag_02,tag_03,tag_04,tag_05,tag_06,tag_07,tag_08,tag_09,tag_10,tag_11,tag_12,tag_13,tag_14,tag_15,tag_16,tag_17,tag_18,tag_19,tag_20,tag_21,tag_22,tag_23,tag_24,tag_25,tag_26,tag_27,tag_28,tag_29,tag_30,tag_31,tag_32,tag_33,tag_34,tag_35,tag_36,tag_37,tag_38,tag_39,tag_40,tag_41,tag_42,tag_43,tag_44,tag_45,tag_46,tag_47,tag_48,tag_49,tag_50,tag_51,tag_52
1,2026-04-06T08:00:00,50.095,24.633,26.736,33.04,41.353,2704.7,3658.8,20.067,18.784,22.264,0.25071,0.098577,341.63,77.716,7.0633,13.642,32.245,4537.5,22.123,46.753,51.584,80.074,2.2798,1.6539,3101.4,42.532,53.641,94.646,9.3044,60.662,42.763,40.14,2634.3,63.142,24.017,47.317,0.33648,8.7644,26.535,120.4,1.078,75.173,23.718,2.2706,53.724,4.8358,231.82,0.017866,0.8357,65.674,18.704,43.828
2,2026-04-06T08:03:00,49.312,24.563,27.206,33.04,40.656,2707.1,3684.3,18.701,18.784,22.53,0.25142,0.098577,341.04,77.955,7.0633,13.642,32.245,4502.7,22.68,44.941,47.835,80.338,2.2798,1.6539,3104.3,42.492,54.058,94.495,9.3542,61.211,31.729,40.077,2636.3,62.703,23.896,47.361,0.337,8.7644,26.535,120.4,1.078,75.652,23.718,2.2706,53.724,4.8358,231.31,0.017866,0.8357,65.737,18.704,43.828
3,2026-04-06T08:06:00,49.239,24.025,27.053,33.141,40.343,2707.9,3571.6,17.968,18.256,22.3,0.24513,0.098577,341.46,77.303,6.8047,13.93,32.431,4528.8,22.999,44.773,48.573,80.367,2.2195,1.682,3104.6,42.286,53.929,94.677,9.379,61.328,33.902,37.263,2636.2,62.967,25.882,47.363,0.31928,8.8386,26.062,120.37,1.189,75.914,24.162,2.2838,53.724,4.8285,231.24,0.017866,0.8357,65.808,18.32,43.828
4,2026-04-06T08:09:00,50.304,24.028,27.033,33.141,41.333,2706.3,3643.1,18.176,18.256,22.054,0.24509,0.089587,341.62,77.197,6.8047,13.93,32.431,4517.0,22.92,47.238,49.182,80.018,2.2195,1.682,3103.7,42.422,54.069,94.655,9.3847,62.294,35.692,37.619,2634.2,61.737,24.447,47.372,0.31636,8.8386,26.062,120.41,1.189,75.709,24.162,2.2838,54.018,4.8285,231.1,0.011538,0.85894,65.784,18.32,44.845
5,2026-04-06T08:12:00,48.69,22.167,26.767,32.879,40.252,2705.5,3666.8,18.888,18.829,21.887,0.22505,0.089587,341.3,76.766,6.9784,13.721,31.996,4580.4,22.643,43.503,49.98,79.865,2.2891,1.6939,3103.0,42.236,54.298,94.747,9.4153,61.052,38.042,41.451,2633.7,63.549,26.329,47.446,0.34776,9.0241,26.58,120.38,1.3837,76.036,24.215,2.2426,54.018,4.8925,230.3,0.011538,0.85894,65.71,18.422,44.845
6,2026-04-06T08:15:00,50.499,22.112,26.843,32.879,41.496,2705.3,3677.1,17.306,18.829,22.435,0.22562,0.089587,342.0,77.488,6.9784,13.721,31.996,4547.0,23.294,47.689,50.038,79.923,2.2891,1.6939,3101.5,42.313,54.698,94.574,9.3524,63.164,38.213,41.107,2633.9,63.371,25.487,47.534,0.35057,9.0241,26.58,120.42,1.3837,75.027,24.215,2.2426,54.018,4.8925,229.39,0.011538,0.85894,65.63,18.422,44.845
7,2026-04-06T08:18:00,51.397,26.078,27.082,32.898,40.517,2707.5,3623.6,16.558,18.089,22.112,0.2688,0.089587,341.3,77.464,6.8183,13.701,32.395,4552.0,23.604,49.767,49.444,80.146,2.2565,1.6793,3106.8,42.448,54.455,94.569,9.466,61.402,36.462,39.088,2636.4,62.758,24.959,47.335,0.32134,8.7054,26.593,120.41,1.2414,75.338,23.98,2.302,54.018,4.843,231.67,0.011538,0.85894,65.655,19.036,44.845
8,2026-04-06T08:21:00,50.723,26.398,26.911,32.898,40.677,2709.4,3600.6,19.555,18.089,22.204,0.26554,0.089587,341.44,77.456,6.8183,13.701,32.395,4589.4,22.336,48.207,50.469,80.264,2.2565,1.6793,3107.0,42.213,54.008,94.648,9.3159,63.363,39.479,38.511,2638.5,63.155,25.32,47.679,0.32607,8.7054,26.593,120.38,1.2414,75.147,23.98,2.302,54.018,4.843,227.77,0.011538,0.85894,65.708,19.036,44.845
9,2026-04-06T08:24:00,50.078,22.433,26.57,33.002,41.162,2708.5,3649.5,17.118,18.549,22.156,0.22858,0.10364,341.66,77.13,6.8967,13.685,31.867,4517.4,23.369,46.714,48.503,80.182,2.2784,1.6576,3105.1,42.081,53.37,94.524,9.2898,64.521,33.695,38.211,2637.8,63.702,24.76,47.916,0.32277,8.9513,26.377,120.41,1.0352,75.151,23.75,2.2363,54.081,4.7955,231.98,0.0086699,0.83677,65.763,18.573,43.604
10,2026-04-06T08:27:00,49.176,22.274,26.864,33.002,40.498,2707.6,3687.9,20.072,18.549,22.125,0.23019,0.10364,341.73,76.884,6.8967,13.685,31.867,4474.5,22.134,44.627,48.997,80.073,2.2784,1.6576,3104.8,42.295,53.884,94.598,9.2915,61.863,35.149,38.405,2636.7,63.042,24.916,48.128,0.32119,8.9513,26.377,120.4,1.0352,75.043,23.75,2.2363,54.081,4.7955,232.59,0.0086699,0.83677,65.771,18.573,43.604
11,2026-04-06T08:30:00,50.825,27.28,26.805,33.301,41.254,2705.7,3639.5,16.343,18.664,22.073,0.28261,0.10364,341.61,77.178,6.8565,13.732,32.176,4520.8,23.706,48.443,50.687,79.828,2.276,1.6409,3102.9,42.289,54.462,94.59,9.3266,61.44,40.122,37.841,2634.3,63.21,24.297,48.262,0.32067,8.9353,26.067,120.44,1.3064,75.393,24.121,2.23,54.081,4.82,234.1,0.0086699,0.83677,65.743,18.477,43.604
12,2026-04-06T08:33:00,49.264,27.835,26.78,33.301,40.941,2708.0,3633.5,17.753,18.664,22.411,0.27697,0.10364,341.24,77.543,6.8565,13.732,32.176,4534.8,23.102,44.83,49.823,80.009,2.276,1.6409,3105.3,42.519,54.294,94.628,9.3142,59.465,37.58,37.803,2636.5,63.313,25.124,48.607,0.32098,8.9353,26.067,120.38,1.3064,75.147,24.121,2.23,54.081,4.82,233.25,0.0086699,0.83677,65.736,18.477,43.604
13,2026-04-06T08:36:00,49.248,24.803,26.634,33.136,41.865,2707.8,3674.5,18.769,18.947,22.128,0.25148,0.10364,341.54,77.216,7.0694,13.786,32.033,4510.1,22.682,44.793,49.188,80.009,2.2594,1.6642,3105.8,42.391,54.867,94.539,9.3923,62.316,35.71,38.651,2636.8,62.965,24.427,48.593,0.32301,9.0229,26.47,120.43,1.1411,75.224,24.023,2.2913,54.081,4.8578,236.37,0.0086699,0.83677,65.792,18.813,43.604
14,2026-04-06T08:39:00,49.102,25.027,27.145,33.136,40.392,2708.3,3677.2,17.52,18.947,22.331,0.24921,0.10493,341.4,77.161,7.0694,13.786,32.033,4559.9,23.211,44.456,48.472,80.06,2.2594,1.6642,3105.5,43.065,54.271,94.622,9.2469,62.536,33.603,38.459,2637.5,62.918,25.163,48.475,0.32458,9.0229,26.47,120.38,1.1411,75.575,24.023,2.2913,53.262,4.8578,234.54,0.031622,0.84067,65.816,18.813,43.489
15,2026-04-06T08:42:00,49.48,26.159,27.158,33.41,41.478,2708.0,3588.3,19.258,18.731,22.318,0.26704,0.10493,341.48,77.554,6.9302,13.668,31.948,4486.8,22.468,45.33,50.417,80.038,2.2581,1.7049,3106.0,42.504,54.345,94.585,9.3048,59.366,39.327,39.301,2636.3,62.505,25.892,48.651,0.32869,8.7713,25.926,120.41,1.2761,75.9,24.03,2.2941,53.262,4.8009,232.88,0.031622,0.84067,65.811,18.598,43.489
16,2026-04-06T08:45:00,50.966,26.355,26.651,33.41,40.791,2706.9,3621.5,16.559,18.731,22.199,0.26504,0.10493,341.41,77.089,6.9302,13.668,31.948,4505.0,23.62,48.769,48.506,79.969,2.2581,1.7049,3104.3,42.199,54.127,94.718,9.2136,63.698,33.704,39.28,2635.6,61.934,25.077,48.653,0.32887,8.7713,25.926,120.38,1.2761,75.365,24.03,2.2941,53.262,4.8009,233.15,0.031622,0.84067,65.837,18.598,43.489
17,2026-04-06T08:48:00,51.078,27.179,27.245,32.856,41.523,2708.4,3676.9,16.822,18.224,22.54,0.27721,0.10493,341.7,77.304,6.7248,13.916,31.818,4524.9,23.507,49.029,49.861,79.89,2.2593,1.6394,3105.6,42.294,54.427,94.748,9.238,61.321,37.692,37.503,2636.9,62.089,25.311,48.4,0.31633,8.8494,26.294,120.41,1.1915,75.282,23.496,2.3418,53.262,4.8482,236.29,0.031622,0.84067,65.817,18.989,43.489
18,2026-04-06T08:51:00,50.145,27.279,26.89,32.856,41.32,2709.6,3639.4,18.314,18.224,22.669,0.2762,0.10493,342.05,76.973,6.7248,13.916,31.818,4522.0,22.889,46.87,49.67,79.982,2.2593,1.6394,3106.3,42.123,54.463,94.575,9.2802,60.854,37.128,37.702,2638.8,62.735,25.985,48.452,0.31471,8.8494,26.294,120.39,1.1915,75.545,23.496,2.3418,53.262,4.8482,236.03,0.031622,0.84067,65.797,18.989,43.489
19,2026-04-06T08:54:00,50.19,28.675,26.989,33.182,41.565,2709.7,3676.0,17.023,18.629,22.408,0.29353,0.08548,341.73,77.473,6.6086,13.661,32.096,4472.7,23.419,46.973,49.452,79.922,2.2766,1.644,3107.2,42.474,54.09,94.516,9.2771,61.152,36.486,41.217,2638.7,63.957,25.928,48.557,0.33985,8.8751,26.738,120.41,1.1743,75.888,23.874,2.301,54.108,4.8101,236.35,0.016728,0.83894,65.804,18.965,44.003
20,2026-04-06T08:57:00,49.424,28.794,26.837,33.182,41.789,2711.5,3675.5,20.045,18.629,22.764,0.29233,0.08548,342.12,77.559,6.6086,13.661,32.096,4465.8,22.133,45.201,51.703,80.257,2.2766,1.644,3107.4,42.243,54.172,94.442,9.3295,60.731,43.113,40.711,2642.2,63.967,25.225,48.807,0.34399,8.8751,26.738,120.42,1.1743,75.607,23.874,2.301,54.108,4.8101,234.34,0.016728,0.83894,65.832,18.965,44.003
21,2026-04-06T09:00:00,50.047,26.357,26.987,33.565,41.557,2708.6,3759.6,18.436,18.661,22.383,0.26811,0.08548,341.8,76.991,6.8039,13.912,32.337,4534.3,22.823,46.644,47.436,80.152,2.2855,1.6431,3106.5,42.188,53.377,94.416,9.2638,62.366,30.553,37.308,2637.2,63.742,26.02,48.784,0.31573,8.8935,26.278,120.43,1.1883,75.689,24.35,2.324,54.108,4.764,235.32,0.016728,0.83894,65.946,18.622,44.003
22,2026-04-06T09:03:00,51.586,26.376,26.871,33.565,41.63,2702.7,3767.9,19.335,18.661,22.177,0.26792,0.08548,341.71,76.402,6.8039,13.912,32.337,4469.2,22.474,50.205,52.155,79.815,2.2855,1.6431,3101.3,42.537,54.156,94.346,9.3911,60.158,44.441,37.6,2632.0,63.599,25.276,48.677,0.31333,8.8935,26.278,120.41,1.1883,75.533,24.35,2.324,54.108,4.764,237.3,0.016728,0.83894,65.917,18.622,44.003
23,2026-04-06T09:06:00,49.679,23.946,27.122,33.113,40.89,2698.0,3714.0,18.743,18.575,22.264,0.24553,0.08548,341.54,76.865,6.799,13.85,32.107,4488.5,22.727,45.791,49.791,79.589,2.2573,1.684,3095.2,42.073,54.766,94.557,9.3213,60.556,37.485,40.203,2625.8,62.98,26.836,48.825,0.34646,8.8483,26.741,120.36,1.2497,74.125,24.067,2.2323,54.108,4.8831,236.49,0.016728,0.83894,65.816,18.856,44.003
24,2026-04-06T09:09:00,48.783,23.938,27.03,33.113,42.11,2697.4,3682.1,16.857,18.575,22.36,0.24561,0.10532,341.62,76.97,6.799,13.85,32.107,4552.3,23.523,43.716,49.786,79.756,2.2573,1.684,3093.4,42.269,54.002,94.598,9.2009,60.848,37.47,40.775,2626.6,63.529,24.611,48.875,0.34177,8.8483,26.741,120.41,1.2497,74.983,24.067,2.2323,54.22,4.8831,236.35,0.01102,0.83931,65.773,18.856,44.485
25,2026-04-06T09:12:00,49.525,26.124,26.888,33.16,40.889,2699.3,3710.6,18.225,18.303,22.363,0.267,0.10532,341.57,77.405,6.9382,13.874,32.819,4574.8,22.93,45.436,49.794,80.101,2.2764,1.6203,3095.5,42.316,53.163,94.563,9.302,61.058,37.495,39.923,2628.7,63.158,27.093,48.735,0.33581,8.97,26.015,120.41,1.32,75.643,23.607,2.3663,54.22,4.7747,238.55,0.01102,0.83931,65.809,18.847,44.485
26,2026-04-06T09:15:00,50.514,26.298,26.919,33.16,40.688,2698.2,3666.0,15.048,18.303,21.978,0.26523,0.10532,340.71,77.093,6.9382,13.874,32.819,4539.4,24.273,47.723,48.751,80.127,2.2764,1.6203,3095.8,42.317,53.587,94.482,9.3329,60.193,34.424,40.414,2626.7,63.924,27.709,48.914,0.33179,8.97,26.015,120.39,1.32,76.192,23.607,2.3663,54.22,4.7747,237.11,0.01102,0.83931,65.898,18.847,44.485
27,2026-04-06T09:18:00,48.97,19.107,26.686,32.883,40.926,2696.7,3679.9,17.28,18.758,21.948,0.19508,0.10532,340.81,77.426,7.0787,13.929,32.406,4512.1,23.319,44.151,50.261,80.287,2.2921,1.7234,3094.4,42.69,53.922,94.663,9.3309,60.578,38.869,40.657,2626.7,62.477,25.358,49.149,0.3357,8.9348,26.508,120.39,1.1947,75.319,23.648,2.2881,54.22,4.776,235.01,0.01102,0.83931,65.96,18.224,44.485
28,2026-04-06T09:21:00,49.545,19.06,26.949,32.883,40.81,2695.0,3660.3,15.664,18.758,21.472,0.19555,0.10532,339.77,77.162,7.0787,13.929,32.406,4495.0,24.003,45.482,48.713,80.317,2.2921,1.7234,3094.3,42.624,54.127,94.665,9.3147,60.458,34.311,40.532,2622.5,62.815,27.201,49.119,0.33673,8.9348,26.508,120.39,1.1947,75.343,23.648,2.2881,54.22,4.776,235.85,0.01102,0.83931,66.057,18.224,44.485
29,2026-04-06T09:24:00,48.85,22.688,26.95,32.852,41.072,2694.9,3622.1,16.438,18.623,21.764,0.22957,0.10675,339.85,77.381,7.0874,13.99,32.268,4581.4,23.668,43.873,48.934,80.356,2.2572,1.6321,3093.0,42.108,54.664,94.898,9.2595,60.568,34.962,40.88,2623.6,62.121,24.82,49.289,0.34679,8.9041,26.731,120.38,1.1284,75.1,23.71,2.2995,53.083,4.8252,234.62,0.025616,0.85571,66.085,18.693,43.608
30,2026-04-06T09:27:00,51.003,22.556,26.976,32.852,39.672,2695.2,3604.9,17.287,18.623,21.788,0.23091,0.10675,339.52,77.35,7.0874,13.99,32.268,4562.3,23.309,48.856,50.276,80.321,2.2572,1.6321,3094.4,42.096,54.892,94.832,9.3093,62.697,38.911,40.905,2623.9,62.416,26.802,49.185,0.34659,8.9041,26.731,120.35,1.1284,74.445,23.71,2.2995,53.083,4.8252,236.35,0.025616,0.85571,66.125,18.693,43.608
31,2026-04-06T09:30:00,49.399,23.585,26.945,33.384,40.868,2697.1,3620.0,19.048,18.762,21.761,0.244,0.10675,339.24,77.45,6.8131,14.05,31.939,4505.0,22.563,45.142,49.536,80.359,2.3159,1.6127,3095.3,42.595,54.479,94.864,9.3447,59.507,36.734,41.824,2625.2,61.89,24.808,49.213,0.35405,8.659,25.803,120.41,1.471,75.778,23.524,2.3421,53.083,4.8737,236.61,0.025616,0.85571,66.111,18.431,43.608
32,2026-04-06T09:33:00,49.944,23.705,27.144,33.384,39.677,2696.9,3628.1,19.482,18.762,21.874,0.24278,0.10675,339.75,77.12,6.8131,14.05,31.939,4554.3,22.389,46.403,50.484,80.335,2.3159,1.6127,3095.6,42.396,53.89,94.845,9.3451,61.303,39.525,42.242,2625.6,61.751,24.942,49.306,0.35062,8.659,25.803,120.35,1.471,75.031,23.524,2.3421,53.083,4.8737,236.15,0.025616,0.85571,66.101,18.431,43.608
33,2026-04-06T09:36:00,49.08,27.087,26.942,32.976,41.6,2697.7,3697.6,18.403,19.242,21.576,0.27384,0.10675,339.62,77.479,7.0265,14.008,32.204,4569.3,22.838,44.406,49.58,80.205,2.3376,1.6448,3096.6,42.127,54.391,94.788,9.2622,61.619,36.863,42.956,2626.0,62.897,24.326,49.262,0.36035,8.9448,26.293,120.43,1.1506,74.91,23.575,2.4183,53.083,4.9938,237.25,0.025616,0.85571,66.103,19.32,43.608
34,2026-04-06T09:39:00,50.835,26.949,26.926,32.976,40.77,2699.1,3698.0,16.522,19.242,21.79,0.27524,0.11048,339.56,77.46,7.0265,14.008,32.204,4537.8,23.623,48.466,50.133,80.431,2.3376,1.6448,3099.7,42.621,54.767,94.487,9.3023,59.791,38.491,43.173,2627.8,62.889,26.154,49.731,0.35858,8.9448,26.293,120.43,1.1506,75.11,23.575,2.4183,53.555,4.9938,237.51,0.00084117,0.84805,66.087,19.32,44.721
35,2026-04-06T09:42:00,48.316,24.517,26.887,32.744,40.828,2696.9,3638.4,19.324,18.411,21.768,0.25118,0.11048,339.5,77.274,6.8675,13.64,32.188,4448.2,22.448,42.636,51.235,80.311,2.296,1.7005,3095.8,42.217,53.64,94.866,9.254,61.769,41.733,42.193,2624.6,62.008,23.597,49.772,0.35986,8.8946,26.337,120.39,1.2632,74.775,23.962,2.3862,53.555,4.8886,239.73,0.00084117,0.84805,66.156,19.27,44.721
36,2026-04-06T09:45:00,50.593,24.761,26.988,32.744,40.295,2693.9,3615.7,21.269,18.411,21.473,0.24869,0.11048,339.12,77.002,6.8675,13.64,32.188,4454.8,21.644,47.906,49.394,80.098,2.296,1.7005,3093.8,42.241,53.562,94.721,9.3836,61.169,36.316,42.411,2621.3,62.399,25.446,49.858,0.35807,8.8946,26.337,120.39,1.2632,75.135,23.962,2.3862,53.555,4.8886,241.5,0.00084117,0.84805,66.12,19.27,44.721
37,2026-04-06T09:48:00,50.36,24.871,26.748,33.142,41.328,2695.5,3658.8,17.089,18.648,21.697,0.25055,0.11048,339.81,77.463,6.9226,13.918,32.149,4449.6,23.395,47.368,51.903,80.156,2.2592,1.6851,3093.8,42.095,53.66,94.883,9.2927,62.568,43.701,37.957,2624.4,62.991,26.922,50.211,0.31395,8.9558,26.245,120.42,1.194,75.471,23.667,2.3086,53.555,4.8694,240.3,0.00084117,0.84805,66.103,19.242,44.721
38,2026-04-06T09:51:00,49.522,24.805,27.157,33.142,41.163,2696.9,3685.4,20.298,18.648,21.678,0.25122,0.11048,339.73,77.47,6.9226,13.918,32.149,4494.4,22.041,45.428,50.733,80.288,2.2592,1.6851,3095.4,42.59,53.124,94.607,9.3217,61.557,40.257,37.397,2624.7,62.533,25.118,50.265,0.31855,8.9558,26.245,120.4,1.194,74.58,23.667,2.3086,53.555,4.8694,242.41,0.00084117,0.84805,66.155,19.242,44.721
39,2026-04-06T09:54:00,49.966,24.896,26.805,32.455,40.565,2696.3,3644.4,20.602,18.735,21.724,0.25819,0.10097,339.85,77.137,6.8162,13.796,32.424,4496.8,21.923,46.455,51.071,80.284,2.2831,1.6297,3095.6,42.37,53.083,94.705,9.4288,62.335,41.252,41.262,2624.4,62.742,25.722,50.454,0.34722,8.7815,26.668,120.42,1.1679,75.543,23.747,2.2163,53.095,4.8195,241.11,0.016726,0.85047,66.182,19.325,43.815
40,2026-04-06T09:57:00,50.468,25.151,26.949,32.455,41.108,2695.1,3646.6,18.718,18.735,21.54,0.2556,0.10097,339.77,77.379,6.8162,13.796,32.424,4466.4,22.712,47.617,51.343,80.208,2.2831,1.6297,3094.1,42.382,53.446,94.737,9.3592,60.311,42.053,41.362,2623.7,62.705,25.281,50.655,0.34639,8.7815,26.668,120.4,1.1679,75.143,23.747,2.2163,53.095,4.8195,240.72,0.016726,0.85047,66.191,19.325,43.815
41,2026-04-06T10:00:00,50.482,22.341,27.103,32.922,41.332,2696.7,3686.0,18.488,18.724,21.946,0.22884,0.10097,339.57,77.766,6.7398,13.865,32.212,4455.3,22.792,47.65,49.019,80.429,2.2621,1.6742,3096.1,42.339,53.289,94.562,9.4043,60.464,35.213,39.744,2625.8,62.972,24.918,50.521,0.33341,8.8967,26.179,120.4,1.4451,74.167,23.334,2.338,53.095,4.8775,244.12,0.016726,0.85047,66.224,19.079,43.815
42,2026-04-06T10:03:00,48.84,22.214,26.939,32.922,41.444,2699.0,3665.5,17.315,18.724,21.683,0.23013,0.10097,339.68,77.573,6.7398,13.865,32.212,4460.3,23.277,43.851,49.905,80.648,2.2621,1.6742,3097.4,42.184,53.229,94.603,9.3367,60.584,37.821,40.137,2628.1,63.323,26.273,50.944,0.3302,8.8967,26.179,120.42,1.4451,74.272,23.334,2.338,53.095,4.8775,241.16,0.016726,0.85047,66.297,19.079,43.815
43,2026-04-06T10:06:00,49.576,24.255,26.788,33.274,41.018,2696.4,3690.7,19.463,18.78,21.375,0.24785,0.10097,339.24,77.081,6.9088,13.826,32.25,4462.4,22.387,45.554,51.168,80.42,2.2289,1.6478,3096.8,42.365,53.737,94.562,9.3795,60.998,41.536,40.88,2625.1,63.658,26.148,51.107,0.33923,9.1323,25.812,120.45,1.2471,74.369,23.581,2.3518,53.095,4.8689,241.09,0.016726,0.85047,66.364,18.912,43.815
44,2026-04-06T10:09:00,49.492,24.382,27.094,33.274,40.858,2694.3,3690.6,19.451,18.78,21.655,0.24655,0.09555,339.68,77.221,6.9088,13.826,32.25,4478.1,22.394,45.358,48.563,80.241,2.2289,1.6478,3094.0,42.528,53.549,94.596,9.316,62.479,33.87,40.962,2622.0,63.66,25.946,51.06,0.33855,9.1323,25.812,120.41,1.2471,73.924,23.581,2.3518,53.65,4.8689,244.38,0.01807,0.82727,66.359,18.912,43.686
45,2026-04-06T10:12:00,48.503,23.987,27.321,32.865,40.345,2693.3,3677.5,12.989,18.741,21.535,0.24224,0.09555,339.06,77.469,6.9186,13.672,32.107,4488.6,25.111,43.068,50.46,80.218,2.2897,1.6599,3094.4,42.665,53.797,94.599,9.3306,62.215,39.453,40.24,2622.0,62.457,24.513,51.277,0.33619,8.854,26.294,120.37,1.2963,74.361,23.704,2.4421,53.65,4.8765,244.2,0.01807,0.82727,66.324,18.644,43.686
46,2026-04-06T10:15:00,50.658,23.894,26.742,32.865,41.316,2696.5,3665.3,18.632,18.741,21.511,0.24318,0.09555,339.79,77.276,6.9186,13.672,32.107,4446.9,22.732,48.058,48.864,80.461,2.2897,1.6599,3096.1,42.615,54.297,94.613,9.2539,63.226,34.757,40.001,2625.1,62.669,26.713,51.512,0.33815,8.854,26.294,120.41,1.2963,75.332,23.704,2.4421,53.65,4.8765,243.8,0.01807,0.82727,66.351,18.644,43.686
47,2026-04-06T10:18:00,51.823,25.467,27.133,33.039,40.918,2697.2,3665.7,15.886,18.326,21.6,0.25512,0.09555,339.19,77.23,6.9381,14.026,31.632,4557.5,23.89,50.754,50.305,80.338,2.3122,1.6831,3097.7,42.471,53.629,94.725,9.2224,62.693,38.997,38.062,2625.3,62.545,23.441,51.694,0.31945,9.036,26.586,120.4,1.451,74.879,23.416,2.3292,53.65,4.8657,243.94,0.01807,0.82727,66.414,19.062,43.686
48,2026-04-06T10:21:00,50.339,25.314,26.447,33.039,41.82,2698.1,3637.4,20.018,18.326,21.304,0.25668,0.09555,339.58,77.293,6.9381,14.026,31.632,4489.7,22.148,47.319,49.307,80.286,2.3122,1.6831,3098.7,42.537,54.44,94.534,9.2334,61.77,36.061,38.297,2626.0,63.032,25.828,51.76,0.31752,9.036,26.586,120.41,1.451,74.349,23.416,2.3292,53.65,4.8657,245.4,0.01807,0.82727,66.436,19.062,43.686
49,2026-04-06T10:24:00,50.557,30.268,27.021,33.142,40.933,2700.5,3660.7,15.866,18.641,21.741,0.30485,0.097832,339.94,77.524,6.8106,13.958,32.464,4484.6,23.889,47.823,49.874,80.348,2.2579,1.666,3098.7,42.3,53.462,94.789,9.3403,63.111,37.728,43.19,2628.8,62.416,26.154,51.303,0.35533,8.9556,26.149,120.39,1.3516,75.055,23.364,2.2866,54.237,4.9675,246.14,0.033724,0.84223,66.439,18.96,44.283
50,2026-04-06T10:27:00,50.145,29.997,26.914,33.142,41.422,2701.0,3644.6,17.937,18.641,21.779,0.3076,0.097832,340.11,77.404,6.8106,13.958,32.464,4480.7,23.02,46.87,49.858,80.352,2.2579,1.666,3100.4,42.504,53.509,94.565,9.4853,59.467,37.681,43.053,2629.6,62.693,26.37,51.29,0.35646,8.9556,26.149,120.4,1.3516,75.026,23.364,2.2866,54.237,4.9675,245.6,0.033724,0.84223,66.394,18.96,44.283
51,2026-04-06T10:30:00,48.409,22.475,26.776,33.214,40.878,2698.9,3666.7,18.55,18.87,21.77,0.22592,0.097832,340.43,77.219,6.9254,13.648,32.397,4506.1,22.767,42.852,51.661,80.201,2.2868,1.6684,3097.8,42.73,53.415,94.622,9.3537,61.862,42.987,42.261,2627.8,63.439,23.821,51.344,0.35012,8.921,25.854,120.4,1.2567,74.94,23.355,2.3415,54.237,4.8569,244.35,0.033724,0.84223,66.392,18.673,44.283
52,2026-04-06T10:33:00,48.434,22.271,26.815,33.214,41.195,2698.5,3682.1,16.858,18.87,21.977,0.22799,0.097832,340.72,77.332,6.9254,13.648,32.397,4507.4,23.482,42.91,50.65,80.118,2.2868,1.6684,3096.8,42.548,53.4,94.653,9.3323,62.367,40.014,42.085,2627.3,63.174,24.924,51.205,0.35156,8.921,25.854,120.38,1.2567,74.319,23.355,2.3415,54.237,4.8569,245.29,0.033724,0.84223,66.32,18.673,44.283
53,2026-04-06T10:36:00,49.815,22.72,27.035,32.857,40.578,2699.8,3652.3,18.246,18.721,22.048,0.23144,0.097832,340.89,77.448,6.9171,13.788,32.03,4541.0,22.892,46.107,50.96,80.208,2.2675,1.6926,3097.8,42.29,53.695,94.587,9.3619,61.823,40.926,37.843,2627.7,62.693,25.409,51.227,0.31806,8.9086,26.064,120.38,1.2381,74.109,23.589,2.3046,54.237,4.9457,244.41,0.033724,0.84223,66.309,18.556,44.283
54,2026-04-06T10:39:00,48.849,22.768,26.281,32.857,41.379,2701.0,3653.8,19.962,18.721,21.65,0.23095,0.096309,340.82,77.2,6.9171,13.788,32.03,4522.8,22.176,43.871,50.59,80.2,2.2675,1.6926,3099.1,42.234,53.913,94.672,9.3857,61.298,39.836,37.569,2630.3,62.668,23.279,51.397,0.32031,8.9086,26.064,120.42,1.2381,74.722,23.589,2.3046,53.083,4.9457,246.16,0.020223,0.82419,66.312,18.556,44.254
55,2026-04-06T10:42:00,48.238,26.336,26.701,32.583,40.326,2702.6,3621.8,18.559,18.901,21.554,0.26519,0.096309,340.44,77.6,6.9301,13.8,31.914,4533.8,22.753,42.456,48.877,80.301,2.307,1.6412,3103.3,42.545,54.096,94.632,9.3884,60.423,34.795,39.89,2631.8,63.253,24.24,51.54,0.33073,8.8214,26.053,120.38,1.2187,75.21,24.258,2.3089,53.083,4.9031,245.8,0.020223,0.82419,66.311,18.482,44.254
56,2026-04-06T10:45:00,49.206,26.301,27.125,32.583,41.903,2704.5,3636.9,17.95,18.901,22.026,0.26555,0.096309,341.35,77.311,6.9301,13.8,31.914,4553.9,23.018,44.696,51.239,80.208,2.307,1.6412,3102.7,42.756,53.855,94.618,9.39,60.545,41.746,39.455,2633.6,62.994,24.641,51.679,0.3343,8.8214,26.053,120.43,1.2187,75.61,24.258,2.3089,53.083,4.9031,245.45,0.020223,0.82419,66.354,18.482,44.254
57,2026-04-06T10:48:00,50.204,27.526,26.723,33.084,40.735,2707.3,3637.4,18.637,18.459,22.099,0.27995,0.096309,341.04,77.545,6.9811,13.714,31.791,4542.5,22.72,47.007,48.937,80.238,2.2779,1.6713,3105.7,42.441,54.218,94.56,9.5537,60.136,34.972,39.661,2636.1,62.831,23.842,51.71,0.33483,8.7807,26.202,120.4,1.3596,74.727,24.272,2.3366,53.083,4.8374,246.33,0.020223,0.82419,66.319,18.721,44.254
58,2026-04-06T10:51:00,48.776,27.536,26.888,33.084,42.077,2709.7,3657.6,17.937,18.459,22.475,0.27984,0.096309,341.42,77.599,6.9811,13.714,31.791,4514.9,23.007,43.701,49.042,80.31,2.2779,1.6713,3106.6,42.728,54.548,94.499,9.4269,60.192,35.282,39.958,2639.1,62.485,24.921,51.832,0.33239,8.7807,26.202,120.43,1.3596,75.636,24.272,2.3366,53.083,4.8374,246.17,0.020223,0.82419,66.366,18.721,44.254
59,2026-04-06T10:54:00,49.51,29.098,26.908,33.129,40.554,2710.1,3595.6,22.239,19.177,22.366,0.29478,0.10527,341.92,77.105,6.7815,13.809,32.194,4516.7,21.208,45.4,51.258,80.204,2.3142,1.6197,3107.1,42.508,53.968,94.491,9.3985,61.74,41.803,38.702,2639.4,63.035,25.052,51.45,0.32307,8.9773,26.596,120.39,1.2957,74.854,24.101,2.2935,53.41,4.8754,246.43,0.031056,0.83808,66.375,18.646,44.543
60,2026-04-06T10:57:00,51.399,29.057,26.839,33.129,40.244,2709.1,3645.3,16.537,19.177,22.276,0.29519,0.10527,342.66,76.917,6.7815,13.809,32.194,4516.9,23.626,49.773,50.149,79.882,2.3142,1.6197,3105.8,42.049,53.966,94.63,9.4107,60.843,38.537,38.625,2638.1,62.179,26.994,51.384,0.3237,8.9773,26.596,120.4,1.2957,74.881,24.101,2.2935,53.41,4.8754,246.15,0.031056,0.83808,66.289,18.646,44.543
61,2026-04-06T11:00:00,50.636,25.459,27.318,33.201,40.915,2709.7,3650.6,18.082,18.962,22.658,0.25786,0.10527,342.41,77.34,6.7767,13.814,32.032,4519.0,22.967,48.007,49.484,79.912,2.3193,1.6712,3106.5,42.278,54.141,94.574,9.4495,61.869,36.581,39.335,2638.5,63.838,25.384,51.261,0.33793,8.8977,26.486,120.38,1.1277,74.208,23.712,2.3573,53.41,4.7997,246.57,0.031056,0.83808,66.213,18.847,44.543
62,2026-04-06T11:03:00,50.056,25.379,26.827,33.201,41.97,2711.8,3681.3,17.326,18.962,22.543,0.25867,0.10527,342.65,77.55,6.7767,13.814,32.032,4524.7,23.271,46.664,49.21,80.162,2.3193,1.6712,3108.8,42.366,54.074,94.386,9.2696,60.755,35.775,39.817,2641.8,63.311,24.286,51.434,0.33398,8.8977,26.486,120.42,1.1277,74.312,23.712,2.3573,53.41,4.7997,243.64,0.031056,0.83808,66.2,18.847,44.543
63,2026-04-06T11:06:00,50.472,27.289,27.08,32.974,41.141,2711.2,3675.3,18.501,18.284,22.595,0.27215,0.10527,342.8,77.194,6.7539,13.824,32.031,4467.2,22.783,47.626,50.887,80.127,2.2619,1.641,3108.2,42.544,54.271,94.509,9.3386,61.329,40.709,39.54,2640.3,63.554,26.557,51.092,0.33735,8.8663,26.122,120.4,1.2248,75.046,23.328,2.2278,53.41,4.7319,246.45,0.031056,0.83808,66.225,18.338,44.543
64,2026-04-06T11:09:00,50.424,26.936,27.251,32.974,42.377,2709.4,3680.3,16.238,18.284,22.896,0.27574,0.10886,343.08,77.141,6.7539,13.824,32.031,4497.1,23.741,47.516,50.526,79.94,2.2619,1.641,3105.9,42.603,53.914,94.323,9.3118,59.034,39.649,39.385,2638.2,63.468,25.692,51.533,0.33862,8.8663,26.122,120.43,1.2248,74.758,23.328,2.2278,53.178,4.7319,244.39,0.0055413,0.83168,66.227,18.338,43.641
65,2026-04-06T11:12:00,51.266,27.259,27.083,32.988,40.893,2708.8,3720.1,17.535,18.813,22.579,0.27599,0.10886,343.0,77.25,6.8291,13.67,32.109,4573.5,23.194,49.464,49.278,79.944,2.2988,1.6266,3104.9,42.208,54.279,94.522,9.3196,63.02,35.975,39.765,2638.5,63.093,26.735,51.328,0.33761,8.8016,26.283,120.39,1.3084,74.75,23.7,2.3244,53.178,4.7945,247.37,0.0055413,0.83168,66.25,19.017,43.641
66,2026-04-06T11:15:00,49.581,27.097,27.221,32.988,41.986,2708.2,3652.2,19.772,18.813,22.362,0.27764,0.10886,342.25,77.124,6.8291,13.67,32.109,4539.9,22.256,45.565,50.196,79.94,2.2988,1.6266,3105.6,42.748,54.681,94.321,9.4935,60.948,38.676,40.032,2636.5,64.262,25.86,51.622,0.33542,8.8016,26.283,120.43,1.3084,75.704,23.7,2.3244,53.178,4.7945,244.76,0.0055413,0.83168,66.249,19.017,43.641
67,2026-04-06T11:18:00,52.061,26.576,26.66,32.676,40.817,2706.4,3664.7,20.29,18.578,22.477,0.27018,0.10886,342.9,77.352,6.7105,13.773,32.408,4518.3,22.032,51.304,51.925,79.972,2.246,1.6587,3102.6,41.873,53.29,94.481,9.2965,60.47,43.765,37.636,2636.5,63.471,25.677,51.535,0.32041,8.8154,26.6,120.4,1.0574,75.234,24.079,2.2283,53.178,4.9061,246.43,0.0055413,0.83168,66.24,18.542,43.641
68,2026-04-06T11:21:00,50.175,26.285,26.795,32.676,41.662,2707.7,3679.2,18.031,18.578,22.426,0.27315,0.10886,342.85,77.503,6.7105,13.773,32.408,4460.4,22.976,46.939,49.191,80.085,2.246,1.6587,3103.7,42.428,53.983,94.363,9.3272,61.113,35.718,37.741,2636.3,63.221,25.107,51.588,0.31955,8.8154,26.6,120.41,1.0574,75.452,24.079,2.2283,53.178,4.9061,246.5,0.0055413,0.83168,66.276,18.542,43.641
69,2026-04-06T11:24:00,48.444,23.696,26.565,33.175,41.341,2705.6,3694.8,17.89,18.319,22.196,0.24025,0.10101,342.86,77.234,6.77,13.867,32.143,4558.8,23.043,42.932,49.096,80.007,2.274,1.6462,3103.0,42.749,53.973,94.518,9.4023,59.739,35.439,38.761,2634.4,64.099,24.408,51.5,0.33239,8.8933,26.665,120.39,1.2917,75.667,23.994,2.3578,54.465,4.7415,246.29,0.011921,0.83299,66.289,18.493,43.546
70,2026-04-06T11:27:00,49.071,23.65,26.846,33.175,41.336,2704.6,3724.0,18.142,18.319,22.737,0.24072,0.10101,342.73,77.327,6.77,13.867,32.143,4560.4,22.933,44.385,50.521,80.054,2.274,1.6462,3100.2,42.362,53.953,94.277,9.2547,61.039,39.634,38.886,2634.6,63.598,25.081,51.436,0.33136,8.8933,26.665,120.41,1.2917,74.934,23.994,2.3578,54.465,4.7415,246.86,0.011921,0.83299,66.302,18.493,43.546
71,2026-04-06T11:30:00,49.576,26.02,27.157,33.088,41.482,2702.1,3698.6,17.456,18.616,22.481,0.26606,0.10101,342.44,76.968,7.0728,13.928,32.287,4486.3,23.238,45.552,49.808,79.952,2.2855,1.6647,3099.2,42.514,55.004,94.56,9.2416,62.901,37.536,40.269,2631.0,63.647,24.295,51.612,0.34075,8.6508,26.65,120.41,1.2904,75.31,23.925,2.2817,54.465,4.8412,244.73,0.011921,0.83299,66.297,18.698,43.546
72,2026-04-06T11:33:00,48.603,25.917,26.881,33.088,41.265,2699.4,3719.1,19.964,18.616,21.97,0.26711,0.10101,341.81,76.819,7.0728,13.928,32.287,4566.0,22.196,43.301,51.905,79.81,2.2855,1.6647,3097.4,42.426,54.049,94.343,9.3391,58.666,43.707,40.24,2627.1,63.293,24.744,51.577,0.34099,8.6508,26.65,120.41,1.2904,75.839,23.925,2.2817,54.465,4.8412,245.0,0.011921,0.83299,66.266,18.698,43.546
73,2026-04-06T11:36:00,50.738,24.746,26.772,32.976,40.18,2699.3,3608.9,17.609,18.784,22.273,0.25045,0.10101,342.15,77.263,7.013,14.076,31.909,4516.2,23.181,48.242,50.002,79.864,2.2484,1.6636,3094.7,42.259,54.171,94.863,9.2791,60.972,38.105,41.235,2627.4,62.497,25.258,51.411,0.34712,9.0175,26.331,120.36,1.4602,75.271,23.659,2.3167,54.465,4.9133,246.77,0.011921,0.83299,66.235,18.607,43.546
74,2026-04-06T11:39:00,49.37,24.617,27.095,32.976,41.505,2702.5,3599.8,17.196,18.784,22.531,0.25176,0.098344,341.68,77.76,7.013,14.076,31.909,4483.1,23.333,45.076,51.246,80.21,2.2484,1.6636,3097.2,41.954,54.567,94.62,9.2609,60.89,41.768,41.299,2631.4,62.653,25.336,51.348,0.34659,9.0175,26.331,120.39,1.4602,75.495,23.659,2.3167,52.9,4.9133,247.66,0.0054412,0.83454,66.251,18.607,44.591
75,2026-04-06T11:42:00,48.59,28.31,26.734,32.747,40.217,2701.7,3648.6,15.169,18.55,22.16,0.28933,0.098344,341.93,77.254,6.7621,13.81,32.275,4519.7,24.201,43.271,48.714,80.122,2.35,1.6639,3098.5,42.162,54.374,94.769,9.2682,62.957,34.315,42.77,2629.5,62.186,24.837,51.854,0.3691,8.8252,26.251,120.35,1.3198,75.168,23.75,2.2672,52.9,4.9203,241.93,0.0054412,0.83454,66.321,18.499,44.591
76,2026-04-06T11:45:00,48.406,28.469,27.097,32.747,41.278,2701.2,3616.2,12.778,18.55,22.2,0.28771,0.098344,341.8,77.059,6.7621,13.81,32.275,4547.3,25.22,42.845,48.732,79.98,2.35,1.6639,3098.3,42.659,54.044,94.641,9.3638,60.806,34.367,43.491,2628.6,62.744,26.306,51.514,0.3632,8.8252,26.251,120.39,1.3198,76.076,23.75,2.2672,52.9,4.9203,245.73,0.0054412,0.83454,66.304,18.499,44.591
77,2026-04-06T11:48:00,51.723,25.043,26.791,32.819,41.084,2702.9,3691.5,13.823,18.871,22.468,0.25371,0.098344,341.89,77.307,6.9356,13.68,31.992,4534.7,24.774,50.521,50.142,80.053,2.2369,1.649,3099.2,42.224,54.498,94.598,9.2336,62.307,38.518,40.199,2631.4,63.643,27.065,51.421,0.3332,8.9279,26.269,120.4,1.4431,74.584,24.009,2.2898,52.9,4.8689,246.75,0.0054412,0.83454,66.321,18.636,44.591
78,2026-04-06T11:51:00,50.521,25.028,26.999,32.819,41.672,2703.9,3721.1,18.336,18.871,22.438,0.25386,0.098344,341.55,77.781,6.9356,13.68,31.992,4543.3,22.848,47.739,49.855,80.358,2.2369,1.649,3100.5,42.245,54.395,94.386,9.3816,60.164,37.673,39.787,2633.7,63.134,25.372,51.415,0.33657,8.9279,26.269,120.41,1.4431,76.202,24.009,2.2898,52.9,4.8689,246.77,0.0054412,0.83454,66.343,18.636,44.591
79,2026-04-06T11:54:00,50.979,27.554,26.884,33.198,41.41,2704.3,3634.8,17.498,18.532,22.265,0.28412,0.092285,342.33,77.335,6.9569,13.986,32.406,4512.0,23.206,48.8,50.429,80.421,2.2973,1.6323,3100.8,42.314,54.467,94.533,9.238,60.513,39.364,38.265,2632.8,63.129,24.736,51.568,0.31962,8.9962,26.4,120.41,1.3896,75.276,23.65,2.2781,53.875,4.8797,245.36,0.017147,0.83594,66.418,18.907,43.99
80,2026-04-06T11:57:00,50.231,27.745,26.628,33.198,41.504,2701.0,3688.2,17.983,18.532,21.853,0.28218,0.092285,341.24,77.21,6.9569,13.986,32.406,4523.3,23.003,47.068,50.771,80.237,2.2973,1.6323,3099.4,41.856,54.331,94.543,9.2114,59.102,40.368,37.972,2629.7,62.21,24.157,51.556,0.32203,8.9962,26.4,120.43,1.3896,74.821,23.65,2.2781,53.875,4.8797,245.56,0.017147,0.83594,66.467,18.907,43.99
81,2026-04-06T12:00:00,50.926,23.428,26.681,32.802,39.983,2698.5,3649.3,18.373,19.084,22.062,0.24575,0.092285,341.56,77.47,6.8771,13.812,32.666,4493.0,22.833,48.676,52.019,80.184,2.2762,1.6603,3096.2,42.309,54.03,94.692,9.4973,62.51,44.041,42.031,2627.8,62.631,25.538,51.576,0.35607,8.9981,26.423,120.36,1.1919,75.733,23.57,2.2455,53.875,4.9297,245.45,0.017147,0.83594,66.44,18.389,43.99
82,2026-04-06T12:03:00,50.969,23.866,26.791,32.802,41.521,2697.3,3623.0,13.781,19.084,22.219,0.24129,0.092285,341.78,77.001,6.8771,13.812,32.666,4499.4,24.782,48.777,49.918,80.104,2.2762,1.6603,3093.9,42.258,53.954,94.666,9.3352,60.764,37.858,42.376,2626.8,63.084,27.743,51.411,0.35324,8.9981,26.423,120.41,1.1919,74.421,23.57,2.2455,53.875,4.9297,247.39,0.017147,0.83594,66.437,18.389,43.99
83,2026-04-06T12:06:00,50.353,21.044,27.073,33.418,40.332,2698.6,3637.6,17.33,18.55,22.203,0.21236,0.092285,341.73,77.326,6.8264,13.782,32.022,4562.7,23.275,47.351,51.886,80.263,2.2967,1.6739,3095.3,42.549,54.49,94.739,9.3184,59.111,43.651,39.843,2627.5,63.5,23.833,51.475,0.33683,8.9,26.597,120.39,1.2302,75.021,23.772,2.3213,53.875,4.9188,246.81,0.017147,0.83594,66.391,18.916,43.99
84,2026-04-06T12:09:00,49.412,21.017,26.792,33.418,41.172,2696.2,3655.4,17.709,18.55,22.061,0.21263,0.10664,341.64,76.652,6.8264,13.782,32.022,4548.2,23.141,45.174,49.726,80.097,2.2967,1.6739,3092.8,42.457,54.664,94.623,9.2316,62.889,37.294,39.82,2624.8,63.194,24.104,51.585,0.33701,8.9,26.597,120.4,1.2302,75.005,23.772,2.3213,53.441,4.9188,246.07,0.0419,0.83234,66.405,18.916,44.609
85,2026-04-06T12:12:00,49.768,27.057,27.347,33.525,40.695,2695.6,3698.6,19.707,18.527,22.139,0.27256,0.10664,340.96,77.558,6.787,13.784,32.489,4482.8,22.278,45.997,51.089,80.068,2.2565,1.7109,3093.6,42.322,54.172,94.667,9.3148,58.467,41.305,39.57,2624.5,62.923,26.366,51.466,0.33205,8.939,25.992,120.39,1.2915,75.488,24.04,2.3025,53.441,4.8151,247.74,0.0419,0.83234,66.365,19.187,44.609
86,2026-04-06T12:15:00,50.648,26.635,26.854,33.525,40.749,2697.5,3697.3,18.423,18.527,21.935,0.27684,0.10664,340.85,77.565,6.787,13.784,32.489,4517.0,22.811,48.034,48.977,80.342,2.2565,1.7109,3094.7,42.331,53.764,94.551,9.3235,61.456,35.088,39.61,2626.0,62.946,24.912,51.953,0.33172,8.939,25.992,120.39,1.2915,75.86,24.04,2.3025,53.441,4.8151,242.57,0.0419,0.83234,66.393,19.187,44.609
87,2026-04-06T12:18:00,50.427,22.441,26.496,32.99,41.753,2695.6,3683.8,20.046,18.455,21.931,0.22783,0.10664,340.74,77.368,6.7245,13.962,32.157,4495.7,22.129,47.523,47.662,80.447,2.2332,1.702,3092.5,42.437,53.309,94.565,9.3419,58.227,31.219,39.465,2625.0,63.594,24.392,51.802,0.33285,8.9037,26.357,120.38,1.2508,75.641,23.225,2.2513,53.441,4.8453,244.49,0.0419,0.83234,66.455,18.78,44.609
88,2026-04-06T12:21:00,50.223,22.375,26.803,32.99,40.915,2692.2,3683.5,17.501,18.455,21.828,0.2285,0.10664,340.49,77.007,6.7245,13.962,32.157,4471.4,23.214,47.05,49.982,80.284,2.2332,1.702,3089.8,41.988,53.6,94.438,9.3556,59.193,38.048,39.576,2620.8,63.6,24.423,51.658,0.33193,8.9037,26.357,120.38,1.2508,75.007,23.225,2.2513,53.441,4.8453,246.33,0.0419,0.83234,66.508,18.78,44.609
89,2026-04-06T12:24:00,48.657,25.243,26.808,33.201,41.052,2688.2,3722.5,19.355,18.648,21.485,0.2608,0.077519,339.52,77.013,7.0515,13.784,32.243,4568.4,22.444,43.427,50.001,80.07,2.3097,1.6467,3088.4,42.529,53.402,94.726,9.2993,59.957,38.102,41.871,2616.3,63.597,26.76,51.609,0.35286,8.9765,25.99,120.4,1.0273,75.425,23.59,2.3083,53.885,4.8619,246.09,0.017666,0.83312,66.47,18.814,43.874
90,2026-04-06T12:27:00,48.504,25.254,26.901,33.201,41.85,2689.4,3700.0,18.008,18.648,21.525,0.26069,0.077519,339.86,77.39,7.0515,13.784,32.243,4502.9,23.001,43.072,52.164,80.249,2.3097,1.6467,3088.5,42.287,54.186,94.386,9.3512,61.78,44.47,41.706,2617.9,63.983,25.299,51.632,0.35422,8.9765,25.99,120.42,1.0273,74.696,23.59,2.3083,53.885,4.8619,245.67,0.017666,0.83312,66.424,18.814,43.874
91,2026-04-06T12:30:00,49.726,24.783,27.37,33.181,40.954,2690.8,3632.6,17.599,18.912,21.928,0.24853,0.077519,339.86,77.645,6.8148,14.037,32.492,4472.3,23.158,45.9,50.181,80.554,2.2574,1.6766,3088.3,42.18,54.466,94.791,9.3308,60.866,38.632,40.24,2619.4,62.269,25.247,51.803,0.32776,9.0721,26.338,120.39,1.1811,75.518,23.752,2.2409,53.885,4.9955,243.51,0.017666,0.83312,66.472,19.173,43.874
92,2026-04-06T12:33:00,48.722,24.444,26.836,33.181,41.213,2691.1,3609.6,18.599,18.912,21.378,0.25198,0.077519,339.31,77.697,6.8148,14.037,32.492,4519.6,22.722,43.576,52.342,80.747,2.2574,1.6766,3090.5,41.956,53.9,94.649,9.2323,62.824,44.993,39.818,2619.6,62.665,24.101,51.418,0.33122,9.0721,26.338,120.41,1.1811,74.896,23.752,2.2409,53.885,4.9955,247.56,0.017666,0.83312,66.579,19.173,43.874
93,2026-04-06T12:36:00,48.27,22.221,27.228,32.638,40.243,2689.2,3685.1,20.615,19.156,21.626,0.22268,0.077519,339.45,77.041,6.9785,13.883,32.357,4502.0,21.896,42.53,50.161,80.499,2.3195,1.6606,3087.9,42.541,53.192,94.809,9.2951,60.024,38.573,43.156,2617.1,63.393,26.801,51.752,0.36037,8.8411,26.182,120.38,1.2549,75.345,23.335,2.3022,53.885,4.9326,243.52,0.017666,0.83312,66.611,18.523,43.874
94,2026-04-06T12:39:00,51.858,22.074,26.517,32.638,41.24,2685.1,3663.1,18.884,19.156,21.15,0.22418,0.10145,339.23,76.977,6.9785,13.883,32.357,4476.4,22.635,50.835,50.556,80.207,2.3195,1.6606,3085.9,41.976,53.497,94.589,9.2556,61.932,39.735,42.761,2613.2,63.773,24.421,51.534,0.36361,8.8411,26.182,120.4,1.2549,74.578,23.335,2.3022,53.116,4.9326,245.92,0.019396,0.84229,66.545,18.523,43.397
95,2026-04-06T12:42:00,50.673,22.994,26.948,32.723,40.486,2687.5,3617.9,18.25,19.05,21.583,0.23601,0.10145,339.26,77.425,6.966,13.817,32.251,4521.5,22.889,48.092,52.156,80.438,2.3131,1.7153,3086.6,42.294,54.542,94.797,9.359,60.213,44.445,40.814,2615.9,63.1,25.303,51.568,0.34745,8.9862,25.649,120.38,1.3342,75.215,23.309,2.2912,53.116,4.949,245.41,0.019396,0.84229,66.517,19.214,43.397
96,2026-04-06T12:45:00,49.42,23.302,26.854,32.723,40.935,2689.3,3639.3,20.083,19.05,21.509,0.23287,0.10145,339.11,77.69,6.966,13.817,32.251,4563.6,22.1,45.193,50.084,80.66,2.3131,1.7153,3088.0,42.239,54.039,94.736,9.2781,62.593,38.349,41.062,2618.4,62.733,23.854,51.387,0.34542,8.9862,25.649,120.4,1.3342,74.594,23.309,2.2912,53.116,4.949,247.25,0.019396,0.84229,66.53,19.214,43.397
97,2026-04-06T12:48:00,49.848,23.915,27.227,33.024,40.55,2688.1,3647.7,18.516,18.932,21.211,0.24469,0.10145,338.64,76.977,6.9987,13.985,31.919,4460.5,22.784,46.183,50.615,80.467,2.3259,1.6795,3087.9,42.166,53.561,94.792,9.2196,61.48,39.909,40.264,2615.6,62.612,25.834,51.815,0.33795,9.0445,25.895,120.38,1.4744,74.751,23.501,2.3505,53.116,4.9432,242.27,0.019396,0.84229,66.562,19.321,43.397
98,2026-04-06T12:51:00,50.705,23.856,26.749,33.024,40.767,2688.0,3636.5,14.76,18.932,21.295,0.24529,0.10145,339.04,77.356,6.9987,13.985,31.919,4494.7,24.357,48.166,48.041,80.489,2.3259,1.6795,3087.1,42.196,53.152,94.743,9.3278,62.755,32.335,40.585,2616.4,62.805,24.98,51.617,0.33532,9.0445,25.895,120.42,1.4744,74.165,23.501,2.3505,53.116,4.9432,244.31,0.019396,0.84229,66.549,19.321,43.397
99,2026-04-06T12:54:00,51.444,27.148,27.427,32.614,41.345,2689.5,3612.8,17.371,18.475,21.627,0.27824,0.10659,338.6,77.467,7.0948,13.884,31.936,4439.0,23.251,49.876,51.157,80.566,2.2941,1.667,3089.1,42.108,53.471,94.821,9.1696,61.673,41.506,42.704,2617.1,62.831,24.991,51.718,0.35572,9.0102,25.776,120.41,1.1018,74.324,23.889,2.2258,53.968,4.934,245.7,0.017686,0.83309,66.539,19.232,42.721
100,2026-04-06T12:57:00,49.916,27.048,26.934,32.614,40.43,2687.2,3662.2,17.072,18.475,21.005,0.27926,0.10659,338.41,77.464,7.0948,13.884,31.936,4448.4,23.382,46.341,50.471,80.367,2.2941,1.667,3088.4,42.422,53.359,94.778,9.3493,62.11,39.486,42.524,2614.7,61.981,25.576,51.899,0.3572,9.0102,25.776,120.38,1.1018,74.131,23.889,2.2258,53.968,4.934,244.67,0.017686,0.83309,66.534,19.232,42.721
101,2026-04-06T13:00:00,50.146,27.292,26.915,32.826,41.317,2691.5,3648.0,16.576,19.438,21.247,0.27887,0.10659,339.25,77.655,6.9067,13.872,32.269,4441.4,23.582,46.873,49.062,80.532,2.2497,1.6597,3090.1,42.347,53.578,94.894,9.3546,61.772,35.339,41.689,2618.5,61.227,25.811,51.928,0.34317,9.0446,26.342,120.39,1.3231,74.981,23.275,2.3558,53.968,4.9584,245.34,0.017686,0.83309,66.513,19.041,42.721
102,2026-04-06T13:03:00,49.684,27.422,26.897,32.826,40.313,2693.0,3606.8,18.755,19.438,21.635,0.27755,0.10659,339.95,77.325,6.9067,13.872,32.269,4439.2,22.667,45.803,48.491,80.605,2.2497,1.6597,3092.4,42.284,53.604,94.778,9.4874,59.044,33.658,41.361,2621.8,61.935,23.634,51.924,0.34586,9.0446,26.342,120.4,1.3231,74.455,23.275,2.3558,53.968,4.9584,246.35,0.017686,0.83309,66.607,19.041,42.721
103,2026-04-06T13:06:00,48.984,24.278,27.271,32.416,41.083,2693.9,3700.6,17.573,19.299,21.677,0.24684,0.10659,339.72,77.515,6.8397,13.925,31.388,4443.8,23.158,44.184,49.972,80.523,2.2792,1.7041,3093.4,41.845,53.956,94.785,9.4238,60.132,38.018,41.651,2620.9,61.86,23.731,52.088,0.34158,8.7584,25.778,120.41,1.3171,74.63,23.234,2.2996,53.968,4.8849,245.5,0.017686,0.83309,66.568,19.326,42.721
104,2026-04-06T13:09:00,51.159,24.221,26.981,32.416,40.682,2693.5,3616.1,16.643,19.299,21.847,0.24743,0.097281,339.7,77.334,6.8397,13.925,31.388,4456.5,23.56,49.216,50.429,80.343,2.2792,1.7041,3092.4,42.473,53.804,94.654,9.3884,61.364,39.361,41.158,2621.6,63.314,27.068,51.86,0.34562,8.7584,25.778,120.4,1.3171,74.456,23.234,2.2996,53.008,4.8849,246.46,0.016875,0.81479,66.556,19.326,44.151
105,2026-04-06T13:12:00,49.988,33.067,27.257,33.298,41.439,2697.4,3651.9,17.094,19.239,21.624,0.33551,0.097281,340.08,77.774,6.8181,14.0,32.326,4457.7,23.355,46.505,51.062,80.445,2.2854,1.7438,3096.4,42.144,53.021,94.625,9.4119,60.315,41.226,41.535,2625.1,63.294,25.747,51.804,0.35498,9.1543,26.071,120.42,1.2006,75.435,23.949,2.3369,53.008,5.0569,246.99,0.016875,0.81479,66.516,18.797,44.151
106,2026-04-06T13:15:00,51.387,32.905,26.788,33.298,41.292,2699.4,3689.6,19.758,19.239,21.547,0.33716,0.097281,340.56,77.609,6.8181,14.0,32.326,4429.0,22.229,49.744,48.405,80.582,2.2854,1.7438,3098.2,42.211,53.365,94.535,9.4078,63.2,33.405,41.69,2627.8,62.645,24.327,51.99,0.35371,9.1543,26.071,120.42,1.2006,74.137,23.949,2.3369,53.008,5.0569,244.77,0.016875,0.81479,66.534,18.797,44.151
107,2026-04-06T13:18:00,49.972,24.567,26.8,32.579,41.148,2698.4,3669.7,19.729,18.545,21.835,0.24736,0.097281,341.34,77.54,6.8439,13.991,32.198,4509.2,22.24,46.469,49.567,80.558,2.2565,1.6821,3097.7,42.225,53.656,94.376,9.3084,59.704,36.825,43.247,2627.3,63.227,25.136,51.964,0.3591,8.906,26.467,120.41,1.1954,74.057,23.381,2.2807,53.008,4.8471,244.89,0.016875,0.81479,66.566,18.645,44.151
108,2026-04-06T13:21:00,51.143,24.312,27.148,32.579,41.388,2697.3,3649.8,16.783,18.545,21.718,0.24995,0.097281,341.11,77.377,6.8439,13.991,32.198,4472.7,23.482,49.18,49.357,80.429,2.2565,1.6821,3096.5,42.421,54.093,94.624,9.3362,62.149,36.209,42.991,2625.3,63.571,23.261,51.756,0.3612,8.906,26.467,120.4,1.1954,74.97,23.381,2.2807,53.008,4.8471,247.09,0.016875,0.81479,66.555,18.645,44.151
109,2026-04-06T13:24:00,49.615,25.449,26.629,32.837,41.011,2698.0,3680.0,18.034,18.554,21.654,0.26152,0.09682,341.43,77.46,7.0502,13.681,32.167,4556.2,22.952,45.642,49.801,80.381,2.2796,1.6481,3096.8,42.128,53.477,94.42,9.444,61.802,37.516,43.092,2627.1,62.871,26.203,51.482,0.36061,8.9807,25.967,120.42,1.3626,74.285,23.492,2.3648,53.749,4.8719,244.55,0.022245,0.81905,66.531,18.651,44.349
110,2026-04-06T13:27:00,49.283,25.699,27.17,32.837,40.72,2698.7,3651.4,17.056,18.554,21.985,0.25897,0.09682,341.39,77.391,7.0502,13.681,32.167,4497.8,23.363,44.875,50.551,80.407,2.2796,1.6481,3096.6,42.244,54.176,94.554,9.3744,62.521,39.721,42.919,2626.9,63.363,25.504,51.042,0.36202,8.9807,25.967,120.4,1.3626,75.125,23.492,2.3648,53.749,4.8719,246.99,0.022245,0.81905,66.483,18.651,44.349
111,2026-04-06T13:30:00,47.558,25.766,26.902,33.297,41.363,2698.4,3599.9,19.035,18.641,22.217,0.26446,0.09682,341.88,77.268,6.9642,14.024,32.344,4484.0,22.535,40.882,50.784,80.255,2.2794,1.6614,3095.3,42.395,54.346,94.655,9.4002,62.394,40.406,38.915,2627.5,62.38,25.652,51.324,0.32692,8.7666,25.791,120.4,1.2519,74.359,23.525,2.3707,53.749,4.9245,241.35,0.022245,0.81905,66.44,18.606,44.349
112,2026-04-06T13:33:00,49.805,25.882,26.472,33.297,40.892,2700.5,3609.4,16.41,18.641,21.989,0.26328,0.09682,342.11,77.477,6.9642,14.024,32.344,4484.1,23.64,46.083,49.248,80.224,2.2794,1.6614,3096.6,42.499,54.346,94.743,9.2783,62.129,35.886,38.762,2629.1,62.215,24.597,50.955,0.32817,8.7666,25.791,120.38,1.2519,74.553,23.525,2.3707,53.749,4.9245,243.08,0.022245,0.81905,66.386,18.606,44.349
113,2026-04-06T13:36:00,49.357,24.19,26.953,33.27,40.501,2702.8,3631.7,19.344,18.93,22.723,0.24482,0.09682,342.88,77.415,6.9768,13.884,32.037,4573.1,22.399,45.046,50.945,80.38,2.2798,1.6545,3097.6,42.199,53.415,94.567,9.4279,60.297,40.882,43.261,2631.8,62.469,25.075,50.705,0.3668,8.7626,25.76,120.39,1.3103,75.059,23.46,2.2984,53.749,4.8675,243.46,0.022245,0.81905,66.334,19.168,44.349
114,2026-04-06T13:39:00,49.791,24.098,27.12,33.27,40.846,2701.0,3622.8,20.292,18.93,22.215,0.24575,0.08566,342.53,77.241,6.9768,13.884,32.037,4504.8,22.01,46.05,50.013,80.101,2.2798,1.6545,3097.3,41.981,54.233,94.78,9.3928,61.234,38.138,43.296,2629.0,62.622,24.29,50.523,0.36652,8.7626,25.76,120.38,1.3103,74.192,23.46,2.2984,53.864,4.8675,243.93,0.03123,0.83571,66.307,19.168,43.535
115,2026-04-06T13:42:00,49.207,27.23,27.199,33.088,41.031,2702.7,3612.3,16.519,18.406,22.62,0.27333,0.08566,343.03,77.439,6.7221,13.705,32.617,4480.3,23.596,44.699,50.617,80.074,2.2913,1.703,3099.0,42.283,53.127,94.613,9.4805,62.515,39.916,41.662,2631.3,62.608,24.853,50.464,0.35087,8.8156,25.881,120.38,1.3031,75.456,23.253,2.4127,53.864,4.8202,242.6,0.03123,0.83571,66.219,18.398,43.535
116,2026-04-06T13:45:00,51.194,27.034,27.246,33.088,40.63,2705.2,3590.8,22.046,18.406,22.655,0.27532,0.08566,343.1,77.253,6.7221,13.705,32.617,4471.2,21.271,49.297,52.136,80.144,2.2913,1.703,3100.5,42.475,53.236,94.697,9.3018,61.237,44.387,41.471,2633.5,62.977,24.643,50.294,0.35243,8.8156,25.881,120.37,1.3031,73.929,23.253,2.4127,53.864,4.8202,242.52,0.03123,0.83571,66.205,18.398,43.535
117,2026-04-06T13:48:00,51.17,21.607,26.784,33.406,42.815,2707.2,3689.0,18.968,18.035,22.701,0.21532,0.08566,344.02,77.548,6.9794,13.842,32.165,4566.6,22.559,49.242,49.736,80.145,2.2462,1.6431,3101.8,42.211,53.984,94.544,9.3674,63.723,37.322,38.966,2637.1,63.552,25.516,50.367,0.33333,8.9197,26.224,120.44,1.2101,73.764,23.732,2.3457,53.864,4.8456,239.74,0.03123,0.83571,66.169,18.773,43.535
118,2026-04-06T13:51:00,50.757,21.233,27.308,33.406,41.349,2708.0,3706.1,18.611,18.035,22.721,0.21912,0.08566,343.91,77.486,6.9794,13.842,32.165,4552.3,22.707,48.287,51.515,80.243,2.2462,1.6431,3103.6,42.542,54.155,94.396,9.4783,61.397,42.56,38.954,2637.7,63.258,24.288,50.099,0.33342,8.9197,26.224,120.41,1.2101,74.574,23.732,2.3457,53.864,4.8456,240.78,0.03123,0.83571,66.172,18.773,43.535
119,2026-04-06T13:54:00,50.734,25.43,27.018,33.232,42.051,2708.5,3630.9,18.242,18.511,22.846,0.25971,0.096069,343.82,77.367,6.903,13.892,32.876,4506.5,22.862,48.233,49.426,80.191,2.2764,1.6496,3103.5,42.68,53.816,94.524,9.4542,62.079,36.411,40.938,2637.7,62.325,25.96,50.309,0.34662,9.0234,26.075,120.41,1.2921,74.667,23.818,2.2677,53.143,4.7619,241.04,0.021225,0.81325,66.165,18.509,43.554
120,2026-04-06T13:57:00,50.105,25.501,26.89,33.232,40.594,2708.6,3649.5,19.221,18.511,22.777,0.25899,0.096069,343.9,77.483,6.903,13.892,32.876,4469.2,22.444,46.776,47.845,80.129,2.2764,1.6496,3103.4,42.31,54.263,94.564,9.3956,61.999,31.757,41.289,2638.0,62.006,23.561,50.329,0.34374,9.0234,26.075,120.36,1.2921,74.989,23.818,2.2677,53.143,4.7619,240.83,0.021225,0.81325,66.155,18.509,43.554
121,2026-04-06T14:00:00,48.213,18.327,26.847,33.765,41.904,2705.8,3637.1,18.013,18.564,22.689,0.18752,0.096069,344.35,76.86,6.8448,13.924,32.406,4519.0,22.984,42.397,50.896,79.778,2.2924,1.665,3100.6,42.268,54.337,94.681,9.4347,62.012,40.737,41.708,2634.9,62.834,26.235,50.231,0.35174,8.9292,26.475,120.42,1.2701,74.896,23.634,2.2964,53.143,4.8601,242.01,0.021225,0.81325,66.088,18.4,43.554
122,2026-04-06T14:03:00,48.359,18.394,26.902,33.765,40.189,2706.4,3634.6,16.639,18.564,23.028,0.18684,0.096069,344.12,77.492,6.8448,13.924,32.406,4519.3,23.549,42.736,50.428,79.745,2.2924,1.665,3100.3,42.307,54.333,94.654,9.3116,63.782,39.359,41.203,2634.4,62.876,25.573,50.118,0.35588,8.9292,26.475,120.37,1.2701,74.518,23.634,2.2964,53.143,4.8601,243.4,0.021225,0.81325,66.01,18.4,43.554
123,2026-04-06T14:06:00,48.865,22.322,26.951,33.687,41.287,2710.0,3653.9,18.185,18.282,22.924,0.2284,0.096069,344.25,77.521,6.8131,13.542,32.488,4576.6,22.895,43.908,49.5,79.978,2.2649,1.6601,3105.0,42.002,53.969,94.532,9.4242,60.941,36.63,41.905,2639.5,63.063,25.54,50.282,0.35824,8.8436,25.854,120.42,1.0378,74.123,23.898,2.3398,53.143,4.8276,241.67,0.021225,0.81325,66.011,18.929,43.554
124,2026-04-06T14:09:00,50.804,22.392,26.915,33.687,40.951,2713.2,3661.3,18.812,18.282,23.081,0.2277,0.10332,344.17,78.099,6.8131,13.542,32.488,4532.3,22.601,48.396,50.465,80.232,2.2649,1.6601,3107.9,42.502,54.498,94.438,9.4362,62.668,39.469,42.247,2643.1,62.935,24.664,49.881,0.35544,8.8436,25.854,120.4,1.0378,74.228,23.898,2.3398,52.879,4.8276,239.56,0.0083486,0.82589,66.046,18.929,44.322
125,2026-04-06T14:12:00,50.488,21.34,26.864,33.805,42.473,2715.4,3653.8,19.287,18.701,22.864,0.2171,0.10332,344.62,77.455,6.9762,13.72,32.176,4495.9,22.406,47.664,49.977,80.384,2.2475,1.6138,3111.0,42.205,53.656,94.426,9.3744,63.029,38.033,37.286,2645.4,63.391,23.361,49.702,0.31117,9.0331,26.124,120.44,1.113,75.06,24.045,2.2678,52.879,4.8362,238.68,0.0083486,0.82589,66.128,18.643,44.322
126,2026-04-06T14:15:00,49.914,21.456,27.032,33.805,41.122,2713.6,3646.7,19.314,18.701,23.259,0.21592,0.10332,344.52,77.067,6.9762,13.72,32.176,4494.1,22.41,46.336,50.872,80.046,2.2475,1.6138,3107.9,42.541,53.678,94.4,9.3783,63.382,40.665,36.928,2643.5,63.513,25.454,49.511,0.3141,9.0331,26.124,120.37,1.113,74.455,24.045,2.2678,52.879,4.8362,237.95,0.0083486,0.82589,66.126,18.643,44.322
127,2026-04-06T14:18:00,48.712,24.323,27.323,33.225,41.457,2711.4,3627.1,17.138,18.138,22.949,0.2441,0.10332,344.45,76.846,6.9222,13.742,32.458,4533.8,23.348,43.552,48.574,79.683,2.234,1.6508,3105.7,42.476,53.902,94.636,9.3132,62.047,33.903,39.259,2639.4,62.409,25.147,49.182,0.33179,8.8839,26.702,120.4,1.1582,74.257,23.996,2.3222,52.879,4.8656,238.85,0.0083486,0.82589,66.024,18.016,44.322
128,2026-04-06T14:21:00,49.857,24.232,27.002,33.225,41.007,2714.7,3632.5,20.532,18.138,23.519,0.24503,0.10332,345.32,77.555,6.9222,13.742,32.458,4512.7,21.896,46.203,49.095,79.884,2.234,1.6508,3107.1,42.21,54.155,94.563,9.4832,60.886,35.437,39.27,2644.7,62.316,24.862,49.026,0.3317,8.8839,26.702,120.39,1.1582,74.744,23.996,2.3222,52.879,4.8656,237.87,0.0083486,0.82589,65.901,18.016,44.322
129,2026-04-06T14:24:00,49.829,21.312,26.838,33.154,41.15,2718.0,3652.9,19.616,18.053,23.583,0.21747,0.077076,345.08,77.452,6.7225,13.693,32.378,4567.1,22.278,46.139,50.851,80.058,2.2668,1.7022,3109.9,42.191,55.115,94.58,9.3778,63.057,40.605,39.43,2648.6,62.375,24.922,49.176,0.33408,9.1045,26.834,120.4,1.2515,74.742,24.089,2.3657,53.028,4.7898,236.74,0.0092418,0.80294,65.899,18.307,43.765
130,2026-04-06T14:27:00,50.234,21.129,27.237,33.154,41.958,2716.5,3629.4,17.412,18.053,23.012,0.21933,0.077076,344.54,77.119,6.7225,13.693,32.378,4589.6,23.225,47.076,51.393,79.694,2.2668,1.7022,3110.7,42.272,54.846,94.579,9.3462,63.661,42.198,39.062,2645.0,62.779,24.301,49.022,0.33709,9.1045,26.834,120.41,1.2515,75.139,24.089,2.3657,53.028,4.7898,237.17,0.0092418,0.80294,65.871,18.307,43.765
131,2026-04-06T14:30:00,49.668,21.926,26.942,33.375,41.497,2717.7,3669.1,18.062,18.182,23.613,0.22201,0.077076,344.72,77.388,6.8756,13.778,32.835,4583.2,22.947,45.765,50.891,79.744,2.2968,1.6797,3111.1,41.896,54.314,94.515,9.4897,61.899,40.722,38.777,2648.6,63.904,23.825,48.945,0.32741,8.7912,26.525,120.39,1.2198,75.009,24.033,2.3301,53.028,4.774,236.79,0.0092418,0.80294,65.803,18.334,43.765
132,2026-04-06T14:33:00,50.033,21.863,26.356,33.375,40.945,2718.7,3721.2,19.394,18.182,22.899,0.22264,0.077076,344.77,77.382,6.8756,13.778,32.835,4552.8,22.381,46.61,50.144,79.899,2.2968,1.6797,3112.5,42.487,54.677,94.296,9.3928,61.296,38.525,39.014,2649.3,63.006,24.07,48.755,0.32547,8.7912,26.525,120.41,1.2198,75.525,24.033,2.3301,53.028,4.774,237.64,0.0092418,0.80294,65.804,18.334,43.765
133,2026-04-06T14:36:00,50.722,17.249,27.076,33.723,40.855,2716.7,3664.7,17.365,17.928,23.233,0.1724,0.077076,344.82,77.155,6.8827,13.849,32.435,4569.1,23.247,48.205,51.133,79.729,2.2807,1.6187,3111.0,42.55,54.492,94.537,9.3339,61.386,41.434,39.843,2646.1,62.715,24.593,48.851,0.33626,8.7834,26.417,120.39,1.2853,76.004,23.94,2.2223,53.028,4.7653,235.29,0.0092418,0.80294,65.777,18.452,43.765
134,2026-04-06T14:39:00,50.405,17.051,27.183,33.723,41.733,2716.9,3642.6,15.222,17.928,23.464,0.17441,0.1032,344.25,77.176,6.8827,13.849,32.435,4587.4,24.148,47.471,51.372,79.894,2.2807,1.6187,3110.2,41.739,54.273,94.534,9.3796,61.039,42.137,39.647,2646.2,63.095,25.463,48.096,0.33786,8.7834,26.417,120.39,1.2853,74.779,23.94,2.2223,52.6,4.7653,235.49,0.028916,0.81886,65.745,18.452,44.407
135,2026-04-06T14:42:00,47.96,20.671,26.812,33.728,41.38,2715.5,3647.9,19.105,18.468,23.116,0.20571,0.1032,344.34,77.311,6.8923,13.778,32.566,4533.4,22.509,41.813,49.982,79.8,2.2637,1.6563,3109.7,42.266,54.695,94.514,9.4654,61.445,38.047,40.88,2644.5,62.945,23.066,47.831,0.34326,8.9413,26.473,120.39,1.1862,75.707,24.235,2.3169,52.6,4.8185,234.16,0.028916,0.81886,65.734,18.708,44.407
136,2026-04-06T14:45:00,49.851,20.524,26.987,33.728,41.509,2713.8,3641.7,15.568,18.468,22.95,0.2072,0.1032,343.79,77.063,6.8923,13.778,32.566,4533.0,24.011,46.19,50.234,79.703,2.2637,1.6563,3107.4,42.481,54.7,94.631,9.4482,59.671,38.788,40.711,2642.8,63.052,24.678,47.589,0.34465,8.9413,26.473,120.38,1.1862,75.438,24.235,2.3169,52.6,4.8185,232.6,0.028916,0.81886,65.693,18.708,44.407
137,2026-04-06T14:48:00,50.04,18.869,26.672,33.143,41.468,2714.0,3613.8,18.559,18.634,22.887,0.1922,0.1032,343.97,77.408,6.9662,13.653,32.349,4514.5,22.744,46.627,50.099,79.783,2.3011,1.6822,3108.2,42.416,54.327,94.652,9.4272,61.99,38.392,39.448,2642.9,63.442,24.875,47.443,0.33927,8.8769,26.488,120.41,1.3141,74.961,24.299,2.3593,52.6,4.7567,229.99,0.028916,0.81886,65.636,18.578,44.407
138,2026-04-06T14:51:00,50.474,18.87,26.756,33.143,40.486,2714.9,3636.5,15.796,18.634,22.935,0.19218,0.1032,343.79,77.481,6.9662,13.653,32.349,4580.5,23.903,47.632,49.303,79.861,2.3011,1.6822,3109.0,42.539,53.537,94.595,9.4928,62.139,36.05,39.628,2644.3,63.053,25.127,47.466,0.3378,8.8769,26.488,120.38,1.3141,74.717,24.299,2.3593,52.6,4.7567,225.48,0.028916,0.81886,65.622,18.578,44.407
139,2026-04-06T14:54:00,48.858,20.618,26.872,33.259,40.856,2716.6,3609.7,21.232,18.146,22.764,0.21076,0.085415,343.42,77.516,6.7366,13.77,32.286,4545.7,21.607,43.891,48.897,80.002,2.307,1.6517,3111.4,42.384,54.292,94.578,9.3635,61.286,34.853,38.291,2646.1,62.82,25.596,47.11,0.32001,8.7794,27.16,120.39,1.2819,75.227,23.961,2.2538,53.625,4.7803,229.31,0.015351,0.80578,65.628,19.088,43.628
140,2026-04-06T14:57:00,49.484,20.506,26.991,33.259,40.678,2716.2,3659.9,20.146,18.146,22.874,0.2119,0.085415,342.89,77.142,6.7366,13.77,32.286,4541.9,22.079,45.339,49.669,79.891,2.307,1.6517,3112.3,42.313,54.338,94.741,9.417,61.892,37.127,38.141,2645.6,61.956,24.767,46.873,0.32125,8.7794,27.16,120.39,1.2819,74.568,23.961,2.2538,53.625,4.7803,229.47,0.015351,0.80578,65.612,19.088,43.628
141,2026-04-06T15:00:00,50.11,21.316,27.088,33.003,41.093,2715.0,3710.4,18.604,18.279,22.617,0.21319,0.085415,342.94,77.296,6.801,13.843,31.692,4482.5,22.727,46.788,50.271,79.748,2.2558,1.65,3111.3,42.303,53.789,94.557,9.3509,64.045,38.897,39.944,2644.3,63.129,24.287,46.758,0.33079,8.8571,27.251,120.4,1.2299,75.078,24.448,2.3416,53.625,4.7337,228.33,0.015351,0.80578,65.562,18.832,43.628
142,2026-04-06T15:03:00,50.793,20.935,27.372,33.003,41.163,2716.2,3693.7,18.093,18.279,23.367,0.21707,0.085415,343.28,77.615,6.801,13.843,31.692,4548.9,22.933,48.37,48.987,79.851,2.2558,1.65,3110.2,42.247,52.994,94.634,9.3248,61.273,35.119,39.866,2645.5,63.417,25.223,46.644,0.33143,8.8571,27.251,120.42,1.2299,75.133,24.448,2.3416,53.625,4.7337,227.18,0.015351,0.80578,65.529,18.832,43.628
143,2026-04-06T15:06:00,50.393,26.97,26.895,33.26,41.435,2715.8,3660.2,14.988,17.986,22.513,0.2747,0.085415,342.78,77.38,6.6684,13.6,31.928,4517.0,24.245,47.443,50.597,79.868,2.25,1.6783,3111.7,42.453,53.972,94.388,9.4019,59.838,39.857,40.618,2645.1,63.535,24.542,46.541,0.34097,8.9347,27.296,120.41,1.1983,75.343,24.017,2.3041,53.625,4.8012,225.91,0.015351,0.80578,65.51,18.485,43.628
144,2026-04-06T15:09:00,49.497,27.125,27.075,33.26,41.681,2717.0,3673.5,17.628,17.986,23.027,0.27312,0.11275,343.31,77.345,6.6684,13.6,31.928,4496.1,23.134,45.37,50.237,79.983,2.25,1.6783,3112.4,42.476,54.223,94.595,9.356,60.537,38.797,40.788,2646.7,63.307,25.673,45.972,0.33957,8.9347,27.296,120.44,1.1983,76.089,24.017,2.3041,54.282,4.8012,225.63,0.0041735,0.81792,65.505,18.485,43.52
145,2026-04-06T15:12:00,50.955,25.189,26.735,33.339,41.383,2716.8,3728.8,18.541,18.372,22.871,0.25513,0.11275,343.33,77.119,7.0564,13.676,32.057,4563.8,22.755,48.745,49.91,79.92,2.2519,1.6662,3112.6,42.124,54.285,94.321,9.4178,61.781,37.836,37.049,2646.6,63.657,25.144,45.665,0.31578,8.8654,26.367,120.41,1.2576,76.355,24.456,2.3277,54.282,4.8491,224.82,0.0041735,0.81792,65.509,18.573,43.52
146,2026-04-06T15:15:00,49.922,25.198,26.909,33.339,41.753,2715.0,3706.6,16.392,18.372,22.676,0.25503,0.11275,343.2,77.264,7.0564,13.676,32.057,4562.4,23.66,46.353,51.181,79.821,2.2519,1.6662,3112.4,42.494,54.302,94.428,9.3796,60.13,41.575,36.815,2644.6,64.04,24.596,45.332,0.3177,8.8654,26.367,120.42,1.2576,75.18,24.456,2.3277,54.282,4.8491,224.33,0.0041735,0.81792,65.445,18.573,43.52
147,2026-04-06T15:18:00,49.189,23.98,26.768,33.226,40.888,2714.1,3604.7,18.914,18.647,22.586,0.24647,0.11275,343.15,77.063,6.9129,13.753,32.606,4510.0,22.605,44.657,50.52,79.788,2.2724,1.668,3108.6,42.452,54.753,94.533,9.3325,61.463,39.631,37.821,2642.9,62.409,25.997,45.107,0.32378,8.8821,26.93,120.38,1.1151,75.542,24.4,2.3012,54.282,4.8468,222.65,0.0041735,0.81792,65.392,18.358,43.52
148,2026-04-06T15:21:00,50.69,24.212,27.141,33.226,40.701,2712.9,3595.6,19.397,18.647,23.001,0.24411,0.11275,342.91,76.741,6.9129,13.753,32.606,4525.8,22.427,48.131,48.539,79.568,2.2724,1.668,3107.9,42.405,54.564,94.828,9.2274,60.466,33.8,37.721,2641.8,62.564,24.843,44.902,0.3246,8.8821,26.93,120.39,1.1151,74.34,24.4,2.3012,54.282,4.8468,220.8,0.0041735,0.81792,65.313,18.358,43.52
149,2026-04-06T15:24:00,50.191,18.644,26.651,33.088,40.446,2714.4,3664.4,19.554,18.093,22.967,0.19154,0.10668,343.3,77.383,7.0145,13.757,32.344,4564.5,22.341,46.975,49.462,79.738,2.2189,1.6271,3107.6,41.781,54.681,94.681,9.3161,63.641,36.518,38.881,2644.2,62.542,25.516,44.863,0.33086,8.7956,26.304,120.37,1.3581,75.588,23.908,2.1929,52.91,4.8373,220.15,0.029189,0.82537,65.216,18.584,42.953
150,2026-04-06T15:27:00,50.526,18.518,26.677,33.088,41.984,2715.0,3657.2,17.474,18.093,22.771,0.19282,0.10668,342.66,77.297,7.0145,13.757,32.344,4541.3,23.218,47.752,49.014,79.931,2.2189,1.6271,3110.0,42.303,54.96,94.752,9.2524,61.341,35.199,39.427,2644.9,62.666,25.801,44.685,0.32638,8.7956,26.304,120.43,1.3581,75.249,23.908,2.1929,52.91,4.8373,219.32,0.029189,0.82537,65.217,18.584,42.953
151,2026-04-06T15:30:00,49.012,20.84,26.81,33.025,39.446,2714.8,3627.3,18.949,17.79,22.876,0.21387,0.10668,342.38,77.203,6.9336,13.714,32.435,4521.7,22.595,44.247,50.346,79.941,2.2588,1.6263,3109.5,42.005,54.692,94.649,9.2378,63.963,39.118,38.723,2643.7,62.211,25.648,44.454,0.33223,8.9143,26.604,120.37,1.1752,76.167,24.305,2.2171,52.91,4.7765,219.08,0.029189,0.82537,65.233,18.911,42.953
152,2026-04-06T15:33:00,49.656,20.935,26.95,33.025,40.831,2713.5,3623.4,18.321,17.79,22.574,0.2129,0.10668,342.04,77.403,6.9336,13.714,32.435,4529.3,22.855,45.737,50.918,79.879,2.2588,1.6263,3109.9,42.214,54.6,94.868,9.419,61.648,40.801,38.924,2642.2,62.28,24.05,44.24,0.33058,8.9143,26.604,120.42,1.1752,74.765,24.305,2.2171,52.91,4.7765,218.62,0.029189,0.82537,65.241,18.911,42.953
153,2026-04-06T15:36:00,49.951,19.724,26.844,33.112,40.239,2714.3,3660.0,19.023,18.882,22.44,0.20344,0.10668,341.88,77.218,6.6966,13.682,32.338,4503.4,22.561,46.42,50.289,80.031,2.2143,1.6094,3110.0,42.136,54.113,94.674,9.2011,63.702,38.951,38.384,2643.2,62.273,25.499,44.122,0.32447,8.815,26.758,120.37,1.0993,75.078,24.306,2.2945,52.91,4.8554,217.13,0.029189,0.82537,65.24,18.887,42.953
154,2026-04-06T15:39:00,48.837,19.6,27.199,33.112,41.634,2712.9,3652.4,16.231,18.882,22.525,0.2047,0.09796,341.44,77.08,6.6966,13.682,32.338,4515.9,23.743,43.842,51.129,79.915,2.2143,1.6094,3109.0,42.296,53.963,94.896,9.2777,60.029,41.422,38.468,2641.5,62.404,25.643,44.006,0.32379,8.815,26.758,120.41,1.0993,75.57,24.306,2.2945,52.88,4.8554,217.46,0.027925,0.83716,65.228,18.887,44.338
155,2026-04-06T15:42:00,50.774,20.855,26.841,33.248,40.345,2711.8,3676.4,18.669,18.495,22.187,0.20648,0.09796,341.06,76.692,6.7388,13.8,32.094,4493.0,22.732,48.325,51.006,79.872,2.3066,1.6412,3108.9,42.394,54.276,94.47,9.2701,60.776,41.061,37.836,2639.8,64.132,25.01,43.778,0.32043,8.9123,26.743,120.38,1.2377,75.14,24.47,2.2396,52.88,4.7848,218.02,0.027925,0.83716,65.169,18.737,44.338
156,2026-04-06T15:45:00,49.303,20.579,26.956,33.248,41.921,2710.5,3694.3,18.74,18.495,22.581,0.2093,0.09796,341.02,77.193,6.7388,13.8,32.094,4521.3,22.692,44.92,50.136,79.812,2.3066,1.6412,3106.6,42.26,53.938,94.82,9.317,62.101,38.5,37.798,2639.2,63.823,24.845,43.668,0.32074,8.9123,26.743,120.44,1.2377,74.38,24.47,2.2396,52.88,4.7848,217.28,0.027925,0.83716,65.137,18.737,44.338
157,2026-04-06T15:48:00,51.404,22.951,27.188,33.011,40.788,2709.9,3673.3,17.29,18.634,22.307,0.23179,0.09796,340.2,77.25,6.8583,13.629,31.86,4540.8,23.3,49.784,49.166,79.931,2.2632,1.6178,3107.5,42.428,54.065,94.326,9.2755,61.311,35.646,39.358,2638.2,63.971,26.303,43.637,0.33287,8.7724,27.36,120.41,1.2457,76.277,24.566,2.2564,52.88,4.8278,215.68,0.027925,0.83716,65.104,18.338,44.338
158,2026-04-06T15:51:00,51.671,22.869,27.111,33.011,41.155,2709.8,3704.8,17.177,18.634,22.404,0.23262,0.09796,340.65,77.509,6.8583,13.629,31.86,4549.1,23.338,50.4,48.747,80.059,2.2632,1.6178,3106.5,42.003,53.965,94.755,9.1284,60.64,34.411,39.816,2638.6,63.429,24.973,43.594,0.32912,8.7724,27.36,120.41,1.2457,75.977,24.566,2.2564,52.88,4.8278,214.19,0.027925,0.83716,65.124,18.338,44.338
159,2026-04-06T15:54:00,49.128,25.386,27.013,32.869,41.209,2708.4,3666.2,18.894,18.306,22.015,0.25681,0.11047,339.88,76.837,6.9022,13.664,31.933,4561.0,22.633,44.517,51.097,80.116,2.2454,1.6516,3107.3,42.381,54.843,94.365,9.2949,61.628,41.327,37.084,2637.5,63.123,23.771,43.5,0.31257,8.901,26.813,120.4,1.2873,75.373,24.749,2.2175,53.716,4.7675,216.53,0.030969,0.85721,65.161,18.866,44.054
160,2026-04-06T15:57:00,49.969,25.507,27.343,32.869,40.369,2707.1,3629.7,18.966,18.306,22.091,0.25557,0.11047,340.3,77.019,6.9022,13.664,31.933,4569.1,22.607,46.463,50.358,79.864,2.2454,1.6516,3105.6,41.964,54.746,94.86,9.3707,60.011,39.152,37.217,2635.7,63.751,26.159,43.543,0.31148,8.901,26.813,120.38,1.2873,74.577,24.749,2.2175,53.716,4.7675,215.5,0.030969,0.85721,65.12,18.866,44.054
161,2026-04-06T16:00:00,50.688,25.144,26.934,32.28,41.416,2707.3,3629.3,20.685,18.152,21.912,0.25115,0.11047,339.82,76.825,7.1303,13.793,31.922,4487.6,21.896,48.127,47.971,79.873,2.2931,1.6602,3104.6,42.51,54.455,94.565,9.3649,60.898,32.129,37.496,2635.0,63.374,24.335,43.382,0.31469,8.7833,26.829,120.4,1.0707,74.539,24.324,2.2853,53.716,4.8127,216.82,0.030969,0.85721,65.09,18.761,44.054
162,2026-04-06T16:03:00,51.81,24.966,26.793,32.28,40.568,2704.5,3650.5,17.942,18.152,21.548,0.25296,0.11047,339.26,76.858,7.1303,13.793,31.922,4547.0,23.06,50.724,49.648,79.745,2.2931,1.6602,3104.1,42.058,53.744,94.87,9.1885,61.139,37.064,37.905,2632.6,63.01,27.265,43.286,0.31134,8.7833,26.829,120.39,1.0707,74.318,24.324,2.2853,53.716,4.8127,217.42,0.030969,0.85721,65.028,18.761,44.054
163,2026-04-06T16:06:00,49.846,25.07,26.963,32.22,41.411,2706.3,3588.0,18.359,18.684,22.264,0.25946,0.11047,340.03,77.04,6.9962,13.863,31.906,4562.4,22.885,46.178,49.591,79.779,2.2959,1.6485,3103.6,42.18,53.811,94.814,9.2819,61.094,36.896,39.388,2634.4,61.958,26.541,43.313,0.32641,8.85,26.6,120.38,1.3821,75.589,23.775,2.3393,53.716,4.7664,216.65,0.030969,0.85721,64.998,18.695,44.054
164,2026-04-06T16:09:00,49.517,25.069,26.84,32.22,40.829,2709.2,3618.6,20.71,18.684,22.092,0.25946,0.095071,339.75,77.702,6.9962,13.863,31.906,4550.7,21.875,45.416,49.625,80.033,2.2959,1.6485,3106.6,42.204,53.951,94.959,9.4297,59.32,36.997,39.01,2637.9,61.432,23.505,43.786,0.32951,8.85,26.6,120.38,1.3821,74.026,23.775,2.3393,53.925,4.7664,216.85,0.029242,0.84059,64.99,18.695,43.842
165,2026-04-06T16:12:00,49.411,25.77,27.046,32.653,41.14,2711.8,3620.4,20.853,18.833,22.666,0.26124,0.095071,339.97,77.449,6.7729,13.866,31.653,4565.9,21.814,45.172,51.809,80.201,2.2565,1.6462,3109.2,42.102,53.939,94.764,9.3024,60.484,43.425,40.122,2640.8,62.406,23.985,44.043,0.33571,8.9289,26.752,120.43,1.3264,76.049,24.653,2.2283,53.925,4.8451,216.02,0.029242,0.84059,65.073,18.674,43.842
166,2026-04-06T16:15:00,47.879,25.733,27.133,32.653,39.398,2709.7,3651.5,16.096,18.833,22.135,0.26161,0.095071,339.79,77.087,6.7729,13.866,31.653,4513.3,23.831,41.625,50.488,80.032,2.2565,1.6462,3107.9,42.547,54.569,94.852,9.2556,60.76,39.536,40.222,2638.1,61.871,24.807,44.151,0.33489,8.9289,26.752,120.38,1.3264,74.83,24.653,2.2283,53.925,4.8451,216.85,0.029242,0.84059,65.137,18.674,43.842
167,2026-04-06T16:18:00,50.928,28.555,26.577,32.728,41.687,2709.9,3645.3,20.752,19.108,21.769,0.29025,0.095071,339.7,77.212,6.8474,13.846,32.168,4547.7,21.869,48.682,51.111,80.002,2.295,1.6957,3108.8,42.188,54.224,94.806,9.2677,60.311,41.371,40.038,2638.2,63.934,25.636,44.353,0.33768,8.8764,26.534,120.45,1.2071,75.638,23.943,2.3925,53.925,4.8282,216.64,0.029242,0.84059,65.134,18.659,43.842
168,2026-04-06T16:21:00,49.307,28.839,27.15,32.728,40.839,2710.9,3691.0,21.444,19.108,21.841,0.28736,0.095071,340.11,77.588,6.8474,13.846,32.168,4578.3,21.561,44.93,50.362,80.107,2.295,1.6957,3110.7,42.336,53.858,94.495,9.1719,61.728,39.166,40.065,2639.0,63.147,25.701,44.318,0.33746,8.8764,26.534,120.4,1.2071,75.173,23.943,2.3925,53.925,4.8282,219.08,0.029242,0.84059,65.17,18.659,43.842
169,2026-04-06T16:24:00,52.006,23.747,26.917,32.541,41.388,2708.6,3683.6,19.043,18.67,21.766,0.24528,0.10173,339.6,76.966,6.7861,13.89,32.335,4540.9,22.589,51.176,51.174,80.086,2.2417,1.6536,3108.0,42.571,54.36,94.684,9.2785,62.942,41.556,39.784,2637.5,62.688,23.759,44.227,0.33579,8.7999,26.7,120.42,1.0422,74.315,24.713,2.2746,53.672,4.8591,217.6,0.026317,0.85959,65.224,18.782,44.053
170,2026-04-06T16:27:00,51.668,23.751,26.957,32.541,39.928,2706.9,3686.1,17.447,18.67,21.924,0.24523,0.10173,339.52,77.072,6.7861,13.89,32.335,4565.1,23.263,50.394,49.105,79.983,2.2417,1.6536,3105.4,42.205,54.07,94.559,9.3057,61.862,35.467,39.712,2635.3,62.646,26.752,44.221,0.33639,8.7999,26.7,120.38,1.0422,75.635,24.713,2.2746,53.672,4.8591,217.74,0.026317,0.85959,65.207,18.782,44.053
171,2026-04-06T16:30:00,51.995,22.145,27.201,32.872,41.408,2705.0,3654.9,18.608,18.481,22.126,0.22791,0.10173,339.49,77.17,6.8334,13.858,32.269,4574.3,22.769,51.151,50.718,80.148,2.2899,1.6741,3104.8,42.321,53.669,94.695,9.2701,60.736,40.214,40.533,2634.2,63.781,26.009,44.131,0.33979,8.6904,27.08,120.41,1.2481,75.512,24.027,2.3433,53.672,4.8824,218.81,0.026317,0.85959,65.202,18.609,44.053
172,2026-04-06T16:33:00,51.044,22.41,26.8,32.872,41.375,2701.2,3671.9,16.594,18.481,21.126,0.22521,0.10173,338.83,76.736,6.8334,13.858,32.269,4501.7,23.634,48.951,50.065,79.956,2.2899,1.6741,3102.4,42.136,54.538,94.556,9.2412,60.861,38.291,40.585,2629.2,63.489,25.979,44.215,0.33936,8.6904,27.08,120.4,1.2481,75.059,24.027,2.3433,53.672,4.8824,217.91,0.026317,0.85959,65.207,18.609,44.053
173,2026-04-06T16:36:00,49.589,22.977,26.804,32.475,40.908,2700.4,3699.7,18.146,18.482,21.501,0.22988,0.10173,338.93,76.973,7.0154,13.774,32.017,4542.3,22.98,45.582,48.439,79.959,2.2885,1.6553,3100.5,42.235,54.49,94.877,9.2325,59.946,33.507,40.423,2628.8,62.664,24.804,44.171,0.33436,9.1215,25.894,120.41,1.4022,75.33,24.715,2.2273,53.672,4.8314,218.51,0.026317,0.85959,65.179,18.762,44.053
174,2026-04-06T16:39:00,49.272,22.721,26.706,32.475,40.907,2699.7,3643.3,15.366,18.482,21.209,0.23248,0.1021,338.34,77.005,7.0154,13.774,32.017,4539.9,24.154,44.85,50.75,80.013,2.2885,1.6553,3099.4,42.302,54.518,94.524,9.3045,60.645,40.308,39.894,2627.0,63.634,24.979,44.697,0.33869,9.1215,25.894,120.39,1.4022,74.986,24.715,2.2273,53.505,4.8314,218.44,0.036682,0.8792,65.18,18.762,43.649
175,2026-04-06T16:42:00,48.311,25.289,27.004,32.449,41.232,2699.5,3632.5,18.469,19.068,21.609,0.256,0.1021,338.24,77.546,7.0028,13.834,31.839,4519.7,22.831,42.625,49.089,80.185,2.2571,1.6266,3099.5,42.29,54.399,94.878,9.1811,62.5,35.419,39.026,2628.5,62.184,25.229,44.642,0.32736,8.9671,26.874,120.4,1.4437,74.509,24.274,2.3096,53.505,4.711,221.6,0.036682,0.8792,65.236,19.21,43.649
176,2026-04-06T16:45:00,49.745,25.13,27.049,32.449,40.617,2700.4,3643.8,17.716,19.068,21.395,0.25761,0.1021,338.12,77.258,7.0028,13.834,31.839,4558.4,23.151,45.944,50.769,80.306,2.2571,1.6266,3100.8,42.216,53.936,94.765,9.2909,61.786,40.362,39.6,2628.9,61.99,23.948,44.92,0.32266,8.9671,26.874,120.36,1.4437,74.999,24.274,2.3096,53.505,4.711,220.98,0.036682,0.8792,65.331,19.21,43.649
177,2026-04-06T16:48:00,51.021,27.078,26.758,32.133,40.542,2700.0,3637.4,18.504,19.21,21.198,0.27762,0.1021,337.41,76.999,6.8215,13.781,31.836,4470.3,22.828,48.896,50.695,80.183,2.2602,1.655,3100.8,42.449,53.857,94.829,9.2824,61.004,40.147,39.433,2627.3,62.09,26.693,45.046,0.33695,8.8168,26.82,120.4,1.3471,74.599,24.493,2.2837,53.505,4.9025,222.06,0.036682,0.8792,65.345,19.184,43.649
178,2026-04-06T16:51:00,48.727,27.12,26.615,32.133,40.033,2701.2,3611.2,16.815,19.21,21.661,0.27719,0.1021,338.63,77.305,6.8215,13.781,31.836,4521.3,23.536,43.588,49.1,80.165,2.2602,1.655,3099.9,41.841,53.246,94.777,9.2712,62.465,35.452,39.803,2629.2,62.542,25.706,45.231,0.33392,8.8168,26.82,120.39,1.3471,74.543,24.493,2.2837,53.505,4.9025,222.48,0.036682,0.8792,65.361,19.184,43.649
179,2026-04-06T16:54:00,50.931,27.679,26.934,32.715,40.513,2701.9,3649.3,18.022,18.896,21.275,0.27953,0.093494,338.4,77.123,6.7167,13.804,31.986,4474.3,23.032,48.689,49.43,80.16,2.2758,1.6794,3102.2,42.375,53.801,94.869,9.2902,60.761,36.422,39.078,2629.5,63.448,24.792,45.83,0.32802,8.9101,26.557,120.42,1.104,74.567,24.136,2.2403,53.511,4.7611,224.56,0.022621,0.8627,65.382,18.818,43.237
180,2026-04-06T16:57:00,51.55,27.748,27.216,32.715,40.457,2700.5,3666.5,18.472,18.896,21.148,0.27883,0.093494,337.68,77.302,6.7167,13.804,31.986,4530.8,22.838,50.121,49.318,80.197,2.2758,1.6794,3102.9,42.418,53.125,94.464,9.2183,61.024,36.092,39.388,2629.2,63.153,25.696,46.361,0.32547,8.9101,26.557,120.41,1.104,74.328,24.136,2.2403,53.511,4.7611,223.81,0.022621,0.8627,65.44,18.818,43.237
181,2026-04-06T17:00:00,50.446,26.278,27.297,32.269,41.291,2702.4,3725.0,16.369,19.247,21.583,0.2704,0.093494,338.28,77.415,6.9387,13.857,31.848,4547.8,23.714,47.566,49.255,80.348,2.2659,1.6744,3102.9,42.211,53.783,94.722,9.181,62.156,35.909,39.617,2630.3,63.169,26.408,46.618,0.32817,8.9279,26.547,120.43,1.3404,75.011,23.76,2.2683,53.511,4.8327,226.09,0.022621,0.8627,65.506,19.125,43.237
182,2026-04-06T17:03:00,50.272,26.259,26.719,32.269,41.978,2701.4,3687.3,18.142,19.247,21.304,0.27059,0.093494,337.85,77.545,6.9387,13.857,31.848,4551.1,22.959,47.164,48.446,80.421,2.2659,1.6744,3102.9,42.272,53.744,94.345,9.1966,63.085,33.527,39.51,2629.5,63.819,25.206,46.88,0.32904,8.9279,26.547,120.42,1.3404,75.373,23.76,2.2683,53.511,4.8327,228.25,0.022621,0.8627,65.62,19.125,43.237
183,2026-04-06T17:06:00,49.843,28.009,26.877,32.409,40.54,2698.0,3612.3,18.126,18.973,20.836,0.28517,0.093494,337.35,77.058,7.0446,13.816,31.931,4490.8,22.98,46.172,50.058,80.206,2.2344,1.6912,3100.5,42.336,53.677,94.788,9.3193,59.125,38.27,40.395,2625.4,63.214,26.006,47.368,0.33364,9.1047,26.552,120.41,1.4163,74.442,24.402,2.2468,53.511,4.9363,227.86,0.022621,0.8627,65.681,18.97,43.237
184,2026-04-06T17:09:00,51.735,28.191,26.83,32.409,41.141,2699.1,3653.9,18.561,18.973,21.17,0.28332,0.10523,338.2,77.369,7.0446,13.816,31.931,4510.2,22.79,50.549,49.507,80.277,2.2344,1.6912,3099.6,42.231,53.444,94.533,9.261,61.896,36.65,39.873,2626.3,62.499,25.832,47.319,0.33792,9.1047,26.552,120.4,1.4163,75.449,24.402,2.2468,53.732,4.9363,229.45,0.011202,0.87331,65.69,18.97,44.13
185,2026-04-06T17:12:00,49.998,27.648,26.635,32.758,40.48,2699.2,3623.0,19.164,18.483,21.326,0.27891,0.10523,338.24,77.228,7.0305,13.85,32.172,4474.8,22.54,46.529,49.855,80.25,2.2766,1.7061,3099.4,42.226,54.203,94.982,9.3765,59.876,37.674,39.284,2627.1,61.997,24.907,47.498,0.3339,8.8848,25.987,120.36,1.3418,74.886,24.186,2.3461,53.732,4.8467,230.78,0.011202,0.87331,65.727,19.069,44.13
186,2026-04-06T17:15:00,51.244,27.601,26.646,32.758,40.521,2699.1,3604.5,18.308,18.483,21.334,0.27939,0.10523,338.8,76.92,7.0305,13.85,32.172,4521.9,22.91,49.413,50.391,80.204,2.2766,1.7061,3099.4,42.418,53.639,94.667,9.3501,60.985,39.251,39.425,2627.5,62.316,24.796,47.527,0.33275,8.8848,25.987,120.4,1.3418,74.884,24.186,2.3461,53.732,4.8467,233.75,0.011202,0.87331,65.747,19.069,44.13
187,2026-04-06T17:18:00,50.614,25.222,26.996,32.55,39.722,2698.6,3595.1,19.337,19.209,21.446,0.25988,0.10523,338.92,77.052,6.9373,13.999,32.089,4508.8,22.482,47.955,49.818,80.013,2.2543,1.7078,3098.7,42.364,53.513,94.925,9.2935,59.807,37.565,40.343,2625.4,62.455,26.662,47.846,0.33263,8.8205,26.294,120.36,1.1644,75.357,24.065,2.408,53.732,4.9064,233.51,0.011202,0.87331,65.734,19.353,44.13
188,2026-04-06T17:21:00,50.134,25.486,26.874,32.55,40.773,2701.8,3599.0,18.219,19.209,21.61,0.2572,0.10523,339.16,77.652,6.9373,13.999,32.089,4450.4,22.928,46.843,50.85,80.31,2.2543,1.7078,3100.0,42.074,54.212,94.826,9.3032,61.538,40.601,39.896,2630.0,62.388,25.615,47.997,0.33629,8.8205,26.294,120.39,1.1644,74.553,24.065,2.408,53.732,4.9064,235.14,0.011202,0.87331,65.731,19.353,44.13
189,2026-04-06T17:24:00,50.131,26.425,26.741,32.508,40.5,2700.3,3629.1,20.749,18.944,21.371,0.26482,0.094685,338.82,76.905,6.7962,13.706,31.993,4481.4,21.885,46.838,52.337,80.17,2.2873,1.6717,3100.8,42.663,53.071,94.835,9.3275,62.844,44.977,42.227,2628.0,62.592,26.914,48.587,0.35117,8.726,26.137,120.4,1.38,74.568,23.728,2.282,53.482,4.9105,235.49,0.017091,0.85744,65.83,19.132,43.169
190,2026-04-06T17:27:00,48.682,26.208,26.867,32.508,41.228,2701.4,3613.1,17.809,18.944,22.082,0.26702,0.094685,339.62,77.274,6.7962,13.706,31.993,4459.9,23.117,43.483,49.837,80.176,2.2873,1.6717,3099.3,42.101,53.328,94.81,9.3242,61.801,37.62,42.02,2630.3,62.867,26.971,48.908,0.35286,8.726,26.137,120.4,1.38,75.27,23.728,2.282,53.482,4.9105,236.78,0.017091,0.85744,65.831,19.132,43.169
191,2026-04-06T17:30:00,50.919,27.441,26.729,32.516,41.145,2703.3,3694.9,18.3,19.171,21.808,0.27625,0.094685,339.71,77.458,6.8246,13.782,31.56,4482.9,22.9,48.661,50.35,80.239,2.3074,1.6481,3103.0,42.041,53.518,94.633,9.3243,61.923,39.131,38.271,2632.2,62.71,26.012,49.28,0.3198,8.8972,26.865,120.43,1.1817,74.963,23.9,2.2985,53.482,4.7905,237.46,0.017091,0.85744,65.865,18.875,43.169
192,2026-04-06T17:33:00,49.744,27.315,26.72,32.516,41.423,2702.7,3643.3,17.521,19.171,21.322,0.27754,0.094685,339.81,77.277,6.8246,13.782,31.56,4450.8,23.233,45.941,48.033,80.171,2.3074,1.6481,3104.3,42.442,53.901,94.704,9.4238,59.364,32.312,38.463,2630.9,63.598,24.702,49.635,0.31823,8.8972,26.865,120.41,1.1817,75.28,23.9,2.2985,53.482,4.7905,238.3,0.017091,0.85744,65.922,18.875,43.169
193,2026-04-06T17:36:00,50.832,31.889,26.741,32.714,41.249,2703.6,3656.9,18.61,18.587,21.544,0.3233,0.094685,339.32,76.844,6.8444,13.927,32.018,4508.1,22.784,48.461,48.944,80.168,2.2635,1.6796,3104.3,42.594,53.808,94.45,9.3696,61.876,34.994,39.048,2632.0,63.183,26.184,49.975,0.32914,8.7497,26.194,120.42,0.99448,75.609,24.432,2.3099,53.482,4.7845,239.28,0.017091,0.85744,66.008,18.815,43.169
194,2026-04-06T17:39:00,48.222,31.821,26.966,32.714,41.523,2702.7,3672.8,19.593,18.587,21.894,0.324,0.10034,340.1,76.927,6.8444,13.927,32.018,4517.3,22.378,42.418,49.201,79.896,2.2635,1.6796,3102.9,42.349,53.698,94.606,9.4795,61.258,35.75,39.223,2630.8,62.91,24.75,49.763,0.3277,8.7497,26.194,120.41,0.99448,74.852,24.432,2.3099,53.492,4.7845,242.53,0.012111,0.87002,65.963,18.815,43.771
195,2026-04-06T17:42:00,50.72,27.708,26.762,32.686,41.045,2703.3,3623.3,16.571,18.787,21.708,0.28555,0.10034,340.57,77.394,6.8183,13.698,32.641,4447.4,23.641,48.2,49.935,79.942,2.2708,1.6338,3102.3,42.368,54.669,94.609,9.3666,60.675,37.91,40.981,2631.3,63.632,25.53,50.111,0.34539,8.8841,26.088,120.4,1.341,73.607,24.017,2.3225,53.492,4.9634,241.76,0.012111,0.87002,65.953,18.903,43.771
196,2026-04-06T17:45:00,50.436,27.867,27.213,32.686,41.759,2706.2,3663.8,16.67,18.787,22.307,0.28394,0.10034,340.7,77.847,6.8183,13.698,32.641,4538.1,23.577,47.542,50.321,80.219,2.2708,1.6338,3103.9,42.217,53.583,94.55,9.415,61.485,39.046,40.807,2635.1,62.936,24.76,50.512,0.34681,8.8841,26.088,120.41,1.341,74.505,24.017,2.3225,53.492,4.9634,240.33,0.012111,0.87002,66.014,18.903,43.771
197,2026-04-06T17:48:00,48.472,22.016,26.808,32.811,40.995,2707.6,3673.1,16.364,19.502,22.052,0.21999,0.10034,340.99,77.398,6.8214,13.704,32.198,4527.2,23.709,42.998,49.036,80.335,2.2795,1.6739,3105.3,42.077,53.484,94.425,9.2865,60.069,35.262,37.983,2635.5,63.052,25.752,50.739,0.31967,8.8039,26.721,120.38,1.1475,74.439,23.772,2.2721,53.492,4.8908,240.78,0.012111,0.87002,66.089,18.844,43.771
198,2026-04-06T17:51:00,50.145,21.721,26.643,32.811,41.7,2706.7,3661.0,18.253,19.502,22.109,0.22299,0.10034,340.73,77.49,6.8214,13.704,32.198,4497.0,22.909,46.87,51.911,80.272,2.2795,1.6739,3104.0,42.348,53.845,94.549,9.3398,60.98,43.723,37.808,2635.6,63.261,25.573,50.858,0.32111,8.8039,26.721,120.41,1.1475,74.282,23.772,2.2721,53.492,4.8908,242.45,0.012111,0.87002,66.153,18.844,43.771
199,2026-04-06T17:54:00,48.101,25.685,26.955,32.866,40.891,2706.2,3706.5,18.696,18.723,22.099,0.26343,0.091111,341.28,77.268,7.0146,13.859,32.216,4474.9,22.721,42.14,49.605,80.3,2.2388,1.665,3104.4,41.873,54.239,94.392,9.3636,61.801,36.939,38.285,2635.1,62.509,24.628,51.269,0.31695,9.051,26.578,120.39,1.3004,74.616,23.865,2.2931,54.154,4.7707,244.98,0.035952,0.83365,66.222,18.779,44.654
200,2026-04-06T17:57:00,52.241,25.937,27.007,32.866,41.88,2703.1,3675.0,16.075,18.723,21.989,0.26087,0.091111,340.7,76.984,7.0146,13.859,32.216,4477.6,23.839,51.721,50.529,79.972,2.2388,1.665,3102.5,42.518,54.207,94.56,9.2817,62.391,39.657,38.072,2631.5,63.051,25.792,51.712,0.31869,9.051,26.578,120.42,1.3004,74.756,23.865,2.2931,54.154,4.7707,244.8,0.035952,0.83365,66.249,18.779,44.654
201,2026-04-06T18:00:00,50.135,25.56,26.858,32.65,40.081,2701.8,3626.9,15.731,18.538,21.979,0.26098,0.091111,340.9,76.889,6.9892,13.654,31.634,4514.4,23.995,46.846,50.527,79.843,2.2929,1.6272,3099.8,42.134,53.92,94.637,9.3194,62.048,39.652,40.067,2630.5,62.151,26.267,51.837,0.3358,9.0402,26.454,120.34,1.3136,73.981,23.925,2.3339,54.154,4.9087,248.2,0.035952,0.83365,66.226,18.994,44.654
202,2026-04-06T18:03:00,50.311,25.556,27.109,32.65,41.96,2707.1,3617.0,16.853,18.538,22.635,0.26101,0.091111,341.28,77.363,6.9892,13.654,31.634,4512.5,23.506,47.254,49.122,80.083,2.2929,1.6272,3101.7,42.213,53.944,94.824,9.2033,60.484,35.516,40.619,2635.9,62.321,25.687,52.254,0.33127,9.0402,26.454,120.42,1.3136,74.7,23.925,2.3339,54.154,4.9087,248.33,0.035952,0.83365,66.23,18.994,44.654
203,2026-04-06T18:06:00,50.605,31.195,27.061,32.894,39.574,2707.7,3635.8,17.006,18.911,22.309,0.32172,0.091111,341.38,77.233,6.9278,13.865,31.894,4518.4,23.446,47.933,48.151,80.032,2.2949,1.6107,3105.6,42.452,53.326,94.611,9.4187,62.891,32.658,36.911,2636.5,62.106,24.882,52.558,0.31605,8.9649,26.708,120.36,1.2819,74.957,23.887,2.1985,54.154,4.8416,249.69,0.035952,0.83365,66.281,18.976,44.654
204,2026-04-06T18:09:00,48.332,31.689,26.726,32.894,41.491,2709.8,3620.9,19.279,18.911,22.108,0.31669,0.095924,342.18,77.182,6.9278,13.865,31.894,4493.6,22.492,42.673,51.005,79.949,2.2949,1.6107,3106.9,42.207,53.622,94.674,9.4983,59.32,41.058,37.002,2638.4,62.363,25.077,52.196,0.3153,8.9649,26.708,120.42,1.2819,75.355,23.887,2.1985,53.314,4.8416,248.4,0.038148,0.85745,66.298,18.976,44.473
205,2026-04-06T18:12:00,50.604,28.95,26.46,33.09,40.347,2710.5,3626.8,16.492,18.879,22.545,0.30295,0.095924,342.44,77.249,6.7406,13.947,32.073,4482.2,23.669,47.931,50.113,79.876,2.2517,1.6598,3107.0,42.299,53.769,94.597,9.4417,59.831,38.432,39.563,2640.1,62.728,24.557,52.034,0.33974,8.918,26.26,120.37,1.2864,74.973,23.983,2.2939,53.314,4.8064,250.61,0.038148,0.85745,66.261,18.93,44.473
206,2026-04-06T18:15:00,50.822,29.438,26.798,33.09,41.989,2712.8,3657.6,18.817,18.879,22.634,0.29798,0.095924,342.79,77.486,6.7406,13.947,32.073,4509.9,22.679,48.437,50.423,79.951,2.2517,1.6598,3108.4,42.736,53.437,94.59,9.3495,61.782,39.343,40.025,2642.3,62.197,26.685,52.15,0.33595,8.918,26.26,120.43,1.2864,74.535,23.983,2.2939,53.314,4.8064,249.7,0.038148,0.85745,66.257,18.93,44.473
207,2026-04-06T18:18:00,50.04,28.067,26.882,33.209,40.911,2712.8,3676.1,16.348,18.137,22.469,0.28156,0.095924,343.35,77.391,6.5677,13.917,32.72,4506.2,23.722,46.627,49.217,79.918,2.2743,1.6245,3108.8,42.548,53.565,94.442,9.3595,63.387,35.795,41.227,2641.5,63.567,24.289,52.114,0.34507,8.9631,25.866,120.4,1.3457,73.583,24.33,2.3113,53.314,4.7961,250.46,0.038148,0.85745,66.287,18.886,44.473
208,2026-04-06T18:21:00,49.277,27.701,27.085,33.209,42.55,2714.6,3726.0,19.076,18.137,23.099,0.28528,0.095924,343.34,77.685,6.5677,13.917,32.72,4511.7,22.556,44.861,49.667,80.094,2.2743,1.6245,3109.0,42.294,53.499,94.421,9.4339,62.739,37.121,41.159,2644.2,62.708,26.127,52.145,0.34563,8.9631,25.866,120.48,1.3457,74.553,24.33,2.3113,53.314,4.7961,250.45,0.038148,0.85745,66.31,18.886,44.473
209,2026-04-06T18:24:00,49.952,21.515,27.162,33.194,40.54,2711.2,3727.0,16.906,18.303,22.626,0.21868,0.10333,343.71,77.156,6.7058,13.849,32.548,4501.0,23.481,46.423,48.164,79.934,2.2562,1.6546,3107.7,42.003,53.711,94.295,9.3138,60.911,32.697,40.843,2640.2,64.423,23.723,52.744,0.34303,8.9277,26.404,120.42,1.2305,75.376,24.35,2.3043,53.993,4.7799,251.1,0.014691,0.82544,66.36,18.709,43.211
210,2026-04-06T18:27:00,50.621,21.786,26.545,33.194,42.72,2708.7,3707.9,19.245,18.303,22.597,0.21592,0.10333,343.47,76.98,6.7058,13.849,32.548,4464.3,22.501,47.971,50.13,79.928,2.2562,1.6546,3104.7,42.583,54.15,94.291,9.4095,59.607,38.482,40.943,2638.1,64.751,25.295,52.93,0.34221,8.9277,26.404,120.43,1.2305,74.856,24.35,2.3043,53.993,4.7799,252.39,0.014691,0.82544,66.355,18.709,43.211
211,2026-04-06T18:30:00,51.202,22.741,26.996,33.521,41.049,2706.1,3697.0,18.111,18.3,22.608,0.23025,0.10333,343.18,77.279,6.8883,13.892,31.926,4534.0,22.968,49.315,51.633,79.92,2.2561,1.6372,3102.3,42.419,53.747,94.335,9.2951,62.075,42.907,39.966,2635.8,63.958,25.148,53.099,0.33597,8.8604,26.238,120.38,1.0809,75.161,23.961,2.2481,53.993,4.851,253.86,0.014691,0.82544,66.405,18.476,43.211
212,2026-04-06T18:33:00,48.288,22.696,26.55,33.521,42.181,2703.8,3702.1,19.615,18.3,22.483,0.23072,0.10333,342.47,77.338,6.8883,13.892,31.926,4482.1,22.335,42.572,49.523,79.916,2.2561,1.6372,3100.5,42.658,54.368,94.482,9.3708,62.046,36.697,40.084,2633.5,63.871,25.172,53.375,0.335,8.8604,26.238,120.4,1.0809,74.34,23.961,2.2481,53.993,4.851,254.11,0.014691,0.82544,66.469,18.476,43.211
213,2026-04-06T18:36:00,50.475,28.741,27.101,33.313,40.915,2704.2,3671.6,20.196,18.242,22.575,0.28852,0.10333,342.99,77.057,6.9086,13.759,32.166,4521.4,22.101,47.634,51.158,79.92,2.2805,1.658,3100.4,42.643,54.501,94.401,9.4234,61.031,41.508,40.199,2633.4,62.876,24.316,53.657,0.34416,8.8306,26.293,120.38,1.2215,75.348,23.75,2.2763,53.993,4.7964,254.26,0.014691,0.82544,66.482,18.972,43.211
214,2026-04-06T18:39:00,51.307,28.637,26.764,33.313,41.408,2706.1,3690.3,17.466,18.242,22.35,0.28958,0.099239,342.8,77.243,6.9086,13.759,32.166,4577.3,23.244,49.56,48.95,79.973,2.2805,1.658,3101.3,42.415,53.832,94.57,9.4766,59.554,35.01,40.179,2635.7,62.554,27.224,53.302,0.34433,8.8306,26.293,120.38,1.2215,75.064,23.75,2.2763,52.896,4.7964,252.51,0.019765,0.81711,66.475,18.972,44.01
215,2026-04-06T18:42:00,50.918,26.44,26.992,33.116,41.161,2705.3,3678.2,18.551,18.315,22.43,0.26847,0.099239,342.8,76.755,6.9072,13.921,32.092,4454.8,22.808,48.659,49.574,79.827,2.2949,1.7012,3100.9,42.385,54.09,94.525,9.445,63.702,36.846,38.595,2633.7,62.568,24.612,53.236,0.3281,8.9149,25.806,120.36,1.1301,74.635,23.627,2.2768,52.896,4.8723,252.65,0.019765,0.81711,66.484,18.97,44.01
216,2026-04-06T18:45:00,50.62,26.517,26.628,33.116,41.736,2705.3,3665.2,18.284,18.315,22.569,0.2677,0.099239,343.28,77.611,6.9072,13.921,32.092,4540.4,22.902,47.97,49.06,79.808,2.2949,1.7012,3101.2,42.842,53.065,94.68,9.4254,60.601,35.333,38.764,2634.7,62.791,26.839,53.224,0.32671,8.9149,25.806,120.39,1.1301,74.951,23.627,2.2768,52.896,4.8723,252.21,0.019765,0.81711,66.423,18.97,44.01
217,2026-04-06T18:48:00,50.682,27.388,27.175,33.353,40.977,2709.3,3651.7,19.191,18.228,23.087,0.27435,0.099239,343.68,77.25,6.9491,13.814,32.273,4470.5,22.521,48.113,49.941,80.073,2.2659,1.6841,3102.5,42.413,53.873,94.471,9.3838,61.76,37.925,40.84,2638.2,63.012,24.17,53.288,0.34546,8.9277,26.338,120.41,1.1111,74.359,23.887,2.2662,52.896,4.7512,250.88,0.019765,0.81711,66.46,19.271,44.01
218,2026-04-06T18:51:00,48.848,27.177,26.65,33.353,41.59,2708.2,3648.2,18.413,18.228,22.644,0.27649,0.099239,343.46,77.237,6.9491,13.814,32.273,4477.7,22.849,43.868,50.635,79.988,2.2659,1.6841,3102.7,42.176,53.787,94.709,9.4227,61.379,39.968,40.573,2637.3,63.071,25.559,53.065,0.34765,8.9277,26.338,120.38,1.1111,75.188,23.887,2.2662,52.896,4.7512,252.76,0.019765,0.81711,66.465,19.271,44.01
219,2026-04-06T18:54:00,49.345,25.358,26.774,33.049,40.94,2708.2,3668.1,17.225,18.406,22.997,0.2602,0.07663,343.84,77.844,6.8019,13.916,32.705,4459.2,23.328,45.018,49.299,80.015,2.325,1.6762,3102.3,42.16,53.213,94.417,9.3391,61.514,36.037,39.375,2637.6,62.318,25.982,52.764,0.33461,9.0388,26.327,120.4,1.1971,75.933,23.794,2.3351,53.497,4.7924,252.82,0.019046,0.81448,66.49,19.012,44.101
220,2026-04-06T18:57:00,49.92,25.426,27.104,33.049,41.527,2709.3,3661.3,19.469,18.406,23.165,0.25952,0.07663,344.23,77.046,6.8019,13.916,32.705,4461.7,22.401,46.35,50.122,80.112,2.325,1.6762,3103.2,42.335,53.182,94.699,9.3291,61.904,38.459,39.383,2638.1,62.436,27.399,52.618,0.33454,9.0388,26.327,120.4,1.1971,75.081,23.794,2.3351,53.497,4.7924,252.65,0.019046,0.81448,66.517,19.012,44.101
221,2026-04-06T19:00:00,49.698,20.995,26.681,33.503,40.431,2706.9,3679.8,18.98,18.349,22.777,0.21463,0.07663,343.71,77.528,6.5353,13.85,32.844,4498.7,22.591,45.836,48.215,80.001,2.2995,1.6206,3101.9,42.635,53.312,94.484,9.2907,63.128,32.847,40.78,2636.2,63.414,23.283,52.613,0.34594,8.8728,26.377,120.37,1.0425,75.425,23.94,2.3416,53.497,4.8339,250.92,0.019046,0.81448,66.501,18.45,44.101
222,2026-04-06T19:03:00,50.207,21.108,26.655,33.503,41.782,2706.3,3696.8,15.057,18.349,22.784,0.21347,0.07663,343.87,77.401,6.5353,13.85,32.844,4479.6,24.246,47.014,49.699,79.991,2.2995,1.6206,3100.2,42.239,53.541,94.562,9.3214,62.689,37.214,40.504,2635.5,63.121,23.871,52.524,0.3482,8.8728,26.377,120.39,1.0425,75.775,23.94,2.3416,53.497,4.8339,250.13,0.019046,0.81448,66.492,18.45,44.101
223,2026-04-06T19:06:00,51.353,19.319,26.73,32.525,41.557,2705.1,3778.1,18.438,18.213,22.63,0.1926,0.07663,343.7,77.036,6.757,13.814,32.575,4545.1,22.834,49.665,50.837,79.953,2.2955,1.686,3099.9,42.445,54.145,94.503,9.3315,59.451,40.564,39.473,2634.2,64.262,26.294,52.559,0.34295,8.8499,26.398,120.42,1.3917,75.018,23.924,2.2143,53.497,4.8521,247.97,0.019046,0.81448,66.456,18.481,44.101
224,2026-04-06T19:09:00,49.552,19.111,27.013,32.525,42.274,2703.7,3733.8,17.535,18.213,22.494,0.19472,0.089908,342.99,77.358,6.757,13.814,32.575,4544.0,23.198,45.497,49.193,80.12,2.2955,1.686,3100.3,42.29,54.158,94.273,9.2638,63.252,35.725,39.827,2632.8,65.025,24.206,52.193,0.34005,8.8499,26.398,120.44,1.3917,74.999,23.924,2.2143,53.191,4.8521,249.17,0.030908,0.82217,66.458,18.481,43.499
225,2026-04-06T19:12:00,49.757,21.368,26.964,33.087,40.936,2700.4,3715.8,17.634,18.262,22.143,0.21294,0.089908,342.24,76.735,6.9498,13.822,32.572,4564.1,23.176,45.971,48.984,80.03,2.3014,1.6684,3097.8,42.433,53.894,94.419,9.4648,60.49,35.111,39.76,2629.1,63.612,25.724,52.135,0.33267,9.0112,26.719,120.38,1.1662,75.136,24.325,2.2786,53.191,4.8842,247.51,0.030908,0.82217,66.466,18.697,43.499
226,2026-04-06T19:15:00,51.36,21.205,26.826,33.087,41.596,2698.0,3697.9,13.743,18.262,22.004,0.21461,0.089908,342.17,77.327,6.9498,13.822,32.572,4532.6,24.801,49.681,49.099,79.956,2.3014,1.6684,3095.6,42.257,54.27,94.487,9.3963,58.585,35.447,39.789,2626.9,63.92,25.699,52.062,0.33244,9.0112,26.719,120.4,1.1662,75.372,24.325,2.2786,53.191,4.8842,246.1,0.030908,0.82217,66.442,18.697,43.499
227,2026-04-06T19:18:00,50.543,20.984,26.834,32.838,41.422,2697.7,3663.8,17.582,18.22,22.059,0.2094,0.089908,342.03,76.894,6.9953,13.826,32.131,4509.3,23.201,47.79,49.293,80.011,2.2673,1.6393,3093.9,42.159,54.049,94.681,9.4113,59.971,36.02,39.544,2626.5,62.842,25.5,51.657,0.33616,8.9895,26.086,120.39,1.2847,75.435,23.904,2.3156,53.191,4.8339,248.38,0.030908,0.82217,66.409,18.776,43.499
228,2026-04-06T19:21:00,50.742,20.839,27.041,32.838,40.68,2697.7,3670.1,19.933,18.22,22.098,0.21087,0.089908,341.85,77.359,6.9953,13.826,32.131,4485.3,22.2,48.251,50.681,80.024,2.2673,1.6393,3094.7,42.81,54.337,94.594,9.4438,60.118,40.104,39.539,2625.9,62.734,25.465,51.725,0.3362,8.9895,26.086,120.38,1.2847,75.242,23.904,2.3156,53.191,4.8339,245.39,0.030908,0.82217,66.378,18.776,43.499
229,2026-04-06T19:24:00,50.52,24.854,26.849,32.817,41.654,2700.5,3657.7,18.502,18.251,21.879,0.25198,0.10321,341.48,77.351,6.8961,13.911,32.098,4542.5,22.799,47.737,50.713,80.166,2.2381,1.6926,3097.0,42.47,53.465,94.756,9.3433,61.074,40.198,39.714,2629.0,62.463,24.838,51.854,0.33562,8.8156,26.112,120.41,1.2753,74.966,23.96,2.3141,53.881,4.8342,243.57,0.023603,0.81623,66.349,18.401,43.625
230,2026-04-06T19:27:00,49.681,24.961,26.72,32.817,40.547,2702.5,3648.9,16.397,18.251,22.275,0.25089,0.10321,341.35,77.67,6.8961,13.911,32.098,4514.6,23.675,45.796,48.351,80.251,2.2381,1.6926,3099.2,42.444,53.799,94.59,9.4144,59.022,33.248,39.915,2631.8,62.615,23.958,51.71,0.33398,8.8156,26.112,120.39,1.2753,74.832,23.96,2.3141,53.881,4.8342,243.75,0.023603,0.81623,66.361,18.401,43.625
231,2026-04-06T19:30:00,49.643,25.044,27.114,32.875,41.237,2704.6,3662.2,15.596,18.372,22.305,0.25793,0.10321,341.15,77.679,6.9533,13.743,32.271,4557.6,24.002,45.708,51.264,80.352,2.241,1.6854,3101.9,42.439,54.237,94.619,9.2468,60.231,41.819,41.075,2633.5,63.195,25.956,51.558,0.34382,8.7484,26.201,120.4,1.4516,74.783,23.812,2.3181,53.881,4.8512,244.0,0.023603,0.81623,66.4,18.502,43.625
232,2026-04-06T19:33:00,52.238,25.063,26.453,32.875,40.963,2704.7,3671.2,18.217,18.372,21.562,0.25773,0.10321,341.48,77.033,6.9533,13.743,32.271,4541.1,22.914,51.713,48.007,80.327,2.241,1.6854,3103.0,42.682,54.435,94.544,9.2918,62.463,32.235,40.638,2633.8,63.041,25.812,51.557,0.34739,8.7484,26.201,120.37,1.4516,74.888,23.812,2.3181,53.881,4.8512,242.54,0.023603,0.81623,66.461,18.502,43.625
233,2026-04-06T19:36:00,50.682,23.431,27.091,33.124,41.539,2704.0,3644.8,16.751,18.826,22.238,0.241,0.10321,341.66,77.319,7.0018,13.898,31.965,4535.3,23.528,48.113,50.458,80.156,2.3,1.6547,3101.2,42.088,54.31,94.667,9.2928,62.602,39.447,38.611,2632.8,62.954,25.352,51.23,0.327,9.0042,26.644,120.4,1.3914,74.86,23.813,2.2977,53.881,4.8072,244.79,0.023603,0.81623,66.398,18.289,43.625
234,2026-04-06T19:39:00,50.97,23.536,27.072,33.124,40.745,2704.2,3658.7,16.71,18.826,22.393,0.23994,0.11042,341.48,77.219,7.0018,13.898,31.965,4543.7,23.548,48.778,49.439,80.147,2.3,1.6547,3101.3,42.363,54.211,94.596,9.3631,61.34,36.45,38.577,2633.1,62.715,26.786,51.087,0.32727,9.0042,26.644,120.41,1.3914,74.603,23.813,2.2977,53.343,4.8072,242.96,0.01337,0.81853,66.365,18.289,44.242
235,2026-04-06T19:42:00,50.034,26.312,26.831,33.26,40.658,2705.8,3615.7,17.24,18.546,22.579,0.27241,0.11042,341.83,77.377,6.9304,13.846,32.234,4544.5,23.319,46.613,48.075,80.183,2.2951,1.6395,3102.2,42.18,54.788,94.628,9.438,61.54,32.435,40.998,2634.7,62.938,25.492,50.8,0.34148,9.1035,25.883,120.4,1.1426,75.14,23.95,2.298,53.343,4.9234,243.89,0.01337,0.81853,66.32,18.865,44.242
236,2026-04-06T19:45:00,49.161,26.528,27.054,33.26,41.468,2705.5,3653.5,17.001,18.546,22.075,0.27021,0.11042,341.03,77.385,6.9304,13.846,32.234,4567.2,23.422,44.592,50.191,80.057,2.2951,1.6395,3103.6,42.196,54.516,94.622,9.1484,64.156,38.662,41.005,2633.4,62.289,24.297,50.706,0.34142,9.1035,25.883,120.41,1.1426,74.608,23.95,2.298,53.343,4.9234,242.68,0.01337,0.81853,66.265,18.865,44.242
237,2026-04-06T19:48:00,50.52,24.074,26.869,32.959,40.545,2706.0,3649.1,15.732,18.764,22.059,0.24498,0.11042,341.45,77.349,7.0111,13.771,31.835,4474.6,23.956,47.738,52.039,80.13,2.3009,1.6581,3103.7,42.277,54.245,94.712,9.3052,62.301,44.099,40.126,2635.0,62.912,24.281,50.447,0.33776,8.9191,25.961,120.4,1.3947,75.564,24.004,2.2522,53.343,4.7891,243.36,0.01337,0.81853,66.237,18.719,44.242
238,2026-04-06T19:51:00,50.04,24.181,26.746,32.959,41.647,2706.0,3661.2,18.591,18.764,22.056,0.2439,0.11042,341.46,77.477,7.0111,13.771,31.835,4530.2,22.744,46.627,50.059,80.167,2.3009,1.6581,3104.0,42.476,53.579,94.649,9.439,62.615,38.272,40.027,2634.4,62.703,24.298,50.213,0.33858,8.9191,25.961,120.41,1.3947,74.112,24.004,2.2522,53.343,4.7891,243.73,0.01337,0.81853,66.231,18.719,44.242
239,2026-04-06T19:54:00,51.807,27.929,26.912,32.894,41.033,2706.9,3620.0,19.074,18.426,21.99,0.28617,0.081332,341.88,77.439,6.8935,13.679,32.115,4528.5,22.544,50.715,49.94,80.143,2.2506,1.669,3104.2,42.448,53.955,94.649,9.4035,60.847,37.922,39.106,2636.0,62.621,23.737,49.99,0.32952,9.0999,26.438,120.4,1.2342,74.474,24.177,2.3089,54.299,4.856,244.31,0.016219,0.81474,66.212,18.809,44.067
240,2026-04-06T19:57:00,51.599,28.016,26.944,32.894,40.693,2708.7,3647.8,19.222,18.426,22.398,0.28529,0.081332,342.02,77.237,6.8935,13.679,32.115,4476.3,22.485,50.234,50.343,80.187,2.2506,1.669,3104.9,42.523,54.579,94.653,9.3466,62.665,39.109,38.833,2637.5,62.143,23.782,50.203,0.33176,9.0999,26.438,120.4,1.2342,74.929,24.177,2.3089,54.299,4.856,239.82,0.016219,0.81474,66.19,18.809,44.067
241,2026-04-06T20:00:00,49.658,25.742,26.973,33.003,40.96,2708.4,3681.4,20.181,18.966,22.652,0.25857,0.081332,342.32,77.128,6.9495,13.901,32.384,4519.7,22.087,45.743,49.231,80.056,2.2524,1.6201,3103.9,42.171,53.841,94.624,9.3346,60.237,35.836,38.185,2636.8,62.528,26.209,49.977,0.31582,8.6315,26.512,120.42,1.4925,75.239,23.823,2.3027,54.299,4.9065,240.28,0.016219,0.81474,66.146,18.97,44.067
242,2026-04-06T20:03:00,49.754,25.493,26.606,33.003,41.392,2707.2,3645.2,19.213,18.966,22.204,0.26111,0.081332,341.91,76.906,6.9495,13.901,32.384,4543.9,22.508,45.965,50.394,79.902,2.2524,1.6201,3103.6,42.048,53.551,94.649,9.2553,59.544,39.261,37.56,2635.9,63.153,25.334,49.834,0.32094,8.6315,26.512,120.39,1.4925,75.324,23.823,2.3027,54.299,4.9065,239.84,0.016219,0.81474,66.081,18.97,44.067
243,2026-04-06T20:06:00,49.778,22.905,26.73,32.968,41.333,2707.3,3647.4,19.785,19.018,22.705,0.23414,0.081332,342.49,77.277,6.7452,13.802,32.562,4440.4,22.258,46.019,50.713,80.023,2.2929,1.6936,3101.6,42.63,54.375,94.657,9.2977,61.025,40.199,40.956,2636.3,62.585,27.405,49.631,0.34124,9.0096,25.762,120.39,1.031,74.798,23.713,2.2551,54.299,4.6918,240.11,0.016219,0.81474,66.028,19.212,44.067
244,2026-04-06T20:09:00,48.947,22.85,26.889,32.968,40.747,2707.1,3638.4,18.28,19.018,22.534,0.2347,0.10067,341.93,77.253,6.7452,13.802,32.562,4463.5,22.884,44.097,49.22,80.158,2.2929,1.6936,3102.3,42.449,54.099,94.785,9.1833,63.115,35.804,40.796,2636.5,62.74,25.339,49.459,0.34256,9.0096,25.762,120.42,1.031,75.454,23.713,2.2551,54.055,4.6918,238.53,0.027458,0.82347,66.057,19.212,43.339
245,2026-04-06T20:12:00,49.028,20.914,26.75,32.99,41.054,2705.5,3666.9,18.708,18.693,22.253,0.21408,0.10067,342.17,77.131,6.9722,13.819,31.995,4442.2,22.707,44.285,48.793,80.086,2.2622,1.6328,3101.4,42.204,53.707,94.545,9.2515,62.134,34.547,39.555,2633.9,64.075,23.954,49.331,0.3314,8.9431,26.285,120.39,1.3692,75.871,23.801,2.1384,54.055,4.8472,237.29,0.027458,0.82347,66.038,18.635,43.339
246,2026-04-06T20:15:00,50.535,20.836,26.411,32.99,41.443,2701.0,3683.7,17.031,18.693,21.932,0.21488,0.10067,341.92,76.669,6.9722,13.819,31.995,4448.3,23.437,47.772,48.986,79.858,2.2622,1.6328,3098.6,42.073,53.634,94.689,9.242,62.016,35.117,39.137,2629.9,63.786,24.638,49.106,0.33483,8.9431,26.285,120.42,1.3692,75.264,23.801,2.1384,54.055,4.8472,237.17,0.027458,0.82347,65.983,18.635,43.339
247,2026-04-06T20:18:00,51.754,26.358,27.072,33.169,40.76,2702.5,3620.9,17.098,19.043,22.563,0.26651,0.10067,341.8,77.191,6.754,13.79,32.343,4497.8,23.4,50.594,49.878,79.938,2.2517,1.6507,3097.9,42.382,54.433,94.616,9.2956,61.519,37.74,40.029,2630.8,62.897,24.137,48.788,0.3311,8.9495,26.029,120.37,1.1904,75.398,24.097,2.3797,54.055,4.7314,238.17,0.027458,0.82347,65.901,18.871,43.339
248,2026-04-06T20:21:00,50.552,26.33,26.73,33.169,41.008,2704.9,3644.5,19.408,19.043,22.593,0.2668,0.10067,341.96,77.247,6.754,13.79,32.343,4566.4,22.422,47.812,48.494,80.116,2.2517,1.6507,3100.8,42.307,53.611,94.684,9.2922,63.575,33.667,39.553,2634.0,62.491,25.624,48.867,0.335,8.9495,26.029,120.4,1.1904,74.997,24.097,2.3797,54.055,4.7314,234.65,0.027458,0.82347,65.919,18.871,43.339
249,2026-04-06T20:24:00,50.349,22.826,26.782,33.333,41.571,2705.6,3690.4,19.751,18.393,22.218,0.2354,0.087818,341.86,77.548,6.9647,13.895,32.137,4502.1,22.264,47.341,49.068,80.233,2.2655,1.6912,3102.4,42.477,53.806,94.556,9.4498,61.456,35.356,39.051,2634.6,63.632,26.089,48.601,0.33246,8.9117,26.432,120.39,1.3119,75.34,24.027,2.3813,53.245,4.8905,237.18,0.034899,0.82775,65.928,18.552,43.003
250,2026-04-06T20:27:00,50.835,23.005,27.053,33.333,42.029,2703.6,3685.6,19.701,18.393,22.345,0.23358,0.087818,341.3,76.937,6.9647,13.895,32.137,4491.9,22.303,48.465,49.864,80.09,2.2655,1.6912,3100.5,42.1,53.928,94.646,9.2849,61.307,37.701,39.456,2632.8,63.715,25.444,48.646,0.32914,8.9117,26.432,120.42,1.3119,75.746,24.027,2.3813,53.245,4.8905,234.96,0.034899,0.82775,65.975,18.552,43.003
251,2026-04-06T20:30:00,49.908,24.81,26.909,32.968,41.125,2701.5,3667.9,17.793,18.494,21.981,0.25409,0.087818,341.09,77.152,6.8864,13.769,32.648,4529.1,23.106,46.322,49.713,79.923,2.2521,1.6938,3100.3,42.77,54.278,94.611,9.4217,61.455,37.254,40.63,2629.7,62.193,25.707,48.566,0.34281,8.9976,26.087,120.37,1.2105,75.155,23.686,2.2929,53.245,4.784,234.21,0.034899,0.82775,65.922,18.964,43.003
252,2026-04-06T20:33:00,50.396,25.049,26.982,32.968,41.5,2705.3,3632.5,16.36,18.494,22.309,0.25166,0.087818,341.15,77.694,6.8864,13.769,32.648,4578.6,23.686,47.451,50.528,80.249,2.2521,1.6938,3101.3,42.565,53.685,94.675,9.3848,60.99,39.653,40.453,2634.2,62.803,26.665,48.376,0.34426,8.9976,26.087,120.43,1.2105,75.927,23.686,2.2929,53.245,4.784,234.69,0.034899,0.82775,65.909,18.964,43.003
253,2026-04-06T20:36:00,47.916,19.703,27.196,32.569,40.911,2705.7,3673.1,19.114,18.35,22.51,0.20282,0.087818,341.54,77.544,7.1729,13.776,31.68,4534.2,22.52,41.71,48.752,80.389,2.258,1.6649,3103.3,42.949,53.209,94.586,9.4136,60.62,34.427,39.002,2635.0,62.75,25.796,48.168,0.32859,9.0236,26.238,120.38,1.1943,75.279,23.98,2.2627,53.245,4.8366,235.3,0.034899,0.82775,65.957,18.675,43.003
254,2026-04-06T20:39:00,51.531,19.757,26.649,32.569,41.003,2702.0,3650.9,17.599,18.35,21.878,0.20227,0.091933,341.05,76.867,7.1729,13.776,31.68,4511.6,23.185,50.078,50.16,80.032,2.258,1.6649,3099.2,42.407,53.479,94.686,9.4512,62.717,38.57,38.72,2630.4,63.132,25.907,48.211,0.3309,9.0236,26.238,120.38,1.1943,75.393,23.98,2.2627,53.704,4.8366,234.18,0.0060095,0.8465,65.91,18.675,43.414
255,2026-04-06T20:42:00,50.687,29.189,26.536,32.576,40.189,2702.0,3592.0,18.714,18.675,22.162,0.29417,0.091933,341.79,76.943,6.9034,13.762,32.501,4539.6,22.722,48.124,50.006,79.89,2.295,1.6373,3098.3,42.228,53.845,94.773,9.1878,61.616,38.117,38.791,2630.7,61.494,25.457,48.194,0.33131,8.9363,26.083,120.4,1.3059,74.893,23.836,2.3479,53.704,4.9409,233.19,0.0060095,0.8465,65.867,18.456,43.414
256,2026-04-06T20:45:00,50.9,29.018,26.842,32.576,39.839,2705.3,3574.0,15.515,18.675,22.509,0.2959,0.091933,342.01,77.124,6.9034,13.762,32.501,4493.6,24.071,48.616,51.42,79.899,2.295,1.6373,3100.7,42.314,54.395,95.0,9.2798,61.869,42.279,38.923,2633.8,61.803,25.345,47.987,0.33023,8.9363,26.083,120.38,1.3059,75.82,23.836,2.3479,53.704,4.9409,234.37,0.0060095,0.8465,65.797,18.456,43.414
257,2026-04-06T20:48:00,50.268,21.287,26.669,33.345,40.886,2707.8,3643.0,17.998,18.379,22.221,0.21776,0.091933,342.0,77.652,6.7831,13.803,32.069,4548.6,23.006,47.155,50.124,80.055,2.2479,1.6999,3104.4,42.425,54.311,94.722,9.2079,63.66,38.465,38.846,2637.3,62.832,23.47,48.017,0.32717,9.0444,26.379,120.39,1.3293,75.326,24.325,2.3181,53.704,4.8018,232.91,0.0060095,0.8465,65.739,18.85,43.414
258,2026-04-06T20:51:00,49.537,21.476,26.913,33.345,41.38,2710.7,3650.4,18.481,18.379,22.06,0.21583,0.091933,341.62,77.373,6.7831,13.803,32.069,4526.7,22.802,45.462,49.652,80.239,2.2479,1.6999,3108.7,42.262,54.573,94.644,9.3259,61.533,37.075,39.001,2638.6,62.704,24.592,47.978,0.3259,9.0444,26.379,120.41,1.3293,74.903,24.325,2.3181,53.704,4.8018,232.19,0.0060095,0.8465,65.777,18.85,43.414
259,2026-04-06T20:54:00,48.621,25.306,26.675,33.041,41.341,2710.8,3665.4,17.862,18.562,22.243,0.25839,0.1023,341.95,76.98,6.7063,13.787,32.225,4469.4,23.077,43.342,51.496,80.084,2.2248,1.6652,3107.5,41.881,54.311,94.566,9.3329,60.542,42.502,39.193,2638.9,63.539,25.419,48.356,0.33291,8.8939,26.57,120.42,1.2841,74.076,23.74,2.2209,54.273,4.8256,232.18,0.011599,0.82107,65.802,18.702,44.679
260,2026-04-06T20:57:00,49.137,25.377,27.321,33.041,41.333,2708.6,3675.4,20.919,18.562,22.746,0.25767,0.1023,341.9,77.148,6.7063,13.787,32.225,4536.9,21.788,44.537,49.886,79.866,2.2248,1.6652,3106.0,42.515,53.503,94.492,9.4508,58.778,37.766,39.569,2637.5,63.366,25.659,48.347,0.32983,8.8939,26.57,120.4,1.2841,74.775,23.74,2.2209,54.273,4.8256,233.5,0.011599,0.82107,65.75,18.702,44.679
261,2026-04-06T21:00:00,49.949,24.153,27.277,33.288,41.299,2708.5,3697.2,16.658,18.569,22.798,0.24073,0.1023,341.73,77.203,6.9145,13.792,32.501,4500.8,23.589,46.415,50.756,79.822,2.2873,1.6446,3104.6,42.293,54.298,94.512,9.4054,62.051,40.326,39.077,2636.7,63.794,22.904,48.505,0.32997,8.9446,26.963,120.43,1.0889,75.24,23.694,2.3023,54.273,4.721,232.96,0.011599,0.82107,65.746,18.917,44.679
262,2026-04-06T21:03:00,49.225,24.245,26.647,33.288,41.75,2707.7,3671.8,18.196,18.569,22.189,0.23979,0.1023,341.49,77.732,6.9145,13.792,32.501,4504.9,22.921,44.74,50.508,80.044,2.2873,1.6446,3106.2,42.426,54.25,94.42,9.419,60.235,39.596,39.244,2636.6,64.231,27.334,48.395,0.3286,8.9446,26.963,120.41,1.0889,74.154,23.694,2.3023,54.273,4.721,235.41,0.011599,0.82107,65.727,18.917,44.679
263,2026-04-06T21:06:00,47.881,20.924,26.665,33.014,41.455,2710.6,3661.9,18.898,18.354,22.343,0.21669,0.1023,341.39,77.71,6.6832,13.784,31.867,4485.1,22.612,41.631,51.371,80.396,2.2848,1.682,3107.1,42.355,53.955,94.515,9.2905,62.562,42.134,39.05,2639.4,62.643,24.144,48.612,0.33079,8.973,26.549,120.41,1.3543,75.426,24.306,2.2907,54.273,4.7441,234.13,0.011599,0.82107,65.809,18.92,44.679
264,2026-04-06T21:09:00,50.044,21.026,27.302,33.014,41.359,2706.9,3655.6,18.967,18.354,22.363,0.21565,0.11271,341.2,76.975,6.6832,13.784,31.867,4490.6,22.601,46.636,49.994,80.176,2.2848,1.682,3104.3,42.213,53.889,94.497,9.4363,62.113,38.082,39.437,2635.6,62.752,25.438,48.218,0.32762,8.973,26.549,120.39,1.3543,75.457,24.306,2.2907,53.437,4.7441,232.32,0.035672,0.82691,65.897,18.92,43.79
265,2026-04-06T21:12:00,50.078,27.077,26.843,32.806,41.294,2705.1,3681.9,19.284,18.98,22.274,0.2768,0.11271,341.67,76.523,6.9958,13.837,32.176,4482.3,22.495,46.715,48.708,79.846,2.2622,1.6552,3102.0,41.744,53.955,94.654,9.3787,60.436,34.297,39.242,2633.7,64.405,25.123,47.888,0.32714,8.9046,26.197,120.4,1.2501,75.491,23.973,2.2596,53.437,4.8252,234.0,0.035672,0.82691,65.84,18.473,43.79
266,2026-04-06T21:15:00,51.501,27.141,26.669,32.806,41.084,2704.9,3718.0,19.066,18.98,22.37,0.27615,0.11271,342.04,77.118,6.9958,13.837,32.176,4505.5,22.581,50.008,50.356,79.726,2.2622,1.6552,3100.7,42.195,53.678,94.409,9.3461,60.432,39.149,39.302,2634.3,63.784,25.788,47.72,0.32664,8.9046,26.197,120.4,1.2501,74.659,23.973,2.2596,53.437,4.8252,233.95,0.035672,0.82691,65.703,18.473,43.79
267,2026-04-06T21:18:00,51.172,24.573,27.031,32.7,41.381,2704.9,3629.5,20.061,18.658,22.388,0.24589,0.11271,341.42,77.223,6.8185,13.805,32.343,4506.6,22.155,49.247,47.413,80.007,2.2814,1.647,3101.7,42.576,54.775,94.726,9.3015,61.914,30.486,39.878,2633.6,62.605,26.789,47.813,0.33337,9.0324,26.618,120.38,1.1625,75.575,23.894,2.278,53.437,4.8024,230.96,0.035672,0.82691,65.686,18.816,43.79
268,2026-04-06T21:21:00,52.897,24.106,27.074,32.7,41.324,2705.6,3652.4,19.682,18.658,22.195,0.25064,0.11271,341.18,77.264,6.8185,13.805,32.343,4527.4,22.311,53.238,48.777,80.057,2.2814,1.647,3102.5,42.905,54.526,94.596,9.1692,62.599,34.499,39.276,2634.7,62.212,26.636,47.613,0.33829,9.0324,26.618,120.4,1.1625,75.37,23.894,2.278,53.437,4.8024,231.23,0.035672,0.82691,65.699,18.816,43.79
269,2026-04-06T21:24:00,48.78,22.69,26.839,32.515,40.868,2706.5,3647.7,18.04,18.785,22.259,0.23136,0.09979,341.46,77.374,7.025,13.994,32.256,4514.5,22.999,43.71,52.567,80.079,2.3162,1.6379,3102.7,41.863,53.862,94.661,9.4758,60.88,45.654,39.048,2635.2,63.825,25.25,47.45,0.33307,9.0941,26.356,120.39,1.2657,75.134,24.506,2.2861,55.099,4.7594,232.51,0.030507,0.83994,65.717,18.78,43.752
270,2026-04-06T21:27:00,50.547,22.626,26.822,32.515,40.944,2705.6,3702.7,19.336,18.785,21.786,0.23202,0.09979,341.1,77.064,7.025,13.994,32.256,4478.3,22.459,47.799,51.15,80.089,2.3162,1.6379,3104.1,42.553,54.296,94.62,9.3183,60.676,41.484,39.273,2633.5,62.877,22.228,47.483,0.33122,9.0941,26.356,120.38,1.2657,74.594,24.506,2.2861,55.099,4.7594,230.79,0.030507,0.83994,65.741,18.78,43.752
271,2026-04-06T21:30:00,48.221,23.56,27.06,32.659,41.304,2704.2,3635.0,16.146,17.967,22.251,0.23692,0.09979,341.15,77.193,6.6914,13.896,32.096,4494.1,23.803,42.416,48.005,79.943,2.2901,1.704,3100.9,42.545,54.191,94.717,9.4309,60.222,32.228,42.109,2632.4,62.193,24.75,47.514,0.35045,8.8593,26.368,120.37,1.1753,74.327,23.925,2.2764,55.099,4.7947,229.11,0.030507,0.83994,65.699,18.499,43.752
272,2026-04-06T21:33:00,49.973,23.16,26.954,32.659,40.659,2705.3,3622.4,17.461,17.967,22.301,0.24099,0.09979,341.4,77.351,6.6914,13.896,32.096,4511.3,23.246,46.471,50.702,80.031,2.2901,1.704,3101.9,42.211,53.984,94.821,9.3304,61.879,40.167,41.858,2634.2,62.411,22.982,47.181,0.3525,8.8593,26.368,120.4,1.1753,74.419,23.925,2.2764,55.099,4.7947,231.52,0.030507,0.83994,65.67,18.499,43.752
273,2026-04-06T21:36:00,47.733,24.879,27.057,32.464,41.265,2707.4,3714.6,18.759,18.583,22.38,0.2548,0.09979,341.43,77.181,6.9665,13.814,32.064,4554.1,22.701,41.288,49.745,80.144,2.3115,1.6451,3104.4,42.517,54.185,94.522,9.4542,61.13,37.349,40.761,2636.5,63.773,24.749,47.275,0.34141,8.7398,26.345,120.41,1.2565,75.409,24.196,2.3229,55.099,4.7501,229.15,0.030507,0.83994,65.687,18.811,43.752
274,2026-04-06T21:39:00,50.118,24.852,26.765,32.464,41.348,2706.3,3719.6,18.902,18.583,22.198,0.25508,0.097693,341.37,77.238,6.9665,13.814,32.064,4517.7,22.637,46.807,50.276,80.129,2.3115,1.6451,3105.0,42.233,54.62,94.479,9.3071,61.579,38.912,40.453,2635.7,63.686,25.857,47.559,0.34394,8.7398,26.345,120.41,1.2565,74.382,24.196,2.3229,53.918,4.7501,228.31,0.013327,0.84201,65.68,18.811,43.911
275,2026-04-06T21:42:00,51.765,25.407,27.328,32.968,41.242,2707.1,3688.4,17.319,18.371,22.229,0.2579,0.097693,340.84,77.354,6.92,13.66,32.175,4509.0,23.296,50.618,50.774,80.173,2.2791,1.6714,3105.6,42.1,53.979,94.543,9.3423,60.757,40.378,39.898,2635.5,61.86,26.135,47.383,0.33102,8.9436,26.826,120.4,1.1541,75.059,24.154,2.2922,53.918,4.8727,230.57,0.013327,0.84201,65.718,18.768,43.911
276,2026-04-06T21:45:00,48.958,25.574,26.931,32.968,41.407,2707.4,3649.2,15.229,18.371,22.425,0.25621,0.097693,341.18,77.215,6.92,13.66,32.175,4518.7,24.179,44.123,50.978,80.182,2.2791,1.6714,3104.7,42.618,53.863,94.598,9.4301,59.327,40.979,39.972,2635.7,62.535,23.136,47.323,0.33042,8.9436,26.826,120.41,1.1541,76.264,24.154,2.2922,53.918,4.8727,231.49,0.013327,0.84201,65.729,18.768,43.911
277,2026-04-06T21:48:00,48.533,24.529,26.652,33.073,40.66,2705.7,3682.0,18.001,19.173,22.108,0.24671,0.097693,341.22,76.7,6.8217,14.107,31.844,4537.5,23.028,43.14,51.955,79.988,2.2668,1.6625,3103.7,42.281,53.74,94.68,9.3287,60.155,43.853,37.823,2634.5,62.32,25.075,47.526,0.31307,8.9723,26.524,120.39,1.3917,74.233,24.113,2.3367,53.918,4.8344,229.46,0.013327,0.84201,65.728,19.064,43.911
278,2026-04-06T21:51:00,50.324,24.453,26.839,33.073,40.727,2705.5,3671.4,17.009,19.173,22.244,0.24749,0.097693,341.83,76.855,6.8217,14.107,31.844,4502.6,23.452,47.285,48.954,79.857,2.2668,1.6625,3102.6,42.336,54.158,94.591,9.4183,58.367,35.022,37.555,2634.0,62.503,26.372,47.624,0.31527,8.9723,26.524,120.39,1.3917,75.221,24.113,2.3367,53.918,4.8344,228.65,0.013327,0.84201,65.661,19.064,43.911
279,2026-04-06T21:54:00,49.913,27.988,26.788,33.358,40.966,2706.6,3677.0,18.665,18.574,22.38,0.27937,0.10538,341.14,77.389,6.8227,13.802,32.007,4510.0,22.738,46.333,48.819,79.968,2.3157,1.6487,3103.4,42.414,53.32,94.669,9.649,58.647,34.624,43.314,2635.1,63.279,24.615,47.548,0.36683,8.9562,26.166,120.38,1.2277,75.075,24.433,2.2545,54.367,4.7591,230.53,0.039085,0.84025,65.609,18.521,44.049
280,2026-04-06T21:57:00,49.34,27.75,27.237,33.358,41.187,2706.5,3686.0,20.413,18.574,22.268,0.28179,0.10538,341.37,77.347,6.8227,13.802,32.007,4486.6,22.002,45.006,48.93,80.033,2.3157,1.6487,3104.4,42.716,53.6,94.531,9.3291,60.471,34.95,43.696,2635.0,63.125,26.059,47.493,0.36369,8.9562,26.166,120.41,1.2277,74.558,24.433,2.2545,54.367,4.7591,231.76,0.039085,0.84025,65.614,18.521,44.049
281,2026-04-06T22:00:00,49.995,26.466,26.701,33.214,41.469,2706.8,3666.8,16.845,19.286,21.793,0.26878,0.10538,341.25,77.378,6.8048,13.788,32.584,4543.2,23.502,46.524,50.093,80.034,2.31,1.664,3105.0,42.417,54.252,94.594,9.3079,61.023,38.373,39.614,2634.7,63.503,23.824,47.529,0.33184,8.8268,26.731,120.42,1.2668,74.86,23.678,2.3732,54.367,4.9234,231.95,0.039085,0.84025,65.645,19.313,44.049
282,2026-04-06T22:03:00,49.813,26.577,26.761,33.214,41.234,2707.6,3685.4,19.753,19.286,22.044,0.26765,0.10538,341.54,77.105,6.8048,13.788,32.584,4525.4,22.283,46.102,50.054,80.138,2.31,1.664,3105.2,42.322,54.464,94.403,9.417,58.74,38.258,39.467,2636.7,63.182,24.191,47.732,0.33305,8.8268,26.731,120.4,1.2668,74.977,23.678,2.3732,54.367,4.9234,230.23,0.039085,0.84025,65.699,19.313,44.049
283,2026-04-06T22:06:00,50.701,20.748,27.15,32.542,40.807,2704.7,3658.8,18.009,18.343,22.552,0.21289,0.10538,341.21,77.03,6.8519,13.827,32.289,4411.3,23.024,48.156,50.71,79.997,2.2988,1.6197,3102.7,42.634,53.864,94.55,9.3594,60.753,40.188,39.094,2633.5,63.862,24.36,47.581,0.33265,8.9571,26.121,120.4,1.2401,75.102,24.184,2.2445,54.367,4.855,232.51,0.039085,0.84025,65.693,18.795,44.049
284,2026-04-06T22:09:00,50.041,20.835,27.053,32.542,41.388,2705.1,3657.2,17.15,18.343,22.495,0.21201,0.10606,341.41,77.614,6.8519,13.827,32.289,4437.8,23.362,46.628,50.171,80.143,2.2988,1.6197,3102.4,42.388,53.547,94.613,9.4564,60.06,38.604,39.488,2634.6,63.889,27.196,47.886,0.32941,8.9571,26.121,120.4,1.2401,74.462,24.184,2.2445,54.343,4.855,229.27,0.029222,0.84142,65.723,18.795,43.583
285,2026-04-06T22:12:00,50.701,23.649,26.765,32.567,41.078,2703.1,3679.3,19.498,18.287,21.725,0.23537,0.10606,341.07,77.271,7.0547,13.914,32.006,4507.1,22.382,48.156,50.303,80.06,2.2466,1.682,3101.8,42.383,53.941,94.488,9.351,61.327,38.992,40.052,2631.1,63.146,25.181,47.756,0.33322,8.9622,26.298,120.39,1.3435,75.609,24.146,2.3723,54.343,4.8546,231.09,0.029222,0.84142,65.743,18.74,43.583
286,2026-04-06T22:15:00,48.869,23.289,26.976,32.567,41.265,2705.1,3701.5,18.443,18.287,22.173,0.23904,0.10606,341.1,77.338,7.0547,13.914,32.006,4484.4,22.824,43.918,50.108,80.187,2.2466,1.682,3102.1,41.933,54.214,94.693,9.1337,61.667,38.418,39.913,2633.3,62.764,25.789,47.616,0.33436,8.9622,26.298,120.39,1.3435,75.559,24.146,2.3723,54.343,4.8546,233.02,0.029222,0.84142,65.751,18.74,43.583
287,2026-04-06T22:18:00,49.892,25.958,27.216,32.453,40.892,2703.1,3583.0,20.484,18.789,22.072,0.26739,0.10606,341.03,77.393,6.8634,13.899,32.39,4511.6,21.964,46.284,50.262,80.068,2.2723,1.655,3101.5,42.182,54.024,94.649,9.2402,62.63,38.871,41.173,2631.1,62.958,23.475,47.911,0.3438,8.8434,26.704,120.37,1.4524,75.192,23.894,2.3212,54.343,4.7944,230.08,0.029222,0.84142,65.764,18.92,43.583
288,2026-04-06T22:21:00,50.331,26.205,26.977,32.453,41.238,2703.2,3603.8,18.923,18.789,22.365,0.26488,0.10606,341.37,77.02,6.8634,13.899,32.39,4569.8,22.639,47.299,49.379,79.91,2.2723,1.655,3100.3,42.583,53.328,94.841,9.1794,61.714,36.273,40.924,2632.0,62.599,24.897,47.685,0.34584,8.8434,26.704,120.39,1.4524,73.787,23.894,2.3212,54.343,4.7944,233.03,0.029222,0.84142,65.739,18.92,43.583
289,2026-04-06T22:24:00,50.028,22.429,27.021,33.143,39.569,2702.3,3664.6,16.666,18.755,22.133,0.22891,0.098558,341.58,76.801,6.9751,13.85,32.201,4523.9,23.606,46.599,51.247,79.749,2.2784,1.6587,3099.8,42.206,53.426,94.695,9.2619,62.804,41.769,40.53,2630.7,63.158,26.901,48.071,0.34662,8.8754,26.467,120.35,1.2059,75.566,24.13,2.2425,53.004,4.8331,229.57,0.010631,0.83436,65.684,18.627,43.138
290,2026-04-06T22:27:00,49.374,22.498,27.014,33.143,41.348,2706.0,3662.9,19.078,18.755,22.309,0.22821,0.098558,341.47,77.676,6.9751,13.85,32.201,4499.1,22.56,45.085,50.854,80.081,2.2784,1.6587,3103.1,42.493,53.724,94.672,9.3249,61.279,40.613,40.913,2634.7,63.187,25.636,47.607,0.34348,8.8754,26.467,120.44,1.2059,75.418,24.13,2.2425,53.004,4.8331,235.4,0.010631,0.83436,65.664,18.627,43.138
291,2026-04-06T22:30:00,50.929,24.317,26.833,33.305,40.417,2710.9,3617.0,18.514,18.635,22.582,0.24391,0.098558,341.1,78.013,6.7974,13.844,32.21,4523.8,22.768,48.684,49.944,80.584,2.2714,1.6703,3107.1,42.45,54.148,94.492,9.324,62.248,37.936,40.574,2640.5,62.962,23.888,48.097,0.33617,8.9863,26.42,120.41,1.1603,75.033,24.29,2.2589,53.004,4.7583,230.42,0.010631,0.83436,65.779,18.853,43.138
292,2026-04-06T22:33:00,49.344,24.051,26.753,33.305,41.289,2709.9,3690.0,17.375,18.635,22.217,0.24661,0.098558,341.06,77.432,6.7974,13.844,32.21,4529.0,23.255,45.016,49.773,80.414,2.2714,1.6703,3107.9,42.496,54.086,94.611,9.2935,62.673,37.432,40.436,2638.6,61.707,26.398,47.964,0.3373,8.9863,26.42,120.4,1.1603,74.112,24.29,2.2589,53.004,4.7583,232.37,0.010631,0.83436,65.901,18.853,43.138
293,2026-04-06T22:36:00,49.706,24.181,27.142,32.904,40.637,2706.2,3659.5,20.083,18.393,22.001,0.24337,0.098558,340.74,76.928,6.7611,13.724,32.377,4513.3,22.135,45.853,50.623,80.057,2.2838,1.6593,3107.0,42.174,53.723,94.573,9.2396,60.641,39.934,40.244,2634.2,63.786,26.098,48.083,0.3378,9.007,26.31,120.4,1.2661,75.306,23.816,2.3594,53.004,4.8955,231.55,0.010631,0.83436,65.891,18.648,43.138
294,2026-04-06T22:39:00,49.547,24.007,26.856,32.904,41.369,2706.1,3670.2,16.829,18.393,22.032,0.24514,0.1027,341.52,77.416,6.7611,13.724,32.377,4510.6,23.496,45.486,49.932,79.992,2.2838,1.6593,3103.2,42.341,53.756,94.591,9.1567,62.386,37.901,40.527,2635.0,63.603,23.279,47.895,0.33549,9.007,26.31,120.42,1.2661,74.072,23.816,2.3594,54.48,4.8955,232.24,0.010844,0.84644,65.811,18.648,43.938
295,2026-04-06T22:42:00,49.365,22.416,26.555,33.012,41.113,2706.5,3707.5,16.737,18.646,22.014,0.22668,0.1027,341.27,77.338,6.7655,13.931,32.324,4515.0,23.532,45.065,49.371,80.146,2.2691,1.666,3104.5,42.086,54.211,94.496,9.4189,59.685,36.248,38.358,2635.5,63.375,23.285,47.9,0.32659,8.9602,26.182,120.39,1.054,74.112,24.1,2.2557,54.48,4.9713,231.88,0.010844,0.84644,65.822,19.276,43.938
296,2026-04-06T22:45:00,50.431,22.209,26.88,33.012,41.076,2705.2,3698.8,18.676,18.646,22.07,0.22879,0.1027,341.08,76.883,6.7655,13.931,32.324,4542.7,22.729,47.532,50.171,80.048,2.2691,1.666,3103.7,42.258,53.879,94.523,9.4015,59.739,38.603,38.171,2634.4,63.524,26.861,47.838,0.32813,8.9602,26.182,120.4,1.054,75.757,24.1,2.2557,54.48,4.9713,232.26,0.010844,0.84644,65.811,19.276,43.938
297,2026-04-06T22:48:00,48.744,22.713,26.992,33.067,40.818,2702.5,3698.8,18.254,18.556,22.153,0.23055,0.1027,340.68,77.023,6.7977,13.886,32.104,4466.5,22.914,43.627,48.444,79.836,2.2852,1.6865,3100.3,42.579,53.219,94.51,9.2534,61.13,33.522,41.078,2630.2,63.598,25.348,47.874,0.34971,8.8723,26.428,120.4,1.4599,75.024,24.149,2.3339,54.48,4.7608,231.6,0.010844,0.84644,65.757,18.746,43.938
298,2026-04-06T22:51:00,48.952,22.712,27.026,33.067,40.291,2701.5,3712.3,18.417,18.556,22.235,0.23055,0.1027,340.88,77.178,6.7977,13.886,32.104,4476.2,22.846,44.108,49.557,79.888,2.2852,1.6865,3098.5,42.454,53.102,94.595,9.4689,59.463,36.797,41.259,2630.6,63.366,25.55,47.702,0.34823,8.8723,26.428,120.4,1.4599,73.82,24.149,2.3339,54.48,4.7608,233.28,0.010844,0.84644,65.7,18.746,43.938
299,2026-04-06T22:54:00,49.103,24.83,26.769,32.658,41.37,2701.6,3678.2,19.439,18.743,21.718,0.25114,0.094857,340.15,77.515,7.0163,13.749,31.318,4504.3,22.403,44.458,51.638,80.094,2.2718,1.6451,3101.3,42.148,54.027,94.576,9.274,61.984,42.921,41.012,2630.3,63.764,25.467,47.864,0.34137,8.8719,26.369,120.41,1.3561,75.443,23.537,2.3829,54.132,4.856,234.75,0.01311,0.825,65.705,18.55,43.887
300,2026-04-06T22:57:00,49.526,25.13,26.93,32.658,40.914,2701.8,3727.2,16.256,18.743,21.74,0.24809,0.094857,340.17,77.313,7.0163,13.749,31.318,4493.8,23.749,45.437,50.09,80.078,2.2718,1.6451,3101.2,42.551,54.152,94.469,9.3726,59.439,38.364,40.54,2629.7,62.922,25.382,48.119,0.34524,8.8719,26.369,120.39,1.3561,75.41,23.537,2.3829,54.132,4.856,233.14,0.01311,0.825,65.726,18.55,43.887
301,2026-04-06T23:00:00,51.133,32.601,26.925,32.759,40.901,2705.2,3593.3,16.585,19.016,21.862,0.33392,0.094857,340.2,77.218,6.8013,13.765,32.453,4527.2,23.616,49.156,51.012,80.135,2.2834,1.6792,3104.2,42.831,54.257,94.607,9.3335,63.761,41.077,38.659,2633.9,63.285,25.548,48.176,0.33063,8.9473,26.441,120.39,1.2415,76.118,23.938,2.2979,54.132,4.8621,233.75,0.01311,0.825,65.755,18.704,43.887
302,2026-04-06T23:03:00,49.901,32.895,27.287,32.759,41.273,2710.0,3639.1,17.65,19.016,22.309,0.33093,0.094857,340.58,77.827,6.8013,13.765,32.453,4534.4,23.14,46.306,49.05,80.336,2.2834,1.6792,3107.3,42.59,54.171,94.564,9.3699,62.424,35.303,39.008,2638.1,62.496,25.499,48.314,0.32777,8.9473,26.441,120.41,1.2415,74.584,23.938,2.2979,54.132,4.8621,233.41,0.01311,0.825,65.827,18.704,43.887
303,2026-04-06T23:06:00,51.339,22.288,26.842,32.823,41.131,2711.2,3682.7,19.38,18.375,22.3,0.22555,0.094857,341.56,77.821,6.8852,14.025,32.177,4520.6,22.398,49.634,51.759,80.52,2.2787,1.7024,3109.0,42.108,53.984,94.432,9.2988,62.67,43.277,38.972,2640.8,63.608,25.104,48.423,0.33074,8.8077,26.306,120.41,1.2165,75.074,23.837,2.258,54.132,4.8844,233.33,0.01311,0.825,65.907,18.715,43.887
304,2026-04-06T23:09:00,48.6,22.073,26.923,32.823,42.096,2707.8,3684.3,19.172,18.375,21.734,0.22772,0.10496,340.63,77.191,6.8852,14.025,32.177,4518.6,22.5,43.293,49.438,80.325,2.2787,1.7024,3108.1,42.504,54.008,94.456,9.3272,60.263,36.447,39.631,2636.6,63.579,25.017,48.029,0.32534,8.8077,26.306,120.41,1.2165,74.615,23.837,2.258,54.088,4.8844,232.73,-0.0069311,0.84602,65.971,18.715,43.953
305,2026-04-06T23:12:00,51.522,24.673,26.728,32.83,40.826,2705.1,3668.6,16.195,18.813,21.574,0.25217,0.10496,340.99,77.08,6.7711,13.86,32.329,4523.2,23.767,50.056,49.736,79.922,2.2932,1.6785,3103.8,42.762,53.936,94.632,9.2875,62.541,37.324,42.353,2632.5,63.151,25.207,47.898,0.36084,8.9752,26.041,120.36,1.3533,75.725,23.684,2.2126,54.088,4.9467,232.73,-0.0069311,0.84602,65.889,18.774,43.953
306,2026-04-06T23:15:00,48.115,24.797,26.747,32.83,41.426,2704.4,3680.3,16.694,18.813,22.009,0.2509,0.10496,341.04,77.219,6.7711,13.86,32.329,4485.0,23.554,42.171,49.437,80.028,2.2932,1.6785,3102.4,42.53,54.393,94.545,9.3573,62.169,36.442,42.572,2633.2,62.95,25.409,47.804,0.35905,8.9752,26.041,120.4,1.3533,75.658,23.684,2.2126,54.088,4.9467,232.38,-0.0069311,0.84602,65.796,18.774,43.953
307,2026-04-06T23:18:00,49.62,23.35,27.186,32.676,40.573,2705.5,3688.7,19.228,18.932,22.235,0.23489,0.10496,340.82,77.266,6.8325,13.893,32.119,4489.2,22.483,45.655,50.275,80.134,2.2304,1.62,3102.8,42.263,54.202,94.6,9.4004,61.466,38.91,40.418,2634.3,63.856,25.26,47.775,0.34209,8.8747,26.558,120.41,1.317,75.978,24.269,2.4124,54.088,4.8147,231.26,-0.0069311,0.84602,65.809,18.732,43.953
308,2026-04-06T23:21:00,49.935,23.179,26.722,32.676,41.574,2703.4,3687.3,18.098,18.932,21.754,0.23663,0.10496,340.67,77.219,6.8325,13.893,32.119,4470.1,22.96,46.382,48.866,80.103,2.2304,1.62,3102.6,42.163,54.431,94.446,9.3362,61.02,34.763,40.949,2632.0,63.88,25.013,47.734,0.33773,8.8747,26.558,120.39,1.317,75.626,24.269,2.4124,54.088,4.8147,230.28,-0.0069311,0.84602,65.788,18.732,43.953
309,2026-04-06T23:24:00,49.937,25.296,26.883,33.233,41.576,2701.3,3715.3,20.043,18.8,21.669,0.25485,0.079904,340.6,77.389,6.9353,13.803,32.291,4487.8,22.142,46.389,50.042,80.054,2.2285,1.6682,3100.8,42.795,54.328,94.665,9.2841,58.567,38.224,41.122,2630.1,62.936,25.19,47.904,0.34426,8.8818,26.332,120.41,1.3199,75.898,23.872,2.2064,53.567,4.895,232.97,0.0027101,0.84553,65.778,18.701,43.826
310,2026-04-06T23:27:00,49.275,25.236,27.022,33.233,40.508,2700.1,3688.1,18.061,18.8,21.876,0.25546,0.079904,340.43,77.516,6.9353,13.803,32.291,4491.4,22.976,44.857,50.298,80.002,2.2285,1.6682,3099.7,42.071,54.285,94.449,9.3505,62.317,38.978,41.607,2628.9,63.404,25.446,47.967,0.34029,8.8818,26.332,120.37,1.3199,75.161,23.872,2.2064,53.567,4.895,233.46,0.0027101,0.84553,65.764,18.701,43.826
311,2026-04-06T23:30:00,50.317,23.446,26.942,32.904,41.344,2702.0,3636.0,17.828,18.407,21.697,0.23998,0.079904,340.43,77.594,7.0812,13.867,32.119,4498.9,23.068,47.267,49.461,80.178,2.2806,1.6712,3100.9,42.518,54.28,94.64,9.3166,61.986,36.512,39.824,2631.0,63.397,25.438,48.162,0.33539,8.866,26.716,120.41,1.2318,75.312,23.883,2.1777,53.567,4.8421,232.46,0.0027101,0.84553,65.793,19.042,43.826
312,2026-04-06T23:33:00,51.769,23.665,26.884,32.904,40.096,2705.7,3666.4,18.371,18.407,22.139,0.23776,0.079904,340.9,77.543,7.0812,13.867,32.119,4506.4,22.83,50.627,52.136,80.504,2.2806,1.6712,3103.4,42.41,54.191,94.51,9.1762,63.256,44.386,39.618,2633.5,62.872,25.306,48.216,0.33708,8.866,26.716,120.36,1.2318,75.467,23.883,2.1777,53.567,4.8421,232.97,0.0027101,0.84553,65.857,19.042,43.826
313,2026-04-06T23:36:00,49.753,25.111,26.906,32.776,41.223,2704.6,3634.4,17.368,18.672,21.824,0.256,0.079904,340.37,77.325,6.9092,13.764,32.362,4517.4,23.251,45.962,49.245,80.451,2.3104,1.6348,3103.1,42.022,53.205,94.74,9.3281,62.284,35.879,40.519,2632.9,62.024,25.426,48.273,0.34396,8.8644,26.179,120.4,1.3562,74.885,23.626,2.3296,53.567,4.8695,233.41,0.0027101,0.84553,65.969,19.111,43.826
314,2026-04-06T23:39:00,50.345,25.065,26.898,32.776,40.401,2705.1,3597.1,18.44,18.672,22.203,0.25647,0.10542,340.8,77.568,6.9092,13.764,32.362,4494.5,22.788,47.331,51.924,80.453,2.3104,1.6348,3102.5,42.119,53.479,94.601,9.3209,61.962,43.761,40.745,2633.9,62.667,25.067,48.256,0.34212,8.8644,26.179,120.36,1.3562,74.622,23.626,2.3296,53.483,4.8695,234.75,0.014945,0.84597,65.994,19.111,43.824
315,2026-04-06T23:42:00,49.632,22.712,26.965,32.715,41.569,2703.5,3664.2,21.024,18.485,22.023,0.23243,0.10542,340.84,76.915,6.865,13.849,32.233,4453.1,21.718,45.682,50.682,80.288,2.3047,1.6641,3103.2,42.484,53.755,94.741,9.464,60.241,40.108,39.439,2633.2,62.915,25.073,48.513,0.33013,8.805,26.584,120.4,1.0581,75.08,23.768,2.3073,53.483,4.9811,232.98,0.014945,0.84597,66.005,18.729,43.824
316,2026-04-06T23:45:00,49.781,22.928,26.805,32.715,40.527,2700.2,3661.8,19.617,18.485,21.69,0.23023,0.10542,340.21,77.086,6.865,13.849,32.233,4446.0,22.321,46.027,50.321,79.898,2.3047,1.6641,3099.0,42.036,53.841,94.66,9.4107,60.556,39.044,39.098,2628.0,62.956,25.038,48.504,0.33293,8.805,26.584,120.4,1.0581,75.371,23.768,2.3073,53.483,4.9811,234.26,0.014945,0.84597,65.928,18.729,43.824
317,2026-04-06T23:48:00,51.321,23.674,26.685,32.767,40.521,2701.2,3657.1,14.892,18.39,21.882,0.24525,0.10542,340.94,77.282,6.7904,13.957,32.546,4514.9,24.316,49.59,49.641,79.799,2.3015,1.6692,3098.6,42.67,53.931,94.789,9.4205,60.078,37.042,40.724,2628.9,63.419,25.173,48.573,0.33805,9.0062,26.436,120.39,1.3489,74.778,23.95,2.3168,53.483,5.0239,234.71,0.014945,0.84597,65.825,19.45,43.824
318,2026-04-06T23:51:00,50.345,23.937,27.041,32.767,40.807,2704.7,3678.8,17.934,18.39,22.451,0.24258,0.10542,340.56,77.46,6.7904,13.957,32.546,4527.0,23.021,47.333,48.311,80.194,2.3015,1.6692,3101.8,42.052,53.785,94.627,9.4188,60.881,33.129,40.533,2634.0,63.045,25.501,48.433,0.33961,9.0062,26.436,120.41,1.3489,74.386,23.95,2.3168,53.483,5.0239,237.49,0.014945,0.84597,65.808,19.45,43.824
319,2026-04-06T23:54:00,48.315,20.64,26.736,32.916,40.794,2703.1,3672.5,16.187,18.598,22.003,0.21129,0.11772,340.64,77.181,6.9012,13.832,32.348,4446.5,23.766,42.634,51.055,80.165,2.2799,1.6749,3101.1,42.418,52.925,94.624,9.358,62.124,41.205,41.678,2632.4,63.861,25.482,49.056,0.35476,8.9477,26.24,120.42,1.4354,75.107,23.904,2.3064,54.194,4.8369,231.99,0.016449,0.83247,65.9,18.767,44.049
320,2026-04-06T23:57:00,50.267,20.51,26.785,32.916,41.324,2701.9,3659.3,14.586,18.598,22.02,0.21262,0.11772,341.0,77.18,6.9012,13.832,32.348,4437.0,24.437,47.151,50.425,80.209,2.2799,1.6749,3098.5,42.044,53.038,94.524,9.2119,64.166,39.35,41.71,2631.1,64.088,25.561,48.841,0.3545,8.9477,26.24,120.41,1.4354,74.627,23.904,2.3064,54.194,4.8369,235.7,0.016449,0.83247,65.92,18.767,44.049
321,2026-04-07T00:00:00,50.097,22.276,27.041,32.798,40.227,2702.6,3669.9,19.638,18.826,22.079,0.22773,0.11772,340.34,77.364,6.8011,13.848,32.093,4515.1,22.301,46.759,50.033,80.329,2.2757,1.6675,3099.8,42.437,53.725,94.613,9.3505,61.668,38.197,40.02,2630.2,62.966,25.501,49.013,0.34192,8.7652,26.624,120.36,1.1992,75.436,24.019,2.3233,54.194,4.8443,235.03,0.016449,0.83247,65.96,18.583,44.049
322,2026-04-07T00:03:00,52.277,22.572,26.739,32.798,41.651,2700.1,3683.0,19.071,18.826,21.611,0.22472,0.11772,339.99,77.365,6.8011,13.848,32.093,4524.8,22.542,51.803,49.688,80.158,2.2757,1.6675,3100.2,42.524,53.61,94.653,9.3158,61.532,37.181,40.592,2627.9,62.741,25.312,49.062,0.33723,8.7652,26.624,120.41,1.1992,74.767,24.019,2.3233,54.194,4.8443,235.73,0.016449,0.83247,66.001,18.583,44.049
323,2026-04-07T00:06:00,50.271,24.476,27.012,32.732,40.824,2700.7,3671.1,18.589,18.799,21.765,0.25401,0.11772,340.0,77.331,7.0426,13.906,32.088,4536.6,22.75,47.16,48.913,80.126,2.292,1.6766,3100.0,42.427,53.936,94.601,9.4064,62.652,34.9,40.611,2629.0,63.854,25.497,49.27,0.3406,8.9317,26.629,120.39,1.349,74.864,24.073,2.1968,54.194,4.8904,234.68,0.016449,0.83247,66.003,18.901,44.049
324,2026-04-07T00:09:00,48.028,24.785,27.093,32.732,41.577,2701.1,3719.4,18.477,18.799,21.806,0.25087,0.09798,339.86,77.381,7.0426,13.906,32.088,4521.2,22.796,41.97,49.87,80.138,2.292,1.6766,3101.2,42.491,54.12,94.569,9.2876,60.959,37.717,40.569,2630.1,63.022,25.279,49.167,0.34095,8.9317,26.629,120.41,1.349,75.087,24.073,2.1968,54.574,4.8904,233.29,0.014934,0.84549,65.991,18.901,43.522
325,2026-04-07T00:12:00,48.661,24.954,26.827,32.671,40.174,2702.6,3606.7,14.921,18.578,21.882,0.25212,0.09798,340.72,77.24,6.9698,13.84,31.743,4501.9,24.298,43.435,50.311,80.148,2.2653,1.6327,3100.2,41.988,53.575,94.727,9.3121,63.172,39.014,41.06,2630.8,62.806,25.251,48.88,0.35048,8.971,26.153,120.37,1.2982,75.02,24.253,2.3106,54.574,4.9591,236.13,0.014934,0.84549,65.963,19.039,43.522
326,2026-04-07T00:15:00,51.759,24.944,26.751,32.671,40.361,2702.6,3643.1,18.098,18.578,21.742,0.25222,0.09798,340.35,77.239,6.9698,13.84,31.743,4498.8,22.961,50.604,49.221,80.184,2.2653,1.6327,3101.4,42.218,53.612,94.648,9.3696,62.201,35.808,41.596,2631.4,62.179,25.219,48.782,0.34609,8.971,26.153,120.38,1.2982,75.498,24.253,2.3106,54.574,4.9591,236.87,0.014934,0.84549,65.972,19.039,43.522
327,2026-04-07T00:18:00,48.756,28.368,27.051,32.801,40.236,2706.1,3656.4,19.142,18.69,21.884,0.2897,0.09798,340.28,77.706,6.8767,13.948,31.791,4478.3,22.505,43.655,48.346,80.229,2.2705,1.6601,3103.7,42.407,53.488,94.638,9.3345,61.018,33.233,40.918,2634.0,62.472,25.254,48.854,0.33768,8.9187,26.585,120.4,1.1419,75.711,23.876,2.29,54.574,4.9664,235.67,0.014934,0.84549,65.945,18.875,43.522
328,2026-04-07T00:21:00,49.649,28.205,27.078,32.801,41.811,2707.0,3662.7,17.87,18.69,22.017,0.29136,0.09798,340.57,77.435,6.8767,13.948,31.791,4467.4,23.046,45.722,48.513,80.222,2.2705,1.6601,3106.0,42.503,53.618,94.702,9.4731,61.702,33.724,40.541,2635.4,62.363,25.126,48.932,0.34077,8.9187,26.585,120.42,1.1419,74.066,23.876,2.29,54.574,4.9664,234.41,0.014934,0.84549,65.966,18.875,43.522
329,2026-04-07T00:24:00,49.769,28.14,26.567,32.512,40.544,2708.3,3685.7,15.791,18.916,22.07,0.29147,0.10535,341.18,76.934,6.8324,14.053,32.516,4512.1,23.938,45.999,50.218,80.07,2.2735,1.6587,3106.1,42.104,53.456,94.578,9.3764,63.313,38.74,42.122,2636.5,62.745,25.255,49.165,0.35239,8.8557,26.578,120.41,1.3753,73.912,24.17,2.2968,53.411,4.7842,235.24,0.017033,0.8363,65.961,19.027,44.011
330,2026-04-07T00:27:00,48.554,28.652,26.834,32.512,41.955,2709.8,3670.1,17.79,18.916,22.256,0.28626,0.10535,341.71,77.53,6.8324,14.053,32.516,4493.7,23.079,43.189,48.392,80.172,2.2735,1.6587,3108.0,42.355,53.677,94.589,9.274,61.296,33.368,41.999,2638.9,63.013,25.078,49.173,0.35339,8.8557,26.578,120.42,1.3753,74.884,24.17,2.2968,53.411,4.7842,236.47,0.017033,0.8363,65.933,19.027,44.011
331,2026-04-07T00:30:00,49.367,21.538,26.959,33.161,40.379,2707.9,3681.1,19.899,18.269,22.51,0.21923,0.10535,341.45,77.097,6.6435,13.946,32.408,4475.4,22.202,45.068,48.85,80.099,2.2509,1.6664,3105.0,42.711,53.493,94.561,9.3837,59.89,34.715,43.428,2636.6,63.24,25.142,49.096,0.36684,8.9444,26.518,120.4,1.2653,74.679,24.225,2.2782,53.411,4.8641,238.59,0.017033,0.8363,65.959,18.896,44.011
332,2026-04-07T00:33:00,49.188,21.636,26.736,33.161,41.483,2707.7,3648.1,19.284,18.269,22.54,0.21823,0.10535,341.62,77.383,6.6435,13.946,32.408,4420.0,22.45,44.654,51.869,80.177,2.2509,1.6664,3104.3,42.124,54.156,94.506,9.2938,60.964,43.602,43.593,2636.9,63.807,24.731,49.461,0.36549,8.9444,26.518,120.4,1.2653,73.859,24.225,2.2782,53.411,4.8641,235.79,0.017033,0.8363,65.952,18.896,44.011
333,2026-04-07T00:36:00,50.97,22.486,26.57,32.801,41.654,2705.8,3745.9,21.794,18.523,22.116,0.2248,0.10535,341.46,77.207,6.794,14.173,32.305,4446.0,21.403,48.779,48.754,79.998,2.2352,1.6768,3103.6,42.557,54.133,94.53,9.4619,61.233,34.432,42.011,2634.3,63.917,24.647,49.378,0.35722,8.747,26.415,120.4,1.3622,74.334,24.532,2.236,53.411,4.8169,238.03,0.017033,0.8363,65.935,18.789,44.011
334,2026-04-07T00:39:00,50.42,22.104,27.169,32.801,41.06,2702.7,3737.0,17.928,18.523,22.107,0.22868,0.10344,341.11,76.916,6.794,14.173,32.305,4469.7,23.049,47.505,50.021,79.776,2.2352,1.6768,3100.4,42.667,53.849,94.51,9.4214,60.371,38.163,42.494,2631.1,64.07,24.713,49.473,0.35327,8.747,26.415,120.4,1.3622,74.472,24.532,2.236,53.77,4.8169,235.74,0.02272,0.81826,65.881,18.789,43.59
335,2026-04-07T00:42:00,49.888,23.308,26.857,32.981,41.385,2702.1,3699.9,18.036,18.212,21.877,0.23277,0.10344,341.12,77.273,7.0885,13.93,32.238,4511.1,22.996,46.275,52.07,79.901,2.2641,1.6296,3100.2,42.133,53.605,94.463,9.4407,62.649,44.191,45.652,2630.6,63.542,24.85,49.252,0.38005,8.8187,26.344,120.4,1.1428,74.229,24.495,2.2674,53.77,4.8333,238.45,0.02272,0.81826,65.884,18.494,43.59
336,2026-04-07T00:45:00,48.389,23.26,26.877,32.981,41.963,2703.9,3684.5,16.508,18.212,22.027,0.23327,0.10344,341.02,77.8,7.0885,13.93,32.238,4522.5,23.622,42.806,51.152,80.131,2.2641,1.6296,3102.3,42.021,53.469,94.471,9.3002,62.54,41.489,45.597,2632.6,63.807,25.1,49.097,0.3805,8.8187,26.344,120.41,1.1428,74.731,24.495,2.2674,53.77,4.8333,240.4,0.02272,0.81826,65.889,18.494,43.59
337,2026-04-07T00:48:00,50.273,23.754,27.507,32.876,40.526,2706.6,3588.7,17.495,18.573,22.444,0.23945,0.10344,340.99,77.741,6.7968,13.897,32.564,4506.1,23.195,47.165,49.626,80.391,2.219,1.6578,3103.8,42.212,54.413,94.588,9.256,62.965,36.999,42.603,2635.1,62.817,25.077,49.48,0.35441,8.9367,25.936,120.36,1.4098,76.106,24.454,2.2524,53.77,4.922,236.24,0.02272,0.81826,65.988,18.616,43.59
338,2026-04-07T00:51:00,47.523,23.776,26.918,32.876,41.897,2708.5,3640.6,16.146,18.573,22.207,0.23923,0.10344,341.03,77.629,6.7968,13.897,32.564,4544.5,23.754,40.802,51.062,80.478,2.219,1.6578,3106.2,42.253,53.953,94.59,9.4766,60.558,41.225,42.492,2636.7,61.924,24.962,49.404,0.35532,8.9367,25.936,120.4,1.4098,74.027,24.454,2.2524,53.77,4.922,237.16,0.02272,0.81826,66.09,18.616,43.59
339,2026-04-07T00:54:00,49.97,20.458,26.839,32.952,40.341,2709.3,3705.5,19.037,18.44,22.093,0.20553,0.08859,341.04,77.655,6.9083,13.656,32.036,4503.3,22.528,46.465,51.974,80.451,2.2301,1.6544,3107.4,42.241,54.183,94.558,9.3789,62.294,43.909,41.744,2638.2,63.308,25.036,49.017,0.35527,8.9724,26.131,120.39,1.4672,74.988,24.253,2.2712,53.184,4.8624,236.24,0.0098123,0.82259,66.126,19.119,43.455
340,2026-04-07T00:57:00,51.344,20.338,27.349,32.952,41.377,2706.4,3687.2,19.354,18.44,22.027,0.20675,0.08859,340.26,77.154,6.9083,13.656,32.036,4520.1,22.408,49.644,50.697,80.248,2.2301,1.6544,3106.7,42.814,53.981,94.537,9.3061,63.029,40.152,42.182,2634.9,63.624,25.084,48.904,0.35168,8.9724,26.131,120.42,1.4672,73.952,24.253,2.2712,53.184,4.8624,235.28,0.0098123,0.82259,66.13,19.119,43.455
341,2026-04-07T01:00:00,50.479,25.141,26.839,32.399,41.627,2705.5,3664.7,16.874,18.522,21.892,0.25768,0.08859,341.05,76.929,7.117,13.982,32.081,4454.1,23.469,47.643,49.12,79.887,2.2789,1.6594,3103.9,42.063,53.523,94.599,9.2889,61.645,35.512,38.879,2633.8,63.06,25.029,48.891,0.32545,8.9147,26.273,120.4,1.1842,74.586,24.211,2.4099,53.184,5.019,233.26,0.0098123,0.82259,66.034,18.522,43.455
342,2026-04-07T01:03:00,50.254,25.259,26.736,32.399,40.466,2707.2,3645.6,18.359,18.522,22.237,0.25648,0.08859,341.51,77.572,7.117,13.982,32.081,4474.4,22.832,47.122,47.961,79.952,2.2789,1.6594,3104.3,42.466,53.28,94.662,9.3006,62.037,32.099,38.851,2636.5,63.389,24.888,48.61,0.32569,8.9147,26.273,120.38,1.1842,74.644,24.211,2.4099,53.184,5.019,234.36,0.0098123,0.82259,65.896,18.522,43.455
343,2026-04-07T01:06:00,49.607,24.661,26.584,33.199,41.009,2708.6,3579.7,19.056,18.423,22.118,0.2565,0.08859,341.49,77.424,6.8691,13.816,32.312,4525.3,22.54,45.624,49.541,80.067,2.2611,1.6477,3106.4,42.377,54.129,94.608,9.493,59.562,36.749,43.309,2637.4,62.569,24.886,48.429,0.36052,8.9397,26.864,120.39,1.2392,75.382,24.226,2.3016,53.184,4.8756,234.28,0.0098123,0.82259,65.867,18.803,43.455
344,2026-04-07T01:09:00,50.772,24.954,27.128,33.199,40.816,2711.2,3591.9,19.296,18.423,22.617,0.25352,0.087959,341.84,77.852,6.8691,13.816,32.312,4552.4,22.422,48.321,50.795,80.14,2.2611,1.6477,3107.7,42.566,53.804,94.796,9.4104,60.783,40.44,43.301,2640.2,62.358,24.997,48.296,0.36058,8.9397,26.864,120.39,1.2392,74.325,24.226,2.3016,53.841,4.8756,234.6,0.019854,0.84142,65.881,18.803,43.62
345,2026-04-07T01:12:00,49.315,22.836,27.267,32.824,41.159,2712.9,3664.4,17.899,18.392,22.336,0.2303,0.087959,342.01,77.005,6.9377,13.823,32.04,4465.8,23.032,44.95,50.058,80.176,2.2604,1.6443,3110.8,42.159,54.17,94.575,9.4736,61.941,38.27,40.67,2641.6,63.181,24.971,48.202,0.34678,8.6928,26.995,120.4,1.2448,75.298,24.575,2.3148,53.841,4.8075,233.94,0.019854,0.84142,65.888,18.541,43.62
346,2026-04-07T01:15:00,49.664,22.968,27.018,32.824,40.945,2710.7,3667.1,18.988,18.392,22.369,0.22896,0.087959,341.99,76.953,6.9377,13.823,32.04,4519.1,22.585,45.756,52.416,79.811,2.2604,1.6443,3108.6,42.205,53.532,94.662,9.4127,63.415,45.21,41.336,2639.8,63.135,24.794,48.071,0.34131,8.6928,26.995,120.4,1.2448,75.957,24.575,2.3148,53.841,4.8075,233.75,0.019854,0.84142,65.807,18.541,43.62
347,2026-04-07T01:18:00,49.436,25.279,27.035,32.795,41.385,2711.9,3660.8,20.456,18.819,22.414,0.25824,0.087959,342.19,77.29,6.7875,13.801,32.353,4492.1,21.964,45.229,49.645,79.814,2.2242,1.662,3109.3,42.509,54.515,94.598,9.4546,60.641,37.057,40.606,2640.5,62.621,24.93,47.951,0.34859,8.8333,26.767,120.4,1.2042,75.077,24.423,2.3055,53.841,4.8747,233.51,0.019854,0.84142,65.704,18.656,43.62
348,2026-04-07T01:21:00,49.756,25.107,27.113,32.795,41.586,2715.8,3617.4,18.337,18.819,22.807,0.25999,0.087959,342.58,77.778,6.7875,13.801,32.353,4499.3,22.842,45.969,51.063,79.912,2.2242,1.662,3111.1,42.648,54.43,94.625,9.455,61.063,41.23,41.103,2644.7,63.368,24.716,48.002,0.34452,8.8333,26.767,120.43,1.2042,74.977,24.423,2.3055,53.841,4.8747,231.34,0.019854,0.84142,65.666,18.656,43.62
349,2026-04-07T01:24:00,50.425,22.294,26.966,32.813,41.143,2719.3,3701.3,19.829,17.931,22.91,0.22788,0.10344,342.02,77.722,7.0089,13.873,31.901,4483.6,22.199,47.517,51.336,80.309,2.2835,1.6752,3115.5,42.163,54.364,94.418,9.432,63.006,42.031,40.838,2648.7,63.26,24.952,48.139,0.34182,8.872,26.7,120.4,1.4035,75.386,24.528,2.3141,53.37,4.7271,233.46,0.0078174,0.81196,65.741,18.228,43.217
350,2026-04-07T01:27:00,50.588,22.301,26.791,32.813,41.855,2717.9,3700.2,18.626,17.931,22.689,0.22782,0.10344,342.34,77.383,7.0089,13.873,31.901,4555.7,22.708,47.894,50.051,80.206,2.2835,1.6752,3115.1,42.185,53.501,94.315,9.4277,63.092,38.251,40.826,2647.4,63.28,24.883,48.118,0.34192,8.872,26.7,120.41,1.4035,75.229,24.528,2.3141,53.37,4.7271,234.33,0.0078174,0.81196,65.801,18.228,43.217
351,2026-04-07T01:30:00,49.319,26.537,26.738,32.987,41.279,2715.7,3653.7,18.133,18.354,22.406,0.27337,0.10344,342.7,76.628,6.9861,13.727,32.059,4550.8,22.949,44.958,48.765,79.736,2.2174,1.6564,3112.1,42.436,54.666,94.673,9.4443,60.066,34.466,41.243,2644.0,62.122,24.978,48.097,0.35444,8.6943,26.807,120.38,1.3653,75.028,24.394,2.2508,53.37,4.7879,235.23,0.0078174,0.81196,65.784,18.534,43.217
352,2026-04-07T01:33:00,49.764,26.638,26.982,32.987,40.905,2716.0,3607.7,16.996,18.354,22.315,0.27234,0.10344,342.97,77.249,6.9861,13.727,32.059,4563.4,23.419,45.988,46.953,79.663,2.2174,1.6564,3112.5,42.602,54.517,94.581,9.3742,61.875,29.132,41.638,2644.4,62.913,25.163,48.095,0.3512,8.6943,26.807,120.41,1.3653,75.172,24.394,2.2508,53.37,4.7879,235.98,0.0078174,0.81196,65.686,18.534,43.217
353,2026-04-07T01:36:00,49.942,25.583,27.212,32.703,40.488,2718.8,3624.6,19.964,18.552,23.091,0.25684,0.10344,343.09,77.537,6.7533,13.78,32.662,4551.6,22.161,46.401,50.28,79.83,2.2202,1.6505,3113.5,42.422,53.974,94.635,9.4051,62.171,38.924,40.094,2647.9,62.714,25.379,48.187,0.33154,8.7465,26.763,120.39,1.4223,75.361,24.333,2.3479,53.37,4.9283,235.67,0.0078174,0.81196,65.643,19.265,43.217
354,2026-04-07T01:39:00,49.611,25.38,26.878,32.703,41.093,2721.7,3626.1,16.853,18.552,22.995,0.25891,0.1055,343.26,77.489,6.7533,13.78,32.662,4536.6,23.465,45.634,51.076,80.029,2.2202,1.6505,3115.9,42.004,54.152,94.567,9.357,63.681,41.266,39.884,2651.3,62.688,25.427,47.743,0.33326,8.7465,26.763,120.4,1.4223,75.23,24.333,2.3479,53.562,4.9283,232.72,0.025858,0.8229,65.659,19.265,43.721
355,2026-04-07T01:42:00,49.38,19.274,26.613,33.026,41.333,2720.0,3699.4,18.94,17.822,22.96,0.20086,0.1055,343.14,77.446,6.7177,13.685,32.126,4448.7,22.587,45.1,49.061,79.917,2.2186,1.6694,3115.8,42.516,53.389,94.456,9.4964,62.469,35.336,40.213,2649.0,63.48,25.164,47.715,0.34135,8.6774,26.816,120.39,1.2222,75.448,24.92,2.1757,53.562,4.7797,229.99,0.025858,0.8229,65.673,18.827,43.721
356,2026-04-07T01:45:00,50.353,19.699,26.769,33.026,41.189,2716.9,3676.8,20.144,17.822,22.417,0.19654,0.1055,342.51,76.751,6.7177,13.685,32.126,4469.3,22.103,47.35,48.878,79.723,2.2186,1.6694,3114.1,42.549,53.143,94.627,9.4415,62.521,34.799,40.429,2645.3,63.87,25.336,47.311,0.33958,8.6774,26.816,120.4,1.2222,74.086,24.92,2.1757,53.562,4.7797,231.47,0.025858,0.8229,65.64,18.827,43.721
357,2026-04-07T01:48:00,49.906,24.379,26.986,32.719,41.764,2716.8,3719.0,15.74,17.956,22.745,0.24828,0.1055,343.15,77.236,6.8627,13.759,32.334,4517.4,23.954,46.316,49.569,79.616,2.2571,1.5859,3112.2,42.807,53.598,94.351,9.3819,61.499,36.833,38.768,2645.6,63.592,25.272,46.977,0.33131,8.9139,26.582,120.4,1.0959,74.769,24.63,2.3558,53.562,4.8395,232.26,0.025858,0.8229,65.534,18.919,43.721
358,2026-04-07T01:51:00,48.408,24.115,26.319,32.719,41.023,2717.6,3691.2,19.148,17.956,22.665,0.25097,0.1055,343.13,77.067,6.8627,13.759,32.334,4533.6,22.525,42.85,52.283,79.72,2.2571,1.5859,3112.9,42.561,53.404,94.393,9.2918,61.606,44.819,39.401,2646.5,64.071,25.531,46.746,0.32613,8.9139,26.582,120.42,1.0959,75.274,24.63,2.3558,53.562,4.8395,231.9,0.025858,0.8229,65.506,18.919,43.721
359,2026-04-07T01:54:00,51.327,22.389,26.662,32.985,41.613,2718.2,3680.3,18.674,18.024,22.725,0.22746,0.10347,342.92,77.685,6.8894,13.763,32.21,4476.0,22.704,49.606,49.991,79.869,2.2317,1.6578,3112.9,41.923,53.852,94.509,9.4455,60.036,38.074,39.914,2647.7,63.074,25.536,46.871,0.33689,8.8133,26.985,120.41,1.2963,74.872,24.298,2.291,53.424,4.7974,230.31,0.020352,0.82892,65.494,18.547,43.724
360,2026-04-07T01:57:00,51.128,22.572,27.294,32.985,40.785,2719.2,3641.3,15.262,18.024,23.028,0.2256,0.10347,343.08,77.398,6.8894,13.763,32.21,4456.0,24.143,49.144,49.841,79.964,2.2317,1.6578,3114.0,42.524,54.091,94.365,9.3265,61.84,37.633,39.976,2647.5,63.746,25.237,46.991,0.33638,8.8133,26.985,120.4,1.2963,75.124,24.298,2.291,53.424,4.7974,227.16,0.020352,0.82892,65.513,18.547,43.724
361,2026-04-07T02:00:00,49.653,23.519,27.302,33.021,41.431,2717.2,3628.3,18.344,18.341,23.121,0.23813,0.10347,343.32,77.192,6.8727,13.718,31.821,4532.6,22.852,45.73,48.928,79.856,2.2426,1.6707,3113.5,42.558,54.094,94.52,9.3388,61.382,34.945,40.162,2646.8,63.74,25.14,46.632,0.33498,8.6252,27.046,120.4,1.2249,75.267,24.741,2.229,53.424,4.796,229.39,0.020352,0.82892,65.525,18.295,43.724
362,2026-04-07T02:03:00,51.421,23.642,26.49,33.021,40.43,2716.5,3653.5,16.47,18.341,22.635,0.23688,0.10347,343.14,77.196,6.8727,13.718,31.821,4511.1,23.642,49.823,51.313,79.776,2.2426,1.6707,3112.6,42.428,54.351,94.471,9.3573,61.53,41.965,39.74,2646.3,63.306,24.999,46.605,0.33844,8.6252,27.046,120.38,1.2249,74.941,24.741,2.229,53.424,4.796,227.93,0.020352,0.82892,65.517,18.295,43.724
363,2026-04-07T02:06:00,50.522,27.228,26.767,32.8,41.981,2719.7,3667.5,21.075,18.472,22.933,0.27926,0.10347,343.12,77.602,6.7572,13.56,32.364,4552.5,21.689,47.742,49.852,79.959,2.2128,1.6194,3115.4,42.004,54.534,94.502,9.5023,61.055,37.665,39.013,2650.4,63.212,25.006,46.675,0.33349,8.913,26.37,120.42,1.2633,74.775,24.483,2.1869,53.424,4.8824,225.39,0.020352,0.82892,65.491,18.382,43.724
364,2026-04-07T02:09:00,50.597,27.358,26.994,32.8,40.437,2719.3,3681.8,17.624,18.472,22.879,0.27794,0.10822,342.95,76.826,6.7572,13.56,32.364,4577.4,23.168,47.916,51.496,79.803,2.2128,1.6194,3116.2,42.34,54.236,94.511,9.2941,60.414,42.502,38.833,2648.8,62.966,25.038,46.401,0.33497,8.913,26.37,120.37,1.2633,75.589,24.483,2.1869,54.519,4.8824,228.22,0.015689,0.83985,65.496,18.382,43.687
365,2026-04-07T02:12:00,47.218,22.256,26.49,33.274,41.783,2718.1,3701.0,18.998,18.029,22.644,0.22671,0.10822,343.46,76.944,6.8241,13.66,32.124,4544.9,22.596,40.095,51.542,79.533,2.2398,1.6813,3112.8,42.349,54.486,94.547,9.3526,62.691,42.639,36.948,2646.6,63.714,24.874,46.374,0.31351,8.9904,26.885,120.41,1.3312,75.034,24.272,2.2467,54.519,4.702,227.49,0.015689,0.83985,65.428,18.605,43.687
366,2026-04-07T02:15:00,51.564,22.34,26.653,33.274,41.151,2718.6,3685.9,18.062,18.029,22.603,0.22585,0.10822,342.78,77.345,6.8241,13.66,32.124,4550.5,22.98,50.154,50.019,79.696,2.2398,1.6813,3113.6,42.308,54.419,94.433,9.3275,62.696,38.156,37.287,2647.8,63.974,25.133,46.394,0.31073,8.9904,26.885,120.4,1.3312,75.007,24.272,2.2467,54.519,4.702,226.24,0.015689,0.83985,65.369,18.605,43.687
367,2026-04-07T02:18:00,51.441,24.572,27.189,33.034,41.878,2719.7,3669.1,18.189,17.962,22.99,0.24858,0.10822,342.99,77.32,6.9379,13.843,32.024,4490.2,22.922,49.87,50.367,79.851,2.1862,1.6345,3115.1,42.066,54.639,94.468,9.3642,59.669,39.181,38.601,2649.2,63.761,25.298,46.157,0.31945,8.9035,26.567,120.41,1.3215,75.187,24.722,2.3281,54.519,4.7818,227.84,0.015689,0.83985,65.396,18.444,43.687
368,2026-04-07T02:21:00,48.699,24.344,27.108,33.034,41.357,2719.6,3705.9,18.321,17.962,22.716,0.25089,0.10822,342.34,77.33,6.9379,13.843,32.024,4534.2,22.863,43.524,51.213,79.947,2.1862,1.6345,3117.0,42.342,54.112,94.433,9.3196,61.242,41.67,38.111,2648.1,63.127,25.35,46.053,0.32347,8.9035,26.567,120.41,1.3215,75.411,24.722,2.3281,54.519,4.7818,227.92,0.015689,0.83985,65.448,18.444,43.687
369,2026-04-07T02:24:00,50.0,25.665,27.064,32.641,41.324,2718.0,3659.3,18.37,17.987,22.928,0.25916,0.11263,342.48,77.272,6.9873,13.831,32.221,4565.0,22.844,46.534,48.408,79.901,2.2531,1.6043,3114.1,42.518,54.182,94.435,9.2756,60.25,33.414,40.543,2647.0,62.933,25.333,46.383,0.34273,8.8431,26.616,120.42,1.3262,73.678,24.258,2.2513,52.963,4.9309,226.25,0.011958,0.81778,65.469,18.644,44.665
370,2026-04-07T02:27:00,50.389,25.444,27.068,32.641,41.35,2717.8,3658.9,17.52,17.987,22.978,0.26141,0.11263,342.8,77.334,6.9873,13.831,32.221,4509.1,23.199,47.435,49.559,79.785,2.2531,1.6043,3113.3,41.975,54.851,94.644,9.3505,60.359,36.802,40.308,2646.7,62.939,25.301,46.308,0.34466,8.8431,26.616,120.4,1.3262,75.32,24.258,2.2513,52.963,4.9309,227.37,0.011958,0.81778,65.451,18.644,44.665
371,2026-04-07T02:30:00,49.574,23.927,26.496,32.617,40.941,2715.9,3665.2,17.166,18.074,22.536,0.24011,0.11263,342.41,76.923,7.0373,13.824,32.092,4498.8,23.36,45.548,49.633,79.807,2.2666,1.6666,3112.4,42.228,54.522,94.548,9.2391,61.59,37.02,40.781,2645.2,62.321,25.497,46.093,0.33825,8.6134,26.813,120.37,1.2481,75.06,24.76,2.1876,52.963,4.7152,230.06,0.011958,0.81778,65.447,18.625,44.665
372,2026-04-07T02:33:00,50.048,23.468,26.671,32.617,41.039,2715.7,3634.6,18.118,18.074,22.806,0.24477,0.11263,342.47,77.279,7.0373,13.824,32.092,4547.0,22.957,46.646,51.908,79.738,2.2666,1.6666,3109.8,42.389,53.945,94.805,9.139,62.452,43.716,40.196,2646.0,62.848,25.464,46.315,0.34304,8.6134,26.813,120.39,1.2481,74.596,24.76,2.1876,52.963,4.7152,227.86,0.011958,0.81778,65.435,18.625,44.665
373,2026-04-07T02:36:00,48.472,25.163,26.947,33.213,40.903,2716.2,3616.9,16.62,18.403,22.897,0.25314,0.11263,342.63,77.468,6.8992,13.737,32.297,4515.6,23.578,42.997,49.409,79.875,2.2142,1.6385,3110.9,41.88,54.391,94.566,9.403,58.535,36.36,40.214,2645.1,62.59,25.382,46.375,0.34155,8.9071,26.673,120.38,1.4853,75.764,24.654,2.2247,52.963,4.8376,227.46,0.011958,0.81778,65.465,18.611,44.665
374,2026-04-07T02:39:00,50.759,25.087,26.9,33.213,40.803,2716.7,3639.5,21.072,18.403,22.402,0.25391,0.084949,342.38,77.32,6.8992,13.737,32.297,4492.9,21.703,48.29,47.768,79.949,2.2142,1.6385,3113.2,42.527,54.662,94.818,9.3971,61.705,31.532,40.285,2645.6,62.202,25.283,45.924,0.34097,8.9071,26.673,120.39,1.4853,75.377,24.654,2.2247,54.122,4.8376,226.29,-0.0047122,0.82377,65.487,18.611,43.763
375,2026-04-07T02:42:00,49.699,23.062,26.952,33.088,41.386,2717.1,3678.3,17.956,17.993,22.761,0.23463,0.084949,342.17,77.166,6.8041,13.605,31.604,4545.0,23.016,45.836,48.216,80.025,2.2429,1.6334,3112.9,41.809,54.1,94.563,9.2775,61.385,32.851,38.987,2646.6,62.665,25.123,45.981,0.33189,8.9489,26.787,120.4,1.2536,75.551,24.794,2.2249,54.122,4.766,223.09,-0.0047122,0.82377,65.501,18.415,43.763
376,2026-04-07T02:45:00,52.194,23.095,26.42,33.088,40.479,2714.6,3670.3,17.045,17.993,22.315,0.23429,0.084949,341.88,76.986,6.8041,13.605,31.604,4528.3,23.409,51.61,49.662,79.82,2.2429,1.6334,3111.2,42.709,54.3,94.743,9.3665,62.261,37.106,39.453,2643.5,62.802,25.038,45.784,0.32807,8.9489,26.787,120.39,1.2536,74.985,24.794,2.2249,54.122,4.766,222.75,-0.0047122,0.82377,65.473,18.415,43.763
377,2026-04-07T02:48:00,49.874,29.897,26.583,32.966,41.098,2714.5,3685.7,19.351,18.014,22.303,0.30425,0.084949,341.65,76.768,6.9911,13.751,31.905,4531.9,22.453,46.243,49.122,79.69,2.2201,1.6453,3111.6,42.56,54.783,94.458,9.2974,60.562,35.517,37.461,2644.0,63.4,24.951,45.632,0.31373,8.722,26.651,120.4,1.162,75.734,24.737,2.3167,54.122,4.7988,221.95,-0.0047122,0.82377,65.403,18.374,43.763
378,2026-04-07T02:51:00,50.15,29.757,27.069,32.966,40.898,2713.3,3629.9,17.569,18.014,22.766,0.30567,0.084949,342.02,77.043,6.9911,13.751,31.905,4542.1,23.208,46.882,50.779,79.562,2.2201,1.6453,3110.2,42.629,54.661,94.597,9.3347,60.63,40.392,37.292,2642.2,64.36,25.032,45.319,0.31511,8.722,26.651,120.39,1.162,75.293,24.737,2.3167,54.122,4.7988,223.01,-0.0047122,0.82377,65.31,18.374,43.763
379,2026-04-07T02:54:00,50.099,27.56,27.066,32.922,41.062,2716.1,3611.3,17.597,18.614,22.736,0.27869,0.096062,342.37,77.677,6.8382,13.713,32.429,4576.4,23.171,46.762,50.315,79.937,2.2655,1.6342,3110.3,42.175,54.416,94.489,9.3592,62.951,39.028,39.251,2645.5,63.026,24.99,45.401,0.32924,8.8997,26.449,120.42,1.2646,75.223,24.785,2.2969,54.748,4.8821,221.07,0.019306,0.82668,65.29,18.703,43.894
380,2026-04-07T02:57:00,50.871,27.515,26.975,32.922,40.681,2717.4,3643.9,16.09,18.614,22.445,0.27915,0.096062,341.94,77.758,6.8382,13.713,32.429,4542.9,23.792,48.55,49.983,80.17,2.2655,1.6342,3114.1,42.192,54.816,94.664,9.3344,59.564,38.049,39.044,2646.3,62.465,24.797,45.111,0.33094,8.8997,26.449,120.4,1.2646,75.294,24.785,2.2969,54.748,4.8821,222.4,0.019306,0.82668,65.353,18.703,43.894
381,2026-04-07T03:00:00,49.309,22.617,26.991,32.91,42.031,2716.3,3696.6,17.21,18.641,22.736,0.22808,0.096062,342.03,77.241,7.0147,13.854,31.705,4502.5,23.325,44.934,49.331,80.222,2.2314,1.6525,3112.5,42.329,54.532,94.534,9.3662,60.478,36.13,38.674,2645.0,62.869,24.777,44.913,0.32457,8.8701,26.869,120.42,1.1618,75.079,24.972,2.2239,54.748,4.7764,222.67,0.019306,0.82668,65.428,18.794,43.894
382,2026-04-07T03:03:00,48.077,22.646,26.883,32.91,41.137,2712.0,3689.1,19.185,18.641,22.544,0.22778,0.096062,341.54,76.721,7.0147,13.854,31.705,4552.6,22.512,42.084,50.047,80.025,2.2314,1.6525,3108.7,42.383,53.932,94.628,9.1586,61.465,38.238,38.842,2641.1,62.998,24.826,45.082,0.32319,8.8701,26.869,120.39,1.1618,75.461,24.972,2.2239,54.748,4.7764,218.84,0.019306,0.82668,65.458,18.794,43.894
383,2026-04-07T03:06:00,51.179,29.563,26.702,32.454,40.279,2706.7,3641.1,17.134,18.512,22.169,0.30008,0.096062,341.6,76.756,6.7838,13.694,32.1,4531.0,23.389,49.263,49.822,79.602,2.2303,1.6495,3103.5,42.517,53.973,94.752,9.2157,61.385,37.575,39.861,2635.3,62.233,25.081,44.801,0.34523,8.8303,26.207,120.37,1.2326,75.705,23.904,2.2974,54.748,4.9078,220.14,0.019306,0.82668,65.353,18.686,43.894
384,2026-04-07T03:09:00,50.939,29.437,27.006,32.454,41.092,2706.9,3626.2,20.031,18.512,22.634,0.30137,0.091914,341.8,76.748,6.7838,13.694,32.1,4488.2,22.178,48.706,51.504,79.648,2.2303,1.6495,3101.9,42.419,54.486,94.845,9.3442,57.842,42.526,40.467,2635.3,62.49,25.149,44.558,0.34027,8.8303,26.207,120.4,1.2326,75.518,23.904,2.2974,53.768,4.9078,221.7,0.018307,0.8536,65.243,18.686,44.431
385,2026-04-07T03:12:00,51.478,26.219,26.903,32.663,40.239,2707.8,3697.7,19.905,18.56,22.337,0.26357,0.091914,341.56,77.412,6.9546,13.848,31.856,4558.6,22.217,49.955,49.215,79.813,2.2187,1.5932,3103.6,41.936,53.913,94.698,9.1681,63.14,35.791,38.192,2636.7,63.269,25.11,44.605,0.3232,8.8259,26.521,120.41,1.2358,74.865,24.342,2.2988,53.768,4.8283,219.65,0.018307,0.8536,65.216,18.396,44.431
386,2026-04-07T03:15:00,47.478,25.989,26.981,32.663,40.78,2708.3,3691.2,18.378,18.56,22.632,0.26591,0.091914,341.25,77.228,6.9546,13.848,31.856,4534.7,22.862,40.698,48.678,80.028,2.2187,1.5932,3103.9,41.901,54.2,94.631,9.3014,59.297,34.211,38.315,2637.5,63.381,25.192,44.493,0.32219,8.8259,26.521,120.41,1.2358,75.585,24.342,2.2988,53.768,4.8283,219.35,0.018307,0.8536,65.232,18.396,44.431
387,2026-04-07T03:18:00,49.362,28.671,26.873,33.253,40.519,2705.2,3634.3,17.541,18.657,21.771,0.29012,0.091914,340.92,76.986,6.9459,13.879,32.114,4553.3,23.223,45.057,48.207,79.947,2.2186,1.6615,3103.9,42.363,54.727,94.643,9.2777,61.283,32.822,40.346,2633.2,62.872,25.206,44.39,0.33875,8.8869,26.553,120.39,1.1467,75.11,24.276,2.3524,53.768,4.7874,218.95,0.018307,0.8536,65.25,18.567,44.431
388,2026-04-07T03:21:00,50.744,28.477,26.947,33.253,41.604,2705.1,3593.4,19.458,18.657,22.028,0.29209,0.091914,340.9,77.182,6.9459,13.879,32.114,4547.2,22.417,48.255,49.742,79.885,2.2186,1.6615,3103.2,42.171,54.8,94.799,9.3293,60.766,37.34,40.313,2633.4,63.576,24.97,44.226,0.33902,8.8869,26.553,120.42,1.1467,75.081,24.276,2.3524,53.768,4.7874,219.22,0.018307,0.8536,65.22,18.567,44.431
389,2026-04-07T03:24:00,50.096,26.484,26.864,32.721,40.505,2704.0,3661.7,18.7,18.004,22.217,0.26672,0.10452,340.98,77.218,6.7816,13.784,31.89,4566.2,22.74,46.755,48.733,79.846,2.3135,1.6339,3100.8,41.96,54.202,94.737,9.1672,62.772,34.372,40.482,2632.5,62.414,25.163,44.897,0.34487,8.8408,26.335,120.38,1.2817,74.141,24.209,2.3738,53.11,4.7797,217.98,0.0060434,0.83264,65.223,18.44,44.419
390,2026-04-07T03:27:00,51.375,26.224,26.567,32.721,41.246,2706.3,3610.7,21.112,18.004,21.961,0.26937,0.10452,340.55,77.407,6.7816,13.784,31.89,4571.0,21.712,49.715,50.453,80.179,2.3135,1.6339,3103.3,42.574,54.145,94.702,9.3488,58.872,39.432,40.748,2634.6,63.291,25.248,44.87,0.34269,8.8408,26.335,120.41,1.2817,76.083,24.209,2.3738,53.11,4.7797,220.13,0.0060434,0.83264,65.245,18.44,44.419
391,2026-04-07T03:30:00,49.325,28.632,26.602,33.248,40.637,2705.6,3674.3,17.357,18.458,21.939,0.29204,0.10452,340.64,77.002,6.703,13.731,32.123,4565.1,23.305,44.971,51.459,80.125,2.2102,1.5809,3102.7,42.5,54.574,94.615,9.3153,59.4,42.394,39.865,2634.3,63.655,25.144,45.059,0.32935,8.6932,26.958,120.42,1.2849,74.746,24.027,2.2709,53.11,4.7582,219.79,0.0060434,0.83264,65.321,18.643,44.419
392,2026-04-07T03:33:00,49.796,28.844,26.806,33.248,41.222,2703.5,3691.1,17.204,18.458,22.074,0.28989,0.10452,340.38,77.589,6.703,13.731,32.123,4543.4,23.35,46.063,50.165,80.191,2.2102,1.5809,3102.3,42.297,54.835,94.557,9.2531,61.948,38.585,39.564,2633.1,63.365,25.225,45.234,0.33182,8.6932,26.958,120.41,1.2849,75.469,24.027,2.2709,53.11,4.7582,219.6,0.0060434,0.83264,65.368,18.643,44.419
393,2026-04-07T03:36:00,49.686,26.463,27.037,32.953,41.54,2701.9,3699.9,16.884,18.8,22.008,0.27291,0.10452,340.3,77.238,6.8099,13.808,32.197,4572.8,23.491,45.808,49.876,80.194,2.2471,1.6869,3101.3,42.264,54.023,94.47,9.3017,58.068,37.734,38.844,2630.3,64.036,25.323,45.323,0.32531,8.8187,26.513,120.4,1.3999,75.292,23.782,2.2315,53.11,4.8895,220.34,0.0060434,0.83264,65.428,19.606,44.419
394,2026-04-07T03:39:00,50.954,26.551,27.024,32.953,42.046,2698.5,3712.1,19.718,18.8,21.734,0.27201,0.11059,339.58,76.631,6.8099,13.808,32.197,4513.4,22.318,48.742,50.743,80.097,2.2471,1.6869,3098.4,42.264,54.734,94.501,9.1624,61.858,40.288,38.757,2626.9,63.825,25.218,44.862,0.32602,8.8187,26.513,120.43,1.3999,75.692,23.782,2.2315,53.195,4.8895,221.4,0.016443,0.84412,65.437,19.606,44.914
395,2026-04-07T03:42:00,50.622,25.941,26.73,32.654,40.98,2694.1,3703.4,18.525,19.079,21.466,0.26437,0.11059,339.55,76.859,7.0056,13.813,31.446,4421.5,22.823,47.973,50.061,79.989,2.2899,1.6689,3091.9,42.35,53.413,94.602,9.1609,62.63,38.279,39.583,2622.2,63.156,25.212,44.897,0.33528,8.8155,26.327,120.39,1.1643,75.251,23.356,2.2992,53.195,4.9108,220.22,0.016443,0.84412,65.409,18.914,44.914
396,2026-04-07T03:45:00,48.987,26.017,26.944,32.654,40.198,2691.0,3683.9,18.287,19.079,21.645,0.2636,0.11059,339.21,77.195,7.0056,13.813,31.446,4411.2,22.918,44.189,49.831,80.01,2.2899,1.6689,3089.4,42.264,53.535,94.649,9.2513,59.902,37.604,40.265,2619.6,63.492,25.318,44.808,0.32969,8.8155,26.327,120.38,1.1643,75.717,23.356,2.2992,53.195,4.9108,220.48,0.016443,0.84412,65.367,18.914,44.914
397,2026-04-07T03:48:00,49.238,33.544,26.929,32.914,40.984,2691.9,3645.5,16.576,18.845,21.677,0.34005,0.11059,339.39,77.197,6.8787,13.726,31.919,4529.3,23.64,44.77,50.882,80.151,2.2766,1.6839,3089.8,42.279,53.738,94.771,9.1219,59.91,40.694,39.921,2619.6,62.411,25.372,44.645,0.33357,8.8431,26.36,120.37,1.2416,74.529,23.678,2.2453,53.195,4.8978,221.53,0.016443,0.84412,65.391,18.72,44.914
398,2026-04-07T03:51:00,49.926,33.371,26.979,32.914,40.732,2694.7,3602.0,21.727,18.845,21.66,0.34181,0.11059,339.37,77.718,6.8787,13.726,31.919,4466.6,21.449,46.363,49.454,80.404,2.2766,1.6839,3092.0,42.108,54.488,94.625,9.2951,58.745,36.494,40.221,2622.5,63.16,25.303,44.88,0.33111,8.8431,26.36,120.38,1.2416,75.224,23.678,2.2453,53.195,4.8978,218.08,0.016443,0.84412,65.443,18.72,44.914
399,2026-04-07T03:54:00,50.77,29.531,26.97,32.108,41.156,2694.1,3673.9,18.327,19.33,21.552,0.2999,0.088566,339.67,77.039,7.2186,13.944,32.358,4539.6,22.898,48.316,52.34,80.375,2.2404,1.6712,3092.6,42.665,54.084,94.779,9.1242,61.707,44.985,39.146,2621.7,62.98,25.197,45.102,0.32027,8.9982,26.13,120.41,1.2017,76.27,23.264,2.2519,53.725,4.8235,218.1,0.023473,0.87423,65.476,19.013,44.44
400,2026-04-07T03:57:00,51.309,29.586,27.171,32.108,40.112,2691.6,3655.3,19.568,19.33,21.97,0.29934,0.088566,339.76,76.741,7.2186,13.944,32.358,4537.3,22.392,49.562,48.216,80.156,2.2404,1.6712,3089.7,41.991,54.112,94.679,9.1928,58.529,32.85,38.914,2620.1,63.299,25.157,45.035,0.32217,8.9982,26.13,120.38,1.2017,74.891,23.264,2.2519,53.725,4.8235,219.47,0.023473,0.87423,65.49,19.013,44.44
401,2026-04-07T04:00:00,50.298,25.381,26.99,32.539,39.931,2688.8,3576.8,16.897,18.862,21.979,0.25817,0.088566,339.41,77.316,6.8854,13.891,31.59,4530.4,23.504,47.224,48.677,80.146,2.2881,1.6925,3086.1,41.964,53.461,94.903,9.1977,61.939,34.206,41.749,2618.2,61.512,25.215,44.957,0.34673,8.7621,26.219,120.36,1.3803,75.401,23.893,2.3715,53.725,4.8485,221.03,0.023473,0.87423,65.449,18.712,44.44
402,2026-04-07T04:03:00,51.428,25.184,26.842,32.539,39.884,2689.8,3591.4,15.1,18.862,21.759,0.26018,0.088566,339.5,77.329,6.8854,13.891,31.59,4486.7,24.259,49.839,48.792,80.26,2.2881,1.6925,3088.2,42.296,53.984,95.064,9.2791,59.302,34.544,41.292,2618.0,61.261,25.082,45.054,0.35048,8.7621,26.219,120.37,1.3803,73.791,23.893,2.3715,53.725,4.8485,220.59,0.023473,0.87423,65.462,18.712,44.44
403,2026-04-07T04:06:00,48.297,33.152,26.715,33.172,40.587,2696.0,3641.5,18.916,19.198,21.757,0.33221,0.088566,339.64,77.756,6.9084,13.862,31.993,4538.7,22.626,42.594,48.538,80.631,2.2881,1.6584,3093.6,42.446,54.086,94.795,9.2485,60.419,33.799,41.165,2625.2,63.161,25.1,45.155,0.34116,8.8678,26.175,120.42,1.4284,75.203,23.16,2.3262,53.725,4.8922,220.07,0.023473,0.87423,65.525,18.86,44.44
404,2026-04-07T04:09:00,50.315,32.794,27.344,33.172,41.358,2694.7,3653.2,16.214,19.198,21.492,0.33585,0.1043,339.04,77.443,6.9084,13.862,31.993,4515.2,23.769,47.264,48.994,80.46,2.2881,1.6584,3095.2,42.496,54.367,94.642,9.1352,61.39,35.141,41.195,2622.1,62.959,25.171,45.782,0.34091,8.8678,26.175,120.42,1.4284,75.02,23.16,2.3262,53.932,4.8922,222.7,0.012435,0.86179,65.611,18.86,44.011
405,2026-04-07T04:12:00,51.563,29.255,26.701,33.034,40.895,2695.1,3650.6,15.667,19.308,21.478,0.30204,0.1043,340.04,77.267,6.8966,13.817,32.171,4471.8,24.001,50.151,51.977,80.479,2.2756,1.7216,3092.9,42.112,54.52,94.717,9.1136,62.96,43.919,40.644,2623.2,62.788,25.357,46.381,0.33971,8.9841,26.254,120.41,1.3919,74.503,23.1,2.3248,53.932,4.8657,220.49,0.012435,0.86179,65.683,19.069,44.011
406,2026-04-07T04:15:00,48.976,29.467,26.727,33.034,41.143,2693.5,3660.3,19.508,19.308,21.767,0.29988,0.1043,339.97,77.579,6.8966,13.817,32.171,4527.5,22.37,44.164,48.312,80.489,2.2756,1.7216,3092.2,42.572,53.853,94.622,9.2291,60.512,33.132,40.866,2622.9,62.621,25.338,46.565,0.33788,8.9841,26.254,120.42,1.3919,75.159,23.1,2.3248,53.932,4.8657,222.93,0.012435,0.86179,65.71,19.069,44.011
407,2026-04-07T04:18:00,50.024,28.111,27.11,32.951,40.293,2690.7,3657.2,16.78,18.778,21.625,0.28156,0.1043,339.75,76.974,6.9793,13.946,31.642,4481.8,23.538,46.59,50.834,80.291,2.2731,1.6659,3089.6,42.239,53.856,94.775,9.2779,60.002,40.555,40.243,2618.3,62.758,25.087,46.724,0.3334,8.8835,25.983,120.39,1.25,75.622,23.873,2.3537,53.932,4.8828,225.64,0.012435,0.86179,65.734,19.763,44.011
408,2026-04-07T04:21:00,49.756,27.793,26.982,32.951,41.193,2687.5,3644.5,20.114,18.778,21.695,0.28479,0.1043,339.9,76.574,6.9793,13.946,31.642,4482.4,22.156,45.969,51.41,80.082,2.2731,1.6659,3086.4,42.45,53.849,94.665,9.3534,58.101,42.249,40.204,2616.3,62.978,25.204,46.94,0.33372,8.8835,25.983,120.42,1.25,74.998,23.873,2.3537,53.932,4.8828,227.72,0.012435,0.86179,65.712,19.763,44.011
409,2026-04-07T04:24:00,49.624,33.137,26.735,32.736,40.219,2687.3,3606.1,18.977,18.975,21.741,0.33857,0.092377,340.43,77.093,6.8482,13.857,32.178,4403.1,22.633,45.665,49.77,79.976,2.2538,1.6996,3084.4,42.303,52.988,94.862,9.2806,61.44,37.424,41.931,2615.3,62.86,25.195,46.974,0.34846,9.107,25.789,120.37,1.2837,74.806,23.474,2.3728,53.191,4.8625,229.0,0.0067463,0.88878,65.625,19.053,43.944
410,2026-04-07T04:27:00,50.658,32.998,26.817,32.736,40.984,2688.3,3609.8,16.538,18.975,21.627,0.33998,0.092377,340.49,77.37,6.8482,13.857,32.178,4451.8,23.655,48.056,49.262,80.14,2.2538,1.6996,3084.7,42.388,52.405,94.717,9.3722,60.102,35.927,41.945,2616.5,62.795,25.527,47.312,0.34835,9.107,25.789,120.41,1.2837,76.09,23.474,2.3728,53.191,4.8625,228.5,0.0067463,0.88878,65.64,19.053,43.944
411,2026-04-07T04:30:00,49.704,28.251,27.243,32.971,41.263,2691.8,3652.9,19.947,19.163,22.364,0.29034,0.092377,341.03,78.131,6.8564,13.953,32.334,4483.5,22.184,45.849,48.94,80.533,2.2829,1.6267,3087.3,42.5,53.66,94.739,9.2977,60.223,34.98,40.321,2621.0,63.174,25.405,47.484,0.34312,8.9736,25.874,120.42,1.1341,74.953,23.343,2.2768,53.191,4.9417,229.77,0.0067463,0.88878,65.722,19.35,43.944
412,2026-04-07T04:33:00,50.878,28.305,26.73,32.971,40.702,2693.5,3638.2,15.753,19.163,21.84,0.2898,0.092377,340.95,77.879,6.8564,13.953,32.334,4512.6,23.941,48.567,50.297,80.75,2.2829,1.6267,3090.4,42.266,53.312,94.564,9.31,62.175,38.973,41.069,2622.4,63.427,25.226,47.637,0.33699,8.9736,25.874,120.41,1.1341,73.944,23.343,2.2768,53.191,4.9417,231.16,0.0067463,0.88878,65.892,19.35,43.944
413,2026-04-07T04:36:00,50.489,26.822,26.981,32.907,41.002,2691.1,3639.1,18.07,19.32,21.662,0.27327,0.092377,340.96,77.063,6.7858,13.792,32.722,4428.8,22.982,47.666,50.563,80.626,2.2208,1.6912,3088.8,42.39,53.516,94.539,9.3661,61.497,39.756,42.208,2620.1,63.367,25.112,47.979,0.34978,9.068,25.498,120.42,1.1562,75.272,23.554,2.2198,53.191,4.7934,230.39,0.0067463,0.88878,66.004,19.499,43.944
414,2026-04-07T04:39:00,49.504,26.673,26.938,32.907,40.74,2688.3,3649.3,17.122,19.32,21.72,0.27479,0.10757,341.01,77.355,6.7858,13.792,32.722,4471.3,23.376,45.385,50.2,80.377,2.2208,1.6912,3086.2,42.515,53.008,94.706,9.2956,62.765,38.687,42.371,2616.2,63.193,25.326,48.719,0.34844,9.068,25.498,120.39,1.1562,75.24,23.554,2.2198,54.102,4.7934,233.71,0.022824,0.85672,66.02,19.499,43.816
415,2026-04-07T04:42:00,48.85,22.932,27.084,33.059,40.856,2686.6,3678.2,17.613,18.339,21.938,0.23071,0.10757,341.49,77.158,6.9368,13.774,32.064,4438.8,23.177,43.873,49.929,80.307,2.2582,1.6446,3083.7,42.185,52.922,94.564,9.3816,60.438,37.89,39.533,2615.6,63.371,25.371,49.166,0.33684,9.0054,26.131,120.39,1.0762,74.378,22.984,2.3707,54.102,4.8602,235.5,0.022824,0.85672,66.045,18.558,43.816
416,2026-04-07T04:45:00,48.823,22.96,27.012,33.059,41.396,2687.2,3695.2,16.685,18.339,22.241,0.23043,0.10757,341.43,77.385,6.9368,13.774,32.064,4467.7,23.563,43.811,50.706,80.337,2.2582,1.6446,3083.6,42.24,52.576,94.663,9.3668,61.364,40.178,39.842,2615.8,63.079,25.316,49.554,0.33431,9.0054,26.131,120.41,1.0762,74.447,22.984,2.3707,54.102,4.8602,237.95,0.022824,0.85672,66.047,18.558,43.816
417,2026-04-07T04:48:00,49.021,29.064,26.813,33.339,40.935,2688.7,3612.9,16.853,19.246,21.821,0.29137,0.10757,341.4,77.607,6.794,13.962,32.42,4540.6,23.484,44.269,51.645,80.368,2.3142,1.6851,3086.3,42.332,53.969,94.568,9.4366,60.287,42.941,39.731,2617.2,63.192,25.721,50.139,0.33073,8.9687,25.598,120.41,1.1226,74.667,22.755,2.2615,54.102,4.9004,238.16,0.022824,0.85672,66.079,18.595,43.816
418,2026-04-07T04:51:00,49.209,28.813,27.183,33.339,41.728,2694.0,3675.9,17.079,19.246,22.354,0.29393,0.10757,341.84,78.034,6.794,13.962,32.42,4523.1,23.362,44.703,49.272,80.718,2.3142,1.6851,3090.3,42.693,54.178,94.606,9.5071,59.257,35.958,39.662,2622.6,62.107,25.638,50.521,0.3313,8.9687,25.598,120.42,1.1226,74.365,22.755,2.2615,54.102,4.9004,240.58,0.022824,0.85672,66.224,18.595,43.816
419,2026-04-07T04:54:00,49.55,25.17,27.19,33.355,41.58,2692.2,3699.6,14.411,18.868,21.817,0.26097,0.11633,341.5,77.366,6.8611,13.915,32.408,4533.8,24.498,45.492,50.547,80.603,2.2988,1.6644,3090.6,42.566,53.994,94.6,9.3543,63.016,39.71,42.057,2620.9,62.967,25.367,50.471,0.35354,8.8758,26.016,120.42,1.1987,74.948,22.999,2.2793,53.971,4.8848,239.3,0.026462,0.8579,66.346,18.891,44.185
420,2026-04-07T04:57:00,50.94,25.482,26.928,33.355,41.137,2692.5,3653.7,17.047,18.868,21.899,0.2578,0.11633,341.92,77.326,6.8611,13.915,32.408,4542.4,23.384,48.709,50.034,80.557,2.2988,1.6644,3090.8,42.641,53.891,94.482,9.351,60.486,38.201,42.407,2622.5,63.757,25.333,50.764,0.35067,8.8758,26.016,120.41,1.1987,74.389,22.999,2.2793,53.971,4.8848,238.98,0.026462,0.8579,66.389,18.891,44.185
421,2026-04-07T05:00:00,48.979,25.379,26.734,33.42,40.731,2692.3,3698.0,21.351,18.62,21.799,0.25657,0.11633,342.08,77.38,6.8403,13.89,32.228,4542.1,21.57,44.172,49.028,80.433,2.2677,1.6629,3088.7,42.126,53.172,94.463,9.4307,59.675,35.238,41.59,2620.9,62.457,25.572,50.957,0.34855,8.8782,25.92,120.4,1.3431,75.064,22.819,2.4027,53.971,4.9313,239.77,0.026462,0.8579,66.376,19.079,44.185
422,2026-04-07T05:03:00,47.728,25.038,26.816,33.42,41.739,2691.3,3619.5,19.866,18.62,21.976,0.26004,0.11633,341.91,77.527,6.8403,13.89,32.228,4480.7,22.196,41.276,49.31,80.325,2.2677,1.6629,3087.3,42.353,53.907,94.648,9.2502,61.436,36.07,41.416,2620.3,63.807,25.346,50.874,0.34998,8.8782,25.92,120.42,1.3431,74.012,22.819,2.4027,53.971,4.9313,243.69,0.026462,0.8579,66.337,19.079,44.185
423,2026-04-07T05:06:00,49.364,26.865,27.12,33.175,40.875,2690.8,3700.7,16.893,18.4,21.978,0.27343,0.11633,342.42,77.377,6.7494,13.691,32.524,4463.4,23.452,45.061,51.136,80.285,2.2636,1.6628,3088.1,42.626,53.618,94.506,9.3819,61.315,41.442,41.604,2619.6,62.622,25.384,51.237,0.34393,8.8718,26.294,120.39,1.3079,74.561,23.606,2.3042,53.971,5.0084,242.6,0.026462,0.8579,66.332,18.506,44.185
424,2026-04-07T05:09:00,50.688,26.919,26.824,33.175,41.287,2691.5,3643.7,15.06,18.4,21.918,0.27287,0.098236,342.43,77.378,6.7494,13.691,32.524,4434.7,24.226,48.126,50.201,80.256,2.2636,1.6628,3088.3,42.353,53.961,94.535,9.349,64.956,38.692,40.775,2620.8,63.604,25.165,51.388,0.35072,8.8718,26.294,120.4,1.3079,75.139,23.606,2.3042,52.817,5.0084,244.68,0.006118,0.82874,66.35,18.506,43.579
425,2026-04-07T05:12:00,49.712,23.855,27.07,33.514,41.283,2696.9,3672.4,21.972,18.496,22.539,0.24286,0.098236,342.88,77.743,6.8053,13.974,32.651,4511.8,21.293,45.869,51.149,80.591,2.2901,1.6268,3092.9,42.565,54.444,94.413,9.3211,62.64,41.482,38.595,2625.9,63.99,25.374,51.381,0.32445,9.0321,26.305,120.39,1.1268,73.827,23.154,2.328,52.817,4.8549,248.07,0.006118,0.82874,66.379,18.583,43.579
426,2026-04-07T05:15:00,49.483,23.87,26.792,33.514,41.87,2697.5,3717.3,19.484,18.496,21.909,0.24271,0.098236,342.62,78.066,6.8053,13.974,32.651,4528.5,22.324,45.337,49.993,80.615,2.2901,1.6268,3095.1,42.534,54.244,94.268,9.4282,60.573,38.08,38.552,2626.4,63.218,25.167,51.838,0.3248,9.0321,26.305,120.42,1.1268,75.087,23.154,2.328,52.817,4.8549,246.19,0.006118,0.82874,66.464,18.583,43.579
427,2026-04-07T05:18:00,50.585,22.395,26.804,33.687,41.229,2695.5,3692.8,18.296,18.25,22.163,0.22483,0.098236,342.56,77.319,6.9639,13.762,32.41,4495.1,22.841,47.888,48.769,80.518,2.2965,1.7295,3092.4,42.596,54.492,94.48,9.5496,60.255,34.476,42.56,2624.8,63.246,25.254,52.118,0.35422,9.0118,25.688,120.39,1.257,74.582,23.663,2.3003,52.817,4.9041,246.25,0.006118,0.82874,66.534,18.996,43.579
428,2026-04-07T05:21:00,50.935,22.309,26.881,33.687,41.655,2692.1,3653.2,16.517,18.25,21.979,0.22571,0.098236,342.3,77.083,6.9639,13.762,32.41,4509.7,23.605,48.699,49.893,80.186,2.2965,1.7295,3089.1,42.044,54.317,94.368,9.3467,62.695,37.786,42.397,2621.1,63.928,25.249,52.117,0.35556,9.0118,25.688,120.43,1.257,74.544,23.663,2.3003,52.817,4.9041,249.5,0.006118,0.82874,66.509,18.996,43.579
429,2026-04-07T05:24:00,49.8,24.171,26.448,33.228,40.772,2693.9,3623.7,18.867,18.564,21.892,0.24625,0.1231,342.67,77.339,6.9988,13.788,32.696,4496.8,22.609,46.07,50.136,80.29,2.3149,1.6738,3089.5,42.359,53.456,94.571,9.3067,59.087,38.5,39.724,2622.7,63.041,25.317,51.939,0.33147,9.0661,26.181,120.37,1.2031,74.729,23.349,2.3367,53.501,4.9068,246.56,0.02387,0.81143,66.494,18.849,44.04
430,2026-04-07T05:27:00,47.52,24.118,26.638,33.228,41.028,2696.8,3664.4,14.186,18.564,22.43,0.24678,0.1231,342.83,77.808,6.9988,13.788,32.696,4505.7,24.56,40.794,50.138,80.516,2.3149,1.6738,3091.8,42.59,53.35,94.572,9.4744,59.325,38.505,39.841,2626.3,62.342,25.273,51.954,0.33051,9.0661,26.181,120.4,1.2031,74.569,23.349,2.3367,53.501,4.9068,246.05,0.02387,0.81143,66.505,18.849,44.04
431,2026-04-07T05:30:00,49.918,20.906,26.897,33.572,41.064,2697.4,3625.4,17.437,18.59,22.305,0.21655,0.1231,342.92,77.715,6.9295,13.826,32.625,4487.3,23.188,46.345,50.28,80.451,2.226,1.6403,3093.6,41.889,53.907,94.602,9.3951,59.363,38.925,39.621,2625.1,62.614,25.093,51.955,0.33746,8.7777,26.168,120.41,1.2737,75.313,23.368,2.383,53.501,4.9062,245.68,0.02387,0.81143,66.539,18.758,44.04
432,2026-04-07T05:33:00,50.001,20.801,26.458,33.572,40.436,2696.3,3605.4,18.195,18.59,22.022,0.21762,0.1231,343.39,77.14,6.9295,13.826,32.625,4502.9,22.887,46.536,51.092,80.248,2.226,1.6403,3090.8,42.139,53.719,94.669,9.3472,61.531,41.315,39.68,2624.7,62.957,25.225,51.79,0.33698,8.7777,26.168,120.36,1.2737,74.316,23.368,2.383,53.501,4.9062,247.19,0.02387,0.81143,66.54,18.758,44.04
433,2026-04-07T05:36:00,50.222,21.16,26.92,33.385,41.117,2697.2,3646.6,15.173,19.032,22.283,0.218,0.1231,342.79,77.58,6.7374,13.775,32.961,4530.5,24.151,47.049,49.196,80.184,2.2549,1.6552,3092.7,42.645,53.609,94.719,9.4503,59.931,35.733,40.598,2625.5,62.779,25.349,51.589,0.3375,8.9487,26.206,120.41,1.1443,74.459,23.327,2.2803,53.501,4.9416,249.16,0.02387,0.81143,66.464,19.206,44.04
434,2026-04-07T05:39:00,51.301,21.356,26.874,33.385,40.463,2699.1,3653.5,18.733,19.032,22.289,0.216,0.081575,342.91,77.754,6.7374,13.775,32.961,4479.7,22.644,49.546,51.807,80.337,2.2549,1.6552,3096.3,42.485,54.217,94.509,9.541,60.525,43.417,40.156,2627.8,62.659,25.347,51.406,0.34112,8.9487,26.206,120.39,1.1443,74.411,23.327,2.2803,53.985,4.9416,245.63,0.011232,0.81445,66.434,19.206,44.623
435,2026-04-07T05:42:00,50.935,17.482,27.203,33.468,41.595,2700.4,3679.2,18.456,18.961,22.588,0.17783,0.081575,343.27,77.505,6.8547,13.988,32.686,4450.0,22.76,48.698,50.917,80.434,2.2567,1.6766,3096.5,42.073,53.439,94.619,9.3079,64.535,40.8,39.784,2630.0,63.949,25.491,51.206,0.33285,9.0016,26.051,120.42,1.2635,74.379,23.725,2.3167,53.985,4.875,245.27,0.011232,0.81445,66.449,18.975,44.623
436,2026-04-07T05:45:00,50.927,17.404,26.956,33.468,41.348,2697.8,3720.7,16.509,18.961,22.196,0.17862,0.081575,342.5,77.084,6.8547,13.988,32.686,4447.3,23.597,48.678,51.451,80.188,2.2567,1.6766,3094.9,42.459,53.471,94.42,9.4448,63.563,42.369,39.66,2626.2,63.235,25.451,51.084,0.33386,9.0016,26.051,120.41,1.2635,74.598,23.725,2.3167,53.985,4.875,244.06,0.011232,0.81445,66.405,18.975,44.623
437,2026-04-07T05:48:00,48.799,19.353,27.121,33.476,41.268,2697.7,3695.2,16.275,18.758,22.069,0.19873,0.081575,342.95,77.387,6.6632,13.785,32.514,4517.4,23.692,43.755,50.67,80.099,2.2965,1.6605,3094.4,42.395,53.146,94.578,9.4659,61.517,40.07,42.572,2625.4,62.726,25.705,50.77,0.35734,8.625,25.944,120.4,1.2517,73.961,23.422,2.3356,53.985,4.7374,245.07,0.011232,0.81445,66.32,18.401,44.623
438,2026-04-07T05:51:00,49.624,19.383,26.979,33.476,41.387,2700.9,3659.2,17.898,18.758,22.936,0.19842,0.081575,342.91,77.826,6.6632,13.785,32.514,4449.6,22.991,45.663,49.927,80.347,2.2965,1.6605,3094.4,42.348,53.958,94.583,9.3522,61.721,37.884,42.502,2629.7,63.344,25.701,50.621,0.35791,8.625,25.944,120.43,1.2517,74.687,23.422,2.3356,53.985,4.7374,244.2,0.011232,0.81445,66.264,18.401,44.623
439,2026-04-07T05:54:00,50.962,20.726,26.359,33.577,41.446,2703.0,3713.6,15.504,18.765,22.038,0.20941,0.1112,342.61,77.725,6.8285,13.845,32.418,4496.9,23.992,48.761,50.167,80.467,2.2223,1.6317,3099.0,42.658,54.812,94.322,9.4304,61.34,38.592,40.234,2632.2,64.204,25.647,50.55,0.33271,8.793,26.314,120.41,1.2507,75.106,23.441,2.2456,53.271,4.8694,242.83,0.018987,0.78532,66.337,18.143,43.927
440,2026-04-07T05:57:00,49.321,20.68,26.8,33.577,42.428,2703.3,3743.9,17.983,18.765,22.15,0.20988,0.1112,342.65,77.784,6.8285,13.845,32.418,4511.0,22.936,44.962,49.249,80.588,2.2223,1.6317,3101.6,42.49,54.644,94.27,9.5124,61.292,35.89,39.919,2632.6,63.682,25.468,50.323,0.33529,8.793,26.314,120.41,1.2507,74.472,23.441,2.2456,53.271,4.8694,242.98,0.018987,0.78532,66.386,18.143,43.927
441,2026-04-07T06:00:00,48.591,21.344,26.786,33.332,40.608,2701.7,3698.1,20.05,18.809,22.123,0.2159,0.1112,341.9,77.319,6.9122,13.961,32.71,4525.3,22.076,43.274,49.896,80.408,2.2667,1.6612,3100.3,42.273,55.191,94.358,9.4171,61.672,37.793,40.538,2630.8,63.149,25.491,50.316,0.34335,9.0488,26.323,120.39,1.1071,74.599,23.968,2.4204,53.271,4.9079,240.65,0.018987,0.78532,66.389,18.656,43.927
442,2026-04-07T06:03:00,49.488,21.314,27.075,33.332,41.463,2700.6,3656.7,19.681,18.809,22.178,0.2162,0.1112,342.58,77.049,6.9122,13.961,32.71,4557.5,22.247,45.349,49.02,80.166,2.2667,1.6612,3099.3,42.145,54.805,94.545,9.3703,62.884,35.217,40.608,2629.0,63.862,25.479,50.141,0.34278,9.0488,26.323,120.41,1.1071,75.709,23.968,2.4204,53.271,4.9079,240.25,0.018987,0.78532,66.334,18.656,43.927
443,2026-04-07T06:06:00,48.443,18.155,26.933,33.313,41.65,2700.5,3670.0,20.309,18.502,22.204,0.18406,0.1112,342.26,77.309,6.8614,13.951,32.133,4485.7,21.98,42.931,48.001,80.149,2.2593,1.6288,3096.1,42.191,54.471,94.544,9.3931,60.012,32.219,42.081,2629.7,62.909,25.221,49.76,0.35717,8.7601,25.962,120.37,1.2933,74.997,23.899,2.4457,53.271,4.9889,242.22,0.018987,0.78532,66.228,18.783,43.927
444,2026-04-07T06:09:00,51.117,18.281,26.791,33.313,41.232,2700.0,3676.7,19.054,18.502,22.224,0.18278,0.11125,341.92,77.107,6.8614,13.951,32.133,4527.2,22.515,49.12,50.462,80.197,2.2593,1.6288,3096.2,42.312,53.975,94.763,9.3791,63.96,39.458,41.961,2629.7,62.795,25.24,49.145,0.35815,8.7601,25.962,120.37,1.2933,74.212,23.899,2.4457,53.144,4.9889,237.75,0.0131,0.80031,66.169,18.783,44.37
445,2026-04-07T06:12:00,48.286,23.324,27.049,33.077,41.179,2700.9,3691.3,17.135,18.638,22.385,0.23817,0.11125,341.67,77.271,6.9345,13.684,32.282,4534.1,23.325,42.567,50.651,80.092,2.25,1.6597,3098.0,42.48,53.589,94.467,9.41,60.689,40.015,41.932,2629.1,62.986,25.132,48.821,0.3577,8.8245,25.859,120.39,1.0279,74.649,23.705,2.2495,53.144,4.8285,235.22,0.0131,0.80031,66.066,18.565,44.37
446,2026-04-07T06:15:00,48.877,23.545,26.696,33.077,41.16,2701.9,3612.1,19.38,18.638,22.127,0.23592,0.11125,342.06,77.556,6.9345,13.684,32.282,4523.1,22.373,43.936,50.629,80.173,2.25,1.6597,3099.2,42.612,53.721,94.642,9.3665,63.848,39.951,42.3,2630.8,64.348,24.959,48.226,0.35468,8.8245,25.859,120.39,1.0279,74.828,23.705,2.2495,53.144,4.8285,235.74,0.0131,0.80031,66.013,18.565,44.37
447,2026-04-07T06:18:00,52.276,22.069,26.909,33.005,41.166,2703.7,3646.8,18.793,18.347,22.213,0.22178,0.11125,341.81,77.636,6.8563,13.703,32.106,4545.1,22.618,51.801,51.665,80.24,2.2384,1.6488,3101.2,42.561,54.01,94.455,9.6064,60.321,42.999,38.568,2632.7,63.094,24.907,47.892,0.32669,8.9307,25.854,120.4,1.2404,74.485,23.93,2.314,53.144,4.8156,233.33,0.0131,0.80031,65.955,19.039,44.37
448,2026-04-07T06:21:00,49.347,21.836,26.728,33.005,41.399,2706.9,3653.8,15.902,18.347,22.18,0.22415,0.11125,342.17,77.768,6.8563,13.703,32.106,4523.4,23.822,45.024,52.617,80.419,2.2384,1.6488,3104.4,42.186,54.27,94.657,9.5328,60.906,45.802,38.69,2636.2,62.973,24.789,47.436,0.32569,8.9307,25.854,120.42,1.2404,75.609,23.93,2.314,53.144,4.8156,232.28,0.0131,0.80031,65.942,19.039,44.37
449,2026-04-07T06:24:00,48.678,23.673,26.718,33.188,40.977,2707.7,3659.9,19.558,18.54,22.206,0.23945,0.09529,342.05,77.671,6.8391,13.715,32.502,4500.0,22.276,43.475,47.874,80.501,2.2609,1.648,3106.0,42.351,53.381,94.355,9.3838,62.634,31.844,38.761,2637.1,63.543,24.767,47.423,0.32758,8.8828,26.675,120.41,1.3325,75.457,23.838,2.4402,54.407,4.8989,229.7,-0.010345,0.81579,65.939,18.727,43.511
450,2026-04-07T06:27:00,50.533,23.636,26.919,33.188,41.635,2709.2,3688.4,16.761,18.54,22.056,0.23982,0.09529,341.74,77.582,6.8391,13.715,32.502,4441.9,23.452,47.768,50.563,80.447,2.2609,1.648,3107.2,42.058,54.076,94.539,9.3382,63.486,39.757,38.929,2637.0,63.051,24.63,47.157,0.3262,8.8828,26.675,120.41,1.3325,75.268,23.838,2.4402,54.407,4.8989,228.03,-0.010345,0.81579,65.915,18.727,43.511
451,2026-04-07T06:30:00,50.425,19.663,27.013,32.836,41.028,2708.6,3719.6,19.333,18.235,22.309,0.20108,0.09529,342.27,77.286,6.9855,13.724,32.058,4533.2,22.374,47.517,49.972,80.411,2.2142,1.6612,3106.0,42.627,53.733,94.362,9.3291,61.881,38.016,38.966,2638.0,62.697,24.72,46.7,0.32725,8.9318,26.136,120.4,1.0678,74.196,23.223,2.373,54.407,4.8832,228.53,-0.010345,0.81579,65.92,18.434,43.511
452,2026-04-07T06:33:00,48.189,19.652,26.985,32.836,41.233,2705.5,3704.9,17.573,18.235,22.033,0.2012,0.09529,341.91,77.042,6.9855,13.724,32.058,4517.8,23.132,42.343,49.672,80.008,2.2142,1.6612,3103.0,42.004,53.917,94.601,9.3983,61.445,37.136,39.074,2633.3,62.951,24.656,46.558,0.32637,8.9318,26.136,120.38,1.0678,74.612,23.223,2.373,54.407,4.8832,225.54,-0.010345,0.81579,65.809,18.434,43.511
453,2026-04-07T06:36:00,52.723,24.082,27.033,33.108,40.975,2705.7,3637.6,18.345,18.506,22.4,0.24025,0.09529,342.09,77.238,6.9587,13.822,32.248,4543.3,22.81,52.836,50.488,79.929,2.2173,1.6408,3102.3,42.002,54.363,94.577,9.4191,60.95,39.536,39.067,2635.0,62.797,24.662,45.959,0.32724,8.7654,26.838,120.39,1.1376,74.906,23.528,2.3782,54.407,4.8254,227.79,-0.010345,0.81579,65.654,18.408,43.511
454,2026-04-07T06:39:00,51.019,23.758,26.64,33.108,40.593,2708.4,3621.5,18.735,18.506,22.389,0.24355,0.078239,342.72,77.209,6.9587,13.822,32.248,4613.2,22.65,48.893,50.427,79.986,2.2173,1.6408,3103.4,42.66,53.526,94.657,9.4091,63.218,39.356,38.901,2637.0,63.074,24.715,46.199,0.32859,8.7654,26.838,120.38,1.1376,75.437,23.528,2.3782,53.227,4.8254,224.53,0.015496,0.81625,65.586,18.408,43.475
455,2026-04-07T06:42:00,49.099,22.283,26.758,33.28,40.187,2708.6,3638.1,19.591,18.427,22.446,0.22244,0.078239,342.46,77.042,6.8201,13.75,32.073,4594.8,22.3,44.449,48.587,79.959,2.2587,1.6522,3103.7,42.387,53.871,94.712,9.4696,62.663,33.943,40.238,2637.1,62.939,24.877,45.784,0.33846,9.0002,26.691,120.4,1.4517,74.594,24.386,2.2742,53.227,4.8583,226.45,0.015496,0.81625,65.504,18.709,43.475
456,2026-04-07T06:45:00,49.105,22.094,26.621,33.28,40.627,2709.0,3625.9,15.223,18.427,22.382,0.22437,0.078239,342.38,77.279,6.8201,13.75,32.073,4531.3,24.138,44.462,49.552,79.938,2.2587,1.6522,3105.0,42.052,54.631,94.58,9.3434,63.058,36.78,39.918,2638.3,63.147,24.984,45.553,0.34108,9.0002,26.691,120.37,1.4517,75.27,24.386,2.2742,53.227,4.8583,226.31,0.015496,0.81625,65.432,18.709,43.475
457,2026-04-07T06:48:00,50.497,23.692,27.029,33.528,40.964,2711.3,3664.3,16.669,19.135,22.587,0.24249,0.078239,342.03,77.618,6.9743,13.823,32.289,4516.7,23.517,47.684,49.642,80.069,2.2414,1.5888,3106.8,42.376,54.102,94.567,9.4296,62.481,37.046,39.29,2639.8,63.695,25.066,45.339,0.32988,8.9316,26.524,120.4,1.163,75.144,23.932,2.2456,53.227,4.8639,226.0,0.015496,0.81625,65.433,18.605,43.475
458,2026-04-07T06:51:00,51.491,23.809,26.744,33.528,41.442,2714.7,3678.7,19.174,19.135,22.513,0.24131,0.078239,341.99,77.418,6.9743,13.823,32.289,4517.8,22.459,49.984,50.945,80.369,2.2414,1.5888,3110.7,42.273,54.089,94.454,9.4728,59.666,40.881,39.22,2642.7,63.447,25.099,45.389,0.33046,8.9316,26.524,120.43,1.163,75.325,23.932,2.2456,53.227,4.8639,222.68,0.015496,0.81625,65.455,18.605,43.475
459,2026-04-07T06:54:00,50.454,21.828,27.137,33.264,41.068,2709.8,3666.4,19.295,18.53,22.288,0.21979,0.10673,342.18,77.116,6.7563,13.774,32.372,4545.4,22.418,47.584,51.134,80.06,2.2913,1.6902,3108.3,42.355,54.034,94.599,9.4137,61.051,41.436,40.394,2638.0,62.291,25.014,45.235,0.33644,8.7185,26.567,120.39,1.2195,75.539,24.254,2.2942,53.448,4.802,221.39,0.013559,0.81251,65.467,18.453,44.289
460,2026-04-07T06:57:00,48.026,21.938,26.72,33.264,40.996,2708.2,3662.2,17.346,18.53,22.45,0.21867,0.10673,342.15,77.308,6.7563,13.774,32.372,4499.6,23.245,41.965,48.463,79.866,2.2913,1.6902,3105.1,42.85,54.581,94.619,9.4984,61.215,33.577,39.75,2637.3,62.364,25.006,44.958,0.34172,8.7185,26.567,120.39,1.2195,74.874,24.254,2.2942,53.448,4.802,221.69,0.013559,0.81251,65.389,18.453,44.289
461,2026-04-07T07:00:00,49.218,20.875,27.191,32.381,41.424,2709.8,3691.2,17.721,18.329,22.577,0.21061,0.10673,342.02,77.293,6.8046,13.643,32.393,4557.3,23.088,44.723,49.537,79.934,2.2286,1.6348,3105.6,42.431,54.306,94.609,9.4119,60.713,36.737,39.373,2638.1,63.794,24.793,44.85,0.33373,8.7348,26.7,120.39,1.2964,75.68,24.414,2.3248,53.448,4.9003,220.14,0.013559,0.81251,65.334,18.699,44.289
462,2026-04-07T07:03:00,52.542,20.68,27.024,32.381,41.001,2709.1,3696.8,18.967,18.329,22.26,0.21258,0.10673,341.34,77.12,6.8046,13.643,32.393,4581.9,22.571,52.417,50.499,79.994,2.2286,1.6348,3106.7,42.353,54.013,94.576,9.3566,60.239,39.569,39.432,2638.5,63.697,25.006,44.585,0.33325,8.7348,26.7,120.43,1.2964,75.328,24.414,2.3248,53.448,4.9003,220.32,0.013559,0.81251,65.305,18.699,44.289
463,2026-04-07T07:06:00,49.022,20.511,27.005,33.442,41.483,2710.3,3686.1,18.267,18.213,22.559,0.20615,0.10673,341.41,77.545,6.8287,13.658,32.47,4506.7,22.849,44.27,48.502,80.196,2.2349,1.6321,3107.6,42.415,54.342,94.356,9.355,61.973,33.692,37.507,2639.3,63.553,25.162,44.514,0.31907,8.9762,27.006,120.39,1.289,75.263,24.159,2.2595,53.448,4.7197,218.33,0.013559,0.81251,65.289,18.794,44.289
464,2026-04-07T07:09:00,49.977,20.349,27.044,33.442,41.767,2708.8,3697.6,18.891,18.213,22.171,0.2078,0.082783,340.5,77.299,6.8287,13.658,32.47,4600.3,22.589,46.48,50.835,80.246,2.2349,1.6321,3107.9,41.959,53.221,94.511,9.3301,60.278,40.557,37.927,2637.6,63.356,24.999,44.133,0.31563,8.9762,27.006,120.41,1.289,75.04,24.159,2.2595,54.108,4.7197,218.31,0.020817,0.83149,65.307,18.794,44.85
465,2026-04-07T07:12:00,50.831,19.353,26.844,32.756,41.288,2706.7,3683.8,19.237,18.333,22.012,0.19797,0.082783,340.98,77.261,6.8412,13.729,32.429,4514.5,22.448,48.457,50.232,80.108,2.2412,1.678,3105.0,42.465,54.021,94.53,9.1523,63.317,38.782,37.71,2635.6,63.443,24.973,43.795,0.31856,8.7113,26.763,120.38,1.1746,74.602,24.288,2.1872,54.108,4.69,218.66,0.020817,0.83149,65.312,19.273,44.85
466,2026-04-07T07:15:00,49.47,19.387,27.047,32.756,41.917,2705.7,3723.1,19.983,18.333,22.213,0.19763,0.082783,340.62,77.263,6.8412,13.729,32.429,4481.0,22.139,45.308,50.704,80.04,2.2412,1.678,3103.6,42.312,54.421,94.665,9.3273,62.312,40.171,38.101,2634.6,62.766,25.067,43.645,0.31535,8.7113,26.763,120.39,1.1746,75.496,24.288,2.1872,54.108,4.69,216.94,0.020817,0.83149,65.237,19.273,44.85
467,2026-04-07T07:18:00,50.191,19.55,26.875,32.696,40.557,2703.8,3665.8,19.025,18.17,22.177,0.19835,0.082783,340.26,77.071,6.9225,13.788,32.466,4429.8,22.55,46.977,50.742,80.04,2.2471,1.6486,3101.5,41.982,53.817,94.568,9.4036,61.077,40.283,38.877,2632.5,63.689,24.822,43.588,0.32285,8.6705,26.248,120.39,1.2365,75.338,24.133,2.369,54.108,4.8972,214.2,0.020817,0.83149,65.218,19.016,44.85
468,2026-04-07T07:21:00,48.569,20.039,26.741,32.696,41.282,2702.3,3687.2,19.45,18.17,22.057,0.19338,0.082783,340.25,77.059,6.9225,13.788,32.466,4497.3,22.378,43.223,49.16,80.024,2.2471,1.6486,3098.8,42.266,53.009,94.773,9.2542,61.571,35.628,38.844,2631.4,63.319,24.998,43.275,0.32312,8.6705,26.248,120.4,1.2365,74.783,24.133,2.369,54.108,4.8972,214.34,0.020817,0.83149,65.151,19.016,44.85
469,2026-04-07T07:24:00,51.042,19.003,26.74,32.952,40.915,2700.0,3657.6,15.986,18.893,21.863,0.19134,0.091108,339.55,76.855,6.8362,13.774,32.027,4514.3,23.853,48.945,49.101,79.841,2.2296,1.6492,3098.2,42.123,53.372,94.675,9.3398,61.305,35.453,39.593,2627.9,63.116,24.953,43.261,0.32919,8.7981,26.012,120.38,1.1008,75.706,24.23,2.3111,53.558,4.8914,216.35,0.022788,0.83344,65.089,19.16,43.555
470,2026-04-07T07:27:00,50.991,18.911,26.977,32.952,40.746,2701.5,3712.2,18.098,18.893,22.026,0.19228,0.091108,339.79,77.529,6.8362,13.774,32.027,4478.8,22.946,48.827,48.666,80.092,2.2296,1.6492,3099.4,42.35,53.798,94.81,9.3798,58.613,34.173,39.12,2629.7,62.177,25.084,43.288,0.33306,8.7981,26.012,120.39,1.1008,74.987,24.23,2.3111,53.558,4.8914,214.97,0.022788,0.83344,65.086,19.16,43.555
471,2026-04-07T07:30:00,49.754,23.081,26.494,32.964,41.153,2704.7,3699.7,18.666,18.724,21.567,0.23374,0.091108,339.44,77.462,7.0566,13.812,31.864,4463.1,22.699,45.964,49.498,80.391,2.2673,1.664,3102.8,42.046,53.58,94.532,9.3091,61.378,36.623,39.325,2633.9,63.151,25.169,43.302,0.32794,8.888,26.033,120.42,1.4054,75.18,23.862,2.2611,53.558,4.8516,213.68,0.022788,0.83344,65.143,18.718,43.555
472,2026-04-07T07:33:00,50.152,22.953,26.647,32.964,40.938,2704.6,3654.0,17.935,18.724,21.534,0.23504,0.091108,339.24,77.196,7.0566,13.812,31.864,4442.5,23.014,46.885,49.891,80.346,2.2673,1.664,3103.9,42.306,53.827,94.722,9.4753,63.279,37.78,39.699,2632.7,63.937,25.265,43.342,0.32488,8.888,26.033,120.41,1.4054,75.177,23.862,2.2611,53.558,4.8516,212.1,0.022788,0.83344,65.154,18.718,43.555
473,2026-04-07T07:36:00,49.031,24.938,27.046,32.556,40.781,2702.5,3633.4,16.133,18.217,21.662,0.25143,0.091108,339.13,77.113,6.7977,13.961,31.731,4546.4,23.782,44.291,48.393,80.109,2.2668,1.7348,3103.3,42.534,53.639,94.683,9.34,60.846,33.371,39.838,2630.6,62.297,25.459,43.208,0.33172,8.8954,26.321,120.4,1.1541,75.606,24.083,2.3197,53.558,4.8382,212.48,0.022788,0.83344,65.16,18.967,43.555
474,2026-04-07T07:39:00,50.508,24.75,27.041,32.556,41.322,2703.9,3626.3,17.117,18.217,21.797,0.25333,0.10754,339.48,77.302,6.7977,13.961,31.731,4537.9,23.369,47.71,50.372,80.031,2.2668,1.7348,3102.9,42.287,53.742,94.896,9.4478,61.159,39.195,39.69,2631.7,62.42,25.269,43.13,0.33293,8.8954,26.321,120.39,1.1541,75.36,24.083,2.3197,54.351,4.8382,212.77,0.0096336,0.833,65.108,18.967,42.11
475,2026-04-07T07:42:00,50.035,26.758,26.599,32.551,41.611,2708.0,3690.8,15.384,18.927,21.429,0.26667,0.10754,339.39,77.592,7.0532,13.826,31.851,4510.2,24.086,46.616,48.679,80.277,2.2502,1.6982,3107.5,42.422,53.452,94.646,9.3818,61.661,34.211,41.935,2635.8,63.538,25.363,42.998,0.34783,8.97,26.422,120.43,0.9802,75.356,24.216,2.3424,54.351,4.909,213.39,0.0096336,0.833,65.094,19.246,42.11
476,2026-04-07T07:45:00,51.339,26.502,26.824,32.551,41.421,2709.1,3701.0,18.87,18.927,21.765,0.26927,0.10754,339.38,77.506,7.0532,13.826,31.851,4495.2,22.611,49.633,48.178,80.396,2.2502,1.6982,3108.2,42.153,53.632,94.6,9.2988,61.278,32.737,41.852,2637.8,63.363,25.471,42.865,0.3485,8.97,26.422,120.41,0.9802,74.911,24.216,2.3424,54.351,4.909,213.97,0.0096336,0.833,65.127,19.246,42.11
477,2026-04-07T07:48:00,49.187,25.825,26.807,32.788,40.886,2709.0,3608.6,18.492,18.395,22.024,0.26117,0.10754,339.77,77.431,6.7831,13.822,32.193,4432.3,22.766,44.653,49.826,80.467,2.3261,1.6299,3107.5,42.588,53.644,94.578,9.3275,59.507,37.587,40.466,2638.3,62.671,25.192,42.926,0.33108,8.8158,26.74,120.39,1.2878,74.736,24.578,2.347,54.351,4.8141,212.36,0.0096336,0.833,65.179,18.958,42.11
478,2026-04-07T07:51:00,49.614,25.594,26.603,32.788,40.781,2706.5,3645.6,19.832,18.395,21.677,0.26351,0.10754,340.12,77.241,6.7831,13.822,32.193,4463.4,22.21,45.64,51.807,80.187,2.3261,1.6299,3105.6,42.363,53.271,94.783,9.2999,59.774,43.419,39.847,2634.9,62.034,25.183,42.884,0.33615,8.8158,26.74,120.38,1.2878,74.287,24.578,2.347,54.351,4.8141,211.9,0.0096336,0.833,65.171,18.958,42.11
479,2026-04-07T07:54:00,49.333,22.786,26.595,32.721,40.66,2704.2,3701.8,17.741,19.127,21.521,0.22951,0.093284,339.68,76.923,6.842,13.798,32.316,4474.5,23.116,44.99,50.659,79.772,2.2559,1.6227,3104.2,42.654,53.79,94.748,9.424,61.973,40.041,39.91,2632.6,63.402,25.214,42.759,0.33477,8.9108,26.286,120.39,1.1632,73.993,23.816,2.2786,54.138,4.923,212.3,0.0085575,0.86438,65.058,18.554,43.277
480,2026-04-07T07:57:00,48.745,22.643,26.704,32.721,40.828,2705.6,3709.0,17.287,19.127,22.071,0.23095,0.093284,340.0,77.451,6.842,13.798,32.316,4458.1,23.3,43.63,50.626,79.894,2.2559,1.6227,3104.4,42.209,53.986,94.627,9.4211,60.965,39.943,40.367,2634.3,63.278,25.264,42.831,0.33102,8.9108,26.286,120.41,1.1632,75.195,23.816,2.2786,54.138,4.923,210.67,0.0085575,0.86438,64.953,18.554,43.277
481,2026-04-07T08:00:00,48.699,21.619,26.618,32.674,40.799,2708.3,3677.1,15.478,18.407,21.979,0.21608,0.093284,340.27,77.512,6.7577,13.663,31.97,4500.8,24.054,43.523,50.658,80.128,2.28,1.6554,3106.6,42.473,54.469,94.511,9.3436,61.556,40.037,39.654,2636.4,63.376,25.354,42.683,0.33147,8.835,26.784,120.41,1.2223,74.539,24.482,2.2119,54.138,4.8226,211.44,0.0085575,0.86438,64.937,18.821,43.277
482,2026-04-07T08:03:00,51.234,21.326,26.821,32.674,41.076,2709.1,3637.3,18.813,18.407,21.56,0.21906,0.093284,339.27,77.465,6.7577,13.663,31.97,4521.3,22.641,49.389,50.08,80.346,2.28,1.6554,3109.6,42.595,54.225,94.563,9.3223,61.334,38.335,39.716,2637.6,64.061,25.485,42.414,0.33097,8.835,26.784,120.41,1.2223,74.901,24.482,2.2119,54.138,4.8226,213.51,0.0085575,0.86438,65.0,18.821,43.277
483,2026-04-07T08:06:00,50.162,24.873,27.014,32.589,41.331,2709.1,3700.4,19.161,18.491,21.637,0.25085,0.093284,339.7,77.267,6.987,13.935,32.307,4501.8,22.5,46.91,49.657,80.267,2.2681,1.6711,3109.9,42.279,53.816,94.397,9.328,62.253,37.09,37.97,2637.8,63.793,25.629,42.598,0.31454,8.8851,26.135,120.43,1.3581,74.757,24.424,2.1924,54.138,4.8698,210.5,0.0085575,0.86438,65.047,18.892,43.277
484,2026-04-07T08:09:00,50.26,24.775,27.034,32.589,41.062,2708.6,3670.4,17.028,18.491,22.21,0.25184,0.094908,339.68,77.024,6.987,13.935,32.307,4484.5,23.406,47.135,48.726,80.165,2.2681,1.6711,3108.0,42.312,54.023,94.547,9.4112,60.073,34.351,37.642,2637.2,64.308,25.429,43.085,0.31723,8.8851,26.135,120.41,1.3581,74.881,24.424,2.1924,54.013,4.8698,213.36,0.022363,0.83141,65.051,18.892,44.566
485,2026-04-07T08:12:00,50.636,21.767,27.148,32.507,40.707,2706.7,3630.8,18.355,18.977,21.798,0.21826,0.094908,339.18,77.233,6.824,13.766,31.841,4512.0,22.838,48.005,51.178,80.175,2.2674,1.6489,3106.6,42.453,53.507,94.543,9.1867,61.711,41.568,41.183,2635.1,62.988,25.342,43.25,0.34765,8.764,26.625,120.38,1.4071,74.944,24.164,2.2587,54.013,4.9194,214.62,0.022363,0.83141,65.085,18.78,44.566
486,2026-04-07T08:15:00,50.287,21.538,26.803,32.507,40.939,2705.8,3631.0,20.706,18.977,21.713,0.22059,0.094908,339.21,77.303,6.824,13.766,31.841,4471.6,21.849,47.199,50.988,80.122,2.2674,1.6489,3105.2,42.464,53.991,94.82,9.3964,60.585,41.007,41.366,2633.8,62.983,25.01,43.627,0.34614,8.764,26.625,120.4,1.4071,74.744,24.164,2.2587,54.013,4.9194,213.44,0.022363,0.83141,65.085,18.78,44.566
487,2026-04-07T08:18:00,50.71,25.948,26.788,32.899,40.596,2706.6,3708.4,17.9,18.975,21.659,0.26829,0.094908,339.21,76.911,6.9667,13.941,32.153,4510.2,23.047,48.176,51.6,80.052,2.2042,1.6409,3105.9,42.23,53.795,94.498,9.3293,62.824,42.808,39.39,2634.5,63.059,25.038,43.86,0.32562,8.9129,26.836,120.38,1.2432,76.069,24.21,2.3122,54.013,4.8158,213.92,0.022363,0.83141,65.122,18.799,44.566
488,2026-04-07T08:21:00,50.639,26.248,26.935,32.899,40.485,2706.5,3683.7,15.828,18.975,21.851,0.26524,0.094908,339.64,77.083,6.9667,13.941,32.153,4531.5,23.922,48.013,50.206,79.949,2.2042,1.6409,3105.2,42.161,53.539,94.664,9.3802,60.521,38.707,39.176,2635.4,63.485,25.359,43.926,0.32738,8.9129,26.836,120.4,1.2432,74.836,24.21,2.3122,54.013,4.8158,216.28,0.022363,0.83141,65.089,18.799,44.566
489,2026-04-07T08:24:00,49.743,23.503,27.388,32.334,42.469,2706.8,3664.6,16.672,18.602,22.016,0.23671,0.099187,339.94,77.598,6.7028,13.916,32.002,4508.7,23.554,45.939,50.527,80.031,2.2549,1.6468,3107.1,42.679,53.764,94.665,9.3185,63.263,39.649,41.321,2635.6,62.55,25.336,43.375,0.34862,8.7819,26.92,120.45,1.3925,74.437,24.549,2.269,53.823,4.7836,216.34,0.016627,0.84344,65.07,18.597,42.944
490,2026-04-07T08:27:00,48.263,23.443,26.406,32.334,40.344,2709.8,3657.6,18.009,18.602,21.879,0.23732,0.099187,339.51,77.618,6.7028,13.916,32.002,4467.8,22.982,42.513,49.073,80.321,2.2549,1.6468,3107.9,42.389,54.252,94.667,9.2005,61.263,35.371,41.654,2638.4,62.67,25.091,43.417,0.34589,8.7819,26.92,120.4,1.3925,74.175,24.549,2.269,53.823,4.7836,214.92,0.016627,0.84344,65.103,18.597,42.944
491,2026-04-07T08:30:00,49.94,24.845,26.822,32.263,42.272,2708.0,3760.9,18.868,18.407,21.382,0.25468,0.099187,339.06,77.015,6.8536,13.801,31.949,4495.3,22.636,46.395,50.559,80.153,2.2765,1.6326,3110.0,42.43,54.434,94.517,9.3849,60.182,39.745,41.329,2636.0,63.251,24.919,43.306,0.34436,8.6664,26.396,120.44,1.342,75.123,24.01,2.2004,53.823,4.7697,215.2,0.016627,0.84344,65.144,19.016,42.944
492,2026-04-07T08:33:00,49.355,25.084,27.211,32.263,40.86,2708.1,3718.6,18.599,18.407,21.921,0.25225,0.099187,339.48,77.41,6.8536,13.801,31.949,4496.5,22.741,45.042,50.652,80.116,2.2765,1.6326,3107.4,42.226,54.419,94.547,9.4382,59.963,40.018,41.201,2636.4,63.979,25.022,43.426,0.3454,8.6664,26.396,120.41,1.342,74.151,24.01,2.2004,53.823,4.7697,212.92,0.016627,0.84344,65.138,19.016,42.944
493,2026-04-07T08:36:00,49.571,25.601,26.816,32.752,41.383,2708.2,3679.8,17.61,18.267,21.841,0.26165,0.099187,339.13,77.618,6.8998,13.687,31.534,4471.7,23.146,45.541,50.512,80.244,2.2894,1.6301,3108.2,42.2,53.68,94.464,9.4276,61.661,39.607,39.977,2636.6,63.422,24.981,43.141,0.33044,8.9838,27.048,120.39,1.3632,75.33,24.651,2.2889,53.823,4.8198,215.15,0.016627,0.84344,65.138,18.361,42.944
494,2026-04-07T08:39:00,48.774,25.842,26.748,32.752,41.227,2708.7,3680.0,18.301,18.267,21.876,0.2592,0.087116,339.71,77.365,6.8998,13.687,31.534,4484.2,22.858,43.696,48.647,80.418,2.2894,1.6301,3107.6,42.456,53.531,94.451,9.4586,60.37,34.117,39.918,2638.1,63.418,24.854,43.389,0.33092,8.9838,27.048,120.43,1.3632,74.563,24.651,2.2889,53.95,4.8198,214.89,0.022714,0.86837,65.185,18.361,44.163
495,2026-04-07T08:42:00,49.206,29.845,27.096,32.485,40.902,2707.9,3685.4,17.021,18.386,21.577,0.308,0.087116,339.43,76.73,7.0762,13.855,31.667,4562.1,23.421,44.696,50.117,80.093,2.2603,1.6469,3108.0,42.562,54.221,94.574,9.3465,59.773,38.445,38.408,2635.7,62.925,24.77,43.333,0.31737,8.9338,26.744,120.39,1.293,75.358,24.517,2.2307,53.95,4.8133,216.05,0.022714,0.86837,65.182,18.928,44.163
496,2026-04-07T08:45:00,49.594,29.854,26.872,32.485,42.466,2708.2,3686.2,17.92,18.386,22.019,0.30791,0.087116,339.65,77.229,7.0762,13.855,31.667,4565.8,23.034,45.594,49.12,80.022,2.2603,1.6469,3107.8,42.326,54.176,94.638,9.3026,62.336,35.511,37.858,2637.1,62.912,24.951,43.199,0.32188,8.9338,26.744,120.42,1.293,74.812,24.517,2.2307,53.95,4.8133,218.16,0.022714,0.86837,65.11,18.928,44.163
497,2026-04-07T08:48:00,51.834,29.274,26.755,32.825,39.637,2709.9,3586.0,16.155,18.665,21.831,0.30028,0.087116,340.06,77.433,6.9583,13.937,31.736,4539.1,23.769,50.778,49.08,80.13,2.2798,1.671,3108.5,42.188,53.128,94.59,9.3406,61.009,35.394,39.995,2638.6,62.989,25.097,43.662,0.34074,8.9456,26.668,120.37,1.2106,75.29,24.679,2.314,53.95,4.8307,213.55,0.022714,0.86837,65.093,18.939,44.163
498,2026-04-07T08:51:00,48.683,29.207,27.222,32.825,41.134,2711.9,3632.7,17.669,18.665,22.432,0.30096,0.087116,340.35,77.282,6.9583,13.937,31.736,4500.9,23.13,43.486,48.799,80.234,2.2798,1.671,3109.7,42.107,53.586,94.673,9.3648,59.493,34.567,40.077,2640.9,62.186,25.294,43.354,0.34006,8.9456,26.668,120.41,1.2106,74.937,24.679,2.314,53.95,4.8307,217.57,0.022714,0.86837,65.121,18.939,44.163
499,2026-04-07T08:54:00,49.335,29.036,26.883,32.622,40.852,2712.3,3647.2,20.741,18.748,22.471,0.29947,0.090965,340.91,77.29,6.874,13.775,32.159,4485.2,21.837,44.995,48.938,80.127,2.2466,1.6295,3108.9,42.074,53.719,94.619,9.3386,61.108,34.976,41.288,2641.1,62.843,25.222,44.22,0.34894,8.8923,26.847,120.37,1.1936,75.504,24.652,2.2894,55.0,4.7567,215.97,0.012175,0.85724,65.164,18.952,44.371
500,2026-04-07T08:57:00,51.082,29.208,27.527,32.622,40.893,2710.4,3632.5,20.02,18.748,22.255,0.29771,0.090965,340.91,76.937,6.874,13.775,32.159,4498.4,22.16,49.038,48.727,79.84,2.2466,1.6295,3109.2,42.501,53.56,94.681,9.3328,60.957,34.355,41.089,2637.9,63.095,25.37,44.394,0.35057,8.8923,26.847,120.39,1.1936,75.442,24.652,2.2894,55.0,4.7567,217.9,0.012175,0.85724,65.136,18.952,44.371
501,2026-04-07T09:00:00,49.864,25.508,27.217,32.649,41.428,2710.5,3657.3,19.925,18.734,22.387,0.25854,0.090965,341.59,76.909,6.8936,13.935,32.202,4438.3,22.21,46.22,51.371,79.774,2.24,1.6279,3108.1,42.507,54.221,94.691,9.335,60.192,42.134,39.123,2639.1,63.376,25.274,44.435,0.33155,8.889,26.752,120.4,1.2765,75.484,23.935,2.3089,55.0,4.8151,221.34,0.012175,0.85724,65.107,18.76,44.371
502,2026-04-07T09:03:00,51.144,25.626,26.599,32.649,41.056,2710.6,3663.5,19.736,18.734,22.496,0.25734,0.090965,341.42,77.179,6.8936,13.935,32.202,4478.8,22.287,49.183,50.721,79.795,2.24,1.6279,3106.8,41.748,53.737,94.649,9.3617,61.42,40.222,39.16,2640.1,63.27,25.383,44.899,0.33125,8.889,26.752,120.41,1.2765,75.402,23.935,2.3089,55.0,4.8151,220.04,0.012175,0.85724,65.081,18.76,44.371
503,2026-04-07T09:06:00,49.731,25.092,26.891,32.514,41.008,2709.3,3637.5,20.393,18.277,22.254,0.25459,0.090965,341.47,77.298,6.8099,13.902,31.996,4489.3,22.01,45.911,49.462,79.815,2.2234,1.7111,3105.6,42.115,54.068,94.556,9.3068,59.953,36.516,41.255,2637.7,63.543,25.516,45.052,0.34964,8.9015,26.611,120.38,1.165,74.578,24.361,2.37,55.0,4.8658,222.18,0.012175,0.85724,65.124,19.306,44.371
504,2026-04-07T09:09:00,49.697,24.967,26.878,32.514,41.365,2710.6,3657.8,21.943,18.277,22.812,0.25586,0.11308,341.48,77.671,6.8099,13.902,31.996,4546.7,21.342,45.832,50.955,80.049,2.2234,1.7111,3106.6,42.127,53.381,94.706,9.3236,61.789,40.911,41.577,2640.4,63.194,25.463,45.203,0.347,8.9015,26.611,120.44,1.165,75.138,24.361,2.37,53.494,4.8658,221.68,0.013559,0.84984,65.159,19.306,44.038
505,2026-04-07T09:12:00,50.893,27.101,26.82,32.97,40.685,2708.9,3685.3,18.373,17.939,22.069,0.27595,0.11308,341.25,77.132,6.8762,13.916,32.33,4415.6,22.86,48.601,49.03,80.003,2.2483,1.6655,3107.6,42.381,53.565,94.489,9.3703,62.249,35.246,41.218,2637.5,63.482,25.509,45.478,0.34379,8.7652,26.33,120.38,1.2877,74.885,24.135,2.3538,53.494,4.8594,221.2,0.013559,0.84984,65.255,18.663,44.038
506,2026-04-07T09:15:00,52.204,26.899,27.098,32.97,41.86,2707.5,3723.3,17.983,17.939,22.256,0.278,0.11308,341.33,77.089,6.8762,13.916,32.33,4439.1,23.031,51.634,49.883,79.872,2.2483,1.6655,3106.1,42.392,53.284,94.562,9.3971,63.679,37.756,40.743,2635.4,62.829,25.369,45.34,0.34769,8.7652,26.33,120.43,1.2877,75.591,24.135,2.3538,53.494,4.8594,225.4,0.013559,0.84984,65.291,18.663,44.038
507,2026-04-07T09:18:00,51.634,24.054,26.826,32.907,40.621,2706.8,3675.1,15.265,18.229,22.061,0.24287,0.11308,341.74,77.539,6.7061,13.814,31.876,4488.9,24.16,50.316,49.878,79.964,2.2657,1.7137,3104.7,42.388,54.233,94.529,9.3721,61.931,37.74,41.221,2635.8,63.113,25.473,45.62,0.3478,8.7181,26.461,120.35,1.2776,75.277,24.176,2.3107,53.494,4.7534,224.86,0.013559,0.84984,65.333,18.676,44.038
508,2026-04-07T09:21:00,49.942,23.93,26.978,32.907,41.909,2711.4,3668.1,17.805,18.229,22.326,0.24413,0.11308,341.32,77.946,6.7061,13.814,31.876,4491.3,23.061,46.4,48.718,80.419,2.2657,1.7137,3107.6,42.271,54.204,94.616,9.3387,62.085,34.328,41.77,2640.1,63.235,25.45,45.939,0.34329,8.7181,26.461,120.43,1.2776,75.577,24.176,2.3107,53.494,4.7534,223.85,0.013559,0.84984,65.431,18.676,44.038
509,2026-04-07T09:24:00,49.804,28.571,27.102,32.757,40.444,2708.7,3740.3,19.655,18.445,21.854,0.2865,0.103,340.9,77.312,6.9026,13.752,32.436,4501.5,22.296,46.081,48.607,80.224,2.2342,1.6324,3109.4,42.681,54.067,94.361,9.3446,58.065,34.001,39.858,2636.7,63.57,25.279,45.923,0.33712,8.9049,26.753,120.38,1.2436,74.329,24.417,2.301,53.924,4.8261,224.73,0.019361,0.8529,65.54,18.324,44.292
510,2026-04-07T09:27:00,49.302,28.332,26.82,32.757,41.753,2707.8,3708.9,19.709,18.445,21.971,0.28893,0.103,341.23,76.86,6.9026,13.752,32.436,4553.6,22.289,44.919,50.013,80.071,2.2342,1.6324,3106.4,42.391,53.443,94.453,9.4922,59.805,38.139,39.989,2636.9,64.11,25.192,45.993,0.33605,8.9049,26.753,120.44,1.2436,75.268,24.417,2.301,53.924,4.8261,225.67,0.019361,0.8529,65.563,18.324,44.292
511,2026-04-07T09:30:00,52.327,23.234,27.226,32.838,40.015,2705.6,3650.2,17.62,18.385,22.348,0.23304,0.103,341.58,76.986,6.8767,13.578,31.985,4545.1,23.174,51.919,51.572,79.918,2.2341,1.6242,3102.9,42.209,54.456,94.525,9.349,63.021,42.727,39.4,2634.7,63.469,25.034,46.162,0.32677,8.7277,26.5,120.39,1.2214,74.959,24.323,2.3548,53.924,4.8317,225.59,0.019361,0.8529,65.503,18.418,44.292
512,2026-04-07T09:33:00,50.76,22.864,27.121,32.838,41.625,2706.5,3672.2,20.332,18.385,22.442,0.2368,0.103,341.45,77.283,6.8767,13.578,31.985,4517.8,22.02,48.294,50.128,80.035,2.2341,1.6242,3103.0,42.53,54.783,94.649,9.4098,59.103,38.478,38.959,2635.7,63.09,24.767,46.285,0.33038,8.7277,26.5,120.4,1.2214,74.959,24.323,2.3548,53.924,4.8317,225.98,0.019361,0.8529,65.503,18.418,44.292
513,2026-04-07T09:36:00,49.391,27.601,27.034,32.7,40.725,2707.1,3688.9,15.762,18.726,22.384,0.27552,0.103,340.98,76.715,6.8493,13.716,32.293,4586.9,23.965,45.124,47.816,79.994,2.2806,1.6445,3103.5,42.392,53.792,94.521,9.2866,60.87,31.671,36.5,2636.2,63.023,24.799,46.483,0.31041,8.6988,25.932,120.38,1.2199,74.877,24.25,2.2495,53.924,4.8678,225.53,0.019361,0.8529,65.505,18.332,44.292
514,2026-04-07T09:39:00,48.62,27.45,27.112,32.7,41.857,2705.7,3649.6,18.675,18.726,22.42,0.27706,0.078323,341.3,77.235,6.8493,13.716,32.293,4527.5,22.729,43.339,48.389,79.888,2.2806,1.6445,3103.4,42.477,54.503,94.681,9.3585,60.963,33.359,37.031,2634.8,63.699,24.849,46.697,0.30606,8.6988,25.932,120.4,1.2199,74.94,24.25,2.2495,53.845,4.8678,226.1,0.0057016,0.85261,65.5,18.332,44.486
515,2026-04-07T09:42:00,47.973,24.494,26.791,32.431,41.905,2705.6,3694.3,18.814,19.007,21.884,0.24845,0.078323,340.76,77.018,6.8721,13.638,31.929,4538.7,22.68,41.844,50.359,79.864,2.2256,1.6275,3103.0,42.096,54.649,94.425,9.2385,62.188,39.158,38.223,2633.7,63.189,24.922,46.801,0.32442,8.928,26.164,120.39,1.2772,74.661,24.119,2.2671,53.845,4.8128,227.21,0.0057016,0.85261,65.507,19.21,44.486
516,2026-04-07T09:45:00,50.357,24.683,27.195,32.431,41.257,2705.2,3678.4,18.733,19.007,22.041,0.24653,0.078323,340.76,77.3,6.8721,13.638,31.929,4565.7,22.707,47.36,51.928,79.934,2.2256,1.6275,3102.9,42.369,54.326,94.717,9.2806,60.787,43.773,38.14,2634.3,63.462,24.877,46.981,0.3251,8.928,26.164,120.39,1.2772,75.146,24.119,2.2671,53.845,4.8128,227.5,0.0057016,0.85261,65.513,19.21,44.486
517,2026-04-07T09:48:00,48.242,28.061,26.774,32.669,41.388,2705.2,3700.5,17.195,18.512,21.652,0.28414,0.078323,340.82,77.288,7.0259,13.641,31.781,4488.0,23.357,42.465,48.88,79.962,2.2688,1.69,3103.8,42.175,53.102,94.41,9.1763,60.122,34.803,37.715,2633.8,62.902,25.003,47.047,0.30986,9.047,26.243,120.4,1.3239,75.648,24.183,2.2403,53.845,4.8223,229.02,0.0057016,0.85261,65.55,18.39,44.486
518,2026-04-07T09:51:00,51.365,28.064,26.957,32.669,41.001,2707.4,3680.0,15.047,18.512,22.269,0.28412,0.078323,340.92,77.318,7.0259,13.641,31.781,4462.6,24.255,49.694,49.741,80.218,2.2688,1.69,3104.4,42.381,53.406,94.659,9.4456,59.949,37.338,37.586,2636.6,63.255,25.215,47.247,0.31091,9.047,26.243,120.4,1.3239,74.136,24.183,2.2403,53.845,4.8223,229.01,0.0057016,0.85261,65.586,18.39,44.486
519,2026-04-07T09:54:00,49.892,29.843,26.819,33.159,40.541,2708.9,3629.8,20.362,18.999,22.192,0.30172,0.10136,341.5,77.385,6.9743,13.735,32.062,4537.2,22.007,46.285,47.883,80.292,2.2813,1.6363,3105.7,42.412,54.52,94.392,9.3016,62.206,31.87,37.055,2637.6,62.706,25.013,47.224,0.31363,8.9054,26.312,120.4,1.3128,75.601,24.288,2.2663,54.02,4.7954,231.7,0.0076315,0.85184,65.723,19.132,43.458
520,2026-04-07T09:57:00,50.921,29.785,26.744,33.159,40.512,2706.6,3620.9,19.291,18.999,21.868,0.3023,0.10136,340.95,77.015,6.9743,13.735,32.062,4571.6,22.473,48.665,51.461,80.038,2.2813,1.6363,3105.4,42.564,54.109,94.7,9.2793,62.592,42.399,37.303,2635.7,62.86,24.786,47.447,0.31159,8.9054,26.312,120.39,1.3128,74.781,24.288,2.2663,54.02,4.7954,231.46,0.0076315,0.85184,65.743,19.132,43.458
521,2026-04-07T10:00:00,48.111,27.332,26.928,32.88,40.893,2704.6,3668.9,17.992,18.568,22.136,0.2783,0.10136,341.53,76.924,6.8386,13.798,31.701,4457.2,23.033,42.161,49.37,79.802,2.2536,1.6558,3102.1,42.128,53.661,94.623,9.3105,62.261,36.247,38.29,2633.0,62.376,24.882,47.587,0.32249,8.9222,26.32,120.39,1.113,74.763,24.051,2.2649,54.02,4.8119,232.23,0.0076315,0.85184,65.679,18.895,43.458
522,2026-04-07T10:03:00,50.729,27.317,26.877,32.88,40.413,2704.5,3639.6,19.222,18.568,22.21,0.27845,0.10136,341.59,77.134,6.8386,13.798,31.701,4448.9,22.516,48.222,50.325,79.853,2.2536,1.6558,3102.1,42.26,53.76,94.837,9.3699,60.292,39.055,38.235,2632.6,62.88,25.117,47.687,0.32294,8.9222,26.32,120.39,1.113,74.855,24.051,2.2649,54.02,4.8119,233.46,0.0076315,0.85184,65.674,18.895,43.458
523,2026-04-07T10:06:00,50.029,30.957,27.044,33.004,41.996,2706.9,3683.2,18.436,18.644,22.348,0.31778,0.10136,341.53,77.618,6.7984,13.911,32.196,4465.2,22.83,46.601,50.525,79.992,2.2742,1.6499,3104.0,42.082,54.105,94.527,9.3612,60.901,39.646,39.09,2635.6,63.296,25.295,48.022,0.32904,8.9977,26.538,120.44,1.2636,75.041,23.946,2.2418,54.02,4.788,232.03,0.0076315,0.85184,65.656,18.884,43.458
524,2026-04-07T10:09:00,49.284,31.157,26.911,33.004,41.318,2708.9,3665.1,19.141,18.644,22.636,0.31575,0.074277,341.78,77.796,6.7984,13.911,32.196,4491.6,22.514,44.876,51.073,80.332,2.2742,1.6499,3106.1,42.28,53.79,94.485,9.2536,62.386,41.257,38.914,2638.8,63.608,24.995,48.342,0.33049,8.9977,26.538,120.4,1.2636,74.518,23.946,2.2418,53.547,4.788,230.82,0.017017,0.853,65.765,18.884,44.759
525,2026-04-07T10:12:00,49.642,26.769,27.055,33.029,41.962,2707.8,3691.5,20.408,18.837,22.297,0.26957,0.074277,341.84,77.46,6.7577,13.843,32.037,4510.1,21.983,45.705,49.665,80.323,2.2735,1.6619,3104.6,42.148,53.578,94.494,9.3492,61.24,37.115,40.761,2636.6,63.566,24.976,48.251,0.34057,8.8644,26.331,120.41,1.0647,74.597,24.172,2.2805,53.547,4.7469,234.09,0.017017,0.853,65.885,18.353,44.759
526,2026-04-07T10:15:00,49.936,26.946,26.324,33.029,40.662,2702.7,3681.3,18.653,18.837,21.855,0.26778,0.074277,341.59,76.956,6.7577,13.843,32.037,4478.2,22.739,46.387,49.422,80.104,2.2735,1.6619,3100.0,42.333,53.959,94.485,9.2291,61.074,36.398,40.885,2631.6,63.742,24.939,48.656,0.33956,8.8644,26.331,120.39,1.0647,75.19,24.172,2.2805,53.547,4.7469,231.77,0.017017,0.853,65.928,18.353,44.759
527,2026-04-07T10:18:00,50.993,28.091,27.196,32.975,41.527,2700.7,3684.5,16.023,18.442,22.188,0.28843,0.074277,341.55,76.904,6.822,13.842,32.666,4513.4,23.859,48.831,50.064,79.85,2.2987,1.6512,3099.0,42.249,54.865,94.584,9.2751,60.413,38.288,39.79,2628.7,64.14,24.968,48.634,0.33437,9.0111,25.962,120.41,1.2236,75.06,24.123,2.4332,53.547,4.8884,234.31,0.017017,0.853,65.888,18.472,44.759
528,2026-04-07T10:21:00,49.999,28.339,26.825,32.975,40.904,2699.2,3735.0,15.722,18.442,22.023,0.28592,0.074277,341.94,76.816,6.822,13.842,32.666,4520.6,23.996,46.532,51.473,79.823,2.2987,1.6512,3095.8,42.16,54.779,94.491,9.228,61.341,42.435,39.718,2627.0,63.272,25.186,48.78,0.33496,9.0111,25.962,120.39,1.2236,75.718,24.123,2.4332,53.547,4.8884,234.99,0.017017,0.853,65.856,18.472,44.759
529,2026-04-07T10:24:00,50.513,22.177,27.104,33.122,41.34,2697.9,3672.2,18.532,19.096,22.333,0.22345,0.085583,341.36,77.19,6.8913,13.725,32.184,4559.8,22.802,47.721,48.776,79.982,2.291,1.6933,3094.2,42.464,54.081,94.688,9.2952,61.361,34.498,39.578,2626.6,63.875,25.066,48.912,0.33603,8.8659,26.266,120.41,1.2214,74.667,24.098,2.2342,54.046,4.7618,236.48,0.031966,0.85941,65.844,18.946,43.967
530,2026-04-07T10:27:00,48.02,21.991,26.699,33.122,41.068,2698.7,3725.4,18.842,19.096,22.16,0.22534,0.085583,340.74,77.431,6.8913,13.725,32.184,4574.3,22.657,41.952,48.788,80.269,2.291,1.6933,3094.9,42.664,53.907,94.471,9.2158,61.971,34.533,39.698,2627.2,62.959,25.153,49.207,0.33505,8.8659,26.266,120.39,1.2214,75.213,24.098,2.2342,54.046,4.7618,235.69,0.031966,0.85941,65.927,18.946,43.967
531,2026-04-07T10:30:00,50.041,26.351,27.003,33.035,41.01,2696.7,3661.2,17.492,18.236,21.737,0.26926,0.085583,340.46,77.44,6.8986,14.05,32.184,4505.3,23.222,46.629,50.624,80.308,2.2544,1.6806,3095.6,42.139,53.579,94.593,9.2256,60.564,39.938,38.476,2624.9,63.481,25.375,49.408,0.31898,8.8255,26.458,120.38,1.3679,75.269,24.154,2.3468,54.046,4.8145,235.93,0.031966,0.85941,66.026,18.944,43.967
532,2026-04-07T10:33:00,49.361,26.365,27.176,33.035,41.339,2696.0,3667.3,18.767,18.236,21.559,0.26911,0.085583,339.75,77.649,6.8986,14.05,32.184,4499.3,22.674,45.055,51.506,80.369,2.2544,1.6806,3095.8,42.105,53.652,94.581,9.1625,61.637,42.532,38.503,2623.9,63.376,25.622,49.513,0.31876,8.8255,26.458,120.4,1.3679,75.342,24.154,2.3468,54.046,4.8145,237.2,0.031966,0.85941,66.108,18.944,43.967
533,2026-04-07T10:36:00,49.931,26.356,26.87,32.576,41.028,2694.5,3680.0,15.539,18.603,21.63,0.26932,0.085583,339.89,77.118,6.9207,13.853,32.083,4481.9,24.049,46.375,49.845,80.317,2.2488,1.6616,3093.3,42.176,53.837,94.649,9.2515,60.567,37.644,42.36,2622.7,63.082,25.768,49.551,0.3591,9.0707,26.737,120.39,1.4314,75.096,23.647,2.3641,54.046,4.9278,239.19,0.031966,0.85941,66.148,19.078,43.967
534,2026-04-07T10:39:00,50.011,26.457,27.09,32.576,41.367,2693.9,3684.6,18.971,18.603,21.865,0.2683,0.11017,339.74,77.554,6.9207,13.853,32.083,4520.2,22.588,46.559,48.63,80.365,2.2488,1.6616,3092.0,42.352,53.378,94.657,9.3631,58.929,34.069,42.587,2622.5,63.002,25.725,49.805,0.35724,9.0707,26.737,120.41,1.4314,75.472,23.647,2.3641,53.468,4.9278,241.01,0.001748,0.83127,66.177,19.078,42.655
535,2026-04-07T10:42:00,49.027,27.302,27.001,32.729,40.271,2693.3,3691.2,18.087,18.612,21.881,0.28035,0.11017,340.07,77.254,6.9289,13.779,32.124,4435.0,22.97,44.282,50.886,80.352,2.2636,1.693,3090.5,42.251,54.03,94.67,9.2833,61.272,40.708,40.048,2621.4,62.67,25.506,50.249,0.33641,9.0226,25.8,120.39,1.235,74.481,23.718,2.3123,53.468,4.8576,239.41,0.001748,0.83127,66.222,19.206,42.655
536,2026-04-07T10:45:00,50.699,27.595,26.744,32.729,40.856,2692.0,3659.6,17.902,18.612,21.928,0.27737,0.11017,340.57,77.082,6.9289,13.779,32.124,4435.6,23.056,48.152,48.192,80.245,2.2636,1.693,3089.1,42.228,54.022,94.68,9.3391,61.355,32.778,39.79,2620.5,63.214,25.384,50.517,0.33852,9.0226,25.8,120.39,1.235,74.978,23.718,2.3123,53.468,4.8576,239.79,0.001748,0.83127,66.257,19.206,42.655
537,2026-04-07T10:48:00,49.479,27.247,26.714,33.123,40.327,2692.6,3616.8,17.931,18.934,21.954,0.27479,0.11017,340.49,77.272,7.0843,13.831,32.229,4485.8,23.033,45.328,50.444,80.418,2.2854,1.6594,3090.3,42.269,53.046,94.559,9.2297,59.886,39.406,38.987,2621.5,63.836,25.6,50.685,0.32884,8.8055,26.483,120.38,1.138,75.239,23.037,2.3367,53.468,4.9327,241.27,0.001748,0.83127,66.285,18.486,42.655
538,2026-04-07T10:51:00,49.8,27.121,27.038,33.123,40.819,2691.5,3673.9,16.708,18.934,21.93,0.27607,0.11017,339.92,77.076,7.0843,13.831,32.229,4468.2,23.558,46.071,49.645,80.232,2.2854,1.6594,3089.0,42.567,53.257,94.705,9.3544,60.057,37.054,38.913,2619.1,62.855,25.48,50.846,0.32944,8.8055,26.483,120.38,1.138,74.918,23.037,2.3367,53.468,4.9327,242.8,0.001748,0.83127,66.324,18.486,42.655
539,2026-04-07T10:54:00,51.952,26.099,26.563,33.047,40.676,2690.7,3593.0,17.718,18.87,21.567,0.26643,0.093282,340.58,76.982,6.9682,14.007,31.972,4539.8,23.139,51.051,49.904,80.222,2.2703,1.6499,3086.9,42.111,54.156,94.756,9.2593,60.239,37.817,40.054,2619.0,62.765,25.292,50.597,0.33134,9.0534,25.912,120.37,1.2112,74.683,23.96,2.3118,53.735,4.9939,241.07,0.016637,0.83302,66.313,18.716,43.337
540,2026-04-07T10:57:00,49.177,26.045,26.695,33.047,41.027,2692.8,3585.0,19.505,18.87,21.934,0.26698,0.093282,340.8,77.866,6.9682,14.007,31.972,4525.1,22.362,44.629,49.085,80.337,2.2703,1.6499,3089.3,42.292,54.331,94.777,9.1882,61.609,35.409,39.872,2621.3,62.904,25.367,50.634,0.33283,9.0534,25.912,120.42,1.2112,75.85,23.96,2.3118,53.735,4.9939,240.59,0.016637,0.83302,66.306,18.716,43.337
541,2026-04-07T11:00:00,49.316,28.612,26.945,33.455,40.322,2693.3,3609.8,15.961,18.713,21.728,0.29228,0.093282,340.15,77.776,7.0334,13.967,32.32,4480.6,23.849,44.95,47.478,80.505,2.2349,1.6705,3092.7,42.146,54.329,94.782,9.289,60.587,30.679,41.989,2622.2,63.359,25.648,50.531,0.35521,8.9529,26.147,120.37,1.3445,74.937,23.037,2.354,53.735,4.7523,241.63,0.016637,0.83302,66.38,18.934,43.337
542,2026-04-07T11:03:00,48.025,28.639,27.301,33.455,42.581,2695.9,3660.5,18.008,18.713,21.942,0.292,0.093282,340.11,77.581,7.0334,13.967,32.32,4529.5,22.979,41.964,50.467,80.715,2.2349,1.6705,3093.3,42.31,53.744,94.614,9.3418,63.051,39.474,42.299,2623.8,62.486,25.589,50.596,0.35267,8.9529,26.147,120.45,1.3445,74.366,23.037,2.354,53.735,4.7523,240.74,0.016637,0.83302,66.445,18.934,43.337
543,2026-04-07T11:06:00,50.622,25.469,26.661,33.046,40.545,2692.8,3622.2,20.899,18.975,21.484,0.25795,0.093282,340.02,77.132,6.9217,13.933,31.739,4500.0,21.774,47.973,47.986,80.523,2.2692,1.6571,3091.4,42.429,53.552,94.808,9.2728,60.76,32.174,41.405,2620.8,62.462,25.26,50.648,0.35311,8.7213,26.104,120.39,1.3283,75.414,23.053,2.2985,53.735,4.9141,239.97,0.016637,0.83302,66.472,19.139,43.337
544,2026-04-07T11:09:00,51.104,25.192,26.849,33.046,40.25,2688.9,3657.0,18.415,18.975,21.617,0.26077,0.11406,340.16,77.023,6.9217,13.933,31.739,4484.2,22.836,49.089,50.803,80.136,2.2692,1.6571,3088.0,42.042,53.741,94.7,9.4439,58.595,40.464,41.978,2617.1,61.863,25.328,50.708,0.34842,8.7213,26.104,120.39,1.3283,75.477,23.053,2.2985,54.279,4.9141,239.66,0.019934,0.83776,66.407,19.139,44.556
545,2026-04-07T11:12:00,50.644,31.045,26.748,32.612,40.572,2691.6,3660.4,15.619,18.961,21.62,0.31688,0.11406,340.31,77.456,6.8845,13.97,32.617,4468.5,24.005,48.023,50.809,80.247,2.2776,1.6453,3090.0,42.199,53.384,94.862,9.3249,60.486,40.48,41.455,2620.5,62.694,25.459,50.586,0.3468,8.9801,26.095,120.4,1.2984,75.16,23.252,2.3759,54.279,4.9599,241.16,0.019934,0.83776,66.296,18.839,44.556
546,2026-04-07T11:15:00,53.366,31.125,26.58,32.612,40.439,2695.0,3694.9,17.579,18.961,21.865,0.31606,0.11406,341.04,77.571,6.8845,13.97,32.617,4468.2,23.165,54.325,51.423,80.542,2.2776,1.6453,3092.1,42.444,53.388,94.561,9.2495,59.37,42.288,41.632,2623.8,62.1,25.412,50.505,0.34534,8.9801,26.095,120.39,1.2984,74.413,23.252,2.3759,54.279,4.9599,242.19,0.019934,0.83776,66.324,18.839,44.556
547,2026-04-07T11:18:00,49.949,22.518,26.937,33.344,41.077,2696.1,3642.8,20.467,18.666,21.906,0.23383,0.11406,340.85,77.414,6.9825,13.82,32.32,4517.9,21.941,46.415,50.208,80.677,2.2752,1.6759,3093.2,42.65,53.493,94.74,9.3245,60.547,38.711,41.698,2623.9,63.303,25.333,50.413,0.35463,9.019,25.726,120.4,1.3742,74.553,23.661,2.2871,54.279,4.9115,243.24,0.019934,0.83776,66.41,18.832,44.556
548,2026-04-07T11:21:00,49.442,22.705,27.022,33.344,41.511,2691.5,3663.1,21.946,18.666,21.549,0.23192,0.11406,340.43,77.101,6.9825,13.82,32.32,4511.4,21.33,45.243,50.623,80.385,2.2752,1.6759,3090.3,42.262,53.57,94.616,9.3148,59.768,39.932,41.941,2619.5,62.954,25.261,50.724,0.35264,9.019,25.726,120.41,1.3742,74.782,23.661,2.2871,54.279,4.9115,239.82,0.019934,0.83776,66.413,18.832,44.556
549,2026-04-07T11:24:00,49.235,25.405,26.974,32.88,40.22,2690.7,3656.6,19.605,18.735,21.703,0.25625,0.092331,340.7,77.417,6.9706,13.81,32.345,4518.0,22.317,44.765,50.041,80.211,2.2113,1.6483,3088.6,42.38,53.499,94.705,9.3769,60.311,38.22,39.996,2619.5,62.158,25.021,50.739,0.33634,9.161,25.789,120.39,1.2353,74.384,23.186,2.3843,54.275,4.8639,241.13,0.008634,0.83152,66.33,19.198,43.457
550,2026-04-07T11:27:00,49.92,25.278,27.584,32.88,40.591,2690.4,3628.8,16.477,18.735,22.338,0.25754,0.092331,341.0,77.163,6.9706,13.81,32.345,4477.9,23.646,46.349,48.858,80.129,2.2113,1.6483,3087.9,42.522,53.98,94.777,9.3765,60.572,34.739,40.504,2619.3,62.635,24.98,50.697,0.33218,9.161,25.789,120.39,1.2353,74.652,23.186,2.3843,54.275,4.8639,242.32,0.008634,0.83152,66.281,19.198,43.457
551,2026-04-07T11:30:00,50.498,24.865,26.965,33.064,41.261,2691.3,3647.8,16.491,18.936,22.016,0.25384,0.092331,341.09,77.105,6.8421,13.774,32.65,4505.4,23.649,47.686,49.047,80.09,2.3027,1.6581,3088.4,42.202,52.712,94.771,9.4228,59.719,35.297,39.947,2619.6,62.325,25.206,50.615,0.33454,9.0773,25.783,120.4,1.4024,74.267,23.158,2.349,54.275,4.9445,244.0,0.008634,0.83152,66.242,19.086,43.457
552,2026-04-07T11:33:00,50.245,24.875,27.179,33.064,40.325,2696.8,3647.2,16.961,18.936,22.605,0.25374,0.092331,341.72,78.008,6.8421,13.774,32.65,4452.3,23.417,47.102,49.964,80.493,2.3027,1.6581,3092.0,41.555,53.346,94.634,9.4539,60.158,37.994,39.744,2626.1,62.335,25.23,50.869,0.33621,9.0773,25.783,120.4,1.4024,74.539,23.158,2.349,54.275,4.9445,241.9,0.008634,0.83152,66.231,19.086,43.457
553,2026-04-07T11:36:00,50.465,21.612,26.915,33.404,42.834,2698.4,3696.4,19.992,18.87,21.955,0.22138,0.092331,340.91,77.901,6.6997,13.853,32.225,4482.5,22.129,47.611,48.92,80.68,2.2676,1.6237,3095.2,42.595,53.199,94.612,9.3815,63.108,34.923,38.993,2626.2,62.593,25.359,50.725,0.3342,9.0514,25.893,120.45,1.2738,74.064,23.853,2.3125,54.275,4.8367,244.15,0.008634,0.83152,66.355,19.221,43.457
554,2026-04-07T11:39:00,50.725,21.63,27.1,33.404,39.825,2696.1,3670.7,20.85,18.87,21.903,0.2212,0.080093,341.32,77.052,6.6997,13.853,32.225,4487.0,21.791,48.212,49.734,80.439,2.2676,1.6237,3093.7,42.267,53.145,94.573,9.3666,61.424,37.317,39.246,2623.5,63.034,25.135,50.79,0.33213,9.0514,25.893,120.38,1.2738,74.601,23.853,2.3125,54.031,4.8367,242.25,0.0026719,0.81533,66.395,19.221,42.893
555,2026-04-07T11:42:00,50.449,25.643,26.785,32.891,41.595,2695.7,3701.8,18.695,18.747,22.188,0.25759,0.080093,341.53,77.68,6.6749,13.765,32.658,4443.1,22.685,47.572,51.431,80.317,2.2584,1.6763,3092.7,42.516,53.274,94.559,9.3995,62.345,42.311,40.532,2624.2,63.854,25.574,50.86,0.3386,8.9175,25.764,120.44,1.3214,74.586,23.757,2.3755,54.031,4.8804,241.37,0.0026719,0.81533,66.355,19.079,42.893
556,2026-04-07T11:45:00,49.31,25.445,26.861,32.891,41.226,2694.4,3721.6,18.128,18.747,21.69,0.2596,0.080093,341.2,76.925,6.6749,13.765,32.658,4432.1,22.946,44.936,50.158,80.2,2.2584,1.6763,3093.3,42.597,53.406,94.497,9.3532,60.987,38.564,39.973,2622.0,63.512,25.545,50.751,0.34318,8.9175,25.764,120.42,1.3214,74.315,23.757,2.3755,54.031,4.8804,242.49,0.0026719,0.81533,66.327,19.079,42.893
557,2026-04-07T11:48:00,49.864,20.979,27.022,32.815,42.079,2693.0,3707.9,16.284,18.78,21.905,0.21591,0.080093,341.58,77.283,6.9337,13.776,32.684,4444.7,23.715,46.22,48.961,80.181,2.3124,1.6986,3090.0,42.563,53.542,94.395,9.3926,60.304,35.042,38.753,2621.5,64.148,25.71,50.686,0.33376,8.771,26.415,120.43,1.4443,74.337,23.445,2.3108,54.031,4.8776,243.15,0.0026719,0.81533,66.292,18.814,42.893
558,2026-04-07T11:51:00,50.164,21.16,26.499,32.815,41.713,2693.8,3704.4,17.798,18.78,21.862,0.21407,0.080093,341.76,77.312,6.9337,13.776,32.684,4457.9,23.079,46.913,51.091,80.216,2.3124,1.6986,3090.1,42.305,53.385,94.552,9.4672,61.971,41.311,39.293,2622.7,64.209,25.75,50.659,0.32933,8.771,26.415,120.41,1.4443,74.442,23.445,2.3108,54.031,4.8776,243.4,0.0026719,0.81533,66.273,18.814,42.893
559,2026-04-07T11:54:00,50.147,20.438,26.608,32.881,41.329,2693.7,3649.8,14.315,18.309,21.918,0.20642,0.084315,341.49,77.702,6.9984,13.948,32.039,4511.3,24.531,46.873,48.193,80.372,2.2394,1.6705,3091.1,42.059,53.365,94.39,9.3374,62.373,32.784,39.69,2622.7,62.953,25.765,50.37,0.32793,8.9829,26.254,120.42,1.3876,75.292,23.279,2.2537,54.621,4.9156,241.67,0.024633,0.84242,66.275,18.43,44.329
560,2026-04-07T11:57:00,49.542,20.12,26.659,32.881,40.216,2696.7,3702.5,18.78,18.309,21.94,0.20966,0.084315,341.77,77.877,6.9984,13.948,32.039,4502.6,22.633,45.475,47.405,80.63,2.2394,1.6705,3093.7,42.198,53.47,94.71,9.3458,63.758,30.463,39.141,2625.7,62.046,25.616,50.359,0.33243,8.9829,26.254,120.37,1.3876,74.775,23.279,2.2537,54.621,4.9156,239.54,0.024633,0.84242,66.341,18.43,44.329
561,2026-04-07T12:00:00,51.817,26.434,26.889,33.171,41.131,2698.5,3618.4,18.79,18.638,22.066,0.26649,0.084315,341.52,77.265,7.1212,13.845,32.345,4476.9,22.643,50.738,49.562,80.53,2.3173,1.6763,3096.2,42.135,54.745,94.446,9.2866,62.16,36.812,41.287,2626.4,62.845,25.284,50.251,0.35301,8.9521,25.971,120.38,1.254,75.207,23.265,2.4104,54.621,4.9094,238.5,0.024633,0.84242,66.365,18.693,44.329
562,2026-04-07T12:03:00,50.655,26.436,26.894,33.171,40.633,2697.7,3656.6,17.375,18.638,22.092,0.26647,0.084315,341.55,77.375,7.1212,13.845,32.345,4547.4,23.237,48.049,50.62,80.317,2.3173,1.6763,3096.9,42.191,53.902,94.78,9.4887,63.623,39.925,41.657,2626.2,62.189,25.465,49.842,0.34998,8.9521,25.971,120.36,1.254,74.248,23.265,2.4104,54.621,4.9094,240.88,0.024633,0.84242,66.326,18.693,44.329
563,2026-04-07T12:06:00,50.193,23.325,26.91,33.077,40.873,2701.7,3591.1,17.497,18.465,22.393,0.23879,0.084315,342.31,77.146,6.9127,13.786,32.415,4523.3,23.188,46.98,50.004,80.393,2.2881,1.6883,3097.1,42.519,53.58,94.508,9.423,60.2,38.111,40.589,2630.9,62.071,25.512,49.728,0.33693,9.0045,26.592,120.4,1.3939,74.022,23.835,2.4031,54.621,4.955,239.97,0.024633,0.84242,66.275,18.944,44.329
564,2026-04-07T12:09:00,51.238,23.429,27.015,33.077,40.581,2701.4,3559.9,18.577,18.465,22.255,0.23773,0.10876,342.28,77.136,6.9127,13.786,32.415,4506.2,22.741,49.4,49.088,80.097,2.2881,1.6883,3097.8,42.603,53.785,95.027,9.4036,62.876,35.417,40.246,2630.0,62.608,25.325,50.128,0.33974,9.0045,26.592,120.37,1.3939,75.135,23.835,2.4031,53.031,4.955,240.96,0.024929,0.82787,66.221,18.944,44.269
565,2026-04-07T12:12:00,49.221,22.528,26.71,33.13,41.377,2704.4,3665.7,16.284,18.487,22.619,0.22942,0.10876,342.84,77.399,6.9064,13.807,32.461,4490.2,23.7,44.73,50.968,80.109,2.2501,1.686,3099.0,42.266,53.353,94.512,9.4397,61.453,40.949,39.694,2634.2,62.489,25.275,50.186,0.33141,8.8226,26.31,120.41,1.2222,75.128,23.482,2.2656,53.031,4.8497,241.53,0.024929,0.82787,66.138,18.695,44.269
566,2026-04-07T12:15:00,50.333,22.589,27.145,33.13,40.856,2708.5,3616.6,19.939,18.487,23.049,0.22879,0.10876,343.19,77.934,6.9064,13.807,32.461,4458.0,22.137,47.304,53.177,80.351,2.2501,1.686,3102.5,42.267,53.739,94.676,9.3166,63.834,47.45,39.685,2637.7,63.334,25.186,50.422,0.33148,8.8226,26.31,120.41,1.2222,74.453,23.482,2.2656,53.031,4.8497,240.07,0.024929,0.82787,66.148,18.695,44.269
567,2026-04-07T12:18:00,51.269,21.872,26.93,33.14,41.46,2710.7,3677.9,16.845,18.614,22.757,0.22194,0.10876,342.85,77.747,6.8758,13.92,32.014,4482.7,23.432,49.471,49.674,80.44,2.2559,1.6777,3105.9,42.385,54.048,94.442,9.4031,62.098,37.142,39.997,2640.1,62.308,25.037,50.598,0.33305,8.9912,25.98,120.42,1.1727,74.436,23.812,2.2958,53.031,4.8496,239.23,0.024929,0.82787,66.194,19.05,44.269
568,2026-04-07T12:21:00,49.198,21.648,26.681,33.14,40.652,2709.2,3631.7,18.153,18.614,22.395,0.22421,0.10876,342.91,76.774,6.8758,13.92,32.014,4518.8,22.914,44.678,48.984,80.159,2.2559,1.6777,3105.5,42.271,53.615,94.677,9.4583,63.623,35.11,39.859,2637.3,63.103,24.986,50.363,0.33419,8.9912,25.98,120.39,1.1727,74.147,23.812,2.2958,53.031,4.8496,243.01,0.024929,0.82787,66.235,19.05,44.269
569,2026-04-07T12:24:00,50.663,25.949,26.891,33.069,41.601,2707.8,3655.3,18.135,18.21,22.885,0.26591,0.10779,343.37,77.251,6.9882,13.909,32.693,4480.8,22.921,48.067,50.351,79.827,2.2791,1.6418,3103.4,42.458,53.182,94.473,9.4598,60.445,39.132,41.49,2637.3,62.957,24.999,50.245,0.34616,8.8853,26.464,120.4,1.3381,74.62,23.792,2.2761,53.067,4.8594,241.37,-0.00011196,0.79906,66.111,18.404,44.371
570,2026-04-07T12:27:00,49.426,25.863,27.014,33.069,40.655,2710.2,3667.3,20.804,18.21,23.113,0.26678,0.10779,344.13,77.466,6.9882,13.909,32.693,4473.0,21.794,45.207,49.573,79.876,2.2791,1.6418,3104.8,42.339,53.276,94.618,9.5709,62.524,36.844,41.517,2639.9,62.749,25.166,50.092,0.34594,8.8853,26.464,120.4,1.3381,75.872,23.792,2.2761,53.067,4.8594,242.53,-0.00011196,0.79906,66.049,18.404,44.371
571,2026-04-07T12:30:00,47.992,19.544,27.272,33.058,40.749,2710.4,3618.3,16.254,18.794,23.079,0.19628,0.10779,344.15,77.44,6.8185,13.813,32.326,4510.0,23.712,41.886,48.576,79.882,2.2711,1.6534,3104.8,42.098,54.427,94.641,9.4334,60.154,33.91,41.115,2639.5,62.56,25.115,50.07,0.34802,8.7265,25.73,120.41,1.2853,74.677,23.931,2.3153,53.067,4.862,242.22,-0.00011196,0.79906,65.987,18.781,44.371
572,2026-04-07T12:33:00,49.861,19.426,27.113,33.058,40.733,2714.4,3642.6,17.022,18.794,23.307,0.19748,0.10779,344.49,77.783,6.8185,13.813,32.326,4506.1,23.371,46.212,49.01,80.135,2.2711,1.6534,3107.5,42.304,54.474,94.748,9.4968,63.359,35.186,40.874,2643.9,62.141,24.904,50.268,0.35,8.7265,25.73,120.39,1.2853,74.73,23.931,2.3153,53.067,4.862,239.41,-0.00011196,0.79906,65.995,18.781,44.371
573,2026-04-07T12:36:00,50.35,22.514,26.705,32.925,40.304,2715.2,3646.8,16.918,18.306,22.752,0.23041,0.10779,344.53,77.309,6.7514,13.692,32.643,4496.7,23.423,47.344,49.928,80.111,2.2339,1.6873,3110.5,43.156,53.691,94.395,9.3686,63.325,37.888,39.889,2644.9,63.539,24.773,49.984,0.3375,8.7492,26.38,120.39,1.2413,74.821,23.63,2.2892,53.067,4.6528,241.99,-0.00011196,0.79906,66.064,18.81,44.371
574,2026-04-07T12:39:00,48.018,22.749,26.843,32.925,42.064,2715.4,3675.8,19.491,18.306,23.181,0.22802,0.093742,344.2,77.169,6.7514,13.692,32.643,4523.3,22.347,41.946,49.127,79.916,2.2339,1.6873,3109.7,42.542,53.373,94.551,9.461,61.838,35.53,39.853,2644.6,63.039,24.893,49.429,0.3378,8.7492,26.38,120.43,1.2413,74.632,23.63,2.2892,54.035,4.6528,238.9,0.015155,0.81366,66.024,18.81,43.699
575,2026-04-07T12:42:00,51.097,19.271,27.206,33.27,40.98,2714.0,3681.3,20.052,18.177,22.885,0.1958,0.093742,344.32,77.134,6.7902,13.783,32.495,4486.8,22.114,49.072,51.056,79.813,2.2836,1.6873,3110.4,42.629,53.736,94.427,9.5292,61.064,41.207,38.297,2643.6,63.625,25.047,49.166,0.32309,8.8643,26.218,120.4,1.343,74.793,23.802,2.2943,54.035,4.8669,237.52,0.015155,0.81366,65.952,18.608,43.699
576,2026-04-07T12:45:00,49.918,19.141,26.813,33.27,41.269,2714.9,3663.1,15.72,18.177,23.309,0.19712,0.093742,344.71,77.409,6.7902,13.783,32.495,4518.8,23.936,46.345,49.976,79.739,2.2836,1.6873,3108.6,42.516,53.354,94.557,9.5318,62.228,38.03,38.109,2644.8,63.937,25.169,48.857,0.32463,8.8643,26.218,120.4,1.343,74.609,23.802,2.2943,54.035,4.8669,236.72,0.015155,0.81366,65.876,18.608,43.699
577,2026-04-07T12:48:00,49.36,20.243,26.351,33.78,41.547,2718.5,3677.2,17.734,18.011,22.818,0.2068,0.093742,344.11,77.858,6.874,13.861,32.485,4479.9,23.065,45.052,51.23,80.091,2.232,1.6415,3113.3,42.588,54.325,94.336,9.547,61.758,41.72,39.478,2648.0,63.459,25.289,48.592,0.3322,8.9438,26.29,120.41,1.1523,74.777,24.501,2.2647,54.035,4.8637,235.38,0.015155,0.81366,65.848,18.366,43.699
578,2026-04-07T12:51:00,50.078,20.279,26.563,33.78,41.204,2718.9,3681.8,18.321,18.011,22.813,0.20643,0.093742,344.7,77.519,6.874,13.861,32.485,4473.0,22.818,46.715,50.402,80.158,2.232,1.6415,3114.1,42.449,54.408,94.35,9.512,61.571,39.284,39.273,2648.9,63.381,25.183,48.182,0.33388,8.9438,26.29,120.4,1.1523,73.665,24.501,2.2647,54.035,4.8637,235.66,0.015155,0.81366,65.88,18.366,43.699
579,2026-04-07T12:54:00,52.111,20.074,27.001,33.458,42.035,2718.2,3687.8,19.732,18.49,22.99,0.20407,0.1101,344.47,77.252,6.9549,13.8,32.645,4544.0,22.232,51.419,50.431,79.991,2.2861,1.6432,3114.5,42.643,54.202,94.542,9.3578,61.692,39.37,40.396,2647.9,62.59,25.018,48.224,0.34179,8.797,26.293,120.41,1.1066,74.614,24.806,2.3427,53.311,4.6882,234.47,0.024681,0.80849,65.872,18.374,43.995
580,2026-04-07T12:57:00,49.621,20.024,26.874,33.458,40.509,2717.6,3643.1,19.557,18.49,23.118,0.20458,0.1101,344.41,77.385,6.9549,13.8,32.645,4484.2,22.307,45.658,50.249,79.796,2.2861,1.6432,3112.3,42.47,54.917,94.448,9.4582,64.113,38.832,40.767,2647.1,63.359,24.938,47.975,0.33875,8.797,26.293,120.35,1.1066,75.076,24.806,2.3427,53.311,4.6882,234.59,0.024681,0.80849,65.786,18.374,43.995
581,2026-04-07T13:00:00,50.548,18.183,26.287,32.987,41.11,2718.4,3646.4,14.579,18.342,22.979,0.18462,0.1101,344.88,77.233,6.8779,13.908,32.472,4570.3,24.416,47.802,49.414,79.648,2.269,1.6463,3112.2,42.447,53.935,94.636,9.457,63.003,36.376,39.839,2647.7,62.56,25.2,47.831,0.33315,8.8625,26.626,120.39,1.2983,75.026,23.828,2.3393,53.311,4.8644,233.58,0.024681,0.80849,65.671,18.272,43.995
582,2026-04-07T13:03:00,50.231,18.014,27.145,32.987,40.723,2720.3,3630.9,20.144,18.342,23.414,0.18633,0.1101,344.78,77.195,6.8779,13.908,32.472,4513.6,22.07,47.069,50.223,79.799,2.269,1.6463,3113.4,42.063,54.614,94.571,9.4505,63.915,38.758,39.153,2649.8,62.828,25.236,47.573,0.33878,8.8625,26.626,120.4,1.2983,75.312,23.828,2.3393,53.311,4.8644,233.85,0.024681,0.80849,65.655,18.272,43.995
583,2026-04-07T13:06:00,50.975,19.385,26.919,33.361,41.501,2721.2,3656.0,21.043,17.793,23.413,0.19809,0.1101,344.18,77.322,6.7807,13.845,32.446,4565.2,21.689,48.791,49.068,79.759,2.2889,1.6553,3114.7,42.497,54.323,94.652,9.5176,60.662,35.358,41.052,2650.8,63.039,25.089,47.638,0.34718,8.627,26.672,120.42,1.122,74.717,24.146,2.2744,53.311,4.7444,230.49,0.024681,0.80849,65.623,18.196,43.995
584,2026-04-07T13:09:00,50.607,19.627,26.861,33.361,41.188,2720.7,3647.8,16.66,17.793,22.793,0.19563,0.095736,344.15,77.304,6.7807,13.845,32.446,4583.5,23.54,47.938,49.449,79.641,2.2889,1.6553,3115.9,42.366,54.104,94.5,9.4162,62.867,36.477,41.0,2648.8,63.181,25.277,47.177,0.34761,8.627,26.672,120.36,1.122,75.066,24.146,2.2744,54.072,4.7444,231.1,0.0051804,0.81461,65.57,18.196,43.394
585,2026-04-07T13:12:00,49.482,19.167,26.869,32.997,42.019,2723.7,3691.7,18.307,17.828,23.34,0.19958,0.095736,344.22,77.478,6.7729,13.675,32.134,4590.7,22.837,45.335,50.87,79.819,2.2474,1.6409,3116.4,42.369,54.296,94.581,9.4896,61.929,40.661,40.455,2653.6,63.327,25.395,47.003,0.33897,8.8541,26.355,120.42,1.2711,75.364,24.526,2.2416,54.072,4.7909,229.6,0.0051804,0.81461,65.543,19.037,43.394
586,2026-04-07T13:15:00,46.832,19.275,26.728,32.997,41.035,2724.8,3655.7,21.226,17.828,23.342,0.19849,0.095736,344.13,77.719,6.7729,13.675,32.134,4551.2,21.598,39.203,50.757,79.955,2.2474,1.6409,3118.8,42.372,54.769,94.358,9.5046,62.72,40.328,40.285,2654.0,63.947,25.464,46.589,0.34036,8.8541,26.355,120.4,1.2711,75.398,24.526,2.2416,54.072,4.7909,230.8,0.0051804,0.81461,65.513,19.037,43.394
587,2026-04-07T13:18:00,49.406,22.214,26.797,33.471,41.966,2724.3,3689.8,19.906,18.14,23.2,0.22695,0.095736,344.46,77.196,6.7891,13.634,33.11,4535.2,22.163,45.16,52.014,79.952,2.2694,1.659,3118.7,42.454,52.922,94.467,9.3906,63.289,44.027,37.937,2653.9,63.528,25.386,46.498,0.3215,8.9529,26.773,120.4,1.3047,74.727,24.462,2.2044,54.072,4.7868,228.36,0.0051804,0.81461,65.546,18.558,43.394
588,2026-04-07T13:21:00,51.625,22.307,26.852,33.471,42.461,2722.9,3704.9,17.136,18.14,23.27,0.22601,0.095736,343.96,77.219,6.7891,13.634,33.11,4449.9,23.335,50.296,51.346,79.784,2.2694,1.659,3116.8,42.414,53.943,94.386,9.5117,60.423,42.062,37.429,2652.4,63.268,25.067,46.172,0.32567,8.9529,26.773,120.41,1.3047,76.238,24.462,2.2044,54.072,4.7868,228.58,0.0051804,0.81461,65.517,18.558,43.394
589,2026-04-07T13:24:00,48.674,12.523,26.875,33.187,41.79,2721.2,3704.0,17.098,18.478,23.18,0.12756,0.073647,343.95,76.962,6.9143,13.558,31.925,4502.6,23.356,43.466,49.475,79.817,2.2103,1.6884,3114.5,42.204,54.483,94.528,9.3536,61.915,36.555,37.169,2650.3,63.237,24.879,46.237,0.31673,8.7391,26.618,120.41,1.0694,74.8,24.151,2.3482,52.425,4.793,225.69,0.012431,0.8289,65.482,19.168,44.325
590,2026-04-07T13:27:00,51.744,12.502,26.617,33.187,40.38,2716.9,3678.8,16.585,18.478,23.146,0.12777,0.073647,343.68,76.609,6.9143,13.558,31.925,4519.5,23.594,50.57,48.662,79.521,2.2103,1.6884,3111.0,42.468,54.282,94.585,9.2474,60.518,34.163,37.492,2646.5,63.669,24.796,45.872,0.31408,8.7391,26.618,120.37,1.0694,75.549,24.151,2.3482,52.425,4.793,226.98,0.012431,0.8289,65.393,19.168,44.325
591,2026-04-07T13:30:00,49.618,23.408,26.87,32.611,41.355,2716.8,3633.1,20.409,17.988,23.089,0.23936,0.073647,343.48,76.918,6.8406,13.766,32.062,4504.0,21.989,45.649,49.434,79.459,2.2749,1.6446,3110.6,42.306,52.956,94.602,9.3673,59.767,36.435,36.347,2646.4,63.387,25.024,45.89,0.30411,8.7649,26.837,120.37,1.1836,76.31,24.739,2.3133,52.425,4.7631,224.02,0.012431,0.8289,65.295,18.314,44.325
592,2026-04-07T13:33:00,47.821,23.596,27.087,32.611,40.465,2717.5,3663.7,14.845,17.988,23.239,0.23745,0.073647,343.5,76.951,6.8406,13.766,32.062,4449.7,24.343,41.49,49.618,79.35,2.2749,1.6446,3111.2,42.273,53.607,94.724,9.2954,63.228,36.976,36.193,2646.2,62.86,25.283,45.608,0.30537,8.7649,26.837,120.38,1.1836,75.831,24.739,2.3133,52.425,4.7631,224.47,0.012431,0.8289,65.19,18.314,44.325
593,2026-04-07T13:36:00,51.375,22.496,26.844,32.628,41.857,2722.6,3661.2,17.452,18.101,23.255,0.22618,0.073647,343.34,77.712,6.8995,13.812,31.962,4579.9,23.219,49.717,50.798,79.751,2.2833,1.6798,3116.2,42.177,54.15,94.495,9.4141,60.161,40.447,38.956,2652.1,63.555,25.336,45.429,0.32634,8.8753,26.927,120.41,1.1362,75.973,24.11,2.2761,52.425,4.716,223.75,0.012431,0.8289,65.157,18.357,44.325
594,2026-04-07T13:39:00,50.769,22.557,27.039,32.628,40.995,2723.6,3660.2,17.7,18.101,22.782,0.22555,0.08573,342.94,77.505,6.8995,13.812,31.962,4539.3,23.11,48.313,49.33,79.973,2.2833,1.6798,3120.1,41.981,54.635,94.608,9.4968,60.929,36.128,38.93,2652.7,63.572,25.237,45.318,0.32656,8.8753,26.927,120.39,1.1362,74.905,24.11,2.2761,53.15,4.716,226.02,0.017962,0.83063,65.253,18.357,44.172
595,2026-04-07T13:42:00,50.59,23.275,26.624,32.702,41.812,2725.1,3658.1,21.103,17.772,22.863,0.2412,0.08573,342.69,77.536,7.0872,13.638,32.325,4559.1,21.672,47.899,50.955,79.993,2.2494,1.6346,3119.8,42.095,54.367,94.456,9.39,62.376,40.91,38.798,2654.8,63.102,25.306,45.472,0.33742,8.8416,26.856,120.41,1.3259,75.437,24.794,2.3392,53.15,4.7119,223.13,0.017962,0.83063,65.317,18.477,44.172
596,2026-04-07T13:45:00,48.525,23.567,27.017,32.702,40.945,2725.4,3682.3,20.656,17.772,23.062,0.23823,0.08573,342.8,77.454,7.0872,13.638,32.325,4561.3,21.859,43.121,50.328,79.997,2.2494,1.6346,3121.5,42.31,54.342,94.584,9.298,61.491,39.064,39.519,2655.0,62.685,25.08,45.433,0.3315,8.8416,26.856,120.38,1.3259,75.08,24.794,2.3392,53.15,4.7119,222.4,0.017962,0.83063,65.362,18.477,44.172
597,2026-04-07T13:48:00,49.924,20.247,26.843,32.127,41.683,2722.5,3610.7,19.035,18.283,22.962,0.20273,0.08573,342.65,76.799,6.6123,13.809,32.423,4545.1,22.57,46.359,50.757,79.596,2.2115,1.6226,3117.6,42.01,54.3,94.619,9.3727,61.426,40.326,37.21,2652.0,62.167,25.071,45.22,0.31104,8.7557,27.287,120.39,1.2778,74.972,24.824,2.2825,53.15,4.7485,223.67,0.017962,0.83063,65.306,18.695,44.172
598,2026-04-07T13:51:00,49.975,20.147,26.799,32.127,39.751,2722.9,3607.8,18.398,18.283,23.106,0.20374,0.08573,342.96,77.117,6.6123,13.809,32.423,4581.6,22.839,46.475,49.141,79.491,2.2115,1.6226,3117.1,42.637,53.863,94.905,9.3606,61.564,35.573,37.043,2651.4,62.217,24.819,45.232,0.31241,8.7557,27.287,120.34,1.2778,74.766,24.824,2.2825,53.15,4.7485,222.51,0.017962,0.83063,65.2,18.695,44.172
599,2026-04-07T13:54:00,50.238,18.948,27.225,33.046,41.546,2723.4,3747.3,18.486,18.021,22.746,0.19303,0.095764,342.6,77.111,6.9471,13.757,31.78,4565.5,22.807,47.085,49.61,79.558,2.2544,1.6226,3120.4,42.411,53.554,94.482,9.354,61.61,36.953,39.237,2652.1,64.011,24.997,45.218,0.33072,8.604,27.145,120.44,1.2853,75.017,24.477,2.3523,53.092,4.847,222.02,0.025967,0.82593,65.14,18.793,43.35
600,2026-04-07T13:57:00,48.872,19.039,26.82,33.046,41.503,2722.2,3739.1,19.472,18.021,22.732,0.19211,0.095764,342.0,76.951,6.9471,13.757,31.78,4553.0,22.398,43.922,50.098,79.623,2.2544,1.6226,3118.6,42.277,53.704,94.488,9.3784,63.039,38.388,38.579,2651.8,64.153,25.025,45.052,0.33612,8.604,27.145,120.41,1.2853,75.1,24.477,2.3523,53.092,4.847,223.0,0.025967,0.82593,65.122,18.793,43.35
601,2026-04-07T14:00:00,48.437,25.247,26.969,32.805,42.094,2722.3,3682.9,19.042,18.115,22.778,0.25516,0.095764,342.11,77.577,6.7772,13.723,32.126,4531.6,22.56,42.917,49.837,79.682,2.2179,1.6485,3119.0,42.387,53.724,94.477,9.2832,60.849,37.621,38.548,2651.9,62.279,24.785,45.101,0.32442,8.9212,27.013,120.43,1.2144,75.419,24.904,2.2734,53.092,4.7909,221.56,0.025967,0.82593,65.121,18.799,43.35
602,2026-04-07T14:03:00,50.722,25.214,26.88,32.805,40.627,2724.4,3651.8,17.111,18.115,22.709,0.25549,0.095764,342.08,77.364,6.7772,13.723,32.126,4532.7,23.375,48.205,50.009,79.884,2.2179,1.6485,3120.4,42.787,53.71,94.784,9.2792,61.709,38.126,38.38,2653.3,62.814,24.756,45.091,0.3258,8.9212,27.013,120.4,1.2144,75.43,24.904,2.2734,53.092,4.7909,220.74,0.025967,0.82593,65.157,18.799,43.35
603,2026-04-07T14:06:00,49.381,22.032,27.257,32.596,41.841,2723.0,3721.9,19.702,18.12,22.663,0.22579,0.095764,341.41,77.309,6.8143,13.794,32.462,4526.0,22.28,45.101,48.821,79.893,2.2195,1.6512,3120.8,42.443,53.773,94.402,9.3228,60.792,34.63,38.056,2652.1,63.118,24.917,44.966,0.32006,8.751,26.365,120.42,1.3855,75.032,24.449,2.2936,53.092,4.7816,221.2,0.025967,0.82593,65.214,18.667,43.35
604,2026-04-07T14:09:00,49.4,22.144,27.166,32.596,41.118,2721.4,3690.8,20.857,18.12,22.591,0.22465,0.11467,341.66,77.267,6.8143,13.794,32.462,4518.0,21.794,45.145,50.177,79.848,2.2195,1.6512,3118.7,42.316,53.869,94.641,9.3691,61.374,38.62,37.918,2651.0,63.652,24.929,44.899,0.32119,8.751,26.365,120.38,1.3855,76.748,24.449,2.2936,53.626,4.7816,219.51,-0.0032548,0.81011,65.255,18.667,43.975
605,2026-04-07T14:12:00,50.237,19.034,27.101,32.86,41.343,2717.6,3686.4,16.647,17.996,22.744,0.1891,0.11467,341.19,76.907,6.8797,13.827,31.781,4557.0,23.584,47.082,51.879,79.69,2.2818,1.5923,3114.0,42.115,53.733,94.546,9.2251,61.349,43.629,39.248,2646.9,63.483,25.154,44.646,0.32497,8.9311,26.764,120.41,1.2663,75.434,24.425,2.2914,53.626,4.8392,220.75,-0.0032548,0.81011,65.238,18.382,43.975
606,2026-04-07T14:15:00,49.886,18.857,26.931,32.86,41.939,2715.6,3660.9,18.16,17.996,22.346,0.19091,0.11467,341.11,76.898,6.8797,13.827,31.781,4514.4,22.953,46.271,50.076,79.63,2.2818,1.5923,3113.0,42.279,54.242,94.666,9.244,62.889,38.325,38.78,2644.2,63.923,25.043,44.693,0.32881,8.9311,26.764,120.42,1.2663,76.122,24.425,2.2914,53.626,4.8392,218.68,-0.0032548,0.81011,65.196,18.382,43.975
607,2026-04-07T14:18:00,49.876,25.403,26.978,32.974,41.28,2715.5,3693.7,16.962,18.21,22.282,0.25748,0.11467,340.4,77.102,6.8954,13.976,31.887,4532.5,23.465,46.247,49.57,79.582,2.248,1.615,3113.2,42.537,54.768,94.686,9.2973,61.806,36.833,39.368,2644.0,62.817,25.569,44.292,0.33128,8.993,26.815,120.4,1.1401,75.325,24.784,2.302,53.626,4.7689,221.68,-0.0032548,0.81011,65.11,18.663,43.975
608,2026-04-07T14:21:00,48.01,25.29,27.22,32.974,40.829,2718.5,3692.8,21.354,18.21,22.692,0.25863,0.11467,340.63,77.448,6.8954,13.976,31.887,4542.1,21.599,41.93,48.721,79.897,2.248,1.615,3114.8,42.267,54.652,94.66,9.279,62.392,34.336,39.789,2648.4,62.834,25.617,44.413,0.32783,8.993,26.815,120.4,1.1401,74.749,24.784,2.302,53.626,4.7689,218.82,-0.0032548,0.81011,65.095,18.663,43.975
609,2026-04-07T14:24:00,50.193,24.526,26.794,32.643,40.876,2718.5,3689.1,19.806,18.531,22.387,0.25327,0.090763,340.64,77.079,6.9337,13.845,31.674,4527.4,22.262,46.981,49.901,79.908,2.2629,1.6703,3115.1,42.174,54.181,94.622,9.4138,58.947,37.808,41.109,2647.6,62.754,25.637,43.869,0.35044,8.9715,26.831,120.39,1.0833,75.239,24.394,2.2207,54.389,4.7683,218.49,0.026312,0.82952,65.099,18.47,43.401
610,2026-04-07T14:27:00,49.883,24.5,26.939,32.643,41.062,2716.1,3668.5,17.154,18.531,22.07,0.25354,0.090763,340.27,77.158,6.9337,13.845,31.674,4509.5,23.379,46.264,49.307,79.789,2.2629,1.6703,3114.6,42.637,54.395,94.706,9.2852,62.749,36.062,41.344,2644.1,63.108,25.759,43.744,0.34852,8.9715,26.831,120.4,1.0833,75.107,24.394,2.2207,54.389,4.7683,216.22,0.026312,0.82952,65.122,18.47,43.401
611,2026-04-07T14:30:00,50.405,27.133,27.095,32.222,41.38,2716.2,3638.3,17.992,18.857,22.364,0.27653,0.090763,340.0,76.987,6.9413,13.727,31.572,4583.1,23.037,47.471,50.774,79.746,2.2743,1.6557,3114.3,41.835,54.024,94.666,9.3441,61.256,40.378,39.85,2644.3,63.261,25.82,43.539,0.33321,9.0268,26.729,120.39,1.2291,74.799,25.093,2.2838,54.389,4.8965,214.89,0.026312,0.82952,65.076,18.739,43.401
612,2026-04-07T14:33:00,49.888,27.139,26.715,32.222,40.277,2716.8,3669.5,13.783,18.857,21.849,0.27648,0.090763,340.08,77.497,6.9413,13.727,31.572,4563.9,24.792,46.275,52.371,79.907,2.2743,1.6557,3116.3,42.472,54.254,94.668,9.1989,62.61,45.078,39.927,2645.5,62.725,25.422,43.128,0.33257,9.0268,26.729,120.37,1.2291,76.088,25.093,2.2838,54.389,4.8965,215.87,0.026312,0.82952,65.035,18.739,43.401
613,2026-04-07T14:36:00,49.489,28.79,26.961,32.549,41.799,2718.3,3664.9,18.616,18.777,22.135,0.29119,0.090763,340.09,77.155,7.0378,13.874,32.303,4511.5,22.765,45.352,48.833,79.94,2.2599,1.6692,3116.9,42.157,54.249,94.619,9.2082,63.08,34.665,38.009,2646.8,62.685,25.565,42.866,0.32203,8.8281,26.969,120.42,1.2112,75.905,24.757,2.2229,54.389,4.8715,215.17,0.026312,0.82952,65.035,18.772,43.401
614,2026-04-07T14:39:00,49.351,28.785,26.946,32.549,40.575,2717.0,3676.2,16.854,18.777,22.332,0.29124,0.086385,339.81,77.311,7.0378,13.874,32.303,4533.7,23.504,45.032,48.836,79.888,2.2599,1.6692,3116.5,42.444,53.983,94.672,9.2744,60.839,34.675,38.082,2646.2,62.49,25.518,43.299,0.32143,8.8281,26.969,120.39,1.2112,76.57,24.757,2.2229,53.328,4.8715,211.96,0.020078,0.83336,65.007,18.772,43.614
615,2026-04-07T14:42:00,49.15,22.168,27.113,32.752,41.079,2716.2,3626.5,17.655,18.793,22.524,0.22215,0.086385,340.55,77.137,6.7068,13.812,32.168,4509.5,23.169,44.567,50.368,79.91,2.3211,1.6419,3112.9,41.812,54.195,94.739,9.1691,63.089,39.184,39.769,2644.8,62.397,25.371,43.18,0.33958,9.028,26.709,120.4,1.2715,75.191,24.205,2.3032,53.328,4.8478,211.97,0.020078,0.83336,65.027,18.587,43.614
616,2026-04-07T14:45:00,49.782,22.012,26.374,32.752,40.753,2713.9,3657.1,17.915,18.793,22.074,0.22373,0.086385,340.28,77.003,6.7068,13.812,32.168,4510.5,23.068,46.029,50.846,79.826,2.3211,1.6419,3111.3,42.509,54.184,94.832,9.0878,63.279,40.591,40.217,2642.7,61.871,25.199,42.927,0.33591,9.028,26.709,120.37,1.2715,74.733,24.205,2.3032,53.328,4.8478,213.5,0.020078,0.83336,64.991,18.587,43.614
617,2026-04-07T14:48:00,50.334,23.133,26.945,32.315,40.843,2714.7,3723.7,18.638,18.533,22.26,0.23759,0.086385,340.27,76.825,6.8119,13.797,31.948,4527.9,22.77,47.306,49.189,79.856,2.3016,1.6683,3111.4,42.163,54.447,94.749,9.373,59.625,35.713,38.964,2642.8,63.638,25.05,42.851,0.33273,8.9582,26.848,120.41,1.2019,74.918,25.02,2.2193,53.328,4.8319,213.02,0.020078,0.83336,64.957,19.034,43.614
618,2026-04-07T14:51:00,50.686,23.406,26.688,32.315,41.548,2712.2,3696.9,19.119,18.533,21.835,0.23482,0.086385,339.49,76.86,6.8119,13.797,31.948,4542.4,22.568,48.121,49.79,79.871,2.3016,1.6683,3112.0,42.135,54.273,94.515,9.4713,58.631,37.482,39.681,2640.8,64.099,25.314,42.56,0.32685,8.9582,26.848,120.42,1.2019,75.695,25.02,2.2193,53.328,4.8319,215.02,0.020078,0.83336,64.939,19.034,43.614
619,2026-04-07T14:54:00,50.94,25.678,26.825,32.183,41.057,2709.5,3725.2,16.688,18.475,21.736,0.25693,0.099682,339.09,76.88,6.9732,13.703,31.583,4483.2,23.599,48.709,48.622,79.781,2.2718,1.6415,3108.1,42.161,53.878,94.776,9.2191,59.675,34.044,39.439,2637.0,62.806,25.503,42.787,0.32543,8.9491,26.638,120.4,1.369,75.226,24.429,2.2341,54.452,4.7217,212.21,0.0059636,0.8342,64.93,18.825,42.344
620,2026-04-07T14:57:00,49.704,25.628,26.843,32.183,41.293,2708.0,3711.6,19.799,18.475,21.79,0.25744,0.099682,339.08,76.993,6.9732,13.703,31.583,4487.8,22.288,45.848,50.885,79.862,2.2718,1.6415,3107.0,42.398,53.824,94.574,9.0676,63.081,40.704,39.481,2636.5,63.04,25.402,42.993,0.32509,8.9491,26.638,120.43,1.369,74.776,24.429,2.2341,54.452,4.7217,209.08,0.0059636,0.8342,64.906,18.825,42.344
621,2026-04-07T15:00:00,50.925,29.305,26.998,32.609,39.882,2705.8,3644.9,16.543,18.672,21.521,0.29954,0.099682,338.66,76.779,7.018,13.987,32.062,4493.5,23.675,48.674,49.912,79.744,2.2012,1.6744,3106.0,42.225,54.242,94.879,9.2538,59.244,37.84,37.667,2634.0,62.763,25.354,42.66,0.31834,8.9097,26.566,120.36,1.2603,75.308,24.816,2.2841,54.452,4.8523,211.96,0.0059636,0.8342,64.896,18.614,42.344
622,2026-04-07T15:03:00,50.134,29.398,26.795,32.609,41.357,2707.6,3663.7,18.454,18.672,21.747,0.29859,0.099682,338.89,77.346,7.018,13.987,32.062,4512.8,22.856,46.843,49.666,79.904,2.2012,1.6744,3105.7,42.209,54.012,94.644,9.2235,62.104,37.116,37.429,2635.9,62.438,25.226,42.586,0.32029,8.9097,26.566,120.45,1.2603,75.325,24.816,2.2841,54.452,4.8523,211.97,0.0059636,0.8342,64.884,18.614,42.344
623,2026-04-07T15:06:00,49.058,25.245,26.679,32.051,40.331,2707.7,3631.4,15.627,18.615,21.633,0.25576,0.099682,338.63,77.192,6.8582,13.903,32.053,4518.7,24.044,44.355,47.458,80.103,2.2401,1.6541,3107.2,42.409,54.469,94.919,9.1783,61.91,30.62,41.627,2636.2,62.496,25.141,42.714,0.34858,8.9492,26.168,120.37,1.2268,74.767,24.041,2.25,54.452,4.7721,209.67,0.0059636,0.8342,64.934,18.763,42.344
624,2026-04-07T15:09:00,51.58,25.078,26.892,32.051,40.447,2706.4,3639.8,17.869,18.615,21.509,0.25746,0.089684,338.72,77.141,6.8582,13.903,32.053,4527.4,23.103,50.191,50.407,80.032,2.2401,1.6541,3106.5,42.042,54.364,94.712,9.1707,60.491,39.299,41.733,2634.3,62.35,25.285,42.527,0.34771,8.9492,26.168,120.39,1.2268,75.924,24.041,2.25,53.563,4.7721,211.11,0.032598,0.86196,64.937,18.763,43.639
625,2026-04-07T15:12:00,50.513,25.534,26.974,32.46,41.179,2707.8,3687.2,19.237,19.08,21.531,0.25719,0.089684,338.74,77.151,6.9851,13.854,31.846,4522.5,22.523,47.721,47.836,80.135,2.2672,1.6627,3106.7,42.336,54.071,94.808,9.2653,60.907,31.73,40.691,2635.7,62.883,25.16,42.703,0.33914,8.8979,26.346,120.4,1.374,74.754,24.581,2.2473,53.563,4.8748,208.35,0.032598,0.86196,64.956,18.748,43.639
626,2026-04-07T15:15:00,52.006,25.426,26.786,32.46,40.926,2704.7,3689.1,18.149,19.08,21.652,0.25829,0.089684,338.18,76.93,6.9851,13.854,31.846,4526.6,22.991,51.176,49.725,80.035,2.2672,1.6627,3105.1,42.23,54.022,94.702,9.2682,60.415,37.291,41.029,2633.0,62.85,25.207,42.685,0.33637,8.8979,26.346,120.42,1.374,75.791,24.581,2.2473,53.563,4.8748,207.78,0.032598,0.86196,64.951,18.748,43.639
627,2026-04-07T15:18:00,48.188,27.736,26.658,32.01,40.153,2702.9,3635.0,18.456,18.457,21.428,0.27985,0.089684,338.26,76.898,6.8756,13.7,31.902,4531.6,22.871,42.341,48.935,79.91,2.2021,1.6629,3102.9,42.318,54.002,94.792,9.1452,60.766,34.967,40.257,2631.2,62.631,25.227,42.447,0.33257,8.8256,26.654,120.36,1.2138,74.278,24.775,2.2856,53.563,4.8243,209.69,0.032598,0.86196,64.932,18.861,43.639
628,2026-04-07T15:21:00,48.912,27.571,26.936,32.01,41.17,2702.2,3652.5,17.226,18.457,21.351,0.28153,0.089684,338.06,77.103,6.8756,13.7,31.902,4504.1,23.389,44.016,49.146,79.847,2.2021,1.6629,3103.1,42.45,54.332,94.847,9.2498,60.603,35.586,39.761,2630.0,62.33,25.384,42.205,0.33664,8.8256,26.654,120.39,1.2138,73.972,24.775,2.2856,53.563,4.8243,211.69,0.032598,0.86196,64.871,18.861,43.639
629,2026-04-07T15:24:00,50.05,27.433,26.937,32.14,40.038,2704.4,3655.2,19.191,18.516,21.426,0.27869,0.1096,337.79,77.417,6.8905,13.821,31.488,4509.6,22.551,46.649,50.888,80.049,2.3033,1.6135,3104.8,41.92,53.985,94.781,9.2718,61.532,40.713,37.818,2631.8,63.199,25.371,42.865,0.31834,8.969,26.215,120.41,1.2263,75.669,23.975,2.2126,53.872,4.7712,211.77,0.00604,0.85615,64.888,18.606,43.845
630,2026-04-07T15:27:00,51.53,27.265,26.963,32.14,41.557,2706.7,3696.3,17.373,18.516,21.754,0.2804,0.1096,338.22,77.487,6.8905,13.821,31.488,4504.3,23.309,50.074,49.654,80.296,2.3033,1.6135,3107.4,42.366,54.049,94.614,9.2543,60.016,37.083,37.872,2635.2,62.492,25.398,42.88,0.3179,8.969,26.215,120.42,1.2263,75.545,23.975,2.2126,53.872,4.7712,214.38,0.00604,0.85615,64.972,18.606,43.845
631,2026-04-07T15:30:00,49.586,32.065,26.956,32.3,40.484,2707.5,3673.5,16.036,18.955,21.374,0.32191,0.1096,337.74,77.42,6.8442,13.766,31.903,4527.1,23.864,45.577,49.153,80.376,2.2318,1.6557,3109.5,42.107,54.407,94.629,9.3541,60.291,35.607,39.677,2635.6,62.753,25.595,43.337,0.32889,8.9083,26.771,120.4,1.3458,75.343,24.403,2.2003,53.872,4.7785,211.98,0.00604,0.85615,65.061,18.517,43.845
632,2026-04-07T15:33:00,50.499,31.876,27.097,32.3,41.384,2707.4,3635.9,20.982,18.955,21.593,0.32383,0.1096,337.68,77.538,6.8442,13.766,31.903,4528.0,21.772,47.688,50.435,80.353,2.2318,1.6557,3109.5,42.546,54.396,94.563,9.3068,58.787,39.38,39.172,2635.2,63.399,25.476,43.461,0.33303,8.9083,26.771,120.43,1.3458,75.501,24.403,2.2003,53.872,4.7785,213.28,0.00604,0.85615,65.127,18.517,43.845
633,2026-04-07T15:36:00,51.05,28.431,26.719,32.229,41.196,2705.9,3667.6,18.098,19.005,21.472,0.28884,0.1096,338.33,76.691,6.9421,13.725,32.108,4531.7,23.013,48.965,49.109,80.18,2.2852,1.6539,3106.7,42.283,54.608,94.64,9.3304,61.474,35.479,39.108,2634.0,63.273,25.62,43.698,0.32107,8.8495,26.946,120.41,1.1538,75.737,23.896,2.3472,53.872,4.8821,213.33,0.00604,0.85615,65.154,19.005,43.845
634,2026-04-07T15:39:00,48.922,28.271,26.818,32.229,41.367,2702.7,3658.1,18.692,19.005,21.354,0.29047,0.10256,338.37,76.716,6.9421,13.725,32.108,4562.7,22.774,44.04,49.396,79.86,2.2852,1.6539,3103.7,42.831,54.237,94.691,9.1663,60.805,36.323,38.997,2630.6,63.437,25.438,43.707,0.32197,8.8495,26.946,120.41,1.1538,74.635,23.896,2.3472,53.589,4.8821,214.78,0.032075,0.88844,65.128,19.005,43.388
635,2026-04-07T15:42:00,49.251,26.667,27.356,32.092,40.221,2699.2,3630.9,19.221,18.379,21.542,0.27083,0.10256,337.96,76.749,7.0637,14.029,32.444,4492.6,22.564,44.802,49.341,79.684,2.2371,1.6364,3100.6,42.186,53.88,94.837,9.1485,60.95,36.16,38.283,2626.8,63.036,25.314,43.703,0.31803,8.9073,26.172,120.38,1.2843,74.761,24.136,2.2941,53.589,4.8884,217.12,0.032075,0.88844,65.029,18.862,43.388
636,2026-04-07T15:45:00,51.208,26.542,27.032,32.092,41.597,2700.8,3654.0,16.691,18.379,21.647,0.2721,0.10256,338.38,77.12,7.0637,14.029,32.444,4485.6,23.622,49.33,50.011,79.873,2.2371,1.6364,3099.9,42.258,53.964,94.683,9.3704,59.557,38.133,38.188,2627.8,62.637,24.965,43.773,0.31881,8.9073,26.172,120.41,1.2843,74.912,24.136,2.2941,53.589,4.8884,218.6,0.032075,0.88844,65.006,18.862,43.388
637,2026-04-07T15:48:00,49.989,23.396,26.884,32.418,40.476,2699.9,3619.6,18.754,18.955,21.74,0.2373,0.10256,338.42,77.015,6.9516,13.845,31.691,4536.3,22.753,46.508,51.339,80.065,2.2607,1.6714,3098.3,42.297,53.681,94.882,9.226,60.402,42.039,42.465,2628.1,62.05,25.08,43.95,0.351,9.0093,26.415,120.36,1.392,74.629,23.713,2.338,53.589,4.7445,218.84,0.032075,0.88844,65.045,18.963,43.388
638,2026-04-07T15:51:00,50.794,23.291,26.909,32.418,40.132,2697.9,3618.5,20.274,18.955,21.308,0.23836,0.10256,337.94,77.087,6.9516,13.845,31.691,4477.5,22.114,48.372,50.436,79.997,2.2607,1.6714,3098.4,42.602,54.385,94.96,9.1745,62.973,39.384,42.099,2625.9,62.069,25.251,44.3,0.354,9.0093,26.415,120.38,1.392,74.871,23.713,2.338,53.589,4.7445,217.14,0.032075,0.88844,65.096,18.963,43.388
639,2026-04-07T15:54:00,51.218,30.639,26.656,32.288,41.084,2702.9,3620.5,18.737,18.672,21.285,0.31176,0.090751,338.12,77.537,6.8774,14.029,32.112,4471.2,22.742,49.354,49.219,80.312,2.2726,1.6439,3102.7,42.117,54.19,94.688,9.2938,60.886,35.802,39.858,2631.3,62.899,25.498,45.026,0.33342,9.0387,26.861,120.41,1.3993,74.884,24.021,2.2914,53.567,4.8294,221.17,0.021186,0.87887,65.174,19.335,43.774
640,2026-04-07T15:57:00,50.49,30.817,27.358,32.288,41.259,2705.1,3630.0,16.746,18.672,21.594,0.30995,0.090751,338.45,77.3,6.8774,14.029,32.112,4481.8,23.581,47.668,49.866,80.386,2.2726,1.6439,3105.0,42.238,54.063,94.822,9.299,62.689,37.706,39.722,2632.2,62.735,25.221,45.484,0.33454,9.0387,26.861,120.4,1.3993,74.965,24.021,2.2914,53.567,4.8294,222.48,0.021186,0.87887,65.289,19.335,43.774
641,2026-04-07T16:00:00,48.999,26.787,26.746,32.37,41.327,2704.4,3651.3,18.018,18.441,21.699,0.27549,0.090751,338.76,77.78,6.9009,14.008,31.532,4501.8,23.027,44.217,50.851,80.353,2.2114,1.6642,3103.5,42.043,52.848,94.598,9.4458,59.595,40.605,42.336,2633.3,62.989,25.137,45.873,0.35484,8.9271,26.425,120.4,1.221,74.892,23.991,2.3191,53.567,4.8313,224.53,0.021186,0.87887,65.383,19.215,43.774
642,2026-04-07T16:03:00,51.406,26.868,26.634,32.37,40.573,2703.7,3631.3,22.604,18.441,21.591,0.27467,0.090751,339.1,77.282,6.9009,14.008,31.532,4435.7,21.101,49.789,49.225,80.362,2.2114,1.6642,3103.4,42.054,53.64,94.674,9.2897,60.989,35.819,42.278,2632.1,63.333,25.189,46.236,0.35531,8.9271,26.425,120.41,1.221,75.182,23.991,2.3191,53.567,4.8313,226.84,0.021186,0.87887,65.49,19.215,43.774
643,2026-04-07T16:06:00,50.483,32.868,26.64,32.567,40.361,2699.6,3651.2,16.718,19.352,20.94,0.33355,0.090751,338.27,76.602,6.7759,13.755,31.934,4478.8,23.611,47.653,49.085,79.956,2.283,1.6362,3101.8,42.979,53.334,94.62,9.3904,61.318,35.406,42.144,2627.5,62.777,25.31,46.874,0.35423,8.8822,26.018,120.4,1.3205,75.251,23.93,2.3664,53.567,4.8013,226.06,0.021186,0.87887,65.491,18.676,43.774
644,2026-04-07T16:09:00,52.316,32.849,26.997,32.567,41.079,2699.7,3629.0,14.518,19.352,21.663,0.33374,0.10737,339.34,77.059,6.7759,13.755,31.934,4470.7,24.539,51.894,49.727,79.754,2.283,1.6362,3099.6,42.821,53.431,94.8,9.223,61.092,37.298,42.349,2627.4,63.16,25.097,47.016,0.35255,8.8822,26.018,120.41,1.3205,74.768,23.93,2.3664,54.025,4.8013,229.15,0.015877,0.89281,65.471,18.676,43.797
645,2026-04-07T16:12:00,50.181,29.309,26.889,32.543,41.513,2705.0,3690.5,17.519,19.102,21.846,0.30145,0.10737,340.24,77.676,6.9803,13.858,31.98,4525.9,23.246,46.952,49.71,80.23,2.2981,1.6469,3103.7,42.146,54.064,94.508,9.4451,60.447,37.248,38.759,2633.2,63.24,25.172,47.135,0.32706,8.9935,26.4,120.43,1.2411,74.731,24.07,2.3932,54.025,4.9812,233.42,0.015877,0.89281,65.5,18.807,43.797
646,2026-04-07T16:15:00,50.464,29.387,26.659,32.543,41.565,2706.4,3683.0,19.191,19.102,21.586,0.30066,0.10737,339.89,77.404,6.9803,13.858,31.98,4520.3,22.534,47.609,50.786,80.442,2.2981,1.6469,3105.9,42.276,54.131,94.536,9.3554,60.896,40.413,39.07,2634.8,63.369,25.383,47.73,0.32451,8.9935,26.4,120.42,1.2411,73.979,24.07,2.3932,54.025,4.9812,232.24,0.015877,0.89281,65.643,18.807,43.797
647,2026-04-07T16:18:00,50.695,29.242,26.363,32.755,42.171,2704.7,3635.7,19.633,19.068,21.578,0.29794,0.10737,340.16,77.409,6.9111,13.791,32.052,4517.0,22.347,48.141,50.127,80.303,2.2509,1.6843,3103.7,41.953,53.855,94.493,9.3393,62.582,38.473,40.334,2633.7,62.392,25.484,48.124,0.33669,8.9408,25.94,120.42,1.193,74.776,24.226,2.2916,54.025,4.8522,233.29,0.015877,0.89281,65.74,18.834,43.797
648,2026-04-07T16:21:00,48.709,29.051,27.169,32.755,40.572,2703.4,3637.9,20.081,19.068,22.218,0.29988,0.10737,340.77,76.972,6.9111,13.791,32.052,4461.8,22.172,43.546,50.477,80.141,2.2509,1.6843,3101.5,42.167,54.515,94.704,9.2701,62.204,39.505,40.481,2632.1,62.354,25.582,48.57,0.33549,8.9408,25.94,120.42,1.193,75.056,24.226,2.2916,54.025,4.8522,233.75,0.015877,0.89281,65.826,18.834,43.797
649,2026-04-07T16:24:00,49.454,28.835,27.183,33.2,41.573,2701.2,3633.2,15.082,18.929,21.973,0.29184,0.11803,340.36,76.977,6.6756,13.908,32.534,4508.9,24.289,45.27,50.517,79.81,2.2889,1.6592,3100.2,42.474,53.879,94.623,9.4653,60.909,39.623,39.332,2629.7,62.984,25.47,49.311,0.33014,8.8788,26.102,120.42,1.1478,74.319,23.992,2.3823,54.058,4.777,235.95,0.019494,0.87525,65.785,18.92,44.406
650,2026-04-07T16:27:00,50.401,28.818,27.224,33.2,40.771,2703.0,3648.6,15.027,18.929,22.056,0.29202,0.11803,341.12,77.496,6.6756,13.908,32.534,4499.5,24.296,47.462,50.76,79.966,2.2889,1.6592,3101.8,42.415,53.991,94.671,9.3343,62.246,40.336,38.84,2631.6,62.718,25.265,49.781,0.33418,8.8788,26.102,120.4,1.1478,74.722,23.992,2.3823,54.058,4.777,238.34,0.019494,0.87525,65.79,18.92,44.406
651,2026-04-07T16:30:00,50.159,24.116,26.967,32.939,41.961,2704.3,3724.3,18.634,18.715,22.012,0.24431,0.11803,341.03,77.152,6.8985,13.976,31.932,4508.2,22.779,46.901,49.129,80.195,2.2696,1.6713,3103.2,42.445,53.659,94.53,9.3931,60.759,35.536,41.129,2632.6,63.564,25.439,50.313,0.34131,8.9783,26.017,120.41,1.3402,74.639,23.848,2.2746,54.058,4.825,239.96,0.019494,0.87525,65.885,19.058,44.406
652,2026-04-07T16:33:00,52.397,24.046,26.953,32.939,41.995,2702.8,3706.6,16.727,18.715,21.803,0.24503,0.11803,340.51,77.428,6.8985,13.976,31.932,4519.7,23.571,52.082,49.139,80.179,2.2696,1.6713,3101.2,42.673,53.522,94.423,9.4236,61.995,35.567,40.815,2631.6,63.869,25.297,50.525,0.34388,8.9783,26.017,120.41,1.3402,74.867,23.848,2.2746,54.058,4.825,245.14,0.019494,0.87525,65.984,19.058,44.406
653,2026-04-07T16:36:00,50.478,29.841,26.819,32.919,40.603,2701.6,3645.3,16.577,18.895,21.643,0.30156,0.11803,340.83,77.023,6.6804,13.894,31.973,4500.6,23.647,47.64,50.16,80.085,2.2998,1.681,3100.3,42.344,53.376,94.613,9.306,60.225,38.571,41.367,2629.7,63.058,25.36,51.395,0.35586,9.076,26.196,120.4,1.212,74.688,23.922,2.3485,54.058,4.7988,242.87,0.019494,0.87525,66.082,18.903,44.406
654,2026-04-07T16:39:00,48.426,29.794,26.922,32.919,41.514,2702.3,3623.3,16.978,18.895,22.089,0.30203,0.08017,340.76,77.502,6.6804,13.894,31.973,4472.8,23.462,42.891,50.357,80.161,2.2998,1.681,3100.4,42.087,53.708,94.556,9.2507,61.111,39.15,42.141,2631.3,63.437,25.427,51.412,0.34952,9.076,26.196,120.4,1.212,74.85,23.922,2.3485,53.107,4.7988,246.11,0.0083844,0.85704,66.134,18.903,44.157
655,2026-04-07T16:42:00,50.553,29.5,27.109,32.794,42.016,2704.2,3689.3,14.66,18.875,22.354,0.30195,0.08017,341.24,76.99,6.7182,13.791,32.295,4502.8,24.446,47.814,49.641,80.295,2.24,1.7053,3100.4,42.259,53.694,94.482,9.4692,60.86,37.045,40.87,2633.5,64.301,25.361,52.091,0.34326,9.0122,26.048,120.4,1.2175,74.603,23.682,2.3607,53.107,4.8262,244.14,0.0083844,0.85704,66.252,19.042,44.157
656,2026-04-07T16:45:00,48.634,29.379,26.964,32.794,41.762,2700.2,3704.7,20.001,18.875,21.751,0.30318,0.08017,341.04,76.982,6.7182,13.791,32.295,4504.4,22.201,43.373,49.504,79.991,2.24,1.7053,3100.1,42.12,53.676,94.406,9.2783,62.006,36.64,40.631,2628.5,64.036,25.478,52.267,0.34522,9.0122,26.048,120.41,1.2175,74.542,23.682,2.3607,53.107,4.8262,247.82,0.0083844,0.85704,66.281,19.042,44.157
657,2026-04-07T16:48:00,52.007,26.508,27.118,32.885,40.996,2699.4,3716.8,17.501,18.401,22.298,0.27129,0.08017,341.69,77.267,6.9099,13.922,31.677,4456.3,23.25,51.178,49.562,79.971,2.2717,1.6325,3096.5,42.024,53.879,94.392,9.3738,59.889,36.811,39.751,2628.2,63.67,25.575,52.384,0.33015,8.9755,25.941,120.41,1.2609,74.624,23.576,2.3141,53.107,4.8345,252.16,0.0083844,0.85704,66.298,18.655,44.157
658,2026-04-07T16:51:00,51.887,26.507,26.721,32.885,41.572,2698.2,3715.1,17.855,18.401,21.832,0.27131,0.08017,341.25,77.084,6.9099,13.922,31.677,4535.1,23.105,50.901,50.53,80.043,2.2717,1.6325,3096.9,42.426,52.935,94.476,9.3076,62.284,39.66,39.323,2627.1,63.699,25.811,52.925,0.33365,8.9755,25.941,120.39,1.2609,75.112,23.576,2.3141,53.107,4.8345,251.74,0.0083844,0.85704,66.348,18.655,44.157
659,2026-04-07T16:54:00,50.095,32.693,26.856,32.597,41.745,2699.6,3673.0,15.652,18.141,22.217,0.33215,0.078858,341.71,77.13,6.9452,13.872,31.945,4526.9,24.031,46.754,49.119,80.081,2.2454,1.6613,3096.8,42.374,53.97,94.485,9.3827,61.621,35.508,41.004,2627.7,62.805,25.72,52.951,0.34889,8.8082,26.444,120.38,1.1514,74.491,23.92,2.2908,53.243,4.892,252.43,0.014858,0.83855,66.381,19.192,42.746
660,2026-04-07T16:57:00,49.61,32.808,27.11,32.597,41.722,2701.8,3646.9,19.615,18.141,22.264,0.33098,0.078858,341.78,77.48,6.9452,13.872,31.945,4538.6,22.348,45.632,50.877,80.214,2.2454,1.6613,3099.6,42.381,53.829,94.516,9.3318,60.976,40.68,41.449,2630.7,63.256,25.694,53.211,0.34524,8.8082,26.444,120.4,1.1514,73.99,23.92,2.2908,53.243,4.892,253.08,0.014858,0.83855,66.442,19.192,42.746
661,2026-04-07T17:00:00,51.422,30.324,26.663,33.012,41.581,2701.6,3636.9,15.549,18.374,22.193,0.31233,0.078858,342.32,77.284,6.9761,13.958,32.328,4485.4,24.061,49.826,49.527,80.23,2.2369,1.6716,3099.0,42.228,53.123,94.54,9.515,58.682,36.707,40.549,2630.5,63.074,25.634,53.635,0.34256,9.0238,26.284,120.4,1.3014,75.529,23.553,2.2963,53.243,4.8011,251.83,0.014858,0.83855,66.542,18.703,42.746
662,2026-04-07T17:03:00,50.106,30.497,27.229,33.012,41.177,2702.4,3652.1,18.392,18.374,22.585,0.31057,0.078858,342.84,77.337,6.9761,13.958,32.328,4473.2,22.858,46.778,48.979,80.227,2.2369,1.6716,3099.0,42.52,53.27,94.521,9.2815,61.063,35.095,40.797,2631.3,62.813,25.346,53.818,0.34053,9.0238,26.284,120.39,1.3014,75.657,23.553,2.2963,53.243,4.8011,253.26,0.014858,0.83855,66.611,18.703,42.746
663,2026-04-07T17:06:00,48.962,26.998,26.768,32.609,41.119,2703.4,3683.6,19.685,18.852,22.495,0.27301,0.078858,342.92,77.239,6.7038,13.905,32.205,4533.3,22.311,44.133,50.247,80.285,2.2814,1.6783,3098.1,42.305,53.723,94.549,9.3957,59.739,38.826,41.825,2633.8,61.925,25.417,54.11,0.35208,9.0829,26.59,120.39,1.1729,74.633,23.636,2.3605,53.243,4.8605,253.47,0.014858,0.83855,66.642,19.122,42.746
664,2026-04-07T17:09:00,52.12,26.855,27.019,32.609,41.522,2701.6,3674.5,19.568,18.852,22.719,0.27446,0.094346,343.47,76.944,6.7038,13.905,32.205,4528.1,22.371,51.439,50.901,80.039,2.2814,1.6783,3096.9,42.147,53.785,94.715,9.2963,61.762,40.752,41.329,2631.0,62.081,25.275,53.95,0.35615,9.0829,26.59,120.42,1.1729,75.36,23.636,2.3605,53.338,4.8605,253.68,0.018866,0.82159,66.674,19.122,44.398
665,2026-04-07T17:12:00,49.466,28.008,26.931,33.43,40.579,2700.6,3736.1,17.372,18.431,22.538,0.28504,0.094346,343.35,77.021,6.723,14.006,32.143,4465.9,23.302,45.298,49.22,79.87,2.2536,1.6721,3096.1,42.184,53.478,94.442,9.2292,60.782,35.806,41.588,2628.9,63.45,25.293,53.803,0.34375,9.1059,26.139,120.37,1.1544,75.043,23.456,2.253,53.338,4.8636,256.66,0.018866,0.82159,66.62,18.81,44.398
666,2026-04-07T17:15:00,50.203,28.449,26.99,33.43,42.065,2700.1,3677.0,18.996,18.431,22.53,0.28055,0.094346,343.09,77.306,6.723,14.006,32.143,4474.2,22.612,47.004,50.231,79.913,2.2536,1.6721,3096.2,42.343,53.379,94.544,9.3658,60.788,38.781,41.177,2628.7,64.467,25.665,53.94,0.34711,9.1059,26.139,120.43,1.1544,74.444,23.456,2.253,53.338,4.8636,256.45,0.018866,0.82159,66.573,18.81,44.398
667,2026-04-07T17:18:00,53.092,28.447,26.891,33.589,40.925,2699.9,3736.7,17.928,18.409,22.454,0.29274,0.094346,342.9,77.413,6.8926,13.916,32.1,4476.2,23.055,53.69,52.081,80.082,2.2774,1.6289,3096.3,42.374,54.088,94.342,9.2689,61.651,44.223,42.447,2628.8,63.43,25.617,54.178,0.36037,8.962,25.732,120.38,1.3421,75.088,23.57,2.2602,53.338,4.8105,255.06,0.018866,0.82159,66.635,18.913,44.398
668,2026-04-07T17:21:00,48.962,28.641,27.008,33.589,42.94,2702.8,3726.5,17.148,18.409,22.735,0.29076,0.094346,343.3,77.546,6.8926,13.916,32.1,4495.2,23.365,44.131,51.284,80.438,2.2774,1.6289,3097.2,42.443,53.861,94.351,9.3175,62.483,41.878,42.676,2632.1,63.605,25.532,54.025,0.3585,8.962,25.732,120.46,1.3421,74.697,23.57,2.2602,53.338,4.8105,258.0,0.018866,0.82159,66.707,18.913,44.398
669,2026-04-07T17:24:00,49.271,28.904,26.736,33.848,41.444,2700.9,3634.0,18.514,18.429,22.446,0.29785,0.10414,343.23,77.556,6.6852,13.818,32.478,4482.8,22.779,44.848,50.161,80.432,2.2377,1.6762,3097.6,42.472,53.742,94.345,9.3962,59.977,38.575,41.639,2630.7,63.781,25.369,54.174,0.34906,8.8463,25.925,120.38,1.2429,74.857,23.65,2.1999,54.081,4.8222,252.54,0.031009,0.80748,66.808,18.633,44.13
670,2026-04-07T17:27:00,49.796,29.157,26.566,33.848,41.811,2698.5,3677.3,16.625,18.429,22.226,0.29529,0.10414,343.55,77.078,6.6852,13.818,32.478,4438.2,23.592,46.061,49.381,80.137,2.2377,1.6762,3094.4,42.094,54.276,94.44,9.2687,62.483,36.277,41.695,2627.2,63.035,25.086,54.114,0.3486,8.8463,25.925,120.38,1.2429,74.141,23.65,2.1999,54.081,4.8222,252.25,0.031009,0.80748,66.794,18.633,44.13
671,2026-04-07T17:30:00,49.332,25.348,26.67,33.489,40.741,2696.0,3718.8,14.579,18.828,22.017,0.25867,0.10414,343.33,77.219,7.0699,13.794,32.42,4539.4,24.458,44.987,49.389,79.926,2.2748,1.6823,3092.6,42.502,53.751,94.52,9.4251,57.915,36.302,40.399,2625.3,64.227,24.984,53.803,0.3382,9.0241,25.946,120.38,1.1766,74.765,23.555,2.3899,54.081,4.8714,254.85,0.031009,0.80748,66.731,18.69,44.13
672,2026-04-07T17:33:00,49.517,25.386,26.803,33.489,42.188,2697.8,3720.4,17.896,18.828,22.557,0.25829,0.10414,343.52,77.465,7.0699,13.794,32.42,4474.0,23.051,45.415,49.885,80.132,2.2748,1.6823,3093.6,42.47,54.534,94.298,9.4817,61.318,37.762,39.985,2627.1,64.2,25.245,53.752,0.3416,9.0241,25.946,120.42,1.1766,74.516,23.555,2.3899,54.081,4.8714,254.55,0.031009,0.80748,66.674,18.69,44.13
673,2026-04-07T17:36:00,49.775,25.582,26.769,33.112,40.934,2698.0,3630.4,17.55,18.317,22.387,0.26223,0.10414,343.84,77.196,6.815,13.95,32.494,4544.4,23.199,46.014,50.649,80.246,2.2786,1.6568,3092.7,42.446,53.573,94.513,9.3053,62.236,40.01,40.011,2627.6,62.379,25.072,53.555,0.33594,9.0259,25.725,120.38,1.1481,73.911,23.502,2.2929,54.081,4.9119,255.83,0.031009,0.80748,66.713,18.786,44.13
674,2026-04-07T17:39:00,50.383,25.585,26.75,33.112,40.905,2698.5,3608.3,18.52,18.317,22.862,0.2622,0.081337,344.01,77.681,6.815,13.95,32.494,4485.6,22.775,47.42,49.057,80.24,2.2786,1.6568,3092.8,42.434,54.276,94.551,9.3094,60.662,35.325,40.14,2628.7,62.758,25.125,53.387,0.33488,9.0259,25.725,120.38,1.1481,75.157,23.502,2.2929,53.432,4.9119,252.33,-0.002928,0.8105,66.698,18.786,44.274
675,2026-04-07T17:42:00,50.591,24.594,26.806,33.481,40.72,2698.3,3721.2,18.607,18.295,22.837,0.25222,0.081337,343.9,77.218,6.8695,13.942,32.632,4496.5,22.747,47.902,50.141,80.172,2.2557,1.6603,3092.4,42.213,53.915,94.723,9.3108,62.748,38.516,42.037,2628.0,62.995,25.232,53.259,0.35416,8.9017,26.024,120.37,1.322,74.809,23.623,2.1913,53.432,4.6975,250.89,-0.002928,0.8105,66.696,18.7,44.274
676,2026-04-07T17:45:00,50.197,24.784,27.093,33.481,41.595,2697.5,3686.2,16.818,18.295,22.614,0.25029,0.081337,343.57,77.096,6.8695,13.942,32.632,4527.2,23.502,46.99,49.192,80.223,2.2557,1.6603,3092.6,42.327,53.548,94.314,9.4194,60.349,35.722,41.903,2627.0,63.597,25.13,52.975,0.35526,8.9017,26.024,120.39,1.322,76.088,23.623,2.1913,53.432,4.6975,251.23,-0.002928,0.8105,66.685,18.7,44.274
677,2026-04-07T17:48:00,50.979,23.051,27.094,33.971,41.082,2696.0,3657.5,18.136,18.435,22.88,0.23359,0.081337,343.46,77.322,6.7594,13.814,32.629,4522.9,22.944,48.801,49.251,80.107,2.2553,1.6628,3090.5,42.658,53.815,94.756,9.291,63.427,35.896,41.811,2624.9,63.651,25.105,52.742,0.35563,8.9296,26.048,120.39,1.2143,74.67,23.122,2.3228,53.432,4.8252,251.03,-0.002928,0.8105,66.652,18.612,44.274
678,2026-04-07T17:51:00,50.239,23.016,26.906,33.971,42.005,2695.4,3682.8,19.491,18.435,22.52,0.23395,0.081337,342.95,77.245,6.7594,13.814,32.629,4443.7,22.375,47.088,48.436,80.163,2.2553,1.6628,3090.1,42.432,54.764,94.375,9.4317,59.18,33.497,41.801,2624.2,63.215,25.187,52.63,0.35572,8.9296,26.048,120.39,1.2143,75.49,23.122,2.3228,53.432,4.8252,249.49,-0.002928,0.8105,66.603,18.612,44.274
679,2026-04-07T17:54:00,47.522,22.722,27.288,33.528,40.423,2695.4,3724.5,18.471,18.313,22.493,0.22822,0.094642,343.1,77.562,7.0427,13.843,32.738,4517.2,22.794,40.8,50.978,80.263,2.2681,1.6201,3091.1,42.104,54.122,94.668,9.4263,61.829,40.979,40.394,2624.9,63.527,25.443,52.407,0.34002,8.9577,25.914,120.37,1.3861,74.926,23.274,2.2878,54.174,4.8512,249.51,0.02698,0.80287,66.606,18.94,43.763
680,2026-04-07T17:57:00,49.323,22.425,26.913,33.528,41.622,2695.7,3743.2,17.017,18.313,22.349,0.23124,0.094642,342.97,77.358,7.0427,13.843,32.738,4501.0,23.406,44.966,48.66,80.388,2.2681,1.6201,3090.8,42.262,54.315,94.293,9.3057,61.937,34.155,40.236,2624.8,63.206,25.251,52.353,0.34132,8.9577,25.914,120.42,1.3861,75.106,23.274,2.2878,54.174,4.8512,247.44,0.02698,0.80287,66.612,18.94,43.763
681,2026-04-07T18:00:00,49.011,20.911,26.973,33.63,40.61,2694.5,3665.6,17.366,18.34,22.404,0.21518,0.094642,342.99,77.59,6.7577,13.976,32.048,4508.7,23.246,44.246,50.172,80.449,2.2834,1.6945,3090.1,42.296,53.419,94.661,9.337,62.24,38.607,41.268,2623.5,62.038,25.337,52.18,0.33923,8.9528,25.864,120.4,1.1978,74.936,23.725,2.3953,54.174,4.8676,246.69,0.02698,0.80287,66.647,18.832,43.763
682,2026-04-07T18:03:00,49.386,21.234,26.934,33.63,40.562,2693.6,3644.2,18.559,18.34,22.366,0.21189,0.094642,342.48,77.548,6.7577,13.976,32.048,4523.3,22.743,45.113,50.207,80.383,2.2834,1.6945,3089.2,42.239,53.244,94.582,9.2895,62.052,38.71,40.892,2622.3,62.407,25.193,51.948,0.34231,8.9528,25.864,120.42,1.1978,74.668,23.725,2.3953,54.174,4.8676,246.61,0.02698,0.80287,66.613,18.832,43.763
683,2026-04-07T18:06:00,50.823,27.571,27.09,33.246,41.44,2694.7,3720.6,19.209,18.408,22.139,0.2768,0.094642,342.6,77.391,7.0601,13.824,32.346,4456.6,22.471,48.438,50.166,80.327,2.2999,1.676,3091.1,42.632,54.286,94.67,9.27,60.889,38.589,42.098,2623.1,63.575,25.053,51.658,0.36259,8.7958,26.176,120.39,1.3152,74.798,23.286,2.3464,54.174,4.8187,247.2,0.02698,0.80287,66.591,18.98,43.763
684,2026-04-07T18:09:00,50.389,27.278,26.988,33.246,41.07,2693.0,3687.7,17.311,18.408,22.206,0.27978,0.11239,342.22,77.334,7.0601,13.824,32.346,4488.9,23.277,47.434,49.117,80.257,2.2999,1.676,3090.3,42.336,53.899,94.51,9.3842,61.822,35.503,42.54,2621.3,64.141,25.282,51.457,0.35897,8.7958,26.176,120.41,1.3152,74.764,23.286,2.3464,53.818,4.8187,244.05,0.019175,0.80196,66.542,18.98,43.033
685,2026-04-07T18:12:00,48.356,24.414,27.285,33.235,40.521,2692.6,3629.3,18.904,18.552,22.02,0.25093,0.11239,342.13,77.735,7.054,13.94,32.888,4504.5,22.595,42.729,51.229,80.175,2.2702,1.6997,3090.4,42.044,53.33,94.7,9.328,62.674,41.717,40.835,2621.0,62.467,25.374,51.238,0.34044,8.9533,25.77,120.39,1.353,74.877,23.426,2.2924,53.818,4.9516,242.72,0.019175,0.80196,66.474,18.65,43.033
686,2026-04-07T18:15:00,51.175,24.601,26.967,33.235,40.859,2696.2,3625.1,17.023,18.552,22.613,0.24903,0.11239,342.17,78.016,7.054,13.94,32.888,4462.7,23.371,49.252,48.61,80.492,2.2702,1.6997,3091.3,42.108,53.83,94.621,9.4093,62.409,34.009,40.584,2625.1,62.539,25.334,50.954,0.3425,8.9533,25.77,120.41,1.353,74.896,23.426,2.2924,53.818,4.9516,242.11,0.019175,0.80196,66.44,18.65,43.033
687,2026-04-07T18:18:00,49.69,18.655,27.159,33.669,39.818,2697.3,3596.8,17.798,18.164,22.467,0.1957,0.11239,342.49,77.539,6.9302,13.929,32.119,4486.3,23.047,45.816,49.996,80.58,2.3119,1.6694,3092.8,42.286,54.351,94.752,9.3771,61.586,38.089,42.215,2625.2,62.916,24.991,50.625,0.35533,8.8721,26.036,120.37,1.3347,74.113,23.802,2.3004,53.818,4.8288,241.96,0.019175,0.80196,66.504,18.89,43.033
688,2026-04-07T18:21:00,51.481,19.016,26.799,33.669,40.947,2694.6,3634.2,20.772,18.164,21.985,0.19203,0.11239,342.42,77.177,6.9302,13.929,32.119,4547.0,21.81,49.961,51.063,80.294,2.3119,1.6694,3091.0,42.179,53.625,94.799,9.3639,59.743,41.23,42.17,2623.1,62.272,25.047,50.284,0.3557,8.8721,26.036,120.39,1.3347,75.208,23.802,2.3004,53.818,4.8288,241.99,0.019175,0.80196,66.456,18.89,43.033
689,2026-04-07T18:24:00,50.495,26.032,26.975,33.302,40.413,2697.1,3664.7,20.119,18.179,22.291,0.26296,0.091062,342.46,77.595,6.7539,13.913,32.505,4488.9,22.076,47.681,50.33,80.292,2.3016,1.6996,3091.8,42.134,53.73,94.697,9.2833,60.694,39.071,42.262,2625.6,62.729,25.004,50.219,0.35403,9.021,26.079,120.39,1.1916,73.882,22.937,2.3249,54.632,4.8194,238.06,0.029243,0.81758,66.356,19.195,42.91
690,2026-04-07T18:27:00,49.972,25.947,26.997,33.302,40.882,2698.9,3668.3,17.702,18.179,22.498,0.26383,0.091062,342.51,77.785,6.7539,13.913,32.505,4449.7,23.084,46.469,48.51,80.417,2.3016,1.6996,3094.8,42.159,54.199,94.702,9.3578,61.031,33.716,41.903,2627.9,62.666,24.95,49.807,0.35697,9.021,26.079,120.4,1.1916,74.346,22.937,2.3249,54.632,4.8194,238.55,0.029243,0.81758,66.316,19.195,42.91
691,2026-04-07T18:30:00,51.113,22.271,26.923,33.061,41.562,2698.8,3690.7,16.551,18.366,22.202,0.22386,0.091062,342.52,77.786,6.8628,13.838,32.191,4445.3,23.563,49.11,51.362,80.453,2.2997,1.658,3095.1,41.952,53.46,94.494,9.4343,61.843,42.109,42.205,2628.3,63.865,24.732,49.615,0.35211,8.9162,25.866,120.41,1.324,74.947,23.17,2.2498,54.632,4.9017,236.56,0.029243,0.81758,66.288,18.939,42.91
692,2026-04-07T18:33:00,49.62,22.188,26.743,33.061,41.813,2699.2,3718.8,18.036,18.366,22.276,0.2247,0.091062,342.62,77.543,6.8628,13.838,32.191,4448.0,22.939,45.654,49.72,80.494,2.2997,1.658,3095.3,42.355,53.427,94.431,9.4638,59.671,37.276,42.144,2627.5,63.383,24.644,49.327,0.35262,8.9162,25.866,120.41,1.324,74.919,23.17,2.2498,54.632,4.9017,235.66,0.029243,0.81758,66.26,18.939,42.91
693,2026-04-07T18:36:00,49.616,25.088,26.979,33.808,40.493,2698.3,3671.7,16.935,18.288,22.175,0.25268,0.091062,342.74,77.455,6.7218,13.861,32.864,4486.9,23.402,45.646,50.54,80.383,2.2752,1.6476,3095.1,42.465,53.541,94.502,9.5451,60.836,39.688,41.416,2626.9,63.306,24.821,48.87,0.34285,8.8201,25.694,120.41,1.3294,73.858,23.006,2.283,54.632,4.9397,236.7,0.029243,0.81758,66.229,18.508,42.91
694,2026-04-07T18:39:00,51.051,24.808,27.081,33.808,41.098,2696.5,3638.8,17.972,18.288,21.998,0.25553,0.095799,342.24,77.126,6.7218,13.861,32.864,4448.8,22.981,48.966,50.843,80.163,2.2752,1.6476,3095.4,42.756,53.998,94.577,9.5646,62.713,40.581,41.144,2624.7,63.872,24.844,49.003,0.34508,8.8201,25.694,120.39,1.3294,74.834,23.006,2.283,53.826,4.9397,235.11,0.026688,0.80668,66.174,18.508,43.763
695,2026-04-07T18:42:00,50.334,18.018,26.998,33.298,41.61,2697.2,3697.4,15.939,18.155,22.441,0.18725,0.095799,342.74,77.68,7.2057,13.95,32.223,4526.2,23.821,47.308,50.064,80.238,2.2337,1.681,3093.2,42.031,54.137,94.474,9.529,62.8,38.288,41.412,2626.9,64.185,24.816,48.778,0.34813,8.9599,25.557,120.42,1.2097,74.241,23.431,2.401,53.826,4.9012,235.33,0.026688,0.80668,66.079,18.958,43.763
696,2026-04-07T18:45:00,49.972,18.23,26.792,33.298,41.506,2698.1,3704.4,16.591,18.155,22.177,0.1851,0.095799,342.03,77.528,7.2057,13.95,32.223,4580.3,23.546,46.47,50.461,80.392,2.2337,1.681,3095.0,42.454,53.49,94.42,9.5141,61.745,39.456,40.962,2626.7,64.064,24.802,48.747,0.35181,8.9599,25.557,120.42,1.2097,74.582,23.431,2.401,53.826,4.9012,233.36,0.026688,0.80668,66.071,18.958,43.763
697,2026-04-07T18:48:00,48.805,23.884,26.793,33.384,41.162,2697.8,3568.7,17.346,18.282,22.146,0.2444,0.095799,342.37,77.463,6.8875,13.993,32.394,4521.8,23.227,43.768,51.381,80.405,2.2629,1.6711,3094.6,42.252,53.092,94.724,9.4399,60.8,42.165,42.514,2626.9,62.079,24.792,48.618,0.35958,9.0023,26.235,120.4,1.2419,75.428,23.417,2.3625,53.826,4.9054,232.48,0.026688,0.80668,66.093,18.605,43.763
698,2026-04-07T18:51:00,51.809,23.722,26.684,33.384,40.586,2700.1,3569.0,17.144,18.282,22.78,0.24605,0.095799,342.92,77.694,6.8875,13.993,32.394,4456.8,23.303,50.72,50.313,80.365,2.2629,1.6711,3093.8,42.324,53.87,94.782,9.4217,61.258,39.022,42.84,2630.4,62.074,24.774,48.251,0.35691,9.0023,26.235,120.37,1.2419,74.33,23.417,2.3625,53.826,4.9054,234.29,0.026688,0.80668,66.063,18.605,43.763
699,2026-04-07T18:54:00,51.292,22.199,26.846,33.079,41.432,2702.4,3647.5,18.082,18.499,22.514,0.22593,0.10379,342.81,77.398,6.9052,13.822,32.12,4497.9,22.91,49.524,49.69,80.45,2.2655,1.6588,3097.5,42.495,54.244,94.628,9.3246,60.493,37.187,43.188,2631.1,63.359,24.751,47.959,0.36542,8.8801,26.235,120.4,1.3046,74.158,23.745,2.2757,53.902,4.9371,231.66,0.015591,0.81009,66.068,18.993,43.699
700,2026-04-07T18:57:00,49.748,22.297,26.69,33.079,41.145,2699.4,3692.3,14.416,18.499,21.901,0.22493,0.10379,342.73,77.284,6.9052,13.822,32.12,4510.0,24.462,45.951,49.494,80.14,2.2655,1.6588,3097.6,42.6,54.098,94.692,9.3232,63.421,36.611,43.034,2628.2,62.588,24.787,47.668,0.36668,8.8801,26.235,120.4,1.3046,74.689,23.745,2.2757,53.902,4.9371,231.07,0.015591,0.81009,66.002,18.993,43.699
701,2026-04-07T19:00:00,49.79,24.828,27.081,33.336,41.228,2702.6,3643.5,20.948,18.781,22.389,0.25066,0.10379,342.65,77.528,6.7875,13.619,32.165,4506.7,21.705,46.049,50.677,80.187,2.2696,1.6597,3098.7,42.503,53.182,94.693,9.5528,61.256,40.092,41.198,2630.6,63.259,24.854,47.577,0.3451,8.935,26.564,120.4,1.3007,74.394,23.417,2.2143,53.902,4.9036,228.33,0.015591,0.81009,65.892,18.654,43.699
702,2026-04-07T19:03:00,50.857,24.621,26.777,33.336,41.572,2704.4,3640.0,16.509,18.781,22.51,0.25276,0.10379,342.95,77.838,6.7875,13.619,32.165,4508.4,23.569,48.518,49.429,80.187,2.2696,1.6597,3100.9,42.464,53.161,94.548,9.5072,61.758,36.421,40.836,2633.2,63.319,24.936,47.085,0.34806,8.935,26.564,120.41,1.3007,74.884,23.417,2.2143,53.902,4.9036,230.11,0.015591,0.81009,65.834,18.654,43.699
703,2026-04-07T19:06:00,50.809,24.31,26.871,33.146,41.84,2708.3,3696.4,18.52,18.436,22.777,0.24822,0.10379,343.48,77.652,6.8721,13.922,32.292,4538.6,22.719,48.407,48.761,80.407,2.2463,1.6498,3103.8,42.479,53.624,94.521,9.4379,62.41,34.453,38.572,2638.1,63.414,24.899,46.965,0.32084,8.9474,26.426,120.44,1.3696,73.922,23.564,2.3126,53.902,4.8068,227.7,0.015591,0.81009,65.801,18.632,43.699
704,2026-04-07T19:09:00,49.244,24.381,26.688,33.146,41.45,2708.2,3685.4,17.024,18.436,22.371,0.2475,0.08888,343.39,77.438,6.8721,13.922,32.292,4483.2,23.354,44.785,49.542,80.207,2.2463,1.6498,3105.9,42.091,54.287,94.281,9.477,62.902,36.753,38.293,2637.2,63.604,25.035,46.892,0.32312,8.9474,26.426,120.41,1.3696,75.118,23.564,2.3126,53.372,4.8068,225.2,0.016727,0.81179,65.792,18.632,43.001
705,2026-04-07T19:12:00,49.186,23.24,26.779,33.269,41.874,2707.9,3664.9,17.419,18.095,22.677,0.23372,0.08888,343.46,77.465,6.7873,14.025,33.253,4565.0,23.191,44.65,51.768,80.058,2.2549,1.7003,3102.8,42.371,53.384,94.51,9.4456,62.506,43.302,42.968,2637.3,63.264,25.14,46.388,0.35063,9.0044,26.549,120.41,1.2918,74.873,23.675,2.3289,53.372,4.9366,227.35,0.016727,0.81179,65.698,18.65,43.001
706,2026-04-07T19:15:00,48.509,23.174,26.56,33.269,41.511,2709.4,3666.7,19.08,18.095,22.94,0.23439,0.08888,344.18,77.977,6.7873,14.025,33.253,4498.6,22.473,43.084,49.589,80.227,2.2549,1.7003,3103.8,42.393,54.18,94.374,9.4337,63.618,36.891,42.279,2639.8,63.232,25.112,46.332,0.35627,9.0044,26.549,120.41,1.2918,74.517,23.675,2.3289,53.372,4.9366,224.47,0.016727,0.81179,65.671,18.65,43.001
707,2026-04-07T19:18:00,50.242,13.352,26.991,33.503,41.708,2709.4,3699.9,17.809,18.357,23.093,0.13609,0.08888,343.76,77.866,6.9119,13.872,32.639,4543.2,23.002,47.095,49.658,80.368,2.2864,1.7082,3103.8,41.869,53.624,94.451,9.4611,63.137,37.095,43.644,2639.1,63.455,24.846,45.949,0.3696,8.8389,26.428,120.41,1.2214,75.418,23.723,2.3756,53.372,4.8206,225.26,0.016727,0.81179,65.656,18.588,43.001
708,2026-04-07T19:21:00,48.607,13.358,26.929,33.503,41.248,2705.4,3713.1,16.299,18.357,22.745,0.13604,0.08888,343.29,77.359,6.9119,13.872,32.639,4500.9,23.65,43.311,49.382,80.193,2.2864,1.7082,3100.7,42.231,54.13,94.464,9.4254,60.39,36.282,43.723,2634.8,63.227,24.79,45.786,0.36895,8.8389,26.428,120.39,1.2214,74.396,23.723,2.3756,53.372,4.8206,223.59,0.016727,0.81179,65.659,18.588,43.001
709,2026-04-07T19:24:00,50.062,18.368,26.706,34.0,42.127,2705.3,3666.0,17.58,18.098,22.475,0.18824,0.10609,343.24,77.215,6.7752,13.769,32.81,4521.5,23.118,46.677,50.781,80.155,2.2664,1.6718,3100.0,42.58,54.064,94.624,9.4438,61.215,40.399,41.764,2634.2,62.976,24.806,45.523,0.35293,8.7881,26.845,120.42,1.2892,75.874,23.433,2.3305,53.555,4.8195,223.05,0.019979,0.81476,65.596,18.772,43.879
710,2026-04-07T19:27:00,47.353,18.413,26.905,34.0,41.105,2703.1,3661.7,19.757,18.098,22.681,0.18778,0.10609,342.86,77.284,6.7752,13.769,32.81,4548.2,22.206,40.408,50.97,80.007,2.2664,1.6718,3098.8,41.988,53.744,94.603,9.4601,60.875,40.956,41.782,2631.9,63.049,24.653,45.298,0.35278,8.7881,26.845,120.39,1.2892,75.043,23.433,2.3305,53.555,4.8195,222.14,0.019979,0.81476,65.504,18.772,43.879
711,2026-04-07T19:30:00,49.744,16.355,27.101,33.33,40.174,2703.1,3732.1,18.597,18.422,22.525,0.16444,0.10609,342.61,77.414,6.9157,13.783,32.697,4533.3,22.697,45.941,49.584,79.965,2.2758,1.6815,3098.2,42.133,53.487,94.756,9.3623,63.866,36.875,40.625,2631.8,63.074,24.748,45.132,0.33972,8.5738,26.388,120.38,1.2642,74.558,23.903,2.2384,53.555,4.8539,220.63,0.019979,0.81476,65.429,18.524,43.879
712,2026-04-07T19:33:00,50.757,16.134,27.036,33.33,41.94,2703.7,3662.6,18.508,18.422,22.504,0.16668,0.10609,342.48,77.419,6.9157,13.783,32.697,4498.9,22.737,48.286,49.001,80.04,2.2758,1.6815,3100.2,42.128,53.899,94.392,9.4709,59.231,35.161,40.444,2633.3,64.27,24.791,44.711,0.3412,8.5738,26.388,120.4,1.2642,74.162,23.903,2.2384,53.555,4.8539,221.99,0.019979,0.81476,65.374,18.524,43.879
713,2026-04-07T19:36:00,51.531,16.598,26.581,33.117,40.408,2704.6,3691.3,18.321,18.496,22.19,0.17207,0.10609,342.08,77.271,6.846,13.48,31.861,4524.6,22.818,50.076,49.354,80.116,2.2131,1.6255,3101.8,42.235,54.22,94.716,9.3899,62.227,36.2,40.589,2633.2,62.577,24.872,44.499,0.34244,8.6832,26.02,120.38,1.168,74.566,23.869,2.28,53.555,4.7846,220.99,0.019979,0.81476,65.359,18.91,43.879
714,2026-04-07T19:39:00,49.336,16.599,26.903,33.117,41.01,2705.7,3659.2,20.999,18.496,22.348,0.17206,0.089788,342.41,77.336,6.846,13.48,31.861,4560.0,21.69,44.996,50.631,80.123,2.2131,1.6255,3101.7,42.503,53.797,94.52,9.3042,63.147,39.956,40.849,2634.4,63.13,24.889,44.378,0.34031,8.6832,26.02,120.41,1.168,74.708,23.869,2.28,54.137,4.7846,219.42,0.0031677,0.81174,65.331,18.91,44.31
715,2026-04-07T19:42:00,49.581,24.486,26.905,33.377,41.157,2708.4,3684.0,17.255,18.326,22.557,0.25159,0.089788,342.11,77.535,6.9249,13.743,31.502,4503.2,23.265,45.565,48.975,80.114,2.2254,1.6519,3104.5,42.061,53.538,94.613,9.4647,63.52,35.084,36.073,2637.2,63.316,24.945,44.284,0.3106,8.6595,26.348,120.39,1.34,74.712,24.125,2.2806,54.137,4.8887,217.28,0.0031677,0.81174,65.327,18.545,44.31
716,2026-04-07T19:45:00,48.909,24.535,27.238,33.377,41.999,2711.8,3708.3,17.865,18.326,22.493,0.25109,0.089788,341.43,77.75,6.9249,13.743,31.502,4489.1,22.995,44.008,50.728,80.252,2.2254,1.6519,3108.5,42.301,53.707,94.473,9.5118,61.305,40.243,36.518,2641.2,62.897,24.996,43.987,0.30695,8.6595,26.348,120.44,1.34,74.5,24.125,2.2806,54.137,4.8887,217.46,0.0031677,0.81174,65.301,18.545,44.31
717,2026-04-07T19:48:00,50.804,28.558,27.252,32.567,41.499,2714.8,3635.6,19.508,18.428,22.53,0.29014,0.089788,342.21,77.562,6.7888,13.783,31.794,4505.5,22.304,48.395,51.499,80.33,2.2396,1.6629,3111.0,42.515,54.414,94.412,9.4178,62.67,42.51,40.024,2644.3,63.454,25.006,43.869,0.33352,8.7589,26.542,120.39,1.0709,75.216,23.84,2.3335,54.137,4.894,215.6,0.0031677,0.81174,65.305,18.82,44.31
718,2026-04-07T19:51:00,52.076,28.4,27.035,32.567,41.129,2717.0,3667.4,17.849,18.428,22.56,0.29174,0.089788,342.08,77.646,6.7888,13.783,31.794,4513.7,22.994,51.338,49.337,80.342,2.2396,1.6629,3114.6,42.18,54.317,94.471,9.3996,61.057,36.149,39.73,2645.5,62.907,25.097,43.717,0.33593,8.7589,26.542,120.41,1.0709,74.967,23.84,2.3335,54.137,4.894,214.11,0.0031677,0.81174,65.312,18.82,44.31
719,2026-04-07T19:54:00,50.349,26.35,26.988,32.598,41.951,2715.6,3712.0,16.861,18.683,22.58,0.26733,0.088305,342.31,77.425,6.8748,13.782,32.08,4496.4,23.415,47.341,49.332,80.177,2.2836,1.6619,3113.7,42.154,53.866,94.436,9.4976,60.625,36.135,40.334,2645.0,63.357,25.097,43.255,0.33886,8.8044,26.758,120.39,1.4586,74.89,24.312,2.2503,54.381,4.9222,214.82,0.0067355,0.81917,65.282,18.314,43.822
720,2026-04-07T19:57:00,49.157,26.434,26.834,32.598,41.192,2716.5,3676.3,18.529,18.683,22.629,0.26648,0.088305,342.86,77.398,6.8748,13.782,32.08,4491.2,22.713,44.583,51.355,80.145,2.2836,1.6619,3113.7,42.576,53.929,94.33,9.4017,62.101,42.087,40.191,2646.8,63.97,25.09,43.12,0.34003,8.8044,26.758,120.42,1.4586,74.927,24.312,2.2503,54.381,4.9222,212.64,0.0067355,0.81917,65.225,18.314,43.822
721,2026-04-07T20:00:00,49.68,23.955,27.106,32.905,41.75,2713.7,3667.1,18.373,18.371,22.612,0.2417,0.088305,342.79,77.06,6.8576,13.542,32.601,4593.7,22.792,45.792,50.084,79.907,2.2561,1.6553,3111.6,42.318,53.978,94.532,9.3187,62.788,38.348,40.067,2642.7,63.422,25.212,42.952,0.34045,8.6006,26.345,120.41,1.2569,75.002,24.543,2.3025,54.381,4.8717,210.85,0.0067355,0.81917,65.155,18.448,43.822
722,2026-04-07T20:03:00,49.053,23.984,26.97,32.905,40.683,2712.0,3664.5,17.06,18.371,22.62,0.2414,0.088305,343.37,76.921,6.8576,13.542,32.601,4507.4,23.364,44.342,50.059,79.662,2.2561,1.6553,3108.1,42.363,55.012,94.444,9.4644,62.591,38.272,39.92,2641.4,63.466,24.741,42.711,0.34165,8.6006,26.345,120.37,1.2569,74.775,24.543,2.3025,54.381,4.8717,209.97,0.0067355,0.81917,65.005,18.448,43.822
723,2026-04-07T20:06:00,49.762,18.793,27.119,32.841,41.194,2711.6,3714.7,17.699,18.459,22.903,0.19016,0.088305,343.05,76.989,6.894,13.764,32.641,4509.2,23.106,45.984,50.329,79.529,2.2137,1.6443,3106.8,42.002,54.726,94.661,9.5006,62.275,39.067,36.541,2640.8,62.768,24.773,42.135,0.31475,8.9056,26.79,120.4,1.1849,75.884,23.792,2.226,54.381,4.9276,212.94,0.0067355,0.81917,64.886,18.408,43.822
724,2026-04-07T20:09:00,48.489,18.689,26.804,32.841,41.031,2713.9,3683.1,15.76,18.459,22.732,0.19121,0.097205,343.02,77.665,6.894,13.764,32.641,4560.1,23.905,43.038,50.263,79.815,2.2137,1.6443,3108.3,42.126,54.117,94.525,9.4097,61.694,38.875,37.178,2643.2,63.312,24.82,42.02,0.30953,8.9056,26.79,120.39,1.1849,74.871,23.792,2.226,53.963,4.9276,212.48,0.022688,0.84097,64.777,18.408,44.188
725,2026-04-07T20:12:00,50.373,18.094,27.123,32.72,41.353,2713.8,3645.9,14.799,18.577,22.648,0.18061,0.097205,342.41,77.073,6.8965,13.852,32.25,4539.9,24.325,47.397,49.523,79.929,2.2555,1.6516,3109.6,42.077,54.516,94.581,9.3733,61.249,36.696,39.626,2642.7,63.639,24.972,41.951,0.33607,8.9676,27.234,120.39,1.1534,74.541,24.218,2.1875,53.963,4.7311,210.46,0.022688,0.84097,64.832,18.768,44.188
726,2026-04-07T20:15:00,50.195,18.025,27.129,32.72,40.677,2713.3,3692.6,16.897,18.577,22.657,0.1813,0.097205,342.16,77.54,6.8965,13.852,32.25,4564.2,23.425,46.986,50.273,80.046,2.2555,1.6516,3110.5,42.371,54.225,94.657,9.3671,61.861,38.902,39.523,2642.6,62.836,25.095,41.734,0.33691,8.9676,27.234,120.39,1.1534,75.506,24.218,2.1875,53.963,4.7311,210.1,0.022688,0.84097,64.819,18.768,44.188
727,2026-04-07T20:18:00,49.866,21.354,26.699,32.77,41.431,2714.1,3699.9,17.968,18.147,22.403,0.21774,0.097205,341.71,77.389,6.9329,13.738,31.989,4524.3,22.972,46.224,51.085,80.18,2.2226,1.7042,3111.6,42.241,53.852,94.413,9.4887,59.081,41.292,40.81,2643.6,62.675,25.158,41.674,0.34545,8.8932,26.603,120.41,1.1585,75.87,24.524,2.2744,53.963,4.7921,207.97,0.022688,0.84097,64.876,18.699,44.188
728,2026-04-07T20:21:00,50.586,21.512,26.73,32.77,41.244,2714.3,3677.4,18.281,18.147,22.371,0.21613,0.097205,341.75,77.382,6.9329,13.738,31.989,4518.1,22.836,47.891,47.464,80.182,2.2226,1.7042,3109.4,42.018,53.926,94.574,9.3258,60.496,30.637,40.777,2642.7,63.061,25.26,41.307,0.34572,8.8932,26.603,120.41,1.1585,75.296,24.524,2.2744,53.963,4.7921,209.24,0.022688,0.84097,64.896,18.699,44.188
729,2026-04-07T20:24:00,50.372,24.085,26.731,32.802,40.881,2712.9,3636.1,17.2,18.73,22.261,0.24189,0.08839,341.6,77.076,6.8444,13.603,32.093,4520.0,23.301,47.395,50.312,80.04,2.2137,1.6274,3110.2,42.328,54.079,94.535,9.3579,59.113,39.02,39.66,2641.5,63.423,25.195,41.645,0.32955,8.8426,26.529,120.41,1.3275,75.341,24.184,2.3019,54.127,4.8379,208.78,0.020639,0.84201,64.906,18.283,43.546
730,2026-04-07T20:27:00,47.981,23.819,26.635,32.802,41.397,2713.2,3658.5,19.069,18.73,22.267,0.2446,0.08839,341.55,77.384,6.8444,13.603,32.093,4538.5,22.51,41.86,49.898,80.039,2.2137,1.6274,3108.8,42.176,53.858,94.606,9.4225,61.536,37.8,39.793,2642.7,63.038,25.121,41.961,0.32846,8.8426,26.529,120.39,1.3275,75.994,24.184,2.3019,54.127,4.8379,205.13,0.020639,0.84201,64.856,18.283,43.546
731,2026-04-07T20:30:00,49.896,23.172,27.084,32.76,41.959,2711.7,3674.5,17.586,18.413,22.575,0.23406,0.08839,341.86,76.811,6.9996,13.698,31.788,4554.8,23.158,46.294,49.356,79.846,2.2881,1.6493,3109.1,42.272,54.732,94.69,9.4504,59.937,36.205,37.688,2641.0,63.532,25.172,41.65,0.31429,8.9012,26.78,120.41,1.1957,75.739,24.795,2.2544,54.127,4.8292,208.54,0.020639,0.84201,64.825,18.503,43.546
732,2026-04-07T20:33:00,51.247,22.871,27.322,32.76,40.443,2710.8,3670.3,22.118,18.413,22.145,0.23712,0.08839,341.2,77.046,6.9996,13.698,31.788,4582.4,21.252,49.419,50.848,79.771,2.2881,1.6493,3109.7,42.411,54.401,94.526,9.353,62.396,40.595,37.775,2640.3,63.604,25.349,41.715,0.31357,8.9012,26.78,120.39,1.1957,74.008,24.795,2.2544,54.127,4.8292,207.74,0.020639,0.84201,64.787,18.503,43.546
733,2026-04-07T20:36:00,50.87,26.346,26.858,32.729,41.679,2713.2,3636.2,16.463,18.142,22.278,0.26602,0.08839,341.28,77.412,6.8064,13.756,32.103,4513.9,23.623,48.547,50.317,79.946,2.2519,1.6885,3110.2,42.367,54.747,94.701,9.3542,58.864,39.033,38.371,2642.1,62.792,25.295,41.587,0.32748,8.9015,27.01,120.42,1.1538,74.843,24.555,2.2801,54.127,4.8679,209.13,0.020639,0.84201,64.753,18.905,43.546
734,2026-04-07T20:39:00,49.134,26.23,27.105,32.729,40.689,2714.4,3652.7,22.762,18.142,22.478,0.2672,0.10449,341.54,77.461,6.8064,13.756,32.103,4540.3,20.966,44.53,51.512,80.039,2.2519,1.6885,3111.8,42.455,54.43,94.64,9.2847,63.483,42.548,38.659,2642.6,62.509,25.457,41.74,0.32513,8.9015,27.01,120.38,1.1538,75.127,24.555,2.2801,53.876,4.8679,207.73,0.019439,0.85274,64.782,18.905,43.065
735,2026-04-07T20:42:00,49.94,23.683,26.625,33.028,41.227,2714.3,3721.0,18.401,18.36,22.365,0.23718,0.10449,341.12,77.036,6.8975,13.77,32.102,4474.6,22.818,46.394,49.183,79.999,2.285,1.6636,3111.1,42.228,54.241,94.539,9.3261,60.062,35.695,39.54,2643.1,63.007,25.267,41.74,0.32947,8.8968,26.728,120.42,1.2564,75.182,24.634,2.2407,53.876,4.7785,207.84,0.019439,0.85274,64.799,18.674,43.065
736,2026-04-07T20:45:00,51.802,23.754,26.855,33.028,40.452,2711.5,3729.4,18.034,18.36,22.064,0.23646,0.10449,340.62,76.988,6.8975,13.77,32.102,4449.0,22.983,50.705,50.911,79.774,2.285,1.6636,3109.2,42.092,54.548,94.64,9.2892,60.675,40.781,39.236,2639.6,62.862,25.079,41.666,0.33197,8.8968,26.728,120.38,1.2564,75.292,24.634,2.2407,53.876,4.7785,208.77,0.019439,0.85274,64.756,18.674,43.065
737,2026-04-07T20:48:00,50.862,23.484,27.162,32.498,41.229,2711.3,3678.8,14.646,18.521,22.773,0.24116,0.10449,341.12,77.351,6.7458,13.667,32.139,4517.6,24.406,48.528,51.208,79.831,2.2099,1.6485,3108.0,42.144,54.291,94.436,9.307,60.232,41.654,39.385,2641.0,62.964,25.023,41.694,0.33303,8.9042,26.273,120.42,1.2162,74.507,24.438,2.2674,53.876,4.8698,208.61,0.019439,0.85274,64.719,18.895,43.065
738,2026-04-07T20:51:00,50.045,23.528,27.019,32.498,41.409,2713.3,3703.1,19.379,18.521,22.44,0.24072,0.10449,340.99,77.51,6.7458,13.667,32.139,4535.9,22.4,46.638,51.415,80.097,2.2099,1.6485,3110.5,42.486,54.072,94.728,9.3078,59.861,42.265,39.517,2642.3,62.546,25.111,41.645,0.33195,8.9042,26.273,120.41,1.2162,75.864,24.438,2.2674,53.876,4.8698,209.26,0.019439,0.85274,64.749,18.895,43.065
739,2026-04-07T20:54:00,51.248,23.446,26.553,33.001,41.409,2712.4,3702.9,19.123,18.466,21.959,0.23572,0.1019,340.68,77.069,6.9249,13.862,32.039,4516.2,22.518,49.423,50.901,80.104,2.2666,1.6555,3109.8,42.225,53.764,94.417,9.2297,62.277,40.751,38.207,2641.1,63.935,25.186,41.968,0.31884,8.8584,26.594,120.4,1.4372,75.053,24.633,2.2603,54.133,4.8252,209.0,0.020908,0.82304,64.806,18.935,42.872
740,2026-04-07T20:57:00,52.023,23.267,26.763,33.001,41.726,2711.7,3686.4,18.772,18.466,22.24,0.23754,0.1019,340.48,77.492,6.9249,13.862,32.039,4540.3,22.652,51.215,49.83,80.157,2.2666,1.6555,3109.4,42.281,53.475,94.45,9.2708,62.414,37.598,38.128,2640.9,64.22,25.054,42.055,0.31949,8.8584,26.594,120.43,1.4372,74.981,24.633,2.2603,54.133,4.8252,209.52,0.020908,0.82304,64.865,18.935,42.872
741,2026-04-07T21:00:00,51.711,24.378,26.406,32.411,40.856,2709.0,3661.9,21.068,18.77,21.842,0.24768,0.1019,340.46,76.914,6.7886,13.914,32.247,4508.7,21.702,50.495,50.238,80.096,2.2361,1.6316,3107.1,42.554,53.734,94.573,9.1792,61.44,38.799,40.446,2637.9,63.114,24.784,42.194,0.3426,8.746,27.096,120.37,1.2592,75.3,24.329,2.3243,54.133,4.8767,209.43,0.020908,0.82304,64.893,18.834,42.872
742,2026-04-07T21:03:00,49.3,24.366,26.619,32.411,41.693,2705.4,3699.3,20.931,18.77,21.903,0.24781,0.1019,340.29,77.121,6.7886,13.914,32.247,4498.0,21.766,44.914,48.607,79.833,2.2361,1.6316,3103.5,42.479,53.861,94.682,9.1671,63.915,34.0,40.103,2633.4,62.47,24.871,42.258,0.34541,8.746,27.096,120.39,1.2592,74.596,24.329,2.3243,54.133,4.8767,210.2,0.020908,0.82304,64.887,18.834,42.872
743,2026-04-07T21:06:00,49.256,22.499,27.162,33.295,40.762,2704.2,3696.3,15.895,19.021,22.093,0.22751,0.1019,340.0,76.928,6.9285,13.842,31.793,4494.2,23.901,44.813,51.424,79.777,2.3062,1.6775,3102.0,41.905,54.136,94.597,9.2754,63.342,42.29,41.031,2631.7,63.741,24.944,42.48,0.34998,8.7208,26.8,120.37,1.1541,75.105,24.327,2.314,54.133,4.901,209.26,0.020908,0.82304,64.837,18.776,42.872
744,2026-04-07T21:09:00,51.366,22.451,27.057,33.295,41.751,2705.0,3726.4,19.387,19.021,22.208,0.22799,0.097424,340.24,77.546,6.9285,13.842,31.793,4486.3,22.411,49.696,50.255,80.088,2.3062,1.6775,3103.0,42.244,54.231,94.717,9.333,62.517,38.85,41.587,2634.2,63.224,24.878,41.656,0.34543,8.7208,26.8,120.42,1.1541,75.333,24.327,2.314,54.902,4.901,211.54,0.033542,0.88375,64.838,18.776,43.833
745,2026-04-07T21:12:00,49.907,27.169,26.817,32.669,41.142,2705.7,3675.5,21.891,18.643,21.87,0.27132,0.097424,339.76,77.622,6.8169,13.886,32.076,4485.6,21.347,46.318,51.65,80.266,2.2803,1.6561,3104.1,42.065,54.376,94.439,9.2498,59.984,42.955,40.121,2634.1,62.895,24.825,41.928,0.34232,8.9347,26.756,120.39,1.3163,75.488,24.194,2.3543,54.902,4.8284,206.25,0.033542,0.88375,64.909,19.052,43.833
746,2026-04-07T21:15:00,49.54,26.837,26.933,32.669,40.531,2704.9,3676.3,20.453,18.643,21.695,0.27471,0.097424,339.28,77.138,6.8169,13.886,32.076,4499.1,21.965,45.469,50.857,80.266,2.2803,1.6561,3104.1,42.555,54.214,94.759,9.2741,62.046,40.623,40.409,2633.0,62.881,24.865,41.524,0.33996,8.9347,26.756,120.4,1.3163,75.028,24.194,2.3543,54.902,4.8284,208.52,0.033542,0.88375,64.954,19.052,43.833
747,2026-04-07T21:18:00,51.178,24.416,26.766,32.313,41.236,2702.4,3710.3,21.474,18.543,21.797,0.24988,0.097424,339.57,76.881,7.0154,13.835,31.814,4474.2,21.547,49.261,48.989,80.095,2.2712,1.6103,3102.0,42.073,53.811,94.652,9.332,59.675,35.126,41.234,2631.6,63.283,24.962,41.37,0.34337,8.8525,26.473,120.41,1.326,76.822,24.679,2.3217,54.902,4.8072,208.03,0.033542,0.88375,64.915,18.338,43.833
748,2026-04-07T21:21:00,47.654,24.409,26.931,32.313,40.457,2697.7,3686.1,18.879,18.543,21.215,0.24995,0.097424,338.6,76.801,7.0154,13.835,31.814,4473.1,22.656,41.106,47.972,79.79,2.2712,1.6103,3098.2,41.81,53.825,94.616,9.1345,62.57,32.133,41.134,2624.7,63.7,25.027,41.391,0.34419,8.8525,26.473,120.39,1.326,75.405,24.679,2.3217,54.902,4.8072,205.63,0.033542,0.88375,64.856,18.338,43.833
749,2026-04-07T21:24:00,50.551,27.007,26.636,32.234,40.783,2699.0,3640.0,17.51,18.789,21.562,0.27923,0.091507,339.12,77.46,6.7778,13.676,31.948,4552.9,23.223,47.81,51.027,79.898,2.257,1.6625,3098.8,42.294,54.635,94.884,9.2246,60.285,41.122,40.966,2626.7,62.72,25.128,42.295,0.3347,9.0101,26.765,120.39,1.2021,75.562,24.404,2.3714,53.606,4.8752,211.14,0.016489,0.87205,64.792,18.616,43.944
750,2026-04-07T21:27:00,50.403,27.31,26.971,32.234,41.535,2705.3,3638.1,16.452,18.789,22.093,0.27615,0.091507,339.32,77.716,6.7778,13.676,31.948,4594.2,23.648,47.467,48.723,80.435,2.257,1.6625,3101.3,42.304,54.141,94.688,9.3271,62.303,34.341,40.423,2633.7,62.754,25.26,42.785,0.33916,9.0101,26.765,120.42,1.2021,75.849,24.404,2.3714,53.606,4.8752,211.16,0.016489,0.87205,64.902,18.616,43.944
751,2026-04-07T21:30:00,51.643,26.138,27.236,32.744,41.459,2705.6,3698.2,18.489,18.667,21.663,0.26854,0.091507,339.12,77.586,6.8826,13.625,31.522,4561.7,22.784,50.336,50.921,80.495,2.2215,1.6743,3104.8,42.254,53.898,94.59,9.2427,61.602,40.809,38.386,2633.4,63.79,25.088,43.156,0.32026,8.9195,26.837,120.44,1.384,75.904,24.2,2.1897,53.606,4.7844,212.43,0.016489,0.87205,65.056,18.733,43.944
752,2026-04-07T21:33:00,48.176,26.407,26.71,32.744,41.539,2703.9,3681.4,19.218,18.667,21.179,0.2658,0.091507,338.66,77.341,6.8826,13.625,31.522,4579.5,22.476,42.313,50.685,80.497,2.2215,1.6743,3105.6,42.464,53.684,94.463,9.3798,60.831,40.115,38.288,2631.7,64.078,24.96,43.602,0.32106,8.9195,26.837,120.41,1.384,75.841,24.2,2.1897,53.606,4.7844,212.77,0.016489,0.87205,65.188,18.733,43.944
753,2026-04-07T21:36:00,49.81,30.814,26.799,32.587,40.852,2701.8,3660.4,18.448,18.891,21.238,0.31279,0.091507,338.58,76.98,6.9432,13.793,32.188,4542.8,22.815,46.094,50.021,80.261,2.2274,1.6547,3102.4,42.61,53.854,94.608,9.3023,59.666,38.162,37.924,2629.5,63.569,24.85,44.177,0.31077,9.0689,26.188,120.4,1.2517,75.838,24.657,2.2969,53.606,4.9072,211.68,0.016489,0.87205,65.255,18.659,43.944
754,2026-04-07T21:39:00,48.569,30.883,27.228,32.587,41.116,2700.4,3689.8,16.797,18.891,21.354,0.31208,0.11052,338.17,77.14,6.9432,13.793,32.188,4554.4,23.512,43.222,48.313,80.178,2.2274,1.6547,3100.7,42.228,53.715,94.538,9.3185,59.841,33.135,37.222,2627.9,63.063,24.952,43.922,0.31652,9.0689,26.188,120.39,1.2517,75.433,24.657,2.2969,53.102,4.9072,217.42,0.011391,0.86773,65.273,18.659,43.628
755,2026-04-07T21:42:00,50.192,24.805,26.606,32.765,41.48,2698.1,3703.1,19.56,18.959,21.162,0.25199,0.11052,338.5,77.182,6.9232,13.752,32.205,4583.4,22.354,46.979,49.43,80.076,2.2169,1.6531,3098.1,42.415,53.563,94.762,9.3056,62.36,36.422,39.457,2625.9,62.273,24.998,44.351,0.3336,8.9316,26.624,120.39,1.2205,75.197,24.253,2.3132,53.102,4.8793,216.9,0.011391,0.86773,65.246,18.728,43.628
756,2026-04-07T21:45:00,51.737,24.732,26.543,32.765,41.151,2699.1,3649.2,18.142,18.959,21.528,0.25273,0.11052,338.7,77.389,6.9232,13.752,32.205,4539.3,22.949,50.553,50.444,80.207,2.2169,1.6531,3097.4,41.968,54.091,94.695,9.1027,62.31,39.406,39.877,2628.0,63.2,24.99,44.605,0.33016,8.9316,26.624,120.4,1.2205,74.251,24.253,2.3132,53.102,4.8793,218.35,0.011391,0.86773,65.235,18.728,43.628
757,2026-04-07T21:48:00,49.249,24.764,26.748,32.383,41.348,2698.9,3635.3,18.327,18.768,21.369,0.24896,0.11052,338.49,77.471,6.9974,13.766,31.876,4528.6,22.863,44.796,49.053,80.331,2.2205,1.6512,3098.5,42.358,54.065,94.625,9.3369,58.825,35.313,39.023,2626.7,63.567,24.975,44.778,0.32763,9.0911,26.302,120.41,1.3311,75.286,23.706,2.3928,53.102,4.9319,220.65,0.011391,0.86773,65.319,19.22,43.628
758,2026-04-07T21:51:00,49.765,24.523,27.13,32.383,40.375,2698.2,3660.0,18.888,18.768,21.332,0.25141,0.11052,338.13,76.961,6.9974,13.766,31.876,4525.6,22.637,45.989,50.495,80.414,2.2205,1.6512,3098.6,41.817,54.101,94.768,9.3562,61.476,39.556,39.273,2625.8,63.142,24.966,44.999,0.32558,9.0911,26.302,120.38,1.3311,75.088,23.706,2.3928,53.102,4.9319,222.34,0.011391,0.86773,65.405,19.22,43.628
759,2026-04-07T21:54:00,48.7,27.924,26.801,32.45,40.346,2695.2,3624.4,17.159,18.905,21.409,0.28365,0.10558,338.3,77.011,6.9423,13.783,32.077,4437.2,23.372,43.525,50.355,80.183,2.221,1.6569,3094.4,42.541,53.918,94.64,9.3259,60.23,39.146,38.953,2623.6,63.03,25.325,45.433,0.3304,8.9351,25.917,120.38,1.3189,75.052,24.293,2.328,54.184,4.7584,221.12,0.014438,0.86401,65.427,19.175,43.179
760,2026-04-07T21:57:00,50.765,27.868,26.821,32.45,41.166,2695.6,3649.6,15.571,18.905,21.239,0.28422,0.10558,338.24,77.347,6.9423,13.783,32.077,4469.4,24.032,48.305,51.89,80.268,2.221,1.6569,3095.6,42.326,53.532,94.86,9.2608,61.118,43.663,39.289,2623.1,62.597,25.518,45.51,0.32765,8.9351,25.917,120.41,1.3189,75.152,24.293,2.328,54.184,4.7584,224.21,0.014438,0.86401,65.449,19.175,43.179
761,2026-04-07T22:00:00,48.549,26.097,26.9,32.16,40.868,2695.0,3670.5,15.022,19.234,21.291,0.26764,0.10558,338.01,77.086,6.9636,13.784,32.102,4518.6,24.27,43.177,51.006,80.31,2.2553,1.6549,3095.5,41.972,52.983,94.812,9.183,61.351,41.059,39.428,2623.1,62.637,25.34,46.078,0.32975,8.9896,26.455,120.41,1.3739,74.613,23.909,2.328,54.184,4.9714,221.72,0.014438,0.86401,65.528,19.191,43.179
762,2026-04-07T22:03:00,47.77,26.161,26.983,32.16,41.094,2695.9,3668.0,19.592,19.234,20.976,0.26699,0.10558,337.78,77.656,6.9636,13.784,32.102,4463.8,22.325,41.374,50.746,80.482,2.2553,1.6549,3095.8,42.812,53.639,94.648,9.2751,62.47,40.294,39.719,2623.8,62.681,25.382,46.111,0.32736,8.9896,26.455,120.4,1.3739,75.103,23.909,2.328,54.184,4.9714,225.25,0.014438,0.86401,65.585,19.191,43.179
763,2026-04-07T22:06:00,51.318,26.15,26.929,32.501,40.472,2694.9,3640.8,17.803,19.788,21.517,0.26425,0.10558,337.62,77.144,6.9254,13.807,32.039,4503.4,23.091,49.585,50.621,80.483,2.2644,1.6527,3095.2,42.626,53.057,94.793,9.2936,58.675,39.929,39.613,2623.8,62.894,25.415,46.408,0.32781,8.8561,26.018,120.42,1.5325,74.0,24.388,2.2831,54.184,4.8199,225.74,0.014438,0.86401,65.647,19.261,43.179
764,2026-04-07T22:09:00,51.636,26.139,27.118,32.501,39.776,2693.6,3631.8,20.597,19.788,21.011,0.26436,0.10868,338.21,77.368,6.9254,13.807,32.039,4442.0,21.909,50.32,48.634,80.338,2.2644,1.6527,3094.2,42.202,53.792,94.741,9.1978,60.323,34.081,39.685,2620.4,63.05,25.125,46.526,0.32723,8.8561,26.018,120.39,1.5325,75.141,24.388,2.2831,54.019,4.8199,227.78,0.015897,0.87628,65.682,19.261,43.804
765,2026-04-07T22:12:00,50.298,27.061,26.724,32.49,40.623,2691.9,3654.9,17.206,18.766,20.951,0.26965,0.10868,338.06,77.251,6.9084,13.735,32.071,4482.9,23.345,47.224,49.605,80.262,2.2447,1.6696,3093.8,42.225,53.054,94.854,9.1449,62.684,36.937,39.777,2619.7,62.928,25.282,46.947,0.33136,8.7955,26.219,120.4,1.1552,75.207,24.26,2.3446,54.019,4.9551,226.71,0.015897,0.87628,65.703,19.007,43.804
766,2026-04-07T22:15:00,49.556,26.739,26.863,32.49,39.891,2690.3,3640.6,16.121,18.766,21.195,0.27293,0.10868,338.1,76.895,6.9084,13.735,32.071,4453.5,23.823,45.506,49.832,80.134,2.2447,1.6696,3091.9,42.358,53.406,94.719,9.2871,61.007,37.606,39.723,2618.2,63.174,25.289,47.119,0.3318,8.7955,26.219,120.39,1.1552,74.762,24.26,2.3446,54.019,4.9551,228.42,0.015897,0.87628,65.698,19.007,43.804
767,2026-04-07T22:18:00,50.261,26.695,26.91,32.562,41.189,2692.2,3674.3,17.309,19.267,21.447,0.26997,0.10868,337.86,77.639,7.0285,14.011,32.074,4480.4,23.306,47.139,48.572,80.249,2.2311,1.6078,3092.6,42.284,53.649,94.798,9.2378,62.463,33.898,38.868,2620.8,62.709,25.449,47.473,0.32227,8.8354,26.116,120.38,1.2885,74.606,23.721,2.257,54.019,4.9479,228.12,0.015897,0.87628,65.674,19.349,43.804
768,2026-04-07T22:21:00,49.534,26.684,26.708,32.562,40.55,2695.8,3636.4,16.159,19.267,21.457,0.27008,0.10868,337.97,77.679,7.0285,14.011,32.074,4515.6,23.776,45.456,49.285,80.577,2.2311,1.6078,3095.8,42.564,53.227,94.477,9.3993,61.055,35.997,38.766,2624.3,63.363,25.43,47.597,0.3231,8.8354,26.116,120.41,1.2885,74.903,23.721,2.257,54.019,4.9479,230.31,0.015897,0.87628,65.774,19.349,43.804
769,2026-04-07T22:24:00,52.187,26.874,26.77,32.591,41.378,2695.0,3623.8,16.584,19.164,21.262,0.26992,0.087255,338.26,77.655,6.8129,13.872,32.035,4420.4,23.591,51.594,51.287,80.552,2.3022,1.642,3095.6,42.266,53.459,94.779,9.2975,60.847,41.887,42.863,2623.1,62.445,25.221,48.28,0.35065,8.9345,25.927,120.41,1.2085,75.529,23.347,2.3507,54.394,5.0287,230.38,-0.0067664,0.86887,65.871,19.045,42.841
770,2026-04-07T22:27:00,52.339,26.757,26.557,32.591,41.241,2694.6,3639.1,18.584,19.164,21.226,0.2711,0.087255,338.52,77.091,6.8129,13.872,32.035,4439.1,22.767,51.946,51.217,80.429,2.3022,1.642,3094.8,42.266,53.235,94.692,9.3614,61.334,41.682,42.312,2621.9,62.181,25.262,48.476,0.35517,8.9345,25.927,120.39,1.2085,75.559,23.347,2.3507,54.394,5.0287,233.53,-0.0067664,0.86887,65.936,19.045,42.841
771,2026-04-07T22:30:00,49.185,27.11,26.858,32.214,40.315,2694.9,3678.9,17.96,18.969,21.784,0.27793,0.087255,338.93,77.018,6.8672,13.993,32.136,4475.4,23.035,44.648,48.195,80.363,2.2351,1.6705,3095.0,42.357,53.477,94.724,9.308,61.474,32.787,40.635,2623.4,63.352,25.505,48.799,0.33997,9.108,25.668,120.39,1.4328,74.613,23.88,2.3449,54.394,4.9198,235.25,-0.0067664,0.86887,65.969,19.004,42.841
772,2026-04-07T22:33:00,48.634,27.151,27.066,32.214,42.107,2693.9,3673.4,17.572,18.969,21.414,0.27751,0.087255,338.63,77.257,6.8672,13.993,32.136,4479.5,23.197,43.372,49.562,80.19,2.2351,1.6705,3094.8,42.226,53.428,94.642,9.3502,62.666,36.811,40.748,2621.5,63.446,25.472,49.404,0.33904,9.108,25.668,120.44,1.4328,75.167,23.88,2.3449,54.394,4.9198,233.84,-0.0067664,0.86887,65.958,19.004,42.841
773,2026-04-07T22:36:00,49.737,26.343,27.11,32.555,40.048,2693.7,3646.7,19.469,18.899,21.393,0.26819,0.087255,338.68,77.617,6.9297,13.881,32.172,4460.2,22.384,45.925,47.331,80.302,2.2579,1.6112,3094.8,42.126,53.717,94.622,9.4503,60.601,30.245,42.588,2621.5,63.469,25.362,49.586,0.35172,8.8556,26.184,120.37,1.2384,74.994,23.94,2.2397,54.394,4.8812,237.13,-0.0067664,0.86887,65.972,19.374,42.841
774,2026-04-07T22:39:00,50.958,26.172,26.713,32.555,41.892,2694.9,3675.8,14.826,18.899,21.514,0.26994,0.11247,339.23,77.424,6.9297,13.881,32.172,4457.5,24.346,48.752,49.882,80.324,2.2579,1.6112,3095.0,42.198,53.749,94.58,9.2723,61.948,37.753,42.012,2623.6,62.968,25.412,49.834,0.35644,8.8556,26.184,120.45,1.2384,74.853,23.94,2.2397,53.705,4.8812,238.28,0.025576,0.85494,66.025,19.374,44.492
775,2026-04-07T22:42:00,48.672,25.985,26.767,32.747,39.791,2696.3,3650.8,18.762,19.08,21.394,0.26572,0.11247,338.71,77.812,7.052,13.968,31.69,4479.0,22.667,43.46,50.165,80.537,2.2756,1.6349,3096.8,42.847,52.513,94.582,9.319,62.386,38.585,40.795,2624.4,62.834,25.427,50.127,0.34327,8.9181,26.081,120.36,1.2088,75.366,23.225,2.2966,53.705,4.8797,239.65,0.025576,0.85494,66.107,18.967,44.492
776,2026-04-07T22:45:00,48.306,26.09,26.715,32.747,42.466,2696.3,3647.7,17.518,19.08,21.453,0.26465,0.11247,338.91,77.488,7.052,13.968,31.69,4439.6,23.2,42.614,50.032,80.423,2.2756,1.6349,3096.9,42.696,52.984,94.627,9.324,62.554,38.194,41.117,2623.7,62.888,25.386,50.533,0.34062,8.9181,26.081,120.45,1.2088,74.713,23.225,2.2966,53.705,4.8797,239.71,0.025576,0.85494,66.196,18.967,44.492
777,2026-04-07T22:48:00,48.733,31.081,26.769,32.364,39.504,2697.1,3611.4,15.92,18.845,21.35,0.3125,0.11247,339.27,77.171,6.7525,13.778,32.455,4467.9,23.882,43.602,49.943,80.335,2.2972,1.6424,3097.3,42.544,53.578,94.748,9.3992,61.555,37.933,41.936,2625.6,62.336,25.427,50.991,0.35432,8.9686,26.452,120.36,1.2669,74.822,23.524,2.32,53.705,4.8937,239.19,0.025576,0.85494,66.235,18.912,44.492
778,2026-04-07T22:51:00,50.794,30.781,26.779,32.364,41.308,2700.2,3642.6,19.778,18.845,21.781,0.31555,0.11247,340.49,77.436,6.7525,13.778,32.455,4463.5,22.25,48.372,49.646,80.344,2.2972,1.6424,3098.1,42.543,53.631,94.676,9.3472,62.22,37.058,41.997,2628.8,61.8,25.407,51.023,0.35382,8.9686,26.452,120.42,1.2669,75.013,23.524,2.32,53.705,4.8937,243.45,0.025576,0.85494,66.25,18.912,44.492
779,2026-04-07T22:54:00,50.093,23.772,27.049,32.823,40.873,2701.0,3711.3,16.875,18.964,22.282,0.24111,0.10948,340.76,77.517,6.9033,14.002,32.482,4494.0,23.471,46.748,49.186,80.266,2.2761,1.6287,3098.9,42.309,53.375,94.552,9.5125,59.505,35.706,39.183,2630.6,63.226,25.08,51.194,0.33567,8.791,26.141,120.41,1.2284,74.337,23.538,2.3004,53.968,4.9572,242.68,0.027545,0.84224,66.269,19.051,44.066
780,2026-04-07T22:57:00,49.136,23.7,26.526,32.823,41.727,2701.0,3704.7,17.179,18.964,21.651,0.24184,0.10948,340.72,77.321,6.9033,14.002,32.482,4472.3,23.345,44.535,49.156,80.258,2.2761,1.6287,3100.8,42.567,53.636,94.481,9.5209,60.889,35.617,40.105,2629.3,63.339,25.149,51.356,0.32812,8.791,26.141,120.44,1.2284,75.667,23.538,2.3004,53.968,4.9572,243.96,0.027545,0.84224,66.29,19.051,44.066
781,2026-04-07T23:00:00,49.785,23.283,27.009,32.858,40.847,2701.0,3669.0,18.059,19.019,22.078,0.23515,0.10948,340.81,77.65,6.8216,13.887,32.33,4467.5,22.96,46.037,50.788,80.336,2.2943,1.6031,3099.7,42.575,53.315,94.588,9.4978,60.688,40.419,42.263,2629.7,62.682,25.116,51.533,0.36049,9.0203,26.269,120.38,1.1102,73.58,23.904,2.3305,53.968,4.9202,245.05,0.027545,0.84224,66.316,18.208,44.066
782,2026-04-07T23:03:00,50.859,23.445,27.128,32.858,41.612,2700.9,3631.3,16.841,19.019,21.883,0.2335,0.10948,340.92,77.648,6.8216,13.887,32.33,4485.4,23.468,48.521,47.793,80.369,2.2943,1.6031,3099.9,42.441,53.101,94.415,9.3634,63.784,31.605,42.812,2629.5,63.33,24.979,51.845,0.35599,9.0203,26.269,120.42,1.1102,74.389,23.904,2.3305,53.968,4.9202,244.58,0.027545,0.84224,66.368,18.208,44.066
783,2026-04-07T23:06:00,49.104,24.19,26.632,33.063,40.911,2704.8,3697.0,18.233,18.603,22.082,0.25076,0.10948,341.21,77.57,6.8849,13.699,32.109,4539.1,22.872,44.459,49.757,80.54,2.213,1.6633,3102.4,42.748,54.553,94.663,9.5516,60.676,37.386,40.993,2633.4,62.935,24.923,51.941,0.34715,8.9029,26.377,120.39,1.0554,74.804,23.616,2.326,53.968,4.8848,246.52,0.027545,0.84224,66.433,18.92,44.066
784,2026-04-07T23:09:00,50.859,24.291,27.176,33.063,41.645,2702.7,3648.3,16.88,18.603,22.212,0.24974,0.09221,341.63,76.708,6.8849,13.699,32.109,4525.2,23.473,48.523,48.604,80.191,2.213,1.6633,3101.3,42.42,54.719,94.41,9.2824,62.814,33.992,41.198,2630.6,63.772,24.989,51.93,0.34547,8.9029,26.377,120.39,1.0554,74.515,23.616,2.326,53.469,4.8848,246.26,0.031177,0.86031,66.46,18.92,43.515
785,2026-04-07T23:12:00,48.796,26.203,26.86,33.016,41.065,2701.3,3636.1,18.973,19.217,21.936,0.27233,0.09221,341.58,77.045,6.9085,13.944,31.547,4511.3,22.595,43.748,50.551,79.867,2.2701,1.6525,3099.4,42.419,53.172,94.571,9.4709,62.819,39.722,38.664,2629.7,63.454,25.165,51.988,0.32467,8.8882,26.572,120.41,1.2614,74.819,23.874,2.335,53.469,4.8766,247.23,0.031177,0.86031,66.362,18.649,43.515
786,2026-04-07T23:15:00,50.732,26.566,27.042,33.016,41.45,2703.4,3643.2,17.704,19.217,22.525,0.26863,0.09221,342.1,77.549,6.9085,13.944,31.547,4467.5,23.118,48.227,50.229,79.98,2.2701,1.6525,3100.2,42.22,53.697,94.487,9.4827,59.676,38.774,38.228,2632.5,63.333,25.212,52.02,0.32824,8.8882,26.572,120.41,1.2614,74.492,23.874,2.335,53.469,4.8766,248.5,0.031177,0.86031,66.299,18.649,43.515
787,2026-04-07T23:18:00,49.193,32.381,27.035,32.974,40.584,2706.8,3654.3,18.817,18.554,22.33,0.32568,0.09221,341.77,77.647,6.9087,13.882,31.932,4535.9,22.641,44.666,49.825,80.15,2.27,1.721,3104.9,42.418,53.544,94.537,9.5654,61.066,37.586,42.028,2635.6,62.921,25.246,52.242,0.35069,8.8865,26.001,120.38,1.2574,75.17,24.093,2.3463,53.469,4.8947,247.62,0.031177,0.86031,66.31,18.394,43.515
788,2026-04-07T23:21:00,49.353,32.186,26.926,32.974,42.238,2709.8,3676.8,18.39,18.554,22.335,0.32766,0.09221,342.17,77.828,6.9087,13.882,31.932,4527.9,22.809,45.036,47.537,80.268,2.27,1.721,3108.6,42.408,53.64,94.439,9.2908,63.931,30.852,41.769,2638.5,62.534,25.416,52.115,0.35281,8.8865,26.001,120.41,1.2574,75.239,24.093,2.3463,53.469,4.8947,250.62,0.031177,0.86031,66.342,18.394,43.515
789,2026-04-07T23:24:00,50.681,28.932,26.798,33.074,41.063,2712.2,3662.4,19.02,18.508,22.336,0.29563,0.089689,342.83,77.47,7.0293,13.897,32.42,4523.6,22.548,48.11,48.012,80.287,2.2525,1.6269,3108.4,42.048,54.359,94.384,9.311,62.962,32.248,41.176,2641.8,62.754,25.409,52.609,0.34522,8.8177,26.193,120.4,1.2055,74.853,24.04,2.3048,53.486,4.8858,252.11,0.023435,0.82985,66.448,18.97,44.121
790,2026-04-07T23:27:00,49.33,28.976,26.724,33.074,41.753,2711.4,3660.5,19.033,18.508,22.334,0.29519,0.089689,342.79,77.657,7.0293,13.897,32.42,4497.5,22.535,44.984,50.489,80.153,2.2525,1.6269,3109.6,42.249,54.672,94.483,9.5018,60.682,39.539,40.781,2640.0,62.787,25.531,52.913,0.34846,8.8177,26.193,120.4,1.2055,74.96,24.04,2.3048,53.486,4.8858,252.59,0.023435,0.82985,66.484,18.97,44.121
791,2026-04-07T23:30:00,50.823,24.419,26.85,33.107,41.133,2712.4,3599.3,17.645,18.591,22.892,0.24734,0.089689,343.95,77.481,6.823,13.807,32.133,4476.0,23.118,48.439,50.227,80.151,2.2836,1.6744,3108.0,42.58,53.531,94.43,9.4422,61.422,38.767,41.018,2642.3,62.7,25.453,53.193,0.35062,8.7833,26.047,120.41,1.1651,74.78,23.855,2.298,53.486,4.8159,253.37,0.023435,0.82985,66.523,18.241,44.121
792,2026-04-07T23:33:00,48.192,24.456,26.627,33.107,40.77,2711.4,3645.2,19.261,18.591,22.93,0.24697,0.089689,344.19,76.927,6.823,13.807,32.133,4498.8,22.456,42.35,51.836,79.932,2.2836,1.6744,3106.0,42.457,53.258,94.604,9.4441,62.142,43.502,40.979,2640.7,61.91,25.446,53.536,0.35094,8.7833,26.047,120.37,1.1651,74.644,23.855,2.298,53.486,4.8159,253.41,0.023435,0.82985,66.513,18.241,44.121
793,2026-04-07T23:36:00,48.936,27.075,26.624,33.716,41.885,2711.7,3670.7,18.315,18.359,23.051,0.27401,0.089689,344.47,77.32,6.8274,13.82,32.506,4579.8,22.85,44.071,50.889,79.8,2.2547,1.6335,3107.0,42.27,54.107,94.501,9.3567,63.024,40.715,40.018,2641.6,63.24,25.362,53.86,0.33946,8.7433,26.633,120.4,1.1572,73.716,24.11,2.2577,53.486,4.7725,253.72,0.023435,0.82985,66.484,18.95,44.121
794,2026-04-07T23:39:00,49.182,27.087,27.208,33.716,41.042,2712.5,3679.9,17.934,18.359,23.057,0.27389,0.099272,344.77,76.974,6.8274,13.82,32.506,4511.1,23.024,44.64,49.788,79.766,2.2547,1.6335,3109.1,42.707,54.929,94.576,9.4168,62.476,37.476,39.871,2643.0,63.081,25.375,53.328,0.34066,8.7433,26.633,120.39,1.1572,74.297,24.11,2.2577,53.481,4.7725,255.08,0.0069874,0.80744,66.457,18.95,43.722
795,2026-04-07T23:42:00,49.22,23.324,26.789,33.904,41.666,2713.5,3664.9,16.943,18.202,23.24,0.23736,0.099272,344.46,77.749,6.5747,13.706,32.494,4510.9,23.423,44.729,50.267,79.8,2.2045,1.677,3107.0,42.618,53.221,94.386,9.3463,60.286,38.886,40.139,2643.2,63.354,25.023,53.55,0.34114,8.9405,26.286,120.45,1.0567,73.738,24.247,2.2399,53.481,4.7998,252.84,0.0069874,0.80744,66.395,18.708,43.722
796,2026-04-07T23:45:00,49.561,23.489,26.718,33.904,40.994,2715.6,3668.8,19.437,18.202,23.146,0.23568,0.099272,344.81,77.577,6.5747,13.706,32.494,4472.3,22.371,45.518,48.005,79.995,2.2045,1.677,3109.6,42.464,53.683,94.426,9.395,61.434,32.23,39.824,2645.2,63.286,25.049,53.647,0.34372,8.9405,26.286,120.4,1.0567,74.927,24.247,2.2399,53.481,4.7998,251.96,0.0069874,0.80744,66.442,18.708,43.722
797,2026-04-07T23:48:00,51.931,23.236,27.141,33.673,42.308,2713.1,3781.5,17.634,18.25,22.939,0.23409,0.099272,344.48,77.131,6.8547,13.859,32.386,4473.1,23.142,51.003,50.298,79.838,2.2465,1.6987,3108.7,42.289,54.257,94.332,9.407,61.477,38.977,39.265,2642.2,63.736,24.938,53.678,0.32255,8.8496,26.563,120.41,1.1872,74.599,23.937,2.2277,53.481,4.8018,251.8,0.0069874,0.80744,66.458,18.65,43.722
798,2026-04-07T23:51:00,51.245,23.137,26.672,33.673,41.512,2712.8,3752.4,17.045,18.25,23.029,0.2351,0.099272,344.89,77.069,6.8547,13.859,32.386,4541.7,23.395,49.415,51.585,79.885,2.2465,1.6987,3107.8,42.337,53.437,94.182,9.4165,60.606,42.765,38.626,2642.5,64.236,24.579,53.476,0.32779,8.8496,26.563,120.41,1.1872,74.982,23.937,2.2277,53.481,4.8018,254.26,0.0069874,0.80744,66.482,18.65,43.722
799,2026-04-07T23:54:00,49.217,23.994,26.759,33.463,41.318,2709.6,3658.6,16.946,18.438,23.248,0.24193,0.095059,345.07,76.99,6.8457,13.789,32.72,4539.0,23.445,44.722,49.475,79.722,2.2495,1.6134,3102.9,42.384,53.627,94.44,9.2592,62.21,36.556,40.644,2639.3,63.551,24.637,52.77,0.34446,8.7379,26.241,120.39,1.1692,75.307,23.978,2.3715,54.506,4.7994,255.63,0.0077265,0.78448,66.452,17.927,44.053
800,2026-04-07T23:57:00,50.165,24.066,26.858,33.463,41.922,2709.0,3692.5,15.259,18.438,23.054,0.2412,0.095059,344.62,77.214,6.8457,13.789,32.72,4471.3,24.149,46.915,48.812,79.763,2.2495,1.6134,3102.4,42.215,54.437,94.443,9.4043,61.695,34.604,40.216,2639.3,62.969,24.78,52.69,0.34797,8.7379,26.241,120.39,1.1692,74.85,23.978,2.3715,54.506,4.7994,253.8,0.0077265,0.78448,66.418,17.927,44.053
801,2026-04-08T00:00:00,48.789,20.461,27.32,33.416,41.119,2710.4,3707.2,19.262,18.243,23.293,0.2057,0.095059,344.69,77.598,6.9898,13.764,32.489,4576.6,22.447,43.732,50.284,79.988,2.2691,1.6102,3104.3,42.071,55.034,94.339,9.3918,61.556,38.937,39.594,2640.0,62.825,25.176,52.474,0.33753,9.0066,26.532,120.37,1.1996,75.543,24.159,2.3117,54.506,4.8219,253.49,0.0077265,0.78448,66.446,18.488,44.053
802,2026-04-08T00:03:00,47.523,20.255,26.98,33.416,42.019,2709.9,3688.2,18.834,18.243,23.103,0.20779,0.095059,343.96,77.299,6.9898,13.764,32.489,4621.6,22.635,40.802,50.969,79.928,2.2691,1.6102,3104.6,42.329,54.495,94.53,9.4334,59.693,40.952,39.813,2639.4,63.152,24.928,52.48,0.33574,9.0066,26.532,120.4,1.1996,75.755,24.159,2.3117,54.506,4.8219,250.67,0.0077265,0.78448,66.45,18.488,44.053
803,2026-04-08T00:06:00,50.302,22.129,26.953,33.494,41.208,2709.6,3625.5,19.197,18.277,23.037,0.22476,0.095059,344.22,77.236,6.7049,13.808,32.352,4560.6,22.486,47.233,48.996,79.905,2.2177,1.6646,3103.0,42.042,53.944,94.459,9.3175,62.678,35.146,39.234,2639.7,62.933,25.078,52.161,0.33455,9.0675,26.391,120.38,1.2961,74.746,24.482,2.254,54.506,4.7898,251.54,0.0077265,0.78448,66.399,18.336,44.053
